PLAYER_ID,PLAYER_NAME,PLAYER_LAST_TEAM_ID,PLAYER_LAST_TEAM_ABBREVIATION,AGE,GP,G,FGA_FREQUENCY,FGM,FGA,FG_PCT,EFG_PCT,FG2A_FREQUENCY,FG2M,FG2A,FG2_PCT,FG3A_FREQUENCY,FG3M,FG3A,FG3_PCT,SEASON,SEASON_TYPE,RANGE_LABEL
203999,Nikola Jokić,1610612743,DEN,30.0,70,70,0.591,491,805,0.61,0.677,0.412,383,561,0.683,0.179,108,244,0.443,2024-25,Regular Season,Touch < 2 Seconds
202696,Nikola Vucevic,1610612741,CHI,34.0,73,73,0.749,419,777,0.539,0.621,0.442,292,459,0.636,0.306,127,318,0.399,2024-25,Regular Season,Touch < 2 Seconds
1628969,Mikal Bridges,1610612752,NYK,28.0,81,80,0.644,380,753,0.505,0.607,0.284,226,332,0.681,0.36,154,421,0.366,2024-25,Regular Season,Touch < 2 Seconds
1627736,Malik Beasley,1610612765,DET,28.0,82,82,0.69,328,738,0.444,0.635,0.082,47,88,0.534,0.608,281,650,0.432,2024-25,Regular Season,Touch < 2 Seconds
1629008,Michael Porter Jr.,1610612743,DEN,27.0,77,76,0.681,370,705,0.525,0.637,0.305,212,316,0.671,0.376,158,389,0.406,2024-25,Regular Season,Touch < 2 Seconds
1626167,Myles Turner,1610612754,IND,29.0,72,72,0.821,335,666,0.503,0.613,0.369,188,299,0.629,0.453,147,367,0.401,2024-25,Regular Season,Touch < 2 Seconds
1627826,Ivica Zubac,1610612746,LAC,28.0,80,80,0.678,415,637,0.651,0.651,0.678,415,637,0.651,0.0,0,0,,2024-25,Regular Season,Touch < 2 Seconds
1627734,Domantas Sabonis,1610612758,SAC,29.0,70,69,0.71,384,634,0.606,0.655,0.54,321,482,0.666,0.17,63,152,0.414,2024-25,Regular Season,Touch < 2 Seconds
201572,Brook Lopez,1610612749,MIL,37.0,80,80,0.81,316,627,0.504,0.611,0.341,182,264,0.689,0.469,134,363,0.369,2024-25,Regular Season,Touch < 2 Seconds
1626157,Karl-Anthony Towns,1610612752,NYK,29.0,71,71,0.511,346,615,0.563,0.67,0.269,214,324,0.66,0.242,132,291,0.454,2024-25,Regular Season,Touch < 2 Seconds
1628384,OG Anunoby,1610612752,NYK,27.0,73,73,0.604,304,610,0.498,0.62,0.22,155,222,0.698,0.384,149,388,0.384,2024-25,Regular Season,Touch < 2 Seconds
1627783,Pascal Siakam,1610612754,IND,31.0,78,78,0.513,324,606,0.535,0.632,0.258,206,305,0.675,0.255,118,301,0.392,2024-25,Regular Season,Touch < 2 Seconds
1628389,Bam Adebayo,1610612748,MIA,27.0,78,78,0.535,308,595,0.518,0.572,0.374,243,416,0.584,0.161,65,179,0.363,2024-25,Regular Season,Touch < 2 Seconds
202691,Klay Thompson,1610612742,DAL,35.0,72,72,0.669,252,587,0.429,0.596,0.124,56,109,0.514,0.545,196,478,0.41,2024-25,Regular Season,Touch < 2 Seconds
1629675,Naz Reid,1610612750,MIN,25.0,80,80,0.631,273,582,0.469,0.602,0.191,118,176,0.67,0.44,155,406,0.382,2024-25,Regular Season,Touch < 2 Seconds
1642259,Alex Sarr,1610612764,WAS,20.0,67,67,0.697,219,577,0.38,0.466,0.303,119,251,0.474,0.394,100,326,0.307,2024-25,Regular Season,Touch < 2 Seconds
1628401,Derrick White,1610612738,BOS,30.0,76,76,0.601,250,576,0.434,0.615,0.068,41,65,0.631,0.533,209,511,0.409,2024-25,Regular Season,Touch < 2 Seconds
1630168,Onyeka Okongwu,1610612737,ATL,24.0,74,74,0.841,336,575,0.584,0.626,0.626,288,428,0.673,0.215,48,147,0.327,2024-25,Regular Season,Touch < 2 Seconds
1631099,Keegan Murray,1610612758,SAC,24.0,76,76,0.696,240,571,0.42,0.552,0.173,90,142,0.634,0.523,150,429,0.35,2024-25,Regular Season,Touch < 2 Seconds
201939,Stephen Curry,1610612744,GSW,37.0,70,70,0.449,279,564,0.495,0.671,0.098,80,123,0.65,0.351,199,441,0.451,2024-25,Regular Season,Touch < 2 Seconds
1627741,Buddy Hield,1610612744,GSW,32.0,82,82,0.718,235,564,0.417,0.579,0.112,52,88,0.591,0.606,183,476,0.384,2024-25,Regular Season,Touch < 2 Seconds
1642258,Zaccharie Risacher,1610612737,ATL,20.0,75,75,0.705,252,550,0.458,0.565,0.286,135,223,0.605,0.419,117,327,0.358,2024-25,Regular Season,Touch < 2 Seconds
1630577,Julian Champagnie,1610612759,SAS,24.0,82,81,0.809,226,538,0.42,0.574,0.135,60,90,0.667,0.674,166,448,0.371,2024-25,Regular Season,Touch < 2 Seconds
1628386,Jarrett Allen,1610612739,CLE,27.0,82,82,0.834,382,534,0.715,0.715,0.828,382,530,0.721,0.006,0,4,0.0,2024-25,Regular Season,Touch < 2 Seconds
1630596,Evan Mobley,1610612739,CLE,24.0,71,71,0.574,328,520,0.631,0.702,0.359,254,325,0.782,0.215,74,195,0.379,2024-25,Regular Season,Touch < 2 Seconds
1630578,Alperen Sengun,1610612745,HOU,22.0,76,76,0.455,254,520,0.488,0.506,0.39,236,446,0.529,0.065,18,74,0.243,2024-25,Regular Season,Touch < 2 Seconds
1628415,Dillon Brooks,1610612745,HOU,29.0,75,75,0.581,226,520,0.435,0.6,0.105,54,94,0.574,0.476,172,426,0.404,2024-25,Regular Season,Touch < 2 Seconds
1628374,Lauri Markkanen,1610612762,UTA,28.0,47,47,0.739,218,517,0.422,0.55,0.204,85,143,0.594,0.534,133,374,0.356,2024-25,Regular Season,Touch < 2 Seconds
1641705,Victor Wembanyama,1610612759,SAS,21.0,46,46,0.6,263,514,0.512,0.617,0.257,155,220,0.705,0.343,108,294,0.367,2024-25,Regular Season,Touch < 2 Seconds
1631128,Christian Braun,1610612743,DEN,24.0,79,78,0.619,303,502,0.604,0.673,0.395,233,320,0.728,0.224,70,182,0.385,2024-25,Regular Season,Touch < 2 Seconds
203076,Anthony Davis,1610612742,DAL,32.0,51,51,0.551,278,501,0.555,0.585,0.441,248,401,0.618,0.11,30,100,0.3,2024-25,Regular Season,Touch < 2 Seconds
1627751,Jakob Poeltl,1610612761,TOR,29.0,57,57,0.858,320,497,0.644,0.645,0.853,319,494,0.646,0.005,1,3,0.333,2024-25,Regular Season,Touch < 2 Seconds
1641739,Toumani Camara,1610612757,POR,25.0,78,78,0.694,225,497,0.453,0.575,0.24,103,172,0.599,0.454,122,325,0.375,2024-25,Regular Season,Touch < 2 Seconds
1629639,Tyler Herro,1610612748,MIA,25.0,77,77,0.357,216,492,0.439,0.596,0.065,62,89,0.697,0.292,154,403,0.382,2024-25,Regular Season,Touch < 2 Seconds
1626164,Devin Booker,1610612756,PHX,28.0,75,75,0.345,220,490,0.449,0.552,0.135,119,191,0.623,0.211,101,299,0.338,2024-25,Regular Season,Touch < 2 Seconds
203501,Tim Hardaway Jr.,1610612765,DET,33.0,77,77,0.715,191,486,0.393,0.546,0.112,42,76,0.553,0.603,149,410,0.363,2024-25,Regular Season,Touch < 2 Seconds
1627777,Georges Niang,1610612737,ATL,32.0,79,79,0.779,213,483,0.441,0.607,0.139,53,86,0.616,0.64,160,397,0.403,2024-25,Regular Season,Touch < 2 Seconds
1630700,Dyson Daniels,1610612737,ATL,22.0,76,76,0.518,243,478,0.508,0.586,0.294,169,271,0.624,0.224,74,207,0.357,2024-25,Regular Season,Touch < 2 Seconds
1628991,Jaren Jackson Jr.,1610612763,MEM,25.0,73,72,0.391,217,468,0.464,0.603,0.105,87,126,0.69,0.285,130,342,0.38,2024-25,Regular Season,Touch < 2 Seconds
1626220,Royce O'Neale,1610612756,PHX,32.0,75,75,0.821,204,468,0.436,0.618,0.095,34,54,0.63,0.726,170,414,0.411,2024-25,Regular Season,Touch < 2 Seconds
1642377,Jaylen Wells,1610612763,MEM,21.0,78,78,0.689,189,463,0.408,0.541,0.168,66,113,0.584,0.521,123,350,0.351,2024-25,Regular Season,Touch < 2 Seconds
1630202,Payton Pritchard,1610612738,BOS,27.0,80,78,0.537,212,462,0.459,0.662,0.038,24,33,0.727,0.499,188,429,0.438,2024-25,Regular Season,Touch < 2 Seconds
1630583,Santi Aldama,1610612763,MEM,24.0,64,64,0.722,222,459,0.484,0.603,0.256,112,163,0.687,0.465,110,296,0.372,2024-25,Regular Season,Touch < 2 Seconds
1630183,Jaden McDaniels,1610612750,MIN,24.0,82,82,0.55,214,459,0.466,0.566,0.219,122,183,0.667,0.331,92,276,0.333,2024-25,Regular Season,Touch < 2 Seconds
1630170,Devin Vassell,1610612759,SAS,24.0,64,64,0.514,200,457,0.438,0.583,0.125,67,111,0.604,0.389,133,346,0.384,2024-25,Regular Season,Touch < 2 Seconds
201142,Kevin Durant,1610612756,PHX,36.0,62,62,0.405,231,455,0.508,0.66,0.133,92,150,0.613,0.271,139,305,0.456,2024-25,Regular Season,Touch < 2 Seconds
203497,Rudy Gobert,1610612750,MIN,33.0,72,72,0.89,314,454,0.692,0.692,0.89,314,454,0.692,0.0,0,0,,2024-25,Regular Season,Touch < 2 Seconds
1627884,Derrick Jones Jr.,1610612746,LAC,28.0,77,76,0.759,243,447,0.544,0.631,0.399,165,235,0.702,0.36,78,212,0.368,2024-25,Regular Season,Touch < 2 Seconds
1629130,Duncan Robinson,1610612748,MIA,31.0,74,74,0.671,194,445,0.436,0.6,0.101,48,67,0.716,0.57,146,378,0.386,2024-25,Regular Season,Touch < 2 Seconds
1629631,De'Andre Hunter,1610612739,CLE,27.0,64,64,0.585,208,444,0.468,0.614,0.165,79,125,0.632,0.42,129,319,0.404,2024-25,Regular Season,Touch < 2 Seconds
1629661,Cameron Johnson,1610612751,BKN,29.0,57,57,0.589,201,440,0.457,0.61,0.131,66,98,0.673,0.458,135,342,0.395,2024-25,Regular Season,Touch < 2 Seconds
1630198,Isaiah Joe,1610612760,OKC,25.0,74,73,0.747,205,439,0.467,0.662,0.082,34,48,0.708,0.665,171,391,0.437,2024-25,Regular Season,Touch < 2 Seconds
1641711,Gradey Dick,1610612761,TOR,21.0,54,54,0.679,183,439,0.417,0.538,0.232,77,150,0.513,0.447,106,289,0.367,2024-25,Regular Season,Touch < 2 Seconds
1629628,RJ Barrett,1610612761,TOR,25.0,58,58,0.447,204,438,0.466,0.58,0.161,104,158,0.658,0.286,100,280,0.357,2024-25,Regular Season,Touch < 2 Seconds
1630167,Obi Toppin,1610612754,IND,27.0,79,78,0.726,235,435,0.54,0.659,0.277,132,166,0.795,0.449,103,269,0.383,2024-25,Regular Season,Touch < 2 Seconds
1629652,Luguentz Dort,1610612760,OKC,26.0,71,70,0.734,197,435,0.453,0.626,0.123,46,73,0.63,0.61,151,362,0.417,2024-25,Regular Season,Touch < 2 Seconds
1630530,Trey Murphy III,1610612740,NOP,25.0,53,52,0.515,210,432,0.486,0.634,0.129,82,108,0.759,0.386,128,324,0.395,2024-25,Regular Season,Touch < 2 Seconds
203084,Harrison Barnes,1610612759,SAS,33.0,82,82,0.631,213,431,0.494,0.659,0.158,71,108,0.657,0.473,142,323,0.44,2024-25,Regular Season,Touch < 2 Seconds
1630592,Jalen Wilson,1610612751,BKN,24.0,79,79,0.695,176,431,0.408,0.548,0.132,56,82,0.683,0.563,120,349,0.344,2024-25,Regular Season,Touch < 2 Seconds
1630559,Austin Reaves,1610612747,LAL,27.0,73,73,0.414,197,429,0.459,0.613,0.094,65,97,0.67,0.32,132,332,0.398,2024-25,Regular Season,Touch < 2 Seconds
1629060,Rui Hachimura,1610612747,LAL,27.0,59,59,0.746,230,428,0.537,0.655,0.322,129,185,0.697,0.423,101,243,0.416,2024-25,Regular Season,Touch < 2 Seconds
1629632,Coby White,1610612741,CHI,25.0,74,74,0.379,171,425,0.402,0.569,0.041,29,46,0.63,0.338,142,379,0.375,2024-25,Regular Season,Touch < 2 Seconds
2544,LeBron James,1610612747,LAL,40.0,70,70,0.334,244,424,0.575,0.683,0.158,153,201,0.761,0.176,91,223,0.408,2024-25,Regular Season,Touch < 2 Seconds
1628404,Josh Hart,1610612752,NYK,30.0,76,76,0.554,221,424,0.521,0.597,0.305,157,233,0.674,0.25,64,191,0.335,2024-25,Regular Season,Touch < 2 Seconds
1628970,Miles Bridges,1610612766,CHA,27.0,64,64,0.389,201,424,0.474,0.598,0.122,96,133,0.722,0.267,105,291,0.361,2024-25,Regular Season,Touch < 2 Seconds
1630534,Ochai Agbaji,1610612761,TOR,25.0,64,63,0.787,211,420,0.502,0.619,0.328,113,175,0.646,0.459,98,245,0.4,2024-25,Regular Season,Touch < 2 Seconds
1628392,Isaiah Hartenstein,1610612760,OKC,27.0,57,57,0.873,254,418,0.608,0.608,0.837,254,401,0.633,0.035,0,17,0.0,2024-25,Regular Season,Touch < 2 Seconds
1628989,Kevin Huerter,1610612741,CHI,26.0,69,68,0.692,175,418,0.419,0.55,0.156,65,94,0.691,0.536,110,324,0.34,2024-25,Regular Season,Touch < 2 Seconds
1629018,Gary Trent Jr.,1610612749,MIL,26.0,74,73,0.636,172,418,0.411,0.594,0.068,19,45,0.422,0.568,153,373,0.41,2024-25,Regular Season,Touch < 2 Seconds
1627824,Guerschon Yabusele,1610612755,PHI,29.0,70,70,0.741,199,417,0.477,0.601,0.272,96,153,0.627,0.469,103,264,0.39,2024-25,Regular Season,Touch < 2 Seconds
1631101,Shaedon Sharpe,1610612757,POR,22.0,72,72,0.378,180,417,0.432,0.531,0.13,97,144,0.674,0.247,83,273,0.304,2024-25,Regular Season,Touch < 2 Seconds
1630598,Aaron Wiggins,1610612760,OKC,26.0,76,75,0.571,207,416,0.498,0.635,0.17,93,124,0.75,0.401,114,292,0.39,2024-25,Regular Season,Touch < 2 Seconds
203110,Draymond Green,1610612744,GSW,35.0,68,67,0.817,176,416,0.423,0.516,0.352,99,179,0.553,0.466,77,237,0.325,2024-25,Regular Season,Touch < 2 Seconds
1629640,Keldon Johnson,1610612759,SAS,25.0,77,77,0.535,187,412,0.454,0.544,0.223,113,172,0.657,0.312,74,240,0.308,2024-25,Regular Season,Touch < 2 Seconds
1626145,Tyus Jones,1610612756,PHX,29.0,81,81,0.596,186,407,0.457,0.635,0.1,41,68,0.603,0.496,145,339,0.428,2024-25,Regular Season,Touch < 2 Seconds
1630541,Moses Moody,1610612744,GSW,23.0,74,74,0.71,165,403,0.409,0.551,0.155,51,88,0.58,0.555,114,315,0.362,2024-25,Regular Season,Touch < 2 Seconds
204001,Kristaps Porziņģis,1610612738,BOS,29.0,42,41,0.723,199,402,0.495,0.619,0.295,99,164,0.604,0.428,100,238,0.42,2024-25,Regular Season,Touch < 2 Seconds
1628398,Kyle Kuzma,1610612749,MIL,29.0,65,65,0.473,173,401,0.431,0.529,0.185,95,157,0.605,0.288,78,244,0.32,2024-25,Regular Season,Touch < 2 Seconds
1642346,Ryan Dunn,1610612756,PHX,22.0,74,68,0.842,172,401,0.429,0.529,0.303,92,144,0.639,0.54,80,257,0.311,2024-25,Regular Season,Touch < 2 Seconds
201143,Al Horford,1610612738,BOS,39.0,60,59,0.879,171,401,0.426,0.565,0.206,60,94,0.638,0.673,111,307,0.362,2024-25,Regular Season,Touch < 2 Seconds
202699,Tobias Harris,1610612765,DET,32.0,73,72,0.497,200,400,0.5,0.608,0.204,114,164,0.695,0.293,86,236,0.364,2024-25,Regular Season,Touch < 2 Seconds
1630557,Corey Kispert,1610612764,WAS,26.0,61,61,0.708,173,400,0.433,0.57,0.165,63,93,0.677,0.543,110,307,0.358,2024-25,Regular Season,Touch < 2 Seconds
1630166,Deni Avdija,1610612757,POR,24.0,72,72,0.473,171,399,0.429,0.553,0.142,72,120,0.6,0.331,99,279,0.355,2024-25,Regular Season,Touch < 2 Seconds
1630553,Keon Johnson,1610612751,BKN,23.0,79,77,0.511,161,398,0.405,0.544,0.094,50,73,0.685,0.417,111,325,0.342,2024-25,Regular Season,Touch < 2 Seconds
202685,Jonas Valančiūnas,1610612758,SAC,33.0,81,78,0.633,219,397,0.552,0.562,0.577,211,362,0.583,0.056,8,35,0.229,2024-25,Regular Season,Touch < 2 Seconds
1630532,Franz Wagner,1610612753,ORL,23.0,60,60,0.342,193,397,0.486,0.567,0.155,129,180,0.717,0.187,64,217,0.295,2024-25,Regular Season,Touch < 2 Seconds
1630224,Jalen Green,1610612745,HOU,23.0,82,79,0.276,177,397,0.446,0.597,0.068,57,98,0.582,0.208,120,299,0.401,2024-25,Regular Season,Touch < 2 Seconds
1630573,Sam Hauser,1610612738,BOS,27.0,71,69,0.844,167,396,0.422,0.611,0.068,17,32,0.531,0.776,150,364,0.412,2024-25,Regular Season,Touch < 2 Seconds
1642276,Kel'el Ware,1610612748,MIA,21.0,64,63,0.851,227,395,0.575,0.616,0.627,194,291,0.667,0.224,33,104,0.317,2024-25,Regular Season,Touch < 2 Seconds
1642264,Stephon Castle,1610612759,SAS,20.0,81,80,0.398,168,393,0.427,0.518,0.155,97,153,0.634,0.243,71,240,0.296,2024-25,Regular Season,Touch < 2 Seconds
1631117,Walker Kessler,1610612762,UTA,23.0,58,58,0.933,264,392,0.673,0.681,0.85,258,357,0.723,0.083,6,35,0.171,2024-25,Regular Season,Touch < 2 Seconds
1630162,Anthony Edwards,1610612750,MIN,23.0,79,76,0.243,181,392,0.462,0.611,0.066,64,107,0.598,0.177,117,285,0.411,2024-25,Regular Season,Touch < 2 Seconds
1630533,Ziaire Williams,1610612751,BKN,23.0,63,63,0.754,164,392,0.418,0.545,0.206,65,107,0.607,0.548,99,285,0.347,2024-25,Regular Season,Touch < 2 Seconds
203507,Giannis Antetokounmpo,1610612749,MIL,30.0,67,66,0.296,275,391,0.703,0.711,0.274,269,361,0.745,0.023,6,30,0.2,2024-25,Regular Season,Touch < 2 Seconds
1630567,Scottie Barnes,1610612761,TOR,23.0,65,64,0.368,181,391,0.463,0.528,0.191,130,203,0.64,0.177,51,188,0.271,2024-25,Regular Season,Touch < 2 Seconds
1626181,Norman Powell,1610612746,LAC,32.0,60,60,0.413,183,390,0.469,0.628,0.113,59,107,0.551,0.299,124,283,0.438,2024-25,Regular Season,Touch < 2 Seconds
203952,Andrew Wiggins,1610612748,MIA,30.0,60,60,0.465,182,390,0.467,0.599,0.157,79,132,0.598,0.308,103,258,0.399,2024-25,Regular Season,Touch < 2 Seconds
1631095,Jabari Smith Jr.,1610612745,HOU,22.0,57,57,0.684,171,387,0.442,0.561,0.235,79,133,0.594,0.449,92,254,0.362,2024-25,Regular Season,Touch < 2 Seconds
1642261,Dalton Knecht,1610612747,LAL,24.0,78,76,0.693,177,386,0.459,0.598,0.165,69,92,0.75,0.528,108,294,0.367,2024-25,Regular Season,Touch < 2 Seconds
1628978,Donte DiVincenzo,1610612750,MIN,28.0,62,62,0.65,157,386,0.407,0.583,0.071,21,42,0.5,0.579,136,344,0.395,2024-25,Regular Season,Touch < 2 Seconds
1630241,Sam Merrill,1610612739,CLE,29.0,71,70,0.91,156,386,0.404,0.573,0.09,26,38,0.684,0.821,130,348,0.374,2024-25,Regular Season,Touch < 2 Seconds
1627827,Dorian Finney-Smith,1610612747,LAL,32.0,63,63,0.885,171,385,0.444,0.609,0.177,44,77,0.571,0.708,127,308,0.412,2024-25,Regular Season,Touch < 2 Seconds
201942,DeMar DeRozan,1610612758,SAC,35.0,77,76,0.294,168,385,0.436,0.526,0.144,99,188,0.527,0.151,69,197,0.35,2024-25,Regular Season,Touch < 2 Seconds
1629673,Jordan Poole,1610612764,WAS,26.0,68,68,0.365,156,385,0.405,0.552,0.068,43,72,0.597,0.296,113,313,0.361,2024-25,Regular Season,Touch < 2 Seconds
1631109,Mark Williams,1610612766,CHA,23.0,44,44,0.859,243,384,0.633,0.633,0.85,243,380,0.639,0.009,0,4,0.0,2024-25,Regular Season,Touch < 2 Seconds
201566,Russell Westbrook,1610612743,DEN,36.0,75,72,0.472,174,384,0.453,0.546,0.198,103,161,0.64,0.274,71,223,0.318,2024-25,Regular Season,Touch < 2 Seconds
1631105,Jalen Duren,1610612765,DET,21.0,78,75,0.701,289,383,0.755,0.755,0.701,289,383,0.755,0.0,0,0,,2024-25,Regular Season,Touch < 2 Seconds
1629638,Nickeil Alexander-Walker,1610612750,MIN,26.0,82,82,0.62,168,382,0.44,0.611,0.101,37,62,0.597,0.519,131,320,0.409,2024-25,Regular Season,Touch < 2 Seconds
1626162,Kelly Oubre Jr.,1610612755,PHI,29.0,60,60,0.511,179,379,0.472,0.558,0.232,114,172,0.663,0.279,65,207,0.314,2024-25,Regular Season,Touch < 2 Seconds
1642274,Yves Missi,1610612740,NOP,21.0,73,71,0.768,218,377,0.578,0.578,0.766,218,376,0.58,0.002,0,1,0.0,2024-25,Regular Season,Touch < 2 Seconds
1628976,Wendell Carter Jr.,1610612753,ORL,26.0,68,68,0.764,173,375,0.461,0.511,0.444,136,218,0.624,0.32,37,157,0.236,2024-25,Regular Season,Touch < 2 Seconds
1641824,Matas Buzelis,1610612741,CHI,20.0,80,75,0.676,171,375,0.456,0.577,0.231,80,128,0.625,0.445,91,247,0.368,2024-25,Regular Season,Touch < 2 Seconds
203944,Julius Randle,1610612750,MIN,30.0,69,69,0.398,179,374,0.479,0.586,0.149,99,140,0.707,0.249,80,234,0.342,2024-25,Regular Season,Touch < 2 Seconds
1629014,Anfernee Simons,1610612757,POR,26.0,70,70,0.327,139,368,0.378,0.543,0.034,17,38,0.447,0.293,122,330,0.37,2024-25,Regular Season,Touch < 2 Seconds
1631114,Jalen Williams,1610612760,OKC,24.0,69,68,0.314,190,367,0.518,0.642,0.119,99,139,0.712,0.195,91,228,0.399,2024-25,Regular Season,Touch < 2 Seconds
1629028,Deandre Ayton,1610612757,POR,26.0,40,40,0.782,216,366,0.59,0.598,0.716,210,335,0.627,0.066,6,31,0.194,2024-25,Regular Season,Touch < 2 Seconds
1629656,Quentin Grimes,1610612755,PHI,25.0,75,72,0.443,167,365,0.458,0.611,0.094,55,77,0.714,0.35,112,288,0.389,2024-25,Regular Season,Touch < 2 Seconds
1629651,Nic Claxton,1610612751,BKN,26.0,70,70,0.639,228,363,0.628,0.634,0.606,224,344,0.651,0.033,4,19,0.211,2024-25,Regular Season,Touch < 2 Seconds
1628369,Jayson Tatum,1610612738,BOS,27.0,72,70,0.25,179,361,0.496,0.627,0.08,84,116,0.724,0.17,95,245,0.388,2024-25,Regular Season,Touch < 2 Seconds
203484,Kentavious Caldwell-Pope,1610612763,MEM,32.0,77,75,0.66,147,359,0.409,0.546,0.145,49,79,0.62,0.515,98,280,0.35,2024-25,Regular Season,Touch < 2 Seconds
203897,Zach LaVine,1610612758,SAC,30.0,74,73,0.29,207,355,0.583,0.727,0.108,105,132,0.795,0.182,102,223,0.457,2024-25,Regular Season,Touch < 2 Seconds
1642271,Kyle Filipowski,1610612762,UTA,21.0,72,69,0.685,169,355,0.476,0.577,0.286,97,148,0.655,0.4,72,207,0.348,2024-25,Regular Season,Touch < 2 Seconds
1631108,Max Christie,1610612742,DAL,22.0,78,77,0.603,162,355,0.456,0.614,0.129,50,76,0.658,0.474,112,279,0.401,2024-25,Regular Season,Touch < 2 Seconds
1641729,Brice Sensabaugh,1610612762,UTA,21.0,71,68,0.593,158,355,0.445,0.624,0.098,31,59,0.525,0.494,127,296,0.429,2024-25,Regular Season,Touch < 2 Seconds
1641708,Amen Thompson,1610612745,HOU,22.0,69,67,0.506,220,353,0.623,0.656,0.393,197,274,0.719,0.113,23,79,0.291,2024-25,Regular Season,Touch < 2 Seconds
1628368,De'Aaron Fox,1610612759,SAS,27.0,62,62,0.303,154,352,0.438,0.537,0.11,84,128,0.656,0.193,70,224,0.313,2024-25,Regular Season,Touch < 2 Seconds
1628370,Malik Monk,1610612758,SAC,27.0,65,63,0.375,139,352,0.395,0.534,0.07,41,66,0.621,0.305,98,286,0.343,2024-25,Regular Season,Touch < 2 Seconds
1626171,Bobby Portis,1610612749,MIL,30.0,49,49,0.587,163,349,0.467,0.554,0.297,102,177,0.576,0.289,61,172,0.355,2024-25,Regular Season,Touch < 2 Seconds
1628378,Donovan Mitchell,1610612739,CLE,28.0,71,70,0.264,148,348,0.425,0.585,0.052,37,69,0.536,0.211,111,279,0.398,2024-25,Regular Season,Touch < 2 Seconds
203468,CJ McCollum,1610612740,NOP,33.0,56,56,0.348,144,348,0.414,0.566,0.072,38,72,0.528,0.276,106,276,0.384,2024-25,Regular Season,Touch < 2 Seconds
1641718,Keyonte George,1610612762,UTA,21.0,67,66,0.378,141,347,0.406,0.55,0.073,41,67,0.612,0.305,100,280,0.357,2024-25,Regular Season,Touch < 2 Seconds
203991,Clint Capela,1610612737,ATL,31.0,55,55,0.887,199,346,0.575,0.575,0.885,199,345,0.577,0.003,0,1,0.0,2024-25,Regular Season,Touch < 2 Seconds
1631260,AJ Green,1610612749,MIL,25.0,73,72,0.816,151,346,0.436,0.636,0.066,13,28,0.464,0.75,138,318,0.434,2024-25,Regular Season,Touch < 2 Seconds
1630581,Josh Giddey,1610612741,CHI,22.0,70,69,0.436,159,345,0.461,0.59,0.15,70,119,0.588,0.286,89,226,0.394,2024-25,Regular Season,Touch < 2 Seconds
1630188,Jalen Smith,1610612741,CHI,25.0,64,63,0.843,158,344,0.459,0.563,0.314,87,128,0.68,0.529,71,216,0.329,2024-25,Regular Season,Touch < 2 Seconds
1631165,Keon Ellis,1610612758,SAC,25.0,80,79,0.737,165,342,0.482,0.661,0.123,43,57,0.754,0.614,122,285,0.428,2024-25,Regular Season,Touch < 2 Seconds
1641722,Jordan Hawkins,1610612740,NOP,23.0,56,56,0.615,123,342,0.36,0.497,0.106,29,59,0.492,0.509,94,283,0.332,2024-25,Regular Season,Touch < 2 Seconds
1641744,Zach Edey,1610612763,MEM,23.0,65,64,0.797,202,341,0.592,0.617,0.678,185,290,0.638,0.119,17,51,0.333,2024-25,Regular Season,Touch < 2 Seconds
1629636,Darius Garland,1610612739,CLE,25.0,75,75,0.288,147,338,0.435,0.595,0.06,39,71,0.549,0.227,108,267,0.404,2024-25,Regular Season,Touch < 2 Seconds
1642273,Kyshawn George,1610612764,WAS,21.0,68,66,0.617,121,337,0.359,0.504,0.09,23,49,0.469,0.527,98,288,0.34,2024-25,Regular Season,Touch < 2 Seconds
1631106,Tari Eason,1610612745,HOU,24.0,57,57,0.601,165,336,0.491,0.582,0.292,104,163,0.638,0.309,61,173,0.353,2024-25,Regular Season,Touch < 2 Seconds
1630217,Desmond Bane,1610612753,ORL,27.0,68,68,0.334,165,334,0.494,0.624,0.122,78,122,0.639,0.212,87,212,0.41,2024-25,Regular Season,Touch < 2 Seconds
1631110,Jeremy Sochan,1610612759,SAS,22.0,54,54,0.71,196,333,0.589,0.629,0.527,169,247,0.684,0.183,27,86,0.314,2024-25,Regular Season,Touch < 2 Seconds
1628381,John Collins,1610612762,UTA,27.0,40,40,0.627,171,333,0.514,0.601,0.356,113,189,0.598,0.271,58,144,0.403,2024-25,Regular Season,Touch < 2 Seconds
203924,Jerami Grant,1610612757,POR,31.0,47,47,0.58,120,333,0.36,0.517,0.082,16,47,0.34,0.498,104,286,0.364,2024-25,Regular Season,Touch < 2 Seconds
1628960,Grayson Allen,1610612756,PHX,29.0,64,64,0.677,148,331,0.447,0.647,0.057,16,28,0.571,0.62,132,303,0.436,2024-25,Regular Season,Touch < 2 Seconds
1627752,Taurean Prince,1610612749,MIL,31.0,80,79,0.634,160,326,0.491,0.706,0.066,20,34,0.588,0.568,140,292,0.479,2024-25,Regular Season,Touch < 2 Seconds
1629312,Haywood Highsmith,1610612748,MIA,28.0,74,70,0.836,148,326,0.454,0.584,0.264,63,103,0.612,0.572,85,223,0.381,2024-25,Regular Season,Touch < 2 Seconds
1630230,Naji Marshall,1610612742,DAL,27.0,69,67,0.456,150,325,0.462,0.554,0.18,90,128,0.703,0.277,60,197,0.305,2024-25,Regular Season,Touch < 2 Seconds
1641783,Tristan da Silva,1610612753,ORL,24.0,74,69,0.673,138,325,0.425,0.534,0.246,67,119,0.563,0.427,71,206,0.345,2024-25,Regular Season,Touch < 2 Seconds
203078,Bradley Beal,1610612756,PHX,32.0,53,53,0.464,153,322,0.475,0.606,0.173,69,120,0.575,0.291,84,202,0.416,2024-25,Regular Season,Touch < 2 Seconds
1630548,Johnny Juzang,1610612762,UTA,24.0,64,64,0.678,134,322,0.416,0.578,0.112,30,53,0.566,0.566,104,269,0.387,2024-25,Regular Season,Touch < 2 Seconds
1627759,Jaylen Brown,1610612738,BOS,28.0,63,61,0.29,149,321,0.464,0.57,0.116,81,128,0.633,0.175,68,193,0.352,2024-25,Regular Season,Touch < 2 Seconds
1626168,Trey Lyles,1610612758,SAC,29.0,69,68,0.858,139,321,0.433,0.558,0.246,59,92,0.641,0.612,80,229,0.349,2024-25,Regular Season,Touch < 2 Seconds
1641764,Brandin Podziemski,1610612744,GSW,22.0,64,61,0.504,141,317,0.445,0.577,0.157,57,99,0.576,0.347,84,218,0.385,2024-25,Regular Season,Touch < 2 Seconds
1630551,Justin Champagnie,1610612764,WAS,24.0,62,55,0.764,169,314,0.538,0.654,0.328,96,135,0.711,0.436,73,179,0.408,2024-25,Regular Season,Touch < 2 Seconds
1627750,Jamal Murray,1610612743,DEN,28.0,67,67,0.281,148,311,0.476,0.608,0.091,66,101,0.653,0.19,82,210,0.39,2024-25,Regular Season,Touch < 2 Seconds
1630182,Josh Green,1610612766,CHA,24.0,68,67,0.732,137,308,0.445,0.599,0.162,42,68,0.618,0.57,95,240,0.396,2024-25,Regular Season,Touch < 2 Seconds
1631097,Bennedict Mathurin,1610612754,IND,23.0,72,69,0.36,166,307,0.541,0.632,0.192,110,164,0.671,0.168,56,143,0.392,2024-25,Regular Season,Touch < 2 Seconds
1629622,Max Strus,1610612739,CLE,29.0,50,50,0.823,138,307,0.45,0.621,0.121,33,45,0.733,0.702,105,262,0.401,2024-25,Regular Season,Touch < 2 Seconds
1629655,Daniel Gafford,1610612742,DAL,26.0,57,56,0.759,227,306,0.742,0.742,0.759,227,306,0.742,0.0,0,0,,2024-25,Regular Season,Touch < 2 Seconds
1629634,Brandon Clarke,1610612763,MEM,28.0,63,62,0.814,199,306,0.65,0.652,0.769,198,289,0.685,0.045,1,17,0.059,2024-25,Regular Season,Touch < 2 Seconds
1628449,Chris Boucher,1610612761,TOR,32.0,50,50,0.827,149,305,0.489,0.6,0.339,81,125,0.648,0.488,68,180,0.378,2024-25,Regular Season,Touch < 2 Seconds
1627747,Caris LeVert,1610612737,ATL,30.0,64,63,0.509,147,305,0.482,0.611,0.15,68,90,0.756,0.359,79,215,0.367,2024-25,Regular Season,Touch < 2 Seconds
1641731,Bilal Coulibaly,1610612764,WAS,20.0,59,56,0.489,134,305,0.439,0.525,0.191,82,119,0.689,0.298,52,186,0.28,2024-25,Regular Season,Touch < 2 Seconds
1631212,Peyton Watson,1610612743,DEN,22.0,68,67,0.724,150,304,0.493,0.567,0.417,105,175,0.6,0.307,45,129,0.349,2024-25,Regular Season,Touch < 2 Seconds
1630163,LaMelo Ball,1610612766,CHA,23.0,47,47,0.302,118,303,0.389,0.541,0.046,26,46,0.565,0.256,92,257,0.358,2024-25,Regular Season,Touch < 2 Seconds
1641730,Noah Clowney,1610612751,BKN,20.0,46,46,0.815,116,303,0.383,0.52,0.161,33,60,0.55,0.653,83,243,0.342,2024-25,Regular Season,Touch < 2 Seconds
1631124,Julian Strawther,1610612743,DEN,23.0,65,62,0.64,125,302,0.414,0.546,0.148,45,70,0.643,0.492,80,232,0.345,2024-25,Regular Season,Touch < 2 Seconds
1629599,Amir Coffey,1610612746,LAC,28.0,72,69,0.59,144,301,0.478,0.635,0.155,50,79,0.633,0.435,94,222,0.423,2024-25,Regular Season,Touch < 2 Seconds
203932,Aaron Gordon,1610612743,DEN,29.0,51,50,0.604,174,300,0.58,0.673,0.348,118,173,0.682,0.256,56,127,0.441,2024-25,Regular Season,Touch < 2 Seconds
1642270,Donovan Clingan,1610612757,POR,21.0,67,67,0.898,172,300,0.573,0.597,0.766,158,256,0.617,0.132,14,44,0.318,2024-25,Regular Season,Touch < 2 Seconds
1642267,Bub Carrington,1610612764,WAS,19.0,82,77,0.401,117,300,0.39,0.51,0.107,45,80,0.563,0.294,72,220,0.327,2024-25,Regular Season,Touch < 2 Seconds
1629023,P.J. Washington,1610612742,DAL,26.0,57,57,0.448,143,298,0.48,0.609,0.159,66,106,0.623,0.289,77,192,0.401,2024-25,Regular Season,Touch < 2 Seconds
1642419,Jamison Battle,1610612761,TOR,24.0,59,55,0.859,125,298,0.419,0.582,0.159,28,55,0.509,0.7,97,243,0.399,2024-25,Regular Season,Touch < 2 Seconds
1631213,Tyrese Martin,1610612751,BKN,26.0,60,57,0.639,118,297,0.397,0.549,0.103,28,48,0.583,0.535,90,249,0.361,2024-25,Regular Season,Touch < 2 Seconds
201950,Jrue Holiday,1610612738,BOS,35.0,62,62,0.526,138,296,0.466,0.611,0.144,52,81,0.642,0.382,86,215,0.4,2024-25,Regular Season,Touch < 2 Seconds
1628418,Thomas Bryant,1610612754,IND,27.0,66,64,0.919,150,295,0.508,0.588,0.47,103,151,0.682,0.449,47,144,0.326,2024-25,Regular Season,Touch < 2 Seconds
1630552,Jalen Johnson,1610612737,ATL,23.0,36,36,0.54,159,290,0.548,0.616,0.322,120,173,0.694,0.218,39,117,0.333,2024-25,Regular Season,Touch < 2 Seconds
1630208,Nick Richards,1610612756,PHX,27.0,57,56,0.833,178,289,0.616,0.616,0.83,178,288,0.618,0.003,0,1,0.0,2024-25,Regular Season,Touch < 2 Seconds
1630590,Scotty Pippen Jr.,1610612763,MEM,24.0,78,72,0.486,138,287,0.481,0.627,0.154,54,91,0.593,0.332,84,196,0.429,2024-25,Regular Season,Touch < 2 Seconds
203081,Damian Lillard,1610612749,MIL,34.0,58,58,0.286,118,284,0.415,0.597,0.028,15,28,0.536,0.258,103,256,0.402,2024-25,Regular Season,Touch < 2 Seconds
203471,Dennis Schröder,1610612765,DET,31.0,75,73,0.343,106,283,0.375,0.53,0.039,18,32,0.563,0.304,88,251,0.351,2024-25,Regular Season,Touch < 2 Seconds
1627832,Fred VanVleet,1610612745,HOU,31.0,60,59,0.373,103,283,0.364,0.518,0.051,16,39,0.41,0.321,87,244,0.357,2024-25,Regular Season,Touch < 2 Seconds
1627739,Kris Dunn,1610612746,LAC,31.0,74,74,0.645,117,282,0.415,0.541,0.16,46,70,0.657,0.485,71,212,0.335,2024-25,Regular Season,Touch < 2 Seconds
1630540,Miles McBride,1610612752,NYK,24.0,63,62,0.525,115,281,0.409,0.56,0.107,30,57,0.526,0.419,85,224,0.379,2024-25,Regular Season,Touch < 2 Seconds
1628371,Jonathan Isaac,1610612753,ORL,27.0,71,67,0.864,117,280,0.418,0.488,0.414,78,134,0.582,0.451,39,146,0.267,2024-25,Regular Season,Touch < 2 Seconds
1641717,Cason Wallace,1610612760,OKC,21.0,68,66,0.566,128,277,0.462,0.587,0.184,59,90,0.656,0.382,69,187,0.369,2024-25,Regular Season,Touch < 2 Seconds
202710,Jimmy Butler III,1610612744,GSW,35.0,55,53,0.462,152,276,0.551,0.589,0.34,131,203,0.645,0.122,21,73,0.288,2024-25,Regular Season,Touch < 2 Seconds
1631323,Simone Fontecchio,1610612765,DET,29.0,75,74,0.74,112,276,0.406,0.543,0.155,36,58,0.621,0.584,76,218,0.349,2024-25,Regular Season,Touch < 2 Seconds
1641733,Nick Smith Jr.,1610612766,CHA,21.0,60,58,0.481,95,273,0.348,0.495,0.067,15,38,0.395,0.414,80,235,0.34,2024-25,Regular Season,Touch < 2 Seconds
1629048,Goga Bitadze,1610612753,ORL,25.0,70,62,0.802,175,272,0.643,0.649,0.726,172,246,0.699,0.077,3,26,0.115,2024-25,Regular Season,Touch < 2 Seconds
203992,Bogdan Bogdanović,1610612746,LAC,32.0,54,52,0.553,110,272,0.404,0.559,0.104,26,51,0.51,0.449,84,221,0.38,2024-25,Regular Season,Touch < 2 Seconds
1629216,Gabe Vincent,1610612747,LAL,29.0,72,68,0.648,106,272,0.39,0.557,0.06,15,25,0.6,0.588,91,247,0.368,2024-25,Regular Season,Touch < 2 Seconds
1630526,Jeremiah Robinson-Earl,1610612740,NOP,24.0,66,60,0.778,130,270,0.481,0.585,0.331,74,115,0.643,0.447,56,155,0.361,2024-25,Regular Season,Touch < 2 Seconds
1630595,Cade Cunningham,1610612765,DET,23.0,70,70,0.185,126,269,0.468,0.591,0.071,60,103,0.583,0.114,66,166,0.398,2024-25,Regular Season,Touch < 2 Seconds
1630172,Patrick Williams,1610612741,CHI,23.0,63,61,0.519,107,268,0.399,0.547,0.107,28,55,0.509,0.413,79,213,0.371,2024-25,Regular Season,Touch < 2 Seconds
1630643,Jay Huff,1610612763,MEM,27.0,64,55,0.875,132,267,0.494,0.644,0.23,52,70,0.743,0.646,80,197,0.406,2024-25,Regular Season,Touch < 2 Seconds
1629012,Collin Sexton,1610612762,UTA,26.0,63,62,0.307,124,266,0.466,0.596,0.122,55,106,0.519,0.185,69,160,0.431,2024-25,Regular Season,Touch < 2 Seconds
1630169,Tyrese Haliburton,1610612754,IND,25.0,73,71,0.264,115,266,0.432,0.594,0.05,29,50,0.58,0.215,86,216,0.398,2024-25,Regular Season,Touch < 2 Seconds
1627780,Gary Payton II,1610612744,GSW,32.0,62,61,0.879,151,262,0.576,0.634,0.57,121,170,0.712,0.309,30,92,0.326,2024-25,Regular Season,Touch < 2 Seconds
1641709,Ausar Thompson,1610612765,DET,22.0,59,58,0.57,148,262,0.565,0.584,0.472,138,217,0.636,0.098,10,45,0.222,2024-25,Regular Season,Touch < 2 Seconds
1628379,Luke Kennard,1610612763,MEM,29.0,64,60,0.618,128,262,0.489,0.683,0.104,26,44,0.591,0.514,102,218,0.468,2024-25,Regular Season,Touch < 2 Seconds
1630228,Jonathan Kuminga,1610612744,GSW,22.0,47,46,0.46,131,261,0.502,0.579,0.247,91,140,0.65,0.213,40,121,0.331,2024-25,Regular Season,Touch < 2 Seconds
1628436,Luke Kornet,1610612738,BOS,29.0,73,64,0.921,175,257,0.681,0.681,0.918,175,256,0.684,0.004,0,1,0.0,2024-25,Regular Season,Touch < 2 Seconds
1628380,Zach Collins,1610612741,CHI,27.0,64,60,0.851,128,257,0.498,0.56,0.503,96,152,0.632,0.348,32,105,0.305,2024-25,Regular Season,Touch < 2 Seconds
1630549,Day'Ron Sharpe,1610612751,BKN,23.0,50,50,0.801,134,254,0.528,0.549,0.662,123,210,0.586,0.139,11,44,0.25,2024-25,Regular Season,Touch < 2 Seconds
1641706,Brandon Miller,1610612766,CHA,22.0,27,27,0.517,109,254,0.429,0.587,0.079,29,39,0.744,0.438,80,215,0.372,2024-25,Regular Season,Touch < 2 Seconds
1626179,Terry Rozier,1610612748,MIA,31.0,64,62,0.4,88,254,0.346,0.469,0.083,26,53,0.491,0.317,62,201,0.308,2024-25,Regular Season,Touch < 2 Seconds
1630178,Tyrese Maxey,1610612755,PHI,24.0,52,51,0.232,103,253,0.407,0.53,0.055,41,60,0.683,0.177,62,193,0.321,2024-25,Regular Season,Touch < 2 Seconds
1630191,Isaiah Stewart,1610612765,DET,24.0,72,69,0.794,141,250,0.564,0.596,0.641,125,202,0.619,0.152,16,48,0.333,2024-25,Regular Season,Touch < 2 Seconds
1641763,Julian Phillips,1610612741,CHI,21.0,79,73,0.871,112,250,0.448,0.548,0.338,62,97,0.639,0.533,50,153,0.327,2024-25,Regular Season,Touch < 2 Seconds
1631107,Nikola Jović,1610612748,MIA,22.0,46,45,0.656,109,248,0.44,0.587,0.148,36,56,0.643,0.508,73,192,0.38,2024-25,Regular Season,Touch < 2 Seconds
1629731,Dean Wade,1610612739,CLE,28.0,59,58,0.908,98,246,0.398,0.559,0.103,19,28,0.679,0.804,79,218,0.362,2024-25,Regular Season,Touch < 2 Seconds
1626156,D'Angelo Russell,1610612751,BKN,29.0,58,58,0.384,78,245,0.318,0.433,0.064,22,41,0.537,0.32,56,204,0.275,2024-25,Regular Season,Touch < 2 Seconds
201144,Mike Conley,1610612750,MIN,37.0,71,69,0.521,106,244,0.434,0.627,0.062,12,29,0.414,0.459,94,215,0.437,2024-25,Regular Season,Touch < 2 Seconds
1641710,Anthony Black,1610612753,ORL,21.0,78,73,0.393,103,244,0.422,0.529,0.143,51,89,0.573,0.25,52,155,0.335,2024-25,Regular Season,Touch < 2 Seconds
1642366,Quinten Post,1610612744,GSW,25.0,42,41,0.887,112,243,0.461,0.609,0.245,40,67,0.597,0.642,72,176,0.409,2024-25,Regular Season,Touch < 2 Seconds
1641767,Ben Sheppard,1610612754,IND,23.0,63,60,0.847,102,243,0.42,0.56,0.178,34,51,0.667,0.669,68,192,0.354,2024-25,Regular Season,Touch < 2 Seconds
1630245,Ayo Dosunmu,1610612741,CHI,25.0,46,45,0.539,110,242,0.455,0.574,0.163,52,73,0.712,0.376,58,169,0.343,2024-25,Regular Season,Touch < 2 Seconds
1630631,Jose Alvarado,1610612740,NOP,27.0,56,54,0.464,93,242,0.384,0.539,0.056,18,29,0.621,0.409,75,213,0.352,2024-25,Regular Season,Touch < 2 Seconds
202681,Kyrie Irving,1610612742,DAL,33.0,50,48,0.255,128,241,0.531,0.668,0.092,62,87,0.713,0.163,66,154,0.429,2024-25,Regular Season,Touch < 2 Seconds
1631218,Trayce Jackson-Davis,1610612744,GSW,25.0,62,52,0.791,147,239,0.615,0.615,0.788,147,238,0.618,0.003,0,1,0.0,2024-25,Regular Season,Touch < 2 Seconds
1642367,Jonathan Mogbo,1610612761,TOR,23.0,63,59,0.671,114,239,0.477,0.513,0.483,97,172,0.564,0.188,17,67,0.254,2024-25,Regular Season,Touch < 2 Seconds
1629027,Trae Young,1610612737,ATL,26.0,76,72,0.174,94,239,0.393,0.502,0.055,42,75,0.56,0.119,52,164,0.317,2024-25,Regular Season,Touch < 2 Seconds
1642266,Ja'Kobe Walter,1610612761,TOR,20.0,52,50,0.603,99,237,0.418,0.542,0.188,40,74,0.541,0.415,59,163,0.362,2024-25,Regular Season,Touch < 2 Seconds
1630174,Aaron Nesmith,1610612754,IND,25.0,45,45,0.62,119,235,0.506,0.67,0.15,42,57,0.737,0.47,77,178,0.433,2024-25,Regular Season,Touch < 2 Seconds
203994,Jusuf Nurkić,1610612766,CHA,30.0,51,51,0.668,115,235,0.489,0.551,0.398,86,140,0.614,0.27,29,95,0.305,2024-25,Regular Season,Touch < 2 Seconds
201587,Nicolas Batum,1610612746,LAC,36.0,78,70,0.975,101,232,0.435,0.625,0.126,13,30,0.433,0.849,88,202,0.436,2024-25,Regular Season,Touch < 2 Seconds
1629750,Javonte Green,1610612739,CLE,31.0,68,62,0.802,100,231,0.433,0.53,0.326,55,94,0.585,0.476,45,137,0.328,2024-25,Regular Season,Touch < 2 Seconds
1642347,Jamal Shead,1610612761,TOR,22.0,75,69,0.457,83,230,0.361,0.485,0.101,26,51,0.51,0.356,57,179,0.318,2024-25,Regular Season,Touch < 2 Seconds
1627936,Alex Caruso,1610612760,OKC,31.0,54,53,0.726,103,228,0.452,0.579,0.242,45,76,0.592,0.484,58,152,0.382,2024-25,Regular Season,Touch < 2 Seconds
1630703,Scoot Henderson,1610612757,POR,21.0,66,62,0.33,86,226,0.381,0.524,0.066,21,45,0.467,0.264,65,181,0.359,2024-25,Regular Season,Touch < 2 Seconds
1630625,Dalano Banton,1610612757,POR,25.0,67,56,0.444,87,225,0.387,0.524,0.093,25,47,0.532,0.351,62,178,0.348,2024-25,Regular Season,Touch < 2 Seconds
1641741,Ricky Council IV,1610612755,PHI,23.0,73,62,0.486,80,225,0.356,0.462,0.119,32,55,0.582,0.367,48,170,0.282,2024-25,Regular Season,Touch < 2 Seconds
1629026,Kenrich Williams,1610612760,OKC,30.0,69,65,0.633,114,224,0.509,0.65,0.195,51,69,0.739,0.438,63,155,0.406,2024-25,Regular Season,Touch < 2 Seconds
1641842,Ronald Holland II,1610612765,DET,19.0,81,74,0.54,98,224,0.438,0.511,0.214,65,89,0.73,0.325,33,135,0.244,2024-25,Regular Season,Touch < 2 Seconds
1629726,Garrison Mathews,1610612737,ATL,28.0,47,45,0.868,90,223,0.404,0.581,0.078,11,20,0.55,0.79,79,203,0.389,2024-25,Regular Season,Touch < 2 Seconds
1631094,Paolo Banchero,1610612753,ORL,22.0,46,45,0.24,110,219,0.502,0.587,0.115,73,105,0.695,0.125,37,114,0.325,2024-25,Regular Season,Touch < 2 Seconds
1630572,Sandro Mamukelashvili,1610612759,SAS,26.0,61,53,0.779,104,219,0.475,0.603,0.246,48,69,0.696,0.534,56,150,0.373,2024-25,Regular Season,Touch < 2 Seconds
1642348,Justin Edwards,1610612755,PHI,21.0,44,43,0.581,90,219,0.411,0.548,0.133,30,50,0.6,0.448,60,169,0.355,2024-25,Regular Season,Touch < 2 Seconds
1626172,Kevon Looney,1610612744,GSW,29.0,76,67,0.785,117,216,0.542,0.546,0.771,115,212,0.542,0.015,2,4,0.5,2024-25,Regular Season,Touch < 2 Seconds
1630173,Precious Achiuwa,1610612752,NYK,25.0,56,54,0.658,113,214,0.528,0.551,0.554,103,180,0.572,0.105,10,34,0.294,2024-25,Regular Season,Touch < 2 Seconds
1629611,Terance Mann,1610612737,ATL,28.0,67,65,0.518,110,214,0.514,0.633,0.213,59,88,0.67,0.305,51,126,0.405,2024-25,Regular Season,Touch < 2 Seconds
1631096,Chet Holmgren,1610612760,OKC,23.0,32,32,0.622,115,212,0.542,0.637,0.308,75,105,0.714,0.314,40,107,0.374,2024-25,Regular Season,Touch < 2 Seconds
1642275,Tidjane Salaün,1610612766,CHA,19.0,60,58,0.609,71,210,0.338,0.443,0.136,27,47,0.574,0.472,44,163,0.27,2024-25,Regular Season,Touch < 2 Seconds
1630249,Vít Krejčí,1610612737,ATL,25.0,57,54,0.716,101,209,0.483,0.67,0.134,23,39,0.59,0.582,78,170,0.459,2024-25,Regular Season,Touch < 2 Seconds
1630171,Isaac Okoro,1610612739,CLE,24.0,55,55,0.779,98,208,0.471,0.596,0.251,46,67,0.687,0.528,52,141,0.369,2024-25,Regular Season,Touch < 2 Seconds
1631217,Moussa Diabate,1610612766,CHA,23.0,71,63,0.739,127,207,0.614,0.614,0.721,127,202,0.629,0.018,0,5,0.0,2024-25,Regular Season,Touch < 2 Seconds
1631255,Karlo Matković,1610612740,NOP,24.0,42,38,0.877,117,206,0.568,0.619,0.596,96,140,0.686,0.281,21,66,0.318,2024-25,Regular Season,Touch < 2 Seconds
1628973,Jalen Brunson,1610612752,NYK,28.0,64,60,0.174,97,205,0.473,0.617,0.049,38,58,0.655,0.125,59,147,0.401,2024-25,Regular Season,Touch < 2 Seconds
1629610,DaQuan Jeffries,1610612766,CHA,27.0,47,45,0.704,84,205,0.41,0.532,0.179,34,52,0.654,0.526,50,153,0.327,2024-25,Regular Season,Touch < 2 Seconds
1629637,Jaxson Hayes,1610612747,LAL,25.0,56,54,0.915,150,204,0.735,0.735,0.901,150,201,0.746,0.013,0,3,0.0,2024-25,Regular Season,Touch < 2 Seconds
1630591,Jalen Suggs,1610612753,ORL,24.0,35,34,0.424,80,204,0.392,0.529,0.083,24,40,0.6,0.341,56,164,0.341,2024-25,Regular Season,Touch < 2 Seconds
1628983,Shai Gilgeous-Alexander,1610612760,OKC,26.0,76,68,0.123,116,203,0.571,0.67,0.068,76,112,0.679,0.055,40,91,0.44,2024-25,Regular Season,Touch < 2 Seconds
1629630,Ja Morant,1610612763,MEM,25.0,49,48,0.234,85,203,0.419,0.53,0.07,40,61,0.656,0.164,45,142,0.317,2024-25,Regular Season,Touch < 2 Seconds
1631222,Jake LaRavia,1610612758,SAC,23.0,66,60,0.593,103,200,0.515,0.655,0.211,47,71,0.662,0.383,56,129,0.434,2024-25,Regular Season,Touch < 2 Seconds
201935,James Harden,1610612746,LAC,35.0,79,68,0.154,86,199,0.432,0.588,0.032,24,41,0.585,0.122,62,158,0.392,2024-25,Regular Season,Touch < 2 Seconds
1631119,Jaylin Williams,1610612760,OKC,23.0,47,47,0.896,86,198,0.434,0.583,0.226,27,50,0.54,0.67,59,148,0.399,2024-25,Regular Season,Touch < 2 Seconds
1630322,Lindy Waters III,1610612765,DET,27.0,52,51,0.802,72,198,0.364,0.508,0.117,15,29,0.517,0.684,57,169,0.337,2024-25,Regular Season,Touch < 2 Seconds
1629029,Luka Doncic,1610612747,LAL,26.0,50,50,0.192,91,197,0.462,0.594,0.055,39,56,0.696,0.138,52,141,0.369,2024-25,Regular Season,Touch < 2 Seconds
1630175,Cole Anthony,1610612763,MEM,25.0,67,59,0.361,78,196,0.398,0.543,0.057,21,31,0.677,0.304,57,165,0.345,2024-25,Regular Season,Touch < 2 Seconds
202695,Kawhi Leonard,1610612746,LAC,34.0,37,36,0.313,106,195,0.544,0.667,0.132,58,82,0.707,0.181,48,113,0.425,2024-25,Regular Season,Touch < 2 Seconds
202692,Alec Burks,1610612748,MIA,33.0,49,41,0.712,82,193,0.425,0.63,0.03,3,8,0.375,0.683,79,185,0.427,2024-25,Regular Season,Touch < 2 Seconds
1631115,Orlando Robinson,1610612761,TOR,24.0,44,38,0.732,90,191,0.471,0.516,0.54,73,141,0.518,0.192,17,50,0.34,2024-25,Regular Season,Touch < 2 Seconds
1630558,Davion Mitchell,1610612748,MIA,26.0,74,69,0.397,78,189,0.413,0.582,0.055,14,26,0.538,0.342,64,163,0.393,2024-25,Regular Season,Touch < 2 Seconds
1629614,Andrew Nembhard,1610612754,IND,25.0,65,62,0.351,70,189,0.37,0.474,0.091,31,49,0.633,0.26,39,140,0.279,2024-25,Regular Season,Touch < 2 Seconds
1641716,Jarace Walker,1610612754,IND,21.0,75,65,0.522,89,188,0.473,0.62,0.147,34,53,0.642,0.375,55,135,0.407,2024-25,Regular Season,Touch < 2 Seconds
1641724,Jett Howard,1610612753,ORL,21.0,60,52,0.718,65,188,0.346,0.476,0.095,16,25,0.64,0.622,49,163,0.301,2024-25,Regular Season,Touch < 2 Seconds
1630193,Immanuel Quickley,1610612761,TOR,26.0,33,33,0.427,78,187,0.417,0.572,0.082,20,36,0.556,0.345,58,151,0.384,2024-25,Regular Season,Touch < 2 Seconds
1631200,Kris Murray,1610612757,POR,24.0,69,55,0.667,76,186,0.409,0.478,0.276,50,77,0.649,0.391,26,109,0.239,2024-25,Regular Season,Touch < 2 Seconds
1628998,Cody Martin,1610612756,PHX,29.0,53,48,0.572,73,186,0.392,0.492,0.172,36,56,0.643,0.4,37,130,0.285,2024-25,Regular Season,Touch < 2 Seconds
203552,Seth Curry,1610612766,CHA,34.0,68,57,0.536,89,184,0.484,0.663,0.108,23,37,0.622,0.429,66,147,0.449,2024-25,Regular Season,Touch < 2 Seconds
1641774,Tristan Vukcevic,1610612764,WAS,22.0,35,33,0.756,98,183,0.536,0.634,0.376,62,91,0.681,0.38,36,92,0.391,2024-25,Regular Season,Touch < 2 Seconds
1631170,Jaime Jaquez Jr.,1610612748,MIA,24.0,66,56,0.396,79,183,0.432,0.519,0.171,47,79,0.595,0.225,32,104,0.308,2024-25,Regular Season,Touch < 2 Seconds
1630702,Jaden Hardy,1610612742,DAL,22.0,57,51,0.443,75,183,0.41,0.582,0.061,12,25,0.48,0.383,63,158,0.399,2024-25,Regular Season,Touch < 2 Seconds
1629660,Ty Jerome,1610612739,CLE,27.0,70,66,0.293,89,181,0.492,0.655,0.073,30,45,0.667,0.22,59,136,0.434,2024-25,Regular Season,Touch < 2 Seconds
1628366,Lonzo Ball,1610612741,CHI,27.0,35,35,0.745,61,181,0.337,0.486,0.053,7,13,0.538,0.691,54,168,0.321,2024-25,Regular Season,Touch < 2 Seconds
1629013,Landry Shamet,1610612752,NYK,28.0,49,45,0.789,77,180,0.428,0.586,0.162,20,37,0.541,0.627,57,143,0.399,2024-25,Regular Season,Touch < 2 Seconds
202331,Paul George,1610612755,PHI,35.0,41,41,0.316,72,180,0.4,0.556,0.06,16,34,0.471,0.256,56,146,0.384,2024-25,Regular Season,Touch < 2 Seconds
1641715,Cam Whitmore,1610612745,HOU,20.0,51,45,0.439,78,177,0.441,0.551,0.149,39,60,0.65,0.29,39,117,0.333,2024-25,Regular Season,Touch < 2 Seconds
1628971,Bruce Brown,1610612740,NOP,28.0,41,39,0.563,84,174,0.483,0.557,0.311,58,96,0.604,0.252,26,78,0.333,2024-25,Regular Season,Touch < 2 Seconds
203903,Jordan Clarkson,1610612762,UTA,33.0,37,36,0.354,66,174,0.379,0.526,0.077,15,38,0.395,0.276,51,136,0.375,2024-25,Regular Season,Touch < 2 Seconds
1629021,Moritz Wagner,1610612753,ORL,28.0,30,29,0.695,99,173,0.572,0.65,0.398,72,99,0.727,0.297,27,74,0.365,2024-25,Regular Season,Touch < 2 Seconds
1631216,Caleb Houstan,1610612753,ORL,22.0,58,49,0.911,72,173,0.416,0.598,0.095,9,18,0.5,0.816,63,155,0.406,2024-25,Regular Season,Touch < 2 Seconds
203915,Spencer Dinwiddie,1610612742,DAL,32.0,79,64,0.254,66,173,0.382,0.532,0.035,14,24,0.583,0.218,52,149,0.349,2024-25,Regular Season,Touch < 2 Seconds
203486,Mason Plumlee,1610612756,PHX,35.0,74,62,0.847,114,171,0.667,0.667,0.832,114,168,0.679,0.015,0,3,0.0,2024-25,Regular Season,Touch < 2 Seconds
1631133,Jabari Walker,1610612757,POR,22.0,60,49,0.747,91,171,0.532,0.614,0.432,63,99,0.636,0.314,28,72,0.389,2024-25,Regular Season,Touch < 2 Seconds
1629674,Neemias Queta,1610612738,BOS,25.0,62,50,0.859,112,170,0.659,0.659,0.843,112,167,0.671,0.015,0,3,0.0,2024-25,Regular Season,Touch < 2 Seconds
1641726,Dereck Lively II,1610612742,DAL,21.0,36,36,0.874,120,167,0.719,0.719,0.874,120,167,0.719,0.0,0,0,,2024-25,Regular Season,Touch < 2 Seconds
203083,Andre Drummond,1610612755,PHI,31.0,40,40,0.714,88,167,0.527,0.536,0.637,85,149,0.57,0.077,3,18,0.167,2024-25,Regular Season,Touch < 2 Seconds
1626166,Cameron Payne,1610612752,NYK,30.0,71,62,0.378,55,166,0.331,0.485,0.034,4,15,0.267,0.344,51,151,0.338,2024-25,Regular Season,Touch < 2 Seconds
1642345,Oso Ighodaro,1610612756,PHX,22.0,61,51,0.882,102,165,0.618,0.618,0.882,102,165,0.618,0.0,0,0,,2024-25,Regular Season,Touch < 2 Seconds
1630231,KJ Martin,1610612762,UTA,24.0,43,39,0.816,92,164,0.561,0.607,0.532,77,107,0.72,0.284,15,57,0.263,2024-25,Regular Season,Touch < 2 Seconds
1642262,Cody Williams,1610612762,UTA,20.0,50,47,0.63,52,162,0.321,0.426,0.121,18,31,0.581,0.51,34,131,0.26,2024-25,Regular Season,Touch < 2 Seconds
203482,Kelly Olynyk,1610612740,NOP,34.0,44,43,0.597,85,160,0.531,0.619,0.347,57,93,0.613,0.25,28,67,0.418,2024-25,Regular Season,Touch < 2 Seconds
101108,Chris Paul,1610612759,SAS,40.0,82,69,0.271,64,158,0.405,0.585,0.019,7,11,0.636,0.252,57,147,0.388,2024-25,Regular Season,Touch < 2 Seconds
1642268,Isaiah Collier,1610612762,UTA,20.0,71,57,0.283,63,157,0.401,0.484,0.097,37,54,0.685,0.186,26,103,0.252,2024-25,Regular Season,Touch < 2 Seconds
1631093,Jaden Ivey,1610612765,DET,23.0,30,30,0.378,80,156,0.513,0.657,0.126,35,52,0.673,0.252,45,104,0.433,2024-25,Regular Season,Touch < 2 Seconds
1641810,Antonio Reeves,1610612740,NOP,24.0,44,38,0.629,73,156,0.468,0.609,0.194,29,48,0.604,0.435,44,108,0.407,2024-25,Regular Season,Touch < 2 Seconds
1630611,Gui Santos,1610612744,GSW,23.0,56,47,0.866,71,155,0.458,0.565,0.313,38,56,0.679,0.553,33,99,0.333,2024-25,Regular Season,Touch < 2 Seconds
1628988,Aaron Holiday,1610612745,HOU,28.0,62,54,0.575,63,154,0.409,0.597,0.034,5,9,0.556,0.541,58,145,0.4,2024-25,Regular Season,Touch < 2 Seconds
1629627,Zion Williamson,1610612740,NOP,24.0,30,30,0.301,104,153,0.68,0.686,0.283,102,144,0.708,0.018,2,9,0.222,2024-25,Regular Season,Touch < 2 Seconds
1629626,Bol Bol,1610612756,PHX,25.0,36,31,0.82,79,150,0.527,0.627,0.355,49,65,0.754,0.464,30,85,0.353,2024-25,Regular Season,Touch < 2 Seconds
1631207,Dalen Terry,1610612741,CHI,22.0,73,59,0.56,65,150,0.433,0.553,0.19,29,51,0.569,0.369,36,99,0.364,2024-25,Regular Season,Touch < 2 Seconds
1631243,Mouhamed Gueye,1610612737,ATL,22.0,33,33,0.86,59,147,0.401,0.473,0.392,38,67,0.567,0.468,21,80,0.263,2024-25,Regular Season,Touch < 2 Seconds
1641737,Adem Bona,1610612755,PHI,22.0,58,42,0.755,104,145,0.717,0.717,0.75,104,144,0.722,0.005,0,1,0.0,2024-25,Regular Season,Touch < 2 Seconds
1641871,Duop Reath,1610612757,POR,29.0,46,37,0.867,61,144,0.424,0.538,0.247,28,41,0.683,0.62,33,103,0.32,2024-25,Regular Season,Touch < 2 Seconds
1630639,A.J. Lawson,1610612761,TOR,24.0,26,25,0.758,57,144,0.396,0.503,0.247,26,47,0.553,0.511,31,97,0.32,2024-25,Regular Season,Touch < 2 Seconds
203500,Steven Adams,1610612745,HOU,31.0,58,48,0.856,80,143,0.559,0.559,0.844,80,141,0.567,0.012,0,2,0.0,2024-25,Regular Season,Touch < 2 Seconds
1629234,Drew Eubanks,1610612746,LAC,28.0,61,49,0.732,89,142,0.627,0.634,0.706,87,137,0.635,0.026,2,5,0.4,2024-25,Regular Season,Touch < 2 Seconds
1630527,Brandon Boston,1610612740,NOP,23.0,42,38,0.375,69,142,0.486,0.613,0.127,33,48,0.688,0.248,36,94,0.383,2024-25,Regular Season,Touch < 2 Seconds
1629004,Svi Mykhailiuk,1610612762,UTA,28.0,38,37,0.472,61,142,0.43,0.613,0.043,9,13,0.692,0.429,52,129,0.403,2024-25,Regular Season,Touch < 2 Seconds
1641748,Andre Jackson Jr.,1610612749,MIL,23.0,67,55,0.716,71,141,0.504,0.603,0.36,43,71,0.606,0.355,28,70,0.4,2024-25,Regular Season,Touch < 2 Seconds
203954,Joel Embiid,1610612755,PHI,31.0,19,19,0.448,60,141,0.426,0.5,0.244,39,77,0.506,0.203,21,64,0.328,2024-25,Regular Season,Touch < 2 Seconds
1641796,Pelle Larsson,1610612748,MIA,24.0,55,45,0.695,60,141,0.426,0.528,0.266,31,54,0.574,0.429,29,87,0.333,2024-25,Regular Season,Touch < 2 Seconds
1628997,Caleb Martin,1610612742,DAL,29.0,45,38,0.461,61,140,0.436,0.557,0.188,27,57,0.474,0.273,34,83,0.41,2024-25,Regular Season,Touch < 2 Seconds
201569,Eric Gordon,1610612755,PHI,36.0,39,36,0.676,58,138,0.42,0.609,0.059,6,12,0.5,0.618,52,126,0.413,2024-25,Regular Season,Touch < 2 Seconds
1630215,Jared Butler,1610612755,PHI,24.0,60,45,0.302,63,137,0.46,0.617,0.06,20,27,0.741,0.243,43,110,0.391,2024-25,Regular Season,Touch < 2 Seconds
1642263,Reed Sheppard,1610612745,HOU,21.0,52,44,0.565,47,135,0.348,0.489,0.109,9,26,0.346,0.456,38,109,0.349,2024-25,Regular Season,Touch < 2 Seconds
1626204,Larry Nance Jr.,1610612737,ATL,32.0,24,24,0.852,70,132,0.53,0.655,0.374,37,58,0.638,0.477,33,74,0.446,2024-25,Regular Season,Touch < 2 Seconds
201599,DeAndre Jordan,1610612743,DEN,36.0,56,50,0.921,84,128,0.656,0.656,0.921,84,128,0.656,0.0,0,0,,2024-25,Regular Season,Touch < 2 Seconds
203937,Kyle Anderson,1610612748,MIA,31.0,61,48,0.425,63,128,0.492,0.57,0.239,43,72,0.597,0.186,20,56,0.357,2024-25,Regular Season,Touch < 2 Seconds
1629645,Kevin Porter Jr.,1610612749,MIL,25.0,75,56,0.196,59,128,0.461,0.559,0.081,34,53,0.642,0.115,25,75,0.333,2024-25,Regular Season,Touch < 2 Seconds
203935,Marcus Smart,1610612764,WAS,31.0,34,33,0.498,44,128,0.344,0.488,0.066,7,17,0.412,0.432,37,111,0.333,2024-25,Regular Season,Touch < 2 Seconds
204456,T.J. McConnell,1610612754,IND,33.0,79,64,0.204,62,127,0.488,0.531,0.149,51,93,0.548,0.054,11,34,0.324,2024-25,Regular Season,Touch < 2 Seconds
1630695,Micah Potter,1610612762,UTA,27.0,38,36,0.933,54,126,0.429,0.552,0.215,23,29,0.793,0.719,31,97,0.32,2024-25,Regular Season,Touch < 2 Seconds
1630570,Trendon Watford,1610612751,BKN,24.0,44,41,0.354,52,124,0.419,0.52,0.14,27,49,0.551,0.214,25,75,0.333,2024-25,Regular Season,Touch < 2 Seconds
1627749,Dejounte Murray,1610612740,NOP,28.0,31,29,0.249,38,123,0.309,0.431,0.053,8,26,0.308,0.197,30,97,0.309,2024-25,Regular Season,Touch < 2 Seconds
1629111,Jock Landale,1610612745,HOU,29.0,42,34,0.803,67,122,0.549,0.59,0.645,57,98,0.582,0.158,10,24,0.417,2024-25,Regular Season,Touch < 2 Seconds
1631157,Ryan Rollins,1610612749,MIL,22.0,56,38,0.45,57,122,0.467,0.643,0.077,14,21,0.667,0.373,43,101,0.426,2024-25,Regular Season,Touch < 2 Seconds
1629006,Josh Okogie,1610612766,CHA,26.0,40,35,0.566,52,120,0.433,0.546,0.184,25,39,0.641,0.382,27,81,0.333,2024-25,Regular Season,Touch < 2 Seconds
1630192,Zeke Nnaji,1610612743,DEN,24.0,57,42,0.856,63,119,0.529,0.601,0.482,46,67,0.687,0.374,17,52,0.327,2024-25,Regular Season,Touch < 2 Seconds
203114,Khris Middleton,1610612764,WAS,33.0,37,33,0.353,59,119,0.496,0.63,0.122,27,41,0.659,0.231,32,78,0.41,2024-25,Regular Season,Touch < 2 Seconds
1628464,Daniel Theis,1610612740,NOP,33.0,38,36,0.922,57,119,0.479,0.517,0.643,48,83,0.578,0.279,9,36,0.25,2024-25,Regular Season,Touch < 2 Seconds
1629659,Talen Horton-Tucker,1610612741,CHI,24.0,58,39,0.392,46,114,0.404,0.557,0.062,11,18,0.611,0.33,35,96,0.365,2024-25,Regular Season,Touch < 2 Seconds
1641787,Tosan Evbuomwan,1610612751,BKN,24.0,28,27,0.514,46,113,0.407,0.504,0.177,24,39,0.615,0.336,22,74,0.297,2024-25,Regular Season,Touch < 2 Seconds
1630560,Cam Thomas,1610612751,BKN,23.0,25,24,0.249,43,113,0.381,0.496,0.066,17,30,0.567,0.183,26,83,0.313,2024-25,Regular Season,Touch < 2 Seconds
203926,Doug McDermott,1610612758,SAC,33.0,42,31,0.957,50,112,0.446,0.643,0.094,6,11,0.545,0.863,44,101,0.436,2024-25,Regular Season,Touch < 2 Seconds
1629003,Shake Milton,1610612747,LAL,28.0,57,37,0.441,46,112,0.411,0.558,0.102,13,26,0.5,0.339,33,86,0.384,2024-25,Regular Season,Touch < 2 Seconds
1641713,GG Jackson,1610612763,MEM,20.0,29,26,0.558,42,111,0.378,0.514,0.141,12,28,0.429,0.417,30,83,0.361,2024-25,Regular Season,Touch < 2 Seconds
1631246,Vince Williams Jr.,1610612763,MEM,24.0,26,26,0.683,40,110,0.364,0.455,0.211,20,34,0.588,0.472,20,76,0.263,2024-25,Regular Season,Touch < 2 Seconds
203914,Gary Harris,1610612753,ORL,30.0,48,41,0.82,37,109,0.339,0.486,0.098,5,13,0.385,0.722,32,96,0.333,2024-25,Regular Season,Touch < 2 Seconds
1626158,Richaun Holmes,1610612764,WAS,31.0,31,29,0.777,71,108,0.657,0.657,0.763,71,106,0.67,0.014,0,2,0.0,2024-25,Regular Season,Touch < 2 Seconds
1627742,Brandon Ingram,1610612761,TOR,27.0,18,18,0.324,55,108,0.509,0.657,0.102,23,34,0.676,0.222,32,74,0.432,2024-25,Regular Season,Touch < 2 Seconds
1629020,Jarred Vanderbilt,1610612747,LAL,26.0,36,34,0.893,51,108,0.472,0.514,0.628,42,76,0.553,0.264,9,32,0.281,2024-25,Regular Season,Touch < 2 Seconds
1630556,Kessler Edwards,1610612742,DAL,24.0,40,28,0.793,55,107,0.514,0.617,0.4,33,54,0.611,0.393,22,53,0.415,2024-25,Regular Season,Touch < 2 Seconds
1629022,Lonnie Walker IV,1610612755,PHI,26.0,20,19,0.505,45,107,0.421,0.575,0.075,12,16,0.75,0.429,33,91,0.363,2024-25,Regular Season,Touch < 2 Seconds
1642354,KJ Simpson,1610612766,CHA,22.0,36,34,0.355,35,107,0.327,0.421,0.083,15,25,0.6,0.272,20,82,0.244,2024-25,Regular Season,Touch < 2 Seconds
1629646,Charles Bassey,1610612759,SAS,24.0,36,29,0.906,60,106,0.566,0.566,0.906,60,106,0.566,0.0,0,0,,2024-25,Regular Season,Touch < 2 Seconds
1628964,Mo Bamba,1610612740,NOP,27.0,32,31,0.946,49,106,0.462,0.533,0.464,34,52,0.654,0.482,15,54,0.278,2024-25,Regular Season,Touch < 2 Seconds
1630529,Herbert Jones,1610612740,NOP,26.0,20,20,0.616,44,106,0.415,0.519,0.221,22,38,0.579,0.395,22,68,0.324,2024-25,Regular Season,Touch < 2 Seconds
1642272,Jared McCain,1610612755,PHI,21.0,23,20,0.383,48,105,0.457,0.638,0.047,10,13,0.769,0.336,38,92,0.413,2024-25,Regular Season,Touch < 2 Seconds
1629618,Jalen Pickett,1610612743,DEN,25.0,49,38,0.583,42,105,0.4,0.529,0.15,15,27,0.556,0.433,27,78,0.346,2024-25,Regular Season,Touch < 2 Seconds
202709,Cory Joseph,1610612753,ORL,33.0,50,41,0.675,38,104,0.365,0.529,0.071,4,11,0.364,0.604,34,93,0.366,2024-25,Regular Season,Touch < 2 Seconds
1630194,Paul Reed,1610612765,DET,26.0,45,35,0.711,53,101,0.525,0.564,0.542,45,77,0.584,0.169,8,24,0.333,2024-25,Regular Season,Touch < 2 Seconds
1626192,Pat Connaughton,1610612749,MIL,32.0,41,34,0.565,42,100,0.42,0.525,0.186,21,33,0.636,0.379,21,67,0.313,2024-25,Regular Season,Touch < 2 Seconds
1631104,Blake Wesley,1610612759,SAS,22.0,58,41,0.538,41,100,0.41,0.485,0.253,26,47,0.553,0.285,15,53,0.283,2024-25,Regular Season,Touch < 2 Seconds
1641816,Hunter Tyson,1610612743,DEN,25.0,51,37,0.833,36,100,0.36,0.47,0.25,14,30,0.467,0.583,22,70,0.314,2024-25,Regular Season,Touch < 2 Seconds
1641765,Olivier-Maxence Prosper,1610612742,DAL,22.0,52,40,0.569,41,99,0.414,0.475,0.305,29,53,0.547,0.264,12,46,0.261,2024-25,Regular Season,Touch < 2 Seconds
1630692,Jordan Goodwin,1610612747,LAL,26.0,29,26,0.674,42,97,0.433,0.557,0.25,18,36,0.5,0.424,24,61,0.393,2024-25,Regular Season,Touch < 2 Seconds
1631204,Marcus Sasser,1610612765,DET,24.0,57,44,0.322,40,95,0.421,0.553,0.085,15,25,0.6,0.237,25,70,0.357,2024-25,Regular Season,Touch < 2 Seconds
1628420,Monte Morris,1610612756,PHX,30.0,45,38,0.482,41,94,0.436,0.58,0.103,14,20,0.7,0.379,27,74,0.365,2024-25,Regular Season,Touch < 2 Seconds
1642281,Jaylon Tyson,1610612739,CLE,22.0,47,34,0.631,38,94,0.404,0.495,0.262,21,39,0.538,0.369,17,55,0.309,2024-25,Regular Season,Touch < 2 Seconds
201567,Kevin Love,1610612748,MIA,36.0,23,19,0.817,32,94,0.34,0.457,0.287,10,33,0.303,0.53,22,61,0.361,2024-25,Regular Season,Touch < 2 Seconds
202687,Bismack Biyombo,1610612759,SAS,32.0,28,26,0.816,52,93,0.559,0.559,0.816,52,93,0.559,0.0,0,0,,2024-25,Regular Season,Touch < 2 Seconds
1627732,Ben Simmons,1610612746,LAC,28.0,51,41,0.417,50,93,0.538,0.538,0.417,50,93,0.538,0.0,0,0,,2024-25,Regular Season,Touch < 2 Seconds
1642358,AJ Johnson,1610612764,WAS,20.0,29,23,0.437,38,93,0.409,0.495,0.16,22,34,0.647,0.277,16,59,0.271,2024-25,Regular Season,Touch < 2 Seconds
1631230,Dominick Barlow,1610612737,ATL,22.0,35,25,0.814,49,92,0.533,0.571,0.575,42,65,0.646,0.239,7,27,0.259,2024-25,Regular Season,Touch < 2 Seconds
1631103,Malaki Branham,1610612759,SAS,22.0,47,36,0.484,44,92,0.478,0.636,0.121,15,23,0.652,0.363,29,69,0.42,2024-25,Regular Season,Touch < 2 Seconds
1631288,Jamal Cain,1610612740,NOP,26.0,37,29,0.582,35,92,0.38,0.495,0.152,14,24,0.583,0.43,21,68,0.309,2024-25,Regular Season,Touch < 2 Seconds
1641794,Dillon Jones,1610612760,OKC,23.0,54,37,0.692,35,92,0.38,0.462,0.248,20,33,0.606,0.444,15,59,0.254,2024-25,Regular Season,Touch < 2 Seconds
1630200,Tre Jones,1610612741,CHI,25.0,46,40,0.378,55,90,0.611,0.711,0.193,37,46,0.804,0.185,18,44,0.409,2024-25,Regular Season,Touch < 2 Seconds
1641740,Jaylen Clark,1610612750,MIN,23.0,40,32,0.733,41,88,0.466,0.591,0.317,19,38,0.5,0.417,22,50,0.44,2024-25,Regular Season,Touch < 2 Seconds
1642382,Branden Carlson,1610612760,OKC,26.0,32,24,0.907,39,88,0.443,0.568,0.237,17,23,0.739,0.67,22,65,0.338,2024-25,Regular Season,Touch < 2 Seconds
1630568,Luka Garza,1610612750,MIN,26.0,39,29,0.81,42,85,0.494,0.553,0.476,32,50,0.64,0.333,10,35,0.286,2024-25,Regular Season,Touch < 2 Seconds
1629723,John Konchar,1610612763,MEM,29.0,46,33,0.934,39,85,0.459,0.594,0.264,16,24,0.667,0.67,23,61,0.377,2024-25,Regular Season,Touch < 2 Seconds
1629684,Grant Williams,1610612766,CHA,26.0,16,16,0.683,41,84,0.488,0.631,0.203,17,25,0.68,0.48,24,59,0.407,2024-25,Regular Season,Touch < 2 Seconds
1631172,Ousmane Dieng,1610612760,OKC,22.0,37,28,0.664,40,83,0.482,0.608,0.2,19,25,0.76,0.464,21,58,0.362,2024-25,Regular Season,Touch < 2 Seconds
1630539,Kai Jones,1610612742,DAL,24.0,40,25,0.752,75,82,0.915,0.921,0.725,74,79,0.937,0.028,1,3,0.333,2024-25,Regular Season,Touch < 2 Seconds
201145,Jeff Green,1610612745,HOU,38.0,32,27,0.678,36,82,0.439,0.598,0.107,10,13,0.769,0.57,26,69,0.377,2024-25,Regular Season,Touch < 2 Seconds
1628963,Marvin Bagley III,1610612763,MEM,26.0,31,22,0.764,41,81,0.506,0.525,0.585,38,62,0.613,0.179,3,19,0.158,2024-25,Regular Season,Touch < 2 Seconds
1641712,Rayan Rupert,1610612757,POR,21.0,52,28,0.57,33,81,0.407,0.488,0.232,20,33,0.606,0.338,13,48,0.271,2024-25,Regular Season,Touch < 2 Seconds
1631248,Baylor Scheierman,1610612738,BOS,24.0,31,24,0.736,26,81,0.321,0.457,0.073,4,8,0.5,0.664,22,73,0.301,2024-25,Regular Season,Touch < 2 Seconds
1630243,Trevelin Queen,1610612753,ORL,28.0,31,21,0.544,29,80,0.363,0.45,0.19,15,28,0.536,0.354,14,52,0.269,2024-25,Regular Season,Touch < 2 Seconds
201959,Taj Gibson,1610612766,CHA,40.0,37,30,0.832,40,79,0.506,0.513,0.811,39,77,0.506,0.021,1,2,0.5,2024-25,Regular Season,Touch < 2 Seconds
1630256,Jae'Sean Tate,1610612745,HOU,29.0,52,34,0.534,38,79,0.481,0.582,0.243,22,36,0.611,0.291,16,43,0.372,2024-25,Regular Season,Touch < 2 Seconds
1642349,Ajay Mitchell,1610612760,OKC,23.0,36,29,0.427,37,79,0.468,0.601,0.141,16,26,0.615,0.286,21,53,0.396,2024-25,Regular Season,Touch < 2 Seconds
1631221,Collin Gillespie,1610612756,PHX,26.0,33,28,0.5,34,79,0.43,0.62,0.063,4,10,0.4,0.437,30,69,0.435,2024-25,Regular Season,Touch < 2 Seconds
1642277,Johnny Furphy,1610612754,IND,20.0,50,26,0.859,32,79,0.405,0.5,0.348,17,32,0.531,0.511,15,47,0.319,2024-25,Regular Season,Touch < 2 Seconds
200768,Kyle Lowry,1610612755,PHI,39.0,35,31,0.675,26,79,0.329,0.481,0.051,2,6,0.333,0.624,24,73,0.329,2024-25,Regular Season,Touch < 2 Seconds
1631232,Keion Brooks Jr.,1610612740,NOP,24.0,14,12,0.697,34,76,0.447,0.539,0.303,20,33,0.606,0.394,14,43,0.326,2024-25,Regular Season,Touch < 2 Seconds
1631166,Drew Timme,1610612751,BKN,24.0,9,9,0.745,33,76,0.434,0.487,0.422,25,43,0.581,0.324,8,33,0.242,2024-25,Regular Season,Touch < 2 Seconds
1631223,David Roddy,1610612745,HOU,24.0,33,26,0.608,30,76,0.395,0.507,0.168,13,21,0.619,0.44,17,55,0.309,2024-25,Regular Season,Touch < 2 Seconds
1631111,Wendell Moore Jr.,1610612766,CHA,23.0,36,26,0.595,37,75,0.493,0.58,0.31,24,39,0.615,0.286,13,36,0.361,2024-25,Regular Season,Touch < 2 Seconds
1628470,Torrey Craig,1610612738,BOS,34.0,26,21,0.822,31,74,0.419,0.568,0.156,9,14,0.643,0.667,22,60,0.367,2024-25,Regular Season,Touch < 2 Seconds
1629629,Cam Reddish,1610612747,LAL,25.0,33,27,0.787,26,74,0.351,0.439,0.309,13,29,0.448,0.479,13,45,0.289,2024-25,Regular Season,Touch < 2 Seconds
1630658,Colin Castleton,1610612761,TOR,25.0,26,20,0.745,36,73,0.493,0.507,0.582,34,57,0.596,0.163,2,16,0.125,2024-25,Regular Season,Touch < 2 Seconds
1629057,Robert Williams III,1610612757,POR,27.0,20,18,0.897,47,70,0.671,0.679,0.859,46,67,0.687,0.038,1,3,0.333,2024-25,Regular Season,Touch < 2 Seconds
1641727,Dariq Whitehead,1610612751,BKN,20.0,20,15,0.729,33,70,0.471,0.7,0.031,1,3,0.333,0.698,32,67,0.478,2024-25,Regular Season,Touch < 2 Seconds
1628975,Jevon Carter,1610612741,CHI,29.0,36,23,0.479,30,70,0.429,0.607,0.055,5,8,0.625,0.425,25,62,0.403,2024-25,Regular Season,Touch < 2 Seconds
1626153,Delon Wright,1610612752,NYK,33.0,40,29,0.534,28,70,0.4,0.536,0.092,9,12,0.75,0.443,19,58,0.328,2024-25,Regular Season,Touch < 2 Seconds
202704,Reggie Jackson,1610612755,PHI,35.0,31,26,0.519,26,69,0.377,0.522,0.09,6,12,0.5,0.429,20,57,0.351,2024-25,Regular Season,Touch < 2 Seconds
1628467,Maxi Kleber,1610612747,LAL,33.0,34,26,0.708,24,68,0.353,0.434,0.229,13,22,0.591,0.479,11,46,0.239,2024-25,Regular Season,Touch < 2 Seconds
1630811,Keaton Wallace,1610612737,ATL,26.0,31,23,0.414,28,67,0.418,0.575,0.043,7,7,1.0,0.37,21,60,0.35,2024-25,Regular Season,Touch < 2 Seconds
201988,Patty Mills,1610612746,LAC,36.0,29,22,0.698,25,67,0.373,0.522,0.094,5,9,0.556,0.604,20,58,0.345,2024-25,Regular Season,Touch < 2 Seconds
203995,Vasilije Micic,1610612756,PHX,31.0,41,31,0.245,22,67,0.328,0.463,0.037,4,10,0.4,0.209,18,57,0.316,2024-25,Regular Season,Touch < 2 Seconds
1641878,Damion Baugh,1610612766,CHA,24.0,15,15,0.515,18,67,0.269,0.351,0.131,7,17,0.412,0.385,11,50,0.22,2024-25,Regular Season,Touch < 2 Seconds
1630545,Terrence Shannon Jr.,1610612750,MIN,24.0,32,21,0.579,34,66,0.515,0.591,0.325,24,37,0.649,0.254,10,29,0.345,2024-25,Regular Season,Touch < 2 Seconds
1641757,Jordan Miller,1610612746,LAC,25.0,37,22,0.493,28,66,0.424,0.485,0.239,20,32,0.625,0.254,8,34,0.235,2024-25,Regular Season,Touch < 2 Seconds
1641745,Adam Flagler,1610612760,OKC,25.0,37,21,0.688,15,66,0.227,0.311,0.073,4,7,0.571,0.615,11,59,0.186,2024-25,Regular Season,Touch < 2 Seconds
1642265,Rob Dillingham,1610612750,MIN,20.0,49,29,0.308,22,65,0.338,0.423,0.109,11,23,0.478,0.199,11,42,0.262,2024-25,Regular Season,Touch < 2 Seconds
1627763,Malcolm Brogdon,1610612764,WAS,32.0,24,22,0.267,29,64,0.453,0.57,0.104,14,25,0.56,0.163,15,39,0.385,2024-25,Regular Season,Touch < 2 Seconds
1631169,Josh Minott,1610612750,MIN,22.0,46,35,0.7,29,63,0.46,0.571,0.233,15,21,0.714,0.467,14,42,0.333,2024-25,Regular Season,Touch < 2 Seconds
1641775,Jordan Walsh,1610612738,BOS,21.0,52,38,0.759,21,63,0.333,0.444,0.145,7,12,0.583,0.614,14,51,0.275,2024-25,Regular Season,Touch < 2 Seconds
1630579,Jericho Sims,1610612749,MIL,26.0,53,30,0.873,41,62,0.661,0.661,0.873,41,62,0.661,0.0,0,0,,2024-25,Regular Season,Touch < 2 Seconds
1631197,Jared Rhoden,1610612761,TOR,25.0,14,12,0.701,31,61,0.508,0.59,0.299,21,26,0.808,0.402,10,35,0.286,2024-25,Regular Season,Touch < 2 Seconds
1631132,Christian Koloko,1610612747,LAL,25.0,37,25,0.909,36,60,0.6,0.6,0.864,36,57,0.632,0.045,0,3,0.0,2024-25,Regular Season,Touch < 2 Seconds
1641732,Colby Jones,1610612764,WAS,23.0,39,23,0.465,24,60,0.4,0.508,0.155,11,20,0.55,0.31,13,40,0.325,2024-25,Regular Season,Touch < 2 Seconds
203458,Alex Len,1610612747,LAL,32.0,46,27,0.937,30,59,0.508,0.525,0.794,28,50,0.56,0.143,2,9,0.222,2024-25,Regular Season,Touch < 2 Seconds
1642403,Isaac Jones,1610612758,SAC,24.0,40,25,0.699,40,58,0.69,0.716,0.602,37,50,0.74,0.096,3,8,0.375,2024-25,Regular Season,Touch < 2 Seconds
1631131,Oscar Tshiebwe,1610612762,UTA,25.0,14,12,0.829,37,58,0.638,0.638,0.829,37,58,0.638,0.0,0,0,,2024-25,Regular Season,Touch < 2 Seconds
1629680,Matisse Thybulle,1610612757,POR,28.0,15,14,0.659,30,58,0.517,0.681,0.159,11,14,0.786,0.5,19,44,0.432,2024-25,Regular Season,Touch < 2 Seconds
1630542,Marcus Bagley,1610612755,PHI,23.0,10,10,0.841,23,58,0.397,0.431,0.435,19,30,0.633,0.406,4,28,0.143,2024-25,Regular Season,Touch < 2 Seconds
203957,Dante Exum,1610612742,DAL,29.0,20,18,0.425,31,57,0.544,0.728,0.104,10,14,0.714,0.321,21,43,0.488,2024-25,Regular Season,Touch < 2 Seconds
1630314,Brandon Williams,1610612742,DAL,25.0,33,20,0.303,28,57,0.491,0.658,0.08,9,15,0.6,0.223,19,42,0.452,2024-25,Regular Season,Touch < 2 Seconds
203939,Dwight Powell,1610612742,DAL,33.0,55,28,0.918,40,56,0.714,0.732,0.836,38,51,0.745,0.082,2,5,0.4,2024-25,Regular Season,Touch < 2 Seconds
1631245,Quenton Jackson,1610612754,IND,26.0,28,18,0.459,28,56,0.5,0.598,0.221,17,27,0.63,0.238,11,29,0.379,2024-25,Regular Season,Touch < 2 Seconds
1630264,Anthony Gill,1610612764,WAS,32.0,51,27,0.636,26,56,0.464,0.554,0.284,16,25,0.64,0.352,10,31,0.323,2024-25,Regular Season,Touch < 2 Seconds
1630288,Jeff Dowtin Jr.,1610612755,PHI,28.0,41,25,0.239,25,55,0.455,0.564,0.087,13,20,0.65,0.152,12,35,0.343,2024-25,Regular Season,Touch < 2 Seconds
1642285,Cam Spencer,1610612763,MEM,25.0,25,15,0.671,24,55,0.436,0.573,0.183,9,15,0.6,0.488,15,40,0.375,2024-25,Regular Season,Touch < 2 Seconds
1641721,Maxwell Lewis,1610612751,BKN,22.0,28,18,0.509,21,55,0.382,0.527,0.13,5,14,0.357,0.38,16,41,0.39,2024-25,Regular Season,Touch < 2 Seconds
1642269,Devin Carter,1610612758,SAC,23.0,36,27,0.417,23,53,0.434,0.547,0.118,11,15,0.733,0.299,12,38,0.316,2024-25,Regular Season,Touch < 2 Seconds
1642024,Alex Reese,1610612755,PHI,26.0,15,15,0.944,24,51,0.471,0.618,0.185,9,10,0.9,0.759,15,41,0.366,2024-25,Regular Season,Touch < 2 Seconds
1630531,Jaden Springer,1610612762,UTA,22.0,43,24,0.567,18,51,0.353,0.451,0.122,8,11,0.727,0.444,10,40,0.25,2024-25,Regular Season,Touch < 2 Seconds
1641998,Trey Jemison III,1610612747,LAL,25.0,38,27,0.676,29,50,0.58,0.58,0.676,29,50,0.58,0.0,0,0,,2024-25,Regular Season,Touch < 2 Seconds
1641854,Craig Porter Jr.,1610612739,CLE,25.0,51,25,0.35,33,49,0.673,0.796,0.179,21,25,0.84,0.171,12,24,0.5,2024-25,Regular Season,Touch < 2 Seconds
1641736,Reece Beekman,1610612751,BKN,23.0,36,25,0.458,14,49,0.286,0.357,0.112,7,12,0.583,0.346,7,37,0.189,2024-25,Regular Season,Touch < 2 Seconds
1629011,Mitchell Robinson,1610612752,NYK,27.0,16,15,0.923,32,48,0.667,0.667,0.923,32,48,0.667,0.0,0,0,,2024-25,Regular Season,Touch < 2 Seconds
1631306,Cole Swider,1610612754,IND,26.0,10,10,0.746,14,47,0.298,0.436,0.079,1,5,0.2,0.667,13,42,0.31,2024-25,Regular Season,Touch < 2 Seconds
1641890,Tyler Smith,1610612749,MIL,20.0,23,18,0.9,22,45,0.489,0.622,0.32,10,16,0.625,0.58,12,29,0.414,2024-25,Regular Season,Touch < 2 Seconds
202684,Tristan Thompson,1610612739,CLE,34.0,40,27,0.634,22,45,0.489,0.489,0.606,22,43,0.512,0.028,0,2,0.0,2024-25,Regular Season,Touch < 2 Seconds
1641738,Kobe Brown,1610612746,LAC,25.0,40,22,0.611,22,44,0.5,0.568,0.25,16,18,0.889,0.361,6,26,0.231,2024-25,Regular Season,Touch < 2 Seconds
1641798,Jaylen Martin,1610612764,WAS,21.0,16,11,0.595,18,44,0.409,0.489,0.297,11,22,0.5,0.297,7,22,0.318,2024-25,Regular Season,Touch < 2 Seconds
1630544,Tre Mann,1610612766,CHA,24.0,13,13,0.273,17,44,0.386,0.545,0.068,3,11,0.273,0.205,14,33,0.424,2024-25,Regular Season,Touch < 2 Seconds
1630623,Tyson Etienne,1610612751,BKN,25.0,7,7,0.846,14,44,0.318,0.466,0.019,1,1,1.0,0.827,13,43,0.302,2024-25,Regular Season,Touch < 2 Seconds
1627814,Damion Lee,1610612756,PHX,32.0,25,21,0.581,15,43,0.349,0.442,0.149,7,11,0.636,0.432,8,32,0.25,2024-25,Regular Season,Touch < 2 Seconds
1642278,Tyler Kolek,1610612752,NYK,24.0,41,21,0.512,15,42,0.357,0.524,0.037,1,3,0.333,0.476,14,39,0.359,2024-25,Regular Season,Touch < 2 Seconds
1630214,Xavier Tillman,1610612738,BOS,26.0,33,20,0.774,9,41,0.22,0.28,0.189,4,10,0.4,0.585,5,31,0.161,2024-25,Regular Season,Touch < 2 Seconds
1630311,Pat Spencer,1610612744,GSW,28.0,39,20,0.396,18,40,0.45,0.513,0.238,13,24,0.542,0.158,5,16,0.313,2024-25,Regular Season,Touch < 2 Seconds
203967,Dario Saric,1610612743,DEN,31.0,16,13,0.714,15,40,0.375,0.463,0.268,8,15,0.533,0.446,7,25,0.28,2024-25,Regular Season,Touch < 2 Seconds
202066,Garrett Temple,1610612761,TOR,39.0,28,16,0.667,14,40,0.35,0.425,0.25,8,15,0.533,0.417,6,25,0.24,2024-25,Regular Season,Touch < 2 Seconds
1631311,Lester Quinones,1610612740,NOP,24.0,13,12,0.5,18,39,0.462,0.59,0.103,8,8,1.0,0.397,10,31,0.323,2024-25,Regular Season,Touch < 2 Seconds
1629162,Jordan McLaughlin,1610612759,SAS,29.0,46,21,0.542,15,39,0.385,0.551,0.056,2,4,0.5,0.486,13,35,0.371,2024-25,Regular Season,Touch < 2 Seconds
202693,Markieff Morris,1610612747,LAL,35.0,15,13,0.557,11,39,0.282,0.397,0.1,2,7,0.286,0.457,9,32,0.281,2024-25,Regular Season,Touch < 2 Seconds
1628981,Bruno Fernando,1610612761,TOR,26.0,17,13,0.776,21,38,0.553,0.553,0.776,21,38,0.553,0.0,0,0,,2024-25,Regular Season,Touch < 2 Seconds
1628396,Tony Bradley,1610612754,IND,27.0,14,8,0.822,26,37,0.703,0.716,0.756,25,34,0.735,0.067,1,3,0.333,2024-25,Regular Season,Touch < 2 Seconds
1630550,JT Thor,1610612764,WAS,22.0,20,16,0.61,18,36,0.5,0.583,0.271,12,16,0.75,0.339,6,20,0.3,2024-25,Regular Season,Touch < 2 Seconds
1631098,Johnny Davis,1610612764,WAS,23.0,34,21,0.449,15,35,0.429,0.514,0.205,9,16,0.563,0.244,6,19,0.316,2024-25,Regular Season,Touch < 2 Seconds
1630205,Lamar Stevens,1610612763,MEM,27.0,17,11,0.556,14,35,0.4,0.5,0.175,7,11,0.636,0.381,7,24,0.292,2024-25,Regular Season,Touch < 2 Seconds
1629650,Moses Brown,1610612742,DAL,25.0,13,8,0.694,26,34,0.765,0.765,0.694,26,34,0.765,0.0,0,0,,2024-25,Regular Season,Touch < 2 Seconds
1629643,Chuma Okeke,1610612739,CLE,26.0,9,8,0.85,17,34,0.5,0.662,0.2,6,8,0.75,0.65,11,26,0.423,2024-25,Regular Season,Touch < 2 Seconds
1630696,Dru Smith,1610612748,MIA,27.0,14,11,0.541,19,33,0.576,0.788,0.148,5,9,0.556,0.393,14,24,0.583,2024-25,Regular Season,Touch < 2 Seconds
1629001,De'Anthony Melton,1610612751,BKN,27.0,6,6,0.611,13,33,0.394,0.576,0.074,1,4,0.25,0.537,12,29,0.414,2024-25,Regular Season,Touch < 2 Seconds
1630538,Bones Hyland,1610612750,MIN,24.0,24,17,0.28,12,33,0.364,0.515,0.025,2,3,0.667,0.254,10,30,0.333,2024-25,Regular Season,Touch < 2 Seconds
1642402,Enrique Freeman,1610612754,IND,24.0,22,16,0.865,13,32,0.406,0.422,0.595,12,22,0.545,0.27,1,10,0.1,2024-25,Regular Season,Touch < 2 Seconds
1630699,MarJon Beauchamp,1610612752,NYK,24.0,35,22,0.477,14,31,0.452,0.548,0.2,8,13,0.615,0.277,6,18,0.333,2024-25,Regular Season,Touch < 2 Seconds
1631466,Nate Williams,1610612745,HOU,26.0,20,11,0.5,12,31,0.387,0.484,0.113,6,7,0.857,0.387,6,24,0.25,2024-25,Regular Season,Touch < 2 Seconds
1631209,Isaiah Wong,1610612766,CHA,24.0,20,15,0.286,14,30,0.467,0.6,0.114,6,12,0.5,0.171,8,18,0.444,2024-25,Regular Season,Touch < 2 Seconds
1631116,Patrick Baldwin Jr.,1610612746,LAC,22.0,24,14,0.829,17,29,0.586,0.81,0.257,4,9,0.444,0.571,13,20,0.65,2024-25,Regular Season,Touch < 2 Seconds
1641809,Drew Peterson,1610612738,BOS,25.0,25,15,0.707,10,29,0.345,0.5,0.098,1,4,0.25,0.61,9,25,0.36,2024-25,Regular Season,Touch < 2 Seconds
1631250,Pete Nance,1610612749,MIL,25.0,13,7,0.875,12,28,0.429,0.589,0.156,3,5,0.6,0.719,9,23,0.391,2024-25,Regular Season,Touch < 2 Seconds
1629052,Oshae Brissett,1610612755,PHI,27.0,6,6,0.718,12,28,0.429,0.5,0.308,8,12,0.667,0.41,4,16,0.25,2024-25,Regular Season,Touch < 2 Seconds
1641720,Jalen Hood-Schifino,1610612755,PHI,22.0,15,11,0.286,11,28,0.393,0.518,0.082,4,8,0.5,0.204,7,20,0.35,2024-25,Regular Season,Touch < 2 Seconds
1642461,Spencer Jones,1610612743,DEN,24.0,20,11,0.824,10,28,0.357,0.375,0.324,9,11,0.818,0.5,1,17,0.059,2024-25,Regular Season,Touch < 2 Seconds
1641734,Emoni Bates,1610612739,CLE,21.0,10,10,0.737,9,28,0.321,0.482,0.105,0,4,0.0,0.632,9,24,0.375,2024-25,Regular Season,Touch < 2 Seconds
1626196,Josh Richardson,1610612748,MIA,31.0,8,8,0.737,9,28,0.321,0.429,0.184,3,7,0.429,0.553,6,21,0.286,2024-25,Regular Season,Touch < 2 Seconds
1629669,Jaylen Nowell,1610612764,WAS,25.0,8,7,0.37,10,27,0.37,0.519,0.068,2,5,0.4,0.301,8,22,0.364,2024-25,Regular Season,Touch < 2 Seconds
1630574,Ariel Hukporti,1610612752,NYK,23.0,25,11,0.839,20,26,0.769,0.769,0.839,20,26,0.769,0.0,0,0,,2024-25,Regular Season,Touch < 2 Seconds
1628995,Kevin Knox II,1610612744,GSW,25.0,14,9,0.694,10,25,0.4,0.46,0.306,7,11,0.636,0.389,3,14,0.214,2024-25,Regular Season,Touch < 2 Seconds
1630346,Matt Ryan,1610612740,NOP,28.0,19,12,0.806,9,25,0.36,0.48,0.226,3,7,0.429,0.581,6,18,0.333,2024-25,Regular Season,Touch < 2 Seconds
1630165,Killian Hayes,1610612751,BKN,23.0,6,5,0.558,11,24,0.458,0.604,0.186,4,8,0.5,0.372,7,16,0.438,2024-25,Regular Season,Touch < 2 Seconds
1642505,Alex Ducas,1610612760,OKC,24.0,21,15,0.8,10,24,0.417,0.625,0.133,0,4,0.0,0.667,10,20,0.5,2024-25,Regular Season,Touch < 2 Seconds
1628427,Vlatko Čančar,1610612743,DEN,28.0,13,8,0.885,7,23,0.304,0.391,0.308,3,8,0.375,0.577,4,15,0.267,2024-25,Regular Season,Touch < 2 Seconds
1642355,Bronny James,1610612747,LAL,20.0,27,11,0.343,6,23,0.261,0.326,0.09,3,6,0.5,0.254,3,17,0.176,2024-25,Regular Season,Touch < 2 Seconds
1630283,Kylor Kelley,1610612747,LAL,27.0,11,7,1.0,14,22,0.636,0.636,1.0,14,22,0.636,0.0,0,0,,2024-25,Regular Season,Touch < 2 Seconds
1631342,Daeqwon Plowden,1610612737,ATL,26.0,6,5,0.88,13,22,0.591,0.795,0.2,4,5,0.8,0.68,9,17,0.529,2024-25,Regular Season,Touch < 2 Seconds
1642359,Pacôme Dadiet,1610612752,NYK,19.0,18,11,0.71,8,22,0.364,0.5,0.129,2,4,0.5,0.581,6,18,0.333,2024-25,Regular Season,Touch < 2 Seconds
1641989,Elijah Harkless,1610612762,UTA,25.0,10,6,0.629,7,22,0.318,0.455,0.029,1,1,1.0,0.6,6,21,0.286,2024-25,Regular Season,Touch < 2 Seconds
1628365,Markelle Fultz,1610612758,SAC,27.0,21,13,0.313,8,21,0.381,0.476,0.194,4,13,0.308,0.119,4,8,0.5,2024-25,Regular Season,Touch < 2 Seconds
1642352,Keshad Johnson,1610612748,MIA,24.0,16,6,0.769,14,20,0.7,0.775,0.5,11,13,0.846,0.269,3,7,0.429,2024-25,Regular Season,Touch < 2 Seconds
1630543,Isaiah Jackson,1610612754,IND,23.0,5,5,0.87,13,20,0.65,0.65,0.87,13,20,0.65,0.0,0,0,,2024-25,Regular Season,Touch < 2 Seconds
1631102,TyTy Washington Jr.,1610612756,PHX,23.0,16,8,0.444,7,20,0.35,0.425,0.111,4,5,0.8,0.333,3,15,0.2,2024-25,Regular Season,Touch < 2 Seconds
1641723,Kobe Bufkin,1610612737,ATL,21.0,10,9,0.426,4,20,0.2,0.275,0.106,1,5,0.2,0.319,3,15,0.2,2024-25,Regular Season,Touch < 2 Seconds
1641790,PJ Hall,1610612743,DEN,23.0,19,11,0.792,11,19,0.579,0.632,0.458,9,11,0.818,0.333,2,8,0.25,2024-25,Regular Season,Touch < 2 Seconds
1641772,Nae'Qwan Tomlin,1610612739,CLE,24.0,5,4,0.594,9,19,0.474,0.526,0.375,7,12,0.583,0.219,2,7,0.286,2024-25,Regular Season,Touch < 2 Seconds
1631321,Sidy Cissoko,1610612757,POR,21.0,22,9,0.633,8,19,0.421,0.5,0.233,5,7,0.714,0.4,3,12,0.25,2024-25,Regular Season,Touch < 2 Seconds
203109,Jae Crowder,1610612758,SAC,34.0,9,6,0.818,7,18,0.389,0.5,0.182,3,4,0.75,0.636,4,14,0.286,2024-25,Regular Season,Touch < 2 Seconds
1631301,Jaylen Sims,1610612766,CHA,26.0,6,6,0.607,6,17,0.353,0.5,0.107,1,3,0.333,0.5,5,14,0.357,2024-25,Regular Season,Touch < 2 Seconds
1641753,Chris Livingston,1610612749,MIL,21.0,21,9,0.63,6,17,0.353,0.353,0.333,6,9,0.667,0.296,0,8,0.0,2024-25,Regular Season,Touch < 2 Seconds
1641725,Trey Alexander,1610612743,DEN,22.0,24,8,0.415,4,17,0.235,0.324,0.049,1,2,0.5,0.366,3,15,0.2,2024-25,Regular Season,Touch < 2 Seconds
1630649,Stanley Umude,1610612749,MIL,26.0,22,12,0.654,4,17,0.235,0.324,0.077,1,2,0.5,0.577,3,15,0.2,2024-25,Regular Season,Touch < 2 Seconds
1642353,Cam Christie,1610612746,LAC,19.0,13,8,0.667,6,16,0.375,0.438,0.333,4,8,0.5,0.333,2,8,0.25,2024-25,Regular Season,Touch < 2 Seconds
1642422,Armel Traore,1610612747,LAL,22.0,9,7,0.842,5,16,0.313,0.313,0.474,5,9,0.556,0.368,0,7,0.0,2024-25,Regular Season,Touch < 2 Seconds
1631303,Justin Minaya,1610612757,POR,26.0,19,8,0.762,5,16,0.313,0.375,0.286,3,6,0.5,0.476,2,10,0.2,2024-25,Regular Season,Touch < 2 Seconds
1642050,Jackson Rowe,1610612744,GSW,28.0,6,6,0.882,8,15,0.533,0.633,0.294,5,5,1.0,0.588,3,10,0.3,2024-25,Regular Season,Touch < 2 Seconds
1631120,JD Davison,1610612738,BOS,22.0,16,11,0.441,5,15,0.333,0.433,0.059,2,2,1.0,0.382,3,13,0.231,2024-25,Regular Season,Touch < 2 Seconds
1631247,Luke Travers,1610612739,CLE,23.0,12,5,0.75,5,15,0.333,0.333,0.3,5,6,0.833,0.45,0,9,0.0,2024-25,Regular Season,Touch < 2 Seconds
1642484,RayJ Dennis,1610612754,IND,24.0,11,5,0.455,4,15,0.267,0.4,0.03,0,1,0.0,0.424,4,14,0.286,2024-25,Regular Season,Touch < 2 Seconds
1629098,Jack McVeigh,1610612745,HOU,29.0,9,6,0.882,4,15,0.267,0.4,0.176,0,3,0.0,0.706,4,12,0.333,2024-25,Regular Season,Touch < 2 Seconds
203901,Elfrid Payton,1610612740,NOP,31.0,24,11,0.115,7,14,0.5,0.536,0.09,6,11,0.545,0.025,1,3,0.333,2024-25,Regular Season,Touch < 2 Seconds
1630604,E.J. Liddell,1610612741,CHI,24.0,12,6,0.933,7,14,0.5,0.607,0.267,4,4,1.0,0.667,3,10,0.3,2024-25,Regular Season,Touch < 2 Seconds
1631210,Jacob Toppin,1610612737,ATL,25.0,17,4,0.636,6,14,0.429,0.571,0.273,2,6,0.333,0.364,4,8,0.5,2024-25,Regular Season,Touch < 2 Seconds
1641707,Taylor Hendricks,1610612762,UTA,21.0,3,3,0.778,4,14,0.286,0.393,0.111,1,2,0.5,0.667,3,12,0.25,2024-25,Regular Season,Touch < 2 Seconds
1630528,Josh Christopher,1610612748,MIA,23.0,14,5,0.419,5,13,0.385,0.462,0.161,3,5,0.6,0.258,2,8,0.25,2024-25,Regular Season,Touch < 2 Seconds
1630537,Chris Duarte,1610612741,CHI,28.0,17,10,0.5,4,13,0.308,0.462,0.077,0,2,0.0,0.423,4,11,0.364,2024-25,Regular Season,Touch < 2 Seconds
1642530,Yuki Kawamura,1610612763,MEM,24.0,22,8,0.433,3,13,0.231,0.346,0.0,0,0,,0.433,3,13,0.231,2024-25,Regular Season,Touch < 2 Seconds
1642368,N'Faly Dante,1610612745,HOU,23.0,4,4,0.846,9,11,0.818,0.818,0.846,9,11,0.818,0.0,0,0,,2024-25,Regular Season,Touch < 2 Seconds
204060,Joe Ingles,1610612750,MIN,37.0,19,8,0.478,3,11,0.273,0.409,0.0,0,0,,0.478,3,11,0.273,2024-25,Regular Season,Touch < 2 Seconds
1642449,Tolu Smith,1610612765,DET,24.0,1,1,1.0,6,9,0.667,0.667,1.0,6,9,0.667,0.0,0,0,,2024-25,Regular Season,Touch < 2 Seconds
1630561,David Duke Jr.,1610612759,SAS,25.0,6,4,0.643,4,9,0.444,0.611,0.214,1,3,0.333,0.429,3,6,0.5,2024-25,Regular Season,Touch < 2 Seconds
1641789,Jazian Gortman,1610612742,DAL,22.0,16,6,0.391,3,9,0.333,0.444,0.043,1,1,1.0,0.348,2,8,0.25,2024-25,Regular Season,Touch < 2 Seconds
1630222,Mason Jones,1610612758,SAC,26.0,10,5,0.5,2,9,0.222,0.278,0.111,1,2,0.5,0.389,1,7,0.143,2024-25,Regular Season,Touch < 2 Seconds
1641936,Miles Norris,1610612738,BOS,25.0,3,2,1.0,2,9,0.222,0.333,0.222,0,2,0.0,0.778,2,7,0.286,2024-25,Regular Season,Touch < 2 Seconds
1641817,Anton Watson,1610612752,NYK,24.0,9,6,0.889,4,8,0.5,0.5,0.778,4,7,0.571,0.111,0,1,0.0,2024-25,Regular Season,Touch < 2 Seconds
1641801,Emanuel Miller,1610612741,CHI,25.0,6,4,1.0,4,8,0.5,0.5,0.875,4,7,0.571,0.125,0,1,0.0,2024-25,Regular Season,Touch < 2 Seconds
1641857,Liam Robbins,1610612749,MIL,25.0,13,6,1.0,2,8,0.25,0.25,0.75,2,6,0.333,0.25,0,2,0.0,2024-25,Regular Season,Touch < 2 Seconds
1630762,Phillip Wheeler,1610612755,PHI,23.0,5,4,0.381,1,8,0.125,0.125,0.095,1,2,0.5,0.286,0,6,0.0,2024-25,Regular Season,Touch < 2 Seconds
1631159,Leonard Miller,1610612750,MIN,21.0,13,5,0.533,1,8,0.125,0.125,0.267,1,4,0.25,0.267,0,4,0.0,2024-25,Regular Season,Touch < 2 Seconds
1641752,Bobi Klintman,1610612765,DET,22.0,8,2,0.7,4,7,0.571,0.643,0.3,3,3,1.0,0.4,1,4,0.25,2024-25,Regular Season,Touch < 2 Seconds
1630585,Marcus Garrett,1610612766,CHA,26.0,4,4,0.259,3,7,0.429,0.643,0.0,0,0,,0.259,3,7,0.429,2024-25,Regular Season,Touch < 2 Seconds
1642384,Isaiah Crawford,1610612758,SAC,23.0,15,6,0.636,3,7,0.429,0.5,0.182,2,2,1.0,0.455,1,5,0.2,2024-25,Regular Season,Touch < 2 Seconds
1641779,Jalen Bridges,1610612756,PHX,24.0,8,6,1.0,2,7,0.286,0.429,0.0,0,0,,1.0,2,7,0.286,2024-25,Regular Season,Touch < 2 Seconds
1642280,Trentyn Flowers,1610612746,LAC,20.0,6,2,0.636,2,7,0.286,0.286,0.455,2,5,0.4,0.182,0,2,0.0,2024-25,Regular Season,Touch < 2 Seconds
1631199,Ron Harper Jr.,1610612765,DET,25.0,1,1,0.875,0,7,0.0,0.0,0.125,0,1,0.0,0.75,0,6,0.0,2024-25,Regular Season,Touch < 2 Seconds
1641766,Adama Sanogo,1610612741,CHI,23.0,4,3,0.857,4,6,0.667,0.667,0.857,4,6,0.667,0.0,0,0,,2024-25,Regular Season,Touch < 2 Seconds
200782,P.J. Tucker,1610612752,NYK,40.0,3,2,0.857,3,6,0.5,0.75,0.0,0,0,,0.857,3,6,0.5,2024-25,Regular Season,Touch < 2 Seconds
201949,James Johnson,1610612754,IND,38.0,12,5,0.455,2,5,0.4,0.4,0.182,2,2,1.0,0.273,0,3,0.0,2024-25,Regular Season,Touch < 2 Seconds
1642279,Ulrich Chomche,1610612761,TOR,19.0,7,4,1.0,2,5,0.4,0.4,1.0,2,5,0.4,0.0,0,0,,2024-25,Regular Season,Touch < 2 Seconds
1631121,Bryce McGowens,1610612757,POR,22.0,13,3,0.357,1,5,0.2,0.2,0.214,1,3,0.333,0.143,0,2,0.0,2024-25,Regular Season,Touch < 2 Seconds
1642450,Daniss Jenkins,1610612765,DET,23.0,7,4,0.5,0,5,0.0,0.0,0.1,0,1,0.0,0.4,0,4,0.0,2024-25,Regular Season,Touch < 2 Seconds
1631386,Taze Moore,1610612757,POR,27.0,2,2,0.4,2,4,0.5,0.625,0.1,1,1,1.0,0.3,1,3,0.333,2024-25,Regular Season,Touch < 2 Seconds
1630164,James Wiseman,1610612754,IND,24.0,1,1,1.0,2,4,0.5,0.5,0.75,2,3,0.667,0.25,0,1,0.0,2024-25,Regular Season,Touch < 2 Seconds
1630618,D.J. Carton,1610612761,TOR,24.0,4,3,0.571,1,4,0.25,0.25,0.143,1,1,1.0,0.429,0,3,0.0,2024-25,Regular Season,Touch < 2 Seconds
1630600,Isaiah Mobley,1610612755,PHI,25.0,1,1,0.571,1,4,0.25,0.375,0.143,0,1,0.0,0.429,1,3,0.333,2024-25,Regular Season,Touch < 2 Seconds
1642439,Quincy Olivari,1610612747,LAL,24.0,2,2,0.8,1,4,0.25,0.375,0.0,0,0,,0.8,1,4,0.25,2024-25,Regular Season,Touch < 2 Seconds
1630201,Malachi Flynn,1610612759,SAS,27.0,4,2,0.308,1,4,0.25,0.375,0.0,0,0,,0.308,1,4,0.25,2024-25,Regular Season,Touch < 2 Seconds
1642385,Cui Cui,1610612751,BKN,22.0,5,1,0.571,0,4,0.0,0.0,0.143,0,1,0.0,0.429,0,3,0.0,2024-25,Regular Season,Touch < 2 Seconds
1628408,PJ Dozier,1610612750,MIN,28.0,9,3,1.0,2,3,0.667,1.0,0.0,0,0,,1.0,2,3,0.667,2024-25,Regular Season,Touch < 2 Seconds
1631127,Harrison Ingram,1610612759,SAS,22.0,5,3,0.75,1,3,0.333,0.333,0.5,1,2,0.5,0.25,0,1,0.0,2024-25,Regular Season,Touch < 2 Seconds
1641755,Kevin McCullar Jr.,1610612752,NYK,24.0,4,1,0.429,1,3,0.333,0.333,0.286,1,2,0.5,0.143,0,1,0.0,2024-25,Regular Season,Touch < 2 Seconds
1631123,Jamaree Bouyea,1610612749,MIL,26.0,5,2,0.25,0,3,0.0,0.0,0.0,0,0,,0.25,0,3,0.0,2024-25,Regular Season,Touch < 2 Seconds
1641803,Tristen Newton,1610612750,MIN,24.0,8,3,0.375,0,3,0.0,0.0,0.125,0,1,0.0,0.25,0,2,0.0,2024-25,Regular Season,Touch < 2 Seconds
1627746,Skal Labissiere,1610612758,SAC,29.0,4,1,0.5,2,2,1.0,1.25,0.25,1,1,1.0,0.25,1,1,1.0,2024-25,Regular Season,Touch < 2 Seconds
1642443,Jahmir Young,1610612741,CHI,24.0,6,2,0.4,1,2,0.5,0.75,0.0,0,0,,0.4,1,2,0.5,2024-25,Regular Season,Touch < 2 Seconds
1642502,Malevy Leons,1610612760,OKC,25.0,6,2,1.0,0,2,0.0,0.0,0.5,0,1,0.0,0.5,0,1,0.0,2024-25,Regular Season,Touch < 2 Seconds
1631214,Alondes Williams,1610612746,LAC,26.0,1,1,0.5,1,1,1.0,1.5,0.0,0,0,,0.5,1,1,1.0,2024-25,Regular Season,Touch < 2 Seconds
1642434,Riley Minix,1610612759,SAS,24.0,1,1,1.0,0,1,0.0,0.0,0.0,0,0,,1.0,0,1,0.0,2024-25,Regular Season,Touch < 2 Seconds
1641879,Yuri Collins,1610612744,GSW,24.0,2,1,0.333,0,1,0.0,0.0,0.333,0,1,0.0,0.0,0,0,,2024-25,Regular Season,Touch < 2 Seconds
1630227,Daishen Nix,1610612750,MIN,23.0,3,1,1.0,0,1,0.0,0.0,0.0,0,0,,1.0,0,1,0.0,2024-25,Regular Season,Touch < 2 Seconds
1630644,Mac McClung,1610612753,ORL,26.0,2,1,0.5,0,1,0.0,0.0,0.0,0,0,,0.5,0,1,0.0,2024-25,Regular Season,Touch < 2 Seconds
1630296,Braxton Key,1610612744,GSW,28.0,3,1,0.25,0,1,0.0,0.0,0.0,0,0,,0.25,0,1,0.0,2024-25,Regular Season,Touch < 2 Seconds
1629056,Terence Davis,1610612758,SAC,28.0,1,1,0.5,0,1,0.0,0.0,0.0,0,0,,0.5,0,1,0.0,2024-25,Regular Season,Touch < 2 Seconds
1630162,Anthony Edwards,1610612750,MIN,23.0,79,79,0.413,298,666,0.447,0.531,0.228,187,367,0.51,0.185,111,299,0.371,2024-25,Regular Season,Touch 2-6 Seconds
1628983,Shai Gilgeous-Alexander,1610612760,OKC,26.0,76,76,0.397,331,657,0.504,0.553,0.281,266,465,0.572,0.116,65,192,0.339,2024-25,Regular Season,Touch 2-6 Seconds
1626164,Devin Booker,1610612756,PHX,28.0,75,75,0.416,270,591,0.457,0.504,0.298,214,423,0.506,0.118,56,168,0.333,2024-25,Regular Season,Touch 2-6 Seconds
1630595,Cade Cunningham,1610612765,DET,23.0,70,70,0.405,281,589,0.477,0.525,0.299,224,436,0.514,0.105,57,153,0.373,2024-25,Regular Season,Touch 2-6 Seconds
1628991,Jaren Jackson Jr.,1610612763,MEM,25.0,73,72,0.482,288,577,0.499,0.512,0.448,273,537,0.508,0.033,15,40,0.375,2024-25,Regular Season,Touch 2-6 Seconds
1629639,Tyler Herro,1610612748,MIA,25.0,77,77,0.409,293,563,0.52,0.579,0.282,227,389,0.584,0.126,66,174,0.379,2024-25,Regular Season,Touch 2-6 Seconds
1628369,Jayson Tatum,1610612738,BOS,27.0,72,71,0.388,233,560,0.416,0.476,0.223,166,322,0.516,0.165,67,238,0.282,2024-25,Regular Season,Touch 2-6 Seconds
203507,Giannis Antetokounmpo,1610612749,MIL,30.0,67,67,0.413,308,545,0.565,0.568,0.397,305,524,0.582,0.016,3,21,0.143,2024-25,Regular Season,Touch 2-6 Seconds
201942,DeMar DeRozan,1610612758,SAC,35.0,77,77,0.413,277,540,0.513,0.523,0.379,266,496,0.536,0.034,11,44,0.25,2024-25,Regular Season,Touch 2-6 Seconds
203897,Zach LaVine,1610612758,SAC,30.0,74,74,0.436,272,533,0.51,0.594,0.276,183,337,0.543,0.16,89,196,0.454,2024-25,Regular Season,Touch 2-6 Seconds
1629027,Trae Young,1610612737,ATL,26.0,76,75,0.383,225,527,0.427,0.507,0.213,141,293,0.481,0.17,84,234,0.359,2024-25,Regular Season,Touch 2-6 Seconds
1626157,Karl-Anthony Towns,1610612752,NYK,29.0,71,71,0.433,262,521,0.503,0.511,0.401,254,482,0.527,0.032,8,39,0.205,2024-25,Regular Season,Touch 2-6 Seconds
1631101,Shaedon Sharpe,1610612757,POR,22.0,72,72,0.442,224,488,0.459,0.509,0.305,175,337,0.519,0.137,49,151,0.325,2024-25,Regular Season,Touch 2-6 Seconds
1631097,Bennedict Mathurin,1610612754,IND,23.0,72,72,0.565,202,482,0.419,0.46,0.409,163,349,0.467,0.156,39,133,0.293,2024-25,Regular Season,Touch 2-6 Seconds
1627759,Jaylen Brown,1610612738,BOS,28.0,63,62,0.435,231,481,0.48,0.518,0.338,195,373,0.523,0.098,36,108,0.333,2024-25,Regular Season,Touch 2-6 Seconds
1628970,Miles Bridges,1610612766,CHA,27.0,64,64,0.442,194,481,0.403,0.436,0.33,163,359,0.454,0.112,31,122,0.254,2024-25,Regular Season,Touch 2-6 Seconds
1631114,Jalen Williams,1610612760,OKC,24.0,69,69,0.409,229,478,0.479,0.501,0.35,208,409,0.509,0.059,21,69,0.304,2024-25,Regular Season,Touch 2-6 Seconds
1627783,Pascal Siakam,1610612754,IND,31.0,78,77,0.404,235,477,0.493,0.5,0.385,228,455,0.501,0.019,7,22,0.318,2024-25,Regular Season,Touch 2-6 Seconds
1628368,De'Aaron Fox,1610612759,SAS,27.0,62,62,0.409,215,476,0.452,0.483,0.316,185,367,0.504,0.094,30,109,0.275,2024-25,Regular Season,Touch 2-6 Seconds
203468,CJ McCollum,1610612740,NOP,33.0,56,56,0.467,214,467,0.458,0.51,0.334,166,334,0.497,0.133,48,133,0.361,2024-25,Regular Season,Touch 2-6 Seconds
1630578,Alperen Sengun,1610612745,HOU,22.0,76,75,0.407,240,465,0.516,0.519,0.393,237,449,0.528,0.014,3,16,0.188,2024-25,Regular Season,Touch 2-6 Seconds
1630224,Jalen Green,1610612745,HOU,23.0,82,82,0.32,186,460,0.404,0.458,0.207,137,298,0.46,0.113,49,162,0.302,2024-25,Regular Season,Touch 2-6 Seconds
1630169,Tyrese Haliburton,1610612754,IND,25.0,73,72,0.455,226,458,0.493,0.574,0.252,152,254,0.598,0.203,74,204,0.363,2024-25,Regular Season,Touch 2-6 Seconds
1629632,Coby White,1610612741,CHI,25.0,74,73,0.401,235,450,0.522,0.588,0.272,176,305,0.577,0.129,59,145,0.407,2024-25,Regular Season,Touch 2-6 Seconds
1626181,Norman Powell,1610612746,LAC,32.0,60,60,0.472,228,446,0.511,0.565,0.343,180,324,0.556,0.129,48,122,0.393,2024-25,Regular Season,Touch 2-6 Seconds
1630532,Franz Wagner,1610612753,ORL,23.0,60,60,0.373,200,433,0.462,0.495,0.293,171,340,0.503,0.08,29,93,0.312,2024-25,Regular Season,Touch 2-6 Seconds
1630178,Tyrese Maxey,1610612755,PHI,24.0,52,52,0.392,207,428,0.484,0.546,0.255,154,278,0.554,0.137,53,150,0.353,2024-25,Regular Season,Touch 2-6 Seconds
203944,Julius Randle,1610612750,MIN,30.0,69,69,0.456,204,428,0.477,0.504,0.382,181,359,0.504,0.073,23,69,0.333,2024-25,Regular Season,Touch 2-6 Seconds
203999,Nikola Jokić,1610612743,DEN,30.0,70,69,0.313,228,427,0.534,0.559,0.263,207,359,0.577,0.05,21,68,0.309,2024-25,Regular Season,Touch 2-6 Seconds
202681,Kyrie Irving,1610612742,DAL,33.0,50,50,0.452,195,427,0.457,0.527,0.303,135,286,0.472,0.149,60,141,0.426,2024-25,Regular Season,Touch 2-6 Seconds
201142,Kevin Durant,1610612756,PHX,36.0,62,62,0.379,231,426,0.542,0.556,0.343,219,385,0.569,0.036,12,41,0.293,2024-25,Regular Season,Touch 2-6 Seconds
1628973,Jalen Brunson,1610612752,NYK,28.0,64,64,0.362,199,426,0.467,0.522,0.255,152,300,0.507,0.107,47,126,0.373,2024-25,Regular Season,Touch 2-6 Seconds
1629673,Jordan Poole,1610612764,WAS,26.0,68,66,0.399,188,421,0.447,0.536,0.219,113,231,0.489,0.18,75,190,0.395,2024-25,Regular Season,Touch 2-6 Seconds
1629636,Darius Garland,1610612739,CLE,25.0,75,73,0.357,206,419,0.492,0.553,0.238,155,279,0.556,0.119,51,140,0.364,2024-25,Regular Season,Touch 2-6 Seconds
2544,LeBron James,1610612747,LAL,40.0,70,70,0.328,193,417,0.463,0.505,0.243,158,308,0.513,0.086,35,109,0.321,2024-25,Regular Season,Touch 2-6 Seconds
1630567,Scottie Barnes,1610612761,TOR,23.0,65,65,0.393,192,417,0.46,0.481,0.333,175,354,0.494,0.059,17,63,0.27,2024-25,Regular Season,Touch 2-6 Seconds
1627750,Jamal Murray,1610612743,DEN,28.0,67,66,0.376,202,416,0.486,0.535,0.28,161,310,0.519,0.096,41,106,0.387,2024-25,Regular Season,Touch 2-6 Seconds
1628378,Donovan Mitchell,1610612739,CLE,28.0,71,71,0.314,202,415,0.487,0.553,0.197,147,260,0.565,0.117,55,155,0.355,2024-25,Regular Season,Touch 2-6 Seconds
1629628,RJ Barrett,1610612761,TOR,25.0,58,58,0.422,201,414,0.486,0.493,0.402,195,394,0.495,0.02,6,20,0.3,2024-25,Regular Season,Touch 2-6 Seconds
1631094,Paolo Banchero,1610612753,ORL,22.0,46,46,0.45,194,410,0.473,0.504,0.366,169,333,0.508,0.085,25,77,0.325,2024-25,Regular Season,Touch 2-6 Seconds
201935,James Harden,1610612746,LAC,35.0,79,79,0.314,157,406,0.387,0.477,0.149,84,193,0.435,0.164,73,213,0.343,2024-25,Regular Season,Touch 2-6 Seconds
1630217,Desmond Bane,1610612753,ORL,27.0,68,68,0.4,198,400,0.495,0.561,0.272,145,272,0.533,0.128,53,128,0.414,2024-25,Regular Season,Touch 2-6 Seconds
1628370,Malik Monk,1610612758,SAC,27.0,65,65,0.423,191,397,0.481,0.515,0.319,164,300,0.547,0.103,27,97,0.278,2024-25,Regular Season,Touch 2-6 Seconds
1629014,Anfernee Simons,1610612757,POR,26.0,70,69,0.345,170,388,0.438,0.495,0.225,126,253,0.498,0.12,44,135,0.326,2024-25,Regular Season,Touch 2-6 Seconds
1642264,Stephon Castle,1610612759,SAS,20.0,81,79,0.384,166,379,0.438,0.451,0.323,156,319,0.489,0.061,10,60,0.167,2024-25,Regular Season,Touch 2-6 Seconds
1628384,OG Anunoby,1610612752,NYK,27.0,73,73,0.372,171,376,0.455,0.479,0.313,153,316,0.484,0.059,18,60,0.3,2024-25,Regular Season,Touch 2-6 Seconds
1630559,Austin Reaves,1610612747,LAL,27.0,73,72,0.362,177,375,0.472,0.532,0.237,132,246,0.537,0.124,45,129,0.349,2024-25,Regular Season,Touch 2-6 Seconds
1630163,LaMelo Ball,1610612766,CHA,23.0,47,46,0.368,158,369,0.428,0.497,0.221,107,222,0.482,0.147,51,147,0.347,2024-25,Regular Season,Touch 2-6 Seconds
1629012,Collin Sexton,1610612762,UTA,26.0,63,62,0.424,188,368,0.511,0.539,0.353,167,306,0.546,0.072,21,62,0.339,2024-25,Regular Season,Touch 2-6 Seconds
1629029,Luka Doncic,1610612747,LAL,26.0,50,50,0.353,174,362,0.481,0.572,0.194,108,199,0.543,0.159,66,163,0.405,2024-25,Regular Season,Touch 2-6 Seconds
201939,Stephen Curry,1610612744,GSW,37.0,70,70,0.288,169,362,0.467,0.552,0.155,107,195,0.549,0.133,62,167,0.371,2024-25,Regular Season,Touch 2-6 Seconds
1630700,Dyson Daniels,1610612737,ATL,22.0,76,75,0.39,167,360,0.464,0.471,0.364,162,336,0.482,0.026,5,24,0.208,2024-25,Regular Season,Touch 2-6 Seconds
1628389,Bam Adebayo,1610612748,MIA,27.0,78,77,0.323,166,360,0.461,0.476,0.294,155,327,0.474,0.03,11,33,0.333,2024-25,Regular Season,Touch 2-6 Seconds
1630183,Jaden McDaniels,1610612750,MIN,24.0,82,81,0.414,168,345,0.487,0.499,0.382,160,319,0.502,0.031,8,26,0.308,2024-25,Regular Season,Touch 2-6 Seconds
1628398,Kyle Kuzma,1610612749,MIL,29.0,65,63,0.406,158,344,0.459,0.477,0.351,146,298,0.49,0.054,12,46,0.261,2024-25,Regular Season,Touch 2-6 Seconds
1630166,Deni Avdija,1610612757,POR,24.0,72,72,0.406,188,343,0.548,0.576,0.361,169,305,0.554,0.045,19,38,0.5,2024-25,Regular Season,Touch 2-6 Seconds
1629630,Ja Morant,1610612763,MEM,25.0,49,49,0.394,166,342,0.485,0.523,0.299,140,259,0.541,0.096,26,83,0.313,2024-25,Regular Season,Touch 2-6 Seconds
1628969,Mikal Bridges,1610612752,NYK,28.0,81,79,0.291,167,340,0.491,0.503,0.263,159,308,0.516,0.027,8,32,0.25,2024-25,Regular Season,Touch 2-6 Seconds
1629656,Quentin Grimes,1610612755,PHI,25.0,75,69,0.413,163,340,0.479,0.54,0.283,122,233,0.524,0.13,41,107,0.383,2024-25,Regular Season,Touch 2-6 Seconds
203952,Andrew Wiggins,1610612748,MIA,30.0,60,59,0.396,147,332,0.443,0.467,0.321,131,269,0.487,0.075,16,63,0.254,2024-25,Regular Season,Touch 2-6 Seconds
1628415,Dillon Brooks,1610612745,HOU,29.0,75,75,0.369,137,330,0.415,0.433,0.326,125,292,0.428,0.042,12,38,0.316,2024-25,Regular Season,Touch 2-6 Seconds
1630530,Trey Murphy III,1610612740,NOP,25.0,53,52,0.386,144,324,0.444,0.477,0.28,123,235,0.523,0.106,21,89,0.236,2024-25,Regular Season,Touch 2-6 Seconds
1630581,Josh Giddey,1610612741,CHI,22.0,70,70,0.405,147,320,0.459,0.48,0.351,134,278,0.482,0.053,13,42,0.31,2024-25,Regular Season,Touch 2-6 Seconds
1629008,Michael Porter Jr.,1610612743,DEN,27.0,77,73,0.305,150,316,0.475,0.525,0.219,118,227,0.52,0.086,32,89,0.36,2024-25,Regular Season,Touch 2-6 Seconds
1641718,Keyonte George,1610612762,UTA,21.0,67,67,0.338,131,311,0.421,0.489,0.208,89,191,0.466,0.131,42,120,0.35,2024-25,Regular Season,Touch 2-6 Seconds
1629675,Naz Reid,1610612750,MIN,25.0,80,76,0.336,135,310,0.435,0.465,0.278,117,257,0.455,0.057,18,53,0.34,2024-25,Regular Season,Touch 2-6 Seconds
1629645,Kevin Porter Jr.,1610612749,MIL,25.0,75,74,0.474,141,309,0.456,0.487,0.371,122,242,0.504,0.103,19,67,0.284,2024-25,Regular Season,Touch 2-6 Seconds
202699,Tobias Harris,1610612765,DET,32.0,73,73,0.384,133,309,0.43,0.439,0.353,128,284,0.451,0.031,5,25,0.2,2024-25,Regular Season,Touch 2-6 Seconds
1642267,Bub Carrington,1610612764,WAS,19.0,82,81,0.405,123,303,0.406,0.479,0.229,79,171,0.462,0.176,44,132,0.333,2024-25,Regular Season,Touch 2-6 Seconds
1629640,Keldon Johnson,1610612759,SAS,25.0,77,73,0.392,153,302,0.507,0.525,0.355,142,273,0.52,0.038,11,29,0.379,2024-25,Regular Season,Touch 2-6 Seconds
1630170,Devin Vassell,1610612759,SAS,24.0,64,64,0.337,134,300,0.447,0.473,0.272,118,242,0.488,0.065,16,58,0.276,2024-25,Regular Season,Touch 2-6 Seconds
1627736,Malik Beasley,1610612765,DET,28.0,82,80,0.28,123,299,0.411,0.47,0.184,88,197,0.447,0.095,35,102,0.343,2024-25,Regular Season,Touch 2-6 Seconds
1641705,Victor Wembanyama,1610612759,SAS,21.0,46,46,0.347,122,297,0.411,0.456,0.237,95,203,0.468,0.11,27,94,0.287,2024-25,Regular Season,Touch 2-6 Seconds
1630703,Scoot Henderson,1610612757,POR,21.0,66,64,0.431,135,295,0.458,0.508,0.308,105,211,0.498,0.123,30,84,0.357,2024-25,Regular Season,Touch 2-6 Seconds
203081,Damian Lillard,1610612749,MIL,34.0,58,58,0.295,133,293,0.454,0.524,0.164,92,163,0.564,0.131,41,130,0.315,2024-25,Regular Season,Touch 2-6 Seconds
204456,T.J. McConnell,1610612754,IND,33.0,79,76,0.466,156,291,0.536,0.54,0.449,154,280,0.55,0.018,2,11,0.182,2024-25,Regular Season,Touch 2-6 Seconds
203076,Anthony Davis,1610612742,DAL,32.0,51,50,0.319,145,290,0.5,0.509,0.3,140,273,0.513,0.019,5,17,0.294,2024-25,Regular Season,Touch 2-6 Seconds
1628404,Josh Hart,1610612752,NYK,30.0,76,75,0.378,150,289,0.519,0.548,0.311,133,238,0.559,0.067,17,51,0.333,2024-25,Regular Season,Touch 2-6 Seconds
1629023,P.J. Washington,1610612742,DAL,26.0,57,56,0.435,131,289,0.453,0.472,0.388,120,258,0.465,0.047,11,31,0.355,2024-25,Regular Season,Touch 2-6 Seconds
1630553,Keon Johnson,1610612751,BKN,23.0,79,73,0.368,103,287,0.359,0.383,0.289,89,225,0.396,0.08,14,62,0.226,2024-25,Regular Season,Touch 2-6 Seconds
1630596,Evan Mobley,1610612739,CLE,24.0,71,69,0.315,134,285,0.47,0.486,0.289,125,262,0.477,0.025,9,23,0.391,2024-25,Regular Season,Touch 2-6 Seconds
1630230,Naji Marshall,1610612742,DAL,27.0,69,68,0.399,159,284,0.56,0.56,0.372,159,265,0.6,0.027,0,19,0.0,2024-25,Regular Season,Touch 2-6 Seconds
1626162,Kelly Oubre Jr.,1610612755,PHI,29.0,60,59,0.382,140,283,0.495,0.504,0.345,135,256,0.527,0.036,5,27,0.185,2024-25,Regular Season,Touch 2-6 Seconds
1626179,Terry Rozier,1610612748,MIA,31.0,64,63,0.436,120,277,0.433,0.477,0.302,96,192,0.5,0.134,24,85,0.282,2024-25,Regular Season,Touch 2-6 Seconds
1627826,Ivica Zubac,1610612746,LAC,28.0,80,76,0.294,163,276,0.591,0.591,0.294,163,276,0.591,0.0,0,0,,2024-25,Regular Season,Touch 2-6 Seconds
1631128,Christian Braun,1610612743,DEN,24.0,79,78,0.335,152,272,0.559,0.585,0.298,138,242,0.57,0.037,14,30,0.467,2024-25,Regular Season,Touch 2-6 Seconds
203471,Dennis Schröder,1610612765,DET,31.0,75,74,0.318,105,263,0.399,0.433,0.242,87,200,0.435,0.076,18,63,0.286,2024-25,Regular Season,Touch 2-6 Seconds
203078,Bradley Beal,1610612756,PHX,32.0,53,53,0.378,148,262,0.565,0.59,0.317,135,220,0.614,0.061,13,42,0.31,2024-25,Regular Season,Touch 2-6 Seconds
1629631,De'Andre Hunter,1610612739,CLE,27.0,64,63,0.343,125,260,0.481,0.525,0.266,102,202,0.505,0.076,23,58,0.397,2024-25,Regular Season,Touch 2-6 Seconds
201566,Russell Westbrook,1610612743,DEN,36.0,75,74,0.317,116,258,0.45,0.475,0.271,103,221,0.466,0.045,13,37,0.351,2024-25,Regular Season,Touch 2-6 Seconds
1629614,Andrew Nembhard,1610612754,IND,25.0,65,63,0.468,125,252,0.496,0.518,0.414,114,223,0.511,0.054,11,29,0.379,2024-25,Regular Season,Touch 2-6 Seconds
202691,Klay Thompson,1610612742,DAL,35.0,72,71,0.284,96,249,0.386,0.42,0.214,79,188,0.42,0.07,17,61,0.279,2024-25,Regular Season,Touch 2-6 Seconds
1630598,Aaron Wiggins,1610612760,OKC,26.0,76,72,0.338,119,246,0.484,0.508,0.29,107,211,0.507,0.048,12,35,0.343,2024-25,Regular Season,Touch 2-6 Seconds
1629660,Ty Jerome,1610612739,CLE,27.0,70,67,0.39,132,241,0.548,0.612,0.277,101,171,0.591,0.113,31,70,0.443,2024-25,Regular Season,Touch 2-6 Seconds
1630202,Payton Pritchard,1610612738,BOS,27.0,80,75,0.279,114,240,0.475,0.56,0.129,73,111,0.658,0.15,41,129,0.318,2024-25,Regular Season,Touch 2-6 Seconds
1629661,Cameron Johnson,1610612751,BKN,29.0,57,56,0.32,120,239,0.502,0.536,0.254,104,190,0.547,0.066,16,49,0.327,2024-25,Regular Season,Touch 2-6 Seconds
1626156,D'Angelo Russell,1610612751,BKN,29.0,58,57,0.375,112,239,0.469,0.538,0.235,79,150,0.527,0.139,33,89,0.371,2024-25,Regular Season,Touch 2-6 Seconds
1627832,Fred VanVleet,1610612745,HOU,31.0,60,58,0.312,86,237,0.363,0.456,0.157,42,119,0.353,0.155,44,118,0.373,2024-25,Regular Season,Touch 2-6 Seconds
1630590,Scotty Pippen Jr.,1610612763,MEM,24.0,78,73,0.399,119,236,0.504,0.511,0.369,116,218,0.532,0.03,3,18,0.167,2024-25,Regular Season,Touch 2-6 Seconds
202696,Nikola Vucevic,1610612741,CHI,34.0,73,71,0.227,117,236,0.496,0.5,0.224,115,233,0.494,0.003,2,3,0.667,2024-25,Regular Season,Touch 2-6 Seconds
1642259,Alex Sarr,1610612764,WAS,20.0,67,65,0.283,102,234,0.436,0.447,0.266,97,220,0.441,0.017,5,14,0.357,2024-25,Regular Season,Touch 2-6 Seconds
1641710,Anthony Black,1610612753,ORL,21.0,78,74,0.377,100,234,0.427,0.44,0.33,94,205,0.459,0.047,6,29,0.207,2024-25,Regular Season,Touch 2-6 Seconds
202331,Paul George,1610612755,PHI,35.0,41,41,0.409,108,233,0.464,0.521,0.272,81,155,0.523,0.137,27,78,0.346,2024-25,Regular Season,Touch 2-6 Seconds
1641731,Bilal Coulibaly,1610612764,WAS,20.0,59,56,0.372,98,232,0.422,0.442,0.321,89,200,0.445,0.051,9,32,0.281,2024-25,Regular Season,Touch 2-6 Seconds
203915,Spencer Dinwiddie,1610612742,DAL,32.0,79,70,0.337,96,230,0.417,0.487,0.191,64,130,0.492,0.147,32,100,0.32,2024-25,Regular Season,Touch 2-6 Seconds
202695,Kawhi Leonard,1610612746,LAC,34.0,37,37,0.368,114,229,0.498,0.535,0.302,97,188,0.516,0.066,17,41,0.415,2024-25,Regular Season,Touch 2-6 Seconds
1642268,Isaiah Collier,1610612762,UTA,20.0,71,63,0.413,107,229,0.467,0.487,0.346,98,192,0.51,0.067,9,37,0.243,2024-25,Regular Season,Touch 2-6 Seconds
1630172,Patrick Williams,1610612741,CHI,23.0,63,61,0.442,88,228,0.386,0.421,0.331,72,171,0.421,0.11,16,57,0.281,2024-25,Regular Season,Touch 2-6 Seconds
1628401,Derrick White,1610612738,BOS,30.0,76,69,0.237,106,227,0.467,0.529,0.131,78,126,0.619,0.105,28,101,0.277,2024-25,Regular Season,Touch 2-6 Seconds
1641764,Brandin Podziemski,1610612744,GSW,22.0,64,58,0.358,102,225,0.453,0.504,0.259,79,163,0.485,0.099,23,62,0.371,2024-25,Regular Season,Touch 2-6 Seconds
1627734,Domantas Sabonis,1610612758,SAC,29.0,70,69,0.25,125,223,0.561,0.565,0.245,123,219,0.562,0.004,2,4,0.5,2024-25,Regular Season,Touch 2-6 Seconds
1631099,Keegan Murray,1610612758,SAC,24.0,76,74,0.272,112,223,0.502,0.511,0.248,108,203,0.532,0.024,4,20,0.2,2024-25,Regular Season,Touch 2-6 Seconds
1630560,Cam Thomas,1610612751,BKN,23.0,25,25,0.489,99,222,0.446,0.495,0.341,77,155,0.497,0.148,22,67,0.328,2024-25,Regular Season,Touch 2-6 Seconds
1629627,Zion Williamson,1610612740,NOP,24.0,30,30,0.435,114,221,0.516,0.516,0.431,114,219,0.521,0.004,0,2,0.0,2024-25,Regular Season,Touch 2-6 Seconds
203084,Harrison Barnes,1610612759,SAS,33.0,82,79,0.315,116,215,0.54,0.572,0.262,102,179,0.57,0.053,14,36,0.389,2024-25,Regular Season,Touch 2-6 Seconds
101108,Chris Paul,1610612759,SAS,40.0,82,74,0.369,93,215,0.433,0.547,0.139,44,81,0.543,0.23,49,134,0.366,2024-25,Regular Season,Touch 2-6 Seconds
1642258,Zaccharie Risacher,1610612737,ATL,20.0,75,72,0.274,97,214,0.453,0.465,0.253,92,197,0.467,0.022,5,17,0.294,2024-25,Regular Season,Touch 2-6 Seconds
1641741,Ricky Council IV,1610612755,PHI,23.0,73,60,0.462,90,214,0.421,0.437,0.376,83,174,0.477,0.086,7,40,0.175,2024-25,Regular Season,Touch 2-6 Seconds
202710,Jimmy Butler III,1610612744,GSW,35.0,55,50,0.357,106,213,0.498,0.523,0.313,95,187,0.508,0.044,11,26,0.423,2024-25,Regular Season,Touch 2-6 Seconds
1627747,Caris LeVert,1610612737,ATL,30.0,64,62,0.356,104,213,0.488,0.528,0.27,87,162,0.537,0.085,17,51,0.333,2024-25,Regular Season,Touch 2-6 Seconds
1641708,Amen Thompson,1610612745,HOU,22.0,69,63,0.303,107,211,0.507,0.509,0.287,106,200,0.53,0.016,1,11,0.091,2024-25,Regular Season,Touch 2-6 Seconds
1629018,Gary Trent Jr.,1610612749,MIL,26.0,74,71,0.321,103,211,0.488,0.547,0.24,78,158,0.494,0.081,25,53,0.472,2024-25,Regular Season,Touch 2-6 Seconds
1630228,Jonathan Kuminga,1610612744,GSW,22.0,47,47,0.367,85,208,0.409,0.423,0.319,79,181,0.436,0.048,6,27,0.222,2024-25,Regular Season,Touch 2-6 Seconds
1630552,Jalen Johnson,1610612737,ATL,23.0,36,35,0.382,92,205,0.449,0.461,0.343,87,184,0.473,0.039,5,21,0.238,2024-25,Regular Season,Touch 2-6 Seconds
1627741,Buddy Hield,1610612744,GSW,32.0,82,75,0.26,86,204,0.422,0.471,0.177,66,139,0.475,0.083,20,65,0.308,2024-25,Regular Season,Touch 2-6 Seconds
1641729,Brice Sensabaugh,1610612762,UTA,21.0,71,63,0.336,96,201,0.478,0.532,0.235,74,141,0.525,0.1,22,60,0.367,2024-25,Regular Season,Touch 2-6 Seconds
1641739,Toumani Camara,1610612757,POR,25.0,78,65,0.281,96,201,0.478,0.507,0.239,84,171,0.491,0.042,12,30,0.4,2024-25,Regular Season,Touch 2-6 Seconds
1631106,Tari Eason,1610612745,HOU,24.0,57,54,0.356,93,199,0.467,0.47,0.338,92,189,0.487,0.018,1,10,0.1,2024-25,Regular Season,Touch 2-6 Seconds
1626171,Bobby Portis,1610612749,MIL,30.0,49,48,0.334,93,199,0.467,0.477,0.324,89,193,0.461,0.01,4,6,0.667,2024-25,Regular Season,Touch 2-6 Seconds
1629130,Duncan Robinson,1610612748,MIA,31.0,74,70,0.297,87,197,0.442,0.546,0.151,46,100,0.46,0.146,41,97,0.423,2024-25,Regular Season,Touch 2-6 Seconds
203903,Jordan Clarkson,1610612762,UTA,33.0,37,37,0.4,85,197,0.431,0.503,0.246,57,121,0.471,0.154,28,76,0.368,2024-25,Regular Season,Touch 2-6 Seconds
1641733,Nick Smith Jr.,1610612766,CHA,21.0,60,53,0.347,81,197,0.411,0.444,0.266,68,151,0.45,0.081,13,46,0.283,2024-25,Regular Season,Touch 2-6 Seconds
1629638,Nickeil Alexander-Walker,1610612750,MIN,26.0,82,74,0.318,89,196,0.454,0.474,0.252,81,155,0.523,0.067,8,41,0.195,2024-25,Regular Season,Touch 2-6 Seconds
203924,Jerami Grant,1610612757,POR,31.0,47,47,0.34,79,195,0.405,0.413,0.326,76,187,0.406,0.014,3,8,0.375,2024-25,Regular Season,Touch 2-6 Seconds
1641711,Gradey Dick,1610612761,TOR,21.0,54,52,0.3,78,194,0.402,0.423,0.247,70,160,0.438,0.053,8,34,0.235,2024-25,Regular Season,Touch 2-6 Seconds
1629599,Amir Coffey,1610612746,LAC,28.0,72,65,0.376,89,192,0.464,0.479,0.333,83,170,0.488,0.043,6,22,0.273,2024-25,Regular Season,Touch 2-6 Seconds
1628381,John Collins,1610612762,UTA,27.0,40,40,0.36,105,191,0.55,0.552,0.352,104,187,0.556,0.008,1,4,0.25,2024-25,Regular Season,Touch 2-6 Seconds
201950,Jrue Holiday,1610612738,BOS,35.0,62,56,0.336,80,189,0.423,0.471,0.218,62,123,0.504,0.117,18,66,0.273,2024-25,Regular Season,Touch 2-6 Seconds
1631170,Jaime Jaquez Jr.,1610612748,MIA,24.0,66,56,0.407,89,188,0.473,0.484,0.379,85,175,0.486,0.028,4,13,0.308,2024-25,Regular Season,Touch 2-6 Seconds
1641722,Jordan Hawkins,1610612740,NOP,23.0,56,52,0.336,79,187,0.422,0.463,0.264,64,147,0.435,0.072,15,40,0.375,2024-25,Regular Season,Touch 2-6 Seconds
202685,Jonas Valančiūnas,1610612758,SAC,33.0,81,72,0.297,103,186,0.554,0.554,0.293,103,184,0.56,0.003,0,2,0.0,2024-25,Regular Season,Touch 2-6 Seconds
1642347,Jamal Shead,1610612761,TOR,22.0,75,66,0.37,88,186,0.473,0.508,0.306,75,154,0.487,0.064,13,32,0.406,2024-25,Regular Season,Touch 2-6 Seconds
1630175,Cole Anthony,1610612763,MEM,25.0,67,54,0.341,84,185,0.454,0.492,0.265,70,144,0.486,0.076,14,41,0.341,2024-25,Regular Season,Touch 2-6 Seconds
1630558,Davion Mitchell,1610612748,MIA,26.0,74,69,0.387,90,184,0.489,0.524,0.315,77,150,0.513,0.071,13,34,0.382,2024-25,Regular Season,Touch 2-6 Seconds
1631093,Jaden Ivey,1610612765,DET,23.0,30,30,0.446,82,184,0.446,0.478,0.356,70,147,0.476,0.09,12,37,0.324,2024-25,Regular Season,Touch 2-6 Seconds
1630625,Dalano Banton,1610612757,POR,25.0,67,57,0.361,73,183,0.399,0.418,0.302,66,153,0.431,0.059,7,30,0.233,2024-25,Regular Season,Touch 2-6 Seconds
1641715,Cam Whitmore,1610612745,HOU,20.0,51,45,0.449,87,181,0.481,0.539,0.308,66,124,0.532,0.141,21,57,0.368,2024-25,Regular Season,Touch 2-6 Seconds
203501,Tim Hardaway Jr.,1610612765,DET,33.0,77,69,0.266,79,181,0.436,0.486,0.2,61,136,0.449,0.066,18,45,0.4,2024-25,Regular Season,Touch 2-6 Seconds
1630540,Miles McBride,1610612752,NYK,24.0,63,57,0.333,68,178,0.382,0.424,0.23,53,123,0.431,0.103,15,55,0.273,2024-25,Regular Season,Touch 2-6 Seconds
1627752,Taurean Prince,1610612749,MIL,31.0,80,66,0.342,72,176,0.409,0.429,0.263,65,135,0.481,0.08,7,41,0.171,2024-25,Regular Season,Touch 2-6 Seconds
1631108,Max Christie,1610612742,DAL,22.0,78,64,0.297,68,175,0.389,0.394,0.255,66,150,0.44,0.042,2,25,0.08,2024-25,Regular Season,Touch 2-6 Seconds
1629651,Nic Claxton,1610612751,BKN,26.0,70,64,0.306,75,174,0.431,0.434,0.303,74,172,0.43,0.004,1,2,0.5,2024-25,Regular Season,Touch 2-6 Seconds
203484,Kentavious Caldwell-Pope,1610612763,MEM,32.0,77,70,0.318,84,173,0.486,0.526,0.23,70,125,0.56,0.088,14,48,0.292,2024-25,Regular Season,Touch 2-6 Seconds
1630527,Brandon Boston,1610612740,NOP,23.0,42,39,0.456,73,173,0.422,0.451,0.367,63,139,0.453,0.09,10,34,0.294,2024-25,Regular Season,Touch 2-6 Seconds
201144,Mike Conley,1610612750,MIN,37.0,71,62,0.37,62,173,0.358,0.439,0.205,34,96,0.354,0.165,28,77,0.364,2024-25,Regular Season,Touch 2-6 Seconds
1627749,Dejounte Murray,1610612740,NOP,28.0,31,31,0.349,81,172,0.471,0.506,0.262,69,129,0.535,0.087,12,43,0.279,2024-25,Regular Season,Touch 2-6 Seconds
1642273,Kyshawn George,1610612764,WAS,21.0,68,58,0.313,68,171,0.398,0.436,0.218,55,119,0.462,0.095,13,52,0.25,2024-25,Regular Season,Touch 2-6 Seconds
1628374,Lauri Markkanen,1610612762,UTA,28.0,47,47,0.24,72,168,0.429,0.443,0.207,67,145,0.462,0.033,5,23,0.217,2024-25,Regular Season,Touch 2-6 Seconds
1642377,Jaylen Wells,1610612763,MEM,21.0,78,65,0.249,78,167,0.467,0.506,0.198,65,133,0.489,0.051,13,34,0.382,2024-25,Regular Season,Touch 2-6 Seconds
1628978,Donte DiVincenzo,1610612750,MIN,28.0,62,56,0.281,77,167,0.461,0.557,0.152,45,90,0.5,0.13,32,77,0.416,2024-25,Regular Season,Touch 2-6 Seconds
1628989,Kevin Huerter,1610612741,CHI,26.0,69,63,0.276,75,167,0.449,0.509,0.172,55,104,0.529,0.104,20,63,0.317,2024-25,Regular Season,Touch 2-6 Seconds
1630591,Jalen Suggs,1610612753,ORL,24.0,35,34,0.347,58,167,0.347,0.386,0.233,45,112,0.402,0.114,13,55,0.236,2024-25,Regular Season,Touch 2-6 Seconds
1630245,Ayo Dosunmu,1610612741,CHI,25.0,46,45,0.37,87,166,0.524,0.53,0.341,85,153,0.556,0.029,2,13,0.154,2024-25,Regular Season,Touch 2-6 Seconds
1631095,Jabari Smith Jr.,1610612745,HOU,22.0,57,57,0.293,71,166,0.428,0.446,0.256,65,145,0.448,0.037,6,21,0.286,2024-25,Regular Season,Touch 2-6 Seconds
1630215,Jared Butler,1610612755,PHI,24.0,60,50,0.364,70,165,0.424,0.452,0.285,61,129,0.473,0.079,9,36,0.25,2024-25,Regular Season,Touch 2-6 Seconds
203992,Bogdan Bogdanović,1610612746,LAC,32.0,54,52,0.335,69,165,0.418,0.467,0.22,53,108,0.491,0.116,16,57,0.281,2024-25,Regular Season,Touch 2-6 Seconds
1630631,Jose Alvarado,1610612740,NOP,27.0,56,50,0.317,62,165,0.376,0.436,0.211,42,110,0.382,0.106,20,55,0.364,2024-25,Regular Season,Touch 2-6 Seconds
1641842,Ronald Holland II,1610612765,DET,19.0,81,70,0.395,89,164,0.543,0.552,0.364,86,151,0.57,0.031,3,13,0.231,2024-25,Regular Season,Touch 2-6 Seconds
1629611,Terance Mann,1610612737,ATL,28.0,67,59,0.397,80,164,0.488,0.506,0.324,74,134,0.552,0.073,6,30,0.2,2024-25,Regular Season,Touch 2-6 Seconds
1630583,Santi Aldama,1610612763,MEM,24.0,64,58,0.258,79,164,0.482,0.506,0.222,71,141,0.504,0.036,8,23,0.348,2024-25,Regular Season,Touch 2-6 Seconds
1630592,Jalen Wilson,1610612751,BKN,24.0,79,63,0.261,63,162,0.389,0.395,0.244,61,151,0.404,0.018,2,11,0.182,2024-25,Regular Season,Touch 2-6 Seconds
1626166,Cameron Payne,1610612752,NYK,30.0,71,63,0.364,69,160,0.431,0.506,0.216,45,95,0.474,0.148,24,65,0.369,2024-25,Regular Season,Touch 2-6 Seconds
1641709,Ausar Thompson,1610612765,DET,22.0,59,57,0.346,83,159,0.522,0.525,0.337,82,155,0.529,0.009,1,4,0.25,2024-25,Regular Season,Touch 2-6 Seconds
1641706,Brandon Miller,1610612766,CHA,22.0,27,26,0.324,67,159,0.421,0.478,0.208,49,102,0.48,0.116,18,57,0.316,2024-25,Regular Season,Touch 2-6 Seconds
1630167,Obi Toppin,1610612754,IND,27.0,79,69,0.262,80,157,0.51,0.529,0.214,74,128,0.578,0.048,6,29,0.207,2024-25,Regular Season,Touch 2-6 Seconds
1630557,Corey Kispert,1610612764,WAS,26.0,61,54,0.278,79,157,0.503,0.535,0.237,69,134,0.515,0.041,10,23,0.435,2024-25,Regular Season,Touch 2-6 Seconds
1641716,Jarace Walker,1610612754,IND,21.0,75,58,0.433,74,156,0.474,0.532,0.303,56,109,0.514,0.131,18,47,0.383,2024-25,Regular Season,Touch 2-6 Seconds
1630193,Immanuel Quickley,1610612761,TOR,26.0,33,30,0.354,63,155,0.406,0.455,0.247,48,108,0.444,0.107,15,47,0.319,2024-25,Regular Season,Touch 2-6 Seconds
1641717,Cason Wallace,1610612760,OKC,21.0,68,61,0.313,74,153,0.484,0.5,0.278,69,136,0.507,0.035,5,17,0.294,2024-25,Regular Season,Touch 2-6 Seconds
1627742,Brandon Ingram,1610612761,TOR,27.0,18,18,0.447,67,149,0.45,0.466,0.372,62,124,0.5,0.075,5,25,0.2,2024-25,Regular Season,Touch 2-6 Seconds
1631124,Julian Strawther,1610612743,DEN,23.0,65,57,0.311,69,147,0.469,0.503,0.25,59,118,0.5,0.061,10,29,0.345,2024-25,Regular Season,Touch 2-6 Seconds
203114,Khris Middleton,1610612764,WAS,33.0,37,37,0.433,69,146,0.473,0.517,0.312,56,105,0.533,0.122,13,41,0.317,2024-25,Regular Season,Touch 2-6 Seconds
1630570,Trendon Watford,1610612751,BKN,24.0,44,42,0.414,66,145,0.455,0.469,0.38,62,133,0.466,0.034,4,12,0.333,2024-25,Regular Season,Touch 2-6 Seconds
1631105,Jalen Duren,1610612765,DET,21.0,78,66,0.264,82,144,0.569,0.569,0.264,82,144,0.569,0.0,0,0,,2024-25,Regular Season,Touch 2-6 Seconds
204001,Kristaps Porziņģis,1610612738,BOS,29.0,42,39,0.257,65,143,0.455,0.462,0.241,63,134,0.47,0.016,2,9,0.222,2024-25,Regular Season,Touch 2-6 Seconds
1641824,Matas Buzelis,1610612741,CHI,20.0,80,64,0.258,65,143,0.455,0.469,0.229,61,127,0.48,0.029,4,16,0.25,2024-25,Regular Season,Touch 2-6 Seconds
1630174,Aaron Nesmith,1610612754,IND,25.0,45,45,0.375,73,142,0.514,0.539,0.332,66,126,0.524,0.042,7,16,0.438,2024-25,Regular Season,Touch 2-6 Seconds
1629652,Luguentz Dort,1610612760,OKC,26.0,71,60,0.239,55,142,0.387,0.451,0.164,37,97,0.381,0.076,18,45,0.4,2024-25,Regular Season,Touch 2-6 Seconds
1630198,Isaiah Joe,1610612760,OKC,25.0,74,64,0.241,50,142,0.352,0.419,0.121,31,71,0.437,0.121,19,71,0.268,2024-25,Regular Season,Touch 2-6 Seconds
1626167,Myles Turner,1610612754,IND,29.0,72,61,0.174,54,141,0.383,0.415,0.142,45,115,0.391,0.032,9,26,0.346,2024-25,Regular Season,Touch 2-6 Seconds
1642261,Dalton Knecht,1610612747,LAL,24.0,78,56,0.251,73,140,0.521,0.586,0.189,55,105,0.524,0.063,18,35,0.514,2024-25,Regular Season,Touch 2-6 Seconds
1630541,Moses Moody,1610612744,GSW,23.0,74,61,0.245,72,139,0.518,0.561,0.21,60,119,0.504,0.035,12,20,0.6,2024-25,Regular Season,Touch 2-6 Seconds
1626145,Tyus Jones,1610612756,PHX,29.0,81,63,0.204,59,139,0.424,0.46,0.155,49,106,0.462,0.048,10,33,0.303,2024-25,Regular Season,Touch 2-6 Seconds
201572,Brook Lopez,1610612749,MIL,37.0,80,63,0.178,76,138,0.551,0.569,0.165,71,128,0.555,0.013,5,10,0.5,2024-25,Regular Season,Touch 2-6 Seconds
1628379,Luke Kennard,1610612763,MEM,29.0,64,48,0.325,62,138,0.449,0.486,0.241,52,102,0.51,0.085,10,36,0.278,2024-25,Regular Season,Touch 2-6 Seconds
1627884,Derrick Jones Jr.,1610612746,LAC,28.0,77,64,0.231,64,136,0.471,0.471,0.219,64,129,0.496,0.012,0,7,0.0,2024-25,Regular Season,Touch 2-6 Seconds
1642271,Kyle Filipowski,1610612762,UTA,21.0,72,58,0.261,77,135,0.57,0.585,0.239,73,124,0.589,0.021,4,11,0.364,2024-25,Regular Season,Touch 2-6 Seconds
203954,Joel Embiid,1610612755,PHI,31.0,19,19,0.429,63,135,0.467,0.474,0.394,61,124,0.492,0.035,2,11,0.182,2024-25,Regular Season,Touch 2-6 Seconds
1628960,Grayson Allen,1610612756,PHX,29.0,64,57,0.276,63,135,0.467,0.526,0.194,47,95,0.495,0.082,16,40,0.4,2024-25,Regular Season,Touch 2-6 Seconds
1627777,Georges Niang,1610612737,ATL,32.0,79,61,0.215,71,133,0.534,0.553,0.197,66,122,0.541,0.018,5,11,0.455,2024-25,Regular Season,Touch 2-6 Seconds
203937,Kyle Anderson,1610612748,MIA,31.0,61,49,0.442,62,133,0.466,0.485,0.402,57,121,0.471,0.04,5,12,0.417,2024-25,Regular Season,Touch 2-6 Seconds
1631213,Tyrese Martin,1610612751,BKN,26.0,60,41,0.286,59,133,0.444,0.466,0.232,53,108,0.491,0.054,6,25,0.24,2024-25,Regular Season,Touch 2-6 Seconds
1631204,Marcus Sasser,1610612765,DET,24.0,57,45,0.447,69,132,0.523,0.61,0.268,46,79,0.582,0.18,23,53,0.434,2024-25,Regular Season,Touch 2-6 Seconds
1642348,Justin Edwards,1610612755,PHI,21.0,44,41,0.35,67,132,0.508,0.53,0.308,61,116,0.526,0.042,6,16,0.375,2024-25,Regular Season,Touch 2-6 Seconds
1642266,Ja'Kobe Walter,1610612761,TOR,20.0,52,46,0.333,52,131,0.397,0.416,0.28,47,110,0.427,0.053,5,21,0.238,2024-25,Regular Season,Touch 2-6 Seconds
1627824,Guerschon Yabusele,1610612755,PHI,29.0,70,53,0.231,75,130,0.577,0.581,0.213,74,120,0.617,0.018,1,10,0.1,2024-25,Regular Season,Touch 2-6 Seconds
203552,Seth Curry,1610612766,CHA,34.0,68,46,0.373,57,128,0.445,0.492,0.289,45,99,0.455,0.085,12,29,0.414,2024-25,Regular Season,Touch 2-6 Seconds
1629060,Rui Hachimura,1610612747,LAL,27.0,59,45,0.221,58,127,0.457,0.461,0.214,57,123,0.463,0.007,1,4,0.25,2024-25,Regular Season,Touch 2-6 Seconds
1641783,Tristan da Silva,1610612753,ORL,24.0,74,57,0.263,48,127,0.378,0.413,0.207,39,100,0.39,0.056,9,27,0.333,2024-25,Regular Season,Touch 2-6 Seconds
1630702,Jaden Hardy,1610612742,DAL,22.0,57,45,0.303,52,125,0.416,0.436,0.252,47,104,0.452,0.051,5,21,0.238,2024-25,Regular Season,Touch 2-6 Seconds
1631222,Jake LaRavia,1610612758,SAC,23.0,66,58,0.371,52,125,0.416,0.432,0.335,48,113,0.425,0.036,4,12,0.333,2024-25,Regular Season,Touch 2-6 Seconds
1630548,Johnny Juzang,1610612762,UTA,24.0,64,52,0.261,60,124,0.484,0.532,0.175,48,83,0.578,0.086,12,41,0.293,2024-25,Regular Season,Touch 2-6 Seconds
1627739,Kris Dunn,1610612746,LAC,31.0,74,54,0.281,60,123,0.488,0.496,0.263,58,115,0.504,0.018,2,8,0.25,2024-25,Regular Season,Touch 2-6 Seconds
1642275,Tidjane Salaün,1610612766,CHA,19.0,60,50,0.357,40,123,0.325,0.378,0.246,27,85,0.318,0.11,13,38,0.342,2024-25,Regular Season,Touch 2-6 Seconds
1629659,Talen Horton-Tucker,1610612741,CHI,24.0,58,41,0.419,52,122,0.426,0.443,0.347,48,101,0.475,0.072,4,21,0.19,2024-25,Regular Season,Touch 2-6 Seconds
1630577,Julian Champagnie,1610612759,SAS,24.0,82,63,0.183,49,122,0.402,0.451,0.137,37,91,0.407,0.047,12,31,0.387,2024-25,Regular Season,Touch 2-6 Seconds
1631110,Jeremy Sochan,1610612759,SAS,22.0,54,45,0.258,47,121,0.388,0.393,0.245,46,115,0.4,0.013,1,6,0.167,2024-25,Regular Season,Touch 2-6 Seconds
203995,Vasilije Micic,1610612756,PHX,31.0,41,33,0.44,43,120,0.358,0.421,0.304,28,83,0.337,0.136,15,37,0.405,2024-25,Regular Season,Touch 2-6 Seconds
1642354,KJ Simpson,1610612766,CHA,22.0,36,33,0.385,49,116,0.422,0.461,0.292,40,88,0.455,0.093,9,28,0.321,2024-25,Regular Season,Touch 2-6 Seconds
1630533,Ziaire Williams,1610612751,BKN,23.0,63,52,0.223,45,116,0.388,0.401,0.192,42,100,0.42,0.031,3,16,0.188,2024-25,Regular Season,Touch 2-6 Seconds
1628997,Caleb Martin,1610612742,DAL,29.0,45,41,0.382,43,116,0.371,0.384,0.319,40,97,0.412,0.063,3,19,0.158,2024-25,Regular Season,Touch 2-6 Seconds
1631165,Keon Ellis,1610612758,SAC,25.0,80,55,0.248,58,115,0.504,0.57,0.181,43,84,0.512,0.067,15,31,0.484,2024-25,Regular Season,Touch 2-6 Seconds
1642272,Jared McCain,1610612755,PHI,21.0,23,21,0.416,53,114,0.465,0.513,0.303,42,83,0.506,0.113,11,31,0.355,2024-25,Regular Season,Touch 2-6 Seconds
1627763,Malcolm Brogdon,1610612764,WAS,32.0,24,24,0.471,47,113,0.416,0.416,0.433,47,104,0.452,0.038,0,9,0.0,2024-25,Regular Season,Touch 2-6 Seconds
1642274,Yves Missi,1610612740,NOP,21.0,73,59,0.228,51,112,0.455,0.455,0.228,51,112,0.455,0.0,0,0,,2024-25,Regular Season,Touch 2-6 Seconds
1630534,Ochai Agbaji,1610612761,TOR,25.0,64,53,0.208,54,111,0.486,0.5,0.195,51,104,0.49,0.013,3,7,0.429,2024-25,Regular Season,Touch 2-6 Seconds
203932,Aaron Gordon,1610612743,DEN,29.0,51,44,0.221,51,110,0.464,0.523,0.155,38,77,0.494,0.066,13,33,0.394,2024-25,Regular Season,Touch 2-6 Seconds
1631096,Chet Holmgren,1610612760,OKC,23.0,32,31,0.323,47,110,0.427,0.445,0.296,43,101,0.426,0.026,4,9,0.444,2024-25,Regular Season,Touch 2-6 Seconds
1630200,Tre Jones,1610612741,CHI,25.0,46,41,0.458,53,109,0.486,0.491,0.441,52,105,0.495,0.017,1,4,0.25,2024-25,Regular Season,Touch 2-6 Seconds
1630168,Onyeka Okongwu,1610612737,ATL,24.0,74,53,0.158,51,108,0.472,0.472,0.156,51,107,0.477,0.001,0,1,0.0,2024-25,Regular Season,Touch 2-6 Seconds
1628976,Wendell Carter Jr.,1610612753,ORL,26.0,68,51,0.22,50,108,0.463,0.463,0.218,50,107,0.467,0.002,0,1,0.0,2024-25,Regular Season,Touch 2-6 Seconds
1631207,Dalen Terry,1610612741,CHI,22.0,73,58,0.399,51,107,0.477,0.481,0.384,50,103,0.485,0.015,1,4,0.25,2024-25,Regular Season,Touch 2-6 Seconds
1642367,Jonathan Mogbo,1610612761,TOR,23.0,63,50,0.301,38,107,0.355,0.355,0.292,38,104,0.365,0.008,0,3,0.0,2024-25,Regular Season,Touch 2-6 Seconds
1629026,Kenrich Williams,1610612760,OKC,30.0,69,50,0.297,45,105,0.429,0.443,0.254,42,90,0.467,0.042,3,15,0.2,2024-25,Regular Season,Touch 2-6 Seconds
1631212,Peyton Watson,1610612743,DEN,22.0,68,54,0.25,43,105,0.41,0.414,0.243,42,102,0.412,0.007,1,3,0.333,2024-25,Regular Season,Touch 2-6 Seconds
1630182,Josh Green,1610612766,CHA,24.0,68,57,0.249,39,105,0.371,0.381,0.23,37,97,0.381,0.019,2,8,0.25,2024-25,Regular Season,Touch 2-6 Seconds
1628386,Jarrett Allen,1610612739,CLE,27.0,82,60,0.163,69,104,0.663,0.663,0.161,69,103,0.67,0.002,0,1,0.0,2024-25,Regular Season,Touch 2-6 Seconds
1629216,Gabe Vincent,1610612747,LAL,29.0,72,54,0.248,46,104,0.442,0.505,0.14,33,59,0.559,0.107,13,45,0.289,2024-25,Regular Season,Touch 2-6 Seconds
1631107,Nikola Jović,1610612748,MIA,22.0,46,41,0.267,50,101,0.495,0.51,0.23,47,87,0.54,0.037,3,14,0.214,2024-25,Regular Season,Touch 2-6 Seconds
1629028,Deandre Ayton,1610612757,POR,26.0,40,34,0.212,48,99,0.485,0.485,0.209,48,98,0.49,0.002,0,1,0.0,2024-25,Regular Season,Touch 2-6 Seconds
1630173,Precious Achiuwa,1610612752,NYK,25.0,56,41,0.305,46,99,0.465,0.465,0.298,46,97,0.474,0.006,0,2,0.0,2024-25,Regular Season,Touch 2-6 Seconds
1626220,Royce O'Neale,1610612756,PHX,32.0,75,48,0.174,36,99,0.364,0.409,0.126,27,72,0.375,0.047,9,27,0.333,2024-25,Regular Season,Touch 2-6 Seconds
1628971,Bruce Brown,1610612740,NOP,28.0,41,38,0.317,34,98,0.347,0.347,0.314,34,97,0.351,0.003,0,1,0.0,2024-25,Regular Season,Touch 2-6 Seconds
203994,Jusuf Nurkić,1610612766,CHA,30.0,51,42,0.276,46,97,0.474,0.49,0.25,43,88,0.489,0.026,3,9,0.333,2024-25,Regular Season,Touch 2-6 Seconds
1629003,Shake Milton,1610612747,LAL,28.0,57,38,0.378,51,96,0.531,0.557,0.307,46,78,0.59,0.071,5,18,0.278,2024-25,Regular Season,Touch 2-6 Seconds
1628998,Cody Martin,1610612756,PHX,29.0,53,43,0.292,46,95,0.484,0.516,0.24,40,78,0.513,0.052,6,17,0.353,2024-25,Regular Season,Touch 2-6 Seconds
203482,Kelly Olynyk,1610612740,NOP,34.0,44,37,0.354,43,95,0.453,0.479,0.317,38,85,0.447,0.037,5,10,0.5,2024-25,Regular Season,Touch 2-6 Seconds
1629655,Daniel Gafford,1610612742,DAL,26.0,57,45,0.233,55,94,0.585,0.585,0.233,55,94,0.585,0.0,0,0,,2024-25,Regular Season,Touch 2-6 Seconds
1629004,Svi Mykhailiuk,1610612762,UTA,28.0,38,32,0.312,34,94,0.362,0.42,0.163,23,49,0.469,0.15,11,45,0.244,2024-25,Regular Season,Touch 2-6 Seconds
1631323,Simone Fontecchio,1610612765,DET,29.0,75,53,0.249,36,93,0.387,0.387,0.231,36,86,0.419,0.019,0,7,0.0,2024-25,Regular Season,Touch 2-6 Seconds
1630288,Jeff Dowtin Jr.,1610612755,PHI,28.0,41,30,0.396,49,91,0.538,0.588,0.322,40,74,0.541,0.074,9,17,0.529,2024-25,Regular Season,Touch 2-6 Seconds
1631157,Ryan Rollins,1610612749,MIL,22.0,56,38,0.336,45,91,0.495,0.516,0.292,41,79,0.519,0.044,4,12,0.333,2024-25,Regular Season,Touch 2-6 Seconds
1641787,Tosan Evbuomwan,1610612751,BKN,24.0,28,26,0.414,42,91,0.462,0.473,0.4,40,88,0.455,0.014,2,3,0.667,2024-25,Regular Season,Touch 2-6 Seconds
1630551,Justin Champagnie,1610612764,WAS,24.0,62,46,0.219,39,90,0.433,0.439,0.187,38,77,0.494,0.032,1,13,0.077,2024-25,Regular Season,Touch 2-6 Seconds
1629006,Josh Okogie,1610612766,CHA,26.0,40,33,0.41,42,87,0.483,0.511,0.363,37,77,0.481,0.047,5,10,0.5,2024-25,Regular Season,Touch 2-6 Seconds
203935,Marcus Smart,1610612764,WAS,31.0,34,32,0.339,41,87,0.471,0.534,0.245,30,63,0.476,0.093,11,24,0.458,2024-25,Regular Season,Touch 2-6 Seconds
1631200,Kris Murray,1610612757,POR,24.0,69,45,0.305,36,85,0.424,0.429,0.265,35,74,0.473,0.039,1,11,0.091,2024-25,Regular Season,Touch 2-6 Seconds
1641744,Zach Edey,1610612763,MEM,23.0,65,46,0.192,44,82,0.537,0.543,0.189,43,81,0.531,0.002,1,1,1.0,2024-25,Regular Season,Touch 2-6 Seconds
1642265,Rob Dillingham,1610612750,MIN,20.0,49,35,0.389,35,82,0.427,0.47,0.294,28,62,0.452,0.095,7,20,0.35,2024-25,Regular Season,Touch 2-6 Seconds
1630314,Brandon Williams,1610612742,DAL,25.0,33,27,0.426,43,80,0.538,0.556,0.367,40,69,0.58,0.059,3,11,0.273,2024-25,Regular Season,Touch 2-6 Seconds
203110,Draymond Green,1610612744,GSW,35.0,68,44,0.157,35,80,0.438,0.456,0.139,32,71,0.451,0.018,3,9,0.333,2024-25,Regular Season,Touch 2-6 Seconds
1629610,DaQuan Jeffries,1610612766,CHA,27.0,47,33,0.275,30,80,0.375,0.406,0.241,25,70,0.357,0.034,5,10,0.5,2024-25,Regular Season,Touch 2-6 Seconds
1641810,Antonio Reeves,1610612740,NOP,24.0,44,29,0.315,35,78,0.449,0.481,0.25,30,62,0.484,0.065,5,16,0.313,2024-25,Regular Season,Touch 2-6 Seconds
1627751,Jakob Poeltl,1610612761,TOR,29.0,57,37,0.131,43,76,0.566,0.566,0.131,43,76,0.566,0.0,0,0,,2024-25,Regular Season,Touch 2-6 Seconds
1628988,Aaron Holiday,1610612745,HOU,28.0,62,40,0.28,36,75,0.48,0.533,0.201,28,54,0.519,0.078,8,21,0.381,2024-25,Regular Season,Touch 2-6 Seconds
1642346,Ryan Dunn,1610612756,PHX,22.0,74,44,0.155,31,74,0.419,0.426,0.143,30,68,0.441,0.013,1,6,0.167,2024-25,Regular Season,Touch 2-6 Seconds
1641713,GG Jackson,1610612763,MEM,20.0,29,25,0.372,28,74,0.378,0.392,0.327,26,65,0.4,0.045,2,9,0.222,2024-25,Regular Season,Touch 2-6 Seconds
1631217,Moussa Diabate,1610612766,CHA,23.0,71,38,0.261,40,73,0.548,0.548,0.257,40,72,0.556,0.004,0,1,0.0,2024-25,Regular Season,Touch 2-6 Seconds
1627936,Alex Caruso,1610612760,OKC,31.0,54,39,0.232,30,73,0.411,0.411,0.182,30,57,0.526,0.051,0,16,0.0,2024-25,Regular Season,Touch 2-6 Seconds
1642349,Ajay Mitchell,1610612760,OKC,23.0,36,31,0.389,33,72,0.458,0.472,0.357,31,66,0.47,0.032,2,6,0.333,2024-25,Regular Season,Touch 2-6 Seconds
202692,Alec Burks,1610612748,MIA,33.0,49,32,0.262,30,71,0.423,0.486,0.185,21,50,0.42,0.077,9,21,0.429,2024-25,Regular Season,Touch 2-6 Seconds
1630526,Jeremiah Robinson-Earl,1610612740,NOP,24.0,66,41,0.205,27,71,0.38,0.38,0.184,27,64,0.422,0.02,0,7,0.0,2024-25,Regular Season,Touch 2-6 Seconds
1627732,Ben Simmons,1610612746,LAC,28.0,51,33,0.314,43,70,0.614,0.614,0.314,43,70,0.614,0.0,0,0,,2024-25,Regular Season,Touch 2-6 Seconds
1630573,Sam Hauser,1610612738,BOS,27.0,71,39,0.149,42,70,0.6,0.679,0.092,31,43,0.721,0.058,11,27,0.407,2024-25,Regular Season,Touch 2-6 Seconds
1630249,Vít Krejčí,1610612737,ATL,25.0,57,36,0.24,37,70,0.529,0.607,0.134,26,39,0.667,0.106,11,31,0.355,2024-25,Regular Season,Touch 2-6 Seconds
1631104,Blake Wesley,1610612759,SAS,22.0,58,39,0.376,36,70,0.514,0.529,0.355,34,66,0.515,0.022,2,4,0.5,2024-25,Regular Season,Touch 2-6 Seconds
1629634,Brandon Clarke,1610612763,MEM,28.0,63,45,0.186,33,70,0.471,0.471,0.186,33,70,0.471,0.0,0,0,,2024-25,Regular Season,Touch 2-6 Seconds
1630544,Tre Mann,1610612766,CHA,24.0,13,13,0.429,31,69,0.449,0.514,0.311,22,50,0.44,0.118,9,19,0.474,2024-25,Regular Season,Touch 2-6 Seconds
1629022,Lonnie Walker IV,1610612755,PHI,26.0,20,17,0.325,28,69,0.406,0.442,0.226,23,48,0.479,0.099,5,21,0.238,2024-25,Regular Season,Touch 2-6 Seconds
1642262,Cody Williams,1610612762,UTA,20.0,50,36,0.268,20,69,0.29,0.297,0.257,19,66,0.288,0.012,1,3,0.333,2024-25,Regular Season,Touch 2-6 Seconds
1626192,Pat Connaughton,1610612749,MIL,32.0,41,26,0.384,37,68,0.544,0.581,0.316,32,56,0.571,0.068,5,12,0.417,2024-25,Regular Season,Touch 2-6 Seconds
1631260,AJ Green,1610612749,MIL,25.0,73,44,0.16,28,68,0.412,0.529,0.066,12,28,0.429,0.094,16,40,0.4,2024-25,Regular Season,Touch 2-6 Seconds
1641730,Noah Clowney,1610612751,BKN,20.0,46,33,0.183,17,68,0.25,0.279,0.134,13,50,0.26,0.048,4,18,0.222,2024-25,Regular Season,Touch 2-6 Seconds
1642276,Kel'el Ware,1610612748,MIA,21.0,64,36,0.144,29,67,0.433,0.448,0.129,27,60,0.45,0.015,2,7,0.286,2024-25,Regular Season,Touch 2-6 Seconds
1642358,AJ Johnson,1610612764,WAS,20.0,29,21,0.315,28,67,0.418,0.455,0.221,23,47,0.489,0.094,5,20,0.25,2024-25,Regular Season,Touch 2-6 Seconds
1631103,Malaki Branham,1610612759,SAS,22.0,47,26,0.342,27,65,0.415,0.446,0.289,23,55,0.418,0.053,4,10,0.4,2024-25,Regular Season,Touch 2-6 Seconds
1642263,Reed Sheppard,1610612745,HOU,21.0,52,35,0.272,23,65,0.354,0.408,0.18,16,43,0.372,0.092,7,22,0.318,2024-25,Regular Season,Touch 2-6 Seconds
1628449,Chris Boucher,1610612761,TOR,32.0,50,37,0.173,33,64,0.516,0.531,0.141,31,52,0.596,0.033,2,12,0.167,2024-25,Regular Season,Touch 2-6 Seconds
1630188,Jalen Smith,1610612741,CHI,25.0,64,40,0.157,32,64,0.5,0.508,0.142,31,58,0.534,0.015,1,6,0.167,2024-25,Regular Season,Touch 2-6 Seconds
1629048,Goga Bitadze,1610612753,ORL,25.0,70,39,0.189,30,64,0.469,0.469,0.183,30,62,0.484,0.006,0,2,0.0,2024-25,Regular Season,Touch 2-6 Seconds
203083,Andre Drummond,1610612755,PHI,31.0,40,29,0.274,29,64,0.453,0.453,0.265,29,62,0.468,0.009,0,2,0.0,2024-25,Regular Season,Touch 2-6 Seconds
1629622,Max Strus,1610612739,CLE,29.0,50,38,0.172,27,64,0.422,0.484,0.091,19,34,0.559,0.08,8,30,0.267,2024-25,Regular Season,Touch 2-6 Seconds
1629021,Moritz Wagner,1610612753,ORL,28.0,30,26,0.253,34,63,0.54,0.54,0.249,34,62,0.548,0.004,0,1,0.0,2024-25,Regular Season,Touch 2-6 Seconds
1630191,Isaiah Stewart,1610612765,DET,24.0,72,42,0.2,33,63,0.524,0.532,0.184,32,58,0.552,0.016,1,5,0.2,2024-25,Regular Season,Touch 2-6 Seconds
1631115,Orlando Robinson,1610612761,TOR,24.0,44,31,0.241,25,63,0.397,0.397,0.234,25,61,0.41,0.008,0,2,0.0,2024-25,Regular Season,Touch 2-6 Seconds
1628975,Jevon Carter,1610612741,CHI,29.0,36,27,0.432,22,63,0.349,0.421,0.185,13,27,0.481,0.247,9,36,0.25,2024-25,Regular Season,Touch 2-6 Seconds
1630549,Day'Ron Sharpe,1610612751,BKN,23.0,50,37,0.196,31,62,0.5,0.5,0.192,31,61,0.508,0.003,0,1,0.0,2024-25,Regular Season,Touch 2-6 Seconds
1629312,Haywood Highsmith,1610612748,MIA,28.0,74,38,0.159,31,62,0.5,0.532,0.136,27,53,0.509,0.023,4,9,0.444,2024-25,Regular Season,Touch 2-6 Seconds
1631288,Jamal Cain,1610612740,NOP,26.0,37,22,0.392,30,62,0.484,0.516,0.323,26,51,0.51,0.07,4,11,0.364,2024-25,Regular Season,Touch 2-6 Seconds
1631109,Mark Williams,1610612766,CHA,23.0,44,31,0.139,27,62,0.435,0.435,0.139,27,62,0.435,0.0,0,0,,2024-25,Regular Season,Touch 2-6 Seconds
1628420,Monte Morris,1610612756,PHX,30.0,45,36,0.318,24,62,0.387,0.411,0.272,21,53,0.396,0.046,3,9,0.333,2024-25,Regular Season,Touch 2-6 Seconds
203901,Elfrid Payton,1610612740,NOP,31.0,24,22,0.5,15,61,0.246,0.246,0.484,15,59,0.254,0.016,0,2,0.0,2024-25,Regular Season,Touch 2-6 Seconds
1641724,Jett Howard,1610612753,ORL,21.0,60,32,0.229,28,60,0.467,0.508,0.16,23,42,0.548,0.069,5,18,0.278,2024-25,Regular Season,Touch 2-6 Seconds
1630529,Herbert Jones,1610612740,NOP,26.0,20,20,0.349,28,60,0.467,0.467,0.331,28,57,0.491,0.017,0,3,0.0,2024-25,Regular Season,Touch 2-6 Seconds
201569,Eric Gordon,1610612755,PHI,36.0,39,29,0.289,27,59,0.458,0.492,0.24,23,49,0.469,0.049,4,10,0.4,2024-25,Regular Season,Touch 2-6 Seconds
1630572,Sandro Mamukelashvili,1610612759,SAS,26.0,61,30,0.206,34,58,0.586,0.621,0.167,30,47,0.638,0.039,4,11,0.364,2024-25,Regular Season,Touch 2-6 Seconds
1631218,Trayce Jackson-Davis,1610612744,GSW,25.0,62,39,0.192,26,58,0.448,0.448,0.185,26,56,0.464,0.007,0,2,0.0,2024-25,Regular Season,Touch 2-6 Seconds
1641765,Olivier-Maxence Prosper,1610612742,DAL,22.0,52,28,0.333,23,58,0.397,0.397,0.316,23,55,0.418,0.017,0,3,0.0,2024-25,Regular Season,Touch 2-6 Seconds
1630208,Nick Richards,1610612756,PHX,27.0,57,36,0.164,27,57,0.474,0.474,0.161,27,56,0.482,0.003,0,1,0.0,2024-25,Regular Season,Touch 2-6 Seconds
1641732,Colby Jones,1610612764,WAS,23.0,39,23,0.434,29,56,0.518,0.545,0.372,26,48,0.542,0.062,3,8,0.375,2024-25,Regular Season,Touch 2-6 Seconds
1631245,Quenton Jackson,1610612754,IND,26.0,28,19,0.459,28,56,0.5,0.536,0.393,24,48,0.5,0.066,4,8,0.5,2024-25,Regular Season,Touch 2-6 Seconds
1641796,Pelle Larsson,1610612748,MIA,24.0,55,28,0.276,26,56,0.464,0.482,0.241,24,49,0.49,0.034,2,7,0.286,2024-25,Regular Season,Touch 2-6 Seconds
1641757,Jordan Miller,1610612746,LAC,25.0,37,21,0.418,24,56,0.429,0.429,0.388,24,52,0.462,0.03,0,4,0.0,2024-25,Regular Season,Touch 2-6 Seconds
1626172,Kevon Looney,1610612744,GSW,29.0,76,38,0.204,23,56,0.411,0.411,0.2,23,55,0.418,0.004,0,1,0.0,2024-25,Regular Season,Touch 2-6 Seconds
1641774,Tristan Vukcevic,1610612764,WAS,22.0,35,16,0.231,21,56,0.375,0.393,0.19,19,46,0.413,0.041,2,10,0.2,2024-25,Regular Season,Touch 2-6 Seconds
1630171,Isaac Okoro,1610612739,CLE,24.0,55,35,0.206,25,55,0.455,0.491,0.169,21,45,0.467,0.037,4,10,0.4,2024-25,Regular Season,Touch 2-6 Seconds
1630243,Trevelin Queen,1610612753,ORL,28.0,31,21,0.374,22,55,0.4,0.464,0.231,15,34,0.441,0.143,7,21,0.333,2024-25,Regular Season,Touch 2-6 Seconds
203497,Rudy Gobert,1610612750,MIN,33.0,72,37,0.106,26,54,0.481,0.481,0.106,26,54,0.481,0.0,0,0,,2024-25,Regular Season,Touch 2-6 Seconds
1641748,Andre Jackson Jr.,1610612749,MIL,23.0,67,36,0.274,22,54,0.407,0.426,0.244,20,48,0.417,0.03,2,6,0.333,2024-25,Regular Season,Touch 2-6 Seconds
1641854,Craig Porter Jr.,1610612739,CLE,25.0,51,27,0.386,22,54,0.407,0.463,0.257,16,36,0.444,0.129,6,18,0.333,2024-25,Regular Season,Touch 2-6 Seconds
1630811,Keaton Wallace,1610612737,ATL,26.0,31,23,0.333,16,54,0.296,0.324,0.247,13,40,0.325,0.086,3,14,0.214,2024-25,Regular Season,Touch 2-6 Seconds
1630256,Jae'Sean Tate,1610612745,HOU,29.0,52,28,0.358,27,53,0.509,0.509,0.345,27,51,0.529,0.014,0,2,0.0,2024-25,Regular Season,Touch 2-6 Seconds
1631133,Jabari Walker,1610612757,POR,22.0,60,29,0.231,25,53,0.472,0.472,0.231,25,53,0.472,0.0,0,0,,2024-25,Regular Season,Touch 2-6 Seconds
1641712,Rayan Rupert,1610612757,POR,21.0,52,25,0.366,22,52,0.423,0.442,0.31,20,44,0.455,0.056,2,8,0.25,2024-25,Regular Season,Touch 2-6 Seconds
1628392,Isaiah Hartenstein,1610612760,OKC,27.0,57,35,0.109,21,52,0.404,0.404,0.104,21,50,0.42,0.004,0,2,0.0,2024-25,Regular Season,Touch 2-6 Seconds
1629750,Javonte Green,1610612739,CLE,31.0,68,32,0.181,20,52,0.385,0.394,0.167,19,48,0.396,0.014,1,4,0.25,2024-25,Regular Season,Touch 2-6 Seconds
1631209,Isaiah Wong,1610612766,CHA,24.0,20,20,0.495,19,52,0.365,0.404,0.41,15,43,0.349,0.086,4,9,0.444,2024-25,Regular Season,Touch 2-6 Seconds
1629234,Drew Eubanks,1610612746,LAC,28.0,61,33,0.263,25,51,0.49,0.5,0.258,24,50,0.48,0.005,1,1,1.0,2024-25,Regular Season,Touch 2-6 Seconds
1626168,Trey Lyles,1610612758,SAC,29.0,69,34,0.136,18,51,0.353,0.363,0.112,17,42,0.405,0.024,1,9,0.111,2024-25,Regular Season,Touch 2-6 Seconds
201143,Al Horford,1610612738,BOS,39.0,60,33,0.11,20,50,0.4,0.4,0.105,20,48,0.417,0.004,0,2,0.0,2024-25,Regular Season,Touch 2-6 Seconds
1642419,Jamison Battle,1610612761,TOR,24.0,59,31,0.141,24,49,0.49,0.571,0.095,16,33,0.485,0.046,8,16,0.5,2024-25,Regular Season,Touch 2-6 Seconds
1641721,Maxwell Lewis,1610612751,BKN,22.0,28,19,0.454,23,49,0.469,0.5,0.37,20,40,0.5,0.083,3,9,0.333,2024-25,Regular Season,Touch 2-6 Seconds
1627827,Dorian Finney-Smith,1610612747,LAL,32.0,63,33,0.113,23,49,0.469,0.49,0.099,21,43,0.488,0.014,2,6,0.333,2024-25,Regular Season,Touch 2-6 Seconds
1630311,Pat Spencer,1610612744,GSW,28.0,39,25,0.485,20,49,0.408,0.408,0.455,20,46,0.435,0.03,0,3,0.0,2024-25,Regular Season,Touch 2-6 Seconds
1642269,Devin Carter,1610612758,SAC,23.0,36,24,0.386,17,49,0.347,0.388,0.26,13,33,0.394,0.126,4,16,0.25,2024-25,Regular Season,Touch 2-6 Seconds
1629618,Jalen Pickett,1610612743,DEN,25.0,49,27,0.267,19,48,0.396,0.469,0.189,12,34,0.353,0.078,7,14,0.5,2024-25,Regular Season,Touch 2-6 Seconds
1641737,Adem Bona,1610612755,PHI,22.0,58,30,0.24,30,46,0.652,0.652,0.24,30,46,0.652,0.0,0,0,,2024-25,Regular Season,Touch 2-6 Seconds
1628366,Lonzo Ball,1610612741,CHI,27.0,35,28,0.189,18,46,0.391,0.5,0.091,8,22,0.364,0.099,10,24,0.417,2024-25,Regular Season,Touch 2-6 Seconds
1631221,Collin Gillespie,1610612756,PHX,26.0,33,24,0.291,13,46,0.283,0.315,0.215,10,34,0.294,0.076,3,12,0.25,2024-25,Regular Season,Touch 2-6 Seconds
1630322,Lindy Waters III,1610612765,DET,27.0,52,27,0.182,19,45,0.422,0.5,0.13,12,32,0.375,0.053,7,13,0.538,2024-25,Regular Season,Touch 2-6 Seconds
1628380,Zach Collins,1610612741,CHI,27.0,64,28,0.146,25,44,0.568,0.568,0.142,25,43,0.581,0.003,0,1,0.0,2024-25,Regular Season,Touch 2-6 Seconds
1630545,Terrence Shannon Jr.,1610612750,MIN,24.0,32,20,0.386,20,44,0.455,0.466,0.368,19,42,0.452,0.018,1,2,0.5,2024-25,Regular Season,Touch 2-6 Seconds
203991,Clint Capela,1610612737,ATL,31.0,55,28,0.113,19,44,0.432,0.432,0.113,19,44,0.432,0.0,0,0,,2024-25,Regular Season,Touch 2-6 Seconds
1641720,Jalen Hood-Schifino,1610612755,PHI,22.0,15,14,0.449,18,44,0.409,0.466,0.235,13,23,0.565,0.214,5,21,0.238,2024-25,Regular Season,Touch 2-6 Seconds
1629013,Landry Shamet,1610612752,NYK,28.0,49,25,0.189,24,43,0.558,0.593,0.145,21,33,0.636,0.044,3,10,0.3,2024-25,Regular Season,Touch 2-6 Seconds
1631246,Vince Williams Jr.,1610612763,MEM,24.0,26,23,0.267,21,43,0.488,0.547,0.168,16,27,0.593,0.099,5,16,0.313,2024-25,Regular Season,Touch 2-6 Seconds
1628371,Jonathan Isaac,1610612753,ORL,27.0,71,29,0.133,16,43,0.372,0.372,0.117,16,38,0.421,0.015,0,5,0.0,2024-25,Regular Season,Touch 2-6 Seconds
1641767,Ben Sheppard,1610612754,IND,23.0,63,29,0.146,16,42,0.381,0.381,0.122,16,35,0.457,0.024,0,7,0.0,2024-25,Regular Season,Touch 2-6 Seconds
1626153,Delon Wright,1610612752,NYK,33.0,40,22,0.321,13,42,0.31,0.321,0.229,12,30,0.4,0.092,1,12,0.083,2024-25,Regular Season,Touch 2-6 Seconds
1630692,Jordan Goodwin,1610612747,LAL,26.0,29,23,0.285,19,41,0.463,0.488,0.243,17,35,0.486,0.042,2,6,0.333,2024-25,Regular Season,Touch 2-6 Seconds
1631111,Wendell Moore Jr.,1610612766,CHA,23.0,36,25,0.325,18,41,0.439,0.439,0.294,18,37,0.486,0.032,0,4,0.0,2024-25,Regular Season,Touch 2-6 Seconds
1630538,Bones Hyland,1610612750,MIN,24.0,24,16,0.347,18,41,0.439,0.561,0.136,8,16,0.5,0.212,10,25,0.4,2024-25,Regular Season,Touch 2-6 Seconds
1642281,Jaylon Tyson,1610612739,CLE,22.0,47,21,0.268,19,40,0.475,0.475,0.268,19,40,0.475,0.0,0,0,,2024-25,Regular Season,Touch 2-6 Seconds
203957,Dante Exum,1610612742,DAL,29.0,20,18,0.299,14,40,0.35,0.35,0.261,14,35,0.4,0.037,0,5,0.0,2024-25,Regular Season,Touch 2-6 Seconds
1631223,David Roddy,1610612745,HOU,24.0,33,21,0.312,22,39,0.564,0.59,0.28,20,35,0.571,0.032,2,4,0.5,2024-25,Regular Season,Touch 2-6 Seconds
1630639,A.J. Lawson,1610612761,TOR,24.0,26,17,0.2,19,38,0.5,0.526,0.179,17,34,0.5,0.021,2,4,0.5,2024-25,Regular Season,Touch 2-6 Seconds
1641878,Damion Baugh,1610612766,CHA,24.0,15,13,0.292,17,38,0.447,0.461,0.262,16,34,0.471,0.031,1,4,0.25,2024-25,Regular Season,Touch 2-6 Seconds
1630194,Paul Reed,1610612765,DET,26.0,45,22,0.268,17,38,0.447,0.447,0.246,17,35,0.486,0.021,0,3,0.0,2024-25,Regular Season,Touch 2-6 Seconds
1631098,Johnny Davis,1610612764,WAS,23.0,34,22,0.487,15,38,0.395,0.408,0.359,14,28,0.5,0.128,1,10,0.1,2024-25,Regular Season,Touch 2-6 Seconds
1630643,Jay Huff,1610612763,MEM,27.0,64,26,0.121,24,37,0.649,0.662,0.111,23,34,0.676,0.01,1,3,0.333,2024-25,Regular Season,Touch 2-6 Seconds
1641736,Reece Beekman,1610612751,BKN,23.0,36,20,0.346,17,37,0.459,0.459,0.318,17,34,0.5,0.028,0,3,0.0,2024-25,Regular Season,Touch 2-6 Seconds
1630241,Sam Merrill,1610612739,CLE,29.0,71,31,0.087,16,37,0.432,0.527,0.04,9,17,0.529,0.047,7,20,0.35,2024-25,Regular Season,Touch 2-6 Seconds
1641763,Julian Phillips,1610612741,CHI,21.0,79,30,0.129,16,37,0.432,0.432,0.129,16,37,0.432,0.0,0,0,,2024-25,Regular Season,Touch 2-6 Seconds
1629684,Grant Williams,1610612766,CHA,26.0,16,16,0.301,13,37,0.351,0.392,0.179,10,22,0.455,0.122,3,15,0.2,2024-25,Regular Season,Touch 2-6 Seconds
1631172,Ousmane Dieng,1610612760,OKC,22.0,37,21,0.296,12,37,0.324,0.351,0.2,10,25,0.4,0.096,2,12,0.167,2024-25,Regular Season,Touch 2-6 Seconds
201145,Jeff Green,1610612745,HOU,38.0,32,20,0.298,22,36,0.611,0.653,0.215,19,26,0.731,0.083,3,10,0.3,2024-25,Regular Season,Touch 2-6 Seconds
202709,Cory Joseph,1610612753,ORL,33.0,50,26,0.234,17,36,0.472,0.514,0.169,14,26,0.538,0.065,3,10,0.3,2024-25,Regular Season,Touch 2-6 Seconds
202704,Reggie Jackson,1610612755,PHI,35.0,31,22,0.271,15,36,0.417,0.431,0.195,14,26,0.538,0.075,1,10,0.1,2024-25,Regular Season,Touch 2-6 Seconds
1630231,KJ Martin,1610612762,UTA,24.0,43,22,0.174,18,35,0.514,0.514,0.169,18,34,0.529,0.005,0,1,0.0,2024-25,Regular Season,Touch 2-6 Seconds
1627780,Gary Payton II,1610612744,GSW,32.0,62,26,0.114,20,34,0.588,0.603,0.104,19,31,0.613,0.01,1,3,0.333,2024-25,Regular Season,Touch 2-6 Seconds
1629726,Garrison Mathews,1610612737,ATL,28.0,47,25,0.132,12,34,0.353,0.441,0.074,6,19,0.316,0.058,6,15,0.4,2024-25,Regular Season,Touch 2-6 Seconds
1642270,Donovan Clingan,1610612757,POR,21.0,67,26,0.102,8,34,0.235,0.235,0.087,8,29,0.276,0.015,0,5,0.0,2024-25,Regular Season,Touch 2-6 Seconds
1629626,Bol Bol,1610612756,PHX,25.0,36,20,0.18,17,33,0.515,0.545,0.137,15,25,0.6,0.044,2,8,0.25,2024-25,Regular Season,Touch 2-6 Seconds
1629669,Jaylen Nowell,1610612764,WAS,25.0,8,7,0.452,11,33,0.333,0.333,0.411,11,30,0.367,0.041,0,3,0.0,2024-25,Regular Season,Touch 2-6 Seconds
1641740,Jaylen Clark,1610612750,MIN,23.0,40,20,0.267,15,32,0.469,0.469,0.258,15,31,0.484,0.008,0,1,0.0,2024-25,Regular Season,Touch 2-6 Seconds
1626158,Richaun Holmes,1610612764,WAS,31.0,31,21,0.223,19,31,0.613,0.613,0.216,19,30,0.633,0.007,0,1,0.0,2024-25,Regular Season,Touch 2-6 Seconds
1630264,Anthony Gill,1610612764,WAS,32.0,51,18,0.352,17,31,0.548,0.548,0.352,17,31,0.548,0.0,0,0,,2024-25,Regular Season,Touch 2-6 Seconds
1630531,Jaden Springer,1610612762,UTA,22.0,43,18,0.344,15,31,0.484,0.516,0.267,13,24,0.542,0.078,2,7,0.286,2024-25,Regular Season,Touch 2-6 Seconds
1628365,Markelle Fultz,1610612758,SAC,27.0,21,16,0.463,12,31,0.387,0.387,0.463,12,31,0.387,0.0,0,0,,2024-25,Regular Season,Touch 2-6 Seconds
202693,Markieff Morris,1610612747,LAL,35.0,15,12,0.443,10,31,0.323,0.323,0.386,10,27,0.37,0.057,0,4,0.0,2024-25,Regular Season,Touch 2-6 Seconds
1631232,Keion Brooks Jr.,1610612740,NOP,24.0,14,12,0.275,19,30,0.633,0.633,0.275,19,30,0.633,0.0,0,0,,2024-25,Regular Season,Touch 2-6 Seconds
1641794,Dillon Jones,1610612760,OKC,23.0,54,20,0.226,14,30,0.467,0.467,0.211,14,28,0.5,0.015,0,2,0.0,2024-25,Regular Season,Touch 2-6 Seconds
1629680,Matisse Thybulle,1610612757,POR,28.0,15,13,0.341,12,30,0.4,0.433,0.295,10,26,0.385,0.045,2,4,0.5,2024-25,Regular Season,Touch 2-6 Seconds
1642366,Quinten Post,1610612744,GSW,25.0,42,24,0.109,11,30,0.367,0.383,0.099,10,27,0.37,0.011,1,3,0.333,2024-25,Regular Season,Touch 2-6 Seconds
1629111,Jock Landale,1610612745,HOU,29.0,42,19,0.191,14,29,0.483,0.5,0.184,13,28,0.464,0.007,1,1,1.0,2024-25,Regular Season,Touch 2-6 Seconds
203486,Mason Plumlee,1610612756,PHX,35.0,74,21,0.144,11,29,0.379,0.379,0.139,11,28,0.393,0.005,0,1,0.0,2024-25,Regular Season,Touch 2-6 Seconds
1642355,Bronny James,1610612747,LAL,20.0,27,15,0.433,9,29,0.31,0.379,0.328,5,22,0.227,0.104,4,7,0.571,2024-25,Regular Season,Touch 2-6 Seconds
1630699,MarJon Beauchamp,1610612752,NYK,24.0,35,20,0.446,9,29,0.31,0.345,0.308,7,20,0.35,0.138,2,9,0.222,2024-25,Regular Season,Touch 2-6 Seconds
1641798,Jaylen Martin,1610612764,WAS,21.0,16,13,0.378,13,28,0.464,0.464,0.365,13,27,0.481,0.014,0,1,0.0,2024-25,Regular Season,Touch 2-6 Seconds
1628467,Maxi Kleber,1610612747,LAL,33.0,34,18,0.292,13,28,0.464,0.5,0.26,11,25,0.44,0.031,2,3,0.667,2024-25,Regular Season,Touch 2-6 Seconds
200768,Kyle Lowry,1610612755,PHI,39.0,35,18,0.239,12,28,0.429,0.518,0.128,7,15,0.467,0.111,5,13,0.385,2024-25,Regular Season,Touch 2-6 Seconds
1630556,Kessler Edwards,1610612742,DAL,24.0,40,19,0.207,12,28,0.429,0.429,0.2,12,27,0.444,0.007,0,1,0.0,2024-25,Regular Season,Touch 2-6 Seconds
1627814,Damion Lee,1610612756,PHX,32.0,25,19,0.378,10,28,0.357,0.375,0.311,9,23,0.391,0.068,1,5,0.2,2024-25,Regular Season,Touch 2-6 Seconds
1631311,Lester Quinones,1610612740,NOP,24.0,13,6,0.359,9,28,0.321,0.375,0.244,6,19,0.316,0.115,3,9,0.333,2024-25,Regular Season,Touch 2-6 Seconds
1629674,Neemias Queta,1610612738,BOS,25.0,62,20,0.136,16,27,0.593,0.593,0.136,16,27,0.593,0.0,0,0,,2024-25,Regular Season,Touch 2-6 Seconds
1631248,Baylor Scheierman,1610612738,BOS,24.0,31,12,0.245,12,27,0.444,0.5,0.173,9,19,0.474,0.073,3,8,0.375,2024-25,Regular Season,Touch 2-6 Seconds
1641745,Adam Flagler,1610612760,OKC,25.0,37,14,0.271,8,26,0.308,0.365,0.135,5,13,0.385,0.135,3,13,0.231,2024-25,Regular Season,Touch 2-6 Seconds
1631169,Josh Minott,1610612750,MIN,22.0,46,16,0.278,15,25,0.6,0.6,0.267,15,24,0.625,0.011,0,1,0.0,2024-25,Regular Season,Touch 2-6 Seconds
1631255,Karlo Matković,1610612740,NOP,24.0,42,18,0.106,15,25,0.6,0.6,0.106,15,25,0.6,0.0,0,0,,2024-25,Regular Season,Touch 2-6 Seconds
1629731,Dean Wade,1610612739,CLE,28.0,59,23,0.092,14,25,0.56,0.58,0.077,13,21,0.619,0.015,1,4,0.25,2024-25,Regular Season,Touch 2-6 Seconds
1628418,Thomas Bryant,1610612754,IND,27.0,66,23,0.078,13,25,0.52,0.54,0.065,12,21,0.571,0.012,1,4,0.25,2024-25,Regular Season,Touch 2-6 Seconds
1631117,Walker Kessler,1610612762,UTA,23.0,58,21,0.06,13,25,0.52,0.52,0.06,13,25,0.52,0.0,0,0,,2024-25,Regular Season,Touch 2-6 Seconds
1629162,Jordan McLaughlin,1610612759,SAS,29.0,46,19,0.347,11,25,0.44,0.52,0.25,7,18,0.389,0.097,4,7,0.571,2024-25,Regular Season,Touch 2-6 Seconds
1641738,Kobe Brown,1610612746,LAC,25.0,40,16,0.347,10,25,0.4,0.4,0.347,10,25,0.4,0.0,0,0,,2024-25,Regular Season,Touch 2-6 Seconds
1631466,Nate Williams,1610612745,HOU,26.0,20,9,0.387,14,24,0.583,0.583,0.371,14,23,0.609,0.016,0,1,0.0,2024-25,Regular Season,Touch 2-6 Seconds
1642403,Isaac Jones,1610612758,SAC,24.0,40,15,0.289,14,24,0.583,0.583,0.289,14,24,0.583,0.0,0,0,,2024-25,Regular Season,Touch 2-6 Seconds
1641726,Dereck Lively II,1610612742,DAL,21.0,36,17,0.126,14,24,0.583,0.583,0.126,14,24,0.583,0.0,0,0,,2024-25,Regular Season,Touch 2-6 Seconds
1631243,Mouhamed Gueye,1610612737,ATL,22.0,33,20,0.14,13,24,0.542,0.542,0.135,13,23,0.565,0.006,0,1,0.0,2024-25,Regular Season,Touch 2-6 Seconds
1641998,Trey Jemison III,1610612747,LAL,25.0,38,17,0.324,12,24,0.5,0.5,0.324,12,24,0.5,0.0,0,0,,2024-25,Regular Season,Touch 2-6 Seconds
1631166,Drew Timme,1610612751,BKN,24.0,9,8,0.235,11,24,0.458,0.479,0.216,10,22,0.455,0.02,1,2,0.5,2024-25,Regular Season,Touch 2-6 Seconds
201988,Patty Mills,1610612746,LAC,36.0,29,15,0.25,11,24,0.458,0.583,0.115,5,11,0.455,0.135,6,13,0.462,2024-25,Regular Season,Touch 2-6 Seconds
1642278,Tyler Kolek,1610612752,NYK,24.0,41,16,0.293,7,24,0.292,0.292,0.256,7,21,0.333,0.037,0,3,0.0,2024-25,Regular Season,Touch 2-6 Seconds
1626204,Larry Nance Jr.,1610612737,ATL,32.0,24,15,0.148,10,23,0.435,0.457,0.135,9,21,0.429,0.013,1,2,0.5,2024-25,Regular Season,Touch 2-6 Seconds
1630611,Gui Santos,1610612744,GSW,23.0,56,15,0.128,10,23,0.435,0.457,0.106,9,19,0.474,0.022,1,4,0.25,2024-25,Regular Season,Touch 2-6 Seconds
1630658,Colin Castleton,1610612761,TOR,25.0,26,14,0.235,10,23,0.435,0.435,0.235,10,23,0.435,0.0,0,0,,2024-25,Regular Season,Touch 2-6 Seconds
1642285,Cam Spencer,1610612763,MEM,25.0,25,12,0.28,9,23,0.391,0.478,0.146,5,12,0.417,0.134,4,11,0.364,2024-25,Regular Season,Touch 2-6 Seconds
203914,Gary Harris,1610612753,ORL,30.0,48,16,0.165,13,22,0.591,0.682,0.128,9,17,0.529,0.038,4,5,0.8,2024-25,Regular Season,Touch 2-6 Seconds
1630205,Lamar Stevens,1610612763,MEM,27.0,17,9,0.349,13,22,0.591,0.614,0.302,12,19,0.632,0.048,1,3,0.333,2024-25,Regular Season,Touch 2-6 Seconds
1631119,Jaylin Williams,1610612760,OKC,23.0,47,17,0.1,10,22,0.455,0.5,0.077,8,17,0.471,0.023,2,5,0.4,2024-25,Regular Season,Touch 2-6 Seconds
1630539,Kai Jones,1610612742,DAL,24.0,40,14,0.202,10,22,0.455,0.455,0.193,10,21,0.476,0.009,0,1,0.0,2024-25,Regular Season,Touch 2-6 Seconds
1631197,Jared Rhoden,1610612761,TOR,25.0,14,10,0.253,9,22,0.409,0.455,0.218,7,19,0.368,0.034,2,3,0.667,2024-25,Regular Season,Touch 2-6 Seconds
1641871,Duop Reath,1610612757,POR,29.0,46,19,0.133,9,22,0.409,0.432,0.114,8,19,0.421,0.018,1,3,0.333,2024-25,Regular Season,Touch 2-6 Seconds
202684,Tristan Thompson,1610612739,CLE,34.0,40,14,0.31,8,22,0.364,0.364,0.31,8,22,0.364,0.0,0,0,,2024-25,Regular Season,Touch 2-6 Seconds
1630550,JT Thor,1610612764,WAS,22.0,20,13,0.373,7,22,0.318,0.318,0.356,7,21,0.333,0.017,0,1,0.0,2024-25,Regular Season,Touch 2-6 Seconds
202687,Bismack Biyombo,1610612759,SAS,32.0,28,13,0.184,15,21,0.714,0.714,0.184,15,21,0.714,0.0,0,0,,2024-25,Regular Season,Touch 2-6 Seconds
1628963,Marvin Bagley III,1610612763,MEM,26.0,31,14,0.198,12,21,0.571,0.571,0.198,12,21,0.571,0.0,0,0,,2024-25,Regular Season,Touch 2-6 Seconds
203500,Steven Adams,1610612745,HOU,31.0,58,16,0.126,11,21,0.524,0.524,0.126,11,21,0.524,0.0,0,0,,2024-25,Regular Season,Touch 2-6 Seconds
1628436,Luke Kornet,1610612738,BOS,29.0,73,18,0.075,10,21,0.476,0.476,0.068,10,19,0.526,0.007,0,2,0.0,2024-25,Regular Season,Touch 2-6 Seconds
1629629,Cam Reddish,1610612747,LAL,25.0,33,14,0.213,12,20,0.6,0.6,0.191,12,18,0.667,0.021,0,2,0.0,2024-25,Regular Season,Touch 2-6 Seconds
1642345,Oso Ighodaro,1610612756,PHX,22.0,61,17,0.107,10,20,0.5,0.5,0.096,10,18,0.556,0.011,0,2,0.0,2024-25,Regular Season,Touch 2-6 Seconds
1631230,Dominick Barlow,1610612737,ATL,22.0,35,15,0.177,10,20,0.5,0.5,0.177,10,20,0.5,0.0,0,0,,2024-25,Regular Season,Touch 2-6 Seconds
201567,Kevin Love,1610612748,MIA,36.0,23,12,0.174,8,20,0.4,0.45,0.122,6,14,0.429,0.052,2,6,0.333,2024-25,Regular Season,Touch 2-6 Seconds
1630192,Zeke Nnaji,1610612743,DEN,24.0,57,16,0.144,7,20,0.35,0.35,0.144,7,20,0.35,0.0,0,0,,2024-25,Regular Season,Touch 2-6 Seconds
1629637,Jaxson Hayes,1610612747,LAL,25.0,56,15,0.085,11,19,0.579,0.579,0.085,11,19,0.579,0.0,0,0,,2024-25,Regular Season,Touch 2-6 Seconds
1630568,Luka Garza,1610612750,MIN,26.0,39,14,0.181,10,19,0.526,0.526,0.171,10,18,0.556,0.01,0,1,0.0,2024-25,Regular Season,Touch 2-6 Seconds
1641816,Hunter Tyson,1610612743,DEN,25.0,51,13,0.158,9,19,0.474,0.5,0.133,8,16,0.5,0.025,1,3,0.333,2024-25,Regular Season,Touch 2-6 Seconds
1641727,Dariq Whitehead,1610612751,BKN,20.0,20,11,0.198,4,19,0.211,0.237,0.146,3,14,0.214,0.052,1,5,0.2,2024-25,Regular Season,Touch 2-6 Seconds
1641775,Jordan Walsh,1610612738,BOS,21.0,52,11,0.217,7,18,0.389,0.417,0.169,6,14,0.429,0.048,1,4,0.25,2024-25,Regular Season,Touch 2-6 Seconds
1629001,De'Anthony Melton,1610612751,BKN,27.0,6,6,0.315,7,17,0.412,0.441,0.222,6,12,0.5,0.093,1,5,0.2,2024-25,Regular Season,Touch 2-6 Seconds
1641723,Kobe Bufkin,1610612737,ATL,21.0,10,9,0.34,10,16,0.625,0.656,0.298,9,14,0.643,0.043,1,2,0.5,2024-25,Regular Season,Touch 2-6 Seconds
1631216,Caleb Houstan,1610612753,ORL,22.0,58,12,0.084,7,16,0.438,0.438,0.063,7,12,0.583,0.021,0,4,0.0,2024-25,Regular Season,Touch 2-6 Seconds
201959,Taj Gibson,1610612766,CHA,40.0,37,13,0.168,7,16,0.438,0.438,0.168,7,16,0.438,0.0,0,0,,2024-25,Regular Season,Touch 2-6 Seconds
1631102,TyTy Washington Jr.,1610612756,PHX,23.0,16,7,0.356,5,16,0.313,0.344,0.289,4,13,0.308,0.067,1,3,0.333,2024-25,Regular Season,Touch 2-6 Seconds
1631306,Cole Swider,1610612754,IND,26.0,10,9,0.238,8,15,0.533,0.6,0.159,6,10,0.6,0.079,2,5,0.4,2024-25,Regular Season,Touch 2-6 Seconds
1629650,Moses Brown,1610612742,DAL,25.0,13,7,0.306,8,15,0.533,0.533,0.306,8,15,0.533,0.0,0,0,,2024-25,Regular Season,Touch 2-6 Seconds
1628470,Torrey Craig,1610612738,BOS,34.0,26,11,0.167,7,15,0.467,0.533,0.1,5,9,0.556,0.067,2,6,0.333,2024-25,Regular Season,Touch 2-6 Seconds
1630585,Marcus Garrett,1610612766,CHA,26.0,4,4,0.556,7,15,0.467,0.467,0.519,7,14,0.5,0.037,0,1,0.0,2024-25,Regular Season,Touch 2-6 Seconds
1630696,Dru Smith,1610612748,MIA,27.0,14,9,0.246,6,15,0.4,0.467,0.18,4,11,0.364,0.066,2,4,0.5,2024-25,Regular Season,Touch 2-6 Seconds
203967,Dario Saric,1610612743,DEN,31.0,16,10,0.268,6,15,0.4,0.4,0.268,6,15,0.4,0.0,0,0,,2024-25,Regular Season,Touch 2-6 Seconds
202066,Garrett Temple,1610612761,TOR,39.0,28,9,0.25,3,15,0.2,0.2,0.217,3,13,0.231,0.033,0,2,0.0,2024-25,Regular Season,Touch 2-6 Seconds
1629020,Jarred Vanderbilt,1610612747,LAL,26.0,36,12,0.107,8,13,0.615,0.615,0.107,8,13,0.615,0.0,0,0,,2024-25,Regular Season,Touch 2-6 Seconds
1641725,Trey Alexander,1610612743,DEN,22.0,24,8,0.317,6,13,0.462,0.462,0.293,6,12,0.5,0.024,0,1,0.0,2024-25,Regular Season,Touch 2-6 Seconds
1630528,Josh Christopher,1610612748,MIA,23.0,14,6,0.419,5,13,0.385,0.385,0.355,5,11,0.455,0.065,0,2,0.0,2024-25,Regular Season,Touch 2-6 Seconds
1642277,Johnny Furphy,1610612754,IND,20.0,50,7,0.141,3,13,0.231,0.231,0.109,3,10,0.3,0.033,0,3,0.0,2024-25,Regular Season,Touch 2-6 Seconds
1641789,Jazian Gortman,1610612742,DAL,22.0,16,7,0.522,5,12,0.417,0.5,0.391,3,9,0.333,0.13,2,3,0.667,2024-25,Regular Season,Touch 2-6 Seconds
1631131,Oscar Tshiebwe,1610612762,UTA,25.0,14,6,0.171,5,12,0.417,0.417,0.171,5,12,0.417,0.0,0,0,,2024-25,Regular Season,Touch 2-6 Seconds
1630214,Xavier Tillman,1610612738,BOS,26.0,33,10,0.226,4,12,0.333,0.333,0.208,4,11,0.364,0.019,0,1,0.0,2024-25,Regular Season,Touch 2-6 Seconds
1628995,Kevin Knox II,1610612744,GSW,25.0,14,6,0.306,8,11,0.727,0.773,0.278,7,10,0.7,0.028,1,1,1.0,2024-25,Regular Season,Touch 2-6 Seconds
1629646,Charles Bassey,1610612759,SAS,24.0,36,9,0.094,8,11,0.727,0.727,0.094,8,11,0.727,0.0,0,0,,2024-25,Regular Season,Touch 2-6 Seconds
1629052,Oshae Brissett,1610612755,PHI,27.0,6,6,0.282,7,11,0.636,0.727,0.231,5,9,0.556,0.051,2,2,1.0,2024-25,Regular Season,Touch 2-6 Seconds
1630537,Chris Duarte,1610612741,CHI,28.0,17,6,0.423,7,11,0.636,0.727,0.269,5,7,0.714,0.154,2,4,0.5,2024-25,Regular Season,Touch 2-6 Seconds
1628981,Bruno Fernando,1610612761,TOR,26.0,17,7,0.224,5,11,0.455,0.455,0.224,5,11,0.455,0.0,0,0,,2024-25,Regular Season,Touch 2-6 Seconds
1630165,Killian Hayes,1610612751,BKN,23.0,6,6,0.256,5,11,0.455,0.5,0.209,4,9,0.444,0.047,1,2,0.5,2024-25,Regular Season,Touch 2-6 Seconds
1642484,RayJ Dennis,1610612754,IND,24.0,11,5,0.333,4,11,0.364,0.409,0.152,3,5,0.6,0.182,1,6,0.167,2024-25,Regular Season,Touch 2-6 Seconds
1630542,Marcus Bagley,1610612755,PHI,23.0,10,6,0.159,4,11,0.364,0.409,0.101,3,7,0.429,0.058,1,4,0.25,2024-25,Regular Season,Touch 2-6 Seconds
204060,Joe Ingles,1610612750,MIN,37.0,19,5,0.478,3,11,0.273,0.273,0.348,3,8,0.375,0.13,0,3,0.0,2024-25,Regular Season,Touch 2-6 Seconds
1630762,Phillip Wheeler,1610612755,PHI,23.0,5,4,0.524,1,11,0.091,0.091,0.381,1,8,0.125,0.143,0,3,0.0,2024-25,Regular Season,Touch 2-6 Seconds
1641809,Drew Peterson,1610612738,BOS,25.0,25,8,0.244,6,10,0.6,0.8,0.049,2,2,1.0,0.195,4,8,0.5,2024-25,Regular Season,Touch 2-6 Seconds
1631301,Jaylen Sims,1610612766,CHA,26.0,6,5,0.357,5,10,0.5,0.5,0.357,5,10,0.5,0.0,0,0,,2024-25,Regular Season,Touch 2-6 Seconds
1628464,Daniel Theis,1610612740,NOP,33.0,38,9,0.078,4,10,0.4,0.4,0.07,4,9,0.444,0.008,0,1,0.0,2024-25,Regular Season,Touch 2-6 Seconds
1631321,Sidy Cissoko,1610612757,POR,21.0,22,9,0.333,4,10,0.4,0.4,0.3,4,9,0.444,0.033,0,1,0.0,2024-25,Regular Season,Touch 2-6 Seconds
201599,DeAndre Jordan,1610612743,DEN,36.0,56,9,0.065,6,9,0.667,0.667,0.065,6,9,0.667,0.0,0,0,,2024-25,Regular Season,Touch 2-6 Seconds
1642382,Branden Carlson,1610612760,OKC,26.0,32,7,0.093,4,9,0.444,0.444,0.082,4,8,0.5,0.01,0,1,0.0,2024-25,Regular Season,Touch 2-6 Seconds
1641989,Elijah Harkless,1610612762,UTA,25.0,10,6,0.257,3,9,0.333,0.333,0.2,3,7,0.429,0.057,0,2,0.0,2024-25,Regular Season,Touch 2-6 Seconds
1630695,Micah Potter,1610612762,UTA,27.0,38,8,0.067,3,9,0.333,0.333,0.059,3,8,0.375,0.007,0,1,0.0,2024-25,Regular Season,Touch 2-6 Seconds
1641772,Nae'Qwan Tomlin,1610612739,CLE,24.0,5,3,0.281,3,9,0.333,0.333,0.219,3,7,0.429,0.063,0,2,0.0,2024-25,Regular Season,Touch 2-6 Seconds
1641753,Chris Livingston,1610612749,MIL,21.0,21,8,0.333,3,9,0.333,0.333,0.333,3,9,0.333,0.0,0,0,,2024-25,Regular Season,Touch 2-6 Seconds
1630649,Stanley Umude,1610612749,MIL,26.0,22,6,0.346,1,9,0.111,0.111,0.346,1,9,0.111,0.0,0,0,,2024-25,Regular Season,Touch 2-6 Seconds
1630579,Jericho Sims,1610612749,MIL,26.0,53,8,0.113,4,8,0.5,0.5,0.113,4,8,0.5,0.0,0,0,,2024-25,Regular Season,Touch 2-6 Seconds
1642530,Yuki Kawamura,1610612763,MEM,24.0,22,6,0.267,4,8,0.5,0.625,0.1,2,3,0.667,0.167,2,5,0.4,2024-25,Regular Season,Touch 2-6 Seconds
1630201,Malachi Flynn,1610612759,SAS,27.0,4,3,0.615,4,8,0.5,0.5,0.615,4,8,0.5,0.0,0,0,,2024-25,Regular Season,Touch 2-6 Seconds
1629057,Robert Williams III,1610612757,POR,27.0,20,7,0.103,3,8,0.375,0.375,0.103,3,8,0.375,0.0,0,0,,2024-25,Regular Season,Touch 2-6 Seconds
1631120,JD Davison,1610612738,BOS,22.0,16,5,0.235,3,8,0.375,0.438,0.147,2,5,0.4,0.088,1,3,0.333,2024-25,Regular Season,Touch 2-6 Seconds
1628396,Tony Bradley,1610612754,IND,27.0,14,3,0.178,3,8,0.375,0.375,0.178,3,8,0.375,0.0,0,0,,2024-25,Regular Season,Touch 2-6 Seconds
1626196,Josh Richardson,1610612748,MIA,31.0,8,6,0.211,2,8,0.25,0.25,0.184,2,7,0.286,0.026,0,1,0.0,2024-25,Regular Season,Touch 2-6 Seconds
1642359,Pacôme Dadiet,1610612752,NYK,19.0,18,7,0.258,2,8,0.25,0.25,0.226,2,7,0.286,0.032,0,1,0.0,2024-25,Regular Season,Touch 2-6 Seconds
1631210,Jacob Toppin,1610612737,ATL,25.0,17,5,0.318,2,7,0.286,0.357,0.227,1,5,0.2,0.091,1,2,0.5,2024-25,Regular Season,Touch 2-6 Seconds
1630222,Mason Jones,1610612758,SAC,26.0,10,4,0.333,5,6,0.833,0.833,0.333,5,6,0.833,0.0,0,0,,2024-25,Regular Season,Touch 2-6 Seconds
1631123,Jamaree Bouyea,1610612749,MIL,26.0,5,2,0.5,5,6,0.833,0.833,0.5,5,6,0.833,0.0,0,0,,2024-25,Regular Season,Touch 2-6 Seconds
1631159,Leonard Miller,1610612750,MIN,21.0,13,6,0.4,4,6,0.667,0.667,0.333,4,5,0.8,0.067,0,1,0.0,2024-25,Regular Season,Touch 2-6 Seconds
1642352,Keshad Johnson,1610612748,MIA,24.0,16,3,0.231,4,6,0.667,0.667,0.231,4,6,0.667,0.0,0,0,,2024-25,Regular Season,Touch 2-6 Seconds
1628964,Mo Bamba,1610612740,NOP,27.0,32,5,0.054,3,6,0.5,0.5,0.054,3,6,0.5,0.0,0,0,,2024-25,Regular Season,Touch 2-6 Seconds
201587,Nicolas Batum,1610612746,LAC,36.0,78,6,0.025,3,6,0.5,0.5,0.021,3,5,0.6,0.004,0,1,0.0,2024-25,Regular Season,Touch 2-6 Seconds
1630623,Tyson Etienne,1610612751,BKN,25.0,7,4,0.115,3,6,0.5,0.5,0.115,3,6,0.5,0.0,0,0,,2024-25,Regular Season,Touch 2-6 Seconds
1631121,Bryce McGowens,1610612757,POR,22.0,13,5,0.429,3,6,0.5,0.5,0.357,3,5,0.6,0.071,0,1,0.0,2024-25,Regular Season,Touch 2-6 Seconds
1629643,Chuma Okeke,1610612739,CLE,26.0,9,5,0.15,3,6,0.5,0.5,0.1,3,4,0.75,0.05,0,2,0.0,2024-25,Regular Season,Touch 2-6 Seconds
201949,James Johnson,1610612754,IND,38.0,12,3,0.545,2,6,0.333,0.333,0.545,2,6,0.333,0.0,0,0,,2024-25,Regular Season,Touch 2-6 Seconds
1631116,Patrick Baldwin Jr.,1610612746,LAC,22.0,24,5,0.171,2,6,0.333,0.333,0.086,2,3,0.667,0.086,0,3,0.0,2024-25,Regular Season,Touch 2-6 Seconds
1642505,Alex Ducas,1610612760,OKC,24.0,21,5,0.2,2,6,0.333,0.333,0.167,2,5,0.4,0.033,0,1,0.0,2024-25,Regular Season,Touch 2-6 Seconds
1641734,Emoni Bates,1610612739,CLE,21.0,10,3,0.158,1,6,0.167,0.25,0.053,0,2,0.0,0.105,1,4,0.25,2024-25,Regular Season,Touch 2-6 Seconds
1630346,Matt Ryan,1610612740,NOP,28.0,19,5,0.194,1,6,0.167,0.167,0.161,1,5,0.2,0.032,0,1,0.0,2024-25,Regular Season,Touch 2-6 Seconds
1642353,Cam Christie,1610612746,LAC,19.0,13,4,0.25,1,6,0.167,0.167,0.125,1,3,0.333,0.125,0,3,0.0,2024-25,Regular Season,Touch 2-6 Seconds
1642461,Spencer Jones,1610612743,DEN,24.0,20,5,0.176,1,6,0.167,0.167,0.176,1,6,0.167,0.0,0,0,,2024-25,Regular Season,Touch 2-6 Seconds
1631386,Taze Moore,1610612757,POR,27.0,2,2,0.6,0,6,0.0,0.0,0.5,0,5,0.0,0.1,0,1,0.0,2024-25,Regular Season,Touch 2-6 Seconds
1641790,PJ Hall,1610612743,DEN,23.0,19,5,0.208,3,5,0.6,0.6,0.208,3,5,0.6,0.0,0,0,,2024-25,Regular Season,Touch 2-6 Seconds
1642402,Enrique Freeman,1610612754,IND,24.0,22,3,0.135,3,5,0.6,0.6,0.135,3,5,0.6,0.0,0,0,,2024-25,Regular Season,Touch 2-6 Seconds
1631132,Christian Koloko,1610612747,LAL,25.0,37,4,0.076,3,5,0.6,0.6,0.061,3,4,0.75,0.015,0,1,0.0,2024-25,Regular Season,Touch 2-6 Seconds
1642450,Daniss Jenkins,1610612765,DET,23.0,7,3,0.5,3,5,0.6,0.7,0.2,2,2,1.0,0.3,1,3,0.333,2024-25,Regular Season,Touch 2-6 Seconds
1641890,Tyler Smith,1610612749,MIL,20.0,23,4,0.1,2,5,0.4,0.5,0.08,1,4,0.25,0.02,1,1,1.0,2024-25,Regular Season,Touch 2-6 Seconds
203939,Dwight Powell,1610612742,DAL,33.0,55,5,0.082,2,5,0.4,0.4,0.082,2,5,0.4,0.0,0,0,,2024-25,Regular Season,Touch 2-6 Seconds
1629723,John Konchar,1610612763,MEM,29.0,46,3,0.055,2,5,0.4,0.4,0.044,2,4,0.5,0.011,0,1,0.0,2024-25,Regular Season,Touch 2-6 Seconds
1630574,Ariel Hukporti,1610612752,NYK,23.0,25,5,0.161,1,5,0.2,0.2,0.161,1,5,0.2,0.0,0,0,,2024-25,Regular Season,Touch 2-6 Seconds
1631247,Luke Travers,1610612739,CLE,23.0,12,3,0.25,0,5,0.0,0.0,0.25,0,5,0.0,0.0,0,0,,2024-25,Regular Season,Touch 2-6 Seconds
203926,Doug McDermott,1610612758,SAC,33.0,42,5,0.043,0,5,0.0,0.0,0.043,0,5,0.0,0.0,0,0,,2024-25,Regular Season,Touch 2-6 Seconds
1629011,Mitchell Robinson,1610612752,NYK,27.0,16,3,0.077,2,4,0.5,0.5,0.077,2,4,0.5,0.0,0,0,,2024-25,Regular Season,Touch 2-6 Seconds
203458,Alex Len,1610612747,LAL,32.0,46,4,0.063,2,4,0.5,0.5,0.063,2,4,0.5,0.0,0,0,,2024-25,Regular Season,Touch 2-6 Seconds
1630561,David Duke Jr.,1610612759,SAS,25.0,6,3,0.286,2,4,0.5,0.5,0.286,2,4,0.5,0.0,0,0,,2024-25,Regular Season,Touch 2-6 Seconds
1631303,Justin Minaya,1610612757,POR,26.0,19,3,0.19,2,4,0.5,0.5,0.19,2,4,0.5,0.0,0,0,,2024-25,Regular Season,Touch 2-6 Seconds
203109,Jae Crowder,1610612758,SAC,34.0,9,3,0.182,0,4,0.0,0.0,0.136,0,3,0.0,0.045,0,1,0.0,2024-25,Regular Season,Touch 2-6 Seconds
1628427,Vlatko Čančar,1610612743,DEN,28.0,13,3,0.115,3,3,1.0,1.0,0.115,3,3,1.0,0.0,0,0,,2024-25,Regular Season,Touch 2-6 Seconds
1631342,Daeqwon Plowden,1610612737,ATL,26.0,6,2,0.12,3,3,1.0,1.0,0.12,3,3,1.0,0.0,0,0,,2024-25,Regular Season,Touch 2-6 Seconds
1642024,Alex Reese,1610612755,PHI,26.0,15,3,0.056,2,3,0.667,0.667,0.056,2,3,0.667,0.0,0,0,,2024-25,Regular Season,Touch 2-6 Seconds
1642384,Isaiah Crawford,1610612758,SAC,23.0,15,3,0.273,2,3,0.667,0.667,0.273,2,3,0.667,0.0,0,0,,2024-25,Regular Season,Touch 2-6 Seconds
1641752,Bobi Klintman,1610612765,DET,22.0,8,2,0.3,2,3,0.667,0.833,0.2,1,2,0.5,0.1,1,1,1.0,2024-25,Regular Season,Touch 2-6 Seconds
1630543,Isaiah Jackson,1610612754,IND,23.0,5,3,0.13,1,3,0.333,0.333,0.13,1,3,0.333,0.0,0,0,,2024-25,Regular Season,Touch 2-6 Seconds
1642385,Cui Cui,1610612751,BKN,22.0,5,2,0.429,1,3,0.333,0.333,0.429,1,3,0.333,0.0,0,0,,2024-25,Regular Season,Touch 2-6 Seconds
1630600,Isaiah Mobley,1610612755,PHI,25.0,1,1,0.429,1,3,0.333,0.333,0.429,1,3,0.333,0.0,0,0,,2024-25,Regular Season,Touch 2-6 Seconds
1631250,Pete Nance,1610612749,MIL,25.0,13,2,0.094,1,3,0.333,0.333,0.063,1,2,0.5,0.031,0,1,0.0,2024-25,Regular Season,Touch 2-6 Seconds
1642422,Armel Traore,1610612747,LAL,22.0,9,2,0.158,1,3,0.333,0.333,0.158,1,3,0.333,0.0,0,0,,2024-25,Regular Season,Touch 2-6 Seconds
1642280,Trentyn Flowers,1610612746,LAC,20.0,6,2,0.273,1,3,0.333,0.333,0.273,1,3,0.333,0.0,0,0,,2024-25,Regular Season,Touch 2-6 Seconds
1641755,Kevin McCullar Jr.,1610612752,NYK,24.0,4,2,0.429,1,3,0.333,0.333,0.429,1,3,0.333,0.0,0,0,,2024-25,Regular Season,Touch 2-6 Seconds
1630618,D.J. Carton,1610612761,TOR,24.0,4,3,0.429,0,3,0.0,0.0,0.429,0,3,0.0,0.0,0,0,,2024-25,Regular Season,Touch 2-6 Seconds
1641707,Taylor Hendricks,1610612762,UTA,21.0,3,2,0.167,0,3,0.0,0.0,0.167,0,3,0.0,0.0,0,0,,2024-25,Regular Season,Touch 2-6 Seconds
1630296,Braxton Key,1610612744,GSW,28.0,3,1,0.75,0,3,0.0,0.0,0.75,0,3,0.0,0.0,0,0,,2024-25,Regular Season,Touch 2-6 Seconds
1642443,Jahmir Young,1610612741,CHI,24.0,6,1,0.4,2,2,1.0,1.0,0.4,2,2,1.0,0.0,0,0,,2024-25,Regular Season,Touch 2-6 Seconds
1641879,Yuri Collins,1610612744,GSW,24.0,2,1,0.667,1,2,0.5,0.5,0.667,1,2,0.5,0.0,0,0,,2024-25,Regular Season,Touch 2-6 Seconds
1629098,Jack McVeigh,1610612745,HOU,29.0,9,2,0.118,1,2,0.5,0.5,0.059,1,1,1.0,0.059,0,1,0.0,2024-25,Regular Season,Touch 2-6 Seconds
1642368,N'Faly Dante,1610612745,HOU,23.0,4,1,0.154,1,2,0.5,0.5,0.154,1,2,0.5,0.0,0,0,,2024-25,Regular Season,Touch 2-6 Seconds
1627746,Skal Labissiere,1610612758,SAC,29.0,4,1,0.5,0,2,0.0,0.0,0.5,0,2,0.0,0.0,0,0,,2024-25,Regular Season,Touch 2-6 Seconds
1642050,Jackson Rowe,1610612744,GSW,28.0,6,2,0.118,0,2,0.0,0.0,0.118,0,2,0.0,0.0,0,0,,2024-25,Regular Season,Touch 2-6 Seconds
1641803,Tristen Newton,1610612750,MIN,24.0,8,2,0.25,0,2,0.0,0.0,0.125,0,1,0.0,0.125,0,1,0.0,2024-25,Regular Season,Touch 2-6 Seconds
1631127,Harrison Ingram,1610612759,SAS,22.0,5,1,0.25,1,1,1.0,1.0,0.25,1,1,1.0,0.0,0,0,,2024-25,Regular Season,Touch 2-6 Seconds
1631199,Ron Harper Jr.,1610612765,DET,25.0,1,1,0.125,1,1,1.0,1.0,0.125,1,1,1.0,0.0,0,0,,2024-25,Regular Season,Touch 2-6 Seconds
1631214,Alondes Williams,1610612746,LAC,26.0,1,1,0.5,1,1,1.0,1.0,0.5,1,1,1.0,0.0,0,0,,2024-25,Regular Season,Touch 2-6 Seconds
1630604,E.J. Liddell,1610612741,CHI,24.0,12,1,0.067,1,1,1.0,1.0,0.067,1,1,1.0,0.0,0,0,,2024-25,Regular Season,Touch 2-6 Seconds
1641766,Adama Sanogo,1610612741,CHI,23.0,4,1,0.143,0,1,0.0,0.0,0.143,0,1,0.0,0.0,0,0,,2024-25,Regular Season,Touch 2-6 Seconds
1630678,Terry Taylor,1610612758,SAC,25.0,3,1,1.0,0,1,0.0,0.0,1.0,0,1,0.0,0.0,0,0,,2024-25,Regular Season,Touch 2-6 Seconds
1641817,Anton Watson,1610612752,NYK,24.0,9,1,0.111,0,1,0.0,0.0,0.111,0,1,0.0,0.0,0,0,,2024-25,Regular Season,Touch 2-6 Seconds
1641815,Isaiah Stevens,1610612748,MIA,24.0,3,1,0.5,0,1,0.0,0.0,0.5,0,1,0.0,0.0,0,0,,2024-25,Regular Season,Touch 2-6 Seconds
200782,P.J. Tucker,1610612752,NYK,40.0,3,1,0.143,0,1,0.0,0.0,0.143,0,1,0.0,0.0,0,0,,2024-25,Regular Season,Touch 2-6 Seconds
1642389,Zyon Pullin,1610612763,MEM,24.0,3,1,1.0,0,1,0.0,0.0,1.0,0,1,0.0,0.0,0,0,,2024-25,Regular Season,Touch 2-6 Seconds
1642439,Quincy Olivari,1610612747,LAL,24.0,2,1,0.2,0,1,0.0,0.0,0.0,0,0,,0.2,0,1,0.0,2024-25,Regular Season,Touch 2-6 Seconds
1628983,Shai Gilgeous-Alexander,1610612760,OKC,26.0,76,76,0.481,413,796,0.519,0.555,0.389,355,644,0.551,0.092,58,152,0.382,2024-25,Regular Season,Touch 6+ Seconds
201935,James Harden,1610612746,LAC,35.0,79,79,0.533,288,690,0.417,0.49,0.303,188,393,0.478,0.229,100,297,0.337,2024-25,Regular Season,Touch 6+ Seconds
1629027,Trae Young,1610612737,ATL,26.0,76,76,0.443,247,610,0.405,0.472,0.266,165,366,0.451,0.177,82,244,0.336,2024-25,Regular Season,Touch 6+ Seconds
1630595,Cade Cunningham,1610612765,DET,23.0,70,70,0.411,276,598,0.462,0.483,0.343,250,499,0.501,0.068,26,99,0.263,2024-25,Regular Season,Touch 6+ Seconds
1630224,Jalen Green,1610612745,HOU,23.0,82,80,0.404,245,580,0.422,0.478,0.264,180,380,0.474,0.139,65,200,0.325,2024-25,Regular Season,Touch 6+ Seconds
1628378,Donovan Mitchell,1610612739,CLE,28.0,71,71,0.422,235,557,0.422,0.482,0.271,168,358,0.469,0.151,67,199,0.337,2024-25,Regular Season,Touch 6+ Seconds
1630162,Anthony Edwards,1610612750,MIN,23.0,79,79,0.344,242,554,0.437,0.52,0.203,150,327,0.459,0.141,92,227,0.405,2024-25,Regular Season,Touch 6+ Seconds
1628973,Jalen Brunson,1610612752,NYK,28.0,64,64,0.464,279,546,0.511,0.551,0.364,235,428,0.549,0.1,44,118,0.373,2024-25,Regular Season,Touch 6+ Seconds
1628369,Jayson Tatum,1610612738,BOS,27.0,72,70,0.361,239,521,0.459,0.542,0.198,152,285,0.533,0.164,87,236,0.369,2024-25,Regular Season,Touch 6+ Seconds
1629029,Luka Doncic,1610612747,LAL,26.0,50,50,0.455,196,466,0.421,0.484,0.282,137,289,0.474,0.173,59,177,0.333,2024-25,Regular Season,Touch 6+ Seconds
2544,LeBron James,1610612747,LAL,40.0,70,70,0.338,214,429,0.499,0.526,0.287,191,365,0.523,0.05,23,64,0.359,2024-25,Regular Season,Touch 6+ Seconds
1629636,Darius Garland,1610612739,CLE,25.0,75,74,0.355,201,417,0.482,0.546,0.251,148,295,0.502,0.104,53,122,0.434,2024-25,Regular Season,Touch 6+ Seconds
203081,Damian Lillard,1610612749,MIL,34.0,58,58,0.418,193,415,0.465,0.529,0.279,140,277,0.505,0.139,53,138,0.384,2024-25,Regular Season,Touch 6+ Seconds
1630178,Tyrese Maxey,1610612755,PHI,24.0,52,52,0.376,167,410,0.407,0.463,0.252,121,275,0.44,0.124,46,135,0.341,2024-25,Regular Season,Touch 6+ Seconds
203507,Giannis Antetokounmpo,1610612749,MIL,30.0,67,66,0.29,210,383,0.548,0.555,0.281,205,371,0.553,0.009,5,12,0.417,2024-25,Regular Season,Touch 6+ Seconds
201942,DeMar DeRozan,1610612758,SAC,35.0,77,77,0.293,179,383,0.467,0.473,0.281,175,367,0.477,0.012,4,16,0.25,2024-25,Regular Season,Touch 6+ Seconds
1627750,Jamal Murray,1610612743,DEN,28.0,67,64,0.343,173,379,0.456,0.499,0.274,141,303,0.465,0.069,32,76,0.421,2024-25,Regular Season,Touch 6+ Seconds
1629014,Anfernee Simons,1610612757,POR,26.0,70,69,0.328,170,369,0.461,0.527,0.214,121,241,0.502,0.114,49,128,0.383,2024-25,Regular Season,Touch 6+ Seconds
1626164,Devin Booker,1610612756,PHX,28.0,75,74,0.239,164,339,0.484,0.522,0.18,138,255,0.541,0.059,26,84,0.31,2024-25,Regular Season,Touch 6+ Seconds
1628368,De'Aaron Fox,1610612759,SAS,27.0,62,61,0.288,170,335,0.507,0.534,0.247,152,287,0.53,0.041,18,48,0.375,2024-25,Regular Season,Touch 6+ Seconds
203897,Zach LaVine,1610612758,SAC,30.0,74,71,0.274,146,335,0.436,0.507,0.178,98,218,0.45,0.096,48,117,0.41,2024-25,Regular Season,Touch 6+ Seconds
1630532,Franz Wagner,1610612753,ORL,23.0,60,57,0.285,144,331,0.435,0.452,0.249,133,289,0.46,0.036,11,42,0.262,2024-25,Regular Season,Touch 6+ Seconds
1630163,LaMelo Ball,1610612766,CHA,23.0,47,47,0.33,130,331,0.393,0.447,0.206,94,207,0.454,0.124,36,124,0.29,2024-25,Regular Season,Touch 6+ Seconds
201939,Stephen Curry,1610612744,GSW,37.0,70,67,0.263,116,331,0.35,0.426,0.124,66,156,0.423,0.139,50,175,0.286,2024-25,Regular Season,Touch 6+ Seconds
1631114,Jalen Williams,1610612760,OKC,24.0,69,68,0.277,146,323,0.452,0.471,0.24,134,280,0.479,0.037,12,43,0.279,2024-25,Regular Season,Touch 6+ Seconds
1629639,Tyler Herro,1610612748,MIA,25.0,77,74,0.234,142,323,0.44,0.488,0.166,111,229,0.485,0.068,31,94,0.33,2024-25,Regular Season,Touch 6+ Seconds
1629630,Ja Morant,1610612763,MEM,25.0,49,48,0.371,144,322,0.447,0.474,0.309,127,268,0.474,0.062,17,54,0.315,2024-25,Regular Season,Touch 6+ Seconds
1627759,Jaylen Brown,1610612738,BOS,28.0,63,61,0.274,132,303,0.436,0.455,0.224,120,247,0.486,0.051,12,56,0.214,2024-25,Regular Season,Touch 6+ Seconds
1630169,Tyrese Haliburton,1610612754,IND,25.0,73,68,0.28,135,282,0.479,0.582,0.139,77,140,0.55,0.141,58,142,0.408,2024-25,Regular Season,Touch 6+ Seconds
1631094,Paolo Banchero,1610612753,ORL,22.0,46,46,0.31,108,282,0.383,0.427,0.221,83,201,0.413,0.089,25,81,0.309,2024-25,Regular Season,Touch 6+ Seconds
203471,Dennis Schröder,1610612765,DET,31.0,75,75,0.339,125,280,0.446,0.484,0.27,104,223,0.466,0.069,21,57,0.368,2024-25,Regular Season,Touch 6+ Seconds
203915,Spencer Dinwiddie,1610612742,DAL,32.0,79,65,0.409,122,279,0.437,0.482,0.296,97,202,0.48,0.113,25,77,0.325,2024-25,Regular Season,Touch 6+ Seconds
202681,Kyrie Irving,1610612742,DAL,33.0,50,50,0.293,124,277,0.448,0.48,0.225,106,213,0.498,0.068,18,64,0.281,2024-25,Regular Season,Touch 6+ Seconds
1630217,Desmond Bane,1610612753,ORL,27.0,68,63,0.267,121,267,0.453,0.498,0.193,97,193,0.503,0.074,24,74,0.324,2024-25,Regular Season,Touch 6+ Seconds
1641718,Keyonte George,1610612762,UTA,21.0,67,63,0.284,87,261,0.333,0.395,0.168,55,154,0.357,0.116,32,107,0.299,2024-25,Regular Season,Touch 6+ Seconds
1630567,Scottie Barnes,1610612761,TOR,23.0,65,64,0.239,100,254,0.394,0.409,0.212,92,225,0.409,0.027,8,29,0.276,2024-25,Regular Season,Touch 6+ Seconds
1629673,Jordan Poole,1610612764,WAS,26.0,68,67,0.237,113,250,0.452,0.546,0.124,66,131,0.504,0.113,47,119,0.395,2024-25,Regular Season,Touch 6+ Seconds
1629632,Coby White,1610612741,CHI,25.0,74,69,0.219,102,246,0.415,0.445,0.166,87,186,0.468,0.054,15,60,0.25,2024-25,Regular Season,Touch 6+ Seconds
201142,Kevin Durant,1610612756,PHX,36.0,62,61,0.216,130,243,0.535,0.553,0.193,121,217,0.558,0.023,9,26,0.346,2024-25,Regular Season,Touch 6+ Seconds
1627832,Fred VanVleet,1610612745,HOU,31.0,60,57,0.315,98,239,0.41,0.469,0.184,70,140,0.5,0.13,28,99,0.283,2024-25,Regular Season,Touch 6+ Seconds
1629012,Collin Sexton,1610612762,UTA,26.0,63,60,0.269,104,233,0.446,0.489,0.212,84,184,0.457,0.057,20,49,0.408,2024-25,Regular Season,Touch 6+ Seconds
1630559,Austin Reaves,1610612747,LAL,27.0,73,70,0.225,103,233,0.442,0.491,0.157,80,163,0.491,0.068,23,70,0.329,2024-25,Regular Season,Touch 6+ Seconds
1642264,Stephon Castle,1610612759,SAS,20.0,81,74,0.219,89,216,0.412,0.444,0.185,75,183,0.41,0.033,14,33,0.424,2024-25,Regular Season,Touch 6+ Seconds
1629645,Kevin Porter Jr.,1610612749,MIL,25.0,75,68,0.33,93,215,0.433,0.458,0.276,82,180,0.456,0.054,11,35,0.314,2024-25,Regular Season,Touch 6+ Seconds
101108,Chris Paul,1610612759,SAS,40.0,82,71,0.36,92,210,0.438,0.519,0.206,58,120,0.483,0.154,34,90,0.378,2024-25,Regular Season,Touch 6+ Seconds
204456,T.J. McConnell,1610612754,IND,33.0,79,73,0.33,106,206,0.515,0.519,0.324,104,202,0.515,0.006,2,4,0.5,2024-25,Regular Season,Touch 6+ Seconds
1631101,Shaedon Sharpe,1610612757,POR,22.0,72,66,0.18,95,199,0.477,0.515,0.137,80,151,0.53,0.043,15,48,0.313,2024-25,Regular Season,Touch 6+ Seconds
202695,Kawhi Leonard,1610612746,LAC,34.0,37,37,0.319,90,199,0.452,0.485,0.262,77,163,0.472,0.058,13,36,0.361,2024-25,Regular Season,Touch 6+ Seconds
1627749,Dejounte Murray,1610612740,NOP,28.0,31,31,0.402,75,198,0.379,0.404,0.333,65,164,0.396,0.069,10,34,0.294,2024-25,Regular Season,Touch 6+ Seconds
1629660,Ty Jerome,1610612739,CLE,27.0,70,62,0.317,98,196,0.5,0.554,0.241,77,149,0.517,0.076,21,47,0.447,2024-25,Regular Season,Touch 6+ Seconds
1628370,Malik Monk,1610612758,SAC,27.0,65,56,0.202,82,190,0.432,0.468,0.154,68,145,0.469,0.048,14,45,0.311,2024-25,Regular Season,Touch 6+ Seconds
203468,CJ McCollum,1610612740,NOP,33.0,56,50,0.185,86,185,0.465,0.511,0.135,69,135,0.511,0.05,17,50,0.34,2024-25,Regular Season,Touch 6+ Seconds
1628970,Miles Bridges,1610612766,CHA,27.0,64,58,0.169,74,184,0.402,0.416,0.135,69,147,0.469,0.034,5,37,0.135,2024-25,Regular Season,Touch 6+ Seconds
201566,Russell Westbrook,1610612743,DEN,36.0,75,62,0.211,75,172,0.436,0.453,0.184,69,150,0.46,0.027,6,22,0.273,2024-25,Regular Season,Touch 6+ Seconds
1642268,Isaiah Collier,1610612762,UTA,20.0,71,54,0.305,64,169,0.379,0.399,0.252,57,140,0.407,0.052,7,29,0.241,2024-25,Regular Season,Touch 6+ Seconds
1630703,Scoot Henderson,1610612757,POR,21.0,66,60,0.239,66,164,0.402,0.433,0.193,56,132,0.424,0.047,10,32,0.313,2024-25,Regular Season,Touch 6+ Seconds
1630175,Cole Anthony,1610612763,MEM,25.0,67,54,0.298,68,162,0.42,0.438,0.276,62,150,0.413,0.022,6,12,0.5,2024-25,Regular Season,Touch 6+ Seconds
1630202,Payton Pritchard,1610612738,BOS,27.0,80,64,0.184,82,158,0.519,0.598,0.11,57,95,0.6,0.073,25,63,0.397,2024-25,Regular Season,Touch 6+ Seconds
1630578,Alperen Sengun,1610612745,HOU,22.0,76,57,0.138,73,158,0.462,0.462,0.138,73,158,0.462,0.0,0,0,,2024-25,Regular Season,Touch 6+ Seconds
1628389,Bam Adebayo,1610612748,MIA,27.0,78,66,0.142,66,158,0.418,0.427,0.134,63,149,0.423,0.008,3,9,0.333,2024-25,Regular Season,Touch 6+ Seconds
202331,Paul George,1610612755,PHI,35.0,41,40,0.275,65,157,0.414,0.455,0.198,52,113,0.46,0.077,13,44,0.295,2024-25,Regular Season,Touch 6+ Seconds
1628401,Derrick White,1610612738,BOS,30.0,76,57,0.163,68,156,0.436,0.526,0.08,40,77,0.519,0.082,28,79,0.354,2024-25,Regular Season,Touch 6+ Seconds
1626156,D'Angelo Russell,1610612751,BKN,29.0,58,51,0.241,59,154,0.383,0.461,0.136,35,87,0.402,0.105,24,67,0.358,2024-25,Regular Season,Touch 6+ Seconds
1628991,Jaren Jackson Jr.,1610612763,MEM,25.0,73,60,0.128,81,153,0.529,0.529,0.126,81,151,0.536,0.002,0,2,0.0,2024-25,Regular Season,Touch 6+ Seconds
1630215,Jared Butler,1610612755,PHI,24.0,60,54,0.333,70,151,0.464,0.49,0.283,62,128,0.484,0.051,8,23,0.348,2024-25,Regular Season,Touch 6+ Seconds
1642267,Bub Carrington,1610612764,WAS,19.0,82,59,0.194,60,145,0.414,0.49,0.12,38,90,0.422,0.074,22,55,0.4,2024-25,Regular Season,Touch 6+ Seconds
1641710,Anthony Black,1610612753,ORL,21.0,78,60,0.23,59,143,0.413,0.427,0.213,55,132,0.417,0.018,4,11,0.364,2024-25,Regular Season,Touch 6+ Seconds
203944,Julius Randle,1610612750,MIN,30.0,69,57,0.146,72,137,0.526,0.544,0.134,67,126,0.532,0.012,5,11,0.455,2024-25,Regular Season,Touch 6+ Seconds
1626145,Tyus Jones,1610612756,PHX,29.0,81,60,0.201,61,137,0.445,0.485,0.158,50,108,0.463,0.042,11,29,0.379,2024-25,Regular Season,Touch 6+ Seconds
1629627,Zion Williamson,1610612740,NOP,24.0,30,29,0.264,70,134,0.522,0.526,0.26,69,132,0.523,0.004,1,2,0.5,2024-25,Regular Season,Touch 6+ Seconds
1641708,Amen Thompson,1610612745,HOU,22.0,69,52,0.191,61,133,0.459,0.462,0.189,60,132,0.455,0.001,1,1,1.0,2024-25,Regular Season,Touch 6+ Seconds
1630170,Devin Vassell,1610612759,SAS,24.0,64,57,0.148,60,132,0.455,0.489,0.12,51,107,0.477,0.028,9,25,0.36,2024-25,Regular Season,Touch 6+ Seconds
203999,Nikola Jokić,1610612743,DEN,30.0,70,52,0.096,67,131,0.511,0.546,0.083,58,113,0.513,0.013,9,18,0.5,2024-25,Regular Season,Touch 6+ Seconds
1629628,RJ Barrett,1610612761,TOR,25.0,58,47,0.131,54,128,0.422,0.426,0.124,53,122,0.434,0.006,1,6,0.167,2024-25,Regular Season,Touch 6+ Seconds
1630581,Josh Giddey,1610612741,CHI,22.0,70,57,0.159,60,126,0.476,0.484,0.15,58,119,0.487,0.009,2,7,0.286,2024-25,Regular Season,Touch 6+ Seconds
203903,Jordan Clarkson,1610612762,UTA,33.0,37,35,0.246,50,121,0.413,0.434,0.207,45,102,0.441,0.039,5,19,0.263,2024-25,Regular Season,Touch 6+ Seconds
1630560,Cam Thomas,1610612751,BKN,23.0,25,24,0.262,57,119,0.479,0.563,0.163,37,74,0.5,0.099,20,45,0.444,2024-25,Regular Season,Touch 6+ Seconds
203076,Anthony Davis,1610612742,DAL,32.0,51,47,0.131,47,119,0.395,0.395,0.123,47,112,0.42,0.008,0,7,0.0,2024-25,Regular Season,Touch 6+ Seconds
1629656,Quentin Grimes,1610612755,PHI,25.0,75,46,0.143,54,118,0.458,0.496,0.112,45,92,0.489,0.032,9,26,0.346,2024-25,Regular Season,Touch 6+ Seconds
203952,Andrew Wiggins,1610612748,MIA,30.0,60,52,0.139,47,117,0.402,0.449,0.107,36,90,0.4,0.032,11,27,0.407,2024-25,Regular Season,Touch 6+ Seconds
1630631,Jose Alvarado,1610612740,NOP,27.0,56,45,0.219,49,114,0.43,0.5,0.14,33,73,0.452,0.079,16,41,0.39,2024-25,Regular Season,Touch 6+ Seconds
1626166,Cameron Payne,1610612752,NYK,30.0,71,51,0.257,53,113,0.469,0.544,0.175,36,77,0.468,0.082,17,36,0.472,2024-25,Regular Season,Touch 6+ Seconds
1630591,Jalen Suggs,1610612753,ORL,24.0,35,33,0.229,59,110,0.536,0.568,0.181,52,87,0.598,0.048,7,23,0.304,2024-25,Regular Season,Touch 6+ Seconds
203078,Bradley Beal,1610612756,PHX,32.0,53,44,0.159,44,110,0.4,0.423,0.13,39,90,0.433,0.029,5,20,0.25,2024-25,Regular Season,Touch 6+ Seconds
1626181,Norman Powell,1610612746,LAC,32.0,60,48,0.115,46,109,0.422,0.454,0.091,39,86,0.453,0.024,7,23,0.304,2024-25,Regular Season,Touch 6+ Seconds
202710,Jimmy Butler III,1610612744,GSW,35.0,55,43,0.181,43,108,0.398,0.398,0.173,43,103,0.417,0.008,0,5,0.0,2024-25,Regular Season,Touch 6+ Seconds
1630702,Jaden Hardy,1610612742,DAL,22.0,57,39,0.254,53,105,0.505,0.543,0.211,45,87,0.517,0.044,8,18,0.444,2024-25,Regular Season,Touch 6+ Seconds
1626179,Terry Rozier,1610612748,MIA,31.0,64,48,0.164,40,104,0.385,0.409,0.129,35,82,0.427,0.035,5,22,0.227,2024-25,Regular Season,Touch 6+ Seconds
1630558,Davion Mitchell,1610612748,MIA,26.0,74,49,0.216,55,103,0.534,0.568,0.187,48,89,0.539,0.029,7,14,0.5,2024-25,Regular Season,Touch 6+ Seconds
1630230,Naji Marshall,1610612742,DAL,27.0,69,52,0.145,53,103,0.515,0.515,0.142,53,101,0.525,0.003,0,2,0.0,2024-25,Regular Season,Touch 6+ Seconds
1628398,Kyle Kuzma,1610612749,MIL,29.0,65,46,0.121,39,103,0.379,0.408,0.094,33,80,0.413,0.027,6,23,0.261,2024-25,Regular Season,Touch 6+ Seconds
1630166,Deni Avdija,1610612757,POR,24.0,72,50,0.121,43,102,0.422,0.456,0.091,36,77,0.468,0.03,7,25,0.28,2024-25,Regular Season,Touch 6+ Seconds
1630596,Evan Mobley,1610612739,CLE,24.0,71,57,0.111,43,101,0.426,0.436,0.098,41,89,0.461,0.013,2,12,0.167,2024-25,Regular Season,Touch 6+ Seconds
1627783,Pascal Siakam,1610612754,IND,31.0,78,54,0.084,54,99,0.545,0.551,0.083,53,98,0.541,0.001,1,1,1.0,2024-25,Regular Season,Touch 6+ Seconds
1630625,Dalano Banton,1610612757,POR,25.0,67,42,0.195,38,99,0.384,0.399,0.168,35,85,0.412,0.028,3,14,0.214,2024-25,Regular Season,Touch 6+ Seconds
1629614,Andrew Nembhard,1610612754,IND,25.0,65,45,0.182,52,98,0.531,0.536,0.171,51,92,0.554,0.011,1,6,0.167,2024-25,Regular Season,Touch 6+ Seconds
1641733,Nick Smith Jr.,1610612766,CHA,21.0,60,42,0.173,46,98,0.469,0.526,0.129,35,73,0.479,0.044,11,25,0.44,2024-25,Regular Season,Touch 6+ Seconds
1630228,Jonathan Kuminga,1610612744,GSW,22.0,47,41,0.173,41,98,0.418,0.418,0.168,41,95,0.432,0.005,0,3,0.0,2024-25,Regular Season,Touch 6+ Seconds
202699,Tobias Harris,1610612765,DET,32.0,73,53,0.119,51,96,0.531,0.531,0.116,51,93,0.548,0.004,0,3,0.0,2024-25,Regular Season,Touch 6+ Seconds
1630193,Immanuel Quickley,1610612761,TOR,26.0,33,29,0.219,43,96,0.448,0.51,0.158,31,69,0.449,0.062,12,27,0.444,2024-25,Regular Season,Touch 6+ Seconds
1630553,Keon Johnson,1610612751,BKN,23.0,79,46,0.121,39,94,0.415,0.42,0.103,38,80,0.475,0.018,1,14,0.071,2024-25,Regular Season,Touch 6+ Seconds
1631170,Jaime Jaquez Jr.,1610612748,MIA,24.0,66,39,0.197,45,91,0.495,0.5,0.193,44,89,0.494,0.004,1,2,0.5,2024-25,Regular Season,Touch 6+ Seconds
203932,Aaron Gordon,1610612743,DEN,29.0,51,40,0.175,39,87,0.448,0.483,0.151,33,75,0.44,0.024,6,12,0.5,2024-25,Regular Season,Touch 6+ Seconds
1641764,Brandin Podziemski,1610612744,GSW,22.0,64,43,0.138,37,87,0.425,0.471,0.092,29,58,0.5,0.046,8,29,0.276,2024-25,Regular Season,Touch 6+ Seconds
1642347,Jamal Shead,1610612761,TOR,22.0,75,46,0.173,32,87,0.368,0.379,0.149,30,75,0.4,0.024,2,12,0.167,2024-25,Regular Season,Touch 6+ Seconds
1641731,Bilal Coulibaly,1610612764,WAS,20.0,59,45,0.139,31,87,0.356,0.368,0.13,29,81,0.358,0.01,2,6,0.333,2024-25,Regular Season,Touch 6+ Seconds
203995,Vasilije Micic,1610612756,PHX,31.0,41,31,0.315,30,86,0.349,0.419,0.201,18,55,0.327,0.114,12,31,0.387,2024-25,Regular Season,Touch 6+ Seconds
1630700,Dyson Daniels,1610612737,ATL,22.0,76,50,0.092,45,85,0.529,0.535,0.088,44,81,0.543,0.004,1,4,0.25,2024-25,Regular Season,Touch 6+ Seconds
1630288,Jeff Dowtin Jr.,1610612755,PHI,28.0,41,32,0.365,38,84,0.452,0.494,0.287,31,66,0.47,0.078,7,18,0.389,2024-25,Regular Season,Touch 6+ Seconds
1630530,Trey Murphy III,1610612740,NOP,25.0,53,38,0.099,27,83,0.325,0.38,0.069,18,58,0.31,0.03,9,25,0.36,2024-25,Regular Season,Touch 6+ Seconds
1630570,Trendon Watford,1610612751,BKN,24.0,44,33,0.231,46,81,0.568,0.568,0.229,46,80,0.575,0.003,0,1,0.0,2024-25,Regular Season,Touch 6+ Seconds
1627747,Caris LeVert,1610612737,ATL,30.0,64,43,0.135,29,81,0.358,0.42,0.105,19,63,0.302,0.03,10,18,0.556,2024-25,Regular Season,Touch 6+ Seconds
1626162,Kelly Oubre Jr.,1610612755,PHI,29.0,60,40,0.107,29,79,0.367,0.373,0.096,28,71,0.394,0.011,1,8,0.125,2024-25,Regular Season,Touch 6+ Seconds
201950,Jrue Holiday,1610612738,BOS,35.0,62,43,0.139,32,78,0.41,0.423,0.105,30,59,0.508,0.034,2,19,0.105,2024-25,Regular Season,Touch 6+ Seconds
1629023,P.J. Washington,1610612742,DAL,26.0,57,39,0.117,27,78,0.346,0.365,0.093,24,62,0.387,0.024,3,16,0.188,2024-25,Regular Season,Touch 6+ Seconds
1641706,Brandon Miller,1610612766,CHA,22.0,27,26,0.159,22,78,0.282,0.321,0.116,16,57,0.281,0.043,6,21,0.286,2024-25,Regular Season,Touch 6+ Seconds
1642354,KJ Simpson,1610612766,CHA,22.0,36,29,0.259,20,78,0.256,0.282,0.193,16,58,0.276,0.066,4,20,0.2,2024-25,Regular Season,Touch 6+ Seconds
1628969,Mikal Bridges,1610612752,NYK,28.0,81,45,0.065,38,76,0.5,0.513,0.061,36,71,0.507,0.004,2,5,0.4,2024-25,Regular Season,Touch 6+ Seconds
1627742,Brandon Ingram,1610612761,TOR,27.0,18,17,0.228,33,76,0.434,0.474,0.18,27,60,0.45,0.048,6,16,0.375,2024-25,Regular Season,Touch 6+ Seconds
1630540,Miles McBride,1610612752,NYK,24.0,63,42,0.142,31,76,0.408,0.48,0.092,20,49,0.408,0.05,11,27,0.407,2024-25,Regular Season,Touch 6+ Seconds
1631093,Jaden Ivey,1610612765,DET,23.0,30,25,0.177,28,73,0.384,0.425,0.145,22,60,0.367,0.031,6,13,0.462,2024-25,Regular Season,Touch 6+ Seconds
203114,Khris Middleton,1610612764,WAS,33.0,37,31,0.214,32,72,0.444,0.465,0.172,29,58,0.5,0.042,3,14,0.214,2024-25,Regular Season,Touch 6+ Seconds
1629661,Cameron Johnson,1610612751,BKN,29.0,57,34,0.091,34,68,0.5,0.559,0.068,26,51,0.51,0.023,8,17,0.471,2024-25,Regular Season,Touch 6+ Seconds
1630590,Scotty Pippen Jr.,1610612763,MEM,24.0,78,45,0.115,27,68,0.397,0.397,0.108,27,64,0.422,0.007,0,4,0.0,2024-25,Regular Season,Touch 6+ Seconds
1631204,Marcus Sasser,1610612765,DET,24.0,57,34,0.231,27,68,0.397,0.463,0.136,18,40,0.45,0.095,9,28,0.321,2024-25,Regular Season,Touch 6+ Seconds
1626157,Karl-Anthony Towns,1610612752,NYK,29.0,71,39,0.056,27,67,0.403,0.41,0.054,26,65,0.4,0.002,1,2,0.5,2024-25,Regular Season,Touch 6+ Seconds
1630598,Aaron Wiggins,1610612760,OKC,26.0,76,32,0.091,29,66,0.439,0.47,0.074,25,54,0.463,0.016,4,12,0.333,2024-25,Regular Season,Touch 6+ Seconds
1629004,Svi Mykhailiuk,1610612762,UTA,28.0,38,25,0.216,23,65,0.354,0.408,0.123,16,37,0.432,0.093,7,28,0.25,2024-25,Regular Season,Touch 6+ Seconds
1642265,Rob Dillingham,1610612750,MIN,20.0,49,31,0.303,36,64,0.563,0.617,0.246,29,52,0.558,0.057,7,12,0.583,2024-25,Regular Season,Touch 6+ Seconds
1631097,Bennedict Mathurin,1610612754,IND,23.0,72,41,0.075,23,64,0.359,0.383,0.061,20,52,0.385,0.014,3,12,0.25,2024-25,Regular Season,Touch 6+ Seconds
1630527,Brandon Boston,1610612740,NOP,23.0,42,25,0.169,23,64,0.359,0.383,0.137,20,52,0.385,0.032,3,12,0.25,2024-25,Regular Season,Touch 6+ Seconds
1627763,Malcolm Brogdon,1610612764,WAS,32.0,24,23,0.263,28,63,0.444,0.452,0.229,27,55,0.491,0.033,1,8,0.125,2024-25,Regular Season,Touch 6+ Seconds
1627732,Ben Simmons,1610612746,LAC,28.0,51,33,0.269,23,60,0.383,0.383,0.269,23,60,0.383,0.0,0,0,,2024-25,Regular Season,Touch 6+ Seconds
1641717,Cason Wallace,1610612760,OKC,21.0,68,40,0.121,30,59,0.508,0.508,0.112,30,55,0.545,0.008,0,4,0.0,2024-25,Regular Season,Touch 6+ Seconds
1631108,Max Christie,1610612742,DAL,22.0,78,32,0.1,22,59,0.373,0.381,0.083,21,49,0.429,0.017,1,10,0.1,2024-25,Regular Season,Touch 6+ Seconds
1631157,Ryan Rollins,1610612749,MIL,22.0,56,33,0.214,30,58,0.517,0.534,0.188,28,51,0.549,0.026,2,7,0.286,2024-25,Regular Season,Touch 6+ Seconds
1629640,Keldon Johnson,1610612759,SAS,25.0,77,39,0.073,31,56,0.554,0.571,0.066,29,51,0.569,0.006,2,5,0.4,2024-25,Regular Season,Touch 6+ Seconds
1629659,Talen Horton-Tucker,1610612741,CHI,24.0,58,30,0.189,35,55,0.636,0.655,0.172,33,50,0.66,0.017,2,5,0.4,2024-25,Regular Season,Touch 6+ Seconds
203992,Bogdan Bogdanović,1610612746,LAC,32.0,54,30,0.112,31,55,0.564,0.609,0.089,26,44,0.591,0.022,5,11,0.455,2024-25,Regular Season,Touch 6+ Seconds
1642272,Jared McCain,1610612755,PHI,21.0,23,20,0.201,25,55,0.455,0.473,0.164,23,45,0.511,0.036,2,10,0.2,2024-25,Regular Season,Touch 6+ Seconds
1629631,De'Andre Hunter,1610612739,CLE,27.0,64,34,0.072,24,55,0.436,0.473,0.059,20,45,0.444,0.013,4,10,0.4,2024-25,Regular Season,Touch 6+ Seconds
1642358,AJ Johnson,1610612764,WAS,20.0,29,22,0.249,16,53,0.302,0.33,0.197,13,42,0.31,0.052,3,11,0.273,2024-25,Regular Season,Touch 6+ Seconds
1628404,Josh Hart,1610612752,NYK,30.0,76,40,0.068,31,52,0.596,0.615,0.056,29,43,0.674,0.012,2,9,0.222,2024-25,Regular Season,Touch 6+ Seconds
1630314,Brandon Williams,1610612742,DAL,25.0,33,21,0.271,27,51,0.529,0.549,0.234,25,44,0.568,0.037,2,7,0.286,2024-25,Regular Season,Touch 6+ Seconds
201144,Mike Conley,1610612750,MIN,37.0,71,38,0.109,19,51,0.373,0.422,0.071,14,33,0.424,0.038,5,18,0.278,2024-25,Regular Season,Touch 6+ Seconds
1628997,Caleb Martin,1610612742,DAL,29.0,45,24,0.158,25,48,0.521,0.521,0.155,25,47,0.532,0.003,0,1,0.0,2024-25,Regular Season,Touch 6+ Seconds
1630544,Tre Mann,1610612766,CHA,24.0,13,12,0.298,22,48,0.458,0.469,0.248,21,40,0.525,0.05,1,8,0.125,2024-25,Regular Season,Touch 6+ Seconds
1626171,Bobby Portis,1610612749,MIL,30.0,49,33,0.079,21,47,0.447,0.447,0.079,21,47,0.447,0.0,0,0,,2024-25,Regular Season,Touch 6+ Seconds
203901,Elfrid Payton,1610612740,NOP,31.0,24,18,0.385,18,47,0.383,0.383,0.377,18,46,0.391,0.008,0,1,0.0,2024-25,Regular Season,Touch 6+ Seconds
1641705,Victor Wembanyama,1610612759,SAS,21.0,46,29,0.054,23,46,0.5,0.576,0.036,16,31,0.516,0.018,7,15,0.467,2024-25,Regular Season,Touch 6+ Seconds
1629003,Shake Milton,1610612747,LAL,28.0,57,26,0.181,18,46,0.391,0.391,0.173,18,44,0.409,0.008,0,2,0.0,2024-25,Regular Season,Touch 6+ Seconds
203924,Jerami Grant,1610612757,POR,31.0,47,34,0.08,15,46,0.326,0.337,0.077,14,44,0.318,0.003,1,2,0.5,2024-25,Regular Season,Touch 6+ Seconds
1628415,Dillon Brooks,1610612745,HOU,29.0,75,31,0.05,21,45,0.467,0.489,0.045,19,40,0.475,0.006,2,5,0.4,2024-25,Regular Season,Touch 6+ Seconds
1641715,Cam Whitmore,1610612745,HOU,20.0,51,27,0.112,14,45,0.311,0.367,0.089,9,36,0.25,0.022,5,9,0.556,2024-25,Regular Season,Touch 6+ Seconds
202685,Jonas Valančiūnas,1610612758,SAC,33.0,81,30,0.07,23,44,0.523,0.523,0.07,23,44,0.523,0.0,0,0,,2024-25,Regular Season,Touch 6+ Seconds
1628998,Cody Martin,1610612756,PHX,29.0,53,26,0.135,17,44,0.386,0.386,0.123,17,40,0.425,0.012,0,4,0.0,2024-25,Regular Season,Touch 6+ Seconds
1630538,Bones Hyland,1610612750,MIN,24.0,24,22,0.373,17,44,0.386,0.523,0.144,5,17,0.294,0.229,12,27,0.444,2024-25,Regular Season,Touch 6+ Seconds
1629216,Gabe Vincent,1610612747,LAL,29.0,72,29,0.105,16,44,0.364,0.42,0.064,11,27,0.407,0.04,5,17,0.294,2024-25,Regular Season,Touch 6+ Seconds
1641729,Brice Sensabaugh,1610612762,UTA,21.0,71,30,0.072,21,43,0.488,0.581,0.045,13,27,0.481,0.027,8,16,0.5,2024-25,Regular Season,Touch 6+ Seconds
1642377,Jaylen Wells,1610612763,MEM,21.0,78,34,0.063,19,42,0.452,0.464,0.057,18,38,0.474,0.006,1,4,0.25,2024-25,Regular Season,Touch 6+ Seconds
1630552,Jalen Johnson,1610612737,ATL,23.0,36,27,0.078,18,42,0.429,0.429,0.076,18,41,0.439,0.002,0,1,0.0,2024-25,Regular Season,Touch 6+ Seconds
203935,Marcus Smart,1610612764,WAS,31.0,34,24,0.163,16,42,0.381,0.393,0.14,15,36,0.417,0.023,1,6,0.167,2024-25,Regular Season,Touch 6+ Seconds
1630245,Ayo Dosunmu,1610612741,CHI,25.0,46,25,0.091,24,41,0.585,0.61,0.076,22,34,0.647,0.016,2,7,0.286,2024-25,Regular Season,Touch 6+ Seconds
1630811,Keaton Wallace,1610612737,ATL,26.0,31,20,0.253,21,41,0.512,0.549,0.204,18,33,0.545,0.049,3,8,0.375,2024-25,Regular Season,Touch 6+ Seconds
1628978,Donte DiVincenzo,1610612750,MIN,28.0,62,26,0.069,16,41,0.39,0.463,0.04,10,24,0.417,0.029,6,17,0.353,2024-25,Regular Season,Touch 6+ Seconds
202691,Klay Thompson,1610612742,DAL,35.0,72,34,0.047,13,41,0.317,0.354,0.031,10,27,0.37,0.016,3,14,0.214,2024-25,Regular Season,Touch 6+ Seconds
203937,Kyle Anderson,1610612748,MIA,31.0,61,25,0.133,16,40,0.4,0.4,0.126,16,38,0.421,0.007,0,2,0.0,2024-25,Regular Season,Touch 6+ Seconds
1630200,Tre Jones,1610612741,CHI,25.0,46,25,0.164,20,39,0.513,0.513,0.164,20,39,0.513,0.0,0,0,,2024-25,Regular Season,Touch 6+ Seconds
1628988,Aaron Holiday,1610612745,HOU,28.0,62,23,0.146,18,39,0.462,0.538,0.09,12,24,0.5,0.056,6,15,0.4,2024-25,Regular Season,Touch 6+ Seconds
1628420,Monte Morris,1610612756,PHX,30.0,45,25,0.2,18,39,0.462,0.474,0.185,17,36,0.472,0.015,1,3,0.333,2024-25,Regular Season,Touch 6+ Seconds
203954,Joel Embiid,1610612755,PHI,31.0,19,13,0.124,17,39,0.436,0.436,0.117,17,37,0.459,0.006,0,2,0.0,2024-25,Regular Season,Touch 6+ Seconds
1641709,Ausar Thompson,1610612765,DET,22.0,59,28,0.085,15,39,0.385,0.385,0.085,15,39,0.385,0.0,0,0,,2024-25,Regular Season,Touch 6+ Seconds
1642263,Reed Sheppard,1610612745,HOU,21.0,52,21,0.163,14,39,0.359,0.397,0.117,11,28,0.393,0.046,3,11,0.273,2024-25,Regular Season,Touch 6+ Seconds
1642273,Kyshawn George,1610612764,WAS,21.0,68,29,0.07,14,38,0.368,0.408,0.044,11,24,0.458,0.026,3,14,0.214,2024-25,Regular Season,Touch 6+ Seconds
1629638,Nickeil Alexander-Walker,1610612750,MIN,26.0,82,31,0.062,13,38,0.342,0.368,0.047,11,29,0.379,0.015,2,9,0.222,2024-25,Regular Season,Touch 6+ Seconds
203957,Dante Exum,1610612742,DAL,29.0,20,17,0.276,19,37,0.514,0.541,0.239,17,32,0.531,0.037,2,5,0.4,2024-25,Regular Season,Touch 6+ Seconds
203084,Harrison Barnes,1610612759,SAS,33.0,82,30,0.054,18,37,0.486,0.486,0.053,18,36,0.5,0.001,0,1,0.0,2024-25,Regular Season,Touch 6+ Seconds
1641854,Craig Porter Jr.,1610612739,CLE,25.0,51,14,0.264,17,37,0.459,0.5,0.221,14,31,0.452,0.043,3,6,0.5,2024-25,Regular Season,Touch 6+ Seconds
1631128,Christian Braun,1610612743,DEN,24.0,79,29,0.046,16,37,0.432,0.473,0.036,13,29,0.448,0.01,3,8,0.375,2024-25,Regular Season,Touch 6+ Seconds
1641824,Matas Buzelis,1610612741,CHI,20.0,80,28,0.067,16,37,0.432,0.446,0.061,15,34,0.441,0.005,1,3,0.333,2024-25,Regular Season,Touch 6+ Seconds
1628971,Bruce Brown,1610612740,NOP,28.0,41,22,0.12,12,37,0.324,0.338,0.113,11,35,0.314,0.006,1,2,0.5,2024-25,Regular Season,Touch 6+ Seconds
1627734,Domantas Sabonis,1610612758,SAC,29.0,70,27,0.04,18,36,0.5,0.5,0.04,18,36,0.5,0.0,0,0,,2024-25,Regular Season,Touch 6+ Seconds
1629022,Lonnie Walker IV,1610612755,PHI,26.0,20,15,0.17,16,36,0.444,0.542,0.099,9,21,0.429,0.071,7,15,0.467,2024-25,Regular Season,Touch 6+ Seconds
1629611,Terance Mann,1610612737,ATL,28.0,67,28,0.085,15,35,0.429,0.471,0.068,12,28,0.429,0.017,3,7,0.429,2024-25,Regular Season,Touch 6+ Seconds
1631213,Tyrese Martin,1610612751,BKN,26.0,60,26,0.075,12,35,0.343,0.386,0.058,9,27,0.333,0.017,3,8,0.375,2024-25,Regular Season,Touch 6+ Seconds
1642349,Ajay Mitchell,1610612760,OKC,23.0,36,22,0.184,22,34,0.647,0.647,0.178,22,33,0.667,0.005,0,1,0.0,2024-25,Regular Season,Touch 6+ Seconds
1631221,Collin Gillespie,1610612756,PHX,26.0,33,17,0.209,21,33,0.636,0.727,0.152,15,24,0.625,0.057,6,9,0.667,2024-25,Regular Season,Touch 6+ Seconds
1631103,Malaki Branham,1610612759,SAS,22.0,47,18,0.174,16,33,0.485,0.5,0.147,15,28,0.536,0.026,1,5,0.2,2024-25,Regular Season,Touch 6+ Seconds
1627739,Kris Dunn,1610612746,LAC,31.0,74,24,0.073,15,32,0.469,0.5,0.064,13,28,0.464,0.009,2,4,0.5,2024-25,Regular Season,Touch 6+ Seconds
1627736,Malik Beasley,1610612765,DET,28.0,82,26,0.03,9,32,0.281,0.313,0.019,7,20,0.35,0.011,2,12,0.167,2024-25,Regular Season,Touch 6+ Seconds
203552,Seth Curry,1610612766,CHA,34.0,68,23,0.09,18,31,0.581,0.661,0.073,13,25,0.52,0.017,5,6,0.833,2024-25,Regular Season,Touch 6+ Seconds
1629675,Naz Reid,1610612750,MIN,25.0,80,25,0.034,18,31,0.581,0.613,0.03,16,28,0.571,0.003,2,3,0.667,2024-25,Regular Season,Touch 6+ Seconds
1629651,Nic Claxton,1610612751,BKN,26.0,70,26,0.055,17,31,0.548,0.548,0.055,17,31,0.548,0.0,0,0,,2024-25,Regular Season,Touch 6+ Seconds
1641783,Tristan da Silva,1610612753,ORL,24.0,74,20,0.064,13,31,0.419,0.419,0.052,13,25,0.52,0.012,0,6,0.0,2024-25,Regular Season,Touch 6+ Seconds
1642261,Dalton Knecht,1610612747,LAL,24.0,78,20,0.056,7,31,0.226,0.258,0.036,5,20,0.25,0.02,2,11,0.182,2024-25,Regular Season,Touch 6+ Seconds
1630183,Jaden McDaniels,1610612750,MIN,24.0,82,19,0.036,16,30,0.533,0.533,0.035,16,29,0.552,0.001,0,1,0.0,2024-25,Regular Season,Touch 6+ Seconds
1631107,Nikola Jović,1610612748,MIA,22.0,46,21,0.077,13,29,0.448,0.483,0.066,11,25,0.44,0.011,2,4,0.5,2024-25,Regular Season,Touch 6+ Seconds
1630548,Johnny Juzang,1610612762,UTA,24.0,64,20,0.061,10,29,0.345,0.379,0.053,8,25,0.32,0.008,2,4,0.5,2024-25,Regular Season,Touch 6+ Seconds
1642271,Kyle Filipowski,1610612762,UTA,21.0,72,19,0.054,14,28,0.5,0.518,0.05,13,26,0.5,0.004,1,2,0.5,2024-25,Regular Season,Touch 6+ Seconds
202704,Reggie Jackson,1610612755,PHI,35.0,31,20,0.211,11,28,0.393,0.464,0.158,7,21,0.333,0.053,4,7,0.571,2024-25,Regular Season,Touch 6+ Seconds
1629018,Gary Trent Jr.,1610612749,MIL,26.0,74,22,0.043,8,28,0.286,0.321,0.032,6,21,0.286,0.011,2,7,0.286,2024-25,Regular Season,Touch 6+ Seconds
1629618,Jalen Pickett,1610612743,DEN,25.0,49,18,0.15,16,27,0.593,0.704,0.1,10,18,0.556,0.05,6,9,0.667,2024-25,Regular Season,Touch 6+ Seconds
1627826,Ivica Zubac,1610612746,LAC,28.0,80,21,0.029,14,27,0.519,0.519,0.029,14,27,0.519,0.0,0,0,,2024-25,Regular Season,Touch 6+ Seconds
1641842,Ronald Holland II,1610612765,DET,19.0,81,25,0.065,10,27,0.37,0.37,0.06,10,25,0.4,0.005,0,2,0.0,2024-25,Regular Season,Touch 6+ Seconds
1630592,Jalen Wilson,1610612751,BKN,24.0,79,21,0.044,7,27,0.259,0.259,0.04,7,25,0.28,0.003,0,2,0.0,2024-25,Regular Season,Touch 6+ Seconds
1641722,Jordan Hawkins,1610612740,NOP,23.0,56,21,0.049,5,27,0.185,0.204,0.032,4,18,0.222,0.016,1,9,0.111,2024-25,Regular Season,Touch 6+ Seconds
1642348,Justin Edwards,1610612755,PHI,21.0,44,15,0.069,14,26,0.538,0.577,0.058,12,22,0.545,0.011,2,4,0.5,2024-25,Regular Season,Touch 6+ Seconds
1631099,Keegan Murray,1610612758,SAC,24.0,76,23,0.032,12,26,0.462,0.462,0.032,12,26,0.462,0.0,0,0,,2024-25,Regular Season,Touch 6+ Seconds
1642262,Cody Williams,1610612762,UTA,20.0,50,18,0.101,11,26,0.423,0.423,0.097,11,25,0.44,0.004,0,1,0.0,2024-25,Regular Season,Touch 6+ Seconds
1630541,Moses Moody,1610612744,GSW,23.0,74,23,0.046,9,26,0.346,0.346,0.042,9,24,0.375,0.004,0,2,0.0,2024-25,Regular Season,Touch 6+ Seconds
1641720,Jalen Hood-Schifino,1610612755,PHI,22.0,15,10,0.265,8,26,0.308,0.346,0.214,6,21,0.286,0.051,2,5,0.4,2024-25,Regular Season,Touch 6+ Seconds
202696,Nikola Vucevic,1610612741,CHI,34.0,73,21,0.024,14,25,0.56,0.56,0.024,14,25,0.56,0.0,0,0,,2024-25,Regular Season,Touch 6+ Seconds
1629026,Kenrich Williams,1610612760,OKC,30.0,69,14,0.071,12,25,0.48,0.48,0.068,12,24,0.5,0.003,0,1,0.0,2024-25,Regular Season,Touch 6+ Seconds
1642266,Ja'Kobe Walter,1610612761,TOR,20.0,52,20,0.064,8,25,0.32,0.34,0.059,7,23,0.304,0.005,1,2,0.5,2024-25,Regular Season,Touch 6+ Seconds
1642269,Devin Carter,1610612758,SAC,23.0,36,17,0.197,7,25,0.28,0.32,0.142,5,18,0.278,0.055,2,7,0.286,2024-25,Regular Season,Touch 6+ Seconds
1641878,Damion Baugh,1610612766,CHA,24.0,15,12,0.192,7,25,0.28,0.28,0.177,7,23,0.304,0.015,0,2,0.0,2024-25,Regular Season,Touch 6+ Seconds
1631106,Tari Eason,1610612745,HOU,24.0,57,18,0.043,14,24,0.583,0.604,0.041,13,23,0.565,0.002,1,1,1.0,2024-25,Regular Season,Touch 6+ Seconds
1628379,Luke Kennard,1610612763,MEM,29.0,64,17,0.057,13,24,0.542,0.563,0.05,12,21,0.571,0.007,1,3,0.333,2024-25,Regular Season,Touch 6+ Seconds
1628384,OG Anunoby,1610612752,NYK,27.0,73,22,0.024,7,24,0.292,0.292,0.022,7,22,0.318,0.002,0,2,0.0,2024-25,Regular Season,Touch 6+ Seconds
1641741,Ricky Council IV,1610612755,PHI,23.0,73,18,0.052,7,24,0.292,0.292,0.045,7,21,0.333,0.006,0,3,0.0,2024-25,Regular Season,Touch 6+ Seconds
1628960,Grayson Allen,1610612756,PHX,29.0,64,18,0.047,8,23,0.348,0.37,0.033,7,16,0.438,0.014,1,7,0.143,2024-25,Regular Season,Touch 6+ Seconds
1631209,Isaiah Wong,1610612766,CHA,24.0,20,11,0.219,8,23,0.348,0.37,0.162,7,17,0.412,0.057,1,6,0.167,2024-25,Regular Season,Touch 6+ Seconds
1631124,Julian Strawther,1610612743,DEN,23.0,65,19,0.049,8,23,0.348,0.37,0.042,7,20,0.35,0.006,1,3,0.333,2024-25,Regular Season,Touch 6+ Seconds
1629130,Duncan Robinson,1610612748,MIA,31.0,74,16,0.032,9,21,0.429,0.5,0.02,6,13,0.462,0.012,3,8,0.375,2024-25,Regular Season,Touch 6+ Seconds
1641736,Reece Beekman,1610612751,BKN,23.0,36,15,0.196,4,21,0.19,0.19,0.196,4,21,0.19,0.0,0,0,,2024-25,Regular Season,Touch 6+ Seconds
1630172,Patrick Williams,1610612741,CHI,23.0,63,19,0.039,10,20,0.5,0.525,0.035,9,18,0.5,0.004,1,2,0.5,2024-25,Regular Season,Touch 6+ Seconds
203994,Jusuf Nurkić,1610612766,CHA,30.0,51,13,0.057,7,20,0.35,0.35,0.054,7,19,0.368,0.003,0,1,0.0,2024-25,Regular Season,Touch 6+ Seconds
1631105,Jalen Duren,1610612765,DET,21.0,78,17,0.035,7,19,0.368,0.368,0.035,7,19,0.368,0.0,0,0,,2024-25,Regular Season,Touch 6+ Seconds
1628989,Kevin Huerter,1610612741,CHI,26.0,69,16,0.031,7,19,0.368,0.421,0.025,5,15,0.333,0.007,2,4,0.5,2024-25,Regular Season,Touch 6+ Seconds
1629060,Rui Hachimura,1610612747,LAL,27.0,59,17,0.033,5,19,0.263,0.263,0.033,5,19,0.263,0.0,0,0,,2024-25,Regular Season,Touch 6+ Seconds
1631096,Chet Holmgren,1610612760,OKC,23.0,32,15,0.056,5,19,0.263,0.263,0.056,5,19,0.263,0.0,0,0,,2024-25,Regular Season,Touch 6+ Seconds
1626153,Delon Wright,1610612752,NYK,33.0,40,15,0.145,4,19,0.211,0.211,0.122,4,16,0.25,0.023,0,3,0.0,2024-25,Regular Season,Touch 6+ Seconds
1641739,Toumani Camara,1610612757,POR,25.0,78,16,0.025,7,18,0.389,0.417,0.018,6,13,0.462,0.007,1,5,0.2,2024-25,Regular Season,Touch 6+ Seconds
1627741,Buddy Hield,1610612744,GSW,32.0,82,16,0.023,7,18,0.389,0.389,0.013,7,10,0.7,0.01,0,8,0.0,2024-25,Regular Season,Touch 6+ Seconds
1629599,Amir Coffey,1610612746,LAC,28.0,72,13,0.033,7,17,0.412,0.441,0.027,6,14,0.429,0.006,1,3,0.333,2024-25,Regular Season,Touch 6+ Seconds
1641765,Olivier-Maxence Prosper,1610612742,DAL,22.0,52,13,0.098,6,17,0.353,0.353,0.086,6,15,0.4,0.011,0,2,0.0,2024-25,Regular Season,Touch 6+ Seconds
1642259,Alex Sarr,1610612764,WAS,20.0,67,12,0.021,5,17,0.294,0.294,0.019,5,16,0.313,0.001,0,1,0.0,2024-25,Regular Season,Touch 6+ Seconds
1628366,Lonzo Ball,1610612741,CHI,27.0,35,12,0.066,10,16,0.625,0.719,0.053,7,13,0.538,0.012,3,3,1.0,2024-25,Regular Season,Touch 6+ Seconds
1642258,Zaccharie Risacher,1610612737,ATL,20.0,75,15,0.021,8,16,0.5,0.5,0.021,8,16,0.5,0.0,0,0,,2024-25,Regular Season,Touch 6+ Seconds
1627824,Guerschon Yabusele,1610612755,PHI,29.0,70,11,0.028,8,16,0.5,0.5,0.028,8,16,0.5,0.0,0,0,,2024-25,Regular Season,Touch 6+ Seconds
1641716,Jarace Walker,1610612754,IND,21.0,75,12,0.044,7,16,0.438,0.5,0.036,5,13,0.385,0.008,2,3,0.667,2024-25,Regular Season,Touch 6+ Seconds
1641787,Tosan Evbuomwan,1610612751,BKN,24.0,28,13,0.073,6,16,0.375,0.375,0.073,6,16,0.375,0.0,0,0,,2024-25,Regular Season,Touch 6+ Seconds
1629652,Luguentz Dort,1610612760,OKC,26.0,71,15,0.027,6,16,0.375,0.406,0.017,5,10,0.5,0.01,1,6,0.167,2024-25,Regular Season,Touch 6+ Seconds
1642278,Tyler Kolek,1610612752,NYK,24.0,41,12,0.195,5,16,0.313,0.313,0.134,5,11,0.455,0.061,0,5,0.0,2024-25,Regular Season,Touch 6+ Seconds
1630256,Jae'Sean Tate,1610612745,HOU,29.0,52,14,0.108,5,16,0.313,0.313,0.101,5,15,0.333,0.007,0,1,0.0,2024-25,Regular Season,Touch 6+ Seconds
1631104,Blake Wesley,1610612759,SAS,22.0,58,15,0.086,4,16,0.25,0.25,0.081,4,15,0.267,0.005,0,1,0.0,2024-25,Regular Season,Touch 6+ Seconds
1631110,Jeremy Sochan,1610612759,SAS,22.0,54,11,0.032,8,15,0.533,0.533,0.032,8,15,0.533,0.0,0,0,,2024-25,Regular Season,Touch 6+ Seconds
1628365,Markelle Fultz,1610612758,SAC,27.0,21,11,0.224,8,15,0.533,0.533,0.224,8,15,0.533,0.0,0,0,,2024-25,Regular Season,Touch 6+ Seconds
1642281,Jaylon Tyson,1610612739,CLE,22.0,47,8,0.101,7,15,0.467,0.567,0.081,4,12,0.333,0.02,3,3,1.0,2024-25,Regular Season,Touch 6+ Seconds
1628374,Lauri Markkanen,1610612762,UTA,28.0,47,11,0.021,6,15,0.4,0.4,0.019,6,13,0.462,0.003,0,2,0.0,2024-25,Regular Season,Touch 6+ Seconds
1642355,Bronny James,1610612747,LAL,20.0,27,10,0.224,6,15,0.4,0.467,0.104,4,7,0.571,0.119,2,8,0.25,2024-25,Regular Season,Touch 6+ Seconds
202709,Cory Joseph,1610612753,ORL,33.0,50,12,0.091,7,14,0.5,0.571,0.065,5,10,0.5,0.026,2,4,0.5,2024-25,Regular Season,Touch 6+ Seconds
1641724,Jett Howard,1610612753,ORL,21.0,60,11,0.053,5,14,0.357,0.393,0.034,4,9,0.444,0.019,1,5,0.2,2024-25,Regular Season,Touch 6+ Seconds
1641810,Antonio Reeves,1610612740,NOP,24.0,44,10,0.056,5,14,0.357,0.429,0.036,3,9,0.333,0.02,2,5,0.4,2024-25,Regular Season,Touch 6+ Seconds
1641711,Gradey Dick,1610612761,TOR,21.0,54,11,0.022,4,14,0.286,0.286,0.017,4,11,0.364,0.005,0,3,0.0,2024-25,Regular Season,Touch 6+ Seconds
1641713,GG Jackson,1610612763,MEM,20.0,29,11,0.07,4,14,0.286,0.286,0.055,4,11,0.364,0.015,0,3,0.0,2024-25,Regular Season,Touch 6+ Seconds
1629008,Michael Porter Jr.,1610612743,DEN,27.0,77,13,0.014,3,14,0.214,0.25,0.01,2,10,0.2,0.004,1,4,0.25,2024-25,Regular Season,Touch 6+ Seconds
1630249,Vít Krejčí,1610612737,ATL,25.0,57,8,0.045,7,13,0.538,0.577,0.027,6,8,0.75,0.017,1,5,0.2,2024-25,Regular Season,Touch 6+ Seconds
1629021,Moritz Wagner,1610612753,ORL,28.0,30,11,0.052,7,13,0.538,0.538,0.052,7,13,0.538,0.0,0,0,,2024-25,Regular Season,Touch 6+ Seconds
1630583,Santi Aldama,1610612763,MEM,24.0,64,10,0.02,7,13,0.538,0.538,0.02,7,13,0.538,0.0,0,0,,2024-25,Regular Season,Touch 6+ Seconds
1627936,Alex Caruso,1610612760,OKC,31.0,54,9,0.041,7,13,0.538,0.615,0.035,5,11,0.455,0.006,2,2,1.0,2024-25,Regular Season,Touch 6+ Seconds
1630696,Dru Smith,1610612748,MIA,27.0,14,9,0.213,6,13,0.462,0.462,0.18,6,11,0.545,0.033,0,2,0.0,2024-25,Regular Season,Touch 6+ Seconds
203482,Kelly Olynyk,1610612740,NOP,34.0,44,11,0.049,6,13,0.462,0.462,0.041,6,11,0.545,0.007,0,2,0.0,2024-25,Regular Season,Touch 6+ Seconds
203501,Tim Hardaway Jr.,1610612765,DET,33.0,77,12,0.019,6,13,0.462,0.5,0.016,5,11,0.455,0.003,1,2,0.5,2024-25,Regular Season,Touch 6+ Seconds
1641732,Colby Jones,1610612764,WAS,23.0,39,10,0.101,6,13,0.462,0.462,0.093,6,12,0.5,0.008,0,1,0.0,2024-25,Regular Season,Touch 6+ Seconds
1631095,Jabari Smith Jr.,1610612745,HOU,22.0,57,10,0.023,6,13,0.462,0.462,0.019,6,11,0.545,0.004,0,2,0.0,2024-25,Regular Season,Touch 6+ Seconds
1629669,Jaylen Nowell,1610612764,WAS,25.0,8,5,0.178,5,13,0.385,0.385,0.151,5,11,0.455,0.027,0,2,0.0,2024-25,Regular Season,Touch 6+ Seconds
203110,Draymond Green,1610612744,GSW,35.0,68,11,0.026,5,13,0.385,0.385,0.026,5,13,0.385,0.0,0,0,,2024-25,Regular Season,Touch 6+ Seconds
1628975,Jevon Carter,1610612741,CHI,29.0,36,10,0.089,3,13,0.231,0.269,0.041,2,6,0.333,0.048,1,7,0.143,2024-25,Regular Season,Touch 6+ Seconds
203484,Kentavious Caldwell-Pope,1610612763,MEM,32.0,77,12,0.022,8,12,0.667,0.708,0.018,7,10,0.7,0.004,1,2,0.5,2024-25,Regular Season,Touch 6+ Seconds
1641757,Jordan Miller,1610612746,LAC,25.0,37,11,0.09,6,12,0.5,0.5,0.09,6,12,0.5,0.0,0,0,,2024-25,Regular Season,Touch 6+ Seconds
1630243,Trevelin Queen,1610612753,ORL,28.0,31,8,0.082,5,12,0.417,0.458,0.054,4,8,0.5,0.027,1,4,0.25,2024-25,Regular Season,Touch 6+ Seconds
1631222,Jake LaRavia,1610612758,SAC,23.0,66,11,0.036,5,12,0.417,0.417,0.033,5,11,0.455,0.003,0,1,0.0,2024-25,Regular Season,Touch 6+ Seconds
1630533,Ziaire Williams,1610612751,BKN,23.0,63,8,0.023,5,12,0.417,0.458,0.021,4,11,0.364,0.002,1,1,1.0,2024-25,Regular Season,Touch 6+ Seconds
1630173,Precious Achiuwa,1610612752,NYK,25.0,56,12,0.037,4,12,0.333,0.333,0.037,4,12,0.333,0.0,0,0,,2024-25,Regular Season,Touch 6+ Seconds
1642275,Tidjane Salaün,1610612766,CHA,19.0,60,11,0.035,3,12,0.25,0.292,0.023,2,8,0.25,0.012,1,4,0.25,2024-25,Regular Season,Touch 6+ Seconds
1630311,Pat Spencer,1610612744,GSW,28.0,39,9,0.119,3,12,0.25,0.25,0.089,3,9,0.333,0.03,0,3,0.0,2024-25,Regular Season,Touch 6+ Seconds
1627752,Taurean Prince,1610612749,MIL,31.0,80,9,0.023,3,12,0.25,0.25,0.019,3,10,0.3,0.004,0,2,0.0,2024-25,Regular Season,Touch 6+ Seconds
1631212,Peyton Watson,1610612743,DEN,22.0,68,11,0.026,7,11,0.636,0.636,0.024,7,10,0.7,0.002,0,1,0.0,2024-25,Regular Season,Touch 6+ Seconds
1631311,Lester Quinones,1610612740,NOP,24.0,13,6,0.141,4,11,0.364,0.364,0.09,4,7,0.571,0.051,0,4,0.0,2024-25,Regular Season,Touch 6+ Seconds
1631120,JD Davison,1610612738,BOS,22.0,16,6,0.324,4,11,0.364,0.364,0.265,4,9,0.444,0.059,0,2,0.0,2024-25,Regular Season,Touch 6+ Seconds
1641723,Kobe Bufkin,1610612737,ATL,21.0,10,6,0.234,4,11,0.364,0.364,0.191,4,9,0.444,0.043,0,2,0.0,2024-25,Regular Season,Touch 6+ Seconds
204001,Kristaps Porziņģis,1610612738,BOS,29.0,42,10,0.02,4,11,0.364,0.364,0.02,4,11,0.364,0.0,0,0,,2024-25,Regular Season,Touch 6+ Seconds
1631207,Dalen Terry,1610612741,CHI,22.0,73,10,0.041,4,11,0.364,0.364,0.037,4,10,0.4,0.004,0,1,0.0,2024-25,Regular Season,Touch 6+ Seconds
1641725,Trey Alexander,1610612743,DEN,22.0,24,7,0.268,3,11,0.273,0.273,0.244,3,10,0.3,0.024,0,1,0.0,2024-25,Regular Season,Touch 6+ Seconds
1641794,Dillon Jones,1610612760,OKC,23.0,54,8,0.083,2,11,0.182,0.227,0.068,1,9,0.111,0.015,1,2,0.5,2024-25,Regular Season,Touch 6+ Seconds
1631223,David Roddy,1610612745,HOU,24.0,33,7,0.08,5,10,0.5,0.5,0.064,5,8,0.625,0.016,0,2,0.0,2024-25,Regular Season,Touch 6+ Seconds
1631111,Wendell Moore Jr.,1610612766,CHA,23.0,36,7,0.079,4,10,0.4,0.45,0.071,3,9,0.333,0.008,1,1,1.0,2024-25,Regular Season,Touch 6+ Seconds
1642367,Jonathan Mogbo,1610612761,TOR,23.0,63,10,0.028,4,10,0.4,0.4,0.028,4,10,0.4,0.0,0,0,,2024-25,Regular Season,Touch 6+ Seconds
1631260,AJ Green,1610612749,MIL,25.0,73,10,0.024,3,10,0.3,0.35,0.012,2,5,0.4,0.012,1,5,0.2,2024-25,Regular Season,Touch 6+ Seconds
200768,Kyle Lowry,1610612755,PHI,39.0,35,9,0.085,3,10,0.3,0.3,0.068,3,8,0.375,0.017,0,2,0.0,2024-25,Regular Season,Touch 6+ Seconds
1631245,Quenton Jackson,1610612754,IND,26.0,28,8,0.082,2,10,0.2,0.2,0.057,2,7,0.286,0.025,0,3,0.0,2024-25,Regular Season,Touch 6+ Seconds
1626192,Pat Connaughton,1610612749,MIL,32.0,41,7,0.051,4,9,0.444,0.444,0.04,4,7,0.571,0.011,0,2,0.0,2024-25,Regular Season,Touch 6+ Seconds
1642530,Yuki Kawamura,1610612763,MEM,24.0,22,7,0.3,4,9,0.444,0.556,0.133,2,4,0.5,0.167,2,5,0.4,2024-25,Regular Season,Touch 6+ Seconds
1641712,Rayan Rupert,1610612757,POR,21.0,52,9,0.063,3,9,0.333,0.389,0.042,2,6,0.333,0.021,1,3,0.333,2024-25,Regular Season,Touch 6+ Seconds
1628392,Isaiah Hartenstein,1610612760,OKC,27.0,57,9,0.019,3,9,0.333,0.333,0.019,3,9,0.333,0.0,0,0,,2024-25,Regular Season,Touch 6+ Seconds
1631102,TyTy Washington Jr.,1610612756,PHX,23.0,16,7,0.2,2,9,0.222,0.222,0.133,2,6,0.333,0.067,0,3,0.0,2024-25,Regular Season,Touch 6+ Seconds
201572,Brook Lopez,1610612749,MIL,37.0,80,9,0.012,2,9,0.222,0.222,0.012,2,9,0.222,0.0,0,0,,2024-25,Regular Season,Touch 6+ Seconds
1629162,Jordan McLaughlin,1610612759,SAS,29.0,46,6,0.111,5,8,0.625,0.75,0.056,3,4,0.75,0.056,2,4,0.5,2024-25,Regular Season,Touch 6+ Seconds
1631200,Kris Murray,1610612757,POR,24.0,69,8,0.029,5,8,0.625,0.625,0.029,5,8,0.625,0.0,0,0,,2024-25,Regular Season,Touch 6+ Seconds
1630639,A.J. Lawson,1610612761,TOR,24.0,26,6,0.042,4,8,0.5,0.5,0.042,4,8,0.5,0.0,0,0,,2024-25,Regular Season,Touch 6+ Seconds
1630182,Josh Green,1610612766,CHA,24.0,68,7,0.019,4,8,0.5,0.5,0.019,4,8,0.5,0.0,0,0,,2024-25,Regular Season,Touch 6+ Seconds
1631246,Vince Williams Jr.,1610612763,MEM,24.0,26,8,0.05,3,8,0.375,0.375,0.043,3,7,0.429,0.006,0,1,0.0,2024-25,Regular Season,Touch 6+ Seconds
1628976,Wendell Carter Jr.,1610612753,ORL,26.0,68,8,0.016,3,8,0.375,0.375,0.016,3,8,0.375,0.0,0,0,,2024-25,Regular Season,Touch 6+ Seconds
1630557,Corey Kispert,1610612764,WAS,26.0,61,6,0.014,3,8,0.375,0.375,0.014,3,8,0.375,0.0,0,0,,2024-25,Regular Season,Touch 6+ Seconds
1630531,Jaden Springer,1610612762,UTA,22.0,43,7,0.089,2,8,0.25,0.25,0.078,2,7,0.286,0.011,0,1,0.0,2024-25,Regular Season,Touch 6+ Seconds
1630165,Killian Hayes,1610612751,BKN,23.0,6,5,0.186,2,8,0.25,0.25,0.116,2,5,0.4,0.07,0,3,0.0,2024-25,Regular Season,Touch 6+ Seconds
1630198,Isaiah Joe,1610612760,OKC,25.0,74,7,0.012,4,7,0.571,0.714,0.005,2,3,0.667,0.007,2,4,0.5,2024-25,Regular Season,Touch 6+ Seconds
1628381,John Collins,1610612762,UTA,27.0,40,6,0.013,4,7,0.571,0.571,0.013,4,7,0.571,0.0,0,0,,2024-25,Regular Season,Touch 6+ Seconds
1631165,Keon Ellis,1610612758,SAC,25.0,80,6,0.015,4,7,0.571,0.714,0.004,2,2,1.0,0.011,2,5,0.4,2024-25,Regular Season,Touch 6+ Seconds
1642484,RayJ Dennis,1610612754,IND,24.0,11,4,0.212,3,7,0.429,0.5,0.182,2,6,0.333,0.03,1,1,1.0,2024-25,Regular Season,Touch 6+ Seconds
202692,Alec Burks,1610612748,MIA,33.0,49,7,0.026,3,7,0.429,0.429,0.022,3,6,0.5,0.004,0,1,0.0,2024-25,Regular Season,Touch 6+ Seconds
1641727,Dariq Whitehead,1610612751,BKN,20.0,20,7,0.073,2,7,0.286,0.286,0.052,2,5,0.4,0.021,0,2,0.0,2024-25,Regular Season,Touch 6+ Seconds
201569,Eric Gordon,1610612755,PHI,36.0,39,6,0.034,2,7,0.286,0.286,0.029,2,6,0.333,0.005,0,1,0.0,2024-25,Regular Season,Touch 6+ Seconds
1630167,Obi Toppin,1610612754,IND,27.0,79,7,0.012,2,7,0.286,0.357,0.007,1,4,0.25,0.005,1,3,0.333,2024-25,Regular Season,Touch 6+ Seconds
1630551,Justin Champagnie,1610612764,WAS,24.0,62,7,0.017,2,7,0.286,0.286,0.015,2,6,0.333,0.002,0,1,0.0,2024-25,Regular Season,Touch 6+ Seconds
1631115,Orlando Robinson,1610612761,TOR,24.0,44,7,0.027,1,7,0.143,0.143,0.027,1,7,0.143,0.0,0,0,,2024-25,Regular Season,Touch 6+ Seconds
1631466,Nate Williams,1610612745,HOU,26.0,20,6,0.113,1,7,0.143,0.143,0.097,1,6,0.167,0.016,0,1,0.0,2024-25,Regular Season,Touch 6+ Seconds
1629610,DaQuan Jeffries,1610612766,CHA,27.0,47,6,0.021,4,6,0.667,0.667,0.017,4,5,0.8,0.003,0,1,0.0,2024-25,Regular Season,Touch 6+ Seconds
1627884,Derrick Jones Jr.,1610612746,LAC,28.0,77,6,0.01,3,6,0.5,0.5,0.01,3,6,0.5,0.0,0,0,,2024-25,Regular Season,Touch 6+ Seconds
1630529,Herbert Jones,1610612740,NOP,26.0,20,6,0.035,3,6,0.5,0.5,0.029,3,5,0.6,0.006,0,1,0.0,2024-25,Regular Season,Touch 6+ Seconds
1641796,Pelle Larsson,1610612748,MIA,24.0,55,6,0.03,3,6,0.5,0.583,0.025,2,5,0.4,0.005,1,1,1.0,2024-25,Regular Season,Touch 6+ Seconds
1630692,Jordan Goodwin,1610612747,LAL,26.0,29,5,0.042,2,6,0.333,0.333,0.035,2,5,0.4,0.007,0,1,0.0,2024-25,Regular Season,Touch 6+ Seconds
1630205,Lamar Stevens,1610612763,MEM,27.0,17,5,0.095,2,6,0.333,0.333,0.095,2,6,0.333,0.0,0,0,,2024-25,Regular Season,Touch 6+ Seconds
1630526,Jeremiah Robinson-Earl,1610612740,NOP,24.0,66,6,0.017,1,6,0.167,0.167,0.012,1,4,0.25,0.006,0,2,0.0,2024-25,Regular Season,Touch 6+ Seconds
1627751,Jakob Poeltl,1610612761,TOR,29.0,57,6,0.01,0,6,0.0,0.0,0.01,0,6,0.0,0.0,0,0,,2024-25,Regular Season,Touch 6+ Seconds
1630699,MarJon Beauchamp,1610612752,NYK,24.0,35,5,0.077,4,5,0.8,1.0,0.046,2,3,0.667,0.031,2,2,1.0,2024-25,Regular Season,Touch 6+ Seconds
1629013,Landry Shamet,1610612752,NYK,28.0,49,5,0.022,3,5,0.6,0.7,0.013,2,3,0.667,0.009,1,2,0.5,2024-25,Regular Season,Touch 6+ Seconds
1629750,Javonte Green,1610612739,CLE,31.0,68,4,0.017,3,5,0.6,0.6,0.017,3,5,0.6,0.0,0,0,,2024-25,Regular Season,Touch 6+ Seconds
1631098,Johnny Davis,1610612764,WAS,23.0,34,4,0.064,2,5,0.4,0.4,0.064,2,5,0.4,0.0,0,0,,2024-25,Regular Season,Touch 6+ Seconds
1631172,Ousmane Dieng,1610612760,OKC,22.0,37,5,0.04,2,5,0.4,0.4,0.032,2,4,0.5,0.008,0,1,0.0,2024-25,Regular Season,Touch 6+ Seconds
1630539,Kai Jones,1610612742,DAL,24.0,40,5,0.046,2,5,0.4,0.4,0.037,2,4,0.5,0.009,0,1,0.0,2024-25,Regular Season,Touch 6+ Seconds
1631133,Jabari Walker,1610612757,POR,22.0,60,5,0.022,2,5,0.4,0.4,0.022,2,5,0.4,0.0,0,0,,2024-25,Regular Season,Touch 6+ Seconds
1641744,Zach Edey,1610612763,MEM,23.0,65,5,0.012,1,5,0.2,0.2,0.012,1,5,0.2,0.0,0,0,,2024-25,Regular Season,Touch 6+ Seconds
1630528,Josh Christopher,1610612748,MIA,23.0,14,4,0.161,1,5,0.2,0.2,0.129,1,4,0.25,0.032,0,1,0.0,2024-25,Regular Season,Touch 6+ Seconds
1630585,Marcus Garrett,1610612766,CHA,26.0,4,2,0.185,1,5,0.2,0.2,0.185,1,5,0.2,0.0,0,0,,2024-25,Regular Season,Touch 6+ Seconds
201143,Al Horford,1610612738,BOS,39.0,60,5,0.011,1,5,0.2,0.2,0.011,1,5,0.2,0.0,0,0,,2024-25,Regular Season,Touch 6+ Seconds
202066,Garrett Temple,1610612761,TOR,39.0,28,3,0.083,1,5,0.2,0.2,0.067,1,4,0.25,0.017,0,1,0.0,2024-25,Regular Season,Touch 6+ Seconds
1631218,Trayce Jackson-Davis,1610612744,GSW,25.0,62,5,0.017,1,5,0.2,0.2,0.017,1,5,0.2,0.0,0,0,,2024-25,Regular Season,Touch 6+ Seconds
1630577,Julian Champagnie,1610612759,SAS,24.0,82,5,0.008,1,5,0.2,0.2,0.006,1,4,0.25,0.002,0,1,0.0,2024-25,Regular Season,Touch 6+ Seconds
201988,Patty Mills,1610612746,LAC,36.0,29,4,0.052,0,5,0.0,0.0,0.01,0,1,0.0,0.042,0,4,0.0,2024-25,Regular Season,Touch 6+ Seconds
1629006,Josh Okogie,1610612766,CHA,26.0,40,5,0.024,0,5,0.0,0.0,0.019,0,4,0.0,0.005,0,1,0.0,2024-25,Regular Season,Touch 6+ Seconds
1641734,Emoni Bates,1610612739,CLE,21.0,10,1,0.105,3,4,0.75,0.875,0.053,2,2,1.0,0.053,1,2,0.5,2024-25,Regular Season,Touch 6+ Seconds
1630572,Sandro Mamukelashvili,1610612759,SAS,26.0,61,4,0.014,3,4,0.75,0.75,0.014,3,4,0.75,0.0,0,0,,2024-25,Regular Season,Touch 6+ Seconds
1631288,Jamal Cain,1610612740,NOP,26.0,37,4,0.025,3,4,0.75,0.875,0.019,2,3,0.667,0.006,1,1,1.0,2024-25,Regular Season,Touch 6+ Seconds
1631255,Karlo Matković,1610612740,NOP,24.0,42,4,0.017,3,4,0.75,0.75,0.017,3,4,0.75,0.0,0,0,,2024-25,Regular Season,Touch 6+ Seconds
1631197,Jared Rhoden,1610612761,TOR,25.0,14,4,0.046,2,4,0.5,0.5,0.034,2,3,0.667,0.011,0,1,0.0,2024-25,Regular Season,Touch 6+ Seconds
1629001,De'Anthony Melton,1610612751,BKN,27.0,6,4,0.074,2,4,0.5,0.5,0.056,2,3,0.667,0.019,0,1,0.0,2024-25,Regular Season,Touch 6+ Seconds
1627777,Georges Niang,1610612737,ATL,32.0,79,4,0.006,2,4,0.5,0.625,0.005,1,3,0.333,0.002,1,1,1.0,2024-25,Regular Season,Touch 6+ Seconds
1628963,Marvin Bagley III,1610612763,MEM,26.0,31,4,0.038,2,4,0.5,0.5,0.038,2,4,0.5,0.0,0,0,,2024-25,Regular Season,Touch 6+ Seconds
1641745,Adam Flagler,1610612760,OKC,25.0,37,4,0.042,2,4,0.5,0.5,0.042,2,4,0.5,0.0,0,0,,2024-25,Regular Season,Touch 6+ Seconds
1631323,Simone Fontecchio,1610612765,DET,29.0,75,4,0.011,2,4,0.5,0.5,0.005,2,2,1.0,0.005,0,2,0.0,2024-25,Regular Season,Touch 6+ Seconds
1626167,Myles Turner,1610612754,IND,29.0,72,4,0.005,1,4,0.25,0.25,0.004,1,3,0.333,0.001,0,1,0.0,2024-25,Regular Season,Touch 6+ Seconds
1641989,Elijah Harkless,1610612762,UTA,25.0,10,3,0.114,1,4,0.25,0.375,0.057,0,2,0.0,0.057,1,2,0.5,2024-25,Regular Season,Touch 6+ Seconds
1641721,Maxwell Lewis,1610612751,BKN,22.0,28,4,0.037,1,4,0.25,0.25,0.037,1,4,0.25,0.0,0,0,,2024-25,Regular Season,Touch 6+ Seconds
1642285,Cam Spencer,1610612763,MEM,25.0,25,1,0.049,1,4,0.25,0.25,0.024,1,2,0.5,0.024,0,2,0.0,2024-25,Regular Season,Touch 6+ Seconds
1641772,Nae'Qwan Tomlin,1610612739,CLE,24.0,5,2,0.125,1,4,0.25,0.25,0.094,1,3,0.333,0.031,0,1,0.0,2024-25,Regular Season,Touch 6+ Seconds
1630171,Isaac Okoro,1610612739,CLE,24.0,55,3,0.015,1,4,0.25,0.25,0.015,1,4,0.25,0.0,0,0,,2024-25,Regular Season,Touch 6+ Seconds
1630545,Terrence Shannon Jr.,1610612750,MIN,24.0,32,4,0.035,1,4,0.25,0.25,0.035,1,4,0.25,0.0,0,0,,2024-25,Regular Season,Touch 6+ Seconds
202684,Tristan Thompson,1610612739,CLE,34.0,40,4,0.056,1,4,0.25,0.25,0.042,1,3,0.333,0.014,0,1,0.0,2024-25,Regular Season,Touch 6+ Seconds
1630322,Lindy Waters III,1610612765,DET,27.0,52,4,0.016,1,4,0.25,0.25,0.008,1,2,0.5,0.008,0,2,0.0,2024-25,Regular Season,Touch 6+ Seconds
201145,Jeff Green,1610612745,HOU,38.0,32,3,0.025,3,3,1.0,1.0,0.025,3,3,1.0,0.0,0,0,,2024-25,Regular Season,Touch 6+ Seconds
1630222,Mason Jones,1610612758,SAC,26.0,10,3,0.167,2,3,0.667,0.667,0.111,2,2,1.0,0.056,0,1,0.0,2024-25,Regular Season,Touch 6+ Seconds
1629048,Goga Bitadze,1610612753,ORL,25.0,70,3,0.009,2,3,0.667,0.667,0.009,2,3,0.667,0.0,0,0,,2024-25,Regular Season,Touch 6+ Seconds
1627814,Damion Lee,1610612756,PHX,32.0,25,3,0.041,2,3,0.667,0.667,0.041,2,3,0.667,0.0,0,0,,2024-25,Regular Season,Touch 6+ Seconds
1630573,Sam Hauser,1610612738,BOS,27.0,71,3,0.006,2,3,0.667,1.0,0.0,0,0,,0.006,2,3,0.667,2024-25,Regular Season,Touch 6+ Seconds
1630194,Paul Reed,1610612765,DET,26.0,45,3,0.021,2,3,0.667,0.667,0.014,2,2,1.0,0.007,0,1,0.0,2024-25,Regular Season,Touch 6+ Seconds
1630534,Ochai Agbaji,1610612761,TOR,25.0,64,3,0.006,1,3,0.333,0.333,0.004,1,2,0.5,0.002,0,1,0.0,2024-25,Regular Season,Touch 6+ Seconds
1641738,Kobe Brown,1610612746,LAC,25.0,40,3,0.042,1,3,0.333,0.333,0.042,1,3,0.333,0.0,0,0,,2024-25,Regular Season,Touch 6+ Seconds
1631123,Jamaree Bouyea,1610612749,MIL,26.0,5,1,0.25,1,3,0.333,0.5,0.083,0,1,0.0,0.167,1,2,0.5,2024-25,Regular Season,Touch 6+ Seconds
1641774,Tristan Vukcevic,1610612764,WAS,22.0,35,2,0.012,1,3,0.333,0.333,0.012,1,3,0.333,0.0,0,0,,2024-25,Regular Season,Touch 6+ Seconds
1626220,Royce O'Neale,1610612756,PHX,32.0,75,3,0.005,1,3,0.333,0.333,0.005,1,3,0.333,0.0,0,0,,2024-25,Regular Season,Touch 6+ Seconds
1629655,Daniel Gafford,1610612742,DAL,26.0,57,3,0.007,1,3,0.333,0.333,0.007,1,3,0.333,0.0,0,0,,2024-25,Regular Season,Touch 6+ Seconds
1626172,Kevon Looney,1610612744,GSW,29.0,76,3,0.011,1,3,0.333,0.333,0.011,1,3,0.333,0.0,0,0,,2024-25,Regular Season,Touch 6+ Seconds
1631117,Walker Kessler,1610612762,UTA,23.0,58,3,0.007,1,3,0.333,0.333,0.007,1,3,0.333,0.0,0,0,,2024-25,Regular Season,Touch 6+ Seconds
1629028,Deandre Ayton,1610612757,POR,26.0,40,3,0.006,1,3,0.333,0.333,0.006,1,3,0.333,0.0,0,0,,2024-25,Regular Season,Touch 6+ Seconds
1641803,Tristen Newton,1610612750,MIN,24.0,8,3,0.375,1,3,0.333,0.333,0.375,1,3,0.333,0.0,0,0,,2024-25,Regular Season,Touch 6+ Seconds
203500,Steven Adams,1610612745,HOU,31.0,58,2,0.018,0,3,0.0,0.0,0.018,0,3,0.0,0.0,0,0,,2024-25,Regular Season,Touch 6+ Seconds
1631121,Bryce McGowens,1610612757,POR,22.0,13,2,0.214,0,3,0.0,0.0,0.143,0,2,0.0,0.071,0,1,0.0,2024-25,Regular Season,Touch 6+ Seconds
203083,Andre Drummond,1610612755,PHI,31.0,40,3,0.013,0,3,0.0,0.0,0.013,0,3,0.0,0.0,0,0,,2024-25,Regular Season,Touch 6+ Seconds
1631232,Keion Brooks Jr.,1610612740,NOP,24.0,14,3,0.028,0,3,0.0,0.0,0.028,0,3,0.0,0.0,0,0,,2024-25,Regular Season,Touch 6+ Seconds
1641775,Jordan Walsh,1610612738,BOS,21.0,52,2,0.024,2,2,1.0,1.0,0.024,2,2,1.0,0.0,0,0,,2024-25,Regular Season,Touch 6+ Seconds
1630191,Isaiah Stewart,1610612765,DET,24.0,72,2,0.006,2,2,1.0,1.0,0.006,2,2,1.0,0.0,0,0,,2024-25,Regular Season,Touch 6+ Seconds
1641767,Ben Sheppard,1610612754,IND,23.0,63,2,0.007,2,2,1.0,1.0,0.007,2,2,1.0,0.0,0,0,,2024-25,Regular Season,Touch 6+ Seconds
1641748,Andre Jackson Jr.,1610612749,MIL,23.0,67,2,0.01,1,2,0.5,0.5,0.01,1,2,0.5,0.0,0,0,,2024-25,Regular Season,Touch 6+ Seconds
1642276,Kel'el Ware,1610612748,MIA,21.0,64,2,0.004,1,2,0.5,0.5,0.004,1,2,0.5,0.0,0,0,,2024-25,Regular Season,Touch 6+ Seconds
1628386,Jarrett Allen,1610612739,CLE,27.0,82,2,0.003,1,2,0.5,0.5,0.003,1,2,0.5,0.0,0,0,,2024-25,Regular Season,Touch 6+ Seconds
201599,DeAndre Jordan,1610612743,DEN,36.0,56,2,0.014,1,2,0.5,0.5,0.014,1,2,0.5,0.0,0,0,,2024-25,Regular Season,Touch 6+ Seconds
1631166,Drew Timme,1610612751,BKN,24.0,9,2,0.02,1,2,0.5,0.5,0.02,1,2,0.5,0.0,0,0,,2024-25,Regular Season,Touch 6+ Seconds
1642345,Oso Ighodaro,1610612756,PHX,22.0,61,2,0.011,1,2,0.5,0.5,0.011,1,2,0.5,0.0,0,0,,2024-25,Regular Season,Touch 6+ Seconds
1641789,Jazian Gortman,1610612742,DAL,22.0,16,1,0.087,1,2,0.5,0.5,0.087,1,2,0.5,0.0,0,0,,2024-25,Regular Season,Touch 6+ Seconds
1631248,Baylor Scheierman,1610612738,BOS,24.0,31,2,0.018,1,2,0.5,0.75,0.009,0,1,0.0,0.009,1,1,1.0,2024-25,Regular Season,Touch 6+ Seconds
1641809,Drew Peterson,1610612738,BOS,25.0,25,2,0.049,1,2,0.5,0.5,0.049,1,2,0.5,0.0,0,0,,2024-25,Regular Season,Touch 6+ Seconds
1630762,Phillip Wheeler,1610612755,PHI,23.0,5,1,0.095,1,2,0.5,0.5,0.048,1,1,1.0,0.048,0,1,0.0,2024-25,Regular Season,Touch 6+ Seconds
203914,Gary Harris,1610612753,ORL,30.0,48,2,0.015,1,2,0.5,0.5,0.015,1,2,0.5,0.0,0,0,,2024-25,Regular Season,Touch 6+ Seconds
1630537,Chris Duarte,1610612741,CHI,28.0,17,1,0.077,1,2,0.5,0.5,0.077,1,2,0.5,0.0,0,0,,2024-25,Regular Season,Touch 6+ Seconds
1630231,KJ Martin,1610612762,UTA,24.0,43,2,0.01,1,2,0.5,0.5,0.01,1,2,0.5,0.0,0,0,,2024-25,Regular Season,Touch 6+ Seconds
203497,Rudy Gobert,1610612750,MIN,33.0,72,2,0.004,1,2,0.5,0.5,0.004,1,2,0.5,0.0,0,0,,2024-25,Regular Season,Touch 6+ Seconds
1630174,Aaron Nesmith,1610612754,IND,25.0,45,2,0.005,0,2,0.0,0.0,0.003,0,1,0.0,0.003,0,1,0.0,2024-25,Regular Season,Touch 6+ Seconds
1626168,Trey Lyles,1610612758,SAC,29.0,69,2,0.005,0,2,0.0,0.0,0.005,0,2,0.0,0.0,0,0,,2024-25,Regular Season,Touch 6+ Seconds
1626196,Josh Richardson,1610612748,MIA,31.0,8,2,0.053,0,2,0.0,0.0,0.053,0,2,0.0,0.0,0,0,,2024-25,Regular Season,Touch 6+ Seconds
1630623,Tyson Etienne,1610612751,BKN,25.0,7,2,0.038,0,2,0.0,0.0,0.019,0,1,0.0,0.019,0,1,0.0,2024-25,Regular Season,Touch 6+ Seconds
1641798,Jaylen Martin,1610612764,WAS,21.0,16,2,0.027,0,2,0.0,0.0,0.027,0,2,0.0,0.0,0,0,,2024-25,Regular Season,Touch 6+ Seconds
1629622,Max Strus,1610612739,CLE,29.0,50,2,0.005,0,2,0.0,0.0,0.003,0,1,0.0,0.003,0,1,0.0,2024-25,Regular Season,Touch 6+ Seconds
1631169,Josh Minott,1610612750,MIN,22.0,46,2,0.022,0,2,0.0,0.0,0.022,0,2,0.0,0.0,0,0,,2024-25,Regular Season,Touch 6+ Seconds
1642353,Cam Christie,1610612746,LAC,19.0,13,2,0.083,0,2,0.0,0.0,0.0,0,0,,0.083,0,2,0.0,2024-25,Regular Season,Touch 6+ Seconds
1630658,Colin Castleton,1610612761,TOR,25.0,26,2,0.02,0,2,0.0,0.0,0.02,0,2,0.0,0.0,0,0,,2024-25,Regular Season,Touch 6+ Seconds
1627780,Gary Payton II,1610612744,GSW,32.0,62,1,0.007,0,2,0.0,0.0,0.007,0,2,0.0,0.0,0,0,,2024-25,Regular Season,Touch 6+ Seconds
1642274,Yves Missi,1610612740,NOP,21.0,73,2,0.004,0,2,0.0,0.0,0.004,0,2,0.0,0.0,0,0,,2024-25,Regular Season,Touch 6+ Seconds
203486,Mason Plumlee,1610612756,PHX,35.0,74,2,0.01,0,2,0.0,0.0,0.01,0,2,0.0,0.0,0,0,,2024-25,Regular Season,Touch 6+ Seconds
1629684,Grant Williams,1610612766,CHA,26.0,16,2,0.016,0,2,0.0,0.0,0.016,0,2,0.0,0.0,0,0,,2024-25,Regular Season,Touch 6+ Seconds
1629312,Haywood Highsmith,1610612748,MIA,28.0,74,2,0.005,0,2,0.0,0.0,0.005,0,2,0.0,0.0,0,0,,2024-25,Regular Season,Touch 6+ Seconds
1641737,Adem Bona,1610612755,PHI,22.0,58,1,0.005,1,1,1.0,1.0,0.005,1,1,1.0,0.0,0,0,,2024-25,Regular Season,Touch 6+ Seconds
1630611,Gui Santos,1610612744,GSW,23.0,56,1,0.006,1,1,1.0,1.0,0.006,1,1,1.0,0.0,0,0,,2024-25,Regular Season,Touch 6+ Seconds
1631119,Jaylin Williams,1610612760,OKC,23.0,47,1,0.005,1,1,1.0,1.0,0.005,1,1,1.0,0.0,0,0,,2024-25,Regular Season,Touch 6+ Seconds
1631250,Pete Nance,1610612749,MIL,25.0,13,1,0.031,1,1,1.0,1.0,0.031,1,1,1.0,0.0,0,0,,2024-25,Regular Season,Touch 6+ Seconds
1628436,Luke Kornet,1610612738,BOS,29.0,73,1,0.004,1,1,1.0,1.0,0.004,1,1,1.0,0.0,0,0,,2024-25,Regular Season,Touch 6+ Seconds
1629234,Drew Eubanks,1610612746,LAC,28.0,61,1,0.005,1,1,1.0,1.0,0.005,1,1,1.0,0.0,0,0,,2024-25,Regular Season,Touch 6+ Seconds
201567,Kevin Love,1610612748,MIA,36.0,23,1,0.009,1,1,1.0,1.0,0.009,1,1,1.0,0.0,0,0,,2024-25,Regular Season,Touch 6+ Seconds
1642280,Trentyn Flowers,1610612746,LAC,20.0,6,1,0.091,1,1,1.0,1.0,0.091,1,1,1.0,0.0,0,0,,2024-25,Regular Season,Touch 6+ Seconds
1642443,Jahmir Young,1610612741,CHI,24.0,6,1,0.2,1,1,1.0,1.0,0.2,1,1,1.0,0.0,0,0,,2024-25,Regular Season,Touch 6+ Seconds
1631321,Sidy Cissoko,1610612757,POR,21.0,22,1,0.033,1,1,1.0,1.0,0.033,1,1,1.0,0.0,0,0,,2024-25,Regular Season,Touch 6+ Seconds
1627827,Dorian Finney-Smith,1610612747,LAL,32.0,63,1,0.002,1,1,1.0,1.0,0.002,1,1,1.0,0.0,0,0,,2024-25,Regular Season,Touch 6+ Seconds
1631301,Jaylen Sims,1610612766,CHA,26.0,6,1,0.036,1,1,1.0,1.5,0.0,0,0,,0.036,1,1,1.0,2024-25,Regular Season,Touch 6+ Seconds
1631230,Dominick Barlow,1610612737,ATL,22.0,35,1,0.009,1,1,1.0,1.0,0.009,1,1,1.0,0.0,0,0,,2024-25,Regular Season,Touch 6+ Seconds
1631216,Caleb Houstan,1610612753,ORL,22.0,58,1,0.005,1,1,1.0,1.5,0.0,0,0,,0.005,1,1,1.0,2024-25,Regular Season,Touch 6+ Seconds
1628371,Jonathan Isaac,1610612753,ORL,27.0,71,1,0.003,1,1,1.0,1.0,0.003,1,1,1.0,0.0,0,0,,2024-25,Regular Season,Touch 6+ Seconds
1631159,Leonard Miller,1610612750,MIN,21.0,13,1,0.067,1,1,1.0,1.0,0.067,1,1,1.0,0.0,0,0,,2024-25,Regular Season,Touch 6+ Seconds
1630643,Jay Huff,1610612763,MEM,27.0,64,1,0.003,1,1,1.0,1.0,0.003,1,1,1.0,0.0,0,0,,2024-25,Regular Season,Touch 6+ Seconds
1631132,Christian Koloko,1610612747,LAL,25.0,37,1,0.015,1,1,1.0,1.0,0.015,1,1,1.0,0.0,0,0,,2024-25,Regular Season,Touch 6+ Seconds
1631210,Jacob Toppin,1610612737,ATL,25.0,17,1,0.045,1,1,1.0,1.0,0.045,1,1,1.0,0.0,0,0,,2024-25,Regular Season,Touch 6+ Seconds
1642346,Ryan Dunn,1610612756,PHX,22.0,74,1,0.002,1,1,1.0,1.0,0.002,1,1,1.0,0.0,0,0,,2024-25,Regular Season,Touch 6+ Seconds
1630168,Onyeka Okongwu,1610612737,ATL,24.0,74,1,0.001,1,1,1.0,1.0,0.001,1,1,1.0,0.0,0,0,,2024-25,Regular Season,Touch 6+ Seconds
1631303,Justin Minaya,1610612757,POR,26.0,19,1,0.048,1,1,1.0,1.0,0.048,1,1,1.0,0.0,0,0,,2024-25,Regular Season,Touch 6+ Seconds
1629674,Neemias Queta,1610612738,BOS,25.0,62,1,0.005,0,1,0.0,0.0,0.005,0,1,0.0,0.0,0,0,,2024-25,Regular Season,Touch 6+ Seconds
1630550,JT Thor,1610612764,WAS,22.0,20,1,0.017,0,1,0.0,0.0,0.017,0,1,0.0,0.0,0,0,,2024-25,Regular Season,Touch 6+ Seconds
1630579,Jericho Sims,1610612749,MIL,26.0,53,1,0.014,0,1,0.0,0.0,0.014,0,1,0.0,0.0,0,0,,2024-25,Regular Season,Touch 6+ Seconds
1641730,Noah Clowney,1610612751,BKN,20.0,46,1,0.003,0,1,0.0,0.0,0.003,0,1,0.0,0.0,0,0,,2024-25,Regular Season,Touch 6+ Seconds
1629111,Jock Landale,1610612745,HOU,29.0,42,1,0.007,0,1,0.0,0.0,0.0,0,0,,0.007,0,1,0.0,2024-25,Regular Season,Touch 6+ Seconds
1642359,Pacôme Dadiet,1610612752,NYK,19.0,18,1,0.032,0,1,0.0,0.0,0.032,0,1,0.0,0.0,0,0,,2024-25,Regular Season,Touch 6+ Seconds
1641707,Taylor Hendricks,1610612762,UTA,21.0,3,1,0.056,0,1,0.0,0.0,0.056,0,1,0.0,0.0,0,0,,2024-25,Regular Season,Touch 6+ Seconds
1630264,Anthony Gill,1610612764,WAS,32.0,51,1,0.011,0,1,0.0,0.0,0.011,0,1,0.0,0.0,0,0,,2024-25,Regular Season,Touch 6+ Seconds
204060,Joe Ingles,1610612750,MIN,37.0,19,1,0.043,0,1,0.0,0.0,0.0,0,0,,0.043,0,1,0.0,2024-25,Regular Season,Touch 6+ Seconds
1630644,Mac McClung,1610612753,ORL,26.0,2,1,0.5,0,1,0.0,0.0,0.5,0,1,0.0,0.0,0,0,,2024-25,Regular Season,Touch 6+ Seconds
1641816,Hunter Tyson,1610612743,DEN,25.0,51,1,0.008,0,1,0.0,0.0,0.0,0,0,,0.008,0,1,0.0,2024-25,Regular Season,Touch 6+ Seconds
1641815,Isaiah Stevens,1610612748,MIA,24.0,3,1,0.5,0,1,0.0,0.0,0.0,0,0,,0.5,0,1,0.0,2024-25,Regular Season,Touch 6+ Seconds
1642366,Quinten Post,1610612744,GSW,25.0,42,1,0.004,0,1,0.0,0.0,0.004,0,1,0.0,0.0,0,0,,2024-25,Regular Season,Touch 6+ Seconds
1628470,Torrey Craig,1610612738,BOS,34.0,26,1,0.011,0,1,0.0,0.0,0.011,0,1,0.0,0.0,0,0,,2024-25,Regular Season,Touch 6+ Seconds
1642384,Isaiah Crawford,1610612758,SAC,23.0,15,1,0.091,0,1,0.0,0.0,0.091,0,1,0.0,0.0,0,0,,2024-25,Regular Season,Touch 6+ Seconds
203967,Dario Saric,1610612743,DEN,31.0,16,1,0.018,0,1,0.0,0.0,0.018,0,1,0.0,0.0,0,0,,2024-25,Regular Season,Touch 6+ Seconds
1628418,Thomas Bryant,1610612754,IND,27.0,66,1,0.003,0,1,0.0,0.0,0.003,0,1,0.0,0.0,0,0,,2024-25,Regular Season,Touch 6+ Seconds
1630568,Luka Garza,1610612750,MIN,26.0,39,1,0.01,0,1,0.0,0.0,0.01,0,1,0.0,0.0,0,0,,2024-25,Regular Season,Touch 6+ Seconds
1630241,Sam Merrill,1610612739,CLE,29.0,71,1,0.002,0,1,0.0,0.0,0.002,0,1,0.0,0.0,0,0,,2024-25,Regular Season,Touch 6+ Seconds
1641755,Kevin McCullar Jr.,1610612752,NYK,24.0,4,1,0.143,0,1,0.0,0.0,0.143,0,1,0.0,0.0,0,0,,2024-25,Regular Season,Touch 6+ Seconds
1631109,Mark Williams,1610612766,CHA,23.0,44,1,0.002,0,1,0.0,0.0,0.002,0,1,0.0,0.0,0,0,,2024-25,Regular Season,Touch 6+ Seconds
1630549,Day'Ron Sharpe,1610612751,BKN,23.0,50,1,0.003,0,1,0.0,0.0,0.003,0,1,0.0,0.0,0,0,,2024-25,Regular Season,Touch 6+ Seconds
1629723,John Konchar,1610612763,MEM,29.0,46,1,0.011,0,1,0.0,0.0,0.011,0,1,0.0,0.0,0,0,,2024-25,Regular Season,Touch 6+ Seconds
1630208,Nick Richards,1610612756,PHX,27.0,57,1,0.003,0,1,0.0,0.0,0.003,0,1,0.0,0.0,0,0,,2024-25,Regular Season,Touch 6+ Seconds
1630561,David Duke Jr.,1610612759,SAS,25.0,6,1,0.071,0,1,0.0,0.0,0.071,0,1,0.0,0.0,0,0,,2024-25,Regular Season,Touch 6+ Seconds
1631306,Cole Swider,1610612754,IND,26.0,10,1,0.016,0,1,0.0,0.0,0.016,0,1,0.0,0.0,0,0,,2024-25,Regular Season,Touch 6+ Seconds
1641753,Chris Livingston,1610612749,MIL,21.0,21,1,0.037,0,1,0.0,0.0,0.037,0,1,0.0,0.0,0,0,,2024-25,Regular Season,Touch 6+ Seconds
1642403,Isaac Jones,1610612758,SAC,24.0,40,1,0.012,0,1,0.0,0.0,0.012,0,1,0.0,0.0,0,0,,2024-25,Regular Season,Touch 6+ Seconds
1629056,Terence Davis,1610612758,SAC,28.0,1,1,0.5,0,1,0.0,0.0,0.5,0,1,0.0,0.0,0,0,,2024-25,Regular Season,Touch 6+ Seconds
1630201,Malachi Flynn,1610612759,SAS,27.0,4,1,0.077,0,1,0.0,0.0,0.077,0,1,0.0,0.0,0,0,,2024-25,Regular Season,Touch 6+ Seconds
1628380,Zach Collins,1610612741,CHI,27.0,64,1,0.003,0,1,0.0,0.0,0.003,0,1,0.0,0.0,0,0,,2024-25,Regular Season,Touch 6+ Seconds
