PLAYER_ID,PLAYER_NAME,NICKNAME,TEAM_ID,TEAM_ABBREVIATION,AGE,GP,W,L,W_PCT,MIN,DEF_RATING,DREB,DREB_PCT,PCT_DREB,STL,PCT_STL,BLK,PCT_BLK,OPP_PTS_OFF_TOV,OPP_PTS_2ND_CHANCE,OPP_PTS_FB,OPP_PTS_PAINT,DEF_WS,DEF_WS_RAW,GP_RANK,W_RANK,L_RANK,W_PCT_RANK,MIN_RANK,DEF_RATING_RANK,DREB_RANK,DREB_PCT_RANK,PCT_DREB_RANK,STL_RANK,PCT_STL_RANK,BLK_RANK,PCT_BLK_RANK,OPP_PTS_OFF_TOV_RANK,OPP_PTS_2ND_CHANCE_RANK,OPP_PTS_FB_RANK,OPP_PTS_PAINT_RANK,DEF_WS_RANK,SEASON,SEASON_TYPE,MEASURE_TYPE
1630639,A.J. Lawson,A.J.,1610612761,TOR,24.0,26,14,12,0.538,18.7,111.1,2.5,0.128,0.199,0.5,0.153,0.2,0.154,6.8,6.5,7.0,20.0,0.064,0.06433510156297588,424,364,146,239,305,277,258,249,241,355,414,330,284,271,327,322,290,232,2024-25,Regular Season,Defense
1631260,AJ Green,AJ,1610612749,MIL,25.0,73,44,29,0.603,22.7,107.6,2.1,0.087,0.126,0.5,0.141,0.1,0.048,7.5,5.9,6.6,21.6,0.1,0.09966000249231494,86,62,362,164,220,122,326,442,465,352,447,467,494,298,288,298,317,76,2024-25,Regular Season,Defense
1642358,AJ Johnson,AJ,1610612764,WAS,20.0,29,8,21,0.276,22.0,115.6,1.8,0.073,0.118,0.4,0.132,0.1,0.049,8.3,8.2,8.3,23.8,0.045,0.04471994674397278,412,445,253,473,232,453,372,515,505,402,467,449,491,338,426,400,357,352,2024-25,Regular Season,Defense
203932,Aaron Gordon,Aaron,1610612743,DEN,29.0,51,33,18,0.647,28.4,113.0,3.3,0.109,0.164,0.5,0.096,0.3,0.121,10.9,8.0,9.3,30.6,0.08,0.07986969928601508,275,166,211,101,120,344,163,340,348,382,529,290,354,472,418,453,473,153,2024-25,Regular Season,Defense
1628988,Aaron Holiday,Aaron,1610612745,HOU,28.0,62,39,23,0.629,12.8,103.6,1.0,0.073,0.108,0.3,0.141,0.2,0.12,4.6,3.8,3.6,12.8,0.074,0.07361931075152314,192,100,283,124,403,58,456,513,523,453,445,385,358,158,163,137,160,175,2024-25,Regular Season,Defense
1630174,Aaron Nesmith,Aaron,1610612754,IND,25.0,45,29,16,0.644,24.9,111.5,3.1,0.118,0.184,0.8,0.177,0.4,0.137,6.9,7.6,6.4,26.3,0.081,0.08094584242018366,318,212,189,102,182,295,179,286,277,210,331,231,321,278,397,291,403,147,2024-25,Regular Season,Defense
1630598,Aaron Wiggins,Aaron,1610612760,OKC,26.0,76,62,14,0.816,22.9,106.6,2.8,0.113,0.176,0.8,0.156,0.2,0.098,5.7,7.9,5.4,21.4,0.107,0.10744872177052145,51,4,168,25,216,97,218,318,301,205,402,327,402,218,413,235,315,63,2024-25,Regular Season,Defense
1641745,Adam Flagler,Adam,1610612760,OKC,25.0,37,34,3,0.919,5.5,96.7,0.5,0.086,0.127,0.2,0.211,0.1,0.158,1.5,1.6,1.2,4.5,0.041,0.040736938182157977,361,157,39,11,519,28,531,453,462,492,227,478,278,25,50,34,37,388,2024-25,Regular Season,Defense
1641766,Adama Sanogo,Adama,1610612741,CHI,23.0,4,2,2,0.5,5.4,122.2,0.3,0.053,0.071,0.0,0.0,0.0,0.0,3.3,1.8,1.8,4.0,0.001,0.0008230907093944234,541,525,23,266,520,553,559,555,558,541,541,519,519,99,59,54,27,554,2024-25,Regular Season,Defense
1641737,Adem Bona,Adem,1610612755,PHI,22.0,58,12,46,0.207,15.6,114.0,2.6,0.164,0.258,0.4,0.166,1.2,0.6,5.9,5.3,5.2,15.8,0.04,0.03978238158354081,223,393,533,518,357,392,245,143,124,383,368,30,13,232,252,230,214,395,2024-25,Regular Season,Defense
1642349,Ajay Mitchell,Ajay,1610612760,OKC,23.0,36,31,5,0.861,16.6,100.2,1.4,0.08,0.118,0.7,0.175,0.1,0.074,3.6,4.4,3.3,14.2,0.106,0.10636214205298228,370,186,64,15,339,37,418,491,503,248,342,443,451,115,197,121,189,65,2024-25,Regular Season,Defense
201143,Al Horford,Al,1610612738,BOS,39.0,60,44,16,0.733,27.6,108.1,4.8,0.165,0.24,0.6,0.159,0.9,0.283,6.8,6.7,7.7,26.7,0.117,0.11709365043795478,206,62,189,61,134,140,66,140,158,303,391,67,132,273,342,368,408,40,2024-25,Regular Season,Defense
202692,Alec Burks,Alec,1610612748,MIA,33.0,49,26,23,0.531,17.6,107.6,2.2,0.119,0.178,0.6,0.207,0.1,0.106,5.5,4.6,5.4,18.1,0.077,0.0770486375140825,293,240,283,247,320,126,313,279,297,319,241,420,385,208,209,236,257,160,2024-25,Regular Season,Defense
1627936,Alex Caruso,Alex,1610612760,OKC,31.0,54,44,10,0.815,19.3,102.5,2.2,0.108,0.171,1.6,0.341,0.6,0.214,5.3,6.1,4.6,15.5,0.114,0.11395707604526607,258,62,117,26,288,48,310,346,317,15,26,127,198,192,305,198,211,47,2024-25,Regular Season,Defense
1642505,Alex Ducas,Alex,1610612760,OKC,24.0,21,20,1,0.952,6.0,106.3,0.8,0.119,0.17,0.2,0.238,0.0,0.0,1.5,1.8,1.8,5.5,0.029,0.0288228248678608,445,296,10,10,514,92,499,282,322,481,154,519,519,24,63,62,50,469,2024-25,Regular Season,Defense
203458,Alex Len,Alex,1610612747,LAL,32.0,46,21,25,0.457,8.3,118.9,1.2,0.142,0.225,0.2,0.176,0.5,0.512,2.9,2.9,2.4,7.7,0.009,0.009480317787975505,307,280,300,333,477,531,436,202,181,498,334,181,31,82,113,89,80,544,2024-25,Regular Season,Defense
1642024,Alex Reese,Alex,1610612755,PHI,26.0,15,4,11,0.267,14.4,111.8,2.5,0.161,0.25,0.7,0.244,0.7,0.333,3.4,5.2,4.2,14.8,0.048,0.04843791947920686,476,493,128,480,380,308,261,147,138,259,135,96,100,108,245,182,200,330,2024-25,Regular Season,Defense
1642259,Alex Sarr,Alex,1610612764,WAS,20.0,67,13,54,0.194,27.1,116.4,4.6,0.158,0.246,0.7,0.14,1.5,0.474,10.6,9.7,10.1,30.4,0.05,0.05040511408378025,147,382,557,527,144,478,75,159,145,270,449,14,50,466,522,486,469,317,2024-25,Regular Season,Defense
1631214,Alondes Williams,Alondes,1610612746,LAC,26.0,1,0,1,0.0,3.7,85.7,0.0,0.0,0.0,0.0,0.0,0.0,0.0,2.0,4.0,2.0,4.0,0.036,0.036245011610886425,562,557,10,557,549,11,564,564,564,541,541,519,519,38,181,67,27,424,2024-25,Regular Season,Defense
1630578,Alperen Sengun,Alperen,1610612745,HOU,22.0,76,52,24,0.684,31.5,107.4,6.9,0.21,0.307,1.1,0.206,0.8,0.257,9.9,8.8,9.3,31.7,0.139,0.13911137234403195,51,19,291,77,80,115,21,52,62,76,246,73,153,431,470,455,495,12,2024-25,Regular Season,Defense
1641708,Amen Thompson,Amen,1610612745,HOU,22.0,69,43,26,0.623,32.3,107.9,5.4,0.159,0.244,1.4,0.241,1.3,0.346,10.2,9.4,8.7,32.9,0.139,0.13885309326306097,129,75,315,134,63,134,43,153,146,33,143,23,94,445,512,423,511,12,2024-25,Regular Season,Defense
1629599,Amir Coffey,Amir,1610612746,LAC,28.0,72,41,31,0.569,24.3,110.6,1.8,0.072,0.109,0.6,0.133,0.1,0.043,9.5,6.7,8.0,24.3,0.086,0.08580945185667371,95,83,395,214,200,259,363,519,520,325,464,465,500,408,345,382,366,126,2024-25,Regular Season,Defense
203083,Andre Drummond,Andre,1610612755,PHI,31.0,40,12,28,0.3,18.8,118.9,5.0,0.288,0.446,1.0,0.271,0.5,0.3,7.1,4.9,7.4,18.9,0.021,0.02117012631062496,342,393,349,456,302,530,57,2,2,117,82,187,123,285,226,350,271,513,2024-25,Regular Season,Defense
1641748,Andre Jackson Jr.,Andre,1610612749,MIL,23.0,67,39,28,0.582,14.6,112.1,1.7,0.114,0.168,0.5,0.218,0.2,0.125,5.2,4.0,4.8,14.3,0.045,0.04534721362830433,147,100,349,201,378,316,375,316,329,349,200,358,335,188,184,206,192,352,2024-25,Regular Season,Defense
1629614,Andrew Nembhard,Andrew,1610612754,IND,25.0,65,44,21,0.677,28.9,110.2,2.8,0.093,0.141,1.2,0.231,0.2,0.052,8.9,8.2,7.4,30.8,0.105,0.10493194428939312,162,62,253,83,114,243,221,418,422,54,166,397,487,377,428,346,475,67,2024-25,Regular Season,Defense
203952,Andrew Wiggins,Andrew,1610612748,MIA,30.0,60,27,33,0.45,30.7,111.7,3.0,0.095,0.14,1.0,0.189,0.8,0.281,11.0,7.9,9.6,29.6,0.1,0.1001351933010568,206,232,428,346,88,305,196,407,425,101,294,69,136,473,411,470,456,76,2024-25,Regular Season,Defense
1629014,Anfernee Simons,Anfernee,1610612757,POR,26.0,70,28,42,0.4,32.7,113.4,2.3,0.069,0.108,0.9,0.161,0.1,0.02,12.0,10.2,11.6,32.1,0.088,0.08804694038643142,118,220,517,389,52,364,292,531,525,173,383,490,516,519,545,542,501,116,2024-25,Regular Season,Defense
1641710,Anthony Black,Anthony,1610612753,ORL,21.0,78,39,39,0.5,24.2,107.1,2.3,0.1,0.151,1.1,0.239,0.6,0.196,8.5,5.9,7.3,22.9,0.11,0.10966999999486433,35,100,486,266,201,110,304,385,384,78,151,113,223,352,291,344,339,56,2024-25,Regular Season,Defense
203076,Anthony Davis,Anthony,1610612742,DAL,32.0,51,30,21,0.588,33.4,112.9,8.9,0.254,0.381,1.2,0.224,2.2,0.526,11.3,10.1,11.2,35.1,0.094,0.09350647870087256,275,196,253,186,43,342,6,20,20,65,179,4,25,490,540,531,530,94,2024-25,Regular Season,Defense
1630162,Anthony Edwards,Anthony,1610612750,MIN,23.0,79,48,31,0.608,36.3,111.4,4.9,0.131,0.197,1.2,0.199,0.6,0.167,13.2,9.8,11.0,36.0,0.118,0.1180644022995016,23,30,395,160,9,290,63,240,247,66,265,103,259,554,526,525,540,38,2024-25,Regular Season,Defense
1630264,Anthony Gill,Anthony,1610612764,WAS,32.0,51,7,44,0.137,7.8,109.7,0.9,0.111,0.184,0.2,0.136,0.0,0.059,3.3,2.9,2.8,6.8,0.029,0.029020435460838736,275,460,524,543,486,217,478,327,278,502,457,515,476,103,110,103,71,469,2024-25,Regular Season,Defense
1641817,Anton Watson,Anton,1610612752,NYK,24.0,9,5,4,0.556,2.5,119.2,0.2,0.118,0.182,0.1,0.333,0.0,0.0,1.6,0.9,0.4,3.8,0.003,0.002878147576557153,509,485,50,223,560,535,562,287,281,525,28,519,519,26,25,12,25,551,2024-25,Regular Season,Defense
1641810,Antonio Reeves,Antonio,1610612740,NOP,24.0,44,6,38,0.136,15.0,117.5,1.0,0.07,0.107,0.5,0.179,0.1,0.065,6.5,4.3,5.7,15.8,0.023,0.022908813318824175,322,473,475,544,368,503,459,526,527,368,321,471,467,257,192,256,215,506,2024-25,Regular Season,Defense
1630574,Ariel Hukporti,Ariel,1610612752,NYK,23.0,25,17,8,0.68,8.7,110.1,1.5,0.151,0.227,0.0,0.037,0.6,0.577,4.0,2.6,2.6,9.0,0.033,0.03337579780577429,427,323,104,80,471,236,406,174,179,540,540,119,17,132,100,97,98,446,2024-25,Regular Season,Defense
1642422,Armel Traore,Armel,1610612747,LAL,22.0,9,5,4,0.556,7.4,119.3,1.4,0.228,0.333,0.4,0.333,0.2,0.333,3.1,2.6,3.3,8.9,0.008,0.00757441361393927,509,485,50,223,493,539,410,37,39,388,28,334,100,92,92,126,97,546,2024-25,Regular Season,Defense
1641709,Ausar Thompson,Ausar,1610612765,DET,22.0,59,34,25,0.576,22.5,109.2,3.3,0.139,0.21,1.7,0.386,0.7,0.274,8.1,6.8,6.7,21.4,0.09,0.09028672603091904,218,157,300,206,224,188,165,211,220,14,16,93,142,328,357,299,314,107,2024-25,Regular Season,Defense
1630559,Austin Reaves,Austin,1610612747,LAL,27.0,73,46,27,0.63,34.9,113.3,3.7,0.101,0.152,1.1,0.201,0.3,0.097,12.2,10.3,12.7,36.6,0.096,0.09633699748116545,86,45,334,121,26,353,120,376,383,75,258,272,404,524,548,560,550,87,2024-25,Regular Season,Defense
1630245,Ayo Dosunmu,Ayo,1610612741,CHI,25.0,46,17,29,0.37,30.3,117.8,2.9,0.09,0.134,0.9,0.218,0.4,0.142,11.6,10.2,9.8,36.0,0.043,0.04346184406701032,307,323,362,412,94,507,204,430,439,134,197,224,317,507,543,474,539,367,2024-25,Regular Season,Defense
1628389,Bam Adebayo,Bam,1610612748,MIA,27.0,78,36,42,0.462,34.3,110.8,7.2,0.214,0.307,1.3,0.22,0.7,0.28,11.0,8.5,9.9,33.3,0.117,0.11698375161887158,35,136,517,327,32,267,15,47,64,47,193,92,139,474,442,479,519,40,2024-25,Regular Season,Defense
1631248,Baylor Scheierman,Baylor,1610612738,BOS,24.0,31,27,4,0.871,12.4,105.8,1.5,0.117,0.181,0.5,0.21,0.1,0.049,3.7,2.4,2.8,10.8,0.059,0.059484942757570394,402,232,50,14,415,83,404,298,287,335,231,496,492,118,88,106,127,258,2024-25,Regular Season,Defense
1641767,Ben Sheppard,Ben,1610612754,IND,23.0,63,40,23,0.635,19.5,113.4,2.1,0.106,0.164,0.6,0.18,0.2,0.116,6.3,5.8,6.1,22.0,0.054,0.053539277443194706,185,89,283,111,284,363,330,355,345,301,320,334,365,246,286,272,325,290,2024-25,Regular Season,Defense
1627732,Ben Simmons,Ben,1610612746,LAC,28.0,51,26,25,0.51,22.0,113.5,3.8,0.184,0.271,0.7,0.207,0.5,0.24,8.3,6.8,6.8,20.7,0.059,0.058660622662330186,275,240,300,262,234,369,112,98,107,228,244,186,172,342,354,312,299,258,2024-25,Regular Season,Defense
1631097,Bennedict Mathurin,Bennedict,1610612754,IND,23.0,72,43,29,0.597,29.9,112.2,4.1,0.133,0.199,0.7,0.131,0.3,0.097,10.3,8.6,7.5,31.7,0.091,0.09065179034326609,95,75,362,175,105,322,95,235,239,272,469,248,405,452,456,352,494,104,2024-25,Regular Season,Defense
1641731,Bilal Coulibaly,Bilal,1610612764,WAS,20.0,59,13,46,0.22,33.0,118.3,3.4,0.098,0.151,1.3,0.24,0.7,0.186,14.4,11.2,11.9,37.4,0.043,0.04317958895132076,218,382,533,513,48,519,142,389,386,39,145,88,232,567,564,548,557,367,2024-25,Regular Season,Defense
202687,Bismack Biyombo,Bismack,1610612759,SAS,32.0,28,10,18,0.357,18.8,117.9,4.1,0.207,0.319,0.6,0.184,0.8,0.523,6.1,6.1,5.7,19.4,0.026,0.026322747058326563,416,419,211,425,297,509,96,58,53,319,307,71,28,238,303,257,283,493,2024-25,Regular Season,Defense
1631104,Blake Wesley,Blake,1610612759,SAS,22.0,58,23,35,0.397,11.8,109.7,0.8,0.062,0.095,0.6,0.316,0.1,0.092,4.7,3.7,3.6,11.6,0.045,0.045171310293112714,223,265,447,394,427,211,504,540,539,283,45,449,413,166,156,139,138,352,2024-25,Regular Season,Defense
1626171,Bobby Portis,Bobby,1610612749,MIL,30.0,49,30,19,0.612,25.4,110.8,6.6,0.235,0.346,0.7,0.177,0.5,0.226,8.8,7.4,7.0,24.7,0.088,0.08818241149354444,293,196,226,150,174,266,24,33,35,237,331,136,186,368,386,322,373,116,2024-25,Regular Season,Defense
1641752,Bobi Klintman,Bobi,1610612765,DET,22.0,8,4,4,0.5,5.3,117.2,0.8,0.182,0.24,0.3,0.333,0.1,0.5,2.4,0.8,1.0,4.5,0.008,0.008239164738966694,516,493,50,266,522,497,505,101,157,471,28,433,34,55,19,19,35,546,2024-25,Regular Season,Defense
203992,Bogdan Bogdanović,Bogdan,1610612746,LAC,32.0,54,33,21,0.611,25.0,110.0,2.5,0.098,0.142,0.8,0.169,0.2,0.087,8.5,6.0,8.2,23.4,0.094,0.09397104072482104,258,166,253,153,180,232,269,395,414,218,358,361,424,349,297,394,349,94,2024-25,Regular Season,Defense
1629626,Bol Bol,Bol,1610612756,PHX,25.0,36,10,26,0.278,12.5,115.9,2.3,0.168,0.254,0.3,0.161,0.7,0.431,5.8,3.8,4.9,13.1,0.025,0.025459533994266554,370,419,315,470,411,460,294,132,131,471,388,89,65,226,161,212,167,500,2024-25,Regular Season,Defense
1630538,Bones Hyland,Bones,1610612750,MIN,24.0,24,11,13,0.458,9.9,108.1,0.8,0.083,0.132,0.8,0.333,0.2,0.211,3.8,2.9,3.7,10.6,0.042,0.04193915334044526,432,407,157,329,459,141,493,470,444,219,28,398,205,120,114,145,123,382,2024-25,Regular Season,Defense
203078,Bradley Beal,Bradley,1610612756,PHX,32.0,53,22,31,0.415,32.1,118.6,2.7,0.083,0.124,1.1,0.216,0.5,0.158,12.3,8.5,12.5,31.6,0.039,0.038644321436466164,263,274,395,377,67,525,235,469,473,79,213,138,277,533,448,558,492,404,2024-25,Regular Season,Defense
1642382,Branden Carlson,Branden,1610612760,OKC,26.0,32,29,3,0.906,7.7,105.8,1.2,0.131,0.203,0.2,0.128,0.7,0.724,2.2,2.9,2.3,7.3,0.039,0.038814914952785814,397,212,39,12,488,84,447,245,230,507,480,102,6,47,109,82,77,404,2024-25,Regular Season,Defense
1641764,Brandin Podziemski,Brandin,1610612744,GSW,22.0,64,38,26,0.594,26.8,105.1,4.1,0.151,0.224,1.1,0.195,0.2,0.08,8.1,6.8,6.9,24.5,0.137,0.13679522725656906,170,110,315,182,153,70,100,176,184,82,282,362,437,331,361,314,371,17,2024-25,Regular Season,Defense
1630527,Brandon Boston,Brandon,1610612740,NOP,23.0,42,8,34,0.19,23.6,114.8,2.5,0.107,0.173,1.3,0.252,0.2,0.099,9.3,7.2,9.0,26.3,0.054,0.053950588330126795,330,445,441,531,210,430,266,351,312,46,114,349,398,397,374,439,404,290,2024-25,Regular Season,Defense
1629634,Brandon Clarke,Brandon,1610612763,MEM,28.0,64,40,24,0.625,18.9,108.2,3.1,0.148,0.234,0.8,0.208,0.6,0.25,7.6,6.0,6.0,18.3,0.08,0.08026655063036625,170,89,291,127,295,147,182,185,168,193,240,125,157,306,299,270,263,153,2024-25,Regular Season,Defense
1627742,Brandon Ingram,Brandon,1610612761,TOR,27.0,18,5,13,0.278,33.1,117.7,4.6,0.14,0.214,0.9,0.15,0.6,0.175,13.6,10.8,15.0,36.3,0.046,0.046328855961105676,462,485,157,470,47,506,77,208,210,158,423,115,248,558,557,569,547,344,2024-25,Regular Season,Defense
1641706,Brandon Miller,Brandon,1610612766,CHA,22.0,27,8,19,0.296,34.2,113.8,3.9,0.117,0.169,1.1,0.196,0.7,0.22,13.4,8.6,9.3,32.8,0.089,0.08866493662041587,421,445,226,461,34,378,109,292,328,84,277,78,192,557,453,458,508,111,2024-25,Regular Season,Defense
1630314,Brandon Williams,Brandon,1610612742,DAL,25.0,33,15,18,0.455,14.8,108.8,1.4,0.091,0.136,0.7,0.264,0.2,0.132,5.4,4.5,5.8,18.6,0.062,0.06183027417194673,390,349,211,339,373,163,417,429,436,232,95,412,324,200,205,259,268,240,2024-25,Regular Season,Defense
1630296,Braxton Key,Braxton,1610612744,GSW,28.0,3,3,0,1.0,3.6,120.7,0.3,0.167,0.167,0.7,0.333,0.0,0.0,4.0,0.0,1.7,5.3,0.003,0.0027844394915787062,549,508,1,1,550,547,553,136,333,259,28,519,519,132,1,51,47,551,2024-25,Regular Season,Defense
1641729,Brice Sensabaugh,Brice,1610612762,UTA,21.0,71,14,57,0.197,20.2,119.5,2.4,0.11,0.175,0.6,0.218,0.1,0.063,9.1,7.3,7.8,23.5,0.019,0.019378881753469215,108,364,564,524,268,541,288,336,308,280,199,442,470,387,379,372,353,516,2024-25,Regular Season,Defense
1642355,Bronny James,Bronny,1610612747,LAL,20.0,27,17,10,0.63,6.7,114.1,0.5,0.076,0.119,0.3,0.31,0.1,0.214,2.8,2.6,2.9,7.4,0.017,0.016868566003856087,421,323,117,123,505,395,533,505,500,434,49,443,198,74,96,107,78,526,2024-25,Regular Season,Defense
201572,Brook Lopez,Brook,1610612749,MIL,37.0,80,47,33,0.588,31.8,112.7,3.6,0.107,0.153,0.6,0.133,1.9,0.565,10.5,8.7,10.8,31.3,0.092,0.09225075747822317,16,36,428,191,73,337,126,352,382,288,464,6,19,459,464,517,486,103,2024-25,Regular Season,Defense
1628971,Bruce Brown,Bruce,1610612740,NOP,28.0,41,15,26,0.366,22.5,116.8,3.0,0.134,0.205,0.8,0.219,0.2,0.116,8.4,7.0,6.8,22.4,0.039,0.03884208760558378,336,349,315,416,225,487,195,231,229,184,194,319,363,346,369,313,329,404,2024-25,Regular Season,Defense
1628981,Bruno Fernando,Bruno,1610612761,TOR,26.0,17,2,15,0.118,8.6,110.1,1.8,0.21,0.291,0.2,0.182,0.5,0.45,4.1,2.1,2.4,7.2,0.031,0.0314200657598278,464,525,179,549,472,237,370,53,74,484,313,137,57,137,82,85,74,457,2024-25,Regular Season,Defense
1631121,Bryce McGowens,Bryce,1610612757,POR,22.0,13,8,5,0.615,2.5,97.1,0.1,0.034,0.056,0.1,0.143,0.0,0.0,1.4,0.5,0.5,2.0,0.019,0.01855729843566414,489,445,64,144,561,30,563,562,562,537,437,519,519,23,16,13,6,516,2024-25,Regular Season,Defense
1642267,Bub Carrington,Bub,1610612764,WAS,19.0,82,18,64,0.22,30.0,118.0,3.8,0.117,0.181,0.7,0.146,0.3,0.079,12.3,9.9,11.2,33.2,0.041,0.04133258580766199,1,312,569,514,102,512,114,293,288,269,431,306,441,531,535,532,517,388,2024-25,Regular Season,Defense
1627741,Buddy Hield,Buddy,1610612744,GSW,32.0,82,48,34,0.585,22.7,110.1,2.6,0.111,0.171,0.8,0.203,0.3,0.132,7.5,6.2,6.9,22.9,0.083,0.08301827158789843,1,30,441,195,221,238,247,328,321,178,253,285,323,299,309,318,340,136,2024-25,Regular Season,Defense
203468,CJ McCollum,CJ,1610612740,NOP,33.0,56,17,39,0.304,32.7,119.4,3.0,0.091,0.141,0.8,0.143,0.4,0.108,12.4,11.2,11.8,36.2,0.032,0.03242864949904665,246,323,486,454,53,540,193,428,421,190,437,201,382,539,565,546,542,452,2024-25,Regular Season,Defense
1630595,Cade Cunningham,Cade,1610612765,DET,23.0,70,38,32,0.543,35.0,112.2,5.3,0.147,0.213,1.0,0.172,0.8,0.199,12.8,10.0,10.6,33.3,0.107,0.10735197014742383,118,110,413,236,23,319,47,190,212,99,353,76,221,547,539,509,520,63,2024-25,Regular Season,Defense
1631216,Caleb Houstan,Caleb,1610612753,ORL,22.0,58,29,29,0.5,13.6,108.2,1.0,0.073,0.115,0.4,0.169,0.1,0.065,5.1,3.8,3.8,13.5,0.057,0.056681978491757504,223,212,362,266,394,146,473,514,510,418,356,449,467,180,164,158,174,273,2024-25,Regular Season,Defense
1628997,Caleb Martin,Caleb,1610612742,DAL,29.0,45,17,28,0.378,27.1,112.8,2.8,0.105,0.166,1.0,0.204,0.5,0.225,10.1,7.6,8.2,27.9,0.076,0.0757861684689785,318,323,349,405,147,340,228,360,335,97,250,146,187,440,395,394,426,165,2024-25,Regular Season,Defense
1642353,Cam Christie,Cam,1610612746,LAC,19.0,13,10,3,0.769,4.5,105.6,0.7,0.141,0.214,0.4,0.385,0.1,0.143,2.0,2.2,1.9,5.2,0.023,0.023317105857676886,489,419,39,51,535,77,514,206,208,416,17,483,310,38,84,66,46,506,2024-25,Regular Season,Defense
1629629,Cam Reddish,Cam,1610612747,LAL,25.0,33,15,18,0.455,17.9,115.9,1.5,0.081,0.13,1.0,0.327,0.3,0.167,7.0,4.9,6.8,21.2,0.035,0.035484286882950515,390,349,211,339,317,461,403,480,456,101,40,270,259,281,227,308,308,431,2024-25,Regular Season,Defense
1642285,Cam Spencer,Cam,1610612763,MEM,25.0,25,14,11,0.56,10.1,109.6,0.7,0.07,0.107,0.4,0.196,0.0,0.034,3.8,3.7,3.3,11.9,0.038,0.037584087147341703,427,364,128,221,456,206,508,524,527,428,278,513,507,122,158,122,144,412,2024-25,Regular Season,Defense
1630560,Cam Thomas,Cam,1610612751,BKN,23.0,25,8,17,0.32,31.2,120.6,2.7,0.089,0.144,0.6,0.142,0.1,0.034,10.7,10.8,10.7,35.2,0.019,0.01896632351832825,427,445,202,446,85,545,232,434,403,303,443,480,507,468,558,511,532,516,2024-25,Regular Season,Defense
1641715,Cam Whitmore,Cam,1610612745,HOU,20.0,51,30,21,0.588,16.2,112.3,2.3,0.139,0.213,0.6,0.197,0.3,0.169,5.9,5.0,5.0,18.2,0.05,0.049692505108920614,275,196,253,186,345,326,306,214,213,297,269,307,254,229,235,215,258,317,2024-25,Regular Season,Defense
1629661,Cameron Johnson,Cameron,1610612751,BKN,29.0,57,21,36,0.368,31.6,116.7,3.4,0.113,0.173,0.9,0.192,0.4,0.16,12.3,8.5,11.4,32.9,0.055,0.055460665369379984,232,280,455,414,79,483,149,319,311,138,290,197,275,532,444,538,510,285,2024-25,Regular Season,Defense
1626166,Cameron Payne,Cameron,1610612752,NYK,30.0,72,46,26,0.639,15.1,107.5,1.3,0.081,0.122,0.5,0.195,0.2,0.154,4.6,3.9,3.8,15.2,0.068,0.06786055485951004,95,45,315,106,364,121,432,481,482,337,285,334,284,157,172,159,206,210,2024-25,Regular Season,Defense
1627747,Caris LeVert,Caris,1610612737,ATL,30.0,64,46,18,0.719,24.9,113.4,2.5,0.096,0.148,0.9,0.21,0.5,0.217,8.2,7.9,7.2,25.2,0.067,0.06689235924465445,170,45,211,66,181,359,264,402,391,156,234,142,196,332,410,337,381,217,2024-25,Regular Season,Defense
1641717,Cason Wallace,Cason,1610612760,OKC,21.0,68,55,13,0.809,27.6,107.1,2.3,0.079,0.121,1.8,0.284,0.5,0.148,7.1,8.7,7.6,24.9,0.126,0.12570078498769843,138,11,157,30,135,105,299,494,490,8,66,144,300,286,468,360,378,28,2024-25,Regular Season,Defense
1629646,Charles Bassey,Charles,1610612759,SAS,24.0,36,14,22,0.389,10.4,117.5,2.7,0.24,0.353,0.4,0.233,0.8,0.638,4.3,3.3,4.0,12.2,0.017,0.016631585976789216,370,364,274,397,452,501,239,29,32,412,157,69,11,142,138,169,150,526,2024-25,Regular Season,Defense
1631096,Chet Holmgren,Chet,1610612760,OKC,23.0,32,26,6,0.813,27.4,105.6,6.5,0.208,0.309,0.7,0.129,2.2,0.49,7.1,8.4,8.2,22.8,0.139,0.13857162677317983,397,240,76,27,138,78,25,57,59,236,476,3,44,284,441,391,337,12,2024-25,Regular Season,Defense
1628449,Chris Boucher,Chris,1610612761,TOR,32.0,50,18,32,0.36,17.2,113.5,3.1,0.175,0.279,0.5,0.173,0.5,0.325,6.2,5.5,5.6,17.3,0.045,0.04513384726198266,283,312,413,424,328,370,185,119,95,367,351,149,114,242,269,251,244,352,2024-25,Regular Season,Defense
1630537,Chris Duarte,Chris,1610612741,CHI,28.0,17,4,13,0.235,4.4,102.4,0.9,0.165,0.259,0.0,0.0,0.0,0.0,1.2,1.3,1.1,4.9,0.026,0.026170923732317393,464,493,157,503,543,46,487,142,123,541,541,519,519,18,39,28,42,493,2024-25,Regular Season,Defense
1641753,Chris Livingston,Chris,1610612749,MIL,21.0,21,15,6,0.714,5.0,102.2,1.2,0.198,0.329,0.2,0.263,0.0,0.0,2.8,1.5,1.1,4.8,0.031,0.031002487954578828,445,349,76,68,527,45,442,73,44,481,97,519,519,73,49,27,41,457,2024-25,Regular Season,Defense
101108,Chris Paul,Chris,1610612759,SAS,40.0,82,34,48,0.415,28.0,115.0,3.2,0.11,0.167,1.3,0.268,0.3,0.083,9.3,8.6,9.3,28.7,0.062,0.06198014923305405,1,157,542,378,125,434,169,337,334,48,85,298,431,394,455,459,440,240,2024-25,Regular Season,Defense
1631128,Christian Braun,Christian,1610612743,DEN,24.0,79,48,31,0.608,33.9,114.5,3.9,0.109,0.164,1.1,0.19,0.5,0.149,11.6,10.5,10.9,36.5,0.081,0.08076539094577748,23,30,395,160,37,410,105,339,343,83,292,173,295,509,551,524,549,147,2024-25,Regular Season,Defense
1631132,Christian Koloko,Christian,1610612747,LAL,25.0,37,23,14,0.622,9.2,106.0,1.5,0.165,0.271,0.2,0.123,0.4,0.5,3.4,2.8,3.6,8.8,0.046,0.04554908273054568,361,265,168,136,463,88,401,141,106,492,492,199,34,106,107,136,96,344,2024-25,Regular Season,Defense
1629643,Chuma Okeke,Chuma,1610612739,CLE,26.0,9,2,7,0.222,21.9,122.1,2.9,0.141,0.243,0.6,0.161,0.4,0.222,7.8,9.3,7.0,25.8,0.004,0.004093328931249283,509,525,90,509,236,552,208,207,148,325,383,192,188,316,504,322,394,550,2024-25,Regular Season,Defense
203991,Clint Capela,Clint,1610612737,ATL,31.0,55,27,28,0.491,21.4,111.5,5.4,0.238,0.361,0.6,0.139,1.0,0.408,8.5,6.7,7.6,22.2,0.071,0.07054500183615131,253,232,349,297,244,292,44,30,27,292,451,53,75,351,344,362,328,190,2024-25,Regular Season,Defense
1629632,Coby White,Coby,1610612741,CHI,25.0,74,35,39,0.473,33.1,113.9,3.4,0.095,0.138,0.9,0.179,0.2,0.07,12.6,9.5,10.0,37.4,0.085,0.08522012566460176,71,149,486,311,46,387,153,406,428,136,322,345,459,543,515,482,558,129,2024-25,Regular Season,Defense
1628998,Cody Martin,Cody,1610612756,PHX,29.0,53,16,37,0.302,22.1,111.3,3.2,0.136,0.207,1.1,0.287,0.6,0.264,8.2,6.4,7.6,22.0,0.075,0.07507682417721927,263,340,465,455,230,283,166,219,224,86,63,117,147,335,323,363,324,170,2024-25,Regular Season,Defense
1642262,Cody Williams,Cody,1610612762,UTA,20.0,50,9,41,0.18,21.2,118.5,1.7,0.075,0.114,0.5,0.161,0.3,0.162,9.6,7.1,8.8,23.5,0.027,0.02652419875593005,283,434,512,534,252,523,377,508,514,375,386,260,272,412,371,428,352,487,2024-25,Regular Season,Defense
1641732,Colby Jones,Colby,1610612764,WAS,23.0,39,12,27,0.308,13.2,114.8,1.7,0.123,0.198,0.7,0.321,0.3,0.213,4.8,4.9,4.3,13.1,0.029,0.02938983175034698,353,393,334,450,398,429,384,268,244,259,44,248,202,167,232,188,166,469,2024-25,Regular Season,Defense
1630175,Cole Anthony,Cole,1610612763,MEM,25.0,67,35,32,0.522,18.4,109.0,2.4,0.131,0.197,0.7,0.217,0.5,0.193,6.3,4.3,4.7,16.3,0.068,0.06826040986463378,147,149,413,254,313,181,290,246,248,258,202,169,226,247,196,202,225,210,2024-25,Regular Season,Defense
1631306,Cole Swider,Cole,1610612754,IND,26.0,10,5,5,0.5,17.0,100.5,2.2,0.119,0.182,0.4,0.129,0.2,0.143,5.2,5.6,5.1,17.4,0.112,0.11177471238174738,503,485,64,266,334,40,318,281,281,407,477,364,310,186,275,222,248,49,2024-25,Regular Season,Defense
1630658,Colin Castleton,Colin,1610612761,TOR,25.0,26,15,11,0.577,16.6,108.2,2.7,0.143,0.225,0.3,0.127,0.4,0.278,6.3,5.3,6.2,17.3,0.071,0.0706730134416825,424,349,128,204,338,145,243,199,180,449,484,226,140,245,256,279,245,190,2024-25,Regular Season,Defense
1631221,Collin Gillespie,Collin,1610612756,PHX,26.0,33,12,21,0.364,14.0,118.4,1.7,0.124,0.196,0.6,0.304,0.2,0.156,4.9,3.4,4.3,13.7,0.017,0.01740432930435135,390,393,253,419,385,521,383,265,249,284,52,412,281,170,146,187,179,526,2024-25,Regular Season,Defense
1629012,Collin Sexton,Collin,1610612762,UTA,26.0,63,14,49,0.222,27.9,117.9,1.8,0.06,0.091,0.7,0.211,0.1,0.034,12.9,8.6,12.2,30.3,0.039,0.03916962958822732,185,364,548,509,126,510,371,544,546,227,226,468,509,548,457,554,466,404,2024-25,Regular Season,Defense
1630557,Corey Kispert,Corey,1610612764,WAS,26.0,61,14,47,0.23,26.3,117.1,2.4,0.084,0.13,0.4,0.115,0.2,0.09,11.2,8.6,9.4,27.0,0.043,0.04280859780019569,201,364,539,507,159,496,285,464,453,399,502,331,420,488,450,463,415,367,2024-25,Regular Season,Defense
202709,Cory Joseph,Cory,1610612753,ORL,33.0,50,26,24,0.52,12.2,106.9,1.1,0.095,0.141,0.5,0.26,0.1,0.071,4.4,3.2,3.8,12.0,0.057,0.05695221531874964,283,240,291,256,420,101,452,405,423,345,103,480,455,149,132,155,145,273,2024-25,Regular Season,Defense
1641854,Craig Porter Jr.,Craig,1610612739,CLE,25.0,51,40,11,0.784,10.1,113.5,0.9,0.085,0.128,0.3,0.25,0.3,0.319,4.0,2.9,3.8,10.7,0.027,0.026727073016836193,275,89,128,43,457,371,478,459,459,434,117,275,116,130,110,153,125,487,2024-25,Regular Season,Defense
1642385,Cui Cui,Cui,1610612751,BKN,22.0,5,2,3,0.4,2.1,76.0,0.4,0.2,0.286,0.0,0.0,0.0,0.0,1.2,0.4,0.4,2.0,0.033,0.03318205385948805,535,525,39,389,565,5,550,67,83,541,541,519,519,19,12,11,6,446,2024-25,Regular Season,Defense
1626156,D'Angelo Russell,D'Angelo,1610612751,BKN,29.0,58,26,32,0.448,25.5,111.6,2.4,0.093,0.145,1.0,0.215,0.4,0.14,9.0,7.2,8.6,27.7,0.084,0.08362357737911884,223,240,413,348,172,298,278,415,399,122,215,222,318,384,375,409,423,132,2024-25,Regular Season,Defense
1630618,D.J. Carton,D.J.,1610612761,TOR,24.0,4,1,3,0.25,8.3,96.1,1.0,0.098,0.143,0.5,0.222,0.0,0.0,3.3,2.5,2.3,6.0,0.069,0.06927823651973597,541,539,39,489,476,25,460,396,406,355,183,519,519,99,90,79,56,202,2024-25,Regular Season,Defense
1629610,DaQuan Jeffries,DaQuan,1610612766,CHA,27.0,47,9,38,0.191,22.8,118.2,2.1,0.087,0.134,0.6,0.197,0.5,0.263,9.8,6.8,7.9,23.3,0.03,0.029617234648263584,298,434,475,529,218,518,332,440,438,331,272,135,148,426,360,378,345,464,2024-25,Regular Season,Defense
1631342,Daeqwon Plowden,Daeqwon,1610612737,ATL,26.0,6,3,3,0.5,11.9,84.2,1.2,0.093,0.125,0.0,0.0,0.0,0.0,3.8,2.7,3.7,10.3,0.13,0.12969656035883395,524,508,39,266,424,9,445,413,468,541,541,519,519,126,102,145,119,22,2024-25,Regular Season,Defense
1630227,Daishen Nix,Daishen,1610612750,MIN,23.0,3,3,0,1.0,4.4,79.3,1.3,0.444,0.444,0.0,0.0,0.0,0.0,2.0,0.0,2.7,4.7,0.059,0.058881457844103265,549,508,1,1,540,8,421,1,3,541,541,519,519,38,1,99,39,258,2024-25,Regular Season,Defense
1630625,Dalano Banton,Dalano,1610612757,POR,25.0,67,28,39,0.418,16.7,111.8,1.6,0.088,0.146,0.6,0.244,0.5,0.234,6.7,5.5,6.1,17.8,0.054,0.05369179268722669,147,220,486,374,336,306,397,437,398,282,133,148,177,265,263,275,254,290,2024-25,Regular Season,Defense
1631207,Dalen Terry,Dalen,1610612741,CHI,22.0,73,33,40,0.452,13.5,111.6,1.2,0.08,0.12,0.6,0.267,0.2,0.129,5.7,3.8,4.2,14.9,0.044,0.044368042951666034,86,166,503,345,396,300,443,483,498,302,89,360,329,221,169,183,202,363,2024-25,Regular Season,Defense
1642261,Dalton Knecht,Dalton,1610612747,LAL,24.0,78,47,31,0.603,19.2,114.9,2.3,0.116,0.185,0.3,0.115,0.1,0.068,6.9,6.5,6.5,19.5,0.043,0.04282073853474785,35,36,395,165,290,432,301,301,273,449,499,454,462,279,330,292,286,367,2024-25,Regular Season,Defense
203081,Damian Lillard,Damian,1610612749,MIL,34.0,58,32,26,0.552,36.1,114.6,4.2,0.108,0.156,1.2,0.249,0.2,0.048,12.3,9.8,12.2,36.2,0.085,0.08536813827071656,223,179,315,228,12,420,89,342,370,56,128,393,493,534,525,555,545,129,2024-25,Regular Season,Defense
1641878,Damion Baugh,Damion,1610612766,CHA,24.0,15,1,14,0.067,24.7,121.8,2.4,0.098,0.157,1.0,0.278,0.1,0.071,12.3,8.0,10.0,23.7,0.007,0.007156729053142841,476,539,168,556,187,550,282,392,366,101,73,429,455,530,415,482,354,548,2024-25,Regular Season,Defense
1627814,Damion Lee,Damion,1610612756,PHX,32.0,25,6,19,0.24,5.8,98.7,0.7,0.104,0.155,0.2,0.207,0.0,0.0,1.9,1.4,1.5,5.7,0.042,0.04192457200545621,427,473,226,501,516,34,516,367,375,480,242,519,519,37,44,45,51,382,2024-25,Regular Season,Defense
1629655,Daniel Gafford,Daniel,1610612742,DAL,26.0,57,28,29,0.491,21.5,113.4,4.1,0.168,0.269,0.4,0.127,1.8,0.59,8.7,7.1,6.7,21.9,0.058,0.05846508807468748,232,220,362,295,241,366,99,131,111,406,483,7,15,367,370,301,323,266,2024-25,Regular Season,Defense
1628464,Daniel Theis,Daniel,1610612740,NOP,33.0,38,10,28,0.263,16.3,115.2,3.2,0.192,0.293,0.5,0.13,0.5,0.313,5.2,4.7,5.8,16.1,0.036,0.03610962944929445,357,419,349,483,343,442,175,82,73,372,470,140,118,183,217,261,222,424,2024-25,Regular Season,Defense
1642450,Daniss Jenkins,Daniss,1610612765,DET,23.0,7,3,4,0.429,3.2,108.2,0.3,0.182,0.25,0.0,0.0,0.0,0.0,1.6,0.0,0.6,2.3,0.014,0.014004693582398016,521,508,50,365,556,142,557,101,138,541,541,519,519,27,1,14,13,535,2024-25,Regular Season,Defense
203957,Dante Exum,Dante,1610612742,DAL,29.0,20,7,13,0.35,18.6,115.2,1.5,0.074,0.122,0.6,0.207,0.2,0.068,5.7,5.6,6.0,23.8,0.041,0.04059476119076624,448,460,157,430,309,445,409,510,485,303,242,415,460,217,270,268,358,388,2024-25,Regular Season,Defense
203967,Dario Saric,Dario,1610612743,DEN,31.0,16,7,9,0.438,13.1,108.7,2.3,0.158,0.25,0.4,0.189,0.1,0.063,3.8,3.8,5.0,15.0,0.052,0.052248893961535335,469,460,112,357,399,161,307,156,138,397,293,499,472,125,167,216,203,303,2024-25,Regular Season,Defense
1641727,Dariq Whitehead,Dariq,1610612751,BKN,20.0,20,6,14,0.3,12.3,109.7,1.3,0.105,0.153,0.3,0.13,0.1,0.056,5.1,3.0,4.8,13.6,0.049,0.04938552929201021,448,473,168,456,419,216,432,359,381,454,470,506,483,178,117,203,177,325,2024-25,Regular Season,Defense
1629636,Darius Garland,Darius,1610612739,CLE,25.0,75,60,15,0.8,30.7,113.4,2.2,0.068,0.104,1.2,0.224,0.1,0.06,10.6,9.0,10.8,31.3,0.083,0.08322937944979637,59,5,179,32,89,360,312,532,531,55,181,418,475,465,483,520,485,136,2024-25,Regular Season,Defense
1630561,David Duke Jr.,David,1610612759,SAS,25.0,6,0,6,0.0,5.6,91.8,0.7,0.1,0.143,0.2,0.25,0.0,0.0,2.3,1.3,1.0,4.3,0.052,0.051711276307153074,524,557,76,557,518,16,518,381,406,504,117,519,519,50,40,19,33,303,2024-25,Regular Season,Defense
1631223,David Roddy,David,1610612745,HOU,24.0,33,9,24,0.273,12.4,114.6,2.2,0.177,0.264,0.4,0.163,0.3,0.237,5.6,3.2,4.0,12.7,0.031,0.03081470558418746,390,434,291,475,412,419,324,112,119,400,380,293,174,214,133,174,156,457,2024-25,Regular Season,Defense
1630558,Davion Mitchell,Davion,1610612748,MIA,26.0,74,25,49,0.338,27.4,110.7,1.8,0.063,0.096,1.0,0.204,0.2,0.084,9.4,7.6,8.0,27.4,0.096,0.096382603291404,71,252,548,436,137,262,366,537,537,119,252,345,429,405,398,385,419,87,2024-25,Regular Season,Defense
1630549,Day'Ron Sharpe,Day'Ron,1610612751,BKN,23.0,50,14,36,0.28,18.1,107.1,3.6,0.202,0.308,0.8,0.268,0.8,0.452,7.1,5.6,5.3,17.3,0.081,0.08131038352887975,283,364,455,469,315,107,124,65,61,192,87,68,54,283,272,232,246,147,2024-25,Regular Season,Defense
1628368,De'Aaron Fox,De'Aaron,1610612759,SAS,27.0,62,27,35,0.435,36.1,114.9,3.9,0.106,0.161,1.5,0.251,0.4,0.124,11.7,11.0,9.3,35.9,0.083,0.08337090262022338,192,232,447,361,10,431,108,354,356,27,115,216,346,512,562,454,537,136,2024-25,Regular Season,Defense
1629631,De'Andre Hunter,De'Andre,1610612739,CLE,27.0,64,38,26,0.594,27.2,113.9,3.3,0.117,0.181,0.8,0.151,0.2,0.078,10.8,8.4,8.9,28.6,0.072,0.07181554484009019,170,110,315,182,142,386,156,294,289,209,422,362,442,471,439,435,438,185,2024-25,Regular Season,Defense
1629001,De'Anthony Melton,De'Anthony,1610612751,BKN,27.0,6,4,2,0.667,20.2,97.4,2.3,0.104,0.156,1.2,0.219,0.3,0.125,7.3,6.7,3.8,19.3,0.16,0.16034390806518145,524,493,23,84,269,31,294,365,371,61,195,248,335,292,342,157,280,3,2024-25,Regular Season,Defense
201599,DeAndre Jordan,DeAndre,1610612743,DEN,36.0,56,37,19,0.661,12.3,112.1,3.6,0.262,0.382,0.3,0.157,0.5,0.314,4.9,3.8,4.8,11.6,0.037,0.03749365091363373,246,124,226,91,418,315,131,15,19,463,400,168,117,173,161,203,140,417,2024-25,Regular Season,Defense
201942,DeMar DeRozan,DeMar,1610612758,SAC,35.0,77,38,39,0.494,35.9,115.3,3.2,0.09,0.131,0.8,0.146,0.4,0.134,11.8,9.9,10.2,35.1,0.077,0.07679116927484189,43,110,486,288,15,446,168,432,451,196,433,211,322,514,534,493,531,160,2024-25,Regular Season,Defense
1629731,Dean Wade,Dean,1610612739,CLE,28.0,59,47,12,0.797,21.2,109.4,3.4,0.15,0.224,0.7,0.18,0.3,0.18,6.4,5.8,7.2,21.3,0.082,0.08201387433603746,218,36,146,37,248,196,152,177,187,240,319,247,241,250,283,336,311,143,2024-25,Regular Season,Defense
1629028,Deandre Ayton,Deandre,1610612757,POR,26.0,40,17,23,0.425,30.1,116.8,7.1,0.243,0.36,0.8,0.157,1.0,0.358,11.9,8.4,11.4,29.7,0.051,0.050711604614380276,342,323,283,368,98,491,19,27,28,212,401,48,86,516,438,536,458,312,2024-25,Regular Season,Defense
1627749,Dejounte Murray,Dejounte,1610612740,NOP,28.0,31,9,22,0.29,32.6,118.1,5.9,0.183,0.288,2.0,0.288,0.4,0.101,12.9,11.0,12.9,38.5,0.045,0.04478573259638718,402,434,274,462,56,517,36,100,81,3,61,225,390,550,563,562,562,352,2024-25,Regular Season,Defense
1626153,Delon Wright,Delon,1610612752,NYK,33.0,40,22,18,0.55,15.9,106.3,1.0,0.061,0.09,0.9,0.278,0.3,0.203,5.8,4.3,4.9,16.1,0.076,0.07563067613696375,342,274,211,231,351,91,470,542,548,163,73,273,212,227,194,210,221,165,2024-25,Regular Season,Defense
1630166,Deni Avdija,Deni,1610612757,POR,24.0,72,33,39,0.458,30.0,114.5,5.7,0.19,0.29,1.0,0.204,0.5,0.15,11.1,9.1,11.0,29.6,0.072,0.07162585235929352,95,166,486,329,100,415,37,87,77,114,251,165,292,483,493,527,453,185,2024-25,Regular Season,Defense
203471,Dennis Schröder,Dennis,1610612765,DET,31.0,75,37,38,0.493,28.1,112.8,2.3,0.08,0.125,0.9,0.21,0.2,0.056,10.0,8.2,8.5,28.8,0.081,0.08062828754516423,59,124,475,290,122,339,305,484,470,162,235,403,481,436,430,407,441,147,2024-25,Regular Season,Defense
1641726,Dereck Lively II,Dereck,1610612742,DAL,21.0,36,21,15,0.583,23.1,106.4,4.6,0.186,0.275,0.6,0.13,1.6,0.544,8.1,7.5,6.7,24.0,0.109,0.10941325897218741,370,280,179,197,215,94,77,96,102,325,473,12,23,326,389,300,359,57,2024-25,Regular Season,Defense
1627884,Derrick Jones Jr.,Derrick,1610612746,LAC,28.0,77,48,29,0.623,24.3,108.7,2.2,0.092,0.132,1.0,0.212,0.4,0.193,8.7,6.0,8.1,23.8,0.099,0.09938755969370794,43,30,362,132,199,162,317,423,447,95,222,201,225,364,298,390,356,80,2024-25,Regular Season,Defense
1628401,Derrick White,Derrick,1610612738,BOS,30.0,76,58,18,0.763,33.9,109.5,3.6,0.101,0.149,0.9,0.203,1.1,0.261,9.3,9.3,10.2,33.1,0.13,0.13046140077595422,51,7,211,53,38,199,125,380,390,126,254,38,149,396,501,495,514,22,2024-25,Regular Season,Defense
1630217,Desmond Bane,Desmond,1610612753,ORL,27.0,69,38,31,0.551,32.0,113.3,5.2,0.15,0.228,1.2,0.205,0.4,0.114,13.3,10.0,10.8,31.5,0.094,0.09383705710691571,129,110,395,230,69,354,51,179,177,62,249,214,369,556,537,516,489,94,2024-25,Regular Season,Defense
1626164,Devin Booker,Devin,1610612756,PHX,28.0,75,35,40,0.467,37.3,118.5,3.1,0.08,0.122,0.9,0.168,0.2,0.061,13.2,10.9,13.2,38.1,0.046,0.04587573498210355,59,149,503,319,3,522,190,486,488,154,361,351,474,555,559,565,559,344,2024-25,Regular Season,Defense
1642269,Devin Carter,Devin,1610612758,SAC,23.0,36,18,18,0.5,11.0,109.3,1.6,0.147,0.215,0.6,0.304,0.1,0.129,3.2,2.8,3.3,10.2,0.043,0.04278715602208806,370,312,211,266,441,194,393,192,206,313,52,443,330,96,108,126,114,367,2024-25,Regular Season,Defense
1630170,Devin Vassell,Devin,1610612759,SAS,24.0,64,24,40,0.375,31.0,118.1,3.5,0.107,0.169,1.3,0.243,0.5,0.147,11.6,10.1,9.7,33.7,0.042,0.04152161897491055,170,261,503,407,87,516,140,347,327,42,139,142,304,506,541,473,522,382,2024-25,Regular Season,Defense
1628415,Dillon Brooks,Dillon,1610612745,HOU,29.0,75,49,26,0.653,31.8,108.8,2.7,0.081,0.121,0.8,0.147,0.2,0.07,9.7,9.2,8.8,32.7,0.127,0.12703062247022,59,25,315,98,72,169,239,476,491,199,428,351,457,422,497,432,507,27,2024-25,Regular Season,Defense
1641794,Dillon Jones,Dillon,1610612760,OKC,23.0,54,45,9,0.833,10.2,102.9,1.7,0.153,0.236,0.3,0.143,0.1,0.08,2.9,3.1,2.6,8.7,0.058,0.057934131130189734,258,56,112,21,454,51,385,170,164,456,437,489,438,81,131,96,94,266,2024-25,Regular Season,Defense
1627734,Domantas Sabonis,Domantas,1610612758,SAC,29.0,70,36,34,0.514,34.7,113.9,10.1,0.286,0.415,0.7,0.125,0.4,0.129,11.8,9.2,9.3,33.8,0.089,0.08858031732480702,118,136,441,259,28,385,1,3,6,255,490,232,331,515,494,461,523,111,2024-25,Regular Season,Defense
1631230,Dominick Barlow,Dominick,1610612737,ATL,22.0,35,13,22,0.371,10.7,111.8,1.4,0.139,0.207,0.3,0.145,0.5,0.457,4.4,3.0,3.3,11.9,0.034,0.033817179047640186,381,382,274,410,446,307,411,212,226,470,434,180,53,147,123,129,143,437,2024-25,Regular Season,Defense
1642270,Donovan Clingan,Donovan,1610612757,POR,21.0,67,29,38,0.433,19.8,109.7,4.6,0.218,0.329,0.5,0.156,1.6,0.651,7.7,6.1,7.8,19.0,0.076,0.0756262105275837,147,212,475,362,277,213,76,44,43,349,403,9,8,312,308,373,274,165,2024-25,Regular Season,Defense
1628378,Donovan Mitchell,Donovan,1610612739,CLE,28.0,71,55,16,0.775,31.4,109.1,3.7,0.112,0.169,1.3,0.235,0.2,0.079,9.6,8.8,9.0,29.6,0.125,0.12498890915991678,108,11,189,49,82,185,117,326,325,38,155,325,440,419,471,443,457,32,2024-25,Regular Season,Defense
1628978,Donte DiVincenzo,Donte,1610612750,MIN,28.0,62,37,25,0.597,25.9,109.1,3.2,0.115,0.175,1.2,0.256,0.3,0.099,10.0,7.8,7.3,26.1,0.104,0.10373804532398842,192,124,300,178,165,183,174,309,307,60,108,291,399,433,406,343,400,70,2024-25,Regular Season,Defense
1627827,Dorian Finney-Smith,Dorian,1610612747,LAL,32.0,63,36,27,0.571,28.9,110.3,2.7,0.089,0.136,0.9,0.192,0.4,0.151,9.6,8.7,8.3,28.8,0.103,0.102923875226908,185,136,334,210,115,249,244,433,432,143,289,235,288,410,465,402,444,71,2024-25,Regular Season,Defense
203926,Doug McDermott,Doug,1610612758,SAC,33.0,42,21,21,0.5,8.1,109.9,0.5,0.054,0.078,0.1,0.091,0.0,0.067,2.0,1.8,1.8,8.0,0.03,0.030273985070230904,330,280,253,266,481,230,546,553,556,530,533,508,463,45,65,59,83,464,2024-25,Regular Season,Defense
203110,Draymond Green,Draymond,1610612744,GSW,35.0,68,42,26,0.618,29.2,108.8,5.0,0.168,0.251,1.5,0.244,1.0,0.332,9.9,7.6,8.5,26.7,0.119,0.11927566259769869,138,81,315,143,113,164,59,133,137,29,136,40,112,430,399,406,407,36,2024-25,Regular Season,Defense
1629234,Drew Eubanks,Drew,1610612746,LAC,28.0,61,25,36,0.41,12.2,114.8,2.7,0.211,0.323,0.2,0.105,0.6,0.52,5.3,3.4,4.7,12.9,0.029,0.02914587772670985,201,252,455,384,421,427,231,51,50,496,519,108,29,191,144,200,162,469,2024-25,Regular Season,Defense
1641809,Drew Peterson,Drew,1610612738,BOS,25.0,25,17,8,0.68,7.4,102.9,1.2,0.161,0.24,0.2,0.172,0.1,0.083,2.7,1.9,1.8,6.4,0.043,0.04255060362019328,427,323,104,80,492,50,435,149,156,494,352,480,431,70,70,64,66,367,2024-25,Regular Season,Defense
1631166,Drew Timme,Drew,1610612751,BKN,24.0,9,3,6,0.333,28.2,115.5,5.3,0.194,0.265,0.4,0.108,0.1,0.077,10.8,6.2,9.1,31.8,0.061,0.0610157517709051,509,508,76,437,121,449,45,80,117,388,515,443,444,470,310,449,496,246,2024-25,Regular Season,Defense
1630696,Dru Smith,Dru,1610612748,MIA,27.0,14,8,6,0.571,19.2,100.5,1.7,0.086,0.124,1.5,0.382,0.4,0.286,6.7,4.1,6.2,16.0,0.126,0.12621512577752012,482,445,76,210,289,39,378,448,475,23,18,201,128,269,190,278,217,28,2024-25,Regular Season,Defense
1629130,Duncan Robinson,Duncan,1610612748,MIA,31.0,74,30,44,0.405,24.1,109.9,2.0,0.084,0.121,0.5,0.142,0.1,0.047,8.3,6.3,7.3,24.1,0.089,0.08868949175468553,71,196,524,387,202,229,338,466,492,340,442,478,496,337,317,341,364,111,2024-25,Regular Season,Defense
1641871,Duop Reath,Duop,1610612757,POR,29.0,46,19,27,0.413,10.2,114.5,1.0,0.111,0.172,0.3,0.141,0.3,0.368,4.2,2.9,4.0,10.9,0.025,0.024815990101205523,307,302,334,382,455,416,457,329,313,469,444,267,82,139,112,168,129,500,2024-25,Regular Season,Defense
203939,Dwight Powell,Dwight,1610612742,DAL,33.0,55,25,30,0.455,10.0,109.7,1.3,0.131,0.202,0.3,0.188,0.4,0.42,3.5,3.1,3.5,10.5,0.038,0.03816467201824331,253,252,383,339,458,215,428,244,234,441,298,227,69,109,128,134,121,412,2024-25,Regular Season,Defense
1630700,Dyson Daniels,Dyson,1610612737,ATL,22.0,76,37,39,0.487,33.8,114.2,4.3,0.127,0.189,3.0,0.41,0.7,0.201,14.1,9.2,11.8,36.4,0.083,0.08317852005446624,51,124,486,301,39,400,87,253,265,1,13,82,213,562,495,545,548,136,2024-25,Regular Season,Defense
1630604,E.J. Liddell,E.J.,1610612741,CHI,24.0,12,6,6,0.5,4.4,126.4,0.5,0.102,0.15,0.1,0.25,0.1,0.333,0.7,1.6,1.0,4.5,-0.005,-0.004905790228137079,498,473,76,266,541,560,534,374,387,534,117,474,100,10,51,19,35,558,2024-25,Regular Season,Defense
203901,Elfrid Payton,Elfrid,1610612740,NOP,31.0,24,3,21,0.125,21.3,113.1,2.7,0.114,0.177,1.0,0.273,0.5,0.186,8.3,7.3,7.5,20.8,0.06,0.059611882582172836,432,508,253,545,247,348,239,315,299,101,78,179,231,342,380,353,301,252,2024-25,Regular Season,Defense
1641989,Elijah Harkless,Elijah,1610612762,UTA,25.0,10,1,9,0.1,13.8,103.5,1.2,0.092,0.133,1.0,0.435,0.1,0.111,5.7,3.6,2.7,12.8,0.074,0.07442571572580702,503,539,112,551,389,57,439,419,441,101,10,457,373,220,152,101,158,175,2024-25,Regular Season,Defense
1641801,Emanuel Miller,Emanuel,1610612741,CHI,25.0,6,4,2,0.667,4.1,130.4,0.7,0.138,0.222,0.2,0.5,0.0,0.0,0.5,1.8,0.3,3.0,-0.009,-0.009377333415344436,524,493,23,84,545,564,518,217,189,504,7,519,519,6,65,10,18,561,2024-25,Regular Season,Defense
1641734,Emoni Bates,Emoni,1610612739,CLE,21.0,10,9,1,0.9,7.5,110.5,0.7,0.075,0.119,0.1,0.25,0.1,0.091,3.5,1.9,3.6,9.2,0.027,0.027227559444192882,503,434,10,13,491,256,512,506,500,529,117,457,415,110,69,138,103,487,2024-25,Regular Season,Defense
1642402,Enrique Freeman,Enrique,1610612754,IND,24.0,22,7,15,0.318,8.2,110.7,0.9,0.106,0.164,0.1,0.079,0.1,0.13,3.1,1.6,3.0,9.1,0.03,0.030210469568368946,441,460,179,447,478,261,489,353,345,514,536,425,326,90,53,110,102,464,2024-25,Regular Season,Defense
201569,Eric Gordon,Eric,1610612755,PHI,36.0,39,12,27,0.308,19.7,116.4,1.0,0.052,0.087,0.7,0.178,0.3,0.169,7.8,6.3,6.6,21.2,0.037,0.036536948036655185,353,393,334,450,279,475,471,557,551,259,326,263,253,313,316,297,307,417,2024-25,Regular Season,Defense
1630596,Evan Mobley,Evan,1610612739,CLE,24.0,71,58,13,0.817,30.5,108.6,7.0,0.213,0.322,0.9,0.164,1.6,0.523,10.1,8.6,8.9,28.5,0.126,0.12617737735554888,108,7,157,24,91,156,20,49,51,171,374,11,27,442,452,436,434,28,2024-25,Regular Season,Defense
1630532,Franz Wagner,Franz,1610612753,ORL,23.0,60,33,27,0.55,33.7,105.8,4.8,0.146,0.214,1.3,0.194,0.4,0.085,10.6,8.3,9.5,30.8,0.166,0.16557628451829004,206,166,334,231,40,85,68,194,209,49,286,244,427,463,434,467,474,2,2024-25,Regular Season,Defense
1627832,Fred VanVleet,Fred,1610612745,HOU,31.0,60,41,19,0.683,35.2,108.8,3.2,0.089,0.133,1.6,0.251,0.4,0.121,10.0,9.7,8.6,35.2,0.14,0.13976048050955187,206,83,226,78,21,166,176,436,443,18,116,209,351,432,524,413,532,10,2024-25,Regular Season,Defense
1641713,GG Jackson,GG,1610612763,MEM,20.0,29,19,10,0.655,15.8,118.6,2.2,0.13,0.215,0.4,0.179,0.2,0.086,6.3,6.3,5.7,17.1,0.019,0.018968310218669397,412,302,117,95,353,524,309,247,205,402,323,393,425,249,313,258,239,516,2024-25,Regular Season,Defense
1629216,Gabe Vincent,Gabe,1610612747,LAL,29.0,72,46,26,0.639,21.2,110.7,1.0,0.045,0.07,0.7,0.217,0.2,0.09,7.4,6.3,7.3,21.8,0.074,0.0742006192250617,95,45,315,106,250,264,460,561,559,241,206,381,421,297,314,345,322,175,2024-25,Regular Season,Defense
202066,Garrett Temple,Garrett,1610612761,TOR,39.0,28,11,17,0.393,8.1,111.1,0.7,0.09,0.139,0.6,0.304,0.1,0.105,3.5,2.1,3.3,7.9,0.029,0.028535514144504243,416,407,202,396,482,278,509,431,427,298,54,490,386,110,80,124,81,469,2024-25,Regular Season,Defense
1629726,Garrison Mathews,Garrison,1610612737,ATL,28.0,47,21,26,0.447,17.6,111.4,1.6,0.085,0.129,0.6,0.174,0.3,0.158,6.6,5.1,5.6,17.1,0.058,0.058326406007681283,298,280,315,351,319,287,395,463,458,331,343,261,278,262,243,249,240,266,2024-25,Regular Season,Defense
203914,Gary Harris,Gary,1610612753,ORL,30.0,48,28,20,0.583,14.8,103.2,0.9,0.063,0.096,0.5,0.183,0.3,0.143,5.4,3.9,4.7,14.3,0.086,0.08623008212954149,297,220,242,197,372,53,481,538,538,337,310,309,310,198,171,201,190,126,2024-25,Regular Season,Defense
1627780,Gary Payton II,Gary,1610612744,GSW,32.0,62,36,26,0.581,15.0,110.1,2.1,0.134,0.212,0.8,0.267,0.3,0.162,5.3,4.4,4.2,14.7,0.056,0.055799590634723166,192,136,315,202,370,242,327,227,215,179,89,291,271,193,202,179,199,279,2024-25,Regular Season,Defense
1629018,Gary Trent Jr.,Gary,1610612749,MIL,26.0,74,44,30,0.595,25.6,114.0,2.0,0.074,0.111,1.0,0.254,0.1,0.027,8.3,8.2,8.1,26.2,0.065,0.06471340083138004,71,62,383,181,170,390,339,512,517,119,111,504,514,336,424,389,402,226,2024-25,Regular Season,Defense
1627777,Georges Niang,Georges,1610612737,ATL,32.0,79,55,24,0.696,21.5,114.1,2.8,0.126,0.196,0.4,0.103,0.2,0.093,6.6,6.7,6.3,21.0,0.053,0.052869199392511126,23,11,291,74,242,393,214,257,250,432,524,386,411,264,338,284,305,298,2024-25,Regular Season,Defense
203507,Giannis Antetokounmpo,Giannis,1610612749,MIL,30.0,67,40,27,0.597,34.2,111.7,9.7,0.266,0.387,0.9,0.169,1.2,0.333,11.0,9.1,10.8,32.5,0.109,0.10907369696110174,147,89,334,177,36,302,4,14,13,169,359,31,100,478,490,518,506,57,2024-25,Regular Season,Defense
1629048,Goga Bitadze,Goga,1610612753,ORL,25.0,70,38,32,0.543,20.4,107.4,4.2,0.227,0.329,0.7,0.186,1.4,0.49,7.6,5.0,5.8,18.6,0.089,0.08906770996490483,118,110,413,236,264,117,88,38,45,245,300,19,43,307,239,264,265,111,2024-25,Regular Season,Defense
1641711,Gradey Dick,Gradey,1610612761,TOR,21.0,54,15,39,0.278,29.4,116.1,2.8,0.092,0.142,0.9,0.198,0.2,0.068,11.4,9.1,10.3,31.6,0.057,0.05685275685959467,258,349,486,470,111,464,227,421,415,158,268,376,461,496,489,502,490,273,2024-25,Regular Season,Defense
1629684,Grant Williams,Grant,1610612766,CHA,26.0,16,6,10,0.375,29.9,113.3,4.0,0.134,0.198,1.1,0.217,0.8,0.295,10.7,8.3,7.8,28.9,0.083,0.08277444048513391,469,473,117,407,103,355,102,228,245,71,207,72,125,467,435,370,446,136,2024-25,Regular Season,Defense
1628960,Grayson Allen,Grayson,1610612756,PHX,29.0,64,29,35,0.453,24.1,118.0,2.5,0.103,0.157,0.8,0.24,0.3,0.125,9.2,6.9,9.1,24.9,0.034,0.03356713123405371,170,212,447,344,203,513,269,369,365,177,145,274,335,392,364,444,376,437,2024-25,Regular Season,Defense
1627824,Guerschon Yabusele,Guerschon,1610612755,PHI,29.0,70,23,47,0.329,27.1,116.7,3.7,0.149,0.238,0.8,0.161,0.3,0.163,8.9,8.4,8.2,29.2,0.046,0.04636904318267949,118,265,539,443,146,485,118,184,161,185,385,246,268,374,440,393,449,344,2024-25,Regular Season,Defense
1630611,Gui Santos,Gui,1610612744,GSW,23.0,56,36,20,0.643,13.6,107.3,1.8,0.127,0.191,0.4,0.169,0.2,0.161,4.4,3.9,3.2,12.1,0.061,0.060632774785802264,246,136,242,103,392,112,365,252,262,385,357,382,273,152,175,120,148,246,2024-25,Regular Season,Defense
203084,Harrison Barnes,Harrison,1610612759,SAS,33.0,82,34,48,0.415,27.2,115.6,2.6,0.091,0.139,0.5,0.108,0.2,0.056,9.2,8.5,9.4,28.9,0.055,0.055363082664256616,1,157,542,378,141,455,247,426,426,370,517,395,482,391,445,462,445,285,2024-25,Regular Season,Defense
1631127,Harrison Ingram,Harrison,1610612759,SAS,22.0,5,0,5,0.0,7.0,92.0,1.4,0.175,0.241,0.6,0.429,0.0,0.0,2.8,0.8,1.2,5.2,0.063,0.06330278015296169,535,557,64,557,501,19,414,118,151,303,11,519,519,76,21,32,45,236,2024-25,Regular Season,Defense
1629312,Haywood Highsmith,Haywood,1610612748,MIA,28.0,74,35,39,0.473,24.6,110.4,2.4,0.098,0.144,0.9,0.21,0.5,0.274,8.4,6.7,7.7,24.4,0.087,0.08726362175543585,71,149,486,311,189,252,279,388,404,144,231,149,141,345,341,366,370,123,2024-25,Regular Season,Defense
1630529,Herbert Jones,Herbert,1610612740,NOP,26.0,20,5,15,0.25,32.4,112.5,2.8,0.085,0.136,1.9,0.27,0.5,0.111,12.7,9.9,10.5,34.5,0.096,0.09624084370466984,448,485,179,489,61,330,221,455,437,4,84,187,373,546,532,505,527,87,2024-25,Regular Season,Defense
1641816,Hunter Tyson,Hunter,1610612743,DEN,25.0,51,30,21,0.588,7.8,108.7,1.0,0.124,0.177,0.2,0.152,0.1,0.154,3.1,2.0,2.7,7.3,0.033,0.0330272319149597,275,196,253,186,485,158,458,266,300,497,419,440,284,88,74,99,76,446,2024-25,Regular Season,Defense
1630193,Immanuel Quickley,Immanuel,1610612761,TOR,26.0,33,12,21,0.364,27.8,110.7,3.1,0.107,0.159,0.7,0.17,0.1,0.054,9.0,8.1,8.7,28.2,0.097,0.09737941365829526,390,393,253,419,132,260,188,350,360,247,354,439,485,382,421,421,431,84,2024-25,Regular Season,Defense
1642403,Isaac Jones,Isaac,1610612758,SAC,24.0,40,19,21,0.475,7.6,115.1,0.9,0.12,0.171,0.1,0.119,0.3,0.333,3.0,1.7,2.3,7.5,0.017,0.017203218654585455,342,302,253,308,489,440,488,277,318,518,496,309,100,84,57,83,79,526,2024-25,Regular Season,Defense
1630171,Isaac Okoro,Isaac,1610612739,CLE,24.0,55,44,11,0.8,19.1,109.7,1.5,0.072,0.108,0.6,0.177,0.3,0.163,6.3,5.2,6.2,17.5,0.072,0.07195714283029706,253,62,128,32,291,209,407,518,522,315,330,280,268,243,247,277,249,185,2024-25,Regular Season,Defense
1642268,Isaiah Collier,Isaiah,1610612762,UTA,20.0,71,14,57,0.197,25.9,118.6,2.9,0.104,0.161,0.9,0.25,0.2,0.096,11.4,8.2,9.7,27.9,0.031,0.031141101320808356,108,364,564,524,164,526,212,364,354,139,117,332,407,492,427,471,428,457,2024-25,Regular Season,Defense
1642384,Isaiah Crawford,Isaiah,1610612758,SAC,23.0,15,7,8,0.467,3.0,92.7,0.5,0.149,0.233,0.1,0.111,0.1,0.5,1.1,0.4,0.6,2.1,0.027,0.02670768875813637,476,460,104,319,558,20,543,182,169,538,507,429,34,17,12,15,11,487,2024-25,Regular Season,Defense
1628392,Isaiah Hartenstein,Isaiah,1610612760,OKC,27.0,57,49,8,0.86,27.9,105.3,7.9,0.262,0.383,0.8,0.147,1.1,0.343,7.2,8.1,7.5,24.7,0.14,0.14033061398847765,232,25,104,16,129,74,10,16,17,188,429,36,97,288,419,351,374,10,2024-25,Regular Season,Defense
1630543,Isaiah Jackson,Isaiah,1610612754,IND,23.0,5,1,4,0.2,16.8,107.1,3.4,0.168,0.27,0.6,0.25,1.6,0.8,5.4,5.4,6.8,16.4,0.079,0.0787648336201692,535,539,50,520,335,106,147,129,109,303,117,10,4,201,258,311,227,157,2024-25,Regular Season,Defense
1630198,Isaiah Joe,Isaiah,1610612760,OKC,25.0,74,63,11,0.851,21.7,104.1,2.1,0.089,0.136,0.6,0.155,0.1,0.051,5.9,7.0,5.4,18.8,0.117,0.1171211107980836,71,2,128,17,238,59,331,435,435,279,406,438,488,230,367,237,270,40,2024-25,Regular Season,Defense
1630600,Isaiah Mobley,Isaiah,1610612755,PHI,25.0,1,0,1,0.0,17.4,110.0,3.0,0.158,0.231,1.0,0.5,1.0,1.0,2.0,6.0,7.0,22.0,0.071,0.07146381657954569,562,557,10,557,327,234,196,156,173,101,7,42,1,38,299,322,326,190,2024-25,Regular Season,Defense
1641815,Isaiah Stevens,Isaiah,1610612748,MIA,24.0,3,3,0,1.0,1.8,30.8,0.7,0.222,0.333,0.3,0.333,0.0,0.0,0.0,0.0,0.0,0.0,0.056,0.05636261107070487,549,508,1,1,567,1,518,41,39,434,28,519,519,1,1,1,1,279,2024-25,Regular Season,Defense
1630191,Isaiah Stewart,Isaiah,1610612765,DET,24.0,72,38,34,0.528,19.9,108.6,3.7,0.17,0.258,0.4,0.138,1.4,0.594,7.7,6.7,5.6,18.9,0.082,0.08216143220294504,95,110,441,250,272,155,116,126,125,412,454,18,14,311,346,247,272,143,2024-25,Regular Season,Defense
1631209,Isaiah Wong,Isaiah,1610612766,CHA,24.0,20,2,18,0.1,13.3,102.6,0.9,0.071,0.102,0.6,0.196,0.0,0.0,6.2,2.4,3.9,10.5,0.076,0.07617076929059488,448,525,211,551,397,49,484,521,533,333,274,519,519,239,87,161,120,165,2024-25,Regular Season,Defense
1627826,Ivica Zubac,Ivica,1610612746,LAC,28.0,80,50,30,0.625,32.8,107.1,8.9,0.271,0.383,0.7,0.104,1.1,0.404,12.1,8.0,10.2,30.9,0.147,0.14708051257793867,16,23,383,127,51,109,7,11,18,252,520,34,77,523,414,497,477,6,2024-25,Regular Season,Defense
1631120,JD Davison,JD,1610612738,BOS,22.0,16,13,3,0.813,5.8,105.4,0.7,0.118,0.212,0.3,0.25,0.1,0.077,2.8,1.4,1.8,6.1,0.028,0.028335849175347053,469,382,39,27,515,75,515,284,216,446,117,499,444,71,43,63,63,481,2024-25,Regular Season,Defense
1630550,JT Thor,JT,1610612764,WAS,22.0,20,10,10,0.5,12.5,115.3,1.4,0.101,0.165,0.4,0.25,0.5,0.281,4.3,5.0,4.4,11.4,0.026,0.025567365895778304,448,419,117,266,410,447,414,378,339,407,117,187,135,142,236,189,134,493,2024-25,Regular Season,Defense
1629630,Ja Morant,Ja,1610612763,MEM,25.0,50,30,20,0.6,30.4,109.6,3.4,0.101,0.154,1.2,0.21,0.2,0.075,12.4,8.7,10.1,30.3,0.117,0.11682101870026541,283,196,242,168,93,205,145,377,377,52,233,323,450,535,466,488,467,40,2024-25,Regular Season,Defense
1642266,Ja'Kobe Walter,Ja'Kobe,1610612761,TOR,20.0,52,19,33,0.365,21.2,111.1,1.9,0.092,0.142,0.8,0.218,0.2,0.097,7.6,6.5,6.8,23.5,0.072,0.07187865611406297,267,302,428,418,249,274,350,424,413,186,197,372,406,305,327,306,350,185,2024-25,Regular Season,Defense
1631095,Jabari Smith Jr.,Jabari,1610612745,HOU,22.0,57,40,17,0.702,30.1,106.1,5.2,0.162,0.23,0.4,0.096,0.7,0.232,10.2,7.4,8.8,29.6,0.145,0.14517461110913152,232,89,202,71,99,90,52,146,174,393,530,83,181,447,385,427,455,8,2024-25,Regular Season,Defense
1631133,Jabari Walker,Jabari,1610612757,POR,22.0,60,23,37,0.383,12.5,107.6,2.5,0.198,0.33,0.6,0.221,0.1,0.077,4.6,4.0,4.3,13.4,0.056,0.05644625258187388,206,265,465,403,408,125,261,72,42,333,187,457,444,159,180,186,172,279,2024-25,Regular Season,Defense
1629098,Jack McVeigh,Jack,1610612745,HOU,29.0,9,5,4,0.556,4.8,93.9,0.3,0.056,0.083,0.0,0.0,0.2,0.182,1.2,1.1,1.3,3.8,0.044,0.043957629103518664,509,485,50,223,531,23,553,551,553,541,541,334,238,20,35,40,25,363,2024-25,Regular Season,Defense
1642050,Jackson Rowe,Jackson,1610612744,GSW,28.0,6,4,2,0.667,8.6,103.5,1.3,0.167,0.216,0.7,0.4,0.0,0.0,3.3,1.7,2.0,8.0,0.051,0.05110049985795568,524,493,23,84,473,56,421,136,204,259,15,519,519,105,55,67,85,312,2024-25,Regular Season,Defense
1631210,Jacob Toppin,Jacob,1610612737,ATL,25.0,17,13,4,0.765,4.4,104.4,0.7,0.148,0.218,0.1,0.182,0.0,0.0,2.6,1.6,1.4,4.0,0.023,0.02298953523546376,464,382,50,52,538,62,511,187,202,523,313,519,519,64,54,41,27,506,2024-25,Regular Season,Defense
1630702,Jaden Hardy,Jaden,1610612742,DAL,22.0,57,30,27,0.526,15.9,111.6,1.4,0.085,0.13,0.5,0.181,0.1,0.062,6.6,4.8,5.0,17.0,0.052,0.052412049484326685,232,196,334,251,350,297,413,456,454,364,317,473,473,263,220,220,235,303,2024-25,Regular Season,Defense
1631093,Jaden Ivey,Jaden,1610612765,DET,23.0,30,14,16,0.467,29.9,114.6,2.8,0.091,0.133,0.9,0.257,0.4,0.115,11.1,8.9,9.1,27.7,0.069,0.0692365665431128,409,364,189,319,104,421,221,425,442,135,107,234,367,484,474,450,424,202,2024-25,Regular Season,Defense
1630183,Jaden McDaniels,Jaden,1610612750,MIN,24.0,82,49,33,0.598,31.9,109.9,4.2,0.126,0.186,1.3,0.255,0.9,0.272,11.3,8.7,9.9,31.2,0.118,0.11753350584358614,1,25,428,173,71,231,93,258,270,37,110,60,144,489,462,477,483,38,2024-25,Regular Season,Defense
1630531,Jaden Springer,Jaden,1610612762,UTA,22.0,43,22,21,0.512,8.5,108.9,1.0,0.107,0.163,0.6,0.308,0.1,0.148,3.6,2.6,2.8,9.3,0.034,0.0344331592862744,328,274,253,261,475,176,475,348,349,323,51,470,301,114,94,104,105,437,2024-25,Regular Season,Defense
203109,Jae Crowder,Jae,1610612758,SAC,34.0,9,3,6,0.333,11.4,109.2,1.6,0.133,0.192,0.3,0.2,0.0,0.0,3.2,2.7,3.0,10.7,0.045,0.04537185010279996,509,508,76,437,434,190,398,233,260,434,261,519,519,98,102,110,124,352,2024-25,Regular Season,Defense
1630256,Jae'Sean Tate,Jae'Sean,1610612745,HOU,29.0,52,38,14,0.731,11.3,104.7,1.3,0.108,0.165,0.5,0.226,0.1,0.119,3.8,3.0,3.2,12.5,0.062,0.06151892249216058,267,110,168,63,436,68,429,343,341,355,176,427,360,120,125,119,154,240,2024-25,Regular Season,Defense
1626143,Jahlil Okafor,Jahlil,1610612754,IND,29.0,1,0,1,0.0,3.4,62.5,1.0,0.25,0.25,0.0,0.0,0.0,0.0,0.0,0.0,0.0,2.0,0.066,0.06569825523752831,562,557,10,557,555,2,460,24,138,541,541,519,519,1,1,1,6,222,2024-25,Regular Season,Defense
1642443,Jahmir Young,Jahmir,1610612741,CHI,24.0,6,4,2,0.667,4.9,123.5,0.3,0.059,0.087,0.0,0.0,0.0,0.0,1.8,1.5,1.5,4.0,-0.001,-0.0011337769771645999,524,493,23,84,529,558,553,546,550,541,541,519,519,36,47,43,27,555,2024-25,Regular Season,Defense
1631170,Jaime Jaquez Jr.,Jaime,1610612748,MIA,24.0,66,32,34,0.485,20.7,113.9,3.1,0.145,0.215,0.9,0.279,0.2,0.124,7.4,5.8,6.7,20.8,0.054,0.053814375940471046,156,179,441,303,261,381,181,196,207,141,72,353,345,296,284,302,302,290,2024-25,Regular Season,Defense
1631222,Jake LaRavia,Jake,1610612758,SAC,23.0,66,40,26,0.606,20.4,111.2,2.6,0.12,0.185,0.9,0.247,0.3,0.144,9.0,6.4,6.7,21.2,0.071,0.07095849207479682,156,89,315,163,263,281,252,278,276,131,130,245,308,378,325,302,309,190,2024-25,Regular Season,Defense
1627751,Jakob Poeltl,Jakob,1610612761,TOR,29.0,57,21,36,0.368,29.6,111.9,6.3,0.206,0.304,1.2,0.228,1.2,0.428,11.6,8.2,9.1,29.8,0.093,0.09302409496952546,232,280,455,414,109,311,29,61,65,64,174,26,66,508,423,446,460,98,2024-25,Regular Season,Defense
1641779,Jalen Bridges,Jalen,1610612756,PHX,24.0,8,1,7,0.125,3.8,88.7,0.5,0.121,0.154,0.0,0.0,0.0,0.0,0.6,0.9,0.3,3.8,0.037,0.036866257238701586,516,539,90,545,548,13,534,273,378,541,541,519,519,9,24,7,23,417,2024-25,Regular Season,Defense
1628973,Jalen Brunson,Jalen,1610612752,NYK,28.0,65,40,25,0.615,35.4,115.7,2.5,0.072,0.109,0.9,0.163,0.1,0.047,11.4,9.4,11.4,37.0,0.071,0.07140245328662344,162,89,300,144,17,457,274,516,521,142,378,437,495,493,507,537,553,190,2024-25,Regular Season,Defense
1631105,Jalen Duren,Jalen,1610612765,DET,21.0,78,43,35,0.551,26.1,114.0,6.8,0.259,0.379,0.7,0.163,1.1,0.416,9.5,7.2,8.3,25.8,0.066,0.06621866549869548,35,75,447,229,161,391,22,17,21,251,377,32,71,407,373,401,395,222,2024-25,Regular Season,Defense
1630224,Jalen Green,Jalen,1610612745,HOU,23.0,82,52,30,0.634,32.9,111.1,4.0,0.12,0.18,0.9,0.153,0.3,0.103,11.4,9.4,9.9,34.9,0.111,0.11093127809525871,1,19,383,112,49,273,101,276,291,168,416,256,387,495,506,477,529,54,2024-25,Regular Season,Defense
1641720,Jalen Hood-Schifino,Jalen,1610612755,PHI,22.0,15,3,12,0.2,21.0,123.5,1.6,0.077,0.123,0.3,0.104,0.5,0.219,6.5,8.3,7.0,23.7,-0.005,-0.004584252265363014,476,508,146,520,256,557,389,500,479,434,522,174,193,260,431,322,354,558,2024-25,Regular Season,Defense
1630552,Jalen Johnson,Jalen,1610612737,ATL,23.0,36,18,18,0.5,35.7,110.2,8.3,0.216,0.325,1.6,0.208,1.0,0.231,15.9,10.3,13.2,35.6,0.132,0.13241359415724924,370,312,211,266,16,244,8,46,49,19,239,42,183,569,547,566,535,21,2024-25,Regular Season,Defense
1629667,Jalen McDaniels,Jalen,1610612758,SAC,27.0,4,2,2,0.5,1.8,77.8,0.0,0.0,0.0,0.3,1.0,0.0,0.0,0.5,0.0,1.0,2.0,0.028,0.028104259304025183,541,525,23,266,568,7,564,564,564,471,1,519,519,6,1,19,6,481,2024-25,Regular Season,Defense
1629618,Jalen Pickett,Jalen,1610612743,DEN,25.0,49,31,18,0.633,13.6,109.7,1.1,0.078,0.115,0.4,0.183,0.1,0.067,5.0,3.9,3.9,12.8,0.05,0.049951133825186414,293,186,211,114,393,214,451,497,509,414,311,455,463,174,173,163,159,317,2024-25,Regular Season,Defense
1630188,Jalen Smith,Jalen,1610612741,CHI,25.0,64,28,36,0.438,15.0,111.5,4.2,0.241,0.371,0.3,0.112,0.7,0.358,5.7,5.1,4.3,16.2,0.05,0.049547271578141795,170,220,455,357,366,296,90,28,24,467,505,91,87,219,241,185,223,317,2024-25,Regular Season,Defense
1630591,Jalen Suggs,Jalen,1610612753,ORL,24.0,35,20,15,0.571,28.6,104.8,3.4,0.126,0.182,1.5,0.232,0.9,0.236,11.2,6.3,7.7,27.4,0.152,0.1519203429110381,381,296,179,210,117,69,150,255,281,28,163,55,176,486,315,367,420,5,2024-25,Regular Season,Defense
1631114,Jalen Williams,Jalen,1610612760,OKC,24.0,69,55,14,0.797,32.4,106.5,4.5,0.131,0.201,1.6,0.21,0.7,0.168,8.8,10.2,8.6,29.5,0.154,0.15363514078484836,129,11,168,36,60,95,84,241,236,16,229,96,256,370,546,408,452,4,2024-25,Regular Season,Defense
1630592,Jalen Wilson,Jalen,1610612751,BKN,24.0,79,25,54,0.316,25.7,113.7,2.5,0.102,0.155,0.5,0.12,0.1,0.029,10.3,6.7,8.3,25.8,0.067,0.06709229837548066,23,252,557,448,169,375,273,373,373,354,495,498,513,450,338,398,396,217,2024-25,Regular Season,Defense
1631288,Jamal Cain,Jamal,1610612740,NOP,26.0,37,6,31,0.162,13.6,119.3,1.6,0.117,0.186,0.6,0.284,0.2,0.214,5.8,4.6,4.8,15.4,0.014,0.013725507745347079,361,473,395,537,395,537,396,300,271,290,67,320,198,225,214,208,209,535,2024-25,Regular Season,Defense
1627750,Jamal Murray,Jamal,1610612743,DEN,28.0,67,41,26,0.612,36.1,115.5,3.2,0.084,0.127,1.4,0.238,0.5,0.144,12.5,11.0,12.2,39.6,0.075,0.07522942236769715,147,83,315,152,11,450,167,467,464,35,153,161,306,541,561,552,568,170,2024-25,Regular Season,Defense
1642347,Jamal Shead,Jamal,1610612761,TOR,22.0,75,28,47,0.373,19.6,113.3,1.1,0.057,0.091,0.8,0.224,0.1,0.078,7.5,6.7,6.3,20.2,0.054,0.053872070377314445,59,220,539,409,282,351,453,550,545,213,180,429,443,302,350,288,294,290,2024-25,Regular Season,Defense
1631123,Jamaree Bouyea,Jamaree,1610612749,MIL,26.0,5,4,1,0.8,12.3,117.8,0.8,0.058,0.1,0.8,0.571,0.4,0.25,6.4,5.2,1.6,11.2,0.018,0.01753038619033694,535,493,10,32,417,508,500,548,534,199,6,217,157,252,245,47,132,520,2024-25,Regular Season,Defense
201935,James Harden,James,1610612746,LAC,35.0,79,50,29,0.633,35.3,109.2,5.1,0.143,0.207,1.5,0.22,0.7,0.214,12.9,8.9,11.0,34.1,0.138,0.13756542445845094,23,23,362,113,20,192,55,201,223,24,191,87,201,549,479,525,526,15,2024-25,Regular Season,Defense
201949,James Johnson,James,1610612754,IND,38.0,12,5,7,0.417,3.1,110.5,0.5,0.176,0.286,0.0,0.0,0.2,0.5,0.8,0.8,0.8,3.5,0.011,0.010568940745742285,498,485,90,375,557,258,534,113,83,541,541,398,34,14,23,17,22,542,2024-25,Regular Season,Defense
1630164,James Wiseman,James,1610612754,IND,24.0,1,1,0,1.0,4.6,141.7,1.0,0.25,0.5,0.0,0.0,0.0,0.0,0.0,2.0,2.0,6.0,-0.031,-0.030888460710072164,562,539,1,1,532,567,460,24,1,541,541,519,519,1,76,67,56,568,2024-25,Regular Season,Defense
1642419,Jamison Battle,Jamison,1610612761,TOR,24.0,59,21,38,0.356,17.7,113.4,2.1,0.117,0.18,0.3,0.104,0.2,0.128,7.3,5.3,7.2,19.0,0.048,0.04795779901547389,218,280,475,426,318,367,335,295,292,462,521,396,332,294,253,340,275,330,2024-25,Regular Season,Defense
1641716,Jarace Walker,Jarace,1610612754,IND,21.0,75,45,30,0.6,15.8,112.1,2.7,0.178,0.264,0.7,0.239,0.3,0.208,5.8,3.7,4.9,16.9,0.05,0.04978050587560616,59,56,383,168,352,314,232,107,121,235,150,248,206,228,157,213,234,317,2024-25,Regular Season,Defense
1630215,Jared Butler,Jared,1610612755,PHI,24.0,60,6,54,0.1,17.4,114.5,1.4,0.076,0.12,0.7,0.222,0.2,0.101,6.1,6.1,5.9,17.3,0.043,0.04309221595176691,206,473,557,551,326,413,412,504,494,245,183,344,391,237,307,265,243,367,2024-25,Regular Season,Defense
1642272,Jared McCain,Jared,1610612755,PHI,21.0,23,7,16,0.304,25.7,111.4,1.9,0.076,0.12,0.7,0.146,0.0,0.0,9.4,7.3,8.7,25.7,0.084,0.08379164794949263,438,460,189,453,168,286,357,503,495,273,432,519,519,403,376,417,392,132,2024-25,Regular Season,Defense
1631197,Jared Rhoden,Jared,1610612761,TOR,25.0,14,8,6,0.571,16.2,103.4,2.0,0.113,0.168,0.7,0.233,0.1,0.111,5.2,5.5,5.6,18.3,0.093,0.09286277889815668,482,445,76,210,347,55,339,317,332,237,160,420,373,187,266,252,262,98,2024-25,Regular Season,Defense
1628991,Jaren Jackson Jr.,Jaren,1610612763,MEM,25.0,74,42,32,0.568,29.8,108.8,4.4,0.134,0.199,1.2,0.229,1.5,0.409,11.1,8.6,10.1,27.8,0.121,0.1209582567359068,71,81,413,216,106,168,85,226,240,50,170,13,74,481,458,485,425,34,2024-25,Regular Season,Defense
1629020,Jarred Vanderbilt,Jarred,1610612747,LAL,26.0,36,25,11,0.694,16.1,112.2,3.2,0.194,0.3,1.0,0.347,0.3,0.27,5.9,4.8,5.8,17.4,0.05,0.0499546299423284,370,252,128,76,349,321,172,79,68,121,25,287,145,233,221,263,247,317,2024-25,Regular Season,Defense
1628386,Jarrett Allen,Jarrett,1610612739,CLE,27.0,82,64,18,0.78,28.0,111.3,7.1,0.238,0.354,0.9,0.182,0.9,0.386,9.6,7.9,10.1,28.6,0.093,0.09259484913894694,1,1,211,44,123,285,18,32,31,132,312,63,80,415,409,487,436,98,2024-25,Regular Season,Defense
1629750,Javonte Green,Javonte,1610612739,CLE,31.0,68,24,44,0.353,18.5,117.0,2.3,0.122,0.192,1.0,0.267,0.5,0.238,6.7,5.9,8.0,20.5,0.031,0.03114756315705163,138,261,524,428,311,493,293,270,259,124,88,184,173,268,290,383,296,457,2024-25,Regular Season,Defense
1629637,Jaxson Hayes,Jaxson,1610612747,LAL,25.0,56,38,18,0.679,19.5,109.8,3.4,0.163,0.242,0.6,0.178,0.9,0.451,6.5,5.4,7.8,18.8,0.074,0.0735544118435111,246,110,211,82,285,222,146,144,150,330,325,58,56,259,260,374,269,175,2024-25,Regular Season,Defense
1630643,Jay Huff,Jay,1610612763,MEM,27.0,64,37,27,0.578,11.7,110.1,1.5,0.12,0.182,0.3,0.123,0.9,0.523,5.3,3.8,4.4,12.7,0.043,0.043351849235259164,170,124,334,203,430,241,400,275,279,471,492,66,26,189,165,190,155,367,2024-25,Regular Season,Defense
1627759,Jaylen Brown,Jaylen,1610612738,BOS,28.0,63,46,17,0.73,34.3,111.7,4.5,0.126,0.185,1.2,0.24,0.3,0.074,9.7,9.1,10.5,33.7,0.111,0.11119010767553776,185,45,202,64,33,303,82,260,275,63,144,271,452,420,491,507,521,54,2024-25,Regular Season,Defense
1641740,Jaylen Clark,Jaylen,1610612750,MIN,23.0,40,28,12,0.7,13.0,109.6,0.7,0.053,0.081,0.9,0.336,0.1,0.045,4.0,3.7,4.0,13.2,0.052,0.051639227479482616,342,220,146,72,400,204,517,554,554,150,27,506,498,131,159,173,168,303,2024-25,Regular Season,Defense
1641798,Jaylen Martin,Jaylen,1610612764,WAS,21.0,16,3,13,0.188,14.9,120.7,2.1,0.141,0.221,0.6,0.25,0.0,0.0,6.2,5.7,5.0,17.0,0.009,0.008778707236016219,469,508,157,532,371,546,333,204,193,322,117,519,519,240,280,216,236,544,2024-25,Regular Season,Defense
1629669,Jaylen Nowell,Jaylen,1610612764,WAS,25.0,8,1,7,0.125,21.0,114.0,1.8,0.086,0.126,0.1,0.048,0.5,0.25,7.5,6.5,7.9,23.0,0.05,0.04976039091825643,516,539,90,545,255,389,374,447,466,518,539,149,157,300,330,376,342,317,2024-25,Regular Season,Defense
1631301,Jaylen Sims,Jaylen,1610612766,CHA,26.0,6,0,6,0.0,18.6,120.4,0.5,0.025,0.041,0.5,0.188,0.2,0.125,9.7,7.0,5.7,13.7,0.013,0.012859964186086278,524,557,76,557,308,543,534,563,563,355,298,398,335,421,367,253,178,539,2024-25,Regular Season,Defense
1642377,Jaylen Wells,Jaylen,1610612763,MEM,21.0,79,47,32,0.595,25.9,111.9,2.3,0.083,0.122,0.6,0.125,0.1,0.035,10.4,7.5,9.0,25.6,0.081,0.08128410838239436,23,36,413,180,166,312,303,474,484,324,485,456,506,455,390,442,391,147,2024-25,Regular Season,Defense
1631119,Jaylin Williams,Jaylin,1610612760,OKC,23.0,47,40,7,0.851,16.7,103.0,4.6,0.251,0.364,0.5,0.144,0.6,0.392,5.2,4.8,3.8,13.8,0.096,0.0957896919495035,298,89,90,18,337,52,81,23,25,373,436,112,79,184,224,156,182,87,2024-25,Regular Season,Defense
1642281,Jaylon Tyson,Jaylon,1610612739,CLE,22.0,47,37,10,0.787,9.6,108.8,1.3,0.117,0.172,0.3,0.197,0.1,0.081,3.7,2.7,3.6,9.5,0.039,0.038872628548524586,298,124,117,39,462,167,431,290,314,466,272,497,436,119,105,141,107,404,2024-25,Regular Season,Defense
1628369,Jayson Tatum,Jayson,1610612738,BOS,27.0,72,53,19,0.736,36.4,109.8,8.0,0.206,0.313,1.1,0.197,0.5,0.127,10.1,9.7,10.8,36.0,0.137,0.1371547760416577,95,17,226,60,8,224,9,60,56,88,270,139,334,439,521,519,541,17,2024-25,Regular Season,Defense
1641789,Jazian Gortman,Jazian,1610612742,DAL,22.0,16,8,8,0.5,3.5,99.2,0.3,0.065,0.095,0.1,0.222,0.1,0.1,0.7,0.7,1.8,3.8,0.026,0.025634053531977997,469,445,104,266,552,36,559,534,539,518,183,499,392,12,17,54,23,493,2024-25,Regular Season,Defense
1630288,Jeff Dowtin Jr.,Jeff,1610612755,PHI,28.0,41,10,31,0.244,15.1,116.7,1.2,0.079,0.128,0.6,0.233,0.3,0.185,4.7,5.0,5.1,16.7,0.026,0.02628530359236418,336,419,395,499,363,486,444,495,461,312,158,278,235,163,240,224,231,493,2024-25,Regular Season,Defense
201145,Jeff Green,Jeff,1610612745,HOU,38.0,32,20,12,0.625,12.4,116.1,1.5,0.108,0.163,0.2,0.115,0.1,0.082,3.2,4.4,3.2,14.3,0.024,0.024028770419843602,397,296,146,127,413,467,408,344,351,500,499,433,435,97,200,118,194,503,2024-25,Regular Season,Defense
203924,Jerami Grant,Jerami,1610612757,POR,31.0,47,22,25,0.468,32.4,113.4,2.9,0.088,0.136,0.9,0.161,1.0,0.231,13.0,10.1,11.6,31.1,0.087,0.0873935290713396,298,274,300,318,59,368,206,439,433,166,387,46,182,552,542,541,480,123,2024-25,Regular Season,Defense
1630526,Jeremiah Robinson-Earl,Jeremiah,1610612740,NOP,24.0,66,17,49,0.258,18.8,119.0,3.1,0.166,0.252,0.6,0.191,0.1,0.064,7.9,5.9,7.0,20.7,0.021,0.020804404336151536,156,323,548,487,301,534,184,139,135,311,291,448,469,322,289,327,299,513,2024-25,Regular Season,Defense
1631110,Jeremy Sochan,Jeremy,1610612759,SAS,22.0,54,21,33,0.389,25.3,114.5,4.2,0.154,0.241,0.8,0.184,0.5,0.164,10.5,8.6,8.2,26.9,0.06,0.06048584515844673,258,280,428,397,177,418,92,166,154,182,305,149,266,461,453,394,413,252,2024-25,Regular Season,Defense
1630579,Jericho Sims,Jericho,1610612749,MIL,26.0,53,34,19,0.642,11.9,109.1,2.4,0.196,0.291,0.2,0.097,0.4,0.463,4.3,3.3,3.8,11.5,0.046,0.04622465495060041,263,157,226,105,425,182,284,77,75,499,528,240,51,146,143,160,136,344,2024-25,Regular Season,Defense
1642399,Jesse Edwards,Jesse,1610612750,MIN,25.0,2,2,0,1.0,2.3,150.0,0.0,0.0,0.0,0.0,0.0,0.0,0.0,1.0,1.0,1.0,2.0,-0.023,-0.02289287187149138,557,525,1,1,563,568,564,564,564,541,541,519,519,15,30,19,6,565,2024-25,Regular Season,Defense
1641724,Jett Howard,Jett,1610612753,ORL,21.0,60,29,31,0.483,11.7,108.7,0.8,0.074,0.114,0.2,0.108,0.2,0.113,4.4,2.9,3.5,11.4,0.049,0.048775696586817116,206,212,395,306,431,159,493,511,512,491,514,378,371,153,114,132,135,325,2024-25,Regular Season,Defense
1628975,Jevon Carter,Jevon,1610612741,CHI,29.0,36,13,23,0.361,8.9,111.5,1.0,0.094,0.142,0.4,0.271,0.1,0.103,3.1,3.0,2.4,9.2,0.029,0.02928234857081346,370,382,283,422,467,293,472,411,416,426,82,474,387,93,122,88,104,469,2024-25,Regular Season,Defense
202710,Jimmy Butler III,Jimmy,1610612744,GSW,35.0,55,36,19,0.655,31.7,109.6,3.1,0.101,0.147,1.4,0.228,0.3,0.121,10.1,8.2,10.1,31.2,0.119,0.11928405979662408,253,136,226,97,74,203,183,379,396,34,172,257,353,438,429,492,481,36,2024-25,Regular Season,Defense
1629111,Jock Landale,Jock,1610612745,HOU,29.0,42,26,16,0.619,11.9,112.6,1.9,0.151,0.223,0.3,0.14,0.2,0.185,4.1,3.6,3.7,13.0,0.036,0.03628447729627511,330,240,189,141,426,332,351,173,188,448,448,326,234,138,153,145,165,424,2024-25,Regular Season,Defense
204060,Joe Ingles,Joe,1610612750,MIN,37.0,19,12,7,0.632,6.0,113.1,0.5,0.08,0.118,0.1,0.154,0.0,0.0,2.9,1.9,2.2,6.7,0.017,0.016946487159063404,457,393,90,115,512,347,542,485,504,527,408,519,519,83,72,77,70,526,2024-25,Regular Season,Defense
203954,Joel Embiid,Joel,1610612755,PHI,31.0,19,8,11,0.421,30.2,109.5,6.3,0.207,0.307,0.7,0.109,0.9,0.333,10.2,7.7,10.3,27.6,0.117,0.11664912488089949,457,445,128,372,96,200,31,59,63,231,513,54,100,444,401,501,421,40,2024-25,Regular Season,Defense
1628381,John Collins,John,1610612762,UTA,27.0,40,12,28,0.3,30.5,113.3,6.0,0.179,0.265,1.0,0.239,1.0,0.284,14.2,8.7,11.1,30.2,0.083,0.08345871835329184,342,393,349,456,92,352,34,106,118,117,149,42,131,564,459,528,463,136,2024-25,Regular Season,Defense
1629723,John Konchar,John,1610612763,MEM,29.0,46,26,20,0.565,12.1,107.8,2.5,0.187,0.282,0.7,0.25,0.3,0.212,5.5,3.6,4.0,12.3,0.053,0.05298494194367946,307,240,242,218,422,131,272,94,90,273,117,267,203,205,151,172,152,298,2024-25,Regular Season,Defense
1631098,Johnny Davis,Johnny,1610612764,WAS,23.0,34,4,30,0.118,7.1,107.2,0.8,0.104,0.171,0.4,0.357,0.2,0.171,2.8,2.6,2.1,6.0,0.034,0.03357787318973632,387,493,383,549,499,111,498,365,318,392,22,387,250,75,99,74,56,437,2024-25,Regular Season,Defense
1642277,Johnny Furphy,Johnny,1610612754,IND,20.0,50,31,19,0.62,7.6,105.4,1.0,0.126,0.191,0.4,0.214,0.2,0.22,2.8,2.1,2.5,7.2,0.039,0.03899875915987944,283,186,226,138,490,76,474,259,261,428,217,341,191,76,79,93,73,404,2024-25,Regular Season,Defense
1630548,Johnny Juzang,Johnny,1610612762,UTA,24.0,64,15,49,0.234,19.8,120.3,2.2,0.109,0.168,0.6,0.211,0.1,0.095,9.3,6.3,8.6,21.8,0.014,0.014114144870510026,170,349,548,504,275,542,314,338,331,295,225,433,409,398,318,414,320,535,2024-25,Regular Season,Defense
202685,Jonas Valančiūnas,Jonas,1610612758,SAC,33.0,81,23,58,0.284,18.8,118.8,5.4,0.286,0.413,0.5,0.176,0.6,0.351,8.1,5.6,6.3,19.2,0.022,0.021717680730053257,12,265,567,468,299,529,42,4,7,380,340,123,91,327,273,286,279,512,2024-25,Regular Season,Defense
1628371,Jonathan Isaac,Jonathan,1610612753,ORL,27.0,71,35,36,0.493,15.4,106.6,2.7,0.188,0.291,0.9,0.281,1.1,0.503,5.4,4.1,4.4,13.7,0.073,0.07281216591427071,108,149,455,291,359,98,230,90,76,171,70,33,33,202,189,191,180,180,2024-25,Regular Season,Defense
1630228,Jonathan Kuminga,Jonathan,1610612744,GSW,22.0,47,28,19,0.596,24.3,108.9,3.4,0.134,0.203,0.8,0.174,0.4,0.163,8.3,6.7,6.5,23.4,0.098,0.09750402055150013,298,220,226,179,197,177,143,225,231,194,347,190,270,339,351,294,347,83,2024-25,Regular Season,Defense
1642367,Jonathan Mogbo,Jonathan,1610612761,TOR,23.0,63,18,45,0.286,20.4,111.9,3.2,0.157,0.247,0.9,0.242,0.5,0.309,8.2,6.8,7.4,22.7,0.065,0.06521899854186794,185,312,529,464,265,310,170,161,143,165,140,133,119,334,359,347,334,226,2024-25,Regular Season,Defense
203903,Jordan Clarkson,Jordan,1610612762,UTA,33.0,37,10,27,0.27,26.0,117.5,2.5,0.092,0.143,0.8,0.211,0.2,0.114,13.0,9.4,10.7,28.8,0.04,0.03988472763461319,361,419,334,478,162,502,267,420,406,180,224,320,368,553,510,513,443,395,2024-25,Regular Season,Defense
1630692,Jordan Goodwin,Jordan,1610612747,LAL,26.0,29,17,12,0.586,18.7,112.4,2.6,0.135,0.22,1.0,0.263,0.4,0.229,7.3,5.8,8.0,17.9,0.056,0.056302938700125996,412,323,146,193,304,329,254,224,197,93,97,230,185,290,287,384,255,279,2024-25,Regular Season,Defense
1641722,Jordan Hawkins,Jordan,1610612740,NOP,23.0,56,18,38,0.321,23.6,118.1,2.4,0.097,0.156,0.5,0.136,0.4,0.148,9.0,9.3,9.2,26.8,0.032,0.03208960754267738,246,312,475,444,211,514,286,400,367,342,457,213,299,379,498,452,409,452,2024-25,Regular Season,Defense
1629162,Jordan McLaughlin,Jordan,1610612759,SAS,29.0,46,17,29,0.37,6.8,108.9,0.5,0.074,0.115,0.3,0.281,0.0,0.038,2.6,2.1,1.7,6.0,0.027,0.027044065198314468,307,323,362,412,502,173,532,509,508,433,71,517,504,63,81,50,61,487,2024-25,Regular Season,Defense
1641757,Jordan Miller,Jordan,1610612746,LAC,25.0,37,21,16,0.568,11.4,109.8,0.9,0.084,0.125,0.5,0.185,0.1,0.122,4.1,3.0,3.6,12.2,0.043,0.04337596325503475,361,280,189,216,435,219,476,465,471,377,304,426,349,136,117,142,151,367,2024-25,Regular Season,Defense
1629673,Jordan Poole,Jordan,1610612764,WAS,26.0,68,15,53,0.221,29.4,117.9,2.5,0.08,0.124,1.3,0.246,0.4,0.119,12.2,10.0,11.1,33.3,0.042,0.04162359321178935,138,349,555,511,110,511,265,489,472,45,131,221,359,526,538,529,518,382,2024-25,Regular Season,Defense
1641775,Jordan Walsh,Jordan,1610612738,BOS,21.0,52,39,13,0.75,7.8,108.0,0.9,0.113,0.185,0.2,0.154,0.2,0.212,2.7,2.3,2.4,8.0,0.033,0.033433299267666035,267,100,157,56,487,137,486,321,274,486,408,354,204,69,85,90,84,446,2024-25,Regular Season,Defense
1630631,Jose Alvarado,Jose,1610612740,NOP,27.0,56,19,37,0.339,24.4,117.1,1.9,0.077,0.12,1.3,0.322,0.3,0.093,9.2,8.5,8.8,25.0,0.04,0.03978080754690487,246,302,465,435,193,495,348,499,497,40,43,309,412,390,443,431,379,395,2024-25,Regular Season,Defense
1630528,Josh Christopher,Josh,1610612748,MIA,23.0,14,9,5,0.643,5.0,108.2,0.6,0.115,0.158,0.4,0.313,0.2,0.3,1.6,1.4,1.8,4.7,0.023,0.023438409210052403,482,434,64,103,528,143,522,305,363,431,46,349,123,31,41,59,40,506,2024-25,Regular Season,Defense
1630581,Josh Giddey,Josh,1610612741,CHI,22.0,70,33,37,0.471,30.2,114.4,6.3,0.192,0.281,1.2,0.253,0.6,0.222,11.4,9.0,9.7,35.3,0.073,0.07262370933481133,118,166,465,315,95,408,30,85,93,57,113,104,190,499,481,472,534,180,2024-25,Regular Season,Defense
1630182,Josh Green,Josh,1610612766,CHA,24.0,68,17,51,0.25,27.8,114.2,1.7,0.06,0.09,1.1,0.243,0.2,0.084,11.0,7.6,9.0,27.9,0.069,0.0692285028563463,138,323,553,489,133,398,380,543,547,80,137,340,428,477,393,440,427,202,2024-25,Regular Season,Defense
1628404,Josh Hart,Josh,1610612752,NYK,30.0,77,48,29,0.623,37.6,114.3,7.5,0.203,0.303,1.5,0.248,0.4,0.123,11.7,9.9,11.5,38.8,0.091,0.09088508838715169,43,30,362,132,2,403,13,63,67,20,129,243,347,510,531,540,564,104,2024-25,Regular Season,Defense
1631169,Josh Minott,Josh,1610612750,MIN,22.0,46,32,14,0.696,6.0,107.0,0.8,0.115,0.175,0.3,0.313,0.3,0.545,2.4,1.7,1.5,5.9,0.029,0.02897362766523616,307,179,168,75,511,103,503,306,308,442,46,303,21,54,56,43,53,469,2024-25,Regular Season,Defense
1629006,Josh Okogie,Josh,1610612766,CHA,26.0,40,11,29,0.275,15.6,109.3,1.7,0.108,0.165,1.2,0.421,0.5,0.25,5.8,4.7,4.5,15.7,0.061,0.06057437888076504,342,407,362,474,355,195,382,345,340,57,12,171,157,222,216,193,212,246,2024-25,Regular Season,Defense
1626196,Josh Richardson,Josh,1610612748,MIA,31.0,8,4,4,0.5,18.7,114.7,0.8,0.048,0.068,1.0,0.258,0.1,0.143,7.0,4.6,6.4,22.5,0.045,0.04467971293431983,516,493,50,266,306,426,505,559,560,101,105,433,310,280,213,290,331,352,2024-25,Regular Season,Defense
201950,Jrue Holiday,Jrue,1610612738,BOS,35.0,62,47,15,0.758,30.6,107.7,3.0,0.091,0.136,1.1,0.232,0.4,0.12,8.6,8.3,9.2,29.7,0.136,0.1361502479090452,192,36,179,55,90,127,191,427,431,85,164,198,356,354,432,451,459,19,2024-25,Regular Season,Defense
1630577,Julian Champagnie,Julian,1610612759,SAS,24.0,82,34,48,0.415,23.6,114.5,3.1,0.121,0.189,0.7,0.183,0.4,0.144,8.3,7.9,8.2,24.0,0.057,0.05708488429149132,1,157,542,378,212,411,187,274,264,229,309,206,307,340,408,397,361,273,2024-25,Regular Season,Defense
1641763,Julian Phillips,Julian,1610612741,CHI,21.0,79,37,42,0.468,14.2,111.1,1.3,0.082,0.126,0.5,0.21,0.3,0.18,5.4,4.6,3.7,15.3,0.048,0.047879103442618434,23,124,517,316,383,275,427,475,467,366,230,308,241,197,210,152,207,330,2024-25,Regular Season,Defense
1631124,Julian Strawther,Julian,1610612743,DEN,23.0,65,41,24,0.631,21.3,114.4,1.9,0.083,0.127,0.6,0.167,0.2,0.116,8.0,6.8,7.4,21.4,0.052,0.0521090323445357,162,83,291,120,246,407,353,470,463,303,362,318,364,324,352,348,313,303,2024-25,Regular Season,Defense
203944,Julius Randle,Julius,1610612750,MIN,30.0,69,44,25,0.638,32.3,111.6,5.0,0.149,0.224,0.7,0.134,0.2,0.072,12.2,9.0,10.3,34.0,0.103,0.10328190255925847,129,62,300,109,62,299,61,180,185,256,463,329,453,528,487,500,524,71,2024-25,Regular Season,Defense
1630551,Justin Champagnie,Justin,1610612764,WAS,24.0,62,16,46,0.258,21.6,116.8,3.9,0.159,0.257,1.0,0.33,0.6,0.281,8.6,7.6,7.8,23.0,0.038,0.03760437421615472,192,340,533,486,239,489,111,151,128,90,37,110,138,361,394,375,342,412,2024-25,Regular Season,Defense
1642348,Justin Edwards,Justin,1610612755,PHI,21.0,44,11,33,0.25,26.2,123.2,2.3,0.094,0.157,1.0,0.216,0.4,0.157,9.6,9.8,9.0,30.2,-0.003,-0.003181315250923435,322,407,428,489,160,555,300,409,364,96,210,237,280,417,528,441,462,556,2024-25,Regular Season,Defense
1631303,Justin Minaya,Justin,1610612757,POR,26.0,19,8,11,0.421,5.3,101.9,0.3,0.055,0.088,0.3,0.231,0.1,0.25,2.9,1.8,1.5,6.3,0.033,0.03264927468362199,457,445,128,372,521,43,558,552,549,444,167,505,157,79,61,46,64,446,2024-25,Regular Season,Defense
203994,Jusuf Nurkić,Jusuf,1610612766,CHA,30.0,51,18,33,0.353,20.8,115.1,6.1,0.285,0.416,0.8,0.245,0.7,0.41,8.1,5.6,8.1,19.3,0.046,0.046244596369275394,275,312,428,428,257,438,32,7,5,206,132,96,73,329,274,388,280,344,2024-25,Regular Season,Defense
1630231,KJ Martin,KJ,1610612762,UTA,24.0,43,11,32,0.256,21.2,117.4,2.2,0.103,0.165,0.4,0.115,0.5,0.301,9.0,7.4,8.0,22.9,0.032,0.03224055992989635,328,407,413,488,251,500,316,368,337,411,503,145,122,386,382,381,341,452,2024-25,Regular Season,Defense
1642354,KJ Simpson,KJ,1610612766,CHA,22.0,36,3,33,0.083,23.4,116.4,1.9,0.081,0.122,0.9,0.264,0.2,0.086,10.5,7.3,8.2,24.1,0.043,0.0430843777865306,370,508,428,555,214,477,349,482,486,128,96,398,426,460,380,392,362,367,2024-25,Regular Season,Defense
1630539,Kai Jones,Kai,1610612742,DAL,24.0,40,20,20,0.5,11.7,109.2,2.1,0.173,0.255,0.4,0.179,0.6,0.605,3.9,3.7,3.9,12.5,0.045,0.045092484121422374,342,296,242,266,428,193,328,122,129,420,324,122,12,127,159,161,153,352,2024-25,Regular Season,Defense
1626157,Karl-Anthony Towns,Karl-Anthony,1610612752,NYK,29.0,72,46,26,0.639,35.0,112.7,9.8,0.284,0.423,1.0,0.174,0.7,0.281,10.3,9.0,10.1,36.3,0.103,0.10263328986122924,95,45,315,106,25,336,3,8,4,114,345,89,136,449,483,490,546,71,2024-25,Regular Season,Defense
1631255,Karlo Matković,Karlo,1610612740,NOP,24.0,42,12,30,0.286,18.8,114.1,3.5,0.177,0.272,0.5,0.163,1.0,0.432,7.7,6.8,5.9,18.2,0.048,0.0479333531036379,330,393,383,464,298,394,141,108,104,343,379,47,64,308,353,267,260,330,2024-25,Regular Season,Defense
202695,Kawhi Leonard,Kawhi,1610612746,LAC,34.0,37,26,11,0.703,31.9,107.9,5.0,0.158,0.22,1.6,0.241,0.5,0.15,9.2,7.7,8.8,29.4,0.134,0.13387575953979758,361,240,128,70,70,135,60,155,196,17,141,178,291,393,403,429,451,20,2024-25,Regular Season,Defense
1630811,Keaton Wallace,Keaton,1610612737,ATL,26.0,31,15,16,0.484,16.2,108.4,1.4,0.08,0.12,0.9,0.295,0.3,0.184,6.5,4.9,4.5,14.7,0.066,0.06591304932239252,402,349,189,304,346,151,419,490,495,149,59,281,237,254,231,194,198,222,2024-25,Regular Season,Defense
1631099,Keegan Murray,Keegan,1610612758,SAC,24.0,76,36,40,0.474,34.3,113.4,4.8,0.134,0.194,0.8,0.158,0.9,0.295,11.5,9.6,8.9,33.2,0.094,0.093651190059951,51,136,503,309,31,361,70,229,256,198,399,59,127,502,517,437,516,94,2024-25,Regular Season,Defense
1631232,Keion Brooks Jr.,Keion,1610612740,NOP,24.0,14,2,12,0.143,23.7,121.2,3.3,0.136,0.199,0.7,0.192,0.7,0.357,9.8,8.1,8.7,24.4,0.011,0.010914799758981792,482,525,146,541,209,549,161,221,238,237,288,84,88,425,422,425,369,542,2024-25,Regular Season,Defense
1642276,Kel'el Ware,Kel'el,1610612748,MIA,21.0,64,28,36,0.438,22.2,110.9,5.6,0.238,0.356,0.6,0.174,1.1,0.477,8.1,6.3,7.0,23.3,0.077,0.07693389309357561,170,220,455,357,228,271,40,31,29,295,344,35,49,330,321,321,346,160,2024-25,Regular Season,Defense
1629640,Keldon Johnson,Keldon,1610612759,SAS,25.0,77,31,46,0.403,23.9,115.9,3.4,0.136,0.217,0.6,0.144,0.3,0.107,8.6,8.6,7.1,25.3,0.048,0.04774945188256835,43,186,533,388,205,459,151,220,203,284,435,282,383,359,449,328,383,330,2024-25,Regular Season,Defense
203482,Kelly Olynyk,Kelly,1610612740,NOP,34.0,44,12,32,0.273,20.2,113.4,3.3,0.154,0.241,0.8,0.206,0.4,0.247,7.8,6.9,7.1,20.1,0.055,0.05496514468682059,322,393,413,475,266,357,164,167,152,219,245,200,168,314,362,332,291,285,2024-25,Regular Season,Defense
1626162,Kelly Oubre Jr.,Kelly,1610612755,PHI,29.0,60,21,39,0.35,34.6,116.4,4.5,0.14,0.219,1.5,0.214,0.5,0.168,12.2,9.9,11.7,36.2,0.064,0.06352247007736125,206,280,486,430,29,476,83,210,201,21,216,149,258,527,532,543,543,232,2024-25,Regular Season,Defense
1629026,Kenrich Williams,Kenrich,1610612760,OKC,30.0,69,58,11,0.841,16.4,104.1,2.6,0.148,0.222,0.6,0.195,0.1,0.088,4.4,4.9,4.0,14.2,0.088,0.08802490058470615,129,7,128,20,342,60,255,189,192,289,283,419,423,148,225,167,188,116,2024-25,Regular Season,Defense
203484,Kentavious Caldwell-Pope,Kentavious,1610612763,MEM,32.0,77,38,39,0.494,29.6,108.6,1.8,0.064,0.094,1.3,0.24,0.4,0.125,10.6,7.1,8.5,28.5,0.112,0.1117630366751471,43,110,486,288,108,157,369,536,544,44,148,194,343,464,372,404,435,49,2024-25,Regular Season,Defense
1631165,Keon Ellis,Keon,1610612758,SAC,25.0,80,39,41,0.488,24.4,113.2,1.9,0.079,0.116,1.5,0.364,0.8,0.332,8.6,6.2,6.9,24.2,0.067,0.06735543516161671,16,100,512,299,195,350,355,492,506,22,21,74,113,358,311,315,365,217,2024-25,Regular Season,Defense
1630553,Keon Johnson,Keon,1610612751,BKN,23.0,79,25,54,0.316,24.4,114.4,3.0,0.125,0.189,1.0,0.261,0.4,0.171,10.0,6.6,7.9,25.5,0.06,0.05997014364285697,23,252,557,448,194,404,202,261,263,92,102,228,250,435,335,379,388,252,2024-25,Regular Season,Defense
1642352,Keshad Johnson,Keshad,1610612748,MIA,24.0,16,10,6,0.625,6.1,104.1,1.4,0.188,0.272,0.3,0.278,0.3,0.25,2.4,1.9,1.9,5.9,0.036,0.03571395262000618,469,419,76,127,510,61,420,91,105,446,73,309,157,58,71,65,54,424,2024-25,Regular Season,Defense
1630556,Kessler Edwards,Kessler,1610612742,DAL,24.0,40,17,23,0.425,15.2,122.3,2.3,0.154,0.241,0.5,0.202,0.5,0.357,5.3,5.7,4.9,18.6,0.002,0.0021570337184862883,342,323,283,368,362,554,297,164,153,371,256,149,88,194,277,211,264,553,2024-25,Regular Season,Defense
201142,Kevin Durant,Kevin,1610612756,PHX,36.0,62,33,29,0.532,36.5,117.4,5.7,0.147,0.22,0.8,0.158,1.2,0.339,14.3,10.6,13.0,36.8,0.057,0.056611503138169414,192,166,362,244,7,499,38,191,195,195,396,27,98,566,553,563,552,273,2024-25,Regular Season,Defense
1628989,Kevin Huerter,Kevin,1610612741,CHI,26.0,69,39,30,0.565,24.3,111.7,2.5,0.098,0.147,1.0,0.24,0.3,0.154,9.3,7.4,6.1,25.3,0.076,0.07616649776130754,129,100,383,218,198,304,259,391,397,123,145,248,283,395,383,276,382,165,2024-25,Regular Season,Defense
1628995,Kevin Knox II,Kevin,1610612744,GSW,25.0,14,11,3,0.786,6.0,115.6,0.7,0.149,0.227,0.1,0.095,0.3,0.444,2.4,1.9,1.3,6.4,0.013,0.012599140771210238,482,407,39,40,513,456,509,181,178,512,531,282,58,57,68,36,67,539,2024-25,Regular Season,Defense
201567,Kevin Love,Kevin,1610612748,MIA,36.0,23,13,10,0.565,10.9,112.3,3.1,0.282,0.393,0.7,0.283,0.2,0.267,4.7,2.6,5.0,12.0,0.035,0.03510918840926227,438,382,117,218,444,325,180,9,11,273,68,390,146,162,98,214,145,431,2024-25,Regular Season,Defense
1641755,Kevin McCullar Jr.,Kevin,1610612752,NYK,24.0,4,4,0,1.0,7.3,96.9,2.0,0.286,0.348,0.3,0.25,0.3,0.5,3.3,0.5,2.3,8.5,0.058,0.058252349445901595,541,493,1,1,497,29,339,5,34,471,117,309,34,99,15,79,92,266,2024-25,Regular Season,Defense
1629645,Kevin Porter Jr.,Kevin,1610612749,MIL,25.0,75,43,32,0.573,19.8,108.0,3.1,0.148,0.22,1.1,0.298,0.2,0.089,6.9,6.1,5.7,18.2,0.084,0.08396219811236787,59,75,413,208,276,139,177,186,198,81,57,392,422,277,302,255,259,132,2024-25,Regular Season,Defense
1626172,Kevon Looney,Kevon,1610612744,GSW,29.0,76,45,31,0.592,15.0,106.9,3.6,0.227,0.338,0.6,0.223,0.5,0.363,5.1,4.0,4.4,14.4,0.069,0.06945517620915297,51,56,395,185,367,100,123,39,37,299,182,163,84,181,181,192,196,202,2024-25,Regular Season,Defense
1641718,Keyonte George,Keyonte,1610612762,UTA,21.0,67,13,54,0.194,31.5,122.0,3.4,0.104,0.162,0.7,0.161,0.1,0.046,14.5,10.8,13.5,35.7,0.007,0.006990752213953742,147,382,557,527,81,551,148,363,353,254,382,428,497,568,556,567,536,548,2024-25,Regular Season,Defense
203114,Khris Middleton,Khris,1610612764,WAS,33.0,37,18,19,0.486,22.8,112.6,3.4,0.132,0.197,0.9,0.235,0.2,0.1,8.2,6.5,7.8,22.8,0.068,0.06775320086966732,361,312,226,302,219,335,153,236,246,127,156,345,392,333,329,371,335,210,2024-25,Regular Season,Defense
1630165,Killian Hayes,Killian,1610612751,BKN,23.0,6,1,5,0.167,27.1,115.6,2.2,0.087,0.141,0.7,0.108,0.7,0.148,9.3,9.2,12.5,31.0,0.059,0.05864289175647927,524,539,64,535,148,454,323,445,419,259,515,96,301,400,496,559,479,258,2024-25,Regular Season,Defense
202691,Klay Thompson,Klay,1610612742,DAL,35.0,72,33,39,0.458,27.3,115.2,2.8,0.097,0.15,0.7,0.163,0.4,0.124,9.6,9.0,9.1,30.5,0.059,0.059036138307473646,95,166,486,329,139,443,220,397,388,248,375,209,344,410,482,445,471,258,2024-25,Regular Season,Defense
1641738,Kobe Brown,Kobe,1610612746,LAC,25.0,40,25,15,0.625,6.8,114.7,1.2,0.176,0.275,0.2,0.137,0.1,0.148,2.6,2.1,2.4,7.1,0.016,0.01582584609249184,342,252,179,127,503,424,450,116,101,503,455,457,301,66,83,87,72,532,2024-25,Regular Season,Defense
1641723,Kobe Bufkin,Kobe,1610612737,ATL,21.0,10,6,4,0.6,12.4,103.3,1.6,0.123,0.176,0.3,0.125,0.2,0.182,5.5,2.7,5.4,11.6,0.071,0.07149907139906866,503,473,50,168,416,54,389,267,302,454,486,364,238,206,104,238,139,190,2024-25,Regular Season,Defense
1627739,Kris Dunn,Kris,1610612746,LAC,31.0,74,45,29,0.608,24.1,106.0,2.7,0.111,0.161,1.7,0.328,0.4,0.173,9.1,6.0,7.6,22.8,0.117,0.11705287937150677,71,56,362,157,204,89,238,333,355,10,39,236,249,388,296,357,336,40,2024-25,Regular Season,Defense
1631200,Kris Murray,Kris,1610612757,POR,24.0,69,31,38,0.449,15.1,107.8,1.5,0.096,0.155,0.5,0.167,0.2,0.16,6.3,4.5,5.3,15.2,0.067,0.06699990702221326,129,186,475,347,365,128,402,403,372,351,362,317,274,248,206,231,205,217,2024-25,Regular Season,Defense
204001,Kristaps Porziņģis,Kristaps,1610612738,BOS,29.0,42,30,12,0.714,28.8,110.3,5.1,0.163,0.234,0.7,0.199,1.5,0.426,8.4,7.7,9.5,26.0,0.105,0.10539156597495444,330,196,146,68,116,250,53,145,166,230,266,15,68,347,402,468,399,67,2024-25,Regular Season,Defense
203937,Kyle Anderson,Kyle,1610612748,MIA,31.0,61,30,31,0.492,16.4,107.6,2.5,0.148,0.219,0.7,0.213,0.5,0.351,5.6,4.5,4.8,16.3,0.073,0.07343033352537655,201,196,395,294,341,123,268,188,199,271,220,131,92,216,207,209,224,180,2024-25,Regular Season,Defense
1642271,Kyle Filipowski,Kyle,1610612762,UTA,21.0,72,13,59,0.181,21.1,118.9,4.6,0.213,0.334,0.7,0.211,0.3,0.204,9.4,6.6,8.3,24.6,0.024,0.02357640786205459,95,382,568,533,253,532,80,48,38,259,227,266,211,406,336,399,372,503,2024-25,Regular Season,Defense
1628398,Kyle Kuzma,Kyle,1610612749,MIL,29.0,65,25,40,0.385,29.8,116.1,4.9,0.155,0.229,0.6,0.124,0.3,0.118,11.6,8.7,11.2,31.2,0.059,0.05853768952632713,162,252,503,400,107,466,64,162,175,329,491,279,361,504,463,533,481,258,2024-25,Regular Season,Defense
200768,Kyle Lowry,Kyle,1610612755,PHI,39.0,35,14,21,0.4,18.8,109.6,1.6,0.086,0.132,0.9,0.275,0.3,0.2,6.5,5.3,5.6,16.9,0.071,0.07141995727327817,381,364,253,389,296,207,389,451,445,129,77,262,214,256,250,248,232,190,2024-25,Regular Season,Defense
1630283,Kylor Kelley,Kylor,1610612747,LAL,27.0,11,3,8,0.273,11.5,130.5,2.5,0.194,0.276,0.1,0.111,0.3,0.333,5.0,3.8,4.0,13.3,-0.027,-0.026713819433973763,501,508,104,475,433,565,277,78,100,531,507,293,100,174,168,169,170,567,2024-25,Regular Season,Defense
202681,Kyrie Irving,Kyrie,1610612742,DAL,33.0,50,28,22,0.56,36.1,113.9,3.6,0.093,0.148,1.3,0.218,0.5,0.099,13.0,12.1,10.2,38.5,0.091,0.09132034056213316,283,220,274,221,13,383,126,412,392,41,201,177,400,551,569,498,561,104,2024-25,Regular Season,Defense
1642273,Kyshawn George,Kyshawn,1610612764,WAS,21.0,68,15,53,0.221,26.5,115.5,3.5,0.122,0.188,1.0,0.239,0.7,0.248,11.1,8.8,8.8,27.4,0.055,0.05517063254314185,138,349,555,511,158,452,139,269,267,101,152,81,166,480,472,430,418,285,2024-25,Regular Season,Defense
1630163,LaMelo Ball,LaMelo,1610612766,CHA,23.0,47,16,31,0.34,32.0,116.5,3.9,0.121,0.181,1.1,0.213,0.3,0.09,11.8,8.7,10.9,31.9,0.059,0.05888814196904928,298,340,395,434,68,481,107,272,286,67,219,288,418,513,467,523,499,258,2024-25,Regular Season,Defense
1630205,Lamar Stevens,Lamar,1610612763,MEM,27.0,17,7,10,0.412,9.1,101.8,2.0,0.184,0.309,0.3,0.139,0.2,0.167,2.6,4.4,2.4,9.4,0.056,0.05579938349397704,464,460,117,383,464,42,339,97,60,457,450,387,259,64,201,85,106,279,2024-25,Regular Season,Defense
1629013,Landry Shamet,Landry,1610612752,NYK,28.0,50,30,20,0.6,15.2,106.5,1.0,0.064,0.102,0.5,0.181,0.0,0.031,4.9,4.1,3.3,16.7,0.072,0.07195246786060203,283,196,242,168,361,96,460,535,532,375,316,513,511,172,186,122,230,185,2024-25,Regular Season,Defense
1626204,Larry Nance Jr.,Larry,1610612737,ATL,32.0,24,10,14,0.417,19.3,116.5,3.3,0.174,0.253,0.8,0.217,0.5,0.295,7.3,5.3,5.7,19.9,0.035,0.0352383456731411,432,419,168,375,286,480,157,121,132,182,202,130,125,292,254,253,288,431,2024-25,Regular Season,Defense
1628374,Lauri Markkanen,Lauri,1610612762,UTA,28.0,47,9,38,0.191,31.4,117.5,4.4,0.134,0.196,0.7,0.173,0.4,0.12,13.8,8.9,12.1,32.1,0.047,0.047276012353420896,298,434,475,529,83,504,86,230,251,243,350,239,357,561,477,549,502,339,2024-25,Regular Season,Defense
2544,LeBron James,LeBron,1610612747,LAL,40.0,70,44,26,0.629,34.9,114.0,6.8,0.187,0.285,1.0,0.186,0.6,0.171,12.5,10.5,12.1,36.0,0.09,0.08968996363490275,118,62,315,125,27,388,23,93,86,101,302,126,252,540,552,550,538,107,2024-25,Regular Season,Defense
1631159,Leonard Miller,Leonard,1610612750,MIN,21.0,13,11,2,0.846,2.4,98.6,0.6,0.229,0.333,0.2,0.667,0.1,1.0,0.6,0.5,0.3,1.5,0.018,0.01826395983816497,489,407,23,19,562,33,524,35,39,508,3,483,1,8,14,8,4,520,2024-25,Regular Season,Defense
1631311,Lester Quinones,Lester,1610612740,NOP,24.0,13,3,10,0.231,14.1,110.4,1.2,0.076,0.109,0.2,0.115,0.2,0.111,5.6,5.3,5.5,17.1,0.053,0.05293759895092787,489,508,117,506,384,253,449,502,519,486,499,408,373,215,251,244,238,298,2024-25,Regular Season,Defense
1641857,Liam Robbins,Liam,1610612749,MIL,25.0,13,8,5,0.615,4.4,85.6,0.4,0.085,0.114,0.2,0.154,0.2,0.2,2.8,0.8,1.3,1.8,0.049,0.04911579161901288,489,445,64,144,542,10,552,462,513,508,408,408,214,78,20,38,5,325,2024-25,Regular Season,Defense
1630322,Lindy Waters III,Lindy,1610612765,DET,27.0,52,27,25,0.519,15.0,110.2,1.7,0.116,0.178,0.5,0.196,0.2,0.145,5.1,4.3,3.9,13.4,0.053,0.05346353909605202,267,232,300,257,369,246,376,304,298,347,278,354,305,182,195,166,171,298,2024-25,Regular Season,Defense
1629022,Lonnie Walker IV,Lonnie,1610612755,PHI,26.0,20,3,17,0.15,23.8,118.7,2.9,0.117,0.186,0.5,0.12,0.3,0.096,10.1,8.4,9.9,26.1,0.029,0.02852651796313078,448,508,202,540,206,528,213,296,272,355,494,309,408,437,436,476,401,469,2024-25,Regular Season,Defense
1628366,Lonzo Ball,Lonzo,1610612741,CHI,27.0,35,16,19,0.457,22.2,108.0,2.7,0.106,0.154,1.3,0.329,0.5,0.205,7.5,6.8,6.1,23.1,0.096,0.0956874212126558,381,340,226,332,229,136,242,356,376,36,38,166,209,303,358,271,344,87,2024-25,Regular Season,Defense
1629652,Luguentz Dort,Luguentz,1610612760,OKC,26.0,71,57,14,0.803,29.2,107.3,2.9,0.093,0.14,1.1,0.174,0.5,0.15,7.8,9.0,8.0,26.9,0.13,0.13042525793628335,108,10,168,31,112,114,211,416,424,73,346,129,293,317,480,386,411,22,2024-25,Regular Season,Defense
1629029,Luka Dončić,Luka,1610612747,LAL,26.0,50,31,19,0.62,35.4,110.5,7.4,0.198,0.299,1.8,0.285,0.4,0.121,12.1,9.6,12.1,34.0,0.126,0.12621526536094338,283,186,226,138,19,257,14,75,69,7,65,207,350,521,516,551,525,28,2024-25,Regular Season,Defense
1630568,Luka Garza,Luka,1610612750,MIN,26.0,39,28,11,0.718,5.6,107.5,0.6,0.103,0.165,0.2,0.154,0.1,0.2,2.1,1.4,1.8,5.7,0.026,0.02642769644969419,353,220,128,67,517,120,527,370,336,508,408,483,214,46,42,57,52,493,2024-25,Regular Season,Defense
1628379,Luke Kennard,Luke,1610612763,MEM,29.0,65,37,28,0.569,22.6,114.5,2.2,0.094,0.143,0.8,0.196,0.1,0.03,9.9,7.6,8.7,23.5,0.054,0.05438634552343329,162,124,349,215,223,409,308,408,412,214,276,483,512,428,392,426,351,290,2024-25,Regular Season,Defense
1628436,Luke Kornet,Luke,1610612738,BOS,29.0,73,53,20,0.726,18.6,106.3,2.7,0.139,0.208,0.5,0.177,1.0,0.486,4.9,4.7,5.1,15.8,0.087,0.08710314003853532,86,17,242,65,307,93,234,213,222,363,329,49,47,169,218,223,213,123,2024-25,Regular Season,Defense
1631247,Luke Travers,Luke,1610612739,CLE,23.0,12,10,2,0.833,7.3,109.7,1.0,0.108,0.188,0.1,0.1,0.1,0.083,2.7,2.6,3.3,9.0,0.028,0.027782924507489606,498,419,23,21,496,212,460,341,268,534,526,474,431,68,95,126,99,481,2024-25,Regular Season,Defense
1630644,Mac McClung,Mac,1610612753,ORL,26.0,2,1,1,0.5,5.1,128.6,0.5,0.1,0.143,0.0,0.0,0.0,0.0,3.5,2.0,2.5,6.0,-0.009,-0.008658515416889986,557,539,10,266,526,563,534,381,406,541,541,519,519,110,76,92,56,561,2024-25,Regular Season,Defense
1630201,Malachi Flynn,Malachi,1610612759,SAS,27.0,4,2,2,0.5,10.9,109.1,1.0,0.08,0.138,0.8,0.75,0.0,0.0,2.8,3.3,2.3,13.5,0.041,0.041282075076147944,541,525,23,266,445,184,460,488,429,219,2,519,519,71,135,79,173,388,2024-25,Regular Season,Defense
1631103,Malaki Branham,Malaki,1610612759,SAS,22.0,47,18,29,0.383,9.1,109.8,0.9,0.093,0.141,0.2,0.177,0.0,0.038,3.5,2.4,3.4,9.9,0.035,0.034674585356971634,298,312,362,404,466,226,480,414,418,485,327,511,505,113,89,131,111,431,2024-25,Regular Season,Defense
1627763,Malcolm Brogdon,Malcolm,1610612764,WAS,32.0,24,6,18,0.25,23.5,116.9,2.9,0.119,0.178,0.5,0.165,0.2,0.102,9.6,7.3,7.4,25.9,0.04,0.03964957921521776,432,473,211,489,213,492,205,280,296,337,371,359,389,413,378,349,398,395,2024-25,Regular Season,Defense
1642502,Malevy Leons,Malevy,1610612760,OKC,25.0,6,6,0,1.0,3.5,104.7,0.3,0.095,0.154,0.0,0.0,0.0,0.0,1.0,1.0,1.2,3.3,0.018,0.017670051764411953,524,473,1,1,553,65,553,404,378,541,541,519,519,15,30,30,20,520,2024-25,Regular Season,Defense
1627736,Malik Beasley,Malik,1610612765,DET,28.0,82,44,38,0.537,27.8,110.2,2.0,0.069,0.104,0.9,0.196,0.1,0.019,10.1,8.5,8.0,26.9,0.102,0.10248001883656281,1,62,475,240,130,245,337,528,530,157,275,502,518,441,445,380,412,75,2024-25,Regular Season,Defense
1628370,Malik Monk,Malik,1610612758,SAC,27.0,65,36,29,0.554,31.6,114.5,3.3,0.104,0.154,0.9,0.186,0.6,0.204,10.8,9.1,8.6,31.9,0.077,0.07666766104645449,162,136,362,226,77,414,160,361,380,133,303,121,210,469,492,412,497,160,2024-25,Regular Season,Defense
1630699,MarJon Beauchamp,MarJon,1610612752,NYK,24.0,35,19,16,0.543,4.5,92.0,0.9,0.198,0.287,0.1,0.129,0.0,0.067,2.6,1.2,1.1,3.5,0.043,0.04307773962230113,381,302,189,236,536,17,477,74,82,524,477,516,463,62,37,25,21,367,2024-25,Regular Season,Defense
1630542,Marcus Bagley,Marcus,1610612755,PHI,23.0,10,1,9,0.1,25.3,117.0,4.7,0.175,0.288,0.9,0.196,1.2,0.333,8.7,9.5,10.2,28.8,0.043,0.04333030932864772,503,539,112,551,175,494,73,120,79,150,278,29,100,366,513,494,441,367,2024-25,Regular Season,Defense
1630585,Marcus Garrett,Marcus,1610612766,CHA,26.0,4,1,3,0.25,19.8,119.3,1.3,0.057,0.096,0.8,0.273,0.5,0.143,9.8,5.5,6.8,17.0,0.02,0.019803465124972906,541,539,39,489,274,536,432,549,536,219,78,149,310,424,266,305,236,515,2024-25,Regular Season,Defense
1631204,Marcus Sasser,Marcus,1610612765,DET,24.0,57,30,27,0.526,14.2,107.5,0.9,0.06,0.095,0.6,0.233,0.1,0.044,5.6,4.9,4.1,13.2,0.063,0.06349459452482825,232,196,334,251,381,119,485,545,542,278,159,493,499,210,228,177,169,236,2024-25,Regular Season,Defense
203935,Marcus Smart,Marcus,1610612764,WAS,31.0,34,17,17,0.5,20.0,107.3,1.6,0.069,0.112,1.1,0.283,0.3,0.11,7.6,6.8,6.3,19.9,0.093,0.09299707379767447,387,323,202,266,270,113,392,527,515,68,69,302,379,304,354,281,287,98,2024-25,Regular Season,Defense
1631109,Mark Williams,Mark,1610612766,CHA,23.0,44,9,35,0.205,26.6,118.9,7.2,0.255,0.376,0.7,0.201,1.2,0.495,10.5,7.9,10.8,28.5,0.03,0.02982650675516663,322,434,447,519,157,533,17,19,23,232,259,28,42,462,407,515,433,464,2024-25,Regular Season,Defense
1628365,Markelle Fultz,Markelle,1610612758,SAC,27.0,21,9,12,0.429,8.8,105.7,0.7,0.077,0.115,0.5,0.323,0.1,0.167,3.1,1.8,2.5,8.2,0.043,0.043411329575209295,445,434,146,365,470,81,518,501,510,369,42,468,259,91,63,91,90,367,2024-25,Regular Season,Defense
202693,Markieff Morris,Markieff,1610612747,LAL,35.0,15,7,8,0.467,11.0,113.9,1.3,0.114,0.168,0.1,0.091,0.2,0.2,3.1,3.3,4.5,10.5,0.029,0.028658468573562888,476,460,104,319,442,382,421,311,330,516,533,364,214,89,140,195,122,469,2024-25,Regular Season,Defense
1628963,Marvin Bagley III,Marvin,1610612763,MEM,26.0,31,7,24,0.226,8.6,108.8,1.5,0.159,0.254,0.3,0.167,0.3,0.286,3.4,3.0,2.5,8.4,0.034,0.03433494636123776,402,460,291,508,474,170,404,154,130,459,362,305,128,107,117,95,91,437,2024-25,Regular Season,Defense
1630222,Mason Jones,Mason,1610612758,SAC,26.0,10,4,6,0.4,4.5,105.3,0.7,0.149,0.269,0.0,0.0,0.1,0.333,1.7,0.9,1.2,2.8,0.023,0.023089805477684536,503,493,76,389,534,73,512,182,110,541,541,457,100,32,27,32,17,506,2024-25,Regular Season,Defense
203486,Mason Plumlee,Mason,1610612756,PHX,35.0,74,33,41,0.446,17.6,115.0,4.6,0.253,0.386,0.4,0.159,0.6,0.362,6.7,4.9,6.4,17.6,0.04,0.03951617929470725,71,166,512,352,321,433,79,21,15,386,394,109,85,267,229,289,251,395,2024-25,Regular Season,Defense
1641824,Matas Buzelis,Matas,1610612741,CHI,20.0,80,39,41,0.488,18.9,112.1,2.8,0.133,0.194,0.4,0.134,0.9,0.419,7.5,6.0,6.1,20.3,0.058,0.05836251610070712,16,100,512,299,294,317,225,234,257,424,462,56,70,301,295,274,295,266,2024-25,Regular Season,Defense
1629680,Matisse Thybulle,Matisse,1610612757,POR,28.0,15,8,7,0.533,20.8,105.1,2.5,0.122,0.187,2.2,0.478,0.6,0.257,8.3,5.3,7.5,22.4,0.108,0.10823185860190014,476,445,90,242,258,72,261,271,269,2,9,119,154,342,254,355,330,62,2024-25,Regular Season,Defense
1630346,Matt Ryan,Matt,1610612740,NOP,28.0,19,14,5,0.737,3.6,108.8,0.4,0.113,0.16,0.1,0.222,0.0,0.0,2.2,0.9,1.2,4.1,0.015,0.01483217516489013,457,364,64,59,551,171,549,323,358,527,183,519,519,48,26,29,31,533,2024-25,Regular Season,Defense
1631108,Max Christie,Max,1610612742,DAL,22.0,78,40,38,0.513,27.3,114.3,2.8,0.102,0.156,0.8,0.183,0.4,0.149,8.9,8.8,8.7,31.3,0.067,0.0665602129779443,35,89,475,260,140,401,216,375,368,191,308,220,296,375,473,420,484,217,2024-25,Regular Season,Defense
1629622,Max Strus,Max,1610612739,CLE,29.0,50,39,11,0.78,25.5,112.2,3.3,0.118,0.179,0.5,0.138,0.2,0.118,8.7,7.4,8.5,25.4,0.077,0.07747266867547761,283,100,128,45,173,323,162,287,294,345,453,323,362,362,384,405,386,160,2024-25,Regular Season,Defense
1628467,Maxi Kleber,Maxi,1610612747,LAL,33.0,34,18,16,0.529,18.7,112.3,2.1,0.105,0.164,0.3,0.102,0.5,0.236,6.8,5.8,5.6,18.9,0.058,0.05812525594089287,387,312,189,249,303,327,334,358,342,468,525,149,175,275,285,250,273,266,2024-25,Regular Season,Defense
1641721,Maxwell Lewis,Maxwell,1610612751,BKN,22.0,28,9,19,0.321,11.7,110.7,1.3,0.118,0.175,0.3,0.155,0.3,0.25,4.3,3.0,4.2,12.7,0.041,0.04148299934971355,416,434,226,444,429,265,425,285,305,443,407,309,157,142,116,181,157,388,2024-25,Regular Season,Defense
1630695,Micah Potter,Micah,1610612762,UTA,27.0,38,10,28,0.263,18.6,116.2,3.2,0.153,0.233,0.4,0.149,0.4,0.246,6.8,6.5,7.3,19.4,0.035,0.03473467914971955,357,419,349,483,310,472,171,171,170,422,424,233,170,276,330,342,282,431,2024-25,Regular Season,Defense
1629008,Michael Porter Jr.,Michael,1610612743,DEN,27.0,77,47,30,0.61,33.7,115.4,5.2,0.146,0.22,0.6,0.119,0.5,0.143,12.5,10.2,12.3,37.4,0.071,0.07136200545070184,43,36,383,155,41,448,49,195,194,277,496,158,309,542,544,556,556,190,2024-25,Regular Season,Defense
1628969,Mikal Bridges,Mikal,1610612752,NYK,28.0,82,51,31,0.622,37.0,112.9,2.3,0.063,0.095,0.9,0.147,0.5,0.176,11.9,9.8,11.4,38.7,0.106,0.10565138580694876,1,22,395,135,4,341,302,539,541,146,430,141,247,517,529,539,563,65,2024-25,Regular Season,Defense
201144,Mike Conley,Mike,1610612750,MIN,37.0,71,44,27,0.62,24.7,109.0,2.1,0.085,0.124,1.1,0.264,0.2,0.076,8.3,6.3,7.6,24.3,0.097,0.09722978645545421,108,62,334,140,186,180,329,460,474,73,94,369,449,341,320,364,367,84,2024-25,Regular Season,Defense
1628970,Miles Bridges,Miles,1610612766,CHA,27.0,64,16,48,0.25,31.7,113.6,6.4,0.189,0.282,0.7,0.149,0.7,0.232,12.0,8.9,11.1,32.3,0.085,0.08515444852772776,170,340,542,489,75,374,27,88,89,252,426,86,179,520,476,530,503,129,2024-25,Regular Season,Defense
1630540,Miles McBride,Miles,1610612752,NYK,24.0,64,39,25,0.609,24.9,109.7,1.8,0.069,0.108,1.0,0.221,0.3,0.113,7.9,6.4,7.2,24.7,0.095,0.094500256754865,170,100,300,156,184,218,367,529,524,91,188,301,372,320,324,339,375,92,2024-25,Regular Season,Defense
1641936,Miles Norris,Miles,1610612738,BOS,25.0,3,2,1,0.667,11.6,110.9,2.3,0.171,0.28,0.7,0.667,0.3,1.0,3.0,3.3,2.0,12.0,0.036,0.03588356468530237,549,525,10,84,432,272,294,123,94,259,3,248,1,85,140,67,145,424,2024-25,Regular Season,Defense
1629011,Mitchell Robinson,Mitchell,1610612752,NYK,27.0,17,10,7,0.588,17.1,108.2,2.9,0.176,0.288,0.9,0.267,1.1,0.545,6.8,5.9,5.0,18.6,0.071,0.07085382982388065,464,419,90,186,332,144,209,115,80,130,89,37,21,270,292,216,267,190,2024-25,Regular Season,Defense
1628964,Mo Bamba,Mo,1610612740,NOP,27.0,32,19,13,0.594,12.9,112.5,3.5,0.268,0.387,0.3,0.136,1.0,0.646,5.0,3.0,3.7,11.4,0.037,0.0371746058290273,397,302,157,182,402,331,136,12,14,465,457,51,9,174,117,148,133,417,2024-25,Regular Season,Defense
1628420,Monte Morris,Monte,1610612756,PHX,30.0,45,21,24,0.467,12.7,108.3,1.2,0.088,0.145,0.4,0.217,0.1,0.041,5.0,3.9,4.2,12.8,0.053,0.05319543758477696,318,280,291,319,404,149,438,438,402,388,202,495,501,177,174,178,161,298,2024-25,Regular Season,Defense
1629021,Moritz Wagner,Moritz,1610612753,ORL,28.0,30,18,12,0.6,18.8,107.0,3.6,0.201,0.313,0.8,0.202,0.4,0.15,7.7,4.4,5.3,17.2,0.088,0.08832819163883386,409,312,146,168,300,102,126,66,57,199,257,217,293,309,198,232,241,116,2024-25,Regular Season,Defense
1629650,Moses Brown,Moses,1610612742,DAL,25.0,13,5,8,0.385,9.1,105.9,2.5,0.224,0.364,0.5,0.273,0.3,0.5,3.6,3.3,3.1,10.3,0.048,0.04772284675859673,489,485,104,400,465,87,274,40,26,374,78,263,34,116,139,113,118,330,2024-25,Regular Season,Defense
1630541,Moses Moody,Moses,1610612744,GSW,23.0,74,45,29,0.608,22.3,108.9,1.9,0.084,0.123,0.8,0.173,0.4,0.207,7.3,5.4,6.8,20.2,0.09,0.08977501810484537,71,56,362,157,227,174,359,468,476,203,348,208,208,289,257,307,293,107,2024-25,Regular Season,Defense
1631243,Mouhamed Gueye,Mouhamed,1610612737,ATL,22.0,33,15,18,0.455,16.1,104.7,2.9,0.179,0.251,0.8,0.22,1.0,0.478,5.5,3.1,5.5,16.5,0.084,0.08446336182352844,390,349,211,339,348,66,210,105,136,176,189,42,48,209,126,246,229,132,2024-25,Regular Season,Defense
1631217,Moussa Diabaté,Moussa,1610612766,CHA,23.0,71,15,56,0.211,17.5,110.3,3.5,0.209,0.322,0.6,0.22,0.6,0.348,7.1,4.8,5.2,16.9,0.062,0.0621902332030279,108,349,563,517,325,248,134,55,52,280,192,124,93,287,223,227,233,240,2024-25,Regular Season,Defense
1626167,Myles Turner,Myles,1610612754,IND,29.0,72,44,28,0.611,30.2,111.5,5.3,0.169,0.252,0.8,0.159,2.0,0.548,9.7,8.7,7.1,31.6,0.097,0.09730121997052085,95,62,349,153,97,291,46,127,134,219,393,5,20,423,460,334,493,84,2024-25,Regular Season,Defense
1642368,N'Faly Dante,N'Faly,1610612745,HOU,23.0,4,0,4,0.0,12.7,123.5,3.8,0.268,0.385,0.3,0.2,1.3,0.5,5.8,4.8,3.5,11.5,-0.003,-0.00280444029691228,541,557,50,557,406,556,115,13,16,471,261,25,34,222,219,133,137,556,2024-25,Regular Season,Defense
1641772,Nae'Qwan Tomlin,Nae'Qwan,1610612739,CLE,24.0,5,4,1,0.8,12.7,92.0,2.4,0.145,0.2,0.0,0.0,0.2,0.125,4.0,2.6,5.2,14.0,0.116,0.11551199161097007,535,493,10,32,405,18,282,197,237,541,541,364,335,132,97,229,183,46,2024-25,Regular Season,Defense
1630230,Naji Marshall,Naji,1610612742,DAL,27.0,69,32,37,0.464,27.8,114.7,3.7,0.125,0.195,1.0,0.224,0.2,0.057,10.3,9.3,8.6,31.9,0.065,0.06511929220012017,129,179,465,325,131,425,122,264,252,98,178,405,480,451,502,416,498,226,2024-25,Regular Season,Defense
1631466,Nate Williams,Nate,1610612745,HOU,26.0,20,14,6,0.7,7.3,116.8,0.4,0.053,0.078,0.4,0.286,0.2,0.222,2.9,2.7,2.4,8.1,0.014,0.013904746491457995,448,364,76,72,495,488,550,555,557,407,64,364,188,80,101,84,88,535,2024-25,Regular Season,Defense
1629675,Naz Reid,Naz,1610612750,MIN,25.0,80,47,33,0.588,27.5,108.8,4.9,0.171,0.257,0.7,0.164,0.9,0.304,9.6,7.5,7.1,27.1,0.112,0.11174979406819532,16,36,428,191,136,165,65,124,127,234,373,61,121,416,391,333,417,49,2024-25,Regular Season,Defense
1629674,Neemias Queta,Neemias,1610612738,BOS,25.0,62,46,16,0.742,13.9,108.3,2.4,0.168,0.264,0.3,0.128,0.7,0.438,3.8,4.3,3.2,13.6,0.057,0.05690118047087076,192,45,189,57,386,150,287,134,120,459,481,94,60,124,193,117,176,273,2024-25,Regular Season,Defense
1629651,Nic Claxton,Nic,1610612751,BKN,26.0,70,20,50,0.286,26.9,116.2,5.1,0.198,0.304,0.9,0.205,1.4,0.541,11.4,6.9,10.1,28.1,0.051,0.05085288959750597,118,296,552,464,150,470,54,71,65,161,247,17,24,494,363,491,430,312,2024-25,Regular Season,Defense
1630208,Nick Richards,Nick,1610612756,PHX,27.0,57,17,40,0.298,22.0,120.9,5.6,0.243,0.35,0.2,0.099,1.0,0.437,9.0,6.6,8.5,22.6,0.012,0.01174626705948367,232,323,503,459,231,548,39,26,33,478,527,52,62,385,333,403,332,541,2024-25,Regular Season,Defense
1641733,Nick Smith Jr.,Nick,1610612766,CHA,21.0,60,14,46,0.233,22.8,116.4,1.9,0.08,0.123,0.3,0.086,0.1,0.05,9.0,6.4,8.7,24.1,0.042,0.04188764577434228,206,364,533,505,217,479,354,487,480,464,535,457,490,380,322,422,363,382,2024-25,Regular Season,Defense
1629638,Nickeil Alexander-Walker,Nickeil,1610612750,MIN,26.0,82,49,33,0.598,25.3,108.5,2.6,0.098,0.151,0.6,0.149,0.4,0.163,8.9,7.6,6.6,25.0,0.105,0.10525997706845133,1,25,428,173,176,153,249,393,385,294,425,212,267,371,396,296,380,67,2024-25,Regular Season,Defense
201587,Nicolas Batum,Nicolas,1610612746,LAC,36.0,78,47,31,0.603,17.5,104.7,2.2,0.117,0.173,0.7,0.209,0.5,0.247,6.2,4.6,5.5,16.4,0.093,0.09274994988597296,35,36,395,165,323,67,321,296,310,259,237,175,169,241,208,241,228,98,2024-25,Regular Season,Defense
203999,Nikola Jokić,Nikola,1610612743,DEN,30.0,70,46,24,0.657,36.7,115.1,9.9,0.252,0.377,1.8,0.295,0.6,0.194,12.6,10.7,11.8,39.1,0.082,0.08165789817116627,118,45,291,93,5,437,2,22,22,6,58,104,224,544,554,547,566,143,2024-25,Regular Season,Defense
1631107,Nikola Jović,Nikola,1610612748,MIA,22.0,46,21,25,0.457,25.1,110.7,3.3,0.127,0.193,0.8,0.217,0.3,0.151,8.7,6.7,7.9,25.5,0.088,0.0876793571419088,307,280,300,333,178,263,155,251,258,187,205,284,289,363,347,377,389,116,2024-25,Regular Season,Defense
202696,Nikola Vučević,Nikola,1610612741,CHI,34.0,73,34,39,0.466,31.2,116.0,7.6,0.228,0.327,0.8,0.175,0.7,0.261,12.0,9.4,10.3,37.2,0.061,0.060888549244934254,86,157,486,324,86,462,11,36,46,181,341,85,150,518,508,499,555,246,2024-25,Regular Season,Defense
1641730,Noah Clowney,Noah,1610612751,BKN,20.0,46,11,35,0.239,22.7,115.2,3.0,0.138,0.21,0.5,0.152,0.5,0.25,8.9,7.0,7.1,21.7,0.049,0.04940667675538643,307,407,447,502,222,444,196,215,219,344,418,181,157,376,365,330,319,325,2024-25,Regular Season,Defense
1626181,Norman Powell,Norman,1610612746,LAC,32.0,60,39,21,0.65,32.6,107.4,2.8,0.085,0.122,1.2,0.188,0.2,0.051,11.7,7.9,10.1,31.0,0.146,0.14575037980161792,206,100,253,99,57,116,217,458,481,53,295,415,489,511,412,484,478,7,2024-25,Regular Season,Defense
1628384,OG Anunoby,OG,1610612752,NYK,27.0,74,45,29,0.608,36.6,112.3,3.5,0.098,0.147,1.5,0.243,0.9,0.281,11.1,9.6,11.3,36.6,0.109,0.1090748933771904,71,56,362,157,6,328,137,394,394,26,138,64,134,485,520,535,551,57,2024-25,Regular Season,Defense
1630167,Obi Toppin,Obi,1610612754,IND,27.0,79,48,31,0.608,19.6,116.1,3.3,0.167,0.263,0.6,0.176,0.4,0.151,7.0,5.5,6.5,22.9,0.038,0.03830825790835289,23,30,395,160,283,468,159,135,122,314,338,242,290,282,268,293,338,412,2024-25,Regular Season,Defense
1630534,Ochai Agbaji,Ochai,1610612761,TOR,25.0,64,19,45,0.297,27.2,112.2,2.8,0.098,0.149,0.9,0.209,0.5,0.196,11.0,8.3,9.1,27.7,0.083,0.08337577533146552,170,302,529,460,143,320,215,387,389,148,236,172,222,479,433,448,422,136,2024-25,Regular Season,Defense
1641765,Olivier-Maxence Prosper,Olivier-Maxence,1610612742,DAL,22.0,52,27,25,0.519,11.2,109.5,1.6,0.137,0.211,0.5,0.217,0.1,0.098,4.4,3.1,4.2,12.1,0.044,0.044127640141593316,267,232,300,257,437,201,394,218,217,355,208,441,402,150,129,180,149,363,2024-25,Regular Season,Defense
1630168,Onyeka Okongwu,Onyeka,1610612737,ATL,24.0,74,35,39,0.473,27.9,113.7,5.9,0.213,0.319,0.9,0.158,0.9,0.308,11.4,7.5,9.6,29.0,0.073,0.07294789409766382,71,149,486,311,128,376,35,50,54,136,395,57,120,497,387,469,448,180,2024-25,Regular Season,Defense
1631115,Orlando Robinson,Orlando,1610612761,TOR,24.0,44,23,21,0.523,17.5,109.2,3.0,0.161,0.247,0.4,0.129,0.4,0.258,6.4,5.5,6.3,18.0,0.069,0.06918532055243262,322,265,253,253,324,191,200,148,144,415,479,237,152,253,262,285,256,202,2024-25,Regular Season,Defense
1631131,Oscar Tshiebwe,Oscar,1610612762,UTA,25.0,14,3,11,0.214,18.2,115.8,5.4,0.286,0.409,0.9,0.31,0.1,0.083,7.4,5.6,6.3,19.1,0.036,0.036263002700576245,482,508,128,516,314,458,41,5,8,140,50,490,431,295,276,283,277,424,2024-25,Regular Season,Defense
1629052,Oshae Brissett,Oshae,1610612755,PHI,27.0,6,1,5,0.167,23.7,124.3,2.5,0.115,0.203,0.7,0.125,0.5,0.273,6.0,9.3,7.2,24.0,-0.011,-0.010901424508496885,524,539,64,535,208,559,269,310,233,259,486,149,143,235,504,335,359,563,2024-25,Regular Season,Defense
1642345,Oso Ighodaro,Oso,1610612756,PHX,22.0,61,25,36,0.41,17.1,110.0,2.6,0.143,0.224,0.5,0.153,0.5,0.261,5.9,5.0,5.2,17.2,0.063,0.06298972658612906,201,252,455,384,330,235,253,198,183,379,413,170,151,231,233,226,242,236,2024-25,Regular Season,Defense
1631172,Ousmane Dieng,Ousmane,1610612760,OKC,22.0,37,30,7,0.811,10.9,99.2,1.7,0.142,0.207,0.5,0.205,0.2,0.159,3.2,3.1,3.1,9.6,0.075,0.07517593377874741,361,196,90,29,443,35,381,203,225,377,248,374,276,95,127,114,109,170,2024-25,Regular Season,Defense
200782,P.J. Tucker,P.J.,1610612752,NYK,40.0,3,1,2,0.333,19.3,127.4,1.3,0.103,0.16,0.3,0.077,0.3,0.2,6.7,3.3,6.0,21.3,-0.025,-0.024670329047480514,549,539,23,437,287,561,421,371,358,434,537,248,214,266,140,269,312,566,2024-25,Regular Season,Defense
1629023,P.J. Washington,P.J.,1610612742,DAL,26.0,57,31,26,0.544,32.2,113.2,6.3,0.183,0.276,1.1,0.212,1.1,0.247,11.5,9.8,10.7,34.7,0.09,0.08977244077596118,232,186,315,234,65,349,28,99,99,76,223,38,167,501,527,512,528,107,2024-25,Regular Season,Defense
1628408,PJ Dozier,PJ,1610612750,MIN,28.0,9,7,2,0.778,3.9,107.8,0.4,0.125,0.211,0.1,0.143,0.0,0.0,2.3,1.4,1.8,5.3,0.018,0.01796367328684001,509,460,23,46,547,130,548,262,218,525,437,519,519,50,45,58,47,520,2024-25,Regular Season,Defense
1641790,PJ Hall,PJ,1610612743,DEN,23.0,19,12,7,0.632,3.5,91.3,0.8,0.219,0.327,0.0,0.0,0.2,0.571,1.6,0.7,0.3,2.3,0.031,0.031173472133358165,457,393,90,115,554,15,492,43,47,541,541,356,18,29,18,9,14,457,2024-25,Regular Season,Defense
1642359,Pacôme Dadiet,Pacôme,1610612752,NYK,19.0,18,14,4,0.778,6.2,113.0,0.8,0.128,0.195,0.2,0.273,0.1,0.2,2.2,2.1,1.7,6.4,0.017,0.01747885868053488,462,364,50,46,509,345,493,250,254,504,78,443,214,49,78,51,68,526,2024-25,Regular Season,Defense
1631094,Paolo Banchero,Paolo,1610612753,ORL,22.0,46,21,25,0.457,34.4,109.6,6.4,0.192,0.284,0.8,0.133,0.6,0.167,12.2,8.9,10.5,33.1,0.13,0.13030456679527302,307,280,300,333,30,208,26,86,87,208,464,116,259,525,475,506,515,22,2024-25,Regular Season,Defense
1627783,Pascal Siakam,Pascal,1610612754,IND,31.0,78,47,31,0.603,32.7,108.9,5.2,0.154,0.233,0.9,0.153,0.5,0.155,9.6,9.4,7.6,33.1,0.13,0.1299262031372236,35,36,395,165,55,179,50,168,171,152,415,134,282,418,511,359,513,22,2024-25,Regular Season,Defense
1626192,Pat Connaughton,Pat,1610612749,MIL,32.0,41,19,22,0.463,14.7,114.6,2.2,0.14,0.214,0.2,0.118,0.3,0.153,5.5,4.4,3.7,14.0,0.034,0.03383143269205943,336,302,274,326,374,422,320,209,211,489,498,298,287,204,204,150,183,437,2024-25,Regular Season,Defense
1630311,Pat Spencer,Pat,1610612744,GSW,28.0,39,24,15,0.615,6.4,107.8,0.8,0.131,0.199,0.4,0.23,0.1,0.125,2.5,1.9,1.6,5.9,0.029,0.028528643579124865,353,261,179,144,506,132,501,242,242,430,169,483,335,59,73,48,55,469,2024-25,Regular Season,Defense
1631116,Patrick Baldwin Jr.,Patrick,1610612746,LAC,22.0,24,3,21,0.125,4.4,102.1,0.8,0.189,0.282,0.1,0.176,0.1,0.182,1.4,1.1,1.5,3.3,0.028,0.027980488912058,432,508,253,545,537,44,493,89,92,518,334,474,238,22,34,42,19,481,2024-25,Regular Season,Defense
1630172,Patrick Williams,Patrick,1610612741,CHI,23.0,63,31,32,0.492,25.0,113.5,3.1,0.113,0.165,0.8,0.181,0.5,0.232,10.0,7.8,7.6,29.0,0.068,0.06786694547638494,185,186,413,293,179,372,186,322,338,217,315,147,180,434,404,358,447,210,2024-25,Regular Season,Defense
201988,Patty Mills,Patty,1610612746,LAC,36.0,29,12,17,0.414,11.1,108.0,0.6,0.051,0.08,0.4,0.22,0.1,0.111,4.5,3.7,3.6,10.2,0.049,0.04877136554649635,412,393,202,381,439,138,523,558,555,383,190,449,373,155,154,135,115,325,2024-25,Regular Season,Defense
202331,Paul George,Paul,1610612755,PHI,35.0,41,15,26,0.366,32.5,112.2,4.8,0.153,0.232,1.8,0.256,0.5,0.189,11.3,8.7,10.1,31.5,0.099,0.09903797031350352,336,349,315,416,58,318,69,169,172,5,109,162,228,491,461,489,488,80,2024-25,Regular Season,Defense
1630194,Paul Reed,Paul,1610612765,DET,26.0,45,22,23,0.489,9.7,105.7,1.8,0.197,0.313,0.9,0.351,0.6,0.581,3.3,3.0,2.8,8.6,0.048,0.04845948071525917,318,274,283,298,461,79,361,76,55,167,24,127,16,102,117,102,93,330,2024-25,Regular Season,Defense
1630202,Payton Pritchard,Payton,1610612738,BOS,27.0,80,59,21,0.738,28.4,108.9,2.6,0.087,0.133,0.9,0.198,0.2,0.058,7.3,7.8,7.1,26.5,0.112,0.11237594078061361,16,6,253,58,119,175,251,443,440,163,267,389,479,291,405,331,406,49,2024-25,Regular Season,Defense
1641796,Pelle Larsson,Pelle,1610612748,MIA,24.0,55,24,31,0.436,14.2,108.7,1.2,0.081,0.119,0.6,0.232,0.1,0.127,4.7,3.6,4.2,14.4,0.059,0.058648699558650236,253,261,395,360,382,160,446,478,499,315,162,432,333,161,150,184,195,258,2024-25,Regular Season,Defense
1631250,Pete Nance,Pete,1610612749,MIL,25.0,13,8,5,0.615,10.6,114.8,1.2,0.115,0.18,0.2,0.125,0.2,0.25,4.2,3.9,2.2,10.2,0.023,0.023343517691649305,489,445,64,144,448,428,437,307,290,508,486,408,157,140,176,78,113,506,2024-25,Regular Season,Defense
1631212,Peyton Watson,Peyton,1610612743,DEN,22.0,68,40,28,0.588,24.3,113.9,2.7,0.103,0.158,0.7,0.17,1.4,0.451,9.2,7.6,8.8,25.3,0.063,0.06269030874726489,138,89,349,186,196,384,229,372,362,242,355,20,55,389,399,434,384,236,2024-25,Regular Season,Defense
1630762,Phillip Wheeler,Phillip,1610612755,PHI,23.0,5,0,5,0.0,8.9,96.6,1.2,0.125,0.171,0.2,0.2,0.4,0.286,0.4,1.8,0.0,7.2,0.065,0.06508747902734498,535,557,64,557,468,27,439,262,315,494,261,217,128,5,62,1,75,226,2024-25,Regular Season,Defense
1630173,Precious Achiuwa,Precious,1610612752,NYK,25.0,57,36,21,0.632,20.5,111.4,3.8,0.188,0.289,0.8,0.219,0.7,0.416,7.9,4.9,6.8,21.6,0.068,0.06849758212148988,232,136,253,115,262,289,113,92,78,188,196,79,72,321,230,309,316,210,2024-25,Regular Season,Defense
1629656,Quentin Grimes,Quentin,1610612755,PHI,25.0,75,29,46,0.387,26.8,118.1,3.5,0.126,0.203,1.0,0.228,0.3,0.099,9.9,9.0,8.9,28.6,0.037,0.03692063273643098,59,212,533,399,151,515,135,256,232,113,173,276,401,429,483,438,437,417,2024-25,Regular Season,Defense
1631245,Quenton Jackson,Quenton,1610612754,IND,26.0,28,14,14,0.5,13.6,110.1,1.1,0.079,0.119,0.8,0.288,0.2,0.109,4.8,3.7,3.6,14.0,0.051,0.05110648740181663,416,364,168,266,391,240,455,496,502,219,61,382,381,168,155,140,183,312,2024-25,Regular Season,Defense
1642439,Quincy Olivari,Quincy,1610612747,LAL,24.0,2,1,1,0.5,5.2,150.0,0.0,0.0,0.0,0.0,0.0,0.0,0.0,2.5,1.0,3.0,8.0,-0.042,-0.041799567527433294,557,539,10,266,525,568,564,564,564,541,541,519,519,60,30,110,85,569,2024-25,Regular Season,Defense
1642366,Quinten Post,Quinten,1610612744,GSW,25.0,42,26,16,0.619,16.3,109.1,2.7,0.166,0.244,0.4,0.137,0.4,0.257,5.3,3.8,5.8,14.4,0.064,0.06399662069924827,330,240,189,141,344,186,236,138,147,417,456,201,154,190,166,260,197,232,2024-25,Regular Season,Defense
1629628,RJ Barrett,RJ,1610612761,TOR,25.0,58,23,35,0.397,32.2,113.4,5.3,0.159,0.239,0.8,0.156,0.3,0.115,12.4,9.6,10.5,33.0,0.088,0.08808914556831833,223,265,447,394,64,365,48,152,159,204,404,277,366,536,519,508,512,116,2024-25,Regular Season,Defense
1642484,RayJ Dennis,RayJ,1610612754,IND,24.0,11,7,4,0.636,6.4,86.3,0.9,0.116,0.175,0.6,0.368,0.2,0.143,2.0,1.2,2.5,5.1,0.069,0.06917055443772163,501,460,50,110,507,12,482,302,304,284,20,380,310,38,36,94,43,202,2024-25,Regular Season,Defense
1641712,Rayan Rupert,Rayan,1610612757,POR,21.0,52,23,29,0.442,8.8,109.8,0.8,0.097,0.156,0.3,0.195,0.1,0.121,4.3,2.6,3.3,9.6,0.034,0.03436163854657723,267,265,362,355,469,223,491,398,369,449,284,483,352,142,93,125,108,437,2024-25,Regular Season,Defense
1641736,Reece Beekman,Reece,1610612751,BKN,23.0,36,13,23,0.361,13.0,110.4,0.7,0.061,0.094,0.9,0.371,0.1,0.059,4.7,3.1,3.7,13.6,0.047,0.04725894487561208,370,382,283,422,401,255,507,541,543,145,19,503,476,165,130,151,175,339,2024-25,Regular Season,Defense
1642263,Reed Sheppard,Reed,1610612745,HOU,21.0,52,30,22,0.577,12.6,111.1,1.2,0.086,0.13,0.7,0.278,0.3,0.207,4.7,3.9,4.5,14.3,0.045,0.04451841197915545,267,196,274,204,407,280,441,452,455,257,73,258,207,164,177,196,193,352,2024-25,Regular Season,Defense
202704,Reggie Jackson,Reggie,1610612755,PHI,35.0,31,11,20,0.355,12.4,111.8,1.1,0.093,0.145,0.5,0.229,0.1,0.1,3.9,3.3,3.4,10.9,0.039,0.03890498039814318,402,407,242,427,414,309,454,417,400,348,171,466,392,129,136,130,128,404,2024-25,Regular Season,Defense
1626158,Richaun Holmes,Richaun,1610612764,WAS,31.0,31,9,22,0.29,17.2,114.5,3.7,0.208,0.326,0.3,0.107,0.7,0.434,7.8,4.6,6.3,17.6,0.04,0.04008850489152525,402,434,274,462,329,417,119,56,48,459,518,77,63,315,211,287,252,395,2024-25,Regular Season,Defense
1641741,Ricky Council IV,Ricky,1610612755,PHI,23.0,73,16,57,0.219,17.1,116.0,2.2,0.13,0.209,0.4,0.151,0.2,0.1,5.3,5.7,6.1,18.6,0.034,0.033875710596271785,86,340,564,515,331,463,311,248,221,396,420,384,392,195,281,273,266,437,2024-25,Regular Season,Defense
1642434,Riley Minix,Riley,1610612759,SAS,24.0,1,0,1,0.0,6.8,93.3,2.0,0.2,0.222,0.0,0.0,0.0,0.0,2.0,0.0,2.0,6.0,0.061,0.060560120446497376,562,557,10,557,504,21,339,67,189,541,541,519,519,38,1,67,56,246,2024-25,Regular Season,Defense
1642265,Rob Dillingham,Rob,1610612750,MIN,20.0,49,30,19,0.612,10.5,111.1,0.8,0.07,0.116,0.4,0.253,0.0,0.02,3.3,3.4,2.8,11.2,0.037,0.036521979195008325,293,196,226,150,450,276,502,523,507,405,112,518,517,104,147,105,131,417,2024-25,Regular Season,Defense
1629057,Robert Williams III,Robert,1610612757,POR,27.0,20,7,13,0.35,17.6,108.3,4.2,0.217,0.355,0.7,0.241,1.7,0.516,7.7,5.9,6.3,17.5,0.074,0.07386034071022796,448,460,157,430,322,148,94,45,30,276,142,8,30,309,293,280,250,175,2024-25,Regular Season,Defense
1631199,Ron Harper Jr.,Ron,1610612765,DET,25.0,1,0,1,0.0,17.0,116.7,3.0,0.2,0.273,0.0,0.0,0.0,0.0,9.0,5.0,2.0,16.0,0.03,0.030107465318196774,562,557,10,557,333,483,196,67,103,541,541,519,519,382,236,67,217,464,2024-25,Regular Season,Defense
1641842,Ronald Holland II,Ronald,1610612765,DET,19.0,81,44,37,0.543,15.6,110.9,2.2,0.136,0.212,0.6,0.226,0.2,0.131,6.1,5.1,4.8,15.1,0.054,0.053870217103197046,12,62,465,235,354,269,319,222,214,300,177,357,325,236,242,205,204,290,2024-25,Regular Season,Defense
1626220,Royce O'Neale,Royce,1610612756,PHX,32.0,75,33,42,0.44,24.5,116.4,3.9,0.157,0.241,0.9,0.231,0.4,0.185,8.9,7.3,8.7,25.9,0.046,0.04583499913189793,59,166,517,356,191,474,106,160,155,154,165,196,233,372,377,418,397,344,2024-25,Regular Season,Defense
203497,Rudy Gobert,Rudy,1610612750,MIN,33.0,72,43,29,0.597,33.2,107.6,7.2,0.21,0.31,0.8,0.141,1.4,0.406,12.4,9.4,10.0,30.6,0.144,0.14352601689840672,95,75,362,175,45,124,16,54,58,210,446,16,76,537,509,481,472,9,2024-25,Regular Season,Defense
1629060,Rui Hachimura,Rui,1610612747,LAL,27.0,59,37,22,0.627,31.7,110.9,3.7,0.111,0.164,0.8,0.158,0.4,0.149,10.4,9.0,10.3,32.0,0.109,0.10879929108177967,218,124,274,126,76,270,121,332,347,216,397,195,297,457,483,503,500,57,2024-25,Regular Season,Defense
201566,Russell Westbrook,Russell,1610612743,DEN,36.0,75,43,32,0.573,27.9,116.2,3.6,0.119,0.182,1.4,0.289,0.5,0.164,11.0,8.9,10.4,30.1,0.054,0.05351756862576677,59,75,413,208,127,471,130,283,280,32,60,159,265,475,478,504,461,290,2024-25,Regular Season,Defense
1642346,Ryan Dunn,Ryan,1610612756,PHX,22.0,74,32,42,0.432,19.1,115.1,2.4,0.117,0.179,0.6,0.201,0.5,0.256,6.4,5.7,5.8,18.2,0.042,0.042306590830900805,71,179,517,363,293,436,289,291,293,309,260,132,156,251,279,262,261,382,2024-25,Regular Season,Defense
1631157,Ryan Rollins,Ryan,1610612749,MIL,22.0,56,30,26,0.536,14.6,108.6,1.6,0.098,0.147,0.8,0.326,0.3,0.2,5.6,4.1,3.9,13.8,0.061,0.06078566601876898,246,196,315,241,377,154,399,390,394,219,41,269,214,213,188,165,181,246,2024-25,Regular Season,Defense
1630573,Sam Hauser,Sam,1610612738,BOS,27.0,71,52,19,0.732,21.7,109.8,2.5,0.113,0.171,0.6,0.188,0.2,0.079,5.1,5.9,5.0,21.2,0.08,0.08011195704255943,108,19,226,62,237,225,260,320,316,318,296,379,439,179,294,219,306,153,2024-25,Regular Season,Defense
1630241,Sam Merrill,Sam,1610612739,CLE,29.0,71,54,17,0.761,19.7,107.1,1.7,0.077,0.121,0.7,0.215,0.2,0.114,6.0,5.7,4.8,17.7,0.089,0.0889812645027728,108,16,202,54,278,108,387,498,493,226,214,369,369,234,282,207,253,111,2024-25,Regular Season,Defense
1630572,Sandro Mamukelashvili,Sandro,1610612759,SAS,26.0,61,23,38,0.377,11.2,112.9,2.0,0.176,0.277,0.4,0.18,0.3,0.283,4.2,3.8,3.7,11.8,0.032,0.032076594052717226,201,265,475,406,438,343,336,114,98,427,318,286,132,141,170,149,142,452,2024-25,Regular Season,Defense
1630583,Santi Aldama,Santi,1610612763,MEM,24.0,65,38,27,0.585,25.5,112.6,5.0,0.181,0.278,0.8,0.165,0.4,0.169,10.4,8.0,9.5,26.5,0.075,0.07531974836458269,162,110,334,196,171,333,62,104,97,199,370,191,255,454,417,466,405,170,2024-25,Regular Season,Defense
1630703,Scoot Henderson,Scoot,1610612757,POR,21.0,66,30,36,0.455,26.7,113.7,2.2,0.083,0.131,1.0,0.217,0.2,0.072,11.4,8.6,9.1,26.8,0.07,0.06980971845715199,156,196,455,339,156,377,315,473,450,94,209,371,454,498,451,447,410,201,2024-25,Regular Season,Defense
1630567,Scottie Barnes,Scottie,1610612761,TOR,23.0,65,26,39,0.4,32.8,110.1,6.0,0.176,0.266,1.4,0.262,1.0,0.32,11.6,9.3,10.2,32.4,0.121,0.12118667375998271,162,240,486,389,50,239,33,117,115,31,100,50,115,503,499,496,504,34,2024-25,Regular Season,Defense
1630590,Scotty Pippen Jr.,Scotty,1610612763,MEM,24.0,79,46,33,0.582,21.3,109.7,2.5,0.105,0.163,1.3,0.299,0.4,0.149,8.4,6.7,6.9,20.6,0.081,0.08139919122064032,23,45,428,200,245,210,276,357,350,43,56,228,298,348,338,317,298,147,2024-25,Regular Season,Defense
203552,Seth Curry,Seth,1610612766,CHA,34.0,68,17,51,0.25,15.6,114.1,1.3,0.081,0.121,0.4,0.186,0.1,0.07,6.5,4.6,5.9,15.4,0.039,0.0388497096634542,138,323,553,489,356,396,426,477,489,410,301,453,458,255,212,266,208,404,2024-25,Regular Season,Defense
1631101,Shaedon Sharpe,Shaedon,1610612757,POR,22.0,72,32,40,0.444,31.3,114.4,3.6,0.114,0.176,0.9,0.164,0.2,0.066,12.1,9.3,11.3,32.9,0.075,0.0752994122637709,95,179,503,353,84,406,132,314,303,170,372,334,466,522,500,534,509,170,2024-25,Regular Season,Defense
1628983,Shai Gilgeous-Alexander,Shai,1610612760,OKC,26.0,76,63,13,0.829,34.2,105.7,4.1,0.112,0.169,1.7,0.23,1.0,0.231,8.6,10.9,8.6,30.2,0.168,0.1683092871785723,51,2,157,23,35,82,97,325,323,11,168,41,184,360,560,410,465,1,2024-25,Regular Season,Defense
1629003,Shake Milton,Shake,1610612747,LAL,28.0,57,29,28,0.509,14.7,113.1,1.3,0.086,0.132,0.4,0.188,0.1,0.052,5.8,4.4,4.5,14.1,0.041,0.04087958801592208,232,212,349,263,375,346,430,450,448,393,297,493,486,224,203,197,187,388,2024-25,Regular Season,Defense
1631321,Sidy Cissoko,Sidy,1610612757,POR,21.0,22,11,11,0.5,5.2,89.0,0.6,0.1,0.141,0.1,0.111,0.0,0.059,1.8,0.8,1.6,4.6,0.052,0.05206420679328147,441,407,128,266,524,14,525,381,419,531,507,509,476,35,22,49,38,303,2024-25,Regular Season,Defense
1631323,Simone Fontecchio,Simone,1610612765,DET,29.0,75,38,37,0.507,16.5,109.5,2.2,0.127,0.189,0.4,0.152,0.2,0.092,6.5,4.8,5.2,16.3,0.065,0.06456072539747036,59,110,465,264,340,202,322,254,266,404,417,403,413,260,222,225,226,226,2024-25,Regular Season,Defense
1627746,Skal Labissiere,Skal,1610612758,SAC,29.0,4,2,2,0.5,3.0,128.0,0.5,0.222,0.4,0.0,0.0,0.0,0.0,1.3,0.0,1.3,1.5,-0.005,-0.004533106232514559,541,525,23,266,559,562,534,41,10,541,541,519,519,21,1,35,3,558,2024-25,Regular Season,Defense
203915,Spencer Dinwiddie,Spencer,1610612742,DAL,32.0,79,37,42,0.468,27.0,115.1,2.4,0.086,0.131,0.9,0.216,0.2,0.077,9.4,8.7,9.3,30.4,0.06,0.05987905481029935,23,124,517,316,149,439,281,454,449,160,211,348,444,402,469,460,470,252,2024-25,Regular Season,Defense
1642461,Spencer Jones,Spencer,1610612743,DEN,24.0,20,13,7,0.65,6.2,107.4,0.5,0.067,0.097,0.3,0.263,0.3,0.333,3.2,1.5,1.8,6.1,0.028,0.02829338304185495,448,382,90,99,508,118,547,533,535,471,97,309,100,94,47,61,62,481,2024-25,Regular Season,Defense
1630649,Stanley Umude,Stanley,1610612749,MIL,26.0,22,15,7,0.682,3.9,95.8,0.6,0.131,0.206,0.1,0.176,0.3,0.375,2.6,0.9,1.1,2.5,0.032,0.03202304874437942,441,349,90,79,546,24,525,243,227,514,334,293,81,67,28,26,15,452,2024-25,Regular Season,Defense
201939,Stephen Curry,Stephen,1610612744,GSW,37.0,70,41,29,0.586,32.2,112.7,3.9,0.118,0.175,1.1,0.176,0.4,0.14,11.2,8.4,10.9,31.6,0.095,0.09484594946554867,118,83,362,194,66,338,110,287,306,69,339,201,319,487,437,522,491,92,2024-25,Regular Season,Defense
1642264,Stephon Castle,Stephon,1610612759,SAS,20.0,81,33,48,0.407,26.7,116.6,2.6,0.092,0.145,0.9,0.197,0.3,0.091,10.2,9.3,8.6,29.4,0.048,0.04831731008959531,12,166,542,386,155,482,250,422,401,147,271,297,416,446,503,411,450,330,2024-25,Regular Season,Defense
203500,Steven Adams,Steven,1610612745,HOU,31.0,58,38,20,0.655,13.7,105.9,2.8,0.193,0.283,0.4,0.177,0.5,0.346,5.2,3.5,3.9,12.9,0.066,0.06623091265818766,223,110,242,95,390,86,226,81,88,418,327,167,95,185,148,164,163,222,2024-25,Regular Season,Defense
1629004,Svi Mykhailiuk,Svi,1610612762,UTA,28.0,38,6,32,0.158,20.0,117.7,1.8,0.085,0.131,0.5,0.167,0.2,0.1,7.8,6.7,8.1,21.3,0.029,0.029366273098763652,357,473,413,538,271,505,364,461,452,355,362,377,392,319,349,387,310,469,2024-25,Regular Season,Defense
204456,T.J. McConnell,T.J.,1610612754,IND,33.0,79,49,30,0.62,17.9,113.8,1.9,0.104,0.16,1.1,0.332,0.3,0.138,6.5,5.0,5.2,19.2,0.047,0.047032936736742276,23,25,383,137,316,379,356,362,357,89,36,300,320,258,234,228,278,339,2024-25,Regular Season,Defense
201959,Taj Gibson,Taj,1610612766,CHA,40.0,37,10,27,0.27,11.1,110.4,1.9,0.151,0.235,0.2,0.167,0.5,0.486,4.5,3.3,4.1,10.8,0.04,0.0398891081061802,361,419,334,478,440,251,358,175,165,479,362,164,46,156,137,176,126,395,2024-25,Regular Season,Defense
1629659,Talen Horton-Tucker,Talen,1610612741,CHI,24.0,58,26,32,0.448,12.5,109.8,1.4,0.097,0.143,0.4,0.184,0.2,0.122,4.6,4.1,3.2,13.0,0.048,0.04787796043683197,223,240,413,348,409,221,416,399,405,425,306,373,348,160,187,115,164,330,2024-25,Regular Season,Defense
1631106,Tari Eason,Tari,1610612745,HOU,24.0,57,36,21,0.632,24.9,109.2,4.1,0.158,0.239,1.7,0.351,0.9,0.336,8.6,7.0,7.2,25.8,0.1,0.09984275442384045,232,136,253,115,183,187,97,158,160,12,23,65,99,357,366,338,393,76,2024-25,Regular Season,Defense
1627752,Taurean Prince,Taurean,1610612749,MIL,31.0,80,46,34,0.575,27.1,114.5,3.2,0.11,0.163,1.0,0.232,0.2,0.063,9.6,8.0,9.4,27.9,0.065,0.06502839740877105,16,45,441,207,145,412,173,334,352,125,161,375,471,414,415,464,429,226,2024-25,Regular Season,Defense
1641707,Taylor Hendricks,Taylor,1610612762,UTA,21.0,3,0,3,0.0,24.8,109.2,3.3,0.115,0.179,1.7,0.333,1.3,0.333,10.3,11.3,7.7,28.7,0.1,0.10037107567984421,549,557,39,557,185,189,157,308,295,13,28,22,100,452,567,365,439,76,2024-25,Regular Season,Defense
1631386,Taze Moore,Taze,1610612757,POR,27.0,2,0,2,0.0,9.9,77.3,2.0,0.16,0.267,1.0,0.667,0.0,0.0,5.5,3.5,5.5,9.0,0.138,0.13810295474090611,557,557,23,557,460,6,339,150,114,101,3,519,519,206,149,241,99,15,2024-25,Regular Season,Defense
1629611,Terance Mann,Terance,1610612737,ATL,28.0,67,37,30,0.552,21.1,115.2,2.0,0.094,0.142,0.7,0.194,0.2,0.106,7.8,6.1,6.7,21.7,0.045,0.04470669359122801,147,124,383,227,254,441,347,410,417,244,287,333,384,318,306,304,318,352,2024-25,Regular Season,Defense
1629056,Terence Davis,Terence,1610612758,SAC,28.0,1,1,0,1.0,7.9,106.7,1.0,0.111,0.143,0.0,0.0,0.0,0.0,2.0,0.0,0.0,10.0,0.034,0.03353554793249345,562,539,1,1,484,99,460,329,406,541,541,519,519,38,1,1,112,437,2024-25,Regular Season,Defense
1630545,Terrence Shannon Jr.,Terrence,1610612750,MIN,24.0,32,21,11,0.656,10.6,107.0,1.2,0.1,0.159,0.2,0.13,0.2,0.179,3.9,3.0,3.2,11.1,0.05,0.05047476205279562,397,280,128,94,449,104,447,381,361,490,475,407,243,128,124,116,130,317,2024-25,Regular Season,Defense
1626179,Terry Rozier,Terry,1610612748,MIA,31.0,64,27,37,0.422,25.9,112.3,3.0,0.113,0.164,0.6,0.13,0.2,0.109,8.7,6.7,8.8,25.4,0.079,0.07931345857801748,170,232,465,371,163,324,194,324,344,317,474,342,380,365,348,433,387,157,2024-25,Regular Season,Defense
1630678,Terry Taylor,Terry,1610612758,SAC,25.0,3,1,2,0.333,2.1,71.4,0.0,0.0,0.0,0.0,0.0,0.0,0.0,0.7,0.0,0.7,2.7,0.033,0.03325765806440838,549,539,23,437,564,4,564,564,564,541,541,519,519,10,1,16,16,446,2024-25,Regular Season,Defense
1628418,Thomas Bryant,Thomas,1610612754,IND,27.0,66,44,22,0.667,14.6,113.4,2.5,0.169,0.268,0.4,0.159,0.6,0.427,4.9,4.7,4.7,16.0,0.04,0.039552819283932804,156,62,274,84,379,362,257,128,113,400,392,111,67,170,215,199,220,395,2024-25,Regular Season,Defense
1642275,Tidjane Salaün,Tidjane,1610612766,CHA,19.0,60,12,48,0.2,20.7,111.2,3.5,0.168,0.252,0.5,0.142,0.2,0.143,9.0,5.3,6.9,20.0,0.069,0.06884010883975279,206,393,542,520,260,282,138,130,133,365,441,328,310,381,249,316,289,202,2024-25,Regular Season,Defense
203501,Tim Hardaway Jr.,Tim,1610612765,DET,33.0,77,41,36,0.532,28.0,114.2,2.1,0.075,0.112,0.5,0.112,0.1,0.032,10.4,8.2,8.7,27.1,0.068,0.06819387351861941,43,83,455,243,124,399,325,507,516,362,504,471,510,456,425,419,416,210,2024-25,Regular Season,Defense
202699,Tobias Harris,Tobias,1610612765,DET,32.0,73,40,33,0.548,31.6,110.8,5.0,0.155,0.224,1.0,0.203,0.8,0.217,11.6,8.5,9.9,29.6,0.109,0.1087258162398387,86,89,428,233,78,268,56,163,186,100,255,75,197,505,447,480,454,57,2024-25,Regular Season,Defense
1642449,Tolu Smith,Tolu,1610612765,DET,24.0,1,0,1,0.0,22.4,104.4,4.0,0.2,0.25,0.0,0.0,0.0,0.0,11.0,4.0,2.0,16.0,0.113,0.11294462099407677,562,557,10,557,226,64,102,67,138,541,541,519,519,475,181,67,217,48,2024-25,Regular Season,Defense
1628396,Tony Bradley,Tony,1610612754,IND,27.0,14,11,3,0.786,8.1,93.6,1.7,0.192,0.258,0.1,0.095,0.6,0.643,3.8,0.9,2.9,8.1,0.071,0.07075980789172323,482,407,39,40,483,22,378,84,126,512,531,104,10,123,29,108,89,190,2024-25,Regular Season,Defense
1628470,Torrey Craig,Torrey,1610612738,BOS,34.0,26,16,10,0.615,12.1,109.8,1.8,0.138,0.219,0.3,0.148,0.5,0.343,3.6,2.3,3.0,11.7,0.046,0.04592810246015477,424,340,117,144,423,227,368,215,200,449,427,175,96,116,86,109,141,344,2024-25,Regular Season,Defense
1641787,Tosan Evbuomwan,Tosan,1610612751,BKN,24.0,28,8,20,0.286,23.7,108.4,3.1,0.136,0.199,0.9,0.209,0.4,0.179,8.6,6.4,7.1,23.4,0.099,0.09871939110465791,416,445,242,464,207,152,178,223,243,173,238,241,243,355,326,329,348,80,2024-25,Regular Season,Defense
1641739,Toumani Camara,Toumani,1610612757,POR,25.0,78,33,45,0.423,32.7,113.3,3.6,0.11,0.169,1.5,0.265,0.6,0.187,13.6,10.0,12.2,32.4,0.088,0.08832959727499184,35,166,529,370,54,356,133,335,324,25,92,107,230,559,536,553,505,116,2024-25,Regular Season,Defense
1629027,Trae Young,Trae,1610612737,ATL,26.0,76,36,40,0.474,36.0,114.6,2.6,0.072,0.11,1.2,0.163,0.2,0.041,14.1,10.7,12.7,39.1,0.086,0.08550112542547765,51,136,503,309,14,423,246,517,518,59,376,406,502,563,555,561,565,126,2024-25,Regular Season,Defense
1631218,Trayce Jackson-Davis,Trayce,1610612744,GSW,25.0,62,33,29,0.532,15.6,111.3,3.0,0.192,0.282,0.4,0.134,0.6,0.365,5.6,4.4,5.1,15.5,0.052,0.05205771734306823,192,166,362,244,358,284,191,83,91,421,461,114,83,211,199,221,210,303,2024-25,Regular Season,Defense
1630200,Tre Jones,Tre,1610612741,CHI,25.0,46,21,25,0.457,19.7,113.5,1.8,0.086,0.136,0.8,0.259,0.2,0.09,6.3,6.7,5.3,20.9,0.052,0.05181130535008914,307,280,300,333,280,373,360,449,434,197,104,343,419,244,337,234,304,303,2024-25,Regular Season,Defense
1630544,Tre Mann,Tre,1610612766,CHA,24.0,13,6,7,0.462,24.5,114.4,2.0,0.079,0.123,0.5,0.163,0.3,0.125,10.2,7.5,7.6,24.9,0.06,0.059719688629111686,489,473,90,327,190,405,339,493,477,341,380,263,335,443,388,361,377,252,2024-25,Regular Season,Defense
1630570,Trendon Watford,Trendon,1610612751,BKN,24.0,44,16,28,0.364,20.7,109.4,2.8,0.132,0.205,0.6,0.196,0.3,0.13,8.9,6.3,6.8,20.6,0.08,0.07957664778521184,322,340,349,419,259,198,224,239,228,293,278,293,326,373,312,310,297,153,2024-25,Regular Season,Defense
1642280,Trentyn Flowers,Trentyn,1610612746,LAC,20.0,6,4,2,0.667,4.4,101.7,0.5,0.097,0.143,0.0,0.0,0.0,0.0,2.3,1.8,1.2,6.3,0.029,0.028960376341153504,524,493,23,84,539,41,534,401,406,541,541,519,519,50,65,30,65,469,2024-25,Regular Season,Defense
1630243,Trevelin Queen,Trevelin,1610612753,ORL,28.0,31,15,16,0.484,13.9,111.1,0.9,0.071,0.107,1.0,0.408,0.3,0.179,5.5,3.4,3.8,14.1,0.047,0.04747642528846371,402,349,189,304,387,279,483,522,526,101,14,259,243,203,145,154,186,339,2024-25,Regular Season,Defense
1641725,Trey Alexander,Trey,1610612743,DEN,22.0,24,14,10,0.583,4.9,105.1,0.5,0.087,0.122,0.1,0.111,0.0,0.1,1.8,1.6,1.3,4.4,0.026,0.025743809376338554,432,364,117,197,530,71,545,441,483,534,507,512,392,34,51,37,34,493,2024-25,Regular Season,Defense
1641998,Trey Jemison III,Trey,1610612747,LAL,25.0,38,17,21,0.447,10.3,107.8,1.6,0.141,0.228,0.2,0.138,0.4,0.395,4.4,3.9,3.7,10.3,0.045,0.04453295485571548,357,323,253,350,453,129,388,205,176,483,452,223,78,154,178,144,116,352,2024-25,Regular Season,Defense
1626168,Trey Lyles,Trey,1610612758,SAC,29.0,69,34,35,0.493,19.6,113.8,3.4,0.177,0.268,0.6,0.177,0.3,0.178,6.8,5.5,5.4,19.1,0.051,0.05064730322221346,129,157,447,292,281,380,144,109,112,310,333,248,246,272,264,239,276,312,2024-25,Regular Season,Defense
1630530,Trey Murphy III,Trey,1610612740,NOP,25.0,53,14,39,0.264,35.0,118.7,4.2,0.117,0.182,1.1,0.173,0.7,0.188,13.8,11.7,13.8,38.5,0.041,0.04148335768996533,263,364,486,482,24,527,91,299,285,86,349,80,229,560,568,568,560,388,2024-25,Regular Season,Defense
202684,Tristan Thompson,Tristan,1610612739,CLE,34.0,40,31,9,0.775,8.2,109.8,2.6,0.271,0.405,0.1,0.053,0.3,0.355,3.0,2.6,2.7,8.0,0.031,0.03060867984660285,342,186,112,48,479,220,256,10,9,539,538,289,90,85,91,98,82,457,2024-25,Regular Season,Defense
1641774,Tristan Vukcevic,Tristan,1610612764,WAS,22.0,35,7,28,0.2,14.6,114.3,3.0,0.186,0.295,0.3,0.159,0.7,0.489,5.3,5.2,5.5,15.9,0.036,0.0356784508805194,381,460,349,520,376,402,201,95,72,445,390,101,45,196,244,245,216,424,2024-25,Regular Season,Defense
1641783,Tristan da Silva,Tristan,1610612753,ORL,24.0,74,35,39,0.473,22.0,110.3,2.3,0.114,0.171,0.4,0.111,0.2,0.09,8.5,5.5,6.3,21.8,0.079,0.07884026683062696,71,149,486,311,233,247,298,313,320,386,506,320,417,350,265,282,321,157,2024-25,Regular Season,Defense
1641803,Tristen Newton,Tristen,1610612750,MIN,24.0,8,2,6,0.25,2.0,97.6,0.3,0.111,0.222,0.1,0.2,0.0,0.0,0.8,1.0,0.9,2.3,0.018,0.01810911685930319,516,525,76,489,566,32,559,329,189,518,261,519,519,13,30,18,12,520,2024-25,Regular Season,Defense
1629660,Ty Jerome,Ty,1610612739,CLE,27.0,70,55,15,0.786,19.9,110.4,1.8,0.083,0.128,1.1,0.311,0.0,0.026,6.8,6.3,5.5,19.5,0.071,0.07146571171874029,118,11,179,40,273,254,373,472,460,72,48,510,515,274,319,240,285,190,2024-25,Regular Season,Defense
1631102,TyTy Washington Jr.,TyTy,1610612756,PHX,23.0,16,4,12,0.25,7.4,105.7,0.6,0.07,0.122,0.2,0.158,0.0,0.0,1.8,2.8,1.8,8.8,0.037,0.03667840803916075,469,493,146,489,494,80,529,525,487,500,397,519,519,33,106,54,95,417,2024-25,Regular Season,Defense
1629639,Tyler Herro,Tyler,1610612748,MIA,25.0,77,37,40,0.481,35.4,112.6,4.7,0.132,0.195,0.9,0.151,0.2,0.077,12.2,9.6,10.8,36.2,0.103,0.1030432438879005,43,124,503,307,18,334,72,237,253,153,421,339,444,529,518,521,544,71,2024-25,Regular Season,Defense
1642278,Tyler Kolek,Tyler,1610612752,NYK,24.0,41,27,14,0.659,7.2,104.4,0.5,0.059,0.086,0.3,0.3,0.1,0.167,2.4,2.0,1.7,8.0,0.04,0.03967139985349052,336,232,168,92,498,63,544,547,552,458,55,464,259,56,75,53,87,395,2024-25,Regular Season,Defense
1641890,Tyler Smith,Tyler,1610612749,MIL,20.0,23,12,11,0.522,5.3,96.3,0.8,0.143,0.238,0.1,0.13,0.2,0.444,2.6,1.8,1.0,4.3,0.043,0.042982488781084134,438,393,128,255,523,26,497,200,163,517,470,390,58,61,60,24,32,367,2024-25,Regular Season,Defense
1630169,Tyrese Haliburton,Tyrese,1610612754,IND,25.0,73,46,27,0.63,33.6,114.2,3.0,0.087,0.132,1.4,0.264,0.7,0.168,10.4,9.9,8.7,37.1,0.082,0.08195406830236024,86,45,334,121,42,397,203,444,446,30,93,95,257,458,530,424,554,143,2024-25,Regular Season,Defense
1631213,Tyrese Martin,Tyrese,1610612751,BKN,26.0,60,16,44,0.267,21.9,113.4,2.7,0.133,0.195,0.6,0.153,0.2,0.084,9.3,5.7,7.6,22.7,0.06,0.06000869751036592,206,340,524,480,235,358,237,232,255,321,412,415,430,399,278,356,333,252,2024-25,Regular Season,Defense
1630178,Tyrese Maxey,Tyrese,1610612755,PHI,24.0,52,20,32,0.385,37.7,117.4,3.1,0.087,0.138,1.8,0.228,0.4,0.13,12.4,11.3,12.4,39.7,0.058,0.05830926078625541,267,296,413,400,1,498,189,446,430,9,175,215,328,538,566,557,569,266,2024-25,Regular Season,Defense
1630623,Tyson Etienne,Tyson,1610612751,BKN,25.0,7,1,6,0.143,21.6,119.3,0.9,0.046,0.063,0.4,0.103,0.1,0.111,8.6,5.4,9.4,24.3,0.024,0.023534063371596838,521,539,76,541,240,538,490,560,561,398,523,420,373,355,260,465,368,503,2024-25,Regular Season,Defense
1626145,Tyus Jones,Tyus,1610612756,PHX,29.0,81,36,45,0.444,26.8,116.1,1.9,0.069,0.105,0.9,0.216,0.1,0.039,9.8,8.1,9.9,28.4,0.052,0.05171594806626723,12,136,529,353,152,465,352,530,529,175,212,463,503,427,420,475,432,303,2024-25,Regular Season,Defense
1642279,Ulrich Chomche,Ulrich,1610612761,TOR,19.0,7,3,4,0.429,4.6,140.3,0.6,0.182,0.286,0.0,0.0,0.1,0.5,1.6,1.3,2.1,5.1,-0.021,-0.021208198191163947,521,508,50,365,533,566,528,101,83,541,541,420,34,27,38,76,44,564,2024-25,Regular Season,Defense
203995,Vasilije Micic,Vasilije,1610612756,PHX,31.0,41,8,33,0.195,19.1,109.4,1.7,0.085,0.129,0.4,0.127,0.0,0.0,8.0,5.4,7.0,20.1,0.073,0.0727876541069967,336,445,428,526,292,197,386,457,457,423,482,519,519,323,259,320,292,180,2024-25,Regular Season,Defense
1641705,Victor Wembanyama,Victor,1610612759,SAS,21.0,46,21,25,0.457,33.2,110.0,9.2,0.255,0.389,1.1,0.214,3.8,0.749,11.5,10.3,10.7,31.4,0.122,0.1221353397940224,307,280,300,333,44,233,5,18,12,70,218,1,5,500,549,514,487,33,2024-25,Regular Season,Defense
1631246,Vince Williams Jr.,Vince,1610612763,MEM,24.0,27,10,17,0.37,18.5,116.2,2.8,0.15,0.224,0.4,0.135,0.3,0.121,8.6,5.3,7.0,19.5,0.035,0.0351068236874521,421,419,202,411,312,473,219,178,182,388,460,304,354,353,248,319,284,431,2024-25,Regular Season,Defense
1628427,Vlatko Čančar,Vlatko,1610612743,DEN,28.0,13,2,11,0.154,10.4,100.3,2.0,0.17,0.271,0.2,0.111,0.2,0.125,4.4,3.2,4.0,9.8,0.068,0.0682398194097509,489,525,128,539,451,38,339,125,108,486,507,408,335,150,134,169,110,210,2024-25,Regular Season,Defense
1630249,Vít Krejčí,Vít,1610612737,ATL,25.0,57,28,29,0.491,20.2,111.6,2.4,0.116,0.169,0.6,0.167,0.5,0.218,8.1,5.6,6.5,22.1,0.064,0.06409826334460109,232,220,362,295,267,301,291,303,326,287,362,183,194,325,271,295,327,232,2024-25,Regular Season,Defense
1631117,Walker Kessler,Walker,1610612762,UTA,23.0,58,14,44,0.241,30.0,118.3,7.6,0.235,0.346,0.6,0.176,2.4,0.687,14.2,9.7,13.2,30.9,0.038,0.0384751603870323,223,364,524,500,101,520,12,34,36,291,334,2,7,565,523,564,476,412,2024-25,Regular Season,Defense
1628976,Wendell Carter Jr.,Wendell,1610612753,ORL,26.0,68,31,37,0.456,25.9,107.8,5.0,0.202,0.295,0.8,0.16,0.6,0.233,8.8,6.1,7.5,25.4,0.112,0.11152624017146502,138,186,465,338,167,133,58,64,71,215,389,118,178,369,304,353,385,49,2024-25,Regular Season,Defense
1631111,Wendell Moore Jr.,Wendell,1610612766,CHA,23.0,36,11,25,0.306,13.9,112.0,1.8,0.132,0.201,0.6,0.213,0.1,0.094,5.6,4.0,5.5,14.3,0.044,0.043839869774165444,370,407,300,452,388,313,362,238,235,325,220,424,410,212,185,241,191,363,2024-25,Regular Season,Defense
1630214,Xavier Tillman,Xavier,1610612738,BOS,26.0,33,26,7,0.788,7.0,108.9,1.0,0.146,0.234,0.3,0.262,0.2,0.217,2.4,1.5,2.1,6.5,0.028,0.028006790163590978,390,240,90,38,500,178,460,193,167,434,101,412,195,53,46,75,69,481,2024-25,Regular Season,Defense
1642530,Yuki Kawamura,Yuki,1610612763,MEM,24.0,22,17,5,0.773,4.2,102.5,0.5,0.114,0.182,0.1,0.125,0.0,0.0,1.6,1.7,1.3,5.5,0.025,0.024946034700471374,441,323,64,50,544,47,530,311,281,531,486,519,519,30,58,39,49,500,2024-25,Regular Season,Defense
1641879,Yuri Collins,Yuri,1610612744,GSW,24.0,2,2,0,1.0,8.2,111.4,0.5,0.071,0.125,1.0,0.333,0.0,0.0,3.0,5.0,0.0,9.0,0.027,0.02743357476637853,557,525,1,1,480,287,534,520,468,101,28,519,519,85,236,1,99,487,2024-25,Regular Season,Defense
1642274,Yves Missi,Yves,1610612740,NOP,21.0,73,19,54,0.26,26.8,120.5,4.7,0.177,0.279,0.5,0.109,1.3,0.462,11.1,9.0,10.7,30.3,0.018,0.017618870547962694,86,302,557,485,154,544,71,111,96,352,512,21,52,482,488,510,468,520,2024-25,Regular Season,Defense
1642258,Zaccharie Risacher,Zaccharie,1610612737,ATL,20.0,75,38,37,0.507,24.6,115.0,2.4,0.099,0.147,0.7,0.131,0.5,0.189,10.2,6.8,9.3,26.9,0.055,0.05500692853885083,59,110,465,264,188,435,280,386,393,250,468,159,227,448,356,457,414,285,2024-25,Regular Season,Defense
1628380,Zach Collins,Zach,1610612741,CHI,27.0,64,34,30,0.531,15.3,109.9,2.9,0.177,0.266,0.5,0.169,0.5,0.333,5.4,4.2,4.1,14.9,0.056,0.05620699231793304,170,157,383,246,360,228,207,110,116,381,359,185,100,198,191,175,201,279,2024-25,Regular Season,Defense
1641744,Zach Edey,Zach,1610612763,MEM,23.0,66,35,31,0.53,21.5,111.5,4.8,0.204,0.298,0.5,0.165,1.3,0.509,9.4,6.0,7.7,20.8,0.069,0.06936657920007216,156,149,395,248,243,294,67,62,70,336,369,24,32,401,299,369,302,202,2024-25,Regular Season,Defense
203897,Zach LaVine,Zach,1610612758,SAC,30.0,74,32,42,0.432,35.2,116.8,4.0,0.107,0.155,0.8,0.156,0.2,0.054,12.6,10.4,11.8,39.3,0.062,0.061724627887984725,71,179,517,363,22,490,104,349,374,207,405,402,484,545,550,544,567,240,2024-25,Regular Season,Defense
1630192,Zeke Nnaji,Zeke,1610612743,DEN,24.0,57,36,21,0.632,10.7,108.9,1.0,0.081,0.123,0.4,0.258,0.7,0.437,4.0,4.0,3.6,10.3,0.043,0.043051400522351436,232,136,253,115,447,172,460,479,478,393,106,96,61,135,179,143,117,367,2024-25,Regular Season,Defense
1630533,Ziaire Williams,Ziaire,1610612751,BKN,23.0,63,22,41,0.349,24.5,116.2,3.6,0.154,0.238,1.0,0.244,0.4,0.184,9.4,6.6,8.6,25.6,0.047,0.04698326823767109,185,274,512,433,192,469,129,165,162,116,134,192,236,404,334,415,390,339,2024-25,Regular Season,Defense
1629627,Zion Williamson,Zion,1610612740,NOP,24.0,30,10,20,0.333,28.6,115.5,4.7,0.152,0.243,1.2,0.268,0.9,0.243,9.5,9.5,9.3,30.2,0.062,0.06151291018926016,409,419,242,437,118,451,74,172,149,51,86,61,171,409,514,456,463,240,2024-25,Regular Season,Defense
1642389,Zyon Pullin,Zyon,1610612763,MEM,24.0,3,1,2,0.333,0.9,66.7,0.0,0.0,0.0,0.0,0.0,0.0,0.0,0.0,0.0,0.0,1.3,0.015,0.01485422409390673,549,539,23,437,569,3,564,564,564,541,541,519,519,1,1,1,2,533,2024-25,Regular Season,Defense
