PLAYER_ID,PLAYER_NAME,PLAYER_LAST_TEAM_ID,PLAYER_LAST_TEAM_ABBREVIATION,AGE,GP,G,FGA_FREQUENCY,FGM,FGA,FG_PCT,EFG_PCT,FG2A_FREQUENCY,FG2M,FG2A,FG2_PCT,FG3A_FREQUENCY,FG3M,FG3A,FG3_PCT,SEASON,SEASON_TYPE,RANGE_LABEL
1628983,Shai Gilgeous-Alexander,1610612760,OKC,26.0,76,76,1.0,860,1656,0.519,0.569,0.737,697,1221,0.571,0.263,163,435,0.375,2024-25,Regular Season,Overall
1630162,Anthony Edwards,1610612750,MIN,23.0,79,79,1.0,721,1612,0.447,0.547,0.497,401,801,0.501,0.503,320,811,0.395,2024-25,Regular Season,Overall
1630595,Cade Cunningham,1610612765,DET,23.0,70,70,1.0,683,1456,0.469,0.52,0.713,534,1038,0.514,0.287,149,418,0.356,2024-25,Regular Season,Overall
1628369,Jayson Tatum,1610612738,BOS,27.0,72,71,1.0,651,1442,0.451,0.538,0.501,402,723,0.556,0.499,249,719,0.346,2024-25,Regular Season,Overall
1630224,Jalen Green,1610612745,HOU,23.0,82,82,1.0,608,1437,0.423,0.505,0.54,374,776,0.482,0.46,234,661,0.354,2024-25,Regular Season,Overall
1626164,Devin Booker,1610612756,PHX,28.0,75,75,1.0,654,1420,0.461,0.525,0.612,471,869,0.542,0.388,183,551,0.332,2024-25,Regular Season,Overall
1629639,Tyler Herro,1610612748,MIA,25.0,77,77,1.0,651,1378,0.472,0.563,0.513,400,707,0.566,0.487,251,671,0.374,2024-25,Regular Season,Overall
1629027,Trae Young,1610612737,ATL,26.0,76,76,1.0,566,1376,0.411,0.491,0.533,348,734,0.474,0.467,218,642,0.34,2024-25,Regular Season,Overall
203999,Nikola Jokić,1610612743,DEN,30.0,70,70,1.0,786,1363,0.577,0.627,0.758,648,1033,0.627,0.242,138,330,0.418,2024-25,Regular Season,Overall
1628378,Donovan Mitchell,1610612739,CLE,28.0,71,71,1.0,585,1320,0.443,0.531,0.52,352,687,0.512,0.48,233,633,0.368,2024-25,Regular Season,Overall
203507,Giannis Antetokounmpo,1610612749,MIL,30.0,67,67,1.0,793,1319,0.601,0.607,0.952,779,1256,0.62,0.048,14,63,0.222,2024-25,Regular Season,Overall
201942,DeMar DeRozan,1610612758,SAC,35.0,77,77,1.0,624,1308,0.477,0.509,0.804,540,1051,0.514,0.196,84,257,0.327,2024-25,Regular Season,Overall
201935,James Harden,1610612746,LAC,35.0,79,79,1.0,531,1295,0.41,0.501,0.484,296,627,0.472,0.516,235,668,0.352,2024-25,Regular Season,Overall
2544,LeBron James,1610612747,LAL,40.0,70,70,1.0,651,1270,0.513,0.571,0.688,502,874,0.574,0.312,149,396,0.376,2024-25,Regular Season,Overall
201939,Stephen Curry,1610612744,GSW,37.0,70,70,1.0,564,1257,0.449,0.572,0.377,253,474,0.534,0.623,311,783,0.397,2024-25,Regular Season,Overall
203897,Zach LaVine,1610612758,SAC,30.0,74,74,1.0,625,1223,0.511,0.609,0.562,386,687,0.562,0.438,239,536,0.446,2024-25,Regular Season,Overall
1626157,Karl-Anthony Towns,1610612752,NYK,29.0,71,71,1.0,635,1203,0.528,0.586,0.724,494,871,0.567,0.276,141,332,0.425,2024-25,Regular Season,Overall
1628991,Jaren Jackson Jr.,1610612763,MEM,25.0,73,72,1.0,586,1198,0.489,0.55,0.679,441,814,0.542,0.321,145,384,0.378,2024-25,Regular Season,Overall
1627783,Pascal Siakam,1610612754,IND,31.0,78,78,1.0,613,1182,0.519,0.572,0.726,487,858,0.568,0.274,126,324,0.389,2024-25,Regular Season,Overall
1628973,Jalen Brunson,1610612752,NYK,28.0,64,64,1.0,575,1177,0.489,0.552,0.668,425,786,0.541,0.332,150,391,0.384,2024-25,Regular Season,Overall
1629636,Darius Garland,1610612739,CLE,25.0,75,75,1.0,554,1174,0.472,0.562,0.549,342,645,0.53,0.451,212,529,0.401,2024-25,Regular Season,Overall
1628969,Mikal Bridges,1610612752,NYK,28.0,81,80,1.0,585,1169,0.5,0.571,0.608,421,711,0.592,0.392,164,458,0.358,2024-25,Regular Season,Overall
1631114,Jalen Williams,1610612760,OKC,24.0,69,69,1.0,565,1168,0.484,0.537,0.709,441,828,0.533,0.291,124,340,0.365,2024-25,Regular Season,Overall
1628368,De'Aaron Fox,1610612759,SAS,27.0,62,62,1.0,539,1163,0.463,0.514,0.672,421,782,0.538,0.328,118,381,0.31,2024-25,Regular Season,Overall
1630532,Franz Wagner,1610612753,ORL,23.0,60,60,1.0,537,1161,0.463,0.507,0.697,433,809,0.535,0.303,104,352,0.295,2024-25,Regular Season,Overall
1630578,Alperen Sengun,1610612745,HOU,22.0,76,76,1.0,567,1143,0.496,0.505,0.921,546,1053,0.519,0.079,21,90,0.233,2024-25,Regular Season,Overall
1629014,Anfernee Simons,1610612757,POR,26.0,70,70,1.0,479,1125,0.426,0.521,0.473,264,532,0.496,0.527,215,593,0.363,2024-25,Regular Season,Overall
201142,Kevin Durant,1610612756,PHX,36.0,62,62,1.0,592,1124,0.527,0.598,0.669,432,752,0.574,0.331,160,372,0.43,2024-25,Regular Season,Overall
1629632,Coby White,1610612741,CHI,25.0,74,74,1.0,508,1121,0.453,0.55,0.479,292,537,0.544,0.521,216,584,0.37,2024-25,Regular Season,Overall
1628389,Bam Adebayo,1610612748,MIA,27.0,78,78,1.0,540,1113,0.485,0.521,0.801,461,892,0.517,0.199,79,221,0.357,2024-25,Regular Season,Overall
1627750,Jamal Murray,1610612743,DEN,28.0,67,67,1.0,523,1106,0.473,0.543,0.646,368,714,0.515,0.354,155,392,0.395,2024-25,Regular Season,Overall
1627759,Jaylen Brown,1610612738,BOS,28.0,63,62,1.0,512,1105,0.463,0.516,0.677,396,748,0.529,0.323,116,357,0.325,2024-25,Regular Season,Overall
1631101,Shaedon Sharpe,1610612757,POR,22.0,72,72,1.0,499,1104,0.452,0.519,0.572,352,632,0.557,0.428,147,472,0.311,2024-25,Regular Season,Overall
1630178,Tyrese Maxey,1610612755,PHI,24.0,52,52,1.0,477,1091,0.437,0.511,0.562,316,613,0.515,0.438,161,478,0.337,2024-25,Regular Season,Overall
1628970,Miles Bridges,1610612766,CHA,27.0,64,64,1.0,469,1089,0.431,0.495,0.587,328,639,0.513,0.413,141,450,0.313,2024-25,Regular Season,Overall
1627736,Malik Beasley,1610612765,DET,28.0,82,82,1.0,460,1069,0.43,0.579,0.285,142,305,0.466,0.715,318,764,0.416,2024-25,Regular Season,Overall
1630567,Scottie Barnes,1610612761,TOR,23.0,65,65,1.0,473,1062,0.445,0.481,0.736,397,782,0.508,0.264,76,280,0.271,2024-25,Regular Season,Overall
1629673,Jordan Poole,1610612764,WAS,26.0,68,68,1.0,457,1056,0.433,0.544,0.411,222,434,0.512,0.589,235,622,0.378,2024-25,Regular Season,Overall
202696,Nikola Vucevic,1610612741,CHI,34.0,73,73,1.0,550,1038,0.53,0.592,0.691,421,717,0.587,0.309,129,321,0.402,2024-25,Regular Season,Overall
1630559,Austin Reaves,1610612747,LAL,27.0,73,73,1.0,477,1037,0.46,0.556,0.488,277,506,0.547,0.512,200,531,0.377,2024-25,Regular Season,Overall
1629008,Michael Porter Jr.,1610612743,DEN,27.0,77,76,1.0,523,1035,0.505,0.598,0.534,332,553,0.6,0.466,191,482,0.396,2024-25,Regular Season,Overall
1629029,Luka Doncic,1610612747,LAL,26.0,50,50,1.0,461,1025,0.45,0.536,0.531,284,544,0.522,0.469,177,481,0.368,2024-25,Regular Season,Overall
1628384,OG Anunoby,1610612752,NYK,27.0,73,73,1.0,482,1010,0.477,0.56,0.554,315,560,0.563,0.446,167,450,0.371,2024-25,Regular Season,Overall
1630169,Tyrese Haliburton,1610612754,IND,25.0,73,73,1.0,476,1006,0.473,0.582,0.441,258,444,0.581,0.559,218,562,0.388,2024-25,Regular Season,Overall
1630163,LaMelo Ball,1610612766,CHA,23.0,47,47,1.0,406,1003,0.405,0.494,0.474,227,475,0.478,0.526,179,528,0.339,2024-25,Regular Season,Overall
1630217,Desmond Bane,1610612753,ORL,27.0,68,68,1.0,484,1001,0.484,0.565,0.586,320,587,0.545,0.414,164,414,0.396,2024-25,Regular Season,Overall
203468,CJ McCollum,1610612740,NOP,33.0,56,56,1.0,444,1000,0.444,0.53,0.541,273,541,0.505,0.459,171,459,0.373,2024-25,Regular Season,Overall
203081,Damian Lillard,1610612749,MIL,34.0,58,58,1.0,444,992,0.448,0.547,0.472,247,468,0.528,0.528,197,524,0.376,2024-25,Regular Season,Overall
1642264,Stephon Castle,1610612759,SAS,20.0,81,81,1.0,423,988,0.428,0.476,0.663,328,655,0.501,0.337,95,333,0.285,2024-25,Regular Season,Overall
1629628,RJ Barrett,1610612761,TOR,25.0,58,58,1.0,459,980,0.468,0.523,0.688,352,674,0.522,0.312,107,306,0.35,2024-25,Regular Season,Overall
1628401,Derrick White,1610612738,BOS,30.0,76,76,1.0,424,959,0.442,0.58,0.279,159,268,0.593,0.721,265,691,0.384,2024-25,Regular Season,Overall
1626181,Norman Powell,1610612746,LAC,32.0,60,60,1.0,457,945,0.484,0.578,0.547,278,517,0.538,0.453,179,428,0.418,2024-25,Regular Season,Overall
202681,Kyrie Irving,1610612742,DAL,33.0,50,50,1.0,447,945,0.473,0.549,0.62,303,586,0.517,0.38,144,359,0.401,2024-25,Regular Season,Overall
1627826,Ivica Zubac,1610612746,LAC,28.0,80,80,1.0,592,940,0.63,0.63,1.0,592,940,0.63,0.0,0,0,,2024-25,Regular Season,Overall
203944,Julius Randle,1610612750,MIN,30.0,69,69,1.0,455,939,0.485,0.542,0.666,347,625,0.555,0.334,108,314,0.344,2024-25,Regular Season,Overall
1628370,Malik Monk,1610612758,SAC,27.0,65,65,1.0,412,939,0.439,0.513,0.544,273,511,0.534,0.456,139,428,0.325,2024-25,Regular Season,Overall
1630700,Dyson Daniels,1610612737,ATL,22.0,76,76,1.0,455,923,0.493,0.536,0.745,375,688,0.545,0.255,80,235,0.34,2024-25,Regular Season,Overall
1629675,Naz Reid,1610612750,MIN,25.0,80,80,1.0,426,923,0.462,0.556,0.499,251,461,0.544,0.501,175,462,0.379,2024-25,Regular Season,Overall
1641718,Keyonte George,1610612762,UTA,21.0,67,67,1.0,359,919,0.391,0.485,0.448,185,412,0.449,0.552,174,507,0.343,2024-25,Regular Season,Overall
1631094,Paolo Banchero,1610612753,ORL,22.0,46,46,1.0,412,911,0.452,0.5,0.701,325,639,0.509,0.299,87,272,0.32,2024-25,Regular Season,Overall
203076,Anthony Davis,1610612742,DAL,32.0,51,51,1.0,470,910,0.516,0.536,0.864,435,786,0.553,0.136,35,124,0.282,2024-25,Regular Season,Overall
1630596,Evan Mobley,1610612739,CLE,24.0,71,71,1.0,505,906,0.557,0.604,0.746,420,676,0.621,0.254,85,230,0.37,2024-25,Regular Season,Overall
1628415,Dillon Brooks,1610612745,HOU,29.0,75,75,1.0,384,895,0.429,0.533,0.476,198,426,0.465,0.524,186,469,0.397,2024-25,Regular Season,Overall
1627734,Domantas Sabonis,1610612758,SAC,29.0,70,69,1.0,527,893,0.59,0.627,0.825,462,737,0.627,0.175,65,156,0.417,2024-25,Regular Season,Overall
1630170,Devin Vassell,1610612759,SAS,24.0,64,64,1.0,394,889,0.443,0.532,0.517,236,460,0.513,0.483,158,429,0.368,2024-25,Regular Season,Overall
202691,Klay Thompson,1610612742,DAL,35.0,72,72,1.0,361,877,0.412,0.535,0.369,145,324,0.448,0.631,216,553,0.391,2024-25,Regular Season,Overall
1629012,Collin Sexton,1610612762,UTA,26.0,63,63,1.0,416,867,0.48,0.543,0.687,306,596,0.513,0.313,110,271,0.406,2024-25,Regular Season,Overall
1629630,Ja Morant,1610612763,MEM,25.0,49,49,1.0,395,867,0.456,0.506,0.678,307,588,0.522,0.322,88,279,0.315,2024-25,Regular Season,Overall
1630202,Payton Pritchard,1610612738,BOS,27.0,80,79,1.0,408,860,0.474,0.622,0.278,154,239,0.644,0.722,254,621,0.409,2024-25,Regular Season,Overall
1641705,Victor Wembanyama,1610612759,SAS,21.0,46,46,1.0,408,857,0.476,0.559,0.53,266,454,0.586,0.47,142,403,0.352,2024-25,Regular Season,Overall
1631097,Bennedict Mathurin,1610612754,IND,23.0,72,72,1.0,391,853,0.458,0.516,0.662,293,565,0.519,0.338,98,288,0.34,2024-25,Regular Season,Overall
1628398,Kyle Kuzma,1610612749,MIL,29.0,65,65,1.0,370,848,0.436,0.493,0.631,274,535,0.512,0.369,96,313,0.307,2024-25,Regular Season,Overall
1630166,Deni Avdija,1610612757,POR,24.0,72,72,1.0,402,844,0.476,0.55,0.595,277,502,0.552,0.405,125,342,0.365,2024-25,Regular Season,Overall
1630530,Trey Murphy III,1610612740,NOP,25.0,53,52,1.0,381,839,0.454,0.548,0.478,223,401,0.556,0.522,158,438,0.361,2024-25,Regular Season,Overall
203952,Andrew Wiggins,1610612748,MIA,30.0,60,60,1.0,376,839,0.448,0.526,0.585,246,491,0.501,0.415,130,348,0.374,2024-25,Regular Season,Overall
1630183,Jaden McDaniels,1610612750,MIN,24.0,82,82,1.0,398,834,0.477,0.537,0.637,298,531,0.561,0.363,100,303,0.33,2024-25,Regular Season,Overall
1642259,Alex Sarr,1610612764,WAS,20.0,67,67,1.0,326,828,0.394,0.457,0.588,221,487,0.454,0.412,105,341,0.308,2024-25,Regular Season,Overall
203471,Dennis Schröder,1610612765,DET,31.0,75,75,1.0,336,826,0.407,0.484,0.551,209,455,0.459,0.449,127,371,0.342,2024-25,Regular Season,Overall
1629656,Quentin Grimes,1610612755,PHI,25.0,75,74,1.0,384,823,0.467,0.565,0.488,222,402,0.552,0.512,162,421,0.385,2024-25,Regular Season,Overall
1631099,Keegan Murray,1610612758,SAC,24.0,76,76,1.0,364,820,0.444,0.538,0.452,210,371,0.566,0.548,154,449,0.343,2024-25,Regular Season,Overall
201566,Russell Westbrook,1610612743,DEN,36.0,75,75,1.0,365,814,0.448,0.504,0.654,275,532,0.517,0.346,90,282,0.319,2024-25,Regular Season,Overall
1631128,Christian Braun,1610612743,DEN,24.0,79,78,1.0,471,811,0.581,0.634,0.729,384,591,0.65,0.271,87,220,0.395,2024-25,Regular Season,Overall
1626167,Myles Turner,1610612754,IND,29.0,72,72,1.0,390,811,0.481,0.577,0.514,234,417,0.561,0.486,156,394,0.396,2024-25,Regular Season,Overall
202699,Tobias Harris,1610612765,DET,32.0,73,73,1.0,384,805,0.477,0.534,0.672,293,541,0.542,0.328,91,264,0.345,2024-25,Regular Season,Overall
1630581,Josh Giddey,1610612741,CHI,22.0,70,70,1.0,366,791,0.463,0.528,0.652,262,516,0.508,0.348,104,275,0.378,2024-25,Regular Season,Overall
1627741,Buddy Hield,1610612744,GSW,32.0,82,82,1.0,328,786,0.417,0.546,0.302,125,237,0.527,0.698,203,549,0.37,2024-25,Regular Season,Overall
1642258,Zaccharie Risacher,1610612737,ATL,20.0,75,75,1.0,357,780,0.458,0.536,0.559,235,436,0.539,0.441,122,344,0.355,2024-25,Regular Season,Overall
1630553,Keon Johnson,1610612751,BKN,23.0,79,79,1.0,303,779,0.389,0.47,0.485,177,378,0.468,0.515,126,401,0.314,2024-25,Regular Season,Overall
201572,Brook Lopez,1610612749,MIL,37.0,80,80,1.0,394,774,0.509,0.599,0.518,255,401,0.636,0.482,139,373,0.373,2024-25,Regular Season,Overall
1629640,Keldon Johnson,1610612759,SAS,25.0,77,77,1.0,371,770,0.482,0.538,0.644,284,496,0.573,0.356,87,274,0.318,2024-25,Regular Season,Overall
1628404,Josh Hart,1610612752,NYK,30.0,76,77,1.0,402,765,0.525,0.58,0.672,319,514,0.621,0.328,83,251,0.331,2024-25,Regular Season,Overall
1629631,De'Andre Hunter,1610612739,CLE,27.0,64,64,1.0,357,759,0.47,0.573,0.49,201,372,0.54,0.51,156,387,0.403,2024-25,Regular Season,Overall
1627832,Fred VanVleet,1610612745,HOU,31.0,60,60,1.0,287,759,0.378,0.483,0.393,128,298,0.43,0.607,159,461,0.345,2024-25,Regular Season,Overall
1642267,Bub Carrington,1610612764,WAS,19.0,82,82,1.0,300,748,0.401,0.493,0.456,162,341,0.475,0.544,138,407,0.339,2024-25,Regular Season,Overall
1629661,Cameron Johnson,1610612751,BKN,29.0,57,57,1.0,355,747,0.475,0.582,0.454,196,339,0.578,0.546,159,408,0.39,2024-25,Regular Season,Overall
1626162,Kelly Oubre Jr.,1610612755,PHI,29.0,60,60,1.0,348,741,0.47,0.518,0.673,277,499,0.555,0.327,71,242,0.293,2024-25,Regular Season,Overall
1630598,Aaron Wiggins,1610612760,OKC,26.0,76,75,1.0,355,728,0.488,0.577,0.534,225,389,0.578,0.466,130,339,0.383,2024-25,Regular Season,Overall
1641739,Toumani Camara,1610612757,POR,25.0,78,78,1.0,328,716,0.458,0.552,0.497,193,356,0.542,0.503,135,360,0.375,2024-25,Regular Season,Overall
1630230,Naji Marshall,1610612742,DAL,27.0,69,69,1.0,362,712,0.508,0.551,0.694,302,494,0.611,0.306,60,218,0.275,2024-25,Regular Season,Overall
1628374,Lauri Markkanen,1610612762,UTA,28.0,47,47,1.0,296,700,0.423,0.521,0.43,158,301,0.525,0.57,138,399,0.346,2024-25,Regular Season,Overall
1641708,Amen Thompson,1610612745,HOU,22.0,69,69,1.0,388,697,0.557,0.575,0.869,363,606,0.599,0.131,25,91,0.275,2024-25,Regular Season,Overall
203078,Bradley Beal,1610612756,PHX,32.0,53,53,1.0,345,694,0.497,0.571,0.62,243,430,0.565,0.38,102,264,0.386,2024-25,Regular Season,Overall
1630703,Scoot Henderson,1610612757,POR,21.0,66,66,1.0,287,685,0.419,0.496,0.566,182,388,0.469,0.434,105,297,0.354,2024-25,Regular Season,Overall
1630168,Onyeka Okongwu,1610612737,ATL,24.0,74,74,1.0,388,684,0.567,0.602,0.784,340,536,0.634,0.216,48,148,0.324,2024-25,Regular Season,Overall
203084,Harrison Barnes,1610612759,SAS,33.0,82,82,1.0,347,683,0.508,0.622,0.473,191,323,0.591,0.527,156,360,0.433,2024-25,Regular Season,Overall
1626145,Tyus Jones,1610612756,PHX,29.0,81,81,1.0,306,683,0.448,0.57,0.413,140,282,0.496,0.587,166,401,0.414,2024-25,Regular Season,Overall
203915,Spencer Dinwiddie,1610612742,DAL,32.0,79,77,1.0,284,682,0.416,0.496,0.522,175,356,0.492,0.478,109,326,0.334,2024-25,Regular Season,Overall
203501,Tim Hardaway Jr.,1610612765,DET,33.0,77,77,1.0,276,680,0.406,0.529,0.328,108,223,0.484,0.672,168,457,0.368,2024-25,Regular Season,Overall
1642377,Jaylen Wells,1610612763,MEM,21.0,78,78,1.0,286,672,0.426,0.528,0.423,149,284,0.525,0.577,137,388,0.353,2024-25,Regular Season,Overall
1629023,P.J. Washington,1610612742,DAL,26.0,57,57,1.0,301,665,0.453,0.521,0.641,210,426,0.493,0.359,91,239,0.381,2024-25,Regular Season,Overall
1630577,Julian Champagnie,1610612759,SAS,24.0,82,82,1.0,276,665,0.415,0.549,0.278,98,185,0.53,0.722,178,480,0.371,2024-25,Regular Season,Overall
1629130,Duncan Robinson,1610612748,MIA,31.0,74,74,1.0,290,663,0.437,0.581,0.271,100,180,0.556,0.729,190,483,0.393,2024-25,Regular Season,Overall
1629018,Gary Trent Jr.,1610612749,MIL,26.0,74,74,1.0,283,657,0.431,0.568,0.341,103,224,0.46,0.659,180,433,0.416,2024-25,Regular Season,Overall
1629645,Kevin Porter Jr.,1610612749,MIL,25.0,75,75,1.0,293,652,0.449,0.492,0.729,238,475,0.501,0.271,55,177,0.311,2024-25,Regular Season,Overall
1641711,Gradey Dick,1610612761,TOR,21.0,54,54,1.0,265,647,0.41,0.498,0.496,151,321,0.47,0.504,114,326,0.35,2024-25,Regular Season,Overall
1628386,Jarrett Allen,1610612739,CLE,27.0,82,82,1.0,452,640,0.706,0.706,0.992,452,635,0.712,0.008,0,5,0.0,2024-25,Regular Season,Overall
1626156,D'Angelo Russell,1610612751,BKN,29.0,58,58,1.0,249,638,0.39,0.479,0.436,136,278,0.489,0.564,113,360,0.314,2024-25,Regular Season,Overall
1630583,Santi Aldama,1610612763,MEM,24.0,64,64,1.0,308,636,0.484,0.577,0.498,190,317,0.599,0.502,118,319,0.37,2024-25,Regular Season,Overall
1626179,Terry Rozier,1610612748,MIA,31.0,64,64,1.0,248,635,0.391,0.462,0.515,157,327,0.48,0.485,91,308,0.295,2024-25,Regular Season,Overall
1641764,Brandin Podziemski,1610612744,GSW,22.0,64,63,1.0,280,629,0.445,0.537,0.509,165,320,0.516,0.491,115,309,0.372,2024-25,Regular Season,Overall
202685,Jonas Valančiūnas,1610612758,SAC,33.0,81,81,1.0,345,627,0.55,0.557,0.941,337,590,0.571,0.059,8,37,0.216,2024-25,Regular Season,Overall
204456,T.J. McConnell,1610612754,IND,33.0,79,78,1.0,324,624,0.519,0.531,0.921,309,575,0.537,0.079,15,49,0.306,2024-25,Regular Season,Overall
1641731,Bilal Coulibaly,1610612764,WAS,20.0,59,59,1.0,263,624,0.421,0.472,0.641,200,400,0.5,0.359,63,224,0.281,2024-25,Regular Season,Overall
202695,Kawhi Leonard,1610612746,LAC,34.0,37,37,1.0,310,623,0.498,0.56,0.695,232,433,0.536,0.305,78,190,0.411,2024-25,Regular Season,Overall
1641710,Anthony Black,1610612753,ORL,21.0,78,77,1.0,262,621,0.422,0.472,0.686,200,426,0.469,0.314,62,195,0.318,2024-25,Regular Season,Overall
1627777,Georges Niang,1610612737,ATL,32.0,79,79,1.0,286,620,0.461,0.595,0.34,120,211,0.569,0.66,166,409,0.406,2024-25,Regular Season,Overall
1630592,Jalen Wilson,1610612751,BKN,24.0,79,79,1.0,246,620,0.397,0.495,0.416,124,258,0.481,0.584,122,362,0.337,2024-25,Regular Season,Overall
1629660,Ty Jerome,1610612739,CLE,27.0,70,70,1.0,319,618,0.516,0.606,0.591,208,365,0.57,0.409,111,253,0.439,2024-25,Regular Season,Overall
1629638,Nickeil Alexander-Walker,1610612750,MIN,26.0,82,82,1.0,270,616,0.438,0.553,0.399,129,246,0.524,0.601,141,370,0.381,2024-25,Regular Season,Overall
1628989,Kevin Huerter,1610612741,CHI,26.0,69,69,1.0,257,604,0.425,0.535,0.353,125,213,0.587,0.647,132,391,0.338,2024-25,Regular Season,Overall
1630167,Obi Toppin,1610612754,IND,27.0,79,78,1.0,317,599,0.529,0.621,0.497,207,298,0.695,0.503,110,301,0.365,2024-25,Regular Season,Overall
1627747,Caris LeVert,1610612737,ATL,30.0,64,64,1.0,280,599,0.467,0.556,0.526,174,315,0.552,0.474,106,284,0.373,2024-25,Regular Season,Overall
1641729,Brice Sensabaugh,1610612762,UTA,21.0,71,70,1.0,275,599,0.459,0.59,0.379,118,227,0.52,0.621,157,372,0.422,2024-25,Regular Season,Overall
202710,Jimmy Butler III,1610612744,GSW,35.0,55,54,1.0,301,597,0.504,0.531,0.826,269,493,0.546,0.174,32,104,0.308,2024-25,Regular Season,Overall
1626171,Bobby Portis,1610612749,MIL,30.0,49,49,1.0,277,595,0.466,0.52,0.701,212,417,0.508,0.299,65,178,0.365,2024-25,Regular Season,Overall
1628978,Donte DiVincenzo,1610612750,MIN,28.0,62,62,1.0,250,594,0.421,0.567,0.263,76,156,0.487,0.737,174,438,0.397,2024-25,Regular Season,Overall
1629652,Luguentz Dort,1610612760,OKC,26.0,71,71,1.0,258,593,0.435,0.578,0.304,88,180,0.489,0.696,170,413,0.412,2024-25,Regular Season,Overall
1630590,Scotty Pippen Jr.,1610612763,MEM,24.0,78,76,1.0,284,591,0.481,0.554,0.631,197,373,0.528,0.369,87,218,0.399,2024-25,Regular Season,Overall
1627884,Derrick Jones Jr.,1610612746,LAC,28.0,77,77,1.0,310,589,0.526,0.593,0.628,232,370,0.627,0.372,78,219,0.356,2024-25,Regular Season,Overall
1631108,Max Christie,1610612742,DAL,22.0,78,78,1.0,252,589,0.428,0.525,0.467,137,275,0.498,0.533,115,314,0.366,2024-25,Regular Season,Overall
1630198,Isaiah Joe,1610612760,OKC,25.0,74,74,1.0,259,588,0.44,0.604,0.207,67,122,0.549,0.793,192,466,0.412,2024-25,Regular Season,Overall
101108,Chris Paul,1610612759,SAS,40.0,82,82,1.0,249,583,0.427,0.547,0.364,109,212,0.514,0.636,140,371,0.377,2024-25,Regular Season,Overall
1627751,Jakob Poeltl,1610612761,TOR,29.0,57,57,1.0,363,579,0.627,0.628,0.995,362,576,0.628,0.005,1,3,0.333,2024-25,Regular Season,Overall
1629060,Rui Hachimura,1610612747,LAL,27.0,59,59,1.0,293,574,0.51,0.599,0.57,191,327,0.584,0.43,102,247,0.413,2024-25,Regular Season,Overall
203924,Jerami Grant,1610612757,POR,31.0,47,47,1.0,214,574,0.373,0.467,0.484,106,278,0.381,0.516,108,296,0.365,2024-25,Regular Season,Overall
202331,Paul George,1610612755,PHI,35.0,41,41,1.0,245,570,0.43,0.514,0.53,149,302,0.493,0.47,96,268,0.358,2024-25,Regular Season,Overall
1626220,Royce O'Neale,1610612756,PHX,32.0,75,75,1.0,241,570,0.423,0.58,0.226,62,129,0.481,0.774,179,441,0.406,2024-25,Regular Season,Overall
1629651,Nic Claxton,1610612751,BKN,26.0,70,70,1.0,320,568,0.563,0.568,0.963,315,547,0.576,0.037,5,21,0.238,2024-25,Regular Season,Overall
1630541,Moses Moody,1610612744,GSW,23.0,74,74,1.0,246,568,0.433,0.544,0.407,120,231,0.519,0.593,126,337,0.374,2024-25,Regular Season,Overall
1641733,Nick Smith Jr.,1610612766,CHA,21.0,60,59,1.0,222,568,0.391,0.482,0.461,118,262,0.45,0.539,104,306,0.34,2024-25,Regular Season,Overall
1630228,Jonathan Kuminga,1610612744,GSW,22.0,47,47,1.0,257,567,0.453,0.494,0.734,211,416,0.507,0.266,46,151,0.305,2024-25,Regular Season,Overall
1631095,Jabari Smith Jr.,1610612745,HOU,22.0,57,57,1.0,248,566,0.438,0.525,0.511,150,289,0.519,0.489,98,277,0.354,2024-25,Regular Season,Overall
1630557,Corey Kispert,1610612764,WAS,26.0,61,61,1.0,255,565,0.451,0.558,0.416,135,235,0.574,0.584,120,330,0.364,2024-25,Regular Season,Overall
1627824,Guerschon Yabusele,1610612755,PHI,29.0,70,70,1.0,282,563,0.501,0.593,0.513,178,289,0.616,0.487,104,274,0.38,2024-25,Regular Season,Overall
201950,Jrue Holiday,1610612738,BOS,35.0,62,62,1.0,250,563,0.444,0.538,0.467,144,263,0.548,0.533,106,300,0.353,2024-25,Regular Season,Overall
1631106,Tari Eason,1610612745,HOU,24.0,57,57,1.0,272,559,0.487,0.543,0.671,209,375,0.557,0.329,63,184,0.342,2024-25,Regular Season,Overall
1642261,Dalton Knecht,1610612747,LAL,24.0,78,76,1.0,257,557,0.461,0.576,0.39,129,217,0.594,0.61,128,340,0.376,2024-25,Regular Season,Overall
204001,Kristaps Porziņģis,1610612738,BOS,29.0,42,41,1.0,268,556,0.482,0.574,0.556,166,309,0.537,0.444,102,247,0.413,2024-25,Regular Season,Overall
1641722,Jordan Hawkins,1610612740,NOP,23.0,56,56,1.0,207,556,0.372,0.471,0.403,97,224,0.433,0.597,110,332,0.331,2024-25,Regular Season,Overall
1641824,Matas Buzelis,1610612741,CHI,20.0,80,78,1.0,252,555,0.454,0.541,0.521,156,289,0.54,0.479,96,266,0.361,2024-25,Regular Season,Overall
1642268,Isaiah Collier,1610612762,UTA,20.0,71,70,1.0,234,555,0.422,0.459,0.695,192,386,0.497,0.305,42,169,0.249,2024-25,Regular Season,Overall
1631105,Jalen Duren,1610612765,DET,21.0,78,77,1.0,378,546,0.692,0.692,1.0,378,546,0.692,0.0,0,0,,2024-25,Regular Season,Overall
1642273,Kyshawn George,1610612764,WAS,21.0,68,67,1.0,203,546,0.372,0.476,0.352,89,192,0.464,0.648,114,354,0.322,2024-25,Regular Season,Overall
203484,Kentavious Caldwell-Pope,1610612763,MEM,32.0,77,76,1.0,239,544,0.439,0.543,0.393,126,214,0.589,0.607,113,330,0.342,2024-25,Regular Season,Overall
1630175,Cole Anthony,1610612763,MEM,25.0,67,66,1.0,230,543,0.424,0.494,0.599,153,325,0.471,0.401,77,218,0.353,2024-25,Regular Season,Overall
1629614,Andrew Nembhard,1610612754,IND,25.0,65,65,1.0,247,539,0.458,0.506,0.675,196,364,0.538,0.325,51,175,0.291,2024-25,Regular Season,Overall
1630552,Jalen Johnson,1610612737,ATL,23.0,36,36,1.0,269,537,0.501,0.542,0.741,225,398,0.565,0.259,44,139,0.317,2024-25,Regular Season,Overall
1630540,Miles McBride,1610612752,NYK,24.0,63,63,1.0,214,535,0.4,0.504,0.428,103,229,0.45,0.572,111,306,0.363,2024-25,Regular Season,Overall
1630534,Ochai Agbaji,1610612761,TOR,25.0,64,64,1.0,266,534,0.498,0.593,0.526,165,281,0.587,0.474,101,253,0.399,2024-25,Regular Season,Overall
1628381,John Collins,1610612762,UTA,27.0,40,40,1.0,280,531,0.527,0.583,0.721,221,383,0.577,0.279,59,148,0.399,2024-25,Regular Season,Overall
1630631,Jose Alvarado,1610612740,NOP,27.0,56,56,1.0,204,521,0.392,0.498,0.407,93,212,0.439,0.593,111,309,0.359,2024-25,Regular Season,Overall
1630533,Ziaire Williams,1610612751,BKN,23.0,63,63,1.0,214,520,0.412,0.511,0.419,111,218,0.509,0.581,103,302,0.341,2024-25,Regular Season,Overall
1642271,Kyle Filipowski,1610612762,UTA,21.0,72,71,1.0,260,518,0.502,0.576,0.575,183,298,0.614,0.425,77,220,0.35,2024-25,Regular Season,Overall
1630172,Patrick Williams,1610612741,CHI,23.0,63,63,1.0,205,516,0.397,0.49,0.473,109,244,0.447,0.527,96,272,0.353,2024-25,Regular Season,Overall
1627752,Taurean Prince,1610612749,MIL,31.0,80,80,1.0,235,514,0.457,0.6,0.348,88,179,0.492,0.652,147,335,0.439,2024-25,Regular Season,Overall
203497,Rudy Gobert,1610612750,MIN,33.0,72,72,1.0,341,510,0.669,0.669,1.0,341,510,0.669,0.0,0,0,,2024-25,Regular Season,Overall
1629599,Amir Coffey,1610612746,LAC,28.0,72,69,1.0,240,510,0.471,0.57,0.516,139,263,0.529,0.484,101,247,0.409,2024-25,Regular Season,Overall
203110,Draymond Green,1610612744,GSW,35.0,68,68,1.0,216,509,0.424,0.503,0.517,136,263,0.517,0.483,80,246,0.325,2024-25,Regular Season,Overall
1629627,Zion Williamson,1610612740,NOP,24.0,30,30,1.0,288,508,0.567,0.57,0.974,285,495,0.576,0.026,3,13,0.231,2024-25,Regular Season,Overall
1630625,Dalano Banton,1610612757,POR,25.0,67,61,1.0,198,507,0.391,0.462,0.562,126,285,0.442,0.438,72,222,0.324,2024-25,Regular Season,Overall
1642347,Jamal Shead,1610612761,TOR,22.0,75,74,1.0,203,503,0.404,0.475,0.557,131,280,0.468,0.443,72,223,0.323,2024-25,Regular Season,Overall
203932,Aaron Gordon,1610612743,DEN,29.0,51,51,1.0,264,497,0.531,0.607,0.654,189,325,0.582,0.346,75,172,0.436,2024-25,Regular Season,Overall
1627749,Dejounte Murray,1610612740,NOP,28.0,31,31,1.0,194,493,0.394,0.446,0.647,142,319,0.445,0.353,52,174,0.299,2024-25,Regular Season,Overall
203992,Bogdan Bogdanović,1610612746,LAC,32.0,54,54,1.0,210,492,0.427,0.534,0.413,105,203,0.517,0.587,105,289,0.363,2024-25,Regular Season,Overall
203903,Jordan Clarkson,1610612762,UTA,33.0,37,37,1.0,201,492,0.409,0.494,0.53,117,261,0.448,0.47,84,231,0.364,2024-25,Regular Season,Overall
1642274,Yves Missi,1610612740,NOP,21.0,73,71,1.0,269,491,0.548,0.548,0.998,269,490,0.549,0.002,0,1,0.0,2024-25,Regular Season,Overall
1628976,Wendell Carter Jr.,1610612753,ORL,26.0,68,68,1.0,226,491,0.46,0.498,0.678,189,333,0.568,0.322,37,158,0.234,2024-25,Regular Season,Overall
1641706,Brandon Miller,1610612766,CHA,22.0,27,27,1.0,198,491,0.403,0.509,0.403,94,198,0.475,0.597,104,293,0.355,2024-25,Regular Season,Overall
1641717,Cason Wallace,1610612760,OKC,21.0,68,68,1.0,232,489,0.474,0.55,0.575,158,281,0.562,0.425,74,208,0.356,2024-25,Regular Season,Overall
1628960,Grayson Allen,1610612756,PHX,29.0,64,64,1.0,219,489,0.448,0.6,0.284,70,139,0.504,0.716,149,350,0.426,2024-25,Regular Season,Overall
1641783,Tristan da Silva,1610612753,ORL,24.0,74,71,1.0,199,483,0.412,0.495,0.505,119,244,0.488,0.495,80,239,0.335,2024-25,Regular Season,Overall
1630591,Jalen Suggs,1610612753,ORL,24.0,35,35,1.0,197,481,0.41,0.489,0.497,121,239,0.506,0.503,76,242,0.314,2024-25,Regular Season,Overall
1628392,Isaiah Hartenstein,1610612760,OKC,27.0,57,57,1.0,278,479,0.58,0.58,0.96,278,460,0.604,0.04,0,19,0.0,2024-25,Regular Season,Overall
1630558,Davion Mitchell,1610612748,MIA,26.0,74,73,1.0,223,476,0.468,0.557,0.557,139,265,0.525,0.443,84,211,0.398,2024-25,Regular Season,Overall
1642346,Ryan Dunn,1610612756,PHX,22.0,74,70,1.0,204,476,0.429,0.514,0.447,123,213,0.577,0.553,81,263,0.308,2024-25,Regular Season,Overall
1630548,Johnny Juzang,1610612762,UTA,24.0,64,64,1.0,204,475,0.429,0.554,0.339,86,161,0.534,0.661,118,314,0.376,2024-25,Regular Season,Overall
1631124,Julian Strawther,1610612743,DEN,23.0,65,64,1.0,202,472,0.428,0.524,0.441,111,208,0.534,0.559,91,264,0.345,2024-25,Regular Season,Overall
1631110,Jeremy Sochan,1610612759,SAS,22.0,54,54,1.0,251,469,0.535,0.565,0.804,223,377,0.592,0.196,28,92,0.304,2024-25,Regular Season,Overall
1630573,Sam Hauser,1610612738,BOS,27.0,71,69,1.0,211,469,0.45,0.624,0.16,48,75,0.64,0.84,163,394,0.414,2024-25,Regular Season,Overall
1629028,Deandre Ayton,1610612757,POR,26.0,40,40,1.0,265,468,0.566,0.573,0.932,259,436,0.594,0.068,6,32,0.188,2024-25,Regular Season,Overall
201144,Mike Conley,1610612750,MIN,37.0,71,71,1.0,187,468,0.4,0.535,0.338,60,158,0.38,0.662,127,310,0.41,2024-25,Regular Season,Overall
1631213,Tyrese Martin,1610612751,BKN,26.0,60,58,1.0,189,465,0.406,0.513,0.394,90,183,0.492,0.606,99,282,0.351,2024-25,Regular Season,Overall
1642276,Kel'el Ware,1610612748,MIA,21.0,64,63,1.0,257,464,0.554,0.592,0.761,222,353,0.629,0.239,35,111,0.315,2024-25,Regular Season,Overall
1631165,Keon Ellis,1610612758,SAC,25.0,80,79,1.0,227,464,0.489,0.639,0.308,88,143,0.615,0.692,139,321,0.433,2024-25,Regular Season,Overall
1641741,Ricky Council IV,1610612755,PHI,23.0,73,69,1.0,177,463,0.382,0.442,0.54,122,250,0.488,0.46,55,213,0.258,2024-25,Regular Season,Overall
1631170,Jaime Jaquez Jr.,1610612748,MIA,24.0,66,62,1.0,213,462,0.461,0.501,0.742,176,343,0.513,0.258,37,119,0.311,2024-25,Regular Season,Overall
1641709,Ausar Thompson,1610612765,DET,22.0,59,58,1.0,246,460,0.535,0.547,0.893,235,411,0.572,0.107,11,49,0.224,2024-25,Regular Season,Overall
201143,Al Horford,1610612738,BOS,39.0,60,59,1.0,192,456,0.421,0.543,0.322,81,147,0.551,0.678,111,309,0.359,2024-25,Regular Season,Overall
1630560,Cam Thomas,1610612751,BKN,23.0,25,25,1.0,199,454,0.438,0.513,0.57,131,259,0.506,0.43,68,195,0.349,2024-25,Regular Season,Overall
1630215,Jared Butler,1610612755,PHI,24.0,60,57,1.0,203,453,0.448,0.514,0.627,143,284,0.504,0.373,60,169,0.355,2024-25,Regular Season,Overall
1630245,Ayo Dosunmu,1610612741,CHI,25.0,46,46,1.0,221,449,0.492,0.561,0.579,159,260,0.612,0.421,62,189,0.328,2024-25,Regular Season,Overall
1631109,Mark Williams,1610612766,CHA,23.0,44,44,1.0,270,447,0.604,0.604,0.991,270,443,0.609,0.009,0,4,0.0,2024-25,Regular Season,Overall
1626166,Cameron Payne,1610612752,NYK,30.0,71,71,1.0,177,439,0.403,0.508,0.426,85,187,0.455,0.574,92,252,0.365,2024-25,Regular Season,Overall
1630193,Immanuel Quickley,1610612761,TOR,26.0,33,33,1.0,184,438,0.42,0.517,0.486,99,213,0.465,0.514,85,225,0.378,2024-25,Regular Season,Overall
1627739,Kris Dunn,1610612746,LAC,31.0,74,74,1.0,192,437,0.439,0.525,0.487,117,213,0.549,0.513,75,224,0.335,2024-25,Regular Season,Overall
1627827,Dorian Finney-Smith,1610612747,LAL,32.0,63,63,1.0,195,435,0.448,0.597,0.278,66,121,0.545,0.722,129,314,0.411,2024-25,Regular Season,Overall
1641744,Zach Edey,1610612763,MEM,23.0,65,65,1.0,247,428,0.577,0.598,0.879,229,376,0.609,0.121,18,52,0.346,2024-25,Regular Season,Overall
1628379,Luke Kennard,1610612763,MEM,29.0,64,62,1.0,203,424,0.479,0.612,0.394,90,167,0.539,0.606,113,257,0.44,2024-25,Regular Season,Overall
1631260,AJ Green,1610612749,MIL,25.0,73,72,1.0,182,424,0.429,0.612,0.144,27,61,0.443,0.856,155,363,0.427,2024-25,Regular Season,Overall
1630241,Sam Merrill,1610612739,CLE,29.0,71,70,1.0,172,424,0.406,0.567,0.132,35,56,0.625,0.868,137,368,0.372,2024-25,Regular Season,Overall
1630182,Josh Green,1610612766,CHA,24.0,68,68,1.0,180,421,0.428,0.543,0.411,83,173,0.48,0.589,97,248,0.391,2024-25,Regular Season,Overall
1631117,Walker Kessler,1610612762,UTA,23.0,58,58,1.0,278,420,0.662,0.669,0.917,272,385,0.706,0.083,6,35,0.171,2024-25,Regular Season,Overall
1631212,Peyton Watson,1610612743,DEN,22.0,68,68,1.0,200,420,0.476,0.531,0.683,154,287,0.537,0.317,46,133,0.346,2024-25,Regular Season,Overall
1629216,Gabe Vincent,1610612747,LAL,29.0,72,69,1.0,168,420,0.4,0.53,0.264,59,111,0.532,0.736,109,309,0.353,2024-25,Regular Season,Overall
1641842,Ronald Holland II,1610612765,DET,19.0,81,81,1.0,197,415,0.475,0.518,0.639,161,265,0.608,0.361,36,150,0.24,2024-25,Regular Season,Overall
1629611,Terance Mann,1610612737,ATL,28.0,67,67,1.0,205,413,0.496,0.569,0.605,145,250,0.58,0.395,60,163,0.368,2024-25,Regular Season,Overall
1631093,Jaden Ivey,1610612765,DET,23.0,30,30,1.0,190,413,0.46,0.536,0.627,127,259,0.49,0.373,63,154,0.409,2024-25,Regular Season,Overall
1630702,Jaden Hardy,1610612742,DAL,22.0,57,54,1.0,180,413,0.436,0.528,0.523,104,216,0.481,0.477,76,197,0.386,2024-25,Regular Season,Overall
1630551,Justin Champagnie,1610612764,WAS,24.0,62,56,1.0,210,411,0.511,0.601,0.53,136,218,0.624,0.47,74,193,0.383,2024-25,Regular Season,Overall
1630188,Jalen Smith,1610612741,CHI,25.0,64,63,1.0,190,408,0.466,0.554,0.456,118,186,0.634,0.544,72,222,0.324,2024-25,Regular Season,Overall
1629655,Daniel Gafford,1610612742,DAL,26.0,57,57,1.0,283,403,0.702,0.702,1.0,283,403,0.702,0.0,0,0,,2024-25,Regular Season,Overall
1641715,Cam Whitmore,1610612745,HOU,20.0,51,47,1.0,179,403,0.444,0.525,0.546,114,220,0.518,0.454,65,183,0.355,2024-25,Regular Season,Overall
1642266,Ja'Kobe Walter,1610612761,TOR,20.0,52,51,1.0,159,393,0.405,0.487,0.527,94,207,0.454,0.473,65,186,0.349,2024-25,Regular Season,Overall
203991,Clint Capela,1610612737,ATL,31.0,55,55,1.0,218,390,0.559,0.559,0.997,218,389,0.56,0.003,0,1,0.0,2024-25,Regular Season,Overall
1629312,Haywood Highsmith,1610612748,MIA,28.0,74,71,1.0,179,390,0.459,0.573,0.405,90,158,0.57,0.595,89,232,0.384,2024-25,Regular Season,Overall
1630174,Aaron Nesmith,1610612754,IND,25.0,45,45,1.0,192,379,0.507,0.617,0.485,108,184,0.587,0.515,84,195,0.431,2024-25,Regular Season,Overall
1630527,Brandon Boston,1610612740,NOP,23.0,42,40,1.0,165,379,0.435,0.5,0.631,116,239,0.485,0.369,49,140,0.35,2024-25,Regular Season,Overall
1631107,Nikola Jović,1610612748,MIA,22.0,46,46,1.0,172,378,0.455,0.558,0.444,94,168,0.56,0.556,78,210,0.371,2024-25,Regular Season,Overall
1642348,Justin Edwards,1610612755,PHI,21.0,44,43,1.0,171,377,0.454,0.544,0.499,103,188,0.548,0.501,68,189,0.36,2024-25,Regular Season,Overall
1629634,Brandon Clarke,1610612763,MEM,28.0,63,64,1.0,232,376,0.617,0.618,0.955,231,359,0.643,0.045,1,17,0.059,2024-25,Regular Season,Overall
1626168,Trey Lyles,1610612758,SAC,29.0,69,68,1.0,157,374,0.42,0.528,0.364,76,136,0.559,0.636,81,238,0.34,2024-25,Regular Season,Overall
1629622,Max Strus,1610612739,CLE,29.0,50,50,1.0,165,373,0.442,0.594,0.214,52,80,0.65,0.786,113,293,0.386,2024-25,Regular Season,Overall
1631323,Simone Fontecchio,1610612765,DET,29.0,75,74,1.0,150,373,0.402,0.504,0.391,74,146,0.507,0.609,76,227,0.335,2024-25,Regular Season,Overall
1641730,Noah Clowney,1610612751,BKN,20.0,46,46,1.0,133,372,0.358,0.474,0.298,46,111,0.414,0.702,87,261,0.333,2024-25,Regular Season,Overall
1628449,Chris Boucher,1610612761,TOR,32.0,50,50,1.0,182,369,0.493,0.588,0.48,112,177,0.633,0.52,70,192,0.365,2024-25,Regular Season,Overall
1641716,Jarace Walker,1610612754,IND,21.0,75,70,1.0,170,360,0.472,0.576,0.486,95,175,0.543,0.514,75,185,0.405,2024-25,Regular Season,Overall
1642367,Jonathan Mogbo,1610612761,TOR,23.0,63,60,1.0,156,356,0.438,0.462,0.803,139,286,0.486,0.197,17,70,0.243,2024-25,Regular Season,Overall
1629026,Kenrich Williams,1610612760,OKC,30.0,69,67,1.0,171,354,0.483,0.576,0.517,105,183,0.574,0.483,66,171,0.386,2024-25,Regular Season,Overall
203994,Jusuf Nurkić,1610612766,CHA,30.0,51,51,1.0,168,352,0.477,0.523,0.702,136,247,0.551,0.298,32,105,0.305,2024-25,Regular Season,Overall
1630570,Trendon Watford,1610612751,BKN,24.0,44,43,1.0,164,350,0.469,0.51,0.749,135,262,0.515,0.251,29,88,0.33,2024-25,Regular Season,Overall
1630208,Nick Richards,1610612756,PHX,27.0,57,56,1.0,205,347,0.591,0.591,0.994,205,345,0.594,0.006,0,2,0.0,2024-25,Regular Season,Overall
1630526,Jeremiah Robinson-Earl,1610612740,NOP,24.0,66,63,1.0,158,347,0.455,0.536,0.527,102,183,0.557,0.473,56,164,0.341,2024-25,Regular Season,Overall
1642419,Jamison Battle,1610612761,TOR,24.0,59,56,1.0,149,347,0.429,0.581,0.254,44,88,0.5,0.746,105,259,0.405,2024-25,Regular Season,Overall
1642275,Tidjane Salaün,1610612766,CHA,19.0,60,60,1.0,114,345,0.33,0.414,0.406,56,140,0.4,0.594,58,205,0.283,2024-25,Regular Season,Overall
203552,Seth Curry,1610612766,CHA,34.0,68,64,1.0,164,343,0.478,0.599,0.469,81,161,0.503,0.531,83,182,0.456,2024-25,Regular Season,Overall
1631096,Chet Holmgren,1610612760,OKC,23.0,32,32,1.0,167,341,0.49,0.554,0.66,123,225,0.547,0.34,44,116,0.379,2024-25,Regular Season,Overall
1629048,Goga Bitadze,1610612753,ORL,25.0,70,62,1.0,207,339,0.611,0.615,0.917,204,311,0.656,0.083,3,28,0.107,2024-25,Regular Season,Overall
1631222,Jake LaRavia,1610612758,SAC,23.0,66,65,1.0,160,337,0.475,0.564,0.579,100,195,0.513,0.421,60,142,0.423,2024-25,Regular Season,Overall
203114,Khris Middleton,1610612764,WAS,33.0,37,37,1.0,160,337,0.475,0.546,0.605,112,204,0.549,0.395,48,133,0.361,2024-25,Regular Season,Overall
1642270,Donovan Clingan,1610612757,POR,21.0,67,67,1.0,180,334,0.539,0.56,0.853,166,285,0.582,0.147,14,49,0.286,2024-25,Regular Season,Overall
1627742,Brandon Ingram,1610612761,TOR,27.0,18,18,1.0,155,333,0.465,0.53,0.655,112,218,0.514,0.345,43,115,0.374,2024-25,Regular Season,Overall
1630173,Precious Achiuwa,1610612752,NYK,25.0,56,56,1.0,163,325,0.502,0.517,0.889,153,289,0.529,0.111,10,36,0.278,2024-25,Regular Season,Overall
1628998,Cody Martin,1610612756,PHX,29.0,53,53,1.0,136,325,0.418,0.485,0.535,93,174,0.534,0.465,43,151,0.285,2024-25,Regular Season,Overall
1628371,Jonathan Isaac,1610612753,ORL,27.0,71,70,1.0,134,324,0.414,0.474,0.534,95,173,0.549,0.466,39,151,0.258,2024-25,Regular Season,Overall
1628418,Thomas Bryant,1610612754,IND,27.0,66,64,1.0,163,321,0.508,0.583,0.539,115,173,0.665,0.461,48,148,0.324,2024-25,Regular Season,Overall
1630549,Day'Ron Sharpe,1610612751,BKN,23.0,50,50,1.0,165,317,0.521,0.538,0.858,154,272,0.566,0.142,11,45,0.244,2024-25,Regular Season,Overall
1630191,Isaiah Stewart,1610612765,DET,24.0,72,69,1.0,176,315,0.559,0.586,0.832,159,262,0.607,0.168,17,53,0.321,2024-25,Regular Season,Overall
203954,Joel Embiid,1610612755,PHI,31.0,19,19,1.0,140,315,0.444,0.481,0.756,117,238,0.492,0.244,23,77,0.299,2024-25,Regular Season,Overall
1627936,Alex Caruso,1610612760,OKC,31.0,54,53,1.0,140,314,0.446,0.541,0.459,80,144,0.556,0.541,60,170,0.353,2024-25,Regular Season,Overall
1628971,Bruce Brown,1610612740,NOP,28.0,41,41,1.0,130,309,0.421,0.464,0.738,103,228,0.452,0.262,27,81,0.333,2024-25,Regular Season,Overall
1630643,Jay Huff,1610612763,MEM,27.0,64,56,1.0,157,305,0.515,0.648,0.344,76,105,0.724,0.656,81,200,0.405,2024-25,Regular Season,Overall
1628997,Caleb Martin,1610612742,DAL,29.0,45,43,1.0,129,304,0.424,0.485,0.661,92,201,0.458,0.339,37,103,0.359,2024-25,Regular Season,Overall
1631218,Trayce Jackson-Davis,1610612744,GSW,25.0,62,54,1.0,174,302,0.576,0.576,0.99,174,299,0.582,0.01,0,3,0.0,2024-25,Regular Season,Overall
1628380,Zach Collins,1610612741,CHI,27.0,64,62,1.0,153,302,0.507,0.56,0.649,121,196,0.617,0.351,32,106,0.302,2024-25,Regular Season,Overall
203937,Kyle Anderson,1610612748,MIA,31.0,61,57,1.0,141,301,0.468,0.51,0.767,116,231,0.502,0.233,25,70,0.357,2024-25,Regular Season,Overall
1629004,Svi Mykhailiuk,1610612762,UTA,28.0,38,37,1.0,118,301,0.392,0.508,0.329,48,99,0.485,0.671,70,202,0.347,2024-25,Regular Season,Overall
1642354,KJ Simpson,1610612766,CHA,22.0,36,36,1.0,104,301,0.346,0.4,0.568,71,171,0.415,0.432,33,130,0.254,2024-25,Regular Season,Overall
1627780,Gary Payton II,1610612744,GSW,32.0,62,61,1.0,171,298,0.574,0.626,0.681,140,203,0.69,0.319,31,95,0.326,2024-25,Regular Season,Overall
1631204,Marcus Sasser,1610612765,DET,24.0,57,52,1.0,136,295,0.461,0.558,0.488,79,144,0.549,0.512,57,151,0.377,2024-25,Regular Season,Overall
1630249,Vít Krejčí,1610612737,ATL,25.0,57,54,1.0,145,292,0.497,0.651,0.295,55,86,0.64,0.705,90,206,0.437,2024-25,Regular Season,Overall
1629659,Talen Horton-Tucker,1610612741,CHI,24.0,58,48,1.0,133,291,0.457,0.527,0.581,92,169,0.544,0.419,41,122,0.336,2024-25,Regular Season,Overall
1629610,DaQuan Jeffries,1610612766,CHA,27.0,47,45,1.0,118,291,0.405,0.5,0.436,63,127,0.496,0.564,55,164,0.335,2024-25,Regular Season,Overall
1629750,Javonte Green,1610612739,CLE,31.0,68,63,1.0,123,288,0.427,0.507,0.51,77,147,0.524,0.49,46,141,0.326,2024-25,Regular Season,Overall
1641763,Julian Phillips,1610612741,CHI,21.0,79,73,1.0,128,287,0.446,0.533,0.467,78,134,0.582,0.533,50,153,0.327,2024-25,Regular Season,Overall
1641767,Ben Sheppard,1610612754,IND,23.0,63,61,1.0,120,287,0.418,0.537,0.307,52,88,0.591,0.693,68,199,0.342,2024-25,Regular Season,Overall
1630572,Sandro Mamukelashvili,1610612759,SAS,26.0,61,56,1.0,141,281,0.502,0.609,0.427,81,120,0.675,0.573,60,161,0.373,2024-25,Regular Season,Overall
1631217,Moussa Diabate,1610612766,CHA,23.0,71,65,1.0,167,280,0.596,0.596,0.979,167,274,0.609,0.021,0,6,0.0,2024-25,Regular Season,Overall
1628436,Luke Kornet,1610612738,BOS,29.0,73,66,1.0,186,279,0.667,0.667,0.989,186,276,0.674,0.011,0,3,0.0,2024-25,Regular Season,Overall
1631200,Kris Murray,1610612757,POR,24.0,69,59,1.0,117,279,0.419,0.468,0.57,90,159,0.566,0.43,27,120,0.225,2024-25,Regular Season,Overall
1626172,Kevon Looney,1610612744,GSW,29.0,76,71,1.0,141,275,0.513,0.516,0.982,139,270,0.515,0.018,2,5,0.4,2024-25,Regular Season,Overall
1642272,Jared McCain,1610612755,PHI,21.0,23,22,1.0,126,274,0.46,0.553,0.515,75,141,0.532,0.485,51,133,0.383,2024-25,Regular Season,Overall
1642366,Quinten Post,1610612744,GSW,25.0,42,41,1.0,123,274,0.449,0.582,0.347,50,95,0.526,0.653,73,179,0.408,2024-25,Regular Season,Overall
203995,Vasilije Micic,1610612756,PHX,31.0,41,36,1.0,95,273,0.348,0.43,0.542,50,148,0.338,0.458,45,125,0.36,2024-25,Regular Season,Overall
1631157,Ryan Rollins,1610612749,MIL,22.0,56,48,1.0,132,271,0.487,0.577,0.557,83,151,0.55,0.443,49,120,0.408,2024-25,Regular Season,Overall
202692,Alec Burks,1610612748,MIA,33.0,49,48,1.0,115,271,0.424,0.587,0.236,27,64,0.422,0.764,88,207,0.425,2024-25,Regular Season,Overall
1629731,Dean Wade,1610612739,CLE,28.0,59,59,1.0,112,271,0.413,0.561,0.181,32,49,0.653,0.819,80,222,0.36,2024-25,Regular Season,Overall
203482,Kelly Olynyk,1610612740,NOP,34.0,44,43,1.0,134,268,0.5,0.562,0.705,101,189,0.534,0.295,33,79,0.418,2024-25,Regular Season,Overall
1631207,Dalen Terry,1610612741,CHI,22.0,73,66,1.0,120,268,0.448,0.517,0.612,83,164,0.506,0.388,37,104,0.356,2024-25,Regular Season,Overall
1628988,Aaron Holiday,1610612745,HOU,28.0,62,58,1.0,117,268,0.437,0.571,0.325,45,87,0.517,0.675,72,181,0.398,2024-25,Regular Season,Overall
1630171,Isaac Okoro,1610612739,CLE,24.0,55,55,1.0,124,267,0.464,0.569,0.434,68,116,0.586,0.566,56,151,0.371,2024-25,Regular Season,Overall
1641724,Jett Howard,1610612753,ORL,21.0,60,56,1.0,98,262,0.374,0.479,0.29,43,76,0.566,0.71,55,186,0.296,2024-25,Regular Season,Overall
1631115,Orlando Robinson,1610612761,TOR,24.0,44,40,1.0,116,261,0.444,0.477,0.801,99,209,0.474,0.199,17,52,0.327,2024-25,Regular Season,Overall
1629726,Garrison Mathews,1610612737,ATL,28.0,47,45,1.0,102,257,0.397,0.562,0.152,17,39,0.436,0.848,85,218,0.39,2024-25,Regular Season,Overall
203935,Marcus Smart,1610612764,WAS,31.0,34,33,1.0,101,257,0.393,0.488,0.451,52,116,0.448,0.549,49,141,0.348,2024-25,Regular Season,Overall
1642262,Cody Williams,1610612762,UTA,20.0,50,48,1.0,83,257,0.323,0.391,0.475,48,122,0.393,0.525,35,135,0.259,2024-25,Regular Season,Overall
1629003,Shake Milton,1610612747,LAL,28.0,57,46,1.0,115,254,0.453,0.528,0.583,77,148,0.52,0.417,38,106,0.358,2024-25,Regular Season,Overall
1629021,Moritz Wagner,1610612753,ORL,28.0,30,29,1.0,140,249,0.562,0.616,0.699,113,174,0.649,0.301,27,75,0.36,2024-25,Regular Season,Overall
1641810,Antonio Reeves,1610612740,NOP,24.0,44,41,1.0,113,248,0.456,0.558,0.48,62,119,0.521,0.52,51,129,0.395,2024-25,Regular Season,Overall
1630322,Lindy Waters III,1610612765,DET,27.0,52,51,1.0,92,247,0.372,0.502,0.255,28,63,0.444,0.745,64,184,0.348,2024-25,Regular Season,Overall
1628366,Lonzo Ball,1610612741,CHI,27.0,35,35,1.0,89,243,0.366,0.504,0.198,22,48,0.458,0.802,67,195,0.344,2024-25,Regular Season,Overall
1641774,Tristan Vukcevic,1610612764,WAS,22.0,35,33,1.0,120,242,0.496,0.574,0.579,82,140,0.586,0.421,38,102,0.373,2024-25,Regular Season,Overall
1627763,Malcolm Brogdon,1610612764,WAS,32.0,24,24,1.0,104,240,0.433,0.467,0.767,88,184,0.478,0.233,16,56,0.286,2024-25,Regular Season,Overall
1642263,Reed Sheppard,1610612745,HOU,21.0,52,46,1.0,84,239,0.351,0.452,0.406,36,97,0.371,0.594,48,142,0.338,2024-25,Regular Season,Overall
1630200,Tre Jones,1610612741,CHI,25.0,46,46,1.0,128,238,0.538,0.578,0.798,109,190,0.574,0.202,19,48,0.396,2024-25,Regular Season,Overall
201587,Nicolas Batum,1610612746,LAC,36.0,78,70,1.0,104,238,0.437,0.622,0.147,16,35,0.457,0.853,88,203,0.433,2024-25,Regular Season,Overall
1631255,Karlo Matković,1610612740,NOP,24.0,42,38,1.0,135,235,0.574,0.619,0.719,114,169,0.675,0.281,21,66,0.318,2024-25,Regular Season,Overall
203083,Andre Drummond,1610612755,PHI,31.0,40,40,1.0,117,234,0.5,0.506,0.915,114,214,0.533,0.085,3,20,0.15,2024-25,Regular Season,Overall
1630288,Jeff Dowtin Jr.,1610612755,PHI,28.0,41,37,1.0,112,230,0.487,0.548,0.696,84,160,0.525,0.304,28,70,0.4,2024-25,Regular Season,Overall
1631133,Jabari Walker,1610612757,POR,22.0,60,51,1.0,118,229,0.515,0.576,0.686,90,157,0.573,0.314,28,72,0.389,2024-25,Regular Season,Overall
1629013,Landry Shamet,1610612752,NYK,28.0,49,47,1.0,104,228,0.456,0.59,0.32,43,73,0.589,0.68,61,155,0.394,2024-25,Regular Season,Overall
1629637,Jaxson Hayes,1610612747,LAL,25.0,56,54,1.0,161,223,0.722,0.722,0.987,161,220,0.732,0.013,0,3,0.0,2024-25,Regular Season,Overall
1627732,Ben Simmons,1610612746,LAC,28.0,51,48,1.0,116,223,0.52,0.52,1.0,116,223,0.52,0.0,0,0,,2024-25,Regular Season,Overall
1631119,Jaylin Williams,1610612760,OKC,23.0,47,47,1.0,97,221,0.439,0.577,0.308,36,68,0.529,0.692,61,153,0.399,2024-25,Regular Season,Overall
1641787,Tosan Evbuomwan,1610612751,BKN,24.0,28,28,1.0,94,220,0.427,0.482,0.65,70,143,0.49,0.35,24,77,0.312,2024-25,Regular Season,Overall
1642358,AJ Johnson,1610612764,WAS,20.0,29,28,1.0,82,213,0.385,0.441,0.577,58,123,0.472,0.423,24,90,0.267,2024-25,Regular Season,Overall
1629006,Josh Okogie,1610612766,CHA,26.0,40,39,1.0,94,212,0.443,0.519,0.566,62,120,0.517,0.434,32,92,0.348,2024-25,Regular Season,Overall
1629022,Lonnie Walker IV,1610612755,PHI,26.0,20,19,1.0,89,212,0.42,0.526,0.401,44,85,0.518,0.599,45,127,0.354,2024-25,Regular Season,Overall
1642265,Rob Dillingham,1610612750,MIN,20.0,49,41,1.0,93,211,0.441,0.5,0.649,68,137,0.496,0.351,25,74,0.338,2024-25,Regular Season,Overall
201569,Eric Gordon,1610612755,PHI,36.0,39,38,1.0,87,204,0.426,0.564,0.328,31,67,0.463,0.672,56,137,0.409,2024-25,Regular Season,Overall
1641796,Pelle Larsson,1610612748,MIA,24.0,55,46,1.0,89,203,0.438,0.517,0.532,57,108,0.528,0.468,32,95,0.337,2024-25,Regular Season,Overall
203486,Mason Plumlee,1610612756,PHX,35.0,74,64,1.0,125,202,0.619,0.619,0.98,125,198,0.631,0.02,0,4,0.0,2024-25,Regular Season,Overall
1630231,KJ Martin,1610612762,UTA,24.0,43,41,1.0,111,201,0.552,0.59,0.711,96,143,0.671,0.289,15,58,0.259,2024-25,Regular Season,Overall
1641713,GG Jackson,1610612763,MEM,20.0,29,28,1.0,74,199,0.372,0.452,0.523,42,104,0.404,0.477,32,95,0.337,2024-25,Regular Season,Overall
1629674,Neemias Queta,1610612738,BOS,25.0,62,50,1.0,128,198,0.646,0.646,0.985,128,195,0.656,0.015,0,3,0.0,2024-25,Regular Season,Overall
1641748,Andre Jackson Jr.,1610612749,MIL,23.0,67,57,1.0,94,197,0.477,0.553,0.614,64,121,0.529,0.386,30,76,0.395,2024-25,Regular Season,Overall
1628420,Monte Morris,1610612756,PHX,30.0,45,44,1.0,83,195,0.426,0.505,0.559,52,109,0.477,0.441,31,86,0.36,2024-25,Regular Season,Overall
1629234,Drew Eubanks,1610612746,LAC,28.0,61,50,1.0,115,194,0.593,0.601,0.969,112,188,0.596,0.031,3,6,0.5,2024-25,Regular Season,Overall
1641737,Adem Bona,1610612755,PHI,22.0,58,46,1.0,135,192,0.703,0.703,0.995,135,191,0.707,0.005,0,1,0.0,2024-25,Regular Season,Overall
1641726,Dereck Lively II,1610612742,DAL,21.0,36,36,1.0,134,191,0.702,0.702,1.0,134,191,0.702,0.0,0,0,,2024-25,Regular Season,Overall
1631103,Malaki Branham,1610612759,SAS,22.0,47,39,1.0,87,190,0.458,0.547,0.558,53,106,0.5,0.442,34,84,0.405,2024-25,Regular Season,Overall
1630639,A.J. Lawson,1610612761,TOR,24.0,26,25,1.0,80,190,0.421,0.508,0.468,47,89,0.528,0.532,33,101,0.327,2024-25,Regular Season,Overall
1631216,Caleb Houstan,1610612753,ORL,22.0,58,50,1.0,80,190,0.421,0.589,0.158,16,30,0.533,0.842,64,160,0.4,2024-25,Regular Season,Overall
1630314,Brandon Williams,1610612742,DAL,25.0,33,29,1.0,98,188,0.521,0.585,0.681,74,128,0.578,0.319,24,60,0.4,2024-25,Regular Season,Overall
1642345,Oso Ighodaro,1610612756,PHX,22.0,61,52,1.0,113,187,0.604,0.604,0.989,113,185,0.611,0.011,0,2,0.0,2024-25,Regular Season,Overall
1631104,Blake Wesley,1610612759,SAS,22.0,58,51,1.0,81,186,0.435,0.481,0.688,64,128,0.5,0.312,17,58,0.293,2024-25,Regular Season,Overall
1642349,Ajay Mitchell,1610612760,OKC,23.0,36,34,1.0,92,185,0.497,0.559,0.676,69,125,0.552,0.324,23,60,0.383,2024-25,Regular Season,Overall
1629626,Bol Bol,1610612756,PHX,25.0,36,32,1.0,96,183,0.525,0.612,0.492,64,90,0.711,0.508,32,93,0.344,2024-25,Regular Season,Overall
1629618,Jalen Pickett,1610612743,DEN,25.0,49,43,1.0,77,180,0.428,0.539,0.439,37,79,0.468,0.561,40,101,0.396,2024-25,Regular Season,Overall
1630611,Gui Santos,1610612744,GSW,23.0,56,48,1.0,82,179,0.458,0.553,0.425,48,76,0.632,0.575,34,103,0.33,2024-25,Regular Season,Overall
1626192,Pat Connaughton,1610612749,MIL,32.0,41,37,1.0,83,177,0.469,0.542,0.542,57,96,0.594,0.458,26,81,0.321,2024-25,Regular Season,Overall
1641765,Olivier-Maxence Prosper,1610612742,DAL,22.0,52,43,1.0,70,174,0.402,0.437,0.707,58,123,0.472,0.293,12,51,0.235,2024-25,Regular Season,Overall
1630529,Herbert Jones,1610612740,NOP,26.0,20,20,1.0,75,172,0.436,0.5,0.581,53,100,0.53,0.419,22,72,0.306,2024-25,Regular Season,Overall
1631243,Mouhamed Gueye,1610612737,ATL,22.0,33,33,1.0,72,171,0.421,0.482,0.526,51,90,0.567,0.474,21,81,0.259,2024-25,Regular Season,Overall
203500,Steven Adams,1610612745,HOU,31.0,58,49,1.0,91,167,0.545,0.545,0.988,91,165,0.552,0.012,0,2,0.0,2024-25,Regular Season,Overall
1641871,Duop Reath,1610612757,POR,29.0,46,40,1.0,70,166,0.422,0.524,0.361,36,60,0.6,0.639,34,106,0.321,2024-25,Regular Season,Overall
1630811,Keaton Wallace,1610612737,ATL,26.0,31,28,1.0,65,162,0.401,0.485,0.494,38,80,0.475,0.506,27,82,0.329,2024-25,Regular Season,Overall
1630544,Tre Mann,1610612766,CHA,24.0,13,13,1.0,70,161,0.435,0.509,0.627,46,101,0.455,0.373,24,60,0.4,2024-25,Regular Season,Overall
1631246,Vince Williams Jr.,1610612763,MEM,24.0,26,26,1.0,64,161,0.398,0.475,0.422,39,68,0.574,0.578,25,93,0.269,2024-25,Regular Season,Overall
1631221,Collin Gillespie,1610612756,PHX,26.0,33,30,1.0,68,158,0.43,0.554,0.43,29,68,0.426,0.57,39,90,0.433,2024-25,Regular Season,Overall
1631288,Jamal Cain,1610612740,NOP,26.0,37,32,1.0,68,158,0.43,0.513,0.494,42,78,0.538,0.506,26,80,0.325,2024-25,Regular Season,Overall
1626204,Larry Nance Jr.,1610612737,ATL,32.0,24,24,1.0,80,155,0.516,0.626,0.51,46,79,0.582,0.49,34,76,0.447,2024-25,Regular Season,Overall
202709,Cory Joseph,1610612753,ORL,33.0,50,44,1.0,62,154,0.403,0.529,0.305,23,47,0.489,0.695,39,107,0.364,2024-25,Regular Season,Overall
1629111,Jock Landale,1610612745,HOU,29.0,42,35,1.0,81,152,0.533,0.569,0.829,70,126,0.556,0.171,11,26,0.423,2024-25,Regular Season,Overall
1642281,Jaylon Tyson,1610612739,CLE,22.0,47,38,1.0,64,149,0.43,0.497,0.611,44,91,0.484,0.389,20,58,0.345,2024-25,Regular Season,Overall
1630256,Jae'Sean Tate,1610612745,HOU,29.0,52,43,1.0,70,148,0.473,0.527,0.689,54,102,0.529,0.311,16,46,0.348,2024-25,Regular Season,Overall
1630243,Trevelin Queen,1610612753,ORL,28.0,31,25,1.0,56,147,0.381,0.456,0.476,34,70,0.486,0.524,22,77,0.286,2024-25,Regular Season,Overall
1628975,Jevon Carter,1610612741,CHI,29.0,36,32,1.0,55,146,0.377,0.497,0.281,20,41,0.488,0.719,35,105,0.333,2024-25,Regular Season,Overall
1630692,Jordan Goodwin,1610612747,LAL,26.0,29,28,1.0,63,144,0.438,0.528,0.528,37,76,0.487,0.472,26,68,0.382,2024-25,Regular Season,Overall
1630194,Paul Reed,1610612765,DET,26.0,45,38,1.0,72,142,0.507,0.535,0.803,64,114,0.561,0.197,8,28,0.286,2024-25,Regular Season,Overall
1641712,Rayan Rupert,1610612757,POR,21.0,52,38,1.0,58,142,0.408,0.465,0.585,42,83,0.506,0.415,16,59,0.271,2024-25,Regular Season,Overall
1641854,Craig Porter Jr.,1610612739,CLE,25.0,51,35,1.0,72,140,0.514,0.589,0.657,51,92,0.554,0.343,21,48,0.438,2024-25,Regular Season,Overall
201599,DeAndre Jordan,1610612743,DEN,36.0,56,51,1.0,91,139,0.655,0.655,1.0,91,139,0.655,0.0,0,0,,2024-25,Regular Season,Overall
1626158,Richaun Holmes,1610612764,WAS,31.0,31,31,1.0,90,139,0.647,0.647,0.978,90,136,0.662,0.022,0,3,0.0,2024-25,Regular Season,Overall
1630192,Zeke Nnaji,1610612743,DEN,24.0,57,45,1.0,70,139,0.504,0.565,0.626,53,87,0.609,0.374,17,52,0.327,2024-25,Regular Season,Overall
1630556,Kessler Edwards,1610612742,DAL,24.0,40,30,1.0,67,135,0.496,0.578,0.6,45,81,0.556,0.4,22,54,0.407,2024-25,Regular Season,Overall
1630695,Micah Potter,1610612762,UTA,27.0,38,36,1.0,57,135,0.422,0.537,0.274,26,37,0.703,0.726,31,98,0.316,2024-25,Regular Season,Overall
203957,Dante Exum,1610612742,DAL,29.0,20,20,1.0,64,134,0.478,0.563,0.604,41,81,0.506,0.396,23,53,0.434,2024-25,Regular Season,Overall
1641757,Jordan Miller,1610612746,LAC,25.0,37,29,1.0,58,134,0.433,0.463,0.716,50,96,0.521,0.284,8,38,0.211,2024-25,Regular Season,Overall
202704,Reggie Jackson,1610612755,PHI,35.0,31,30,1.0,52,133,0.391,0.485,0.444,27,59,0.458,0.556,25,74,0.338,2024-25,Regular Season,Overall
203914,Gary Harris,1610612753,ORL,30.0,48,41,1.0,51,133,0.383,0.519,0.241,15,32,0.469,0.759,36,101,0.356,2024-25,Regular Season,Overall
1641794,Dillon Jones,1610612760,OKC,23.0,54,40,1.0,51,133,0.383,0.444,0.526,35,70,0.5,0.474,16,63,0.254,2024-25,Regular Season,Overall
1626153,Delon Wright,1610612752,NYK,33.0,40,34,1.0,45,131,0.344,0.42,0.443,25,58,0.431,0.557,20,73,0.274,2024-25,Regular Season,Overall
1641878,Damion Baugh,1610612766,CHA,24.0,15,15,1.0,42,130,0.323,0.369,0.569,30,74,0.405,0.431,12,56,0.214,2024-25,Regular Season,Overall
1628464,Daniel Theis,1610612740,NOP,33.0,38,36,1.0,61,129,0.473,0.508,0.713,52,92,0.565,0.287,9,37,0.243,2024-25,Regular Season,Overall
1641732,Colby Jones,1610612764,WAS,23.0,39,28,1.0,59,129,0.457,0.519,0.62,43,80,0.538,0.38,16,49,0.327,2024-25,Regular Season,Overall
1642269,Devin Carter,1610612758,SAC,23.0,36,32,1.0,47,127,0.37,0.441,0.52,29,66,0.439,0.48,18,61,0.295,2024-25,Regular Season,Overall
1631111,Wendell Moore Jr.,1610612766,CHA,23.0,36,31,1.0,59,126,0.468,0.524,0.675,45,85,0.529,0.325,14,41,0.341,2024-25,Regular Season,Overall
1631223,David Roddy,1610612745,HOU,24.0,33,31,1.0,57,125,0.456,0.532,0.512,38,64,0.594,0.488,19,61,0.311,2024-25,Regular Season,Overall
1631172,Ousmane Dieng,1610612760,OKC,22.0,37,33,1.0,54,125,0.432,0.524,0.432,31,54,0.574,0.568,23,71,0.324,2024-25,Regular Season,Overall
1629684,Grant Williams,1610612766,CHA,26.0,16,16,1.0,54,123,0.439,0.549,0.398,27,49,0.551,0.602,27,74,0.365,2024-25,Regular Season,Overall
1631245,Quenton Jackson,1610612754,IND,26.0,28,22,1.0,58,122,0.475,0.537,0.672,43,82,0.524,0.328,15,40,0.375,2024-25,Regular Season,Overall
203901,Elfrid Payton,1610612740,NOP,31.0,24,24,1.0,40,122,0.328,0.332,0.951,39,116,0.336,0.049,1,6,0.167,2024-25,Regular Season,Overall
201145,Jeff Green,1610612745,HOU,38.0,32,28,1.0,61,121,0.504,0.624,0.347,32,42,0.762,0.653,29,79,0.367,2024-25,Regular Season,Overall
1629020,Jarred Vanderbilt,1610612747,LAL,26.0,36,35,1.0,59,121,0.488,0.525,0.736,50,89,0.562,0.264,9,32,0.281,2024-25,Regular Season,Overall
1641740,Jaylen Clark,1610612750,MIN,23.0,40,35,1.0,56,120,0.467,0.558,0.575,34,69,0.493,0.425,22,51,0.431,2024-25,Regular Season,Overall
1641816,Hunter Tyson,1610612743,DEN,25.0,51,40,1.0,45,120,0.375,0.471,0.383,22,46,0.478,0.617,23,74,0.311,2024-25,Regular Season,Overall
1630538,Bones Hyland,1610612750,MIN,24.0,24,22,1.0,47,118,0.398,0.534,0.305,15,36,0.417,0.695,32,82,0.39,2024-25,Regular Season,Overall
1629646,Charles Bassey,1610612759,SAS,24.0,36,30,1.0,68,117,0.581,0.581,1.0,68,117,0.581,0.0,0,0,,2024-25,Regular Season,Overall
203926,Doug McDermott,1610612758,SAC,33.0,42,31,1.0,50,117,0.427,0.615,0.137,6,16,0.375,0.863,44,101,0.436,2024-25,Regular Season,Overall
200768,Kyle Lowry,1610612755,PHI,39.0,35,32,1.0,41,117,0.35,0.474,0.248,12,29,0.414,0.752,29,88,0.33,2024-25,Regular Season,Overall
201567,Kevin Love,1610612748,MIA,36.0,23,19,1.0,41,115,0.357,0.461,0.417,17,48,0.354,0.583,24,67,0.358,2024-25,Regular Season,Overall
202687,Bismack Biyombo,1610612759,SAS,32.0,28,26,1.0,67,114,0.588,0.588,1.0,67,114,0.588,0.0,0,0,,2024-25,Regular Season,Overall
1630545,Terrence Shannon Jr.,1610612750,MIN,24.0,32,26,1.0,55,114,0.482,0.531,0.728,44,83,0.53,0.272,11,31,0.355,2024-25,Regular Season,Overall
1631230,Dominick Barlow,1610612737,ATL,22.0,35,30,1.0,60,113,0.531,0.562,0.761,53,86,0.616,0.239,7,27,0.259,2024-25,Regular Season,Overall
1628964,Mo Bamba,1610612740,NOP,27.0,32,31,1.0,52,112,0.464,0.531,0.518,37,58,0.638,0.482,15,54,0.278,2024-25,Regular Season,Overall
1631248,Baylor Scheierman,1610612738,BOS,24.0,31,26,1.0,39,110,0.355,0.473,0.255,13,28,0.464,0.745,26,82,0.317,2024-25,Regular Season,Overall
1630539,Kai Jones,1610612742,DAL,24.0,40,28,1.0,87,109,0.798,0.803,0.954,86,104,0.827,0.046,1,5,0.2,2024-25,Regular Season,Overall
1631232,Keion Brooks Jr.,1610612740,NOP,24.0,14,13,1.0,53,109,0.486,0.55,0.606,39,66,0.591,0.394,14,43,0.326,2024-25,Regular Season,Overall
1641721,Maxwell Lewis,1610612751,BKN,22.0,28,21,1.0,45,108,0.417,0.505,0.537,26,58,0.448,0.463,19,50,0.38,2024-25,Regular Season,Overall
1641736,Reece Beekman,1610612751,BKN,23.0,36,29,1.0,35,107,0.327,0.36,0.626,28,67,0.418,0.374,7,40,0.175,2024-25,Regular Season,Overall
1628963,Marvin Bagley III,1610612763,MEM,26.0,31,25,1.0,55,106,0.519,0.533,0.821,52,87,0.598,0.179,3,19,0.158,2024-25,Regular Season,Overall
1630568,Luka Garza,1610612750,MIN,26.0,39,32,1.0,52,105,0.495,0.543,0.657,42,69,0.609,0.343,10,36,0.278,2024-25,Regular Season,Overall
1631209,Isaiah Wong,1610612766,CHA,24.0,20,20,1.0,41,105,0.39,0.452,0.686,28,72,0.389,0.314,13,33,0.394,2024-25,Regular Season,Overall
1631166,Drew Timme,1610612751,BKN,24.0,9,9,1.0,45,102,0.441,0.485,0.657,36,67,0.537,0.343,9,35,0.257,2024-25,Regular Season,Overall
1630311,Pat Spencer,1610612744,GSW,28.0,39,30,1.0,41,101,0.406,0.431,0.782,36,79,0.456,0.218,5,22,0.227,2024-25,Regular Season,Overall
1630658,Colin Castleton,1610612761,TOR,25.0,26,20,1.0,46,98,0.469,0.48,0.837,44,82,0.537,0.163,2,16,0.125,2024-25,Regular Season,Overall
1641720,Jalen Hood-Schifino,1610612755,PHI,22.0,15,14,1.0,37,98,0.378,0.449,0.531,23,52,0.442,0.469,14,46,0.304,2024-25,Regular Season,Overall
1642382,Branden Carlson,1610612760,OKC,26.0,32,26,1.0,43,97,0.443,0.557,0.32,21,31,0.677,0.68,22,66,0.333,2024-25,Regular Season,Overall
1641727,Dariq Whitehead,1610612751,BKN,20.0,20,15,1.0,39,96,0.406,0.578,0.229,6,22,0.273,0.771,33,74,0.446,2024-25,Regular Season,Overall
1628467,Maxi Kleber,1610612747,LAL,33.0,34,29,1.0,37,96,0.385,0.453,0.49,24,47,0.511,0.51,13,49,0.265,2024-25,Regular Season,Overall
201988,Patty Mills,1610612746,LAC,36.0,29,23,1.0,36,96,0.375,0.51,0.219,10,21,0.476,0.781,26,75,0.347,2024-25,Regular Season,Overall
1641745,Adam Flagler,1610612760,OKC,25.0,37,27,1.0,25,96,0.26,0.333,0.25,11,24,0.458,0.75,14,72,0.194,2024-25,Regular Season,Overall
201959,Taj Gibson,1610612766,CHA,40.0,37,32,1.0,47,95,0.495,0.5,0.979,46,93,0.495,0.021,1,2,0.5,2024-25,Regular Season,Overall
1629629,Cam Reddish,1610612747,LAL,25.0,33,30,1.0,38,94,0.404,0.473,0.5,25,47,0.532,0.5,13,47,0.277,2024-25,Regular Season,Overall
1642277,Johnny Furphy,1610612754,IND,20.0,50,26,1.0,35,92,0.38,0.462,0.457,20,42,0.476,0.543,15,50,0.3,2024-25,Regular Season,Overall
1629723,John Konchar,1610612763,MEM,29.0,46,33,1.0,41,91,0.451,0.577,0.319,18,29,0.621,0.681,23,62,0.371,2024-25,Regular Season,Overall
1631169,Josh Minott,1610612750,MIN,22.0,46,35,1.0,44,90,0.489,0.567,0.522,30,47,0.638,0.478,14,43,0.326,2024-25,Regular Season,Overall
1628470,Torrey Craig,1610612738,BOS,34.0,26,21,1.0,38,90,0.422,0.556,0.267,14,24,0.583,0.733,24,66,0.364,2024-25,Regular Season,Overall
1630531,Jaden Springer,1610612762,UTA,22.0,43,28,1.0,35,90,0.389,0.456,0.467,23,42,0.548,0.533,12,48,0.25,2024-25,Regular Season,Overall
1630264,Anthony Gill,1610612764,WAS,32.0,51,32,1.0,43,88,0.489,0.545,0.648,33,57,0.579,0.352,10,31,0.323,2024-25,Regular Season,Overall
1629680,Matisse Thybulle,1610612757,POR,28.0,15,14,1.0,42,88,0.477,0.597,0.455,21,40,0.525,0.545,21,48,0.438,2024-25,Regular Season,Overall
1631197,Jared Rhoden,1610612761,TOR,25.0,14,14,1.0,42,87,0.483,0.552,0.552,30,48,0.625,0.448,12,39,0.308,2024-25,Regular Season,Overall
1642403,Isaac Jones,1610612758,SAC,24.0,40,29,1.0,54,83,0.651,0.669,0.904,51,75,0.68,0.096,3,8,0.375,2024-25,Regular Season,Overall
1641775,Jordan Walsh,1610612738,BOS,21.0,52,41,1.0,30,83,0.361,0.452,0.337,15,28,0.536,0.663,15,55,0.273,2024-25,Regular Season,Overall
1642285,Cam Spencer,1610612763,MEM,25.0,25,19,1.0,34,82,0.415,0.53,0.354,15,29,0.517,0.646,19,53,0.358,2024-25,Regular Season,Overall
1642278,Tyler Kolek,1610612752,NYK,24.0,41,32,1.0,27,82,0.329,0.415,0.427,13,35,0.371,0.573,14,47,0.298,2024-25,Regular Season,Overall
1629057,Robert Williams III,1610612757,POR,27.0,20,18,1.0,50,78,0.641,0.647,0.962,49,75,0.653,0.038,1,3,0.333,2024-25,Regular Season,Overall
1631098,Johnny Davis,1610612764,WAS,23.0,34,30,1.0,32,78,0.41,0.455,0.628,25,49,0.51,0.372,7,29,0.241,2024-25,Regular Season,Overall
1631311,Lester Quinones,1610612740,NOP,24.0,13,13,1.0,31,78,0.397,0.481,0.436,18,34,0.529,0.564,13,44,0.295,2024-25,Regular Season,Overall
1641998,Trey Jemison III,1610612747,LAL,25.0,38,31,1.0,41,74,0.554,0.554,1.0,41,74,0.554,0.0,0,0,,2024-25,Regular Season,Overall
1641798,Jaylen Martin,1610612764,WAS,21.0,16,14,1.0,31,74,0.419,0.466,0.689,24,51,0.471,0.311,7,23,0.304,2024-25,Regular Season,Overall
1627814,Damion Lee,1610612756,PHX,32.0,25,23,1.0,27,74,0.365,0.426,0.5,18,37,0.486,0.5,9,37,0.243,2024-25,Regular Season,Overall
1629669,Jaylen Nowell,1610612764,WAS,25.0,8,7,1.0,26,73,0.356,0.411,0.63,18,46,0.391,0.37,8,27,0.296,2024-25,Regular Season,Overall
1641738,Kobe Brown,1610612746,LAC,25.0,40,27,1.0,33,72,0.458,0.5,0.639,27,46,0.587,0.361,6,26,0.231,2024-25,Regular Season,Overall
1629162,Jordan McLaughlin,1610612759,SAS,29.0,46,28,1.0,31,72,0.431,0.563,0.361,12,26,0.462,0.639,19,46,0.413,2024-25,Regular Season,Overall
1630579,Jericho Sims,1610612749,MIL,26.0,53,32,1.0,45,71,0.634,0.634,1.0,45,71,0.634,0.0,0,0,,2024-25,Regular Season,Overall
202684,Tristan Thompson,1610612739,CLE,34.0,40,30,1.0,31,71,0.437,0.437,0.958,31,68,0.456,0.042,0,3,0.0,2024-25,Regular Season,Overall
1631131,Oscar Tshiebwe,1610612762,UTA,25.0,14,12,1.0,42,70,0.6,0.6,1.0,42,70,0.6,0.0,0,0,,2024-25,Regular Season,Overall
202693,Markieff Morris,1610612747,LAL,35.0,15,14,1.0,21,70,0.3,0.364,0.486,12,34,0.353,0.514,9,36,0.25,2024-25,Regular Season,Overall
1630542,Marcus Bagley,1610612755,PHI,23.0,10,10,1.0,27,69,0.391,0.428,0.536,22,37,0.595,0.464,5,32,0.156,2024-25,Regular Season,Overall
1628365,Markelle Fultz,1610612758,SAC,27.0,21,19,1.0,28,67,0.418,0.448,0.881,24,59,0.407,0.119,4,8,0.5,2024-25,Regular Season,Overall
1642355,Bronny James,1610612747,LAL,20.0,27,20,1.0,21,67,0.313,0.381,0.522,12,35,0.343,0.478,9,32,0.281,2024-25,Regular Season,Overall
1631132,Christian Koloko,1610612747,LAL,25.0,37,25,1.0,40,66,0.606,0.606,0.939,40,62,0.645,0.061,0,4,0.0,2024-25,Regular Season,Overall
1630699,MarJon Beauchamp,1610612752,NYK,24.0,35,29,1.0,27,65,0.415,0.492,0.554,17,36,0.472,0.446,10,29,0.345,2024-25,Regular Season,Overall
203458,Alex Len,1610612747,LAL,32.0,46,29,1.0,32,63,0.508,0.524,0.857,30,54,0.556,0.143,2,9,0.222,2024-25,Regular Season,Overall
1630205,Lamar Stevens,1610612763,MEM,27.0,17,14,1.0,29,63,0.46,0.524,0.571,21,36,0.583,0.429,8,27,0.296,2024-25,Regular Season,Overall
1631306,Cole Swider,1610612754,IND,26.0,10,10,1.0,22,63,0.349,0.468,0.254,7,16,0.438,0.746,15,47,0.319,2024-25,Regular Season,Overall
1631466,Nate Williams,1610612745,HOU,26.0,20,14,1.0,27,62,0.435,0.484,0.581,21,36,0.583,0.419,6,26,0.231,2024-25,Regular Season,Overall
203939,Dwight Powell,1610612742,DAL,33.0,55,28,1.0,42,61,0.689,0.705,0.918,40,56,0.714,0.082,2,5,0.4,2024-25,Regular Season,Overall
1630696,Dru Smith,1610612748,MIA,27.0,14,13,1.0,31,61,0.508,0.639,0.508,15,31,0.484,0.492,16,30,0.533,2024-25,Regular Season,Overall
202066,Garrett Temple,1610612761,TOR,39.0,28,18,1.0,18,60,0.3,0.35,0.533,12,32,0.375,0.467,6,28,0.214,2024-25,Regular Season,Overall
1630550,JT Thor,1610612764,WAS,22.0,20,19,1.0,25,59,0.424,0.475,0.644,19,38,0.5,0.356,6,21,0.286,2024-25,Regular Season,Overall
203967,Dario Saric,1610612743,DEN,31.0,16,14,1.0,21,56,0.375,0.438,0.554,14,31,0.452,0.446,7,25,0.28,2024-25,Regular Season,Overall
1642024,Alex Reese,1610612755,PHI,26.0,15,15,1.0,26,54,0.481,0.62,0.241,11,13,0.846,0.759,15,41,0.366,2024-25,Regular Season,Overall
1629001,De'Anthony Melton,1610612751,BKN,27.0,6,6,1.0,22,54,0.407,0.528,0.352,9,19,0.474,0.648,13,35,0.371,2024-25,Regular Season,Overall
1630214,Xavier Tillman,1610612738,BOS,26.0,33,23,1.0,13,53,0.245,0.292,0.396,8,21,0.381,0.604,5,32,0.156,2024-25,Regular Season,Overall
1629011,Mitchell Robinson,1610612752,NYK,27.0,16,15,1.0,34,52,0.654,0.654,1.0,34,52,0.654,0.0,0,0,,2024-25,Regular Season,Overall
1630623,Tyson Etienne,1610612751,BKN,25.0,7,7,1.0,17,52,0.327,0.452,0.154,4,8,0.5,0.846,13,44,0.295,2024-25,Regular Season,Overall
1641890,Tyler Smith,1610612749,MIL,20.0,23,20,1.0,24,50,0.48,0.61,0.4,11,20,0.55,0.6,13,30,0.433,2024-25,Regular Season,Overall
1629650,Moses Brown,1610612742,DAL,25.0,13,9,1.0,34,49,0.694,0.694,1.0,34,49,0.694,0.0,0,0,,2024-25,Regular Season,Overall
1628981,Bruno Fernando,1610612761,TOR,26.0,17,15,1.0,26,49,0.531,0.531,1.0,26,49,0.531,0.0,0,0,,2024-25,Regular Season,Overall
1641723,Kobe Bufkin,1610612737,ATL,21.0,10,10,1.0,18,47,0.383,0.426,0.596,14,28,0.5,0.404,4,19,0.211,2024-25,Regular Season,Overall
1628396,Tony Bradley,1610612754,IND,27.0,14,9,1.0,29,45,0.644,0.656,0.933,28,42,0.667,0.067,1,3,0.333,2024-25,Regular Season,Overall
1631102,TyTy Washington Jr.,1610612756,PHX,23.0,16,11,1.0,14,45,0.311,0.356,0.533,10,24,0.417,0.467,4,21,0.19,2024-25,Regular Season,Overall
1630165,Killian Hayes,1610612751,BKN,23.0,6,6,1.0,18,43,0.419,0.512,0.512,10,22,0.455,0.488,8,21,0.381,2024-25,Regular Season,Overall
1641809,Drew Peterson,1610612738,BOS,25.0,25,18,1.0,17,41,0.415,0.573,0.195,4,8,0.5,0.805,13,33,0.394,2024-25,Regular Season,Overall
1641725,Trey Alexander,1610612743,DEN,22.0,24,14,1.0,13,41,0.317,0.354,0.585,10,24,0.417,0.415,3,17,0.176,2024-25,Regular Season,Overall
1629643,Chuma Okeke,1610612739,CLE,26.0,9,8,1.0,20,40,0.5,0.638,0.3,9,12,0.75,0.7,11,28,0.393,2024-25,Regular Season,Overall
1629052,Oshae Brissett,1610612755,PHI,27.0,6,6,1.0,19,39,0.487,0.564,0.538,13,21,0.619,0.462,6,18,0.333,2024-25,Regular Season,Overall
1641734,Emoni Bates,1610612739,CLE,21.0,10,10,1.0,13,38,0.342,0.487,0.211,2,8,0.25,0.789,11,30,0.367,2024-25,Regular Season,Overall
1626196,Josh Richardson,1610612748,MIA,31.0,8,8,1.0,11,38,0.289,0.368,0.421,5,16,0.313,0.579,6,22,0.273,2024-25,Regular Season,Overall
1642402,Enrique Freeman,1610612754,IND,24.0,22,16,1.0,16,37,0.432,0.446,0.73,15,27,0.556,0.27,1,10,0.1,2024-25,Regular Season,Overall
1628995,Kevin Knox II,1610612744,GSW,25.0,14,10,1.0,18,36,0.5,0.556,0.583,14,21,0.667,0.417,4,15,0.267,2024-25,Regular Season,Overall
1631116,Patrick Baldwin Jr.,1610612746,LAC,22.0,24,17,1.0,19,35,0.543,0.729,0.343,6,12,0.5,0.657,13,23,0.565,2024-25,Regular Season,Overall
1641989,Elijah Harkless,1610612762,UTA,25.0,10,8,1.0,11,35,0.314,0.414,0.286,4,10,0.4,0.714,7,25,0.28,2024-25,Regular Season,Overall
1631120,JD Davison,1610612738,BOS,22.0,16,13,1.0,12,34,0.353,0.412,0.471,8,16,0.5,0.529,4,18,0.222,2024-25,Regular Season,Overall
1642461,Spencer Jones,1610612743,DEN,24.0,20,14,1.0,11,34,0.324,0.338,0.5,10,17,0.588,0.5,1,17,0.059,2024-25,Regular Season,Overall
1642484,RayJ Dennis,1610612754,IND,24.0,11,7,1.0,11,33,0.333,0.424,0.364,5,12,0.417,0.636,6,21,0.286,2024-25,Regular Season,Overall
1631250,Pete Nance,1610612749,MIL,25.0,13,8,1.0,14,32,0.438,0.578,0.25,5,8,0.625,0.75,9,24,0.375,2024-25,Regular Season,Overall
1641772,Nae'Qwan Tomlin,1610612739,CLE,24.0,5,5,1.0,13,32,0.406,0.438,0.688,11,22,0.5,0.313,2,10,0.2,2024-25,Regular Season,Overall
1630574,Ariel Hukporti,1610612752,NYK,23.0,25,14,1.0,21,31,0.677,0.677,1.0,21,31,0.677,0.0,0,0,,2024-25,Regular Season,Overall
1630528,Josh Christopher,1610612748,MIA,23.0,14,10,1.0,11,31,0.355,0.387,0.645,9,20,0.45,0.355,2,11,0.182,2024-25,Regular Season,Overall
1630346,Matt Ryan,1610612740,NOP,28.0,19,14,1.0,10,31,0.323,0.419,0.387,4,12,0.333,0.613,6,19,0.316,2024-25,Regular Season,Overall
1642359,Pacôme Dadiet,1610612752,NYK,19.0,18,13,1.0,10,31,0.323,0.419,0.387,4,12,0.333,0.613,6,19,0.316,2024-25,Regular Season,Overall
1631321,Sidy Cissoko,1610612757,POR,21.0,22,13,1.0,13,30,0.433,0.483,0.567,10,17,0.588,0.433,3,13,0.231,2024-25,Regular Season,Overall
1642505,Alex Ducas,1610612760,OKC,24.0,21,15,1.0,12,30,0.4,0.567,0.3,2,9,0.222,0.7,10,21,0.476,2024-25,Regular Season,Overall
1642530,Yuki Kawamura,1610612763,MEM,24.0,22,13,1.0,11,30,0.367,0.483,0.233,4,7,0.571,0.767,7,23,0.304,2024-25,Regular Season,Overall
1631301,Jaylen Sims,1610612766,CHA,26.0,6,6,1.0,12,28,0.429,0.536,0.464,6,13,0.462,0.536,6,15,0.4,2024-25,Regular Season,Overall
1630585,Marcus Garrett,1610612766,CHA,26.0,4,4,1.0,11,27,0.407,0.463,0.704,8,19,0.421,0.296,3,8,0.375,2024-25,Regular Season,Overall
1641753,Chris Livingston,1610612749,MIL,21.0,21,12,1.0,9,27,0.333,0.333,0.704,9,19,0.474,0.296,0,8,0.0,2024-25,Regular Season,Overall
1642352,Keshad Johnson,1610612748,MIA,24.0,16,6,1.0,18,26,0.692,0.75,0.731,15,19,0.789,0.269,3,7,0.429,2024-25,Regular Season,Overall
1630537,Chris Duarte,1610612741,CHI,28.0,17,14,1.0,12,26,0.462,0.577,0.423,6,11,0.545,0.577,6,15,0.4,2024-25,Regular Season,Overall
1628427,Vlatko Čančar,1610612743,DEN,28.0,13,8,1.0,10,26,0.385,0.462,0.423,6,11,0.545,0.577,4,15,0.267,2024-25,Regular Season,Overall
1630649,Stanley Umude,1610612749,MIL,26.0,22,14,1.0,5,26,0.192,0.25,0.423,2,11,0.182,0.577,3,15,0.2,2024-25,Regular Season,Overall
1631342,Daeqwon Plowden,1610612737,ATL,26.0,6,5,1.0,16,25,0.64,0.82,0.32,7,8,0.875,0.68,9,17,0.529,2024-25,Regular Season,Overall
1641790,PJ Hall,1610612743,DEN,23.0,19,13,1.0,14,24,0.583,0.625,0.667,12,16,0.75,0.333,2,8,0.25,2024-25,Regular Season,Overall
1642353,Cam Christie,1610612746,LAC,19.0,13,9,1.0,7,24,0.292,0.333,0.458,5,11,0.455,0.542,2,13,0.154,2024-25,Regular Season,Overall
1630543,Isaiah Jackson,1610612754,IND,23.0,5,5,1.0,14,23,0.609,0.609,1.0,14,23,0.609,0.0,0,0,,2024-25,Regular Season,Overall
1641789,Jazian Gortman,1610612742,DAL,22.0,16,10,1.0,9,23,0.391,0.478,0.522,5,12,0.417,0.478,4,11,0.364,2024-25,Regular Season,Overall
204060,Joe Ingles,1610612750,MIN,37.0,19,10,1.0,6,23,0.261,0.326,0.348,3,8,0.375,0.652,3,15,0.2,2024-25,Regular Season,Overall
1630283,Kylor Kelley,1610612747,LAL,27.0,11,7,1.0,14,22,0.636,0.636,1.0,14,22,0.636,0.0,0,0,,2024-25,Regular Season,Overall
1631210,Jacob Toppin,1610612737,ATL,25.0,17,8,1.0,9,22,0.409,0.523,0.545,4,12,0.333,0.455,5,10,0.5,2024-25,Regular Season,Overall
203109,Jae Crowder,1610612758,SAC,34.0,9,6,1.0,7,22,0.318,0.409,0.318,3,7,0.429,0.682,4,15,0.267,2024-25,Regular Season,Overall
1631303,Justin Minaya,1610612757,POR,26.0,19,9,1.0,8,21,0.381,0.429,0.524,6,11,0.545,0.476,2,10,0.2,2024-25,Regular Season,Overall
1630762,Phillip Wheeler,1610612755,PHI,23.0,5,5,1.0,3,21,0.143,0.143,0.524,3,11,0.273,0.476,0,10,0.0,2024-25,Regular Season,Overall
1631247,Luke Travers,1610612739,CLE,23.0,12,6,1.0,5,20,0.25,0.25,0.55,5,11,0.455,0.45,0,9,0.0,2024-25,Regular Season,Overall
1642422,Armel Traore,1610612747,LAL,22.0,9,8,1.0,6,19,0.316,0.316,0.632,6,12,0.5,0.368,0,7,0.0,2024-25,Regular Season,Overall
1630222,Mason Jones,1610612758,SAC,26.0,10,7,1.0,9,18,0.5,0.528,0.556,8,10,0.8,0.444,1,8,0.125,2024-25,Regular Season,Overall
1641707,Taylor Hendricks,1610612762,UTA,21.0,3,3,1.0,4,18,0.222,0.306,0.333,1,6,0.167,0.667,3,12,0.25,2024-25,Regular Season,Overall
1642050,Jackson Rowe,1610612744,GSW,28.0,6,6,1.0,8,17,0.471,0.559,0.412,5,7,0.714,0.588,3,10,0.3,2024-25,Regular Season,Overall
1629098,Jack McVeigh,1610612745,HOU,29.0,9,6,1.0,5,17,0.294,0.412,0.235,1,4,0.25,0.765,4,13,0.308,2024-25,Regular Season,Overall
1630604,E.J. Liddell,1610612741,CHI,24.0,12,6,1.0,8,15,0.533,0.633,0.333,5,5,1.0,0.667,3,10,0.3,2024-25,Regular Season,Overall
1631159,Leonard Miller,1610612750,MIN,21.0,13,8,1.0,6,15,0.4,0.4,0.667,6,10,0.6,0.333,0,5,0.0,2024-25,Regular Season,Overall
1630561,David Duke Jr.,1610612759,SAS,25.0,6,5,1.0,6,14,0.429,0.536,0.571,3,8,0.375,0.429,3,6,0.5,2024-25,Regular Season,Overall
1631121,Bryce McGowens,1610612757,POR,22.0,13,8,1.0,4,14,0.286,0.286,0.714,4,10,0.4,0.286,0,4,0.0,2024-25,Regular Season,Overall
1642368,N'Faly Dante,1610612745,HOU,23.0,4,4,1.0,10,13,0.769,0.769,1.0,10,13,0.769,0.0,0,0,,2024-25,Regular Season,Overall
1630201,Malachi Flynn,1610612759,SAS,27.0,4,3,1.0,5,13,0.385,0.423,0.692,4,9,0.444,0.308,1,4,0.25,2024-25,Regular Season,Overall
1631123,Jamaree Bouyea,1610612749,MIL,26.0,5,3,1.0,6,12,0.5,0.542,0.583,5,7,0.714,0.417,1,5,0.2,2024-25,Regular Season,Overall
1642384,Isaiah Crawford,1610612758,SAC,23.0,15,8,1.0,5,11,0.455,0.5,0.545,4,6,0.667,0.455,1,5,0.2,2024-25,Regular Season,Overall
1642280,Trentyn Flowers,1610612746,LAC,20.0,6,3,1.0,4,11,0.364,0.364,0.818,4,9,0.444,0.182,0,2,0.0,2024-25,Regular Season,Overall
201949,James Johnson,1610612754,IND,38.0,12,7,1.0,4,11,0.364,0.364,0.727,4,8,0.5,0.273,0,3,0.0,2024-25,Regular Season,Overall
1641752,Bobi Klintman,1610612765,DET,22.0,8,2,1.0,6,10,0.6,0.7,0.5,4,5,0.8,0.5,2,5,0.4,2024-25,Regular Season,Overall
1642450,Daniss Jenkins,1610612765,DET,23.0,7,5,1.0,3,10,0.3,0.35,0.3,2,3,0.667,0.7,1,7,0.143,2024-25,Regular Season,Overall
1631386,Taze Moore,1610612757,POR,27.0,2,2,1.0,2,10,0.2,0.25,0.6,1,6,0.167,0.4,1,4,0.25,2024-25,Regular Season,Overall
1642449,Tolu Smith,1610612765,DET,24.0,1,1,1.0,6,9,0.667,0.667,1.0,6,9,0.667,0.0,0,0,,2024-25,Regular Season,Overall
1641817,Anton Watson,1610612752,NYK,24.0,9,6,1.0,4,9,0.444,0.444,0.889,4,8,0.5,0.111,0,1,0.0,2024-25,Regular Season,Overall
1641936,Miles Norris,1610612738,BOS,25.0,3,2,1.0,2,9,0.222,0.333,0.222,0,2,0.0,0.778,2,7,0.286,2024-25,Regular Season,Overall
1641801,Emanuel Miller,1610612741,CHI,25.0,6,4,1.0,4,8,0.5,0.5,0.875,4,7,0.571,0.125,0,1,0.0,2024-25,Regular Season,Overall
1641857,Liam Robbins,1610612749,MIL,25.0,13,6,1.0,2,8,0.25,0.25,0.75,2,6,0.333,0.25,0,2,0.0,2024-25,Regular Season,Overall
1631199,Ron Harper Jr.,1610612765,DET,25.0,1,1,1.0,1,8,0.125,0.125,0.25,1,2,0.5,0.75,0,6,0.0,2024-25,Regular Season,Overall
1641803,Tristen Newton,1610612750,MIN,24.0,8,6,1.0,1,8,0.125,0.125,0.625,1,5,0.2,0.375,0,3,0.0,2024-25,Regular Season,Overall
1641766,Adama Sanogo,1610612741,CHI,23.0,4,3,1.0,4,7,0.571,0.571,1.0,4,7,0.571,0.0,0,0,,2024-25,Regular Season,Overall
200782,P.J. Tucker,1610612752,NYK,40.0,3,2,1.0,3,7,0.429,0.643,0.143,0,1,0.0,0.857,3,6,0.5,2024-25,Regular Season,Overall
1641779,Jalen Bridges,1610612756,PHX,24.0,8,6,1.0,2,7,0.286,0.429,0.0,0,0,,1.0,2,7,0.286,2024-25,Regular Season,Overall
1641755,Kevin McCullar Jr.,1610612752,NYK,24.0,4,3,1.0,2,7,0.286,0.286,0.857,2,6,0.333,0.143,0,1,0.0,2024-25,Regular Season,Overall
1630600,Isaiah Mobley,1610612755,PHI,25.0,1,1,1.0,2,7,0.286,0.357,0.571,1,4,0.25,0.429,1,3,0.333,2024-25,Regular Season,Overall
1642385,Cui Cui,1610612751,BKN,22.0,5,2,1.0,1,7,0.143,0.143,0.571,1,4,0.25,0.429,0,3,0.0,2024-25,Regular Season,Overall
1630618,D.J. Carton,1610612761,TOR,24.0,4,3,1.0,1,7,0.143,0.143,0.571,1,4,0.25,0.429,0,3,0.0,2024-25,Regular Season,Overall
1642443,Jahmir Young,1610612741,CHI,24.0,6,4,1.0,4,5,0.8,0.9,0.6,3,3,1.0,0.4,1,2,0.5,2024-25,Regular Season,Overall
1642279,Ulrich Chomche,1610612761,TOR,19.0,7,4,1.0,2,5,0.4,0.4,1.0,2,5,0.4,0.0,0,0,,2024-25,Regular Season,Overall
1642439,Quincy Olivari,1610612747,LAL,24.0,2,2,1.0,1,5,0.2,0.3,0.0,0,0,,1.0,1,5,0.2,2024-25,Regular Season,Overall
1631127,Harrison Ingram,1610612759,SAS,22.0,5,4,1.0,2,4,0.5,0.5,0.75,2,3,0.667,0.25,0,1,0.0,2024-25,Regular Season,Overall
1627746,Skal Labissiere,1610612758,SAC,29.0,4,2,1.0,2,4,0.5,0.625,0.75,1,3,0.333,0.25,1,1,1.0,2024-25,Regular Season,Overall
1630164,James Wiseman,1610612754,IND,24.0,1,1,1.0,2,4,0.5,0.5,0.75,2,3,0.667,0.25,0,1,0.0,2024-25,Regular Season,Overall
1630296,Braxton Key,1610612744,GSW,28.0,3,1,1.0,0,4,0.0,0.0,0.75,0,3,0.0,0.25,0,1,0.0,2024-25,Regular Season,Overall
1628408,PJ Dozier,1610612750,MIN,28.0,9,3,1.0,2,3,0.667,1.0,0.0,0,0,,1.0,2,3,0.667,2024-25,Regular Season,Overall
1641879,Yuri Collins,1610612744,GSW,24.0,2,1,1.0,1,3,0.333,0.333,1.0,1,3,0.333,0.0,0,0,,2024-25,Regular Season,Overall
1631214,Alondes Williams,1610612746,LAC,26.0,1,1,1.0,2,2,1.0,1.25,0.5,1,1,1.0,0.5,1,1,1.0,2024-25,Regular Season,Overall
1641815,Isaiah Stevens,1610612748,MIA,24.0,3,2,1.0,0,2,0.0,0.0,0.5,0,1,0.0,0.5,0,1,0.0,2024-25,Regular Season,Overall
1642502,Malevy Leons,1610612760,OKC,25.0,6,2,1.0,0,2,0.0,0.0,0.5,0,1,0.0,0.5,0,1,0.0,2024-25,Regular Season,Overall
1629056,Terence Davis,1610612758,SAC,28.0,1,1,1.0,0,2,0.0,0.0,0.5,0,1,0.0,0.5,0,1,0.0,2024-25,Regular Season,Overall
1630644,Mac McClung,1610612753,ORL,26.0,2,1,1.0,0,2,0.0,0.0,0.5,0,1,0.0,0.5,0,1,0.0,2024-25,Regular Season,Overall
1630678,Terry Taylor,1610612758,SAC,25.0,3,1,1.0,0,1,0.0,0.0,1.0,0,1,0.0,0.0,0,0,,2024-25,Regular Season,Overall
1642434,Riley Minix,1610612759,SAS,24.0,1,1,1.0,0,1,0.0,0.0,0.0,0,0,,1.0,0,1,0.0,2024-25,Regular Season,Overall
1630227,Daishen Nix,1610612750,MIN,23.0,3,1,1.0,0,1,0.0,0.0,0.0,0,0,,1.0,0,1,0.0,2024-25,Regular Season,Overall
1642389,Zyon Pullin,1610612763,MEM,24.0,3,1,1.0,0,1,0.0,0.0,1.0,0,1,0.0,0.0,0,0,,2024-25,Regular Season,Overall
1626164,Devin Booker,1610612756,PHX,28.0,75,70,0.18,123,255,0.482,0.553,0.094,87,134,0.649,0.085,36,121,0.298,2024-25,Regular Season,1 Dribble
203507,Giannis Antetokounmpo,1610612749,MIL,30.0,67,66,0.19,132,251,0.526,0.534,0.176,128,232,0.552,0.014,4,19,0.211,2024-25,Regular Season,1 Dribble
1628369,Jayson Tatum,1610612738,BOS,27.0,72,65,0.155,96,224,0.429,0.518,0.071,56,102,0.549,0.085,40,122,0.328,2024-25,Regular Season,1 Dribble
1626157,Karl-Anthony Towns,1610612752,NYK,29.0,71,68,0.183,115,220,0.523,0.539,0.16,108,193,0.56,0.022,7,27,0.259,2024-25,Regular Season,1 Dribble
203999,Nikola Jokić,1610612743,DEN,30.0,70,67,0.153,121,209,0.579,0.593,0.136,115,185,0.622,0.018,6,24,0.25,2024-25,Regular Season,1 Dribble
1641705,Victor Wembanyama,1610612759,SAS,21.0,46,44,0.226,94,194,0.485,0.541,0.152,72,130,0.554,0.075,22,64,0.344,2024-25,Regular Season,1 Dribble
1629008,Michael Porter Jr.,1610612743,DEN,27.0,77,70,0.185,93,191,0.487,0.547,0.114,70,118,0.593,0.071,23,73,0.315,2024-25,Regular Season,1 Dribble
1642259,Alex Sarr,1610612764,WAS,20.0,67,60,0.211,83,175,0.474,0.48,0.198,81,164,0.494,0.013,2,11,0.182,2024-25,Regular Season,1 Dribble
1627783,Pascal Siakam,1610612754,IND,31.0,78,68,0.147,95,174,0.546,0.566,0.132,88,156,0.564,0.015,7,18,0.389,2024-25,Regular Season,1 Dribble
201942,DeMar DeRozan,1610612758,SAC,35.0,77,71,0.133,89,174,0.511,0.532,0.112,82,147,0.558,0.021,7,27,0.259,2024-25,Regular Season,1 Dribble
1628969,Mikal Bridges,1610612752,NYK,28.0,81,70,0.144,92,168,0.548,0.571,0.115,84,134,0.627,0.029,8,34,0.235,2024-25,Regular Season,1 Dribble
1627826,Ivica Zubac,1610612746,LAC,28.0,80,66,0.176,103,165,0.624,0.624,0.176,103,165,0.624,0.0,0,0,,2024-25,Regular Season,1 Dribble
1630578,Alperen Sengun,1610612745,HOU,22.0,76,65,0.141,94,161,0.584,0.584,0.138,94,158,0.595,0.003,0,3,0.0,2024-25,Regular Season,1 Dribble
1628384,OG Anunoby,1610612752,NYK,27.0,73,61,0.159,83,161,0.516,0.571,0.116,65,117,0.556,0.044,18,44,0.409,2024-25,Regular Season,1 Dribble
202696,Nikola Vucevic,1610612741,CHI,34.0,73,66,0.154,93,160,0.581,0.584,0.153,92,159,0.579,0.001,1,1,1.0,2024-25,Regular Season,1 Dribble
1629639,Tyler Herro,1610612748,MIA,25.0,77,65,0.116,76,160,0.475,0.6,0.041,36,56,0.643,0.075,40,104,0.385,2024-25,Regular Season,1 Dribble
1628398,Kyle Kuzma,1610612749,MIL,29.0,65,55,0.186,76,158,0.481,0.528,0.139,61,118,0.517,0.047,15,40,0.375,2024-25,Regular Season,1 Dribble
1630162,Anthony Edwards,1610612750,MIN,23.0,79,70,0.098,66,158,0.418,0.544,0.031,26,50,0.52,0.067,40,108,0.37,2024-25,Regular Season,1 Dribble
1629130,Duncan Robinson,1610612748,MIA,31.0,74,67,0.237,71,157,0.452,0.605,0.05,23,33,0.697,0.187,48,124,0.387,2024-25,Regular Season,1 Dribble
2544,LeBron James,1610612747,LAL,40.0,70,62,0.122,87,155,0.561,0.61,0.079,72,100,0.72,0.043,15,55,0.273,2024-25,Regular Season,1 Dribble
203076,Anthony Davis,1610612742,DAL,32.0,51,48,0.168,72,153,0.471,0.477,0.156,70,142,0.493,0.012,2,11,0.182,2024-25,Regular Season,1 Dribble
1630169,Tyrese Haliburton,1610612754,IND,25.0,73,67,0.152,65,153,0.425,0.536,0.048,31,48,0.646,0.104,34,105,0.324,2024-25,Regular Season,1 Dribble
1627736,Malik Beasley,1610612765,DET,28.0,82,67,0.141,72,151,0.477,0.613,0.057,31,61,0.508,0.084,41,90,0.456,2024-25,Regular Season,1 Dribble
1630217,Desmond Bane,1610612753,ORL,27.0,68,63,0.15,75,150,0.5,0.597,0.071,46,71,0.648,0.079,29,79,0.367,2024-25,Regular Season,1 Dribble
1630168,Onyeka Okongwu,1610612737,ATL,24.0,74,63,0.211,75,144,0.521,0.521,0.209,75,143,0.524,0.001,0,1,0.0,2024-25,Regular Season,1 Dribble
201939,Stephen Curry,1610612744,GSW,37.0,70,60,0.114,71,143,0.497,0.661,0.036,24,45,0.533,0.078,47,98,0.48,2024-25,Regular Season,1 Dribble
1631128,Christian Braun,1610612743,DEN,24.0,79,69,0.175,84,142,0.592,0.616,0.158,77,128,0.602,0.017,7,14,0.5,2024-25,Regular Season,1 Dribble
1631097,Bennedict Mathurin,1610612754,IND,23.0,72,66,0.166,59,142,0.415,0.475,0.094,42,80,0.525,0.073,17,62,0.274,2024-25,Regular Season,1 Dribble
1628389,Bam Adebayo,1610612748,MIA,27.0,78,61,0.126,71,140,0.507,0.525,0.111,66,124,0.532,0.014,5,16,0.313,2024-25,Regular Season,1 Dribble
1629027,Trae Young,1610612737,ATL,26.0,76,61,0.102,62,140,0.443,0.543,0.044,34,60,0.567,0.058,28,80,0.35,2024-25,Regular Season,1 Dribble
202691,Klay Thompson,1610612742,DAL,35.0,72,65,0.157,53,138,0.384,0.489,0.058,24,51,0.471,0.099,29,87,0.333,2024-25,Regular Season,1 Dribble
1627734,Domantas Sabonis,1610612758,SAC,29.0,70,62,0.153,87,137,0.635,0.642,0.151,85,135,0.63,0.002,2,2,1.0,2024-25,Regular Season,1 Dribble
1631094,Paolo Banchero,1610612753,ORL,22.0,46,44,0.145,61,132,0.462,0.5,0.103,51,94,0.543,0.042,10,38,0.263,2024-25,Regular Season,1 Dribble
1631101,Shaedon Sharpe,1610612757,POR,22.0,72,62,0.118,60,130,0.462,0.535,0.058,41,64,0.641,0.06,19,66,0.288,2024-25,Regular Season,1 Dribble
1630567,Scottie Barnes,1610612761,TOR,23.0,65,59,0.12,71,127,0.559,0.575,0.105,67,111,0.604,0.015,4,16,0.25,2024-25,Regular Season,1 Dribble
1629675,Naz Reid,1610612750,MIN,25.0,80,61,0.138,67,127,0.528,0.594,0.092,50,85,0.588,0.046,17,42,0.405,2024-25,Regular Season,1 Dribble
203897,Zach LaVine,1610612758,SAC,30.0,74,61,0.102,65,125,0.52,0.644,0.051,34,62,0.548,0.052,31,63,0.492,2024-25,Regular Season,1 Dribble
1630532,Franz Wagner,1610612753,ORL,23.0,60,48,0.108,61,125,0.488,0.544,0.072,47,84,0.56,0.035,14,41,0.341,2024-25,Regular Season,1 Dribble
1626181,Norman Powell,1610612746,LAC,32.0,60,55,0.132,52,125,0.416,0.496,0.061,32,58,0.552,0.071,20,67,0.299,2024-25,Regular Season,1 Dribble
1627741,Buddy Hield,1610612744,GSW,32.0,82,63,0.154,49,121,0.405,0.541,0.037,16,29,0.552,0.117,33,92,0.359,2024-25,Regular Season,1 Dribble
203944,Julius Randle,1610612750,MIN,30.0,69,61,0.128,56,120,0.467,0.508,0.081,46,76,0.605,0.047,10,44,0.227,2024-25,Regular Season,1 Dribble
1628970,Miles Bridges,1610612766,CHA,27.0,64,55,0.11,52,120,0.433,0.558,0.04,22,44,0.5,0.07,30,76,0.395,2024-25,Regular Season,1 Dribble
1628386,Jarrett Allen,1610612739,CLE,27.0,82,59,0.186,83,119,0.697,0.697,0.186,83,119,0.697,0.0,0,0,,2024-25,Regular Season,1 Dribble
1630596,Evan Mobley,1610612739,CLE,24.0,71,62,0.13,60,118,0.508,0.513,0.12,59,109,0.541,0.01,1,9,0.111,2024-25,Regular Season,1 Dribble
1642264,Stephon Castle,1610612759,SAS,20.0,81,59,0.119,60,118,0.508,0.538,0.08,53,79,0.671,0.039,7,39,0.179,2024-25,Regular Season,1 Dribble
1628368,De'Aaron Fox,1610612759,SAS,27.0,62,54,0.101,50,117,0.427,0.487,0.055,36,64,0.563,0.046,14,53,0.264,2024-25,Regular Season,1 Dribble
201935,James Harden,1610612746,LAC,35.0,79,60,0.09,53,116,0.457,0.603,0.019,19,25,0.76,0.07,34,91,0.374,2024-25,Regular Season,1 Dribble
1628381,John Collins,1610612762,UTA,27.0,40,39,0.217,60,115,0.522,0.535,0.203,57,108,0.528,0.013,3,7,0.429,2024-25,Regular Season,1 Dribble
1629673,Jordan Poole,1610612764,WAS,26.0,68,55,0.108,60,114,0.526,0.649,0.047,32,50,0.64,0.061,28,64,0.438,2024-25,Regular Season,1 Dribble
203468,CJ McCollum,1610612740,NOP,33.0,56,51,0.113,48,113,0.425,0.527,0.05,25,50,0.5,0.063,23,63,0.365,2024-25,Regular Season,1 Dribble
1630595,Cade Cunningham,1610612765,DET,23.0,70,56,0.076,52,111,0.468,0.536,0.049,37,71,0.521,0.027,15,40,0.375,2024-25,Regular Season,1 Dribble
1629636,Darius Garland,1610612739,CLE,25.0,75,57,0.095,50,111,0.45,0.541,0.043,30,50,0.6,0.052,20,61,0.328,2024-25,Regular Season,1 Dribble
1642267,Bub Carrington,1610612764,WAS,19.0,82,59,0.146,46,109,0.422,0.514,0.057,26,43,0.605,0.088,20,66,0.303,2024-25,Regular Season,1 Dribble
1629640,Keldon Johnson,1610612759,SAS,25.0,77,59,0.139,58,107,0.542,0.593,0.105,47,81,0.58,0.034,11,26,0.423,2024-25,Regular Season,1 Dribble
1630559,Austin Reaves,1610612747,LAL,27.0,73,53,0.103,48,107,0.449,0.533,0.045,30,47,0.638,0.058,18,60,0.3,2024-25,Regular Season,1 Dribble
1641764,Brandin Podziemski,1610612744,GSW,22.0,64,48,0.17,47,107,0.439,0.537,0.084,26,53,0.491,0.086,21,54,0.389,2024-25,Regular Season,1 Dribble
1641711,Gradey Dick,1610612761,TOR,21.0,54,46,0.165,38,107,0.355,0.416,0.093,25,60,0.417,0.073,13,47,0.277,2024-25,Regular Season,1 Dribble
201142,Kevin Durant,1610612756,PHX,36.0,62,54,0.094,58,106,0.547,0.575,0.078,52,88,0.591,0.016,6,18,0.333,2024-25,Regular Season,1 Dribble
1630170,Devin Vassell,1610612759,SAS,24.0,64,49,0.119,54,106,0.509,0.566,0.078,42,69,0.609,0.042,12,37,0.324,2024-25,Regular Season,1 Dribble
1630183,Jaden McDaniels,1610612750,MIN,24.0,82,54,0.127,53,106,0.5,0.524,0.104,48,87,0.552,0.023,5,19,0.263,2024-25,Regular Season,1 Dribble
1629661,Cameron Johnson,1610612751,BKN,29.0,57,51,0.142,52,106,0.491,0.58,0.068,33,51,0.647,0.074,19,55,0.345,2024-25,Regular Season,1 Dribble
1627759,Jaylen Brown,1610612738,BOS,28.0,63,50,0.095,53,105,0.505,0.567,0.061,40,67,0.597,0.034,13,38,0.342,2024-25,Regular Season,1 Dribble
1628415,Dillon Brooks,1610612745,HOU,29.0,75,55,0.116,46,104,0.442,0.538,0.059,26,53,0.491,0.057,20,51,0.392,2024-25,Regular Season,1 Dribble
1626162,Kelly Oubre Jr.,1610612755,PHI,29.0,60,44,0.138,57,102,0.559,0.574,0.108,54,80,0.675,0.03,3,22,0.136,2024-25,Regular Season,1 Dribble
1627750,Jamal Murray,1610612743,DEN,28.0,67,50,0.092,53,102,0.52,0.603,0.05,36,55,0.655,0.042,17,47,0.362,2024-25,Regular Season,1 Dribble
1630178,Tyrese Maxey,1610612755,PHI,24.0,52,46,0.093,48,102,0.471,0.554,0.042,31,46,0.674,0.051,17,56,0.304,2024-25,Regular Season,1 Dribble
202699,Tobias Harris,1610612765,DET,32.0,73,57,0.125,55,101,0.545,0.55,0.111,54,89,0.607,0.015,1,12,0.083,2024-25,Regular Season,1 Dribble
1626167,Myles Turner,1610612754,IND,29.0,72,56,0.123,44,100,0.44,0.495,0.092,33,75,0.44,0.031,11,25,0.44,2024-25,Regular Season,1 Dribble
1641718,Keyonte George,1610612762,UTA,21.0,67,52,0.109,41,100,0.41,0.51,0.037,21,34,0.618,0.072,20,66,0.303,2024-25,Regular Season,1 Dribble
1628404,Josh Hart,1610612752,NYK,30.0,76,56,0.129,54,99,0.545,0.576,0.099,48,76,0.632,0.03,6,23,0.261,2024-25,Regular Season,1 Dribble
1630163,LaMelo Ball,1610612766,CHA,23.0,47,40,0.098,38,98,0.388,0.515,0.027,13,27,0.481,0.071,25,71,0.352,2024-25,Regular Season,1 Dribble
202685,Jonas Valančiūnas,1610612758,SAC,33.0,81,58,0.155,55,97,0.567,0.567,0.155,55,97,0.567,0.0,0,0,,2024-25,Regular Season,1 Dribble
203501,Tim Hardaway Jr.,1610612765,DET,33.0,77,59,0.143,42,97,0.433,0.49,0.087,31,59,0.525,0.056,11,38,0.289,2024-25,Regular Season,1 Dribble
1629023,P.J. Washington,1610612742,DAL,26.0,57,46,0.144,46,96,0.479,0.531,0.107,36,71,0.507,0.038,10,25,0.4,2024-25,Regular Season,1 Dribble
204001,Kristaps Porziņģis,1610612738,BOS,29.0,42,36,0.171,50,95,0.526,0.532,0.155,49,86,0.57,0.016,1,9,0.111,2024-25,Regular Season,1 Dribble
1628370,Malik Monk,1610612758,SAC,27.0,65,51,0.101,37,95,0.389,0.468,0.04,22,38,0.579,0.061,15,57,0.263,2024-25,Regular Season,1 Dribble
1630700,Dyson Daniels,1610612737,ATL,22.0,76,53,0.102,49,94,0.521,0.543,0.079,45,73,0.616,0.023,4,21,0.19,2024-25,Regular Season,1 Dribble
1629632,Coby White,1610612741,CHI,25.0,74,48,0.083,35,93,0.376,0.484,0.022,15,25,0.6,0.061,20,68,0.294,2024-25,Regular Season,1 Dribble
1630224,Jalen Green,1610612745,HOU,23.0,82,54,0.065,34,93,0.366,0.441,0.031,20,44,0.455,0.034,14,49,0.286,2024-25,Regular Season,1 Dribble
1628989,Kevin Huerter,1610612741,CHI,26.0,69,48,0.152,45,92,0.489,0.603,0.065,24,39,0.615,0.088,21,53,0.396,2024-25,Regular Season,1 Dribble
1642274,Yves Missi,1610612740,NOP,21.0,73,53,0.183,38,90,0.422,0.422,0.183,38,90,0.422,0.0,0,0,,2024-25,Regular Season,1 Dribble
1628401,Derrick White,1610612738,BOS,30.0,76,54,0.094,34,90,0.378,0.511,0.019,10,18,0.556,0.075,24,72,0.333,2024-25,Regular Season,1 Dribble
1631114,Jalen Williams,1610612760,OKC,24.0,69,47,0.076,45,89,0.506,0.551,0.056,37,65,0.569,0.021,8,24,0.333,2024-25,Regular Season,1 Dribble
1630198,Isaiah Joe,1610612760,OKC,25.0,74,54,0.151,31,89,0.348,0.478,0.027,8,16,0.5,0.124,23,73,0.315,2024-25,Regular Season,1 Dribble
1629029,Luka Doncic,1610612747,LAL,26.0,50,41,0.086,45,88,0.511,0.665,0.028,18,29,0.621,0.058,27,59,0.458,2024-25,Regular Season,1 Dribble
1641722,Jordan Hawkins,1610612740,NOP,23.0,56,42,0.158,27,88,0.307,0.403,0.059,10,33,0.303,0.099,17,55,0.309,2024-25,Regular Season,1 Dribble
1631109,Mark Williams,1610612766,CHA,23.0,44,34,0.19,39,85,0.459,0.459,0.188,39,84,0.464,0.002,0,1,0.0,2024-25,Regular Season,1 Dribble
1631105,Jalen Duren,1610612765,DET,21.0,78,49,0.15,52,82,0.634,0.634,0.15,52,82,0.634,0.0,0,0,,2024-25,Regular Season,1 Dribble
1628976,Wendell Carter Jr.,1610612753,ORL,26.0,68,46,0.167,43,82,0.524,0.524,0.165,43,81,0.531,0.002,0,1,0.0,2024-25,Regular Season,1 Dribble
1630166,Deni Avdija,1610612757,POR,24.0,72,46,0.097,41,82,0.5,0.567,0.072,30,61,0.492,0.025,11,21,0.524,2024-25,Regular Season,1 Dribble
1629631,De'Andre Hunter,1610612739,CLE,27.0,64,44,0.107,36,81,0.444,0.531,0.059,22,45,0.489,0.047,14,36,0.389,2024-25,Regular Season,1 Dribble
1631099,Keegan Murray,1610612758,SAC,24.0,76,48,0.099,34,81,0.42,0.463,0.065,27,53,0.509,0.034,7,28,0.25,2024-25,Regular Season,1 Dribble
1642258,Zaccharie Risacher,1610612737,ATL,20.0,75,54,0.103,41,80,0.513,0.531,0.078,38,61,0.623,0.024,3,19,0.158,2024-25,Regular Season,1 Dribble
203078,Bradley Beal,1610612756,PHX,32.0,53,37,0.115,38,80,0.475,0.519,0.086,31,60,0.517,0.029,7,20,0.35,2024-25,Regular Season,1 Dribble
1630703,Scoot Henderson,1610612757,POR,21.0,66,44,0.117,30,80,0.375,0.488,0.047,12,32,0.375,0.07,18,48,0.375,2024-25,Regular Season,1 Dribble
1628991,Jaren Jackson Jr.,1610612763,MEM,25.0,73,46,0.067,29,80,0.363,0.388,0.044,25,53,0.472,0.023,4,27,0.148,2024-25,Regular Season,1 Dribble
1630167,Obi Toppin,1610612754,IND,27.0,79,50,0.132,47,79,0.595,0.633,0.097,41,58,0.707,0.035,6,21,0.286,2024-25,Regular Season,1 Dribble
1631217,Moussa Diabate,1610612766,CHA,23.0,71,41,0.282,46,79,0.582,0.582,0.279,46,78,0.59,0.004,0,1,0.0,2024-25,Regular Season,1 Dribble
1627884,Derrick Jones Jr.,1610612746,LAC,28.0,77,49,0.134,41,79,0.519,0.525,0.124,40,73,0.548,0.01,1,6,0.167,2024-25,Regular Season,1 Dribble
1629651,Nic Claxton,1610612751,BKN,26.0,70,46,0.139,40,79,0.506,0.506,0.139,40,79,0.506,0.0,0,0,,2024-25,Regular Season,1 Dribble
201572,Brook Lopez,1610612749,MIL,37.0,80,48,0.101,42,78,0.538,0.551,0.089,40,69,0.58,0.012,2,9,0.222,2024-25,Regular Season,1 Dribble
203081,Damian Lillard,1610612749,MIL,34.0,58,42,0.079,31,78,0.397,0.545,0.012,8,12,0.667,0.067,23,66,0.348,2024-25,Regular Season,1 Dribble
1631260,AJ Green,1610612749,MIL,25.0,73,51,0.184,27,78,0.346,0.474,0.038,7,16,0.438,0.146,20,62,0.323,2024-25,Regular Season,1 Dribble
1626171,Bobby Portis,1610612749,MIL,30.0,49,39,0.129,37,77,0.481,0.5,0.119,34,71,0.479,0.01,3,6,0.5,2024-25,Regular Season,1 Dribble
1626179,Terry Rozier,1610612748,MIA,31.0,64,44,0.121,21,77,0.273,0.318,0.065,14,41,0.341,0.057,7,36,0.194,2024-25,Regular Season,1 Dribble
1630530,Trey Murphy III,1610612740,NOP,25.0,53,40,0.091,41,76,0.539,0.658,0.038,23,32,0.719,0.052,18,44,0.409,2024-25,Regular Season,1 Dribble
203932,Aaron Gordon,1610612743,DEN,29.0,51,38,0.153,39,76,0.513,0.559,0.109,32,54,0.593,0.044,7,22,0.318,2024-25,Regular Season,1 Dribble
1641716,Jarace Walker,1610612754,IND,21.0,75,45,0.211,39,76,0.513,0.618,0.108,23,39,0.59,0.103,16,37,0.432,2024-25,Regular Season,1 Dribble
1628983,Shai Gilgeous-Alexander,1610612760,OKC,26.0,76,53,0.046,38,76,0.5,0.559,0.028,29,46,0.63,0.018,9,30,0.3,2024-25,Regular Season,1 Dribble
1642377,Jaylen Wells,1610612763,MEM,21.0,78,49,0.113,34,76,0.447,0.513,0.08,24,54,0.444,0.033,10,22,0.455,2024-25,Regular Season,1 Dribble
203952,Andrew Wiggins,1610612748,MIA,30.0,60,42,0.091,34,76,0.447,0.52,0.054,23,45,0.511,0.037,11,31,0.355,2024-25,Regular Season,1 Dribble
1629627,Zion Williamson,1610612740,NOP,24.0,30,28,0.148,44,75,0.587,0.587,0.138,44,70,0.629,0.01,0,5,0.0,2024-25,Regular Season,1 Dribble
1629012,Collin Sexton,1610612762,UTA,26.0,63,50,0.087,36,75,0.48,0.58,0.042,21,36,0.583,0.045,15,39,0.385,2024-25,Regular Season,1 Dribble
1630228,Jonathan Kuminga,1610612744,GSW,22.0,47,36,0.132,32,75,0.427,0.46,0.097,27,55,0.491,0.035,5,20,0.25,2024-25,Regular Season,1 Dribble
1629634,Brandon Clarke,1610612763,MEM,28.0,63,43,0.197,42,74,0.568,0.568,0.197,42,74,0.568,0.0,0,0,,2024-25,Regular Season,1 Dribble
1627747,Caris LeVert,1610612737,ATL,30.0,64,43,0.124,42,74,0.568,0.662,0.067,28,40,0.7,0.057,14,34,0.412,2024-25,Regular Season,1 Dribble
1631218,Trayce Jackson-Davis,1610612744,GSW,25.0,62,36,0.245,41,74,0.554,0.554,0.245,41,74,0.554,0.0,0,0,,2024-25,Regular Season,1 Dribble
203484,Kentavious Caldwell-Pope,1610612763,MEM,32.0,77,46,0.136,39,74,0.527,0.581,0.088,31,48,0.646,0.048,8,26,0.308,2024-25,Regular Season,1 Dribble
202681,Kyrie Irving,1610612742,DAL,33.0,50,38,0.078,38,74,0.514,0.574,0.05,29,47,0.617,0.029,9,27,0.333,2024-25,Regular Season,1 Dribble
1629028,Deandre Ayton,1610612757,POR,26.0,40,32,0.158,38,74,0.514,0.514,0.158,38,74,0.514,0.0,0,0,,2024-25,Regular Season,1 Dribble
1630172,Patrick Williams,1610612741,CHI,23.0,63,43,0.143,32,74,0.432,0.547,0.062,15,32,0.469,0.081,17,42,0.405,2024-25,Regular Season,1 Dribble
1630557,Corey Kispert,1610612764,WAS,26.0,61,44,0.129,39,73,0.534,0.589,0.078,31,44,0.705,0.051,8,29,0.276,2024-25,Regular Season,1 Dribble
1629628,RJ Barrett,1610612761,TOR,25.0,58,38,0.074,36,73,0.493,0.5,0.064,35,63,0.556,0.01,1,10,0.1,2024-25,Regular Season,1 Dribble
1642276,Kel'el Ware,1610612748,MIA,21.0,64,40,0.157,35,73,0.479,0.486,0.147,34,68,0.5,0.011,1,5,0.2,2024-25,Regular Season,1 Dribble
1629656,Quentin Grimes,1610612755,PHI,25.0,75,41,0.089,35,73,0.479,0.568,0.039,22,32,0.688,0.05,13,41,0.317,2024-25,Regular Season,1 Dribble
1628378,Donovan Mitchell,1610612739,CLE,28.0,71,46,0.055,32,73,0.438,0.534,0.024,18,32,0.563,0.031,14,41,0.341,2024-25,Regular Season,1 Dribble
201144,Mike Conley,1610612750,MIN,37.0,71,47,0.156,31,73,0.425,0.596,0.03,6,14,0.429,0.126,25,59,0.424,2024-25,Regular Season,1 Dribble
1641729,Brice Sensabaugh,1610612762,UTA,21.0,71,44,0.122,30,73,0.411,0.527,0.048,13,29,0.448,0.073,17,44,0.386,2024-25,Regular Season,1 Dribble
203084,Harrison Barnes,1610612759,SAS,33.0,82,48,0.105,45,72,0.625,0.701,0.075,34,51,0.667,0.031,11,21,0.524,2024-25,Regular Season,1 Dribble
1630583,Santi Aldama,1610612763,MEM,24.0,64,44,0.113,38,72,0.528,0.611,0.072,26,46,0.565,0.041,12,26,0.462,2024-25,Regular Season,1 Dribble
1631110,Jeremy Sochan,1610612759,SAS,22.0,54,40,0.154,37,72,0.514,0.514,0.149,37,70,0.529,0.004,0,2,0.0,2024-25,Regular Season,1 Dribble
1631106,Tari Eason,1610612745,HOU,24.0,57,40,0.129,36,72,0.5,0.5,0.123,36,69,0.522,0.005,0,3,0.0,2024-25,Regular Season,1 Dribble
1629638,Nickeil Alexander-Walker,1610612750,MIN,26.0,82,48,0.117,31,72,0.431,0.507,0.052,20,32,0.625,0.065,11,40,0.275,2024-25,Regular Season,1 Dribble
203110,Draymond Green,1610612744,GSW,35.0,68,41,0.139,36,71,0.507,0.535,0.126,32,64,0.5,0.014,4,7,0.571,2024-25,Regular Season,1 Dribble
1628374,Lauri Markkanen,1610612762,UTA,28.0,47,35,0.101,33,71,0.465,0.507,0.077,27,54,0.5,0.024,6,17,0.353,2024-25,Regular Season,1 Dribble
1630577,Julian Champagnie,1610612759,SAS,24.0,82,45,0.105,31,70,0.443,0.536,0.045,18,30,0.6,0.06,13,40,0.325,2024-25,Regular Season,1 Dribble
1627832,Fred VanVleet,1610612745,HOU,31.0,60,42,0.092,21,70,0.3,0.371,0.041,11,31,0.355,0.051,10,39,0.256,2024-25,Regular Season,1 Dribble
1631095,Jabari Smith Jr.,1610612745,HOU,22.0,57,40,0.12,29,68,0.426,0.449,0.097,26,55,0.473,0.023,3,13,0.231,2024-25,Regular Season,1 Dribble
1629018,Gary Trent Jr.,1610612749,MIL,26.0,74,42,0.104,28,68,0.412,0.574,0.026,6,17,0.353,0.078,22,51,0.431,2024-25,Regular Season,1 Dribble
203497,Rudy Gobert,1610612750,MIN,33.0,72,42,0.131,39,67,0.582,0.582,0.131,39,67,0.582,0.0,0,0,,2024-25,Regular Season,1 Dribble
1641739,Toumani Camara,1610612757,POR,25.0,78,40,0.094,29,67,0.433,0.485,0.071,22,51,0.431,0.022,7,16,0.438,2024-25,Regular Season,1 Dribble
1641709,Ausar Thompson,1610612765,DET,22.0,59,39,0.146,29,67,0.433,0.44,0.135,28,62,0.452,0.011,1,5,0.2,2024-25,Regular Season,1 Dribble
1627752,Taurean Prince,1610612749,MIL,31.0,80,45,0.13,20,67,0.299,0.403,0.037,6,19,0.316,0.093,14,48,0.292,2024-25,Regular Season,1 Dribble
1627751,Jakob Poeltl,1610612761,TOR,29.0,57,42,0.114,43,66,0.652,0.652,0.112,43,65,0.662,0.002,0,1,0.0,2024-25,Regular Season,1 Dribble
1627824,Guerschon Yabusele,1610612755,PHI,29.0,70,45,0.117,40,66,0.606,0.614,0.105,39,59,0.661,0.012,1,7,0.143,2024-25,Regular Season,1 Dribble
1630230,Naji Marshall,1610612742,DAL,27.0,69,39,0.093,38,66,0.576,0.583,0.079,37,56,0.661,0.014,1,10,0.1,2024-25,Regular Season,1 Dribble
202710,Jimmy Butler III,1610612744,GSW,35.0,55,36,0.111,37,66,0.561,0.598,0.095,32,57,0.561,0.015,5,9,0.556,2024-25,Regular Season,1 Dribble
1628973,Jalen Brunson,1610612752,NYK,28.0,64,36,0.056,32,66,0.485,0.598,0.022,17,26,0.654,0.034,15,40,0.375,2024-25,Regular Season,1 Dribble
1629630,Ja Morant,1610612763,MEM,25.0,49,35,0.076,30,66,0.455,0.515,0.037,22,32,0.688,0.039,8,34,0.235,2024-25,Regular Season,1 Dribble
203954,Joel Embiid,1610612755,PHI,31.0,19,19,0.21,27,66,0.409,0.417,0.194,26,61,0.426,0.016,1,5,0.2,2024-25,Regular Season,1 Dribble
1630598,Aaron Wiggins,1610612760,OKC,26.0,76,45,0.089,32,65,0.492,0.562,0.055,23,40,0.575,0.034,9,25,0.36,2024-25,Regular Season,1 Dribble
1630552,Jalen Johnson,1610612737,ATL,23.0,36,28,0.119,40,64,0.625,0.641,0.108,38,58,0.655,0.011,2,6,0.333,2024-25,Regular Season,1 Dribble
1641710,Anthony Black,1610612753,ORL,21.0,78,38,0.103,33,64,0.516,0.547,0.077,29,48,0.604,0.026,4,16,0.25,2024-25,Regular Season,1 Dribble
1630202,Payton Pritchard,1610612738,BOS,27.0,80,48,0.074,29,64,0.453,0.617,0.013,8,11,0.727,0.062,21,53,0.396,2024-25,Regular Season,1 Dribble
1642367,Jonathan Mogbo,1610612761,TOR,23.0,63,38,0.18,25,64,0.391,0.391,0.169,25,60,0.417,0.011,0,4,0.0,2024-25,Regular Season,1 Dribble
1630540,Miles McBride,1610612752,NYK,24.0,63,37,0.12,23,64,0.359,0.445,0.045,12,24,0.5,0.075,11,40,0.275,2024-25,Regular Season,1 Dribble
1630533,Ziaire Williams,1610612751,BKN,23.0,63,38,0.123,22,64,0.344,0.359,0.09,20,47,0.426,0.033,2,17,0.118,2024-25,Regular Season,1 Dribble
1629060,Rui Hachimura,1610612747,LAL,27.0,59,39,0.11,41,63,0.651,0.659,0.101,40,58,0.69,0.009,1,5,0.2,2024-25,Regular Season,1 Dribble
1626220,Royce O'Neale,1610612756,PHX,32.0,75,44,0.111,27,63,0.429,0.54,0.035,13,20,0.65,0.075,14,43,0.326,2024-25,Regular Season,1 Dribble
201566,Russell Westbrook,1610612743,DEN,36.0,75,38,0.077,26,63,0.413,0.437,0.052,23,42,0.548,0.026,3,21,0.143,2024-25,Regular Season,1 Dribble
1642273,Kyshawn George,1610612764,WAS,21.0,68,42,0.115,20,63,0.317,0.437,0.033,5,18,0.278,0.082,15,45,0.333,2024-25,Regular Season,1 Dribble
1630573,Sam Hauser,1610612738,BOS,27.0,71,36,0.132,28,62,0.452,0.613,0.026,8,12,0.667,0.107,20,50,0.4,2024-25,Regular Season,1 Dribble
1628978,Donte DiVincenzo,1610612750,MIN,28.0,62,34,0.104,23,62,0.371,0.468,0.034,11,20,0.55,0.071,12,42,0.286,2024-25,Regular Season,1 Dribble
1628392,Isaiah Hartenstein,1610612760,OKC,27.0,57,43,0.127,35,61,0.574,0.574,0.127,35,61,0.574,0.0,0,0,,2024-25,Regular Season,1 Dribble
203471,Dennis Schröder,1610612765,DET,31.0,75,37,0.074,33,61,0.541,0.631,0.042,22,35,0.629,0.031,11,26,0.423,2024-25,Regular Season,1 Dribble
1641715,Cam Whitmore,1610612745,HOU,20.0,51,32,0.151,32,61,0.525,0.607,0.079,22,32,0.688,0.072,10,29,0.345,2024-25,Regular Season,1 Dribble
1641731,Bilal Coulibaly,1610612764,WAS,20.0,59,37,0.096,34,60,0.567,0.608,0.074,29,46,0.63,0.022,5,14,0.357,2024-25,Regular Season,1 Dribble
1631212,Peyton Watson,1610612743,DEN,22.0,68,41,0.143,31,60,0.517,0.517,0.133,31,56,0.554,0.01,0,4,0.0,2024-25,Regular Season,1 Dribble
1630581,Josh Giddey,1610612741,CHI,22.0,70,39,0.076,31,60,0.517,0.575,0.056,24,44,0.545,0.02,7,16,0.438,2024-25,Regular Season,1 Dribble
101108,Chris Paul,1610612759,SAS,40.0,82,48,0.103,30,60,0.5,0.642,0.034,13,20,0.65,0.069,17,40,0.425,2024-25,Regular Season,1 Dribble
1630553,Keon Johnson,1610612751,BKN,23.0,79,37,0.077,28,60,0.467,0.567,0.033,16,26,0.615,0.044,12,34,0.353,2024-25,Regular Season,1 Dribble
203903,Jordan Clarkson,1610612762,UTA,33.0,37,28,0.122,26,60,0.433,0.55,0.049,12,24,0.5,0.073,14,36,0.389,2024-25,Regular Season,1 Dribble
1630208,Nick Richards,1610612756,PHX,27.0,57,38,0.173,23,60,0.383,0.383,0.17,23,59,0.39,0.003,0,1,0.0,2024-25,Regular Season,1 Dribble
1629004,Svi Mykhailiuk,1610612762,UTA,28.0,38,30,0.199,21,60,0.35,0.483,0.027,5,8,0.625,0.173,16,52,0.308,2024-25,Regular Season,1 Dribble
1641842,Ronald Holland II,1610612765,DET,19.0,81,43,0.142,39,59,0.661,0.712,0.108,33,45,0.733,0.034,6,14,0.429,2024-25,Regular Season,1 Dribble
1629599,Amir Coffey,1610612746,LAC,28.0,72,36,0.116,33,59,0.559,0.593,0.09,29,46,0.63,0.025,4,13,0.308,2024-25,Regular Season,1 Dribble
1629655,Daniel Gafford,1610612742,DAL,26.0,57,36,0.144,35,58,0.603,0.603,0.144,35,58,0.603,0.0,0,0,,2024-25,Regular Season,1 Dribble
1630541,Moses Moody,1610612744,GSW,23.0,74,41,0.102,29,58,0.5,0.578,0.058,20,33,0.606,0.044,9,25,0.36,2024-25,Regular Season,1 Dribble
1629611,Terance Mann,1610612737,ATL,28.0,67,38,0.14,29,58,0.5,0.552,0.082,23,34,0.676,0.058,6,24,0.25,2024-25,Regular Season,1 Dribble
1630241,Sam Merrill,1610612739,CLE,29.0,71,37,0.137,21,58,0.362,0.5,0.024,5,10,0.5,0.113,16,48,0.333,2024-25,Regular Season,1 Dribble
1642271,Kyle Filipowski,1610612762,UTA,21.0,72,41,0.11,35,57,0.614,0.623,0.097,34,50,0.68,0.014,1,7,0.143,2024-25,Regular Season,1 Dribble
1641708,Amen Thompson,1610612745,HOU,22.0,69,37,0.082,32,57,0.561,0.561,0.077,32,54,0.593,0.004,0,3,0.0,2024-25,Regular Season,1 Dribble
1629048,Goga Bitadze,1610612753,ORL,25.0,70,35,0.168,28,57,0.491,0.491,0.168,28,57,0.491,0.0,0,0,,2024-25,Regular Season,1 Dribble
1630534,Ochai Agbaji,1610612761,TOR,25.0,64,35,0.107,27,57,0.474,0.518,0.082,22,44,0.5,0.024,5,13,0.385,2024-25,Regular Season,1 Dribble
1631093,Jaden Ivey,1610612765,DET,23.0,30,26,0.138,27,57,0.474,0.544,0.087,19,36,0.528,0.051,8,21,0.381,2024-25,Regular Season,1 Dribble
1630560,Cam Thomas,1610612751,BKN,23.0,25,23,0.123,31,56,0.554,0.661,0.057,19,26,0.731,0.066,12,30,0.4,2024-25,Regular Season,1 Dribble
1641824,Matas Buzelis,1610612741,CHI,20.0,80,38,0.101,31,56,0.554,0.589,0.085,27,47,0.574,0.016,4,9,0.444,2024-25,Regular Season,1 Dribble
203552,Seth Curry,1610612766,CHA,34.0,68,34,0.163,22,56,0.393,0.455,0.108,15,37,0.405,0.055,7,19,0.368,2024-25,Regular Season,1 Dribble
203924,Jerami Grant,1610612757,POR,31.0,47,33,0.098,20,56,0.357,0.375,0.078,18,45,0.4,0.019,2,11,0.182,2024-25,Regular Season,1 Dribble
1641744,Zach Edey,1610612763,MEM,23.0,65,37,0.129,30,55,0.545,0.545,0.126,30,54,0.556,0.002,0,1,0.0,2024-25,Regular Season,1 Dribble
1630548,Johnny Juzang,1610612762,UTA,24.0,64,36,0.116,25,55,0.455,0.518,0.063,18,30,0.6,0.053,7,25,0.28,2024-25,Regular Season,1 Dribble
203991,Clint Capela,1610612737,ATL,31.0,55,35,0.141,22,55,0.4,0.4,0.141,22,55,0.4,0.0,0,0,,2024-25,Regular Season,1 Dribble
1641783,Tristan da Silva,1610612753,ORL,24.0,74,38,0.112,28,54,0.519,0.574,0.089,22,43,0.512,0.023,6,11,0.545,2024-25,Regular Season,1 Dribble
1629652,Luguentz Dort,1610612760,OKC,26.0,71,36,0.091,23,54,0.426,0.519,0.04,13,24,0.542,0.051,10,30,0.333,2024-25,Regular Season,1 Dribble
1629014,Anfernee Simons,1610612757,POR,26.0,70,41,0.048,19,54,0.352,0.472,0.014,6,16,0.375,0.034,13,38,0.342,2024-25,Regular Season,1 Dribble
1631124,Julian Strawther,1610612743,DEN,23.0,65,38,0.112,25,53,0.472,0.509,0.076,21,36,0.583,0.036,4,17,0.235,2024-25,Regular Season,1 Dribble
1627777,Georges Niang,1610612737,ATL,32.0,79,38,0.085,24,53,0.453,0.519,0.053,17,33,0.515,0.032,7,20,0.35,2024-25,Regular Season,1 Dribble
1628379,Luke Kennard,1610612763,MEM,29.0,64,35,0.125,24,53,0.453,0.594,0.038,9,16,0.563,0.087,15,37,0.405,2024-25,Regular Season,1 Dribble
1630174,Aaron Nesmith,1610612754,IND,25.0,45,33,0.137,24,52,0.462,0.538,0.079,16,30,0.533,0.058,8,22,0.364,2024-25,Regular Season,1 Dribble
203915,Spencer Dinwiddie,1610612742,DAL,32.0,79,38,0.076,24,52,0.462,0.596,0.026,10,18,0.556,0.05,14,34,0.412,2024-25,Regular Season,1 Dribble
1629626,Bol Bol,1610612756,PHX,25.0,36,21,0.279,28,51,0.549,0.598,0.186,23,34,0.676,0.093,5,17,0.294,2024-25,Regular Season,1 Dribble
203114,Khris Middleton,1610612764,WAS,33.0,37,25,0.151,28,51,0.549,0.657,0.089,17,30,0.567,0.062,11,21,0.524,2024-25,Regular Season,1 Dribble
1627780,Gary Payton II,1610612744,GSW,32.0,62,32,0.171,27,51,0.529,0.529,0.164,27,49,0.551,0.007,0,2,0.0,2024-25,Regular Season,1 Dribble
1628960,Grayson Allen,1610612756,PHX,29.0,64,36,0.104,24,51,0.471,0.618,0.035,9,17,0.529,0.07,15,34,0.441,2024-25,Regular Season,1 Dribble
1642347,Jamal Shead,1610612761,TOR,22.0,75,41,0.101,15,51,0.294,0.314,0.056,13,28,0.464,0.046,2,23,0.087,2024-25,Regular Season,1 Dribble
1630191,Isaiah Stewart,1610612765,DET,24.0,72,37,0.159,31,50,0.62,0.62,0.152,31,48,0.646,0.006,0,2,0.0,2024-25,Regular Season,1 Dribble
1626145,Tyus Jones,1610612756,PHX,29.0,81,35,0.072,25,49,0.51,0.561,0.051,20,35,0.571,0.02,5,14,0.357,2024-25,Regular Season,1 Dribble
203994,Jusuf Nurkić,1610612766,CHA,30.0,51,30,0.139,23,49,0.469,0.469,0.122,23,43,0.535,0.017,0,6,0.0,2024-25,Regular Season,1 Dribble
1630527,Brandon Boston,1610612740,NOP,23.0,42,26,0.129,23,49,0.469,0.531,0.071,17,27,0.63,0.058,6,22,0.273,2024-25,Regular Season,1 Dribble
1630590,Scotty Pippen Jr.,1610612763,MEM,24.0,78,31,0.081,27,48,0.563,0.594,0.069,24,41,0.585,0.012,3,7,0.429,2024-25,Regular Season,1 Dribble
1629750,Javonte Green,1610612739,CLE,31.0,68,32,0.167,26,48,0.542,0.552,0.156,25,45,0.556,0.01,1,3,0.333,2024-25,Regular Season,1 Dribble
1630245,Ayo Dosunmu,1610612741,CHI,25.0,46,32,0.107,25,48,0.521,0.573,0.071,20,32,0.625,0.036,5,16,0.313,2024-25,Regular Season,1 Dribble
203992,Bogdan Bogdanović,1610612746,LAC,32.0,54,30,0.098,24,48,0.5,0.656,0.028,9,14,0.643,0.069,15,34,0.441,2024-25,Regular Season,1 Dribble
1626172,Kevon Looney,1610612744,GSW,29.0,76,35,0.175,23,48,0.479,0.479,0.175,23,48,0.479,0.0,0,0,,2024-25,Regular Season,1 Dribble
201950,Jrue Holiday,1610612738,BOS,35.0,62,34,0.085,22,48,0.458,0.563,0.037,12,21,0.571,0.048,10,27,0.37,2024-25,Regular Season,1 Dribble
1641706,Brandon Miller,1610612766,CHA,22.0,27,21,0.098,20,48,0.417,0.479,0.043,14,21,0.667,0.055,6,27,0.222,2024-25,Regular Season,1 Dribble
204456,T.J. McConnell,1610612754,IND,33.0,79,38,0.077,19,48,0.396,0.417,0.063,17,39,0.436,0.014,2,9,0.222,2024-25,Regular Season,1 Dribble
202695,Kawhi Leonard,1610612746,LAC,34.0,37,26,0.075,28,47,0.596,0.66,0.051,22,32,0.688,0.024,6,15,0.4,2024-25,Regular Season,1 Dribble
1629660,Ty Jerome,1610612739,CLE,27.0,70,34,0.076,22,47,0.468,0.585,0.026,11,16,0.688,0.05,11,31,0.355,2024-25,Regular Season,1 Dribble
1630549,Day'Ron Sharpe,1610612751,BKN,23.0,50,31,0.148,21,47,0.447,0.447,0.145,21,46,0.457,0.003,0,1,0.0,2024-25,Regular Season,1 Dribble
1642275,Tidjane Salaün,1610612766,CHA,19.0,60,31,0.136,18,47,0.383,0.479,0.049,9,17,0.529,0.087,9,30,0.3,2024-25,Regular Season,1 Dribble
1630193,Immanuel Quickley,1610612761,TOR,26.0,33,27,0.107,18,47,0.383,0.532,0.025,4,11,0.364,0.082,14,36,0.389,2024-25,Regular Season,1 Dribble
1642268,Isaiah Collier,1610612762,UTA,20.0,71,32,0.085,17,47,0.362,0.372,0.056,16,31,0.516,0.029,1,16,0.063,2024-25,Regular Season,1 Dribble
1642261,Dalton Knecht,1610612747,LAL,24.0,78,33,0.083,23,46,0.5,0.598,0.045,14,25,0.56,0.038,9,21,0.429,2024-25,Regular Season,1 Dribble
203937,Kyle Anderson,1610612748,MIA,31.0,61,32,0.153,22,46,0.478,0.522,0.126,18,38,0.474,0.027,4,8,0.5,2024-25,Regular Season,1 Dribble
1629614,Andrew Nembhard,1610612754,IND,25.0,65,36,0.085,21,46,0.457,0.511,0.054,16,29,0.552,0.032,5,17,0.294,2024-25,Regular Season,1 Dribble
1641733,Nick Smith Jr.,1610612766,CHA,21.0,60,30,0.081,19,46,0.413,0.489,0.046,12,26,0.462,0.035,7,20,0.35,2024-25,Regular Season,1 Dribble
1641741,Ricky Council IV,1610612755,PHI,23.0,73,30,0.099,16,46,0.348,0.402,0.041,11,19,0.579,0.058,5,27,0.185,2024-25,Regular Season,1 Dribble
1630173,Precious Achiuwa,1610612752,NYK,25.0,56,28,0.138,28,45,0.622,0.622,0.138,28,45,0.622,0.0,0,0,,2024-25,Regular Season,1 Dribble
202331,Paul George,1610612755,PHI,35.0,41,26,0.079,24,45,0.533,0.611,0.054,17,31,0.548,0.025,7,14,0.5,2024-25,Regular Season,1 Dribble
1642346,Ryan Dunn,1610612756,PHX,22.0,74,31,0.095,22,45,0.489,0.522,0.067,19,32,0.594,0.027,3,13,0.231,2024-25,Regular Season,1 Dribble
1631222,Jake LaRavia,1610612758,SAC,23.0,66,30,0.134,21,45,0.467,0.556,0.08,13,27,0.481,0.053,8,18,0.444,2024-25,Regular Season,1 Dribble
1626166,Cameron Payne,1610612752,NYK,30.0,71,33,0.103,18,45,0.4,0.522,0.032,7,14,0.5,0.071,11,31,0.355,2024-25,Regular Season,1 Dribble
1630182,Josh Green,1610612766,CHA,24.0,68,28,0.107,17,45,0.378,0.389,0.086,16,36,0.444,0.021,1,9,0.111,2024-25,Regular Season,1 Dribble
1630592,Jalen Wilson,1610612751,BKN,24.0,79,31,0.071,23,44,0.523,0.557,0.05,20,31,0.645,0.021,3,13,0.231,2024-25,Regular Season,1 Dribble
1631165,Keon Ellis,1610612758,SAC,25.0,80,27,0.095,22,44,0.5,0.602,0.052,13,24,0.542,0.043,9,20,0.45,2024-25,Regular Season,1 Dribble
1631170,Jaime Jaquez Jr.,1610612748,MIA,24.0,66,29,0.095,20,44,0.455,0.477,0.071,18,33,0.545,0.024,2,11,0.182,2024-25,Regular Season,1 Dribble
1642419,Jamison Battle,1610612761,TOR,24.0,59,27,0.127,20,44,0.455,0.568,0.052,10,18,0.556,0.075,10,26,0.385,2024-25,Regular Season,1 Dribble
1642266,Ja'Kobe Walter,1610612761,TOR,20.0,52,30,0.112,14,44,0.318,0.341,0.076,12,30,0.4,0.036,2,14,0.143,2024-25,Regular Season,1 Dribble
1630188,Jalen Smith,1610612741,CHI,25.0,64,30,0.105,25,43,0.581,0.616,0.086,22,35,0.629,0.02,3,8,0.375,2024-25,Regular Season,1 Dribble
1630551,Justin Champagnie,1610612764,WAS,24.0,62,31,0.105,15,43,0.349,0.36,0.075,14,31,0.452,0.029,1,12,0.083,2024-25,Regular Season,1 Dribble
1627742,Brandon Ingram,1610612761,TOR,27.0,18,15,0.126,25,42,0.595,0.667,0.102,19,34,0.559,0.024,6,8,0.75,2024-25,Regular Season,1 Dribble
1630175,Cole Anthony,1610612763,MEM,25.0,67,28,0.077,22,42,0.524,0.607,0.05,15,27,0.556,0.028,7,15,0.467,2024-25,Regular Season,1 Dribble
1641717,Cason Wallace,1610612760,OKC,21.0,68,34,0.086,20,42,0.476,0.512,0.059,17,29,0.586,0.027,3,13,0.231,2024-25,Regular Season,1 Dribble
1631213,Tyrese Martin,1610612751,BKN,26.0,60,33,0.09,17,42,0.405,0.5,0.037,9,17,0.529,0.054,8,25,0.32,2024-25,Regular Season,1 Dribble
1626156,D'Angelo Russell,1610612751,BKN,29.0,58,32,0.066,13,42,0.31,0.405,0.02,5,13,0.385,0.045,8,29,0.276,2024-25,Regular Season,1 Dribble
1631115,Orlando Robinson,1610612761,TOR,24.0,44,24,0.161,13,42,0.31,0.31,0.157,13,41,0.317,0.004,0,1,0.0,2024-25,Regular Season,1 Dribble
1641737,Adem Bona,1610612755,PHI,22.0,58,24,0.214,30,41,0.732,0.732,0.214,30,41,0.732,0.0,0,0,,2024-25,Regular Season,1 Dribble
1631096,Chet Holmgren,1610612760,OKC,23.0,32,25,0.12,24,41,0.585,0.659,0.097,18,33,0.545,0.023,6,8,0.75,2024-25,Regular Season,1 Dribble
1631117,Walker Kessler,1610612762,UTA,23.0,58,30,0.098,24,41,0.585,0.585,0.095,24,40,0.6,0.002,0,1,0.0,2024-25,Regular Season,1 Dribble
1630526,Jeremiah Robinson-Earl,1610612740,NOP,24.0,66,28,0.118,20,41,0.488,0.488,0.107,20,37,0.541,0.012,0,4,0.0,2024-25,Regular Season,1 Dribble
203482,Kelly Olynyk,1610612740,NOP,34.0,44,25,0.149,25,40,0.625,0.663,0.123,22,33,0.667,0.026,3,7,0.429,2024-25,Regular Season,1 Dribble
1641748,Andre Jackson Jr.,1610612749,MIL,23.0,67,30,0.203,18,40,0.45,0.488,0.178,15,35,0.429,0.025,3,5,0.6,2024-25,Regular Season,1 Dribble
1631323,Simone Fontecchio,1610612765,DET,29.0,75,32,0.107,18,40,0.45,0.538,0.048,11,18,0.611,0.059,7,22,0.318,2024-25,Regular Season,1 Dribble
1629216,Gabe Vincent,1610612747,LAL,29.0,72,29,0.095,16,40,0.4,0.525,0.021,6,9,0.667,0.074,10,31,0.323,2024-25,Regular Season,1 Dribble
1630591,Jalen Suggs,1610612753,ORL,24.0,35,22,0.083,12,40,0.3,0.375,0.033,6,16,0.375,0.05,6,24,0.25,2024-25,Regular Season,1 Dribble
1628449,Chris Boucher,1610612761,TOR,32.0,50,30,0.106,22,39,0.564,0.603,0.068,19,25,0.76,0.038,3,14,0.214,2024-25,Regular Season,1 Dribble
1630231,KJ Martin,1610612762,UTA,24.0,43,24,0.194,22,39,0.564,0.564,0.194,22,39,0.564,0.0,0,0,,2024-25,Regular Season,1 Dribble
203083,Andre Drummond,1610612755,PHI,31.0,40,25,0.167,16,39,0.41,0.41,0.167,16,39,0.41,0.0,0,0,,2024-25,Regular Season,1 Dribble
1629726,Garrison Mathews,1610612737,ATL,28.0,47,24,0.152,11,39,0.282,0.397,0.035,2,9,0.222,0.117,9,30,0.3,2024-25,Regular Season,1 Dribble
1627739,Kris Dunn,1610612746,LAC,31.0,74,28,0.087,19,38,0.5,0.539,0.066,16,29,0.552,0.021,3,9,0.333,2024-25,Regular Season,1 Dribble
1629234,Drew Eubanks,1610612746,LAC,28.0,61,28,0.196,18,38,0.474,0.474,0.196,18,38,0.474,0.0,0,0,,2024-25,Regular Season,1 Dribble
1631108,Max Christie,1610612742,DAL,22.0,78,30,0.065,17,38,0.447,0.5,0.042,13,25,0.52,0.022,4,13,0.308,2024-25,Regular Season,1 Dribble
1628380,Zach Collins,1610612741,CHI,27.0,64,24,0.123,22,37,0.595,0.595,0.123,22,37,0.595,0.0,0,0,,2024-25,Regular Season,1 Dribble
1629645,Kevin Porter Jr.,1610612749,MIL,25.0,75,27,0.057,19,37,0.514,0.622,0.028,11,18,0.611,0.029,8,19,0.421,2024-25,Regular Season,1 Dribble
1628998,Cody Martin,1610612756,PHX,29.0,53,29,0.114,17,37,0.459,0.541,0.071,11,23,0.478,0.043,6,14,0.429,2024-25,Regular Season,1 Dribble
1629622,Max Strus,1610612739,CLE,29.0,50,22,0.099,15,37,0.405,0.527,0.027,6,10,0.6,0.072,9,27,0.333,2024-25,Regular Season,1 Dribble
1629021,Moritz Wagner,1610612753,ORL,28.0,30,23,0.145,22,36,0.611,0.611,0.145,22,36,0.611,0.0,0,0,,2024-25,Regular Season,1 Dribble
1631107,Nikola Jović,1610612748,MIA,22.0,46,26,0.095,17,36,0.472,0.514,0.085,14,32,0.438,0.011,3,4,0.75,2024-25,Regular Season,1 Dribble
1627936,Alex Caruso,1610612760,OKC,31.0,54,28,0.115,17,36,0.472,0.514,0.08,14,25,0.56,0.035,3,11,0.273,2024-25,Regular Season,1 Dribble
1630625,Dalano Banton,1610612757,POR,25.0,67,24,0.071,16,36,0.444,0.5,0.037,12,19,0.632,0.034,4,17,0.235,2024-25,Regular Season,1 Dribble
203995,Vasilije Micic,1610612756,PHX,31.0,41,24,0.132,11,36,0.306,0.431,0.029,2,8,0.25,0.103,9,28,0.321,2024-25,Regular Season,1 Dribble
1631133,Jabari Walker,1610612757,POR,22.0,60,19,0.153,17,35,0.486,0.5,0.148,16,34,0.471,0.004,1,1,1.0,2024-25,Regular Season,1 Dribble
1631200,Kris Murray,1610612757,POR,24.0,69,23,0.122,17,34,0.5,0.544,0.079,14,22,0.636,0.043,3,12,0.25,2024-25,Regular Season,1 Dribble
1642345,Oso Ighodaro,1610612756,PHX,22.0,61,27,0.176,20,33,0.606,0.606,0.171,20,32,0.625,0.005,0,1,0.0,2024-25,Regular Season,1 Dribble
1630631,Jose Alvarado,1610612740,NOP,27.0,56,23,0.063,13,33,0.394,0.47,0.035,8,18,0.444,0.029,5,15,0.333,2024-25,Regular Season,1 Dribble
1628997,Caleb Martin,1610612742,DAL,29.0,45,20,0.109,12,33,0.364,0.379,0.082,11,25,0.44,0.026,1,8,0.125,2024-25,Regular Season,1 Dribble
1629013,Landry Shamet,1610612752,NYK,28.0,49,22,0.145,11,33,0.333,0.424,0.035,5,8,0.625,0.11,6,25,0.24,2024-25,Regular Season,1 Dribble
1628418,Thomas Bryant,1610612754,IND,27.0,66,25,0.1,16,32,0.5,0.531,0.069,14,22,0.636,0.031,2,10,0.2,2024-25,Regular Season,1 Dribble
1629026,Kenrich Williams,1610612760,OKC,30.0,69,25,0.09,13,32,0.406,0.453,0.065,10,23,0.435,0.025,3,9,0.333,2024-25,Regular Season,1 Dribble
1630322,Lindy Waters III,1610612765,DET,27.0,52,23,0.13,12,32,0.375,0.516,0.045,3,11,0.273,0.085,9,21,0.429,2024-25,Regular Season,1 Dribble
1630572,Sandro Mamukelashvili,1610612759,SAS,26.0,61,20,0.11,21,31,0.677,0.742,0.075,17,21,0.81,0.036,4,10,0.4,2024-25,Regular Season,1 Dribble
1627827,Dorian Finney-Smith,1610612747,LAL,32.0,63,23,0.071,20,31,0.645,0.694,0.057,17,25,0.68,0.014,3,6,0.5,2024-25,Regular Season,1 Dribble
1641763,Julian Phillips,1610612741,CHI,21.0,79,24,0.108,18,31,0.581,0.581,0.108,18,31,0.581,0.0,0,0,,2024-25,Regular Season,1 Dribble
1641774,Tristan Vukcevic,1610612764,WAS,22.0,35,18,0.128,17,31,0.548,0.565,0.103,16,25,0.64,0.025,1,6,0.167,2024-25,Regular Season,1 Dribble
1641767,Ben Sheppard,1610612754,IND,23.0,63,28,0.108,16,31,0.516,0.565,0.063,13,18,0.722,0.045,3,13,0.231,2024-25,Regular Season,1 Dribble
1641810,Antonio Reeves,1610612740,NOP,24.0,44,20,0.125,15,31,0.484,0.548,0.085,11,21,0.524,0.04,4,10,0.4,2024-25,Regular Season,1 Dribble
1642348,Justin Edwards,1610612755,PHI,21.0,44,20,0.082,13,31,0.419,0.452,0.05,11,19,0.579,0.032,2,12,0.167,2024-25,Regular Season,1 Dribble
1630249,Vít Krejčí,1610612737,ATL,25.0,57,22,0.106,12,31,0.387,0.532,0.021,3,6,0.5,0.086,9,25,0.36,2024-25,Regular Season,1 Dribble
201959,Taj Gibson,1610612766,CHA,40.0,37,21,0.326,12,31,0.387,0.387,0.326,12,31,0.387,0.0,0,0,,2024-25,Regular Season,1 Dribble
1628436,Luke Kornet,1610612738,BOS,29.0,73,25,0.108,18,30,0.6,0.6,0.108,18,30,0.6,0.0,0,0,,2024-25,Regular Season,1 Dribble
1629111,Jock Landale,1610612745,HOU,29.0,42,21,0.197,14,30,0.467,0.5,0.171,12,26,0.462,0.026,2,4,0.5,2024-25,Regular Season,1 Dribble
1626158,Richaun Holmes,1610612764,WAS,31.0,31,18,0.216,13,30,0.433,0.433,0.209,13,29,0.448,0.007,0,1,0.0,2024-25,Regular Season,1 Dribble
1629312,Haywood Highsmith,1610612748,MIA,28.0,74,24,0.077,13,30,0.433,0.467,0.059,11,23,0.478,0.018,2,7,0.286,2024-25,Regular Season,1 Dribble
1628371,Jonathan Isaac,1610612753,ORL,27.0,71,25,0.093,12,30,0.4,0.4,0.086,12,28,0.429,0.006,0,2,0.0,2024-25,Regular Season,1 Dribble
1628366,Lonzo Ball,1610612741,CHI,27.0,35,19,0.123,10,30,0.333,0.467,0.021,2,5,0.4,0.103,8,25,0.32,2024-25,Regular Season,1 Dribble
1641726,Dereck Lively II,1610612742,DAL,21.0,36,20,0.152,21,29,0.724,0.724,0.152,21,29,0.724,0.0,0,0,,2024-25,Regular Season,1 Dribble
1630545,Terrence Shannon Jr.,1610612750,MIN,24.0,32,14,0.254,18,29,0.621,0.655,0.219,16,25,0.64,0.035,2,4,0.5,2024-25,Regular Season,1 Dribble
1630194,Paul Reed,1610612765,DET,26.0,45,19,0.204,15,29,0.517,0.517,0.183,15,26,0.577,0.021,0,3,0.0,2024-25,Regular Season,1 Dribble
1641730,Noah Clowney,1610612751,BKN,20.0,46,20,0.078,14,29,0.483,0.569,0.048,9,18,0.5,0.03,5,11,0.455,2024-25,Regular Season,1 Dribble
1629003,Shake Milton,1610612747,LAL,28.0,57,21,0.114,14,29,0.483,0.638,0.047,5,12,0.417,0.067,9,17,0.529,2024-25,Regular Season,1 Dribble
1641765,Olivier-Maxence Prosper,1610612742,DAL,22.0,52,22,0.167,14,29,0.483,0.483,0.155,14,27,0.519,0.011,0,2,0.0,2024-25,Regular Season,1 Dribble
1630570,Trendon Watford,1610612751,BKN,24.0,44,20,0.083,13,29,0.448,0.5,0.054,10,19,0.526,0.029,3,10,0.3,2024-25,Regular Season,1 Dribble
203486,Mason Plumlee,1610612756,PHX,35.0,74,26,0.144,13,29,0.448,0.448,0.134,13,27,0.481,0.01,0,2,0.0,2024-25,Regular Season,1 Dribble
1627749,Dejounte Murray,1610612740,NOP,28.0,31,16,0.059,11,29,0.379,0.431,0.028,8,14,0.571,0.03,3,15,0.2,2024-25,Regular Season,1 Dribble
1630558,Davion Mitchell,1610612748,MIA,26.0,74,24,0.059,15,28,0.536,0.607,0.029,11,14,0.786,0.029,4,14,0.286,2024-25,Regular Season,1 Dribble
201143,Al Horford,1610612738,BOS,39.0,60,23,0.061,14,28,0.5,0.518,0.059,13,27,0.481,0.002,1,1,1.0,2024-25,Regular Season,1 Dribble
202692,Alec Burks,1610612748,MIA,33.0,49,24,0.103,12,28,0.429,0.589,0.03,3,8,0.375,0.074,9,20,0.45,2024-25,Regular Season,1 Dribble
1627732,Ben Simmons,1610612746,LAC,28.0,51,20,0.121,16,27,0.593,0.593,0.121,16,27,0.593,0.0,0,0,,2024-25,Regular Season,1 Dribble
1629684,Grant Williams,1610612766,CHA,26.0,16,14,0.22,15,27,0.556,0.63,0.13,11,16,0.688,0.089,4,11,0.364,2024-25,Regular Season,1 Dribble
1628971,Bruce Brown,1610612740,NOP,28.0,41,21,0.087,14,27,0.519,0.556,0.078,12,24,0.5,0.01,2,3,0.667,2024-25,Regular Season,1 Dribble
1631204,Marcus Sasser,1610612765,DET,24.0,57,20,0.092,13,27,0.481,0.593,0.041,7,12,0.583,0.051,6,15,0.4,2024-25,Regular Season,1 Dribble
1642270,Donovan Clingan,1610612757,POR,21.0,67,24,0.081,11,27,0.407,0.407,0.078,11,26,0.423,0.003,0,1,0.0,2024-25,Regular Season,1 Dribble
1642265,Rob Dillingham,1610612750,MIN,20.0,49,20,0.128,8,27,0.296,0.296,0.095,8,20,0.4,0.033,0,7,0.0,2024-25,Regular Season,1 Dribble
1641724,Jett Howard,1610612753,ORL,21.0,60,18,0.103,7,27,0.259,0.296,0.042,5,11,0.455,0.061,2,16,0.125,2024-25,Regular Season,1 Dribble
1641787,Tosan Evbuomwan,1610612751,BKN,24.0,28,16,0.118,18,26,0.692,0.75,0.091,15,20,0.75,0.027,3,6,0.5,2024-25,Regular Season,1 Dribble
1630215,Jared Butler,1610612755,PHI,24.0,60,17,0.057,14,26,0.538,0.635,0.024,9,11,0.818,0.033,5,15,0.333,2024-25,Regular Season,1 Dribble
1630288,Jeff Dowtin Jr.,1610612755,PHI,28.0,41,18,0.113,14,26,0.538,0.635,0.057,9,13,0.692,0.057,5,13,0.385,2024-25,Regular Season,1 Dribble
1630639,A.J. Lawson,1610612761,TOR,24.0,26,15,0.137,13,26,0.5,0.538,0.105,11,20,0.55,0.032,2,6,0.333,2024-25,Regular Season,1 Dribble
1641796,Pelle Larsson,1610612748,MIA,24.0,55,19,0.128,11,26,0.423,0.442,0.084,10,17,0.588,0.044,1,9,0.111,2024-25,Regular Season,1 Dribble
1626168,Trey Lyles,1610612758,SAC,29.0,69,22,0.067,11,25,0.44,0.46,0.037,10,14,0.714,0.029,1,11,0.091,2024-25,Regular Season,1 Dribble
1631207,Dalen Terry,1610612741,CHI,22.0,73,20,0.093,10,25,0.4,0.42,0.082,9,22,0.409,0.011,1,3,0.333,2024-25,Regular Season,1 Dribble
1630171,Isaac Okoro,1610612739,CLE,24.0,55,18,0.094,9,25,0.36,0.4,0.067,7,18,0.389,0.026,2,7,0.286,2024-25,Regular Season,1 Dribble
1629637,Jaxson Hayes,1610612747,LAL,25.0,56,20,0.108,13,24,0.542,0.542,0.108,13,24,0.542,0.0,0,0,,2024-25,Regular Season,1 Dribble
1629022,Lonnie Walker IV,1610612755,PHI,26.0,20,10,0.108,9,23,0.391,0.413,0.057,8,12,0.667,0.052,1,11,0.091,2024-25,Regular Season,1 Dribble
1626192,Pat Connaughton,1610612749,MIL,32.0,41,14,0.13,7,23,0.304,0.37,0.062,4,11,0.364,0.068,3,12,0.25,2024-25,Regular Season,1 Dribble
1630243,Trevelin Queen,1610612753,ORL,28.0,31,15,0.156,7,23,0.304,0.326,0.082,6,12,0.5,0.075,1,11,0.091,2024-25,Regular Season,1 Dribble
1630539,Kai Jones,1610612742,DAL,24.0,40,13,0.202,13,22,0.591,0.614,0.183,12,20,0.6,0.018,1,2,0.5,2024-25,Regular Season,1 Dribble
1642403,Isaac Jones,1610612758,SAC,24.0,40,14,0.265,11,22,0.5,0.5,0.265,11,22,0.5,0.0,0,0,,2024-25,Regular Season,1 Dribble
1629659,Talen Horton-Tucker,1610612741,CHI,24.0,58,15,0.076,8,22,0.364,0.455,0.027,4,8,0.5,0.048,4,14,0.286,2024-25,Regular Season,1 Dribble
1628975,Jevon Carter,1610612741,CHI,29.0,36,13,0.151,7,22,0.318,0.455,0.021,1,3,0.333,0.13,6,19,0.316,2024-25,Regular Season,1 Dribble
1641998,Trey Jemison III,1610612747,LAL,25.0,38,16,0.284,13,21,0.619,0.619,0.284,13,21,0.619,0.0,0,0,,2024-25,Regular Season,1 Dribble
1631232,Keion Brooks Jr.,1610612740,NOP,24.0,14,11,0.193,13,21,0.619,0.643,0.165,12,18,0.667,0.028,1,3,0.333,2024-25,Regular Season,1 Dribble
1631255,Karlo Matković,1610612740,NOP,24.0,42,17,0.089,12,21,0.571,0.571,0.089,12,21,0.571,0.0,0,0,,2024-25,Regular Season,1 Dribble
1631246,Vince Williams Jr.,1610612763,MEM,24.0,26,14,0.13,11,21,0.524,0.524,0.112,11,18,0.611,0.019,0,3,0.0,2024-25,Regular Season,1 Dribble
1628464,Daniel Theis,1610612740,NOP,33.0,38,14,0.163,11,21,0.524,0.524,0.163,11,21,0.524,0.0,0,0,,2024-25,Regular Season,1 Dribble
1641854,Craig Porter Jr.,1610612739,CLE,25.0,51,17,0.15,11,21,0.524,0.643,0.079,6,11,0.545,0.071,5,10,0.5,2024-25,Regular Season,1 Dribble
1630529,Herbert Jones,1610612740,NOP,26.0,20,15,0.122,10,21,0.476,0.476,0.116,10,20,0.5,0.006,0,1,0.0,2024-25,Regular Season,1 Dribble
203500,Steven Adams,1610612745,HOU,31.0,58,17,0.126,9,21,0.429,0.429,0.126,9,21,0.429,0.0,0,0,,2024-25,Regular Season,1 Dribble
1629610,DaQuan Jeffries,1610612766,CHA,27.0,47,19,0.072,9,21,0.429,0.476,0.041,7,12,0.583,0.031,2,9,0.222,2024-25,Regular Season,1 Dribble
1642358,AJ Johnson,1610612764,WAS,20.0,29,14,0.099,8,21,0.381,0.429,0.047,6,10,0.6,0.052,2,11,0.182,2024-25,Regular Season,1 Dribble
1630702,Jaden Hardy,1610612742,DAL,22.0,57,19,0.051,5,21,0.238,0.286,0.024,3,10,0.3,0.027,2,11,0.182,2024-25,Regular Season,1 Dribble
1630643,Jay Huff,1610612763,MEM,27.0,64,18,0.066,16,20,0.8,0.875,0.049,13,15,0.867,0.016,3,5,0.6,2024-25,Regular Season,1 Dribble
1629674,Neemias Queta,1610612738,BOS,25.0,62,14,0.101,14,20,0.7,0.7,0.101,14,20,0.7,0.0,0,0,,2024-25,Regular Season,1 Dribble
202687,Bismack Biyombo,1610612759,SAS,32.0,28,14,0.175,14,20,0.7,0.7,0.175,14,20,0.7,0.0,0,0,,2024-25,Regular Season,1 Dribble
1630200,Tre Jones,1610612741,CHI,25.0,46,15,0.084,13,20,0.65,0.65,0.076,13,18,0.722,0.008,0,2,0.0,2024-25,Regular Season,1 Dribble
1630556,Kessler Edwards,1610612742,DAL,24.0,40,16,0.148,13,20,0.65,0.65,0.133,13,18,0.722,0.015,0,2,0.0,2024-25,Regular Season,1 Dribble
1631103,Malaki Branham,1610612759,SAS,22.0,47,13,0.105,11,20,0.55,0.65,0.058,7,11,0.636,0.047,4,9,0.444,2024-25,Regular Season,1 Dribble
1631245,Quenton Jackson,1610612754,IND,26.0,28,12,0.164,10,20,0.5,0.575,0.098,7,12,0.583,0.066,3,8,0.375,2024-25,Regular Season,1 Dribble
1631243,Mouhamed Gueye,1610612737,ATL,22.0,33,16,0.117,6,20,0.3,0.3,0.111,6,19,0.316,0.006,0,1,0.0,2024-25,Regular Season,1 Dribble
1631104,Blake Wesley,1610612759,SAS,22.0,58,14,0.102,13,19,0.684,0.711,0.091,12,17,0.706,0.011,1,2,0.5,2024-25,Regular Season,1 Dribble
1630256,Jae'Sean Tate,1610612745,HOU,29.0,52,16,0.128,11,19,0.579,0.579,0.128,11,19,0.579,0.0,0,0,,2024-25,Regular Season,1 Dribble
1626204,Larry Nance Jr.,1610612737,ATL,32.0,24,15,0.123,10,19,0.526,0.526,0.116,10,18,0.556,0.006,0,1,0.0,2024-25,Regular Season,1 Dribble
1631288,Jamal Cain,1610612740,NOP,26.0,37,11,0.12,10,19,0.526,0.605,0.089,7,14,0.5,0.032,3,5,0.6,2024-25,Regular Season,1 Dribble
1630658,Colin Castleton,1610612761,TOR,25.0,26,13,0.194,10,19,0.526,0.526,0.184,10,18,0.556,0.01,0,1,0.0,2024-25,Regular Season,1 Dribble
1627763,Malcolm Brogdon,1610612764,WAS,32.0,24,12,0.079,9,19,0.474,0.526,0.05,7,12,0.583,0.029,2,7,0.286,2024-25,Regular Season,1 Dribble
1641732,Colby Jones,1610612764,WAS,23.0,39,13,0.147,9,19,0.474,0.553,0.085,6,11,0.545,0.062,3,8,0.375,2024-25,Regular Season,1 Dribble
1628420,Monte Morris,1610612756,PHX,30.0,45,17,0.092,10,18,0.556,0.583,0.062,9,12,0.75,0.031,1,6,0.167,2024-25,Regular Season,1 Dribble
1642281,Jaylon Tyson,1610612739,CLE,22.0,47,13,0.121,10,18,0.556,0.556,0.107,10,16,0.625,0.013,0,2,0.0,2024-25,Regular Season,1 Dribble
201145,Jeff Green,1610612745,HOU,38.0,32,12,0.149,10,18,0.556,0.583,0.124,9,15,0.6,0.025,1,3,0.333,2024-25,Regular Season,1 Dribble
1641721,Maxwell Lewis,1610612751,BKN,22.0,28,11,0.167,9,18,0.5,0.583,0.102,6,11,0.545,0.065,3,7,0.429,2024-25,Regular Season,1 Dribble
1629646,Charles Bassey,1610612759,SAS,24.0,36,12,0.154,9,18,0.5,0.5,0.154,9,18,0.5,0.0,0,0,,2024-25,Regular Season,1 Dribble
1641712,Rayan Rupert,1610612757,POR,21.0,52,12,0.127,8,18,0.444,0.444,0.099,8,14,0.571,0.028,0,4,0.0,2024-25,Regular Season,1 Dribble
1641798,Jaylen Martin,1610612764,WAS,21.0,16,9,0.243,8,18,0.444,0.5,0.203,6,15,0.4,0.041,2,3,0.667,2024-25,Regular Season,1 Dribble
203935,Marcus Smart,1610612764,WAS,31.0,34,16,0.07,8,18,0.444,0.5,0.035,6,9,0.667,0.035,2,9,0.222,2024-25,Regular Season,1 Dribble
1631216,Caleb Houstan,1610612753,ORL,22.0,58,15,0.095,8,18,0.444,0.556,0.047,4,9,0.444,0.047,4,9,0.444,2024-25,Regular Season,1 Dribble
1630699,MarJon Beauchamp,1610612752,NYK,24.0,35,14,0.277,8,18,0.444,0.528,0.185,5,12,0.417,0.092,3,6,0.5,2024-25,Regular Season,1 Dribble
1641713,GG Jackson,1610612763,MEM,20.0,29,12,0.09,7,18,0.389,0.444,0.05,5,10,0.5,0.04,2,8,0.25,2024-25,Regular Season,1 Dribble
1642354,KJ Simpson,1610612766,CHA,22.0,36,13,0.06,5,18,0.278,0.306,0.023,4,7,0.571,0.037,1,11,0.091,2024-25,Regular Season,1 Dribble
1630692,Jordan Goodwin,1610612747,LAL,26.0,29,16,0.125,5,18,0.278,0.306,0.097,4,14,0.286,0.028,1,4,0.25,2024-25,Regular Season,1 Dribble
1630264,Anthony Gill,1610612764,WAS,32.0,51,12,0.193,11,17,0.647,0.647,0.182,11,16,0.688,0.011,0,1,0.0,2024-25,Regular Season,1 Dribble
1629006,Josh Okogie,1610612766,CHA,26.0,40,16,0.08,10,17,0.588,0.647,0.061,8,13,0.615,0.019,2,4,0.5,2024-25,Regular Season,1 Dribble
1631223,David Roddy,1610612745,HOU,24.0,33,14,0.136,9,17,0.529,0.588,0.088,7,11,0.636,0.048,2,6,0.333,2024-25,Regular Season,1 Dribble
1628467,Maxi Kleber,1610612747,LAL,33.0,34,13,0.177,9,17,0.529,0.559,0.156,8,15,0.533,0.021,1,2,0.5,2024-25,Regular Season,1 Dribble
1641757,Jordan Miller,1610612746,LAC,25.0,37,13,0.127,6,17,0.353,0.353,0.104,6,14,0.429,0.022,0,3,0.0,2024-25,Regular Season,1 Dribble
1642269,Devin Carter,1610612758,SAC,23.0,36,14,0.134,5,17,0.294,0.324,0.047,4,6,0.667,0.087,1,11,0.091,2024-25,Regular Season,1 Dribble
1642272,Jared McCain,1610612755,PHI,21.0,23,10,0.062,3,17,0.176,0.265,0.007,0,2,0.0,0.055,3,15,0.2,2024-25,Regular Season,1 Dribble
1631119,Jaylin Williams,1610612760,OKC,23.0,47,12,0.072,9,16,0.563,0.594,0.068,8,15,0.533,0.005,1,1,1.0,2024-25,Regular Season,1 Dribble
1631157,Ryan Rollins,1610612749,MIL,22.0,56,15,0.059,9,16,0.563,0.594,0.048,8,13,0.615,0.011,1,3,0.333,2024-25,Regular Season,1 Dribble
1628963,Marvin Bagley III,1610612763,MEM,26.0,31,9,0.151,9,16,0.563,0.563,0.151,9,16,0.563,0.0,0,0,,2024-25,Regular Season,1 Dribble
1631230,Dominick Barlow,1610612737,ATL,22.0,35,11,0.142,9,16,0.563,0.563,0.142,9,16,0.563,0.0,0,0,,2024-25,Regular Season,1 Dribble
1642366,Quinten Post,1610612744,GSW,25.0,42,13,0.058,8,16,0.5,0.531,0.051,7,14,0.5,0.007,1,2,0.5,2024-25,Regular Season,1 Dribble
1642263,Reed Sheppard,1610612745,HOU,21.0,52,14,0.067,6,16,0.375,0.438,0.046,4,11,0.364,0.021,2,5,0.4,2024-25,Regular Season,1 Dribble
1631111,Wendell Moore Jr.,1610612766,CHA,23.0,36,12,0.127,6,16,0.375,0.375,0.103,6,13,0.462,0.024,0,3,0.0,2024-25,Regular Season,1 Dribble
200768,Kyle Lowry,1610612755,PHI,39.0,35,12,0.137,4,16,0.25,0.344,0.034,1,4,0.25,0.103,3,12,0.25,2024-25,Regular Season,1 Dribble
201567,Kevin Love,1610612748,MIA,36.0,23,11,0.139,4,16,0.25,0.375,0.07,0,8,0.0,0.07,4,8,0.5,2024-25,Regular Season,1 Dribble
1631197,Jared Rhoden,1610612761,TOR,25.0,14,7,0.172,11,15,0.733,0.767,0.149,10,13,0.769,0.023,1,2,0.5,2024-25,Regular Season,1 Dribble
1628981,Bruno Fernando,1610612761,TOR,26.0,17,9,0.306,7,15,0.467,0.467,0.306,7,15,0.467,0.0,0,0,,2024-25,Regular Season,1 Dribble
1629020,Jarred Vanderbilt,1610612747,LAL,26.0,36,12,0.124,6,15,0.4,0.4,0.124,6,15,0.4,0.0,0,0,,2024-25,Regular Season,1 Dribble
1631306,Cole Swider,1610612754,IND,26.0,10,8,0.238,5,15,0.333,0.4,0.095,3,6,0.5,0.143,2,9,0.222,2024-25,Regular Season,1 Dribble
1628988,Aaron Holiday,1610612745,HOU,28.0,62,14,0.056,4,15,0.267,0.3,0.015,3,4,0.75,0.041,1,11,0.091,2024-25,Regular Season,1 Dribble
1630611,Gui Santos,1610612744,GSW,23.0,56,12,0.078,8,14,0.571,0.607,0.067,7,12,0.583,0.011,1,2,0.5,2024-25,Regular Season,1 Dribble
1631221,Collin Gillespie,1610612756,PHX,26.0,33,10,0.089,7,14,0.5,0.643,0.025,3,4,0.75,0.063,4,10,0.4,2024-25,Regular Season,1 Dribble
201599,DeAndre Jordan,1610612743,DEN,36.0,56,12,0.101,7,14,0.5,0.5,0.101,7,14,0.5,0.0,0,0,,2024-25,Regular Season,1 Dribble
1631098,Johnny Davis,1610612764,WAS,23.0,34,11,0.179,6,14,0.429,0.571,0.077,2,6,0.333,0.103,4,8,0.5,2024-25,Regular Season,1 Dribble
1630314,Brandon Williams,1610612742,DAL,25.0,33,13,0.074,6,14,0.429,0.5,0.027,4,5,0.8,0.048,2,9,0.222,2024-25,Regular Season,1 Dribble
1641794,Dillon Jones,1610612760,OKC,23.0,54,11,0.105,4,14,0.286,0.286,0.068,4,9,0.444,0.038,0,5,0.0,2024-25,Regular Season,1 Dribble
1641816,Hunter Tyson,1610612743,DEN,25.0,51,10,0.117,3,14,0.214,0.214,0.083,3,10,0.3,0.033,0,4,0.0,2024-25,Regular Season,1 Dribble
1629162,Jordan McLaughlin,1610612759,SAS,29.0,46,11,0.181,7,13,0.538,0.769,0.042,1,3,0.333,0.139,6,10,0.6,2024-25,Regular Season,1 Dribble
1630538,Bones Hyland,1610612750,MIN,24.0,24,8,0.11,6,13,0.462,0.615,0.034,2,4,0.5,0.076,4,9,0.444,2024-25,Regular Season,1 Dribble
1630192,Zeke Nnaji,1610612743,DEN,24.0,57,11,0.094,5,13,0.385,0.385,0.094,5,13,0.385,0.0,0,0,,2024-25,Regular Season,1 Dribble
1630311,Pat Spencer,1610612744,GSW,28.0,39,10,0.129,5,13,0.385,0.385,0.119,5,12,0.417,0.01,0,1,0.0,2024-25,Regular Season,1 Dribble
1631166,Drew Timme,1610612751,BKN,24.0,9,7,0.127,4,13,0.308,0.346,0.098,3,10,0.3,0.029,1,3,0.333,2024-25,Regular Season,1 Dribble
1631248,Baylor Scheierman,1610612738,BOS,24.0,31,11,0.118,3,13,0.231,0.346,0.036,0,4,0.0,0.082,3,9,0.333,2024-25,Regular Season,1 Dribble
1630531,Jaden Springer,1610612762,UTA,22.0,43,9,0.133,8,12,0.667,0.667,0.1,8,9,0.889,0.033,0,3,0.0,2024-25,Regular Season,1 Dribble
1628964,Mo Bamba,1610612740,NOP,27.0,32,10,0.107,7,12,0.583,0.583,0.107,7,12,0.583,0.0,0,0,,2024-25,Regular Season,1 Dribble
1631131,Oscar Tshiebwe,1610612762,UTA,25.0,14,8,0.171,7,12,0.583,0.583,0.171,7,12,0.583,0.0,0,0,,2024-25,Regular Season,1 Dribble
1629650,Moses Brown,1610612742,DAL,25.0,13,6,0.245,6,12,0.5,0.5,0.245,6,12,0.5,0.0,0,0,,2024-25,Regular Season,1 Dribble
201988,Patty Mills,1610612746,LAC,36.0,29,9,0.125,5,12,0.417,0.5,0.042,3,4,0.75,0.083,2,8,0.25,2024-25,Regular Season,1 Dribble
1630568,Luka Garza,1610612750,MIN,26.0,39,11,0.114,5,12,0.417,0.417,0.114,5,12,0.417,0.0,0,0,,2024-25,Regular Season,1 Dribble
1628365,Markelle Fultz,1610612758,SAC,27.0,21,9,0.179,4,12,0.333,0.333,0.164,4,11,0.364,0.015,0,1,0.0,2024-25,Regular Season,1 Dribble
1630811,Keaton Wallace,1610612737,ATL,26.0,31,9,0.068,7,11,0.636,0.773,0.025,4,4,1.0,0.043,3,7,0.429,2024-25,Regular Season,1 Dribble
203914,Gary Harris,1610612753,ORL,30.0,48,9,0.083,4,11,0.364,0.5,0.038,1,5,0.2,0.045,3,6,0.5,2024-25,Regular Season,1 Dribble
201569,Eric Gordon,1610612755,PHI,36.0,39,10,0.054,4,11,0.364,0.5,0.025,1,5,0.2,0.029,3,6,0.5,2024-25,Regular Season,1 Dribble
1641745,Adam Flagler,1610612760,OKC,25.0,37,8,0.115,3,11,0.273,0.364,0.021,1,2,0.5,0.094,2,9,0.222,2024-25,Regular Season,1 Dribble
1629731,Dean Wade,1610612739,CLE,28.0,59,10,0.041,2,11,0.182,0.273,0.018,0,5,0.0,0.022,2,6,0.333,2024-25,Regular Season,1 Dribble
1629629,Cam Reddish,1610612747,LAL,25.0,33,8,0.117,1,11,0.091,0.091,0.106,1,10,0.1,0.011,0,1,0.0,2024-25,Regular Season,1 Dribble
1641738,Kobe Brown,1610612746,LAC,25.0,40,8,0.139,6,10,0.6,0.6,0.111,6,8,0.75,0.028,0,2,0.0,2024-25,Regular Season,1 Dribble
1629618,Jalen Pickett,1610612743,DEN,25.0,49,9,0.056,5,10,0.5,0.55,0.044,4,8,0.5,0.011,1,2,0.5,2024-25,Regular Season,1 Dribble
1641878,Damion Baugh,1610612766,CHA,24.0,15,8,0.077,5,10,0.5,0.5,0.054,5,7,0.714,0.023,0,3,0.0,2024-25,Regular Season,1 Dribble
1631209,Isaiah Wong,1610612766,CHA,24.0,20,7,0.095,5,10,0.5,0.65,0.057,2,6,0.333,0.038,3,4,0.75,2024-25,Regular Season,1 Dribble
1642262,Cody Williams,1610612762,UTA,20.0,50,10,0.039,4,10,0.4,0.4,0.035,4,9,0.444,0.004,0,1,0.0,2024-25,Regular Season,1 Dribble
1626153,Delon Wright,1610612752,NYK,33.0,40,9,0.076,4,10,0.4,0.5,0.038,2,5,0.4,0.038,2,5,0.4,2024-25,Regular Season,1 Dribble
203926,Doug McDermott,1610612758,SAC,33.0,42,9,0.085,4,10,0.4,0.5,0.034,2,4,0.5,0.051,2,6,0.333,2024-25,Regular Season,1 Dribble
1627814,Damion Lee,1610612756,PHX,32.0,25,9,0.135,3,10,0.3,0.3,0.095,3,7,0.429,0.041,0,3,0.0,2024-25,Regular Season,1 Dribble
202704,Reggie Jackson,1610612755,PHI,35.0,31,10,0.075,3,10,0.3,0.35,0.03,2,4,0.5,0.045,1,6,0.167,2024-25,Regular Season,1 Dribble
201587,Nicolas Batum,1610612746,LAC,36.0,78,10,0.042,2,10,0.2,0.25,0.008,1,2,0.5,0.034,1,8,0.125,2024-25,Regular Season,1 Dribble
1642285,Cam Spencer,1610612763,MEM,25.0,25,7,0.122,2,10,0.2,0.25,0.073,1,6,0.167,0.049,1,4,0.25,2024-25,Regular Season,1 Dribble
1630579,Jericho Sims,1610612749,MIL,26.0,53,8,0.127,8,9,0.889,0.889,0.127,8,9,0.889,0.0,0,0,,2024-25,Regular Season,1 Dribble
1629001,De'Anthony Melton,1610612751,BKN,27.0,6,5,0.167,6,9,0.667,0.833,0.074,3,4,0.75,0.093,3,5,0.6,2024-25,Regular Season,1 Dribble
1628470,Torrey Craig,1610612738,BOS,34.0,26,8,0.1,5,9,0.556,0.722,0.044,2,4,0.5,0.056,3,5,0.6,2024-25,Regular Season,1 Dribble
1641871,Duop Reath,1610612757,POR,29.0,46,6,0.054,5,9,0.556,0.556,0.054,5,9,0.556,0.0,0,0,,2024-25,Regular Season,1 Dribble
203957,Dante Exum,1610612742,DAL,29.0,20,6,0.067,5,9,0.556,0.556,0.06,5,8,0.625,0.007,0,1,0.0,2024-25,Regular Season,1 Dribble
202684,Tristan Thompson,1610612739,CLE,34.0,40,8,0.127,5,9,0.556,0.556,0.127,5,9,0.556,0.0,0,0,,2024-25,Regular Season,1 Dribble
1630165,Killian Hayes,1610612751,BKN,23.0,6,4,0.209,5,9,0.556,0.611,0.163,4,7,0.571,0.047,1,2,0.5,2024-25,Regular Season,1 Dribble
1630544,Tre Mann,1610612766,CHA,24.0,13,7,0.056,4,9,0.444,0.556,0.019,2,3,0.667,0.037,2,6,0.333,2024-25,Regular Season,1 Dribble
1642349,Ajay Mitchell,1610612760,OKC,23.0,36,8,0.049,4,9,0.444,0.444,0.043,4,8,0.5,0.005,0,1,0.0,2024-25,Regular Season,1 Dribble
1642277,Johnny Furphy,1610612754,IND,20.0,50,7,0.098,4,9,0.444,0.444,0.065,4,6,0.667,0.033,0,3,0.0,2024-25,Regular Season,1 Dribble
1630695,Micah Potter,1610612762,UTA,27.0,38,8,0.067,3,9,0.333,0.333,0.044,3,6,0.5,0.022,0,3,0.0,2024-25,Regular Season,1 Dribble
1641740,Jaylen Clark,1610612750,MIN,23.0,40,9,0.075,3,9,0.333,0.333,0.058,3,7,0.429,0.017,0,2,0.0,2024-25,Regular Season,1 Dribble
1629057,Robert Williams III,1610612757,POR,27.0,20,8,0.115,2,9,0.222,0.222,0.115,2,9,0.222,0.0,0,0,,2024-25,Regular Season,1 Dribble
202693,Markieff Morris,1610612747,LAL,35.0,15,5,0.129,2,9,0.222,0.222,0.071,2,5,0.4,0.057,0,4,0.0,2024-25,Regular Season,1 Dribble
203939,Dwight Powell,1610612742,DAL,33.0,55,6,0.131,5,8,0.625,0.625,0.131,5,8,0.625,0.0,0,0,,2024-25,Regular Season,1 Dribble
1631311,Lester Quinones,1610612740,NOP,24.0,13,5,0.103,4,8,0.5,0.5,0.077,4,6,0.667,0.026,0,2,0.0,2024-25,Regular Season,1 Dribble
1631172,Ousmane Dieng,1610612760,OKC,22.0,37,6,0.064,4,8,0.5,0.5,0.048,4,6,0.667,0.016,0,2,0.0,2024-25,Regular Season,1 Dribble
1628396,Tony Bradley,1610612754,IND,27.0,14,6,0.178,4,8,0.5,0.5,0.178,4,8,0.5,0.0,0,0,,2024-25,Regular Season,1 Dribble
1630550,JT Thor,1610612764,WAS,22.0,20,5,0.136,3,8,0.375,0.375,0.119,3,7,0.429,0.017,0,1,0.0,2024-25,Regular Season,1 Dribble
1630346,Matt Ryan,1610612740,NOP,28.0,19,5,0.258,3,8,0.375,0.438,0.129,2,4,0.5,0.129,1,4,0.25,2024-25,Regular Season,1 Dribble
1641720,Jalen Hood-Schifino,1610612755,PHI,22.0,15,5,0.082,3,8,0.375,0.5,0.01,1,1,1.0,0.071,2,7,0.286,2024-25,Regular Season,1 Dribble
1641736,Reece Beekman,1610612751,BKN,23.0,36,5,0.075,3,8,0.375,0.375,0.047,3,5,0.6,0.028,0,3,0.0,2024-25,Regular Season,1 Dribble
1642352,Keshad Johnson,1610612748,MIA,24.0,16,5,0.269,5,7,0.714,0.786,0.231,4,6,0.667,0.038,1,1,1.0,2024-25,Regular Season,1 Dribble
1628995,Kevin Knox II,1610612744,GSW,25.0,14,4,0.194,4,7,0.571,0.643,0.167,3,6,0.5,0.028,1,1,1.0,2024-25,Regular Season,1 Dribble
1641809,Drew Peterson,1610612738,BOS,25.0,25,5,0.171,4,7,0.571,0.857,0.024,0,1,0.0,0.146,4,6,0.667,2024-25,Regular Season,1 Dribble
1629723,John Konchar,1610612763,MEM,29.0,46,7,0.077,4,7,0.571,0.571,0.066,4,6,0.667,0.011,0,1,0.0,2024-25,Regular Season,1 Dribble
1641790,PJ Hall,1610612743,DEN,23.0,19,6,0.292,3,7,0.429,0.429,0.25,3,6,0.5,0.042,0,1,0.0,2024-25,Regular Season,1 Dribble
203967,Dario Saric,1610612743,DEN,31.0,16,7,0.125,3,7,0.429,0.429,0.107,3,6,0.5,0.018,0,1,0.0,2024-25,Regular Season,1 Dribble
1630542,Marcus Bagley,1610612755,PHI,23.0,10,6,0.101,2,7,0.286,0.286,0.072,2,5,0.4,0.029,0,2,0.0,2024-25,Regular Season,1 Dribble
1642355,Bronny James,1610612747,LAL,20.0,27,4,0.09,4,6,0.667,0.833,0.03,2,2,1.0,0.06,2,4,0.5,2024-25,Regular Season,1 Dribble
1631132,Christian Koloko,1610612747,LAL,25.0,37,5,0.091,4,6,0.667,0.667,0.091,4,6,0.667,0.0,0,0,,2024-25,Regular Season,1 Dribble
1631466,Nate Williams,1610612745,HOU,26.0,20,5,0.097,4,6,0.667,0.667,0.081,4,5,0.8,0.016,0,1,0.0,2024-25,Regular Season,1 Dribble
1629643,Chuma Okeke,1610612739,CLE,26.0,9,5,0.15,4,6,0.667,0.75,0.075,3,3,1.0,0.075,1,3,0.333,2024-25,Regular Season,1 Dribble
203458,Alex Len,1610612747,LAL,32.0,46,6,0.095,3,6,0.5,0.583,0.079,2,5,0.4,0.016,1,1,1.0,2024-25,Regular Season,1 Dribble
1641734,Emoni Bates,1610612739,CLE,21.0,10,4,0.158,2,6,0.333,0.5,0.053,0,2,0.0,0.105,2,4,0.5,2024-25,Regular Season,1 Dribble
1641775,Jordan Walsh,1610612738,BOS,21.0,52,4,0.072,2,6,0.333,0.417,0.036,1,3,0.333,0.036,1,3,0.333,2024-25,Regular Season,1 Dribble
1642382,Branden Carlson,1610612760,OKC,26.0,32,4,0.062,2,6,0.333,0.333,0.052,2,5,0.4,0.01,0,1,0.0,2024-25,Regular Season,1 Dribble
1641727,Dariq Whitehead,1610612751,BKN,20.0,20,5,0.063,1,6,0.167,0.167,0.021,1,2,0.5,0.042,0,4,0.0,2024-25,Regular Season,1 Dribble
1631169,Josh Minott,1610612750,MIN,22.0,46,5,0.056,3,5,0.6,0.6,0.044,3,4,0.75,0.011,0,1,0.0,2024-25,Regular Season,1 Dribble
1629680,Matisse Thybulle,1610612757,POR,28.0,15,4,0.057,3,5,0.6,0.8,0.023,1,2,0.5,0.034,2,3,0.667,2024-25,Regular Season,1 Dribble
1630574,Ariel Hukporti,1610612752,NYK,23.0,25,5,0.161,3,5,0.6,0.6,0.161,3,5,0.6,0.0,0,0,,2024-25,Regular Season,1 Dribble
203901,Elfrid Payton,1610612740,NOP,31.0,24,5,0.041,2,5,0.4,0.4,0.041,2,5,0.4,0.0,0,0,,2024-25,Regular Season,1 Dribble
1642278,Tyler Kolek,1610612752,NYK,24.0,41,4,0.061,1,5,0.2,0.2,0.037,1,3,0.333,0.024,0,2,0.0,2024-25,Regular Season,1 Dribble
204060,Joe Ingles,1610612750,MIN,37.0,19,4,0.217,1,5,0.2,0.3,0.043,0,1,0.0,0.174,1,4,0.25,2024-25,Regular Season,1 Dribble
1641789,Jazian Gortman,1610612742,DAL,22.0,16,4,0.217,1,5,0.2,0.2,0.174,1,4,0.25,0.043,0,1,0.0,2024-25,Regular Season,1 Dribble
1630537,Chris Duarte,1610612741,CHI,28.0,17,4,0.192,0,5,0.0,0.0,0.0,0,0,,0.192,0,5,0.0,2024-25,Regular Season,1 Dribble
1629011,Mitchell Robinson,1610612752,NYK,27.0,16,4,0.077,3,4,0.75,0.75,0.077,3,4,0.75,0.0,0,0,,2024-25,Regular Season,1 Dribble
1641890,Tyler Smith,1610612749,MIL,20.0,23,3,0.08,3,4,0.75,0.75,0.08,3,4,0.75,0.0,0,0,,2024-25,Regular Season,1 Dribble
1631321,Sidy Cissoko,1610612757,POR,21.0,22,4,0.133,3,4,0.75,0.75,0.133,3,4,0.75,0.0,0,0,,2024-25,Regular Season,1 Dribble
1642353,Cam Christie,1610612746,LAC,19.0,13,3,0.167,2,4,0.5,0.5,0.125,2,3,0.667,0.042,0,1,0.0,2024-25,Regular Season,1 Dribble
1642461,Spencer Jones,1610612743,DEN,24.0,20,3,0.118,2,4,0.5,0.5,0.118,2,4,0.5,0.0,0,0,,2024-25,Regular Season,1 Dribble
202066,Garrett Temple,1610612761,TOR,39.0,28,4,0.067,2,4,0.5,0.625,0.017,1,1,1.0,0.05,1,3,0.333,2024-25,Regular Season,1 Dribble
1642484,RayJ Dennis,1610612754,IND,24.0,11,3,0.121,1,4,0.25,0.375,0.0,0,0,,0.121,1,4,0.25,2024-25,Regular Season,1 Dribble
1630696,Dru Smith,1610612748,MIA,27.0,14,4,0.066,1,4,0.25,0.25,0.049,1,3,0.333,0.016,0,1,0.0,2024-25,Regular Season,1 Dribble
1631116,Patrick Baldwin Jr.,1610612746,LAC,22.0,24,4,0.114,1,4,0.25,0.375,0.0,0,0,,0.114,1,4,0.25,2024-25,Regular Season,1 Dribble
1630205,Lamar Stevens,1610612763,MEM,27.0,17,4,0.063,1,4,0.25,0.375,0.048,0,3,0.0,0.016,1,1,1.0,2024-25,Regular Season,1 Dribble
1630214,Xavier Tillman,1610612738,BOS,26.0,33,2,0.075,1,4,0.25,0.25,0.057,1,3,0.333,0.019,0,1,0.0,2024-25,Regular Season,1 Dribble
1631250,Pete Nance,1610612749,MIL,25.0,13,4,0.125,0,4,0.0,0.0,0.063,0,2,0.0,0.063,0,2,0.0,2024-25,Regular Season,1 Dribble
1630762,Phillip Wheeler,1610612755,PHI,23.0,5,2,0.19,0,4,0.0,0.0,0.095,0,2,0.0,0.095,0,2,0.0,2024-25,Regular Season,1 Dribble
1630528,Josh Christopher,1610612748,MIA,23.0,14,2,0.097,2,3,0.667,0.667,0.097,2,3,0.667,0.0,0,0,,2024-25,Regular Season,1 Dribble
1642359,Pacôme Dadiet,1610612752,NYK,19.0,18,3,0.097,2,3,0.667,0.667,0.097,2,3,0.667,0.0,0,0,,2024-25,Regular Season,1 Dribble
1629052,Oshae Brissett,1610612755,PHI,27.0,6,3,0.077,2,3,0.667,0.667,0.077,2,3,0.667,0.0,0,0,,2024-25,Regular Season,1 Dribble
1630543,Isaiah Jackson,1610612754,IND,23.0,5,2,0.13,1,3,0.333,0.333,0.13,1,3,0.333,0.0,0,0,,2024-25,Regular Season,1 Dribble
1641723,Kobe Bufkin,1610612737,ATL,21.0,10,3,0.064,1,3,0.333,0.333,0.064,1,3,0.333,0.0,0,0,,2024-25,Regular Season,1 Dribble
1631121,Bryce McGowens,1610612757,POR,22.0,13,3,0.214,1,3,0.333,0.333,0.143,1,2,0.5,0.071,0,1,0.0,2024-25,Regular Season,1 Dribble
1641725,Trey Alexander,1610612743,DEN,22.0,24,3,0.073,1,3,0.333,0.333,0.049,1,2,0.5,0.024,0,1,0.0,2024-25,Regular Season,1 Dribble
1631301,Jaylen Sims,1610612766,CHA,26.0,6,3,0.107,1,3,0.333,0.5,0.0,0,0,,0.107,1,3,0.333,2024-25,Regular Season,1 Dribble
1630649,Stanley Umude,1610612749,MIL,26.0,22,3,0.115,1,3,0.333,0.333,0.115,1,3,0.333,0.0,0,0,,2024-25,Regular Season,1 Dribble
1629669,Jaylen Nowell,1610612764,WAS,25.0,8,2,0.041,0,3,0.0,0.0,0.014,0,1,0.0,0.027,0,2,0.0,2024-25,Regular Season,1 Dribble
202709,Cory Joseph,1610612753,ORL,33.0,50,3,0.019,0,3,0.0,0.0,0.0,0,0,,0.019,0,3,0.0,2024-25,Regular Season,1 Dribble
1641707,Taylor Hendricks,1610612762,UTA,21.0,3,1,0.111,2,2,1.0,1.25,0.056,1,1,1.0,0.056,1,1,1.0,2024-25,Regular Season,1 Dribble
1642402,Enrique Freeman,1610612754,IND,24.0,22,1,0.054,2,2,1.0,1.0,0.054,2,2,1.0,0.0,0,0,,2024-25,Regular Season,1 Dribble
1631342,Daeqwon Plowden,1610612737,ATL,26.0,6,1,0.08,2,2,1.0,1.0,0.08,2,2,1.0,0.0,0,0,,2024-25,Regular Season,1 Dribble
1641753,Chris Livingston,1610612749,MIL,21.0,21,2,0.074,2,2,1.0,1.0,0.074,2,2,1.0,0.0,0,0,,2024-25,Regular Season,1 Dribble
1642368,N'Faly Dante,1610612745,HOU,23.0,4,2,0.154,2,2,1.0,1.0,0.154,2,2,1.0,0.0,0,0,,2024-25,Regular Season,1 Dribble
1641766,Adama Sanogo,1610612741,CHI,23.0,4,2,0.286,1,2,0.5,0.5,0.286,1,2,0.5,0.0,0,0,,2024-25,Regular Season,1 Dribble
1631102,TyTy Washington Jr.,1610612756,PHX,23.0,16,2,0.044,1,2,0.5,0.5,0.044,1,2,0.5,0.0,0,0,,2024-25,Regular Season,1 Dribble
1630623,Tyson Etienne,1610612751,BKN,25.0,7,2,0.038,1,2,0.5,0.5,0.019,1,1,1.0,0.019,0,1,0.0,2024-25,Regular Season,1 Dribble
1631120,JD Davison,1610612738,BOS,22.0,16,2,0.059,1,2,0.5,0.75,0.029,0,1,0.0,0.029,1,1,1.0,2024-25,Regular Season,1 Dribble
1642024,Alex Reese,1610612755,PHI,26.0,15,2,0.037,1,2,0.5,0.5,0.019,1,1,1.0,0.019,0,1,0.0,2024-25,Regular Season,1 Dribble
1642530,Yuki Kawamura,1610612763,MEM,24.0,22,2,0.067,1,2,0.5,0.5,0.033,1,1,1.0,0.033,0,1,0.0,2024-25,Regular Season,1 Dribble
1641755,Kevin McCullar Jr.,1610612752,NYK,24.0,4,1,0.286,1,2,0.5,0.5,0.286,1,2,0.5,0.0,0,0,,2024-25,Regular Season,1 Dribble
1641801,Emanuel Miller,1610612741,CHI,25.0,6,2,0.25,1,2,0.5,0.5,0.25,1,2,0.5,0.0,0,0,,2024-25,Regular Season,1 Dribble
1631159,Leonard Miller,1610612750,MIN,21.0,13,2,0.133,1,2,0.5,0.5,0.133,1,2,0.5,0.0,0,0,,2024-25,Regular Season,1 Dribble
1642505,Alex Ducas,1610612760,OKC,24.0,21,2,0.067,1,2,0.5,0.5,0.067,1,2,0.5,0.0,0,0,,2024-25,Regular Season,1 Dribble
1631303,Justin Minaya,1610612757,POR,26.0,19,2,0.095,1,2,0.5,0.5,0.095,1,2,0.5,0.0,0,0,,2024-25,Regular Season,1 Dribble
1630604,E.J. Liddell,1610612741,CHI,24.0,12,2,0.133,1,2,0.5,0.5,0.067,1,1,1.0,0.067,0,1,0.0,2024-25,Regular Season,1 Dribble
1630222,Mason Jones,1610612758,SAC,26.0,10,2,0.111,0,2,0.0,0.0,0.111,0,2,0.0,0.0,0,0,,2024-25,Regular Season,1 Dribble
1631247,Luke Travers,1610612739,CLE,23.0,12,2,0.1,0,2,0.0,0.0,0.05,0,1,0.0,0.05,0,1,0.0,2024-25,Regular Season,1 Dribble
1642422,Armel Traore,1610612747,LAL,22.0,9,1,0.105,0,2,0.0,0.0,0.105,0,2,0.0,0.0,0,0,,2024-25,Regular Season,1 Dribble
1629098,Jack McVeigh,1610612745,HOU,29.0,9,2,0.118,0,2,0.0,0.0,0.059,0,1,0.0,0.059,0,1,0.0,2024-25,Regular Season,1 Dribble
1641772,Nae'Qwan Tomlin,1610612739,CLE,24.0,5,2,0.063,0,2,0.0,0.0,0.063,0,2,0.0,0.0,0,0,,2024-25,Regular Season,1 Dribble
1642450,Daniss Jenkins,1610612765,DET,23.0,7,1,0.2,0,2,0.0,0.0,0.1,0,1,0.0,0.1,0,1,0.0,2024-25,Regular Season,1 Dribble
1631210,Jacob Toppin,1610612737,ATL,25.0,17,2,0.091,0,2,0.0,0.0,0.045,0,1,0.0,0.045,0,1,0.0,2024-25,Regular Season,1 Dribble
1630618,D.J. Carton,1610612761,TOR,24.0,4,1,0.143,1,1,1.0,1.0,0.143,1,1,1.0,0.0,0,0,,2024-25,Regular Season,1 Dribble
1641989,Elijah Harkless,1610612762,UTA,25.0,10,1,0.029,1,1,1.0,1.0,0.029,1,1,1.0,0.0,0,0,,2024-25,Regular Season,1 Dribble
1626196,Josh Richardson,1610612748,MIA,31.0,8,1,0.026,1,1,1.0,1.0,0.026,1,1,1.0,0.0,0,0,,2024-25,Regular Season,1 Dribble
1628427,Vlatko Čančar,1610612743,DEN,28.0,13,1,0.038,1,1,1.0,1.0,0.038,1,1,1.0,0.0,0,0,,2024-25,Regular Season,1 Dribble
1631199,Ron Harper Jr.,1610612765,DET,25.0,1,1,0.125,1,1,1.0,1.0,0.125,1,1,1.0,0.0,0,0,,2024-25,Regular Season,1 Dribble
201949,James Johnson,1610612754,IND,38.0,12,1,0.091,1,1,1.0,1.0,0.091,1,1,1.0,0.0,0,0,,2024-25,Regular Season,1 Dribble
1642050,Jackson Rowe,1610612744,GSW,28.0,6,1,0.059,1,1,1.0,1.5,0.0,0,0,,0.059,1,1,1.0,2024-25,Regular Season,1 Dribble
1630283,Kylor Kelley,1610612747,LAL,27.0,11,1,0.045,1,1,1.0,1.0,0.045,1,1,1.0,0.0,0,0,,2024-25,Regular Season,1 Dribble
1642385,Cui Cui,1610612751,BKN,22.0,5,1,0.143,0,1,0.0,0.0,0.143,0,1,0.0,0.0,0,0,,2024-25,Regular Season,1 Dribble
1631123,Jamaree Bouyea,1610612749,MIL,26.0,5,1,0.083,0,1,0.0,0.0,0.0,0,0,,0.083,0,1,0.0,2024-25,Regular Season,1 Dribble
1641779,Jalen Bridges,1610612756,PHX,24.0,8,1,0.143,0,1,0.0,0.0,0.0,0,0,,0.143,0,1,0.0,2024-25,Regular Season,1 Dribble
1641817,Anton Watson,1610612752,NYK,24.0,9,1,0.111,0,1,0.0,0.0,0.111,0,1,0.0,0.0,0,0,,2024-25,Regular Season,1 Dribble
200782,P.J. Tucker,1610612752,NYK,40.0,3,1,0.143,0,1,0.0,0.0,0.0,0,0,,0.143,0,1,0.0,2024-25,Regular Season,1 Dribble
1642280,Trentyn Flowers,1610612746,LAC,20.0,6,1,0.091,0,1,0.0,0.0,0.091,0,1,0.0,0.0,0,0,,2024-25,Regular Season,1 Dribble
1630585,Marcus Garrett,1610612766,CHA,26.0,4,1,0.037,0,1,0.0,0.0,0.0,0,0,,0.037,0,1,0.0,2024-25,Regular Season,1 Dribble
1630561,David Duke Jr.,1610612759,SAS,25.0,6,1,0.071,0,1,0.0,0.0,0.071,0,1,0.0,0.0,0,0,,2024-25,Regular Season,1 Dribble
1642439,Quincy Olivari,1610612747,LAL,24.0,2,1,0.2,0,1,0.0,0.0,0.0,0,0,,0.2,0,1,0.0,2024-25,Regular Season,1 Dribble
1626157,Karl-Anthony Towns,1610612752,NYK,29.0,71,69,0.194,123,233,0.528,0.528,0.186,123,224,0.549,0.007,0,9,0.0,2024-25,Regular Season,2 Dribbles
201942,DeMar DeRozan,1610612758,SAC,35.0,77,68,0.143,100,187,0.535,0.545,0.132,96,173,0.555,0.011,4,14,0.286,2024-25,Regular Season,2 Dribbles
1626164,Devin Booker,1610612756,PHX,28.0,75,68,0.13,84,185,0.454,0.5,0.092,67,130,0.515,0.039,17,55,0.309,2024-25,Regular Season,2 Dribbles
203507,Giannis Antetokounmpo,1610612749,MIL,30.0,67,63,0.139,114,184,0.62,0.622,0.136,113,179,0.631,0.004,1,5,0.2,2024-25,Regular Season,2 Dribbles
1628991,Jaren Jackson Jr.,1610612763,MEM,25.0,73,65,0.149,91,178,0.511,0.528,0.134,85,161,0.528,0.014,6,17,0.353,2024-25,Regular Season,2 Dribbles
1628970,Miles Bridges,1610612766,CHA,27.0,64,58,0.161,73,175,0.417,0.457,0.119,59,130,0.454,0.041,14,45,0.311,2024-25,Regular Season,2 Dribbles
1630162,Anthony Edwards,1610612750,MIN,23.0,79,68,0.107,76,173,0.439,0.517,0.061,49,99,0.495,0.046,27,74,0.365,2024-25,Regular Season,2 Dribbles
203999,Nikola Jokić,1610612743,DEN,30.0,70,63,0.123,84,167,0.503,0.509,0.114,82,156,0.526,0.008,2,11,0.182,2024-25,Regular Season,2 Dribbles
203897,Zach LaVine,1610612758,SAC,30.0,74,67,0.134,97,164,0.591,0.68,0.083,68,102,0.667,0.051,29,62,0.468,2024-25,Regular Season,2 Dribbles
1630578,Alperen Sengun,1610612745,HOU,22.0,76,63,0.143,77,163,0.472,0.472,0.138,77,158,0.487,0.004,0,5,0.0,2024-25,Regular Season,2 Dribbles
1628389,Bam Adebayo,1610612748,MIA,27.0,78,68,0.144,86,160,0.538,0.541,0.136,85,151,0.563,0.008,1,9,0.111,2024-25,Regular Season,2 Dribbles
201142,Kevin Durant,1610612756,PHX,36.0,62,55,0.14,85,157,0.541,0.551,0.132,82,148,0.554,0.008,3,9,0.333,2024-25,Regular Season,2 Dribbles
1629639,Tyler Herro,1610612748,MIA,25.0,77,66,0.113,78,156,0.5,0.577,0.07,54,96,0.563,0.044,24,60,0.4,2024-25,Regular Season,2 Dribbles
1626181,Norman Powell,1610612746,LAC,32.0,60,58,0.164,92,155,0.594,0.639,0.132,78,125,0.624,0.032,14,30,0.467,2024-25,Regular Season,2 Dribbles
1630169,Tyrese Haliburton,1610612754,IND,25.0,73,64,0.153,81,154,0.526,0.607,0.094,56,95,0.589,0.059,25,59,0.424,2024-25,Regular Season,2 Dribbles
1628369,Jayson Tatum,1610612738,BOS,27.0,72,65,0.104,69,150,0.46,0.54,0.058,45,83,0.542,0.046,24,67,0.358,2024-25,Regular Season,2 Dribbles
1627783,Pascal Siakam,1610612754,IND,31.0,78,65,0.126,85,149,0.57,0.574,0.123,84,145,0.579,0.003,1,4,0.25,2024-25,Regular Season,2 Dribbles
1630595,Cade Cunningham,1610612765,DET,23.0,70,66,0.1,76,146,0.521,0.62,0.065,47,94,0.5,0.036,29,52,0.558,2024-25,Regular Season,2 Dribbles
203468,CJ McCollum,1610612740,NOP,33.0,56,51,0.145,66,145,0.455,0.507,0.103,51,103,0.495,0.042,15,42,0.357,2024-25,Regular Season,2 Dribbles
1630567,Scottie Barnes,1610612761,TOR,23.0,65,60,0.135,63,143,0.441,0.462,0.119,57,126,0.452,0.016,6,17,0.353,2024-25,Regular Season,2 Dribbles
1631097,Bennedict Mathurin,1610612754,IND,23.0,72,59,0.168,60,143,0.42,0.462,0.13,48,111,0.432,0.038,12,32,0.375,2024-25,Regular Season,2 Dribbles
1630183,Jaden McDaniels,1610612750,MIN,24.0,82,67,0.169,74,141,0.525,0.535,0.159,71,133,0.534,0.01,3,8,0.375,2024-25,Regular Season,2 Dribbles
1631101,Shaedon Sharpe,1610612757,POR,22.0,72,58,0.128,62,141,0.44,0.489,0.077,48,85,0.565,0.051,14,56,0.25,2024-25,Regular Season,2 Dribbles
203944,Julius Randle,1610612750,MIN,30.0,69,57,0.145,64,136,0.471,0.496,0.126,57,118,0.483,0.019,7,18,0.389,2024-25,Regular Season,2 Dribbles
1629008,Michael Porter Jr.,1610612743,DEN,27.0,77,62,0.129,65,134,0.485,0.522,0.103,55,107,0.514,0.026,10,27,0.37,2024-25,Regular Season,2 Dribbles
1628969,Mikal Bridges,1610612752,NYK,28.0,81,63,0.112,64,131,0.489,0.5,0.104,61,121,0.504,0.009,3,10,0.3,2024-25,Regular Season,2 Dribbles
203076,Anthony Davis,1610612742,DAL,32.0,51,47,0.144,61,131,0.466,0.469,0.137,60,125,0.48,0.007,1,6,0.167,2024-25,Regular Season,2 Dribbles
1627750,Jamal Murray,1610612743,DEN,28.0,67,56,0.118,59,131,0.45,0.496,0.087,47,96,0.49,0.032,12,35,0.343,2024-25,Regular Season,2 Dribbles
1629027,Trae Young,1610612737,ATL,26.0,76,64,0.095,53,131,0.405,0.466,0.06,37,82,0.451,0.036,16,49,0.327,2024-25,Regular Season,2 Dribbles
1630217,Desmond Bane,1610612753,ORL,27.0,68,58,0.13,68,130,0.523,0.596,0.09,49,90,0.544,0.04,19,40,0.475,2024-25,Regular Season,2 Dribbles
1627759,Jaylen Brown,1610612738,BOS,28.0,63,54,0.117,63,129,0.488,0.516,0.094,56,104,0.538,0.023,7,25,0.28,2024-25,Regular Season,2 Dribbles
1630170,Devin Vassell,1610612759,SAS,24.0,64,55,0.145,56,129,0.434,0.45,0.119,52,106,0.491,0.026,4,23,0.174,2024-25,Regular Season,2 Dribbles
1629675,Naz Reid,1610612750,MIN,25.0,80,73,0.139,58,128,0.453,0.48,0.114,51,105,0.486,0.025,7,23,0.304,2024-25,Regular Season,2 Dribbles
1627736,Malik Beasley,1610612765,DET,28.0,82,63,0.12,52,128,0.406,0.461,0.077,38,82,0.463,0.043,14,46,0.304,2024-25,Regular Season,2 Dribbles
1630166,Deni Avdija,1610612757,POR,24.0,72,59,0.15,69,127,0.543,0.563,0.137,64,116,0.552,0.013,5,11,0.455,2024-25,Regular Season,2 Dribbles
1629632,Coby White,1610612741,CHI,25.0,74,63,0.112,69,126,0.548,0.603,0.077,55,86,0.64,0.036,14,40,0.35,2024-25,Regular Season,2 Dribbles
1628398,Kyle Kuzma,1610612749,MIL,29.0,65,53,0.149,47,126,0.373,0.385,0.129,44,109,0.404,0.02,3,17,0.176,2024-25,Regular Season,2 Dribbles
1631114,Jalen Williams,1610612760,OKC,24.0,69,57,0.104,59,122,0.484,0.488,0.098,58,115,0.504,0.006,1,7,0.143,2024-25,Regular Season,2 Dribbles
1630224,Jalen Green,1610612745,HOU,23.0,82,60,0.085,48,122,0.393,0.439,0.052,37,75,0.493,0.033,11,47,0.234,2024-25,Regular Season,2 Dribbles
1629628,RJ Barrett,1610612761,TOR,25.0,58,52,0.123,59,121,0.488,0.5,0.116,56,114,0.491,0.007,3,7,0.429,2024-25,Regular Season,2 Dribbles
1629636,Darius Garland,1610612739,CLE,25.0,75,55,0.102,60,120,0.5,0.542,0.075,50,88,0.568,0.027,10,32,0.313,2024-25,Regular Season,2 Dribbles
1629640,Keldon Johnson,1610612759,SAS,25.0,77,58,0.156,54,120,0.45,0.454,0.147,53,113,0.469,0.009,1,7,0.143,2024-25,Regular Season,2 Dribbles
1628370,Malik Monk,1610612758,SAC,27.0,65,55,0.127,63,119,0.529,0.563,0.102,55,96,0.573,0.024,8,23,0.348,2024-25,Regular Season,2 Dribbles
1630178,Tyrese Maxey,1610612755,PHI,24.0,52,47,0.108,61,118,0.517,0.581,0.074,46,81,0.568,0.034,15,37,0.405,2024-25,Regular Season,2 Dribbles
1628384,OG Anunoby,1610612752,NYK,27.0,73,62,0.117,57,118,0.483,0.5,0.102,53,103,0.515,0.015,4,15,0.267,2024-25,Regular Season,2 Dribbles
1629673,Jordan Poole,1610612764,WAS,26.0,68,55,0.111,44,117,0.376,0.444,0.068,28,72,0.389,0.043,16,45,0.356,2024-25,Regular Season,2 Dribbles
1628983,Shai Gilgeous-Alexander,1610612760,OKC,26.0,76,61,0.07,61,116,0.526,0.578,0.049,49,81,0.605,0.021,12,35,0.343,2024-25,Regular Season,2 Dribbles
1630700,Dyson Daniels,1610612737,ATL,22.0,76,58,0.126,41,116,0.353,0.358,0.118,40,109,0.367,0.008,1,7,0.143,2024-25,Regular Season,2 Dribbles
1628368,De'Aaron Fox,1610612759,SAS,27.0,62,54,0.098,51,114,0.447,0.487,0.07,42,81,0.519,0.028,9,33,0.273,2024-25,Regular Season,2 Dribbles
1628404,Josh Hart,1610612752,NYK,30.0,76,56,0.148,63,113,0.558,0.597,0.125,54,96,0.563,0.022,9,17,0.529,2024-25,Regular Season,2 Dribbles
1630530,Trey Murphy III,1610612740,NOP,25.0,53,46,0.132,48,111,0.432,0.446,0.094,45,79,0.57,0.038,3,32,0.094,2024-25,Regular Season,2 Dribbles
1629023,P.J. Washington,1610612742,DAL,26.0,57,48,0.167,46,111,0.414,0.432,0.156,42,104,0.404,0.011,4,7,0.571,2024-25,Regular Season,2 Dribbles
1629012,Collin Sexton,1610612762,UTA,26.0,63,50,0.127,57,110,0.518,0.55,0.105,50,91,0.549,0.022,7,19,0.368,2024-25,Regular Season,2 Dribbles
202699,Tobias Harris,1610612765,DET,32.0,73,54,0.137,46,110,0.418,0.418,0.134,46,108,0.426,0.002,0,2,0.0,2024-25,Regular Season,2 Dribbles
1629029,Luka Doncic,1610612747,LAL,26.0,50,43,0.106,55,109,0.505,0.564,0.072,42,74,0.568,0.034,13,35,0.371,2024-25,Regular Season,2 Dribbles
1628415,Dillon Brooks,1610612745,HOU,29.0,75,59,0.121,42,108,0.389,0.398,0.104,40,93,0.43,0.017,2,15,0.133,2024-25,Regular Season,2 Dribbles
203952,Andrew Wiggins,1610612748,MIA,30.0,60,46,0.128,47,107,0.439,0.477,0.106,39,89,0.438,0.021,8,18,0.444,2024-25,Regular Season,2 Dribbles
2544,LeBron James,1610612747,LAL,40.0,70,49,0.083,51,106,0.481,0.524,0.069,42,87,0.483,0.015,9,19,0.474,2024-25,Regular Season,2 Dribbles
1630532,Franz Wagner,1610612753,ORL,23.0,60,49,0.089,52,103,0.505,0.534,0.068,46,79,0.582,0.021,6,24,0.25,2024-25,Regular Season,2 Dribbles
202681,Kyrie Irving,1610612742,DAL,33.0,50,44,0.108,49,102,0.48,0.559,0.068,33,64,0.516,0.04,16,38,0.421,2024-25,Regular Season,2 Dribbles
1642264,Stephon Castle,1610612759,SAS,20.0,81,55,0.102,46,101,0.455,0.47,0.087,43,86,0.5,0.015,3,15,0.2,2024-25,Regular Season,2 Dribbles
1631128,Christian Braun,1610612743,DEN,24.0,79,57,0.123,61,100,0.61,0.62,0.115,59,93,0.634,0.009,2,7,0.286,2024-25,Regular Season,2 Dribbles
1641711,Gradey Dick,1610612761,TOR,21.0,54,43,0.155,45,100,0.45,0.48,0.128,39,83,0.47,0.026,6,17,0.353,2024-25,Regular Season,2 Dribbles
1630553,Keon Johnson,1610612751,BKN,23.0,79,60,0.127,35,99,0.354,0.369,0.104,32,81,0.395,0.023,3,18,0.167,2024-25,Regular Season,2 Dribbles
1630230,Naji Marshall,1610612742,DAL,27.0,69,48,0.138,54,98,0.551,0.556,0.129,53,92,0.576,0.008,1,6,0.167,2024-25,Regular Season,2 Dribbles
1641718,Keyonte George,1610612762,UTA,21.0,67,50,0.107,43,98,0.439,0.49,0.071,33,65,0.508,0.036,10,33,0.303,2024-25,Regular Season,2 Dribbles
201935,James Harden,1610612746,LAC,35.0,79,58,0.074,37,96,0.385,0.464,0.034,22,44,0.5,0.04,15,52,0.288,2024-25,Regular Season,2 Dribbles
202696,Nikola Vucevic,1610612741,CHI,34.0,73,53,0.092,50,95,0.526,0.526,0.092,50,95,0.526,0.0,0,0,,2024-25,Regular Season,2 Dribbles
1629631,De'Andre Hunter,1610612739,CLE,27.0,64,52,0.125,44,95,0.463,0.489,0.109,39,83,0.47,0.016,5,12,0.417,2024-25,Regular Season,2 Dribbles
1631099,Keegan Murray,1610612758,SAC,24.0,76,55,0.115,49,94,0.521,0.521,0.104,49,85,0.576,0.011,0,9,0.0,2024-25,Regular Season,2 Dribbles
1631094,Paolo Banchero,1610612753,ORL,22.0,46,41,0.103,39,94,0.415,0.441,0.075,34,68,0.5,0.029,5,26,0.192,2024-25,Regular Season,2 Dribbles
1626179,Terry Rozier,1610612748,MIA,31.0,64,47,0.146,49,93,0.527,0.608,0.09,34,57,0.596,0.057,15,36,0.417,2024-25,Regular Season,2 Dribbles
1641739,Toumani Camara,1610612757,POR,25.0,78,53,0.13,47,93,0.505,0.505,0.123,47,88,0.534,0.007,0,5,0.0,2024-25,Regular Season,2 Dribbles
1630559,Austin Reaves,1610612747,LAL,27.0,73,53,0.09,46,93,0.495,0.543,0.063,37,65,0.569,0.027,9,28,0.321,2024-25,Regular Season,2 Dribbles
203084,Harrison Barnes,1610612759,SAS,33.0,82,55,0.135,52,92,0.565,0.582,0.12,49,82,0.598,0.015,3,10,0.3,2024-25,Regular Season,2 Dribbles
203078,Bradley Beal,1610612756,PHX,32.0,53,43,0.131,48,91,0.527,0.56,0.105,42,73,0.575,0.026,6,18,0.333,2024-25,Regular Season,2 Dribbles
201939,Stephen Curry,1610612744,GSW,37.0,70,49,0.072,48,91,0.527,0.632,0.04,29,50,0.58,0.033,19,41,0.463,2024-25,Regular Season,2 Dribbles
202691,Klay Thompson,1610612742,DAL,35.0,72,51,0.103,31,90,0.344,0.356,0.09,29,79,0.367,0.013,2,11,0.182,2024-25,Regular Season,2 Dribbles
1629656,Quentin Grimes,1610612755,PHI,25.0,75,50,0.107,47,88,0.534,0.619,0.066,32,54,0.593,0.041,15,34,0.441,2024-25,Regular Season,2 Dribbles
1627752,Taurean Prince,1610612749,MIL,31.0,80,48,0.171,44,88,0.5,0.5,0.161,44,83,0.53,0.01,0,5,0.0,2024-25,Regular Season,2 Dribbles
1630596,Evan Mobley,1610612739,CLE,24.0,71,51,0.097,41,88,0.466,0.472,0.093,40,84,0.476,0.004,1,4,0.25,2024-25,Regular Season,2 Dribbles
1629627,Zion Williamson,1610612740,NOP,24.0,30,29,0.171,40,87,0.46,0.46,0.171,40,87,0.46,0.0,0,0,,2024-25,Regular Season,2 Dribbles
1641710,Anthony Black,1610612753,ORL,21.0,78,55,0.14,31,87,0.356,0.368,0.129,29,80,0.363,0.011,2,7,0.286,2024-25,Regular Season,2 Dribbles
1630163,LaMelo Ball,1610612766,CHA,23.0,47,41,0.086,39,86,0.453,0.5,0.054,31,54,0.574,0.032,8,32,0.25,2024-25,Regular Season,2 Dribbles
1641722,Jordan Hawkins,1610612740,NOP,23.0,56,41,0.155,38,86,0.442,0.471,0.129,33,72,0.458,0.025,5,14,0.357,2024-25,Regular Season,2 Dribbles
1642258,Zaccharie Risacher,1610612737,ATL,20.0,75,51,0.11,38,86,0.442,0.453,0.105,36,82,0.439,0.005,2,4,0.5,2024-25,Regular Season,2 Dribbles
1641764,Brandin Podziemski,1610612744,GSW,22.0,64,48,0.137,36,86,0.419,0.436,0.119,33,75,0.44,0.017,3,11,0.273,2024-25,Regular Season,2 Dribbles
1629638,Nickeil Alexander-Walker,1610612750,MIN,26.0,82,50,0.14,35,86,0.407,0.419,0.119,33,73,0.452,0.021,2,13,0.154,2024-25,Regular Season,2 Dribbles
1642259,Alex Sarr,1610612764,WAS,20.0,67,48,0.101,36,84,0.429,0.435,0.099,35,82,0.427,0.002,1,2,0.5,2024-25,Regular Season,2 Dribbles
1629661,Cameron Johnson,1610612751,BKN,29.0,57,46,0.111,43,83,0.518,0.554,0.084,37,63,0.587,0.027,6,20,0.3,2024-25,Regular Season,2 Dribbles
1630560,Cam Thomas,1610612751,BKN,23.0,25,23,0.183,37,83,0.446,0.5,0.123,28,56,0.5,0.059,9,27,0.333,2024-25,Regular Season,2 Dribbles
1629014,Anfernee Simons,1610612757,POR,26.0,70,52,0.074,30,83,0.361,0.428,0.04,19,45,0.422,0.034,11,38,0.289,2024-25,Regular Season,2 Dribbles
1627826,Ivica Zubac,1610612746,LAC,28.0,80,53,0.087,55,82,0.671,0.671,0.087,55,82,0.671,0.0,0,0,,2024-25,Regular Season,2 Dribbles
1628378,Donovan Mitchell,1610612739,CLE,28.0,71,49,0.062,37,82,0.451,0.524,0.036,25,47,0.532,0.027,12,35,0.343,2024-25,Regular Season,2 Dribbles
1629130,Duncan Robinson,1610612748,MIA,31.0,74,52,0.124,31,82,0.378,0.451,0.077,19,51,0.373,0.047,12,31,0.387,2024-25,Regular Season,2 Dribbles
204456,T.J. McConnell,1610612754,IND,33.0,79,45,0.13,46,81,0.568,0.568,0.127,46,79,0.582,0.003,0,2,0.0,2024-25,Regular Season,2 Dribbles
1630581,Josh Giddey,1610612741,CHI,22.0,70,51,0.101,34,80,0.425,0.444,0.085,31,67,0.463,0.016,3,13,0.231,2024-25,Regular Season,2 Dribbles
202685,Jonas Valančiūnas,1610612758,SAC,33.0,81,51,0.126,47,79,0.595,0.595,0.126,47,79,0.595,0.0,0,0,,2024-25,Regular Season,2 Dribbles
202710,Jimmy Butler III,1610612744,GSW,35.0,55,37,0.132,42,79,0.532,0.538,0.124,41,74,0.554,0.008,1,5,0.2,2024-25,Regular Season,2 Dribbles
1630557,Corey Kispert,1610612764,WAS,26.0,61,46,0.14,39,79,0.494,0.513,0.12,36,68,0.529,0.019,3,11,0.273,2024-25,Regular Season,2 Dribbles
1642267,Bub Carrington,1610612764,WAS,19.0,82,51,0.106,32,79,0.405,0.468,0.074,22,55,0.4,0.032,10,24,0.417,2024-25,Regular Season,2 Dribbles
1641731,Bilal Coulibaly,1610612764,WAS,20.0,59,44,0.127,28,79,0.354,0.373,0.111,25,69,0.362,0.016,3,10,0.3,2024-25,Regular Season,2 Dribbles
1630703,Scoot Henderson,1610612757,POR,21.0,66,47,0.114,41,78,0.526,0.615,0.073,27,50,0.54,0.041,14,28,0.5,2024-25,Regular Season,2 Dribbles
1626162,Kelly Oubre Jr.,1610612755,PHI,29.0,60,47,0.105,38,78,0.487,0.5,0.096,36,71,0.507,0.009,2,7,0.286,2024-25,Regular Season,2 Dribbles
1630552,Jalen Johnson,1610612737,ATL,23.0,36,32,0.143,33,77,0.429,0.435,0.138,32,74,0.432,0.006,1,3,0.333,2024-25,Regular Season,2 Dribbles
203484,Kentavious Caldwell-Pope,1610612763,MEM,32.0,77,48,0.14,40,76,0.526,0.553,0.11,36,60,0.6,0.029,4,16,0.25,2024-25,Regular Season,2 Dribbles
1641709,Ausar Thompson,1610612765,DET,22.0,59,44,0.165,37,76,0.487,0.487,0.163,37,75,0.493,0.002,0,1,0.0,2024-25,Regular Season,2 Dribbles
1641705,Victor Wembanyama,1610612759,SAS,21.0,46,39,0.088,30,75,0.4,0.42,0.065,27,56,0.482,0.022,3,19,0.158,2024-25,Regular Season,2 Dribbles
203924,Jerami Grant,1610612757,POR,31.0,47,34,0.131,26,75,0.347,0.347,0.131,26,75,0.347,0.0,0,0,,2024-25,Regular Season,2 Dribbles
1629630,Ja Morant,1610612763,MEM,25.0,49,36,0.085,34,74,0.459,0.493,0.066,29,57,0.509,0.02,5,17,0.294,2024-25,Regular Season,2 Dribbles
1627741,Buddy Hield,1610612744,GSW,32.0,82,50,0.094,31,74,0.419,0.486,0.055,21,43,0.488,0.039,10,31,0.323,2024-25,Regular Season,2 Dribbles
1629660,Ty Jerome,1610612739,CLE,27.0,70,41,0.118,47,73,0.644,0.692,0.089,40,55,0.727,0.029,7,18,0.389,2024-25,Regular Season,2 Dribbles
1629060,Rui Hachimura,1610612747,LAL,27.0,59,36,0.127,31,73,0.425,0.432,0.125,30,72,0.417,0.002,1,1,1.0,2024-25,Regular Season,2 Dribbles
1628374,Lauri Markkanen,1610612762,UTA,28.0,47,41,0.104,28,73,0.384,0.397,0.094,26,66,0.394,0.01,2,7,0.286,2024-25,Regular Season,2 Dribbles
1631124,Julian Strawther,1610612743,DEN,23.0,65,45,0.153,35,72,0.486,0.493,0.133,34,63,0.54,0.019,1,9,0.111,2024-25,Regular Season,2 Dribbles
202331,Paul George,1610612755,PHI,35.0,41,33,0.126,31,72,0.431,0.486,0.088,23,50,0.46,0.039,8,22,0.364,2024-25,Regular Season,2 Dribbles
1630172,Patrick Williams,1610612741,CHI,23.0,63,47,0.14,23,72,0.319,0.319,0.12,23,62,0.371,0.019,0,10,0.0,2024-25,Regular Season,2 Dribbles
1642268,Isaiah Collier,1610612762,UTA,20.0,71,46,0.128,33,71,0.465,0.472,0.105,32,58,0.552,0.023,1,13,0.077,2024-25,Regular Season,2 Dribbles
1630598,Aaron Wiggins,1610612760,OKC,26.0,76,43,0.096,34,70,0.486,0.514,0.084,30,61,0.492,0.012,4,9,0.444,2024-25,Regular Season,2 Dribbles
1629018,Gary Trent Jr.,1610612749,MIL,26.0,74,45,0.107,27,70,0.386,0.443,0.073,19,48,0.396,0.033,8,22,0.364,2024-25,Regular Season,2 Dribbles
1630590,Scotty Pippen Jr.,1610612763,MEM,24.0,78,42,0.117,41,69,0.594,0.601,0.11,40,65,0.615,0.007,1,4,0.25,2024-25,Regular Season,2 Dribbles
201144,Mike Conley,1610612750,MIN,37.0,71,47,0.147,22,69,0.319,0.399,0.071,11,33,0.333,0.077,11,36,0.306,2024-25,Regular Season,2 Dribbles
1627777,Georges Niang,1610612737,ATL,32.0,79,49,0.11,39,68,0.574,0.574,0.11,39,68,0.574,0.0,0,0,,2024-25,Regular Season,2 Dribbles
1628989,Kevin Huerter,1610612741,CHI,26.0,69,48,0.113,31,68,0.456,0.493,0.081,26,49,0.531,0.031,5,19,0.263,2024-25,Regular Season,2 Dribbles
203471,Dennis Schröder,1610612765,DET,31.0,75,47,0.082,26,68,0.382,0.397,0.068,24,56,0.429,0.015,2,12,0.167,2024-25,Regular Season,2 Dribbles
1641729,Brice Sensabaugh,1610612762,UTA,21.0,71,45,0.112,39,67,0.582,0.634,0.082,32,49,0.653,0.03,7,18,0.389,2024-25,Regular Season,2 Dribbles
203501,Tim Hardaway Jr.,1610612765,DET,33.0,77,44,0.097,30,66,0.455,0.492,0.079,25,54,0.463,0.018,5,12,0.417,2024-25,Regular Season,2 Dribbles
1630592,Jalen Wilson,1610612751,BKN,24.0,79,42,0.106,30,66,0.455,0.455,0.097,30,60,0.5,0.01,0,6,0.0,2024-25,Regular Season,2 Dribbles
1629599,Amir Coffey,1610612746,LAC,28.0,72,43,0.129,22,66,0.333,0.341,0.12,21,61,0.344,0.01,1,5,0.2,2024-25,Regular Season,2 Dribbles
1627747,Caris LeVert,1610612737,ATL,30.0,64,42,0.109,38,65,0.585,0.623,0.083,33,50,0.66,0.025,5,15,0.333,2024-25,Regular Season,2 Dribbles
1630174,Aaron Nesmith,1610612754,IND,25.0,45,38,0.172,34,65,0.523,0.538,0.158,32,60,0.533,0.013,2,5,0.4,2024-25,Regular Season,2 Dribbles
1626171,Bobby Portis,1610612749,MIL,30.0,49,37,0.109,34,65,0.523,0.531,0.108,33,64,0.516,0.002,1,1,1.0,2024-25,Regular Season,2 Dribbles
201566,Russell Westbrook,1610612743,DEN,36.0,75,45,0.08,33,65,0.508,0.523,0.07,31,57,0.544,0.01,2,8,0.25,2024-25,Regular Season,2 Dribbles
1628973,Jalen Brunson,1610612752,NYK,28.0,64,41,0.055,31,65,0.477,0.523,0.034,25,40,0.625,0.021,6,25,0.24,2024-25,Regular Season,2 Dribbles
203915,Spencer Dinwiddie,1610612742,DAL,32.0,79,40,0.095,28,65,0.431,0.5,0.051,19,35,0.543,0.044,9,30,0.3,2024-25,Regular Season,2 Dribbles
1631108,Max Christie,1610612742,DAL,22.0,78,42,0.11,25,65,0.385,0.385,0.093,25,55,0.455,0.017,0,10,0.0,2024-25,Regular Season,2 Dribbles
1627832,Fred VanVleet,1610612745,HOU,31.0,60,36,0.086,25,65,0.385,0.454,0.045,16,34,0.471,0.041,9,31,0.29,2024-25,Regular Season,2 Dribbles
1630583,Santi Aldama,1610612763,MEM,24.0,64,43,0.101,30,64,0.469,0.477,0.093,29,59,0.492,0.008,1,5,0.2,2024-25,Regular Season,2 Dribbles
203903,Jordan Clarkson,1610612762,UTA,33.0,37,30,0.13,27,64,0.422,0.484,0.079,19,39,0.487,0.051,8,25,0.32,2024-25,Regular Season,2 Dribbles
1627884,Derrick Jones Jr.,1610612746,LAC,28.0,77,41,0.107,34,63,0.54,0.54,0.098,34,58,0.586,0.008,0,5,0.0,2024-25,Regular Season,2 Dribbles
1630245,Ayo Dosunmu,1610612741,CHI,25.0,46,37,0.14,30,63,0.476,0.476,0.127,30,57,0.526,0.013,0,6,0.0,2024-25,Regular Season,2 Dribbles
1641842,Ronald Holland II,1610612765,DET,19.0,81,44,0.152,28,63,0.444,0.444,0.142,28,59,0.475,0.01,0,4,0.0,2024-25,Regular Season,2 Dribbles
1630167,Obi Toppin,1610612754,IND,27.0,79,50,0.105,28,63,0.444,0.468,0.092,25,55,0.455,0.013,3,8,0.375,2024-25,Regular Season,2 Dribbles
1629645,Kevin Porter Jr.,1610612749,MIL,25.0,75,41,0.095,29,62,0.468,0.484,0.074,27,48,0.563,0.021,2,14,0.143,2024-25,Regular Season,2 Dribbles
1628960,Grayson Allen,1610612756,PHX,29.0,64,36,0.127,29,62,0.468,0.5,0.108,25,53,0.472,0.018,4,9,0.444,2024-25,Regular Season,2 Dribbles
203081,Damian Lillard,1610612749,MIL,34.0,58,38,0.063,27,62,0.435,0.548,0.026,13,26,0.5,0.036,14,36,0.389,2024-25,Regular Season,2 Dribbles
1630540,Miles McBride,1610612752,NYK,24.0,63,38,0.116,23,62,0.371,0.387,0.084,21,45,0.467,0.032,2,17,0.118,2024-25,Regular Season,2 Dribbles
201572,Brook Lopez,1610612749,MIL,37.0,80,38,0.079,34,61,0.557,0.574,0.076,32,59,0.542,0.003,2,2,1.0,2024-25,Regular Season,2 Dribbles
1629614,Andrew Nembhard,1610612754,IND,25.0,65,39,0.113,26,61,0.426,0.426,0.095,26,51,0.51,0.019,0,10,0.0,2024-25,Regular Season,2 Dribbles
1626145,Tyus Jones,1610612756,PHX,29.0,81,40,0.089,18,61,0.295,0.311,0.073,16,50,0.32,0.016,2,11,0.182,2024-25,Regular Season,2 Dribbles
1628401,Derrick White,1610612738,BOS,30.0,76,45,0.063,31,60,0.517,0.6,0.033,21,32,0.656,0.029,10,28,0.357,2024-25,Regular Season,2 Dribbles
1631095,Jabari Smith Jr.,1610612745,HOU,22.0,57,44,0.106,27,60,0.45,0.475,0.092,24,52,0.462,0.014,3,8,0.375,2024-25,Regular Season,2 Dribbles
202695,Kawhi Leonard,1610612746,LAC,34.0,37,30,0.095,34,59,0.576,0.602,0.088,31,55,0.564,0.006,3,4,0.75,2024-25,Regular Season,2 Dribbles
1628381,John Collins,1610612762,UTA,27.0,40,29,0.111,27,59,0.458,0.458,0.111,27,59,0.458,0.0,0,0,,2024-25,Regular Season,2 Dribbles
1629651,Nic Claxton,1610612751,BKN,26.0,70,41,0.104,23,59,0.39,0.39,0.104,23,59,0.39,0.0,0,0,,2024-25,Regular Season,2 Dribbles
1642261,Dalton Knecht,1610612747,LAL,24.0,78,36,0.104,28,58,0.483,0.526,0.084,23,47,0.489,0.02,5,11,0.455,2024-25,Regular Season,2 Dribbles
1631093,Jaden Ivey,1610612765,DET,23.0,30,25,0.14,27,58,0.466,0.517,0.094,21,39,0.538,0.046,6,19,0.316,2024-25,Regular Season,2 Dribbles
1626156,D'Angelo Russell,1610612751,BKN,29.0,58,34,0.089,32,57,0.561,0.632,0.06,24,38,0.632,0.03,8,19,0.421,2024-25,Regular Season,2 Dribbles
1628978,Donte DiVincenzo,1610612750,MIN,28.0,62,36,0.096,30,57,0.526,0.605,0.057,21,34,0.618,0.039,9,23,0.391,2024-25,Regular Season,2 Dribbles
1642347,Jamal Shead,1610612761,TOR,22.0,75,44,0.113,27,57,0.474,0.526,0.082,21,41,0.512,0.032,6,16,0.375,2024-25,Regular Season,2 Dribbles
1630193,Immanuel Quickley,1610612761,TOR,26.0,33,26,0.13,27,57,0.474,0.561,0.075,17,33,0.515,0.055,10,24,0.417,2024-25,Regular Season,2 Dribbles
201950,Jrue Holiday,1610612738,BOS,35.0,62,37,0.101,26,57,0.456,0.491,0.071,22,40,0.55,0.03,4,17,0.235,2024-25,Regular Season,2 Dribbles
1626167,Myles Turner,1610612754,IND,29.0,72,42,0.07,17,57,0.298,0.298,0.062,17,50,0.34,0.009,0,7,0.0,2024-25,Regular Season,2 Dribbles
1642273,Kyshawn George,1610612764,WAS,21.0,68,37,0.103,18,56,0.321,0.33,0.081,17,44,0.386,0.022,1,12,0.083,2024-25,Regular Season,2 Dribbles
1641708,Amen Thompson,1610612745,HOU,22.0,69,37,0.079,29,55,0.527,0.536,0.072,28,50,0.56,0.007,1,5,0.2,2024-25,Regular Season,2 Dribbles
1627742,Brandon Ingram,1610612761,TOR,27.0,18,17,0.165,26,55,0.473,0.482,0.144,25,48,0.521,0.021,1,7,0.143,2024-25,Regular Season,2 Dribbles
1630534,Ochai Agbaji,1610612761,TOR,25.0,64,40,0.103,25,55,0.455,0.464,0.099,24,53,0.453,0.004,1,2,0.5,2024-25,Regular Season,2 Dribbles
203937,Kyle Anderson,1610612748,MIA,31.0,61,34,0.183,25,55,0.455,0.455,0.179,25,54,0.463,0.003,0,1,0.0,2024-25,Regular Season,2 Dribbles
1641706,Brandon Miller,1610612766,CHA,22.0,27,22,0.112,25,55,0.455,0.555,0.055,14,27,0.519,0.057,11,28,0.393,2024-25,Regular Season,2 Dribbles
1631165,Keon Ellis,1610612758,SAC,25.0,80,41,0.119,22,55,0.4,0.473,0.08,14,37,0.378,0.039,8,18,0.444,2024-25,Regular Season,2 Dribbles
1627734,Domantas Sabonis,1610612758,SAC,29.0,70,35,0.06,28,54,0.519,0.519,0.06,28,54,0.519,0.0,0,0,,2024-25,Regular Season,2 Dribbles
203552,Seth Curry,1610612766,CHA,34.0,68,36,0.157,26,54,0.481,0.528,0.131,21,45,0.467,0.026,5,9,0.556,2024-25,Regular Season,2 Dribbles
1641717,Cason Wallace,1610612760,OKC,21.0,68,36,0.11,24,54,0.444,0.472,0.098,21,48,0.438,0.012,3,6,0.5,2024-25,Regular Season,2 Dribbles
1626166,Cameron Payne,1610612752,NYK,30.0,71,36,0.123,22,54,0.407,0.472,0.077,15,34,0.441,0.046,7,20,0.35,2024-25,Regular Season,2 Dribbles
1631213,Tyrese Martin,1610612751,BKN,26.0,60,34,0.116,18,54,0.333,0.352,0.095,16,44,0.364,0.022,2,10,0.2,2024-25,Regular Season,2 Dribbles
1628379,Luke Kennard,1610612763,MEM,29.0,64,32,0.125,25,53,0.472,0.491,0.101,23,43,0.535,0.024,2,10,0.2,2024-25,Regular Season,2 Dribbles
1630625,Dalano Banton,1610612757,POR,25.0,67,34,0.105,18,53,0.34,0.368,0.085,15,43,0.349,0.02,3,10,0.3,2024-25,Regular Season,2 Dribbles
1642271,Kyle Filipowski,1610612762,UTA,21.0,72,32,0.1,28,52,0.538,0.558,0.091,26,47,0.553,0.01,2,5,0.4,2024-25,Regular Season,2 Dribbles
1630577,Julian Champagnie,1610612759,SAS,24.0,82,38,0.078,21,52,0.404,0.442,0.063,17,42,0.405,0.015,4,10,0.4,2024-25,Regular Season,2 Dribbles
1630228,Jonathan Kuminga,1610612744,GSW,22.0,47,28,0.092,20,52,0.385,0.385,0.081,20,46,0.435,0.011,0,6,0.0,2024-25,Regular Season,2 Dribbles
1641741,Ricky Council IV,1610612755,PHI,23.0,73,33,0.112,18,52,0.346,0.346,0.086,18,40,0.45,0.026,0,12,0.0,2024-25,Regular Season,2 Dribbles
1641715,Cam Whitmore,1610612745,HOU,20.0,51,27,0.127,29,51,0.569,0.618,0.087,24,35,0.686,0.04,5,16,0.313,2024-25,Regular Season,2 Dribbles
1642377,Jaylen Wells,1610612763,MEM,21.0,78,40,0.076,29,51,0.569,0.618,0.055,24,37,0.649,0.021,5,14,0.357,2024-25,Regular Season,2 Dribbles
1641824,Matas Buzelis,1610612741,CHI,20.0,80,35,0.092,28,51,0.549,0.569,0.081,26,45,0.578,0.011,2,6,0.333,2024-25,Regular Season,2 Dribbles
1630541,Moses Moody,1610612744,GSW,23.0,74,38,0.09,24,51,0.471,0.49,0.083,22,47,0.468,0.007,2,4,0.5,2024-25,Regular Season,2 Dribbles
1630533,Ziaire Williams,1610612751,BKN,23.0,63,39,0.098,19,51,0.373,0.373,0.088,19,46,0.413,0.01,0,5,0.0,2024-25,Regular Season,2 Dribbles
1630198,Isaiah Joe,1610612760,OKC,25.0,74,38,0.087,17,51,0.333,0.382,0.043,12,25,0.48,0.044,5,26,0.192,2024-25,Regular Season,2 Dribbles
1631222,Jake LaRavia,1610612758,SAC,23.0,66,33,0.148,18,50,0.36,0.37,0.134,17,45,0.378,0.015,1,5,0.2,2024-25,Regular Season,2 Dribbles
1627824,Guerschon Yabusele,1610612755,PHI,29.0,70,30,0.087,32,49,0.653,0.663,0.085,31,48,0.646,0.002,1,1,1.0,2024-25,Regular Season,2 Dribbles
203114,Khris Middleton,1610612764,WAS,33.0,37,25,0.142,25,48,0.521,0.563,0.11,21,37,0.568,0.033,4,11,0.364,2024-25,Regular Season,2 Dribbles
1641783,Tristan da Silva,1610612753,ORL,24.0,74,33,0.099,20,48,0.417,0.448,0.077,17,37,0.459,0.023,3,11,0.273,2024-25,Regular Season,2 Dribbles
204001,Kristaps Porziņģis,1610612738,BOS,29.0,42,32,0.086,18,48,0.375,0.375,0.083,18,46,0.391,0.004,0,2,0.0,2024-25,Regular Season,2 Dribbles
1641716,Jarace Walker,1610612754,IND,21.0,75,33,0.131,23,47,0.489,0.543,0.097,18,35,0.514,0.033,5,12,0.417,2024-25,Regular Season,2 Dribbles
1641733,Nick Smith Jr.,1610612766,CHA,21.0,60,33,0.083,17,47,0.362,0.383,0.056,15,32,0.469,0.026,2,15,0.133,2024-25,Regular Season,2 Dribbles
1631323,Simone Fontecchio,1610612765,DET,29.0,75,34,0.126,15,47,0.319,0.319,0.118,15,44,0.341,0.008,0,3,0.0,2024-25,Regular Season,2 Dribbles
203954,Joel Embiid,1610612755,PHI,31.0,19,15,0.146,29,46,0.63,0.63,0.146,29,46,0.63,0.0,0,0,,2024-25,Regular Season,2 Dribbles
1631106,Tari Eason,1610612745,HOU,24.0,57,31,0.082,26,46,0.565,0.576,0.079,25,44,0.568,0.004,1,2,0.5,2024-25,Regular Season,2 Dribbles
1630527,Brandon Boston,1610612740,NOP,23.0,42,27,0.121,21,46,0.457,0.489,0.1,18,38,0.474,0.021,3,8,0.375,2024-25,Regular Season,2 Dribbles
101108,Chris Paul,1610612759,SAS,40.0,82,34,0.079,18,46,0.391,0.489,0.029,9,17,0.529,0.05,9,29,0.31,2024-25,Regular Season,2 Dribbles
1631212,Peyton Watson,1610612743,DEN,22.0,68,31,0.107,18,45,0.4,0.4,0.107,18,45,0.4,0.0,0,0,,2024-25,Regular Season,2 Dribbles
1627749,Dejounte Murray,1610612740,NOP,28.0,31,24,0.089,26,44,0.591,0.648,0.069,21,34,0.618,0.02,5,10,0.5,2024-25,Regular Season,2 Dribbles
1642266,Ja'Kobe Walter,1610612761,TOR,20.0,52,29,0.112,19,44,0.432,0.466,0.097,16,38,0.421,0.015,3,6,0.5,2024-25,Regular Season,2 Dribbles
203992,Bogdan Bogdanović,1610612746,LAC,32.0,54,28,0.089,17,44,0.386,0.398,0.071,16,35,0.457,0.018,1,9,0.111,2024-25,Regular Season,2 Dribbles
1630182,Josh Green,1610612766,CHA,24.0,68,36,0.105,17,44,0.386,0.398,0.095,16,40,0.4,0.01,1,4,0.25,2024-25,Regular Season,2 Dribbles
1629216,Gabe Vincent,1610612747,LAL,29.0,72,32,0.102,21,43,0.488,0.535,0.071,17,30,0.567,0.031,4,13,0.308,2024-25,Regular Season,2 Dribbles
1630591,Jalen Suggs,1610612753,ORL,24.0,35,20,0.089,18,43,0.419,0.5,0.054,11,26,0.423,0.035,7,17,0.412,2024-25,Regular Season,2 Dribbles
1629611,Terance Mann,1610612737,ATL,28.0,67,29,0.102,21,42,0.5,0.512,0.082,20,34,0.588,0.019,1,8,0.125,2024-25,Regular Season,2 Dribbles
1630200,Tre Jones,1610612741,CHI,25.0,46,23,0.176,19,42,0.452,0.452,0.172,19,41,0.463,0.004,0,1,0.0,2024-25,Regular Season,2 Dribbles
1630558,Davion Mitchell,1610612748,MIA,26.0,74,35,0.088,19,42,0.452,0.512,0.059,14,28,0.5,0.029,5,14,0.357,2024-25,Regular Season,2 Dribbles
1631170,Jaime Jaquez Jr.,1610612748,MIA,24.0,66,27,0.091,16,42,0.381,0.381,0.091,16,42,0.381,0.0,0,0,,2024-25,Regular Season,2 Dribbles
1629655,Daniel Gafford,1610612742,DAL,26.0,57,30,0.102,26,41,0.634,0.634,0.102,26,41,0.634,0.0,0,0,,2024-25,Regular Season,2 Dribbles
1629006,Josh Okogie,1610612766,CHA,26.0,40,23,0.193,23,41,0.561,0.585,0.175,21,37,0.568,0.019,2,4,0.5,2024-25,Regular Season,2 Dribbles
1630548,Johnny Juzang,1610612762,UTA,24.0,64,30,0.086,21,41,0.512,0.537,0.063,19,30,0.633,0.023,2,11,0.182,2024-25,Regular Season,2 Dribbles
1630175,Cole Anthony,1610612763,MEM,25.0,67,30,0.076,21,41,0.512,0.573,0.055,16,30,0.533,0.02,5,11,0.455,2024-25,Regular Season,2 Dribbles
1630202,Payton Pritchard,1610612738,BOS,27.0,80,31,0.048,18,41,0.439,0.524,0.021,11,18,0.611,0.027,7,23,0.304,2024-25,Regular Season,2 Dribbles
1642367,Jonathan Mogbo,1610612761,TOR,23.0,63,26,0.115,16,41,0.39,0.39,0.115,16,41,0.39,0.0,0,0,,2024-25,Regular Season,2 Dribbles
1628976,Wendell Carter Jr.,1610612753,ORL,26.0,68,30,0.084,15,41,0.366,0.366,0.084,15,41,0.366,0.0,0,0,,2024-25,Regular Season,2 Dribbles
1629028,Deandre Ayton,1610612757,POR,26.0,40,22,0.085,20,40,0.5,0.5,0.085,20,40,0.5,0.0,0,0,,2024-25,Regular Season,2 Dribbles
1631107,Nikola Jović,1610612748,MIA,22.0,46,25,0.106,18,40,0.45,0.45,0.098,18,37,0.486,0.008,0,3,0.0,2024-25,Regular Season,2 Dribbles
1631105,Jalen Duren,1610612765,DET,21.0,78,33,0.073,17,40,0.425,0.425,0.073,17,40,0.425,0.0,0,0,,2024-25,Regular Season,2 Dribbles
1642348,Justin Edwards,1610612755,PHI,21.0,44,24,0.103,25,39,0.641,0.692,0.088,21,33,0.636,0.016,4,6,0.667,2024-25,Regular Season,2 Dribbles
1626220,Royce O'Neale,1610612756,PHX,32.0,75,27,0.068,13,39,0.333,0.346,0.058,12,33,0.364,0.011,1,6,0.167,2024-25,Regular Season,2 Dribbles
1642346,Ryan Dunn,1610612756,PHX,22.0,74,31,0.08,18,38,0.474,0.474,0.078,18,37,0.486,0.002,0,1,0.0,2024-25,Regular Season,2 Dribbles
1630168,Onyeka Okongwu,1610612737,ATL,24.0,74,27,0.056,17,38,0.447,0.447,0.054,17,37,0.459,0.001,0,1,0.0,2024-25,Regular Season,2 Dribbles
1631110,Jeremy Sochan,1610612759,SAS,22.0,54,23,0.081,16,38,0.421,0.434,0.077,15,36,0.417,0.004,1,2,0.5,2024-25,Regular Season,2 Dribbles
1642275,Tidjane Salaün,1610612766,CHA,19.0,60,29,0.11,13,38,0.342,0.395,0.07,9,24,0.375,0.041,4,14,0.286,2024-25,Regular Season,2 Dribbles
203482,Kelly Olynyk,1610612740,NOP,34.0,44,24,0.142,13,38,0.342,0.355,0.138,12,37,0.324,0.004,1,1,1.0,2024-25,Regular Season,2 Dribbles
1627751,Jakob Poeltl,1610612761,TOR,29.0,57,27,0.064,18,37,0.486,0.486,0.062,18,36,0.5,0.002,0,1,0.0,2024-25,Regular Season,2 Dribbles
1642262,Cody Williams,1610612762,UTA,20.0,50,28,0.144,11,37,0.297,0.311,0.132,10,34,0.294,0.012,1,3,0.333,2024-25,Regular Season,2 Dribbles
1629026,Kenrich Williams,1610612760,OKC,30.0,69,27,0.102,18,36,0.5,0.514,0.088,17,31,0.548,0.014,1,5,0.2,2024-25,Regular Season,2 Dribbles
203994,Jusuf Nurkić,1610612766,CHA,30.0,51,26,0.102,17,36,0.472,0.472,0.094,17,33,0.515,0.009,0,3,0.0,2024-25,Regular Season,2 Dribbles
1631096,Chet Holmgren,1610612760,OKC,23.0,32,21,0.106,14,36,0.389,0.389,0.1,14,34,0.412,0.006,0,2,0.0,2024-25,Regular Season,2 Dribbles
1628998,Cody Martin,1610612756,PHX,29.0,53,24,0.108,22,35,0.629,0.671,0.092,19,30,0.633,0.015,3,5,0.6,2024-25,Regular Season,2 Dribbles
1630572,Sandro Mamukelashvili,1610612759,SAS,26.0,61,23,0.125,20,35,0.571,0.586,0.117,19,33,0.576,0.007,1,2,0.5,2024-25,Regular Season,2 Dribbles
1642274,Yves Missi,1610612740,NOP,21.0,73,32,0.071,18,35,0.514,0.514,0.071,18,35,0.514,0.0,0,0,,2024-25,Regular Season,2 Dribbles
1627739,Kris Dunn,1610612746,LAC,31.0,74,24,0.08,17,35,0.486,0.486,0.078,17,34,0.5,0.002,0,1,0.0,2024-25,Regular Season,2 Dribbles
1629652,Luguentz Dort,1610612760,OKC,26.0,71,26,0.059,16,35,0.457,0.543,0.044,10,26,0.385,0.015,6,9,0.667,2024-25,Regular Season,2 Dribbles
1630570,Trendon Watford,1610612751,BKN,24.0,44,20,0.1,14,35,0.4,0.4,0.089,14,31,0.452,0.011,0,4,0.0,2024-25,Regular Season,2 Dribbles
1629003,Shake Milton,1610612747,LAL,28.0,57,25,0.134,19,34,0.559,0.559,0.118,19,30,0.633,0.016,0,4,0.0,2024-25,Regular Season,2 Dribbles
1630215,Jared Butler,1610612755,PHI,24.0,60,24,0.075,16,34,0.471,0.529,0.049,12,22,0.545,0.026,4,12,0.333,2024-25,Regular Season,2 Dribbles
1630173,Precious Achiuwa,1610612752,NYK,25.0,56,23,0.105,16,34,0.471,0.471,0.102,16,33,0.485,0.003,0,1,0.0,2024-25,Regular Season,2 Dribbles
1630702,Jaden Hardy,1610612742,DAL,22.0,57,28,0.082,15,34,0.441,0.441,0.073,15,30,0.5,0.01,0,4,0.0,2024-25,Regular Season,2 Dribbles
1630551,Justin Champagnie,1610612764,WAS,24.0,62,24,0.083,13,34,0.382,0.382,0.071,13,29,0.448,0.012,0,5,0.0,2024-25,Regular Season,2 Dribbles
1628971,Bruce Brown,1610612740,NOP,28.0,41,25,0.11,13,34,0.382,0.382,0.107,13,33,0.394,0.003,0,1,0.0,2024-25,Regular Season,2 Dribbles
1641810,Antonio Reeves,1610612740,NOP,24.0,44,19,0.133,16,33,0.485,0.5,0.109,15,27,0.556,0.024,1,6,0.167,2024-25,Regular Season,2 Dribbles
1631204,Marcus Sasser,1610612765,DET,24.0,57,23,0.112,16,33,0.485,0.591,0.061,9,18,0.5,0.051,7,15,0.467,2024-25,Regular Season,2 Dribbles
1630631,Jose Alvarado,1610612740,NOP,27.0,56,22,0.063,13,33,0.394,0.455,0.035,9,18,0.5,0.029,4,15,0.267,2024-25,Regular Season,2 Dribbles
1630526,Jeremiah Robinson-Earl,1610612740,NOP,24.0,66,23,0.095,13,33,0.394,0.394,0.086,13,30,0.433,0.009,0,3,0.0,2024-25,Regular Season,2 Dribbles
203110,Draymond Green,1610612744,GSW,35.0,68,24,0.065,13,33,0.394,0.394,0.063,13,32,0.406,0.002,0,1,0.0,2024-25,Regular Season,2 Dribbles
203995,Vasilije Micic,1610612756,PHX,31.0,41,20,0.121,10,33,0.303,0.333,0.095,8,26,0.308,0.026,2,7,0.286,2024-25,Regular Season,2 Dribbles
1626192,Pat Connaughton,1610612749,MIL,32.0,41,19,0.181,19,32,0.594,0.625,0.164,17,29,0.586,0.017,2,3,0.667,2024-25,Regular Season,2 Dribbles
1626168,Trey Lyles,1610612758,SAC,29.0,69,26,0.086,13,32,0.406,0.406,0.086,13,32,0.406,0.0,0,0,,2024-25,Regular Season,2 Dribbles
1629622,Max Strus,1610612739,CLE,29.0,50,24,0.086,11,32,0.344,0.375,0.046,9,17,0.529,0.04,2,15,0.133,2024-25,Regular Season,2 Dribbles
1628449,Chris Boucher,1610612761,TOR,32.0,50,23,0.084,17,31,0.548,0.548,0.081,17,30,0.567,0.003,0,1,0.0,2024-25,Regular Season,2 Dribbles
1642354,KJ Simpson,1610612766,CHA,22.0,36,23,0.103,16,31,0.516,0.548,0.086,14,26,0.538,0.017,2,5,0.4,2024-25,Regular Season,2 Dribbles
1628386,Jarrett Allen,1610612739,CLE,27.0,82,28,0.047,19,30,0.633,0.633,0.047,19,30,0.633,0.0,0,0,,2024-25,Regular Season,2 Dribbles
1629634,Brandon Clarke,1610612763,MEM,28.0,63,20,0.08,18,30,0.6,0.6,0.08,18,30,0.6,0.0,0,0,,2024-25,Regular Season,2 Dribbles
1630573,Sam Hauser,1610612738,BOS,27.0,71,21,0.064,18,30,0.6,0.7,0.041,12,19,0.632,0.023,6,11,0.545,2024-25,Regular Season,2 Dribbles
1641724,Jett Howard,1610612753,ORL,21.0,60,23,0.115,12,30,0.4,0.45,0.061,9,16,0.563,0.053,3,14,0.214,2024-25,Regular Season,2 Dribbles
203932,Aaron Gordon,1610612743,DEN,29.0,51,24,0.06,12,30,0.4,0.467,0.042,8,21,0.381,0.018,4,9,0.444,2024-25,Regular Season,2 Dribbles
202692,Alec Burks,1610612748,MIA,33.0,49,21,0.111,11,30,0.367,0.45,0.07,6,19,0.316,0.041,5,11,0.455,2024-25,Regular Season,2 Dribbles
1631200,Kris Murray,1610612757,POR,24.0,69,23,0.104,14,29,0.483,0.5,0.1,13,28,0.464,0.004,1,1,1.0,2024-25,Regular Season,2 Dribbles
1629021,Moritz Wagner,1610612753,ORL,28.0,30,19,0.112,16,28,0.571,0.571,0.112,16,28,0.571,0.0,0,0,,2024-25,Regular Season,2 Dribbles
1627936,Alex Caruso,1610612760,OKC,31.0,54,21,0.089,16,28,0.571,0.571,0.076,16,24,0.667,0.013,0,4,0.0,2024-25,Regular Season,2 Dribbles
1628997,Caleb Martin,1610612742,DAL,29.0,45,21,0.092,13,28,0.464,0.464,0.079,13,24,0.542,0.013,0,4,0.0,2024-25,Regular Season,2 Dribbles
1642419,Jamison Battle,1610612761,TOR,24.0,59,23,0.081,12,28,0.429,0.482,0.066,9,23,0.391,0.014,3,5,0.6,2024-25,Regular Season,2 Dribbles
203935,Marcus Smart,1610612764,WAS,31.0,34,17,0.109,11,28,0.393,0.5,0.062,5,16,0.313,0.047,6,12,0.5,2024-25,Regular Season,2 Dribbles
1641774,Tristan Vukcevic,1610612764,WAS,22.0,35,15,0.116,10,28,0.357,0.375,0.099,9,24,0.375,0.017,1,4,0.25,2024-25,Regular Season,2 Dribbles
1627763,Malcolm Brogdon,1610612764,WAS,32.0,24,17,0.117,10,28,0.357,0.357,0.104,10,25,0.4,0.013,0,3,0.0,2024-25,Regular Season,2 Dribbles
1630188,Jalen Smith,1610612741,CHI,25.0,64,22,0.066,12,27,0.444,0.444,0.066,12,27,0.444,0.0,0,0,,2024-25,Regular Season,2 Dribbles
1629610,DaQuan Jeffries,1610612766,CHA,27.0,47,20,0.093,12,27,0.444,0.481,0.086,10,25,0.4,0.007,2,2,1.0,2024-25,Regular Season,2 Dribbles
1629013,Landry Shamet,1610612752,NYK,28.0,49,20,0.118,11,27,0.407,0.407,0.092,11,21,0.524,0.026,0,6,0.0,2024-25,Regular Season,2 Dribbles
1641713,GG Jackson,1610612763,MEM,20.0,29,16,0.136,9,27,0.333,0.333,0.131,9,26,0.346,0.005,0,1,0.0,2024-25,Regular Season,2 Dribbles
1630288,Jeff Dowtin Jr.,1610612755,PHI,28.0,41,14,0.113,15,26,0.577,0.635,0.096,12,22,0.545,0.017,3,4,0.75,2024-25,Regular Season,2 Dribbles
1631207,Dalen Terry,1610612741,CHI,22.0,73,22,0.097,14,26,0.538,0.538,0.093,14,25,0.56,0.004,0,1,0.0,2024-25,Regular Season,2 Dribbles
1629048,Goga Bitadze,1610612753,ORL,25.0,70,21,0.077,12,26,0.462,0.462,0.074,12,25,0.48,0.003,0,1,0.0,2024-25,Regular Season,2 Dribbles
1629004,Svi Mykhailiuk,1610612762,UTA,28.0,38,19,0.086,12,26,0.462,0.519,0.053,9,16,0.563,0.033,3,10,0.3,2024-25,Regular Season,2 Dribbles
1631157,Ryan Rollins,1610612749,MIL,22.0,56,20,0.096,11,26,0.423,0.442,0.081,10,22,0.455,0.015,1,4,0.25,2024-25,Regular Season,2 Dribbles
1628392,Isaiah Hartenstein,1610612760,OKC,27.0,57,19,0.054,11,26,0.423,0.423,0.054,11,26,0.423,0.0,0,0,,2024-25,Regular Season,2 Dribbles
1631104,Blake Wesley,1610612759,SAS,22.0,58,16,0.134,15,25,0.6,0.6,0.134,15,25,0.6,0.0,0,0,,2024-25,Regular Season,2 Dribbles
1641787,Tosan Evbuomwan,1610612751,BKN,24.0,28,19,0.114,8,25,0.32,0.32,0.114,8,25,0.32,0.0,0,0,,2024-25,Regular Season,2 Dribbles
1641730,Noah Clowney,1610612751,BKN,20.0,46,17,0.067,7,25,0.28,0.3,0.054,6,20,0.3,0.013,1,5,0.2,2024-25,Regular Season,2 Dribbles
1630256,Jae'Sean Tate,1610612745,HOU,29.0,52,15,0.162,15,24,0.625,0.625,0.162,15,24,0.625,0.0,0,0,,2024-25,Regular Season,2 Dribbles
1641796,Pelle Larsson,1610612748,MIA,24.0,55,17,0.118,12,24,0.5,0.5,0.108,12,22,0.545,0.01,0,2,0.0,2024-25,Regular Season,2 Dribbles
1630545,Terrence Shannon Jr.,1610612750,MIN,24.0,32,15,0.211,12,24,0.5,0.5,0.202,12,23,0.522,0.009,0,1,0.0,2024-25,Regular Season,2 Dribbles
1629022,Lonnie Walker IV,1610612755,PHI,26.0,20,15,0.113,11,24,0.458,0.542,0.066,7,14,0.5,0.047,4,10,0.4,2024-25,Regular Season,2 Dribbles
1642349,Ajay Mitchell,1610612760,OKC,23.0,36,20,0.13,11,24,0.458,0.5,0.108,9,20,0.45,0.022,2,4,0.5,2024-25,Regular Season,2 Dribbles
1626172,Kevon Looney,1610612744,GSW,29.0,76,22,0.087,11,24,0.458,0.458,0.084,11,23,0.478,0.004,0,1,0.0,2024-25,Regular Season,2 Dribbles
1629312,Haywood Highsmith,1610612748,MIA,28.0,74,19,0.062,11,24,0.458,0.5,0.051,9,20,0.45,0.01,2,4,0.5,2024-25,Regular Season,2 Dribbles
1630249,Vít Krejčí,1610612737,ATL,25.0,57,21,0.079,14,23,0.609,0.63,0.072,13,21,0.619,0.007,1,2,0.5,2024-25,Regular Season,2 Dribbles
1631245,Quenton Jackson,1610612754,IND,26.0,28,13,0.189,12,23,0.522,0.543,0.18,11,22,0.5,0.008,1,1,1.0,2024-25,Regular Season,2 Dribbles
1642272,Jared McCain,1610612755,PHI,21.0,23,12,0.084,12,23,0.522,0.587,0.051,9,14,0.643,0.033,3,9,0.333,2024-25,Regular Season,2 Dribbles
1630549,Day'Ron Sharpe,1610612751,BKN,23.0,50,19,0.073,12,23,0.522,0.522,0.073,12,23,0.522,0.0,0,0,,2024-25,Regular Season,2 Dribbles
1630529,Herbert Jones,1610612740,NOP,26.0,20,17,0.134,11,23,0.478,0.478,0.128,11,22,0.5,0.006,0,1,0.0,2024-25,Regular Season,2 Dribbles
1629659,Talen Horton-Tucker,1610612741,CHI,24.0,58,18,0.079,10,23,0.435,0.457,0.069,9,20,0.45,0.01,1,3,0.333,2024-25,Regular Season,2 Dribbles
1631115,Orlando Robinson,1610612761,TOR,24.0,44,17,0.088,10,23,0.435,0.435,0.084,10,22,0.455,0.004,0,1,0.0,2024-25,Regular Season,2 Dribbles
203083,Andre Drummond,1610612755,PHI,31.0,40,16,0.098,9,23,0.391,0.391,0.094,9,22,0.409,0.004,0,1,0.0,2024-25,Regular Season,2 Dribbles
1627827,Dorian Finney-Smith,1610612747,LAL,32.0,63,17,0.053,9,23,0.391,0.391,0.051,9,22,0.409,0.002,0,1,0.0,2024-25,Regular Season,2 Dribbles
1631288,Jamal Cain,1610612740,NOP,26.0,37,13,0.139,12,22,0.545,0.568,0.12,11,19,0.579,0.019,1,3,0.333,2024-25,Regular Season,2 Dribbles
1631133,Jabari Walker,1610612757,POR,22.0,60,16,0.096,9,22,0.409,0.409,0.096,9,22,0.409,0.0,0,0,,2024-25,Regular Season,2 Dribbles
1629750,Javonte Green,1610612739,CLE,31.0,68,19,0.076,6,22,0.273,0.273,0.076,6,22,0.273,0.0,0,0,,2024-25,Regular Season,2 Dribbles
1630643,Jay Huff,1610612763,MEM,27.0,64,17,0.069,13,21,0.619,0.619,0.069,13,21,0.619,0.0,0,0,,2024-25,Regular Season,2 Dribbles
1631260,AJ Green,1610612749,MIL,25.0,73,20,0.05,11,21,0.524,0.643,0.026,6,11,0.545,0.024,5,10,0.5,2024-25,Regular Season,2 Dribbles
201569,Eric Gordon,1610612755,PHI,36.0,39,16,0.103,8,21,0.381,0.405,0.078,7,16,0.438,0.025,1,5,0.2,2024-25,Regular Season,2 Dribbles
1628420,Monte Morris,1610612756,PHX,30.0,45,18,0.108,6,21,0.286,0.31,0.097,5,19,0.263,0.01,1,2,0.5,2024-25,Regular Season,2 Dribbles
1627780,Gary Payton II,1610612744,GSW,32.0,62,17,0.067,15,20,0.75,0.775,0.064,14,19,0.737,0.003,1,1,1.0,2024-25,Regular Season,2 Dribbles
1642265,Rob Dillingham,1610612750,MIN,20.0,49,15,0.095,11,20,0.55,0.575,0.076,10,16,0.625,0.019,1,4,0.25,2024-25,Regular Season,2 Dribbles
1627732,Ben Simmons,1610612746,LAC,28.0,51,16,0.09,10,20,0.5,0.5,0.09,10,20,0.5,0.0,0,0,,2024-25,Regular Season,2 Dribbles
1628988,Aaron Holiday,1610612745,HOU,28.0,62,15,0.075,10,20,0.5,0.55,0.052,8,14,0.571,0.022,2,6,0.333,2024-25,Regular Season,2 Dribbles
1631109,Mark Williams,1610612766,CHA,23.0,44,17,0.045,10,20,0.5,0.5,0.045,10,20,0.5,0.0,0,0,,2024-25,Regular Season,2 Dribbles
1641721,Maxwell Lewis,1610612751,BKN,22.0,28,11,0.185,8,20,0.4,0.4,0.148,8,16,0.5,0.037,0,4,0.0,2024-25,Regular Season,2 Dribbles
1629726,Garrison Mathews,1610612737,ATL,28.0,47,18,0.078,7,20,0.35,0.375,0.058,6,15,0.4,0.019,1,5,0.2,2024-25,Regular Season,2 Dribbles
1642263,Reed Sheppard,1610612745,HOU,21.0,52,18,0.084,4,20,0.2,0.2,0.063,4,15,0.267,0.021,0,5,0.0,2024-25,Regular Season,2 Dribbles
1631217,Moussa Diabate,1610612766,CHA,23.0,71,13,0.068,13,19,0.684,0.684,0.068,13,19,0.684,0.0,0,0,,2024-25,Regular Season,2 Dribbles
201143,Al Horford,1610612738,BOS,39.0,60,16,0.042,8,19,0.421,0.421,0.042,8,19,0.421,0.0,0,0,,2024-25,Regular Season,2 Dribbles
1630243,Trevelin Queen,1610612753,ORL,28.0,31,13,0.129,7,19,0.368,0.395,0.095,6,14,0.429,0.034,1,5,0.2,2024-25,Regular Season,2 Dribbles
1642358,AJ Johnson,1610612764,WAS,20.0,29,11,0.089,6,19,0.316,0.342,0.07,5,15,0.333,0.019,1,4,0.25,2024-25,Regular Season,2 Dribbles
1641767,Ben Sheppard,1610612754,IND,23.0,63,18,0.066,6,19,0.316,0.342,0.052,5,15,0.333,0.014,1,4,0.25,2024-25,Regular Season,2 Dribbles
1630191,Isaiah Stewart,1610612765,DET,24.0,72,16,0.057,10,18,0.556,0.556,0.054,10,17,0.588,0.003,0,1,0.0,2024-25,Regular Season,2 Dribbles
1630314,Brandon Williams,1610612742,DAL,25.0,33,14,0.096,10,18,0.556,0.556,0.085,10,16,0.625,0.011,0,2,0.0,2024-25,Regular Season,2 Dribbles
1641732,Colby Jones,1610612764,WAS,23.0,39,14,0.14,8,18,0.444,0.5,0.116,6,15,0.4,0.023,2,3,0.667,2024-25,Regular Season,2 Dribbles
203497,Rudy Gobert,1610612750,MIN,33.0,72,17,0.035,8,18,0.444,0.444,0.035,8,18,0.444,0.0,0,0,,2024-25,Regular Season,2 Dribbles
1642276,Kel'el Ware,1610612748,MIA,21.0,64,15,0.039,6,18,0.333,0.333,0.039,6,18,0.333,0.0,0,0,,2024-25,Regular Season,2 Dribbles
202684,Tristan Thompson,1610612739,CLE,34.0,40,10,0.254,6,18,0.333,0.333,0.254,6,18,0.333,0.0,0,0,,2024-25,Regular Season,2 Dribbles
1631103,Malaki Branham,1610612759,SAS,22.0,47,12,0.095,6,18,0.333,0.361,0.084,5,16,0.313,0.011,1,2,0.5,2024-25,Regular Season,2 Dribbles
1631223,David Roddy,1610612745,HOU,24.0,33,13,0.136,11,17,0.647,0.676,0.12,10,15,0.667,0.016,1,2,0.5,2024-25,Regular Season,2 Dribbles
1629234,Drew Eubanks,1610612746,LAC,28.0,61,14,0.088,9,17,0.529,0.559,0.082,8,16,0.5,0.005,1,1,1.0,2024-25,Regular Season,2 Dribbles
1641757,Jordan Miller,1610612746,LAC,25.0,37,11,0.127,8,17,0.471,0.471,0.119,8,16,0.5,0.007,0,1,0.0,2024-25,Regular Season,2 Dribbles
1630171,Isaac Okoro,1610612739,CLE,24.0,55,16,0.064,8,17,0.471,0.471,0.056,8,15,0.533,0.007,0,2,0.0,2024-25,Regular Season,2 Dribbles
1641744,Zach Edey,1610612763,MEM,23.0,65,15,0.04,7,17,0.412,0.412,0.04,7,17,0.412,0.0,0,0,,2024-25,Regular Season,2 Dribbles
203991,Clint Capela,1610612737,ATL,31.0,55,15,0.044,7,17,0.412,0.412,0.044,7,17,0.412,0.0,0,0,,2024-25,Regular Season,2 Dribbles
1629626,Bol Bol,1610612756,PHX,25.0,36,12,0.087,10,16,0.625,0.656,0.066,9,12,0.75,0.022,1,4,0.25,2024-25,Regular Season,2 Dribbles
1631111,Wendell Moore Jr.,1610612766,CHA,23.0,36,13,0.127,9,16,0.563,0.563,0.111,9,14,0.643,0.016,0,2,0.0,2024-25,Regular Season,2 Dribbles
1641854,Craig Porter Jr.,1610612739,CLE,25.0,51,13,0.114,9,16,0.563,0.625,0.071,7,10,0.7,0.043,2,6,0.333,2024-25,Regular Season,2 Dribbles
1641765,Olivier-Maxence Prosper,1610612742,DAL,22.0,52,11,0.092,8,16,0.5,0.5,0.086,8,15,0.533,0.006,0,1,0.0,2024-25,Regular Season,2 Dribbles
1641878,Damion Baugh,1610612766,CHA,24.0,15,9,0.123,5,16,0.313,0.344,0.1,4,13,0.308,0.023,1,3,0.333,2024-25,Regular Season,2 Dribbles
1641763,Julian Phillips,1610612741,CHI,21.0,79,16,0.056,5,16,0.313,0.313,0.056,5,16,0.313,0.0,0,0,,2024-25,Regular Season,2 Dribbles
1630322,Lindy Waters III,1610612765,DET,27.0,52,13,0.065,5,16,0.313,0.344,0.049,4,12,0.333,0.016,1,4,0.25,2024-25,Regular Season,2 Dribbles
1629680,Matisse Thybulle,1610612757,POR,28.0,15,11,0.17,7,15,0.467,0.5,0.148,6,13,0.462,0.023,1,2,0.5,2024-25,Regular Season,2 Dribbles
1641740,Jaylen Clark,1610612750,MIN,23.0,40,10,0.125,7,15,0.467,0.467,0.125,7,15,0.467,0.0,0,0,,2024-25,Regular Season,2 Dribbles
1628380,Zach Collins,1610612741,CHI,27.0,64,11,0.05,7,15,0.467,0.467,0.046,7,14,0.5,0.003,0,1,0.0,2024-25,Regular Season,2 Dribbles
1628365,Markelle Fultz,1610612758,SAC,27.0,21,10,0.224,6,15,0.4,0.4,0.224,6,15,0.4,0.0,0,0,,2024-25,Regular Season,2 Dribbles
1630231,KJ Martin,1610612762,UTA,24.0,43,14,0.075,6,15,0.4,0.4,0.075,6,15,0.4,0.0,0,0,,2024-25,Regular Season,2 Dribbles
1626153,Delon Wright,1610612752,NYK,33.0,40,11,0.115,5,15,0.333,0.333,0.099,5,13,0.385,0.015,0,2,0.0,2024-25,Regular Season,2 Dribbles
1630194,Paul Reed,1610612765,DET,26.0,45,12,0.106,4,15,0.267,0.267,0.099,4,14,0.286,0.007,0,1,0.0,2024-25,Regular Season,2 Dribbles
201145,Jeff Green,1610612745,HOU,38.0,32,10,0.116,9,14,0.643,0.643,0.099,9,12,0.75,0.017,0,2,0.0,2024-25,Regular Season,2 Dribbles
1641737,Adem Bona,1610612755,PHI,22.0,58,13,0.073,8,14,0.571,0.571,0.073,8,14,0.571,0.0,0,0,,2024-25,Regular Season,2 Dribbles
1642281,Jaylon Tyson,1610612739,CLE,22.0,47,10,0.094,8,14,0.571,0.571,0.094,8,14,0.571,0.0,0,0,,2024-25,Regular Season,2 Dribbles
1630639,A.J. Lawson,1610612761,TOR,24.0,26,8,0.074,7,14,0.5,0.536,0.068,6,13,0.462,0.005,1,1,1.0,2024-25,Regular Season,2 Dribbles
1631172,Ousmane Dieng,1610612760,OKC,22.0,37,11,0.112,7,14,0.5,0.5,0.088,7,11,0.636,0.024,0,3,0.0,2024-25,Regular Season,2 Dribbles
1630208,Nick Richards,1610612756,PHX,27.0,57,13,0.04,7,14,0.5,0.5,0.04,7,14,0.5,0.0,0,0,,2024-25,Regular Season,2 Dribbles
1630556,Kessler Edwards,1610612742,DAL,24.0,40,11,0.104,7,14,0.5,0.5,0.104,7,14,0.5,0.0,0,0,,2024-25,Regular Season,2 Dribbles
1627814,Damion Lee,1610612756,PHX,32.0,25,11,0.189,6,14,0.429,0.429,0.189,6,14,0.429,0.0,0,0,,2024-25,Regular Season,2 Dribbles
1641720,Jalen Hood-Schifino,1610612755,PHI,22.0,15,9,0.143,4,14,0.286,0.357,0.082,2,8,0.25,0.061,2,6,0.333,2024-25,Regular Season,2 Dribbles
203957,Dante Exum,1610612742,DAL,29.0,20,10,0.104,3,14,0.214,0.214,0.075,3,10,0.3,0.03,0,4,0.0,2024-25,Regular Season,2 Dribbles
1630692,Jordan Goodwin,1610612747,LAL,26.0,29,11,0.09,7,13,0.538,0.538,0.083,7,12,0.583,0.007,0,1,0.0,2024-25,Regular Season,2 Dribbles
1630241,Sam Merrill,1610612739,CLE,29.0,71,12,0.031,7,13,0.538,0.654,0.012,4,5,0.8,0.019,3,8,0.375,2024-25,Regular Season,2 Dribbles
1631232,Keion Brooks Jr.,1610612740,NOP,24.0,14,9,0.119,7,13,0.538,0.538,0.119,7,13,0.538,0.0,0,0,,2024-25,Regular Season,2 Dribbles
1628366,Lonzo Ball,1610612741,CHI,27.0,35,10,0.053,6,13,0.462,0.577,0.021,3,5,0.6,0.033,3,8,0.375,2024-25,Regular Season,2 Dribbles
1641748,Andre Jackson Jr.,1610612749,MIL,23.0,67,12,0.066,4,13,0.308,0.308,0.061,4,12,0.333,0.005,0,1,0.0,2024-25,Regular Season,2 Dribbles
1630811,Keaton Wallace,1610612737,ATL,26.0,31,9,0.08,4,13,0.308,0.308,0.056,4,9,0.444,0.025,0,4,0.0,2024-25,Regular Season,2 Dribbles
1630658,Colin Castleton,1610612761,TOR,25.0,26,10,0.133,4,13,0.308,0.308,0.133,4,13,0.308,0.0,0,0,,2024-25,Regular Season,2 Dribbles
1630544,Tre Mann,1610612766,CHA,24.0,13,5,0.081,3,13,0.231,0.269,0.05,2,8,0.25,0.031,1,5,0.2,2024-25,Regular Season,2 Dribbles
1641712,Rayan Rupert,1610612757,POR,21.0,52,10,0.085,8,12,0.667,0.708,0.056,7,8,0.875,0.028,1,4,0.25,2024-25,Regular Season,2 Dribbles
202704,Reggie Jackson,1610612755,PHI,35.0,31,11,0.09,7,12,0.583,0.583,0.075,7,10,0.7,0.015,0,2,0.0,2024-25,Regular Season,2 Dribbles
1628975,Jevon Carter,1610612741,CHI,29.0,36,11,0.082,6,12,0.5,0.583,0.041,4,6,0.667,0.041,2,6,0.333,2024-25,Regular Season,2 Dribbles
1631221,Collin Gillespie,1610612756,PHX,26.0,33,11,0.076,4,12,0.333,0.375,0.057,3,9,0.333,0.019,1,3,0.333,2024-25,Regular Season,2 Dribbles
203901,Elfrid Payton,1610612740,NOP,31.0,24,9,0.098,4,12,0.333,0.333,0.098,4,12,0.333,0.0,0,0,,2024-25,Regular Season,2 Dribbles
1630311,Pat Spencer,1610612744,GSW,28.0,39,8,0.119,4,12,0.333,0.333,0.109,4,11,0.364,0.01,0,1,0.0,2024-25,Regular Season,2 Dribbles
1631218,Trayce Jackson-Davis,1610612744,GSW,25.0,62,12,0.04,4,12,0.333,0.333,0.04,4,12,0.333,0.0,0,0,,2024-25,Regular Season,2 Dribbles
1629618,Jalen Pickett,1610612743,DEN,25.0,49,8,0.067,3,12,0.25,0.333,0.033,1,6,0.167,0.033,2,6,0.333,2024-25,Regular Season,2 Dribbles
1641798,Jaylen Martin,1610612764,WAS,21.0,16,8,0.149,7,11,0.636,0.636,0.149,7,11,0.636,0.0,0,0,,2024-25,Regular Season,2 Dribbles
1631169,Josh Minott,1610612750,MIN,22.0,46,9,0.122,7,11,0.636,0.636,0.122,7,11,0.636,0.0,0,0,,2024-25,Regular Season,2 Dribbles
203914,Gary Harris,1610612753,ORL,30.0,48,11,0.083,7,11,0.636,0.682,0.068,6,9,0.667,0.015,1,2,0.5,2024-25,Regular Season,2 Dribbles
1641998,Trey Jemison III,1610612747,LAL,25.0,38,8,0.149,6,11,0.545,0.545,0.149,6,11,0.545,0.0,0,0,,2024-25,Regular Season,2 Dribbles
1630568,Luka Garza,1610612750,MIN,26.0,39,9,0.105,6,11,0.545,0.545,0.095,6,10,0.6,0.01,0,1,0.0,2024-25,Regular Season,2 Dribbles
1631098,Johnny Davis,1610612764,WAS,23.0,34,9,0.141,5,11,0.455,0.455,0.103,5,8,0.625,0.038,0,3,0.0,2024-25,Regular Season,2 Dribbles
1631230,Dominick Barlow,1610612737,ATL,22.0,35,10,0.097,4,11,0.364,0.364,0.097,4,11,0.364,0.0,0,0,,2024-25,Regular Season,2 Dribbles
1628467,Maxi Kleber,1610612747,LAL,33.0,34,10,0.115,4,11,0.364,0.364,0.115,4,11,0.364,0.0,0,0,,2024-25,Regular Season,2 Dribbles
1628371,Jonathan Isaac,1610612753,ORL,27.0,71,10,0.034,1,11,0.091,0.091,0.031,1,10,0.1,0.003,0,1,0.0,2024-25,Regular Season,2 Dribbles
1629731,Dean Wade,1610612739,CLE,28.0,59,10,0.037,8,10,0.8,0.8,0.033,8,9,0.889,0.004,0,1,0.0,2024-25,Regular Season,2 Dribbles
1628963,Marvin Bagley III,1610612763,MEM,26.0,31,9,0.094,6,10,0.6,0.6,0.094,6,10,0.6,0.0,0,0,,2024-25,Regular Season,2 Dribbles
1631216,Caleb Houstan,1610612753,ORL,22.0,58,9,0.053,6,10,0.6,0.6,0.047,6,9,0.667,0.005,0,1,0.0,2024-25,Regular Season,2 Dribbles
1630264,Anthony Gill,1610612764,WAS,32.0,51,8,0.114,5,10,0.5,0.5,0.114,5,10,0.5,0.0,0,0,,2024-25,Regular Season,2 Dribbles
201988,Patty Mills,1610612746,LAC,36.0,29,7,0.104,5,10,0.5,0.55,0.063,4,6,0.667,0.042,1,4,0.25,2024-25,Regular Season,2 Dribbles
1641816,Hunter Tyson,1610612743,DEN,25.0,51,10,0.083,5,10,0.5,0.55,0.067,4,8,0.5,0.017,1,2,0.5,2024-25,Regular Season,2 Dribbles
1630192,Zeke Nnaji,1610612743,DEN,24.0,57,10,0.072,4,10,0.4,0.4,0.072,4,10,0.4,0.0,0,0,,2024-25,Regular Season,2 Dribbles
1629684,Grant Williams,1610612766,CHA,26.0,16,8,0.081,4,10,0.4,0.4,0.081,4,10,0.4,0.0,0,0,,2024-25,Regular Season,2 Dribbles
1631209,Isaiah Wong,1610612766,CHA,24.0,20,8,0.095,3,10,0.3,0.35,0.086,2,9,0.222,0.01,1,1,1.0,2024-25,Regular Season,2 Dribbles
202709,Cory Joseph,1610612753,ORL,33.0,50,10,0.065,3,10,0.3,0.35,0.045,2,7,0.286,0.019,1,3,0.333,2024-25,Regular Season,2 Dribbles
1630699,MarJon Beauchamp,1610612752,NYK,24.0,35,8,0.154,3,10,0.3,0.35,0.108,2,7,0.286,0.046,1,3,0.333,2024-25,Regular Season,2 Dribbles
1641736,Reece Beekman,1610612751,BKN,23.0,36,8,0.093,2,10,0.2,0.2,0.084,2,9,0.222,0.009,0,1,0.0,2024-25,Regular Season,2 Dribbles
1631243,Mouhamed Gueye,1610612737,ATL,22.0,33,8,0.053,7,9,0.778,0.778,0.053,7,9,0.778,0.0,0,0,,2024-25,Regular Season,2 Dribbles
1626158,Richaun Holmes,1610612764,WAS,31.0,31,8,0.065,6,9,0.667,0.667,0.065,6,9,0.667,0.0,0,0,,2024-25,Regular Season,2 Dribbles
1631466,Nate Williams,1610612745,HOU,26.0,20,6,0.145,6,9,0.667,0.667,0.145,6,9,0.667,0.0,0,0,,2024-25,Regular Season,2 Dribbles
1642345,Oso Ighodaro,1610612756,PHX,22.0,61,8,0.048,5,9,0.556,0.556,0.043,5,8,0.625,0.005,0,1,0.0,2024-25,Regular Season,2 Dribbles
1630539,Kai Jones,1610612742,DAL,24.0,40,8,0.083,4,9,0.444,0.444,0.073,4,8,0.5,0.009,0,1,0.0,2024-25,Regular Season,2 Dribbles
1630538,Bones Hyland,1610612750,MIN,24.0,24,7,0.076,4,9,0.444,0.556,0.025,2,3,0.667,0.051,2,6,0.333,2024-25,Regular Season,2 Dribbles
1631197,Jared Rhoden,1610612761,TOR,25.0,14,5,0.103,3,9,0.333,0.389,0.092,2,8,0.25,0.011,1,1,1.0,2024-25,Regular Season,2 Dribbles
1631246,Vince Williams Jr.,1610612763,MEM,24.0,26,8,0.05,6,8,0.75,0.938,0.031,3,5,0.6,0.019,3,3,1.0,2024-25,Regular Season,2 Dribbles
1642285,Cam Spencer,1610612763,MEM,25.0,25,5,0.098,6,8,0.75,0.813,0.061,5,5,1.0,0.037,1,3,0.333,2024-25,Regular Season,2 Dribbles
1630531,Jaden Springer,1610612762,UTA,22.0,43,7,0.089,5,8,0.625,0.688,0.056,4,5,0.8,0.033,1,3,0.333,2024-25,Regular Season,2 Dribbles
1631311,Lester Quinones,1610612740,NOP,24.0,13,4,0.103,4,8,0.5,0.625,0.051,2,4,0.5,0.051,2,4,0.5,2024-25,Regular Season,2 Dribbles
1641723,Kobe Bufkin,1610612737,ATL,21.0,10,6,0.17,4,8,0.5,0.563,0.106,3,5,0.6,0.064,1,3,0.333,2024-25,Regular Season,2 Dribbles
1641871,Duop Reath,1610612757,POR,29.0,46,7,0.048,4,8,0.5,0.563,0.036,3,6,0.5,0.012,1,2,0.5,2024-25,Regular Season,2 Dribbles
1629674,Neemias Queta,1610612738,BOS,25.0,62,5,0.04,3,8,0.375,0.375,0.04,3,8,0.375,0.0,0,0,,2024-25,Regular Season,2 Dribbles
1641738,Kobe Brown,1610612746,LAC,25.0,40,6,0.111,3,8,0.375,0.375,0.111,3,8,0.375,0.0,0,0,,2024-25,Regular Season,2 Dribbles
1642269,Devin Carter,1610612758,SAC,23.0,36,8,0.063,2,8,0.25,0.25,0.055,2,7,0.286,0.008,0,1,0.0,2024-25,Regular Season,2 Dribbles
1642366,Quinten Post,1610612744,GSW,25.0,42,7,0.029,2,8,0.25,0.313,0.022,1,6,0.167,0.007,1,2,0.5,2024-25,Regular Season,2 Dribbles
202066,Garrett Temple,1610612761,TOR,39.0,28,6,0.133,2,8,0.25,0.25,0.117,2,7,0.286,0.017,0,1,0.0,2024-25,Regular Season,2 Dribbles
1629669,Jaylen Nowell,1610612764,WAS,25.0,8,4,0.11,1,8,0.125,0.125,0.096,1,7,0.143,0.014,0,1,0.0,2024-25,Regular Season,2 Dribbles
202693,Markieff Morris,1610612747,LAL,35.0,15,6,0.114,1,8,0.125,0.125,0.114,1,8,0.125,0.0,0,0,,2024-25,Regular Season,2 Dribbles
1628418,Thomas Bryant,1610612754,IND,27.0,66,7,0.022,6,7,0.857,0.857,0.022,6,7,0.857,0.0,0,0,,2024-25,Regular Season,2 Dribbles
201587,Nicolas Batum,1610612746,LAC,36.0,78,7,0.029,4,7,0.571,0.643,0.021,3,5,0.6,0.008,1,2,0.5,2024-25,Regular Season,2 Dribbles
1631119,Jaylin Williams,1610612760,OKC,23.0,47,7,0.032,4,7,0.571,0.571,0.032,4,7,0.571,0.0,0,0,,2024-25,Regular Season,2 Dribbles
1641794,Dillon Jones,1610612760,OKC,23.0,54,7,0.053,4,7,0.571,0.571,0.053,4,7,0.571,0.0,0,0,,2024-25,Regular Season,2 Dribbles
1630550,JT Thor,1610612764,WAS,22.0,20,5,0.119,3,7,0.429,0.429,0.119,3,7,0.429,0.0,0,0,,2024-25,Regular Season,2 Dribbles
1629111,Jock Landale,1610612745,HOU,29.0,42,4,0.046,3,7,0.429,0.429,0.046,3,7,0.429,0.0,0,0,,2024-25,Regular Season,2 Dribbles
1642270,Donovan Clingan,1610612757,POR,21.0,67,7,0.021,2,7,0.286,0.286,0.015,2,5,0.4,0.006,0,2,0.0,2024-25,Regular Season,2 Dribbles
1641745,Adam Flagler,1610612760,OKC,25.0,37,5,0.073,2,7,0.286,0.357,0.031,1,3,0.333,0.042,1,4,0.25,2024-25,Regular Season,2 Dribbles
1641726,Dereck Lively II,1610612742,DAL,21.0,36,6,0.037,2,7,0.286,0.286,0.037,2,7,0.286,0.0,0,0,,2024-25,Regular Season,2 Dribbles
1641727,Dariq Whitehead,1610612751,BKN,20.0,20,6,0.073,1,7,0.143,0.143,0.052,1,5,0.2,0.021,0,2,0.0,2024-25,Regular Season,2 Dribbles
1642277,Johnny Furphy,1610612754,IND,20.0,50,5,0.076,1,7,0.143,0.143,0.065,1,6,0.167,0.011,0,1,0.0,2024-25,Regular Season,2 Dribbles
1630649,Stanley Umude,1610612749,MIL,26.0,22,5,0.269,0,7,0.0,0.0,0.269,0,7,0.0,0.0,0,0,,2024-25,Regular Season,2 Dribbles
1629629,Cam Reddish,1610612747,LAL,25.0,33,6,0.064,5,6,0.833,0.833,0.064,5,6,0.833,0.0,0,0,,2024-25,Regular Season,2 Dribbles
200768,Kyle Lowry,1610612755,PHI,39.0,35,6,0.051,5,6,0.833,1.0,0.026,3,3,1.0,0.026,2,3,0.667,2024-25,Regular Season,2 Dribbles
1631166,Drew Timme,1610612751,BKN,24.0,9,4,0.059,4,6,0.667,0.667,0.059,4,6,0.667,0.0,0,0,,2024-25,Regular Season,2 Dribbles
202687,Bismack Biyombo,1610612759,SAS,32.0,28,6,0.053,4,6,0.667,0.667,0.053,4,6,0.667,0.0,0,0,,2024-25,Regular Season,2 Dribbles
1631248,Baylor Scheierman,1610612738,BOS,24.0,31,4,0.055,4,6,0.667,0.667,0.045,4,5,0.8,0.009,0,1,0.0,2024-25,Regular Season,2 Dribbles
201567,Kevin Love,1610612748,MIA,36.0,23,5,0.052,4,6,0.667,0.75,0.043,3,5,0.6,0.009,1,1,1.0,2024-25,Regular Season,2 Dribbles
1630579,Jericho Sims,1610612749,MIL,26.0,53,6,0.085,3,6,0.5,0.5,0.085,3,6,0.5,0.0,0,0,,2024-25,Regular Season,2 Dribbles
1641775,Jordan Walsh,1610612738,BOS,21.0,52,6,0.072,3,6,0.5,0.5,0.06,3,5,0.6,0.012,0,1,0.0,2024-25,Regular Season,2 Dribbles
203967,Dario Saric,1610612743,DEN,31.0,16,5,0.107,3,6,0.5,0.5,0.107,3,6,0.5,0.0,0,0,,2024-25,Regular Season,2 Dribbles
203486,Mason Plumlee,1610612756,PHX,35.0,74,6,0.03,3,6,0.5,0.5,0.03,3,6,0.5,0.0,0,0,,2024-25,Regular Season,2 Dribbles
1630205,Lamar Stevens,1610612763,MEM,27.0,17,6,0.095,3,6,0.5,0.5,0.079,3,5,0.6,0.016,0,1,0.0,2024-25,Regular Season,2 Dribbles
1631306,Cole Swider,1610612754,IND,26.0,10,4,0.095,3,6,0.5,0.5,0.079,3,5,0.6,0.016,0,1,0.0,2024-25,Regular Season,2 Dribbles
1629162,Jordan McLaughlin,1610612759,SAS,29.0,46,6,0.083,2,6,0.333,0.333,0.069,2,5,0.4,0.014,0,1,0.0,2024-25,Regular Season,2 Dribbles
201959,Taj Gibson,1610612766,CHA,40.0,37,6,0.063,2,6,0.333,0.333,0.063,2,6,0.333,0.0,0,0,,2024-25,Regular Season,2 Dribbles
1629052,Oshae Brissett,1610612755,PHI,27.0,6,4,0.128,4,5,0.8,0.9,0.103,3,4,0.75,0.026,1,1,1.0,2024-25,Regular Season,2 Dribbles
1642355,Bronny James,1610612747,LAL,20.0,27,3,0.075,3,5,0.6,0.7,0.06,2,4,0.5,0.015,1,1,1.0,2024-25,Regular Season,2 Dribbles
1631301,Jaylen Sims,1610612766,CHA,26.0,6,3,0.179,3,5,0.6,0.6,0.179,3,5,0.6,0.0,0,0,,2024-25,Regular Season,2 Dribbles
1629637,Jaxson Hayes,1610612747,LAL,25.0,56,5,0.022,3,5,0.6,0.6,0.022,3,5,0.6,0.0,0,0,,2024-25,Regular Season,2 Dribbles
1626204,Larry Nance Jr.,1610612737,ATL,32.0,24,4,0.032,2,5,0.4,0.4,0.032,2,5,0.4,0.0,0,0,,2024-25,Regular Season,2 Dribbles
1630696,Dru Smith,1610612748,MIA,27.0,14,4,0.082,2,5,0.4,0.6,0.049,0,3,0.0,0.033,2,2,1.0,2024-25,Regular Season,2 Dribbles
1629001,De'Anthony Melton,1610612751,BKN,27.0,6,4,0.093,2,5,0.4,0.4,0.074,2,4,0.5,0.019,0,1,0.0,2024-25,Regular Season,2 Dribbles
1630611,Gui Santos,1610612744,GSW,23.0,56,5,0.028,2,5,0.4,0.4,0.017,2,3,0.667,0.011,0,2,0.0,2024-25,Regular Season,2 Dribbles
203939,Dwight Powell,1610612742,DAL,33.0,55,5,0.082,2,5,0.4,0.4,0.082,2,5,0.4,0.0,0,0,,2024-25,Regular Season,2 Dribbles
1631132,Christian Koloko,1610612747,LAL,25.0,37,4,0.076,2,5,0.4,0.4,0.061,2,4,0.5,0.015,0,1,0.0,2024-25,Regular Season,2 Dribbles
204060,Joe Ingles,1610612750,MIN,37.0,19,3,0.217,1,5,0.2,0.2,0.087,1,2,0.5,0.13,0,3,0.0,2024-25,Regular Season,2 Dribbles
1630214,Xavier Tillman,1610612738,BOS,26.0,33,5,0.094,1,5,0.2,0.2,0.094,1,5,0.2,0.0,0,0,,2024-25,Regular Season,2 Dribbles
203926,Doug McDermott,1610612758,SAC,33.0,42,4,0.043,1,5,0.2,0.3,0.026,0,3,0.0,0.017,1,2,0.5,2024-25,Regular Season,2 Dribbles
1631255,Karlo Matković,1610612740,NOP,24.0,42,4,0.017,4,4,1.0,1.0,0.017,4,4,1.0,0.0,0,0,,2024-25,Regular Season,2 Dribbles
203500,Steven Adams,1610612745,HOU,31.0,58,4,0.024,3,4,0.75,0.75,0.024,3,4,0.75,0.0,0,0,,2024-25,Regular Season,2 Dribbles
1631117,Walker Kessler,1610612762,UTA,23.0,58,4,0.01,3,4,0.75,0.75,0.01,3,4,0.75,0.0,0,0,,2024-25,Regular Season,2 Dribbles
1630537,Chris Duarte,1610612741,CHI,28.0,17,3,0.154,3,4,0.75,0.75,0.115,3,3,1.0,0.038,0,1,0.0,2024-25,Regular Season,2 Dribbles
1642403,Isaac Jones,1610612758,SAC,24.0,40,4,0.048,3,4,0.75,0.75,0.048,3,4,0.75,0.0,0,0,,2024-25,Regular Season,2 Dribbles
1628964,Mo Bamba,1610612740,NOP,27.0,32,3,0.036,2,4,0.5,0.5,0.036,2,4,0.5,0.0,0,0,,2024-25,Regular Season,2 Dribbles
1631102,TyTy Washington Jr.,1610612756,PHX,23.0,16,4,0.089,2,4,0.5,0.5,0.089,2,4,0.5,0.0,0,0,,2024-25,Regular Season,2 Dribbles
1641890,Tyler Smith,1610612749,MIL,20.0,23,3,0.08,2,4,0.5,0.625,0.06,1,3,0.333,0.02,1,1,1.0,2024-25,Regular Season,2 Dribbles
1628436,Luke Kornet,1610612738,BOS,29.0,73,4,0.014,2,4,0.5,0.5,0.014,2,4,0.5,0.0,0,0,,2024-25,Regular Season,2 Dribbles
1630585,Marcus Garrett,1610612766,CHA,26.0,4,3,0.148,2,4,0.5,0.5,0.148,2,4,0.5,0.0,0,0,,2024-25,Regular Season,2 Dribbles
1630542,Marcus Bagley,1610612755,PHI,23.0,10,2,0.058,2,4,0.5,0.5,0.029,2,2,1.0,0.029,0,2,0.0,2024-25,Regular Season,2 Dribbles
1629723,John Konchar,1610612763,MEM,29.0,46,4,0.044,2,4,0.5,0.5,0.033,2,3,0.667,0.011,0,1,0.0,2024-25,Regular Season,2 Dribbles
1642484,RayJ Dennis,1610612754,IND,24.0,11,3,0.121,1,4,0.25,0.25,0.061,1,2,0.5,0.061,0,2,0.0,2024-25,Regular Season,2 Dribbles
203109,Jae Crowder,1610612758,SAC,34.0,9,4,0.182,1,4,0.25,0.25,0.136,1,3,0.333,0.045,0,1,0.0,2024-25,Regular Season,2 Dribbles
1642359,Pacôme Dadiet,1610612752,NYK,19.0,18,3,0.129,1,4,0.25,0.25,0.097,1,3,0.333,0.032,0,1,0.0,2024-25,Regular Season,2 Dribbles
1641725,Trey Alexander,1610612743,DEN,22.0,24,4,0.098,1,4,0.25,0.25,0.098,1,4,0.25,0.0,0,0,,2024-25,Regular Season,2 Dribbles
1631131,Oscar Tshiebwe,1610612762,UTA,25.0,14,2,0.057,1,4,0.25,0.25,0.057,1,4,0.25,0.0,0,0,,2024-25,Regular Season,2 Dribbles
1642505,Alex Ducas,1610612760,OKC,24.0,21,4,0.133,1,4,0.25,0.25,0.133,1,4,0.25,0.0,0,0,,2024-25,Regular Season,2 Dribbles
1629650,Moses Brown,1610612742,DAL,25.0,13,3,0.082,1,4,0.25,0.25,0.082,1,4,0.25,0.0,0,0,,2024-25,Regular Season,2 Dribbles
1642278,Tyler Kolek,1610612752,NYK,24.0,41,4,0.049,0,4,0.0,0.0,0.037,0,3,0.0,0.012,0,1,0.0,2024-25,Regular Season,2 Dribbles
1629646,Charles Bassey,1610612759,SAS,24.0,36,3,0.026,3,3,1.0,1.0,0.026,3,3,1.0,0.0,0,0,,2024-25,Regular Season,2 Dribbles
1630201,Malachi Flynn,1610612759,SAS,27.0,4,2,0.231,3,3,1.0,1.0,0.231,3,3,1.0,0.0,0,0,,2024-25,Regular Season,2 Dribbles
1642024,Alex Reese,1610612755,PHI,26.0,15,3,0.056,2,3,0.667,0.667,0.056,2,3,0.667,0.0,0,0,,2024-25,Regular Season,2 Dribbles
1629020,Jarred Vanderbilt,1610612747,LAL,26.0,36,3,0.025,2,3,0.667,0.667,0.025,2,3,0.667,0.0,0,0,,2024-25,Regular Season,2 Dribbles
1642530,Yuki Kawamura,1610612763,MEM,24.0,22,3,0.1,2,3,0.667,0.667,0.067,2,2,1.0,0.033,0,1,0.0,2024-25,Regular Season,2 Dribbles
1628464,Daniel Theis,1610612740,NOP,33.0,38,3,0.023,1,3,0.333,0.333,0.016,1,2,0.5,0.008,0,1,0.0,2024-25,Regular Season,2 Dribbles
1628995,Kevin Knox II,1610612744,GSW,25.0,14,3,0.083,1,3,0.333,0.333,0.083,1,3,0.333,0.0,0,0,,2024-25,Regular Season,2 Dribbles
1626196,Josh Richardson,1610612748,MIA,31.0,8,3,0.079,1,3,0.333,0.333,0.079,1,3,0.333,0.0,0,0,,2024-25,Regular Season,2 Dribbles
1631120,JD Davison,1610612738,BOS,22.0,16,2,0.088,1,3,0.333,0.333,0.059,1,2,0.5,0.029,0,1,0.0,2024-25,Regular Season,2 Dribbles
1630762,Phillip Wheeler,1610612755,PHI,23.0,5,2,0.143,1,3,0.333,0.333,0.095,1,2,0.5,0.048,0,1,0.0,2024-25,Regular Season,2 Dribbles
1628981,Bruno Fernando,1610612761,TOR,26.0,17,3,0.061,1,3,0.333,0.333,0.061,1,3,0.333,0.0,0,0,,2024-25,Regular Season,2 Dribbles
1630695,Micah Potter,1610612762,UTA,27.0,38,3,0.022,1,3,0.333,0.333,0.022,1,3,0.333,0.0,0,0,,2024-25,Regular Season,2 Dribbles
1631116,Patrick Baldwin Jr.,1610612746,LAC,22.0,24,2,0.086,1,3,0.333,0.333,0.057,1,2,0.5,0.029,0,1,0.0,2024-25,Regular Season,2 Dribbles
1631210,Jacob Toppin,1610612737,ATL,25.0,17,2,0.136,1,3,0.333,0.333,0.136,1,3,0.333,0.0,0,0,,2024-25,Regular Season,2 Dribbles
1629643,Chuma Okeke,1610612739,CLE,26.0,9,2,0.075,1,3,0.333,0.333,0.05,1,2,0.5,0.025,0,1,0.0,2024-25,Regular Season,2 Dribbles
1630528,Josh Christopher,1610612748,MIA,23.0,14,1,0.097,0,3,0.0,0.0,0.097,0,3,0.0,0.0,0,0,,2024-25,Regular Season,2 Dribbles
1631247,Luke Travers,1610612739,CLE,23.0,12,2,0.15,0,3,0.0,0.0,0.1,0,2,0.0,0.05,0,1,0.0,2024-25,Regular Season,2 Dribbles
1641753,Chris Livingston,1610612749,MIL,21.0,21,3,0.111,0,3,0.0,0.0,0.111,0,3,0.0,0.0,0,0,,2024-25,Regular Season,2 Dribbles
1630222,Mason Jones,1610612758,SAC,26.0,10,2,0.111,2,2,1.0,1.0,0.111,2,2,1.0,0.0,0,0,,2024-25,Regular Season,2 Dribbles
1629057,Robert Williams III,1610612757,POR,27.0,20,2,0.026,2,2,1.0,1.0,0.026,2,2,1.0,0.0,0,0,,2024-25,Regular Season,2 Dribbles
1642384,Isaiah Crawford,1610612758,SAC,23.0,15,2,0.182,2,2,1.0,1.25,0.091,1,1,1.0,0.091,1,1,1.0,2024-25,Regular Season,2 Dribbles
1631159,Leonard Miller,1610612750,MIN,21.0,13,2,0.133,2,2,1.0,1.0,0.133,2,2,1.0,0.0,0,0,,2024-25,Regular Season,2 Dribbles
1631342,Daeqwon Plowden,1610612737,ATL,26.0,6,2,0.08,2,2,1.0,1.0,0.08,2,2,1.0,0.0,0,0,,2024-25,Regular Season,2 Dribbles
1641734,Emoni Bates,1610612739,CLE,21.0,10,2,0.053,1,2,0.5,0.75,0.0,0,0,,0.053,1,2,0.5,2024-25,Regular Season,2 Dribbles
1630346,Matt Ryan,1610612740,NOP,28.0,19,2,0.065,1,2,0.5,0.5,0.065,1,2,0.5,0.0,0,0,,2024-25,Regular Season,2 Dribbles
1641989,Elijah Harkless,1610612762,UTA,25.0,10,1,0.057,1,2,0.5,0.5,0.057,1,2,0.5,0.0,0,0,,2024-25,Regular Season,2 Dribbles
1642382,Branden Carlson,1610612760,OKC,26.0,32,2,0.021,1,2,0.5,0.5,0.021,1,2,0.5,0.0,0,0,,2024-25,Regular Season,2 Dribbles
1631121,Bryce McGowens,1610612757,POR,22.0,13,2,0.143,1,2,0.5,0.5,0.143,1,2,0.5,0.0,0,0,,2024-25,Regular Season,2 Dribbles
1641752,Bobi Klintman,1610612765,DET,22.0,8,2,0.2,1,2,0.5,0.75,0.1,0,1,0.0,0.1,1,1,1.0,2024-25,Regular Season,2 Dribbles
1628396,Tony Bradley,1610612754,IND,27.0,14,1,0.044,1,2,0.5,0.5,0.044,1,2,0.5,0.0,0,0,,2024-25,Regular Season,2 Dribbles
1641772,Nae'Qwan Tomlin,1610612739,CLE,24.0,5,1,0.063,1,2,0.5,0.5,0.031,1,1,1.0,0.031,0,1,0.0,2024-25,Regular Season,2 Dribbles
1630165,Killian Hayes,1610612751,BKN,23.0,6,2,0.047,1,2,0.5,0.5,0.047,1,2,0.5,0.0,0,0,,2024-25,Regular Season,2 Dribbles
1630618,D.J. Carton,1610612761,TOR,24.0,4,2,0.286,0,2,0.0,0.0,0.286,0,2,0.0,0.0,0,0,,2024-25,Regular Season,2 Dribbles
1630600,Isaiah Mobley,1610612755,PHI,25.0,1,1,0.286,0,2,0.0,0.0,0.286,0,2,0.0,0.0,0,0,,2024-25,Regular Season,2 Dribbles
1628470,Torrey Craig,1610612738,BOS,34.0,26,2,0.022,0,2,0.0,0.0,0.022,0,2,0.0,0.0,0,0,,2024-25,Regular Season,2 Dribbles
1631321,Sidy Cissoko,1610612757,POR,21.0,22,2,0.067,0,2,0.0,0.0,0.033,0,1,0.0,0.033,0,1,0.0,2024-25,Regular Season,2 Dribbles
1642353,Cam Christie,1610612746,LAC,19.0,13,2,0.083,0,2,0.0,0.0,0.042,0,1,0.0,0.042,0,1,0.0,2024-25,Regular Season,2 Dribbles
1642050,Jackson Rowe,1610612744,GSW,28.0,6,1,0.118,0,2,0.0,0.0,0.059,0,1,0.0,0.059,0,1,0.0,2024-25,Regular Season,2 Dribbles
1630543,Isaiah Jackson,1610612754,IND,23.0,5,1,0.043,1,1,1.0,1.0,0.043,1,1,1.0,0.0,0,0,,2024-25,Regular Season,2 Dribbles
1631127,Harrison Ingram,1610612759,SAS,22.0,5,1,0.25,1,1,1.0,1.0,0.25,1,1,1.0,0.0,0,0,,2024-25,Regular Season,2 Dribbles
201599,DeAndre Jordan,1610612743,DEN,36.0,56,1,0.007,1,1,1.0,1.0,0.007,1,1,1.0,0.0,0,0,,2024-25,Regular Season,2 Dribbles
1631250,Pete Nance,1610612749,MIL,25.0,13,1,0.031,1,1,1.0,1.0,0.031,1,1,1.0,0.0,0,0,,2024-25,Regular Season,2 Dribbles
1641789,Jazian Gortman,1610612742,DAL,22.0,16,1,0.043,1,1,1.0,1.5,0.0,0,0,,0.043,1,1,1.0,2024-25,Regular Season,2 Dribbles
1629098,Jack McVeigh,1610612745,HOU,29.0,9,1,0.059,1,1,1.0,1.0,0.059,1,1,1.0,0.0,0,0,,2024-25,Regular Season,2 Dribbles
1641790,PJ Hall,1610612743,DEN,23.0,19,1,0.042,1,1,1.0,1.0,0.042,1,1,1.0,0.0,0,0,,2024-25,Regular Season,2 Dribbles
1628427,Vlatko Čančar,1610612743,DEN,28.0,13,1,0.038,1,1,1.0,1.0,0.038,1,1,1.0,0.0,0,0,,2024-25,Regular Season,2 Dribbles
203458,Alex Len,1610612747,LAL,32.0,46,1,0.016,1,1,1.0,1.0,0.016,1,1,1.0,0.0,0,0,,2024-25,Regular Season,2 Dribbles
201949,James Johnson,1610612754,IND,38.0,12,1,0.091,1,1,1.0,1.0,0.091,1,1,1.0,0.0,0,0,,2024-25,Regular Season,2 Dribbles
1642402,Enrique Freeman,1610612754,IND,24.0,22,1,0.027,1,1,1.0,1.0,0.027,1,1,1.0,0.0,0,0,,2024-25,Regular Season,2 Dribbles
1642352,Keshad Johnson,1610612748,MIA,24.0,16,1,0.038,1,1,1.0,1.0,0.038,1,1,1.0,0.0,0,0,,2024-25,Regular Season,2 Dribbles
1631303,Justin Minaya,1610612757,POR,26.0,19,1,0.048,1,1,1.0,1.0,0.048,1,1,1.0,0.0,0,0,,2024-25,Regular Season,2 Dribbles
1641879,Yuri Collins,1610612744,GSW,24.0,2,1,0.333,0,1,0.0,0.0,0.333,0,1,0.0,0.0,0,0,,2024-25,Regular Season,2 Dribbles
1629011,Mitchell Robinson,1610612752,NYK,27.0,16,1,0.019,0,1,0.0,0.0,0.019,0,1,0.0,0.0,0,0,,2024-25,Regular Season,2 Dribbles
1642385,Cui Cui,1610612751,BKN,22.0,5,1,0.143,0,1,0.0,0.0,0.143,0,1,0.0,0.0,0,0,,2024-25,Regular Season,2 Dribbles
1627746,Skal Labissiere,1610612758,SAC,29.0,4,1,0.25,0,1,0.0,0.0,0.25,0,1,0.0,0.0,0,0,,2024-25,Regular Season,2 Dribbles
1630623,Tyson Etienne,1610612751,BKN,25.0,7,1,0.019,0,1,0.0,0.0,0.0,0,0,,0.019,0,1,0.0,2024-25,Regular Season,2 Dribbles
1641707,Taylor Hendricks,1610612762,UTA,21.0,3,1,0.056,0,1,0.0,0.0,0.056,0,1,0.0,0.0,0,0,,2024-25,Regular Season,2 Dribbles
1642422,Armel Traore,1610612747,LAL,22.0,9,1,0.053,0,1,0.0,0.0,0.053,0,1,0.0,0.0,0,0,,2024-25,Regular Season,2 Dribbles
200782,P.J. Tucker,1610612752,NYK,40.0,3,1,0.143,0,1,0.0,0.0,0.143,0,1,0.0,0.0,0,0,,2024-25,Regular Season,2 Dribbles
1642461,Spencer Jones,1610612743,DEN,24.0,20,1,0.029,0,1,0.0,0.0,0.029,0,1,0.0,0.0,0,0,,2024-25,Regular Season,2 Dribbles
1630283,Kylor Kelley,1610612747,LAL,27.0,11,1,0.045,0,1,0.0,0.0,0.045,0,1,0.0,0.0,0,0,,2024-25,Regular Season,2 Dribbles
1630561,David Duke Jr.,1610612759,SAS,25.0,6,1,0.071,0,1,0.0,0.0,0.071,0,1,0.0,0.0,0,0,,2024-25,Regular Season,2 Dribbles
1641803,Tristen Newton,1610612750,MIN,24.0,8,1,0.125,0,1,0.0,0.0,0.125,0,1,0.0,0.0,0,0,,2024-25,Regular Season,2 Dribbles
1630574,Ariel Hukporti,1610612752,NYK,23.0,25,1,0.032,0,1,0.0,0.0,0.032,0,1,0.0,0.0,0,0,,2024-25,Regular Season,2 Dribbles
1628983,Shai Gilgeous-Alexander,1610612760,OKC,26.0,76,76,0.372,304,616,0.494,0.549,0.256,236,424,0.557,0.116,68,192,0.354,2024-25,Regular Season,3-6 Dribbles
1630162,Anthony Edwards,1610612750,MIN,23.0,79,78,0.298,219,481,0.455,0.544,0.164,134,265,0.506,0.134,85,216,0.394,2024-25,Regular Season,3-6 Dribbles
1628369,Jayson Tatum,1610612738,BOS,27.0,72,71,0.302,191,436,0.438,0.5,0.171,137,247,0.555,0.131,54,189,0.286,2024-25,Regular Season,3-6 Dribbles
1630595,Cade Cunningham,1610612765,DET,23.0,70,70,0.297,203,432,0.47,0.499,0.235,178,342,0.52,0.062,25,90,0.278,2024-25,Regular Season,3-6 Dribbles
1629027,Trae Young,1610612737,ATL,26.0,76,76,0.313,176,430,0.409,0.488,0.16,108,220,0.491,0.153,68,210,0.324,2024-25,Regular Season,3-6 Dribbles
1628991,Jaren Jackson Jr.,1610612763,MEM,25.0,73,72,0.356,222,426,0.521,0.529,0.343,215,411,0.523,0.013,7,15,0.467,2024-25,Regular Season,3-6 Dribbles
1628378,Donovan Mitchell,1610612739,CLE,28.0,71,71,0.304,186,401,0.464,0.521,0.193,140,255,0.549,0.111,46,146,0.315,2024-25,Regular Season,3-6 Dribbles
1629639,Tyler Herro,1610612748,MIA,25.0,77,76,0.29,200,399,0.501,0.534,0.221,174,304,0.572,0.069,26,95,0.274,2024-25,Regular Season,3-6 Dribbles
1626164,Devin Booker,1610612756,PHX,28.0,75,75,0.268,177,381,0.465,0.497,0.215,152,305,0.498,0.054,25,76,0.329,2024-25,Regular Season,3-6 Dribbles
1628973,Jalen Brunson,1610612752,NYK,28.0,64,64,0.319,174,375,0.464,0.516,0.233,135,274,0.493,0.086,39,101,0.386,2024-25,Regular Season,3-6 Dribbles
203507,Giannis Antetokounmpo,1610612749,MIL,30.0,67,67,0.277,203,365,0.556,0.56,0.267,200,352,0.568,0.01,3,13,0.231,2024-25,Regular Season,3-6 Dribbles
1628368,De'Aaron Fox,1610612759,SAS,27.0,62,62,0.309,165,359,0.46,0.486,0.252,146,293,0.498,0.057,19,66,0.288,2024-25,Regular Season,3-6 Dribbles
201935,James Harden,1610612746,LAC,35.0,79,79,0.274,128,355,0.361,0.43,0.146,79,189,0.418,0.128,49,166,0.295,2024-25,Regular Season,3-6 Dribbles
201942,DeMar DeRozan,1610612758,SAC,35.0,77,76,0.271,169,354,0.477,0.486,0.253,163,331,0.492,0.018,6,23,0.261,2024-25,Regular Season,3-6 Dribbles
1630224,Jalen Green,1610612745,HOU,23.0,82,82,0.246,148,354,0.418,0.477,0.164,106,235,0.451,0.083,42,119,0.353,2024-25,Regular Season,3-6 Dribbles
1631114,Jalen Williams,1610612760,OKC,24.0,69,69,0.299,170,349,0.487,0.51,0.254,154,297,0.519,0.045,16,52,0.308,2024-25,Regular Season,3-6 Dribbles
2544,LeBron James,1610612747,LAL,40.0,70,70,0.274,164,348,0.471,0.497,0.228,146,289,0.505,0.046,18,59,0.305,2024-25,Regular Season,3-6 Dribbles
1627759,Jaylen Brown,1610612738,BOS,28.0,63,62,0.315,160,348,0.46,0.486,0.259,142,286,0.497,0.056,18,62,0.29,2024-25,Regular Season,3-6 Dribbles
1630532,Franz Wagner,1610612753,ORL,23.0,60,59,0.297,162,345,0.47,0.491,0.25,147,290,0.507,0.047,15,55,0.273,2024-25,Regular Season,3-6 Dribbles
1629632,Coby White,1610612741,CHI,25.0,74,71,0.306,174,343,0.507,0.563,0.221,136,248,0.548,0.085,38,95,0.4,2024-25,Regular Season,3-6 Dribbles
1631101,Shaedon Sharpe,1610612757,POR,22.0,72,70,0.31,162,342,0.474,0.51,0.242,137,267,0.513,0.068,25,75,0.333,2024-25,Regular Season,3-6 Dribbles
203897,Zach LaVine,1610612758,SAC,30.0,74,74,0.279,163,341,0.478,0.54,0.197,121,241,0.502,0.082,42,100,0.42,2024-25,Regular Season,3-6 Dribbles
1629014,Anfernee Simons,1610612757,POR,26.0,70,69,0.301,151,339,0.445,0.503,0.204,112,229,0.489,0.098,39,110,0.355,2024-25,Regular Season,3-6 Dribbles
1631094,Paolo Banchero,1610612753,ORL,22.0,46,46,0.36,160,328,0.488,0.529,0.292,133,266,0.5,0.068,27,62,0.435,2024-25,Regular Season,3-6 Dribbles
1630178,Tyrese Maxey,1610612755,PHI,24.0,52,52,0.294,149,321,0.464,0.525,0.187,110,204,0.539,0.107,39,117,0.333,2024-25,Regular Season,3-6 Dribbles
203468,CJ McCollum,1610612740,NOP,33.0,56,56,0.32,143,320,0.447,0.489,0.241,116,241,0.481,0.079,27,79,0.342,2024-25,Regular Season,3-6 Dribbles
1627750,Jamal Murray,1610612743,DEN,28.0,67,66,0.286,150,316,0.475,0.521,0.224,121,248,0.488,0.061,29,68,0.426,2024-25,Regular Season,3-6 Dribbles
201142,Kevin Durant,1610612756,PHX,36.0,62,62,0.275,165,309,0.534,0.55,0.245,155,275,0.564,0.03,10,34,0.294,2024-25,Regular Season,3-6 Dribbles
202681,Kyrie Irving,1610612742,DAL,33.0,50,50,0.322,143,304,0.47,0.515,0.243,116,230,0.504,0.078,27,74,0.365,2024-25,Regular Season,3-6 Dribbles
1629029,Luka Doncic,1610612747,LAL,26.0,50,50,0.295,129,302,0.427,0.49,0.178,91,182,0.5,0.117,38,120,0.317,2024-25,Regular Season,3-6 Dribbles
1630169,Tyrese Haliburton,1610612754,IND,25.0,73,71,0.297,150,299,0.502,0.59,0.164,97,165,0.588,0.133,53,134,0.396,2024-25,Regular Season,3-6 Dribbles
1630559,Austin Reaves,1610612747,LAL,27.0,73,72,0.284,144,295,0.488,0.551,0.199,107,206,0.519,0.086,37,89,0.416,2024-25,Regular Season,3-6 Dribbles
1629673,Jordan Poole,1610612764,WAS,26.0,68,64,0.278,131,294,0.446,0.534,0.151,79,159,0.497,0.128,52,135,0.385,2024-25,Regular Season,3-6 Dribbles
1642264,Stephon Castle,1610612759,SAS,20.0,81,77,0.295,121,291,0.416,0.431,0.259,112,256,0.438,0.035,9,35,0.257,2024-25,Regular Season,3-6 Dribbles
1629636,Darius Garland,1610612739,CLE,25.0,75,73,0.247,137,290,0.472,0.536,0.166,100,195,0.513,0.081,37,95,0.389,2024-25,Regular Season,3-6 Dribbles
1628970,Miles Bridges,1610612766,CHA,27.0,64,64,0.266,110,290,0.379,0.383,0.231,108,252,0.429,0.035,2,38,0.053,2024-25,Regular Season,3-6 Dribbles
1629628,RJ Barrett,1610612761,TOR,25.0,58,58,0.295,140,289,0.484,0.488,0.284,138,278,0.496,0.011,2,11,0.182,2024-25,Regular Season,3-6 Dribbles
1630578,Alperen Sengun,1610612745,HOU,22.0,76,72,0.248,146,283,0.516,0.516,0.248,146,283,0.516,0.0,0,0,,2024-25,Regular Season,3-6 Dribbles
1626181,Norman Powell,1610612746,LAC,32.0,60,59,0.299,135,283,0.477,0.532,0.219,104,207,0.502,0.08,31,76,0.408,2024-25,Regular Season,3-6 Dribbles
1630567,Scottie Barnes,1610612761,TOR,23.0,65,65,0.259,114,275,0.415,0.433,0.216,104,229,0.454,0.043,10,46,0.217,2024-25,Regular Season,3-6 Dribbles
1630217,Desmond Bane,1610612753,ORL,27.0,68,66,0.272,129,272,0.474,0.52,0.204,104,204,0.51,0.068,25,68,0.368,2024-25,Regular Season,3-6 Dribbles
1629630,Ja Morant,1610612763,MEM,25.0,49,48,0.311,135,270,0.5,0.531,0.254,118,220,0.536,0.058,17,50,0.34,2024-25,Regular Season,3-6 Dribbles
1628370,Malik Monk,1610612758,SAC,27.0,65,65,0.286,121,269,0.45,0.48,0.222,105,208,0.505,0.065,16,61,0.262,2024-25,Regular Season,3-6 Dribbles
1630163,LaMelo Ball,1610612766,CHA,23.0,47,46,0.264,110,265,0.415,0.475,0.172,78,173,0.451,0.092,32,92,0.348,2024-25,Regular Season,3-6 Dribbles
1630700,Dyson Daniels,1610612737,ATL,22.0,76,73,0.285,137,263,0.521,0.527,0.277,134,256,0.523,0.008,3,7,0.429,2024-25,Regular Season,3-6 Dribbles
1629012,Collin Sexton,1610612762,UTA,26.0,63,63,0.303,133,263,0.506,0.538,0.254,116,220,0.527,0.05,17,43,0.395,2024-25,Regular Season,3-6 Dribbles
1631097,Bennedict Mathurin,1610612754,IND,23.0,72,67,0.307,116,262,0.443,0.471,0.242,101,206,0.49,0.066,15,56,0.268,2024-25,Regular Season,3-6 Dribbles
1627783,Pascal Siakam,1610612754,IND,31.0,78,76,0.222,113,262,0.431,0.435,0.216,111,255,0.435,0.006,2,7,0.286,2024-25,Regular Season,3-6 Dribbles
203944,Julius Randle,1610612750,MIN,30.0,69,66,0.271,131,254,0.516,0.531,0.25,123,235,0.523,0.02,8,19,0.421,2024-25,Regular Season,3-6 Dribbles
203081,Damian Lillard,1610612749,MIL,34.0,58,58,0.255,123,253,0.486,0.547,0.162,92,161,0.571,0.093,31,92,0.337,2024-25,Regular Season,3-6 Dribbles
1629645,Kevin Porter Jr.,1610612749,MIL,25.0,75,72,0.382,112,249,0.45,0.476,0.321,99,209,0.474,0.061,13,40,0.325,2024-25,Regular Season,3-6 Dribbles
201939,Stephen Curry,1610612744,GSW,37.0,70,65,0.186,109,234,0.466,0.551,0.103,69,129,0.535,0.084,40,105,0.381,2024-25,Regular Season,3-6 Dribbles
1629656,Quentin Grimes,1610612755,PHI,25.0,75,59,0.282,111,232,0.478,0.532,0.205,86,169,0.509,0.077,25,63,0.397,2024-25,Regular Season,3-6 Dribbles
1641718,Keyonte George,1610612762,UTA,21.0,67,65,0.251,94,231,0.407,0.478,0.155,61,142,0.43,0.097,33,89,0.371,2024-25,Regular Season,3-6 Dribbles
203952,Andrew Wiggins,1610612748,MIA,30.0,60,56,0.268,100,225,0.444,0.462,0.232,92,195,0.472,0.036,8,30,0.267,2024-25,Regular Season,3-6 Dribbles
1630581,Josh Giddey,1610612741,CHI,22.0,70,67,0.272,100,215,0.465,0.479,0.252,94,199,0.472,0.02,6,16,0.375,2024-25,Regular Season,3-6 Dribbles
1630166,Deni Avdija,1610612757,POR,24.0,72,66,0.252,113,213,0.531,0.547,0.229,106,193,0.549,0.024,7,20,0.35,2024-25,Regular Season,3-6 Dribbles
204456,T.J. McConnell,1610612754,IND,33.0,79,73,0.335,112,209,0.536,0.538,0.332,111,207,0.536,0.003,1,2,0.5,2024-25,Regular Season,3-6 Dribbles
1628415,Dillon Brooks,1610612745,HOU,29.0,75,72,0.234,87,209,0.416,0.428,0.218,82,195,0.421,0.016,5,14,0.357,2024-25,Regular Season,3-6 Dribbles
1630530,Trey Murphy III,1610612740,NOP,25.0,53,50,0.246,84,206,0.408,0.434,0.186,73,156,0.468,0.06,11,50,0.22,2024-25,Regular Season,3-6 Dribbles
1628969,Mikal Bridges,1610612752,NYK,28.0,81,72,0.175,98,204,0.48,0.485,0.166,96,194,0.495,0.009,2,10,0.2,2024-25,Regular Season,3-6 Dribbles
1628389,Bam Adebayo,1610612748,MIA,27.0,78,73,0.182,67,203,0.33,0.342,0.169,62,188,0.33,0.013,5,15,0.333,2024-25,Regular Season,3-6 Dribbles
1630703,Scoot Henderson,1610612757,POR,21.0,66,62,0.293,90,201,0.448,0.468,0.247,82,169,0.485,0.047,8,32,0.25,2024-25,Regular Season,3-6 Dribbles
202699,Tobias Harris,1610612765,DET,32.0,73,70,0.248,94,200,0.47,0.478,0.231,91,186,0.489,0.017,3,14,0.214,2024-25,Regular Season,3-6 Dribbles
1628398,Kyle Kuzma,1610612749,MIL,29.0,65,62,0.233,95,198,0.48,0.49,0.206,91,175,0.52,0.027,4,23,0.174,2024-25,Regular Season,3-6 Dribbles
203471,Dennis Schröder,1610612765,DET,31.0,75,70,0.238,71,197,0.36,0.396,0.179,57,148,0.385,0.059,14,49,0.286,2024-25,Regular Season,3-6 Dribbles
201566,Russell Westbrook,1610612743,DEN,36.0,75,71,0.241,91,196,0.464,0.482,0.221,84,180,0.467,0.02,7,16,0.438,2024-25,Regular Season,3-6 Dribbles
1630230,Naji Marshall,1610612742,DAL,27.0,69,61,0.27,111,192,0.578,0.578,0.253,111,180,0.617,0.017,0,12,0.0,2024-25,Regular Season,3-6 Dribbles
203999,Nikola Jokić,1610612743,DEN,30.0,70,63,0.14,94,191,0.492,0.524,0.119,82,162,0.506,0.021,12,29,0.414,2024-25,Regular Season,3-6 Dribbles
1626162,Kelly Oubre Jr.,1610612755,PHI,29.0,60,54,0.258,90,191,0.471,0.471,0.248,90,184,0.489,0.009,0,7,0.0,2024-25,Regular Season,3-6 Dribbles
1626156,D'Angelo Russell,1610612751,BKN,29.0,58,56,0.298,82,190,0.432,0.495,0.194,58,124,0.468,0.103,24,66,0.364,2024-25,Regular Season,3-6 Dribbles
203078,Bradley Beal,1610612756,PHX,32.0,53,50,0.264,110,183,0.601,0.62,0.233,103,162,0.636,0.03,7,21,0.333,2024-25,Regular Season,3-6 Dribbles
1630170,Devin Vassell,1610612759,SAS,24.0,64,62,0.205,83,182,0.456,0.492,0.169,70,150,0.467,0.036,13,32,0.406,2024-25,Regular Season,3-6 Dribbles
1629660,Ty Jerome,1610612739,CLE,27.0,70,62,0.293,97,181,0.536,0.597,0.22,75,136,0.551,0.073,22,45,0.489,2024-25,Regular Season,3-6 Dribbles
202695,Kawhi Leonard,1610612746,LAC,34.0,37,37,0.291,83,181,0.459,0.497,0.233,69,145,0.476,0.058,14,36,0.389,2024-25,Regular Season,3-6 Dribbles
1628384,OG Anunoby,1610612752,NYK,27.0,73,63,0.179,80,181,0.442,0.456,0.16,75,162,0.463,0.019,5,19,0.263,2024-25,Regular Season,3-6 Dribbles
1626179,Terry Rozier,1610612748,MIA,31.0,64,58,0.283,68,180,0.378,0.411,0.198,56,126,0.444,0.085,12,54,0.222,2024-25,Regular Season,3-6 Dribbles
1627832,Fred VanVleet,1610612745,HOU,31.0,60,56,0.235,61,178,0.343,0.424,0.125,32,95,0.337,0.109,29,83,0.349,2024-25,Regular Season,3-6 Dribbles
203915,Spencer Dinwiddie,1610612742,DAL,32.0,79,64,0.258,69,176,0.392,0.449,0.17,49,116,0.422,0.088,20,60,0.333,2024-25,Regular Season,3-6 Dribbles
1630202,Payton Pritchard,1610612738,BOS,27.0,80,66,0.202,84,174,0.483,0.56,0.101,57,87,0.655,0.101,27,87,0.31,2024-25,Regular Season,3-6 Dribbles
1630183,Jaden McDaniels,1610612750,MIN,24.0,82,66,0.209,83,174,0.477,0.489,0.197,79,164,0.482,0.012,4,10,0.4,2024-25,Regular Season,3-6 Dribbles
1630553,Keon Johnson,1610612751,BKN,23.0,79,64,0.217,61,169,0.361,0.367,0.19,59,148,0.399,0.027,2,21,0.095,2024-25,Regular Season,3-6 Dribbles
1642267,Bub Carrington,1610612764,WAS,19.0,82,69,0.225,73,168,0.435,0.506,0.144,49,108,0.454,0.08,24,60,0.4,2024-25,Regular Season,3-6 Dribbles
1626157,Karl-Anthony Towns,1610612752,NYK,29.0,71,59,0.139,76,167,0.455,0.458,0.135,75,162,0.463,0.004,1,5,0.2,2024-25,Regular Season,3-6 Dribbles
1630596,Evan Mobley,1610612739,CLE,24.0,71,65,0.182,76,165,0.461,0.485,0.159,68,144,0.472,0.023,8,21,0.381,2024-25,Regular Season,3-6 Dribbles
1628401,Derrick White,1610612738,BOS,30.0,76,63,0.169,83,162,0.512,0.577,0.106,62,102,0.608,0.063,21,60,0.35,2024-25,Regular Season,3-6 Dribbles
1642268,Isaiah Collier,1610612762,UTA,20.0,71,59,0.29,80,161,0.497,0.525,0.24,71,133,0.534,0.05,9,28,0.321,2024-25,Regular Season,3-6 Dribbles
1629661,Cameron Johnson,1610612751,BKN,29.0,57,55,0.216,79,161,0.491,0.519,0.177,70,132,0.53,0.039,9,29,0.31,2024-25,Regular Season,3-6 Dribbles
1629675,Naz Reid,1610612750,MIN,25.0,80,64,0.173,76,160,0.475,0.506,0.154,66,142,0.465,0.02,10,18,0.556,2024-25,Regular Season,3-6 Dribbles
202331,Paul George,1610612755,PHI,35.0,41,40,0.279,81,159,0.509,0.566,0.186,63,106,0.594,0.093,18,53,0.34,2024-25,Regular Season,3-6 Dribbles
1629614,Andrew Nembhard,1610612754,IND,25.0,65,56,0.293,81,158,0.513,0.532,0.273,75,147,0.51,0.02,6,11,0.545,2024-25,Regular Season,3-6 Dribbles
101108,Chris Paul,1610612759,SAS,40.0,82,69,0.269,67,157,0.427,0.535,0.108,33,63,0.524,0.161,34,94,0.362,2024-25,Regular Season,3-6 Dribbles
1630590,Scotty Pippen Jr.,1610612763,MEM,24.0,78,62,0.264,77,156,0.494,0.497,0.245,76,145,0.524,0.019,1,11,0.091,2024-25,Regular Season,3-6 Dribbles
1641741,Ricky Council IV,1610612755,PHI,23.0,73,56,0.335,68,155,0.439,0.452,0.294,64,136,0.471,0.041,4,19,0.211,2024-25,Regular Season,3-6 Dribbles
1630175,Cole Anthony,1610612763,MEM,25.0,67,54,0.285,64,155,0.413,0.423,0.252,61,137,0.445,0.033,3,18,0.167,2024-25,Regular Season,3-6 Dribbles
1630598,Aaron Wiggins,1610612760,OKC,26.0,76,59,0.212,72,154,0.468,0.484,0.187,67,136,0.493,0.025,5,18,0.278,2024-25,Regular Season,3-6 Dribbles
1629023,P.J. Washington,1610612742,DAL,26.0,57,48,0.232,71,154,0.461,0.477,0.205,66,136,0.485,0.027,5,18,0.278,2024-25,Regular Season,3-6 Dribbles
1629627,Zion Williamson,1610612740,NOP,24.0,30,30,0.301,87,153,0.569,0.569,0.301,87,153,0.569,0.0,0,0,,2024-25,Regular Season,3-6 Dribbles
1641710,Anthony Black,1610612753,ORL,21.0,78,62,0.246,70,153,0.458,0.474,0.217,65,135,0.481,0.029,5,18,0.278,2024-25,Regular Season,3-6 Dribbles
1629640,Keldon Johnson,1610612759,SAS,25.0,77,63,0.197,80,152,0.526,0.543,0.184,75,142,0.528,0.013,5,10,0.5,2024-25,Regular Season,3-6 Dribbles
1641708,Amen Thompson,1610612745,HOU,22.0,69,62,0.218,77,152,0.507,0.507,0.212,77,148,0.52,0.006,0,4,0.0,2024-25,Regular Season,3-6 Dribbles
1627749,Dejounte Murray,1610612740,NOP,28.0,31,31,0.306,65,151,0.43,0.457,0.243,57,120,0.475,0.063,8,31,0.258,2024-25,Regular Season,3-6 Dribbles
1630560,Cam Thomas,1610612751,BKN,23.0,25,25,0.328,58,149,0.389,0.43,0.229,46,104,0.442,0.099,12,45,0.267,2024-25,Regular Season,3-6 Dribbles
202710,Jimmy Butler III,1610612744,GSW,35.0,55,49,0.245,63,146,0.432,0.435,0.24,62,143,0.434,0.005,1,3,0.333,2024-25,Regular Season,3-6 Dribbles
1627736,Malik Beasley,1610612765,DET,28.0,82,68,0.135,53,144,0.368,0.41,0.094,41,101,0.406,0.04,12,43,0.279,2024-25,Regular Season,3-6 Dribbles
1628404,Josh Hart,1610612752,NYK,30.0,76,65,0.187,78,143,0.545,0.573,0.153,70,117,0.598,0.034,8,26,0.308,2024-25,Regular Season,3-6 Dribbles
1630625,Dalano Banton,1610612757,POR,25.0,67,50,0.282,57,143,0.399,0.409,0.249,54,126,0.429,0.034,3,17,0.176,2024-25,Regular Season,3-6 Dribbles
1630558,Davion Mitchell,1610612748,MIA,26.0,74,59,0.296,66,141,0.468,0.5,0.254,57,121,0.471,0.042,9,20,0.45,2024-25,Regular Season,3-6 Dribbles
1641733,Nick Smith Jr.,1610612766,CHA,21.0,60,48,0.246,52,140,0.371,0.393,0.204,46,116,0.397,0.042,6,24,0.25,2024-25,Regular Season,3-6 Dribbles
1641731,Bilal Coulibaly,1610612764,WAS,20.0,59,49,0.221,64,138,0.464,0.475,0.208,61,130,0.469,0.013,3,8,0.375,2024-25,Regular Season,3-6 Dribbles
1627747,Caris LeVert,1610612737,ATL,30.0,64,56,0.23,62,138,0.449,0.493,0.184,50,110,0.455,0.047,12,28,0.429,2024-25,Regular Season,3-6 Dribbles
1630228,Jonathan Kuminga,1610612744,GSW,22.0,47,44,0.243,55,138,0.399,0.399,0.233,55,132,0.417,0.011,0,6,0.0,2024-25,Regular Season,3-6 Dribbles
203903,Jordan Clarkson,1610612762,UTA,33.0,37,36,0.278,59,137,0.431,0.493,0.191,42,94,0.447,0.087,17,43,0.395,2024-25,Regular Season,3-6 Dribbles
1631170,Jaime Jaquez Jr.,1610612748,MIA,24.0,66,50,0.294,65,136,0.478,0.482,0.286,64,132,0.485,0.009,1,4,0.25,2024-25,Regular Season,3-6 Dribbles
1642347,Jamal Shead,1610612761,TOR,22.0,75,63,0.27,60,136,0.441,0.46,0.243,55,122,0.451,0.028,5,14,0.357,2024-25,Regular Season,3-6 Dribbles
1629631,De'Andre Hunter,1610612739,CLE,27.0,64,58,0.177,70,134,0.522,0.552,0.144,62,109,0.569,0.033,8,25,0.32,2024-25,Regular Season,3-6 Dribbles
1629018,Gary Trent Jr.,1610612749,MIL,26.0,74,60,0.204,67,134,0.5,0.541,0.169,56,111,0.505,0.035,11,23,0.478,2024-25,Regular Season,3-6 Dribbles
203076,Anthony Davis,1610612742,DAL,32.0,51,45,0.147,66,134,0.493,0.496,0.144,65,131,0.496,0.003,1,3,0.333,2024-25,Regular Season,3-6 Dribbles
201950,Jrue Holiday,1610612738,BOS,35.0,62,50,0.227,52,128,0.406,0.449,0.156,41,88,0.466,0.071,11,40,0.275,2024-25,Regular Season,3-6 Dribbles
1630591,Jalen Suggs,1610612753,ORL,24.0,35,33,0.266,48,128,0.375,0.406,0.198,40,95,0.421,0.069,8,33,0.242,2024-25,Regular Season,3-6 Dribbles
1631106,Tari Eason,1610612745,HOU,24.0,57,51,0.227,57,127,0.449,0.449,0.218,57,122,0.467,0.009,0,5,0.0,2024-25,Regular Season,3-6 Dribbles
1627741,Buddy Hield,1610612744,GSW,32.0,82,64,0.16,51,126,0.405,0.437,0.12,43,94,0.457,0.041,8,32,0.25,2024-25,Regular Season,3-6 Dribbles
1631099,Keegan Murray,1610612758,SAC,24.0,76,64,0.152,63,125,0.504,0.512,0.145,61,119,0.513,0.007,2,6,0.333,2024-25,Regular Season,3-6 Dribbles
1630215,Jared Butler,1610612755,PHI,24.0,60,49,0.274,51,124,0.411,0.427,0.232,47,105,0.448,0.042,4,19,0.211,2024-25,Regular Season,3-6 Dribbles
1631128,Christian Braun,1610612743,DEN,24.0,79,61,0.152,67,123,0.545,0.577,0.133,59,108,0.546,0.018,8,15,0.533,2024-25,Regular Season,3-6 Dribbles
202691,Klay Thompson,1610612742,DAL,35.0,72,61,0.14,49,123,0.398,0.427,0.101,42,89,0.472,0.039,7,34,0.206,2024-25,Regular Season,3-6 Dribbles
1631108,Max Christie,1610612742,DAL,22.0,78,50,0.205,51,121,0.421,0.434,0.183,48,108,0.444,0.022,3,13,0.231,2024-25,Regular Season,3-6 Dribbles
1630631,Jose Alvarado,1610612740,NOP,27.0,56,46,0.232,46,121,0.38,0.438,0.161,32,84,0.381,0.071,14,37,0.378,2024-25,Regular Season,3-6 Dribbles
1631093,Jaden Ivey,1610612765,DET,23.0,30,30,0.291,53,120,0.442,0.467,0.245,47,101,0.465,0.046,6,19,0.316,2024-25,Regular Season,3-6 Dribbles
1627826,Ivica Zubac,1610612746,LAC,28.0,80,58,0.126,62,118,0.525,0.525,0.126,62,118,0.525,0.0,0,0,,2024-25,Regular Season,3-6 Dribbles
1641706,Brandon Miller,1610612766,CHA,22.0,27,25,0.238,43,117,0.368,0.423,0.171,30,84,0.357,0.067,13,33,0.394,2024-25,Regular Season,3-6 Dribbles
1630193,Immanuel Quickley,1610612761,TOR,26.0,33,31,0.265,48,116,0.414,0.453,0.199,39,87,0.448,0.066,9,29,0.31,2024-25,Regular Season,3-6 Dribbles
1641729,Brice Sensabaugh,1610612762,UTA,21.0,71,51,0.192,51,115,0.443,0.483,0.147,42,88,0.477,0.045,9,27,0.333,2024-25,Regular Season,3-6 Dribbles
1641764,Brandin Podziemski,1610612744,GSW,22.0,64,52,0.183,50,115,0.435,0.465,0.138,43,87,0.494,0.045,7,28,0.25,2024-25,Regular Season,3-6 Dribbles
1626171,Bobby Portis,1610612749,MIL,30.0,49,47,0.193,49,115,0.426,0.43,0.19,48,113,0.425,0.003,1,2,0.5,2024-25,Regular Season,3-6 Dribbles
1630172,Patrick Williams,1610612741,CHI,23.0,63,57,0.223,46,115,0.4,0.417,0.192,42,99,0.424,0.031,4,16,0.25,2024-25,Regular Season,3-6 Dribbles
203084,Harrison Barnes,1610612759,SAS,33.0,82,64,0.165,56,113,0.496,0.513,0.145,52,99,0.525,0.02,4,14,0.286,2024-25,Regular Season,3-6 Dribbles
1630527,Brandon Boston,1610612740,NOP,23.0,42,37,0.298,47,113,0.416,0.429,0.259,44,98,0.449,0.04,3,15,0.2,2024-25,Regular Season,3-6 Dribbles
1626166,Cameron Payne,1610612752,NYK,30.0,71,52,0.251,50,110,0.455,0.536,0.159,32,70,0.457,0.091,18,40,0.45,2024-25,Regular Season,3-6 Dribbles
1641715,Cam Whitmore,1610612745,HOU,20.0,51,43,0.273,43,110,0.391,0.45,0.194,30,78,0.385,0.079,13,32,0.406,2024-25,Regular Season,3-6 Dribbles
1630540,Miles McBride,1610612752,NYK,24.0,63,52,0.206,41,110,0.373,0.414,0.15,32,80,0.4,0.056,9,30,0.3,2024-25,Regular Season,3-6 Dribbles
201144,Mike Conley,1610612750,MIN,37.0,71,55,0.233,45,109,0.413,0.491,0.15,28,70,0.4,0.083,17,39,0.436,2024-25,Regular Season,3-6 Dribbles
1630570,Trendon Watford,1610612751,BKN,24.0,44,40,0.309,53,108,0.491,0.495,0.303,52,106,0.491,0.006,1,2,0.5,2024-25,Regular Season,3-6 Dribbles
1630552,Jalen Johnson,1610612737,ATL,23.0,36,34,0.201,49,108,0.454,0.458,0.186,48,100,0.48,0.015,1,8,0.125,2024-25,Regular Season,3-6 Dribbles
203992,Bogdan Bogdanović,1610612746,LAC,32.0,54,47,0.22,44,108,0.407,0.444,0.159,36,78,0.462,0.061,8,30,0.267,2024-25,Regular Season,3-6 Dribbles
203924,Jerami Grant,1610612757,POR,31.0,47,43,0.186,47,107,0.439,0.449,0.181,45,104,0.433,0.005,2,3,0.667,2024-25,Regular Season,3-6 Dribbles
1629599,Amir Coffey,1610612746,LAC,28.0,72,53,0.206,56,105,0.533,0.543,0.192,54,98,0.551,0.014,2,7,0.286,2024-25,Regular Season,3-6 Dribbles
203114,Khris Middleton,1610612764,WAS,33.0,37,34,0.312,46,105,0.438,0.476,0.223,38,75,0.507,0.089,8,30,0.267,2024-25,Regular Season,3-6 Dribbles
1629659,Talen Horton-Tucker,1610612741,CHI,24.0,58,41,0.357,48,104,0.462,0.471,0.316,46,92,0.5,0.041,2,12,0.167,2024-25,Regular Season,3-6 Dribbles
202696,Nikola Vucevic,1610612741,CHI,34.0,73,58,0.098,51,102,0.5,0.5,0.097,51,101,0.505,0.001,0,1,0.0,2024-25,Regular Season,3-6 Dribbles
1642258,Zaccharie Risacher,1610612737,ATL,20.0,75,55,0.129,42,101,0.416,0.436,0.113,38,88,0.432,0.017,4,13,0.308,2024-25,Regular Season,3-6 Dribbles
1641722,Jordan Hawkins,1610612740,NOP,23.0,56,40,0.18,40,100,0.4,0.43,0.14,34,78,0.436,0.04,6,22,0.273,2024-25,Regular Season,3-6 Dribbles
1641717,Cason Wallace,1610612760,OKC,21.0,68,51,0.202,52,99,0.525,0.53,0.194,51,95,0.537,0.008,1,4,0.25,2024-25,Regular Season,3-6 Dribbles
1629611,Terance Mann,1610612737,ATL,28.0,67,49,0.24,49,99,0.495,0.515,0.203,45,84,0.536,0.036,4,15,0.267,2024-25,Regular Season,3-6 Dribbles
1628978,Donte DiVincenzo,1610612750,MIN,28.0,62,47,0.165,43,98,0.439,0.531,0.088,25,52,0.481,0.077,18,46,0.391,2024-25,Regular Season,3-6 Dribbles
1630245,Ayo Dosunmu,1610612741,CHI,25.0,46,41,0.214,54,96,0.563,0.568,0.207,53,93,0.57,0.007,1,3,0.333,2024-25,Regular Season,3-6 Dribbles
1641842,Ronald Holland II,1610612765,DET,19.0,81,53,0.231,53,96,0.552,0.552,0.217,53,90,0.589,0.014,0,6,0.0,2024-25,Regular Season,3-6 Dribbles
1642273,Kyshawn George,1610612764,WAS,21.0,68,52,0.176,39,96,0.406,0.432,0.128,34,70,0.486,0.048,5,26,0.192,2024-25,Regular Season,3-6 Dribbles
1631204,Marcus Sasser,1610612765,DET,24.0,57,39,0.322,49,95,0.516,0.6,0.2,33,59,0.559,0.122,16,36,0.444,2024-25,Regular Season,3-6 Dribbles
1627742,Brandon Ingram,1610612761,TOR,27.0,18,18,0.279,38,93,0.409,0.435,0.216,33,72,0.458,0.063,5,21,0.238,2024-25,Regular Season,3-6 Dribbles
1642259,Alex Sarr,1610612764,WAS,20.0,67,51,0.112,35,93,0.376,0.376,0.112,35,93,0.376,0.0,0,0,,2024-25,Regular Season,3-6 Dribbles
1627734,Domantas Sabonis,1610612758,SAC,29.0,70,49,0.103,48,92,0.522,0.522,0.103,48,92,0.522,0.0,0,0,,2024-25,Regular Season,3-6 Dribbles
1630702,Jaden Hardy,1610612742,DAL,22.0,57,42,0.223,41,92,0.446,0.478,0.179,35,74,0.473,0.044,6,18,0.333,2024-25,Regular Season,3-6 Dribbles
1629008,Michael Porter Jr.,1610612743,DEN,27.0,77,56,0.088,41,91,0.451,0.5,0.065,32,67,0.478,0.023,9,24,0.375,2024-25,Regular Season,3-6 Dribbles
1629651,Nic Claxton,1610612751,BKN,26.0,70,51,0.158,44,90,0.489,0.489,0.158,44,90,0.489,0.0,0,0,,2024-25,Regular Season,3-6 Dribbles
1641711,Gradey Dick,1610612761,TOR,21.0,54,43,0.139,32,90,0.356,0.356,0.121,32,78,0.41,0.019,0,12,0.0,2024-25,Regular Season,3-6 Dribbles
1630592,Jalen Wilson,1610612751,BKN,24.0,79,50,0.145,28,90,0.311,0.311,0.144,28,89,0.315,0.002,0,1,0.0,2024-25,Regular Season,3-6 Dribbles
1629638,Nickeil Alexander-Walker,1610612750,MIN,26.0,82,51,0.144,43,89,0.483,0.489,0.12,42,74,0.568,0.024,1,15,0.067,2024-25,Regular Season,3-6 Dribbles
1627739,Kris Dunn,1610612746,LAC,31.0,74,47,0.204,41,89,0.461,0.466,0.197,40,86,0.465,0.007,1,3,0.333,2024-25,Regular Season,3-6 Dribbles
203501,Tim Hardaway Jr.,1610612765,DET,33.0,77,52,0.131,32,89,0.36,0.421,0.09,21,61,0.344,0.041,11,28,0.393,2024-25,Regular Season,3-6 Dribbles
1626145,Tyus Jones,1610612756,PHX,29.0,81,46,0.126,40,86,0.465,0.5,0.101,34,69,0.493,0.025,6,17,0.353,2024-25,Regular Season,3-6 Dribbles
1631124,Julian Strawther,1610612743,DEN,23.0,65,46,0.182,36,86,0.419,0.465,0.14,28,66,0.424,0.042,8,20,0.4,2024-25,Regular Season,3-6 Dribbles
1641705,Victor Wembanyama,1610612759,SAS,21.0,46,37,0.1,30,86,0.349,0.424,0.054,17,46,0.37,0.047,13,40,0.325,2024-25,Regular Season,3-6 Dribbles
1641824,Matas Buzelis,1610612741,CHI,20.0,80,52,0.153,36,85,0.424,0.429,0.146,35,81,0.432,0.007,1,4,0.25,2024-25,Regular Season,3-6 Dribbles
1642348,Justin Edwards,1610612755,PHI,21.0,44,38,0.223,39,84,0.464,0.476,0.204,37,77,0.481,0.019,2,7,0.286,2024-25,Regular Season,3-6 Dribbles
1642377,Jaylen Wells,1610612763,MEM,21.0,78,51,0.125,32,84,0.381,0.411,0.101,27,68,0.397,0.024,5,16,0.313,2024-25,Regular Season,3-6 Dribbles
1627763,Malcolm Brogdon,1610612764,WAS,32.0,24,24,0.346,39,83,0.47,0.476,0.333,38,80,0.475,0.013,1,3,0.333,2024-25,Regular Season,3-6 Dribbles
1642272,Jared McCain,1610612755,PHI,21.0,23,22,0.303,39,83,0.47,0.518,0.23,31,63,0.492,0.073,8,20,0.4,2024-25,Regular Season,3-6 Dribbles
1642266,Ja'Kobe Walter,1610612761,TOR,20.0,52,43,0.211,35,83,0.422,0.434,0.186,33,73,0.452,0.025,2,10,0.2,2024-25,Regular Season,3-6 Dribbles
1631095,Jabari Smith Jr.,1610612745,HOU,22.0,57,46,0.147,32,83,0.386,0.392,0.129,31,73,0.425,0.018,1,10,0.1,2024-25,Regular Season,3-6 Dribbles
1642354,KJ Simpson,1610612766,CHA,22.0,36,32,0.269,33,81,0.407,0.451,0.209,26,63,0.413,0.06,7,18,0.389,2024-25,Regular Season,3-6 Dribbles
1642261,Dalton Knecht,1610612747,LAL,24.0,78,46,0.144,37,80,0.463,0.506,0.11,30,61,0.492,0.034,7,19,0.368,2024-25,Regular Season,3-6 Dribbles
203484,Kentavious Caldwell-Pope,1610612763,MEM,32.0,77,52,0.147,34,80,0.425,0.463,0.11,28,60,0.467,0.037,6,20,0.3,2024-25,Regular Season,3-6 Dribbles
1629652,Luguentz Dort,1610612760,OKC,26.0,71,42,0.133,28,79,0.354,0.373,0.111,25,66,0.379,0.022,3,13,0.231,2024-25,Regular Season,3-6 Dribbles
1631213,Tyrese Martin,1610612751,BKN,26.0,60,35,0.166,36,77,0.468,0.468,0.144,36,67,0.537,0.022,0,10,0.0,2024-25,Regular Season,3-6 Dribbles
1641739,Toumani Camara,1610612757,POR,25.0,78,45,0.108,36,77,0.468,0.494,0.095,32,68,0.471,0.013,4,9,0.444,2024-25,Regular Season,3-6 Dribbles
1641709,Ausar Thompson,1610612765,DET,22.0,59,50,0.163,40,75,0.533,0.533,0.159,40,73,0.548,0.004,0,2,0.0,2024-25,Regular Season,3-6 Dribbles
1628379,Luke Kennard,1610612763,MEM,29.0,64,39,0.177,34,75,0.453,0.48,0.144,30,61,0.492,0.033,4,14,0.286,2024-25,Regular Season,3-6 Dribbles
203995,Vasilije Micic,1610612756,PHX,31.0,41,28,0.267,27,73,0.37,0.418,0.205,20,56,0.357,0.062,7,17,0.412,2024-25,Regular Season,3-6 Dribbles
1630200,Tre Jones,1610612741,CHI,25.0,46,32,0.303,37,72,0.514,0.521,0.294,36,70,0.514,0.008,1,2,0.5,2024-25,Regular Season,3-6 Dribbles
1630541,Moses Moody,1610612744,GSW,23.0,74,44,0.125,33,71,0.465,0.493,0.113,29,64,0.453,0.012,4,7,0.571,2024-25,Regular Season,3-6 Dribbles
1629130,Duncan Robinson,1610612748,MIA,31.0,74,45,0.106,36,70,0.514,0.6,0.068,24,45,0.533,0.038,12,25,0.48,2024-25,Regular Season,3-6 Dribbles
1628989,Kevin Huerter,1610612741,CHI,26.0,69,37,0.114,35,69,0.507,0.572,0.084,26,51,0.51,0.03,9,18,0.5,2024-25,Regular Season,3-6 Dribbles
1630198,Isaiah Joe,1610612760,OKC,25.0,74,43,0.117,29,69,0.42,0.493,0.073,19,43,0.442,0.044,10,26,0.385,2024-25,Regular Season,3-6 Dribbles
1641716,Jarace Walker,1610612754,IND,21.0,75,39,0.192,28,69,0.406,0.42,0.169,26,61,0.426,0.022,2,8,0.25,2024-25,Regular Season,3-6 Dribbles
1628997,Caleb Martin,1610612742,DAL,29.0,45,34,0.227,24,69,0.348,0.348,0.214,24,65,0.369,0.013,0,4,0.0,2024-25,Regular Season,3-6 Dribbles
1631207,Dalen Terry,1610612741,CHI,22.0,73,43,0.254,29,68,0.426,0.426,0.246,29,66,0.439,0.007,0,2,0.0,2024-25,Regular Season,3-6 Dribbles
1641783,Tristan da Silva,1610612753,ORL,24.0,74,40,0.141,24,68,0.353,0.375,0.116,21,56,0.375,0.025,3,12,0.25,2024-25,Regular Season,3-6 Dribbles
203932,Aaron Gordon,1610612743,DEN,29.0,51,36,0.135,31,67,0.463,0.507,0.109,25,54,0.463,0.026,6,13,0.462,2024-25,Regular Season,3-6 Dribbles
203937,Kyle Anderson,1610612748,MIA,31.0,61,36,0.219,29,66,0.439,0.447,0.196,28,59,0.475,0.023,1,7,0.143,2024-25,Regular Season,3-6 Dribbles
1630557,Corey Kispert,1610612764,WAS,26.0,61,40,0.115,32,65,0.492,0.531,0.103,27,58,0.466,0.012,5,7,0.714,2024-25,Regular Season,3-6 Dribbles
203935,Marcus Smart,1610612764,WAS,31.0,34,32,0.253,30,65,0.462,0.492,0.218,26,56,0.464,0.035,4,9,0.444,2024-25,Regular Season,3-6 Dribbles
1628971,Bruce Brown,1610612740,NOP,28.0,41,32,0.207,22,64,0.344,0.344,0.204,22,63,0.349,0.003,0,1,0.0,2024-25,Regular Season,3-6 Dribbles
1642275,Tidjane Salaün,1610612766,CHA,19.0,60,35,0.18,18,62,0.29,0.323,0.148,14,51,0.275,0.032,4,11,0.364,2024-25,Regular Season,3-6 Dribbles
1631157,Ryan Rollins,1610612749,MIL,22.0,56,34,0.225,28,61,0.459,0.467,0.207,27,56,0.482,0.018,1,5,0.2,2024-25,Regular Season,3-6 Dribbles
1630544,Tre Mann,1610612766,CHA,24.0,13,13,0.373,27,60,0.45,0.508,0.298,20,48,0.417,0.075,7,12,0.583,2024-25,Regular Season,3-6 Dribbles
1630548,Johnny Juzang,1610612762,UTA,24.0,64,38,0.126,24,60,0.4,0.442,0.095,19,45,0.422,0.032,5,15,0.333,2024-25,Regular Season,3-6 Dribbles
1630583,Santi Aldama,1610612763,MEM,24.0,64,41,0.093,31,59,0.525,0.534,0.091,30,58,0.517,0.002,1,1,1.0,2024-25,Regular Season,3-6 Dribbles
1629003,Shake Milton,1610612747,LAL,28.0,57,30,0.232,30,59,0.508,0.508,0.213,30,54,0.556,0.02,0,5,0.0,2024-25,Regular Season,3-6 Dribbles
1641787,Tosan Evbuomwan,1610612751,BKN,24.0,28,24,0.268,25,59,0.424,0.424,0.268,25,59,0.424,0.0,0,0,,2024-25,Regular Season,3-6 Dribbles
1629026,Kenrich Williams,1610612760,OKC,30.0,69,36,0.167,24,59,0.407,0.415,0.15,23,53,0.434,0.017,1,6,0.167,2024-25,Regular Season,3-6 Dribbles
1631105,Jalen Duren,1610612765,DET,21.0,78,40,0.106,38,58,0.655,0.655,0.106,38,58,0.655,0.0,0,0,,2024-25,Regular Season,3-6 Dribbles
1627824,Guerschon Yabusele,1610612755,PHI,29.0,70,35,0.103,31,58,0.534,0.534,0.098,31,55,0.564,0.005,0,3,0.0,2024-25,Regular Season,3-6 Dribbles
1630174,Aaron Nesmith,1610612754,IND,25.0,45,33,0.153,30,58,0.517,0.526,0.14,29,53,0.547,0.013,1,5,0.2,2024-25,Regular Season,3-6 Dribbles
1628960,Grayson Allen,1610612756,PHX,29.0,64,39,0.119,26,58,0.448,0.466,0.098,24,48,0.5,0.02,2,10,0.2,2024-25,Regular Season,3-6 Dribbles
1642271,Kyle Filipowski,1610612762,UTA,21.0,72,36,0.11,32,57,0.561,0.57,0.106,31,55,0.564,0.004,1,2,0.5,2024-25,Regular Season,3-6 Dribbles
1630288,Jeff Dowtin Jr.,1610612755,PHI,28.0,41,28,0.248,27,57,0.474,0.491,0.213,25,49,0.51,0.035,2,8,0.25,2024-25,Regular Season,3-6 Dribbles
1628998,Cody Martin,1610612756,PHX,29.0,53,37,0.175,23,57,0.404,0.404,0.16,23,52,0.442,0.015,0,5,0.0,2024-25,Regular Season,3-6 Dribbles
1629060,Rui Hachimura,1610612747,LAL,27.0,59,35,0.099,22,57,0.386,0.386,0.099,22,57,0.386,0.0,0,0,,2024-25,Regular Season,3-6 Dribbles
1630167,Obi Toppin,1610612754,IND,27.0,79,39,0.093,33,56,0.589,0.598,0.08,32,48,0.667,0.013,1,8,0.125,2024-25,Regular Season,3-6 Dribbles
1628374,Lauri Markkanen,1610612762,UTA,28.0,47,31,0.08,28,56,0.5,0.509,0.071,27,50,0.54,0.009,1,6,0.167,2024-25,Regular Season,3-6 Dribbles
1631107,Nikola Jović,1610612748,MIA,22.0,46,29,0.148,27,56,0.482,0.509,0.116,24,44,0.545,0.032,3,12,0.25,2024-25,Regular Season,3-6 Dribbles
1631222,Jake LaRavia,1610612758,SAC,23.0,66,38,0.166,25,56,0.446,0.455,0.154,24,52,0.462,0.012,1,4,0.25,2024-25,Regular Season,3-6 Dribbles
1642265,Rob Dillingham,1610612750,MIN,20.0,49,28,0.265,25,56,0.446,0.509,0.19,18,40,0.45,0.076,7,16,0.438,2024-25,Regular Season,3-6 Dribbles
1630182,Josh Green,1610612766,CHA,24.0,68,40,0.133,24,56,0.429,0.438,0.131,23,55,0.418,0.002,1,1,1.0,2024-25,Regular Season,3-6 Dribbles
1631110,Jeremy Sochan,1610612759,SAS,22.0,54,35,0.119,22,56,0.393,0.393,0.115,22,54,0.407,0.004,0,2,0.0,2024-25,Regular Season,3-6 Dribbles
1630173,Precious Achiuwa,1610612752,NYK,25.0,56,32,0.166,25,54,0.463,0.463,0.166,25,54,0.463,0.0,0,0,,2024-25,Regular Season,3-6 Dribbles
203552,Seth Curry,1610612766,CHA,34.0,68,31,0.157,23,54,0.426,0.463,0.12,19,41,0.463,0.038,4,13,0.308,2024-25,Regular Season,3-6 Dribbles
1627884,Derrick Jones Jr.,1610612746,LAC,28.0,77,36,0.092,21,54,0.389,0.389,0.088,21,52,0.404,0.003,0,2,0.0,2024-25,Regular Season,3-6 Dribbles
1629004,Svi Mykhailiuk,1610612762,UTA,28.0,38,26,0.179,20,54,0.37,0.426,0.11,14,33,0.424,0.07,6,21,0.286,2024-25,Regular Season,3-6 Dribbles
1627752,Taurean Prince,1610612749,MIL,31.0,80,36,0.103,19,53,0.358,0.358,0.089,19,46,0.413,0.014,0,7,0.0,2024-25,Regular Season,3-6 Dribbles
1631096,Chet Holmgren,1610612760,OKC,23.0,32,23,0.155,18,53,0.34,0.34,0.155,18,53,0.34,0.0,0,0,,2024-25,Regular Season,3-6 Dribbles
1628381,John Collins,1610612762,UTA,27.0,40,29,0.098,34,52,0.654,0.654,0.098,34,52,0.654,0.0,0,0,,2024-25,Regular Season,3-6 Dribbles
1630534,Ochai Agbaji,1610612761,TOR,25.0,64,31,0.097,29,52,0.558,0.577,0.092,27,49,0.551,0.006,2,3,0.667,2024-25,Regular Season,3-6 Dribbles
1630314,Brandon Williams,1610612742,DAL,25.0,33,21,0.277,29,52,0.558,0.577,0.255,27,48,0.563,0.021,2,4,0.5,2024-25,Regular Season,3-6 Dribbles
202685,Jonas Valančiūnas,1610612758,SAC,33.0,81,32,0.083,29,52,0.558,0.558,0.083,29,52,0.558,0.0,0,0,,2024-25,Regular Season,3-6 Dribbles
1630577,Julian Champagnie,1610612759,SAS,24.0,82,34,0.078,21,52,0.404,0.452,0.065,16,43,0.372,0.014,5,9,0.556,2024-25,Regular Season,3-6 Dribbles
203901,Elfrid Payton,1610612740,NOP,31.0,24,22,0.426,13,52,0.25,0.25,0.41,13,50,0.26,0.016,0,2,0.0,2024-25,Regular Season,3-6 Dribbles
1642367,Jonathan Mogbo,1610612761,TOR,23.0,63,32,0.143,18,51,0.353,0.353,0.138,18,49,0.367,0.006,0,2,0.0,2024-25,Regular Season,3-6 Dribbles
1627732,Ben Simmons,1610612746,LAC,28.0,51,30,0.224,27,50,0.54,0.54,0.224,27,50,0.54,0.0,0,0,,2024-25,Regular Season,3-6 Dribbles
1628988,Aaron Holiday,1610612745,HOU,28.0,62,31,0.187,24,50,0.48,0.54,0.138,18,37,0.486,0.049,6,13,0.462,2024-25,Regular Season,3-6 Dribbles
1642358,AJ Johnson,1610612764,WAS,20.0,29,21,0.235,23,50,0.46,0.51,0.169,18,36,0.5,0.066,5,14,0.357,2024-25,Regular Season,3-6 Dribbles
203994,Jusuf Nurkić,1610612766,CHA,30.0,51,26,0.142,22,50,0.44,0.44,0.142,22,50,0.44,0.0,0,0,,2024-25,Regular Season,3-6 Dribbles
1630533,Ziaire Williams,1610612751,BKN,23.0,63,36,0.096,20,50,0.4,0.41,0.083,19,43,0.442,0.013,1,7,0.143,2024-25,Regular Season,3-6 Dribbles
1629022,Lonnie Walker IV,1610612755,PHI,26.0,20,15,0.231,22,49,0.449,0.51,0.16,16,34,0.471,0.071,6,15,0.4,2024-25,Regular Season,3-6 Dribbles
1629216,Gabe Vincent,1610612747,LAL,29.0,72,36,0.117,21,49,0.429,0.469,0.076,17,32,0.531,0.04,4,17,0.235,2024-25,Regular Season,3-6 Dribbles
1631103,Malaki Branham,1610612759,SAS,22.0,47,23,0.258,20,49,0.408,0.418,0.226,19,43,0.442,0.032,1,6,0.167,2024-25,Regular Season,3-6 Dribbles
1630551,Justin Champagnie,1610612764,WAS,24.0,62,31,0.117,26,48,0.542,0.552,0.109,25,45,0.556,0.007,1,3,0.333,2024-25,Regular Season,3-6 Dribbles
1641810,Antonio Reeves,1610612740,NOP,24.0,44,25,0.194,21,48,0.438,0.479,0.149,17,37,0.459,0.044,4,11,0.364,2024-25,Regular Season,3-6 Dribbles
1631165,Keon Ellis,1610612758,SAC,25.0,80,32,0.101,25,47,0.532,0.564,0.078,22,36,0.611,0.024,3,11,0.273,2024-25,Regular Season,3-6 Dribbles
1627777,Georges Niang,1610612737,ATL,32.0,79,33,0.076,22,47,0.468,0.479,0.073,21,45,0.467,0.003,1,2,0.5,2024-25,Regular Season,3-6 Dribbles
1631104,Blake Wesley,1610612759,SAS,22.0,58,29,0.253,19,47,0.404,0.415,0.237,18,44,0.409,0.016,1,3,0.333,2024-25,Regular Season,3-6 Dribbles
1631212,Peyton Watson,1610612743,DEN,22.0,68,35,0.11,23,46,0.5,0.511,0.105,22,44,0.5,0.005,1,2,0.5,2024-25,Regular Season,3-6 Dribbles
203954,Joel Embiid,1610612755,PHI,31.0,19,16,0.146,20,46,0.435,0.435,0.133,20,42,0.476,0.013,0,4,0.0,2024-25,Regular Season,3-6 Dribbles
1629610,DaQuan Jeffries,1610612766,CHA,27.0,47,27,0.158,16,46,0.348,0.359,0.144,15,42,0.357,0.014,1,4,0.25,2024-25,Regular Season,3-6 Dribbles
1631200,Kris Murray,1610612757,POR,24.0,69,31,0.161,21,45,0.467,0.467,0.147,21,41,0.512,0.014,0,4,0.0,2024-25,Regular Season,3-6 Dribbles
1631323,Simone Fontecchio,1610612765,DET,29.0,75,33,0.115,19,43,0.442,0.442,0.105,19,39,0.487,0.011,0,4,0.0,2024-25,Regular Season,3-6 Dribbles
1642349,Ajay Mitchell,1610612760,OKC,23.0,36,26,0.227,19,42,0.452,0.452,0.216,19,40,0.475,0.011,0,2,0.0,2024-25,Regular Season,3-6 Dribbles
1628975,Jevon Carter,1610612741,CHI,29.0,36,23,0.288,16,42,0.381,0.464,0.13,9,19,0.474,0.158,7,23,0.304,2024-25,Regular Season,3-6 Dribbles
1631209,Isaiah Wong,1610612766,CHA,24.0,20,19,0.4,15,42,0.357,0.381,0.324,13,34,0.382,0.076,2,8,0.25,2024-25,Regular Season,3-6 Dribbles
1626220,Royce O'Neale,1610612756,PHX,32.0,75,28,0.074,13,42,0.31,0.321,0.063,12,36,0.333,0.011,1,6,0.167,2024-25,Regular Season,3-6 Dribbles
1628420,Monte Morris,1610612756,PHX,30.0,45,27,0.21,18,41,0.439,0.439,0.185,18,36,0.5,0.026,0,5,0.0,2024-25,Regular Season,3-6 Dribbles
1641854,Craig Porter Jr.,1610612739,CLE,25.0,51,21,0.293,14,41,0.341,0.378,0.214,11,30,0.367,0.079,3,11,0.273,2024-25,Regular Season,3-6 Dribbles
1641732,Colby Jones,1610612764,WAS,23.0,39,16,0.31,20,40,0.5,0.525,0.271,18,35,0.514,0.039,2,5,0.4,2024-25,Regular Season,3-6 Dribbles
1629006,Josh Okogie,1610612766,CHA,26.0,40,24,0.189,13,40,0.325,0.325,0.179,13,38,0.342,0.009,0,2,0.0,2024-25,Regular Season,3-6 Dribbles
1629618,Jalen Pickett,1610612743,DEN,25.0,49,22,0.217,20,39,0.513,0.603,0.167,13,30,0.433,0.05,7,9,0.778,2024-25,Regular Season,3-6 Dribbles
1641712,Rayan Rupert,1610612757,POR,21.0,52,20,0.275,15,39,0.385,0.397,0.239,14,34,0.412,0.035,1,5,0.2,2024-25,Regular Season,3-6 Dribbles
1642263,Reed Sheppard,1610612745,HOU,21.0,52,27,0.159,16,38,0.421,0.474,0.126,12,30,0.4,0.033,4,8,0.5,2024-25,Regular Season,3-6 Dribbles
1641713,GG Jackson,1610612763,MEM,20.0,29,19,0.191,16,38,0.421,0.434,0.181,15,36,0.417,0.01,1,2,0.5,2024-25,Regular Season,3-6 Dribbles
202692,Alec Burks,1610612748,MIA,33.0,49,26,0.14,15,38,0.395,0.434,0.111,12,30,0.4,0.03,3,8,0.375,2024-25,Regular Season,3-6 Dribbles
203110,Draymond Green,1610612744,GSW,35.0,68,27,0.075,15,38,0.395,0.395,0.073,15,37,0.405,0.002,0,1,0.0,2024-25,Regular Season,3-6 Dribbles
1627936,Alex Caruso,1610612760,OKC,31.0,54,28,0.121,12,38,0.316,0.316,0.105,12,33,0.364,0.016,0,5,0.0,2024-25,Regular Season,3-6 Dribbles
1642262,Cody Williams,1610612762,UTA,20.0,50,28,0.148,9,38,0.237,0.237,0.144,9,37,0.243,0.004,0,1,0.0,2024-25,Regular Season,3-6 Dribbles
1630243,Trevelin Queen,1610612753,ORL,28.0,31,17,0.252,17,37,0.459,0.541,0.163,11,24,0.458,0.088,6,13,0.462,2024-25,Regular Season,3-6 Dribbles
203482,Kelly Olynyk,1610612740,NOP,34.0,44,29,0.138,17,37,0.459,0.486,0.119,15,32,0.469,0.019,2,5,0.4,2024-25,Regular Season,3-6 Dribbles
1641765,Olivier-Maxence Prosper,1610612742,DAL,22.0,52,21,0.213,16,37,0.432,0.432,0.201,16,35,0.457,0.011,0,2,0.0,2024-25,Regular Season,3-6 Dribbles
1630811,Keaton Wallace,1610612737,ATL,26.0,31,17,0.222,10,36,0.278,0.278,0.198,10,32,0.313,0.025,0,4,0.0,2024-25,Regular Season,3-6 Dribbles
1630538,Bones Hyland,1610612750,MIN,24.0,24,18,0.297,15,35,0.429,0.557,0.11,6,13,0.462,0.186,9,22,0.409,2024-25,Regular Season,3-6 Dribbles
1642346,Ryan Dunn,1610612756,PHX,22.0,74,28,0.074,15,35,0.429,0.429,0.074,15,35,0.429,0.0,0,0,,2024-25,Regular Season,3-6 Dribbles
1630249,Vít Krejčí,1610612737,ATL,25.0,57,23,0.116,20,34,0.588,0.676,0.068,14,20,0.7,0.048,6,14,0.429,2024-25,Regular Season,3-6 Dribbles
1631288,Jamal Cain,1610612740,NOP,26.0,37,16,0.215,16,34,0.471,0.5,0.177,14,28,0.5,0.038,2,6,0.333,2024-25,Regular Season,3-6 Dribbles
1631260,AJ Green,1610612749,MIL,25.0,73,29,0.08,15,34,0.441,0.544,0.042,8,18,0.444,0.038,7,16,0.438,2024-25,Regular Season,3-6 Dribbles
1641724,Jett Howard,1610612753,ORL,21.0,60,20,0.126,18,33,0.545,0.591,0.092,15,24,0.625,0.034,3,9,0.333,2024-25,Regular Season,3-6 Dribbles
201569,Eric Gordon,1610612755,PHI,36.0,39,23,0.162,17,33,0.515,0.53,0.147,16,30,0.533,0.015,1,3,0.333,2024-25,Regular Season,3-6 Dribbles
1641757,Jordan Miller,1610612746,LAC,25.0,37,16,0.246,15,33,0.455,0.455,0.231,15,31,0.484,0.015,0,2,0.0,2024-25,Regular Season,3-6 Dribbles
1629312,Haywood Highsmith,1610612748,MIA,28.0,74,25,0.082,18,32,0.563,0.578,0.079,17,31,0.548,0.003,1,1,1.0,2024-25,Regular Season,3-6 Dribbles
203957,Dante Exum,1610612742,DAL,29.0,20,16,0.239,16,32,0.5,0.516,0.231,15,31,0.484,0.007,1,1,1.0,2024-25,Regular Season,3-6 Dribbles
1630256,Jae'Sean Tate,1610612745,HOU,29.0,52,20,0.216,14,32,0.438,0.438,0.196,14,29,0.483,0.02,0,3,0.0,2024-25,Regular Season,3-6 Dribbles
1630311,Pat Spencer,1610612744,GSW,28.0,39,18,0.317,13,32,0.406,0.406,0.307,13,31,0.419,0.01,0,1,0.0,2024-25,Regular Season,3-6 Dribbles
1642269,Devin Carter,1610612758,SAC,23.0,36,20,0.252,11,32,0.344,0.375,0.189,9,24,0.375,0.063,2,8,0.25,2024-25,Regular Season,3-6 Dribbles
1641720,Jalen Hood-Schifino,1610612755,PHI,22.0,15,14,0.316,15,31,0.484,0.532,0.184,12,18,0.667,0.133,3,13,0.231,2024-25,Regular Season,3-6 Dribbles
1630526,Jeremiah Robinson-Earl,1610612740,NOP,24.0,66,24,0.089,9,31,0.29,0.29,0.081,9,28,0.321,0.009,0,3,0.0,2024-25,Regular Season,3-6 Dribbles
202709,Cory Joseph,1610612753,ORL,33.0,50,24,0.195,16,30,0.533,0.583,0.136,13,21,0.619,0.058,3,9,0.333,2024-25,Regular Season,3-6 Dribbles
1641748,Andre Jackson Jr.,1610612749,MIL,23.0,67,24,0.152,13,30,0.433,0.45,0.137,12,27,0.444,0.015,1,3,0.333,2024-25,Regular Season,3-6 Dribbles
1631221,Collin Gillespie,1610612756,PHX,26.0,33,18,0.19,6,30,0.2,0.217,0.152,5,24,0.208,0.038,1,6,0.167,2024-25,Regular Season,3-6 Dribbles
1626192,Pat Connaughton,1610612749,MIL,32.0,41,14,0.164,16,29,0.552,0.569,0.147,15,26,0.577,0.017,1,3,0.333,2024-25,Regular Season,3-6 Dribbles
202704,Reggie Jackson,1610612755,PHI,35.0,31,19,0.218,14,29,0.483,0.534,0.158,11,21,0.524,0.06,3,8,0.375,2024-25,Regular Season,3-6 Dribbles
1630529,Herbert Jones,1610612740,NOP,26.0,20,14,0.169,14,29,0.483,0.483,0.157,14,27,0.519,0.012,0,2,0.0,2024-25,Regular Season,3-6 Dribbles
1642274,Yves Missi,1610612740,NOP,21.0,73,20,0.057,16,28,0.571,0.571,0.057,16,28,0.571,0.0,0,0,,2024-25,Regular Season,3-6 Dribbles
1630171,Isaac Okoro,1610612739,CLE,24.0,55,21,0.105,14,28,0.5,0.518,0.097,13,26,0.5,0.007,1,2,0.5,2024-25,Regular Season,3-6 Dribbles
1628366,Lonzo Ball,1610612741,CHI,27.0,35,19,0.115,10,28,0.357,0.446,0.078,5,19,0.263,0.037,5,9,0.556,2024-25,Regular Season,3-6 Dribbles
201572,Brook Lopez,1610612749,MIL,37.0,80,19,0.035,16,27,0.593,0.611,0.032,15,25,0.6,0.003,1,2,0.5,2024-25,Regular Season,3-6 Dribbles
1641736,Reece Beekman,1610612751,BKN,23.0,36,17,0.252,15,27,0.556,0.556,0.252,15,27,0.556,0.0,0,0,,2024-25,Regular Season,3-6 Dribbles
1629750,Javonte Green,1610612739,CLE,31.0,68,18,0.09,12,26,0.462,0.462,0.09,12,26,0.462,0.0,0,0,,2024-25,Regular Season,3-6 Dribbles
1629021,Moritz Wagner,1610612753,ORL,28.0,30,18,0.104,12,26,0.462,0.462,0.1,12,25,0.48,0.004,0,1,0.0,2024-25,Regular Season,3-6 Dribbles
1641878,Damion Baugh,1610612766,CHA,24.0,15,12,0.2,11,26,0.423,0.423,0.185,11,24,0.458,0.015,0,2,0.0,2024-25,Regular Season,3-6 Dribbles
1631245,Quenton Jackson,1610612754,IND,26.0,28,15,0.213,11,26,0.423,0.442,0.18,10,22,0.455,0.033,1,4,0.25,2024-25,Regular Season,3-6 Dribbles
1629634,Brandon Clarke,1610612763,MEM,28.0,63,23,0.069,10,26,0.385,0.385,0.069,10,26,0.385,0.0,0,0,,2024-25,Regular Season,3-6 Dribbles
1629669,Jaylen Nowell,1610612764,WAS,25.0,8,7,0.356,10,26,0.385,0.385,0.329,10,24,0.417,0.027,0,2,0.0,2024-25,Regular Season,3-6 Dribbles
203083,Andre Drummond,1610612755,PHI,31.0,40,14,0.107,12,25,0.48,0.48,0.107,12,25,0.48,0.0,0,0,,2024-25,Regular Season,3-6 Dribbles
1630692,Jordan Goodwin,1610612747,LAL,26.0,29,14,0.174,11,25,0.44,0.46,0.139,10,20,0.5,0.035,1,5,0.2,2024-25,Regular Season,3-6 Dribbles
1626167,Myles Turner,1610612754,IND,29.0,72,24,0.031,10,25,0.4,0.42,0.03,9,24,0.375,0.001,1,1,1.0,2024-25,Regular Season,3-6 Dribbles
1641796,Pelle Larsson,1610612748,MIA,24.0,55,17,0.123,9,25,0.36,0.38,0.113,8,23,0.348,0.01,1,2,0.5,2024-25,Regular Season,3-6 Dribbles
1642281,Jaylon Tyson,1610612739,CLE,22.0,47,17,0.168,9,25,0.36,0.36,0.168,9,25,0.36,0.0,0,0,,2024-25,Regular Season,3-6 Dribbles
1641730,Noah Clowney,1610612751,BKN,20.0,46,18,0.067,3,25,0.12,0.12,0.059,3,22,0.136,0.008,0,3,0.0,2024-25,Regular Season,3-6 Dribbles
1629013,Landry Shamet,1610612752,NYK,28.0,49,17,0.105,14,24,0.583,0.625,0.083,12,19,0.632,0.022,2,5,0.4,2024-25,Regular Season,3-6 Dribbles
1631133,Jabari Walker,1610612757,POR,22.0,60,19,0.105,14,24,0.583,0.583,0.1,14,23,0.609,0.004,0,1,0.0,2024-25,Regular Season,3-6 Dribbles
1642355,Bronny James,1610612747,LAL,20.0,27,13,0.358,4,24,0.167,0.188,0.269,3,18,0.167,0.09,1,6,0.167,2024-25,Regular Season,3-6 Dribbles
1630573,Sam Hauser,1610612738,BOS,27.0,71,21,0.049,16,23,0.696,0.739,0.036,14,17,0.824,0.013,2,6,0.333,2024-25,Regular Season,3-6 Dribbles
1630549,Day'Ron Sharpe,1610612751,BKN,23.0,50,19,0.073,10,23,0.435,0.435,0.069,10,22,0.455,0.003,0,1,0.0,2024-25,Regular Season,3-6 Dribbles
1641721,Maxwell Lewis,1610612751,BKN,22.0,28,13,0.213,9,23,0.391,0.435,0.167,7,18,0.389,0.046,2,5,0.4,2024-25,Regular Season,3-6 Dribbles
1631246,Vince Williams Jr.,1610612763,MEM,24.0,26,17,0.143,8,23,0.348,0.37,0.099,7,16,0.438,0.043,1,7,0.143,2024-25,Regular Season,3-6 Dribbles
1641794,Dillon Jones,1610612760,OKC,23.0,54,16,0.165,10,22,0.455,0.455,0.15,10,20,0.5,0.015,0,2,0.0,2024-25,Regular Season,3-6 Dribbles
1626153,Delon Wright,1610612752,NYK,33.0,40,14,0.168,6,22,0.273,0.273,0.115,6,15,0.4,0.053,0,7,0.0,2024-25,Regular Season,3-6 Dribbles
1630322,Lindy Waters III,1610612765,DET,27.0,52,17,0.085,13,21,0.619,0.69,0.065,10,16,0.625,0.02,3,5,0.6,2024-25,Regular Season,3-6 Dribbles
1629622,Max Strus,1610612739,CLE,29.0,50,19,0.056,11,21,0.524,0.571,0.038,9,14,0.643,0.019,2,7,0.286,2024-25,Regular Season,3-6 Dribbles
1631218,Trayce Jackson-Davis,1610612744,GSW,25.0,62,16,0.07,10,21,0.476,0.476,0.07,10,21,0.476,0.0,0,0,,2024-25,Regular Season,3-6 Dribbles
204001,Kristaps Porziņģis,1610612738,BOS,29.0,42,16,0.038,9,21,0.429,0.452,0.036,8,20,0.4,0.002,1,1,1.0,2024-25,Regular Season,3-6 Dribbles
1631111,Wendell Moore Jr.,1610612766,CHA,23.0,36,16,0.167,8,21,0.381,0.381,0.159,8,20,0.4,0.008,0,1,0.0,2024-25,Regular Season,3-6 Dribbles
1641745,Adam Flagler,1610612760,OKC,25.0,37,13,0.219,7,21,0.333,0.381,0.125,5,12,0.417,0.094,2,9,0.222,2024-25,Regular Season,3-6 Dribbles
1630168,Onyeka Okongwu,1610612737,ATL,24.0,74,19,0.029,12,20,0.6,0.6,0.029,12,20,0.6,0.0,0,0,,2024-25,Regular Season,3-6 Dribbles
201143,Al Horford,1610612738,BOS,39.0,60,17,0.044,9,20,0.45,0.45,0.042,9,19,0.474,0.002,0,1,0.0,2024-25,Regular Season,3-6 Dribbles
200768,Kyle Lowry,1610612755,PHI,39.0,35,14,0.171,8,20,0.4,0.475,0.103,5,12,0.417,0.068,3,8,0.375,2024-25,Regular Season,3-6 Dribbles
1630531,Jaden Springer,1610612762,UTA,22.0,43,16,0.222,8,20,0.4,0.425,0.2,7,18,0.389,0.022,1,2,0.5,2024-25,Regular Season,3-6 Dribbles
1641767,Ben Sheppard,1610612754,IND,23.0,63,16,0.07,8,20,0.4,0.4,0.059,8,17,0.471,0.01,0,3,0.0,2024-25,Regular Season,3-6 Dribbles
1631311,Lester Quinones,1610612740,NOP,24.0,13,4,0.256,5,20,0.25,0.275,0.167,4,13,0.308,0.09,1,7,0.143,2024-25,Regular Season,3-6 Dribbles
1631172,Ousmane Dieng,1610612760,OKC,22.0,37,13,0.16,4,20,0.2,0.25,0.096,2,12,0.167,0.064,2,8,0.25,2024-25,Regular Season,3-6 Dribbles
1642278,Tyler Kolek,1610612752,NYK,24.0,41,13,0.232,7,19,0.368,0.368,0.207,7,17,0.412,0.024,0,2,0.0,2024-25,Regular Season,3-6 Dribbles
1641774,Tristan Vukcevic,1610612764,WAS,22.0,35,12,0.079,7,19,0.368,0.368,0.07,7,17,0.412,0.008,0,2,0.0,2024-25,Regular Season,3-6 Dribbles
1629028,Deandre Ayton,1610612757,POR,26.0,40,16,0.041,6,19,0.316,0.316,0.041,6,19,0.316,0.0,0,0,,2024-25,Regular Season,3-6 Dribbles
1629680,Matisse Thybulle,1610612757,POR,28.0,15,11,0.205,6,18,0.333,0.333,0.193,6,17,0.353,0.011,0,1,0.0,2024-25,Regular Season,3-6 Dribbles
1641763,Julian Phillips,1610612741,CHI,21.0,79,16,0.059,9,17,0.529,0.529,0.059,9,17,0.529,0.0,0,0,,2024-25,Regular Season,3-6 Dribbles
1629162,Jordan McLaughlin,1610612759,SAS,29.0,46,14,0.236,8,17,0.471,0.559,0.167,5,12,0.417,0.069,3,5,0.6,2024-25,Regular Season,3-6 Dribbles
1630639,A.J. Lawson,1610612761,TOR,24.0,26,12,0.089,7,17,0.412,0.441,0.084,6,16,0.375,0.005,1,1,1.0,2024-25,Regular Season,3-6 Dribbles
201988,Patty Mills,1610612746,LAC,36.0,29,11,0.177,7,17,0.412,0.559,0.083,2,8,0.25,0.094,5,9,0.556,2024-25,Regular Season,3-6 Dribbles
1627827,Dorian Finney-Smith,1610612747,LAL,32.0,63,15,0.039,7,17,0.412,0.412,0.037,7,16,0.438,0.002,0,1,0.0,2024-25,Regular Season,3-6 Dribbles
1631115,Orlando Robinson,1610612761,TOR,24.0,44,13,0.065,6,17,0.353,0.353,0.065,6,17,0.353,0.0,0,0,,2024-25,Regular Season,3-6 Dribbles
1628365,Markelle Fultz,1610612758,SAC,27.0,21,11,0.254,5,17,0.294,0.294,0.254,5,17,0.294,0.0,0,0,,2024-25,Regular Season,3-6 Dribbles
1630191,Isaiah Stewart,1610612765,DET,24.0,72,12,0.054,4,17,0.235,0.235,0.051,4,16,0.25,0.003,0,1,0.0,2024-25,Regular Season,3-6 Dribbles
1631223,David Roddy,1610612745,HOU,24.0,33,12,0.128,9,16,0.563,0.594,0.12,8,15,0.533,0.008,1,1,1.0,2024-25,Regular Season,3-6 Dribbles
1631098,Johnny Davis,1610612764,WAS,23.0,34,11,0.205,8,16,0.5,0.5,0.179,8,14,0.571,0.026,0,2,0.0,2024-25,Regular Season,3-6 Dribbles
1631248,Baylor Scheierman,1610612738,BOS,24.0,31,9,0.145,7,16,0.438,0.5,0.109,5,12,0.417,0.036,2,4,0.5,2024-25,Regular Season,3-6 Dribbles
1630241,Sam Merrill,1610612739,CLE,29.0,71,14,0.038,5,16,0.313,0.344,0.024,4,10,0.4,0.014,1,6,0.167,2024-25,Regular Season,3-6 Dribbles
1628392,Isaiah Hartenstein,1610612760,OKC,27.0,57,12,0.031,9,15,0.6,0.6,0.031,9,15,0.6,0.0,0,0,,2024-25,Regular Season,3-6 Dribbles
1628976,Wendell Carter Jr.,1610612753,ORL,26.0,68,14,0.031,9,15,0.6,0.6,0.031,9,15,0.6,0.0,0,0,,2024-25,Regular Season,3-6 Dribbles
1628380,Zach Collins,1610612741,CHI,27.0,64,13,0.05,9,15,0.6,0.6,0.05,9,15,0.6,0.0,0,0,,2024-25,Regular Season,3-6 Dribbles
1630205,Lamar Stevens,1610612763,MEM,27.0,17,7,0.238,8,15,0.533,0.533,0.222,8,14,0.571,0.016,0,1,0.0,2024-25,Regular Season,3-6 Dribbles
1641738,Kobe Brown,1610612746,LAC,25.0,40,12,0.208,6,15,0.4,0.4,0.208,6,15,0.4,0.0,0,0,,2024-25,Regular Season,3-6 Dribbles
1641727,Dariq Whitehead,1610612751,BKN,20.0,20,9,0.156,4,15,0.267,0.3,0.125,3,12,0.25,0.031,1,3,0.333,2024-25,Regular Season,3-6 Dribbles
1641740,Jaylen Clark,1610612750,MIN,23.0,40,12,0.117,8,14,0.571,0.571,0.117,8,14,0.571,0.0,0,0,,2024-25,Regular Season,3-6 Dribbles
1629629,Cam Reddish,1610612747,LAL,25.0,33,11,0.149,7,14,0.5,0.5,0.128,7,12,0.583,0.021,0,2,0.0,2024-25,Regular Season,3-6 Dribbles
1641744,Zach Edey,1610612763,MEM,23.0,65,10,0.033,7,14,0.5,0.5,0.033,7,14,0.5,0.0,0,0,,2024-25,Regular Season,3-6 Dribbles
1631169,Josh Minott,1610612750,MIN,22.0,46,11,0.156,7,14,0.5,0.5,0.144,7,13,0.538,0.011,0,1,0.0,2024-25,Regular Season,3-6 Dribbles
1631466,Nate Williams,1610612745,HOU,26.0,20,6,0.226,7,14,0.5,0.5,0.21,7,13,0.538,0.016,0,1,0.0,2024-25,Regular Season,3-6 Dribbles
1627814,Damion Lee,1610612756,PHX,32.0,25,9,0.189,6,14,0.429,0.464,0.135,5,10,0.5,0.054,1,4,0.25,2024-25,Regular Season,3-6 Dribbles
1630264,Anthony Gill,1610612764,WAS,32.0,51,13,0.159,6,14,0.429,0.429,0.159,6,14,0.429,0.0,0,0,,2024-25,Regular Season,3-6 Dribbles
1642366,Quinten Post,1610612744,GSW,25.0,42,14,0.051,6,14,0.429,0.429,0.051,6,14,0.429,0.0,0,0,,2024-25,Regular Season,3-6 Dribbles
202693,Markieff Morris,1610612747,LAL,35.0,15,9,0.2,6,14,0.429,0.429,0.186,6,13,0.462,0.014,0,1,0.0,2024-25,Regular Season,3-6 Dribbles
1630545,Terrence Shannon Jr.,1610612750,MIN,24.0,32,9,0.123,5,14,0.357,0.357,0.123,5,14,0.357,0.0,0,0,,2024-25,Regular Season,3-6 Dribbles
1631102,TyTy Washington Jr.,1610612756,PHX,23.0,16,7,0.311,4,14,0.286,0.321,0.244,3,11,0.273,0.067,1,3,0.333,2024-25,Regular Season,3-6 Dribbles
1627780,Gary Payton II,1610612744,GSW,32.0,62,11,0.044,9,13,0.692,0.692,0.044,9,13,0.692,0.0,0,0,,2024-25,Regular Season,3-6 Dribbles
1642419,Jamison Battle,1610612761,TOR,24.0,59,11,0.037,7,13,0.538,0.577,0.029,6,10,0.6,0.009,1,3,0.333,2024-25,Regular Season,3-6 Dribbles
1631232,Keion Brooks Jr.,1610612740,NOP,24.0,14,9,0.119,6,13,0.462,0.462,0.119,6,13,0.462,0.0,0,0,,2024-25,Regular Season,3-6 Dribbles
1630188,Jalen Smith,1610612741,CHI,25.0,64,11,0.029,9,12,0.75,0.75,0.029,9,12,0.75,0.0,0,0,,2024-25,Regular Season,3-6 Dribbles
1631255,Karlo Matković,1610612740,NOP,24.0,42,10,0.051,8,12,0.667,0.667,0.051,8,12,0.667,0.0,0,0,,2024-25,Regular Season,3-6 Dribbles
1631217,Moussa Diabate,1610612766,CHA,23.0,71,12,0.043,8,12,0.667,0.667,0.043,8,12,0.667,0.0,0,0,,2024-25,Regular Season,3-6 Dribbles
1642345,Oso Ighodaro,1610612756,PHX,22.0,61,10,0.064,7,12,0.583,0.583,0.064,7,12,0.583,0.0,0,0,,2024-25,Regular Season,3-6 Dribbles
1631166,Drew Timme,1610612751,BKN,24.0,9,6,0.118,5,12,0.417,0.417,0.118,5,12,0.417,0.0,0,0,,2024-25,Regular Season,3-6 Dribbles
1641798,Jaylen Martin,1610612764,WAS,21.0,16,9,0.162,4,12,0.333,0.333,0.162,4,12,0.333,0.0,0,0,,2024-25,Regular Season,3-6 Dribbles
1627751,Jakob Poeltl,1610612761,TOR,29.0,57,12,0.021,4,12,0.333,0.333,0.021,4,12,0.333,0.0,0,0,,2024-25,Regular Season,3-6 Dribbles
1641737,Adem Bona,1610612755,PHI,22.0,58,10,0.057,9,11,0.818,0.818,0.057,9,11,0.818,0.0,0,0,,2024-25,Regular Season,3-6 Dribbles
1628386,Jarrett Allen,1610612739,CLE,27.0,82,9,0.017,8,11,0.727,0.727,0.017,8,11,0.727,0.0,0,0,,2024-25,Regular Season,3-6 Dribbles
1628449,Chris Boucher,1610612761,TOR,32.0,50,10,0.03,6,11,0.545,0.591,0.024,5,9,0.556,0.005,1,2,0.5,2024-25,Regular Season,3-6 Dribbles
1630231,KJ Martin,1610612762,UTA,24.0,43,7,0.055,6,11,0.545,0.545,0.055,6,11,0.545,0.0,0,0,,2024-25,Regular Season,3-6 Dribbles
1631197,Jared Rhoden,1610612761,TOR,25.0,14,9,0.126,5,11,0.455,0.5,0.103,4,9,0.444,0.023,1,2,0.5,2024-25,Regular Season,3-6 Dribbles
1629655,Daniel Gafford,1610612742,DAL,26.0,57,9,0.027,5,11,0.455,0.455,0.027,5,11,0.455,0.0,0,0,,2024-25,Regular Season,3-6 Dribbles
1630699,MarJon Beauchamp,1610612752,NYK,24.0,35,9,0.169,5,11,0.455,0.455,0.123,5,8,0.625,0.046,0,3,0.0,2024-25,Regular Season,3-6 Dribbles
1642285,Cam Spencer,1610612763,MEM,25.0,25,7,0.134,4,11,0.364,0.5,0.073,1,6,0.167,0.061,3,5,0.6,2024-25,Regular Season,3-6 Dribbles
1630556,Kessler Edwards,1610612742,DAL,24.0,40,10,0.081,4,11,0.364,0.364,0.074,4,10,0.4,0.007,0,1,0.0,2024-25,Regular Season,3-6 Dribbles
1626168,Trey Lyles,1610612758,SAC,29.0,69,10,0.029,3,11,0.273,0.273,0.021,3,8,0.375,0.008,0,3,0.0,2024-25,Regular Season,3-6 Dribbles
1630572,Sandro Mamukelashvili,1610612759,SAS,26.0,61,10,0.036,6,10,0.6,0.6,0.036,6,10,0.6,0.0,0,0,,2024-25,Regular Season,3-6 Dribbles
1629731,Dean Wade,1610612739,CLE,28.0,59,8,0.037,5,10,0.5,0.5,0.037,5,10,0.5,0.0,0,0,,2024-25,Regular Season,3-6 Dribbles
1641775,Jordan Walsh,1610612738,BOS,21.0,52,7,0.12,5,10,0.5,0.5,0.12,5,10,0.5,0.0,0,0,,2024-25,Regular Season,3-6 Dribbles
1630585,Marcus Garrett,1610612766,CHA,26.0,4,4,0.37,5,10,0.5,0.5,0.37,5,10,0.5,0.0,0,0,,2024-25,Regular Season,3-6 Dribbles
1630550,JT Thor,1610612764,WAS,22.0,20,7,0.169,3,10,0.3,0.3,0.169,3,10,0.3,0.0,0,0,,2024-25,Regular Season,3-6 Dribbles
1630611,Gui Santos,1610612744,GSW,23.0,56,9,0.056,3,10,0.3,0.3,0.045,3,8,0.375,0.011,0,2,0.0,2024-25,Regular Season,3-6 Dribbles
203486,Mason Plumlee,1610612756,PHX,35.0,74,9,0.05,3,10,0.3,0.3,0.045,3,9,0.333,0.005,0,1,0.0,2024-25,Regular Season,3-6 Dribbles
1629001,De'Anthony Melton,1610612751,BKN,27.0,6,6,0.185,2,10,0.2,0.2,0.111,2,6,0.333,0.074,0,4,0.0,2024-25,Regular Season,3-6 Dribbles
1629234,Drew Eubanks,1610612746,LAC,28.0,61,8,0.046,7,9,0.778,0.778,0.046,7,9,0.778,0.0,0,0,,2024-25,Regular Season,3-6 Dribbles
1628371,Jonathan Isaac,1610612753,ORL,27.0,71,7,0.028,3,9,0.333,0.333,0.019,3,6,0.5,0.009,0,3,0.0,2024-25,Regular Season,3-6 Dribbles
202066,Garrett Temple,1610612761,TOR,39.0,28,7,0.15,2,9,0.222,0.222,0.133,2,8,0.25,0.017,0,1,0.0,2024-25,Regular Season,3-6 Dribbles
1629684,Grant Williams,1610612766,CHA,26.0,16,8,0.073,1,9,0.111,0.111,0.057,1,7,0.143,0.016,0,2,0.0,2024-25,Regular Season,3-6 Dribbles
201145,Jeff Green,1610612745,HOU,38.0,32,7,0.066,6,8,0.75,0.75,0.058,6,7,0.857,0.008,0,1,0.0,2024-25,Regular Season,3-6 Dribbles
1630528,Josh Christopher,1610612748,MIA,23.0,14,5,0.258,5,8,0.625,0.625,0.226,5,7,0.714,0.032,0,1,0.0,2024-25,Regular Season,3-6 Dribbles
1641723,Kobe Bufkin,1610612737,ATL,21.0,10,6,0.17,5,8,0.625,0.625,0.149,5,7,0.714,0.021,0,1,0.0,2024-25,Regular Season,3-6 Dribbles
1641725,Trey Alexander,1610612743,DEN,22.0,24,7,0.195,4,8,0.5,0.5,0.195,4,8,0.5,0.0,0,0,,2024-25,Regular Season,3-6 Dribbles
1630208,Nick Richards,1610612756,PHX,27.0,57,7,0.023,4,8,0.5,0.5,0.023,4,8,0.5,0.0,0,0,,2024-25,Regular Season,3-6 Dribbles
1642403,Isaac Jones,1610612758,SAC,24.0,40,7,0.096,4,8,0.5,0.5,0.096,4,8,0.5,0.0,0,0,,2024-25,Regular Season,3-6 Dribbles
203500,Steven Adams,1610612745,HOU,31.0,58,8,0.048,3,8,0.375,0.375,0.048,3,8,0.375,0.0,0,0,,2024-25,Regular Season,3-6 Dribbles
203914,Gary Harris,1610612753,ORL,30.0,48,5,0.06,3,8,0.375,0.375,0.06,3,8,0.375,0.0,0,0,,2024-25,Regular Season,3-6 Dribbles
1626172,Kevon Looney,1610612744,GSW,29.0,76,7,0.029,3,8,0.375,0.375,0.029,3,8,0.375,0.0,0,0,,2024-25,Regular Season,3-6 Dribbles
1630165,Killian Hayes,1610612751,BKN,23.0,6,4,0.186,3,8,0.375,0.375,0.14,3,6,0.5,0.047,0,2,0.0,2024-25,Regular Season,3-6 Dribbles
203497,Rudy Gobert,1610612750,MIN,33.0,72,8,0.016,3,8,0.375,0.375,0.016,3,8,0.375,0.0,0,0,,2024-25,Regular Season,3-6 Dribbles
1631230,Dominick Barlow,1610612737,ATL,22.0,35,6,0.062,5,7,0.714,0.714,0.062,5,7,0.714,0.0,0,0,,2024-25,Regular Season,3-6 Dribbles
1642276,Kel'el Ware,1610612748,MIA,21.0,64,7,0.015,4,7,0.571,0.571,0.015,4,7,0.571,0.0,0,0,,2024-25,Regular Season,3-6 Dribbles
1641789,Jazian Gortman,1610612742,DAL,22.0,16,5,0.304,4,7,0.571,0.643,0.261,3,6,0.5,0.043,1,1,1.0,2024-25,Regular Season,3-6 Dribbles
1630696,Dru Smith,1610612748,MIA,27.0,14,6,0.115,3,7,0.429,0.429,0.098,3,6,0.5,0.016,0,1,0.0,2024-25,Regular Season,3-6 Dribbles
1631243,Mouhamed Gueye,1610612737,ATL,22.0,33,6,0.041,3,7,0.429,0.429,0.035,3,6,0.5,0.006,0,1,0.0,2024-25,Regular Season,3-6 Dribbles
1631301,Jaylen Sims,1610612766,CHA,26.0,6,5,0.25,3,7,0.429,0.5,0.214,2,6,0.333,0.036,1,1,1.0,2024-25,Regular Season,3-6 Dribbles
1626204,Larry Nance Jr.,1610612737,ATL,32.0,24,7,0.045,2,7,0.286,0.286,0.045,2,7,0.286,0.0,0,0,,2024-25,Regular Season,3-6 Dribbles
1631123,Jamaree Bouyea,1610612749,MIL,26.0,5,2,0.5,5,6,0.833,0.833,0.5,5,6,0.833,0.0,0,0,,2024-25,Regular Season,3-6 Dribbles
1628963,Marvin Bagley III,1610612763,MEM,26.0,31,5,0.057,5,6,0.833,0.833,0.057,5,6,0.833,0.0,0,0,,2024-25,Regular Season,3-6 Dribbles
1642484,RayJ Dennis,1610612754,IND,24.0,11,2,0.182,4,6,0.667,0.75,0.152,3,5,0.6,0.03,1,1,1.0,2024-25,Regular Season,3-6 Dribbles
1628470,Torrey Craig,1610612738,BOS,34.0,26,5,0.067,4,6,0.667,0.667,0.056,4,5,0.8,0.011,0,1,0.0,2024-25,Regular Season,3-6 Dribbles
1629726,Garrison Mathews,1610612737,ATL,28.0,47,5,0.023,3,6,0.5,0.583,0.016,2,4,0.5,0.008,1,2,0.5,2024-25,Regular Season,3-6 Dribbles
1629111,Jock Landale,1610612745,HOU,29.0,42,5,0.039,3,6,0.5,0.5,0.039,3,6,0.5,0.0,0,0,,2024-25,Regular Season,3-6 Dribbles
1641816,Hunter Tyson,1610612743,DEN,25.0,51,3,0.05,3,6,0.5,0.5,0.033,3,4,0.75,0.017,0,2,0.0,2024-25,Regular Season,3-6 Dribbles
1630539,Kai Jones,1610612742,DAL,24.0,40,5,0.055,3,6,0.5,0.5,0.055,3,6,0.5,0.0,0,0,,2024-25,Regular Season,3-6 Dribbles
1641809,Drew Peterson,1610612738,BOS,25.0,25,5,0.146,3,6,0.5,0.583,0.049,2,2,1.0,0.098,1,4,0.25,2024-25,Regular Season,3-6 Dribbles
1630214,Xavier Tillman,1610612738,BOS,26.0,33,6,0.113,3,6,0.5,0.5,0.113,3,6,0.5,0.0,0,0,,2024-25,Regular Season,3-6 Dribbles
1629626,Bol Bol,1610612756,PHX,25.0,36,4,0.033,2,6,0.333,0.333,0.027,2,5,0.4,0.005,0,1,0.0,2024-25,Regular Season,3-6 Dribbles
1630762,Phillip Wheeler,1610612755,PHI,23.0,5,2,0.286,2,6,0.333,0.333,0.238,2,5,0.4,0.048,0,1,0.0,2024-25,Regular Season,3-6 Dribbles
1631321,Sidy Cissoko,1610612757,POR,21.0,22,5,0.2,2,6,0.333,0.333,0.2,2,6,0.333,0.0,0,0,,2024-25,Regular Season,3-6 Dribbles
1641772,Nae'Qwan Tomlin,1610612739,CLE,24.0,5,3,0.188,2,6,0.333,0.333,0.156,2,5,0.4,0.031,0,1,0.0,2024-25,Regular Season,3-6 Dribbles
1630537,Chris Duarte,1610612741,CHI,28.0,17,4,0.231,2,6,0.333,0.417,0.154,1,4,0.25,0.077,1,2,0.5,2024-25,Regular Season,3-6 Dribbles
1641871,Duop Reath,1610612757,POR,29.0,46,5,0.036,2,6,0.333,0.333,0.036,2,6,0.333,0.0,0,0,,2024-25,Regular Season,3-6 Dribbles
203967,Dario Saric,1610612743,DEN,31.0,16,4,0.107,1,6,0.167,0.167,0.107,1,6,0.167,0.0,0,0,,2024-25,Regular Season,3-6 Dribbles
1631386,Taze Moore,1610612757,POR,27.0,2,2,0.6,0,6,0.0,0.0,0.5,0,5,0.0,0.1,0,1,0.0,2024-25,Regular Season,3-6 Dribbles
1628995,Kevin Knox II,1610612744,GSW,25.0,14,5,0.139,5,5,1.0,1.0,0.139,5,5,1.0,0.0,0,0,,2024-25,Regular Season,3-6 Dribbles
1629637,Jaxson Hayes,1610612747,LAL,25.0,56,4,0.022,4,5,0.8,0.8,0.022,4,5,0.8,0.0,0,0,,2024-25,Regular Season,3-6 Dribbles
1630623,Tyson Etienne,1610612751,BKN,25.0,7,4,0.096,3,5,0.6,0.6,0.096,3,5,0.6,0.0,0,0,,2024-25,Regular Season,3-6 Dribbles
1626158,Richaun Holmes,1610612764,WAS,31.0,31,5,0.036,3,5,0.6,0.6,0.036,3,5,0.6,0.0,0,0,,2024-25,Regular Season,3-6 Dribbles
1631109,Mark Williams,1610612766,CHA,23.0,44,4,0.011,3,5,0.6,0.6,0.011,3,5,0.6,0.0,0,0,,2024-25,Regular Season,3-6 Dribbles
1631120,JD Davison,1610612738,BOS,22.0,16,5,0.147,2,5,0.4,0.5,0.059,1,2,0.5,0.088,1,3,0.333,2024-25,Regular Season,3-6 Dribbles
1628436,Luke Kornet,1610612738,BOS,29.0,73,5,0.018,2,5,0.4,0.4,0.011,2,3,0.667,0.007,0,2,0.0,2024-25,Regular Season,3-6 Dribbles
204060,Joe Ingles,1610612750,MIN,37.0,19,2,0.217,2,5,0.4,0.4,0.217,2,5,0.4,0.0,0,0,,2024-25,Regular Season,3-6 Dribbles
202687,Bismack Biyombo,1610612759,SAS,32.0,28,5,0.044,2,5,0.4,0.4,0.044,2,5,0.4,0.0,0,0,,2024-25,Regular Season,3-6 Dribbles
1629020,Jarred Vanderbilt,1610612747,LAL,26.0,36,5,0.041,2,5,0.4,0.4,0.041,2,5,0.4,0.0,0,0,,2024-25,Regular Season,3-6 Dribbles
1630568,Luka Garza,1610612750,MIN,26.0,39,4,0.048,2,5,0.4,0.4,0.048,2,5,0.4,0.0,0,0,,2024-25,Regular Season,3-6 Dribbles
1628418,Thomas Bryant,1610612754,IND,27.0,66,5,0.016,2,5,0.4,0.4,0.016,2,5,0.4,0.0,0,0,,2024-25,Regular Season,3-6 Dribbles
1642530,Yuki Kawamura,1610612763,MEM,24.0,22,5,0.167,2,5,0.4,0.6,0.033,0,1,0.0,0.133,2,4,0.5,2024-25,Regular Season,3-6 Dribbles
1630194,Paul Reed,1610612765,DET,26.0,45,4,0.035,2,5,0.4,0.4,0.035,2,5,0.4,0.0,0,0,,2024-25,Regular Season,3-6 Dribbles
1642277,Johnny Furphy,1610612754,IND,20.0,50,3,0.054,2,5,0.4,0.4,0.054,2,5,0.4,0.0,0,0,,2024-25,Regular Season,3-6 Dribbles
1641753,Chris Livingston,1610612749,MIL,21.0,21,5,0.185,2,5,0.4,0.4,0.185,2,5,0.4,0.0,0,0,,2024-25,Regular Season,3-6 Dribbles
1641989,Elijah Harkless,1610612762,UTA,25.0,10,5,0.143,1,5,0.2,0.2,0.114,1,4,0.25,0.029,0,1,0.0,2024-25,Regular Season,3-6 Dribbles
1626196,Josh Richardson,1610612748,MIA,31.0,8,4,0.132,1,5,0.2,0.2,0.105,1,4,0.25,0.026,0,1,0.0,2024-25,Regular Season,3-6 Dribbles
1642353,Cam Christie,1610612746,LAC,19.0,13,4,0.208,1,5,0.2,0.2,0.083,1,2,0.5,0.125,0,3,0.0,2024-25,Regular Season,3-6 Dribbles
201949,James Johnson,1610612754,IND,38.0,12,3,0.455,1,5,0.2,0.2,0.455,1,5,0.2,0.0,0,0,,2024-25,Regular Season,3-6 Dribbles
202684,Tristan Thompson,1610612739,CLE,34.0,40,5,0.07,1,5,0.2,0.2,0.056,1,4,0.25,0.014,0,1,0.0,2024-25,Regular Season,3-6 Dribbles
1630201,Malachi Flynn,1610612759,SAS,27.0,4,3,0.385,1,5,0.2,0.2,0.385,1,5,0.2,0.0,0,0,,2024-25,Regular Season,3-6 Dribbles
1631117,Walker Kessler,1610612762,UTA,23.0,58,4,0.01,3,4,0.75,0.75,0.01,3,4,0.75,0.0,0,0,,2024-25,Regular Season,3-6 Dribbles
1630643,Jay Huff,1610612763,MEM,27.0,64,4,0.013,3,4,0.75,0.875,0.01,2,3,0.667,0.003,1,1,1.0,2024-25,Regular Season,3-6 Dribbles
1642450,Daniss Jenkins,1610612765,DET,23.0,7,3,0.4,3,4,0.75,0.875,0.2,2,2,1.0,0.2,1,2,0.5,2024-25,Regular Season,3-6 Dribbles
1629674,Neemias Queta,1610612738,BOS,25.0,62,4,0.02,2,4,0.5,0.5,0.02,2,4,0.5,0.0,0,0,,2024-25,Regular Season,3-6 Dribbles
1630658,Colin Castleton,1610612761,TOR,25.0,26,4,0.041,2,4,0.5,0.5,0.041,2,4,0.5,0.0,0,0,,2024-25,Regular Season,3-6 Dribbles
1628467,Maxi Kleber,1610612747,LAL,33.0,34,4,0.042,2,4,0.5,0.5,0.042,2,4,0.5,0.0,0,0,,2024-25,Regular Season,3-6 Dribbles
1641998,Trey Jemison III,1610612747,LAL,25.0,38,4,0.054,1,4,0.25,0.25,0.054,1,4,0.25,0.0,0,0,,2024-25,Regular Season,3-6 Dribbles
1630192,Zeke Nnaji,1610612743,DEN,24.0,57,3,0.029,1,4,0.25,0.25,0.029,1,4,0.25,0.0,0,0,,2024-25,Regular Season,3-6 Dribbles
201567,Kevin Love,1610612748,MIA,36.0,23,4,0.035,1,4,0.25,0.25,0.026,1,3,0.333,0.009,0,1,0.0,2024-25,Regular Season,3-6 Dribbles
1629052,Oshae Brissett,1610612755,PHI,27.0,6,4,0.103,1,4,0.25,0.375,0.077,0,3,0.0,0.026,1,1,1.0,2024-25,Regular Season,3-6 Dribbles
1641734,Emoni Bates,1610612739,CLE,21.0,10,1,0.105,0,4,0.0,0.0,0.053,0,2,0.0,0.053,0,2,0.0,2024-25,Regular Season,3-6 Dribbles
1630222,Mason Jones,1610612758,SAC,26.0,10,3,0.167,3,3,1.0,1.0,0.167,3,3,1.0,0.0,0,0,,2024-25,Regular Season,3-6 Dribbles
1629048,Goga Bitadze,1610612753,ORL,25.0,70,3,0.009,2,3,0.667,0.667,0.009,2,3,0.667,0.0,0,0,,2024-25,Regular Season,3-6 Dribbles
201599,DeAndre Jordan,1610612743,DEN,36.0,56,3,0.022,2,3,0.667,0.667,0.022,2,3,0.667,0.0,0,0,,2024-25,Regular Season,3-6 Dribbles
1642382,Branden Carlson,1610612760,OKC,26.0,32,3,0.031,2,3,0.667,0.667,0.031,2,3,0.667,0.0,0,0,,2024-25,Regular Season,3-6 Dribbles
1631159,Leonard Miller,1610612750,MIN,21.0,13,3,0.2,2,3,0.667,0.667,0.133,2,2,1.0,0.067,0,1,0.0,2024-25,Regular Season,3-6 Dribbles
1642352,Keshad Johnson,1610612748,MIA,24.0,16,2,0.115,2,3,0.667,0.667,0.115,2,3,0.667,0.0,0,0,,2024-25,Regular Season,3-6 Dribbles
1630561,David Duke Jr.,1610612759,SAS,25.0,6,2,0.214,2,3,0.667,0.667,0.214,2,3,0.667,0.0,0,0,,2024-25,Regular Season,3-6 Dribbles
1642280,Trentyn Flowers,1610612746,LAC,20.0,6,2,0.273,1,3,0.333,0.333,0.273,1,3,0.333,0.0,0,0,,2024-25,Regular Season,3-6 Dribbles
1642461,Spencer Jones,1610612743,DEN,24.0,20,3,0.088,1,3,0.333,0.333,0.088,1,3,0.333,0.0,0,0,,2024-25,Regular Season,3-6 Dribbles
1641755,Kevin McCullar Jr.,1610612752,NYK,24.0,4,2,0.429,1,3,0.333,0.333,0.429,1,3,0.333,0.0,0,0,,2024-25,Regular Season,3-6 Dribbles
203991,Clint Capela,1610612737,ATL,31.0,55,3,0.008,1,3,0.333,0.333,0.008,1,3,0.333,0.0,0,0,,2024-25,Regular Season,3-6 Dribbles
1629723,John Konchar,1610612763,MEM,29.0,46,3,0.033,1,3,0.333,0.333,0.033,1,3,0.333,0.0,0,0,,2024-25,Regular Season,3-6 Dribbles
1631303,Justin Minaya,1610612757,POR,26.0,19,3,0.143,1,3,0.333,0.333,0.143,1,3,0.333,0.0,0,0,,2024-25,Regular Season,3-6 Dribbles
1630574,Ariel Hukporti,1610612752,NYK,23.0,25,3,0.097,1,3,0.333,0.333,0.097,1,3,0.333,0.0,0,0,,2024-25,Regular Season,3-6 Dribbles
1630346,Matt Ryan,1610612740,NOP,28.0,19,3,0.097,0,3,0.0,0.0,0.097,0,3,0.0,0.0,0,0,,2024-25,Regular Season,3-6 Dribbles
1642359,Pacôme Dadiet,1610612752,NYK,19.0,18,3,0.097,0,3,0.0,0.0,0.097,0,3,0.0,0.0,0,0,,2024-25,Regular Season,3-6 Dribbles
1630296,Braxton Key,1610612744,GSW,28.0,3,1,0.75,0,3,0.0,0.0,0.75,0,3,0.0,0.0,0,0,,2024-25,Regular Season,3-6 Dribbles
1630542,Marcus Bagley,1610612755,PHI,23.0,10,3,0.043,0,3,0.0,0.0,0.043,0,3,0.0,0.0,0,0,,2024-25,Regular Season,3-6 Dribbles
1642443,Jahmir Young,1610612741,CHI,24.0,6,1,0.4,2,2,1.0,1.0,0.4,2,2,1.0,0.0,0,0,,2024-25,Regular Season,3-6 Dribbles
1628427,Vlatko Čančar,1610612743,DEN,28.0,13,2,0.077,2,2,1.0,1.0,0.077,2,2,1.0,0.0,0,0,,2024-25,Regular Season,3-6 Dribbles
201959,Taj Gibson,1610612766,CHA,40.0,37,2,0.021,2,2,1.0,1.0,0.021,2,2,1.0,0.0,0,0,,2024-25,Regular Season,3-6 Dribbles
1629650,Moses Brown,1610612742,DAL,25.0,13,2,0.041,2,2,1.0,1.0,0.041,2,2,1.0,0.0,0,0,,2024-25,Regular Season,3-6 Dribbles
1641879,Yuri Collins,1610612744,GSW,24.0,2,1,0.667,1,2,0.5,0.5,0.667,1,2,0.5,0.0,0,0,,2024-25,Regular Season,3-6 Dribbles
1629011,Mitchell Robinson,1610612752,NYK,27.0,16,2,0.038,1,2,0.5,0.5,0.038,1,2,0.5,0.0,0,0,,2024-25,Regular Season,3-6 Dribbles
1642422,Armel Traore,1610612747,LAL,22.0,9,2,0.105,1,2,0.5,0.5,0.105,1,2,0.5,0.0,0,0,,2024-25,Regular Season,3-6 Dribbles
1631121,Bryce McGowens,1610612757,POR,22.0,13,2,0.143,1,2,0.5,0.5,0.143,1,2,0.5,0.0,0,0,,2024-25,Regular Season,3-6 Dribbles
1631131,Oscar Tshiebwe,1610612762,UTA,25.0,14,2,0.029,1,2,0.5,0.5,0.029,1,2,0.5,0.0,0,0,,2024-25,Regular Season,3-6 Dribbles
1642384,Isaiah Crawford,1610612758,SAC,23.0,15,2,0.182,1,2,0.5,0.5,0.182,1,2,0.5,0.0,0,0,,2024-25,Regular Season,3-6 Dribbles
1642402,Enrique Freeman,1610612754,IND,24.0,22,2,0.054,1,2,0.5,0.5,0.054,1,2,0.5,0.0,0,0,,2024-25,Regular Season,3-6 Dribbles
1631116,Patrick Baldwin Jr.,1610612746,LAC,22.0,24,2,0.057,1,2,0.5,0.5,0.029,1,1,1.0,0.029,0,1,0.0,2024-25,Regular Season,3-6 Dribbles
1628396,Tony Bradley,1610612754,IND,27.0,14,1,0.044,1,2,0.5,0.5,0.044,1,2,0.5,0.0,0,0,,2024-25,Regular Season,3-6 Dribbles
1631210,Jacob Toppin,1610612737,ATL,25.0,17,2,0.091,1,2,0.5,0.5,0.091,1,2,0.5,0.0,0,0,,2024-25,Regular Season,3-6 Dribbles
1629057,Robert Williams III,1610612757,POR,27.0,20,2,0.026,0,2,0.0,0.0,0.026,0,2,0.0,0.0,0,0,,2024-25,Regular Season,3-6 Dribbles
1631119,Jaylin Williams,1610612760,OKC,23.0,47,2,0.009,0,2,0.0,0.0,0.009,0,2,0.0,0.0,0,0,,2024-25,Regular Season,3-6 Dribbles
1641707,Taylor Hendricks,1610612762,UTA,21.0,3,2,0.111,0,2,0.0,0.0,0.111,0,2,0.0,0.0,0,0,,2024-25,Regular Season,3-6 Dribbles
1631247,Luke Travers,1610612739,CLE,23.0,12,1,0.1,0,2,0.0,0.0,0.1,0,2,0.0,0.0,0,0,,2024-25,Regular Season,3-6 Dribbles
1641815,Isaiah Stevens,1610612748,MIA,24.0,3,2,1.0,0,2,0.0,0.0,0.5,0,1,0.0,0.5,0,1,0.0,2024-25,Regular Season,3-6 Dribbles
1631216,Caleb Houstan,1610612753,ORL,22.0,58,1,0.011,0,2,0.0,0.0,0.005,0,1,0.0,0.005,0,1,0.0,2024-25,Regular Season,3-6 Dribbles
1641803,Tristen Newton,1610612750,MIN,24.0,8,2,0.25,0,2,0.0,0.0,0.125,0,1,0.0,0.125,0,1,0.0,2024-25,Regular Season,3-6 Dribbles
203926,Doug McDermott,1610612758,SAC,33.0,42,2,0.017,0,2,0.0,0.0,0.017,0,2,0.0,0.0,0,0,,2024-25,Regular Season,3-6 Dribbles
1628964,Mo Bamba,1610612740,NOP,27.0,32,1,0.009,1,1,1.0,1.0,0.009,1,1,1.0,0.0,0,0,,2024-25,Regular Season,3-6 Dribbles
1642385,Cui Cui,1610612751,BKN,22.0,5,1,0.143,1,1,1.0,1.0,0.143,1,1,1.0,0.0,0,0,,2024-25,Regular Season,3-6 Dribbles
1630600,Isaiah Mobley,1610612755,PHI,25.0,1,1,0.143,1,1,1.0,1.0,0.143,1,1,1.0,0.0,0,0,,2024-25,Regular Season,3-6 Dribbles
1631250,Pete Nance,1610612749,MIL,25.0,13,1,0.031,1,1,1.0,1.0,0.031,1,1,1.0,0.0,0,0,,2024-25,Regular Season,3-6 Dribbles
1629646,Charles Bassey,1610612759,SAS,24.0,36,1,0.009,1,1,1.0,1.0,0.009,1,1,1.0,0.0,0,0,,2024-25,Regular Season,3-6 Dribbles
1628981,Bruno Fernando,1610612761,TOR,26.0,17,1,0.02,1,1,1.0,1.0,0.02,1,1,1.0,0.0,0,0,,2024-25,Regular Season,3-6 Dribbles
1641790,PJ Hall,1610612743,DEN,23.0,19,1,0.042,1,1,1.0,1.0,0.042,1,1,1.0,0.0,0,0,,2024-25,Regular Season,3-6 Dribbles
1641752,Bobi Klintman,1610612765,DET,22.0,8,1,0.1,1,1,1.0,1.0,0.1,1,1,1.0,0.0,0,0,,2024-25,Regular Season,3-6 Dribbles
1631214,Alondes Williams,1610612746,LAC,26.0,1,1,0.5,1,1,1.0,1.0,0.5,1,1,1.0,0.0,0,0,,2024-25,Regular Season,3-6 Dribbles
1631342,Daeqwon Plowden,1610612737,ATL,26.0,6,1,0.04,1,1,1.0,1.0,0.04,1,1,1.0,0.0,0,0,,2024-25,Regular Season,3-6 Dribbles
1631306,Cole Swider,1610612754,IND,26.0,10,1,0.016,1,1,1.0,1.0,0.016,1,1,1.0,0.0,0,0,,2024-25,Regular Season,3-6 Dribbles
1641726,Dereck Lively II,1610612742,DAL,21.0,36,1,0.005,1,1,1.0,1.0,0.005,1,1,1.0,0.0,0,0,,2024-25,Regular Season,3-6 Dribbles
1630604,E.J. Liddell,1610612741,CHI,24.0,12,1,0.067,1,1,1.0,1.0,0.067,1,1,1.0,0.0,0,0,,2024-25,Regular Season,3-6 Dribbles
1642270,Donovan Clingan,1610612757,POR,21.0,67,1,0.003,0,1,0.0,0.0,0.003,0,1,0.0,0.0,0,0,,2024-25,Regular Season,3-6 Dribbles
1630579,Jericho Sims,1610612749,MIL,26.0,53,1,0.014,0,1,0.0,0.0,0.014,0,1,0.0,0.0,0,0,,2024-25,Regular Season,3-6 Dribbles
1630618,D.J. Carton,1610612761,TOR,24.0,4,1,0.143,0,1,0.0,0.0,0.143,0,1,0.0,0.0,0,0,,2024-25,Regular Season,3-6 Dribbles
1641890,Tyler Smith,1610612749,MIL,20.0,23,1,0.02,0,1,0.0,0.0,0.02,0,1,0.0,0.0,0,0,,2024-25,Regular Season,3-6 Dribbles
1642024,Alex Reese,1610612755,PHI,26.0,15,1,0.019,0,1,0.0,0.0,0.019,0,1,0.0,0.0,0,0,,2024-25,Regular Season,3-6 Dribbles
1629098,Jack McVeigh,1610612745,HOU,29.0,9,1,0.059,0,1,0.0,0.0,0.0,0,0,,0.059,0,1,0.0,2024-25,Regular Season,3-6 Dribbles
1630678,Terry Taylor,1610612758,SAC,25.0,3,1,1.0,0,1,0.0,0.0,1.0,0,1,0.0,0.0,0,0,,2024-25,Regular Season,3-6 Dribbles
203458,Alex Len,1610612747,LAL,32.0,46,1,0.016,0,1,0.0,0.0,0.016,0,1,0.0,0.0,0,0,,2024-25,Regular Season,3-6 Dribbles
1642050,Jackson Rowe,1610612744,GSW,28.0,6,1,0.059,0,1,0.0,0.0,0.059,0,1,0.0,0.0,0,0,,2024-25,Regular Season,3-6 Dribbles
1630695,Micah Potter,1610612762,UTA,27.0,38,1,0.007,0,1,0.0,0.0,0.007,0,1,0.0,0.0,0,0,,2024-25,Regular Season,3-6 Dribbles
1642389,Zyon Pullin,1610612763,MEM,24.0,3,1,1.0,0,1,0.0,0.0,1.0,0,1,0.0,0.0,0,0,,2024-25,Regular Season,3-6 Dribbles
1642368,N'Faly Dante,1610612745,HOU,23.0,4,1,0.077,0,1,0.0,0.0,0.077,0,1,0.0,0.0,0,0,,2024-25,Regular Season,3-6 Dribbles
1628983,Shai Gilgeous-Alexander,1610612760,OKC,26.0,76,76,0.421,369,697,0.529,0.557,0.359,331,595,0.556,0.062,38,102,0.373,2024-25,Regular Season,7+ Dribbles
201935,James Harden,1610612746,LAC,35.0,79,79,0.449,249,582,0.428,0.502,0.267,163,346,0.471,0.182,86,236,0.364,2024-25,Regular Season,7+ Dribbles
1630595,Cade Cunningham,1610612765,DET,23.0,70,70,0.38,257,554,0.464,0.484,0.321,235,467,0.503,0.06,22,87,0.253,2024-25,Regular Season,7+ Dribbles
1630224,Jalen Green,1610612745,HOU,23.0,82,80,0.369,223,530,0.421,0.475,0.246,166,353,0.47,0.123,57,177,0.322,2024-25,Regular Season,7+ Dribbles
1629027,Trae Young,1610612737,ATL,26.0,76,76,0.381,214,524,0.408,0.474,0.243,145,334,0.434,0.138,69,190,0.363,2024-25,Regular Season,7+ Dribbles
1628973,Jalen Brunson,1610612752,NYK,28.0,64,64,0.438,265,516,0.514,0.55,0.355,227,418,0.543,0.083,38,98,0.388,2024-25,Regular Season,7+ Dribbles
1630162,Anthony Edwards,1610612750,MIN,23.0,79,78,0.318,221,512,0.432,0.508,0.194,143,313,0.457,0.123,78,199,0.392,2024-25,Regular Season,7+ Dribbles
1628378,Donovan Mitchell,1610612739,CLE,28.0,71,71,0.363,209,479,0.436,0.5,0.237,148,313,0.473,0.126,61,166,0.367,2024-25,Regular Season,7+ Dribbles
1629636,Darius Garland,1610612739,CLE,25.0,75,74,0.334,189,392,0.482,0.543,0.241,141,283,0.498,0.093,48,109,0.44,2024-25,Regular Season,7+ Dribbles
203081,Damian Lillard,1610612749,MIL,34.0,58,58,0.377,169,374,0.452,0.508,0.256,127,254,0.5,0.121,42,120,0.35,2024-25,Regular Season,7+ Dribbles
1630178,Tyrese Maxey,1610612755,PHI,24.0,52,51,0.331,142,361,0.393,0.435,0.238,112,260,0.431,0.093,30,101,0.297,2024-25,Regular Season,7+ Dribbles
1629029,Luka Doncic,1610612747,LAL,26.0,50,50,0.341,150,350,0.429,0.493,0.217,105,222,0.473,0.125,45,128,0.352,2024-25,Regular Season,7+ Dribbles
201939,Stephen Curry,1610612744,GSW,37.0,70,68,0.274,122,345,0.354,0.425,0.131,73,165,0.442,0.143,49,180,0.272,2024-25,Regular Season,7+ Dribbles
1628369,Jayson Tatum,1610612738,BOS,27.0,72,69,0.23,148,331,0.447,0.527,0.131,95,189,0.503,0.098,53,142,0.373,2024-25,Regular Season,7+ Dribbles
1629014,Anfernee Simons,1610612757,POR,26.0,70,70,0.287,153,323,0.474,0.533,0.194,115,218,0.528,0.093,38,105,0.362,2024-25,Regular Season,7+ Dribbles
1627750,Jamal Murray,1610612743,DEN,28.0,67,64,0.285,150,315,0.476,0.517,0.231,124,256,0.484,0.053,26,59,0.441,2024-25,Regular Season,7+ Dribbles
1630163,LaMelo Ball,1610612766,CHA,23.0,47,47,0.306,121,307,0.394,0.446,0.194,89,195,0.456,0.112,32,112,0.286,2024-25,Regular Season,7+ Dribbles
1628368,De'Aaron Fox,1610612759,SAS,27.0,62,61,0.258,157,300,0.523,0.548,0.23,142,267,0.532,0.028,15,33,0.455,2024-25,Regular Season,7+ Dribbles
1631114,Jalen Williams,1610612760,OKC,24.0,69,69,0.257,137,300,0.457,0.473,0.229,127,268,0.474,0.027,10,32,0.313,2024-25,Regular Season,7+ Dribbles
1629630,Ja Morant,1610612763,MEM,25.0,49,48,0.325,125,282,0.443,0.461,0.28,115,243,0.473,0.045,10,39,0.256,2024-25,Regular Season,7+ Dribbles
201942,DeMar DeRozan,1610612758,SAC,35.0,77,76,0.215,139,281,0.495,0.498,0.209,137,273,0.502,0.006,2,8,0.25,2024-25,Regular Season,7+ Dribbles
203897,Zach LaVine,1610612758,SAC,30.0,74,69,0.228,127,279,0.455,0.523,0.15,89,184,0.484,0.078,38,95,0.4,2024-25,Regular Season,7+ Dribbles
2544,LeBron James,1610612747,LAL,40.0,70,66,0.213,135,271,0.498,0.524,0.183,121,232,0.522,0.031,14,39,0.359,2024-25,Regular Season,7+ Dribbles
1630532,Franz Wagner,1610612753,ORL,23.0,60,57,0.233,113,270,0.419,0.435,0.206,104,239,0.435,0.027,9,31,0.29,2024-25,Regular Season,7+ Dribbles
1629639,Tyler Herro,1610612748,MIA,25.0,77,71,0.192,120,264,0.455,0.504,0.141,94,194,0.485,0.051,26,70,0.371,2024-25,Regular Season,7+ Dribbles
1627759,Jaylen Brown,1610612738,BOS,28.0,63,59,0.219,107,242,0.442,0.467,0.177,95,196,0.485,0.042,12,46,0.261,2024-25,Regular Season,7+ Dribbles
203471,Dennis Schröder,1610612765,DET,31.0,75,72,0.292,112,241,0.465,0.494,0.246,98,203,0.483,0.046,14,38,0.368,2024-25,Regular Season,7+ Dribbles
1626164,Devin Booker,1610612756,PHX,28.0,75,71,0.167,116,237,0.489,0.521,0.131,101,186,0.543,0.036,15,51,0.294,2024-25,Regular Season,7+ Dribbles
203507,Giannis Antetokounmpo,1610612749,MIL,30.0,67,64,0.179,128,236,0.542,0.549,0.174,125,230,0.543,0.005,3,6,0.5,2024-25,Regular Season,7+ Dribbles
202681,Kyrie Irving,1610612742,DAL,33.0,50,49,0.249,100,235,0.426,0.457,0.195,85,184,0.462,0.054,15,51,0.294,2024-25,Regular Season,7+ Dribbles
1630169,Tyrese Haliburton,1610612754,IND,25.0,73,68,0.233,108,234,0.462,0.553,0.117,65,118,0.551,0.115,43,116,0.371,2024-25,Regular Season,7+ Dribbles
203915,Spencer Dinwiddie,1610612742,DAL,32.0,79,61,0.334,106,228,0.465,0.504,0.251,88,171,0.515,0.084,18,57,0.316,2024-25,Regular Season,7+ Dribbles
1629012,Collin Sexton,1610612762,UTA,26.0,63,60,0.255,100,221,0.452,0.486,0.21,85,182,0.467,0.045,15,39,0.385,2024-25,Regular Season,7+ Dribbles
1627832,Fred VanVleet,1610612745,HOU,31.0,60,58,0.29,94,220,0.427,0.491,0.174,66,132,0.5,0.116,28,88,0.318,2024-25,Regular Season,7+ Dribbles
1629673,Jordan Poole,1610612764,WAS,26.0,68,66,0.205,98,216,0.454,0.539,0.114,61,120,0.508,0.091,37,96,0.385,2024-25,Regular Season,7+ Dribbles
1630559,Austin Reaves,1610612747,LAL,27.0,73,68,0.198,89,205,0.434,0.483,0.136,69,141,0.489,0.062,20,64,0.313,2024-25,Regular Season,7+ Dribbles
1641718,Keyonte George,1610612762,UTA,21.0,67,62,0.223,70,205,0.341,0.395,0.144,48,132,0.364,0.079,22,73,0.301,2024-25,Regular Season,7+ Dribbles
204456,T.J. McConnell,1610612754,IND,33.0,79,74,0.325,104,203,0.512,0.517,0.319,102,199,0.513,0.006,2,4,0.5,2024-25,Regular Season,7+ Dribbles
1629632,Coby White,1610612741,CHI,25.0,74,69,0.178,83,199,0.417,0.452,0.136,69,153,0.451,0.041,14,46,0.304,2024-25,Regular Season,7+ Dribbles
1629645,Kevin Porter Jr.,1610612749,MIL,25.0,75,63,0.299,89,195,0.456,0.485,0.25,78,163,0.479,0.049,11,32,0.344,2024-25,Regular Season,7+ Dribbles
1631094,Paolo Banchero,1610612753,ORL,22.0,46,44,0.21,69,191,0.361,0.395,0.151,56,138,0.406,0.058,13,53,0.245,2024-25,Regular Season,7+ Dribbles
1630217,Desmond Bane,1610612753,ORL,27.0,68,59,0.185,81,185,0.438,0.476,0.142,67,142,0.472,0.043,14,43,0.326,2024-25,Regular Season,7+ Dribbles
101108,Chris Paul,1610612759,SAS,40.0,82,69,0.304,77,177,0.435,0.511,0.18,50,105,0.476,0.123,27,72,0.375,2024-25,Regular Season,7+ Dribbles
1629660,Ty Jerome,1610612739,CLE,27.0,70,59,0.278,81,172,0.471,0.515,0.218,66,135,0.489,0.06,15,37,0.405,2024-25,Regular Season,7+ Dribbles
1630202,Payton Pritchard,1610612738,BOS,27.0,80,68,0.194,86,167,0.515,0.59,0.116,61,100,0.61,0.078,25,67,0.373,2024-25,Regular Season,7+ Dribbles
1630567,Scottie Barnes,1610612761,TOR,23.0,65,60,0.156,68,166,0.41,0.422,0.142,64,151,0.424,0.014,4,15,0.267,2024-25,Regular Season,7+ Dribbles
203468,CJ McCollum,1610612740,NOP,33.0,56,52,0.164,79,164,0.482,0.521,0.122,66,122,0.541,0.042,13,42,0.31,2024-25,Regular Season,7+ Dribbles
1627749,Dejounte Murray,1610612740,NOP,28.0,31,31,0.333,61,164,0.372,0.396,0.278,53,137,0.387,0.055,8,27,0.296,2024-25,Regular Season,7+ Dribbles
1631101,Shaedon Sharpe,1610612757,POR,22.0,72,60,0.145,75,160,0.469,0.513,0.109,61,120,0.508,0.036,14,40,0.35,2024-25,Regular Season,7+ Dribbles
1628370,Malik Monk,1610612758,SAC,27.0,65,53,0.169,72,159,0.453,0.484,0.135,62,127,0.488,0.034,10,32,0.313,2024-25,Regular Season,7+ Dribbles
1642268,Isaiah Collier,1610612762,UTA,20.0,71,55,0.285,58,158,0.367,0.383,0.247,53,137,0.387,0.038,5,21,0.238,2024-25,Regular Season,7+ Dribbles
1642264,Stephon Castle,1610612759,SAS,20.0,81,68,0.158,67,156,0.429,0.458,0.136,58,134,0.433,0.022,9,22,0.409,2024-25,Regular Season,7+ Dribbles
202695,Kawhi Leonard,1610612746,LAC,34.0,37,36,0.249,70,155,0.452,0.477,0.21,62,131,0.473,0.039,8,24,0.333,2024-25,Regular Season,7+ Dribbles
1630215,Jared Butler,1610612755,PHI,24.0,60,54,0.34,73,154,0.474,0.503,0.287,64,130,0.492,0.053,9,24,0.375,2024-25,Regular Season,7+ Dribbles
201566,Russell Westbrook,1610612743,DEN,36.0,75,61,0.188,62,153,0.405,0.422,0.162,57,132,0.432,0.026,5,21,0.238,2024-25,Regular Season,7+ Dribbles
1628401,Derrick White,1610612738,BOS,30.0,76,56,0.148,61,142,0.43,0.511,0.076,38,73,0.521,0.072,23,69,0.333,2024-25,Regular Season,7+ Dribbles
1626156,D'Angelo Russell,1610612751,BKN,29.0,58,49,0.215,54,137,0.394,0.471,0.121,33,77,0.429,0.094,21,60,0.35,2024-25,Regular Season,7+ Dribbles
1630703,Scoot Henderson,1610612757,POR,21.0,66,57,0.199,53,136,0.39,0.412,0.162,47,111,0.423,0.036,6,25,0.24,2024-25,Regular Season,7+ Dribbles
201142,Kevin Durant,1610612756,PHX,36.0,62,55,0.118,72,133,0.541,0.56,0.107,67,120,0.558,0.012,5,13,0.385,2024-25,Regular Season,7+ Dribbles
1628970,Miles Bridges,1610612766,CHA,27.0,64,50,0.121,57,132,0.432,0.447,0.095,53,103,0.515,0.027,4,29,0.138,2024-25,Regular Season,7+ Dribbles
1626145,Tyus Jones,1610612756,PHX,29.0,81,62,0.192,62,131,0.473,0.511,0.154,52,105,0.495,0.038,10,26,0.385,2024-25,Regular Season,7+ Dribbles
1630581,Josh Giddey,1610612741,CHI,22.0,70,58,0.163,65,129,0.504,0.512,0.155,63,123,0.512,0.008,2,6,0.333,2024-25,Regular Season,7+ Dribbles
1630175,Cole Anthony,1610612763,MEM,25.0,67,48,0.234,54,127,0.425,0.445,0.212,49,115,0.426,0.022,5,12,0.417,2024-25,Regular Season,7+ Dribbles
202331,Paul George,1610612755,PHI,35.0,41,39,0.223,45,127,0.354,0.394,0.153,35,87,0.402,0.07,10,40,0.25,2024-25,Regular Season,7+ Dribbles
1630631,Jose Alvarado,1610612740,NOP,27.0,56,46,0.24,52,125,0.416,0.484,0.157,35,82,0.427,0.083,17,43,0.395,2024-25,Regular Season,7+ Dribbles
1642267,Bub Carrington,1610612764,WAS,19.0,82,56,0.166,50,124,0.403,0.464,0.106,35,79,0.443,0.06,15,45,0.333,2024-25,Regular Season,7+ Dribbles
1629656,Quentin Grimes,1610612755,PHI,25.0,75,47,0.147,53,121,0.438,0.467,0.117,46,96,0.479,0.03,7,25,0.28,2024-25,Regular Season,7+ Dribbles
1641710,Anthony Black,1610612753,ORL,21.0,78,55,0.195,50,121,0.413,0.426,0.182,47,113,0.416,0.013,3,8,0.375,2024-25,Regular Season,7+ Dribbles
1629628,RJ Barrett,1610612761,TOR,25.0,58,46,0.118,51,116,0.44,0.444,0.113,50,111,0.45,0.005,1,5,0.2,2024-25,Regular Season,7+ Dribbles
1630558,Davion Mitchell,1610612748,MIA,26.0,74,53,0.231,61,110,0.555,0.595,0.193,52,92,0.565,0.038,9,18,0.5,2024-25,Regular Season,7+ Dribbles
1641708,Amen Thompson,1610612745,HOU,22.0,69,49,0.155,50,108,0.463,0.468,0.154,49,107,0.458,0.001,1,1,1.0,2024-25,Regular Season,7+ Dribbles
1629627,Zion Williamson,1610612740,NOP,24.0,30,28,0.209,56,106,0.528,0.533,0.205,55,104,0.529,0.004,1,2,0.5,2024-25,Regular Season,7+ Dribbles
1630230,Naji Marshall,1610612742,DAL,27.0,69,51,0.146,52,104,0.5,0.5,0.143,52,102,0.51,0.003,0,2,0.0,2024-25,Regular Season,7+ Dribbles
1630170,Devin Vassell,1610612759,SAS,24.0,64,53,0.115,48,102,0.471,0.505,0.094,41,84,0.488,0.02,7,18,0.389,2024-25,Regular Season,7+ Dribbles
1626181,Norman Powell,1610612746,LAC,32.0,60,50,0.106,43,100,0.43,0.46,0.09,37,85,0.435,0.016,6,15,0.4,2024-25,Regular Season,7+ Dribbles
1629614,Andrew Nembhard,1610612754,IND,25.0,65,50,0.184,53,99,0.535,0.54,0.173,52,93,0.559,0.011,1,6,0.167,2024-25,Regular Season,7+ Dribbles
1630591,Jalen Suggs,1610612753,ORL,24.0,35,31,0.202,50,97,0.515,0.536,0.162,46,78,0.59,0.04,4,19,0.211,2024-25,Regular Season,7+ Dribbles
1630702,Jaden Hardy,1610612742,DAL,22.0,57,38,0.235,47,97,0.485,0.521,0.201,40,83,0.482,0.034,7,14,0.5,2024-25,Regular Season,7+ Dribbles
1628991,Jaren Jackson Jr.,1610612763,MEM,25.0,73,52,0.08,47,96,0.49,0.49,0.08,47,96,0.49,0.0,0,0,,2024-25,Regular Season,7+ Dribbles
1626179,Terry Rozier,1610612748,MIA,31.0,64,47,0.148,39,94,0.415,0.431,0.121,36,77,0.468,0.027,3,17,0.176,2024-25,Regular Season,7+ Dribbles
1641733,Nick Smith Jr.,1610612766,CHA,21.0,60,44,0.162,49,92,0.533,0.592,0.125,38,71,0.535,0.037,11,21,0.524,2024-25,Regular Season,7+ Dribbles
203903,Jordan Clarkson,1610612762,UTA,33.0,37,33,0.183,37,90,0.411,0.422,0.163,35,80,0.438,0.02,2,10,0.2,2024-25,Regular Season,7+ Dribbles
203078,Bradley Beal,1610612756,PHX,32.0,53,41,0.13,34,90,0.378,0.4,0.108,30,75,0.4,0.022,4,15,0.267,2024-25,Regular Season,7+ Dribbles
1626166,Cameron Payne,1610612752,NYK,30.0,71,46,0.2,42,88,0.477,0.545,0.137,30,60,0.5,0.064,12,28,0.429,2024-25,Regular Season,7+ Dribbles
1630560,Cam Thomas,1610612751,BKN,23.0,25,24,0.192,44,87,0.506,0.575,0.132,32,60,0.533,0.059,12,27,0.444,2024-25,Regular Season,7+ Dribbles
1630288,Jeff Dowtin Jr.,1610612755,PHI,28.0,41,32,0.361,39,83,0.47,0.512,0.291,32,67,0.478,0.07,7,16,0.438,2024-25,Regular Season,7+ Dribbles
1630193,Immanuel Quickley,1610612761,TOR,26.0,33,29,0.187,36,82,0.439,0.5,0.137,26,60,0.433,0.05,10,22,0.455,2024-25,Regular Season,7+ Dribbles
1630553,Keon Johnson,1610612751,BKN,23.0,79,42,0.105,33,82,0.402,0.409,0.086,32,67,0.478,0.019,1,15,0.067,2024-25,Regular Season,7+ Dribbles
203995,Vasilije Micic,1610612756,PHX,31.0,41,30,0.297,27,81,0.333,0.395,0.194,17,53,0.321,0.103,10,28,0.357,2024-25,Regular Season,7+ Dribbles
203944,Julius Randle,1610612750,MIN,30.0,69,42,0.084,38,79,0.481,0.487,0.081,37,76,0.487,0.003,1,3,0.333,2024-25,Regular Season,7+ Dribbles
203952,Andrew Wiggins,1610612748,MIA,30.0,60,49,0.094,35,79,0.443,0.494,0.067,27,56,0.482,0.027,8,23,0.348,2024-25,Regular Season,7+ Dribbles
1630530,Trey Murphy III,1610612740,NOP,25.0,53,37,0.093,29,78,0.372,0.442,0.064,18,54,0.333,0.029,11,24,0.458,2024-25,Regular Season,7+ Dribbles
1631170,Jaime Jaquez Jr.,1610612748,MIA,24.0,66,36,0.167,41,77,0.532,0.545,0.16,39,74,0.527,0.006,2,3,0.667,2024-25,Regular Season,7+ Dribbles
1642347,Jamal Shead,1610612761,TOR,22.0,75,42,0.153,30,77,0.39,0.403,0.135,28,68,0.412,0.018,2,9,0.222,2024-25,Regular Season,7+ Dribbles
1630228,Jonathan Kuminga,1610612744,GSW,22.0,47,39,0.134,34,76,0.447,0.447,0.131,34,74,0.459,0.004,0,2,0.0,2024-25,Regular Season,7+ Dribbles
1642354,KJ Simpson,1610612766,CHA,22.0,36,27,0.252,20,76,0.263,0.289,0.189,16,57,0.281,0.063,4,19,0.211,2024-25,Regular Season,7+ Dribbles
1630540,Miles McBride,1610612752,NYK,24.0,63,42,0.14,33,75,0.44,0.513,0.092,22,49,0.449,0.049,11,26,0.423,2024-25,Regular Season,7+ Dribbles
1630590,Scotty Pippen Jr.,1610612763,MEM,24.0,78,48,0.127,28,75,0.373,0.373,0.12,28,71,0.394,0.007,0,4,0.0,2024-25,Regular Season,7+ Dribbles
1630700,Dyson Daniels,1610612737,ATL,22.0,76,44,0.079,39,73,0.534,0.541,0.075,38,69,0.551,0.004,1,4,0.25,2024-25,Regular Season,7+ Dribbles
1630625,Dalano Banton,1610612757,POR,25.0,67,36,0.142,30,72,0.417,0.438,0.124,27,63,0.429,0.018,3,9,0.333,2024-25,Regular Season,7+ Dribbles
201950,Jrue Holiday,1610612738,BOS,35.0,62,40,0.128,29,72,0.403,0.417,0.098,27,55,0.491,0.03,2,17,0.118,2024-25,Regular Season,7+ Dribbles
1630570,Trendon Watford,1610612751,BKN,24.0,44,34,0.203,38,71,0.535,0.535,0.2,38,70,0.543,0.003,0,1,0.0,2024-25,Regular Season,7+ Dribbles
1628389,Bam Adebayo,1610612748,MIA,27.0,78,43,0.062,36,69,0.522,0.536,0.058,34,64,0.531,0.004,2,5,0.4,2024-25,Regular Season,7+ Dribbles
1631093,Jaden Ivey,1610612765,DET,23.0,30,24,0.167,25,69,0.362,0.391,0.143,21,59,0.356,0.024,4,10,0.4,2024-25,Regular Season,7+ Dribbles
1630166,Deni Avdija,1610612757,POR,24.0,72,41,0.081,30,68,0.441,0.485,0.058,24,49,0.49,0.023,6,19,0.316,2024-25,Regular Season,7+ Dribbles
1631204,Marcus Sasser,1610612765,DET,24.0,57,35,0.231,27,68,0.397,0.456,0.139,19,41,0.463,0.092,8,27,0.296,2024-25,Regular Season,7+ Dribbles
1627747,Caris LeVert,1610612737,ATL,30.0,64,39,0.112,24,67,0.358,0.418,0.085,16,51,0.314,0.027,8,16,0.5,2024-25,Regular Season,7+ Dribbles
1642265,Rob Dillingham,1610612750,MIN,20.0,49,32,0.313,36,66,0.545,0.591,0.261,30,55,0.545,0.052,6,11,0.545,2024-25,Regular Season,7+ Dribbles
1628969,Mikal Bridges,1610612752,NYK,28.0,81,41,0.056,34,65,0.523,0.538,0.052,32,61,0.525,0.003,2,4,0.5,2024-25,Regular Season,7+ Dribbles
1641731,Bilal Coulibaly,1610612764,WAS,20.0,59,40,0.103,21,64,0.328,0.336,0.096,20,60,0.333,0.006,1,4,0.25,2024-25,Regular Season,7+ Dribbles
1641764,Brandin Podziemski,1610612744,GSW,22.0,64,37,0.1,25,63,0.397,0.444,0.064,19,40,0.475,0.037,6,23,0.261,2024-25,Regular Season,7+ Dribbles
1627783,Pascal Siakam,1610612754,IND,31.0,78,42,0.051,39,60,0.65,0.658,0.05,38,59,0.644,0.001,1,1,1.0,2024-25,Regular Season,7+ Dribbles
1642272,Jared McCain,1610612755,PHI,21.0,23,19,0.219,28,60,0.467,0.475,0.193,27,53,0.509,0.026,1,7,0.143,2024-25,Regular Season,7+ Dribbles
1627763,Malcolm Brogdon,1610612764,WAS,32.0,24,23,0.246,26,59,0.441,0.441,0.217,26,52,0.5,0.029,0,7,0.0,2024-25,Regular Season,7+ Dribbles
1630598,Aaron Wiggins,1610612760,OKC,26.0,76,30,0.08,31,58,0.534,0.56,0.07,28,51,0.549,0.01,3,7,0.429,2024-25,Regular Season,7+ Dribbles
1630527,Brandon Boston,1610612740,NOP,23.0,42,24,0.148,18,56,0.321,0.348,0.119,15,45,0.333,0.029,3,11,0.273,2024-25,Regular Season,7+ Dribbles
1630314,Brandon Williams,1610612742,DAL,25.0,33,23,0.293,28,55,0.509,0.527,0.25,26,47,0.553,0.043,2,8,0.25,2024-25,Regular Season,7+ Dribbles
1626162,Kelly Oubre Jr.,1610612755,PHI,29.0,60,31,0.074,19,55,0.345,0.355,0.065,18,48,0.375,0.009,1,7,0.143,2024-25,Regular Season,7+ Dribbles
202699,Tobias Harris,1610612765,DET,32.0,73,42,0.067,26,54,0.481,0.481,0.066,26,53,0.491,0.001,0,1,0.0,2024-25,Regular Season,7+ Dribbles
1641717,Cason Wallace,1610612760,OKC,21.0,68,38,0.108,28,53,0.528,0.528,0.102,28,50,0.56,0.006,0,3,0.0,2024-25,Regular Season,7+ Dribbles
1629661,Cameron Johnson,1610612751,BKN,29.0,57,29,0.071,27,53,0.509,0.585,0.054,19,40,0.475,0.017,8,13,0.615,2024-25,Regular Season,7+ Dribbles
1629023,P.J. Washington,1610612742,DAL,26.0,57,30,0.08,18,53,0.34,0.349,0.065,17,43,0.395,0.015,1,10,0.1,2024-25,Regular Season,7+ Dribbles
1641706,Brandon Miller,1610612766,CHA,22.0,27,20,0.108,13,53,0.245,0.255,0.079,12,39,0.308,0.029,1,14,0.071,2024-25,Regular Season,7+ Dribbles
1631157,Ryan Rollins,1610612749,MIL,22.0,56,32,0.192,29,52,0.558,0.577,0.17,27,46,0.587,0.022,2,6,0.333,2024-25,Regular Season,7+ Dribbles
1628404,Josh Hart,1610612752,NYK,30.0,76,39,0.068,28,52,0.538,0.548,0.06,27,46,0.587,0.008,1,6,0.167,2024-25,Regular Season,7+ Dribbles
203932,Aaron Gordon,1610612743,DEN,29.0,51,30,0.105,23,52,0.442,0.462,0.093,21,46,0.457,0.012,2,6,0.333,2024-25,Regular Season,7+ Dribbles
1629004,Svi Mykhailiuk,1610612762,UTA,28.0,38,22,0.173,19,52,0.365,0.413,0.106,14,32,0.438,0.066,5,20,0.25,2024-25,Regular Season,7+ Dribbles
1630578,Alperen Sengun,1610612745,HOU,22.0,76,36,0.045,27,51,0.529,0.529,0.045,27,51,0.529,0.0,0,0,,2024-25,Regular Season,7+ Dribbles
202710,Jimmy Butler III,1610612744,GSW,35.0,55,27,0.084,22,50,0.44,0.44,0.077,22,46,0.478,0.007,0,4,0.0,2024-25,Regular Season,7+ Dribbles
201144,Mike Conley,1610612750,MIN,37.0,71,40,0.107,17,50,0.34,0.37,0.077,14,36,0.389,0.03,3,14,0.214,2024-25,Regular Season,7+ Dribbles
203114,Khris Middleton,1610612764,WAS,33.0,37,23,0.145,23,49,0.469,0.48,0.125,22,42,0.524,0.021,1,7,0.143,2024-25,Regular Season,7+ Dribbles
1629631,De'Andre Hunter,1610612739,CLE,27.0,64,33,0.065,22,49,0.449,0.49,0.054,18,41,0.439,0.011,4,8,0.5,2024-25,Regular Season,7+ Dribbles
1631097,Bennedict Mathurin,1610612754,IND,23.0,72,34,0.057,15,49,0.306,0.327,0.045,13,38,0.342,0.013,2,11,0.182,2024-25,Regular Season,7+ Dribbles
1630596,Evan Mobley,1610612739,CLE,24.0,71,38,0.053,21,48,0.438,0.438,0.052,21,47,0.447,0.001,0,1,0.0,2024-25,Regular Season,7+ Dribbles
1628398,Kyle Kuzma,1610612749,MIL,29.0,65,27,0.057,19,48,0.396,0.427,0.045,16,38,0.421,0.012,3,10,0.3,2024-25,Regular Season,7+ Dribbles
1631108,Max Christie,1610612742,DAL,22.0,78,27,0.081,13,48,0.271,0.271,0.066,13,39,0.333,0.015,0,9,0.0,2024-25,Regular Season,7+ Dribbles
1627742,Brandon Ingram,1610612761,TOR,27.0,18,16,0.141,22,47,0.468,0.479,0.123,21,41,0.512,0.018,1,6,0.167,2024-25,Regular Season,7+ Dribbles
203992,Bogdan Bogdanović,1610612746,LAC,32.0,54,28,0.093,28,46,0.609,0.663,0.073,23,36,0.639,0.02,5,10,0.5,2024-25,Regular Season,7+ Dribbles
203901,Elfrid Payton,1610612740,NOP,31.0,24,18,0.377,18,46,0.391,0.391,0.369,18,45,0.4,0.008,0,1,0.0,2024-25,Regular Season,7+ Dribbles
1642358,AJ Johnson,1610612764,WAS,20.0,29,20,0.216,14,46,0.304,0.326,0.169,12,36,0.333,0.047,2,10,0.2,2024-25,Regular Season,7+ Dribbles
1627732,Ben Simmons,1610612746,LAC,28.0,51,30,0.202,19,45,0.422,0.422,0.202,19,45,0.422,0.0,0,0,,2024-25,Regular Season,7+ Dribbles
1642263,Reed Sheppard,1610612745,HOU,21.0,52,23,0.188,16,45,0.356,0.4,0.121,12,29,0.414,0.067,4,16,0.25,2024-25,Regular Season,7+ Dribbles
1630544,Tre Mann,1610612766,CHA,24.0,13,12,0.267,20,43,0.465,0.477,0.217,19,35,0.543,0.05,1,8,0.125,2024-25,Regular Season,7+ Dribbles
1628988,Aaron Holiday,1610612745,HOU,28.0,62,25,0.157,20,42,0.476,0.548,0.101,14,27,0.519,0.056,6,15,0.4,2024-25,Regular Season,7+ Dribbles
1629611,Terance Mann,1610612737,ATL,28.0,67,28,0.102,17,42,0.405,0.429,0.087,15,36,0.417,0.015,2,6,0.333,2024-25,Regular Season,7+ Dribbles
1630811,Keaton Wallace,1610612737,ATL,26.0,31,20,0.253,21,41,0.512,0.549,0.204,18,33,0.545,0.049,3,8,0.375,2024-25,Regular Season,7+ Dribbles
1641715,Cam Whitmore,1610612745,HOU,20.0,51,25,0.102,15,41,0.366,0.415,0.084,11,34,0.324,0.017,4,7,0.571,2024-25,Regular Season,7+ Dribbles
1629216,Gabe Vincent,1610612747,LAL,29.0,72,26,0.098,14,41,0.341,0.402,0.057,9,24,0.375,0.04,5,17,0.294,2024-25,Regular Season,7+ Dribbles
1629640,Keldon Johnson,1610612759,SAS,25.0,77,29,0.052,23,40,0.575,0.575,0.049,23,38,0.605,0.003,0,2,0.0,2024-25,Regular Season,7+ Dribbles
203076,Anthony Davis,1610612742,DAL,32.0,51,27,0.044,19,40,0.475,0.475,0.043,19,39,0.487,0.001,0,1,0.0,2024-25,Regular Season,7+ Dribbles
1628997,Caleb Martin,1610612742,DAL,29.0,45,23,0.128,21,39,0.538,0.538,0.125,21,38,0.553,0.003,0,1,0.0,2024-25,Regular Season,7+ Dribbles
1628978,Donte DiVincenzo,1610612750,MIN,28.0,62,25,0.066,16,39,0.41,0.487,0.042,10,25,0.4,0.024,6,14,0.429,2024-25,Regular Season,7+ Dribbles
1627736,Malik Beasley,1610612765,DET,28.0,82,29,0.036,13,38,0.342,0.395,0.023,9,25,0.36,0.012,4,13,0.308,2024-25,Regular Season,7+ Dribbles
1629659,Talen Horton-Tucker,1610612741,CHI,24.0,58,22,0.127,25,37,0.676,0.689,0.12,24,35,0.686,0.007,1,2,0.5,2024-25,Regular Season,7+ Dribbles
1642349,Ajay Mitchell,1610612760,OKC,23.0,36,22,0.2,24,37,0.649,0.649,0.195,24,36,0.667,0.005,0,1,0.0,2024-25,Regular Season,7+ Dribbles
1629003,Shake Milton,1610612747,LAL,28.0,57,22,0.146,14,37,0.378,0.378,0.138,14,35,0.4,0.008,0,2,0.0,2024-25,Regular Season,7+ Dribbles
1630200,Tre Jones,1610612741,CHI,25.0,46,25,0.151,18,36,0.5,0.5,0.151,18,36,0.5,0.0,0,0,,2024-25,Regular Season,7+ Dribbles
1628420,Monte Morris,1610612756,PHX,30.0,45,24,0.185,17,36,0.472,0.486,0.174,16,34,0.471,0.01,1,2,0.5,2024-25,Regular Season,7+ Dribbles
1630245,Ayo Dosunmu,1610612741,CHI,25.0,46,22,0.078,22,35,0.629,0.657,0.067,20,30,0.667,0.011,2,5,0.4,2024-25,Regular Season,7+ Dribbles
1642377,Jaylen Wells,1610612763,MEM,21.0,78,27,0.052,18,35,0.514,0.514,0.049,18,33,0.545,0.003,0,2,0.0,2024-25,Regular Season,7+ Dribbles
1629638,Nickeil Alexander-Walker,1610612750,MIN,26.0,82,29,0.057,13,35,0.371,0.4,0.044,11,27,0.407,0.013,2,8,0.25,2024-25,Regular Season,7+ Dribbles
203999,Nikola Jokić,1610612743,DEN,30.0,70,26,0.025,17,34,0.5,0.5,0.023,17,32,0.531,0.001,0,2,0.0,2024-25,Regular Season,7+ Dribbles
1628971,Bruce Brown,1610612740,NOP,28.0,41,18,0.11,11,34,0.324,0.338,0.107,10,33,0.303,0.003,1,1,1.0,2024-25,Regular Season,7+ Dribbles
1641729,Brice Sensabaugh,1610612762,UTA,21.0,71,25,0.055,13,33,0.394,0.439,0.038,10,23,0.435,0.017,3,10,0.3,2024-25,Regular Season,7+ Dribbles
203924,Jerami Grant,1610612757,POR,31.0,47,26,0.057,9,33,0.273,0.273,0.056,9,32,0.281,0.002,0,1,0.0,2024-25,Regular Season,7+ Dribbles
203957,Dante Exum,1610612742,DAL,29.0,20,16,0.239,15,32,0.469,0.484,0.201,14,27,0.519,0.037,1,5,0.2,2024-25,Regular Season,7+ Dribbles
1629018,Gary Trent Jr.,1610612749,MIL,26.0,74,28,0.049,13,32,0.406,0.453,0.038,10,25,0.4,0.011,3,7,0.429,2024-25,Regular Season,7+ Dribbles
1630538,Bones Hyland,1610612750,MIN,24.0,24,19,0.271,11,32,0.344,0.453,0.119,4,14,0.286,0.153,7,18,0.389,2024-25,Regular Season,7+ Dribbles
1631221,Collin Gillespie,1610612756,PHX,26.0,33,16,0.196,21,31,0.677,0.774,0.139,15,22,0.682,0.057,6,9,0.667,2024-25,Regular Season,7+ Dribbles
1641709,Ausar Thompson,1610612765,DET,22.0,59,23,0.067,12,31,0.387,0.387,0.067,12,31,0.387,0.0,0,0,,2024-25,Regular Season,7+ Dribbles
1642273,Kyshawn George,1610612764,WAS,21.0,68,23,0.055,13,30,0.433,0.483,0.037,10,20,0.5,0.018,3,10,0.3,2024-25,Regular Season,7+ Dribbles
203935,Marcus Smart,1610612764,WAS,31.0,34,17,0.117,12,30,0.4,0.417,0.093,11,24,0.458,0.023,1,6,0.167,2024-25,Regular Season,7+ Dribbles
1641854,Craig Porter Jr.,1610612739,CLE,25.0,51,13,0.207,16,29,0.552,0.603,0.186,13,26,0.5,0.021,3,3,1.0,2024-25,Regular Season,7+ Dribbles
1628415,Dillon Brooks,1610612745,HOU,29.0,75,20,0.032,15,29,0.517,0.534,0.029,14,26,0.538,0.003,1,3,0.333,2024-25,Regular Season,7+ Dribbles
1631213,Tyrese Martin,1610612751,BKN,26.0,60,22,0.062,12,29,0.414,0.466,0.052,9,24,0.375,0.011,3,5,0.6,2024-25,Regular Season,7+ Dribbles
1630552,Jalen Johnson,1610612737,ATL,23.0,36,21,0.054,12,29,0.414,0.414,0.054,12,29,0.414,0.0,0,0,,2024-25,Regular Season,7+ Dribbles
1628998,Cody Martin,1610612756,PHX,29.0,53,19,0.086,10,28,0.357,0.357,0.08,10,26,0.385,0.006,0,2,0.0,2024-25,Regular Season,7+ Dribbles
1641722,Jordan Hawkins,1610612740,NOP,23.0,56,23,0.05,7,28,0.25,0.268,0.04,6,22,0.273,0.011,1,6,0.167,2024-25,Regular Season,7+ Dribbles
1631103,Malaki Branham,1610612759,SAS,22.0,47,17,0.142,15,27,0.556,0.574,0.126,14,24,0.583,0.016,1,3,0.333,2024-25,Regular Season,7+ Dribbles
1630172,Patrick Williams,1610612741,CHI,23.0,63,24,0.052,14,27,0.519,0.537,0.045,13,23,0.565,0.008,1,4,0.25,2024-25,Regular Season,7+ Dribbles
1642348,Justin Edwards,1610612755,PHI,21.0,44,15,0.072,13,27,0.481,0.5,0.064,12,24,0.5,0.008,1,3,0.333,2024-25,Regular Season,7+ Dribbles
202691,Klay Thompson,1610612742,DAL,35.0,72,23,0.031,11,27,0.407,0.444,0.023,9,20,0.45,0.008,2,7,0.286,2024-25,Regular Season,7+ Dribbles
1631106,Tari Eason,1610612745,HOU,24.0,57,20,0.047,15,26,0.577,0.596,0.045,14,25,0.56,0.002,1,1,1.0,2024-25,Regular Season,7+ Dribbles
1627739,Kris Dunn,1610612746,LAC,31.0,74,20,0.059,15,26,0.577,0.615,0.05,13,22,0.591,0.009,2,4,0.5,2024-25,Regular Season,7+ Dribbles
1630183,Jaden McDaniels,1610612750,MIN,24.0,82,18,0.03,14,25,0.56,0.56,0.03,14,25,0.56,0.0,0,0,,2024-25,Regular Season,7+ Dribbles
203084,Harrison Barnes,1610612759,SAS,33.0,82,22,0.037,11,25,0.44,0.44,0.035,11,24,0.458,0.001,0,1,0.0,2024-25,Regular Season,7+ Dribbles
1629022,Lonnie Walker IV,1610612755,PHI,26.0,20,13,0.118,10,25,0.4,0.44,0.085,8,18,0.444,0.033,2,7,0.286,2024-25,Regular Season,7+ Dribbles
1641720,Jalen Hood-Schifino,1610612755,PHI,22.0,15,9,0.255,8,25,0.32,0.36,0.214,6,21,0.286,0.041,2,4,0.5,2024-25,Regular Season,7+ Dribbles
1630548,Johnny Juzang,1610612762,UTA,24.0,64,18,0.051,11,24,0.458,0.5,0.044,9,21,0.429,0.006,2,3,0.667,2024-25,Regular Season,7+ Dribbles
1641824,Matas Buzelis,1610612741,CHI,20.0,80,21,0.043,10,24,0.417,0.417,0.041,10,23,0.435,0.002,0,1,0.0,2024-25,Regular Season,7+ Dribbles
1628384,OG Anunoby,1610612752,NYK,27.0,73,21,0.024,7,24,0.292,0.292,0.023,7,23,0.304,0.001,0,1,0.0,2024-25,Regular Season,7+ Dribbles
1641878,Damion Baugh,1610612766,CHA,24.0,15,12,0.185,7,24,0.292,0.292,0.169,7,22,0.318,0.015,0,2,0.0,2024-25,Regular Season,7+ Dribbles
203552,Seth Curry,1610612766,CHA,34.0,68,18,0.067,15,23,0.652,0.717,0.058,12,20,0.6,0.009,3,3,1.0,2024-25,Regular Season,7+ Dribbles
1629618,Jalen Pickett,1610612743,DEN,25.0,49,17,0.128,12,23,0.522,0.609,0.089,8,16,0.5,0.039,4,7,0.571,2024-25,Regular Season,7+ Dribbles
1642262,Cody Williams,1610612762,UTA,20.0,50,18,0.089,12,23,0.522,0.522,0.086,12,22,0.545,0.004,0,1,0.0,2024-25,Regular Season,7+ Dribbles
1629026,Kenrich Williams,1610612760,OKC,30.0,69,15,0.065,12,23,0.522,0.522,0.062,12,22,0.545,0.003,0,1,0.0,2024-25,Regular Season,7+ Dribbles
1631124,Julian Strawther,1610612743,DEN,23.0,65,20,0.049,10,23,0.435,0.457,0.042,9,20,0.45,0.006,1,3,0.333,2024-25,Regular Season,7+ Dribbles
1631209,Isaiah Wong,1610612766,CHA,24.0,20,10,0.21,9,22,0.409,0.432,0.162,8,17,0.471,0.048,1,5,0.2,2024-25,Regular Season,7+ Dribbles
1630592,Jalen Wilson,1610612751,BKN,24.0,79,16,0.035,7,22,0.318,0.318,0.034,7,21,0.333,0.002,0,1,0.0,2024-25,Regular Season,7+ Dribbles
1628379,Luke Kennard,1610612763,MEM,29.0,64,16,0.05,13,21,0.619,0.643,0.045,12,19,0.632,0.005,1,2,0.5,2024-25,Regular Season,7+ Dribbles
203937,Kyle Anderson,1610612748,MIA,31.0,61,17,0.07,10,21,0.476,0.476,0.07,10,21,0.476,0.0,0,0,,2024-25,Regular Season,7+ Dribbles
1631128,Christian Braun,1610612743,DEN,24.0,79,17,0.026,9,21,0.429,0.429,0.022,9,18,0.5,0.004,0,3,0.0,2024-25,Regular Season,7+ Dribbles
1641736,Reece Beekman,1610612751,BKN,23.0,36,15,0.196,4,21,0.19,0.19,0.196,4,21,0.19,0.0,0,0,,2024-25,Regular Season,7+ Dribbles
1641842,Ronald Holland II,1610612765,DET,19.0,81,19,0.048,10,20,0.5,0.5,0.048,10,20,0.5,0.0,0,0,,2024-25,Regular Season,7+ Dribbles
1627741,Buddy Hield,1610612744,GSW,32.0,82,18,0.025,8,20,0.4,0.425,0.015,7,12,0.583,0.01,1,8,0.125,2024-25,Regular Season,7+ Dribbles
202704,Reggie Jackson,1610612755,PHI,35.0,31,16,0.15,7,20,0.35,0.4,0.128,5,17,0.294,0.023,2,3,0.667,2024-25,Regular Season,7+ Dribbles
1642269,Devin Carter,1610612758,SAC,23.0,36,16,0.157,6,20,0.3,0.325,0.126,5,16,0.313,0.031,1,4,0.25,2024-25,Regular Season,7+ Dribbles
1641810,Antonio Reeves,1610612740,NOP,24.0,44,11,0.081,5,20,0.25,0.275,0.06,4,15,0.267,0.02,1,5,0.2,2024-25,Regular Season,7+ Dribbles
1642266,Ja'Kobe Walter,1610612761,TOR,20.0,52,16,0.051,4,20,0.2,0.2,0.048,4,19,0.211,0.003,0,1,0.0,2024-25,Regular Season,7+ Dribbles
1630541,Moses Moody,1610612744,GSW,23.0,74,17,0.033,10,19,0.526,0.526,0.033,10,19,0.526,0.0,0,0,,2024-25,Regular Season,7+ Dribbles
1627734,Domantas Sabonis,1610612758,SAC,29.0,70,16,0.02,11,18,0.611,0.611,0.02,11,18,0.611,0.0,0,0,,2024-25,Regular Season,7+ Dribbles
1629675,Naz Reid,1610612750,MIN,25.0,80,17,0.02,10,18,0.556,0.583,0.017,9,16,0.563,0.002,1,2,0.5,2024-25,Regular Season,7+ Dribbles
1641741,Ricky Council IV,1610612755,PHI,23.0,73,15,0.039,5,18,0.278,0.278,0.032,5,15,0.333,0.006,0,3,0.0,2024-25,Regular Season,7+ Dribbles
1631207,Dalen Terry,1610612741,CHI,22.0,73,15,0.063,9,17,0.529,0.529,0.063,9,17,0.529,0.0,0,0,,2024-25,Regular Season,7+ Dribbles
1631099,Keegan Murray,1610612758,SAC,24.0,76,16,0.021,8,17,0.471,0.471,0.021,8,17,0.471,0.0,0,0,,2024-25,Regular Season,7+ Dribbles
1629652,Luguentz Dort,1610612760,OKC,26.0,71,17,0.029,6,17,0.353,0.382,0.02,5,12,0.417,0.008,1,5,0.2,2024-25,Regular Season,7+ Dribbles
1642278,Tyler Kolek,1610612752,NYK,24.0,41,14,0.207,5,17,0.294,0.294,0.146,5,12,0.417,0.061,0,5,0.0,2024-25,Regular Season,7+ Dribbles
1642261,Dalton Knecht,1610612747,LAL,24.0,78,13,0.031,4,17,0.235,0.294,0.018,2,10,0.2,0.013,2,7,0.286,2024-25,Regular Season,7+ Dribbles
1626153,Delon Wright,1610612752,NYK,33.0,40,13,0.13,4,17,0.235,0.235,0.107,4,14,0.286,0.023,0,3,0.0,2024-25,Regular Season,7+ Dribbles
1641705,Victor Wembanyama,1610612759,SAS,21.0,46,13,0.019,7,16,0.438,0.5,0.013,5,11,0.455,0.006,2,5,0.4,2024-25,Regular Season,7+ Dribbles
1642258,Zaccharie Risacher,1610612737,ATL,20.0,75,13,0.019,8,15,0.533,0.533,0.019,8,15,0.533,0.0,0,0,,2024-25,Regular Season,7+ Dribbles
1642281,Jaylon Tyson,1610612739,CLE,22.0,47,9,0.101,8,15,0.533,0.633,0.081,5,12,0.417,0.02,3,3,1.0,2024-25,Regular Season,7+ Dribbles
203501,Tim Hardaway Jr.,1610612765,DET,33.0,77,12,0.022,7,15,0.467,0.467,0.019,7,13,0.538,0.003,0,2,0.0,2024-25,Regular Season,7+ Dribbles
1631222,Jake LaRavia,1610612758,SAC,23.0,66,14,0.045,7,15,0.467,0.467,0.042,7,14,0.5,0.003,0,1,0.0,2024-25,Regular Season,7+ Dribbles
1641783,Tristan da Silva,1610612753,ORL,24.0,74,11,0.031,6,15,0.4,0.4,0.025,6,12,0.5,0.006,0,3,0.0,2024-25,Regular Season,7+ Dribbles
1628365,Markelle Fultz,1610612758,SAC,27.0,21,11,0.209,8,14,0.571,0.571,0.209,8,14,0.571,0.0,0,0,,2024-25,Regular Season,7+ Dribbles
1630696,Dru Smith,1610612748,MIA,27.0,14,8,0.23,7,14,0.5,0.5,0.197,7,12,0.583,0.033,0,2,0.0,2024-25,Regular Season,7+ Dribbles
1629651,Nic Claxton,1610612751,BKN,26.0,70,13,0.025,7,14,0.5,0.5,0.025,7,14,0.5,0.0,0,0,,2024-25,Regular Season,7+ Dribbles
202709,Cory Joseph,1610612753,ORL,33.0,50,12,0.091,6,14,0.429,0.464,0.078,5,12,0.417,0.013,1,2,0.5,2024-25,Regular Season,7+ Dribbles
1628989,Kevin Huerter,1610612741,CHI,26.0,69,13,0.023,5,14,0.357,0.357,0.02,5,12,0.417,0.003,0,2,0.0,2024-25,Regular Season,7+ Dribbles
1628960,Grayson Allen,1610612756,PHX,29.0,64,13,0.029,4,14,0.286,0.321,0.018,3,9,0.333,0.01,1,5,0.2,2024-25,Regular Season,7+ Dribbles
1641765,Olivier-Maxence Prosper,1610612742,DAL,22.0,52,13,0.08,3,14,0.214,0.214,0.069,3,12,0.25,0.011,0,2,0.0,2024-25,Regular Season,7+ Dribbles
1642355,Bronny James,1610612747,LAL,20.0,27,10,0.194,6,13,0.462,0.538,0.104,4,7,0.571,0.09,2,6,0.333,2024-25,Regular Season,7+ Dribbles
1641787,Tosan Evbuomwan,1610612751,BKN,24.0,28,11,0.059,6,13,0.462,0.462,0.059,6,13,0.462,0.0,0,0,,2024-25,Regular Season,7+ Dribbles
1629669,Jaylen Nowell,1610612764,WAS,25.0,8,5,0.178,5,13,0.385,0.385,0.151,5,11,0.455,0.027,0,2,0.0,2024-25,Regular Season,7+ Dribbles
1641713,GG Jackson,1610612763,MEM,20.0,29,12,0.065,4,13,0.308,0.308,0.05,4,10,0.4,0.015,0,3,0.0,2024-25,Regular Season,7+ Dribbles
1631107,Nikola Jović,1610612748,MIA,22.0,46,11,0.032,6,12,0.5,0.542,0.029,5,11,0.455,0.003,1,1,1.0,2024-25,Regular Season,7+ Dribbles
1641724,Jett Howard,1610612753,ORL,21.0,60,11,0.046,5,12,0.417,0.458,0.038,4,10,0.4,0.008,1,2,0.5,2024-25,Regular Season,7+ Dribbles
203954,Joel Embiid,1610612755,PHI,31.0,19,8,0.038,4,12,0.333,0.333,0.038,4,12,0.333,0.0,0,0,,2024-25,Regular Season,7+ Dribbles
1630311,Pat Spencer,1610612744,GSW,28.0,39,8,0.119,4,12,0.333,0.333,0.089,4,9,0.444,0.03,0,3,0.0,2024-25,Regular Season,7+ Dribbles
1631104,Blake Wesley,1610612759,SAS,22.0,58,11,0.065,3,12,0.25,0.25,0.059,3,11,0.273,0.005,0,1,0.0,2024-25,Regular Season,7+ Dribbles
1628366,Lonzo Ball,1610612741,CHI,27.0,35,9,0.045,7,11,0.636,0.682,0.041,6,10,0.6,0.004,1,1,1.0,2024-25,Regular Season,7+ Dribbles
1642271,Kyle Filipowski,1610612762,UTA,21.0,72,9,0.021,7,11,0.636,0.682,0.019,6,10,0.6,0.002,1,1,1.0,2024-25,Regular Season,7+ Dribbles
1641757,Jordan Miller,1610612746,LAC,25.0,37,10,0.082,6,11,0.545,0.545,0.082,6,11,0.545,0.0,0,0,,2024-25,Regular Season,7+ Dribbles
203484,Kentavious Caldwell-Pope,1610612763,MEM,32.0,77,11,0.02,6,11,0.545,0.545,0.018,6,10,0.6,0.002,0,1,0.0,2024-25,Regular Season,7+ Dribbles
1626157,Karl-Anthony Towns,1610612752,NYK,29.0,71,10,0.009,5,11,0.455,0.5,0.007,4,9,0.444,0.002,1,2,0.5,2024-25,Regular Season,7+ Dribbles
1630533,Ziaire Williams,1610612751,BKN,23.0,63,8,0.021,4,11,0.364,0.364,0.021,4,11,0.364,0.0,0,0,,2024-25,Regular Season,7+ Dribbles
1628975,Jevon Carter,1610612741,CHI,29.0,36,8,0.075,3,11,0.273,0.318,0.041,2,6,0.333,0.034,1,5,0.2,2024-25,Regular Season,7+ Dribbles
1630256,Jae'Sean Tate,1610612745,HOU,29.0,52,10,0.074,2,11,0.182,0.182,0.074,2,11,0.182,0.0,0,0,,2024-25,Regular Season,7+ Dribbles
1627936,Alex Caruso,1610612760,OKC,31.0,54,7,0.032,7,10,0.7,0.8,0.025,5,8,0.625,0.006,2,2,1.0,2024-25,Regular Season,7+ Dribbles
1630249,Vít Krejčí,1610612737,ATL,25.0,57,6,0.034,6,10,0.6,0.65,0.021,5,6,0.833,0.014,1,4,0.25,2024-25,Regular Season,7+ Dribbles
1641716,Jarace Walker,1610612754,IND,21.0,75,8,0.028,6,10,0.6,0.65,0.022,5,8,0.625,0.006,1,2,0.5,2024-25,Regular Season,7+ Dribbles
1629599,Amir Coffey,1610612746,LAC,28.0,72,8,0.02,5,10,0.5,0.55,0.014,4,7,0.571,0.006,1,3,0.333,2024-25,Regular Season,7+ Dribbles
203110,Draymond Green,1610612744,GSW,35.0,68,8,0.02,5,10,0.5,0.5,0.02,5,10,0.5,0.0,0,0,,2024-25,Regular Season,7+ Dribbles
1631165,Keon Ellis,1610612758,SAC,25.0,80,9,0.022,4,10,0.4,0.5,0.009,2,4,0.5,0.013,2,6,0.333,2024-25,Regular Season,7+ Dribbles
1631311,Lester Quinones,1610612740,NOP,24.0,13,5,0.128,4,10,0.4,0.4,0.09,4,7,0.571,0.038,0,3,0.0,2024-25,Regular Season,7+ Dribbles
1631120,JD Davison,1610612738,BOS,22.0,16,6,0.294,4,10,0.4,0.4,0.265,4,9,0.444,0.029,0,1,0.0,2024-25,Regular Season,7+ Dribbles
1641723,Kobe Bufkin,1610612737,ATL,21.0,10,6,0.213,4,10,0.4,0.4,0.191,4,9,0.444,0.021,0,1,0.0,2024-25,Regular Season,7+ Dribbles
1626171,Bobby Portis,1610612749,MIL,30.0,49,9,0.017,4,10,0.4,0.4,0.017,4,10,0.4,0.0,0,0,,2024-25,Regular Season,7+ Dribbles
1641711,Gradey Dick,1610612761,TOR,21.0,54,8,0.015,3,10,0.3,0.3,0.014,3,9,0.333,0.002,0,1,0.0,2024-25,Regular Season,7+ Dribbles
1641712,Rayan Rupert,1610612757,POR,21.0,52,8,0.07,3,10,0.3,0.35,0.056,2,8,0.25,0.014,1,2,0.5,2024-25,Regular Season,7+ Dribbles
1641725,Trey Alexander,1610612743,DEN,22.0,24,7,0.244,3,10,0.3,0.3,0.22,3,9,0.333,0.024,0,1,0.0,2024-25,Regular Season,7+ Dribbles
1629130,Duncan Robinson,1610612748,MIA,31.0,74,10,0.015,3,10,0.3,0.35,0.012,2,8,0.25,0.003,1,2,0.5,2024-25,Regular Season,7+ Dribbles
1630173,Precious Achiuwa,1610612752,NYK,25.0,56,9,0.031,3,10,0.3,0.3,0.031,3,10,0.3,0.0,0,0,,2024-25,Regular Season,7+ Dribbles
1631105,Jalen Duren,1610612765,DET,21.0,78,9,0.018,2,10,0.2,0.2,0.018,2,10,0.2,0.0,0,0,,2024-25,Regular Season,7+ Dribbles
202696,Nikola Vucevic,1610612741,CHI,34.0,73,9,0.009,5,9,0.556,0.556,0.009,5,9,0.556,0.0,0,0,,2024-25,Regular Season,7+ Dribbles
1629162,Jordan McLaughlin,1610612759,SAS,29.0,46,7,0.125,5,9,0.556,0.667,0.069,3,5,0.6,0.056,2,4,0.5,2024-25,Regular Season,7+ Dribbles
1641732,Colby Jones,1610612764,WAS,23.0,39,8,0.07,5,9,0.556,0.556,0.062,5,8,0.625,0.008,0,1,0.0,2024-25,Regular Season,7+ Dribbles
1630557,Corey Kispert,1610612764,WAS,26.0,61,7,0.016,3,9,0.333,0.333,0.014,3,8,0.375,0.002,0,1,0.0,2024-25,Regular Season,7+ Dribbles
1642275,Tidjane Salaün,1610612766,CHA,19.0,60,6,0.026,2,9,0.222,0.222,0.02,2,7,0.286,0.006,0,2,0.0,2024-25,Regular Season,7+ Dribbles
1641794,Dillon Jones,1610612760,OKC,23.0,54,7,0.068,1,9,0.111,0.167,0.06,0,8,0.0,0.008,1,1,1.0,2024-25,Regular Season,7+ Dribbles
1630198,Isaiah Joe,1610612760,OKC,25.0,74,8,0.014,4,8,0.5,0.563,0.009,3,5,0.6,0.005,1,3,0.333,2024-25,Regular Season,7+ Dribbles
1631110,Jeremy Sochan,1610612759,SAS,22.0,54,8,0.017,4,8,0.5,0.5,0.017,4,8,0.5,0.0,0,0,,2024-25,Regular Season,7+ Dribbles
1641739,Toumani Camara,1610612757,POR,25.0,78,8,0.011,4,8,0.5,0.5,0.01,4,7,0.571,0.001,0,1,0.0,2024-25,Regular Season,7+ Dribbles
1631111,Wendell Moore Jr.,1610612766,CHA,23.0,36,5,0.063,3,8,0.375,0.438,0.056,2,7,0.286,0.008,1,1,1.0,2024-25,Regular Season,7+ Dribbles
1642530,Yuki Kawamura,1610612763,MEM,24.0,22,6,0.267,3,8,0.375,0.5,0.1,1,3,0.333,0.167,2,5,0.4,2024-25,Regular Season,7+ Dribbles
1631223,David Roddy,1610612745,HOU,24.0,33,7,0.064,3,8,0.375,0.375,0.048,3,6,0.5,0.016,0,2,0.0,2024-25,Regular Season,7+ Dribbles
1631095,Jabari Smith Jr.,1610612745,HOU,22.0,57,8,0.014,3,8,0.375,0.375,0.011,3,6,0.5,0.004,0,2,0.0,2024-25,Regular Season,7+ Dribbles
1631098,Johnny Davis,1610612764,WAS,23.0,34,7,0.103,2,8,0.25,0.25,0.103,2,8,0.25,0.0,0,0,,2024-25,Regular Season,7+ Dribbles
1631102,TyTy Washington Jr.,1610612756,PHX,23.0,16,6,0.178,2,8,0.25,0.25,0.111,2,5,0.4,0.067,0,3,0.0,2024-25,Regular Season,7+ Dribbles
200768,Kyle Lowry,1610612755,PHI,39.0,35,6,0.068,2,8,0.25,0.25,0.051,2,6,0.333,0.017,0,2,0.0,2024-25,Regular Season,7+ Dribbles
201569,Eric Gordon,1610612755,PHI,36.0,39,6,0.039,2,8,0.25,0.25,0.039,2,8,0.25,0.0,0,0,,2024-25,Regular Season,7+ Dribbles
203994,Jusuf Nurkić,1610612766,CHA,30.0,51,7,0.023,2,8,0.25,0.25,0.02,2,7,0.286,0.003,0,1,0.0,2024-25,Regular Season,7+ Dribbles
1626192,Pat Connaughton,1610612749,MIL,32.0,41,5,0.04,4,7,0.571,0.571,0.034,4,6,0.667,0.006,0,1,0.0,2024-25,Regular Season,7+ Dribbles
1630182,Josh Green,1610612766,CHA,24.0,68,6,0.017,4,7,0.571,0.571,0.017,4,7,0.571,0.0,0,0,,2024-25,Regular Season,7+ Dribbles
1627752,Taurean Prince,1610612749,MIL,31.0,80,7,0.014,3,7,0.429,0.429,0.012,3,6,0.5,0.002,0,1,0.0,2024-25,Regular Season,7+ Dribbles
1630583,Santi Aldama,1610612763,MEM,24.0,64,6,0.011,3,7,0.429,0.429,0.011,3,7,0.429,0.0,0,0,,2024-25,Regular Season,7+ Dribbles
1631245,Quenton Jackson,1610612754,IND,26.0,28,6,0.057,2,7,0.286,0.286,0.041,2,5,0.4,0.016,0,2,0.0,2024-25,Regular Season,7+ Dribbles
1630531,Jaden Springer,1610612762,UTA,22.0,43,6,0.078,2,7,0.286,0.286,0.067,2,6,0.333,0.011,0,1,0.0,2024-25,Regular Season,7+ Dribbles
1631096,Chet Holmgren,1610612760,OKC,23.0,32,7,0.021,1,7,0.143,0.143,0.021,1,7,0.143,0.0,0,0,,2024-25,Regular Season,7+ Dribbles
1642367,Jonathan Mogbo,1610612761,TOR,23.0,63,7,0.02,0,7,0.0,0.0,0.02,0,7,0.0,0.0,0,0,,2024-25,Regular Season,7+ Dribbles
1630639,A.J. Lawson,1610612761,TOR,24.0,26,6,0.032,4,6,0.667,0.667,0.032,4,6,0.667,0.0,0,0,,2024-25,Regular Season,7+ Dribbles
1629021,Moritz Wagner,1610612753,ORL,28.0,30,6,0.024,4,6,0.667,0.667,0.024,4,6,0.667,0.0,0,0,,2024-25,Regular Season,7+ Dribbles
1627824,Guerschon Yabusele,1610612755,PHI,29.0,70,6,0.011,3,6,0.5,0.5,0.011,3,6,0.5,0.0,0,0,,2024-25,Regular Season,7+ Dribbles
1630699,MarJon Beauchamp,1610612752,NYK,24.0,35,6,0.092,3,6,0.5,0.667,0.062,1,4,0.25,0.031,2,2,1.0,2024-25,Regular Season,7+ Dribbles
1642484,RayJ Dennis,1610612754,IND,24.0,11,4,0.182,2,6,0.333,0.417,0.152,1,5,0.2,0.03,1,1,1.0,2024-25,Regular Season,7+ Dribbles
1629060,Rui Hachimura,1610612747,LAL,27.0,59,6,0.01,2,6,0.333,0.333,0.01,2,6,0.333,0.0,0,0,,2024-25,Regular Season,7+ Dribbles
1628374,Lauri Markkanen,1610612762,UTA,28.0,47,5,0.009,2,6,0.333,0.333,0.007,2,5,0.4,0.001,0,1,0.0,2024-25,Regular Season,7+ Dribbles
1630243,Trevelin Queen,1610612753,ORL,28.0,31,4,0.041,1,6,0.167,0.167,0.027,1,4,0.25,0.014,0,2,0.0,2024-25,Regular Season,7+ Dribbles
1629008,Michael Porter Jr.,1610612743,DEN,27.0,77,6,0.006,1,6,0.167,0.167,0.006,1,6,0.167,0.0,0,0,,2024-25,Regular Season,7+ Dribbles
1630573,Sam Hauser,1610612738,BOS,27.0,71,4,0.011,3,5,0.6,0.9,0.0,0,0,,0.011,3,5,0.6,2024-25,Regular Season,7+ Dribbles
1630692,Jordan Goodwin,1610612747,LAL,26.0,29,4,0.035,2,5,0.4,0.4,0.035,2,5,0.4,0.0,0,0,,2024-25,Regular Season,7+ Dribbles
1631200,Kris Murray,1610612757,POR,24.0,69,5,0.018,2,5,0.4,0.4,0.018,2,5,0.4,0.0,0,0,,2024-25,Regular Season,7+ Dribbles
1627826,Ivica Zubac,1610612746,LAC,28.0,80,5,0.005,1,5,0.2,0.2,0.005,1,5,0.2,0.0,0,0,,2024-25,Regular Season,7+ Dribbles
1630585,Marcus Garrett,1610612766,CHA,26.0,4,2,0.185,1,5,0.2,0.2,0.185,1,5,0.2,0.0,0,0,,2024-25,Regular Season,7+ Dribbles
1631466,Nate Williams,1610612745,HOU,26.0,20,5,0.081,1,5,0.2,0.2,0.081,1,5,0.2,0.0,0,0,,2024-25,Regular Season,7+ Dribbles
1630165,Killian Hayes,1610612751,BKN,23.0,6,5,0.116,1,5,0.2,0.2,0.093,1,4,0.25,0.023,0,1,0.0,2024-25,Regular Season,7+ Dribbles
1630322,Lindy Waters III,1610612765,DET,27.0,52,4,0.02,1,5,0.2,0.3,0.008,0,2,0.0,0.012,1,3,0.333,2024-25,Regular Season,7+ Dribbles
1630528,Josh Christopher,1610612748,MIA,23.0,14,4,0.161,0,5,0.0,0.0,0.097,0,3,0.0,0.065,0,2,0.0,2024-25,Regular Season,7+ Dribbles
1629013,Landry Shamet,1610612752,NYK,28.0,49,4,0.018,3,4,0.75,0.875,0.009,2,2,1.0,0.009,1,2,0.5,2024-25,Regular Season,7+ Dribbles
202692,Alec Burks,1610612748,MIA,33.0,49,4,0.015,3,4,0.75,0.75,0.011,3,3,1.0,0.004,0,1,0.0,2024-25,Regular Season,7+ Dribbles
1630205,Lamar Stevens,1610612763,MEM,27.0,17,3,0.063,3,4,0.75,0.75,0.063,3,4,0.75,0.0,0,0,,2024-25,Regular Season,7+ Dribbles
1631246,Vince Williams Jr.,1610612763,MEM,24.0,26,4,0.025,2,4,0.5,0.5,0.025,2,4,0.5,0.0,0,0,,2024-25,Regular Season,7+ Dribbles
1631197,Jared Rhoden,1610612761,TOR,25.0,14,4,0.046,2,4,0.5,0.5,0.034,2,3,0.667,0.011,0,1,0.0,2024-25,Regular Season,7+ Dribbles
1631212,Peyton Watson,1610612743,DEN,22.0,68,4,0.01,2,4,0.5,0.5,0.01,2,4,0.5,0.0,0,0,,2024-25,Regular Season,7+ Dribbles
1631172,Ousmane Dieng,1610612760,OKC,22.0,37,4,0.032,2,4,0.5,0.5,0.024,2,3,0.667,0.008,0,1,0.0,2024-25,Regular Season,7+ Dribbles
1641745,Adam Flagler,1610612760,OKC,25.0,37,3,0.042,2,4,0.5,0.5,0.042,2,4,0.5,0.0,0,0,,2024-25,Regular Season,7+ Dribbles
1628381,John Collins,1610612762,UTA,27.0,40,4,0.008,1,4,0.25,0.25,0.008,1,4,0.25,0.0,0,0,,2024-25,Regular Season,7+ Dribbles
1641989,Elijah Harkless,1610612762,UTA,25.0,10,3,0.114,1,4,0.25,0.375,0.057,0,2,0.0,0.057,1,2,0.5,2024-25,Regular Season,7+ Dribbles
1627884,Derrick Jones Jr.,1610612746,LAC,28.0,77,4,0.007,1,4,0.25,0.25,0.007,1,4,0.25,0.0,0,0,,2024-25,Regular Season,7+ Dribbles
1642285,Cam Spencer,1610612763,MEM,25.0,25,1,0.049,1,4,0.25,0.25,0.024,1,2,0.5,0.024,0,2,0.0,2024-25,Regular Season,7+ Dribbles
202066,Garrett Temple,1610612761,TOR,39.0,28,3,0.067,1,4,0.25,0.25,0.067,1,4,0.25,0.0,0,0,,2024-25,Regular Season,7+ Dribbles
1641772,Nae'Qwan Tomlin,1610612739,CLE,24.0,5,2,0.125,1,4,0.25,0.25,0.094,1,3,0.333,0.031,0,1,0.0,2024-25,Regular Season,7+ Dribbles
201988,Patty Mills,1610612746,LAC,36.0,29,4,0.042,0,4,0.0,0.0,0.01,0,1,0.0,0.031,0,3,0.0,2024-25,Regular Season,7+ Dribbles
203482,Kelly Olynyk,1610612740,NOP,34.0,44,4,0.015,0,4,0.0,0.0,0.015,0,4,0.0,0.0,0,0,,2024-25,Regular Season,7+ Dribbles
1628976,Wendell Carter Jr.,1610612753,ORL,26.0,68,4,0.008,0,4,0.0,0.0,0.008,0,4,0.0,0.0,0,0,,2024-25,Regular Season,7+ Dribbles
1641734,Emoni Bates,1610612739,CLE,21.0,10,1,0.079,3,3,1.0,1.167,0.053,2,2,1.0,0.026,1,1,1.0,2024-25,Regular Season,7+ Dribbles
1630572,Sandro Mamukelashvili,1610612759,SAS,26.0,61,3,0.011,3,3,1.0,1.0,0.011,3,3,1.0,0.0,0,0,,2024-25,Regular Season,7+ Dribbles
1629610,DaQuan Jeffries,1610612766,CHA,27.0,47,3,0.01,3,3,1.0,1.0,0.01,3,3,1.0,0.0,0,0,,2024-25,Regular Season,7+ Dribbles
1630537,Chris Duarte,1610612741,CHI,28.0,17,3,0.115,3,3,1.0,1.167,0.077,2,2,1.0,0.038,1,1,1.0,2024-25,Regular Season,7+ Dribbles
1630222,Mason Jones,1610612758,SAC,26.0,10,3,0.167,2,3,0.667,0.667,0.111,2,2,1.0,0.056,0,1,0.0,2024-25,Regular Season,7+ Dribbles
1627814,Damion Lee,1610612756,PHX,32.0,25,3,0.041,2,3,0.667,0.667,0.041,2,3,0.667,0.0,0,0,,2024-25,Regular Season,7+ Dribbles
1631288,Jamal Cain,1610612740,NOP,26.0,37,3,0.019,2,3,0.667,0.667,0.019,2,3,0.667,0.0,0,0,,2024-25,Regular Season,7+ Dribbles
1629750,Javonte Green,1610612739,CLE,31.0,68,2,0.01,2,3,0.667,0.667,0.01,2,3,0.667,0.0,0,0,,2024-25,Regular Season,7+ Dribbles
1627777,Georges Niang,1610612737,ATL,32.0,79,3,0.005,2,3,0.667,0.667,0.005,2,3,0.667,0.0,0,0,,2024-25,Regular Season,7+ Dribbles
203914,Gary Harris,1610612753,ORL,30.0,48,3,0.023,2,3,0.667,0.833,0.015,1,2,0.5,0.008,1,1,1.0,2024-25,Regular Season,7+ Dribbles
1641796,Pelle Larsson,1610612748,MIA,24.0,55,3,0.015,2,3,0.667,0.667,0.015,2,3,0.667,0.0,0,0,,2024-25,Regular Season,7+ Dribbles
1630167,Obi Toppin,1610612754,IND,27.0,79,3,0.005,2,3,0.667,0.833,0.003,1,2,0.5,0.002,1,1,1.0,2024-25,Regular Season,7+ Dribbles
1641727,Dariq Whitehead,1610612751,BKN,20.0,20,3,0.031,1,3,0.333,0.333,0.021,1,2,0.5,0.01,0,1,0.0,2024-25,Regular Season,7+ Dribbles
1630534,Ochai Agbaji,1610612761,TOR,25.0,64,3,0.006,1,3,0.333,0.333,0.006,1,3,0.333,0.0,0,0,,2024-25,Regular Season,7+ Dribbles
1641738,Kobe Brown,1610612746,LAC,25.0,40,3,0.042,1,3,0.333,0.333,0.042,1,3,0.333,0.0,0,0,,2024-25,Regular Season,7+ Dribbles
1641721,Maxwell Lewis,1610612751,BKN,22.0,28,3,0.028,1,3,0.333,0.333,0.028,1,3,0.333,0.0,0,0,,2024-25,Regular Season,7+ Dribbles
1631117,Walker Kessler,1610612762,UTA,23.0,58,3,0.007,1,3,0.333,0.333,0.007,1,3,0.333,0.0,0,0,,2024-25,Regular Season,7+ Dribbles
1631323,Simone Fontecchio,1610612765,DET,29.0,75,3,0.008,1,3,0.333,0.333,0.005,1,2,0.5,0.003,0,1,0.0,2024-25,Regular Season,7+ Dribbles
1641803,Tristen Newton,1610612750,MIN,24.0,8,3,0.375,1,3,0.333,0.333,0.375,1,3,0.333,0.0,0,0,,2024-25,Regular Season,7+ Dribbles
1642259,Alex Sarr,1610612764,WAS,20.0,67,3,0.004,1,3,0.333,0.333,0.004,1,3,0.333,0.0,0,0,,2024-25,Regular Season,7+ Dribbles
1631260,AJ Green,1610612749,MIL,25.0,73,3,0.007,0,3,0.0,0.0,0.005,0,2,0.0,0.002,0,1,0.0,2024-25,Regular Season,7+ Dribbles
1631121,Bryce McGowens,1610612757,POR,22.0,13,2,0.214,0,3,0.0,0.0,0.143,0,2,0.0,0.071,0,1,0.0,2024-25,Regular Season,7+ Dribbles
1629006,Josh Okogie,1610612766,CHA,26.0,40,3,0.014,0,3,0.0,0.0,0.014,0,3,0.0,0.0,0,0,,2024-25,Regular Season,7+ Dribbles
1630577,Julian Champagnie,1610612759,SAS,24.0,82,3,0.005,0,3,0.0,0.0,0.003,0,2,0.0,0.002,0,1,0.0,2024-25,Regular Season,7+ Dribbles
1630545,Terrence Shannon Jr.,1610612750,MIN,24.0,32,3,0.026,0,3,0.0,0.0,0.026,0,3,0.0,0.0,0,0,,2024-25,Regular Season,7+ Dribbles
201572,Brook Lopez,1610612749,MIL,37.0,80,3,0.004,0,3,0.0,0.0,0.004,0,3,0.0,0.0,0,0,,2024-25,Regular Season,7+ Dribbles
1629001,De'Anthony Melton,1610612751,BKN,27.0,6,2,0.037,2,2,1.0,1.0,0.037,2,2,1.0,0.0,0,0,,2024-25,Regular Season,7+ Dribbles
201567,Kevin Love,1610612748,MIA,36.0,23,2,0.017,2,2,1.0,1.0,0.017,2,2,1.0,0.0,0,0,,2024-25,Regular Season,7+ Dribbles
1641767,Ben Sheppard,1610612754,IND,23.0,63,2,0.007,2,2,1.0,1.0,0.007,2,2,1.0,0.0,0,0,,2024-25,Regular Season,7+ Dribbles
1630194,Paul Reed,1610612765,DET,26.0,45,2,0.014,2,2,1.0,1.0,0.014,2,2,1.0,0.0,0,0,,2024-25,Regular Season,7+ Dribbles
1630611,Gui Santos,1610612744,GSW,23.0,56,2,0.011,1,2,0.5,0.5,0.011,1,2,0.5,0.0,0,0,,2024-25,Regular Season,7+ Dribbles
1631123,Jamaree Bouyea,1610612749,MIL,26.0,5,1,0.167,1,2,0.5,0.75,0.083,0,1,0.0,0.083,1,1,1.0,2024-25,Regular Season,7+ Dribbles
1641789,Jazian Gortman,1610612742,DAL,22.0,16,1,0.087,1,2,0.5,0.5,0.087,1,2,0.5,0.0,0,0,,2024-25,Regular Season,7+ Dribbles
1631248,Baylor Scheierman,1610612738,BOS,24.0,31,2,0.018,1,2,0.5,0.75,0.009,0,1,0.0,0.009,1,1,1.0,2024-25,Regular Season,7+ Dribbles
1641809,Drew Peterson,1610612738,BOS,25.0,25,2,0.049,1,2,0.5,0.5,0.049,1,2,0.5,0.0,0,0,,2024-25,Regular Season,7+ Dribbles
1626220,Royce O'Neale,1610612756,PHX,32.0,75,2,0.004,1,2,0.5,0.5,0.004,1,2,0.5,0.0,0,0,,2024-25,Regular Season,7+ Dribbles
1630529,Herbert Jones,1610612740,NOP,26.0,20,2,0.012,1,2,0.5,0.5,0.012,1,2,0.5,0.0,0,0,,2024-25,Regular Season,7+ Dribbles
1631218,Trayce Jackson-Davis,1610612744,GSW,25.0,62,2,0.007,1,2,0.5,0.5,0.007,1,2,0.5,0.0,0,0,,2024-25,Regular Season,7+ Dribbles
202684,Tristan Thompson,1610612739,CLE,34.0,40,2,0.028,1,2,0.5,0.5,0.028,1,2,0.5,0.0,0,0,,2024-25,Regular Season,7+ Dribbles
1630231,KJ Martin,1610612762,UTA,24.0,43,2,0.01,1,2,0.5,0.5,0.01,1,2,0.5,0.0,0,0,,2024-25,Regular Season,7+ Dribbles
1642346,Ryan Dunn,1610612756,PHX,22.0,74,2,0.004,1,2,0.5,0.5,0.004,1,2,0.5,0.0,0,0,,2024-25,Regular Season,7+ Dribbles
1630168,Onyeka Okongwu,1610612737,ATL,24.0,74,2,0.003,1,2,0.5,0.5,0.003,1,2,0.5,0.0,0,0,,2024-25,Regular Season,7+ Dribbles
1631133,Jabari Walker,1610612757,POR,22.0,60,2,0.009,1,2,0.5,0.5,0.009,1,2,0.5,0.0,0,0,,2024-25,Regular Season,7+ Dribbles
1641998,Trey Jemison III,1610612747,LAL,25.0,38,2,0.027,0,2,0.0,0.0,0.027,0,2,0.0,0.0,0,0,,2024-25,Regular Season,7+ Dribbles
1626196,Josh Richardson,1610612748,MIA,31.0,8,2,0.053,0,2,0.0,0.0,0.053,0,2,0.0,0.0,0,0,,2024-25,Regular Season,7+ Dribbles
1630623,Tyson Etienne,1610612751,BKN,25.0,7,2,0.038,0,2,0.0,0.0,0.019,0,1,0.0,0.019,0,1,0.0,2024-25,Regular Season,7+ Dribbles
1641798,Jaylen Martin,1610612764,WAS,21.0,16,2,0.027,0,2,0.0,0.0,0.027,0,2,0.0,0.0,0,0,,2024-25,Regular Season,7+ Dribbles
1628392,Isaiah Hartenstein,1610612760,OKC,27.0,57,2,0.004,0,2,0.0,0.0,0.004,0,2,0.0,0.0,0,0,,2024-25,Regular Season,7+ Dribbles
201143,Al Horford,1610612738,BOS,39.0,60,2,0.004,0,2,0.0,0.0,0.004,0,2,0.0,0.0,0,0,,2024-25,Regular Season,7+ Dribbles
1627780,Gary Payton II,1610612744,GSW,32.0,62,2,0.007,0,2,0.0,0.0,0.007,0,2,0.0,0.0,0,0,,2024-25,Regular Season,7+ Dribbles
1630171,Isaac Okoro,1610612739,CLE,24.0,55,2,0.007,0,2,0.0,0.0,0.007,0,2,0.0,0.0,0,0,,2024-25,Regular Season,7+ Dribbles
1631232,Keion Brooks Jr.,1610612740,NOP,24.0,14,2,0.018,0,2,0.0,0.0,0.018,0,2,0.0,0.0,0,0,,2024-25,Regular Season,7+ Dribbles
1629312,Haywood Highsmith,1610612748,MIA,28.0,74,2,0.005,0,2,0.0,0.0,0.005,0,2,0.0,0.0,0,0,,2024-25,Regular Season,7+ Dribbles
1630551,Justin Champagnie,1610612764,WAS,24.0,62,2,0.005,0,2,0.0,0.0,0.005,0,2,0.0,0.0,0,0,,2024-25,Regular Season,7+ Dribbles
1641748,Andre Jackson Jr.,1610612749,MIL,23.0,67,1,0.005,1,1,1.0,1.0,0.005,1,1,1.0,0.0,0,0,,2024-25,Regular Season,7+ Dribbles
1641744,Zach Edey,1610612763,MEM,23.0,65,1,0.002,1,1,1.0,1.0,0.002,1,1,1.0,0.0,0,0,,2024-25,Regular Season,7+ Dribbles
201599,DeAndre Jordan,1610612743,DEN,36.0,56,1,0.007,1,1,1.0,1.0,0.007,1,1,1.0,0.0,0,0,,2024-25,Regular Season,7+ Dribbles
1631115,Orlando Robinson,1610612761,TOR,24.0,44,1,0.004,1,1,1.0,1.0,0.004,1,1,1.0,0.0,0,0,,2024-25,Regular Season,7+ Dribbles
1630191,Isaiah Stewart,1610612765,DET,24.0,72,1,0.003,1,1,1.0,1.0,0.003,1,1,1.0,0.0,0,0,,2024-25,Regular Season,7+ Dribbles
1642280,Trentyn Flowers,1610612746,LAC,20.0,6,1,0.091,1,1,1.0,1.0,0.091,1,1,1.0,0.0,0,0,,2024-25,Regular Season,7+ Dribbles
1642443,Jahmir Young,1610612741,CHI,24.0,6,1,0.2,1,1,1.0,1.0,0.2,1,1,1.0,0.0,0,0,,2024-25,Regular Season,7+ Dribbles
1631216,Caleb Houstan,1610612753,ORL,22.0,58,1,0.005,1,1,1.0,1.5,0.0,0,0,,0.005,1,1,1.0,2024-25,Regular Season,7+ Dribbles
1628371,Jonathan Isaac,1610612753,ORL,27.0,71,1,0.003,1,1,1.0,1.0,0.003,1,1,1.0,0.0,0,0,,2024-25,Regular Season,7+ Dribbles
1629028,Deandre Ayton,1610612757,POR,26.0,40,1,0.002,1,1,1.0,1.0,0.002,1,1,1.0,0.0,0,0,,2024-25,Regular Season,7+ Dribbles
1631210,Jacob Toppin,1610612737,ATL,25.0,17,1,0.045,1,1,1.0,1.0,0.045,1,1,1.0,0.0,0,0,,2024-25,Regular Season,7+ Dribbles
1631303,Justin Minaya,1610612757,POR,26.0,19,1,0.048,1,1,1.0,1.0,0.048,1,1,1.0,0.0,0,0,,2024-25,Regular Season,7+ Dribbles
1628380,Zach Collins,1610612741,CHI,27.0,64,1,0.003,1,1,1.0,1.0,0.003,1,1,1.0,0.0,0,0,,2024-25,Regular Season,7+ Dribbles
1630550,JT Thor,1610612764,WAS,22.0,20,1,0.017,0,1,0.0,0.0,0.017,0,1,0.0,0.0,0,0,,2024-25,Regular Season,7+ Dribbles
1630579,Jericho Sims,1610612749,MIL,26.0,53,1,0.014,0,1,0.0,0.0,0.014,0,1,0.0,0.0,0,0,,2024-25,Regular Season,7+ Dribbles
1626167,Myles Turner,1610612754,IND,29.0,72,1,0.001,0,1,0.0,0.0,0.0,0,0,,0.001,0,1,0.0,2024-25,Regular Season,7+ Dribbles
1630188,Jalen Smith,1610612741,CHI,25.0,64,1,0.002,0,1,0.0,0.0,0.002,0,1,0.0,0.0,0,0,,2024-25,Regular Season,7+ Dribbles
1641775,Jordan Walsh,1610612738,BOS,21.0,52,1,0.012,0,1,0.0,0.0,0.012,0,1,0.0,0.0,0,0,,2024-25,Regular Season,7+ Dribbles
1631166,Drew Timme,1610612751,BKN,24.0,9,1,0.01,0,1,0.0,0.0,0.01,0,1,0.0,0.0,0,0,,2024-25,Regular Season,7+ Dribbles
1641707,Taylor Hendricks,1610612762,UTA,21.0,3,1,0.056,0,1,0.0,0.0,0.056,0,1,0.0,0.0,0,0,,2024-25,Regular Season,7+ Dribbles
1630644,Mac McClung,1610612753,ORL,26.0,2,1,0.5,0,1,0.0,0.0,0.5,0,1,0.0,0.0,0,0,,2024-25,Regular Season,7+ Dribbles
1629622,Max Strus,1610612739,CLE,29.0,50,1,0.003,0,1,0.0,0.0,0.003,0,1,0.0,0.0,0,0,,2024-25,Regular Season,7+ Dribbles
1628963,Marvin Bagley III,1610612763,MEM,26.0,31,1,0.009,0,1,0.0,0.0,0.009,0,1,0.0,0.0,0,0,,2024-25,Regular Season,7+ Dribbles
1630539,Kai Jones,1610612742,DAL,24.0,40,1,0.009,0,1,0.0,0.0,0.0,0,0,,0.009,0,1,0.0,2024-25,Regular Season,7+ Dribbles
1630526,Jeremiah Robinson-Earl,1610612740,NOP,24.0,66,1,0.003,0,1,0.0,0.0,0.003,0,1,0.0,0.0,0,0,,2024-25,Regular Season,7+ Dribbles
1642366,Quinten Post,1610612744,GSW,25.0,42,1,0.004,0,1,0.0,0.0,0.004,0,1,0.0,0.0,0,0,,2024-25,Regular Season,7+ Dribbles
1631169,Josh Minott,1610612750,MIN,22.0,46,1,0.011,0,1,0.0,0.0,0.011,0,1,0.0,0.0,0,0,,2024-25,Regular Season,7+ Dribbles
1628470,Torrey Craig,1610612738,BOS,34.0,26,1,0.011,0,1,0.0,0.0,0.011,0,1,0.0,0.0,0,0,,2024-25,Regular Season,7+ Dribbles
1642384,Isaiah Crawford,1610612758,SAC,23.0,15,1,0.091,0,1,0.0,0.0,0.091,0,1,0.0,0.0,0,0,,2024-25,Regular Season,7+ Dribbles
1642353,Cam Christie,1610612746,LAC,19.0,13,1,0.042,0,1,0.0,0.0,0.0,0,0,,0.042,0,1,0.0,2024-25,Regular Season,7+ Dribbles
1628418,Thomas Bryant,1610612754,IND,27.0,66,1,0.003,0,1,0.0,0.0,0.003,0,1,0.0,0.0,0,0,,2024-25,Regular Season,7+ Dribbles
1630241,Sam Merrill,1610612739,CLE,29.0,71,1,0.002,0,1,0.0,0.0,0.002,0,1,0.0,0.0,0,0,,2024-25,Regular Season,7+ Dribbles
1629655,Daniel Gafford,1610612742,DAL,26.0,57,1,0.002,0,1,0.0,0.0,0.002,0,1,0.0,0.0,0,0,,2024-25,Regular Season,7+ Dribbles
1642274,Yves Missi,1610612740,NOP,21.0,73,1,0.002,0,1,0.0,0.0,0.002,0,1,0.0,0.0,0,0,,2024-25,Regular Season,7+ Dribbles
1627751,Jakob Poeltl,1610612761,TOR,29.0,57,1,0.002,0,1,0.0,0.0,0.002,0,1,0.0,0.0,0,0,,2024-25,Regular Season,7+ Dribbles
1641755,Kevin McCullar Jr.,1610612752,NYK,24.0,4,1,0.143,0,1,0.0,0.0,0.143,0,1,0.0,0.0,0,0,,2024-25,Regular Season,7+ Dribbles
203486,Mason Plumlee,1610612756,PHX,35.0,74,1,0.005,0,1,0.0,0.0,0.005,0,1,0.0,0.0,0,0,,2024-25,Regular Season,7+ Dribbles
1642277,Johnny Furphy,1610612754,IND,20.0,50,1,0.011,0,1,0.0,0.0,0.011,0,1,0.0,0.0,0,0,,2024-25,Regular Season,7+ Dribbles
1630561,David Duke Jr.,1610612759,SAS,25.0,6,1,0.071,0,1,0.0,0.0,0.071,0,1,0.0,0.0,0,0,,2024-25,Regular Season,7+ Dribbles
1631306,Cole Swider,1610612754,IND,26.0,10,1,0.016,0,1,0.0,0.0,0.016,0,1,0.0,0.0,0,0,,2024-25,Regular Season,7+ Dribbles
1641753,Chris Livingston,1610612749,MIL,21.0,21,1,0.037,0,1,0.0,0.0,0.037,0,1,0.0,0.0,0,0,,2024-25,Regular Season,7+ Dribbles
203497,Rudy Gobert,1610612750,MIN,33.0,72,1,0.002,0,1,0.0,0.0,0.002,0,1,0.0,0.0,0,0,,2024-25,Regular Season,7+ Dribbles
1629056,Terence Davis,1610612758,SAC,28.0,1,1,0.5,0,1,0.0,0.0,0.5,0,1,0.0,0.0,0,0,,2024-25,Regular Season,7+ Dribbles
1630201,Malachi Flynn,1610612759,SAS,27.0,4,1,0.077,0,1,0.0,0.0,0.077,0,1,0.0,0.0,0,0,,2024-25,Regular Season,7+ Dribbles
