PLAYER_ID,PLAYER_NAME,PLAYER_LAST_TEAM_ID,PLAYER_LAST_TEAM_ABBREVIATION,AGE,GP,G,FGA_FREQUENCY,FGM,FGA,FG_PCT,EFG_PCT,FG2A_FREQUENCY,FG2M,FG2A,FG2_PCT,FG3A_FREQUENCY,FG3M,FG3A,FG3_PCT,SEASON,SEASON_TYPE,RANGE_LABEL
1628983,Shai Gilgeous-Alexander,1610612760,OKC,26.0,76,76,1.0,860,1656,0.519,0.569,0.737,697,1221,0.571,0.263,163,435,0.375,2024-25,Regular Season,Overall
1630162,Anthony Edwards,1610612750,MIN,23.0,79,79,1.0,721,1612,0.447,0.547,0.497,401,801,0.501,0.503,320,811,0.395,2024-25,Regular Season,Overall
1630595,Cade Cunningham,1610612765,DET,23.0,70,70,1.0,683,1456,0.469,0.52,0.713,534,1038,0.514,0.287,149,418,0.356,2024-25,Regular Season,Overall
1628369,Jayson Tatum,1610612738,BOS,27.0,72,71,1.0,651,1442,0.451,0.538,0.501,402,723,0.556,0.499,249,719,0.346,2024-25,Regular Season,Overall
1630224,Jalen Green,1610612745,HOU,23.0,82,82,1.0,608,1437,0.423,0.505,0.54,374,776,0.482,0.46,234,661,0.354,2024-25,Regular Season,Overall
1626164,Devin Booker,1610612756,PHX,28.0,75,75,1.0,654,1420,0.461,0.525,0.612,471,869,0.542,0.388,183,551,0.332,2024-25,Regular Season,Overall
1629639,Tyler Herro,1610612748,MIA,25.0,77,77,1.0,651,1378,0.472,0.563,0.513,400,707,0.566,0.487,251,671,0.374,2024-25,Regular Season,Overall
1629027,Trae Young,1610612737,ATL,26.0,76,76,1.0,566,1376,0.411,0.491,0.533,348,734,0.474,0.467,218,642,0.34,2024-25,Regular Season,Overall
203999,Nikola Jokić,1610612743,DEN,30.0,70,70,1.0,786,1363,0.577,0.627,0.758,648,1033,0.627,0.242,138,330,0.418,2024-25,Regular Season,Overall
1628378,Donovan Mitchell,1610612739,CLE,28.0,71,71,1.0,585,1320,0.443,0.531,0.52,352,687,0.512,0.48,233,633,0.368,2024-25,Regular Season,Overall
203507,Giannis Antetokounmpo,1610612749,MIL,30.0,67,67,1.0,793,1319,0.601,0.607,0.952,779,1256,0.62,0.048,14,63,0.222,2024-25,Regular Season,Overall
201942,DeMar DeRozan,1610612758,SAC,35.0,77,77,1.0,624,1308,0.477,0.509,0.804,540,1051,0.514,0.196,84,257,0.327,2024-25,Regular Season,Overall
201935,James Harden,1610612746,LAC,35.0,79,79,1.0,531,1295,0.41,0.501,0.484,296,627,0.472,0.516,235,668,0.352,2024-25,Regular Season,Overall
2544,LeBron James,1610612747,LAL,40.0,70,70,1.0,651,1270,0.513,0.571,0.688,502,874,0.574,0.312,149,396,0.376,2024-25,Regular Season,Overall
201939,Stephen Curry,1610612744,GSW,37.0,70,70,1.0,564,1257,0.449,0.572,0.377,253,474,0.534,0.623,311,783,0.397,2024-25,Regular Season,Overall
203897,Zach LaVine,1610612758,SAC,30.0,74,74,1.0,625,1223,0.511,0.609,0.562,386,687,0.562,0.438,239,536,0.446,2024-25,Regular Season,Overall
1626157,Karl-Anthony Towns,1610612752,NYK,29.0,71,71,1.0,635,1203,0.528,0.586,0.724,494,871,0.567,0.276,141,332,0.425,2024-25,Regular Season,Overall
1628991,Jaren Jackson Jr.,1610612763,MEM,25.0,73,72,1.0,586,1198,0.489,0.55,0.679,441,814,0.542,0.321,145,384,0.378,2024-25,Regular Season,Overall
1627783,Pascal Siakam,1610612754,IND,31.0,78,78,1.0,613,1182,0.519,0.572,0.726,487,858,0.568,0.274,126,324,0.389,2024-25,Regular Season,Overall
1628973,Jalen Brunson,1610612752,NYK,28.0,64,64,1.0,575,1177,0.489,0.552,0.668,425,786,0.541,0.332,150,391,0.384,2024-25,Regular Season,Overall
1629636,Darius Garland,1610612739,CLE,25.0,75,75,1.0,554,1174,0.472,0.562,0.549,342,645,0.53,0.451,212,529,0.401,2024-25,Regular Season,Overall
1628969,Mikal Bridges,1610612752,NYK,28.0,81,80,1.0,585,1169,0.5,0.571,0.608,421,711,0.592,0.392,164,458,0.358,2024-25,Regular Season,Overall
1631114,Jalen Williams,1610612760,OKC,24.0,69,69,1.0,565,1168,0.484,0.537,0.709,441,828,0.533,0.291,124,340,0.365,2024-25,Regular Season,Overall
1628368,De'Aaron Fox,1610612759,SAS,27.0,62,62,1.0,539,1163,0.463,0.514,0.672,421,782,0.538,0.328,118,381,0.31,2024-25,Regular Season,Overall
1630532,Franz Wagner,1610612753,ORL,23.0,60,60,1.0,537,1161,0.463,0.507,0.697,433,809,0.535,0.303,104,352,0.295,2024-25,Regular Season,Overall
1630578,Alperen Sengun,1610612745,HOU,22.0,76,76,1.0,567,1143,0.496,0.505,0.921,546,1053,0.519,0.079,21,90,0.233,2024-25,Regular Season,Overall
1629014,Anfernee Simons,1610612757,POR,26.0,70,70,1.0,479,1125,0.426,0.521,0.473,264,532,0.496,0.527,215,593,0.363,2024-25,Regular Season,Overall
201142,Kevin Durant,1610612756,PHX,36.0,62,62,1.0,592,1124,0.527,0.598,0.669,432,752,0.574,0.331,160,372,0.43,2024-25,Regular Season,Overall
1629632,Coby White,1610612741,CHI,25.0,74,74,1.0,508,1121,0.453,0.55,0.479,292,537,0.544,0.521,216,584,0.37,2024-25,Regular Season,Overall
1628389,Bam Adebayo,1610612748,MIA,27.0,78,78,1.0,540,1113,0.485,0.521,0.801,461,892,0.517,0.199,79,221,0.357,2024-25,Regular Season,Overall
1627750,Jamal Murray,1610612743,DEN,28.0,67,67,1.0,523,1106,0.473,0.543,0.646,368,714,0.515,0.354,155,392,0.395,2024-25,Regular Season,Overall
1627759,Jaylen Brown,1610612738,BOS,28.0,63,62,1.0,512,1105,0.463,0.516,0.677,396,748,0.529,0.323,116,357,0.325,2024-25,Regular Season,Overall
1631101,Shaedon Sharpe,1610612757,POR,22.0,72,72,1.0,499,1104,0.452,0.519,0.572,352,632,0.557,0.428,147,472,0.311,2024-25,Regular Season,Overall
1630178,Tyrese Maxey,1610612755,PHI,24.0,52,52,1.0,477,1091,0.437,0.511,0.562,316,613,0.515,0.438,161,478,0.337,2024-25,Regular Season,Overall
1628970,Miles Bridges,1610612766,CHA,27.0,64,64,1.0,469,1089,0.431,0.495,0.587,328,639,0.513,0.413,141,450,0.313,2024-25,Regular Season,Overall
1627736,Malik Beasley,1610612765,DET,28.0,82,82,1.0,460,1069,0.43,0.579,0.285,142,305,0.466,0.715,318,764,0.416,2024-25,Regular Season,Overall
1630567,Scottie Barnes,1610612761,TOR,23.0,65,65,1.0,473,1062,0.445,0.481,0.736,397,782,0.508,0.264,76,280,0.271,2024-25,Regular Season,Overall
1629673,Jordan Poole,1610612764,WAS,26.0,68,68,1.0,457,1056,0.433,0.544,0.411,222,434,0.512,0.589,235,622,0.378,2024-25,Regular Season,Overall
202696,Nikola Vucevic,1610612741,CHI,34.0,73,73,1.0,550,1038,0.53,0.592,0.691,421,717,0.587,0.309,129,321,0.402,2024-25,Regular Season,Overall
1630559,Austin Reaves,1610612747,LAL,27.0,73,73,1.0,477,1037,0.46,0.556,0.488,277,506,0.547,0.512,200,531,0.377,2024-25,Regular Season,Overall
1629008,Michael Porter Jr.,1610612743,DEN,27.0,77,76,1.0,523,1035,0.505,0.598,0.534,332,553,0.6,0.466,191,482,0.396,2024-25,Regular Season,Overall
1629029,Luka Doncic,1610612747,LAL,26.0,50,50,1.0,461,1025,0.45,0.536,0.531,284,544,0.522,0.469,177,481,0.368,2024-25,Regular Season,Overall
1628384,OG Anunoby,1610612752,NYK,27.0,73,73,1.0,482,1010,0.477,0.56,0.554,315,560,0.563,0.446,167,450,0.371,2024-25,Regular Season,Overall
1630169,Tyrese Haliburton,1610612754,IND,25.0,73,73,1.0,476,1006,0.473,0.582,0.441,258,444,0.581,0.559,218,562,0.388,2024-25,Regular Season,Overall
1630163,LaMelo Ball,1610612766,CHA,23.0,47,47,1.0,406,1003,0.405,0.494,0.474,227,475,0.478,0.526,179,528,0.339,2024-25,Regular Season,Overall
1630217,Desmond Bane,1610612753,ORL,27.0,68,68,1.0,484,1001,0.484,0.565,0.586,320,587,0.545,0.414,164,414,0.396,2024-25,Regular Season,Overall
203468,CJ McCollum,1610612740,NOP,33.0,56,56,1.0,444,1000,0.444,0.53,0.541,273,541,0.505,0.459,171,459,0.373,2024-25,Regular Season,Overall
203081,Damian Lillard,1610612749,MIL,34.0,58,58,1.0,444,992,0.448,0.547,0.472,247,468,0.528,0.528,197,524,0.376,2024-25,Regular Season,Overall
1642264,Stephon Castle,1610612759,SAS,20.0,81,81,1.0,423,988,0.428,0.476,0.663,328,655,0.501,0.337,95,333,0.285,2024-25,Regular Season,Overall
1629628,RJ Barrett,1610612761,TOR,25.0,58,58,1.0,459,980,0.468,0.523,0.688,352,674,0.522,0.312,107,306,0.35,2024-25,Regular Season,Overall
1628401,Derrick White,1610612738,BOS,30.0,76,76,1.0,424,959,0.442,0.58,0.279,159,268,0.593,0.721,265,691,0.384,2024-25,Regular Season,Overall
1626181,Norman Powell,1610612746,LAC,32.0,60,60,1.0,457,945,0.484,0.578,0.547,278,517,0.538,0.453,179,428,0.418,2024-25,Regular Season,Overall
202681,Kyrie Irving,1610612742,DAL,33.0,50,50,1.0,447,945,0.473,0.549,0.62,303,586,0.517,0.38,144,359,0.401,2024-25,Regular Season,Overall
1627826,Ivica Zubac,1610612746,LAC,28.0,80,80,1.0,592,940,0.63,0.63,1.0,592,940,0.63,0.0,0,0,,2024-25,Regular Season,Overall
203944,Julius Randle,1610612750,MIN,30.0,69,69,1.0,455,939,0.485,0.542,0.666,347,625,0.555,0.334,108,314,0.344,2024-25,Regular Season,Overall
1628370,Malik Monk,1610612758,SAC,27.0,65,65,1.0,412,939,0.439,0.513,0.544,273,511,0.534,0.456,139,428,0.325,2024-25,Regular Season,Overall
1630700,Dyson Daniels,1610612737,ATL,22.0,76,76,1.0,455,923,0.493,0.536,0.745,375,688,0.545,0.255,80,235,0.34,2024-25,Regular Season,Overall
1629675,Naz Reid,1610612750,MIN,25.0,80,80,1.0,426,923,0.462,0.556,0.499,251,461,0.544,0.501,175,462,0.379,2024-25,Regular Season,Overall
1641718,Keyonte George,1610612762,UTA,21.0,67,67,1.0,359,919,0.391,0.485,0.448,185,412,0.449,0.552,174,507,0.343,2024-25,Regular Season,Overall
1631094,Paolo Banchero,1610612753,ORL,22.0,46,46,1.0,412,911,0.452,0.5,0.701,325,639,0.509,0.299,87,272,0.32,2024-25,Regular Season,Overall
203076,Anthony Davis,1610612742,DAL,32.0,51,51,1.0,470,910,0.516,0.536,0.864,435,786,0.553,0.136,35,124,0.282,2024-25,Regular Season,Overall
1630596,Evan Mobley,1610612739,CLE,24.0,71,71,1.0,505,906,0.557,0.604,0.746,420,676,0.621,0.254,85,230,0.37,2024-25,Regular Season,Overall
1628415,Dillon Brooks,1610612745,HOU,29.0,75,75,1.0,384,895,0.429,0.533,0.476,198,426,0.465,0.524,186,469,0.397,2024-25,Regular Season,Overall
1627734,Domantas Sabonis,1610612758,SAC,29.0,70,69,1.0,527,893,0.59,0.627,0.825,462,737,0.627,0.175,65,156,0.417,2024-25,Regular Season,Overall
1630170,Devin Vassell,1610612759,SAS,24.0,64,64,1.0,394,889,0.443,0.532,0.517,236,460,0.513,0.483,158,429,0.368,2024-25,Regular Season,Overall
202691,Klay Thompson,1610612742,DAL,35.0,72,72,1.0,361,877,0.412,0.535,0.369,145,324,0.448,0.631,216,553,0.391,2024-25,Regular Season,Overall
1629012,Collin Sexton,1610612762,UTA,26.0,63,63,1.0,416,867,0.48,0.543,0.687,306,596,0.513,0.313,110,271,0.406,2024-25,Regular Season,Overall
1629630,Ja Morant,1610612763,MEM,25.0,49,49,1.0,395,867,0.456,0.506,0.678,307,588,0.522,0.322,88,279,0.315,2024-25,Regular Season,Overall
1630202,Payton Pritchard,1610612738,BOS,27.0,80,79,1.0,408,860,0.474,0.622,0.278,154,239,0.644,0.722,254,621,0.409,2024-25,Regular Season,Overall
1641705,Victor Wembanyama,1610612759,SAS,21.0,46,46,1.0,408,857,0.476,0.559,0.53,266,454,0.586,0.47,142,403,0.352,2024-25,Regular Season,Overall
1631097,Bennedict Mathurin,1610612754,IND,23.0,72,72,1.0,391,853,0.458,0.516,0.662,293,565,0.519,0.338,98,288,0.34,2024-25,Regular Season,Overall
1628398,Kyle Kuzma,1610612749,MIL,29.0,65,65,1.0,370,848,0.436,0.493,0.631,274,535,0.512,0.369,96,313,0.307,2024-25,Regular Season,Overall
1630166,Deni Avdija,1610612757,POR,24.0,72,72,1.0,402,844,0.476,0.55,0.595,277,502,0.552,0.405,125,342,0.365,2024-25,Regular Season,Overall
1630530,Trey Murphy III,1610612740,NOP,25.0,53,52,1.0,381,839,0.454,0.548,0.478,223,401,0.556,0.522,158,438,0.361,2024-25,Regular Season,Overall
203952,Andrew Wiggins,1610612748,MIA,30.0,60,60,1.0,376,839,0.448,0.526,0.585,246,491,0.501,0.415,130,348,0.374,2024-25,Regular Season,Overall
1630183,Jaden McDaniels,1610612750,MIN,24.0,82,82,1.0,398,834,0.477,0.537,0.637,298,531,0.561,0.363,100,303,0.33,2024-25,Regular Season,Overall
1642259,Alex Sarr,1610612764,WAS,20.0,67,67,1.0,326,828,0.394,0.457,0.588,221,487,0.454,0.412,105,341,0.308,2024-25,Regular Season,Overall
203471,Dennis Schröder,1610612765,DET,31.0,75,75,1.0,336,826,0.407,0.484,0.551,209,455,0.459,0.449,127,371,0.342,2024-25,Regular Season,Overall
1629656,Quentin Grimes,1610612755,PHI,25.0,75,74,1.0,384,823,0.467,0.565,0.488,222,402,0.552,0.512,162,421,0.385,2024-25,Regular Season,Overall
1631099,Keegan Murray,1610612758,SAC,24.0,76,76,1.0,364,820,0.444,0.538,0.452,210,371,0.566,0.548,154,449,0.343,2024-25,Regular Season,Overall
201566,Russell Westbrook,1610612743,DEN,36.0,75,75,1.0,365,814,0.448,0.504,0.654,275,532,0.517,0.346,90,282,0.319,2024-25,Regular Season,Overall
1631128,Christian Braun,1610612743,DEN,24.0,79,78,1.0,471,811,0.581,0.634,0.729,384,591,0.65,0.271,87,220,0.395,2024-25,Regular Season,Overall
1626167,Myles Turner,1610612754,IND,29.0,72,72,1.0,390,811,0.481,0.577,0.514,234,417,0.561,0.486,156,394,0.396,2024-25,Regular Season,Overall
202699,Tobias Harris,1610612765,DET,32.0,73,73,1.0,384,805,0.477,0.534,0.672,293,541,0.542,0.328,91,264,0.345,2024-25,Regular Season,Overall
1630581,Josh Giddey,1610612741,CHI,22.0,70,70,1.0,366,791,0.463,0.528,0.652,262,516,0.508,0.348,104,275,0.378,2024-25,Regular Season,Overall
1627741,Buddy Hield,1610612744,GSW,32.0,82,82,1.0,328,786,0.417,0.546,0.302,125,237,0.527,0.698,203,549,0.37,2024-25,Regular Season,Overall
1642258,Zaccharie Risacher,1610612737,ATL,20.0,75,75,1.0,357,780,0.458,0.536,0.559,235,436,0.539,0.441,122,344,0.355,2024-25,Regular Season,Overall
1630553,Keon Johnson,1610612751,BKN,23.0,79,79,1.0,303,779,0.389,0.47,0.485,177,378,0.468,0.515,126,401,0.314,2024-25,Regular Season,Overall
201572,Brook Lopez,1610612749,MIL,37.0,80,80,1.0,394,774,0.509,0.599,0.518,255,401,0.636,0.482,139,373,0.373,2024-25,Regular Season,Overall
1629640,Keldon Johnson,1610612759,SAS,25.0,77,77,1.0,371,770,0.482,0.538,0.644,284,496,0.573,0.356,87,274,0.318,2024-25,Regular Season,Overall
1628404,Josh Hart,1610612752,NYK,30.0,76,77,1.0,402,765,0.525,0.58,0.672,319,514,0.621,0.328,83,251,0.331,2024-25,Regular Season,Overall
1629631,De'Andre Hunter,1610612739,CLE,27.0,64,64,1.0,357,759,0.47,0.573,0.49,201,372,0.54,0.51,156,387,0.403,2024-25,Regular Season,Overall
1627832,Fred VanVleet,1610612745,HOU,31.0,60,60,1.0,287,759,0.378,0.483,0.393,128,298,0.43,0.607,159,461,0.345,2024-25,Regular Season,Overall
1642267,Bub Carrington,1610612764,WAS,19.0,82,82,1.0,300,748,0.401,0.493,0.456,162,341,0.475,0.544,138,407,0.339,2024-25,Regular Season,Overall
1629661,Cameron Johnson,1610612751,BKN,29.0,57,57,1.0,355,747,0.475,0.582,0.454,196,339,0.578,0.546,159,408,0.39,2024-25,Regular Season,Overall
1626162,Kelly Oubre Jr.,1610612755,PHI,29.0,60,60,1.0,348,741,0.47,0.518,0.673,277,499,0.555,0.327,71,242,0.293,2024-25,Regular Season,Overall
1630598,Aaron Wiggins,1610612760,OKC,26.0,76,75,1.0,355,728,0.488,0.577,0.534,225,389,0.578,0.466,130,339,0.383,2024-25,Regular Season,Overall
1641739,Toumani Camara,1610612757,POR,25.0,78,78,1.0,328,716,0.458,0.552,0.497,193,356,0.542,0.503,135,360,0.375,2024-25,Regular Season,Overall
1630230,Naji Marshall,1610612742,DAL,27.0,69,69,1.0,362,712,0.508,0.551,0.694,302,494,0.611,0.306,60,218,0.275,2024-25,Regular Season,Overall
1628374,Lauri Markkanen,1610612762,UTA,28.0,47,47,1.0,296,700,0.423,0.521,0.43,158,301,0.525,0.57,138,399,0.346,2024-25,Regular Season,Overall
1641708,Amen Thompson,1610612745,HOU,22.0,69,69,1.0,388,697,0.557,0.575,0.869,363,606,0.599,0.131,25,91,0.275,2024-25,Regular Season,Overall
203078,Bradley Beal,1610612756,PHX,32.0,53,53,1.0,345,694,0.497,0.571,0.62,243,430,0.565,0.38,102,264,0.386,2024-25,Regular Season,Overall
1630703,Scoot Henderson,1610612757,POR,21.0,66,66,1.0,287,685,0.419,0.496,0.566,182,388,0.469,0.434,105,297,0.354,2024-25,Regular Season,Overall
1630168,Onyeka Okongwu,1610612737,ATL,24.0,74,74,1.0,388,684,0.567,0.602,0.784,340,536,0.634,0.216,48,148,0.324,2024-25,Regular Season,Overall
203084,Harrison Barnes,1610612759,SAS,33.0,82,82,1.0,347,683,0.508,0.622,0.473,191,323,0.591,0.527,156,360,0.433,2024-25,Regular Season,Overall
1626145,Tyus Jones,1610612756,PHX,29.0,81,81,1.0,306,683,0.448,0.57,0.413,140,282,0.496,0.587,166,401,0.414,2024-25,Regular Season,Overall
203915,Spencer Dinwiddie,1610612742,DAL,32.0,79,77,1.0,284,682,0.416,0.496,0.522,175,356,0.492,0.478,109,326,0.334,2024-25,Regular Season,Overall
203501,Tim Hardaway Jr.,1610612765,DET,33.0,77,77,1.0,276,680,0.406,0.529,0.328,108,223,0.484,0.672,168,457,0.368,2024-25,Regular Season,Overall
1642377,Jaylen Wells,1610612763,MEM,21.0,78,78,1.0,286,672,0.426,0.528,0.423,149,284,0.525,0.577,137,388,0.353,2024-25,Regular Season,Overall
1629023,P.J. Washington,1610612742,DAL,26.0,57,57,1.0,301,665,0.453,0.521,0.641,210,426,0.493,0.359,91,239,0.381,2024-25,Regular Season,Overall
1630577,Julian Champagnie,1610612759,SAS,24.0,82,82,1.0,276,665,0.415,0.549,0.278,98,185,0.53,0.722,178,480,0.371,2024-25,Regular Season,Overall
1629130,Duncan Robinson,1610612748,MIA,31.0,74,74,1.0,290,663,0.437,0.581,0.271,100,180,0.556,0.729,190,483,0.393,2024-25,Regular Season,Overall
1629018,Gary Trent Jr.,1610612749,MIL,26.0,74,74,1.0,283,657,0.431,0.568,0.341,103,224,0.46,0.659,180,433,0.416,2024-25,Regular Season,Overall
1629645,Kevin Porter Jr.,1610612749,MIL,25.0,75,75,1.0,293,652,0.449,0.492,0.729,238,475,0.501,0.271,55,177,0.311,2024-25,Regular Season,Overall
1641711,Gradey Dick,1610612761,TOR,21.0,54,54,1.0,265,647,0.41,0.498,0.496,151,321,0.47,0.504,114,326,0.35,2024-25,Regular Season,Overall
1628386,Jarrett Allen,1610612739,CLE,27.0,82,82,1.0,452,640,0.706,0.706,0.992,452,635,0.712,0.008,0,5,0.0,2024-25,Regular Season,Overall
1626156,D'Angelo Russell,1610612751,BKN,29.0,58,58,1.0,249,638,0.39,0.479,0.436,136,278,0.489,0.564,113,360,0.314,2024-25,Regular Season,Overall
1630583,Santi Aldama,1610612763,MEM,24.0,64,64,1.0,308,636,0.484,0.577,0.498,190,317,0.599,0.502,118,319,0.37,2024-25,Regular Season,Overall
1626179,Terry Rozier,1610612748,MIA,31.0,64,64,1.0,248,635,0.391,0.462,0.515,157,327,0.48,0.485,91,308,0.295,2024-25,Regular Season,Overall
1641764,Brandin Podziemski,1610612744,GSW,22.0,64,63,1.0,280,629,0.445,0.537,0.509,165,320,0.516,0.491,115,309,0.372,2024-25,Regular Season,Overall
202685,Jonas Valančiūnas,1610612758,SAC,33.0,81,81,1.0,345,627,0.55,0.557,0.941,337,590,0.571,0.059,8,37,0.216,2024-25,Regular Season,Overall
204456,T.J. McConnell,1610612754,IND,33.0,79,78,1.0,324,624,0.519,0.531,0.921,309,575,0.537,0.079,15,49,0.306,2024-25,Regular Season,Overall
1641731,Bilal Coulibaly,1610612764,WAS,20.0,59,59,1.0,263,624,0.421,0.472,0.641,200,400,0.5,0.359,63,224,0.281,2024-25,Regular Season,Overall
202695,Kawhi Leonard,1610612746,LAC,34.0,37,37,1.0,310,623,0.498,0.56,0.695,232,433,0.536,0.305,78,190,0.411,2024-25,Regular Season,Overall
1641710,Anthony Black,1610612753,ORL,21.0,78,77,1.0,262,621,0.422,0.472,0.686,200,426,0.469,0.314,62,195,0.318,2024-25,Regular Season,Overall
1627777,Georges Niang,1610612737,ATL,32.0,79,79,1.0,286,620,0.461,0.595,0.34,120,211,0.569,0.66,166,409,0.406,2024-25,Regular Season,Overall
1630592,Jalen Wilson,1610612751,BKN,24.0,79,79,1.0,246,620,0.397,0.495,0.416,124,258,0.481,0.584,122,362,0.337,2024-25,Regular Season,Overall
1629660,Ty Jerome,1610612739,CLE,27.0,70,70,1.0,319,618,0.516,0.606,0.591,208,365,0.57,0.409,111,253,0.439,2024-25,Regular Season,Overall
1629638,Nickeil Alexander-Walker,1610612750,MIN,26.0,82,82,1.0,270,616,0.438,0.553,0.399,129,246,0.524,0.601,141,370,0.381,2024-25,Regular Season,Overall
1628989,Kevin Huerter,1610612741,CHI,26.0,69,69,1.0,257,604,0.425,0.535,0.353,125,213,0.587,0.647,132,391,0.338,2024-25,Regular Season,Overall
1630167,Obi Toppin,1610612754,IND,27.0,79,78,1.0,317,599,0.529,0.621,0.497,207,298,0.695,0.503,110,301,0.365,2024-25,Regular Season,Overall
1627747,Caris LeVert,1610612737,ATL,30.0,64,64,1.0,280,599,0.467,0.556,0.526,174,315,0.552,0.474,106,284,0.373,2024-25,Regular Season,Overall
1641729,Brice Sensabaugh,1610612762,UTA,21.0,71,70,1.0,275,599,0.459,0.59,0.379,118,227,0.52,0.621,157,372,0.422,2024-25,Regular Season,Overall
202710,Jimmy Butler III,1610612744,GSW,35.0,55,54,1.0,301,597,0.504,0.531,0.826,269,493,0.546,0.174,32,104,0.308,2024-25,Regular Season,Overall
1626171,Bobby Portis,1610612749,MIL,30.0,49,49,1.0,277,595,0.466,0.52,0.701,212,417,0.508,0.299,65,178,0.365,2024-25,Regular Season,Overall
1628978,Donte DiVincenzo,1610612750,MIN,28.0,62,62,1.0,250,594,0.421,0.567,0.263,76,156,0.487,0.737,174,438,0.397,2024-25,Regular Season,Overall
1629652,Luguentz Dort,1610612760,OKC,26.0,71,71,1.0,258,593,0.435,0.578,0.304,88,180,0.489,0.696,170,413,0.412,2024-25,Regular Season,Overall
1630590,Scotty Pippen Jr.,1610612763,MEM,24.0,78,76,1.0,284,591,0.481,0.554,0.631,197,373,0.528,0.369,87,218,0.399,2024-25,Regular Season,Overall
1627884,Derrick Jones Jr.,1610612746,LAC,28.0,77,77,1.0,310,589,0.526,0.593,0.628,232,370,0.627,0.372,78,219,0.356,2024-25,Regular Season,Overall
1631108,Max Christie,1610612742,DAL,22.0,78,78,1.0,252,589,0.428,0.525,0.467,137,275,0.498,0.533,115,314,0.366,2024-25,Regular Season,Overall
1630198,Isaiah Joe,1610612760,OKC,25.0,74,74,1.0,259,588,0.44,0.604,0.207,67,122,0.549,0.793,192,466,0.412,2024-25,Regular Season,Overall
101108,Chris Paul,1610612759,SAS,40.0,82,82,1.0,249,583,0.427,0.547,0.364,109,212,0.514,0.636,140,371,0.377,2024-25,Regular Season,Overall
1627751,Jakob Poeltl,1610612761,TOR,29.0,57,57,1.0,363,579,0.627,0.628,0.995,362,576,0.628,0.005,1,3,0.333,2024-25,Regular Season,Overall
1629060,Rui Hachimura,1610612747,LAL,27.0,59,59,1.0,293,574,0.51,0.599,0.57,191,327,0.584,0.43,102,247,0.413,2024-25,Regular Season,Overall
203924,Jerami Grant,1610612757,POR,31.0,47,47,1.0,214,574,0.373,0.467,0.484,106,278,0.381,0.516,108,296,0.365,2024-25,Regular Season,Overall
202331,Paul George,1610612755,PHI,35.0,41,41,1.0,245,570,0.43,0.514,0.53,149,302,0.493,0.47,96,268,0.358,2024-25,Regular Season,Overall
1626220,Royce O'Neale,1610612756,PHX,32.0,75,75,1.0,241,570,0.423,0.58,0.226,62,129,0.481,0.774,179,441,0.406,2024-25,Regular Season,Overall
1629651,Nic Claxton,1610612751,BKN,26.0,70,70,1.0,320,568,0.563,0.568,0.963,315,547,0.576,0.037,5,21,0.238,2024-25,Regular Season,Overall
1630541,Moses Moody,1610612744,GSW,23.0,74,74,1.0,246,568,0.433,0.544,0.407,120,231,0.519,0.593,126,337,0.374,2024-25,Regular Season,Overall
1641733,Nick Smith Jr.,1610612766,CHA,21.0,60,59,1.0,222,568,0.391,0.482,0.461,118,262,0.45,0.539,104,306,0.34,2024-25,Regular Season,Overall
1630228,Jonathan Kuminga,1610612744,GSW,22.0,47,47,1.0,257,567,0.453,0.494,0.734,211,416,0.507,0.266,46,151,0.305,2024-25,Regular Season,Overall
1631095,Jabari Smith Jr.,1610612745,HOU,22.0,57,57,1.0,248,566,0.438,0.525,0.511,150,289,0.519,0.489,98,277,0.354,2024-25,Regular Season,Overall
1630557,Corey Kispert,1610612764,WAS,26.0,61,61,1.0,255,565,0.451,0.558,0.416,135,235,0.574,0.584,120,330,0.364,2024-25,Regular Season,Overall
1627824,Guerschon Yabusele,1610612755,PHI,29.0,70,70,1.0,282,563,0.501,0.593,0.513,178,289,0.616,0.487,104,274,0.38,2024-25,Regular Season,Overall
201950,Jrue Holiday,1610612738,BOS,35.0,62,62,1.0,250,563,0.444,0.538,0.467,144,263,0.548,0.533,106,300,0.353,2024-25,Regular Season,Overall
1631106,Tari Eason,1610612745,HOU,24.0,57,57,1.0,272,559,0.487,0.543,0.671,209,375,0.557,0.329,63,184,0.342,2024-25,Regular Season,Overall
1642261,Dalton Knecht,1610612747,LAL,24.0,78,76,1.0,257,557,0.461,0.576,0.39,129,217,0.594,0.61,128,340,0.376,2024-25,Regular Season,Overall
204001,Kristaps Porziņģis,1610612738,BOS,29.0,42,41,1.0,268,556,0.482,0.574,0.556,166,309,0.537,0.444,102,247,0.413,2024-25,Regular Season,Overall
1641722,Jordan Hawkins,1610612740,NOP,23.0,56,56,1.0,207,556,0.372,0.471,0.403,97,224,0.433,0.597,110,332,0.331,2024-25,Regular Season,Overall
1641824,Matas Buzelis,1610612741,CHI,20.0,80,78,1.0,252,555,0.454,0.541,0.521,156,289,0.54,0.479,96,266,0.361,2024-25,Regular Season,Overall
1642268,Isaiah Collier,1610612762,UTA,20.0,71,70,1.0,234,555,0.422,0.459,0.695,192,386,0.497,0.305,42,169,0.249,2024-25,Regular Season,Overall
1631105,Jalen Duren,1610612765,DET,21.0,78,77,1.0,378,546,0.692,0.692,1.0,378,546,0.692,0.0,0,0,,2024-25,Regular Season,Overall
1642273,Kyshawn George,1610612764,WAS,21.0,68,67,1.0,203,546,0.372,0.476,0.352,89,192,0.464,0.648,114,354,0.322,2024-25,Regular Season,Overall
203484,Kentavious Caldwell-Pope,1610612763,MEM,32.0,77,76,1.0,239,544,0.439,0.543,0.393,126,214,0.589,0.607,113,330,0.342,2024-25,Regular Season,Overall
1630175,Cole Anthony,1610612763,MEM,25.0,67,66,1.0,230,543,0.424,0.494,0.599,153,325,0.471,0.401,77,218,0.353,2024-25,Regular Season,Overall
1629614,Andrew Nembhard,1610612754,IND,25.0,65,65,1.0,247,539,0.458,0.506,0.675,196,364,0.538,0.325,51,175,0.291,2024-25,Regular Season,Overall
1630552,Jalen Johnson,1610612737,ATL,23.0,36,36,1.0,269,537,0.501,0.542,0.741,225,398,0.565,0.259,44,139,0.317,2024-25,Regular Season,Overall
1630540,Miles McBride,1610612752,NYK,24.0,63,63,1.0,214,535,0.4,0.504,0.428,103,229,0.45,0.572,111,306,0.363,2024-25,Regular Season,Overall
1630534,Ochai Agbaji,1610612761,TOR,25.0,64,64,1.0,266,534,0.498,0.593,0.526,165,281,0.587,0.474,101,253,0.399,2024-25,Regular Season,Overall
1628381,John Collins,1610612762,UTA,27.0,40,40,1.0,280,531,0.527,0.583,0.721,221,383,0.577,0.279,59,148,0.399,2024-25,Regular Season,Overall
1630631,Jose Alvarado,1610612740,NOP,27.0,56,56,1.0,204,521,0.392,0.498,0.407,93,212,0.439,0.593,111,309,0.359,2024-25,Regular Season,Overall
1630533,Ziaire Williams,1610612751,BKN,23.0,63,63,1.0,214,520,0.412,0.511,0.419,111,218,0.509,0.581,103,302,0.341,2024-25,Regular Season,Overall
1642271,Kyle Filipowski,1610612762,UTA,21.0,72,71,1.0,260,518,0.502,0.576,0.575,183,298,0.614,0.425,77,220,0.35,2024-25,Regular Season,Overall
1630172,Patrick Williams,1610612741,CHI,23.0,63,63,1.0,205,516,0.397,0.49,0.473,109,244,0.447,0.527,96,272,0.353,2024-25,Regular Season,Overall
1627752,Taurean Prince,1610612749,MIL,31.0,80,80,1.0,235,514,0.457,0.6,0.348,88,179,0.492,0.652,147,335,0.439,2024-25,Regular Season,Overall
203497,Rudy Gobert,1610612750,MIN,33.0,72,72,1.0,341,510,0.669,0.669,1.0,341,510,0.669,0.0,0,0,,2024-25,Regular Season,Overall
1629599,Amir Coffey,1610612746,LAC,28.0,72,69,1.0,240,510,0.471,0.57,0.516,139,263,0.529,0.484,101,247,0.409,2024-25,Regular Season,Overall
203110,Draymond Green,1610612744,GSW,35.0,68,68,1.0,216,509,0.424,0.503,0.517,136,263,0.517,0.483,80,246,0.325,2024-25,Regular Season,Overall
1629627,Zion Williamson,1610612740,NOP,24.0,30,30,1.0,288,508,0.567,0.57,0.974,285,495,0.576,0.026,3,13,0.231,2024-25,Regular Season,Overall
1630625,Dalano Banton,1610612757,POR,25.0,67,61,1.0,198,507,0.391,0.462,0.562,126,285,0.442,0.438,72,222,0.324,2024-25,Regular Season,Overall
1642347,Jamal Shead,1610612761,TOR,22.0,75,74,1.0,203,503,0.404,0.475,0.557,131,280,0.468,0.443,72,223,0.323,2024-25,Regular Season,Overall
203932,Aaron Gordon,1610612743,DEN,29.0,51,51,1.0,264,497,0.531,0.607,0.654,189,325,0.582,0.346,75,172,0.436,2024-25,Regular Season,Overall
1627749,Dejounte Murray,1610612740,NOP,28.0,31,31,1.0,194,493,0.394,0.446,0.647,142,319,0.445,0.353,52,174,0.299,2024-25,Regular Season,Overall
203992,Bogdan Bogdanović,1610612746,LAC,32.0,54,54,1.0,210,492,0.427,0.534,0.413,105,203,0.517,0.587,105,289,0.363,2024-25,Regular Season,Overall
203903,Jordan Clarkson,1610612762,UTA,33.0,37,37,1.0,201,492,0.409,0.494,0.53,117,261,0.448,0.47,84,231,0.364,2024-25,Regular Season,Overall
1642274,Yves Missi,1610612740,NOP,21.0,73,71,1.0,269,491,0.548,0.548,0.998,269,490,0.549,0.002,0,1,0.0,2024-25,Regular Season,Overall
1628976,Wendell Carter Jr.,1610612753,ORL,26.0,68,68,1.0,226,491,0.46,0.498,0.678,189,333,0.568,0.322,37,158,0.234,2024-25,Regular Season,Overall
1641706,Brandon Miller,1610612766,CHA,22.0,27,27,1.0,198,491,0.403,0.509,0.403,94,198,0.475,0.597,104,293,0.355,2024-25,Regular Season,Overall
1641717,Cason Wallace,1610612760,OKC,21.0,68,68,1.0,232,489,0.474,0.55,0.575,158,281,0.562,0.425,74,208,0.356,2024-25,Regular Season,Overall
1628960,Grayson Allen,1610612756,PHX,29.0,64,64,1.0,219,489,0.448,0.6,0.284,70,139,0.504,0.716,149,350,0.426,2024-25,Regular Season,Overall
1641783,Tristan da Silva,1610612753,ORL,24.0,74,71,1.0,199,483,0.412,0.495,0.505,119,244,0.488,0.495,80,239,0.335,2024-25,Regular Season,Overall
1630591,Jalen Suggs,1610612753,ORL,24.0,35,35,1.0,197,481,0.41,0.489,0.497,121,239,0.506,0.503,76,242,0.314,2024-25,Regular Season,Overall
1628392,Isaiah Hartenstein,1610612760,OKC,27.0,57,57,1.0,278,479,0.58,0.58,0.96,278,460,0.604,0.04,0,19,0.0,2024-25,Regular Season,Overall
1630558,Davion Mitchell,1610612748,MIA,26.0,74,73,1.0,223,476,0.468,0.557,0.557,139,265,0.525,0.443,84,211,0.398,2024-25,Regular Season,Overall
1642346,Ryan Dunn,1610612756,PHX,22.0,74,70,1.0,204,476,0.429,0.514,0.447,123,213,0.577,0.553,81,263,0.308,2024-25,Regular Season,Overall
1630548,Johnny Juzang,1610612762,UTA,24.0,64,64,1.0,204,475,0.429,0.554,0.339,86,161,0.534,0.661,118,314,0.376,2024-25,Regular Season,Overall
1631124,Julian Strawther,1610612743,DEN,23.0,65,64,1.0,202,472,0.428,0.524,0.441,111,208,0.534,0.559,91,264,0.345,2024-25,Regular Season,Overall
1631110,Jeremy Sochan,1610612759,SAS,22.0,54,54,1.0,251,469,0.535,0.565,0.804,223,377,0.592,0.196,28,92,0.304,2024-25,Regular Season,Overall
1630573,Sam Hauser,1610612738,BOS,27.0,71,69,1.0,211,469,0.45,0.624,0.16,48,75,0.64,0.84,163,394,0.414,2024-25,Regular Season,Overall
1629028,Deandre Ayton,1610612757,POR,26.0,40,40,1.0,265,468,0.566,0.573,0.932,259,436,0.594,0.068,6,32,0.188,2024-25,Regular Season,Overall
201144,Mike Conley,1610612750,MIN,37.0,71,71,1.0,187,468,0.4,0.535,0.338,60,158,0.38,0.662,127,310,0.41,2024-25,Regular Season,Overall
1631213,Tyrese Martin,1610612751,BKN,26.0,60,58,1.0,189,465,0.406,0.513,0.394,90,183,0.492,0.606,99,282,0.351,2024-25,Regular Season,Overall
1642276,Kel'el Ware,1610612748,MIA,21.0,64,63,1.0,257,464,0.554,0.592,0.761,222,353,0.629,0.239,35,111,0.315,2024-25,Regular Season,Overall
1631165,Keon Ellis,1610612758,SAC,25.0,80,79,1.0,227,464,0.489,0.639,0.308,88,143,0.615,0.692,139,321,0.433,2024-25,Regular Season,Overall
1641741,Ricky Council IV,1610612755,PHI,23.0,73,69,1.0,177,463,0.382,0.442,0.54,122,250,0.488,0.46,55,213,0.258,2024-25,Regular Season,Overall
1631170,Jaime Jaquez Jr.,1610612748,MIA,24.0,66,62,1.0,213,462,0.461,0.501,0.742,176,343,0.513,0.258,37,119,0.311,2024-25,Regular Season,Overall
1641709,Ausar Thompson,1610612765,DET,22.0,59,58,1.0,246,460,0.535,0.547,0.893,235,411,0.572,0.107,11,49,0.224,2024-25,Regular Season,Overall
201143,Al Horford,1610612738,BOS,39.0,60,59,1.0,192,456,0.421,0.543,0.322,81,147,0.551,0.678,111,309,0.359,2024-25,Regular Season,Overall
1630560,Cam Thomas,1610612751,BKN,23.0,25,25,1.0,199,454,0.438,0.513,0.57,131,259,0.506,0.43,68,195,0.349,2024-25,Regular Season,Overall
1630215,Jared Butler,1610612755,PHI,24.0,60,57,1.0,203,453,0.448,0.514,0.627,143,284,0.504,0.373,60,169,0.355,2024-25,Regular Season,Overall
1630245,Ayo Dosunmu,1610612741,CHI,25.0,46,46,1.0,221,449,0.492,0.561,0.579,159,260,0.612,0.421,62,189,0.328,2024-25,Regular Season,Overall
1631109,Mark Williams,1610612766,CHA,23.0,44,44,1.0,270,447,0.604,0.604,0.991,270,443,0.609,0.009,0,4,0.0,2024-25,Regular Season,Overall
1626166,Cameron Payne,1610612752,NYK,30.0,71,71,1.0,177,439,0.403,0.508,0.426,85,187,0.455,0.574,92,252,0.365,2024-25,Regular Season,Overall
1630193,Immanuel Quickley,1610612761,TOR,26.0,33,33,1.0,184,438,0.42,0.517,0.486,99,213,0.465,0.514,85,225,0.378,2024-25,Regular Season,Overall
1627739,Kris Dunn,1610612746,LAC,31.0,74,74,1.0,192,437,0.439,0.525,0.487,117,213,0.549,0.513,75,224,0.335,2024-25,Regular Season,Overall
1627827,Dorian Finney-Smith,1610612747,LAL,32.0,63,63,1.0,195,435,0.448,0.597,0.278,66,121,0.545,0.722,129,314,0.411,2024-25,Regular Season,Overall
1641744,Zach Edey,1610612763,MEM,23.0,65,65,1.0,247,428,0.577,0.598,0.879,229,376,0.609,0.121,18,52,0.346,2024-25,Regular Season,Overall
1628379,Luke Kennard,1610612763,MEM,29.0,64,62,1.0,203,424,0.479,0.612,0.394,90,167,0.539,0.606,113,257,0.44,2024-25,Regular Season,Overall
1631260,AJ Green,1610612749,MIL,25.0,73,72,1.0,182,424,0.429,0.612,0.144,27,61,0.443,0.856,155,363,0.427,2024-25,Regular Season,Overall
1630241,Sam Merrill,1610612739,CLE,29.0,71,70,1.0,172,424,0.406,0.567,0.132,35,56,0.625,0.868,137,368,0.372,2024-25,Regular Season,Overall
1630182,Josh Green,1610612766,CHA,24.0,68,68,1.0,180,421,0.428,0.543,0.411,83,173,0.48,0.589,97,248,0.391,2024-25,Regular Season,Overall
1631117,Walker Kessler,1610612762,UTA,23.0,58,58,1.0,278,420,0.662,0.669,0.917,272,385,0.706,0.083,6,35,0.171,2024-25,Regular Season,Overall
1631212,Peyton Watson,1610612743,DEN,22.0,68,68,1.0,200,420,0.476,0.531,0.683,154,287,0.537,0.317,46,133,0.346,2024-25,Regular Season,Overall
1629216,Gabe Vincent,1610612747,LAL,29.0,72,69,1.0,168,420,0.4,0.53,0.264,59,111,0.532,0.736,109,309,0.353,2024-25,Regular Season,Overall
1641842,Ronald Holland II,1610612765,DET,19.0,81,81,1.0,197,415,0.475,0.518,0.639,161,265,0.608,0.361,36,150,0.24,2024-25,Regular Season,Overall
1629611,Terance Mann,1610612737,ATL,28.0,67,67,1.0,205,413,0.496,0.569,0.605,145,250,0.58,0.395,60,163,0.368,2024-25,Regular Season,Overall
1631093,Jaden Ivey,1610612765,DET,23.0,30,30,1.0,190,413,0.46,0.536,0.627,127,259,0.49,0.373,63,154,0.409,2024-25,Regular Season,Overall
1630702,Jaden Hardy,1610612742,DAL,22.0,57,54,1.0,180,413,0.436,0.528,0.523,104,216,0.481,0.477,76,197,0.386,2024-25,Regular Season,Overall
1630551,Justin Champagnie,1610612764,WAS,24.0,62,56,1.0,210,411,0.511,0.601,0.53,136,218,0.624,0.47,74,193,0.383,2024-25,Regular Season,Overall
1630188,Jalen Smith,1610612741,CHI,25.0,64,63,1.0,190,408,0.466,0.554,0.456,118,186,0.634,0.544,72,222,0.324,2024-25,Regular Season,Overall
1629655,Daniel Gafford,1610612742,DAL,26.0,57,57,1.0,283,403,0.702,0.702,1.0,283,403,0.702,0.0,0,0,,2024-25,Regular Season,Overall
1641715,Cam Whitmore,1610612745,HOU,20.0,51,47,1.0,179,403,0.444,0.525,0.546,114,220,0.518,0.454,65,183,0.355,2024-25,Regular Season,Overall
1642266,Ja'Kobe Walter,1610612761,TOR,20.0,52,51,1.0,159,393,0.405,0.487,0.527,94,207,0.454,0.473,65,186,0.349,2024-25,Regular Season,Overall
203991,Clint Capela,1610612737,ATL,31.0,55,55,1.0,218,390,0.559,0.559,0.997,218,389,0.56,0.003,0,1,0.0,2024-25,Regular Season,Overall
1629312,Haywood Highsmith,1610612748,MIA,28.0,74,71,1.0,179,390,0.459,0.573,0.405,90,158,0.57,0.595,89,232,0.384,2024-25,Regular Season,Overall
1630174,Aaron Nesmith,1610612754,IND,25.0,45,45,1.0,192,379,0.507,0.617,0.485,108,184,0.587,0.515,84,195,0.431,2024-25,Regular Season,Overall
1630527,Brandon Boston,1610612740,NOP,23.0,42,40,1.0,165,379,0.435,0.5,0.631,116,239,0.485,0.369,49,140,0.35,2024-25,Regular Season,Overall
1631107,Nikola Jović,1610612748,MIA,22.0,46,46,1.0,172,378,0.455,0.558,0.444,94,168,0.56,0.556,78,210,0.371,2024-25,Regular Season,Overall
1642348,Justin Edwards,1610612755,PHI,21.0,44,43,1.0,171,377,0.454,0.544,0.499,103,188,0.548,0.501,68,189,0.36,2024-25,Regular Season,Overall
1629634,Brandon Clarke,1610612763,MEM,28.0,63,64,1.0,232,376,0.617,0.618,0.955,231,359,0.643,0.045,1,17,0.059,2024-25,Regular Season,Overall
1626168,Trey Lyles,1610612758,SAC,29.0,69,68,1.0,157,374,0.42,0.528,0.364,76,136,0.559,0.636,81,238,0.34,2024-25,Regular Season,Overall
1629622,Max Strus,1610612739,CLE,29.0,50,50,1.0,165,373,0.442,0.594,0.214,52,80,0.65,0.786,113,293,0.386,2024-25,Regular Season,Overall
1631323,Simone Fontecchio,1610612765,DET,29.0,75,74,1.0,150,373,0.402,0.504,0.391,74,146,0.507,0.609,76,227,0.335,2024-25,Regular Season,Overall
1641730,Noah Clowney,1610612751,BKN,20.0,46,46,1.0,133,372,0.358,0.474,0.298,46,111,0.414,0.702,87,261,0.333,2024-25,Regular Season,Overall
1628449,Chris Boucher,1610612761,TOR,32.0,50,50,1.0,182,369,0.493,0.588,0.48,112,177,0.633,0.52,70,192,0.365,2024-25,Regular Season,Overall
1641716,Jarace Walker,1610612754,IND,21.0,75,70,1.0,170,360,0.472,0.576,0.486,95,175,0.543,0.514,75,185,0.405,2024-25,Regular Season,Overall
1642367,Jonathan Mogbo,1610612761,TOR,23.0,63,60,1.0,156,356,0.438,0.462,0.803,139,286,0.486,0.197,17,70,0.243,2024-25,Regular Season,Overall
1629026,Kenrich Williams,1610612760,OKC,30.0,69,67,1.0,171,354,0.483,0.576,0.517,105,183,0.574,0.483,66,171,0.386,2024-25,Regular Season,Overall
203994,Jusuf Nurkić,1610612766,CHA,30.0,51,51,1.0,168,352,0.477,0.523,0.702,136,247,0.551,0.298,32,105,0.305,2024-25,Regular Season,Overall
1630570,Trendon Watford,1610612751,BKN,24.0,44,43,1.0,164,350,0.469,0.51,0.749,135,262,0.515,0.251,29,88,0.33,2024-25,Regular Season,Overall
1630208,Nick Richards,1610612756,PHX,27.0,57,56,1.0,205,347,0.591,0.591,0.994,205,345,0.594,0.006,0,2,0.0,2024-25,Regular Season,Overall
1630526,Jeremiah Robinson-Earl,1610612740,NOP,24.0,66,63,1.0,158,347,0.455,0.536,0.527,102,183,0.557,0.473,56,164,0.341,2024-25,Regular Season,Overall
1642419,Jamison Battle,1610612761,TOR,24.0,59,56,1.0,149,347,0.429,0.581,0.254,44,88,0.5,0.746,105,259,0.405,2024-25,Regular Season,Overall
1642275,Tidjane Salaün,1610612766,CHA,19.0,60,60,1.0,114,345,0.33,0.414,0.406,56,140,0.4,0.594,58,205,0.283,2024-25,Regular Season,Overall
203552,Seth Curry,1610612766,CHA,34.0,68,64,1.0,164,343,0.478,0.599,0.469,81,161,0.503,0.531,83,182,0.456,2024-25,Regular Season,Overall
1631096,Chet Holmgren,1610612760,OKC,23.0,32,32,1.0,167,341,0.49,0.554,0.66,123,225,0.547,0.34,44,116,0.379,2024-25,Regular Season,Overall
1629048,Goga Bitadze,1610612753,ORL,25.0,70,62,1.0,207,339,0.611,0.615,0.917,204,311,0.656,0.083,3,28,0.107,2024-25,Regular Season,Overall
1631222,Jake LaRavia,1610612758,SAC,23.0,66,65,1.0,160,337,0.475,0.564,0.579,100,195,0.513,0.421,60,142,0.423,2024-25,Regular Season,Overall
203114,Khris Middleton,1610612764,WAS,33.0,37,37,1.0,160,337,0.475,0.546,0.605,112,204,0.549,0.395,48,133,0.361,2024-25,Regular Season,Overall
1642270,Donovan Clingan,1610612757,POR,21.0,67,67,1.0,180,334,0.539,0.56,0.853,166,285,0.582,0.147,14,49,0.286,2024-25,Regular Season,Overall
1627742,Brandon Ingram,1610612761,TOR,27.0,18,18,1.0,155,333,0.465,0.53,0.655,112,218,0.514,0.345,43,115,0.374,2024-25,Regular Season,Overall
1630173,Precious Achiuwa,1610612752,NYK,25.0,56,56,1.0,163,325,0.502,0.517,0.889,153,289,0.529,0.111,10,36,0.278,2024-25,Regular Season,Overall
1628998,Cody Martin,1610612756,PHX,29.0,53,53,1.0,136,325,0.418,0.485,0.535,93,174,0.534,0.465,43,151,0.285,2024-25,Regular Season,Overall
1628371,Jonathan Isaac,1610612753,ORL,27.0,71,70,1.0,134,324,0.414,0.474,0.534,95,173,0.549,0.466,39,151,0.258,2024-25,Regular Season,Overall
1628418,Thomas Bryant,1610612754,IND,27.0,66,64,1.0,163,321,0.508,0.583,0.539,115,173,0.665,0.461,48,148,0.324,2024-25,Regular Season,Overall
1630549,Day'Ron Sharpe,1610612751,BKN,23.0,50,50,1.0,165,317,0.521,0.538,0.858,154,272,0.566,0.142,11,45,0.244,2024-25,Regular Season,Overall
1630191,Isaiah Stewart,1610612765,DET,24.0,72,69,1.0,176,315,0.559,0.586,0.832,159,262,0.607,0.168,17,53,0.321,2024-25,Regular Season,Overall
203954,Joel Embiid,1610612755,PHI,31.0,19,19,1.0,140,315,0.444,0.481,0.756,117,238,0.492,0.244,23,77,0.299,2024-25,Regular Season,Overall
1627936,Alex Caruso,1610612760,OKC,31.0,54,53,1.0,140,314,0.446,0.541,0.459,80,144,0.556,0.541,60,170,0.353,2024-25,Regular Season,Overall
1628971,Bruce Brown,1610612740,NOP,28.0,41,41,1.0,130,309,0.421,0.464,0.738,103,228,0.452,0.262,27,81,0.333,2024-25,Regular Season,Overall
1630643,Jay Huff,1610612763,MEM,27.0,64,56,1.0,157,305,0.515,0.648,0.344,76,105,0.724,0.656,81,200,0.405,2024-25,Regular Season,Overall
1628997,Caleb Martin,1610612742,DAL,29.0,45,43,1.0,129,304,0.424,0.485,0.661,92,201,0.458,0.339,37,103,0.359,2024-25,Regular Season,Overall
1631218,Trayce Jackson-Davis,1610612744,GSW,25.0,62,54,1.0,174,302,0.576,0.576,0.99,174,299,0.582,0.01,0,3,0.0,2024-25,Regular Season,Overall
1628380,Zach Collins,1610612741,CHI,27.0,64,62,1.0,153,302,0.507,0.56,0.649,121,196,0.617,0.351,32,106,0.302,2024-25,Regular Season,Overall
203937,Kyle Anderson,1610612748,MIA,31.0,61,57,1.0,141,301,0.468,0.51,0.767,116,231,0.502,0.233,25,70,0.357,2024-25,Regular Season,Overall
1629004,Svi Mykhailiuk,1610612762,UTA,28.0,38,37,1.0,118,301,0.392,0.508,0.329,48,99,0.485,0.671,70,202,0.347,2024-25,Regular Season,Overall
1642354,KJ Simpson,1610612766,CHA,22.0,36,36,1.0,104,301,0.346,0.4,0.568,71,171,0.415,0.432,33,130,0.254,2024-25,Regular Season,Overall
1627780,Gary Payton II,1610612744,GSW,32.0,62,61,1.0,171,298,0.574,0.626,0.681,140,203,0.69,0.319,31,95,0.326,2024-25,Regular Season,Overall
1631204,Marcus Sasser,1610612765,DET,24.0,57,52,1.0,136,295,0.461,0.558,0.488,79,144,0.549,0.512,57,151,0.377,2024-25,Regular Season,Overall
1630249,Vít Krejčí,1610612737,ATL,25.0,57,54,1.0,145,292,0.497,0.651,0.295,55,86,0.64,0.705,90,206,0.437,2024-25,Regular Season,Overall
1629659,Talen Horton-Tucker,1610612741,CHI,24.0,58,48,1.0,133,291,0.457,0.527,0.581,92,169,0.544,0.419,41,122,0.336,2024-25,Regular Season,Overall
1629610,DaQuan Jeffries,1610612766,CHA,27.0,47,45,1.0,118,291,0.405,0.5,0.436,63,127,0.496,0.564,55,164,0.335,2024-25,Regular Season,Overall
1629750,Javonte Green,1610612739,CLE,31.0,68,63,1.0,123,288,0.427,0.507,0.51,77,147,0.524,0.49,46,141,0.326,2024-25,Regular Season,Overall
1641763,Julian Phillips,1610612741,CHI,21.0,79,73,1.0,128,287,0.446,0.533,0.467,78,134,0.582,0.533,50,153,0.327,2024-25,Regular Season,Overall
1641767,Ben Sheppard,1610612754,IND,23.0,63,61,1.0,120,287,0.418,0.537,0.307,52,88,0.591,0.693,68,199,0.342,2024-25,Regular Season,Overall
1630572,Sandro Mamukelashvili,1610612759,SAS,26.0,61,56,1.0,141,281,0.502,0.609,0.427,81,120,0.675,0.573,60,161,0.373,2024-25,Regular Season,Overall
1631217,Moussa Diabate,1610612766,CHA,23.0,71,65,1.0,167,280,0.596,0.596,0.979,167,274,0.609,0.021,0,6,0.0,2024-25,Regular Season,Overall
1628436,Luke Kornet,1610612738,BOS,29.0,73,66,1.0,186,279,0.667,0.667,0.989,186,276,0.674,0.011,0,3,0.0,2024-25,Regular Season,Overall
1631200,Kris Murray,1610612757,POR,24.0,69,59,1.0,117,279,0.419,0.468,0.57,90,159,0.566,0.43,27,120,0.225,2024-25,Regular Season,Overall
1626172,Kevon Looney,1610612744,GSW,29.0,76,71,1.0,141,275,0.513,0.516,0.982,139,270,0.515,0.018,2,5,0.4,2024-25,Regular Season,Overall
1642272,Jared McCain,1610612755,PHI,21.0,23,22,1.0,126,274,0.46,0.553,0.515,75,141,0.532,0.485,51,133,0.383,2024-25,Regular Season,Overall
1642366,Quinten Post,1610612744,GSW,25.0,42,41,1.0,123,274,0.449,0.582,0.347,50,95,0.526,0.653,73,179,0.408,2024-25,Regular Season,Overall
203995,Vasilije Micic,1610612756,PHX,31.0,41,36,1.0,95,273,0.348,0.43,0.542,50,148,0.338,0.458,45,125,0.36,2024-25,Regular Season,Overall
1631157,Ryan Rollins,1610612749,MIL,22.0,56,48,1.0,132,271,0.487,0.577,0.557,83,151,0.55,0.443,49,120,0.408,2024-25,Regular Season,Overall
202692,Alec Burks,1610612748,MIA,33.0,49,48,1.0,115,271,0.424,0.587,0.236,27,64,0.422,0.764,88,207,0.425,2024-25,Regular Season,Overall
1629731,Dean Wade,1610612739,CLE,28.0,59,59,1.0,112,271,0.413,0.561,0.181,32,49,0.653,0.819,80,222,0.36,2024-25,Regular Season,Overall
203482,Kelly Olynyk,1610612740,NOP,34.0,44,43,1.0,134,268,0.5,0.562,0.705,101,189,0.534,0.295,33,79,0.418,2024-25,Regular Season,Overall
1631207,Dalen Terry,1610612741,CHI,22.0,73,66,1.0,120,268,0.448,0.517,0.612,83,164,0.506,0.388,37,104,0.356,2024-25,Regular Season,Overall
1628988,Aaron Holiday,1610612745,HOU,28.0,62,58,1.0,117,268,0.437,0.571,0.325,45,87,0.517,0.675,72,181,0.398,2024-25,Regular Season,Overall
1630171,Isaac Okoro,1610612739,CLE,24.0,55,55,1.0,124,267,0.464,0.569,0.434,68,116,0.586,0.566,56,151,0.371,2024-25,Regular Season,Overall
1641724,Jett Howard,1610612753,ORL,21.0,60,56,1.0,98,262,0.374,0.479,0.29,43,76,0.566,0.71,55,186,0.296,2024-25,Regular Season,Overall
1631115,Orlando Robinson,1610612761,TOR,24.0,44,40,1.0,116,261,0.444,0.477,0.801,99,209,0.474,0.199,17,52,0.327,2024-25,Regular Season,Overall
1629726,Garrison Mathews,1610612737,ATL,28.0,47,45,1.0,102,257,0.397,0.562,0.152,17,39,0.436,0.848,85,218,0.39,2024-25,Regular Season,Overall
203935,Marcus Smart,1610612764,WAS,31.0,34,33,1.0,101,257,0.393,0.488,0.451,52,116,0.448,0.549,49,141,0.348,2024-25,Regular Season,Overall
1642262,Cody Williams,1610612762,UTA,20.0,50,48,1.0,83,257,0.323,0.391,0.475,48,122,0.393,0.525,35,135,0.259,2024-25,Regular Season,Overall
1629003,Shake Milton,1610612747,LAL,28.0,57,46,1.0,115,254,0.453,0.528,0.583,77,148,0.52,0.417,38,106,0.358,2024-25,Regular Season,Overall
1629021,Moritz Wagner,1610612753,ORL,28.0,30,29,1.0,140,249,0.562,0.616,0.699,113,174,0.649,0.301,27,75,0.36,2024-25,Regular Season,Overall
1641810,Antonio Reeves,1610612740,NOP,24.0,44,41,1.0,113,248,0.456,0.558,0.48,62,119,0.521,0.52,51,129,0.395,2024-25,Regular Season,Overall
1630322,Lindy Waters III,1610612765,DET,27.0,52,51,1.0,92,247,0.372,0.502,0.255,28,63,0.444,0.745,64,184,0.348,2024-25,Regular Season,Overall
1628366,Lonzo Ball,1610612741,CHI,27.0,35,35,1.0,89,243,0.366,0.504,0.198,22,48,0.458,0.802,67,195,0.344,2024-25,Regular Season,Overall
1641774,Tristan Vukcevic,1610612764,WAS,22.0,35,33,1.0,120,242,0.496,0.574,0.579,82,140,0.586,0.421,38,102,0.373,2024-25,Regular Season,Overall
1627763,Malcolm Brogdon,1610612764,WAS,32.0,24,24,1.0,104,240,0.433,0.467,0.767,88,184,0.478,0.233,16,56,0.286,2024-25,Regular Season,Overall
1642263,Reed Sheppard,1610612745,HOU,21.0,52,46,1.0,84,239,0.351,0.452,0.406,36,97,0.371,0.594,48,142,0.338,2024-25,Regular Season,Overall
1630200,Tre Jones,1610612741,CHI,25.0,46,46,1.0,128,238,0.538,0.578,0.798,109,190,0.574,0.202,19,48,0.396,2024-25,Regular Season,Overall
201587,Nicolas Batum,1610612746,LAC,36.0,78,70,1.0,104,238,0.437,0.622,0.147,16,35,0.457,0.853,88,203,0.433,2024-25,Regular Season,Overall
1631255,Karlo Matković,1610612740,NOP,24.0,42,38,1.0,135,235,0.574,0.619,0.719,114,169,0.675,0.281,21,66,0.318,2024-25,Regular Season,Overall
203083,Andre Drummond,1610612755,PHI,31.0,40,40,1.0,117,234,0.5,0.506,0.915,114,214,0.533,0.085,3,20,0.15,2024-25,Regular Season,Overall
1630288,Jeff Dowtin Jr.,1610612755,PHI,28.0,41,37,1.0,112,230,0.487,0.548,0.696,84,160,0.525,0.304,28,70,0.4,2024-25,Regular Season,Overall
1631133,Jabari Walker,1610612757,POR,22.0,60,51,1.0,118,229,0.515,0.576,0.686,90,157,0.573,0.314,28,72,0.389,2024-25,Regular Season,Overall
1629013,Landry Shamet,1610612752,NYK,28.0,49,47,1.0,104,228,0.456,0.59,0.32,43,73,0.589,0.68,61,155,0.394,2024-25,Regular Season,Overall
1629637,Jaxson Hayes,1610612747,LAL,25.0,56,54,1.0,161,223,0.722,0.722,0.987,161,220,0.732,0.013,0,3,0.0,2024-25,Regular Season,Overall
1627732,Ben Simmons,1610612746,LAC,28.0,51,48,1.0,116,223,0.52,0.52,1.0,116,223,0.52,0.0,0,0,,2024-25,Regular Season,Overall
1631119,Jaylin Williams,1610612760,OKC,23.0,47,47,1.0,97,221,0.439,0.577,0.308,36,68,0.529,0.692,61,153,0.399,2024-25,Regular Season,Overall
1641787,Tosan Evbuomwan,1610612751,BKN,24.0,28,28,1.0,94,220,0.427,0.482,0.65,70,143,0.49,0.35,24,77,0.312,2024-25,Regular Season,Overall
1642358,AJ Johnson,1610612764,WAS,20.0,29,28,1.0,82,213,0.385,0.441,0.577,58,123,0.472,0.423,24,90,0.267,2024-25,Regular Season,Overall
1629006,Josh Okogie,1610612766,CHA,26.0,40,39,1.0,94,212,0.443,0.519,0.566,62,120,0.517,0.434,32,92,0.348,2024-25,Regular Season,Overall
1629022,Lonnie Walker IV,1610612755,PHI,26.0,20,19,1.0,89,212,0.42,0.526,0.401,44,85,0.518,0.599,45,127,0.354,2024-25,Regular Season,Overall
1642265,Rob Dillingham,1610612750,MIN,20.0,49,41,1.0,93,211,0.441,0.5,0.649,68,137,0.496,0.351,25,74,0.338,2024-25,Regular Season,Overall
201569,Eric Gordon,1610612755,PHI,36.0,39,38,1.0,87,204,0.426,0.564,0.328,31,67,0.463,0.672,56,137,0.409,2024-25,Regular Season,Overall
1641796,Pelle Larsson,1610612748,MIA,24.0,55,46,1.0,89,203,0.438,0.517,0.532,57,108,0.528,0.468,32,95,0.337,2024-25,Regular Season,Overall
203486,Mason Plumlee,1610612756,PHX,35.0,74,64,1.0,125,202,0.619,0.619,0.98,125,198,0.631,0.02,0,4,0.0,2024-25,Regular Season,Overall
1630231,KJ Martin,1610612762,UTA,24.0,43,41,1.0,111,201,0.552,0.59,0.711,96,143,0.671,0.289,15,58,0.259,2024-25,Regular Season,Overall
1641713,GG Jackson,1610612763,MEM,20.0,29,28,1.0,74,199,0.372,0.452,0.523,42,104,0.404,0.477,32,95,0.337,2024-25,Regular Season,Overall
1629674,Neemias Queta,1610612738,BOS,25.0,62,50,1.0,128,198,0.646,0.646,0.985,128,195,0.656,0.015,0,3,0.0,2024-25,Regular Season,Overall
1641748,Andre Jackson Jr.,1610612749,MIL,23.0,67,57,1.0,94,197,0.477,0.553,0.614,64,121,0.529,0.386,30,76,0.395,2024-25,Regular Season,Overall
1628420,Monte Morris,1610612756,PHX,30.0,45,44,1.0,83,195,0.426,0.505,0.559,52,109,0.477,0.441,31,86,0.36,2024-25,Regular Season,Overall
1629234,Drew Eubanks,1610612746,LAC,28.0,61,50,1.0,115,194,0.593,0.601,0.969,112,188,0.596,0.031,3,6,0.5,2024-25,Regular Season,Overall
1641737,Adem Bona,1610612755,PHI,22.0,58,46,1.0,135,192,0.703,0.703,0.995,135,191,0.707,0.005,0,1,0.0,2024-25,Regular Season,Overall
1641726,Dereck Lively II,1610612742,DAL,21.0,36,36,1.0,134,191,0.702,0.702,1.0,134,191,0.702,0.0,0,0,,2024-25,Regular Season,Overall
1631103,Malaki Branham,1610612759,SAS,22.0,47,39,1.0,87,190,0.458,0.547,0.558,53,106,0.5,0.442,34,84,0.405,2024-25,Regular Season,Overall
1630639,A.J. Lawson,1610612761,TOR,24.0,26,25,1.0,80,190,0.421,0.508,0.468,47,89,0.528,0.532,33,101,0.327,2024-25,Regular Season,Overall
1631216,Caleb Houstan,1610612753,ORL,22.0,58,50,1.0,80,190,0.421,0.589,0.158,16,30,0.533,0.842,64,160,0.4,2024-25,Regular Season,Overall
1630314,Brandon Williams,1610612742,DAL,25.0,33,29,1.0,98,188,0.521,0.585,0.681,74,128,0.578,0.319,24,60,0.4,2024-25,Regular Season,Overall
1642345,Oso Ighodaro,1610612756,PHX,22.0,61,52,1.0,113,187,0.604,0.604,0.989,113,185,0.611,0.011,0,2,0.0,2024-25,Regular Season,Overall
1631104,Blake Wesley,1610612759,SAS,22.0,58,51,1.0,81,186,0.435,0.481,0.688,64,128,0.5,0.312,17,58,0.293,2024-25,Regular Season,Overall
1642349,Ajay Mitchell,1610612760,OKC,23.0,36,34,1.0,92,185,0.497,0.559,0.676,69,125,0.552,0.324,23,60,0.383,2024-25,Regular Season,Overall
1629626,Bol Bol,1610612756,PHX,25.0,36,32,1.0,96,183,0.525,0.612,0.492,64,90,0.711,0.508,32,93,0.344,2024-25,Regular Season,Overall
1629618,Jalen Pickett,1610612743,DEN,25.0,49,43,1.0,77,180,0.428,0.539,0.439,37,79,0.468,0.561,40,101,0.396,2024-25,Regular Season,Overall
1630611,Gui Santos,1610612744,GSW,23.0,56,48,1.0,82,179,0.458,0.553,0.425,48,76,0.632,0.575,34,103,0.33,2024-25,Regular Season,Overall
1626192,Pat Connaughton,1610612749,MIL,32.0,41,37,1.0,83,177,0.469,0.542,0.542,57,96,0.594,0.458,26,81,0.321,2024-25,Regular Season,Overall
1641765,Olivier-Maxence Prosper,1610612742,DAL,22.0,52,43,1.0,70,174,0.402,0.437,0.707,58,123,0.472,0.293,12,51,0.235,2024-25,Regular Season,Overall
1630529,Herbert Jones,1610612740,NOP,26.0,20,20,1.0,75,172,0.436,0.5,0.581,53,100,0.53,0.419,22,72,0.306,2024-25,Regular Season,Overall
1631243,Mouhamed Gueye,1610612737,ATL,22.0,33,33,1.0,72,171,0.421,0.482,0.526,51,90,0.567,0.474,21,81,0.259,2024-25,Regular Season,Overall
203500,Steven Adams,1610612745,HOU,31.0,58,49,1.0,91,167,0.545,0.545,0.988,91,165,0.552,0.012,0,2,0.0,2024-25,Regular Season,Overall
1641871,Duop Reath,1610612757,POR,29.0,46,40,1.0,70,166,0.422,0.524,0.361,36,60,0.6,0.639,34,106,0.321,2024-25,Regular Season,Overall
1630811,Keaton Wallace,1610612737,ATL,26.0,31,28,1.0,65,162,0.401,0.485,0.494,38,80,0.475,0.506,27,82,0.329,2024-25,Regular Season,Overall
1630544,Tre Mann,1610612766,CHA,24.0,13,13,1.0,70,161,0.435,0.509,0.627,46,101,0.455,0.373,24,60,0.4,2024-25,Regular Season,Overall
1631246,Vince Williams Jr.,1610612763,MEM,24.0,26,26,1.0,64,161,0.398,0.475,0.422,39,68,0.574,0.578,25,93,0.269,2024-25,Regular Season,Overall
1631221,Collin Gillespie,1610612756,PHX,26.0,33,30,1.0,68,158,0.43,0.554,0.43,29,68,0.426,0.57,39,90,0.433,2024-25,Regular Season,Overall
1631288,Jamal Cain,1610612740,NOP,26.0,37,32,1.0,68,158,0.43,0.513,0.494,42,78,0.538,0.506,26,80,0.325,2024-25,Regular Season,Overall
1626204,Larry Nance Jr.,1610612737,ATL,32.0,24,24,1.0,80,155,0.516,0.626,0.51,46,79,0.582,0.49,34,76,0.447,2024-25,Regular Season,Overall
202709,Cory Joseph,1610612753,ORL,33.0,50,44,1.0,62,154,0.403,0.529,0.305,23,47,0.489,0.695,39,107,0.364,2024-25,Regular Season,Overall
1629111,Jock Landale,1610612745,HOU,29.0,42,35,1.0,81,152,0.533,0.569,0.829,70,126,0.556,0.171,11,26,0.423,2024-25,Regular Season,Overall
1642281,Jaylon Tyson,1610612739,CLE,22.0,47,38,1.0,64,149,0.43,0.497,0.611,44,91,0.484,0.389,20,58,0.345,2024-25,Regular Season,Overall
1630256,Jae'Sean Tate,1610612745,HOU,29.0,52,43,1.0,70,148,0.473,0.527,0.689,54,102,0.529,0.311,16,46,0.348,2024-25,Regular Season,Overall
1630243,Trevelin Queen,1610612753,ORL,28.0,31,25,1.0,56,147,0.381,0.456,0.476,34,70,0.486,0.524,22,77,0.286,2024-25,Regular Season,Overall
1628975,Jevon Carter,1610612741,CHI,29.0,36,32,1.0,55,146,0.377,0.497,0.281,20,41,0.488,0.719,35,105,0.333,2024-25,Regular Season,Overall
1630692,Jordan Goodwin,1610612747,LAL,26.0,29,28,1.0,63,144,0.438,0.528,0.528,37,76,0.487,0.472,26,68,0.382,2024-25,Regular Season,Overall
1630194,Paul Reed,1610612765,DET,26.0,45,38,1.0,72,142,0.507,0.535,0.803,64,114,0.561,0.197,8,28,0.286,2024-25,Regular Season,Overall
1641712,Rayan Rupert,1610612757,POR,21.0,52,38,1.0,58,142,0.408,0.465,0.585,42,83,0.506,0.415,16,59,0.271,2024-25,Regular Season,Overall
1641854,Craig Porter Jr.,1610612739,CLE,25.0,51,35,1.0,72,140,0.514,0.589,0.657,51,92,0.554,0.343,21,48,0.438,2024-25,Regular Season,Overall
201599,DeAndre Jordan,1610612743,DEN,36.0,56,51,1.0,91,139,0.655,0.655,1.0,91,139,0.655,0.0,0,0,,2024-25,Regular Season,Overall
1626158,Richaun Holmes,1610612764,WAS,31.0,31,31,1.0,90,139,0.647,0.647,0.978,90,136,0.662,0.022,0,3,0.0,2024-25,Regular Season,Overall
1630192,Zeke Nnaji,1610612743,DEN,24.0,57,45,1.0,70,139,0.504,0.565,0.626,53,87,0.609,0.374,17,52,0.327,2024-25,Regular Season,Overall
1630556,Kessler Edwards,1610612742,DAL,24.0,40,30,1.0,67,135,0.496,0.578,0.6,45,81,0.556,0.4,22,54,0.407,2024-25,Regular Season,Overall
1630695,Micah Potter,1610612762,UTA,27.0,38,36,1.0,57,135,0.422,0.537,0.274,26,37,0.703,0.726,31,98,0.316,2024-25,Regular Season,Overall
203957,Dante Exum,1610612742,DAL,29.0,20,20,1.0,64,134,0.478,0.563,0.604,41,81,0.506,0.396,23,53,0.434,2024-25,Regular Season,Overall
1641757,Jordan Miller,1610612746,LAC,25.0,37,29,1.0,58,134,0.433,0.463,0.716,50,96,0.521,0.284,8,38,0.211,2024-25,Regular Season,Overall
202704,Reggie Jackson,1610612755,PHI,35.0,31,30,1.0,52,133,0.391,0.485,0.444,27,59,0.458,0.556,25,74,0.338,2024-25,Regular Season,Overall
203914,Gary Harris,1610612753,ORL,30.0,48,41,1.0,51,133,0.383,0.519,0.241,15,32,0.469,0.759,36,101,0.356,2024-25,Regular Season,Overall
1641794,Dillon Jones,1610612760,OKC,23.0,54,40,1.0,51,133,0.383,0.444,0.526,35,70,0.5,0.474,16,63,0.254,2024-25,Regular Season,Overall
1626153,Delon Wright,1610612752,NYK,33.0,40,34,1.0,45,131,0.344,0.42,0.443,25,58,0.431,0.557,20,73,0.274,2024-25,Regular Season,Overall
1641878,Damion Baugh,1610612766,CHA,24.0,15,15,1.0,42,130,0.323,0.369,0.569,30,74,0.405,0.431,12,56,0.214,2024-25,Regular Season,Overall
1628464,Daniel Theis,1610612740,NOP,33.0,38,36,1.0,61,129,0.473,0.508,0.713,52,92,0.565,0.287,9,37,0.243,2024-25,Regular Season,Overall
1641732,Colby Jones,1610612764,WAS,23.0,39,28,1.0,59,129,0.457,0.519,0.62,43,80,0.538,0.38,16,49,0.327,2024-25,Regular Season,Overall
1642269,Devin Carter,1610612758,SAC,23.0,36,32,1.0,47,127,0.37,0.441,0.52,29,66,0.439,0.48,18,61,0.295,2024-25,Regular Season,Overall
1631111,Wendell Moore Jr.,1610612766,CHA,23.0,36,31,1.0,59,126,0.468,0.524,0.675,45,85,0.529,0.325,14,41,0.341,2024-25,Regular Season,Overall
1631223,David Roddy,1610612745,HOU,24.0,33,31,1.0,57,125,0.456,0.532,0.512,38,64,0.594,0.488,19,61,0.311,2024-25,Regular Season,Overall
1631172,Ousmane Dieng,1610612760,OKC,22.0,37,33,1.0,54,125,0.432,0.524,0.432,31,54,0.574,0.568,23,71,0.324,2024-25,Regular Season,Overall
1629684,Grant Williams,1610612766,CHA,26.0,16,16,1.0,54,123,0.439,0.549,0.398,27,49,0.551,0.602,27,74,0.365,2024-25,Regular Season,Overall
1631245,Quenton Jackson,1610612754,IND,26.0,28,22,1.0,58,122,0.475,0.537,0.672,43,82,0.524,0.328,15,40,0.375,2024-25,Regular Season,Overall
203901,Elfrid Payton,1610612740,NOP,31.0,24,24,1.0,40,122,0.328,0.332,0.951,39,116,0.336,0.049,1,6,0.167,2024-25,Regular Season,Overall
201145,Jeff Green,1610612745,HOU,38.0,32,28,1.0,61,121,0.504,0.624,0.347,32,42,0.762,0.653,29,79,0.367,2024-25,Regular Season,Overall
1629020,Jarred Vanderbilt,1610612747,LAL,26.0,36,35,1.0,59,121,0.488,0.525,0.736,50,89,0.562,0.264,9,32,0.281,2024-25,Regular Season,Overall
1641740,Jaylen Clark,1610612750,MIN,23.0,40,35,1.0,56,120,0.467,0.558,0.575,34,69,0.493,0.425,22,51,0.431,2024-25,Regular Season,Overall
1641816,Hunter Tyson,1610612743,DEN,25.0,51,40,1.0,45,120,0.375,0.471,0.383,22,46,0.478,0.617,23,74,0.311,2024-25,Regular Season,Overall
1630538,Bones Hyland,1610612750,MIN,24.0,24,22,1.0,47,118,0.398,0.534,0.305,15,36,0.417,0.695,32,82,0.39,2024-25,Regular Season,Overall
1629646,Charles Bassey,1610612759,SAS,24.0,36,30,1.0,68,117,0.581,0.581,1.0,68,117,0.581,0.0,0,0,,2024-25,Regular Season,Overall
203926,Doug McDermott,1610612758,SAC,33.0,42,31,1.0,50,117,0.427,0.615,0.137,6,16,0.375,0.863,44,101,0.436,2024-25,Regular Season,Overall
200768,Kyle Lowry,1610612755,PHI,39.0,35,32,1.0,41,117,0.35,0.474,0.248,12,29,0.414,0.752,29,88,0.33,2024-25,Regular Season,Overall
201567,Kevin Love,1610612748,MIA,36.0,23,19,1.0,41,115,0.357,0.461,0.417,17,48,0.354,0.583,24,67,0.358,2024-25,Regular Season,Overall
202687,Bismack Biyombo,1610612759,SAS,32.0,28,26,1.0,67,114,0.588,0.588,1.0,67,114,0.588,0.0,0,0,,2024-25,Regular Season,Overall
1630545,Terrence Shannon Jr.,1610612750,MIN,24.0,32,26,1.0,55,114,0.482,0.531,0.728,44,83,0.53,0.272,11,31,0.355,2024-25,Regular Season,Overall
1631230,Dominick Barlow,1610612737,ATL,22.0,35,30,1.0,60,113,0.531,0.562,0.761,53,86,0.616,0.239,7,27,0.259,2024-25,Regular Season,Overall
1628964,Mo Bamba,1610612740,NOP,27.0,32,31,1.0,52,112,0.464,0.531,0.518,37,58,0.638,0.482,15,54,0.278,2024-25,Regular Season,Overall
1631248,Baylor Scheierman,1610612738,BOS,24.0,31,26,1.0,39,110,0.355,0.473,0.255,13,28,0.464,0.745,26,82,0.317,2024-25,Regular Season,Overall
1630539,Kai Jones,1610612742,DAL,24.0,40,28,1.0,87,109,0.798,0.803,0.954,86,104,0.827,0.046,1,5,0.2,2024-25,Regular Season,Overall
1631232,Keion Brooks Jr.,1610612740,NOP,24.0,14,13,1.0,53,109,0.486,0.55,0.606,39,66,0.591,0.394,14,43,0.326,2024-25,Regular Season,Overall
1641721,Maxwell Lewis,1610612751,BKN,22.0,28,21,1.0,45,108,0.417,0.505,0.537,26,58,0.448,0.463,19,50,0.38,2024-25,Regular Season,Overall
1641736,Reece Beekman,1610612751,BKN,23.0,36,29,1.0,35,107,0.327,0.36,0.626,28,67,0.418,0.374,7,40,0.175,2024-25,Regular Season,Overall
1628963,Marvin Bagley III,1610612763,MEM,26.0,31,25,1.0,55,106,0.519,0.533,0.821,52,87,0.598,0.179,3,19,0.158,2024-25,Regular Season,Overall
1630568,Luka Garza,1610612750,MIN,26.0,39,32,1.0,52,105,0.495,0.543,0.657,42,69,0.609,0.343,10,36,0.278,2024-25,Regular Season,Overall
1631209,Isaiah Wong,1610612766,CHA,24.0,20,20,1.0,41,105,0.39,0.452,0.686,28,72,0.389,0.314,13,33,0.394,2024-25,Regular Season,Overall
1631166,Drew Timme,1610612751,BKN,24.0,9,9,1.0,45,102,0.441,0.485,0.657,36,67,0.537,0.343,9,35,0.257,2024-25,Regular Season,Overall
1630311,Pat Spencer,1610612744,GSW,28.0,39,30,1.0,41,101,0.406,0.431,0.782,36,79,0.456,0.218,5,22,0.227,2024-25,Regular Season,Overall
1630658,Colin Castleton,1610612761,TOR,25.0,26,20,1.0,46,98,0.469,0.48,0.837,44,82,0.537,0.163,2,16,0.125,2024-25,Regular Season,Overall
1641720,Jalen Hood-Schifino,1610612755,PHI,22.0,15,14,1.0,37,98,0.378,0.449,0.531,23,52,0.442,0.469,14,46,0.304,2024-25,Regular Season,Overall
1642382,Branden Carlson,1610612760,OKC,26.0,32,26,1.0,43,97,0.443,0.557,0.32,21,31,0.677,0.68,22,66,0.333,2024-25,Regular Season,Overall
1641727,Dariq Whitehead,1610612751,BKN,20.0,20,15,1.0,39,96,0.406,0.578,0.229,6,22,0.273,0.771,33,74,0.446,2024-25,Regular Season,Overall
1628467,Maxi Kleber,1610612747,LAL,33.0,34,29,1.0,37,96,0.385,0.453,0.49,24,47,0.511,0.51,13,49,0.265,2024-25,Regular Season,Overall
201988,Patty Mills,1610612746,LAC,36.0,29,23,1.0,36,96,0.375,0.51,0.219,10,21,0.476,0.781,26,75,0.347,2024-25,Regular Season,Overall
1641745,Adam Flagler,1610612760,OKC,25.0,37,27,1.0,25,96,0.26,0.333,0.25,11,24,0.458,0.75,14,72,0.194,2024-25,Regular Season,Overall
201959,Taj Gibson,1610612766,CHA,40.0,37,32,1.0,47,95,0.495,0.5,0.979,46,93,0.495,0.021,1,2,0.5,2024-25,Regular Season,Overall
1629629,Cam Reddish,1610612747,LAL,25.0,33,30,1.0,38,94,0.404,0.473,0.5,25,47,0.532,0.5,13,47,0.277,2024-25,Regular Season,Overall
1642277,Johnny Furphy,1610612754,IND,20.0,50,26,1.0,35,92,0.38,0.462,0.457,20,42,0.476,0.543,15,50,0.3,2024-25,Regular Season,Overall
1629723,John Konchar,1610612763,MEM,29.0,46,33,1.0,41,91,0.451,0.577,0.319,18,29,0.621,0.681,23,62,0.371,2024-25,Regular Season,Overall
1631169,Josh Minott,1610612750,MIN,22.0,46,35,1.0,44,90,0.489,0.567,0.522,30,47,0.638,0.478,14,43,0.326,2024-25,Regular Season,Overall
1628470,Torrey Craig,1610612738,BOS,34.0,26,21,1.0,38,90,0.422,0.556,0.267,14,24,0.583,0.733,24,66,0.364,2024-25,Regular Season,Overall
1630531,Jaden Springer,1610612762,UTA,22.0,43,28,1.0,35,90,0.389,0.456,0.467,23,42,0.548,0.533,12,48,0.25,2024-25,Regular Season,Overall
1630264,Anthony Gill,1610612764,WAS,32.0,51,32,1.0,43,88,0.489,0.545,0.648,33,57,0.579,0.352,10,31,0.323,2024-25,Regular Season,Overall
1629680,Matisse Thybulle,1610612757,POR,28.0,15,14,1.0,42,88,0.477,0.597,0.455,21,40,0.525,0.545,21,48,0.438,2024-25,Regular Season,Overall
1631197,Jared Rhoden,1610612761,TOR,25.0,14,14,1.0,42,87,0.483,0.552,0.552,30,48,0.625,0.448,12,39,0.308,2024-25,Regular Season,Overall
1642403,Isaac Jones,1610612758,SAC,24.0,40,29,1.0,54,83,0.651,0.669,0.904,51,75,0.68,0.096,3,8,0.375,2024-25,Regular Season,Overall
1641775,Jordan Walsh,1610612738,BOS,21.0,52,41,1.0,30,83,0.361,0.452,0.337,15,28,0.536,0.663,15,55,0.273,2024-25,Regular Season,Overall
1642285,Cam Spencer,1610612763,MEM,25.0,25,19,1.0,34,82,0.415,0.53,0.354,15,29,0.517,0.646,19,53,0.358,2024-25,Regular Season,Overall
1642278,Tyler Kolek,1610612752,NYK,24.0,41,32,1.0,27,82,0.329,0.415,0.427,13,35,0.371,0.573,14,47,0.298,2024-25,Regular Season,Overall
1629057,Robert Williams III,1610612757,POR,27.0,20,18,1.0,50,78,0.641,0.647,0.962,49,75,0.653,0.038,1,3,0.333,2024-25,Regular Season,Overall
1631098,Johnny Davis,1610612764,WAS,23.0,34,30,1.0,32,78,0.41,0.455,0.628,25,49,0.51,0.372,7,29,0.241,2024-25,Regular Season,Overall
1631311,Lester Quinones,1610612740,NOP,24.0,13,13,1.0,31,78,0.397,0.481,0.436,18,34,0.529,0.564,13,44,0.295,2024-25,Regular Season,Overall
1641998,Trey Jemison III,1610612747,LAL,25.0,38,31,1.0,41,74,0.554,0.554,1.0,41,74,0.554,0.0,0,0,,2024-25,Regular Season,Overall
1641798,Jaylen Martin,1610612764,WAS,21.0,16,14,1.0,31,74,0.419,0.466,0.689,24,51,0.471,0.311,7,23,0.304,2024-25,Regular Season,Overall
1627814,Damion Lee,1610612756,PHX,32.0,25,23,1.0,27,74,0.365,0.426,0.5,18,37,0.486,0.5,9,37,0.243,2024-25,Regular Season,Overall
1629669,Jaylen Nowell,1610612764,WAS,25.0,8,7,1.0,26,73,0.356,0.411,0.63,18,46,0.391,0.37,8,27,0.296,2024-25,Regular Season,Overall
1641738,Kobe Brown,1610612746,LAC,25.0,40,27,1.0,33,72,0.458,0.5,0.639,27,46,0.587,0.361,6,26,0.231,2024-25,Regular Season,Overall
1629162,Jordan McLaughlin,1610612759,SAS,29.0,46,28,1.0,31,72,0.431,0.563,0.361,12,26,0.462,0.639,19,46,0.413,2024-25,Regular Season,Overall
1630579,Jericho Sims,1610612749,MIL,26.0,53,32,1.0,45,71,0.634,0.634,1.0,45,71,0.634,0.0,0,0,,2024-25,Regular Season,Overall
202684,Tristan Thompson,1610612739,CLE,34.0,40,30,1.0,31,71,0.437,0.437,0.958,31,68,0.456,0.042,0,3,0.0,2024-25,Regular Season,Overall
1631131,Oscar Tshiebwe,1610612762,UTA,25.0,14,12,1.0,42,70,0.6,0.6,1.0,42,70,0.6,0.0,0,0,,2024-25,Regular Season,Overall
202693,Markieff Morris,1610612747,LAL,35.0,15,14,1.0,21,70,0.3,0.364,0.486,12,34,0.353,0.514,9,36,0.25,2024-25,Regular Season,Overall
1630542,Marcus Bagley,1610612755,PHI,23.0,10,10,1.0,27,69,0.391,0.428,0.536,22,37,0.595,0.464,5,32,0.156,2024-25,Regular Season,Overall
1628365,Markelle Fultz,1610612758,SAC,27.0,21,19,1.0,28,67,0.418,0.448,0.881,24,59,0.407,0.119,4,8,0.5,2024-25,Regular Season,Overall
1642355,Bronny James,1610612747,LAL,20.0,27,20,1.0,21,67,0.313,0.381,0.522,12,35,0.343,0.478,9,32,0.281,2024-25,Regular Season,Overall
1631132,Christian Koloko,1610612747,LAL,25.0,37,25,1.0,40,66,0.606,0.606,0.939,40,62,0.645,0.061,0,4,0.0,2024-25,Regular Season,Overall
1630699,MarJon Beauchamp,1610612752,NYK,24.0,35,29,1.0,27,65,0.415,0.492,0.554,17,36,0.472,0.446,10,29,0.345,2024-25,Regular Season,Overall
203458,Alex Len,1610612747,LAL,32.0,46,29,1.0,32,63,0.508,0.524,0.857,30,54,0.556,0.143,2,9,0.222,2024-25,Regular Season,Overall
1630205,Lamar Stevens,1610612763,MEM,27.0,17,14,1.0,29,63,0.46,0.524,0.571,21,36,0.583,0.429,8,27,0.296,2024-25,Regular Season,Overall
1631306,Cole Swider,1610612754,IND,26.0,10,10,1.0,22,63,0.349,0.468,0.254,7,16,0.438,0.746,15,47,0.319,2024-25,Regular Season,Overall
1631466,Nate Williams,1610612745,HOU,26.0,20,14,1.0,27,62,0.435,0.484,0.581,21,36,0.583,0.419,6,26,0.231,2024-25,Regular Season,Overall
203939,Dwight Powell,1610612742,DAL,33.0,55,28,1.0,42,61,0.689,0.705,0.918,40,56,0.714,0.082,2,5,0.4,2024-25,Regular Season,Overall
1630696,Dru Smith,1610612748,MIA,27.0,14,13,1.0,31,61,0.508,0.639,0.508,15,31,0.484,0.492,16,30,0.533,2024-25,Regular Season,Overall
202066,Garrett Temple,1610612761,TOR,39.0,28,18,1.0,18,60,0.3,0.35,0.533,12,32,0.375,0.467,6,28,0.214,2024-25,Regular Season,Overall
1630550,JT Thor,1610612764,WAS,22.0,20,19,1.0,25,59,0.424,0.475,0.644,19,38,0.5,0.356,6,21,0.286,2024-25,Regular Season,Overall
203967,Dario Saric,1610612743,DEN,31.0,16,14,1.0,21,56,0.375,0.438,0.554,14,31,0.452,0.446,7,25,0.28,2024-25,Regular Season,Overall
1642024,Alex Reese,1610612755,PHI,26.0,15,15,1.0,26,54,0.481,0.62,0.241,11,13,0.846,0.759,15,41,0.366,2024-25,Regular Season,Overall
1629001,De'Anthony Melton,1610612751,BKN,27.0,6,6,1.0,22,54,0.407,0.528,0.352,9,19,0.474,0.648,13,35,0.371,2024-25,Regular Season,Overall
1630214,Xavier Tillman,1610612738,BOS,26.0,33,23,1.0,13,53,0.245,0.292,0.396,8,21,0.381,0.604,5,32,0.156,2024-25,Regular Season,Overall
1629011,Mitchell Robinson,1610612752,NYK,27.0,16,15,1.0,34,52,0.654,0.654,1.0,34,52,0.654,0.0,0,0,,2024-25,Regular Season,Overall
1630623,Tyson Etienne,1610612751,BKN,25.0,7,7,1.0,17,52,0.327,0.452,0.154,4,8,0.5,0.846,13,44,0.295,2024-25,Regular Season,Overall
1641890,Tyler Smith,1610612749,MIL,20.0,23,20,1.0,24,50,0.48,0.61,0.4,11,20,0.55,0.6,13,30,0.433,2024-25,Regular Season,Overall
1629650,Moses Brown,1610612742,DAL,25.0,13,9,1.0,34,49,0.694,0.694,1.0,34,49,0.694,0.0,0,0,,2024-25,Regular Season,Overall
1628981,Bruno Fernando,1610612761,TOR,26.0,17,15,1.0,26,49,0.531,0.531,1.0,26,49,0.531,0.0,0,0,,2024-25,Regular Season,Overall
1641723,Kobe Bufkin,1610612737,ATL,21.0,10,10,1.0,18,47,0.383,0.426,0.596,14,28,0.5,0.404,4,19,0.211,2024-25,Regular Season,Overall
1628396,Tony Bradley,1610612754,IND,27.0,14,9,1.0,29,45,0.644,0.656,0.933,28,42,0.667,0.067,1,3,0.333,2024-25,Regular Season,Overall
1631102,TyTy Washington Jr.,1610612756,PHX,23.0,16,11,1.0,14,45,0.311,0.356,0.533,10,24,0.417,0.467,4,21,0.19,2024-25,Regular Season,Overall
1630165,Killian Hayes,1610612751,BKN,23.0,6,6,1.0,18,43,0.419,0.512,0.512,10,22,0.455,0.488,8,21,0.381,2024-25,Regular Season,Overall
1641809,Drew Peterson,1610612738,BOS,25.0,25,18,1.0,17,41,0.415,0.573,0.195,4,8,0.5,0.805,13,33,0.394,2024-25,Regular Season,Overall
1641725,Trey Alexander,1610612743,DEN,22.0,24,14,1.0,13,41,0.317,0.354,0.585,10,24,0.417,0.415,3,17,0.176,2024-25,Regular Season,Overall
1629643,Chuma Okeke,1610612739,CLE,26.0,9,8,1.0,20,40,0.5,0.638,0.3,9,12,0.75,0.7,11,28,0.393,2024-25,Regular Season,Overall
1629052,Oshae Brissett,1610612755,PHI,27.0,6,6,1.0,19,39,0.487,0.564,0.538,13,21,0.619,0.462,6,18,0.333,2024-25,Regular Season,Overall
1641734,Emoni Bates,1610612739,CLE,21.0,10,10,1.0,13,38,0.342,0.487,0.211,2,8,0.25,0.789,11,30,0.367,2024-25,Regular Season,Overall
1626196,Josh Richardson,1610612748,MIA,31.0,8,8,1.0,11,38,0.289,0.368,0.421,5,16,0.313,0.579,6,22,0.273,2024-25,Regular Season,Overall
1642402,Enrique Freeman,1610612754,IND,24.0,22,16,1.0,16,37,0.432,0.446,0.73,15,27,0.556,0.27,1,10,0.1,2024-25,Regular Season,Overall
1628995,Kevin Knox II,1610612744,GSW,25.0,14,10,1.0,18,36,0.5,0.556,0.583,14,21,0.667,0.417,4,15,0.267,2024-25,Regular Season,Overall
1631116,Patrick Baldwin Jr.,1610612746,LAC,22.0,24,17,1.0,19,35,0.543,0.729,0.343,6,12,0.5,0.657,13,23,0.565,2024-25,Regular Season,Overall
1641989,Elijah Harkless,1610612762,UTA,25.0,10,8,1.0,11,35,0.314,0.414,0.286,4,10,0.4,0.714,7,25,0.28,2024-25,Regular Season,Overall
1631120,JD Davison,1610612738,BOS,22.0,16,13,1.0,12,34,0.353,0.412,0.471,8,16,0.5,0.529,4,18,0.222,2024-25,Regular Season,Overall
1642461,Spencer Jones,1610612743,DEN,24.0,20,14,1.0,11,34,0.324,0.338,0.5,10,17,0.588,0.5,1,17,0.059,2024-25,Regular Season,Overall
1642484,RayJ Dennis,1610612754,IND,24.0,11,7,1.0,11,33,0.333,0.424,0.364,5,12,0.417,0.636,6,21,0.286,2024-25,Regular Season,Overall
1631250,Pete Nance,1610612749,MIL,25.0,13,8,1.0,14,32,0.438,0.578,0.25,5,8,0.625,0.75,9,24,0.375,2024-25,Regular Season,Overall
1641772,Nae'Qwan Tomlin,1610612739,CLE,24.0,5,5,1.0,13,32,0.406,0.438,0.688,11,22,0.5,0.313,2,10,0.2,2024-25,Regular Season,Overall
1630574,Ariel Hukporti,1610612752,NYK,23.0,25,14,1.0,21,31,0.677,0.677,1.0,21,31,0.677,0.0,0,0,,2024-25,Regular Season,Overall
1630528,Josh Christopher,1610612748,MIA,23.0,14,10,1.0,11,31,0.355,0.387,0.645,9,20,0.45,0.355,2,11,0.182,2024-25,Regular Season,Overall
1630346,Matt Ryan,1610612740,NOP,28.0,19,14,1.0,10,31,0.323,0.419,0.387,4,12,0.333,0.613,6,19,0.316,2024-25,Regular Season,Overall
1642359,Pacôme Dadiet,1610612752,NYK,19.0,18,13,1.0,10,31,0.323,0.419,0.387,4,12,0.333,0.613,6,19,0.316,2024-25,Regular Season,Overall
1631321,Sidy Cissoko,1610612757,POR,21.0,22,13,1.0,13,30,0.433,0.483,0.567,10,17,0.588,0.433,3,13,0.231,2024-25,Regular Season,Overall
1642505,Alex Ducas,1610612760,OKC,24.0,21,15,1.0,12,30,0.4,0.567,0.3,2,9,0.222,0.7,10,21,0.476,2024-25,Regular Season,Overall
1642530,Yuki Kawamura,1610612763,MEM,24.0,22,13,1.0,11,30,0.367,0.483,0.233,4,7,0.571,0.767,7,23,0.304,2024-25,Regular Season,Overall
1631301,Jaylen Sims,1610612766,CHA,26.0,6,6,1.0,12,28,0.429,0.536,0.464,6,13,0.462,0.536,6,15,0.4,2024-25,Regular Season,Overall
1630585,Marcus Garrett,1610612766,CHA,26.0,4,4,1.0,11,27,0.407,0.463,0.704,8,19,0.421,0.296,3,8,0.375,2024-25,Regular Season,Overall
1641753,Chris Livingston,1610612749,MIL,21.0,21,12,1.0,9,27,0.333,0.333,0.704,9,19,0.474,0.296,0,8,0.0,2024-25,Regular Season,Overall
1642352,Keshad Johnson,1610612748,MIA,24.0,16,6,1.0,18,26,0.692,0.75,0.731,15,19,0.789,0.269,3,7,0.429,2024-25,Regular Season,Overall
1630537,Chris Duarte,1610612741,CHI,28.0,17,14,1.0,12,26,0.462,0.577,0.423,6,11,0.545,0.577,6,15,0.4,2024-25,Regular Season,Overall
1628427,Vlatko Čančar,1610612743,DEN,28.0,13,8,1.0,10,26,0.385,0.462,0.423,6,11,0.545,0.577,4,15,0.267,2024-25,Regular Season,Overall
1630649,Stanley Umude,1610612749,MIL,26.0,22,14,1.0,5,26,0.192,0.25,0.423,2,11,0.182,0.577,3,15,0.2,2024-25,Regular Season,Overall
1631342,Daeqwon Plowden,1610612737,ATL,26.0,6,5,1.0,16,25,0.64,0.82,0.32,7,8,0.875,0.68,9,17,0.529,2024-25,Regular Season,Overall
1641790,PJ Hall,1610612743,DEN,23.0,19,13,1.0,14,24,0.583,0.625,0.667,12,16,0.75,0.333,2,8,0.25,2024-25,Regular Season,Overall
1642353,Cam Christie,1610612746,LAC,19.0,13,9,1.0,7,24,0.292,0.333,0.458,5,11,0.455,0.542,2,13,0.154,2024-25,Regular Season,Overall
1630543,Isaiah Jackson,1610612754,IND,23.0,5,5,1.0,14,23,0.609,0.609,1.0,14,23,0.609,0.0,0,0,,2024-25,Regular Season,Overall
1641789,Jazian Gortman,1610612742,DAL,22.0,16,10,1.0,9,23,0.391,0.478,0.522,5,12,0.417,0.478,4,11,0.364,2024-25,Regular Season,Overall
204060,Joe Ingles,1610612750,MIN,37.0,19,10,1.0,6,23,0.261,0.326,0.348,3,8,0.375,0.652,3,15,0.2,2024-25,Regular Season,Overall
1630283,Kylor Kelley,1610612747,LAL,27.0,11,7,1.0,14,22,0.636,0.636,1.0,14,22,0.636,0.0,0,0,,2024-25,Regular Season,Overall
1631210,Jacob Toppin,1610612737,ATL,25.0,17,8,1.0,9,22,0.409,0.523,0.545,4,12,0.333,0.455,5,10,0.5,2024-25,Regular Season,Overall
203109,Jae Crowder,1610612758,SAC,34.0,9,6,1.0,7,22,0.318,0.409,0.318,3,7,0.429,0.682,4,15,0.267,2024-25,Regular Season,Overall
1631303,Justin Minaya,1610612757,POR,26.0,19,9,1.0,8,21,0.381,0.429,0.524,6,11,0.545,0.476,2,10,0.2,2024-25,Regular Season,Overall
1630762,Phillip Wheeler,1610612755,PHI,23.0,5,5,1.0,3,21,0.143,0.143,0.524,3,11,0.273,0.476,0,10,0.0,2024-25,Regular Season,Overall
1631247,Luke Travers,1610612739,CLE,23.0,12,6,1.0,5,20,0.25,0.25,0.55,5,11,0.455,0.45,0,9,0.0,2024-25,Regular Season,Overall
1642422,Armel Traore,1610612747,LAL,22.0,9,8,1.0,6,19,0.316,0.316,0.632,6,12,0.5,0.368,0,7,0.0,2024-25,Regular Season,Overall
1630222,Mason Jones,1610612758,SAC,26.0,10,7,1.0,9,18,0.5,0.528,0.556,8,10,0.8,0.444,1,8,0.125,2024-25,Regular Season,Overall
1641707,Taylor Hendricks,1610612762,UTA,21.0,3,3,1.0,4,18,0.222,0.306,0.333,1,6,0.167,0.667,3,12,0.25,2024-25,Regular Season,Overall
1642050,Jackson Rowe,1610612744,GSW,28.0,6,6,1.0,8,17,0.471,0.559,0.412,5,7,0.714,0.588,3,10,0.3,2024-25,Regular Season,Overall
1629098,Jack McVeigh,1610612745,HOU,29.0,9,6,1.0,5,17,0.294,0.412,0.235,1,4,0.25,0.765,4,13,0.308,2024-25,Regular Season,Overall
1630604,E.J. Liddell,1610612741,CHI,24.0,12,6,1.0,8,15,0.533,0.633,0.333,5,5,1.0,0.667,3,10,0.3,2024-25,Regular Season,Overall
1631159,Leonard Miller,1610612750,MIN,21.0,13,8,1.0,6,15,0.4,0.4,0.667,6,10,0.6,0.333,0,5,0.0,2024-25,Regular Season,Overall
1630561,David Duke Jr.,1610612759,SAS,25.0,6,5,1.0,6,14,0.429,0.536,0.571,3,8,0.375,0.429,3,6,0.5,2024-25,Regular Season,Overall
1631121,Bryce McGowens,1610612757,POR,22.0,13,8,1.0,4,14,0.286,0.286,0.714,4,10,0.4,0.286,0,4,0.0,2024-25,Regular Season,Overall
1642368,N'Faly Dante,1610612745,HOU,23.0,4,4,1.0,10,13,0.769,0.769,1.0,10,13,0.769,0.0,0,0,,2024-25,Regular Season,Overall
1630201,Malachi Flynn,1610612759,SAS,27.0,4,3,1.0,5,13,0.385,0.423,0.692,4,9,0.444,0.308,1,4,0.25,2024-25,Regular Season,Overall
1631123,Jamaree Bouyea,1610612749,MIL,26.0,5,3,1.0,6,12,0.5,0.542,0.583,5,7,0.714,0.417,1,5,0.2,2024-25,Regular Season,Overall
1642384,Isaiah Crawford,1610612758,SAC,23.0,15,8,1.0,5,11,0.455,0.5,0.545,4,6,0.667,0.455,1,5,0.2,2024-25,Regular Season,Overall
1642280,Trentyn Flowers,1610612746,LAC,20.0,6,3,1.0,4,11,0.364,0.364,0.818,4,9,0.444,0.182,0,2,0.0,2024-25,Regular Season,Overall
201949,James Johnson,1610612754,IND,38.0,12,7,1.0,4,11,0.364,0.364,0.727,4,8,0.5,0.273,0,3,0.0,2024-25,Regular Season,Overall
1641752,Bobi Klintman,1610612765,DET,22.0,8,2,1.0,6,10,0.6,0.7,0.5,4,5,0.8,0.5,2,5,0.4,2024-25,Regular Season,Overall
1642450,Daniss Jenkins,1610612765,DET,23.0,7,5,1.0,3,10,0.3,0.35,0.3,2,3,0.667,0.7,1,7,0.143,2024-25,Regular Season,Overall
1631386,Taze Moore,1610612757,POR,27.0,2,2,1.0,2,10,0.2,0.25,0.6,1,6,0.167,0.4,1,4,0.25,2024-25,Regular Season,Overall
1642449,Tolu Smith,1610612765,DET,24.0,1,1,1.0,6,9,0.667,0.667,1.0,6,9,0.667,0.0,0,0,,2024-25,Regular Season,Overall
1641817,Anton Watson,1610612752,NYK,24.0,9,6,1.0,4,9,0.444,0.444,0.889,4,8,0.5,0.111,0,1,0.0,2024-25,Regular Season,Overall
1641936,Miles Norris,1610612738,BOS,25.0,3,2,1.0,2,9,0.222,0.333,0.222,0,2,0.0,0.778,2,7,0.286,2024-25,Regular Season,Overall
1641801,Emanuel Miller,1610612741,CHI,25.0,6,4,1.0,4,8,0.5,0.5,0.875,4,7,0.571,0.125,0,1,0.0,2024-25,Regular Season,Overall
1641857,Liam Robbins,1610612749,MIL,25.0,13,6,1.0,2,8,0.25,0.25,0.75,2,6,0.333,0.25,0,2,0.0,2024-25,Regular Season,Overall
1631199,Ron Harper Jr.,1610612765,DET,25.0,1,1,1.0,1,8,0.125,0.125,0.25,1,2,0.5,0.75,0,6,0.0,2024-25,Regular Season,Overall
1641803,Tristen Newton,1610612750,MIN,24.0,8,6,1.0,1,8,0.125,0.125,0.625,1,5,0.2,0.375,0,3,0.0,2024-25,Regular Season,Overall
1641766,Adama Sanogo,1610612741,CHI,23.0,4,3,1.0,4,7,0.571,0.571,1.0,4,7,0.571,0.0,0,0,,2024-25,Regular Season,Overall
200782,P.J. Tucker,1610612752,NYK,40.0,3,2,1.0,3,7,0.429,0.643,0.143,0,1,0.0,0.857,3,6,0.5,2024-25,Regular Season,Overall
1641779,Jalen Bridges,1610612756,PHX,24.0,8,6,1.0,2,7,0.286,0.429,0.0,0,0,,1.0,2,7,0.286,2024-25,Regular Season,Overall
1641755,Kevin McCullar Jr.,1610612752,NYK,24.0,4,3,1.0,2,7,0.286,0.286,0.857,2,6,0.333,0.143,0,1,0.0,2024-25,Regular Season,Overall
1630600,Isaiah Mobley,1610612755,PHI,25.0,1,1,1.0,2,7,0.286,0.357,0.571,1,4,0.25,0.429,1,3,0.333,2024-25,Regular Season,Overall
1642385,Cui Cui,1610612751,BKN,22.0,5,2,1.0,1,7,0.143,0.143,0.571,1,4,0.25,0.429,0,3,0.0,2024-25,Regular Season,Overall
1630618,D.J. Carton,1610612761,TOR,24.0,4,3,1.0,1,7,0.143,0.143,0.571,1,4,0.25,0.429,0,3,0.0,2024-25,Regular Season,Overall
1642443,Jahmir Young,1610612741,CHI,24.0,6,4,1.0,4,5,0.8,0.9,0.6,3,3,1.0,0.4,1,2,0.5,2024-25,Regular Season,Overall
1642279,Ulrich Chomche,1610612761,TOR,19.0,7,4,1.0,2,5,0.4,0.4,1.0,2,5,0.4,0.0,0,0,,2024-25,Regular Season,Overall
1642439,Quincy Olivari,1610612747,LAL,24.0,2,2,1.0,1,5,0.2,0.3,0.0,0,0,,1.0,1,5,0.2,2024-25,Regular Season,Overall
1631127,Harrison Ingram,1610612759,SAS,22.0,5,4,1.0,2,4,0.5,0.5,0.75,2,3,0.667,0.25,0,1,0.0,2024-25,Regular Season,Overall
1627746,Skal Labissiere,1610612758,SAC,29.0,4,2,1.0,2,4,0.5,0.625,0.75,1,3,0.333,0.25,1,1,1.0,2024-25,Regular Season,Overall
1630164,James Wiseman,1610612754,IND,24.0,1,1,1.0,2,4,0.5,0.5,0.75,2,3,0.667,0.25,0,1,0.0,2024-25,Regular Season,Overall
1630296,Braxton Key,1610612744,GSW,28.0,3,1,1.0,0,4,0.0,0.0,0.75,0,3,0.0,0.25,0,1,0.0,2024-25,Regular Season,Overall
1628408,PJ Dozier,1610612750,MIN,28.0,9,3,1.0,2,3,0.667,1.0,0.0,0,0,,1.0,2,3,0.667,2024-25,Regular Season,Overall
1641879,Yuri Collins,1610612744,GSW,24.0,2,1,1.0,1,3,0.333,0.333,1.0,1,3,0.333,0.0,0,0,,2024-25,Regular Season,Overall
1631214,Alondes Williams,1610612746,LAC,26.0,1,1,1.0,2,2,1.0,1.25,0.5,1,1,1.0,0.5,1,1,1.0,2024-25,Regular Season,Overall
1641815,Isaiah Stevens,1610612748,MIA,24.0,3,2,1.0,0,2,0.0,0.0,0.5,0,1,0.0,0.5,0,1,0.0,2024-25,Regular Season,Overall
1642502,Malevy Leons,1610612760,OKC,25.0,6,2,1.0,0,2,0.0,0.0,0.5,0,1,0.0,0.5,0,1,0.0,2024-25,Regular Season,Overall
1629056,Terence Davis,1610612758,SAC,28.0,1,1,1.0,0,2,0.0,0.0,0.5,0,1,0.0,0.5,0,1,0.0,2024-25,Regular Season,Overall
1630644,Mac McClung,1610612753,ORL,26.0,2,1,1.0,0,2,0.0,0.0,0.5,0,1,0.0,0.5,0,1,0.0,2024-25,Regular Season,Overall
1630678,Terry Taylor,1610612758,SAC,25.0,3,1,1.0,0,1,0.0,0.0,1.0,0,1,0.0,0.0,0,0,,2024-25,Regular Season,Overall
1642434,Riley Minix,1610612759,SAS,24.0,1,1,1.0,0,1,0.0,0.0,0.0,0,0,,1.0,0,1,0.0,2024-25,Regular Season,Overall
1630227,Daishen Nix,1610612750,MIN,23.0,3,1,1.0,0,1,0.0,0.0,0.0,0,0,,1.0,0,1,0.0,2024-25,Regular Season,Overall
1642389,Zyon Pullin,1610612763,MEM,24.0,3,1,1.0,0,1,0.0,0.0,1.0,0,1,0.0,0.0,0,0,,2024-25,Regular Season,Overall
1627736,Malik Beasley,1610612765,DET,28.0,82,82,0.531,245,568,0.431,0.647,0.0,0,0,,0.531,245,568,0.431,2024-25,Regular Season,Catch and Shoot
1628401,Derrick White,1610612738,BOS,30.0,76,76,0.481,189,461,0.41,0.613,0.004,2,4,0.5,0.477,187,457,0.409,2024-25,Regular Season,Catch and Shoot
202691,Klay Thompson,1610612742,DAL,35.0,72,72,0.511,187,448,0.417,0.612,0.043,13,38,0.342,0.468,174,410,0.424,2024-25,Regular Season,Catch and Shoot
1628969,Mikal Bridges,1610612752,NYK,28.0,81,80,0.38,176,444,0.396,0.563,0.039,28,46,0.609,0.34,148,398,0.372,2024-25,Regular Season,Catch and Shoot
1626167,Myles Turner,1610612754,IND,29.0,72,72,0.539,188,437,0.43,0.594,0.1,45,81,0.556,0.439,143,356,0.402,2024-25,Regular Season,Catch and Shoot
1630577,Julian Champagnie,1610612759,SAS,24.0,82,80,0.635,157,422,0.372,0.557,0.003,1,2,0.5,0.632,156,420,0.371,2024-25,Regular Season,Catch and Shoot
202696,Nikola Vucevic,1610612741,CHI,34.0,73,73,0.406,180,421,0.428,0.578,0.099,53,103,0.515,0.306,127,318,0.399,2024-25,Regular Season,Catch and Shoot
1631099,Keegan Murray,1610612758,SAC,24.0,76,76,0.505,146,414,0.353,0.528,0.01,1,8,0.125,0.495,145,406,0.357,2024-25,Regular Season,Catch and Shoot
201572,Brook Lopez,1610612749,MIL,37.0,80,79,0.531,156,411,0.38,0.541,0.068,23,53,0.434,0.463,133,358,0.372,2024-25,Regular Season,Catch and Shoot
1628415,Dillon Brooks,1610612745,HOU,29.0,75,74,0.441,166,395,0.42,0.62,0.01,8,9,0.889,0.431,158,386,0.409,2024-25,Regular Season,Catch and Shoot
1627741,Buddy Hield,1610612744,GSW,32.0,82,82,0.501,154,394,0.391,0.581,0.013,4,10,0.4,0.489,150,384,0.391,2024-25,Regular Season,Catch and Shoot
1630202,Payton Pritchard,1610612738,BOS,27.0,80,78,0.455,174,391,0.445,0.666,0.002,1,2,0.5,0.452,173,389,0.445,2024-25,Regular Season,Catch and Shoot
1627777,Georges Niang,1610612737,ATL,32.0,79,79,0.627,158,389,0.406,0.609,0.005,0,3,0.0,0.623,158,386,0.409,2024-25,Regular Season,Catch and Shoot
1626220,Royce O'Neale,1610612756,PHX,32.0,75,75,0.679,163,387,0.421,0.632,0.002,0,1,0.0,0.677,163,386,0.422,2024-25,Regular Season,Catch and Shoot
203501,Tim Hardaway Jr.,1610612765,DET,33.0,77,75,0.566,143,385,0.371,0.553,0.013,3,9,0.333,0.553,140,376,0.372,2024-25,Regular Season,Catch and Shoot
1629675,Naz Reid,1610612750,MIN,25.0,80,78,0.415,143,383,0.373,0.556,0.009,3,8,0.375,0.406,140,375,0.373,2024-25,Regular Season,Catch and Shoot
1629008,Michael Porter Jr.,1610612743,DEN,27.0,77,75,0.368,155,381,0.407,0.601,0.026,7,27,0.259,0.342,148,354,0.418,2024-25,Regular Season,Catch and Shoot
1628374,Lauri Markkanen,1610612762,UTA,28.0,47,47,0.539,129,377,0.342,0.512,0.016,1,11,0.091,0.523,128,366,0.35,2024-25,Regular Season,Catch and Shoot
1628384,OG Anunoby,1610612752,NYK,27.0,73,73,0.372,144,376,0.383,0.568,0.009,5,9,0.556,0.363,139,367,0.379,2024-25,Regular Season,Catch and Shoot
201939,Stephen Curry,1610612744,GSW,37.0,70,69,0.294,161,369,0.436,0.645,0.01,7,13,0.538,0.283,154,356,0.433,2024-25,Regular Season,Catch and Shoot
1629652,Luguentz Dort,1610612760,OKC,26.0,71,70,0.607,153,360,0.425,0.632,0.012,4,7,0.571,0.595,149,353,0.422,2024-25,Regular Season,Catch and Shoot
1642377,Jaylen Wells,1610612763,MEM,21.0,78,78,0.531,127,357,0.356,0.52,0.036,10,24,0.417,0.496,117,333,0.351,2024-25,Regular Season,Catch and Shoot
1629639,Tyler Herro,1610612748,MIA,25.0,77,76,0.256,142,353,0.402,0.593,0.009,7,13,0.538,0.247,135,340,0.397,2024-25,Regular Season,Catch and Shoot
201142,Kevin Durant,1610612756,PHX,36.0,62,62,0.313,168,352,0.477,0.669,0.05,33,56,0.589,0.263,135,296,0.456,2024-25,Regular Season,Catch and Shoot
1630592,Jalen Wilson,1610612751,BKN,24.0,79,79,0.558,121,346,0.35,0.522,0.008,2,5,0.4,0.55,119,341,0.349,2024-25,Regular Season,Catch and Shoot
1630198,Isaiah Joe,1610612760,OKC,25.0,74,73,0.587,158,345,0.458,0.68,0.014,5,8,0.625,0.573,153,337,0.454,2024-25,Regular Season,Catch and Shoot
1642259,Alex Sarr,1610612764,WAS,20.0,67,67,0.413,103,342,0.301,0.446,0.027,4,22,0.182,0.386,99,320,0.309,2024-25,Regular Season,Catch and Shoot
1630170,Devin Vassell,1610612759,SAS,24.0,64,64,0.382,132,340,0.388,0.566,0.025,11,22,0.5,0.358,121,318,0.381,2024-25,Regular Season,Catch and Shoot
1627783,Pascal Siakam,1610612754,IND,31.0,78,77,0.287,139,339,0.41,0.58,0.039,24,46,0.522,0.248,115,293,0.392,2024-25,Regular Season,Catch and Shoot
1628991,Jaren Jackson Jr.,1610612763,MEM,25.0,73,72,0.283,136,339,0.401,0.59,0.013,8,15,0.533,0.27,128,324,0.395,2024-25,Regular Season,Catch and Shoot
1626145,Tyus Jones,1610612756,PHX,29.0,81,80,0.493,147,337,0.436,0.647,0.01,5,7,0.714,0.483,142,330,0.43,2024-25,Regular Season,Catch and Shoot
1629632,Coby White,1610612741,CHI,25.0,74,74,0.299,128,335,0.382,0.572,0.004,1,4,0.25,0.295,127,331,0.384,2024-25,Regular Season,Catch and Shoot
1629018,Gary Trent Jr.,1610612749,MIL,26.0,74,72,0.508,139,334,0.416,0.62,0.008,3,5,0.6,0.501,136,329,0.413,2024-25,Regular Season,Catch and Shoot
1642258,Zaccharie Risacher,1610612737,ATL,20.0,75,75,0.423,120,330,0.364,0.535,0.028,7,22,0.318,0.395,113,308,0.367,2024-25,Regular Season,Catch and Shoot
1630573,Sam Hauser,1610612738,BOS,27.0,71,67,0.695,132,326,0.405,0.606,0.011,1,5,0.2,0.684,131,321,0.408,2024-25,Regular Season,Catch and Shoot
1641739,Toumani Camara,1610612757,POR,25.0,78,78,0.441,118,316,0.373,0.56,0.0,0,0,,0.441,118,316,0.373,2024-25,Regular Season,Catch and Shoot
201143,Al Horford,1610612738,BOS,39.0,60,58,0.691,112,315,0.356,0.53,0.02,2,9,0.222,0.671,110,306,0.359,2024-25,Regular Season,Catch and Shoot
203084,Harrison Barnes,1610612759,SAS,33.0,82,81,0.46,139,314,0.443,0.662,0.001,1,1,1.0,0.458,138,313,0.441,2024-25,Regular Season,Catch and Shoot
1629631,De'Andre Hunter,1610612739,CLE,27.0,64,64,0.414,131,314,0.417,0.611,0.018,9,14,0.643,0.395,122,300,0.407,2024-25,Regular Season,Catch and Shoot
1630553,Keon Johnson,1610612751,BKN,23.0,79,76,0.403,107,314,0.341,0.508,0.008,2,6,0.333,0.395,105,308,0.341,2024-25,Regular Season,Catch and Shoot
1628978,Donte DiVincenzo,1610612750,MIN,28.0,62,62,0.524,127,311,0.408,0.613,0.0,0,0,,0.524,127,311,0.408,2024-25,Regular Season,Catch and Shoot
1629014,Anfernee Simons,1610612757,POR,26.0,70,70,0.276,117,311,0.376,0.558,0.01,4,11,0.364,0.267,113,300,0.377,2024-25,Regular Season,Catch and Shoot
1630241,Sam Merrill,1610612739,CLE,29.0,71,70,0.731,119,310,0.384,0.573,0.009,2,4,0.5,0.722,117,306,0.382,2024-25,Regular Season,Catch and Shoot
1641705,Victor Wembanyama,1610612759,SAS,21.0,46,46,0.359,122,308,0.396,0.56,0.047,21,40,0.525,0.313,101,268,0.377,2024-25,Regular Season,Catch and Shoot
1626157,Karl-Anthony Towns,1610612752,NYK,29.0,71,70,0.255,139,307,0.453,0.663,0.023,10,28,0.357,0.232,129,279,0.462,2024-25,Regular Season,Catch and Shoot
1630541,Moses Moody,1610612744,GSW,23.0,74,74,0.539,110,306,0.359,0.539,0.014,0,8,0.0,0.525,110,298,0.369,2024-25,Regular Season,Catch and Shoot
1627827,Dorian Finney-Smith,1610612747,LAL,32.0,63,62,0.701,126,305,0.413,0.618,0.005,1,2,0.5,0.697,125,303,0.413,2024-25,Regular Season,Catch and Shoot
1628389,Bam Adebayo,1610612748,MIA,27.0,78,78,0.274,122,305,0.4,0.505,0.118,58,131,0.443,0.156,64,174,0.368,2024-25,Regular Season,Catch and Shoot
1630583,Santi Aldama,1610612763,MEM,24.0,64,62,0.475,112,302,0.371,0.543,0.028,8,18,0.444,0.447,104,284,0.366,2024-25,Regular Season,Catch and Shoot
1628989,Kevin Huerter,1610612741,CHI,26.0,69,68,0.5,99,302,0.328,0.488,0.007,2,4,0.5,0.493,97,298,0.326,2024-25,Regular Season,Catch and Shoot
1629638,Nickeil Alexander-Walker,1610612750,MIN,26.0,82,82,0.487,128,300,0.427,0.635,0.01,3,6,0.5,0.477,125,294,0.425,2024-25,Regular Season,Catch and Shoot
1629130,Duncan Robinson,1610612748,MIA,31.0,74,71,0.452,116,300,0.387,0.58,0.0,0,0,,0.452,116,300,0.387,2024-25,Regular Season,Catch and Shoot
1629661,Cameron Johnson,1610612751,BKN,29.0,57,57,0.4,121,299,0.405,0.6,0.012,4,9,0.444,0.388,117,290,0.403,2024-25,Regular Season,Catch and Shoot
1630530,Trey Murphy III,1610612740,NOP,25.0,53,52,0.35,118,294,0.401,0.595,0.011,4,9,0.444,0.34,114,285,0.4,2024-25,Regular Season,Catch and Shoot
1630559,Austin Reaves,1610612747,LAL,27.0,73,71,0.283,117,293,0.399,0.596,0.005,2,5,0.4,0.278,115,288,0.399,2024-25,Regular Season,Catch and Shoot
203999,Nikola Jokić,1610612743,DEN,30.0,70,68,0.212,141,289,0.488,0.671,0.04,35,55,0.636,0.172,106,234,0.453,2024-25,Regular Season,Catch and Shoot
1626164,Devin Booker,1610612756,PHX,28.0,75,73,0.204,110,289,0.381,0.535,0.032,21,45,0.467,0.172,89,244,0.365,2024-25,Regular Season,Catch and Shoot
1628960,Grayson Allen,1610612756,PHX,29.0,64,63,0.589,125,288,0.434,0.651,0.0,0,0,,0.589,125,288,0.434,2024-25,Regular Season,Catch and Shoot
1630224,Jalen Green,1610612745,HOU,23.0,82,76,0.2,116,287,0.404,0.596,0.013,6,18,0.333,0.187,110,269,0.409,2024-25,Regular Season,Catch and Shoot
203924,Jerami Grant,1610612757,POR,31.0,47,47,0.5,106,287,0.369,0.551,0.01,2,6,0.333,0.49,104,281,0.37,2024-25,Regular Season,Catch and Shoot
1630557,Corey Kispert,1610612764,WAS,26.0,61,61,0.506,106,286,0.371,0.552,0.009,2,5,0.4,0.497,104,281,0.37,2024-25,Regular Season,Catch and Shoot
1630598,Aaron Wiggins,1610612760,OKC,26.0,76,74,0.391,111,285,0.389,0.581,0.008,2,6,0.333,0.383,109,279,0.391,2024-25,Regular Season,Catch and Shoot
1629673,Jordan Poole,1610612764,WAS,26.0,68,67,0.269,105,284,0.37,0.549,0.005,3,5,0.6,0.264,102,279,0.366,2024-25,Regular Season,Catch and Shoot
1642261,Dalton Knecht,1610612747,LAL,24.0,78,75,0.506,106,282,0.376,0.562,0.002,1,1,1.0,0.504,105,281,0.374,2024-25,Regular Season,Catch and Shoot
1631260,AJ Green,1610612749,MIL,25.0,73,69,0.651,122,276,0.442,0.661,0.009,1,4,0.25,0.642,121,272,0.445,2024-25,Regular Season,Catch and Shoot
203484,Kentavious Caldwell-Pope,1610612763,MEM,32.0,77,75,0.507,101,276,0.366,0.536,0.024,7,13,0.538,0.483,94,263,0.357,2024-25,Regular Season,Catch and Shoot
1641729,Brice Sensabaugh,1610612762,UTA,21.0,71,68,0.459,119,275,0.433,0.647,0.008,1,5,0.2,0.451,118,270,0.437,2024-25,Regular Season,Catch and Shoot
1629628,RJ Barrett,1610612761,TOR,25.0,58,58,0.28,100,274,0.365,0.546,0.002,1,2,0.5,0.278,99,272,0.364,2024-25,Regular Season,Catch and Shoot
1630533,Ziaire Williams,1610612751,BKN,23.0,63,62,0.525,99,273,0.363,0.542,0.004,1,2,0.5,0.521,98,271,0.362,2024-25,Regular Season,Catch and Shoot
1630166,Deni Avdija,1610612757,POR,24.0,72,72,0.322,95,272,0.349,0.522,0.008,1,7,0.143,0.314,94,265,0.355,2024-25,Regular Season,Catch and Shoot
201942,DeMar DeRozan,1610612758,SAC,35.0,77,76,0.206,100,270,0.37,0.489,0.067,36,87,0.414,0.14,64,183,0.35,2024-25,Regular Season,Catch and Shoot
1631165,Keon Ellis,1610612758,SAC,25.0,80,77,0.58,119,269,0.442,0.654,0.013,5,6,0.833,0.567,114,263,0.433,2024-25,Regular Season,Catch and Shoot
1627752,Taurean Prince,1610612749,MIL,31.0,80,78,0.521,133,268,0.496,0.744,0.002,0,1,0.0,0.519,133,267,0.498,2024-25,Regular Season,Catch and Shoot
1630183,Jaden McDaniels,1610612750,MIN,24.0,82,78,0.321,89,268,0.332,0.496,0.004,1,3,0.333,0.318,88,265,0.332,2024-25,Regular Season,Catch and Shoot
1631108,Max Christie,1610612742,DAL,22.0,78,74,0.453,108,267,0.404,0.607,0.002,0,1,0.0,0.452,108,266,0.406,2024-25,Regular Season,Catch and Shoot
1627824,Guerschon Yabusele,1610612755,PHI,29.0,70,69,0.474,103,267,0.386,0.577,0.012,1,7,0.143,0.462,102,260,0.392,2024-25,Regular Season,Catch and Shoot
1641711,Gradey Dick,1610612761,TOR,21.0,54,54,0.411,105,266,0.395,0.573,0.028,10,18,0.556,0.383,95,248,0.383,2024-25,Regular Season,Catch and Shoot
1630167,Obi Toppin,1610612754,IND,27.0,79,77,0.441,101,264,0.383,0.57,0.008,2,5,0.4,0.432,99,259,0.382,2024-25,Regular Season,Catch and Shoot
1642273,Kyshawn George,1610612764,WAS,21.0,68,66,0.482,91,263,0.346,0.517,0.004,1,2,0.5,0.478,90,261,0.345,2024-25,Regular Season,Catch and Shoot
1642346,Ryan Dunn,1610612756,PHX,22.0,74,65,0.55,83,262,0.317,0.466,0.032,5,15,0.333,0.519,78,247,0.316,2024-25,Regular Season,Catch and Shoot
1631095,Jabari Smith Jr.,1610612745,HOU,22.0,57,57,0.461,99,261,0.379,0.554,0.03,8,17,0.471,0.431,91,244,0.373,2024-25,Regular Season,Catch and Shoot
1629060,Rui Hachimura,1610612747,LAL,27.0,59,59,0.453,112,260,0.431,0.623,0.035,12,20,0.6,0.418,100,240,0.417,2024-25,Regular Season,Catch and Shoot
1628970,Miles Bridges,1610612766,CHA,27.0,64,64,0.237,90,258,0.349,0.517,0.006,3,6,0.5,0.231,87,252,0.345,2024-25,Regular Season,Catch and Shoot
1630548,Johnny Juzang,1610612762,UTA,24.0,64,62,0.541,100,257,0.389,0.582,0.004,1,2,0.5,0.537,99,255,0.388,2024-25,Regular Season,Catch and Shoot
1628378,Donovan Mitchell,1610612739,CLE,28.0,71,70,0.193,101,255,0.396,0.59,0.008,2,11,0.182,0.185,99,244,0.406,2024-25,Regular Season,Catch and Shoot
1629656,Quentin Grimes,1610612755,PHI,25.0,75,70,0.307,99,253,0.391,0.587,0.002,0,2,0.0,0.305,99,251,0.394,2024-25,Regular Season,Catch and Shoot
203110,Draymond Green,1610612744,GSW,35.0,68,66,0.497,85,253,0.336,0.484,0.037,10,19,0.526,0.46,75,234,0.321,2024-25,Regular Season,Catch and Shoot
204001,Kristaps Porziņģis,1610612738,BOS,29.0,42,41,0.453,111,252,0.44,0.639,0.032,11,18,0.611,0.421,100,234,0.427,2024-25,Regular Season,Catch and Shoot
1628370,Malik Monk,1610612758,SAC,27.0,65,62,0.267,86,251,0.343,0.514,0.003,0,3,0.0,0.264,86,248,0.347,2024-25,Regular Season,Catch and Shoot
1626181,Norman Powell,1610612746,LAC,32.0,60,60,0.263,113,249,0.454,0.671,0.011,5,10,0.5,0.253,108,239,0.452,2024-25,Regular Season,Catch and Shoot
1641824,Matas Buzelis,1610612741,CHI,20.0,80,71,0.449,90,249,0.361,0.538,0.009,2,5,0.4,0.44,88,244,0.361,2024-25,Regular Season,Catch and Shoot
1641718,Keyonte George,1610612762,UTA,21.0,67,64,0.27,91,248,0.367,0.544,0.008,3,7,0.429,0.262,88,241,0.365,2024-25,Regular Season,Catch and Shoot
203471,Dennis Schröder,1610612765,DET,31.0,75,72,0.299,87,247,0.352,0.522,0.008,3,7,0.429,0.291,84,240,0.35,2024-25,Regular Season,Catch and Shoot
1629622,Max Strus,1610612739,CLE,29.0,50,50,0.654,100,244,0.41,0.615,0.0,0,0,,0.654,100,244,0.41,2024-25,Regular Season,Catch and Shoot
203952,Andrew Wiggins,1610612748,MIA,30.0,60,60,0.291,96,244,0.393,0.588,0.004,1,3,0.333,0.287,95,241,0.394,2024-25,Regular Season,Catch and Shoot
1631101,Shaedon Sharpe,1610612757,POR,22.0,72,69,0.22,75,243,0.309,0.459,0.009,2,10,0.2,0.211,73,233,0.313,2024-25,Regular Season,Catch and Shoot
203468,CJ McCollum,1610612740,NOP,33.0,56,56,0.242,100,242,0.413,0.605,0.01,7,10,0.7,0.232,93,232,0.401,2024-25,Regular Season,Catch and Shoot
202699,Tobias Harris,1610612765,DET,32.0,73,70,0.301,93,242,0.384,0.562,0.014,7,11,0.636,0.287,86,231,0.372,2024-25,Regular Season,Catch and Shoot
1641722,Jordan Hawkins,1610612740,NOP,23.0,56,56,0.432,85,240,0.354,0.523,0.011,4,6,0.667,0.421,81,234,0.346,2024-25,Regular Season,Catch and Shoot
1641730,Noah Clowney,1610612751,BKN,20.0,46,45,0.645,81,240,0.338,0.506,0.0,0,0,,0.645,81,240,0.338,2024-25,Regular Season,Catch and Shoot
1629636,Darius Garland,1610612739,CLE,25.0,75,73,0.203,100,238,0.42,0.624,0.005,3,6,0.5,0.198,97,232,0.418,2024-25,Regular Season,Catch and Shoot
1630182,Josh Green,1610612766,CHA,24.0,68,65,0.561,94,236,0.398,0.595,0.007,1,3,0.333,0.553,93,233,0.399,2024-25,Regular Season,Catch and Shoot
1631213,Tyrese Martin,1610612751,BKN,26.0,60,57,0.508,90,236,0.381,0.564,0.009,4,4,1.0,0.499,86,232,0.371,2024-25,Regular Season,Catch and Shoot
1630534,Ochai Agbaji,1610612761,TOR,25.0,64,61,0.44,93,235,0.396,0.594,0.002,0,1,0.0,0.438,93,234,0.397,2024-25,Regular Season,Catch and Shoot
1629216,Gabe Vincent,1610612747,LAL,29.0,72,67,0.557,86,234,0.368,0.551,0.007,0,3,0.0,0.55,86,231,0.372,2024-25,Regular Season,Catch and Shoot
1626168,Trey Lyles,1610612758,SAC,29.0,69,67,0.62,85,232,0.366,0.539,0.021,5,8,0.625,0.599,80,224,0.357,2024-25,Regular Season,Catch and Shoot
1628398,Kyle Kuzma,1610612749,MIL,29.0,65,62,0.272,73,231,0.316,0.47,0.011,2,9,0.222,0.262,71,222,0.32,2024-25,Regular Season,Catch and Shoot
1629640,Keldon Johnson,1610612759,SAS,25.0,77,71,0.3,69,231,0.299,0.448,0.004,0,3,0.0,0.296,69,228,0.303,2024-25,Regular Season,Catch and Shoot
1642419,Jamison Battle,1610612761,TOR,24.0,59,54,0.663,93,230,0.404,0.602,0.014,2,5,0.4,0.648,91,225,0.404,2024-25,Regular Season,Catch and Shoot
1629312,Haywood Highsmith,1610612748,MIA,28.0,74,68,0.587,88,229,0.384,0.568,0.026,4,10,0.4,0.562,84,219,0.384,2024-25,Regular Season,Catch and Shoot
1641733,Nick Smith Jr.,1610612766,CHA,21.0,60,57,0.403,77,229,0.336,0.504,0.007,0,4,0.0,0.396,77,225,0.342,2024-25,Regular Season,Catch and Shoot
1631114,Jalen Williams,1610612760,OKC,24.0,69,66,0.195,92,228,0.404,0.596,0.004,4,5,0.8,0.191,88,223,0.395,2024-25,Regular Season,Catch and Shoot
2544,LeBron James,1610612747,LAL,40.0,70,66,0.178,97,226,0.429,0.619,0.017,11,21,0.524,0.161,86,205,0.42,2024-25,Regular Season,Catch and Shoot
1629599,Amir Coffey,1610612746,LAC,28.0,72,68,0.443,95,226,0.42,0.622,0.02,4,10,0.4,0.424,91,216,0.421,2024-25,Regular Season,Catch and Shoot
1642264,Stephon Castle,1610612759,SAS,20.0,81,75,0.229,69,226,0.305,0.454,0.005,2,5,0.4,0.224,67,221,0.303,2024-25,Regular Season,Catch and Shoot
203944,Julius Randle,1610612750,MIN,30.0,69,68,0.24,79,225,0.351,0.524,0.004,1,4,0.25,0.235,78,221,0.353,2024-25,Regular Season,Catch and Shoot
1630581,Josh Giddey,1610612741,CHI,22.0,70,67,0.283,87,224,0.388,0.574,0.01,4,8,0.5,0.273,83,216,0.384,2024-25,Regular Season,Catch and Shoot
1626171,Bobby Portis,1610612749,MIL,30.0,49,49,0.376,84,224,0.375,0.507,0.094,25,56,0.446,0.282,59,168,0.351,2024-25,Regular Season,Catch and Shoot
1630163,LaMelo Ball,1610612766,CHA,23.0,47,47,0.22,82,221,0.371,0.552,0.003,2,3,0.667,0.217,80,218,0.367,2024-25,Regular Season,Catch and Shoot
1630188,Jalen Smith,1610612741,CHI,25.0,64,61,0.539,70,220,0.318,0.475,0.017,1,7,0.143,0.522,69,213,0.324,2024-25,Regular Season,Catch and Shoot
1627832,Fred VanVleet,1610612745,HOU,31.0,60,57,0.289,83,219,0.379,0.566,0.003,1,2,0.5,0.286,82,217,0.378,2024-25,Regular Season,Catch and Shoot
203897,Zach LaVine,1610612758,SAC,30.0,74,71,0.177,96,217,0.442,0.654,0.009,4,11,0.364,0.168,92,206,0.447,2024-25,Regular Season,Catch and Shoot
1642267,Bub Carrington,1610612764,WAS,19.0,82,73,0.29,71,217,0.327,0.482,0.015,4,11,0.364,0.275,67,206,0.325,2024-25,Regular Season,Catch and Shoot
203992,Bogdan Bogdanović,1610612746,LAC,32.0,54,52,0.439,81,216,0.375,0.549,0.026,6,13,0.462,0.413,75,203,0.369,2024-25,Regular Season,Catch and Shoot
1630162,Anthony Edwards,1610612750,MIN,23.0,79,69,0.133,92,215,0.428,0.633,0.004,4,6,0.667,0.13,88,209,0.421,2024-25,Regular Season,Catch and Shoot
1631124,Julian Strawther,1610612743,DEN,23.0,65,61,0.456,77,215,0.358,0.537,0.0,0,0,,0.456,77,215,0.358,2024-25,Regular Season,Catch and Shoot
1641783,Tristan da Silva,1610612753,ORL,24.0,74,68,0.445,74,215,0.344,0.502,0.031,6,15,0.4,0.414,68,200,0.34,2024-25,Regular Season,Catch and Shoot
1629731,Dean Wade,1610612739,CLE,28.0,59,57,0.79,77,214,0.36,0.54,0.0,0,0,,0.79,77,214,0.36,2024-25,Regular Season,Catch and Shoot
201566,Russell Westbrook,1610612743,DEN,36.0,75,69,0.263,71,214,0.332,0.495,0.005,1,4,0.25,0.258,70,210,0.333,2024-25,Regular Season,Catch and Shoot
1628369,Jayson Tatum,1610612738,BOS,27.0,72,68,0.148,87,213,0.408,0.592,0.012,9,18,0.5,0.135,78,195,0.4,2024-25,Regular Season,Catch and Shoot
1630567,Scottie Barnes,1610612761,TOR,23.0,65,61,0.201,67,213,0.315,0.432,0.03,17,32,0.531,0.17,50,181,0.276,2024-25,Regular Season,Catch and Shoot
1627884,Derrick Jones Jr.,1610612746,LAC,28.0,77,72,0.357,80,210,0.381,0.564,0.007,3,4,0.75,0.35,77,206,0.374,2024-25,Regular Season,Catch and Shoot
1642271,Kyle Filipowski,1610612762,UTA,21.0,72,62,0.405,74,210,0.352,0.519,0.015,4,8,0.5,0.39,70,202,0.347,2024-25,Regular Season,Catch and Shoot
203081,Damian Lillard,1610612749,MIL,34.0,58,54,0.21,86,208,0.413,0.618,0.003,1,3,0.333,0.207,85,205,0.415,2024-25,Regular Season,Catch and Shoot
1627739,Kris Dunn,1610612746,LAC,31.0,74,71,0.474,68,207,0.329,0.493,0.005,0,2,0.0,0.469,68,205,0.332,2024-25,Regular Season,Catch and Shoot
1630596,Evan Mobley,1610612739,CLE,24.0,71,68,0.227,80,206,0.388,0.568,0.017,6,15,0.4,0.211,74,191,0.387,2024-25,Regular Season,Catch and Shoot
1628379,Luke Kennard,1610612763,MEM,29.0,64,59,0.483,96,205,0.468,0.69,0.026,5,11,0.455,0.458,91,194,0.469,2024-25,Regular Season,Catch and Shoot
1630700,Dyson Daniels,1610612737,ATL,22.0,76,70,0.222,77,205,0.376,0.549,0.013,6,12,0.5,0.209,71,193,0.368,2024-25,Regular Season,Catch and Shoot
1630532,Franz Wagner,1610612753,ORL,23.0,60,58,0.176,62,204,0.304,0.446,0.005,4,6,0.667,0.171,58,198,0.293,2024-25,Regular Season,Catch and Shoot
203078,Bradley Beal,1610612756,PHX,32.0,53,52,0.291,82,202,0.406,0.594,0.022,6,15,0.4,0.269,76,187,0.406,2024-25,Regular Season,Catch and Shoot
201587,Nicolas Batum,1610612746,LAC,36.0,78,68,0.845,89,201,0.443,0.657,0.034,3,8,0.375,0.811,86,193,0.446,2024-25,Regular Season,Catch and Shoot
1628976,Wendell Carter Jr.,1610612753,ORL,26.0,68,67,0.409,58,201,0.289,0.381,0.09,21,44,0.477,0.32,37,157,0.236,2024-25,Regular Season,Catch and Shoot
1627734,Domantas Sabonis,1610612758,SAC,29.0,70,63,0.224,86,200,0.43,0.585,0.055,24,49,0.49,0.169,62,151,0.411,2024-25,Regular Season,Catch and Shoot
1630643,Jay Huff,1610612763,MEM,27.0,64,54,0.656,77,200,0.385,0.578,0.02,0,6,0.0,0.636,77,194,0.397,2024-25,Regular Season,Catch and Shoot
1626162,Kelly Oubre Jr.,1610612755,PHI,29.0,60,60,0.27,66,200,0.33,0.493,0.004,1,3,0.333,0.266,65,197,0.33,2024-25,Regular Season,Catch and Shoot
1630631,Jose Alvarado,1610612740,NOP,27.0,56,54,0.382,71,199,0.357,0.535,0.0,0,0,,0.382,71,199,0.357,2024-25,Regular Season,Catch and Shoot
1631323,Simone Fontecchio,1610612765,DET,29.0,75,71,0.534,71,199,0.357,0.53,0.008,2,3,0.667,0.525,69,196,0.352,2024-25,Regular Season,Catch and Shoot
1628368,De'Aaron Fox,1610612759,SAS,27.0,62,60,0.171,65,199,0.327,0.477,0.008,5,9,0.556,0.163,60,190,0.316,2024-25,Regular Season,Catch and Shoot
201950,Jrue Holiday,1610612738,BOS,35.0,62,57,0.352,79,198,0.399,0.598,0.002,0,1,0.0,0.35,79,197,0.401,2024-25,Regular Season,Catch and Shoot
1630540,Miles McBride,1610612752,NYK,24.0,63,60,0.368,78,197,0.396,0.594,0.007,0,4,0.0,0.361,78,193,0.404,2024-25,Regular Season,Catch and Shoot
1630172,Patrick Williams,1610612741,CHI,23.0,63,60,0.382,72,197,0.365,0.548,0.006,0,3,0.0,0.376,72,194,0.371,2024-25,Regular Season,Catch and Shoot
1627759,Jaylen Brown,1610612738,BOS,28.0,63,58,0.176,73,194,0.376,0.544,0.011,8,12,0.667,0.165,65,182,0.357,2024-25,Regular Season,Catch and Shoot
1630217,Desmond Bane,1610612753,ORL,27.0,68,66,0.193,82,193,0.425,0.624,0.011,5,11,0.455,0.182,77,182,0.423,2024-25,Regular Season,Catch and Shoot
1631107,Nikola Jović,1610612748,MIA,22.0,46,44,0.511,72,193,0.373,0.557,0.008,1,3,0.333,0.503,71,190,0.374,2024-25,Regular Season,Catch and Shoot
1630590,Scotty Pippen Jr.,1610612763,MEM,24.0,78,68,0.325,82,192,0.427,0.641,0.003,0,2,0.0,0.321,82,190,0.432,2024-25,Regular Season,Catch and Shoot
1641706,Brandon Miller,1610612766,CHA,22.0,27,27,0.391,74,192,0.385,0.576,0.002,1,1,1.0,0.389,73,191,0.382,2024-25,Regular Season,Catch and Shoot
1630230,Naji Marshall,1610612742,DAL,27.0,69,63,0.27,62,192,0.323,0.474,0.007,4,5,0.8,0.263,58,187,0.31,2024-25,Regular Season,Catch and Shoot
1628404,Josh Hart,1610612752,NYK,30.0,76,72,0.248,62,190,0.326,0.482,0.017,3,13,0.231,0.231,59,177,0.333,2024-25,Regular Season,Catch and Shoot
1626156,D'Angelo Russell,1610612751,BKN,29.0,58,57,0.298,52,190,0.274,0.408,0.009,1,6,0.167,0.288,51,184,0.277,2024-25,Regular Season,Catch and Shoot
1627747,Caris LeVert,1610612737,ATL,30.0,64,61,0.316,67,189,0.354,0.532,0.002,0,1,0.0,0.314,67,188,0.356,2024-25,Regular Season,Catch and Shoot
1641764,Brandin Podziemski,1610612744,GSW,22.0,64,57,0.299,74,188,0.394,0.588,0.006,1,4,0.25,0.293,73,184,0.397,2024-25,Regular Season,Catch and Shoot
1629726,Garrison Mathews,1610612737,ATL,28.0,47,45,0.728,76,187,0.406,0.604,0.023,2,6,0.333,0.704,74,181,0.409,2024-25,Regular Season,Catch and Shoot
1627750,Jamal Murray,1610612743,DEN,28.0,67,62,0.169,74,187,0.396,0.586,0.006,3,7,0.429,0.163,71,180,0.394,2024-25,Regular Season,Catch and Shoot
1641731,Bilal Coulibaly,1610612764,WAS,20.0,59,55,0.298,51,186,0.274,0.409,0.008,1,5,0.2,0.29,50,181,0.276,2024-25,Regular Season,Catch and Shoot
1641717,Cason Wallace,1610612760,OKC,21.0,68,64,0.374,68,183,0.372,0.555,0.004,1,2,0.5,0.37,67,181,0.37,2024-25,Regular Season,Catch and Shoot
1641767,Ben Sheppard,1610612754,IND,23.0,63,60,0.638,65,183,0.355,0.53,0.014,1,4,0.25,0.624,64,179,0.358,2024-25,Regular Season,Catch and Shoot
1642366,Quinten Post,1610612744,GSW,25.0,42,40,0.664,76,182,0.418,0.613,0.029,5,8,0.625,0.635,71,174,0.408,2024-25,Regular Season,Catch and Shoot
203076,Anthony Davis,1610612742,DAL,32.0,51,49,0.2,65,182,0.357,0.44,0.091,35,83,0.422,0.109,30,99,0.303,2024-25,Regular Season,Catch and Shoot
1629023,P.J. Washington,1610612742,DAL,26.0,57,54,0.272,73,181,0.403,0.599,0.005,2,3,0.667,0.268,71,178,0.399,2024-25,Regular Season,Catch and Shoot
1631128,Christian Braun,1610612743,DEN,24.0,79,70,0.223,71,181,0.392,0.58,0.006,3,5,0.6,0.217,68,176,0.386,2024-25,Regular Season,Catch and Shoot
1628449,Chris Boucher,1610612761,TOR,32.0,50,50,0.491,68,181,0.376,0.558,0.019,2,7,0.286,0.472,66,174,0.379,2024-25,Regular Season,Catch and Shoot
1630578,Alperen Sengun,1610612745,HOU,22.0,76,71,0.157,66,179,0.369,0.419,0.094,48,108,0.444,0.062,18,71,0.254,2024-25,Regular Season,Catch and Shoot
1631106,Tari Eason,1610612745,HOU,24.0,57,55,0.32,63,179,0.352,0.522,0.011,2,6,0.333,0.309,61,173,0.353,2024-25,Regular Season,Catch and Shoot
1630551,Justin Champagnie,1610612764,WAS,24.0,62,55,0.423,73,174,0.42,0.626,0.005,1,2,0.5,0.418,72,172,0.419,2024-25,Regular Season,Catch and Shoot
1630703,Scoot Henderson,1610612757,POR,21.0,66,62,0.25,62,171,0.363,0.532,0.016,4,11,0.364,0.234,58,160,0.363,2024-25,Regular Season,Catch and Shoot
1630625,Dalano Banton,1610612757,POR,25.0,67,51,0.335,59,170,0.347,0.521,0.004,0,2,0.0,0.331,59,168,0.351,2024-25,Regular Season,Catch and Shoot
1628371,Jonathan Isaac,1610612753,ORL,27.0,71,61,0.515,48,167,0.287,0.404,0.068,9,22,0.409,0.448,39,145,0.269,2024-25,Regular Season,Catch and Shoot
202692,Alec Burks,1610612748,MIA,33.0,49,40,0.613,70,166,0.422,0.633,0.004,0,1,0.0,0.609,70,165,0.424,2024-25,Regular Season,Catch and Shoot
1626179,Terry Rozier,1610612748,MIA,31.0,64,57,0.261,55,166,0.331,0.494,0.002,1,1,1.0,0.26,54,165,0.327,2024-25,Regular Season,Catch and Shoot
201144,Mike Conley,1610612750,MIN,37.0,71,63,0.35,71,164,0.433,0.649,0.004,0,2,0.0,0.346,71,162,0.438,2024-25,Regular Season,Catch and Shoot
1630526,Jeremiah Robinson-Earl,1610612740,NOP,24.0,66,59,0.473,61,164,0.372,0.543,0.029,5,10,0.5,0.444,56,154,0.364,2024-25,Regular Season,Catch and Shoot
1630249,Vít Krejčí,1610612737,ATL,25.0,57,52,0.558,74,163,0.454,0.678,0.01,1,3,0.333,0.548,73,160,0.456,2024-25,Regular Season,Catch and Shoot
1630174,Aaron Nesmith,1610612754,IND,25.0,45,43,0.427,73,162,0.451,0.673,0.003,1,1,1.0,0.425,72,161,0.447,2024-25,Regular Season,Catch and Shoot
1630245,Ayo Dosunmu,1610612741,CHI,25.0,46,45,0.361,55,162,0.34,0.506,0.007,1,3,0.333,0.354,54,159,0.34,2024-25,Regular Season,Catch and Shoot
1642348,Justin Edwards,1610612755,PHI,21.0,44,43,0.427,58,161,0.36,0.54,0.003,0,1,0.0,0.424,58,160,0.363,2024-25,Regular Season,Catch and Shoot
1630178,Tyrese Maxey,1610612755,PHI,24.0,52,46,0.147,55,160,0.344,0.516,0.001,0,1,0.0,0.146,55,159,0.346,2024-25,Regular Season,Catch and Shoot
1631119,Jaylin Williams,1610612760,OKC,23.0,47,46,0.719,64,159,0.403,0.588,0.05,5,11,0.455,0.67,59,148,0.399,2024-25,Regular Season,Catch and Shoot
1642347,Jamal Shead,1610612761,TOR,22.0,75,66,0.316,55,159,0.346,0.519,0.0,0,0,,0.316,55,159,0.346,2024-25,Regular Season,Catch and Shoot
1630175,Cole Anthony,1610612763,MEM,25.0,67,55,0.289,54,157,0.344,0.516,0.002,0,1,0.0,0.287,54,156,0.346,2024-25,Regular Season,Catch and Shoot
1630322,Lindy Waters III,1610612765,DET,27.0,52,48,0.636,52,157,0.331,0.49,0.024,2,6,0.333,0.611,50,151,0.331,2024-25,Regular Season,Catch and Shoot
1630595,Cade Cunningham,1610612765,DET,23.0,70,61,0.107,61,156,0.391,0.577,0.005,3,8,0.375,0.102,58,148,0.392,2024-25,Regular Season,Catch and Shoot
1642266,Ja'Kobe Walter,1610612761,TOR,20.0,52,46,0.397,58,156,0.372,0.558,0.003,0,1,0.0,0.394,58,155,0.374,2024-25,Regular Season,Catch and Shoot
1630168,Onyeka Okongwu,1610612737,ATL,24.0,74,67,0.227,52,155,0.335,0.49,0.013,4,9,0.444,0.213,48,146,0.329,2024-25,Regular Season,Catch and Shoot
202681,Kyrie Irving,1610612742,DAL,33.0,50,47,0.163,68,154,0.442,0.646,0.011,5,10,0.5,0.152,63,144,0.438,2024-25,Regular Season,Catch and Shoot
1630702,Jaden Hardy,1610612742,DAL,22.0,57,50,0.373,61,154,0.396,0.594,0.01,0,4,0.0,0.363,61,150,0.407,2024-25,Regular Season,Catch and Shoot
1641763,Julian Phillips,1610612741,CHI,21.0,79,62,0.537,50,154,0.325,0.487,0.003,0,1,0.0,0.533,50,153,0.327,2024-25,Regular Season,Catch and Shoot
1628381,John Collins,1610612762,UTA,27.0,40,37,0.288,63,153,0.412,0.595,0.024,7,13,0.538,0.264,56,140,0.4,2024-25,Regular Season,Catch and Shoot
1629026,Kenrich Williams,1610612760,OKC,30.0,69,58,0.432,62,153,0.405,0.605,0.011,1,4,0.25,0.421,61,149,0.409,2024-25,Regular Season,Catch and Shoot
1628366,Lonzo Ball,1610612741,CHI,27.0,35,35,0.63,50,153,0.327,0.487,0.008,1,2,0.5,0.621,49,151,0.325,2024-25,Regular Season,Catch and Shoot
1629614,Andrew Nembhard,1610612754,IND,25.0,65,60,0.284,50,153,0.327,0.454,0.043,11,23,0.478,0.241,39,130,0.3,2024-25,Regular Season,Catch and Shoot
1641741,Ricky Council IV,1610612755,PHI,23.0,73,59,0.328,46,152,0.303,0.454,0.002,0,1,0.0,0.326,46,151,0.305,2024-25,Regular Season,Catch and Shoot
1628418,Thomas Bryant,1610612754,IND,27.0,66,60,0.47,56,151,0.371,0.523,0.04,10,13,0.769,0.43,46,138,0.333,2024-25,Regular Season,Catch and Shoot
1630591,Jalen Suggs,1610612753,ORL,24.0,35,32,0.314,53,151,0.351,0.52,0.006,2,3,0.667,0.308,51,148,0.345,2024-25,Regular Season,Catch and Shoot
1631216,Caleb Houstan,1610612753,ORL,22.0,58,47,0.789,60,150,0.4,0.597,0.011,1,2,0.5,0.779,59,148,0.399,2024-25,Regular Season,Catch and Shoot
202331,Paul George,1610612755,PHI,35.0,41,40,0.263,58,150,0.387,0.56,0.023,6,13,0.462,0.24,52,137,0.38,2024-25,Regular Season,Catch and Shoot
1629610,DaQuan Jeffries,1610612766,CHA,27.0,47,43,0.515,50,150,0.333,0.497,0.007,1,2,0.5,0.509,49,148,0.331,2024-25,Regular Season,Catch and Shoot
1630169,Tyrese Haliburton,1610612754,IND,25.0,73,62,0.148,64,149,0.43,0.641,0.003,1,3,0.333,0.145,63,146,0.432,2024-25,Regular Season,Catch and Shoot
1627936,Alex Caruso,1610612760,OKC,31.0,54,51,0.475,56,149,0.376,0.56,0.01,1,3,0.333,0.465,55,146,0.377,2024-25,Regular Season,Catch and Shoot
1630572,Sandro Mamukelashvili,1610612759,SAS,26.0,61,50,0.527,55,148,0.372,0.557,0.004,0,1,0.0,0.523,55,147,0.374,2024-25,Regular Season,Catch and Shoot
1642275,Tidjane Salaün,1610612766,CHA,19.0,60,55,0.429,42,148,0.284,0.419,0.012,2,4,0.5,0.417,40,144,0.278,2024-25,Regular Season,Catch and Shoot
1629028,Deandre Ayton,1610612757,POR,26.0,40,39,0.314,58,147,0.395,0.415,0.248,52,116,0.448,0.066,6,31,0.194,2024-25,Regular Season,Catch and Shoot
1630558,Davion Mitchell,1610612748,MIA,26.0,74,68,0.307,57,146,0.39,0.586,0.002,0,1,0.0,0.305,57,145,0.393,2024-25,Regular Season,Catch and Shoot
1641710,Anthony Black,1610612753,ORL,21.0,78,66,0.235,50,146,0.342,0.507,0.003,2,2,1.0,0.232,48,144,0.333,2024-25,Regular Season,Catch and Shoot
203552,Seth Curry,1610612766,CHA,34.0,68,53,0.423,69,145,0.476,0.69,0.026,7,9,0.778,0.397,62,136,0.456,2024-25,Regular Season,Catch and Shoot
1641724,Jett Howard,1610612753,ORL,21.0,60,52,0.553,47,145,0.324,0.483,0.004,1,1,1.0,0.55,46,144,0.319,2024-25,Regular Season,Catch and Shoot
1628392,Isaiah Hartenstein,1610612760,OKC,27.0,57,50,0.294,67,141,0.475,0.475,0.259,67,124,0.54,0.035,0,17,0.0,2024-25,Regular Season,Catch and Shoot
203915,Spencer Dinwiddie,1610612742,DAL,32.0,79,63,0.207,47,141,0.333,0.5,0.004,0,3,0.0,0.202,47,138,0.341,2024-25,Regular Season,Catch and Shoot
1630171,Isaac Okoro,1610612739,CLE,24.0,55,53,0.524,52,140,0.371,0.557,0.004,0,1,0.0,0.521,52,139,0.374,2024-25,Regular Season,Catch and Shoot
1628988,Aaron Holiday,1610612745,HOU,28.0,62,53,0.511,57,137,0.416,0.624,0.007,0,2,0.0,0.504,57,135,0.422,2024-25,Regular Season,Catch and Shoot
101108,Chris Paul,1610612759,SAS,40.0,82,64,0.235,52,137,0.38,0.566,0.005,1,3,0.333,0.23,51,134,0.381,2024-25,Regular Season,Catch and Shoot
1629750,Javonte Green,1610612739,CLE,31.0,68,55,0.476,45,137,0.328,0.493,0.003,0,1,0.0,0.472,45,136,0.331,2024-25,Regular Season,Catch and Shoot
1631212,Peyton Watson,1610612743,DEN,22.0,68,59,0.321,47,135,0.348,0.515,0.021,2,9,0.222,0.3,45,126,0.357,2024-25,Regular Season,Catch and Shoot
1629012,Collin Sexton,1610612762,UTA,26.0,63,57,0.155,59,134,0.44,0.649,0.007,3,6,0.5,0.148,56,128,0.438,2024-25,Regular Season,Catch and Shoot
203932,Aaron Gordon,1610612743,DEN,29.0,51,46,0.268,64,133,0.481,0.684,0.028,10,14,0.714,0.239,54,119,0.454,2024-25,Regular Season,Catch and Shoot
1631097,Bennedict Mathurin,1610612754,IND,23.0,72,60,0.156,58,133,0.436,0.624,0.014,8,12,0.667,0.142,50,121,0.413,2024-25,Regular Season,Catch and Shoot
202685,Jonas Valančiūnas,1610612758,SAC,33.0,81,56,0.212,58,133,0.436,0.466,0.156,50,98,0.51,0.056,8,35,0.229,2024-25,Regular Season,Catch and Shoot
1629630,Ja Morant,1610612763,MEM,25.0,49,45,0.152,44,132,0.333,0.5,0.001,0,1,0.0,0.151,44,131,0.336,2024-25,Regular Season,Catch and Shoot
1626166,Cameron Payne,1610612752,NYK,30.0,71,57,0.301,43,132,0.326,0.489,0.002,0,1,0.0,0.298,43,131,0.328,2024-25,Regular Season,Catch and Shoot
1628998,Cody Martin,1610612756,PHX,29.0,53,46,0.406,39,132,0.295,0.424,0.025,5,8,0.625,0.382,34,124,0.274,2024-25,Regular Season,Catch and Shoot
1629029,Luka Doncic,1610612747,LAL,26.0,50,48,0.127,51,130,0.392,0.565,0.008,6,8,0.75,0.119,45,122,0.369,2024-25,Regular Season,Catch and Shoot
1642262,Cody Williams,1610612762,UTA,20.0,50,46,0.502,34,129,0.264,0.395,0.0,0,0,,0.502,34,129,0.264,2024-25,Regular Season,Catch and Shoot
1641842,Ronald Holland II,1610612765,DET,19.0,81,58,0.306,32,127,0.252,0.37,0.005,2,2,1.0,0.301,30,125,0.24,2024-25,Regular Season,Catch and Shoot
202695,Kawhi Leonard,1610612746,LAC,34.0,37,35,0.202,55,126,0.437,0.623,0.026,8,16,0.5,0.177,47,110,0.427,2024-25,Regular Season,Catch and Shoot
1630552,Jalen Johnson,1610612737,ATL,23.0,36,35,0.235,45,126,0.357,0.512,0.019,6,10,0.6,0.216,39,116,0.336,2024-25,Regular Season,Catch and Shoot
203903,Jordan Clarkson,1610612762,UTA,33.0,37,36,0.254,45,125,0.36,0.532,0.018,2,9,0.222,0.236,43,116,0.371,2024-25,Regular Season,Catch and Shoot
1628973,Jalen Brunson,1610612752,NYK,28.0,64,49,0.105,52,124,0.419,0.625,0.003,1,3,0.333,0.103,51,121,0.421,2024-25,Regular Season,Catch and Shoot
201569,Eric Gordon,1610612755,PHI,36.0,39,36,0.608,52,124,0.419,0.625,0.005,1,1,1.0,0.603,51,123,0.415,2024-25,Regular Season,Catch and Shoot
1641716,Jarace Walker,1610612754,IND,21.0,75,53,0.344,51,124,0.411,0.613,0.003,1,1,1.0,0.342,50,123,0.407,2024-25,Regular Season,Catch and Shoot
1629660,Ty Jerome,1610612739,CLE,27.0,70,56,0.197,57,122,0.467,0.689,0.005,3,3,1.0,0.193,54,119,0.454,2024-25,Regular Season,Catch and Shoot
1631096,Chet Holmgren,1610612760,OKC,23.0,32,32,0.358,47,122,0.385,0.541,0.05,9,17,0.529,0.308,38,105,0.362,2024-25,Regular Season,Catch and Shoot
1630193,Immanuel Quickley,1610612761,TOR,26.0,33,33,0.279,46,122,0.377,0.549,0.018,4,8,0.5,0.26,42,114,0.368,2024-25,Regular Season,Catch and Shoot
1629013,Landry Shamet,1610612752,NYK,28.0,49,41,0.531,52,121,0.43,0.645,0.018,0,4,0.0,0.513,52,117,0.444,2024-25,Regular Season,Catch and Shoot
1629027,Trae Young,1610612737,ATL,26.0,76,58,0.088,43,121,0.355,0.508,0.008,6,11,0.545,0.08,37,110,0.336,2024-25,Regular Season,Catch and Shoot
1642276,Kel'el Ware,1610612748,MIA,21.0,64,53,0.261,41,121,0.339,0.471,0.043,9,20,0.45,0.218,32,101,0.317,2024-25,Regular Season,Catch and Shoot
1628380,Zach Collins,1610612741,CHI,27.0,64,51,0.401,37,121,0.306,0.438,0.053,5,16,0.313,0.348,32,105,0.305,2024-25,Regular Season,Catch and Shoot
201935,James Harden,1610612746,LAC,35.0,79,59,0.092,50,119,0.42,0.63,0.0,0,0,,0.092,50,119,0.42,2024-25,Regular Season,Catch and Shoot
1631222,Jake LaRavia,1610612758,SAC,23.0,66,51,0.347,51,117,0.436,0.65,0.009,1,3,0.333,0.338,50,114,0.439,2024-25,Regular Season,Catch and Shoot
1630228,Jonathan Kuminga,1610612744,GSW,22.0,47,43,0.205,39,116,0.336,0.504,0.007,0,4,0.0,0.198,39,112,0.348,2024-25,Regular Season,Catch and Shoot
1641774,Tristan Vukcevic,1610612764,WAS,22.0,35,28,0.471,51,114,0.447,0.605,0.103,15,25,0.6,0.368,36,89,0.404,2024-25,Regular Season,Catch and Shoot
1629611,Terance Mann,1610612737,ATL,28.0,67,55,0.274,49,113,0.434,0.642,0.01,2,4,0.5,0.264,47,109,0.431,2024-25,Regular Season,Catch and Shoot
1642263,Reed Sheppard,1610612745,HOU,21.0,52,40,0.469,38,112,0.339,0.509,0.017,0,4,0.0,0.452,38,108,0.352,2024-25,Regular Season,Catch and Shoot
1627751,Jakob Poeltl,1610612761,TOR,29.0,57,50,0.19,57,110,0.518,0.523,0.188,56,109,0.514,0.002,1,1,1.0,2024-25,Regular Season,Catch and Shoot
203935,Marcus Smart,1610612764,WAS,31.0,34,31,0.42,37,108,0.343,0.509,0.012,1,3,0.333,0.409,36,105,0.343,2024-25,Regular Season,Catch and Shoot
1641871,Duop Reath,1610612757,POR,29.0,46,35,0.627,33,104,0.317,0.476,0.006,0,1,0.0,0.62,33,103,0.32,2024-25,Regular Season,Catch and Shoot
1631200,Kris Murray,1610612757,POR,24.0,69,46,0.373,24,104,0.231,0.341,0.007,1,2,0.5,0.366,23,102,0.225,2024-25,Regular Season,Catch and Shoot
1631157,Ryan Rollins,1610612749,MIL,22.0,56,36,0.38,45,103,0.437,0.646,0.011,2,3,0.667,0.369,43,100,0.43,2024-25,Regular Season,Catch and Shoot
1628997,Caleb Martin,1610612742,DAL,29.0,45,37,0.336,38,102,0.373,0.534,0.072,5,22,0.227,0.263,33,80,0.413,2024-25,Regular Season,Catch and Shoot
1631170,Jaime Jaquez Jr.,1610612748,MIA,24.0,66,51,0.221,32,102,0.314,0.471,0.006,0,3,0.0,0.214,32,99,0.323,2024-25,Regular Season,Catch and Shoot
1628983,Shai Gilgeous-Alexander,1610612760,OKC,26.0,76,54,0.061,49,101,0.485,0.653,0.017,15,28,0.536,0.044,34,73,0.466,2024-25,Regular Season,Catch and Shoot
1631094,Paolo Banchero,1610612753,ORL,22.0,46,41,0.111,34,101,0.337,0.49,0.011,3,10,0.3,0.1,31,91,0.341,2024-25,Regular Season,Catch and Shoot
203994,Jusuf Nurkić,1610612766,CHA,30.0,51,44,0.287,33,101,0.327,0.47,0.028,4,10,0.4,0.259,29,91,0.319,2024-25,Regular Season,Catch and Shoot
1629004,Svi Mykhailiuk,1610612762,UTA,28.0,38,35,0.332,40,100,0.4,0.6,0.003,0,1,0.0,0.329,40,99,0.404,2024-25,Regular Season,Catch and Shoot
1631207,Dalen Terry,1610612741,CHI,22.0,73,49,0.373,36,100,0.36,0.54,0.007,0,2,0.0,0.366,36,98,0.367,2024-25,Regular Season,Catch and Shoot
1641715,Cam Whitmore,1610612745,HOU,20.0,51,37,0.248,32,100,0.32,0.48,0.005,0,2,0.0,0.243,32,98,0.327,2024-25,Regular Season,Catch and Shoot
1630215,Jared Butler,1610612755,PHI,24.0,60,41,0.219,38,99,0.384,0.576,0.0,0,0,,0.219,38,99,0.384,2024-25,Regular Season,Catch and Shoot
1630611,Gui Santos,1610612744,GSW,23.0,56,44,0.553,34,99,0.343,0.51,0.011,1,2,0.5,0.542,33,97,0.34,2024-25,Regular Season,Catch and Shoot
1630695,Micah Potter,1610612762,UTA,27.0,38,34,0.726,33,98,0.337,0.495,0.022,2,3,0.667,0.704,31,95,0.326,2024-25,Regular Season,Catch and Shoot
1631110,Jeremy Sochan,1610612759,SAS,22.0,54,46,0.209,32,98,0.327,0.464,0.026,5,12,0.417,0.183,27,86,0.314,2024-25,Regular Season,Catch and Shoot
1641810,Antonio Reeves,1610612740,NOP,24.0,44,34,0.391,41,97,0.423,0.634,0.0,0,0,,0.391,41,97,0.423,2024-25,Regular Season,Catch and Shoot
203914,Gary Harris,1610612753,ORL,30.0,48,40,0.714,33,95,0.347,0.511,0.023,2,3,0.667,0.692,31,92,0.337,2024-25,Regular Season,Catch and Shoot
1641708,Amen Thompson,1610612745,HOU,22.0,69,49,0.136,28,95,0.295,0.416,0.024,5,17,0.294,0.112,23,78,0.295,2024-25,Regular Season,Catch and Shoot
203926,Doug McDermott,1610612758,SAC,33.0,42,29,0.803,41,94,0.436,0.654,0.009,0,1,0.0,0.795,41,93,0.441,2024-25,Regular Season,Catch and Shoot
1627749,Dejounte Murray,1610612740,NOP,28.0,31,29,0.191,28,94,0.298,0.447,0.01,0,5,0.0,0.181,28,89,0.315,2024-25,Regular Season,Catch and Shoot
1627780,Gary Payton II,1610612744,GSW,32.0,62,48,0.312,31,93,0.333,0.495,0.007,1,2,0.5,0.305,30,91,0.33,2024-25,Regular Season,Catch and Shoot
1630639,A.J. Lawson,1610612761,TOR,24.0,26,23,0.489,29,93,0.312,0.468,0.0,0,0,,0.489,29,93,0.312,2024-25,Regular Season,Catch and Shoot
203954,Joel Embiid,1610612755,PHI,31.0,19,19,0.289,34,91,0.374,0.484,0.089,14,28,0.5,0.2,20,63,0.317,2024-25,Regular Season,Catch and Shoot
202709,Cory Joseph,1610612753,ORL,33.0,50,38,0.591,34,91,0.374,0.56,0.013,0,2,0.0,0.578,34,89,0.382,2024-25,Regular Season,Catch and Shoot
1642268,Isaiah Collier,1610612762,UTA,20.0,71,49,0.164,26,91,0.286,0.429,0.0,0,0,,0.164,26,91,0.286,2024-25,Regular Season,Catch and Shoot
1629659,Talen Horton-Tucker,1610612741,CHI,24.0,58,38,0.309,32,90,0.356,0.533,0.0,0,0,,0.309,32,90,0.356,2024-25,Regular Season,Catch and Shoot
1628971,Bruce Brown,1610612740,NOP,28.0,41,39,0.291,30,90,0.333,0.467,0.049,6,15,0.4,0.243,24,75,0.32,2024-25,Regular Season,Catch and Shoot
1630527,Brandon Boston,1610612740,NOP,23.0,42,35,0.23,38,87,0.437,0.632,0.011,4,4,1.0,0.219,34,83,0.41,2024-25,Regular Season,Catch and Shoot
1631093,Jaden Ivey,1610612765,DET,23.0,30,29,0.208,39,86,0.453,0.674,0.005,1,2,0.5,0.203,38,84,0.452,2024-25,Regular Season,Catch and Shoot
202710,Jimmy Butler III,1610612744,GSW,35.0,55,42,0.144,29,86,0.337,0.459,0.023,8,14,0.571,0.121,21,72,0.292,2024-25,Regular Season,Catch and Shoot
1631243,Mouhamed Gueye,1610612737,ATL,22.0,33,31,0.503,24,86,0.279,0.401,0.041,3,7,0.429,0.462,21,79,0.266,2024-25,Regular Season,Catch and Shoot
1629022,Lonnie Walker IV,1610612755,PHI,26.0,20,19,0.401,33,85,0.388,0.576,0.005,1,1,1.0,0.396,32,84,0.381,2024-25,Regular Season,Catch and Shoot
1642272,Jared McCain,1610612755,PHI,21.0,23,20,0.299,36,82,0.439,0.659,0.0,0,0,,0.299,36,82,0.439,2024-25,Regular Season,Catch and Shoot
1629618,Jalen Pickett,1610612743,DEN,25.0,49,36,0.456,29,82,0.354,0.512,0.028,3,5,0.6,0.428,26,77,0.338,2024-25,Regular Season,Catch and Shoot
1641796,Pelle Larsson,1610612748,MIA,24.0,55,41,0.404,29,82,0.354,0.53,0.005,0,1,0.0,0.399,29,81,0.358,2024-25,Regular Season,Catch and Shoot
1629006,Josh Okogie,1610612766,CHA,26.0,40,32,0.387,27,82,0.329,0.494,0.005,0,1,0.0,0.382,27,81,0.333,2024-25,Regular Season,Catch and Shoot
1629626,Bol Bol,1610612756,PHX,25.0,36,24,0.443,33,81,0.407,0.568,0.055,7,10,0.7,0.388,26,71,0.366,2024-25,Regular Season,Catch and Shoot
203482,Kelly Olynyk,1610612740,NOP,34.0,44,39,0.302,33,81,0.407,0.574,0.06,6,16,0.375,0.243,27,65,0.415,2024-25,Regular Season,Catch and Shoot
1641713,GG Jackson,1610612763,MEM,20.0,29,25,0.402,28,80,0.35,0.525,0.005,0,1,0.0,0.397,28,79,0.354,2024-25,Regular Season,Catch and Shoot
1626204,Larry Nance Jr.,1610612737,ATL,32.0,24,22,0.51,36,79,0.456,0.665,0.032,3,5,0.6,0.477,33,74,0.446,2024-25,Regular Season,Catch and Shoot
1631246,Vince Williams Jr.,1610612763,MEM,24.0,26,25,0.491,22,79,0.278,0.405,0.019,2,3,0.667,0.472,20,76,0.263,2024-25,Regular Season,Catch and Shoot
1627742,Brandon Ingram,1610612761,TOR,27.0,18,18,0.234,33,78,0.423,0.609,0.021,4,7,0.571,0.213,29,71,0.408,2024-25,Regular Season,Catch and Shoot
1629003,Shake Milton,1610612747,LAL,28.0,57,34,0.307,29,78,0.372,0.558,0.0,0,0,,0.307,29,78,0.372,2024-25,Regular Season,Catch and Shoot
1630529,Herbert Jones,1610612740,NOP,26.0,20,19,0.448,29,77,0.377,0.519,0.052,7,9,0.778,0.395,22,68,0.324,2024-25,Regular Season,Catch and Shoot
1631133,Jabari Walker,1610612757,POR,22.0,60,40,0.336,29,77,0.377,0.552,0.031,2,7,0.286,0.306,27,70,0.386,2024-25,Regular Season,Catch and Shoot
1631255,Karlo Matković,1610612740,NOP,24.0,42,29,0.328,27,77,0.351,0.487,0.047,6,11,0.545,0.281,21,66,0.318,2024-25,Regular Season,Catch and Shoot
1642354,KJ Simpson,1610612766,CHA,22.0,36,32,0.256,19,77,0.247,0.37,0.0,0,0,,0.256,19,77,0.247,2024-25,Regular Season,Catch and Shoot
1629021,Moritz Wagner,1610612753,ORL,28.0,30,29,0.301,27,75,0.36,0.54,0.004,0,1,0.0,0.297,27,74,0.365,2024-25,Regular Season,Catch and Shoot
1628420,Monte Morris,1610612756,PHX,30.0,45,34,0.374,29,73,0.397,0.582,0.015,2,3,0.667,0.359,27,70,0.386,2024-25,Regular Season,Catch and Shoot
1630570,Trendon Watford,1610612751,BKN,24.0,44,36,0.206,25,72,0.347,0.521,0.006,0,2,0.0,0.2,25,70,0.357,2024-25,Regular Season,Catch and Shoot
1641787,Tosan Evbuomwan,1610612751,BKN,24.0,28,27,0.327,21,72,0.292,0.431,0.009,1,2,0.5,0.318,20,70,0.286,2024-25,Regular Season,Catch and Shoot
201145,Jeff Green,1610612745,HOU,38.0,32,26,0.587,28,71,0.394,0.577,0.017,2,2,1.0,0.57,26,69,0.377,2024-25,Regular Season,Catch and Shoot
1627826,Ivica Zubac,1610612746,LAC,28.0,80,45,0.074,38,70,0.543,0.543,0.074,38,70,0.543,0.0,0,0,,2024-25,Regular Season,Catch and Shoot
203114,Khris Middleton,1610612764,WAS,33.0,37,30,0.208,28,70,0.4,0.564,0.021,5,7,0.714,0.187,23,63,0.365,2024-25,Regular Season,Catch and Shoot
1642367,Jonathan Mogbo,1610612761,TOR,23.0,63,37,0.197,19,70,0.271,0.393,0.017,2,6,0.333,0.18,17,64,0.266,2024-25,Regular Season,Catch and Shoot
1629645,Kevin Porter Jr.,1610612749,MIL,25.0,75,42,0.106,23,69,0.333,0.478,0.006,3,4,0.75,0.1,20,65,0.308,2024-25,Regular Season,Catch and Shoot
1641816,Hunter Tyson,1610612743,DEN,25.0,51,34,0.575,22,69,0.319,0.478,0.025,0,3,0.0,0.55,22,66,0.333,2024-25,Regular Season,Catch and Shoot
1629651,Nic Claxton,1610612751,BKN,26.0,70,41,0.121,22,69,0.319,0.348,0.088,18,50,0.36,0.033,4,19,0.211,2024-25,Regular Season,Catch and Shoot
1641748,Andre Jackson Jr.,1610612749,MIL,23.0,67,37,0.345,27,68,0.397,0.588,0.005,1,1,1.0,0.34,26,67,0.388,2024-25,Regular Season,Catch and Shoot
1631115,Orlando Robinson,1610612761,TOR,24.0,44,30,0.257,25,67,0.373,0.5,0.069,8,18,0.444,0.188,17,49,0.347,2024-25,Regular Season,Catch and Shoot
1630560,Cam Thomas,1610612751,BKN,23.0,25,22,0.148,24,67,0.358,0.507,0.011,4,5,0.8,0.137,20,62,0.323,2024-25,Regular Season,Catch and Shoot
1631288,Jamal Cain,1610612740,NOP,26.0,37,27,0.424,21,67,0.313,0.463,0.006,1,1,1.0,0.418,20,66,0.303,2024-25,Regular Season,Catch and Shoot
1631248,Baylor Scheierman,1610612738,BOS,24.0,31,23,0.609,21,67,0.313,0.463,0.009,1,1,1.0,0.6,20,66,0.303,2024-25,Regular Season,Catch and Shoot
203937,Kyle Anderson,1610612748,MIA,31.0,61,35,0.219,25,66,0.379,0.53,0.04,5,12,0.417,0.179,20,54,0.37,2024-25,Regular Season,Catch and Shoot
1631103,Malaki Branham,1610612759,SAS,22.0,47,31,0.342,27,65,0.415,0.623,0.005,0,1,0.0,0.337,27,64,0.422,2024-25,Regular Season,Catch and Shoot
1642382,Branden Carlson,1610612760,OKC,26.0,32,24,0.67,22,65,0.338,0.508,0.01,0,1,0.0,0.66,22,64,0.344,2024-25,Regular Season,Catch and Shoot
1641727,Dariq Whitehead,1610612751,BKN,20.0,20,14,0.667,32,64,0.5,0.75,0.0,0,0,,0.667,32,64,0.5,2024-25,Regular Season,Catch and Shoot
1631221,Collin Gillespie,1610612756,PHX,26.0,33,25,0.405,27,64,0.422,0.633,0.013,0,2,0.0,0.392,27,62,0.435,2024-25,Regular Season,Catch and Shoot
200768,Kyle Lowry,1610612755,PHI,39.0,35,30,0.547,21,64,0.328,0.492,0.009,0,1,0.0,0.538,21,63,0.333,2024-25,Regular Season,Catch and Shoot
1626192,Pat Connaughton,1610612749,MIL,32.0,41,28,0.356,20,63,0.317,0.476,0.006,0,1,0.0,0.35,20,62,0.323,2024-25,Regular Season,Catch and Shoot
1629684,Grant Williams,1610612766,CHA,26.0,16,15,0.496,24,61,0.393,0.582,0.024,1,3,0.333,0.472,23,58,0.397,2024-25,Regular Season,Catch and Shoot
1629723,John Konchar,1610612763,MEM,29.0,46,31,0.67,23,61,0.377,0.566,0.011,0,1,0.0,0.659,23,60,0.383,2024-25,Regular Season,Catch and Shoot
1630191,Isaiah Stewart,1610612765,DET,24.0,72,40,0.194,22,61,0.361,0.492,0.044,6,14,0.429,0.149,16,47,0.34,2024-25,Regular Season,Catch and Shoot
1631204,Marcus Sasser,1610612765,DET,24.0,57,36,0.207,21,61,0.344,0.5,0.017,2,5,0.4,0.19,19,56,0.339,2024-25,Regular Season,Catch and Shoot
1631172,Ousmane Dieng,1610612760,OKC,22.0,37,26,0.48,23,60,0.383,0.558,0.024,2,3,0.667,0.456,21,57,0.368,2024-25,Regular Season,Catch and Shoot
201567,Kevin Love,1610612748,MIA,36.0,23,18,0.522,21,60,0.35,0.508,0.043,2,5,0.4,0.478,19,55,0.345,2024-25,Regular Season,Catch and Shoot
1641744,Zach Edey,1610612763,MEM,23.0,65,36,0.14,20,60,0.333,0.475,0.023,3,10,0.3,0.117,17,50,0.34,2024-25,Regular Season,Catch and Shoot
1630692,Jordan Goodwin,1610612747,LAL,26.0,29,25,0.41,25,59,0.424,0.627,0.007,1,1,1.0,0.403,24,58,0.414,2024-25,Regular Season,Catch and Shoot
1630811,Keaton Wallace,1610612737,ATL,26.0,31,20,0.364,21,59,0.356,0.534,0.0,0,0,,0.364,21,59,0.356,2024-25,Regular Season,Catch and Shoot
1630192,Zeke Nnaji,1610612743,DEN,24.0,57,32,0.424,20,59,0.339,0.483,0.05,3,7,0.429,0.374,17,52,0.327,2024-25,Regular Season,Catch and Shoot
1628470,Torrey Craig,1610612738,BOS,34.0,26,20,0.644,20,58,0.345,0.517,0.0,0,0,,0.644,20,58,0.345,2024-25,Regular Season,Catch and Shoot
202704,Reggie Jackson,1610612755,PHI,35.0,31,25,0.436,19,58,0.328,0.491,0.023,0,3,0.0,0.414,19,55,0.345,2024-25,Regular Season,Catch and Shoot
1630231,KJ Martin,1610612762,UTA,24.0,43,26,0.289,16,58,0.276,0.405,0.005,1,1,1.0,0.284,15,57,0.263,2024-25,Regular Season,Catch and Shoot
1628964,Mo Bamba,1610612740,NOP,27.0,32,25,0.509,16,57,0.281,0.412,0.027,1,3,0.333,0.482,15,54,0.278,2024-25,Regular Season,Catch and Shoot
1626153,Delon Wright,1610612752,NYK,33.0,40,26,0.427,18,56,0.321,0.482,0.0,0,0,,0.427,18,56,0.321,2024-25,Regular Season,Catch and Shoot
1641794,Dillon Jones,1610612760,OKC,23.0,54,29,0.421,16,56,0.286,0.42,0.008,1,1,1.0,0.414,15,55,0.273,2024-25,Regular Season,Catch and Shoot
1630556,Kessler Edwards,1610612742,DAL,24.0,40,25,0.407,24,55,0.436,0.636,0.03,2,4,0.5,0.378,22,51,0.431,2024-25,Regular Season,Catch and Shoot
1628975,Jevon Carter,1610612741,CHI,29.0,36,22,0.377,20,55,0.364,0.536,0.021,1,3,0.333,0.356,19,52,0.365,2024-25,Regular Season,Catch and Shoot
1631104,Blake Wesley,1610612759,SAS,22.0,58,31,0.296,15,55,0.273,0.409,0.016,0,3,0.0,0.28,15,52,0.288,2024-25,Regular Season,Catch and Shoot
1642349,Ajay Mitchell,1610612760,OKC,23.0,36,27,0.292,23,54,0.426,0.62,0.011,2,2,1.0,0.281,21,52,0.404,2024-25,Regular Season,Catch and Shoot
1642281,Jaylon Tyson,1610612739,CLE,22.0,47,26,0.362,17,54,0.315,0.472,0.007,0,1,0.0,0.356,17,53,0.321,2024-25,Regular Season,Catch and Shoot
1630549,Day'Ron Sharpe,1610612751,BKN,23.0,50,29,0.164,17,52,0.327,0.433,0.028,6,9,0.667,0.136,11,43,0.256,2024-25,Regular Season,Catch and Shoot
1642358,AJ Johnson,1610612764,WAS,20.0,29,21,0.244,14,52,0.269,0.404,0.005,0,1,0.0,0.239,14,51,0.275,2024-25,Regular Season,Catch and Shoot
201988,Patty Mills,1610612746,LAC,36.0,29,21,0.531,18,51,0.353,0.529,0.0,0,0,,0.531,18,51,0.353,2024-25,Regular Season,Catch and Shoot
1628464,Daniel Theis,1610612740,NOP,33.0,38,28,0.395,14,51,0.275,0.363,0.116,5,15,0.333,0.279,9,36,0.25,2024-25,Regular Season,Catch and Shoot
1641765,Olivier-Maxence Prosper,1610612742,DAL,22.0,52,31,0.293,14,51,0.275,0.392,0.04,2,7,0.286,0.253,12,44,0.273,2024-25,Regular Season,Catch and Shoot
1641775,Jordan Walsh,1610612738,BOS,21.0,52,34,0.614,14,51,0.275,0.412,0.0,0,0,,0.614,14,51,0.275,2024-25,Regular Season,Catch and Shoot
1631223,David Roddy,1610612745,HOU,24.0,33,23,0.4,15,50,0.3,0.45,0.0,0,0,,0.4,15,50,0.3,2024-25,Regular Season,Catch and Shoot
1641745,Adam Flagler,1610612760,OKC,25.0,37,19,0.521,9,50,0.18,0.27,0.0,0,0,,0.521,9,50,0.18,2024-25,Regular Season,Catch and Shoot
1641740,Jaylen Clark,1610612750,MIN,23.0,40,25,0.408,22,49,0.449,0.673,0.0,0,0,,0.408,22,49,0.449,2024-25,Regular Season,Catch and Shoot
1630194,Paul Reed,1610612765,DET,26.0,45,27,0.338,20,48,0.417,0.5,0.169,12,24,0.5,0.169,8,24,0.333,2024-25,Regular Season,Catch and Shoot
1642277,Johnny Furphy,1610612754,IND,20.0,50,22,0.522,15,48,0.313,0.469,0.022,0,2,0.0,0.5,15,46,0.326,2024-25,Regular Season,Catch and Shoot
1641878,Damion Baugh,1610612766,CHA,24.0,15,15,0.369,12,48,0.25,0.365,0.015,1,2,0.5,0.354,11,46,0.239,2024-25,Regular Season,Catch and Shoot
1628467,Maxi Kleber,1610612747,LAL,33.0,34,24,0.5,12,48,0.25,0.365,0.021,1,2,0.5,0.479,11,46,0.239,2024-25,Regular Season,Catch and Shoot
203995,Vasilije Micic,1610612756,PHX,31.0,41,25,0.172,18,47,0.383,0.564,0.007,1,2,0.5,0.165,17,45,0.378,2024-25,Regular Season,Catch and Shoot
1629634,Brandon Clarke,1610612763,MEM,28.0,63,31,0.125,16,47,0.34,0.351,0.08,15,30,0.5,0.045,1,17,0.059,2024-25,Regular Season,Catch and Shoot
1629629,Cam Reddish,1610612747,LAL,25.0,33,26,0.5,13,47,0.277,0.415,0.032,0,3,0.0,0.468,13,44,0.295,2024-25,Regular Season,Catch and Shoot
1629111,Jock Landale,1610612745,HOU,29.0,42,25,0.303,21,46,0.457,0.554,0.158,12,24,0.5,0.145,9,22,0.409,2024-25,Regular Season,Catch and Shoot
204456,T.J. McConnell,1610612754,IND,33.0,79,37,0.074,19,46,0.413,0.522,0.027,9,17,0.529,0.046,10,29,0.345,2024-25,Regular Season,Catch and Shoot
1642270,Donovan Clingan,1610612757,POR,21.0,67,33,0.138,15,46,0.326,0.478,0.006,1,2,0.5,0.132,14,44,0.318,2024-25,Regular Season,Catch and Shoot
1630243,Trevelin Queen,1610612753,ORL,28.0,31,20,0.313,14,46,0.304,0.457,0.0,0,0,,0.313,14,46,0.304,2024-25,Regular Season,Catch and Shoot
1641712,Rayan Rupert,1610612757,POR,21.0,52,24,0.317,13,45,0.289,0.433,0.007,0,1,0.0,0.31,13,44,0.295,2024-25,Regular Season,Catch and Shoot
1630200,Tre Jones,1610612741,CHI,25.0,46,30,0.185,19,44,0.432,0.636,0.004,1,1,1.0,0.181,18,43,0.419,2024-25,Regular Season,Catch and Shoot
1630173,Precious Achiuwa,1610612752,NYK,25.0,56,32,0.135,14,44,0.318,0.432,0.031,4,10,0.4,0.105,10,34,0.294,2024-25,Regular Season,Catch and Shoot
1629680,Matisse Thybulle,1610612757,POR,28.0,15,14,0.489,19,43,0.442,0.651,0.011,1,1,1.0,0.477,18,42,0.429,2024-25,Regular Season,Catch and Shoot
1630256,Jae'Sean Tate,1610612745,HOU,29.0,52,27,0.291,16,43,0.372,0.558,0.0,0,0,,0.291,16,43,0.372,2024-25,Regular Season,Catch and Shoot
203957,Dante Exum,1610612742,DAL,29.0,20,17,0.313,21,42,0.5,0.75,0.0,0,0,,0.313,21,42,0.5,2024-25,Regular Season,Catch and Shoot
1631232,Keion Brooks Jr.,1610612740,NOP,24.0,14,12,0.385,13,42,0.31,0.464,0.018,0,2,0.0,0.367,13,40,0.325,2024-25,Regular Season,Catch and Shoot
1641709,Ausar Thompson,1610612765,DET,22.0,59,26,0.091,10,42,0.238,0.357,0.002,0,1,0.0,0.089,10,41,0.244,2024-25,Regular Season,Catch and Shoot
1628386,Jarrett Allen,1610612739,CLE,27.0,82,30,0.064,19,41,0.463,0.463,0.058,19,37,0.514,0.006,0,4,0.0,2024-25,Regular Season,Catch and Shoot
1642024,Alex Reese,1610612755,PHI,26.0,15,14,0.759,16,41,0.39,0.573,0.019,1,1,1.0,0.741,15,40,0.375,2024-25,Regular Season,Catch and Shoot
1631166,Drew Timme,1610612751,BKN,24.0,9,9,0.402,15,41,0.366,0.463,0.098,7,10,0.7,0.304,8,31,0.258,2024-25,Regular Season,Catch and Shoot
1631169,Josh Minott,1610612750,MIN,22.0,46,31,0.456,14,41,0.341,0.512,0.0,0,0,,0.456,14,41,0.341,2024-25,Regular Season,Catch and Shoot
1630623,Tyson Etienne,1610612751,BKN,25.0,7,7,0.788,13,41,0.317,0.476,0.0,0,0,,0.788,13,41,0.317,2024-25,Regular Season,Catch and Shoot
1630314,Brandon Williams,1610612742,DAL,25.0,33,18,0.213,19,40,0.475,0.7,0.016,1,3,0.333,0.197,18,37,0.486,2024-25,Regular Season,Catch and Shoot
1642285,Cam Spencer,1610612763,MEM,25.0,25,13,0.488,14,40,0.35,0.525,0.012,0,1,0.0,0.476,14,39,0.359,2024-25,Regular Season,Catch and Shoot
1630568,Luka Garza,1610612750,MIN,26.0,39,22,0.371,12,39,0.308,0.436,0.038,2,4,0.5,0.333,10,35,0.286,2024-25,Regular Season,Catch and Shoot
1631230,Dominick Barlow,1610612737,ATL,22.0,35,24,0.345,11,39,0.282,0.372,0.106,4,12,0.333,0.239,7,27,0.259,2024-25,Regular Season,Catch and Shoot
1630531,Jaden Springer,1610612762,UTA,22.0,43,20,0.433,10,39,0.256,0.385,0.0,0,0,,0.433,10,39,0.256,2024-25,Regular Season,Catch and Shoot
1631306,Cole Swider,1610612754,IND,26.0,10,10,0.603,13,38,0.342,0.513,0.016,0,1,0.0,0.587,13,37,0.351,2024-25,Regular Season,Catch and Shoot
1631109,Mark Williams,1610612766,CHA,23.0,44,24,0.085,12,38,0.316,0.316,0.078,12,35,0.343,0.007,0,3,0.0,2024-25,Regular Season,Catch and Shoot
1642278,Tyler Kolek,1610612752,NYK,24.0,41,19,0.451,14,37,0.378,0.568,0.0,0,0,,0.451,14,37,0.378,2024-25,Regular Season,Catch and Shoot
1642265,Rob Dillingham,1610612750,MIN,20.0,49,22,0.175,11,37,0.297,0.446,0.005,0,1,0.0,0.171,11,36,0.306,2024-25,Regular Season,Catch and Shoot
1629048,Goga Bitadze,1610612753,ORL,25.0,70,26,0.109,9,37,0.243,0.284,0.032,6,11,0.545,0.077,3,26,0.115,2024-25,Regular Season,Catch and Shoot
1641736,Reece Beekman,1610612751,BKN,23.0,36,23,0.346,7,37,0.189,0.284,0.009,0,1,0.0,0.336,7,36,0.194,2024-25,Regular Season,Catch and Shoot
1631111,Wendell Moore Jr.,1610612766,CHA,23.0,36,23,0.286,14,36,0.389,0.569,0.016,1,2,0.5,0.27,13,34,0.382,2024-25,Regular Season,Catch and Shoot
1627763,Malcolm Brogdon,1610612764,WAS,32.0,24,19,0.15,13,36,0.361,0.542,0.004,0,1,0.0,0.146,13,35,0.371,2024-25,Regular Season,Catch and Shoot
1631117,Walker Kessler,1610612762,UTA,23.0,58,14,0.086,6,36,0.167,0.25,0.005,0,2,0.0,0.081,6,34,0.176,2024-25,Regular Season,Catch and Shoot
1641721,Maxwell Lewis,1610612751,BKN,22.0,28,17,0.324,14,35,0.4,0.6,0.009,0,1,0.0,0.315,14,34,0.412,2024-25,Regular Season,Catch and Shoot
1642269,Devin Carter,1610612758,SAC,23.0,36,22,0.276,12,35,0.343,0.514,0.0,0,0,,0.276,12,35,0.343,2024-25,Regular Season,Catch and Shoot
202693,Markieff Morris,1610612747,LAL,35.0,15,13,0.486,10,34,0.294,0.426,0.043,1,3,0.333,0.443,9,31,0.29,2024-25,Regular Season,Catch and Shoot
1641732,Colby Jones,1610612764,WAS,23.0,39,19,0.264,10,34,0.294,0.426,0.023,1,3,0.333,0.24,9,31,0.29,2024-25,Regular Season,Catch and Shoot
1631197,Jared Rhoden,1610612761,TOR,25.0,14,11,0.379,9,33,0.273,0.409,0.0,0,0,,0.379,9,33,0.273,2024-25,Regular Season,Catch and Shoot
1627814,Damion Lee,1610612756,PHX,32.0,25,20,0.432,9,32,0.281,0.406,0.027,1,2,0.5,0.405,8,30,0.267,2024-25,Regular Season,Catch and Shoot
1629020,Jarred Vanderbilt,1610612747,LAL,26.0,36,22,0.264,9,32,0.281,0.422,0.0,0,0,,0.264,9,32,0.281,2024-25,Regular Season,Catch and Shoot
1641757,Jordan Miller,1610612746,LAC,25.0,37,17,0.239,8,32,0.25,0.375,0.0,0,0,,0.239,8,32,0.25,2024-25,Regular Season,Catch and Shoot
1641890,Tyler Smith,1610612749,MIL,20.0,23,13,0.62,13,31,0.419,0.613,0.04,1,2,0.5,0.58,12,29,0.414,2024-25,Regular Season,Catch and Shoot
1626172,Kevon Looney,1610612744,GSW,29.0,76,28,0.113,10,31,0.323,0.355,0.098,8,27,0.296,0.015,2,4,0.5,2024-25,Regular Season,Catch and Shoot
1630214,Xavier Tillman,1610612738,BOS,26.0,33,17,0.585,5,31,0.161,0.242,0.0,0,0,,0.585,5,31,0.161,2024-25,Regular Season,Catch and Shoot
1642345,Oso Ighodaro,1610612756,PHX,22.0,61,25,0.16,12,30,0.4,0.4,0.16,12,30,0.4,0.0,0,0,,2024-25,Regular Season,Catch and Shoot
1630264,Anthony Gill,1610612764,WAS,32.0,51,20,0.341,10,30,0.333,0.5,0.0,0,0,,0.341,10,30,0.333,2024-25,Regular Season,Catch and Shoot
1630544,Tre Mann,1610612766,CHA,24.0,13,12,0.18,13,29,0.448,0.672,0.0,0,0,,0.18,13,29,0.448,2024-25,Regular Season,Catch and Shoot
1630288,Jeff Dowtin Jr.,1610612755,PHI,28.0,41,19,0.126,10,29,0.345,0.517,0.004,0,1,0.0,0.122,10,28,0.357,2024-25,Regular Season,Catch and Shoot
1631311,Lester Quinones,1610612740,NOP,24.0,13,10,0.359,10,28,0.357,0.536,0.0,0,0,,0.359,10,28,0.357,2024-25,Regular Season,Catch and Shoot
203967,Dario Saric,1610612743,DEN,31.0,16,11,0.5,8,28,0.286,0.411,0.071,1,4,0.25,0.429,7,24,0.292,2024-25,Regular Season,Catch and Shoot
203507,Giannis Antetokounmpo,1610612749,MIL,30.0,67,25,0.021,7,28,0.25,0.304,0.007,4,9,0.444,0.014,3,19,0.158,2024-25,Regular Season,Catch and Shoot
1630542,Marcus Bagley,1610612755,PHI,23.0,10,9,0.406,5,28,0.179,0.25,0.014,1,1,1.0,0.391,4,27,0.148,2024-25,Regular Season,Catch and Shoot
1630208,Nick Richards,1610612756,PHX,27.0,57,22,0.078,15,27,0.556,0.556,0.075,15,26,0.577,0.003,0,1,0.0,2024-25,Regular Season,Catch and Shoot
1630538,Bones Hyland,1610612750,MIN,24.0,24,15,0.22,9,26,0.346,0.519,0.0,0,0,,0.22,9,26,0.346,2024-25,Regular Season,Catch and Shoot
1630545,Terrence Shannon Jr.,1610612750,MIN,24.0,32,16,0.228,9,26,0.346,0.519,0.0,0,0,,0.228,9,26,0.346,2024-25,Regular Season,Catch and Shoot
1629162,Jordan McLaughlin,1610612759,SAS,29.0,46,18,0.361,8,26,0.308,0.462,0.0,0,0,,0.361,8,26,0.308,2024-25,Regular Season,Catch and Shoot
1629001,De'Anthony Melton,1610612751,BKN,27.0,6,6,0.463,10,25,0.4,0.6,0.0,0,0,,0.463,10,25,0.4,2024-25,Regular Season,Catch and Shoot
1631245,Quenton Jackson,1610612754,IND,26.0,28,14,0.205,10,25,0.4,0.6,0.0,0,0,,0.205,10,25,0.4,2024-25,Regular Season,Catch and Shoot
1626196,Josh Richardson,1610612748,MIA,31.0,8,7,0.658,7,25,0.28,0.4,0.105,1,4,0.25,0.553,6,21,0.286,2024-25,Regular Season,Catch and Shoot
1628963,Marvin Bagley III,1610612763,MEM,26.0,31,14,0.236,3,25,0.12,0.18,0.057,0,6,0.0,0.179,3,19,0.158,2024-25,Regular Season,Catch and Shoot
1630696,Dru Smith,1610612748,MIA,27.0,14,10,0.393,14,24,0.583,0.875,0.0,0,0,,0.393,14,24,0.583,2024-25,Regular Season,Catch and Shoot
1629643,Chuma Okeke,1610612739,CLE,26.0,9,7,0.6,10,24,0.417,0.625,0.0,0,0,,0.6,10,24,0.417,2024-25,Regular Season,Catch and Shoot
1630205,Lamar Stevens,1610612763,MEM,27.0,17,9,0.381,7,24,0.292,0.438,0.0,0,0,,0.381,7,24,0.292,2024-25,Regular Season,Catch and Shoot
1641738,Kobe Brown,1610612746,LAC,25.0,40,17,0.333,6,24,0.25,0.375,0.0,0,0,,0.333,6,24,0.25,2024-25,Regular Season,Catch and Shoot
1631466,Nate Williams,1610612745,HOU,26.0,20,10,0.387,6,24,0.25,0.375,0.0,0,0,,0.387,6,24,0.25,2024-25,Regular Season,Catch and Shoot
203083,Andre Drummond,1610612755,PHI,31.0,40,19,0.103,5,24,0.208,0.271,0.026,2,6,0.333,0.077,3,18,0.167,2024-25,Regular Season,Catch and Shoot
202066,Garrett Temple,1610612761,TOR,39.0,28,12,0.4,5,24,0.208,0.313,0.017,0,1,0.0,0.383,5,23,0.217,2024-25,Regular Season,Catch and Shoot
1631250,Pete Nance,1610612749,MIL,25.0,13,7,0.719,9,23,0.391,0.587,0.031,0,1,0.0,0.688,9,22,0.409,2024-25,Regular Season,Catch and Shoot
1641734,Emoni Bates,1610612739,CLE,21.0,10,9,0.605,7,23,0.304,0.457,0.053,0,2,0.0,0.553,7,21,0.333,2024-25,Regular Season,Catch and Shoot
1630658,Colin Castleton,1610612761,TOR,25.0,26,17,0.235,7,23,0.304,0.348,0.082,5,8,0.625,0.153,2,15,0.133,2024-25,Regular Season,Catch and Shoot
1630550,JT Thor,1610612764,WAS,22.0,20,14,0.373,7,22,0.318,0.455,0.034,1,2,0.5,0.339,6,20,0.3,2024-25,Regular Season,Catch and Shoot
1641809,Drew Peterson,1610612738,BOS,25.0,25,12,0.537,7,22,0.318,0.477,0.0,0,0,,0.537,7,22,0.318,2024-25,Regular Season,Catch and Shoot
1642505,Alex Ducas,1610612760,OKC,24.0,21,15,0.7,10,21,0.476,0.714,0.033,0,1,0.0,0.667,10,20,0.5,2024-25,Regular Season,Catch and Shoot
1629669,Jaylen Nowell,1610612764,WAS,25.0,8,7,0.288,9,21,0.429,0.619,0.014,1,1,1.0,0.274,8,20,0.4,2024-25,Regular Season,Catch and Shoot
1641989,Elijah Harkless,1610612762,UTA,25.0,10,6,0.6,6,21,0.286,0.429,0.0,0,0,,0.6,6,21,0.286,2024-25,Regular Season,Catch and Shoot
201959,Taj Gibson,1610612766,CHA,40.0,37,16,0.211,7,20,0.35,0.375,0.189,6,18,0.333,0.021,1,2,0.5,2024-25,Regular Season,Catch and Shoot
1641798,Jaylen Martin,1610612764,WAS,21.0,16,9,0.27,5,20,0.25,0.375,0.0,0,0,,0.27,5,20,0.25,2024-25,Regular Season,Catch and Shoot
1642359,Pacôme Dadiet,1610612752,NYK,19.0,18,10,0.613,7,19,0.368,0.526,0.032,1,1,1.0,0.581,6,18,0.333,2024-25,Regular Season,Catch and Shoot
1641854,Craig Porter Jr.,1610612739,CLE,25.0,51,12,0.129,8,18,0.444,0.667,0.0,0,0,,0.129,8,18,0.444,2024-25,Regular Season,Catch and Shoot
1641720,Jalen Hood-Schifino,1610612755,PHI,22.0,15,11,0.184,5,18,0.278,0.417,0.02,0,2,0.0,0.163,5,16,0.313,2024-25,Regular Season,Catch and Shoot
1642461,Spencer Jones,1610612743,DEN,24.0,20,11,0.529,1,18,0.056,0.083,0.029,0,1,0.0,0.5,1,17,0.059,2024-25,Regular Season,Catch and Shoot
1631116,Patrick Baldwin Jr.,1610612746,LAC,22.0,24,11,0.486,12,17,0.706,1.059,0.0,0,0,,0.486,12,17,0.706,2024-25,Regular Season,Catch and Shoot
1631342,Daeqwon Plowden,1610612737,ATL,26.0,6,5,0.68,9,17,0.529,0.794,0.0,0,0,,0.68,9,17,0.529,2024-25,Regular Season,Catch and Shoot
1631209,Isaiah Wong,1610612766,CHA,24.0,20,13,0.162,7,17,0.412,0.588,0.019,1,2,0.5,0.143,6,15,0.4,2024-25,Regular Season,Catch and Shoot
1630165,Killian Hayes,1610612751,BKN,23.0,6,5,0.395,7,17,0.412,0.618,0.023,0,1,0.0,0.372,7,16,0.438,2024-25,Regular Season,Catch and Shoot
1630346,Matt Ryan,1610612740,NOP,28.0,19,11,0.548,5,17,0.294,0.441,0.065,0,2,0.0,0.484,5,15,0.333,2024-25,Regular Season,Catch and Shoot
1630311,Pat Spencer,1610612744,GSW,28.0,39,10,0.168,5,17,0.294,0.441,0.01,0,1,0.0,0.158,5,16,0.313,2024-25,Regular Season,Catch and Shoot
1631217,Moussa Diabate,1610612766,CHA,23.0,71,15,0.057,5,16,0.313,0.313,0.039,5,11,0.455,0.018,0,5,0.0,2024-25,Regular Season,Catch and Shoot
1629052,Oshae Brissett,1610612755,PHI,27.0,6,6,0.41,4,16,0.25,0.375,0.0,0,0,,0.41,4,16,0.25,2024-25,Regular Season,Catch and Shoot
1642355,Bronny James,1610612747,LAL,20.0,27,10,0.239,3,16,0.188,0.281,0.015,0,1,0.0,0.224,3,15,0.2,2024-25,Regular Season,Catch and Shoot
203109,Jae Crowder,1610612758,SAC,34.0,9,6,0.682,5,15,0.333,0.467,0.045,1,1,1.0,0.636,4,14,0.286,2024-25,Regular Season,Catch and Shoot
1628427,Vlatko Čančar,1610612743,DEN,28.0,13,7,0.577,4,15,0.267,0.4,0.0,0,0,,0.577,4,15,0.267,2024-25,Regular Season,Catch and Shoot
1631098,Johnny Davis,1610612764,WAS,23.0,34,12,0.192,3,15,0.2,0.3,0.0,0,0,,0.192,3,15,0.2,2024-25,Regular Season,Catch and Shoot
1631102,TyTy Washington Jr.,1610612756,PHX,23.0,16,7,0.333,3,15,0.2,0.3,0.0,0,0,,0.333,3,15,0.2,2024-25,Regular Season,Catch and Shoot
1641725,Trey Alexander,1610612743,DEN,22.0,24,8,0.366,3,15,0.2,0.3,0.0,0,0,,0.366,3,15,0.2,2024-25,Regular Season,Catch and Shoot
203458,Alex Len,1610612747,LAL,32.0,46,13,0.238,3,15,0.2,0.233,0.111,2,7,0.286,0.127,1,8,0.125,2024-25,Regular Season,Catch and Shoot
1630649,Stanley Umude,1610612749,MIL,26.0,22,11,0.577,3,15,0.2,0.3,0.0,0,0,,0.577,3,15,0.2,2024-25,Regular Season,Catch and Shoot
1630699,MarJon Beauchamp,1610612752,NYK,24.0,35,12,0.215,4,14,0.286,0.429,0.0,0,0,,0.215,4,14,0.286,2024-25,Regular Season,Catch and Shoot
1628995,Kevin Knox II,1610612744,GSW,25.0,14,8,0.389,3,14,0.214,0.321,0.0,0,0,,0.389,3,14,0.214,2024-25,Regular Season,Catch and Shoot
203500,Steven Adams,1610612745,HOU,31.0,58,11,0.084,3,14,0.214,0.214,0.072,3,12,0.25,0.012,0,2,0.0,2024-25,Regular Season,Catch and Shoot
1641723,Kobe Bufkin,1610612737,ATL,21.0,10,8,0.298,3,14,0.214,0.321,0.0,0,0,,0.298,3,14,0.214,2024-25,Regular Season,Catch and Shoot
203497,Rudy Gobert,1610612750,MIN,33.0,72,14,0.027,1,14,0.071,0.071,0.027,1,14,0.071,0.0,0,0,,2024-25,Regular Season,Catch and Shoot
1642484,RayJ Dennis,1610612754,IND,24.0,11,5,0.394,3,13,0.231,0.346,0.0,0,0,,0.394,3,13,0.231,2024-25,Regular Season,Catch and Shoot
1629646,Charles Bassey,1610612759,SAS,24.0,36,9,0.103,5,12,0.417,0.417,0.103,5,12,0.417,0.0,0,0,,2024-25,Regular Season,Catch and Shoot
1631321,Sidy Cissoko,1610612757,POR,21.0,22,7,0.4,3,12,0.25,0.375,0.0,0,0,,0.4,3,12,0.25,2024-25,Regular Season,Catch and Shoot
1642530,Yuki Kawamura,1610612763,MEM,24.0,22,7,0.4,3,12,0.25,0.375,0.0,0,0,,0.4,3,12,0.25,2024-25,Regular Season,Catch and Shoot
1631120,JD Davison,1610612738,BOS,22.0,16,8,0.353,2,12,0.167,0.25,0.0,0,0,,0.353,2,12,0.167,2024-25,Regular Season,Catch and Shoot
1642274,Yves Missi,1610612740,NOP,21.0,73,11,0.022,5,11,0.455,0.455,0.02,5,10,0.5,0.002,0,1,0.0,2024-25,Regular Season,Catch and Shoot
1629098,Jack McVeigh,1610612745,HOU,29.0,9,6,0.647,4,11,0.364,0.545,0.0,0,0,,0.647,4,11,0.364,2024-25,Regular Season,Catch and Shoot
1631301,Jaylen Sims,1610612766,CHA,26.0,6,6,0.393,4,11,0.364,0.545,0.0,0,0,,0.393,4,11,0.364,2024-25,Regular Season,Catch and Shoot
1641707,Taylor Hendricks,1610612762,UTA,21.0,3,3,0.611,2,11,0.182,0.273,0.0,0,0,,0.611,2,11,0.182,2024-25,Regular Season,Catch and Shoot
1629674,Neemias Queta,1610612738,BOS,25.0,62,10,0.051,4,10,0.4,0.4,0.035,4,7,0.571,0.015,0,3,0.0,2024-25,Regular Season,Catch and Shoot
1629234,Drew Eubanks,1610612746,LAC,28.0,61,9,0.052,4,10,0.4,0.5,0.026,2,5,0.4,0.026,2,5,0.4,2024-25,Regular Season,Catch and Shoot
1631303,Justin Minaya,1610612757,POR,26.0,19,6,0.476,2,10,0.2,0.3,0.0,0,0,,0.476,2,10,0.2,2024-25,Regular Season,Catch and Shoot
1642402,Enrique Freeman,1610612754,IND,24.0,22,7,0.27,1,10,0.1,0.15,0.0,0,0,,0.27,1,10,0.1,2024-25,Regular Season,Catch and Shoot
1628365,Markelle Fultz,1610612758,SAC,27.0,21,7,0.134,5,9,0.556,0.778,0.03,1,2,0.5,0.104,4,7,0.571,2024-25,Regular Season,Catch and Shoot
1631210,Jacob Toppin,1610612737,ATL,25.0,17,2,0.409,4,9,0.444,0.667,0.045,0,1,0.0,0.364,4,8,0.5,2024-25,Regular Season,Catch and Shoot
1630604,E.J. Liddell,1610612741,CHI,24.0,12,5,0.6,3,9,0.333,0.5,0.0,0,0,,0.6,3,9,0.333,2024-25,Regular Season,Catch and Shoot
1626158,Richaun Holmes,1610612764,WAS,31.0,31,6,0.058,4,8,0.5,0.5,0.043,4,6,0.667,0.014,0,2,0.0,2024-25,Regular Season,Catch and Shoot
1641790,PJ Hall,1610612743,DEN,23.0,19,7,0.333,3,8,0.375,0.5,0.042,1,1,1.0,0.292,2,7,0.286,2024-25,Regular Season,Catch and Shoot
1642403,Isaac Jones,1610612758,SAC,24.0,40,7,0.096,3,8,0.375,0.563,0.0,0,0,,0.096,3,8,0.375,2024-25,Regular Season,Catch and Shoot
1630528,Josh Christopher,1610612748,MIA,23.0,14,5,0.258,2,8,0.25,0.375,0.0,0,0,,0.258,2,8,0.25,2024-25,Regular Season,Catch and Shoot
204060,Joe Ingles,1610612750,MIN,37.0,19,6,0.348,2,8,0.25,0.375,0.0,0,0,,0.348,2,8,0.25,2024-25,Regular Season,Catch and Shoot
1641789,Jazian Gortman,1610612742,DAL,22.0,16,5,0.348,2,8,0.25,0.375,0.0,0,0,,0.348,2,8,0.25,2024-25,Regular Season,Catch and Shoot
1642050,Jackson Rowe,1610612744,GSW,28.0,6,4,0.471,2,8,0.25,0.375,0.0,0,0,,0.471,2,8,0.25,2024-25,Regular Season,Catch and Shoot
1641753,Chris Livingston,1610612749,MIL,21.0,21,5,0.296,0,8,0.0,0.0,0.0,0,0,,0.296,0,8,0.0,2024-25,Regular Season,Catch and Shoot
1630585,Marcus Garrett,1610612766,CHA,26.0,4,4,0.259,3,7,0.429,0.643,0.0,0,0,,0.259,3,7,0.429,2024-25,Regular Season,Catch and Shoot
1641936,Miles Norris,1610612738,BOS,25.0,3,2,0.778,2,7,0.286,0.429,0.0,0,0,,0.778,2,7,0.286,2024-25,Regular Season,Catch and Shoot
1642353,Cam Christie,1610612746,LAC,19.0,13,5,0.292,2,7,0.286,0.429,0.0,0,0,,0.292,2,7,0.286,2024-25,Regular Season,Catch and Shoot
1641772,Nae'Qwan Tomlin,1610612739,CLE,24.0,5,2,0.219,2,7,0.286,0.429,0.0,0,0,,0.219,2,7,0.286,2024-25,Regular Season,Catch and Shoot
1630222,Mason Jones,1610612758,SAC,26.0,10,4,0.389,1,7,0.143,0.214,0.0,0,0,,0.389,1,7,0.143,2024-25,Regular Season,Catch and Shoot
1631247,Luke Travers,1610612739,CLE,23.0,12,3,0.35,0,7,0.0,0.0,0.0,0,0,,0.35,0,7,0.0,2024-25,Regular Season,Catch and Shoot
1642422,Armel Traore,1610612747,LAL,22.0,9,6,0.368,0,7,0.0,0.0,0.0,0,0,,0.368,0,7,0.0,2024-25,Regular Season,Catch and Shoot
1630537,Chris Duarte,1610612741,CHI,28.0,17,5,0.231,4,6,0.667,1.0,0.0,0,0,,0.231,4,6,0.667,2024-25,Regular Season,Catch and Shoot
1630561,David Duke Jr.,1610612759,SAS,25.0,6,3,0.429,3,6,0.5,0.75,0.0,0,0,,0.429,3,6,0.5,2024-25,Regular Season,Catch and Shoot
1629057,Robert Williams III,1610612757,POR,27.0,20,6,0.077,2,6,0.333,0.417,0.038,1,3,0.333,0.038,1,3,0.333,2024-25,Regular Season,Catch and Shoot
1641779,Jalen Bridges,1610612756,PHX,24.0,8,5,0.857,2,6,0.333,0.5,0.0,0,0,,0.857,2,6,0.333,2024-25,Regular Season,Catch and Shoot
1642352,Keshad Johnson,1610612748,MIA,24.0,16,3,0.231,2,6,0.333,0.5,0.0,0,0,,0.231,2,6,0.333,2024-25,Regular Season,Catch and Shoot
203991,Clint Capela,1610612737,ATL,31.0,55,6,0.015,1,6,0.167,0.167,0.013,1,5,0.2,0.003,0,1,0.0,2024-25,Regular Season,Catch and Shoot
1629637,Jaxson Hayes,1610612747,LAL,25.0,56,6,0.027,1,6,0.167,0.167,0.013,1,3,0.333,0.013,0,3,0.0,2024-25,Regular Season,Catch and Shoot
1630762,Phillip Wheeler,1610612755,PHI,23.0,5,4,0.286,0,6,0.0,0.0,0.0,0,0,,0.286,0,6,0.0,2024-25,Regular Season,Catch and Shoot
1631199,Ron Harper Jr.,1610612765,DET,25.0,1,1,0.75,0,6,0.0,0.0,0.0,0,0,,0.75,0,6,0.0,2024-25,Regular Season,Catch and Shoot
203486,Mason Plumlee,1610612756,PHX,35.0,74,6,0.03,0,6,0.0,0.0,0.025,0,5,0.0,0.005,0,1,0.0,2024-25,Regular Season,Catch and Shoot
200782,P.J. Tucker,1610612752,NYK,40.0,3,2,0.714,3,5,0.6,0.9,0.0,0,0,,0.714,3,5,0.6,2024-25,Regular Season,Catch and Shoot
1641752,Bobi Klintman,1610612765,DET,22.0,8,2,0.5,2,5,0.4,0.5,0.1,1,1,1.0,0.4,1,4,0.25,2024-25,Regular Season,Catch and Shoot
203939,Dwight Powell,1610612742,DAL,33.0,55,4,0.082,2,5,0.4,0.6,0.0,0,0,,0.082,2,5,0.4,2024-25,Regular Season,Catch and Shoot
1629627,Zion Williamson,1610612740,NOP,24.0,30,5,0.01,2,5,0.4,0.6,0.0,0,0,,0.01,2,5,0.4,2024-25,Regular Season,Catch and Shoot
1631131,Oscar Tshiebwe,1610612762,UTA,25.0,14,4,0.071,1,5,0.2,0.2,0.071,1,5,0.2,0.0,0,0,,2024-25,Regular Season,Catch and Shoot
1628981,Bruno Fernando,1610612761,TOR,26.0,17,4,0.102,1,5,0.2,0.2,0.102,1,5,0.2,0.0,0,0,,2024-25,Regular Season,Catch and Shoot
1631132,Christian Koloko,1610612747,LAL,25.0,37,5,0.076,0,5,0.0,0.0,0.03,0,2,0.0,0.045,0,3,0.0,2024-25,Regular Season,Catch and Shoot
1630539,Kai Jones,1610612742,DAL,24.0,40,4,0.037,3,4,0.75,0.75,0.028,3,3,1.0,0.009,0,1,0.0,2024-25,Regular Season,Catch and Shoot
1628436,Luke Kornet,1610612738,BOS,29.0,73,4,0.014,2,4,0.5,0.5,0.011,2,3,0.667,0.004,0,1,0.0,2024-25,Regular Season,Catch and Shoot
1628396,Tony Bradley,1610612754,IND,27.0,14,3,0.089,2,4,0.5,0.625,0.022,1,1,1.0,0.067,1,3,0.333,2024-25,Regular Season,Catch and Shoot
1641726,Dereck Lively II,1610612742,DAL,21.0,36,4,0.021,2,4,0.5,0.5,0.021,2,4,0.5,0.0,0,0,,2024-25,Regular Season,Catch and Shoot
1642439,Quincy Olivari,1610612747,LAL,24.0,2,2,0.8,1,4,0.25,0.375,0.0,0,0,,0.8,1,4,0.25,2024-25,Regular Season,Catch and Shoot
1630201,Malachi Flynn,1610612759,SAS,27.0,4,2,0.308,1,4,0.25,0.375,0.0,0,0,,0.308,1,4,0.25,2024-25,Regular Season,Catch and Shoot
1642384,Isaiah Crawford,1610612758,SAC,23.0,15,4,0.364,0,4,0.0,0.0,0.0,0,0,,0.364,0,4,0.0,2024-25,Regular Season,Catch and Shoot
1631159,Leonard Miller,1610612750,MIN,21.0,13,3,0.267,0,4,0.0,0.0,0.0,0,0,,0.267,0,4,0.0,2024-25,Regular Season,Catch and Shoot
1642450,Daniss Jenkins,1610612765,DET,23.0,7,4,0.4,0,4,0.0,0.0,0.0,0,0,,0.4,0,4,0.0,2024-25,Regular Season,Catch and Shoot
1629655,Daniel Gafford,1610612742,DAL,26.0,57,3,0.007,2,3,0.667,0.667,0.007,2,3,0.667,0.0,0,0,,2024-25,Regular Season,Catch and Shoot
1628408,PJ Dozier,1610612750,MIN,28.0,9,3,1.0,2,3,0.667,1.0,0.0,0,0,,1.0,2,3,0.667,2024-25,Regular Season,Catch and Shoot
1627732,Ben Simmons,1610612746,LAC,28.0,51,3,0.013,1,3,0.333,0.333,0.013,1,3,0.333,0.0,0,0,,2024-25,Regular Season,Catch and Shoot
1630600,Isaiah Mobley,1610612755,PHI,25.0,1,1,0.429,1,3,0.333,0.5,0.0,0,0,,0.429,1,3,0.333,2024-25,Regular Season,Catch and Shoot
203901,Elfrid Payton,1610612740,NOP,31.0,24,3,0.025,1,3,0.333,0.5,0.0,0,0,,0.025,1,3,0.333,2024-25,Regular Season,Catch and Shoot
1631386,Taze Moore,1610612757,POR,27.0,2,1,0.3,1,3,0.333,0.5,0.0,0,0,,0.3,1,3,0.333,2024-25,Regular Season,Catch and Shoot
1630164,James Wiseman,1610612754,IND,24.0,1,1,0.75,1,3,0.333,0.333,0.5,1,2,0.5,0.25,0,1,0.0,2024-25,Regular Season,Catch and Shoot
1630283,Kylor Kelley,1610612747,LAL,27.0,11,2,0.136,1,3,0.333,0.333,0.136,1,3,0.333,0.0,0,0,,2024-25,Regular Season,Catch and Shoot
1630618,D.J. Carton,1610612761,TOR,24.0,4,2,0.429,0,3,0.0,0.0,0.0,0,0,,0.429,0,3,0.0,2024-25,Regular Season,Catch and Shoot
1642385,Cui Cui,1610612751,BKN,22.0,5,1,0.429,0,3,0.0,0.0,0.0,0,0,,0.429,0,3,0.0,2024-25,Regular Season,Catch and Shoot
1631123,Jamaree Bouyea,1610612749,MIL,26.0,5,2,0.25,0,3,0.0,0.0,0.0,0,0,,0.25,0,3,0.0,2024-25,Regular Season,Catch and Shoot
1642280,Trentyn Flowers,1610612746,LAC,20.0,6,2,0.273,0,3,0.0,0.0,0.091,0,1,0.0,0.182,0,2,0.0,2024-25,Regular Season,Catch and Shoot
201949,James Johnson,1610612754,IND,38.0,12,3,0.273,0,3,0.0,0.0,0.0,0,0,,0.273,0,3,0.0,2024-25,Regular Season,Catch and Shoot
1631218,Trayce Jackson-Davis,1610612744,GSW,25.0,62,3,0.01,0,3,0.0,0.0,0.007,0,2,0.0,0.003,0,1,0.0,2024-25,Regular Season,Catch and Shoot
202684,Tristan Thompson,1610612739,CLE,34.0,40,3,0.042,0,3,0.0,0.0,0.014,0,1,0.0,0.028,0,2,0.0,2024-25,Regular Season,Catch and Shoot
1630579,Jericho Sims,1610612749,MIL,26.0,53,2,0.028,1,2,0.5,0.5,0.028,1,2,0.5,0.0,0,0,,2024-25,Regular Season,Catch and Shoot
1631105,Jalen Duren,1610612765,DET,21.0,78,2,0.004,1,2,0.5,0.5,0.004,1,2,0.5,0.0,0,0,,2024-25,Regular Season,Catch and Shoot
1641817,Anton Watson,1610612752,NYK,24.0,9,2,0.222,1,2,0.5,0.5,0.111,1,1,1.0,0.111,0,1,0.0,2024-25,Regular Season,Catch and Shoot
1642443,Jahmir Young,1610612741,CHI,24.0,6,2,0.4,1,2,0.5,0.75,0.0,0,0,,0.4,1,2,0.5,2024-25,Regular Season,Catch and Shoot
1629650,Moses Brown,1610612742,DAL,25.0,13,1,0.041,1,2,0.5,0.5,0.041,1,2,0.5,0.0,0,0,,2024-25,Regular Season,Catch and Shoot
1641737,Adem Bona,1610612755,PHI,22.0,58,2,0.01,0,2,0.0,0.0,0.005,0,1,0.0,0.005,0,1,0.0,2024-25,Regular Season,Catch and Shoot
1631127,Harrison Ingram,1610612759,SAS,22.0,5,2,0.5,0,2,0.0,0.0,0.25,0,1,0.0,0.25,0,1,0.0,2024-25,Regular Season,Catch and Shoot
1641857,Liam Robbins,1610612749,MIL,25.0,13,2,0.25,0,2,0.0,0.0,0.0,0,0,,0.25,0,2,0.0,2024-25,Regular Season,Catch and Shoot
202687,Bismack Biyombo,1610612759,SAS,32.0,28,2,0.018,0,2,0.0,0.0,0.018,0,2,0.0,0.0,0,0,,2024-25,Regular Season,Catch and Shoot
1631121,Bryce McGowens,1610612757,POR,22.0,13,2,0.143,0,2,0.0,0.0,0.0,0,0,,0.143,0,2,0.0,2024-25,Regular Season,Catch and Shoot
1641803,Tristen Newton,1610612750,MIN,24.0,8,2,0.25,0,2,0.0,0.0,0.0,0,0,,0.25,0,2,0.0,2024-25,Regular Season,Catch and Shoot
1627746,Skal Labissiere,1610612758,SAC,29.0,4,1,0.25,1,1,1.0,1.5,0.0,0,0,,0.25,1,1,1.0,2024-25,Regular Season,Catch and Shoot
1631214,Alondes Williams,1610612746,LAC,26.0,1,1,0.5,1,1,1.0,1.5,0.0,0,0,,0.5,1,1,1.0,2024-25,Regular Season,Catch and Shoot
1642434,Riley Minix,1610612759,SAS,24.0,1,1,1.0,0,1,0.0,0.0,0.0,0,0,,1.0,0,1,0.0,2024-25,Regular Season,Catch and Shoot
1641998,Trey Jemison III,1610612747,LAL,25.0,38,1,0.014,0,1,0.0,0.0,0.014,0,1,0.0,0.0,0,0,,2024-25,Regular Season,Catch and Shoot
1630227,Daishen Nix,1610612750,MIN,23.0,3,1,1.0,0,1,0.0,0.0,0.0,0,0,,1.0,0,1,0.0,2024-25,Regular Season,Catch and Shoot
1630644,Mac McClung,1610612753,ORL,26.0,2,1,0.5,0,1,0.0,0.0,0.0,0,0,,0.5,0,1,0.0,2024-25,Regular Season,Catch and Shoot
1642502,Malevy Leons,1610612760,OKC,25.0,6,1,0.5,0,1,0.0,0.0,0.0,0,0,,0.5,0,1,0.0,2024-25,Regular Season,Catch and Shoot
1630296,Braxton Key,1610612744,GSW,28.0,3,1,0.25,0,1,0.0,0.0,0.0,0,0,,0.25,0,1,0.0,2024-25,Regular Season,Catch and Shoot
1641755,Kevin McCullar Jr.,1610612752,NYK,24.0,4,1,0.143,0,1,0.0,0.0,0.0,0,0,,0.143,0,1,0.0,2024-25,Regular Season,Catch and Shoot
1641801,Emanuel Miller,1610612741,CHI,25.0,6,1,0.125,0,1,0.0,0.0,0.0,0,0,,0.125,0,1,0.0,2024-25,Regular Season,Catch and Shoot
1642279,Ulrich Chomche,1610612761,TOR,19.0,7,1,0.2,0,1,0.0,0.0,0.2,0,1,0.0,0.0,0,0,,2024-25,Regular Season,Catch and Shoot
1629056,Terence Davis,1610612758,SAC,28.0,1,1,0.5,0,1,0.0,0.0,0.0,0,0,,0.5,0,1,0.0,2024-25,Regular Season,Catch and Shoot
1630574,Ariel Hukporti,1610612752,NYK,23.0,25,1,0.032,0,1,0.0,0.0,0.032,0,1,0.0,0.0,0,0,,2024-25,Regular Season,Catch and Shoot
1628983,Shai Gilgeous-Alexander,1610612760,OKC,26.0,76,76,0.546,403,904,0.446,0.516,0.329,276,545,0.506,0.217,127,359,0.354,2024-25,Regular Season,Pullups
1630162,Anthony Edwards,1610612750,MIN,23.0,79,79,0.547,333,881,0.378,0.509,0.176,103,284,0.363,0.37,230,597,0.385,2024-25,Regular Season,Pullups
1629027,Trae Young,1610612737,ATL,26.0,76,76,0.583,304,802,0.379,0.492,0.198,123,273,0.451,0.384,181,529,0.342,2024-25,Regular Season,Pullups
201942,DeMar DeRozan,1610612758,SAC,35.0,77,77,0.58,358,759,0.472,0.484,0.525,339,687,0.493,0.055,19,72,0.264,2024-25,Regular Season,Pullups
1626164,Devin Booker,1610612756,PHX,28.0,75,75,0.534,329,758,0.434,0.495,0.32,236,455,0.519,0.213,93,303,0.307,2024-25,Regular Season,Pullups
1628369,Jayson Tatum,1610612738,BOS,27.0,72,71,0.521,265,752,0.352,0.466,0.161,94,232,0.405,0.361,171,520,0.329,2024-25,Regular Season,Pullups
201935,James Harden,1610612746,LAC,35.0,79,79,0.571,260,739,0.352,0.476,0.15,76,194,0.392,0.421,184,545,0.338,2024-25,Regular Season,Pullups
1630224,Jalen Green,1610612745,HOU,23.0,82,81,0.445,209,639,0.327,0.424,0.172,85,247,0.344,0.273,124,392,0.316,2024-25,Regular Season,Pullups
1628378,Donovan Mitchell,1610612739,CLE,28.0,71,71,0.474,236,626,0.377,0.483,0.18,103,238,0.433,0.294,133,388,0.343,2024-25,Regular Season,Pullups
1630169,Tyrese Haliburton,1610612754,IND,25.0,73,73,0.609,253,613,0.413,0.539,0.198,98,199,0.492,0.412,155,414,0.374,2024-25,Regular Season,Pullups
1628973,Jalen Brunson,1610612752,NYK,28.0,64,64,0.511,265,602,0.44,0.522,0.287,167,338,0.494,0.224,98,264,0.371,2024-25,Regular Season,Pullups
1629029,Luka Doncic,1610612747,LAL,26.0,50,50,0.58,217,594,0.365,0.469,0.246,94,252,0.373,0.334,123,342,0.36,2024-25,Regular Season,Pullups
1629639,Tyler Herro,1610612748,MIA,25.0,77,77,0.426,252,587,0.429,0.528,0.187,136,258,0.527,0.239,116,329,0.353,2024-25,Regular Season,Pullups
1630595,Cade Cunningham,1610612765,DET,23.0,70,69,0.39,235,568,0.414,0.494,0.205,144,299,0.482,0.185,91,269,0.338,2024-25,Regular Season,Pullups
201939,Stephen Curry,1610612744,GSW,37.0,70,70,0.452,227,568,0.4,0.536,0.115,72,144,0.5,0.337,155,424,0.366,2024-25,Regular Season,Pullups
1627750,Jamal Murray,1610612743,DEN,28.0,67,66,0.5,241,553,0.436,0.512,0.311,157,344,0.456,0.189,84,209,0.402,2024-25,Regular Season,Pullups
203897,Zach LaVine,1610612758,SAC,30.0,74,74,0.446,232,545,0.426,0.554,0.184,92,225,0.409,0.262,140,320,0.438,2024-25,Regular Season,Pullups
1629636,Darius Garland,1610612739,CLE,25.0,75,75,0.459,223,539,0.414,0.52,0.206,108,242,0.446,0.253,115,297,0.387,2024-25,Regular Season,Pullups
201142,Kevin Durant,1610612756,PHX,36.0,62,62,0.452,251,508,0.494,0.518,0.386,227,434,0.523,0.066,24,74,0.324,2024-25,Regular Season,Pullups
203081,Damian Lillard,1610612749,MIL,34.0,58,58,0.511,205,507,0.404,0.513,0.195,95,193,0.492,0.317,110,314,0.35,2024-25,Regular Season,Pullups
1628368,De'Aaron Fox,1610612759,SAS,27.0,62,62,0.431,203,501,0.405,0.462,0.272,146,316,0.462,0.159,57,185,0.308,2024-25,Regular Season,Pullups
1629014,Anfernee Simons,1610612757,POR,26.0,70,70,0.445,192,501,0.383,0.484,0.187,91,210,0.433,0.259,101,291,0.347,2024-25,Regular Season,Pullups
1630178,Tyrese Maxey,1610612755,PHI,24.0,52,52,0.434,176,474,0.371,0.478,0.149,75,163,0.46,0.285,101,311,0.325,2024-25,Regular Season,Pullups
1631114,Jalen Williams,1610612760,OKC,24.0,69,69,0.402,204,469,0.435,0.472,0.303,169,354,0.477,0.098,35,115,0.304,2024-25,Regular Season,Pullups
1631101,Shaedon Sharpe,1610612757,POR,22.0,72,72,0.419,175,463,0.378,0.456,0.205,103,226,0.456,0.215,72,237,0.304,2024-25,Regular Season,Pullups
1630163,LaMelo Ball,1610612766,CHA,23.0,47,47,0.455,158,456,0.346,0.453,0.149,61,149,0.409,0.306,97,307,0.316,2024-25,Regular Season,Pullups
1629673,Jordan Poole,1610612764,WAS,26.0,68,68,0.426,167,450,0.371,0.519,0.104,34,110,0.309,0.322,133,340,0.391,2024-25,Regular Season,Pullups
203468,CJ McCollum,1610612740,NOP,33.0,56,56,0.444,168,444,0.378,0.466,0.218,90,218,0.413,0.226,78,226,0.345,2024-25,Regular Season,Pullups
1631094,Paolo Banchero,1610612753,ORL,22.0,46,46,0.475,165,433,0.381,0.445,0.279,110,254,0.433,0.196,55,179,0.307,2024-25,Regular Season,Pullups
2544,LeBron James,1610612747,LAL,40.0,70,69,0.337,165,428,0.386,0.451,0.202,109,256,0.426,0.135,56,172,0.326,2024-25,Regular Season,Pullups
101108,Chris Paul,1610612759,SAS,40.0,82,81,0.712,176,415,0.424,0.529,0.309,89,180,0.494,0.403,87,235,0.37,2024-25,Regular Season,Pullups
1627759,Jaylen Brown,1610612738,BOS,28.0,63,62,0.368,146,407,0.359,0.42,0.214,96,236,0.407,0.155,50,171,0.292,2024-25,Regular Season,Pullups
1630559,Austin Reaves,1610612747,LAL,27.0,73,73,0.382,152,396,0.384,0.49,0.149,68,155,0.439,0.232,84,241,0.349,2024-25,Regular Season,Pullups
202681,Kyrie Irving,1610612742,DAL,33.0,50,50,0.416,158,393,0.402,0.487,0.215,91,203,0.448,0.201,67,190,0.353,2024-25,Regular Season,Pullups
1627832,Fred VanVleet,1610612745,HOU,31.0,60,60,0.51,137,387,0.354,0.452,0.192,61,146,0.418,0.318,76,241,0.315,2024-25,Regular Season,Pullups
1629632,Coby White,1610612741,CHI,25.0,74,72,0.339,144,380,0.379,0.492,0.117,58,131,0.443,0.222,86,249,0.345,2024-25,Regular Season,Pullups
1630217,Desmond Bane,1610612753,ORL,27.0,68,68,0.377,154,377,0.408,0.524,0.147,67,147,0.456,0.23,87,230,0.378,2024-25,Regular Season,Pullups
1628969,Mikal Bridges,1610612752,NYK,28.0,81,79,0.322,168,376,0.447,0.467,0.272,153,318,0.481,0.05,15,58,0.259,2024-25,Regular Season,Pullups
1630567,Scottie Barnes,1610612761,TOR,23.0,65,65,0.354,147,376,0.391,0.423,0.266,123,282,0.436,0.089,24,94,0.255,2024-25,Regular Season,Pullups
1641718,Keyonte George,1610612762,UTA,21.0,67,65,0.408,125,375,0.333,0.447,0.124,40,114,0.351,0.284,85,261,0.326,2024-25,Regular Season,Pullups
1642267,Bub Carrington,1610612764,WAS,19.0,82,81,0.496,156,371,0.42,0.513,0.235,87,176,0.494,0.261,69,195,0.354,2024-25,Regular Season,Pullups
203507,Giannis Antetokounmpo,1610612749,MIL,30.0,67,67,0.277,153,366,0.418,0.433,0.245,142,323,0.44,0.033,11,43,0.256,2024-25,Regular Season,Pullups
1630170,Devin Vassell,1610612759,SAS,24.0,64,64,0.391,147,348,0.422,0.474,0.268,111,238,0.466,0.124,36,110,0.327,2024-25,Regular Season,Pullups
1630532,Franz Wagner,1610612753,ORL,23.0,60,59,0.294,121,341,0.355,0.419,0.164,77,190,0.405,0.13,44,151,0.291,2024-25,Regular Season,Pullups
1629645,Kevin Porter Jr.,1610612749,MIL,25.0,75,75,0.517,141,337,0.418,0.469,0.356,107,232,0.461,0.161,34,105,0.324,2024-25,Regular Season,Pullups
1627736,Malik Beasley,1610612765,DET,28.0,82,80,0.302,120,323,0.372,0.481,0.123,49,131,0.374,0.18,71,192,0.37,2024-25,Regular Season,Pullups
1628370,Malik Monk,1610612758,SAC,27.0,65,65,0.342,121,321,0.377,0.453,0.158,72,148,0.486,0.184,49,173,0.283,2024-25,Regular Season,Pullups
203471,Dennis Schröder,1610612765,DET,31.0,75,72,0.384,126,317,0.397,0.462,0.232,85,192,0.443,0.151,41,125,0.328,2024-25,Regular Season,Pullups
1626181,Norman Powell,1610612746,LAC,32.0,60,59,0.333,121,315,0.384,0.497,0.134,50,127,0.394,0.199,71,188,0.378,2024-25,Regular Season,Pullups
1628401,Derrick White,1610612738,BOS,30.0,76,74,0.325,120,312,0.385,0.51,0.087,42,83,0.506,0.239,78,229,0.341,2024-25,Regular Season,Pullups
202691,Klay Thompson,1610612742,DAL,35.0,72,72,0.347,108,304,0.355,0.421,0.188,68,165,0.412,0.158,40,139,0.288,2024-25,Regular Season,Pullups
1628389,Bam Adebayo,1610612748,MIA,27.0,78,75,0.27,124,300,0.413,0.435,0.229,111,255,0.435,0.04,13,45,0.289,2024-25,Regular Season,Pullups
1630202,Payton Pritchard,1610612738,BOS,27.0,80,77,0.349,117,300,0.39,0.523,0.081,37,70,0.529,0.267,80,230,0.348,2024-25,Regular Season,Pullups
202695,Kawhi Leonard,1610612746,LAC,34.0,37,37,0.477,126,297,0.424,0.476,0.35,95,218,0.436,0.127,31,79,0.392,2024-25,Regular Season,Pullups
1629012,Collin Sexton,1610612762,UTA,26.0,63,62,0.343,122,297,0.411,0.502,0.181,68,157,0.433,0.161,54,140,0.386,2024-25,Regular Season,Pullups
202331,Paul George,1610612755,PHI,35.0,41,41,0.518,114,295,0.386,0.459,0.291,71,166,0.428,0.226,43,129,0.333,2024-25,Regular Season,Pullups
1627783,Pascal Siakam,1610612754,IND,31.0,78,76,0.249,124,294,0.422,0.44,0.223,113,264,0.428,0.025,11,30,0.367,2024-25,Regular Season,Pullups
203915,Spencer Dinwiddie,1610612742,DAL,32.0,79,75,0.43,113,293,0.386,0.49,0.164,52,112,0.464,0.265,61,181,0.337,2024-25,Regular Season,Pullups
1631097,Bennedict Mathurin,1610612754,IND,23.0,72,71,0.334,90,285,0.316,0.396,0.145,44,124,0.355,0.189,46,161,0.286,2024-25,Regular Season,Pullups
1629656,Quentin Grimes,1610612755,PHI,25.0,75,67,0.344,108,283,0.382,0.488,0.146,48,120,0.4,0.198,60,163,0.368,2024-25,Regular Season,Pullups
1628970,Miles Bridges,1610612766,CHA,27.0,64,62,0.259,76,282,0.27,0.358,0.086,26,94,0.277,0.173,50,188,0.266,2024-25,Regular Season,Pullups
1629660,Ty Jerome,1610612739,CLE,27.0,70,69,0.455,138,281,0.491,0.589,0.243,83,150,0.553,0.212,55,131,0.42,2024-25,Regular Season,Pullups
1626156,D'Angelo Russell,1610612751,BKN,29.0,58,58,0.44,101,281,0.359,0.468,0.168,40,107,0.374,0.273,61,174,0.351,2024-25,Regular Season,Pullups
1629630,Ja Morant,1610612763,MEM,25.0,49,49,0.324,99,281,0.352,0.423,0.163,59,141,0.418,0.161,40,140,0.286,2024-25,Regular Season,Pullups
1628415,Dillon Brooks,1610612745,HOU,29.0,75,75,0.293,106,262,0.405,0.458,0.2,78,179,0.436,0.093,28,83,0.337,2024-25,Regular Season,Pullups
1642264,Stephon Castle,1610612759,SAS,20.0,81,76,0.262,77,259,0.297,0.351,0.15,49,148,0.331,0.112,28,111,0.252,2024-25,Regular Season,Pullups
203078,Bradley Beal,1610612756,PHX,32.0,53,53,0.37,108,257,0.42,0.467,0.264,84,183,0.459,0.107,24,74,0.324,2024-25,Regular Season,Pullups
1629008,Michael Porter Jr.,1610612743,DEN,27.0,77,73,0.242,98,250,0.392,0.476,0.122,56,126,0.444,0.12,42,124,0.339,2024-25,Regular Season,Pullups
1627749,Dejounte Murray,1610612740,NOP,28.0,31,31,0.493,92,243,0.379,0.428,0.325,68,160,0.425,0.168,24,83,0.289,2024-25,Regular Season,Pullups
1641764,Brandin Podziemski,1610612744,GSW,22.0,64,57,0.382,93,240,0.388,0.465,0.197,56,124,0.452,0.184,37,116,0.319,2024-25,Regular Season,Pullups
1641705,Victor Wembanyama,1610612759,SAS,21.0,46,46,0.278,81,238,0.34,0.424,0.128,41,110,0.373,0.149,40,128,0.313,2024-25,Regular Season,Pullups
1630560,Cam Thomas,1610612751,BKN,23.0,25,25,0.522,94,237,0.397,0.492,0.238,49,108,0.454,0.284,45,129,0.349,2024-25,Regular Season,Pullups
202699,Tobias Harris,1610612765,DET,32.0,73,71,0.293,93,236,0.394,0.403,0.257,89,207,0.43,0.036,4,29,0.138,2024-25,Regular Season,Pullups
1641733,Nick Smith Jr.,1610612766,CHA,21.0,60,56,0.414,93,235,0.396,0.451,0.273,67,155,0.432,0.141,26,80,0.325,2024-25,Regular Season,Pullups
203944,Julius Randle,1610612750,MIN,30.0,69,63,0.246,93,231,0.403,0.459,0.157,67,147,0.456,0.089,26,84,0.31,2024-25,Regular Season,Pullups
1641722,Jordan Hawkins,1610612740,NOP,23.0,56,54,0.414,82,230,0.357,0.42,0.239,53,133,0.398,0.174,29,97,0.299,2024-25,Regular Season,Pullups
1626179,Terry Rozier,1610612748,MIA,31.0,64,60,0.357,73,227,0.322,0.403,0.132,36,84,0.429,0.225,37,143,0.259,2024-25,Regular Season,Pullups
1627741,Buddy Hield,1610612744,GSW,32.0,82,74,0.285,72,224,0.321,0.438,0.078,20,61,0.328,0.207,52,163,0.319,2024-25,Regular Season,Pullups
1628991,Jaren Jackson Jr.,1610612763,MEM,25.0,73,65,0.186,107,223,0.48,0.518,0.137,90,164,0.549,0.049,17,59,0.288,2024-25,Regular Season,Pullups
204456,T.J. McConnell,1610612754,IND,33.0,79,76,0.357,104,223,0.466,0.478,0.33,99,206,0.481,0.027,5,17,0.294,2024-25,Regular Season,Pullups
1629018,Gary Trent Jr.,1610612749,MIL,26.0,74,69,0.339,95,223,0.426,0.525,0.183,51,120,0.425,0.157,44,103,0.427,2024-25,Regular Season,Pullups
1630703,Scoot Henderson,1610612757,POR,21.0,66,61,0.323,81,221,0.367,0.471,0.128,35,88,0.398,0.194,46,133,0.346,2024-25,Regular Season,Pullups
1629661,Cameron Johnson,1610612751,BKN,29.0,57,55,0.295,84,220,0.382,0.477,0.138,42,103,0.408,0.157,42,117,0.359,2024-25,Regular Season,Pullups
1630530,Trey Murphy III,1610612740,NOP,25.0,53,51,0.262,67,220,0.305,0.402,0.083,24,70,0.343,0.179,43,150,0.287,2024-25,Regular Season,Pullups
203952,Andrew Wiggins,1610612748,MIA,30.0,60,59,0.26,78,218,0.358,0.438,0.138,43,116,0.371,0.122,35,102,0.343,2024-25,Regular Season,Pullups
1630540,Miles McBride,1610612752,NYK,24.0,63,57,0.406,84,217,0.387,0.463,0.194,51,104,0.49,0.211,33,113,0.292,2024-25,Regular Season,Pullups
201144,Mike Conley,1610612750,MIN,37.0,71,68,0.447,70,209,0.335,0.469,0.13,14,61,0.23,0.316,56,148,0.378,2024-25,Regular Season,Pullups
1629130,Duncan Robinson,1610612748,MIA,31.0,74,72,0.309,82,205,0.4,0.578,0.035,9,23,0.391,0.275,73,182,0.401,2024-25,Regular Season,Pullups
1629614,Andrew Nembhard,1610612754,IND,25.0,65,57,0.369,86,199,0.432,0.462,0.288,74,155,0.477,0.082,12,44,0.273,2024-25,Regular Season,Pullups
203076,Anthony Davis,1610612742,DAL,32.0,51,48,0.212,78,193,0.404,0.415,0.189,74,172,0.43,0.023,4,21,0.19,2024-25,Regular Season,Pullups
1626145,Tyus Jones,1610612756,PHX,29.0,81,71,0.283,76,193,0.394,0.453,0.183,53,125,0.424,0.1,23,68,0.338,2024-25,Regular Season,Pullups
1628398,Kyle Kuzma,1610612749,MIL,29.0,65,56,0.224,56,190,0.295,0.361,0.118,31,100,0.31,0.106,25,90,0.278,2024-25,Regular Season,Pullups
1630591,Jalen Suggs,1610612753,ORL,24.0,35,32,0.393,64,189,0.339,0.405,0.2,39,96,0.406,0.193,25,93,0.269,2024-25,Regular Season,Pullups
203114,Khris Middleton,1610612764,WAS,33.0,37,37,0.558,89,188,0.473,0.537,0.353,65,119,0.546,0.205,24,69,0.348,2024-25,Regular Season,Pullups
1626166,Cameron Payne,1610612752,NYK,30.0,71,65,0.426,79,187,0.422,0.551,0.155,31,68,0.456,0.271,48,119,0.403,2024-25,Regular Season,Pullups
1629631,De'Andre Hunter,1610612739,CLE,27.0,64,63,0.245,82,186,0.441,0.524,0.138,51,105,0.486,0.107,31,81,0.383,2024-25,Regular Season,Pullups
1630175,Cole Anthony,1610612763,MEM,25.0,67,57,0.341,68,185,0.368,0.422,0.238,48,129,0.372,0.103,20,56,0.357,2024-25,Regular Season,Pullups
1630193,Immanuel Quickley,1610612761,TOR,26.0,33,33,0.42,76,184,0.413,0.53,0.167,33,73,0.452,0.253,43,111,0.387,2024-25,Regular Season,Pullups
203501,Tim Hardaway Jr.,1610612765,DET,33.0,77,71,0.268,63,182,0.346,0.42,0.15,36,102,0.353,0.118,27,80,0.338,2024-25,Regular Season,Pullups
203903,Jordan Clarkson,1610612762,UTA,33.0,37,35,0.368,70,181,0.387,0.5,0.136,29,67,0.433,0.232,41,114,0.36,2024-25,Regular Season,Pullups
1630183,Jaden McDaniels,1610612750,MIN,24.0,82,71,0.216,76,180,0.422,0.456,0.171,64,143,0.448,0.044,12,37,0.324,2024-25,Regular Season,Pullups
1641729,Brice Sensabaugh,1610612762,UTA,21.0,71,62,0.301,70,180,0.389,0.489,0.135,34,81,0.42,0.165,36,99,0.364,2024-25,Regular Season,Pullups
1628384,OG Anunoby,1610612752,NYK,27.0,73,67,0.177,58,179,0.324,0.399,0.099,31,100,0.31,0.078,27,79,0.342,2024-25,Regular Season,Pullups
1641706,Brandon Miller,1610612766,CHA,22.0,27,25,0.358,55,176,0.313,0.401,0.151,24,74,0.324,0.208,31,102,0.304,2024-25,Regular Season,Pullups
201566,Russell Westbrook,1610612743,DEN,36.0,75,62,0.214,48,174,0.276,0.325,0.133,31,108,0.287,0.081,17,66,0.258,2024-25,Regular Season,Pullups
1630198,Isaiah Joe,1610612760,OKC,25.0,74,69,0.294,54,173,0.312,0.425,0.077,15,45,0.333,0.218,39,128,0.305,2024-25,Regular Season,Pullups
1627742,Brandon Ingram,1610612761,TOR,27.0,18,18,0.517,73,172,0.424,0.462,0.39,60,130,0.462,0.126,13,42,0.31,2024-25,Regular Season,Pullups
1630527,Brandon Boston,1610612740,NOP,23.0,42,38,0.449,63,170,0.371,0.415,0.301,48,114,0.421,0.148,15,56,0.268,2024-25,Regular Season,Pullups
1641711,Gradey Dick,1610612761,TOR,21.0,54,51,0.258,57,167,0.341,0.398,0.139,38,90,0.422,0.119,19,77,0.247,2024-25,Regular Season,Pullups
203484,Kentavious Caldwell-Pope,1610612763,MEM,32.0,77,66,0.305,71,166,0.428,0.482,0.189,53,103,0.515,0.116,18,63,0.286,2024-25,Regular Season,Pullups
203992,Bogdan Bogdanović,1610612746,LAC,32.0,54,49,0.337,70,166,0.422,0.509,0.169,41,83,0.494,0.169,29,83,0.349,2024-25,Regular Season,Pullups
1627747,Caris LeVert,1610612737,ATL,30.0,64,58,0.27,63,162,0.389,0.509,0.115,24,69,0.348,0.155,39,93,0.419,2024-25,Regular Season,Pullups
1630631,Jose Alvarado,1610612740,NOP,27.0,56,51,0.309,63,161,0.391,0.516,0.098,23,51,0.451,0.211,40,110,0.364,2024-25,Regular Season,Pullups
1630581,Josh Giddey,1610612741,CHI,22.0,70,62,0.198,65,157,0.414,0.471,0.134,47,106,0.443,0.064,18,51,0.353,2024-25,Regular Season,Pullups
201950,Jrue Holiday,1610612738,BOS,35.0,62,58,0.279,50,157,0.318,0.404,0.099,23,56,0.411,0.179,27,101,0.267,2024-25,Regular Season,Pullups
1630215,Jared Butler,1610612755,PHI,24.0,60,45,0.344,64,156,0.41,0.481,0.19,42,86,0.488,0.155,22,70,0.314,2024-25,Regular Season,Pullups
1631204,Marcus Sasser,1610612765,DET,24.0,57,49,0.512,65,151,0.43,0.553,0.197,28,58,0.483,0.315,37,93,0.398,2024-25,Regular Season,Pullups
1628404,Josh Hart,1610612752,NYK,30.0,76,65,0.197,58,151,0.384,0.464,0.103,34,79,0.43,0.094,24,72,0.333,2024-25,Regular Season,Pullups
1642268,Isaiah Collier,1610612762,UTA,20.0,71,58,0.267,35,148,0.236,0.291,0.126,19,70,0.271,0.141,16,78,0.205,2024-25,Regular Season,Pullups
203995,Vasilije Micic,1610612756,PHX,31.0,41,35,0.538,46,147,0.313,0.408,0.245,18,67,0.269,0.293,28,80,0.35,2024-25,Regular Season,Pullups
1629638,Nickeil Alexander-Walker,1610612750,MIN,26.0,82,68,0.235,46,145,0.317,0.372,0.112,30,69,0.435,0.123,16,76,0.211,2024-25,Regular Season,Pullups
1631093,Jaden Ivey,1610612765,DET,23.0,30,30,0.349,54,144,0.375,0.458,0.182,30,75,0.4,0.167,24,69,0.348,2024-25,Regular Season,Pullups
1631099,Keegan Murray,1610612758,SAC,24.0,76,62,0.173,49,142,0.345,0.377,0.121,40,99,0.404,0.052,9,43,0.209,2024-25,Regular Season,Pullups
203999,Nikola Jokić,1610612743,DEN,30.0,70,57,0.104,45,142,0.317,0.387,0.056,25,76,0.329,0.048,20,66,0.303,2024-25,Regular Season,Pullups
1642347,Jamal Shead,1610612761,TOR,22.0,75,62,0.278,41,140,0.293,0.346,0.155,26,78,0.333,0.123,15,62,0.242,2024-25,Regular Season,Pullups
1631095,Jabari Smith Jr.,1610612745,HOU,22.0,57,54,0.246,52,139,0.374,0.399,0.187,45,106,0.425,0.058,7,33,0.212,2024-25,Regular Season,Pullups
1628379,Luke Kennard,1610612763,MEM,29.0,64,50,0.325,58,138,0.42,0.5,0.177,36,75,0.48,0.149,22,63,0.349,2024-25,Regular Season,Pullups
1628978,Donte DiVincenzo,1610612750,MIN,28.0,62,51,0.231,50,137,0.365,0.529,0.02,5,12,0.417,0.21,45,125,0.36,2024-25,Regular Season,Pullups
1641710,Anthony Black,1610612753,ORL,21.0,78,65,0.219,45,136,0.331,0.382,0.14,31,87,0.356,0.079,14,49,0.286,2024-25,Regular Season,Pullups
1631108,Max Christie,1610612742,DAL,22.0,78,51,0.231,38,136,0.279,0.305,0.154,31,91,0.341,0.076,7,45,0.156,2024-25,Regular Season,Pullups
1626171,Bobby Portis,1610612749,MIL,30.0,49,45,0.227,55,135,0.407,0.426,0.212,50,126,0.397,0.015,5,9,0.556,2024-25,Regular Season,Pullups
1630172,Patrick Williams,1610612741,CHI,23.0,63,58,0.262,46,135,0.341,0.422,0.122,24,63,0.381,0.14,22,72,0.306,2024-25,Regular Season,Pullups
1630553,Keon Johnson,1610612751,BKN,23.0,79,60,0.173,35,135,0.259,0.326,0.06,17,47,0.362,0.113,18,88,0.205,2024-25,Regular Season,Pullups
1629675,Naz Reid,1610612750,MIN,25.0,80,61,0.145,53,134,0.396,0.526,0.053,18,49,0.367,0.092,35,85,0.412,2024-25,Regular Season,Pullups
203552,Seth Curry,1610612766,CHA,34.0,68,51,0.388,62,133,0.466,0.538,0.259,43,89,0.483,0.128,19,44,0.432,2024-25,Regular Season,Pullups
1630702,Jaden Hardy,1610612742,DAL,22.0,57,48,0.32,55,132,0.417,0.473,0.206,40,85,0.471,0.114,15,47,0.319,2024-25,Regular Season,Pullups
1629611,Terance Mann,1610612737,ATL,28.0,67,58,0.32,48,132,0.364,0.413,0.191,35,79,0.443,0.128,13,53,0.245,2024-25,Regular Season,Pullups
1629004,Svi Mykhailiuk,1610612762,UTA,28.0,38,35,0.435,41,131,0.313,0.427,0.093,11,28,0.393,0.342,30,103,0.291,2024-25,Regular Season,Pullups
1630230,Naji Marshall,1610612742,DAL,27.0,69,58,0.183,56,130,0.431,0.438,0.14,54,100,0.54,0.042,2,30,0.067,2024-25,Regular Season,Pullups
1631260,AJ Green,1610612749,MIL,25.0,73,59,0.307,50,130,0.385,0.508,0.097,18,41,0.439,0.21,32,89,0.36,2024-25,Regular Season,Pullups
1629599,Amir Coffey,1610612746,LAC,28.0,72,57,0.253,56,129,0.434,0.465,0.198,48,101,0.475,0.055,8,28,0.286,2024-25,Regular Season,Pullups
1628989,Kevin Huerter,1610612741,CHI,26.0,69,62,0.212,52,128,0.406,0.543,0.06,17,36,0.472,0.152,35,92,0.38,2024-25,Regular Season,Pullups
1630228,Jonathan Kuminga,1610612744,GSW,22.0,47,43,0.226,38,128,0.297,0.316,0.166,33,94,0.351,0.06,5,34,0.147,2024-25,Regular Season,Pullups
1642261,Dalton Knecht,1610612747,LAL,24.0,78,55,0.223,54,124,0.435,0.528,0.118,31,66,0.47,0.104,23,58,0.397,2024-25,Regular Season,Pullups
1641731,Bilal Coulibaly,1610612764,WAS,20.0,59,48,0.197,35,123,0.285,0.333,0.139,23,87,0.264,0.058,12,36,0.333,2024-25,Regular Season,Pullups
1642273,Kyshawn George,1610612764,WAS,21.0,68,58,0.223,33,122,0.27,0.369,0.053,9,29,0.31,0.17,24,93,0.258,2024-25,Regular Season,Pullups
1631124,Julian Strawther,1610612743,DEN,23.0,65,53,0.256,43,121,0.355,0.413,0.153,29,72,0.403,0.104,14,49,0.286,2024-25,Regular Season,Pullups
1629216,Gabe Vincent,1610612747,LAL,29.0,72,54,0.281,44,118,0.373,0.47,0.095,21,40,0.525,0.186,23,78,0.295,2024-25,Regular Season,Pullups
1630578,Alperen Sengun,1610612745,HOU,22.0,76,55,0.102,44,117,0.376,0.376,0.095,44,109,0.404,0.007,0,8,0.0,2024-25,Regular Season,Pullups
1626157,Karl-Anthony Towns,1610612752,NYK,29.0,71,58,0.096,32,116,0.276,0.315,0.061,23,73,0.315,0.036,9,43,0.209,2024-25,Regular Season,Pullups
1641715,Cam Whitmore,1610612745,HOU,20.0,51,42,0.285,46,115,0.4,0.539,0.077,14,31,0.452,0.208,32,84,0.381,2024-25,Regular Season,Pullups
202710,Jimmy Butler III,1610612744,GSW,35.0,55,45,0.193,41,115,0.357,0.387,0.157,34,94,0.362,0.035,7,21,0.333,2024-25,Regular Season,Pullups
1629023,P.J. Washington,1610612742,DAL,26.0,57,42,0.173,36,115,0.313,0.4,0.083,16,55,0.291,0.09,20,60,0.333,2024-25,Regular Season,Pullups
1641741,Ricky Council IV,1610612755,PHI,23.0,73,48,0.244,27,113,0.239,0.279,0.112,18,52,0.346,0.132,9,61,0.148,2024-25,Regular Season,Pullups
1642377,Jaylen Wells,1610612763,MEM,21.0,78,55,0.167,45,112,0.402,0.491,0.086,25,58,0.431,0.08,20,54,0.37,2024-25,Regular Season,Pullups
1629652,Luguentz Dort,1610612760,OKC,26.0,71,60,0.189,43,112,0.384,0.473,0.093,23,55,0.418,0.096,20,57,0.351,2024-25,Regular Season,Pullups
1630598,Aaron Wiggins,1610612760,OKC,26.0,76,53,0.154,42,112,0.375,0.469,0.073,21,53,0.396,0.081,21,59,0.356,2024-25,Regular Season,Pullups
1630166,Deni Avdija,1610612757,POR,24.0,72,59,0.132,49,111,0.441,0.572,0.047,20,40,0.5,0.084,29,71,0.408,2024-25,Regular Season,Pullups
1630288,Jeff Dowtin Jr.,1610612755,PHI,28.0,41,32,0.47,52,108,0.481,0.56,0.291,35,67,0.522,0.178,17,41,0.415,2024-25,Regular Season,Pullups
1629628,RJ Barrett,1610612761,TOR,25.0,58,44,0.11,40,108,0.37,0.403,0.077,33,75,0.44,0.034,7,33,0.212,2024-25,Regular Season,Pullups
1630625,Dalano Banton,1610612757,POR,25.0,67,43,0.211,28,107,0.262,0.322,0.107,15,54,0.278,0.105,13,53,0.245,2024-25,Regular Season,Pullups
1641716,Jarace Walker,1610612754,IND,21.0,75,54,0.294,45,106,0.425,0.538,0.131,21,47,0.447,0.164,24,59,0.407,2024-25,Regular Season,Pullups
1630700,Dyson Daniels,1610612737,ATL,22.0,76,55,0.113,31,104,0.298,0.341,0.07,22,65,0.338,0.042,9,39,0.231,2024-25,Regular Season,Pullups
1630558,Davion Mitchell,1610612748,MIA,26.0,74,54,0.216,39,103,0.379,0.51,0.078,12,37,0.324,0.139,27,66,0.409,2024-25,Regular Season,Pullups
1626162,Kelly Oubre Jr.,1610612755,PHI,29.0,60,44,0.139,27,103,0.262,0.291,0.081,21,60,0.35,0.058,6,43,0.14,2024-25,Regular Season,Pullups
203932,Aaron Gordon,1610612743,DEN,29.0,51,42,0.205,41,102,0.402,0.495,0.105,22,52,0.423,0.101,19,50,0.38,2024-25,Regular Season,Pullups
1630548,Johnny Juzang,1610612762,UTA,24.0,64,52,0.213,38,101,0.376,0.455,0.099,22,47,0.468,0.114,16,54,0.296,2024-25,Regular Season,Pullups
203954,Joel Embiid,1610612755,PHI,31.0,19,19,0.317,39,100,0.39,0.395,0.289,38,91,0.418,0.029,1,9,0.111,2024-25,Regular Season,Pullups
1642272,Jared McCain,1610612755,PHI,21.0,23,21,0.361,40,99,0.404,0.48,0.175,25,48,0.521,0.186,15,51,0.294,2024-25,Regular Season,Pullups
1642354,KJ Simpson,1610612766,CHA,22.0,36,34,0.329,26,99,0.263,0.333,0.153,12,46,0.261,0.176,14,53,0.264,2024-25,Regular Season,Pullups
1631213,Tyrese Martin,1610612751,BKN,26.0,60,43,0.206,33,96,0.344,0.411,0.099,20,46,0.435,0.108,13,50,0.26,2024-25,Regular Season,Pullups
1630573,Sam Hauser,1610612738,BOS,27.0,71,47,0.203,47,95,0.495,0.658,0.049,16,23,0.696,0.154,31,72,0.431,2024-25,Regular Season,Pullups
1641708,Amen Thompson,1610612745,HOU,22.0,69,49,0.136,33,95,0.347,0.358,0.118,31,82,0.378,0.019,2,13,0.154,2024-25,Regular Season,Pullups
1642348,Justin Edwards,1610612755,PHI,21.0,44,32,0.249,43,94,0.457,0.505,0.175,34,66,0.515,0.074,9,28,0.321,2024-25,Regular Season,Pullups
1631165,Keon Ellis,1610612758,SAC,25.0,80,49,0.2,35,93,0.376,0.495,0.082,13,38,0.342,0.119,22,55,0.4,2024-25,Regular Season,Pullups
202696,Nikola Vucevic,1610612741,CHI,34.0,73,52,0.088,48,91,0.527,0.533,0.086,47,89,0.528,0.002,1,2,0.5,2024-25,Regular Season,Pullups
1627752,Taurean Prince,1610612749,MIL,31.0,80,51,0.175,23,90,0.256,0.333,0.056,9,29,0.31,0.119,14,61,0.23,2024-25,Regular Season,Pullups
1631128,Christian Braun,1610612743,DEN,24.0,79,45,0.109,38,88,0.432,0.528,0.06,21,49,0.429,0.048,17,39,0.436,2024-25,Regular Season,Pullups
203924,Jerami Grant,1610612757,POR,31.0,47,39,0.15,27,86,0.314,0.337,0.124,23,71,0.324,0.026,4,15,0.267,2024-25,Regular Season,Pullups
1642265,Rob Dillingham,1610612750,MIN,20.0,49,36,0.393,31,83,0.373,0.458,0.213,17,45,0.378,0.18,14,38,0.368,2024-25,Regular Season,Pullups
1642266,Ja'Kobe Walter,1610612761,TOR,20.0,52,40,0.209,31,82,0.378,0.421,0.13,24,51,0.471,0.079,7,31,0.226,2024-25,Regular Season,Pullups
1642263,Reed Sheppard,1610612745,HOU,21.0,52,35,0.339,23,81,0.284,0.346,0.197,13,47,0.277,0.142,10,34,0.294,2024-25,Regular Season,Pullups
1627763,Malcolm Brogdon,1610612764,WAS,32.0,24,22,0.333,26,80,0.325,0.344,0.25,23,60,0.383,0.083,3,20,0.15,2024-25,Regular Season,Pullups
1642259,Alex Sarr,1610612764,WAS,20.0,67,53,0.097,26,80,0.325,0.344,0.081,23,67,0.343,0.016,3,13,0.231,2024-25,Regular Season,Pullups
1629003,Shake Milton,1610612747,LAL,28.0,57,33,0.311,34,79,0.43,0.487,0.201,25,51,0.49,0.11,9,28,0.321,2024-25,Regular Season,Pullups
201572,Brook Lopez,1610612749,MIL,37.0,80,44,0.101,30,78,0.385,0.417,0.084,25,65,0.385,0.017,5,13,0.385,2024-25,Regular Season,Pullups
1628998,Cody Martin,1610612756,PHX,29.0,53,39,0.24,25,78,0.321,0.378,0.16,16,52,0.308,0.08,9,26,0.346,2024-25,Regular Season,Pullups
1630577,Julian Champagnie,1610612759,SAS,24.0,82,43,0.116,30,77,0.39,0.532,0.026,8,17,0.471,0.09,22,60,0.367,2024-25,Regular Season,Pullups
1628374,Lauri Markkanen,1610612762,UTA,28.0,47,35,0.11,26,77,0.338,0.396,0.066,17,46,0.37,0.044,9,31,0.29,2024-25,Regular Season,Pullups
1628988,Aaron Holiday,1610612745,HOU,28.0,62,37,0.284,29,76,0.382,0.48,0.116,14,31,0.452,0.168,15,45,0.333,2024-25,Regular Season,Pullups
1626167,Myles Turner,1610612754,IND,29.0,72,51,0.094,27,76,0.355,0.434,0.052,15,42,0.357,0.042,12,34,0.353,2024-25,Regular Season,Pullups
1628997,Caleb Martin,1610612742,DAL,29.0,45,33,0.25,27,76,0.355,0.362,0.194,26,59,0.441,0.056,1,17,0.059,2024-25,Regular Season,Pullups
1628960,Grayson Allen,1610612756,PHX,29.0,64,43,0.155,27,76,0.355,0.5,0.037,5,18,0.278,0.119,22,58,0.379,2024-25,Regular Season,Pullups
1626220,Royce O'Neale,1610612756,PHX,32.0,75,47,0.133,24,76,0.316,0.421,0.037,8,21,0.381,0.096,16,55,0.291,2024-25,Regular Season,Pullups
1641810,Antonio Reeves,1610612740,NOP,24.0,44,26,0.302,30,75,0.4,0.467,0.173,20,43,0.465,0.129,10,32,0.313,2024-25,Regular Season,Pullups
203084,Harrison Barnes,1610612759,SAS,33.0,82,48,0.108,32,74,0.432,0.554,0.041,14,28,0.5,0.067,18,46,0.391,2024-25,Regular Season,Pullups
1630596,Evan Mobley,1610612739,CLE,24.0,71,47,0.082,23,74,0.311,0.378,0.043,13,39,0.333,0.039,10,35,0.286,2024-25,Regular Season,Pullups
1642275,Tidjane Salaün,1610612766,CHA,19.0,60,41,0.214,20,74,0.27,0.385,0.049,3,17,0.176,0.165,17,57,0.298,2024-25,Regular Season,Pullups
1630590,Scotty Pippen Jr.,1610612763,MEM,24.0,78,47,0.124,23,73,0.315,0.349,0.08,18,47,0.383,0.044,5,26,0.192,2024-25,Regular Season,Pullups
1630541,Moses Moody,1610612744,GSW,23.0,74,48,0.127,26,72,0.361,0.465,0.063,11,36,0.306,0.063,15,36,0.417,2024-25,Regular Season,Pullups
1629022,Lonnie Walker IV,1610612755,PHI,26.0,20,17,0.34,26,72,0.361,0.451,0.137,13,29,0.448,0.203,13,43,0.302,2024-25,Regular Season,Pullups
1630538,Bones Hyland,1610612750,MIN,24.0,24,22,0.602,27,71,0.38,0.535,0.136,5,16,0.313,0.466,22,55,0.4,2024-25,Regular Season,Pullups
1630811,Keaton Wallace,1610612737,ATL,26.0,31,24,0.438,24,71,0.338,0.38,0.296,18,48,0.375,0.142,6,23,0.261,2024-25,Regular Season,Pullups
1630557,Corey Kispert,1610612764,WAS,26.0,61,37,0.126,24,71,0.338,0.451,0.041,8,23,0.348,0.085,16,48,0.333,2024-25,Regular Season,Pullups
1630583,Santi Aldama,1610612763,MEM,24.0,64,42,0.11,31,70,0.443,0.543,0.06,17,38,0.447,0.05,14,32,0.438,2024-25,Regular Season,Pullups
1630174,Aaron Nesmith,1610612754,IND,25.0,45,38,0.185,27,70,0.386,0.464,0.1,16,38,0.421,0.084,11,32,0.344,2024-25,Regular Season,Pullups
1628975,Jevon Carter,1610612741,CHI,29.0,36,26,0.466,24,68,0.353,0.471,0.103,8,15,0.533,0.363,16,53,0.302,2024-25,Regular Season,Pullups
1641724,Jett Howard,1610612753,ORL,21.0,60,36,0.256,22,67,0.328,0.396,0.099,13,26,0.5,0.156,9,41,0.22,2024-25,Regular Season,Pullups
204001,Kristaps Porziņģis,1610612738,BOS,29.0,42,32,0.121,21,67,0.313,0.328,0.099,19,55,0.345,0.022,2,12,0.167,2024-25,Regular Season,Pullups
1628971,Bruce Brown,1610612740,NOP,28.0,41,33,0.214,24,66,0.364,0.386,0.194,21,60,0.35,0.019,3,6,0.5,2024-25,Regular Season,Pullups
1631106,Tari Eason,1610612745,HOU,24.0,57,35,0.118,22,66,0.333,0.348,0.098,20,55,0.364,0.02,2,11,0.182,2024-25,Regular Season,Pullups
1630241,Sam Merrill,1610612739,CLE,29.0,71,38,0.156,21,66,0.318,0.47,0.009,1,4,0.25,0.146,20,62,0.323,2024-25,Regular Season,Pullups
202692,Alec Burks,1610612748,MIA,33.0,49,37,0.24,30,65,0.462,0.592,0.092,13,25,0.52,0.148,17,40,0.425,2024-25,Regular Season,Pullups
1629640,Keldon Johnson,1610612759,SAS,25.0,77,44,0.084,23,65,0.354,0.485,0.026,6,20,0.3,0.058,17,45,0.378,2024-25,Regular Season,Pullups
1630167,Obi Toppin,1610612754,IND,27.0,79,43,0.109,19,65,0.292,0.377,0.045,8,27,0.296,0.063,11,38,0.289,2024-25,Regular Season,Pullups
1629618,Jalen Pickett,1610612743,DEN,25.0,49,29,0.356,26,64,0.406,0.516,0.222,12,40,0.3,0.133,14,24,0.583,2024-25,Regular Season,Pullups
1628366,Lonzo Ball,1610612741,CHI,27.0,35,31,0.263,24,64,0.375,0.508,0.086,7,21,0.333,0.177,17,43,0.395,2024-25,Regular Season,Pullups
1629060,Rui Hachimura,1610612747,LAL,27.0,59,39,0.111,23,64,0.359,0.375,0.101,21,58,0.362,0.01,2,6,0.333,2024-25,Regular Season,Pullups
1641783,Tristan da Silva,1610612753,ORL,24.0,74,34,0.133,21,64,0.328,0.422,0.056,9,27,0.333,0.077,12,37,0.324,2024-25,Regular Season,Pullups
1641717,Cason Wallace,1610612760,OKC,21.0,68,40,0.131,20,64,0.313,0.367,0.078,13,38,0.342,0.053,7,26,0.269,2024-25,Regular Season,Pullups
1641720,Jalen Hood-Schifino,1610612755,PHI,22.0,15,14,0.643,26,63,0.413,0.484,0.337,17,33,0.515,0.306,9,30,0.3,2024-25,Regular Season,Pullups
1630552,Jalen Johnson,1610612737,ATL,23.0,36,30,0.117,14,63,0.222,0.254,0.086,10,46,0.217,0.032,4,17,0.235,2024-25,Regular Season,Pullups
203935,Marcus Smart,1610612764,WAS,31.0,34,25,0.241,26,62,0.419,0.524,0.101,13,26,0.5,0.14,13,36,0.361,2024-25,Regular Season,Pullups
1629013,Landry Shamet,1610612752,NYK,28.0,49,30,0.268,25,61,0.41,0.484,0.101,16,23,0.696,0.167,9,38,0.237,2024-25,Regular Season,Pullups
1628420,Monte Morris,1610612756,PHX,30.0,45,36,0.313,21,61,0.344,0.369,0.236,18,46,0.391,0.077,3,15,0.2,2024-25,Regular Season,Pullups
1629626,Bol Bol,1610612756,PHX,25.0,36,25,0.328,31,60,0.517,0.567,0.208,25,38,0.658,0.12,6,22,0.273,2024-25,Regular Season,Pullups
1630544,Tre Mann,1610612766,CHA,24.0,13,13,0.373,23,60,0.383,0.475,0.18,12,29,0.414,0.193,11,31,0.355,2024-25,Regular Season,Pullups
1629026,Kenrich Williams,1610612760,OKC,30.0,69,40,0.164,19,58,0.328,0.371,0.105,14,37,0.378,0.059,5,21,0.238,2024-25,Regular Season,Pullups
1642258,Zaccharie Risacher,1610612737,ATL,20.0,75,45,0.074,16,58,0.276,0.353,0.028,7,22,0.318,0.046,9,36,0.25,2024-25,Regular Season,Pullups
1642419,Jamison Battle,1610612761,TOR,24.0,59,29,0.164,25,57,0.439,0.561,0.066,11,23,0.478,0.098,14,34,0.412,2024-25,Regular Season,Pullups
1630249,Vít Krejčí,1610612737,ATL,25.0,57,31,0.195,24,57,0.421,0.57,0.041,7,12,0.583,0.154,17,45,0.378,2024-25,Regular Season,Pullups
203901,Elfrid Payton,1610612740,NOP,31.0,24,21,0.467,17,57,0.298,0.298,0.443,17,54,0.315,0.025,0,3,0.0,2024-25,Regular Season,Pullups
1631323,Simone Fontecchio,1610612765,DET,29.0,75,41,0.153,17,57,0.298,0.36,0.072,10,27,0.37,0.08,7,30,0.233,2024-25,Regular Season,Pullups
1630533,Ziaire Williams,1610612751,BKN,23.0,63,37,0.11,13,57,0.228,0.254,0.054,10,28,0.357,0.056,3,29,0.103,2024-25,Regular Season,Pullups
1631157,Ryan Rollins,1610612749,MIL,22.0,56,35,0.207,21,56,0.375,0.42,0.14,16,38,0.421,0.066,5,18,0.278,2024-25,Regular Season,Pullups
203937,Kyle Anderson,1610612748,MIA,31.0,61,34,0.186,17,56,0.304,0.348,0.133,12,40,0.3,0.053,5,16,0.313,2024-25,Regular Season,Pullups
1627739,Kris Dunn,1610612746,LAC,31.0,74,38,0.126,23,55,0.418,0.473,0.087,17,38,0.447,0.039,6,17,0.353,2024-25,Regular Season,Pullups
1630182,Josh Green,1610612766,CHA,24.0,68,38,0.131,15,55,0.273,0.3,0.097,12,41,0.293,0.033,3,14,0.214,2024-25,Regular Season,Pullups
1630322,Lindy Waters III,1610612765,DET,27.0,52,32,0.215,22,53,0.415,0.547,0.081,8,20,0.4,0.134,14,33,0.424,2024-25,Regular Season,Pullups
1631103,Malaki Branham,1610612759,SAS,22.0,47,22,0.279,19,53,0.358,0.425,0.174,12,33,0.364,0.105,7,20,0.35,2024-25,Regular Season,Pullups
1631221,Collin Gillespie,1610612756,PHX,26.0,33,24,0.329,20,52,0.385,0.5,0.152,8,24,0.333,0.177,12,28,0.429,2024-25,Regular Season,Pullups
1629622,Max Strus,1610612739,CLE,29.0,50,30,0.137,13,51,0.255,0.382,0.005,0,2,0.0,0.131,13,49,0.265,2024-25,Regular Season,Pullups
1631209,Isaiah Wong,1610612766,CHA,24.0,20,18,0.476,20,50,0.4,0.47,0.305,13,32,0.406,0.171,7,18,0.389,2024-25,Regular Season,Pullups
1628381,John Collins,1610612762,UTA,27.0,40,29,0.092,23,49,0.469,0.5,0.079,20,42,0.476,0.013,3,7,0.429,2024-25,Regular Season,Pullups
1630245,Ayo Dosunmu,1610612741,CHI,25.0,46,29,0.109,14,49,0.286,0.367,0.042,6,19,0.316,0.067,8,30,0.267,2024-25,Regular Season,Pullups
1641842,Ronald Holland II,1610612765,DET,19.0,81,36,0.116,16,48,0.333,0.396,0.058,10,24,0.417,0.058,6,24,0.25,2024-25,Regular Season,Pullups
1641854,Craig Porter Jr.,1610612739,CLE,25.0,51,25,0.336,20,47,0.426,0.564,0.121,7,17,0.412,0.214,13,30,0.433,2024-25,Regular Season,Pullups
1627777,Georges Niang,1610612737,ATL,32.0,79,36,0.074,19,46,0.413,0.5,0.039,11,24,0.458,0.035,8,22,0.364,2024-25,Regular Season,Pullups
1629726,Garrison Mathews,1610612737,ATL,28.0,47,28,0.179,14,46,0.304,0.424,0.035,3,9,0.333,0.144,11,37,0.297,2024-25,Regular Season,Pullups
1631096,Chet Holmgren,1610612760,OKC,23.0,32,24,0.135,14,46,0.304,0.37,0.106,8,36,0.222,0.029,6,10,0.6,2024-25,Regular Season,Pullups
1631222,Jake LaRavia,1610612758,SAC,23.0,66,29,0.131,15,44,0.341,0.455,0.047,5,16,0.313,0.083,10,28,0.357,2024-25,Regular Season,Pullups
202704,Reggie Jackson,1610612755,PHI,35.0,31,22,0.331,13,44,0.295,0.364,0.188,7,25,0.28,0.143,6,19,0.316,2024-25,Regular Season,Pullups
1629659,Talen Horton-Tucker,1610612741,CHI,24.0,58,27,0.151,12,44,0.273,0.364,0.045,4,13,0.308,0.107,8,31,0.258,2024-25,Regular Season,Pullups
1630592,Jalen Wilson,1610612751,BKN,24.0,79,29,0.071,11,44,0.25,0.284,0.037,8,23,0.348,0.034,3,21,0.143,2024-25,Regular Season,Pullups
1631170,Jaime Jaquez Jr.,1610612748,MIA,24.0,66,28,0.091,12,42,0.286,0.345,0.052,7,24,0.292,0.039,5,18,0.278,2024-25,Regular Season,Pullups
1642358,AJ Johnson,1610612764,WAS,20.0,29,19,0.197,10,42,0.238,0.357,0.014,0,3,0.0,0.183,10,39,0.256,2024-25,Regular Season,Pullups
1641787,Tosan Evbuomwan,1610612751,BKN,24.0,28,23,0.186,17,41,0.415,0.451,0.159,14,35,0.4,0.027,3,6,0.5,2024-25,Regular Season,Pullups
1641732,Colby Jones,1610612764,WAS,23.0,39,22,0.318,17,41,0.415,0.5,0.186,10,24,0.417,0.132,7,17,0.412,2024-25,Regular Season,Pullups
1628976,Wendell Carter Jr.,1610612753,ORL,26.0,68,31,0.084,13,41,0.317,0.317,0.081,13,40,0.325,0.002,0,1,0.0,2024-25,Regular Season,Pullups
1629028,Deandre Ayton,1610612757,POR,26.0,40,23,0.085,20,40,0.5,0.5,0.085,20,40,0.5,0.0,0,0,,2024-25,Regular Season,Pullups
1630314,Brandon Williams,1610612742,DAL,25.0,33,21,0.207,16,39,0.41,0.487,0.085,10,16,0.625,0.122,6,23,0.261,2024-25,Regular Season,Pullups
1630243,Trevelin Queen,1610612753,ORL,28.0,31,18,0.265,10,39,0.256,0.359,0.054,2,8,0.25,0.211,8,31,0.258,2024-25,Regular Season,Pullups
1630534,Ochai Agbaji,1610612761,TOR,25.0,64,27,0.069,16,37,0.432,0.541,0.036,8,19,0.421,0.034,8,18,0.444,2024-25,Regular Season,Pullups
203482,Kelly Olynyk,1610612740,NOP,34.0,44,24,0.138,14,37,0.378,0.459,0.09,8,24,0.333,0.049,6,13,0.462,2024-25,Regular Season,Pullups
1630526,Jeremiah Robinson-Earl,1610612740,NOP,24.0,66,26,0.107,13,37,0.351,0.351,0.078,13,27,0.481,0.029,0,10,0.0,2024-25,Regular Season,Pullups
1630570,Trendon Watford,1610612751,BKN,24.0,44,23,0.106,11,37,0.297,0.351,0.057,7,20,0.35,0.049,4,17,0.235,2024-25,Regular Season,Pullups
1641824,Matas Buzelis,1610612741,CHI,20.0,80,26,0.067,11,37,0.297,0.392,0.031,4,17,0.235,0.036,7,20,0.35,2024-25,Regular Season,Pullups
1642367,Jonathan Mogbo,1610612761,TOR,23.0,63,26,0.104,8,37,0.216,0.216,0.087,8,31,0.258,0.017,0,6,0.0,2024-25,Regular Season,Pullups
1629610,DaQuan Jeffries,1610612766,CHA,27.0,47,23,0.124,16,36,0.444,0.514,0.072,11,21,0.524,0.052,5,15,0.333,2024-25,Regular Season,Pullups
1630692,Jordan Goodwin,1610612747,LAL,26.0,29,18,0.25,14,36,0.389,0.417,0.181,12,26,0.462,0.069,2,10,0.2,2024-25,Regular Season,Pullups
201988,Patty Mills,1610612746,LAC,36.0,29,16,0.375,14,36,0.389,0.5,0.125,6,12,0.5,0.25,8,24,0.333,2024-25,Regular Season,Pullups
1629627,Zion Williamson,1610612740,NOP,24.0,30,18,0.071,13,36,0.361,0.375,0.057,12,29,0.414,0.014,1,7,0.143,2024-25,Regular Season,Pullups
202709,Cory Joseph,1610612753,ORL,33.0,50,27,0.234,13,36,0.361,0.431,0.123,8,19,0.421,0.11,5,17,0.294,2024-25,Regular Season,Pullups
200768,Kyle Lowry,1610612755,PHI,39.0,35,23,0.308,12,36,0.333,0.444,0.094,4,11,0.364,0.214,8,25,0.32,2024-25,Regular Season,Pullups
1641739,Toumani Camara,1610612757,POR,25.0,78,26,0.05,11,36,0.306,0.458,0.007,0,5,0.0,0.043,11,31,0.355,2024-25,Regular Season,Pullups
1627936,Alex Caruso,1610612760,OKC,31.0,54,28,0.115,10,36,0.278,0.347,0.045,5,14,0.357,0.07,5,22,0.227,2024-25,Regular Season,Pullups
1642269,Devin Carter,1610612758,SAC,23.0,36,21,0.283,7,36,0.194,0.25,0.094,3,12,0.25,0.189,4,24,0.167,2024-25,Regular Season,Pullups
203110,Draymond Green,1610612744,GSW,35.0,68,23,0.069,14,35,0.4,0.457,0.051,10,26,0.385,0.018,4,9,0.444,2024-25,Regular Season,Pullups
1628449,Chris Boucher,1610612761,TOR,32.0,50,28,0.095,13,35,0.371,0.429,0.049,9,18,0.5,0.046,4,17,0.235,2024-25,Regular Season,Pullups
1641774,Tristan Vukcevic,1610612764,WAS,22.0,35,15,0.145,13,35,0.371,0.4,0.095,11,23,0.478,0.05,2,12,0.167,2024-25,Regular Season,Pullups
1641745,Adam Flagler,1610612760,OKC,25.0,37,18,0.365,12,35,0.343,0.414,0.135,7,13,0.538,0.229,5,22,0.227,2024-25,Regular Season,Pullups
1642346,Ryan Dunn,1610612756,PHX,22.0,74,27,0.074,12,35,0.343,0.386,0.044,9,21,0.429,0.029,3,14,0.214,2024-25,Regular Season,Pullups
1641730,Noah Clowney,1610612751,BKN,20.0,46,25,0.094,9,35,0.257,0.343,0.043,3,16,0.188,0.051,6,19,0.316,2024-25,Regular Season,Pullups
1631107,Nikola Jović,1610612748,MIA,22.0,46,20,0.09,11,34,0.324,0.426,0.037,4,14,0.286,0.053,7,20,0.35,2024-25,Regular Season,Pullups
1631212,Peyton Watson,1610612743,DEN,22.0,68,23,0.079,8,33,0.242,0.258,0.064,7,27,0.259,0.014,1,6,0.167,2024-25,Regular Season,Pullups
1627884,Derrick Jones Jr.,1610612746,LAC,28.0,77,24,0.056,6,33,0.182,0.197,0.034,5,20,0.25,0.022,1,13,0.077,2024-25,Regular Season,Pullups
1630173,Precious Achiuwa,1610612752,NYK,25.0,56,24,0.098,13,32,0.406,0.406,0.095,13,31,0.419,0.003,0,1,0.0,2024-25,Regular Season,Pullups
1628365,Markelle Fultz,1610612758,SAC,27.0,21,14,0.463,12,31,0.387,0.387,0.448,12,30,0.4,0.015,0,1,0.0,2024-25,Regular Season,Pullups
1642262,Cody Williams,1610612762,UTA,20.0,50,20,0.121,6,31,0.194,0.21,0.097,5,25,0.2,0.023,1,6,0.167,2024-25,Regular Season,Pullups
1642271,Kyle Filipowski,1610612762,UTA,21.0,72,22,0.058,13,30,0.433,0.517,0.029,8,15,0.533,0.029,5,15,0.333,2024-25,Regular Season,Pullups
1641721,Maxwell Lewis,1610612751,BKN,22.0,28,18,0.278,11,30,0.367,0.45,0.13,6,14,0.429,0.148,5,16,0.313,2024-25,Regular Season,Pullups
1631288,Jamal Cain,1610612740,NOP,26.0,37,18,0.19,10,30,0.333,0.433,0.101,4,16,0.25,0.089,6,14,0.429,2024-25,Regular Season,Pullups
1641709,Ausar Thompson,1610612765,DET,22.0,59,25,0.065,5,30,0.167,0.183,0.048,4,22,0.182,0.017,1,8,0.125,2024-25,Regular Season,Pullups
1642355,Bronny James,1610612747,LAL,20.0,27,16,0.433,9,29,0.31,0.414,0.179,3,12,0.25,0.254,6,17,0.353,2024-25,Regular Season,Pullups
202685,Jonas Valančiūnas,1610612758,SAC,33.0,81,25,0.046,9,29,0.31,0.31,0.046,9,29,0.31,0.0,0,0,,2024-25,Regular Season,Pullups
1629162,Jordan McLaughlin,1610612759,SAS,29.0,46,18,0.389,15,28,0.536,0.732,0.111,4,8,0.5,0.278,11,20,0.55,2024-25,Regular Season,Pullups
1642349,Ajay Mitchell,1610612760,OKC,23.0,36,18,0.151,12,28,0.429,0.464,0.108,10,20,0.5,0.043,2,8,0.25,2024-25,Regular Season,Pullups
1627734,Domantas Sabonis,1610612758,SAC,29.0,70,20,0.031,11,28,0.393,0.429,0.029,9,26,0.346,0.002,2,2,1.0,2024-25,Regular Season,Pullups
1630699,MarJon Beauchamp,1610612752,NYK,24.0,35,18,0.431,10,28,0.357,0.464,0.215,4,14,0.286,0.215,6,14,0.429,2024-25,Regular Season,Pullups
1628371,Jonathan Isaac,1610612753,ORL,27.0,71,19,0.086,6,28,0.214,0.214,0.068,6,22,0.273,0.019,0,6,0.0,2024-25,Regular Season,Pullups
1642276,Kel'el Ware,1610612748,MIA,21.0,64,21,0.058,9,27,0.333,0.352,0.047,8,22,0.364,0.011,1,5,0.2,2024-25,Regular Season,Pullups
203957,Dante Exum,1610612742,DAL,29.0,20,14,0.201,9,27,0.333,0.37,0.119,7,16,0.438,0.082,2,11,0.182,2024-25,Regular Season,Pullups
1641767,Ben Sheppard,1610612754,IND,23.0,63,21,0.091,9,26,0.346,0.423,0.021,5,6,0.833,0.07,4,20,0.2,2024-25,Regular Season,Pullups
1629684,Grant Williams,1610612766,CHA,26.0,16,14,0.211,9,26,0.346,0.423,0.106,5,13,0.385,0.106,4,13,0.308,2024-25,Regular Season,Pullups
1631248,Baylor Scheierman,1610612738,BOS,24.0,31,14,0.236,8,26,0.308,0.423,0.1,2,11,0.182,0.136,6,15,0.4,2024-25,Regular Season,Pullups
1630551,Justin Champagnie,1610612764,WAS,24.0,62,24,0.063,4,26,0.154,0.192,0.015,2,6,0.333,0.049,2,20,0.1,2024-25,Regular Season,Pullups
1631104,Blake Wesley,1610612759,SAS,22.0,58,21,0.134,7,25,0.28,0.32,0.102,5,19,0.263,0.032,2,6,0.333,2024-25,Regular Season,Pullups
1630200,Tre Jones,1610612741,CHI,25.0,46,21,0.105,6,25,0.24,0.26,0.084,5,20,0.25,0.021,1,5,0.2,2024-25,Regular Season,Pullups
1629669,Jaylen Nowell,1610612764,WAS,25.0,8,7,0.342,5,25,0.2,0.2,0.247,5,18,0.278,0.096,0,7,0.0,2024-25,Regular Season,Pullups
1641713,GG Jackson,1610612763,MEM,20.0,29,17,0.121,7,24,0.292,0.354,0.05,4,10,0.4,0.07,3,14,0.214,2024-25,Regular Season,Pullups
1631216,Caleb Houstan,1610612753,ORL,22.0,58,18,0.121,11,23,0.478,0.587,0.058,6,11,0.545,0.063,5,12,0.417,2024-25,Regular Season,Pullups
1641748,Andre Jackson Jr.,1610612749,MIL,23.0,67,20,0.117,9,23,0.391,0.478,0.071,5,14,0.357,0.046,4,9,0.444,2024-25,Regular Season,Pullups
1629651,Nic Claxton,1610612751,BKN,26.0,70,20,0.04,8,23,0.348,0.348,0.04,8,23,0.348,0.0,0,0,,2024-25,Regular Season,Pullups
202693,Markieff Morris,1610612747,LAL,35.0,15,11,0.329,7,23,0.304,0.304,0.257,7,18,0.389,0.071,0,5,0.0,2024-25,Regular Season,Pullups
1631172,Ousmane Dieng,1610612760,OKC,22.0,37,14,0.184,5,23,0.217,0.261,0.072,3,9,0.333,0.112,2,14,0.143,2024-25,Regular Season,Pullups
1631311,Lester Quinones,1610612740,NOP,24.0,13,8,0.295,4,23,0.174,0.239,0.09,1,7,0.143,0.205,3,16,0.188,2024-25,Regular Season,Pullups
1629312,Haywood Highsmith,1610612748,MIA,28.0,74,21,0.056,10,22,0.455,0.568,0.026,5,10,0.5,0.031,5,12,0.417,2024-25,Regular Season,Pullups
1626192,Pat Connaughton,1610612749,MIL,32.0,41,13,0.124,9,22,0.409,0.545,0.017,3,3,1.0,0.107,6,19,0.316,2024-25,Regular Season,Pullups
1628392,Isaiah Hartenstein,1610612760,OKC,27.0,57,19,0.046,9,22,0.409,0.409,0.046,9,22,0.409,0.0,0,0,,2024-25,Regular Season,Pullups
1631246,Vince Williams Jr.,1610612763,MEM,24.0,26,14,0.137,8,22,0.364,0.455,0.056,4,9,0.444,0.081,4,13,0.308,2024-25,Regular Season,Pullups
1642285,Cam Spencer,1610612763,MEM,25.0,25,11,0.268,8,22,0.364,0.477,0.098,3,8,0.375,0.171,5,14,0.357,2024-25,Regular Season,Pullups
1631098,Johnny Davis,1610612764,WAS,23.0,34,17,0.282,7,22,0.318,0.409,0.115,3,9,0.333,0.167,4,13,0.308,2024-25,Regular Season,Pullups
1641712,Rayan Rupert,1610612757,POR,21.0,52,13,0.155,6,22,0.273,0.341,0.049,3,7,0.429,0.106,3,15,0.2,2024-25,Regular Season,Pullups
1631102,TyTy Washington Jr.,1610612756,PHX,23.0,16,9,0.489,6,22,0.273,0.295,0.356,5,16,0.313,0.133,1,6,0.167,2024-25,Regular Season,Pullups
1631245,Quenton Jackson,1610612754,IND,26.0,28,13,0.18,6,22,0.273,0.386,0.057,1,7,0.143,0.123,5,15,0.333,2024-25,Regular Season,Pullups
1626153,Delon Wright,1610612752,NYK,33.0,40,15,0.168,4,22,0.182,0.227,0.038,2,5,0.4,0.13,2,17,0.118,2024-25,Regular Season,Pullups
201145,Jeff Green,1610612745,HOU,38.0,32,15,0.174,12,21,0.571,0.595,0.124,11,15,0.733,0.05,1,6,0.167,2024-25,Regular Season,Pullups
1630311,Pat Spencer,1610612744,GSW,28.0,39,11,0.208,9,21,0.429,0.429,0.149,9,15,0.6,0.059,0,6,0.0,2024-25,Regular Season,Pullups
201569,Eric Gordon,1610612755,PHI,36.0,39,16,0.103,9,21,0.429,0.548,0.034,4,7,0.571,0.069,5,14,0.357,2024-25,Regular Season,Pullups
1627814,Damion Lee,1610612756,PHX,32.0,25,12,0.284,8,21,0.381,0.405,0.189,7,14,0.5,0.095,1,7,0.143,2024-25,Regular Season,Pullups
1626168,Trey Lyles,1610612758,SAC,29.0,69,18,0.056,4,21,0.19,0.214,0.019,3,7,0.429,0.037,1,14,0.071,2024-25,Regular Season,Pullups
1627732,Ben Simmons,1610612746,LAC,28.0,51,18,0.09,10,20,0.5,0.5,0.09,10,20,0.5,0.0,0,0,,2024-25,Regular Season,Pullups
1630168,Onyeka Okongwu,1610612737,ATL,24.0,74,14,0.029,7,20,0.35,0.35,0.026,7,18,0.389,0.003,0,2,0.0,2024-25,Regular Season,Pullups
1627824,Guerschon Yabusele,1610612755,PHI,29.0,70,16,0.036,5,20,0.25,0.3,0.016,3,9,0.333,0.02,2,11,0.182,2024-25,Regular Season,Pullups
1631111,Wendell Moore Jr.,1610612766,CHA,23.0,36,17,0.159,4,20,0.2,0.225,0.103,3,13,0.231,0.056,1,7,0.143,2024-25,Regular Season,Pullups
1631110,Jeremy Sochan,1610612759,SAS,22.0,54,15,0.043,3,20,0.15,0.175,0.03,2,14,0.143,0.013,1,6,0.167,2024-25,Regular Season,Pullups
1642278,Tyler Kolek,1610612752,NYK,24.0,41,16,0.244,2,20,0.1,0.1,0.122,2,10,0.2,0.122,0,10,0.0,2024-25,Regular Season,Pullups
1630572,Sandro Mamukelashvili,1610612759,SAS,26.0,61,17,0.068,10,19,0.526,0.658,0.025,5,7,0.714,0.043,5,12,0.417,2024-25,Regular Season,Pullups
1631306,Cole Swider,1610612754,IND,26.0,10,9,0.302,8,19,0.421,0.474,0.143,6,9,0.667,0.159,2,10,0.2,2024-25,Regular Season,Pullups
1630531,Jaden Springer,1610612762,UTA,22.0,43,14,0.211,5,19,0.263,0.316,0.111,3,10,0.3,0.1,2,9,0.222,2024-25,Regular Season,Pullups
1641796,Pelle Larsson,1610612748,MIA,24.0,55,12,0.094,2,19,0.105,0.158,0.03,0,6,0.0,0.064,2,13,0.154,2024-25,Regular Season,Pullups
1629006,Josh Okogie,1610612766,CHA,26.0,40,15,0.085,7,18,0.389,0.5,0.038,3,8,0.375,0.047,4,10,0.4,2024-25,Regular Season,Pullups
1629634,Brandon Clarke,1610612763,MEM,28.0,63,14,0.048,6,18,0.333,0.333,0.048,6,18,0.333,0.0,0,0,,2024-25,Regular Season,Pullups
1641794,Dillon Jones,1610612760,OKC,23.0,54,14,0.135,4,18,0.222,0.25,0.075,3,10,0.3,0.06,1,8,0.125,2024-25,Regular Season,Pullups
1641736,Reece Beekman,1610612751,BKN,23.0,36,13,0.168,2,18,0.111,0.111,0.131,2,14,0.143,0.037,0,4,0.0,2024-25,Regular Season,Pullups
1631232,Keion Brooks Jr.,1610612740,NOP,24.0,14,11,0.156,10,17,0.588,0.618,0.128,9,14,0.643,0.028,1,3,0.333,2024-25,Regular Season,Pullups
1630539,Kai Jones,1610612742,DAL,24.0,40,13,0.156,4,17,0.235,0.265,0.119,3,13,0.231,0.037,1,4,0.25,2024-25,Regular Season,Pullups
1631200,Kris Murray,1610612757,POR,24.0,69,16,0.061,4,17,0.235,0.353,0.0,0,0,,0.061,4,17,0.235,2024-25,Regular Season,Pullups
1642345,Oso Ighodaro,1610612756,PHX,22.0,61,15,0.086,10,16,0.625,0.625,0.075,10,14,0.714,0.011,0,2,0.0,2024-25,Regular Season,Pullups
1642530,Yuki Kawamura,1610612763,MEM,24.0,22,10,0.533,7,16,0.438,0.563,0.167,3,5,0.6,0.367,4,11,0.364,2024-25,Regular Season,Pullups
1641725,Trey Alexander,1610612743,DEN,22.0,24,9,0.39,6,16,0.375,0.375,0.341,6,14,0.429,0.049,0,2,0.0,2024-25,Regular Season,Pullups
1627827,Dorian Finney-Smith,1610612747,LAL,32.0,63,13,0.037,6,16,0.375,0.469,0.018,3,8,0.375,0.018,3,8,0.375,2024-25,Regular Season,Pullups
1628418,Thomas Bryant,1610612754,IND,27.0,66,16,0.05,6,16,0.375,0.438,0.019,4,6,0.667,0.031,2,10,0.2,2024-25,Regular Season,Pullups
202066,Garrett Temple,1610612761,TOR,39.0,28,8,0.267,4,16,0.25,0.281,0.183,3,11,0.273,0.083,1,5,0.2,2024-25,Regular Season,Pullups
203914,Gary Harris,1610612753,ORL,30.0,48,11,0.113,7,15,0.467,0.633,0.045,2,6,0.333,0.068,5,9,0.556,2024-25,Regular Season,Pullups
1627751,Jakob Poeltl,1610612761,TOR,29.0,57,13,0.026,6,15,0.4,0.4,0.022,6,13,0.462,0.003,0,2,0.0,2024-25,Regular Season,Pullups
1642281,Jaylon Tyson,1610612739,CLE,22.0,47,8,0.101,6,15,0.4,0.5,0.067,3,10,0.3,0.034,3,5,0.6,2024-25,Regular Season,Pullups
1631223,David Roddy,1610612745,HOU,24.0,33,12,0.12,5,15,0.333,0.467,0.032,1,4,0.25,0.088,4,11,0.364,2024-25,Regular Season,Pullups
1630545,Terrence Shannon Jr.,1610612750,MIN,24.0,32,12,0.132,5,15,0.333,0.4,0.088,3,10,0.3,0.044,2,5,0.4,2024-25,Regular Season,Pullups
1641878,Damion Baugh,1610612766,CHA,24.0,15,12,0.115,2,15,0.133,0.167,0.038,1,5,0.2,0.077,1,10,0.1,2024-25,Regular Season,Pullups
1641765,Olivier-Maxence Prosper,1610612742,DAL,22.0,52,12,0.086,0,15,0.0,0.0,0.046,0,8,0.0,0.04,0,7,0.0,2024-25,Regular Season,Pullups
201567,Kevin Love,1610612748,MIA,36.0,23,10,0.122,6,14,0.429,0.607,0.035,1,4,0.25,0.087,5,10,0.5,2024-25,Regular Season,Pullups
1630188,Jalen Smith,1610612741,CHI,25.0,64,13,0.034,5,14,0.357,0.464,0.015,2,6,0.333,0.02,3,8,0.375,2024-25,Regular Season,Pullups
1641816,Hunter Tyson,1610612743,DEN,25.0,51,12,0.117,4,14,0.286,0.321,0.05,3,6,0.5,0.067,1,8,0.125,2024-25,Regular Season,Pullups
1630556,Kessler Edwards,1610612742,DAL,24.0,40,12,0.104,4,14,0.286,0.286,0.081,4,11,0.364,0.022,0,3,0.0,2024-25,Regular Season,Pullups
1641757,Jordan Miller,1610612746,LAC,25.0,37,10,0.104,3,14,0.214,0.214,0.06,3,8,0.375,0.045,0,6,0.0,2024-25,Regular Season,Pullups
1631115,Orlando Robinson,1610612761,TOR,24.0,44,11,0.054,3,14,0.214,0.214,0.046,3,12,0.25,0.008,0,2,0.0,2024-25,Regular Season,Pullups
1641727,Dariq Whitehead,1610612751,BKN,20.0,20,9,0.146,1,14,0.071,0.107,0.042,0,4,0.0,0.104,1,10,0.1,2024-25,Regular Season,Pullups
203994,Jusuf Nurkić,1610612766,CHA,30.0,51,12,0.04,0,14,0.0,0.0,0.011,0,4,0.0,0.028,0,10,0.0,2024-25,Regular Season,Pullups
1642484,RayJ Dennis,1610612754,IND,24.0,11,5,0.394,5,13,0.385,0.5,0.152,2,5,0.4,0.242,3,8,0.375,2024-25,Regular Season,Pullups
203926,Doug McDermott,1610612758,SAC,33.0,42,10,0.111,5,13,0.385,0.5,0.043,2,5,0.4,0.068,3,8,0.375,2024-25,Regular Season,Pullups
1629731,Dean Wade,1610612739,CLE,28.0,59,11,0.048,4,13,0.308,0.385,0.022,2,6,0.333,0.026,2,7,0.286,2024-25,Regular Season,Pullups
1631120,JD Davison,1610612738,BOS,22.0,16,6,0.382,4,13,0.308,0.385,0.206,2,7,0.286,0.176,2,6,0.333,2024-25,Regular Season,Pullups
1641723,Kobe Bufkin,1610612737,ATL,21.0,10,7,0.277,4,13,0.308,0.346,0.17,3,8,0.375,0.106,1,5,0.2,2024-25,Regular Season,Pullups
1630529,Herbert Jones,1610612740,NOP,26.0,20,9,0.076,4,13,0.308,0.308,0.052,4,9,0.444,0.023,0,4,0.0,2024-25,Regular Season,Pullups
1641798,Jaylen Martin,1610612764,WAS,21.0,16,7,0.176,3,13,0.231,0.308,0.135,1,10,0.1,0.041,2,3,0.667,2024-25,Regular Season,Pullups
1630171,Isaac Okoro,1610612739,CLE,24.0,55,11,0.049,3,13,0.231,0.346,0.007,0,2,0.0,0.041,3,11,0.273,2024-25,Regular Season,Pullups
1641809,Drew Peterson,1610612738,BOS,25.0,25,8,0.293,7,12,0.583,0.792,0.049,2,2,1.0,0.244,5,10,0.5,2024-25,Regular Season,Pullups
1628467,Maxi Kleber,1610612747,LAL,33.0,34,9,0.125,7,12,0.583,0.625,0.104,6,10,0.6,0.021,1,2,0.5,2024-25,Regular Season,Pullups
1628464,Daniel Theis,1610612740,NOP,33.0,38,12,0.093,6,12,0.5,0.5,0.085,6,11,0.545,0.008,0,1,0.0,2024-25,Regular Season,Pullups
1631217,Moussa Diabate,1610612766,CHA,23.0,71,12,0.043,6,12,0.5,0.5,0.039,6,11,0.545,0.004,0,1,0.0,2024-25,Regular Season,Pullups
201587,Nicolas Batum,1610612746,LAC,36.0,78,12,0.05,2,12,0.167,0.25,0.008,0,2,0.0,0.042,2,10,0.2,2024-25,Regular Season,Pullups
1629750,Javonte Green,1610612739,CLE,31.0,68,9,0.042,2,12,0.167,0.208,0.031,1,9,0.111,0.01,1,3,0.333,2024-25,Regular Season,Pullups
1630191,Isaiah Stewart,1610612765,DET,24.0,72,11,0.038,2,12,0.167,0.167,0.025,2,8,0.25,0.013,0,4,0.0,2024-25,Regular Season,Pullups
1631207,Dalen Terry,1610612741,CHI,22.0,73,12,0.045,2,12,0.167,0.208,0.022,1,6,0.167,0.022,1,6,0.167,2024-25,Regular Season,Pullups
1627826,Ivica Zubac,1610612746,LAC,28.0,80,11,0.012,6,11,0.545,0.545,0.012,6,11,0.545,0.0,0,0,,2024-25,Regular Season,Pullups
1629234,Drew Eubanks,1610612746,LAC,28.0,61,10,0.057,6,11,0.545,0.591,0.052,5,10,0.5,0.005,1,1,1.0,2024-25,Regular Season,Pullups
1629111,Jock Landale,1610612745,HOU,29.0,42,11,0.072,5,11,0.455,0.545,0.046,3,7,0.429,0.026,2,4,0.5,2024-25,Regular Season,Pullups
1631109,Mark Williams,1610612766,CHA,23.0,44,9,0.025,4,11,0.364,0.364,0.022,4,10,0.4,0.002,0,1,0.0,2024-25,Regular Season,Pullups
1629001,De'Anthony Melton,1610612751,BKN,27.0,6,6,0.204,3,11,0.273,0.409,0.019,0,1,0.0,0.185,3,10,0.3,2024-25,Regular Season,Pullups
1626172,Kevon Looney,1610612744,GSW,29.0,76,11,0.04,3,11,0.273,0.273,0.036,3,10,0.3,0.004,0,1,0.0,2024-25,Regular Season,Pullups
1630643,Jay Huff,1610612763,MEM,27.0,64,8,0.033,6,10,0.6,0.8,0.013,2,4,0.5,0.02,4,6,0.667,2024-25,Regular Season,Pullups
1630639,A.J. Lawson,1610612761,TOR,24.0,26,9,0.053,4,10,0.4,0.6,0.011,0,2,0.0,0.042,4,8,0.5,2024-25,Regular Season,Pullups
1641734,Emoni Bates,1610612739,CLE,21.0,10,5,0.263,4,10,0.4,0.6,0.026,0,1,0.0,0.237,4,9,0.444,2024-25,Regular Season,Pullups
1631197,Jared Rhoden,1610612761,TOR,25.0,14,6,0.115,3,10,0.3,0.45,0.046,0,4,0.0,0.069,3,6,0.5,2024-25,Regular Season,Pullups
1630696,Dru Smith,1610612748,MIA,27.0,14,7,0.164,2,10,0.2,0.3,0.066,0,4,0.0,0.098,2,6,0.333,2024-25,Regular Season,Pullups
1630549,Day'Ron Sharpe,1610612751,BKN,23.0,50,10,0.032,2,10,0.2,0.2,0.025,2,8,0.25,0.006,0,2,0.0,2024-25,Regular Season,Pullups
1630165,Killian Hayes,1610612751,BKN,23.0,6,6,0.233,2,10,0.2,0.25,0.116,1,5,0.2,0.116,1,5,0.2,2024-25,Regular Season,Pullups
1628436,Luke Kornet,1610612738,BOS,29.0,73,8,0.032,5,9,0.556,0.556,0.025,5,7,0.714,0.007,0,2,0.0,2024-25,Regular Season,Pullups
1630550,JT Thor,1610612764,WAS,22.0,20,6,0.153,4,9,0.444,0.444,0.136,4,8,0.5,0.017,0,1,0.0,2024-25,Regular Season,Pullups
1631119,Jaylin Williams,1610612760,OKC,23.0,47,8,0.041,4,9,0.444,0.5,0.036,3,8,0.375,0.005,1,1,1.0,2024-25,Regular Season,Pullups
1628470,Torrey Craig,1610612738,BOS,34.0,26,8,0.1,4,9,0.444,0.611,0.033,1,3,0.333,0.067,3,6,0.5,2024-25,Regular Season,Pullups
1630611,Gui Santos,1610612744,GSW,23.0,56,9,0.05,2,9,0.222,0.278,0.017,1,3,0.333,0.034,1,6,0.167,2024-25,Regular Season,Pullups
1630537,Chris Duarte,1610612741,CHI,28.0,17,8,0.346,2,9,0.222,0.333,0.0,0,0,,0.346,2,9,0.222,2024-25,Regular Season,Pullups
204060,Joe Ingles,1610612750,MIN,37.0,19,7,0.391,1,9,0.111,0.167,0.087,0,2,0.0,0.304,1,7,0.143,2024-25,Regular Season,Pullups
1630194,Paul Reed,1610612765,DET,26.0,45,9,0.063,1,9,0.111,0.111,0.035,1,5,0.2,0.028,0,4,0.0,2024-25,Regular Season,Pullups
202684,Tristan Thompson,1610612739,CLE,34.0,40,8,0.127,0,9,0.0,0.0,0.113,0,8,0.0,0.014,0,1,0.0,2024-25,Regular Season,Pullups
1630205,Lamar Stevens,1610612763,MEM,27.0,17,5,0.127,5,8,0.625,0.688,0.079,4,5,0.8,0.048,1,3,0.333,2024-25,Regular Season,Pullups
201143,Al Horford,1610612738,BOS,39.0,60,8,0.018,3,8,0.375,0.438,0.013,2,6,0.333,0.004,1,2,0.5,2024-25,Regular Season,Pullups
1631301,Jaylen Sims,1610612766,CHA,26.0,6,5,0.286,3,8,0.375,0.5,0.143,1,4,0.25,0.143,2,4,0.5,2024-25,Regular Season,Pullups
1630568,Luka Garza,1610612750,MIN,26.0,39,7,0.076,2,8,0.25,0.25,0.067,2,7,0.286,0.01,0,1,0.0,2024-25,Regular Season,Pullups
1641740,Jaylen Clark,1610612750,MIN,23.0,40,8,0.067,2,8,0.25,0.25,0.05,2,6,0.333,0.017,0,2,0.0,2024-25,Regular Season,Pullups
1642353,Cam Christie,1610612746,LAC,19.0,13,7,0.333,1,8,0.125,0.125,0.083,1,2,0.5,0.25,0,6,0.0,2024-25,Regular Season,Pullups
1641789,Jazian Gortman,1610612742,DAL,22.0,16,6,0.304,4,7,0.571,0.714,0.174,2,4,0.5,0.13,2,3,0.667,2024-25,Regular Season,Pullups
1642366,Quinten Post,1610612744,GSW,25.0,42,6,0.026,4,7,0.571,0.714,0.011,2,3,0.667,0.015,2,4,0.5,2024-25,Regular Season,Pullups
1629680,Matisse Thybulle,1610612757,POR,28.0,15,7,0.08,3,7,0.429,0.643,0.011,0,1,0.0,0.068,3,6,0.5,2024-25,Regular Season,Pullups
1630346,Matt Ryan,1610612740,NOP,28.0,19,6,0.226,2,7,0.286,0.357,0.097,1,3,0.333,0.129,1,4,0.25,2024-25,Regular Season,Pullups
1631166,Drew Timme,1610612751,BKN,24.0,9,5,0.069,1,7,0.143,0.214,0.039,0,4,0.0,0.029,1,3,0.333,2024-25,Regular Season,Pullups
1630208,Nick Richards,1610612756,PHX,27.0,57,7,0.02,1,7,0.143,0.143,0.017,1,6,0.167,0.003,0,1,0.0,2024-25,Regular Season,Pullups
1628386,Jarrett Allen,1610612739,CLE,27.0,82,7,0.011,0,7,0.0,0.0,0.011,0,7,0.0,0.0,0,0,,2024-25,Regular Season,Pullups
1641744,Zach Edey,1610612763,MEM,23.0,65,6,0.014,2,6,0.333,0.333,0.012,2,5,0.4,0.002,0,1,0.0,2024-25,Regular Season,Pullups
1631243,Mouhamed Gueye,1610612737,ATL,22.0,33,4,0.035,2,6,0.333,0.333,0.023,2,4,0.5,0.012,0,2,0.0,2024-25,Regular Season,Pullups
1627780,Gary Payton II,1610612744,GSW,32.0,62,6,0.02,2,6,0.333,0.417,0.01,1,3,0.333,0.01,1,3,0.333,2024-25,Regular Season,Pullups
1631133,Jabari Walker,1610612757,POR,22.0,60,6,0.026,2,6,0.333,0.417,0.017,1,4,0.25,0.009,1,2,0.5,2024-25,Regular Season,Pullups
1629629,Cam Reddish,1610612747,LAL,25.0,33,5,0.064,1,6,0.167,0.167,0.032,1,3,0.333,0.032,0,3,0.0,2024-25,Regular Season,Pullups
1630528,Josh Christopher,1610612748,MIA,23.0,14,3,0.194,1,6,0.167,0.167,0.097,1,3,0.333,0.097,0,3,0.0,2024-25,Regular Season,Pullups
1630585,Marcus Garrett,1610612766,CHA,26.0,4,3,0.222,1,6,0.167,0.167,0.185,1,5,0.2,0.037,0,1,0.0,2024-25,Regular Season,Pullups
1631116,Patrick Baldwin Jr.,1610612746,LAC,22.0,24,6,0.171,1,6,0.167,0.25,0.0,0,0,,0.171,1,6,0.167,2024-25,Regular Season,Pullups
1630542,Marcus Bagley,1610612755,PHI,23.0,10,6,0.087,0,6,0.0,0.0,0.029,0,2,0.0,0.058,0,4,0.0,2024-25,Regular Season,Pullups
1628995,Kevin Knox II,1610612744,GSW,25.0,14,5,0.139,3,5,0.6,0.7,0.111,2,4,0.5,0.028,1,1,1.0,2024-25,Regular Season,Pullups
1631105,Jalen Duren,1610612765,DET,21.0,78,5,0.009,3,5,0.6,0.6,0.009,3,5,0.6,0.0,0,0,,2024-25,Regular Season,Pullups
1628380,Zach Collins,1610612741,CHI,27.0,64,5,0.017,2,5,0.4,0.4,0.013,2,4,0.5,0.003,0,1,0.0,2024-25,Regular Season,Pullups
1626204,Larry Nance Jr.,1610612737,ATL,32.0,24,5,0.032,1,5,0.2,0.2,0.026,1,4,0.25,0.006,0,1,0.0,2024-25,Regular Season,Pullups
1641989,Elijah Harkless,1610612762,UTA,25.0,10,3,0.143,1,5,0.2,0.3,0.057,0,2,0.0,0.086,1,3,0.333,2024-25,Regular Season,Pullups
1642359,Pacôme Dadiet,1610612752,NYK,19.0,18,4,0.161,1,5,0.2,0.2,0.129,1,4,0.25,0.032,0,1,0.0,2024-25,Regular Season,Pullups
1631230,Dominick Barlow,1610612737,ATL,22.0,35,5,0.044,1,5,0.2,0.2,0.044,1,5,0.2,0.0,0,0,,2024-25,Regular Season,Pullups
1629723,John Konchar,1610612763,MEM,29.0,46,5,0.055,1,5,0.2,0.2,0.033,1,3,0.333,0.022,0,2,0.0,2024-25,Regular Season,Pullups
1630256,Jae'Sean Tate,1610612745,HOU,29.0,52,5,0.034,0,5,0.0,0.0,0.014,0,2,0.0,0.02,0,3,0.0,2024-25,Regular Season,Pullups
1642277,Johnny Furphy,1610612754,IND,20.0,50,5,0.054,0,5,0.0,0.0,0.011,0,1,0.0,0.043,0,4,0.0,2024-25,Regular Season,Pullups
1630649,Stanley Umude,1610612749,MIL,26.0,22,3,0.192,0,5,0.0,0.0,0.192,0,5,0.0,0.0,0,0,,2024-25,Regular Season,Pullups
1630623,Tyson Etienne,1610612751,BKN,25.0,7,4,0.077,1,4,0.25,0.25,0.019,1,1,1.0,0.058,0,3,0.0,2024-25,Regular Season,Pullups
1641775,Jordan Walsh,1610612738,BOS,21.0,52,4,0.048,1,4,0.25,0.375,0.0,0,0,,0.048,1,4,0.25,2024-25,Regular Season,Pullups
1626196,Josh Richardson,1610612748,MIA,31.0,8,4,0.105,1,4,0.25,0.25,0.079,1,3,0.333,0.026,0,1,0.0,2024-25,Regular Season,Pullups
1631250,Pete Nance,1610612749,MIL,25.0,13,4,0.125,1,4,0.25,0.25,0.063,1,2,0.5,0.063,0,2,0.0,2024-25,Regular Season,Pullups
1641707,Taylor Hendricks,1610612762,UTA,21.0,3,3,0.222,1,4,0.25,0.375,0.167,0,3,0.0,0.056,1,1,1.0,2024-25,Regular Season,Pullups
1629646,Charles Bassey,1610612759,SAS,24.0,36,3,0.034,1,4,0.25,0.25,0.034,1,4,0.25,0.0,0,0,,2024-25,Regular Season,Pullups
1629098,Jack McVeigh,1610612745,HOU,29.0,9,3,0.235,1,4,0.25,0.25,0.118,1,2,0.5,0.118,0,2,0.0,2024-25,Regular Season,Pullups
1628963,Marvin Bagley III,1610612763,MEM,26.0,31,4,0.038,1,4,0.25,0.25,0.038,1,4,0.25,0.0,0,0,,2024-25,Regular Season,Pullups
201949,James Johnson,1610612754,IND,38.0,12,3,0.364,1,4,0.25,0.25,0.364,1,4,0.25,0.0,0,0,,2024-25,Regular Season,Pullups
1629021,Moritz Wagner,1610612753,ORL,28.0,30,4,0.016,1,4,0.25,0.25,0.012,1,3,0.333,0.004,0,1,0.0,2024-25,Regular Season,Pullups
1629643,Chuma Okeke,1610612739,CLE,26.0,9,4,0.1,1,4,0.25,0.375,0.0,0,0,,0.1,1,4,0.25,2024-25,Regular Season,Pullups
1630201,Malachi Flynn,1610612759,SAS,27.0,4,1,0.308,1,4,0.25,0.25,0.308,1,4,0.25,0.0,0,0,,2024-25,Regular Season,Pullups
1642270,Donovan Clingan,1610612757,POR,21.0,67,4,0.012,0,4,0.0,0.0,0.003,0,1,0.0,0.009,0,3,0.0,2024-25,Regular Season,Pullups
1641738,Kobe Brown,1610612746,LAC,25.0,40,4,0.056,0,4,0.0,0.0,0.028,0,2,0.0,0.028,0,2,0.0,2024-25,Regular Season,Pullups
1626158,Richaun Holmes,1610612764,WAS,31.0,31,4,0.029,0,4,0.0,0.0,0.022,0,3,0.0,0.007,0,1,0.0,2024-25,Regular Season,Pullups
1630264,Anthony Gill,1610612764,WAS,32.0,51,4,0.045,0,4,0.0,0.0,0.034,0,3,0.0,0.011,0,1,0.0,2024-25,Regular Season,Pullups
1630762,Phillip Wheeler,1610612755,PHI,23.0,5,3,0.19,0,4,0.0,0.0,0.0,0,0,,0.19,0,4,0.0,2024-25,Regular Season,Pullups
1641772,Nae'Qwan Tomlin,1610612739,CLE,24.0,5,2,0.125,0,4,0.0,0.0,0.031,0,1,0.0,0.094,0,3,0.0,2024-25,Regular Season,Pullups
203486,Mason Plumlee,1610612756,PHX,35.0,74,3,0.02,0,4,0.0,0.0,0.005,0,1,0.0,0.015,0,3,0.0,2024-25,Regular Season,Pullups
1631466,Nate Williams,1610612745,HOU,26.0,20,4,0.065,0,4,0.0,0.0,0.032,0,2,0.0,0.032,0,2,0.0,2024-25,Regular Season,Pullups
1630222,Mason Jones,1610612758,SAC,26.0,10,3,0.167,2,3,0.667,0.667,0.111,2,2,1.0,0.056,0,1,0.0,2024-25,Regular Season,Pullups
1631123,Jamaree Bouyea,1610612749,MIL,26.0,5,1,0.25,2,3,0.667,0.833,0.083,1,1,1.0,0.167,1,2,0.5,2024-25,Regular Season,Pullups
1642382,Branden Carlson,1610612760,OKC,26.0,32,3,0.031,2,3,0.667,0.667,0.021,2,2,1.0,0.01,0,1,0.0,2024-25,Regular Season,Pullups
1642384,Isaiah Crawford,1610612758,SAC,23.0,15,2,0.273,2,3,0.667,0.833,0.182,1,2,0.5,0.091,1,1,1.0,2024-25,Regular Season,Pullups
1642461,Spencer Jones,1610612743,DEN,24.0,20,3,0.088,2,3,0.667,0.667,0.088,2,3,0.667,0.0,0,0,,2024-25,Regular Season,Pullups
1631210,Jacob Toppin,1610612737,ATL,25.0,17,3,0.136,2,3,0.667,0.667,0.091,2,2,1.0,0.045,0,1,0.0,2024-25,Regular Season,Pullups
1630574,Ariel Hukporti,1610612752,NYK,23.0,25,3,0.097,2,3,0.667,0.667,0.097,2,3,0.667,0.0,0,0,,2024-25,Regular Season,Pullups
1641879,Yuri Collins,1610612744,GSW,24.0,2,1,1.0,1,3,0.333,0.333,1.0,1,3,0.333,0.0,0,0,,2024-25,Regular Season,Pullups
1641998,Trey Jemison III,1610612747,LAL,25.0,38,3,0.041,1,3,0.333,0.333,0.041,1,3,0.333,0.0,0,0,,2024-25,Regular Season,Pullups
1629655,Daniel Gafford,1610612742,DAL,26.0,57,2,0.007,1,3,0.333,0.333,0.007,1,3,0.333,0.0,0,0,,2024-25,Regular Season,Pullups
1641871,Duop Reath,1610612757,POR,29.0,46,3,0.018,1,3,0.333,0.5,0.006,0,1,0.0,0.012,1,2,0.5,2024-25,Regular Season,Pullups
1642450,Daniss Jenkins,1610612765,DET,23.0,7,3,0.3,1,3,0.333,0.5,0.0,0,0,,0.3,1,3,0.333,2024-25,Regular Season,Pullups
1631121,Bryce McGowens,1610612757,POR,22.0,13,2,0.214,0,3,0.0,0.0,0.071,0,1,0.0,0.143,0,2,0.0,2024-25,Regular Season,Pullups
1630695,Micah Potter,1610612762,UTA,27.0,38,3,0.022,0,3,0.0,0.0,0.0,0,0,,0.022,0,3,0.0,2024-25,Regular Season,Pullups
1641755,Kevin McCullar Jr.,1610612752,NYK,24.0,4,2,0.429,0,3,0.0,0.0,0.429,0,3,0.0,0.0,0,0,,2024-25,Regular Season,Pullups
1629052,Oshae Brissett,1610612755,PHI,27.0,6,1,0.051,2,2,1.0,1.5,0.0,0,0,,0.051,2,2,1.0,2024-25,Regular Season,Pullups
203458,Alex Len,1610612747,LAL,32.0,46,2,0.032,2,2,1.0,1.25,0.016,1,1,1.0,0.016,1,1,1.0,2024-25,Regular Season,Pullups
1641890,Tyler Smith,1610612749,MIL,20.0,23,2,0.04,1,2,0.5,0.75,0.02,0,1,0.0,0.02,1,1,1.0,2024-25,Regular Season,Pullups
203083,Andre Drummond,1610612755,PHI,31.0,40,2,0.009,1,2,0.5,0.5,0.004,1,1,1.0,0.004,0,1,0.0,2024-25,Regular Season,Pullups
1642280,Trentyn Flowers,1610612746,LAC,20.0,6,2,0.182,1,2,0.5,0.5,0.182,1,2,0.5,0.0,0,0,,2024-25,Regular Season,Pullups
1642274,Yves Missi,1610612740,NOP,21.0,73,2,0.004,1,2,0.5,0.5,0.004,1,2,0.5,0.0,0,0,,2024-25,Regular Season,Pullups
1642050,Jackson Rowe,1610612744,GSW,28.0,6,2,0.118,1,2,0.5,0.75,0.0,0,0,,0.118,1,2,0.5,2024-25,Regular Season,Pullups
1642505,Alex Ducas,1610612760,OKC,24.0,21,2,0.067,1,2,0.5,0.5,0.067,1,2,0.5,0.0,0,0,,2024-25,Regular Season,Pullups
1631132,Christian Koloko,1610612747,LAL,25.0,37,2,0.03,1,2,0.5,0.5,0.015,1,1,1.0,0.015,0,1,0.0,2024-25,Regular Season,Pullups
203109,Jae Crowder,1610612758,SAC,34.0,9,2,0.091,0,2,0.0,0.0,0.045,0,1,0.0,0.045,0,1,0.0,2024-25,Regular Season,Pullups
1629057,Robert Williams III,1610612757,POR,27.0,20,2,0.026,0,2,0.0,0.0,0.026,0,2,0.0,0.0,0,0,,2024-25,Regular Season,Pullups
1629048,Goga Bitadze,1610612753,ORL,25.0,70,2,0.006,0,2,0.0,0.0,0.003,0,1,0.0,0.003,0,1,0.0,2024-25,Regular Season,Pullups
1631247,Luke Travers,1610612739,CLE,23.0,12,2,0.1,0,2,0.0,0.0,0.0,0,0,,0.1,0,2,0.0,2024-25,Regular Season,Pullups
1641815,Isaiah Stevens,1610612748,MIA,24.0,3,2,1.0,0,2,0.0,0.0,0.5,0,1,0.0,0.5,0,1,0.0,2024-25,Regular Season,Pullups
1631131,Oscar Tshiebwe,1610612762,UTA,25.0,14,2,0.029,0,2,0.0,0.0,0.029,0,2,0.0,0.0,0,0,,2024-25,Regular Season,Pullups
1631169,Josh Minott,1610612750,MIN,22.0,46,2,0.022,0,2,0.0,0.0,0.0,0,0,,0.022,0,2,0.0,2024-25,Regular Season,Pullups
1631386,Taze Moore,1610612757,POR,27.0,2,1,0.2,0,2,0.0,0.0,0.1,0,1,0.0,0.1,0,1,0.0,2024-25,Regular Season,Pullups
1631321,Sidy Cissoko,1610612757,POR,21.0,22,2,0.067,0,2,0.0,0.0,0.033,0,1,0.0,0.033,0,1,0.0,2024-25,Regular Season,Pullups
1630658,Colin Castleton,1610612761,TOR,25.0,26,2,0.02,0,2,0.0,0.0,0.01,0,1,0.0,0.01,0,1,0.0,2024-25,Regular Season,Pullups
1631117,Walker Kessler,1610612762,UTA,23.0,58,2,0.005,0,2,0.0,0.0,0.002,0,1,0.0,0.002,0,1,0.0,2024-25,Regular Season,Pullups
1631159,Leonard Miller,1610612750,MIN,21.0,13,2,0.133,0,2,0.0,0.0,0.067,0,1,0.0,0.067,0,1,0.0,2024-25,Regular Season,Pullups
1641763,Julian Phillips,1610612741,CHI,21.0,79,2,0.007,0,2,0.0,0.0,0.007,0,2,0.0,0.0,0,0,,2024-25,Regular Season,Pullups
203497,Rudy Gobert,1610612750,MIN,33.0,72,2,0.004,0,2,0.0,0.0,0.004,0,2,0.0,0.0,0,0,,2024-25,Regular Season,Pullups
201959,Taj Gibson,1610612766,CHA,40.0,37,2,0.021,0,2,0.0,0.0,0.021,0,2,0.0,0.0,0,0,,2024-25,Regular Season,Pullups
1641803,Tristen Newton,1610612750,MIN,24.0,8,2,0.25,0,2,0.0,0.0,0.125,0,1,0.0,0.125,0,1,0.0,2024-25,Regular Season,Pullups
1629650,Moses Brown,1610612742,DAL,25.0,13,2,0.041,0,2,0.0,0.0,0.041,0,2,0.0,0.0,0,0,,2024-25,Regular Season,Pullups
203500,Steven Adams,1610612745,HOU,31.0,58,1,0.006,1,1,1.0,1.0,0.006,1,1,1.0,0.0,0,0,,2024-25,Regular Season,Pullups
1631255,Karlo Matković,1610612740,NOP,24.0,42,1,0.004,1,1,1.0,1.0,0.004,1,1,1.0,0.0,0,0,,2024-25,Regular Season,Pullups
1641752,Bobi Klintman,1610612765,DET,22.0,8,1,0.1,1,1,1.0,1.5,0.0,0,0,,0.1,1,1,1.0,2024-25,Regular Season,Pullups
1642352,Keshad Johnson,1610612748,MIA,24.0,16,1,0.038,1,1,1.0,1.5,0.0,0,0,,0.038,1,1,1.0,2024-25,Regular Season,Pullups
1630579,Jericho Sims,1610612749,MIL,26.0,53,1,0.014,0,1,0.0,0.0,0.014,0,1,0.0,0.0,0,0,,2024-25,Regular Season,Pullups
1628964,Mo Bamba,1610612740,NOP,27.0,32,1,0.009,0,1,0.0,0.0,0.009,0,1,0.0,0.0,0,0,,2024-25,Regular Season,Pullups
1630600,Isaiah Mobley,1610612755,PHI,25.0,1,1,0.143,0,1,0.0,0.0,0.143,0,1,0.0,0.0,0,0,,2024-25,Regular Season,Pullups
1630644,Mac McClung,1610612753,ORL,26.0,2,1,0.5,0,1,0.0,0.0,0.5,0,1,0.0,0.0,0,0,,2024-25,Regular Season,Pullups
202687,Bismack Biyombo,1610612759,SAS,32.0,28,1,0.009,0,1,0.0,0.0,0.009,0,1,0.0,0.0,0,0,,2024-25,Regular Season,Pullups
1641779,Jalen Bridges,1610612756,PHX,24.0,8,1,0.143,0,1,0.0,0.0,0.0,0,0,,0.143,0,1,0.0,2024-25,Regular Season,Pullups
1642024,Alex Reese,1610612755,PHI,26.0,15,1,0.019,0,1,0.0,0.0,0.0,0,0,,0.019,0,1,0.0,2024-25,Regular Season,Pullups
1628981,Bruno Fernando,1610612761,TOR,26.0,17,1,0.02,0,1,0.0,0.0,0.02,0,1,0.0,0.0,0,0,,2024-25,Regular Season,Pullups
200782,P.J. Tucker,1610612752,NYK,40.0,3,1,0.143,0,1,0.0,0.0,0.0,0,0,,0.143,0,1,0.0,2024-25,Regular Season,Pullups
1641790,PJ Hall,1610612743,DEN,23.0,19,1,0.042,0,1,0.0,0.0,0.0,0,0,,0.042,0,1,0.0,2024-25,Regular Season,Pullups
1629020,Jarred Vanderbilt,1610612747,LAL,26.0,36,1,0.008,0,1,0.0,0.0,0.008,0,1,0.0,0.0,0,0,,2024-25,Regular Season,Pullups
203967,Dario Saric,1610612743,DEN,31.0,16,1,0.018,0,1,0.0,0.0,0.0,0,0,,0.018,0,1,0.0,2024-25,Regular Season,Pullups
1642402,Enrique Freeman,1610612754,IND,24.0,22,1,0.027,0,1,0.0,0.0,0.027,0,1,0.0,0.0,0,0,,2024-25,Regular Season,Pullups
203939,Dwight Powell,1610612742,DAL,33.0,55,1,0.016,0,1,0.0,0.0,0.016,0,1,0.0,0.0,0,0,,2024-25,Regular Season,Pullups
1631218,Trayce Jackson-Davis,1610612744,GSW,25.0,62,1,0.003,0,1,0.0,0.0,0.003,0,1,0.0,0.0,0,0,,2024-25,Regular Season,Pullups
1628396,Tony Bradley,1610612754,IND,27.0,14,1,0.022,0,1,0.0,0.0,0.022,0,1,0.0,0.0,0,0,,2024-25,Regular Season,Pullups
203991,Clint Capela,1610612737,ATL,31.0,55,1,0.003,0,1,0.0,0.0,0.003,0,1,0.0,0.0,0,0,,2024-25,Regular Season,Pullups
1629637,Jaxson Hayes,1610612747,LAL,25.0,56,1,0.004,0,1,0.0,0.0,0.004,0,1,0.0,0.0,0,0,,2024-25,Regular Season,Pullups
1630214,Xavier Tillman,1610612738,BOS,26.0,33,1,0.019,0,1,0.0,0.0,0.0,0,0,,0.019,0,1,0.0,2024-25,Regular Season,Pullups
1630561,David Duke Jr.,1610612759,SAS,25.0,6,1,0.071,0,1,0.0,0.0,0.071,0,1,0.0,0.0,0,0,,2024-25,Regular Season,Pullups
1642439,Quincy Olivari,1610612747,LAL,24.0,2,1,0.2,0,1,0.0,0.0,0.0,0,0,,0.2,0,1,0.0,2024-25,Regular Season,Pullups
1642403,Isaac Jones,1610612758,SAC,24.0,40,1,0.012,0,1,0.0,0.0,0.012,0,1,0.0,0.0,0,0,,2024-25,Regular Season,Pullups
1630231,KJ Martin,1610612762,UTA,24.0,43,1,0.005,0,1,0.0,0.0,0.005,0,1,0.0,0.0,0,0,,2024-25,Regular Season,Pullups
1642368,N'Faly Dante,1610612745,HOU,23.0,4,1,0.077,0,1,0.0,0.0,0.077,0,1,0.0,0.0,0,0,,2024-25,Regular Season,Pullups
1629056,Terence Davis,1610612758,SAC,28.0,1,1,0.5,0,1,0.0,0.0,0.5,0,1,0.0,0.0,0,0,,2024-25,Regular Season,Pullups
1641726,Dereck Lively II,1610612742,DAL,21.0,36,1,0.005,0,1,0.0,0.0,0.005,0,1,0.0,0.0,0,0,,2024-25,Regular Season,Pullups
1630604,E.J. Liddell,1610612741,CHI,24.0,12,1,0.067,0,1,0.0,0.0,0.0,0,0,,0.067,0,1,0.0,2024-25,Regular Season,Pullups
