PLAYER_ID,PLAYER_NAME,PLAYER_LAST_TEAM_ID,PLAYER_LAST_TEAM_ABBREVIATION,AGE,GP,G,FGA_FREQUENCY,FGM,FGA,FG_PCT,EFG_PCT,FG2A_FREQUENCY,FG2M,FG2A,FG2_PCT,FG3A_FREQUENCY,FG3M,FG3A,FG3_PCT,SEASON,SEASON_TYPE,RANGE_LABEL
1630578,Alperen Sengun,1610612745,HOU,22.0,76,71,0.153,96,175,0.549,0.549,0.153,96,175,0.549,0.0,0,0,,2024-25,Regular Season,0-2 Feet - Very Tight
1627826,Ivica Zubac,1610612746,LAC,28.0,80,70,0.17,89,160,0.556,0.556,0.17,89,160,0.556,0.0,0,0,,2024-25,Regular Season,0-2 Feet - Very Tight
203507,Giannis Antetokounmpo,1610612749,MIL,30.0,67,61,0.113,91,149,0.611,0.611,0.113,91,149,0.611,0.0,0,0,,2024-25,Regular Season,0-2 Feet - Very Tight
1627734,Domantas Sabonis,1610612758,SAC,29.0,70,59,0.165,80,147,0.544,0.544,0.165,80,147,0.544,0.0,0,0,,2024-25,Regular Season,0-2 Feet - Very Tight
203999,Nikola Jokić,1610612743,DEN,30.0,70,56,0.086,68,117,0.581,0.581,0.084,68,115,0.591,0.001,0,2,0.0,2024-25,Regular Season,0-2 Feet - Very Tight
1630595,Cade Cunningham,1610612765,DET,23.0,70,58,0.08,45,116,0.388,0.388,0.076,45,110,0.409,0.004,0,6,0.0,2024-25,Regular Season,0-2 Feet - Very Tight
1630532,Franz Wagner,1610612753,ORL,23.0,60,49,0.096,55,112,0.491,0.491,0.096,55,111,0.495,0.001,0,1,0.0,2024-25,Regular Season,0-2 Feet - Very Tight
1630224,Jalen Green,1610612745,HOU,23.0,82,62,0.077,40,111,0.36,0.374,0.072,37,104,0.356,0.005,3,7,0.429,2024-25,Regular Season,0-2 Feet - Very Tight
1628983,Shai Gilgeous-Alexander,1610612760,OKC,26.0,76,53,0.063,46,105,0.438,0.438,0.063,46,105,0.438,0.0,0,0,,2024-25,Regular Season,0-2 Feet - Very Tight
1627759,Jaylen Brown,1610612738,BOS,28.0,63,48,0.093,45,103,0.437,0.437,0.091,45,101,0.446,0.002,0,2,0.0,2024-25,Regular Season,0-2 Feet - Very Tight
2544,LeBron James,1610612747,LAL,40.0,70,50,0.08,59,101,0.584,0.584,0.079,59,100,0.59,0.001,0,1,0.0,2024-25,Regular Season,0-2 Feet - Very Tight
1626157,Karl-Anthony Towns,1610612752,NYK,29.0,71,54,0.081,44,98,0.449,0.449,0.081,44,98,0.449,0.0,0,0,,2024-25,Regular Season,0-2 Feet - Very Tight
1629628,RJ Barrett,1610612761,TOR,25.0,58,43,0.096,37,94,0.394,0.394,0.096,37,94,0.394,0.0,0,0,,2024-25,Regular Season,0-2 Feet - Very Tight
1629651,Nic Claxton,1610612751,BKN,26.0,70,53,0.153,49,87,0.563,0.563,0.153,49,87,0.563,0.0,0,0,,2024-25,Regular Season,0-2 Feet - Very Tight
1631105,Jalen Duren,1610612765,DET,21.0,78,50,0.158,44,86,0.512,0.512,0.158,44,86,0.512,0.0,0,0,,2024-25,Regular Season,0-2 Feet - Very Tight
1629639,Tyler Herro,1610612748,MIA,25.0,77,52,0.062,39,86,0.453,0.494,0.054,32,74,0.432,0.009,7,12,0.583,2024-25,Regular Season,0-2 Feet - Very Tight
1630581,Josh Giddey,1610612741,CHI,22.0,70,47,0.109,36,86,0.419,0.419,0.109,36,86,0.419,0.0,0,0,,2024-25,Regular Season,0-2 Feet - Very Tight
1630596,Evan Mobley,1610612739,CLE,24.0,71,48,0.094,48,85,0.565,0.565,0.094,48,85,0.565,0.0,0,0,,2024-25,Regular Season,0-2 Feet - Very Tight
1628991,Jaren Jackson Jr.,1610612763,MEM,25.0,73,53,0.071,35,85,0.412,0.412,0.071,35,85,0.412,0.0,0,0,,2024-25,Regular Season,0-2 Feet - Very Tight
1627751,Jakob Poeltl,1610612761,TOR,29.0,57,44,0.145,54,84,0.643,0.643,0.145,54,84,0.643,0.0,0,0,,2024-25,Regular Season,0-2 Feet - Very Tight
203897,Zach LaVine,1610612758,SAC,30.0,74,46,0.069,47,84,0.56,0.56,0.069,47,84,0.56,0.0,0,0,,2024-25,Regular Season,0-2 Feet - Very Tight
1628368,De'Aaron Fox,1610612759,SAS,27.0,62,42,0.071,34,83,0.41,0.41,0.07,34,81,0.42,0.002,0,2,0.0,2024-25,Regular Season,0-2 Feet - Very Tight
1630700,Dyson Daniels,1610612737,ATL,22.0,76,50,0.089,39,82,0.476,0.476,0.089,39,82,0.476,0.0,0,0,,2024-25,Regular Season,0-2 Feet - Very Tight
1628970,Miles Bridges,1610612766,CHA,27.0,64,46,0.074,37,81,0.457,0.457,0.073,37,80,0.463,0.001,0,1,0.0,2024-25,Regular Season,0-2 Feet - Very Tight
1631117,Walker Kessler,1610612762,UTA,23.0,58,44,0.188,46,79,0.582,0.582,0.188,46,79,0.582,0.0,0,0,,2024-25,Regular Season,0-2 Feet - Very Tight
1628386,Jarrett Allen,1610612739,CLE,27.0,82,50,0.123,45,79,0.57,0.57,0.123,45,79,0.57,0.0,0,0,,2024-25,Regular Season,0-2 Feet - Very Tight
1642264,Stephon Castle,1610612759,SAS,20.0,81,50,0.079,36,78,0.462,0.462,0.078,36,77,0.468,0.001,0,1,0.0,2024-25,Regular Season,0-2 Feet - Very Tight
1628369,Jayson Tatum,1610612738,BOS,27.0,72,48,0.054,34,78,0.436,0.449,0.05,32,72,0.444,0.004,2,6,0.333,2024-25,Regular Season,0-2 Feet - Very Tight
1629636,Darius Garland,1610612739,CLE,25.0,75,45,0.064,34,75,0.453,0.48,0.057,30,67,0.448,0.007,4,8,0.5,2024-25,Regular Season,0-2 Feet - Very Tight
1626162,Kelly Oubre Jr.,1610612755,PHI,29.0,60,40,0.101,34,75,0.453,0.453,0.1,34,74,0.459,0.001,0,1,0.0,2024-25,Regular Season,0-2 Feet - Very Tight
1642274,Yves Missi,1610612740,NOP,21.0,73,44,0.153,31,75,0.413,0.413,0.153,31,75,0.413,0.0,0,0,,2024-25,Regular Season,0-2 Feet - Very Tight
1630162,Anthony Edwards,1610612750,MIN,23.0,79,44,0.046,33,74,0.446,0.453,0.045,32,72,0.444,0.001,1,2,0.5,2024-25,Regular Season,0-2 Feet - Very Tight
1631101,Shaedon Sharpe,1610612757,POR,22.0,72,39,0.067,33,74,0.446,0.446,0.063,33,69,0.478,0.005,0,5,0.0,2024-25,Regular Season,0-2 Feet - Very Tight
203076,Anthony Davis,1610612742,DAL,32.0,51,40,0.08,39,73,0.534,0.534,0.08,39,73,0.534,0.0,0,0,,2024-25,Regular Season,0-2 Feet - Very Tight
1629627,Zion Williamson,1610612740,NOP,24.0,30,28,0.144,33,73,0.452,0.452,0.144,33,73,0.452,0.0,0,0,,2024-25,Regular Season,0-2 Feet - Very Tight
1629012,Collin Sexton,1610612762,UTA,26.0,63,43,0.084,31,73,0.425,0.425,0.083,31,72,0.431,0.001,0,1,0.0,2024-25,Regular Season,0-2 Feet - Very Tight
1629008,Michael Porter Jr.,1610612743,DEN,27.0,77,54,0.07,35,72,0.486,0.514,0.061,31,63,0.492,0.009,4,9,0.444,2024-25,Regular Season,0-2 Feet - Very Tight
203081,Damian Lillard,1610612749,MIL,34.0,58,39,0.073,26,72,0.361,0.382,0.057,23,57,0.404,0.015,3,15,0.2,2024-25,Regular Season,0-2 Feet - Very Tight
1627783,Pascal Siakam,1610612754,IND,31.0,78,45,0.06,37,71,0.521,0.521,0.06,37,71,0.521,0.0,0,0,,2024-25,Regular Season,0-2 Feet - Very Tight
1642270,Donovan Clingan,1610612757,POR,21.0,67,45,0.213,33,71,0.465,0.465,0.213,33,71,0.465,0.0,0,0,,2024-25,Regular Season,0-2 Feet - Very Tight
203952,Andrew Wiggins,1610612748,MIA,30.0,60,43,0.085,32,71,0.451,0.451,0.085,32,71,0.451,0.0,0,0,,2024-25,Regular Season,0-2 Feet - Very Tight
201942,DeMar DeRozan,1610612758,SAC,35.0,77,44,0.053,38,69,0.551,0.551,0.051,38,67,0.567,0.002,0,2,0.0,2024-25,Regular Season,0-2 Feet - Very Tight
1629673,Jordan Poole,1610612764,WAS,26.0,68,45,0.065,25,69,0.362,0.399,0.047,20,50,0.4,0.018,5,19,0.263,2024-25,Regular Season,0-2 Feet - Very Tight
1627750,Jamal Murray,1610612743,DEN,28.0,67,40,0.062,22,69,0.319,0.319,0.061,22,67,0.328,0.002,0,2,0.0,2024-25,Regular Season,0-2 Feet - Very Tight
1629048,Goga Bitadze,1610612753,ORL,25.0,70,38,0.201,40,68,0.588,0.588,0.201,40,68,0.588,0.0,0,0,,2024-25,Regular Season,0-2 Feet - Very Tight
1630567,Scottie Barnes,1610612761,TOR,23.0,65,43,0.064,39,68,0.574,0.574,0.064,39,68,0.574,0.0,0,0,,2024-25,Regular Season,0-2 Feet - Very Tight
1626164,Devin Booker,1610612756,PHX,28.0,75,42,0.048,27,68,0.397,0.441,0.042,21,59,0.356,0.006,6,9,0.667,2024-25,Regular Season,0-2 Feet - Very Tight
1631128,Christian Braun,1610612743,DEN,24.0,79,46,0.084,25,68,0.368,0.368,0.084,25,68,0.368,0.0,0,0,,2024-25,Regular Season,0-2 Feet - Very Tight
1630559,Austin Reaves,1610612747,LAL,27.0,73,47,0.064,28,66,0.424,0.439,0.057,26,59,0.441,0.007,2,7,0.286,2024-25,Regular Season,0-2 Feet - Very Tight
1628404,Josh Hart,1610612752,NYK,30.0,76,40,0.085,35,65,0.538,0.538,0.084,35,64,0.547,0.001,0,1,0.0,2024-25,Regular Season,0-2 Feet - Very Tight
202696,Nikola Vucevic,1610612741,CHI,34.0,73,43,0.063,33,65,0.508,0.508,0.063,33,65,0.508,0.0,0,0,,2024-25,Regular Season,0-2 Feet - Very Tight
1641705,Victor Wembanyama,1610612759,SAS,21.0,46,37,0.075,37,64,0.578,0.578,0.075,37,64,0.578,0.0,0,0,,2024-25,Regular Season,0-2 Feet - Very Tight
201566,Russell Westbrook,1610612743,DEN,36.0,75,43,0.079,30,64,0.469,0.469,0.079,30,64,0.469,0.0,0,0,,2024-25,Regular Season,0-2 Feet - Very Tight
202681,Kyrie Irving,1610612742,DAL,33.0,50,36,0.068,26,64,0.406,0.406,0.068,26,64,0.406,0.0,0,0,,2024-25,Regular Season,0-2 Feet - Very Tight
1641744,Zach Edey,1610612763,MEM,23.0,65,41,0.147,33,63,0.524,0.524,0.147,33,63,0.524,0.0,0,0,,2024-25,Regular Season,0-2 Feet - Very Tight
1631114,Jalen Williams,1610612760,OKC,24.0,69,42,0.054,23,63,0.365,0.365,0.054,23,63,0.365,0.0,0,0,,2024-25,Regular Season,0-2 Feet - Very Tight
1629655,Daniel Gafford,1610612742,DAL,26.0,57,40,0.154,40,62,0.645,0.645,0.154,40,62,0.645,0.0,0,0,,2024-25,Regular Season,0-2 Feet - Very Tight
1630163,LaMelo Ball,1610612766,CHA,23.0,47,33,0.062,28,62,0.452,0.476,0.055,25,55,0.455,0.007,3,7,0.429,2024-25,Regular Season,0-2 Feet - Very Tight
1629630,Ja Morant,1610612763,MEM,25.0,49,34,0.072,25,62,0.403,0.411,0.07,24,61,0.393,0.001,1,1,1.0,2024-25,Regular Season,0-2 Feet - Very Tight
1629014,Anfernee Simons,1610612757,POR,26.0,70,42,0.055,20,62,0.323,0.355,0.047,16,53,0.302,0.008,4,9,0.444,2024-25,Regular Season,0-2 Feet - Very Tight
1642258,Zaccharie Risacher,1610612737,ATL,20.0,75,40,0.078,28,61,0.459,0.459,0.077,28,60,0.467,0.001,0,1,0.0,2024-25,Regular Season,0-2 Feet - Very Tight
1628384,OG Anunoby,1610612752,NYK,27.0,73,39,0.06,24,61,0.393,0.393,0.06,24,61,0.393,0.0,0,0,,2024-25,Regular Season,0-2 Feet - Very Tight
1630553,Keon Johnson,1610612751,BKN,23.0,79,37,0.078,24,61,0.393,0.402,0.073,23,57,0.404,0.005,1,4,0.25,2024-25,Regular Season,0-2 Feet - Very Tight
1631097,Bennedict Mathurin,1610612754,IND,23.0,72,39,0.072,24,61,0.393,0.393,0.07,24,60,0.4,0.001,0,1,0.0,2024-25,Regular Season,0-2 Feet - Very Tight
1628370,Malik Monk,1610612758,SAC,27.0,65,41,0.064,28,60,0.467,0.467,0.062,28,58,0.483,0.002,0,2,0.0,2024-25,Regular Season,0-2 Feet - Very Tight
1630166,Deni Avdija,1610612757,POR,24.0,72,42,0.071,24,60,0.4,0.4,0.071,24,60,0.4,0.0,0,0,,2024-25,Regular Season,0-2 Feet - Very Tight
1641708,Amen Thompson,1610612745,HOU,22.0,69,42,0.085,34,59,0.576,0.576,0.085,34,59,0.576,0.0,0,0,,2024-25,Regular Season,0-2 Feet - Very Tight
203991,Clint Capela,1610612737,ATL,31.0,55,34,0.151,28,59,0.475,0.475,0.151,28,59,0.475,0.0,0,0,,2024-25,Regular Season,0-2 Feet - Very Tight
1630228,Jonathan Kuminga,1610612744,GSW,22.0,47,36,0.104,27,59,0.458,0.458,0.104,27,59,0.458,0.0,0,0,,2024-25,Regular Season,0-2 Feet - Very Tight
1628381,John Collins,1610612762,UTA,27.0,40,32,0.111,25,59,0.424,0.432,0.109,24,58,0.414,0.002,1,1,1.0,2024-25,Regular Season,0-2 Feet - Very Tight
1630217,Desmond Bane,1610612753,ORL,27.0,68,37,0.058,23,58,0.397,0.397,0.056,23,56,0.411,0.002,0,2,0.0,2024-25,Regular Season,0-2 Feet - Very Tight
1628398,Kyle Kuzma,1610612749,MIL,29.0,65,36,0.068,20,58,0.345,0.345,0.068,20,58,0.345,0.0,0,0,,2024-25,Regular Season,0-2 Feet - Very Tight
1641739,Toumani Camara,1610612757,POR,25.0,78,40,0.081,18,58,0.31,0.31,0.081,18,58,0.31,0.0,0,0,,2024-25,Regular Season,0-2 Feet - Very Tight
1629640,Keldon Johnson,1610612759,SAS,25.0,77,41,0.074,31,57,0.544,0.544,0.074,31,57,0.544,0.0,0,0,,2024-25,Regular Season,0-2 Feet - Very Tight
201939,Stephen Curry,1610612744,GSW,37.0,70,38,0.045,29,57,0.509,0.535,0.041,26,51,0.51,0.005,3,6,0.5,2024-25,Regular Season,0-2 Feet - Very Tight
1631106,Tari Eason,1610612745,HOU,24.0,57,41,0.102,28,57,0.491,0.491,0.102,28,57,0.491,0.0,0,0,,2024-25,Regular Season,0-2 Feet - Very Tight
1630590,Scotty Pippen Jr.,1610612763,MEM,24.0,78,38,0.096,21,57,0.368,0.368,0.096,21,57,0.368,0.0,0,0,,2024-25,Regular Season,0-2 Feet - Very Tight
1631109,Mark Williams,1610612766,CHA,23.0,44,25,0.125,29,56,0.518,0.518,0.125,29,56,0.518,0.0,0,0,,2024-25,Regular Season,0-2 Feet - Very Tight
1628389,Bam Adebayo,1610612748,MIA,27.0,78,38,0.05,29,56,0.518,0.518,0.05,29,56,0.518,0.0,0,0,,2024-25,Regular Season,0-2 Feet - Very Tight
1628973,Jalen Brunson,1610612752,NYK,28.0,64,34,0.048,28,56,0.5,0.5,0.046,28,54,0.519,0.002,0,2,0.0,2024-25,Regular Season,0-2 Feet - Very Tight
1627736,Malik Beasley,1610612765,DET,28.0,82,41,0.052,21,56,0.375,0.438,0.034,14,36,0.389,0.019,7,20,0.35,2024-25,Regular Season,0-2 Feet - Very Tight
1628436,Luke Kornet,1610612738,BOS,29.0,73,39,0.197,36,55,0.655,0.655,0.197,36,55,0.655,0.0,0,0,,2024-25,Regular Season,0-2 Feet - Very Tight
202685,Jonas Valančiūnas,1610612758,SAC,33.0,81,41,0.088,33,55,0.6,0.6,0.088,33,55,0.6,0.0,0,0,,2024-25,Regular Season,0-2 Feet - Very Tight
1630183,Jaden McDaniels,1610612750,MIN,24.0,82,43,0.066,29,55,0.527,0.527,0.066,29,55,0.527,0.0,0,0,,2024-25,Regular Season,0-2 Feet - Very Tight
203468,CJ McCollum,1610612740,NOP,33.0,56,34,0.055,21,55,0.382,0.4,0.049,19,49,0.388,0.006,2,6,0.333,2024-25,Regular Season,0-2 Feet - Very Tight
203932,Aaron Gordon,1610612743,DEN,29.0,51,30,0.109,25,54,0.463,0.463,0.109,25,54,0.463,0.0,0,0,,2024-25,Regular Season,0-2 Feet - Very Tight
1630208,Nick Richards,1610612756,PHX,27.0,57,29,0.156,25,54,0.463,0.463,0.156,25,54,0.463,0.0,0,0,,2024-25,Regular Season,0-2 Feet - Very Tight
1629632,Coby White,1610612741,CHI,25.0,74,35,0.048,25,54,0.463,0.481,0.044,23,49,0.469,0.004,2,5,0.4,2024-25,Regular Season,0-2 Feet - Very Tight
1628378,Donovan Mitchell,1610612739,CLE,28.0,71,42,0.041,16,54,0.296,0.306,0.036,15,48,0.313,0.005,1,6,0.167,2024-25,Regular Season,0-2 Feet - Very Tight
202699,Tobias Harris,1610612765,DET,32.0,73,35,0.066,26,53,0.491,0.491,0.066,26,53,0.491,0.0,0,0,,2024-25,Regular Season,0-2 Feet - Very Tight
1631170,Jaime Jaquez Jr.,1610612748,MIA,24.0,66,37,0.115,23,53,0.434,0.434,0.115,23,53,0.434,0.0,0,0,,2024-25,Regular Season,0-2 Feet - Very Tight
202710,Jimmy Butler III,1610612744,GSW,35.0,55,34,0.089,22,53,0.415,0.415,0.089,22,53,0.415,0.0,0,0,,2024-25,Regular Season,0-2 Feet - Very Tight
1631110,Jeremy Sochan,1610612759,SAS,22.0,54,31,0.111,29,52,0.558,0.558,0.111,29,52,0.558,0.0,0,0,,2024-25,Regular Season,0-2 Feet - Very Tight
1626181,Norman Powell,1610612746,LAC,32.0,60,32,0.054,25,51,0.49,0.51,0.051,23,48,0.479,0.003,2,3,0.667,2024-25,Regular Season,0-2 Feet - Very Tight
1629060,Rui Hachimura,1610612747,LAL,27.0,59,35,0.089,24,51,0.471,0.471,0.089,24,51,0.471,0.0,0,0,,2024-25,Regular Season,0-2 Feet - Very Tight
1630168,Onyeka Okongwu,1610612737,ATL,24.0,74,36,0.075,23,51,0.451,0.451,0.075,23,51,0.451,0.0,0,0,,2024-25,Regular Season,0-2 Feet - Very Tight
201935,James Harden,1610612746,LAC,35.0,79,35,0.039,19,51,0.373,0.392,0.036,17,46,0.37,0.004,2,5,0.4,2024-25,Regular Season,0-2 Feet - Very Tight
203497,Rudy Gobert,1610612750,MIN,33.0,72,33,0.098,32,50,0.64,0.64,0.098,32,50,0.64,0.0,0,0,,2024-25,Regular Season,0-2 Feet - Very Tight
1630549,Day'Ron Sharpe,1610612751,BKN,23.0,50,30,0.158,27,50,0.54,0.54,0.158,27,50,0.54,0.0,0,0,,2024-25,Regular Season,0-2 Feet - Very Tight
1641731,Bilal Coulibaly,1610612764,WAS,20.0,59,34,0.08,26,50,0.52,0.52,0.08,26,50,0.52,0.0,0,0,,2024-25,Regular Season,0-2 Feet - Very Tight
1629027,Trae Young,1610612737,ATL,26.0,76,35,0.036,23,50,0.46,0.46,0.033,23,46,0.5,0.003,0,4,0.0,2024-25,Regular Season,0-2 Feet - Very Tight
1641709,Ausar Thompson,1610612765,DET,22.0,59,33,0.107,23,49,0.469,0.469,0.107,23,49,0.469,0.0,0,0,,2024-25,Regular Season,0-2 Feet - Very Tight
1630703,Scoot Henderson,1610612757,POR,21.0,66,34,0.072,19,49,0.388,0.388,0.072,19,49,0.388,0.0,0,0,,2024-25,Regular Season,0-2 Feet - Very Tight
203944,Julius Randle,1610612750,MIN,30.0,69,33,0.052,19,49,0.388,0.388,0.052,19,49,0.388,0.0,0,0,,2024-25,Regular Season,0-2 Feet - Very Tight
1630230,Naji Marshall,1610612742,DAL,27.0,69,28,0.067,25,48,0.521,0.521,0.067,25,48,0.521,0.0,0,0,,2024-25,Regular Season,0-2 Feet - Very Tight
1642271,Kyle Filipowski,1610612762,UTA,21.0,72,34,0.093,25,48,0.521,0.521,0.093,25,48,0.521,0.0,0,0,,2024-25,Regular Season,0-2 Feet - Very Tight
1629661,Cameron Johnson,1610612751,BKN,29.0,57,31,0.064,21,48,0.438,0.448,0.059,20,44,0.455,0.005,1,4,0.25,2024-25,Regular Season,0-2 Feet - Very Tight
1628969,Mikal Bridges,1610612752,NYK,28.0,81,30,0.04,29,47,0.617,0.617,0.038,29,45,0.644,0.002,0,2,0.0,2024-25,Regular Season,0-2 Feet - Very Tight
1629656,Quentin Grimes,1610612755,PHI,25.0,75,29,0.057,24,47,0.511,0.511,0.056,24,46,0.522,0.001,0,1,0.0,2024-25,Regular Season,0-2 Feet - Very Tight
1629675,Naz Reid,1610612750,MIN,25.0,80,37,0.051,22,47,0.468,0.468,0.051,22,47,0.468,0.0,0,0,,2024-25,Regular Season,0-2 Feet - Very Tight
1630178,Tyrese Maxey,1610612755,PHI,24.0,52,32,0.043,16,47,0.34,0.34,0.043,16,47,0.34,0.0,0,0,,2024-25,Regular Season,0-2 Feet - Very Tight
1631094,Paolo Banchero,1610612753,ORL,22.0,46,27,0.052,13,47,0.277,0.277,0.052,13,47,0.277,0.0,0,0,,2024-25,Regular Season,0-2 Feet - Very Tight
204456,T.J. McConnell,1610612754,IND,33.0,79,35,0.074,22,46,0.478,0.478,0.074,22,46,0.478,0.0,0,0,,2024-25,Regular Season,0-2 Feet - Very Tight
1641710,Anthony Black,1610612753,ORL,21.0,78,33,0.074,18,46,0.391,0.391,0.074,18,46,0.391,0.0,0,0,,2024-25,Regular Season,0-2 Feet - Very Tight
1642259,Alex Sarr,1610612764,WAS,20.0,67,27,0.056,17,46,0.37,0.37,0.056,17,46,0.37,0.0,0,0,,2024-25,Regular Season,0-2 Feet - Very Tight
1631218,Trayce Jackson-Davis,1610612744,GSW,25.0,62,31,0.152,16,46,0.348,0.348,0.152,16,46,0.348,0.0,0,0,,2024-25,Regular Season,0-2 Feet - Very Tight
1631217,Moussa Diabate,1610612766,CHA,23.0,71,32,0.161,23,45,0.511,0.511,0.161,23,45,0.511,0.0,0,0,,2024-25,Regular Season,0-2 Feet - Very Tight
203078,Bradley Beal,1610612756,PHX,32.0,53,29,0.065,22,45,0.489,0.489,0.065,22,45,0.489,0.0,0,0,,2024-25,Regular Season,0-2 Feet - Very Tight
1641718,Keyonte George,1610612762,UTA,21.0,67,31,0.049,17,45,0.378,0.378,0.042,17,39,0.436,0.007,0,6,0.0,2024-25,Regular Season,0-2 Feet - Very Tight
1630170,Devin Vassell,1610612759,SAS,24.0,64,32,0.051,16,45,0.356,0.367,0.048,15,43,0.349,0.002,1,2,0.5,2024-25,Regular Season,0-2 Feet - Very Tight
201572,Brook Lopez,1610612749,MIL,37.0,80,30,0.057,28,44,0.636,0.636,0.057,28,44,0.636,0.0,0,0,,2024-25,Regular Season,0-2 Feet - Very Tight
1630598,Aaron Wiggins,1610612760,OKC,26.0,76,31,0.06,27,44,0.614,0.614,0.06,27,44,0.614,0.0,0,0,,2024-25,Regular Season,0-2 Feet - Very Tight
201950,Jrue Holiday,1610612738,BOS,35.0,62,28,0.078,20,44,0.455,0.455,0.076,20,43,0.465,0.002,0,1,0.0,2024-25,Regular Season,0-2 Feet - Very Tight
1628976,Wendell Carter Jr.,1610612753,ORL,26.0,68,36,0.09,20,44,0.455,0.455,0.09,20,44,0.455,0.0,0,0,,2024-25,Regular Season,0-2 Feet - Very Tight
1629023,P.J. Washington,1610612742,DAL,26.0,57,28,0.066,18,44,0.409,0.409,0.065,18,43,0.419,0.002,0,1,0.0,2024-25,Regular Season,0-2 Feet - Very Tight
1630625,Dalano Banton,1610612757,POR,25.0,67,26,0.087,16,44,0.364,0.364,0.087,16,44,0.364,0.0,0,0,,2024-25,Regular Season,0-2 Feet - Very Tight
1642266,Ja'Kobe Walter,1610612761,TOR,20.0,52,27,0.112,13,44,0.295,0.295,0.112,13,44,0.295,0.0,0,0,,2024-25,Regular Season,0-2 Feet - Very Tight
1630530,Trey Murphy III,1610612740,NOP,25.0,53,31,0.051,24,43,0.558,0.558,0.051,24,43,0.558,0.0,0,0,,2024-25,Regular Season,0-2 Feet - Very Tight
203084,Harrison Barnes,1610612759,SAS,33.0,82,36,0.063,17,43,0.395,0.395,0.063,17,43,0.395,0.0,0,0,,2024-25,Regular Season,0-2 Feet - Very Tight
203924,Jerami Grant,1610612757,POR,31.0,47,27,0.075,12,43,0.279,0.279,0.073,12,42,0.286,0.002,0,1,0.0,2024-25,Regular Season,0-2 Feet - Very Tight
1630169,Tyrese Haliburton,1610612754,IND,25.0,73,30,0.042,23,42,0.548,0.571,0.039,21,39,0.538,0.003,2,3,0.667,2024-25,Regular Season,0-2 Feet - Very Tight
1626167,Myles Turner,1610612754,IND,29.0,72,30,0.052,19,42,0.452,0.452,0.052,19,42,0.452,0.0,0,0,,2024-25,Regular Season,0-2 Feet - Very Tight
1629029,Luka Doncic,1610612747,LAL,26.0,50,30,0.041,16,42,0.381,0.393,0.04,15,41,0.366,0.001,1,1,1.0,2024-25,Regular Season,0-2 Feet - Very Tight
1631099,Keegan Murray,1610612758,SAC,24.0,76,30,0.05,28,41,0.683,0.683,0.05,28,41,0.683,0.0,0,0,,2024-25,Regular Season,0-2 Feet - Very Tight
1630215,Jared Butler,1610612755,PHI,24.0,60,24,0.091,23,41,0.561,0.561,0.091,23,41,0.561,0.0,0,0,,2024-25,Regular Season,0-2 Feet - Very Tight
1627884,Derrick Jones Jr.,1610612746,LAC,28.0,77,31,0.07,23,41,0.561,0.561,0.07,23,41,0.561,0.0,0,0,,2024-25,Regular Season,0-2 Feet - Very Tight
1641717,Cason Wallace,1610612760,OKC,21.0,68,29,0.084,23,41,0.561,0.561,0.084,23,41,0.561,0.0,0,0,,2024-25,Regular Season,0-2 Feet - Very Tight
1641783,Tristan da Silva,1610612753,ORL,24.0,74,27,0.085,15,41,0.366,0.366,0.085,15,41,0.366,0.0,0,0,,2024-25,Regular Season,0-2 Feet - Very Tight
1629634,Brandon Clarke,1610612763,MEM,28.0,63,28,0.106,25,40,0.625,0.625,0.106,25,40,0.625,0.0,0,0,,2024-25,Regular Season,0-2 Feet - Very Tight
204001,Kristaps Porziņģis,1610612738,BOS,29.0,42,24,0.072,22,40,0.55,0.55,0.072,22,40,0.55,0.0,0,0,,2024-25,Regular Season,0-2 Feet - Very Tight
1630191,Isaiah Stewart,1610612765,DET,24.0,72,33,0.127,19,40,0.475,0.475,0.127,19,40,0.475,0.0,0,0,,2024-25,Regular Season,0-2 Feet - Very Tight
1627747,Caris LeVert,1610612737,ATL,30.0,64,29,0.067,19,40,0.475,0.475,0.067,19,40,0.475,0.0,0,0,,2024-25,Regular Season,0-2 Feet - Very Tight
1628392,Isaiah Hartenstein,1610612760,OKC,27.0,57,27,0.084,15,40,0.375,0.375,0.084,15,40,0.375,0.0,0,0,,2024-25,Regular Season,0-2 Feet - Very Tight
1629660,Ty Jerome,1610612739,CLE,27.0,70,29,0.063,21,39,0.538,0.538,0.061,21,38,0.553,0.002,0,1,0.0,2024-25,Regular Season,0-2 Feet - Very Tight
203994,Jusuf Nurkić,1610612766,CHA,30.0,51,27,0.111,20,39,0.513,0.513,0.111,20,39,0.513,0.0,0,0,,2024-25,Regular Season,0-2 Feet - Very Tight
201142,Kevin Durant,1610612756,PHX,36.0,62,30,0.035,15,39,0.385,0.385,0.034,15,38,0.395,0.001,0,1,0.0,2024-25,Regular Season,0-2 Feet - Very Tight
1631096,Chet Holmgren,1610612760,OKC,23.0,32,20,0.111,21,38,0.553,0.553,0.111,21,38,0.553,0.0,0,0,,2024-25,Regular Season,0-2 Feet - Very Tight
1628380,Zach Collins,1610612741,CHI,27.0,64,28,0.126,20,38,0.526,0.526,0.126,20,38,0.526,0.0,0,0,,2024-25,Regular Season,0-2 Feet - Very Tight
1630570,Trendon Watford,1610612751,BKN,24.0,44,24,0.109,18,38,0.474,0.474,0.109,18,38,0.474,0.0,0,0,,2024-25,Regular Season,0-2 Feet - Very Tight
1627763,Malcolm Brogdon,1610612764,WAS,32.0,24,20,0.158,18,38,0.474,0.474,0.158,18,38,0.474,0.0,0,0,,2024-25,Regular Season,0-2 Feet - Very Tight
1627741,Buddy Hield,1610612744,GSW,32.0,82,28,0.048,18,38,0.474,0.513,0.036,15,28,0.536,0.013,3,10,0.3,2024-25,Regular Season,0-2 Feet - Very Tight
1630552,Jalen Johnson,1610612737,ATL,23.0,36,29,0.071,18,38,0.474,0.474,0.071,18,38,0.474,0.0,0,0,,2024-25,Regular Season,0-2 Feet - Very Tight
1631200,Kris Murray,1610612757,POR,24.0,69,31,0.136,15,38,0.395,0.395,0.136,15,38,0.395,0.0,0,0,,2024-25,Regular Season,0-2 Feet - Very Tight
1631212,Peyton Watson,1610612743,DEN,22.0,68,26,0.088,20,37,0.541,0.541,0.088,20,37,0.541,0.0,0,0,,2024-25,Regular Season,0-2 Feet - Very Tight
1642347,Jamal Shead,1610612761,TOR,22.0,75,31,0.074,20,37,0.541,0.541,0.074,20,37,0.541,0.0,0,0,,2024-25,Regular Season,0-2 Feet - Very Tight
203915,Spencer Dinwiddie,1610612742,DAL,32.0,79,32,0.054,18,37,0.486,0.5,0.05,17,34,0.5,0.004,1,3,0.333,2024-25,Regular Season,0-2 Feet - Very Tight
1629234,Drew Eubanks,1610612746,LAC,28.0,61,25,0.191,16,37,0.432,0.432,0.191,16,37,0.432,0.0,0,0,,2024-25,Regular Season,0-2 Feet - Very Tight
1629674,Neemias Queta,1610612738,BOS,25.0,62,23,0.187,15,37,0.405,0.405,0.187,15,37,0.405,0.0,0,0,,2024-25,Regular Season,0-2 Feet - Very Tight
1630557,Corey Kispert,1610612764,WAS,26.0,61,25,0.065,12,37,0.324,0.324,0.06,12,34,0.353,0.005,0,3,0.0,2024-25,Regular Season,0-2 Feet - Very Tight
1628415,Dillon Brooks,1610612745,HOU,29.0,75,29,0.041,9,37,0.243,0.243,0.041,9,37,0.243,0.0,0,0,,2024-25,Regular Season,0-2 Feet - Very Tight
1628401,Derrick White,1610612738,BOS,30.0,76,31,0.038,22,36,0.611,0.625,0.036,21,35,0.6,0.001,1,1,1.0,2024-25,Regular Season,0-2 Feet - Very Tight
1630173,Precious Achiuwa,1610612752,NYK,25.0,56,25,0.111,17,36,0.472,0.472,0.111,17,36,0.472,0.0,0,0,,2024-25,Regular Season,0-2 Feet - Very Tight
1626171,Bobby Portis,1610612749,MIL,30.0,49,27,0.061,16,36,0.444,0.444,0.061,16,36,0.444,0.0,0,0,,2024-25,Regular Season,0-2 Feet - Very Tight
1642261,Dalton Knecht,1610612747,LAL,24.0,78,28,0.065,15,36,0.417,0.417,0.057,15,32,0.469,0.007,0,4,0.0,2024-25,Regular Season,0-2 Feet - Very Tight
1630534,Ochai Agbaji,1610612761,TOR,25.0,64,26,0.067,15,36,0.417,0.417,0.067,15,36,0.417,0.0,0,0,,2024-25,Regular Season,0-2 Feet - Very Tight
1630175,Cole Anthony,1610612763,MEM,25.0,67,27,0.066,15,36,0.417,0.417,0.066,15,36,0.417,0.0,0,0,,2024-25,Regular Season,0-2 Feet - Very Tight
1630172,Patrick Williams,1610612741,CHI,23.0,63,25,0.07,12,36,0.333,0.333,0.068,12,35,0.343,0.002,0,1,0.0,2024-25,Regular Season,0-2 Feet - Very Tight
1642276,Kel'el Ware,1610612748,MIA,21.0,64,29,0.075,21,35,0.6,0.6,0.075,21,35,0.6,0.0,0,0,,2024-25,Regular Season,0-2 Feet - Very Tight
1627824,Guerschon Yabusele,1610612755,PHI,29.0,70,22,0.062,20,35,0.571,0.571,0.062,20,35,0.571,0.0,0,0,,2024-25,Regular Season,0-2 Feet - Very Tight
1626172,Kevon Looney,1610612744,GSW,29.0,76,28,0.127,15,35,0.429,0.429,0.127,15,35,0.429,0.0,0,0,,2024-25,Regular Season,0-2 Feet - Very Tight
1642268,Isaiah Collier,1610612762,UTA,20.0,71,27,0.063,12,35,0.343,0.343,0.063,12,35,0.343,0.0,0,0,,2024-25,Regular Season,0-2 Feet - Very Tight
203471,Dennis Schröder,1610612765,DET,31.0,75,24,0.042,11,35,0.314,0.314,0.042,11,35,0.314,0.0,0,0,,2024-25,Regular Season,0-2 Feet - Very Tight
1630540,Miles McBride,1610612752,NYK,24.0,63,27,0.065,5,35,0.143,0.157,0.058,4,31,0.129,0.007,1,4,0.25,2024-25,Regular Season,0-2 Feet - Very Tight
1629637,Jaxson Hayes,1610612747,LAL,25.0,56,25,0.152,19,34,0.559,0.559,0.152,19,34,0.559,0.0,0,0,,2024-25,Regular Season,0-2 Feet - Very Tight
1630541,Moses Moody,1610612744,GSW,23.0,74,29,0.06,15,34,0.441,0.441,0.06,15,34,0.441,0.0,0,0,,2024-25,Regular Season,0-2 Feet - Very Tight
1641824,Matas Buzelis,1610612741,CHI,20.0,80,24,0.061,14,34,0.412,0.412,0.061,14,34,0.412,0.0,0,0,,2024-25,Regular Season,0-2 Feet - Very Tight
1630245,Ayo Dosunmu,1610612741,CHI,25.0,46,25,0.073,16,33,0.485,0.485,0.073,16,33,0.485,0.0,0,0,,2024-25,Regular Season,0-2 Feet - Very Tight
1629631,De'Andre Hunter,1610612739,CLE,27.0,64,23,0.043,15,33,0.455,0.455,0.042,15,32,0.469,0.001,0,1,0.0,2024-25,Regular Season,0-2 Feet - Very Tight
1630583,Santi Aldama,1610612763,MEM,24.0,64,23,0.052,15,33,0.455,0.455,0.052,15,33,0.455,0.0,0,0,,2024-25,Regular Season,0-2 Feet - Very Tight
1631124,Julian Strawther,1610612743,DEN,23.0,65,26,0.068,17,32,0.531,0.531,0.064,17,30,0.567,0.004,0,2,0.0,2024-25,Regular Season,0-2 Feet - Very Tight
1631115,Orlando Robinson,1610612761,TOR,24.0,44,23,0.123,15,32,0.469,0.469,0.123,15,32,0.469,0.0,0,0,,2024-25,Regular Season,0-2 Feet - Very Tight
1629645,Kevin Porter Jr.,1610612749,MIL,25.0,75,25,0.049,13,32,0.406,0.406,0.044,13,29,0.448,0.005,0,3,0.0,2024-25,Regular Season,0-2 Feet - Very Tight
1630533,Ziaire Williams,1610612751,BKN,23.0,63,23,0.062,13,32,0.406,0.406,0.062,13,32,0.406,0.0,0,0,,2024-25,Regular Season,0-2 Feet - Very Tight
203083,Andre Drummond,1610612755,PHI,31.0,40,20,0.132,19,31,0.613,0.613,0.132,19,31,0.613,0.0,0,0,,2024-25,Regular Season,0-2 Feet - Very Tight
1630202,Payton Pritchard,1610612738,BOS,27.0,80,24,0.036,17,31,0.548,0.548,0.036,17,31,0.548,0.0,0,0,,2024-25,Regular Season,0-2 Feet - Very Tight
1631133,Jabari Walker,1610612757,POR,22.0,60,22,0.135,17,31,0.548,0.548,0.135,17,31,0.548,0.0,0,0,,2024-25,Regular Season,0-2 Feet - Very Tight
1641764,Brandin Podziemski,1610612744,GSW,22.0,64,20,0.049,15,31,0.484,0.484,0.048,15,30,0.5,0.002,0,1,0.0,2024-25,Regular Season,0-2 Feet - Very Tight
1628449,Chris Boucher,1610612761,TOR,32.0,50,24,0.084,14,31,0.452,0.452,0.084,14,31,0.452,0.0,0,0,,2024-25,Regular Season,0-2 Feet - Very Tight
1630560,Cam Thomas,1610612751,BKN,23.0,25,15,0.068,11,31,0.355,0.387,0.051,9,23,0.391,0.018,2,8,0.25,2024-25,Regular Season,0-2 Feet - Very Tight
1630577,Julian Champagnie,1610612759,SAS,24.0,82,25,0.047,8,31,0.258,0.258,0.045,8,30,0.267,0.002,0,1,0.0,2024-25,Regular Season,0-2 Feet - Very Tight
1630188,Jalen Smith,1610612741,CHI,25.0,64,23,0.074,20,30,0.667,0.667,0.074,20,30,0.667,0.0,0,0,,2024-25,Regular Season,0-2 Feet - Very Tight
1630167,Obi Toppin,1610612754,IND,27.0,79,28,0.05,19,30,0.633,0.633,0.05,19,30,0.633,0.0,0,0,,2024-25,Regular Season,0-2 Feet - Very Tight
1626179,Terry Rozier,1610612748,MIA,31.0,64,22,0.047,16,30,0.533,0.533,0.046,16,29,0.552,0.002,0,1,0.0,2024-25,Regular Season,0-2 Feet - Very Tight
1628374,Lauri Markkanen,1610612762,UTA,28.0,47,22,0.043,14,30,0.467,0.467,0.041,14,29,0.483,0.001,0,1,0.0,2024-25,Regular Season,0-2 Feet - Very Tight
1641737,Adem Bona,1610612755,PHI,22.0,58,19,0.156,11,30,0.367,0.367,0.156,11,30,0.367,0.0,0,0,,2024-25,Regular Season,0-2 Feet - Very Tight
1631108,Max Christie,1610612742,DAL,22.0,78,25,0.051,8,30,0.267,0.267,0.048,8,28,0.286,0.003,0,2,0.0,2024-25,Regular Season,0-2 Feet - Very Tight
203500,Steven Adams,1610612745,HOU,31.0,58,21,0.174,18,29,0.621,0.621,0.174,18,29,0.621,0.0,0,0,,2024-25,Regular Season,0-2 Feet - Very Tight
1630551,Justin Champagnie,1610612764,WAS,24.0,62,21,0.071,17,29,0.586,0.586,0.071,17,29,0.586,0.0,0,0,,2024-25,Regular Season,0-2 Feet - Very Tight
1641842,Ronald Holland II,1610612765,DET,19.0,81,23,0.07,15,29,0.517,0.517,0.07,15,29,0.517,0.0,0,0,,2024-25,Regular Season,0-2 Feet - Very Tight
1629611,Terance Mann,1610612737,ATL,28.0,67,22,0.07,15,29,0.517,0.517,0.07,15,29,0.517,0.0,0,0,,2024-25,Regular Season,0-2 Feet - Very Tight
1642272,Jared McCain,1610612755,PHI,21.0,23,15,0.106,12,29,0.414,0.414,0.106,12,29,0.414,0.0,0,0,,2024-25,Regular Season,0-2 Feet - Very Tight
1641722,Jordan Hawkins,1610612740,NOP,23.0,56,22,0.052,8,29,0.276,0.362,0.032,3,18,0.167,0.02,5,11,0.455,2024-25,Regular Season,0-2 Feet - Very Tight
1641741,Ricky Council IV,1610612755,PHI,23.0,73,21,0.063,8,29,0.276,0.276,0.063,8,29,0.276,0.0,0,0,,2024-25,Regular Season,0-2 Feet - Very Tight
1631104,Blake Wesley,1610612759,SAS,22.0,58,25,0.151,15,28,0.536,0.536,0.145,15,27,0.556,0.005,0,1,0.0,2024-25,Regular Season,0-2 Feet - Very Tight
1630200,Tre Jones,1610612741,CHI,25.0,46,20,0.118,14,28,0.5,0.5,0.118,14,28,0.5,0.0,0,0,,2024-25,Regular Season,0-2 Feet - Very Tight
1642348,Justin Edwards,1610612755,PHI,21.0,44,19,0.074,14,28,0.5,0.5,0.074,14,28,0.5,0.0,0,0,,2024-25,Regular Season,0-2 Feet - Very Tight
1642367,Jonathan Mogbo,1610612761,TOR,23.0,63,21,0.079,12,28,0.429,0.429,0.079,12,28,0.429,0.0,0,0,,2024-25,Regular Season,0-2 Feet - Very Tight
1641711,Gradey Dick,1610612761,TOR,21.0,54,19,0.043,8,28,0.286,0.286,0.043,8,28,0.286,0.0,0,0,,2024-25,Regular Season,0-2 Feet - Very Tight
1642267,Bub Carrington,1610612764,WAS,19.0,82,26,0.037,8,28,0.286,0.286,0.035,8,26,0.308,0.003,0,2,0.0,2024-25,Regular Season,0-2 Feet - Very Tight
1641726,Dereck Lively II,1610612742,DAL,21.0,36,18,0.141,21,27,0.778,0.778,0.141,21,27,0.778,0.0,0,0,,2024-25,Regular Season,0-2 Feet - Very Tight
1629028,Deandre Ayton,1610612757,POR,26.0,40,17,0.058,20,27,0.741,0.741,0.058,20,27,0.741,0.0,0,0,,2024-25,Regular Season,0-2 Feet - Very Tight
1628371,Jonathan Isaac,1610612753,ORL,27.0,71,22,0.083,13,27,0.481,0.481,0.08,13,26,0.5,0.003,0,1,0.0,2024-25,Regular Season,0-2 Feet - Very Tight
1631095,Jabari Smith Jr.,1610612745,HOU,22.0,57,20,0.048,13,27,0.481,0.481,0.048,13,27,0.481,0.0,0,0,,2024-25,Regular Season,0-2 Feet - Very Tight
1626156,D'Angelo Russell,1610612751,BKN,29.0,58,21,0.042,12,27,0.444,0.463,0.039,11,25,0.44,0.003,1,2,0.5,2024-25,Regular Season,0-2 Feet - Very Tight
1631207,Dalen Terry,1610612741,CHI,22.0,73,23,0.101,12,27,0.444,0.444,0.101,12,27,0.444,0.0,0,0,,2024-25,Regular Season,0-2 Feet - Very Tight
1630558,Davion Mitchell,1610612748,MIA,26.0,74,19,0.057,9,27,0.333,0.333,0.057,9,27,0.333,0.0,0,0,,2024-25,Regular Season,0-2 Feet - Very Tight
1629021,Moritz Wagner,1610612753,ORL,28.0,30,19,0.104,17,26,0.654,0.654,0.104,17,26,0.654,0.0,0,0,,2024-25,Regular Season,0-2 Feet - Very Tight
1627749,Dejounte Murray,1610612740,NOP,28.0,31,16,0.053,11,26,0.423,0.423,0.051,11,25,0.44,0.002,0,1,0.0,2024-25,Regular Season,0-2 Feet - Very Tight
1630526,Jeremiah Robinson-Earl,1610612740,NOP,24.0,66,23,0.075,11,26,0.423,0.423,0.075,11,26,0.423,0.0,0,0,,2024-25,Regular Season,0-2 Feet - Very Tight
202691,Klay Thompson,1610612742,DAL,35.0,72,20,0.03,11,26,0.423,0.423,0.03,11,26,0.423,0.0,0,0,,2024-25,Regular Season,0-2 Feet - Very Tight
1629638,Nickeil Alexander-Walker,1610612750,MIN,26.0,82,21,0.042,11,26,0.423,0.423,0.042,11,26,0.423,0.0,0,0,,2024-25,Regular Season,0-2 Feet - Very Tight
203486,Mason Plumlee,1610612756,PHX,35.0,74,21,0.129,10,26,0.385,0.385,0.129,10,26,0.385,0.0,0,0,,2024-25,Regular Season,0-2 Feet - Very Tight
1629614,Andrew Nembhard,1610612754,IND,25.0,65,22,0.048,10,26,0.385,0.385,0.048,10,26,0.385,0.0,0,0,,2024-25,Regular Season,0-2 Feet - Very Tight
201599,DeAndre Jordan,1610612743,DEN,36.0,56,18,0.18,15,25,0.6,0.6,0.18,15,25,0.6,0.0,0,0,,2024-25,Regular Season,0-2 Feet - Very Tight
1626158,Richaun Holmes,1610612764,WAS,31.0,31,20,0.18,15,25,0.6,0.6,0.18,15,25,0.6,0.0,0,0,,2024-25,Regular Season,0-2 Feet - Very Tight
1629026,Kenrich Williams,1610612760,OKC,30.0,69,19,0.071,13,25,0.52,0.52,0.071,13,25,0.52,0.0,0,0,,2024-25,Regular Season,0-2 Feet - Very Tight
1631323,Simone Fontecchio,1610612765,DET,29.0,75,20,0.067,11,25,0.44,0.44,0.067,11,25,0.44,0.0,0,0,,2024-25,Regular Season,0-2 Feet - Very Tight
203903,Jordan Clarkson,1610612762,UTA,33.0,37,16,0.051,9,25,0.36,0.44,0.035,5,17,0.294,0.016,4,8,0.5,2024-25,Regular Season,0-2 Feet - Very Tight
203482,Kelly Olynyk,1610612740,NOP,34.0,44,18,0.093,8,25,0.32,0.32,0.093,8,25,0.32,0.0,0,0,,2024-25,Regular Season,0-2 Feet - Very Tight
1626168,Trey Lyles,1610612758,SAC,29.0,69,22,0.064,14,24,0.583,0.583,0.064,14,24,0.583,0.0,0,0,,2024-25,Regular Season,0-2 Feet - Very Tight
1641706,Brandon Miller,1610612766,CHA,22.0,27,17,0.049,14,24,0.583,0.625,0.043,12,21,0.571,0.006,2,3,0.667,2024-25,Regular Season,0-2 Feet - Very Tight
1628997,Caleb Martin,1610612742,DAL,29.0,45,21,0.079,10,24,0.417,0.417,0.079,10,24,0.417,0.0,0,0,,2024-25,Regular Season,0-2 Feet - Very Tight
1630171,Isaac Okoro,1610612739,CLE,24.0,55,20,0.09,10,24,0.417,0.417,0.09,10,24,0.417,0.0,0,0,,2024-25,Regular Season,0-2 Feet - Very Tight
203110,Draymond Green,1610612744,GSW,35.0,68,17,0.047,9,24,0.375,0.375,0.047,9,24,0.375,0.0,0,0,,2024-25,Regular Season,0-2 Feet - Very Tight
1630314,Brandon Williams,1610612742,DAL,25.0,33,13,0.122,11,23,0.478,0.478,0.122,11,23,0.478,0.0,0,0,,2024-25,Regular Season,0-2 Feet - Very Tight
1641729,Brice Sensabaugh,1610612762,UTA,21.0,71,20,0.038,10,23,0.435,0.435,0.035,10,21,0.476,0.003,0,2,0.0,2024-25,Regular Season,0-2 Feet - Very Tight
1628978,Donte DiVincenzo,1610612750,MIN,28.0,62,18,0.039,8,23,0.348,0.391,0.03,6,18,0.333,0.008,2,5,0.4,2024-25,Regular Season,0-2 Feet - Very Tight
1627832,Fred VanVleet,1610612745,HOU,31.0,60,16,0.03,8,23,0.348,0.348,0.03,8,23,0.348,0.0,0,0,,2024-25,Regular Season,0-2 Feet - Very Tight
1642358,AJ Johnson,1610612764,WAS,20.0,29,15,0.108,8,23,0.348,0.348,0.103,8,22,0.364,0.005,0,1,0.0,2024-25,Regular Season,0-2 Feet - Very Tight
1630182,Josh Green,1610612766,CHA,24.0,68,20,0.055,7,23,0.304,0.304,0.055,7,23,0.304,0.0,0,0,,2024-25,Regular Season,0-2 Feet - Very Tight
1631222,Jake LaRavia,1610612758,SAC,23.0,66,19,0.068,6,23,0.261,0.261,0.068,6,23,0.261,0.0,0,0,,2024-25,Regular Season,0-2 Feet - Very Tight
1628998,Cody Martin,1610612756,PHX,29.0,53,20,0.068,14,22,0.636,0.636,0.062,14,20,0.7,0.006,0,2,0.0,2024-25,Regular Season,0-2 Feet - Very Tight
1629750,Javonte Green,1610612739,CLE,31.0,68,16,0.076,11,22,0.5,0.5,0.076,11,22,0.5,0.0,0,0,,2024-25,Regular Season,0-2 Feet - Very Tight
1642345,Oso Ighodaro,1610612756,PHX,22.0,61,18,0.118,10,22,0.455,0.455,0.112,10,21,0.476,0.005,0,1,0.0,2024-25,Regular Season,0-2 Feet - Very Tight
1630231,KJ Martin,1610612762,UTA,24.0,43,19,0.104,13,21,0.619,0.619,0.104,13,21,0.619,0.0,0,0,,2024-25,Regular Season,0-2 Feet - Very Tight
1631255,Karlo Matković,1610612740,NOP,24.0,42,15,0.089,12,21,0.571,0.571,0.089,12,21,0.571,0.0,0,0,,2024-25,Regular Season,0-2 Feet - Very Tight
1627777,Georges Niang,1610612737,ATL,32.0,79,20,0.034,11,21,0.524,0.524,0.034,11,21,0.524,0.0,0,0,,2024-25,Regular Season,0-2 Feet - Very Tight
202695,Kawhi Leonard,1610612746,LAC,34.0,37,15,0.034,11,21,0.524,0.524,0.034,11,21,0.524,0.0,0,0,,2024-25,Regular Season,0-2 Feet - Very Tight
1641715,Cam Whitmore,1610612745,HOU,20.0,51,15,0.052,10,21,0.476,0.476,0.052,10,21,0.476,0.0,0,0,,2024-25,Regular Season,0-2 Feet - Very Tight
1629599,Amir Coffey,1610612746,LAC,28.0,72,18,0.041,8,21,0.381,0.381,0.041,8,21,0.381,0.0,0,0,,2024-25,Regular Season,0-2 Feet - Very Tight
1628989,Kevin Huerter,1610612741,CHI,26.0,69,18,0.035,8,21,0.381,0.381,0.033,8,20,0.4,0.002,0,1,0.0,2024-25,Regular Season,0-2 Feet - Very Tight
202331,Paul George,1610612755,PHI,35.0,41,17,0.037,7,21,0.333,0.357,0.033,6,19,0.316,0.004,1,2,0.5,2024-25,Regular Season,0-2 Feet - Very Tight
1627827,Dorian Finney-Smith,1610612747,LAL,32.0,63,18,0.048,7,21,0.333,0.333,0.048,7,21,0.333,0.0,0,0,,2024-25,Regular Season,0-2 Feet - Very Tight
203995,Vasilije Micic,1610612756,PHX,31.0,41,16,0.077,3,21,0.143,0.143,0.077,3,21,0.143,0.0,0,0,,2024-25,Regular Season,0-2 Feet - Very Tight
1627780,Gary Payton II,1610612744,GSW,32.0,62,16,0.067,16,20,0.8,0.8,0.067,16,20,0.8,0.0,0,0,,2024-25,Regular Season,0-2 Feet - Very Tight
1642354,KJ Simpson,1610612766,CHA,22.0,36,13,0.066,10,20,0.5,0.5,0.066,10,20,0.5,0.0,0,0,,2024-25,Regular Season,0-2 Feet - Very Tight
1630174,Aaron Nesmith,1610612754,IND,25.0,45,16,0.053,9,20,0.45,0.45,0.053,9,20,0.45,0.0,0,0,,2024-25,Regular Season,0-2 Feet - Very Tight
1627732,Ben Simmons,1610612746,LAC,28.0,51,16,0.09,9,20,0.45,0.45,0.09,9,20,0.45,0.0,0,0,,2024-25,Regular Season,0-2 Feet - Very Tight
1630702,Jaden Hardy,1610612742,DAL,22.0,57,17,0.048,9,20,0.45,0.45,0.048,9,20,0.45,0.0,0,0,,2024-25,Regular Season,0-2 Feet - Very Tight
1627752,Taurean Prince,1610612749,MIL,31.0,80,17,0.039,9,20,0.45,0.45,0.037,9,19,0.474,0.002,0,1,0.0,2024-25,Regular Season,0-2 Feet - Very Tight
1641796,Pelle Larsson,1610612748,MIA,24.0,55,15,0.099,8,20,0.4,0.4,0.099,8,20,0.4,0.0,0,0,,2024-25,Regular Season,0-2 Feet - Very Tight
1628418,Thomas Bryant,1610612754,IND,27.0,66,16,0.062,8,20,0.4,0.4,0.062,8,20,0.4,0.0,0,0,,2024-25,Regular Season,0-2 Feet - Very Tight
1642377,Jaylen Wells,1610612763,MEM,21.0,78,16,0.03,8,20,0.4,0.4,0.03,8,20,0.4,0.0,0,0,,2024-25,Regular Season,0-2 Feet - Very Tight
1631093,Jaden Ivey,1610612765,DET,23.0,30,15,0.048,8,20,0.4,0.4,0.048,8,20,0.4,0.0,0,0,,2024-25,Regular Season,0-2 Feet - Very Tight
203937,Kyle Anderson,1610612748,MIA,31.0,61,16,0.066,7,20,0.35,0.35,0.063,7,19,0.368,0.003,0,1,0.0,2024-25,Regular Season,0-2 Feet - Very Tight
1631204,Marcus Sasser,1610612765,DET,24.0,57,16,0.068,6,20,0.3,0.325,0.058,5,17,0.294,0.01,1,3,0.333,2024-25,Regular Season,0-2 Feet - Very Tight
203992,Bogdan Bogdanović,1610612746,LAC,32.0,54,14,0.039,11,19,0.579,0.605,0.035,10,17,0.588,0.004,1,2,0.5,2024-25,Regular Season,0-2 Feet - Very Tight
1631107,Nikola Jović,1610612748,MIA,22.0,46,14,0.05,9,19,0.474,0.474,0.05,9,19,0.474,0.0,0,0,,2024-25,Regular Season,0-2 Feet - Very Tight
202687,Bismack Biyombo,1610612759,SAS,32.0,28,12,0.167,8,19,0.421,0.421,0.167,8,19,0.421,0.0,0,0,,2024-25,Regular Season,0-2 Feet - Very Tight
1630592,Jalen Wilson,1610612751,BKN,24.0,79,16,0.031,8,19,0.421,0.421,0.031,8,19,0.421,0.0,0,0,,2024-25,Regular Season,0-2 Feet - Very Tight
1629312,Haywood Highsmith,1610612748,MIA,28.0,74,16,0.049,7,19,0.368,0.368,0.049,7,19,0.368,0.0,0,0,,2024-25,Regular Season,0-2 Feet - Very Tight
1630527,Brandon Boston,1610612740,NOP,23.0,42,15,0.05,7,19,0.368,0.368,0.047,7,18,0.389,0.003,0,1,0.0,2024-25,Regular Season,0-2 Feet - Very Tight
1629659,Talen Horton-Tucker,1610612741,CHI,24.0,58,14,0.065,6,19,0.316,0.316,0.065,6,19,0.316,0.0,0,0,,2024-25,Regular Season,0-2 Feet - Very Tight
1630241,Sam Merrill,1610612739,CLE,29.0,71,16,0.045,6,19,0.316,0.368,0.028,4,12,0.333,0.017,2,7,0.286,2024-25,Regular Season,0-2 Feet - Very Tight
1641730,Noah Clowney,1610612751,BKN,20.0,46,15,0.051,4,19,0.211,0.211,0.051,4,19,0.211,0.0,0,0,,2024-25,Regular Season,0-2 Feet - Very Tight
1630572,Sandro Mamukelashvili,1610612759,SAS,26.0,61,16,0.064,10,18,0.556,0.556,0.064,10,18,0.556,0.0,0,0,,2024-25,Regular Season,0-2 Feet - Very Tight
1626220,Royce O'Neale,1610612756,PHX,32.0,75,12,0.032,8,18,0.444,0.444,0.032,8,18,0.444,0.0,0,0,,2024-25,Regular Season,0-2 Feet - Very Tight
1629020,Jarred Vanderbilt,1610612747,LAL,26.0,36,14,0.149,8,18,0.444,0.444,0.149,8,18,0.444,0.0,0,0,,2024-25,Regular Season,0-2 Feet - Very Tight
1630591,Jalen Suggs,1610612753,ORL,24.0,35,14,0.037,8,18,0.444,0.444,0.037,8,18,0.444,0.0,0,0,,2024-25,Regular Season,0-2 Feet - Very Tight
1642273,Kyshawn George,1610612764,WAS,21.0,68,14,0.033,7,18,0.389,0.389,0.033,7,18,0.389,0.0,0,0,,2024-25,Regular Season,0-2 Feet - Very Tight
1641854,Craig Porter Jr.,1610612739,CLE,25.0,51,11,0.129,6,18,0.333,0.333,0.129,6,18,0.333,0.0,0,0,,2024-25,Regular Season,0-2 Feet - Very Tight
203957,Dante Exum,1610612742,DAL,29.0,20,12,0.134,6,18,0.333,0.333,0.134,6,18,0.333,0.0,0,0,,2024-25,Regular Season,0-2 Feet - Very Tight
1642262,Cody Williams,1610612762,UTA,20.0,50,14,0.07,5,18,0.278,0.278,0.07,5,18,0.278,0.0,0,0,,2024-25,Regular Season,0-2 Feet - Very Tight
1630193,Immanuel Quickley,1610612761,TOR,26.0,33,12,0.041,5,18,0.278,0.306,0.03,4,13,0.308,0.011,1,5,0.2,2024-25,Regular Season,0-2 Feet - Very Tight
1627936,Alex Caruso,1610612760,OKC,31.0,54,16,0.057,5,18,0.278,0.278,0.057,5,18,0.278,0.0,0,0,,2024-25,Regular Season,0-2 Feet - Very Tight
203954,Joel Embiid,1610612755,PHI,31.0,19,11,0.054,10,17,0.588,0.588,0.054,10,17,0.588,0.0,0,0,,2024-25,Regular Season,0-2 Feet - Very Tight
1642265,Rob Dillingham,1610612750,MIN,20.0,49,12,0.081,8,17,0.471,0.471,0.081,8,17,0.471,0.0,0,0,,2024-25,Regular Season,0-2 Feet - Very Tight
1641763,Julian Phillips,1610612741,CHI,21.0,79,15,0.059,8,17,0.471,0.471,0.059,8,17,0.471,0.0,0,0,,2024-25,Regular Season,0-2 Feet - Very Tight
1630544,Tre Mann,1610612766,CHA,24.0,13,9,0.106,7,17,0.412,0.412,0.099,7,16,0.438,0.006,0,1,0.0,2024-25,Regular Season,0-2 Feet - Very Tight
1642275,Tidjane Salaün,1610612766,CHA,19.0,60,14,0.049,7,17,0.412,0.412,0.049,7,17,0.412,0.0,0,0,,2024-25,Regular Season,0-2 Feet - Very Tight
1642366,Quinten Post,1610612744,GSW,25.0,42,12,0.062,7,17,0.412,0.412,0.062,7,17,0.412,0.0,0,0,,2024-25,Regular Season,0-2 Feet - Very Tight
203501,Tim Hardaway Jr.,1610612765,DET,33.0,77,14,0.025,7,17,0.412,0.412,0.022,7,15,0.467,0.003,0,2,0.0,2024-25,Regular Season,0-2 Feet - Very Tight
1629018,Gary Trent Jr.,1610612749,MIL,26.0,74,16,0.026,6,17,0.353,0.353,0.026,6,17,0.353,0.0,0,0,,2024-25,Regular Season,0-2 Feet - Very Tight
1642346,Ryan Dunn,1610612756,PHX,22.0,74,15,0.036,6,17,0.353,0.353,0.036,6,17,0.353,0.0,0,0,,2024-25,Regular Season,0-2 Feet - Very Tight
202684,Tristan Thompson,1610612739,CLE,34.0,40,13,0.239,5,17,0.294,0.294,0.239,5,17,0.294,0.0,0,0,,2024-25,Regular Season,0-2 Feet - Very Tight
1630643,Jay Huff,1610612763,MEM,27.0,64,15,0.052,10,16,0.625,0.625,0.052,10,16,0.625,0.0,0,0,,2024-25,Regular Season,0-2 Feet - Very Tight
1626166,Cameron Payne,1610612752,NYK,30.0,71,15,0.036,8,16,0.5,0.5,0.036,8,16,0.5,0.0,0,0,,2024-25,Regular Season,0-2 Feet - Very Tight
1630243,Trevelin Queen,1610612753,ORL,28.0,31,13,0.109,7,16,0.438,0.438,0.109,7,16,0.438,0.0,0,0,,2024-25,Regular Season,0-2 Feet - Very Tight
1630194,Paul Reed,1610612765,DET,26.0,45,13,0.113,7,16,0.438,0.438,0.113,7,16,0.438,0.0,0,0,,2024-25,Regular Season,0-2 Feet - Very Tight
1631103,Malaki Branham,1610612759,SAS,22.0,47,12,0.084,7,16,0.438,0.438,0.079,7,15,0.467,0.005,0,1,0.0,2024-25,Regular Season,0-2 Feet - Very Tight
1629652,Luguentz Dort,1610612760,OKC,26.0,71,12,0.027,5,16,0.313,0.313,0.027,5,16,0.313,0.0,0,0,,2024-25,Regular Season,0-2 Feet - Very Tight
1628963,Marvin Bagley III,1610612763,MEM,26.0,31,9,0.142,9,15,0.6,0.6,0.142,9,15,0.6,0.0,0,0,,2024-25,Regular Season,0-2 Feet - Very Tight
1642349,Ajay Mitchell,1610612760,OKC,23.0,36,11,0.081,7,15,0.467,0.467,0.081,7,15,0.467,0.0,0,0,,2024-25,Regular Season,0-2 Feet - Very Tight
1629004,Svi Mykhailiuk,1610612762,UTA,28.0,38,12,0.05,7,15,0.467,0.5,0.047,6,14,0.429,0.003,1,1,1.0,2024-25,Regular Season,0-2 Feet - Very Tight
1631157,Ryan Rollins,1610612749,MIL,22.0,56,11,0.055,5,15,0.333,0.333,0.055,5,15,0.333,0.0,0,0,,2024-25,Regular Season,0-2 Feet - Very Tight
1630631,Jose Alvarado,1610612740,NOP,27.0,56,11,0.029,4,15,0.267,0.267,0.027,4,14,0.286,0.002,0,1,0.0,2024-25,Regular Season,0-2 Feet - Very Tight
1630311,Pat Spencer,1610612744,GSW,28.0,39,12,0.149,4,15,0.267,0.267,0.149,4,15,0.267,0.0,0,0,,2024-25,Regular Season,0-2 Feet - Very Tight
1631213,Tyrese Martin,1610612751,BKN,26.0,60,12,0.03,9,14,0.643,0.643,0.028,9,13,0.692,0.002,0,1,0.0,2024-25,Regular Season,0-2 Feet - Very Tight
1628988,Aaron Holiday,1610612745,HOU,28.0,62,7,0.052,8,14,0.571,0.643,0.045,6,12,0.5,0.007,2,2,1.0,2024-25,Regular Season,0-2 Feet - Very Tight
1630288,Jeff Dowtin Jr.,1610612755,PHI,28.0,41,9,0.061,7,14,0.5,0.5,0.061,7,14,0.5,0.0,0,0,,2024-25,Regular Season,0-2 Feet - Very Tight
1629022,Lonnie Walker IV,1610612755,PHI,26.0,20,8,0.066,6,14,0.429,0.464,0.057,5,12,0.417,0.009,1,2,0.5,2024-25,Regular Season,0-2 Feet - Very Tight
1630249,Vít Krejčí,1610612737,ATL,25.0,57,12,0.048,6,14,0.429,0.464,0.045,5,13,0.385,0.003,1,1,1.0,2024-25,Regular Season,0-2 Feet - Very Tight
201959,Taj Gibson,1610612766,CHA,40.0,37,13,0.147,6,14,0.429,0.429,0.147,6,14,0.429,0.0,0,0,,2024-25,Regular Season,0-2 Feet - Very Tight
1631111,Wendell Moore Jr.,1610612766,CHA,23.0,36,11,0.111,5,14,0.357,0.357,0.111,5,14,0.357,0.0,0,0,,2024-25,Regular Season,0-2 Feet - Very Tight
1628960,Grayson Allen,1610612756,PHX,29.0,64,13,0.029,5,14,0.357,0.357,0.027,5,13,0.385,0.002,0,1,0.0,2024-25,Regular Season,0-2 Feet - Very Tight
203114,Khris Middleton,1610612764,WAS,33.0,37,10,0.042,5,14,0.357,0.393,0.039,4,13,0.308,0.003,1,1,1.0,2024-25,Regular Season,0-2 Feet - Very Tight
1641810,Antonio Reeves,1610612740,NOP,24.0,44,11,0.056,4,14,0.286,0.286,0.056,4,14,0.286,0.0,0,0,,2024-25,Regular Season,0-2 Feet - Very Tight
1641765,Olivier-Maxence Prosper,1610612742,DAL,22.0,52,12,0.08,3,14,0.214,0.214,0.08,3,14,0.214,0.0,0,0,,2024-25,Regular Season,0-2 Feet - Very Tight
1629610,DaQuan Jeffries,1610612766,CHA,27.0,47,11,0.048,3,14,0.214,0.214,0.048,3,14,0.214,0.0,0,0,,2024-25,Regular Season,0-2 Feet - Very Tight
1630192,Zeke Nnaji,1610612743,DEN,24.0,57,9,0.094,7,13,0.538,0.538,0.094,7,13,0.538,0.0,0,0,,2024-25,Regular Season,0-2 Feet - Very Tight
1641740,Jaylen Clark,1610612750,MIN,23.0,40,12,0.108,7,13,0.538,0.538,0.108,7,13,0.538,0.0,0,0,,2024-25,Regular Season,0-2 Feet - Very Tight
1630639,A.J. Lawson,1610612761,TOR,24.0,26,9,0.068,6,13,0.462,0.462,0.063,6,12,0.5,0.005,0,1,0.0,2024-25,Regular Season,0-2 Feet - Very Tight
1641757,Jordan Miller,1610612746,LAC,25.0,37,9,0.097,6,13,0.462,0.462,0.09,6,12,0.5,0.007,0,1,0.0,2024-25,Regular Season,0-2 Feet - Very Tight
1629111,Jock Landale,1610612745,HOU,29.0,42,11,0.086,5,13,0.385,0.385,0.086,5,13,0.385,0.0,0,0,,2024-25,Regular Season,0-2 Feet - Very Tight
1630529,Herbert Jones,1610612740,NOP,26.0,20,11,0.076,5,13,0.385,0.385,0.076,5,13,0.385,0.0,0,0,,2024-25,Regular Season,0-2 Feet - Very Tight
1629130,Duncan Robinson,1610612748,MIA,31.0,74,12,0.02,5,13,0.385,0.423,0.018,4,12,0.333,0.002,1,1,1.0,2024-25,Regular Season,0-2 Feet - Very Tight
1628971,Bruce Brown,1610612740,NOP,28.0,41,11,0.042,5,13,0.385,0.385,0.042,5,13,0.385,0.0,0,0,,2024-25,Regular Season,0-2 Feet - Very Tight
1642263,Reed Sheppard,1610612745,HOU,21.0,52,8,0.054,2,13,0.154,0.192,0.046,1,11,0.091,0.008,1,2,0.5,2024-25,Regular Season,0-2 Feet - Very Tight
1627742,Brandon Ingram,1610612761,TOR,27.0,18,9,0.036,8,12,0.667,0.667,0.036,8,12,0.667,0.0,0,0,,2024-25,Regular Season,0-2 Feet - Very Tight
1628964,Mo Bamba,1610612740,NOP,27.0,32,10,0.107,7,12,0.583,0.583,0.107,7,12,0.583,0.0,0,0,,2024-25,Regular Season,0-2 Feet - Very Tight
1629003,Shake Milton,1610612747,LAL,28.0,57,9,0.047,7,12,0.583,0.583,0.043,7,11,0.636,0.004,0,1,0.0,2024-25,Regular Season,0-2 Feet - Very Tight
1642403,Isaac Jones,1610612758,SAC,24.0,40,10,0.145,7,12,0.583,0.583,0.145,7,12,0.583,0.0,0,0,,2024-25,Regular Season,0-2 Feet - Very Tight
1629057,Robert Williams III,1610612757,POR,27.0,20,8,0.154,6,12,0.5,0.5,0.154,6,12,0.5,0.0,0,0,,2024-25,Regular Season,0-2 Feet - Very Tight
1627739,Kris Dunn,1610612746,LAC,31.0,74,11,0.027,6,12,0.5,0.5,0.027,6,12,0.5,0.0,0,0,,2024-25,Regular Season,0-2 Feet - Very Tight
1631132,Christian Koloko,1610612747,LAL,25.0,37,10,0.182,6,12,0.5,0.5,0.182,6,12,0.5,0.0,0,0,,2024-25,Regular Season,0-2 Feet - Very Tight
1630548,Johnny Juzang,1610612762,UTA,24.0,64,10,0.025,5,12,0.417,0.458,0.023,4,11,0.364,0.002,1,1,1.0,2024-25,Regular Season,0-2 Feet - Very Tight
1631243,Mouhamed Gueye,1610612737,ATL,22.0,33,10,0.07,5,12,0.417,0.417,0.07,5,12,0.417,0.0,0,0,,2024-25,Regular Season,0-2 Feet - Very Tight
1629618,Jalen Pickett,1610612743,DEN,25.0,49,11,0.067,4,12,0.333,0.333,0.061,4,11,0.364,0.006,0,1,0.0,2024-25,Regular Season,0-2 Feet - Very Tight
1641736,Reece Beekman,1610612751,BKN,23.0,36,9,0.112,4,12,0.333,0.333,0.112,4,12,0.333,0.0,0,0,,2024-25,Regular Season,0-2 Feet - Very Tight
1629006,Josh Okogie,1610612766,CHA,26.0,40,11,0.057,2,12,0.167,0.167,0.057,2,12,0.167,0.0,0,0,,2024-25,Regular Season,0-2 Feet - Very Tight
1641716,Jarace Walker,1610612754,IND,21.0,75,10,0.031,7,11,0.636,0.636,0.031,7,11,0.636,0.0,0,0,,2024-25,Regular Season,0-2 Feet - Very Tight
1641774,Tristan Vukcevic,1610612764,WAS,22.0,35,11,0.045,6,11,0.545,0.545,0.045,6,11,0.545,0.0,0,0,,2024-25,Regular Season,0-2 Feet - Very Tight
1630692,Jordan Goodwin,1610612747,LAL,26.0,29,10,0.076,5,11,0.455,0.455,0.076,5,11,0.455,0.0,0,0,,2024-25,Regular Season,0-2 Feet - Very Tight
1630658,Colin Castleton,1610612761,TOR,25.0,26,7,0.112,5,11,0.455,0.455,0.112,5,11,0.455,0.0,0,0,,2024-25,Regular Season,0-2 Feet - Very Tight
1642419,Jamison Battle,1610612761,TOR,24.0,59,11,0.032,5,11,0.455,0.455,0.026,5,9,0.556,0.006,0,2,0.0,2024-25,Regular Season,0-2 Feet - Very Tight
1641748,Andre Jackson Jr.,1610612749,MIL,23.0,67,9,0.056,4,11,0.364,0.364,0.056,4,11,0.364,0.0,0,0,,2024-25,Regular Season,0-2 Feet - Very Tight
1631221,Collin Gillespie,1610612756,PHX,26.0,33,10,0.07,4,11,0.364,0.364,0.07,4,11,0.364,0.0,0,0,,2024-25,Regular Season,0-2 Feet - Very Tight
203484,Kentavious Caldwell-Pope,1610612763,MEM,32.0,77,11,0.02,4,11,0.364,0.364,0.02,4,11,0.364,0.0,0,0,,2024-25,Regular Season,0-2 Feet - Very Tight
201144,Mike Conley,1610612750,MIN,37.0,71,11,0.024,3,11,0.273,0.273,0.024,3,11,0.273,0.0,0,0,,2024-25,Regular Season,0-2 Feet - Very Tight
1630256,Jae'Sean Tate,1610612745,HOU,29.0,52,11,0.074,3,11,0.273,0.273,0.074,3,11,0.273,0.0,0,0,,2024-25,Regular Season,0-2 Feet - Very Tight
1630322,Lindy Waters III,1610612765,DET,27.0,52,9,0.045,3,11,0.273,0.318,0.04,2,10,0.2,0.004,1,1,1.0,2024-25,Regular Season,0-2 Feet - Very Tight
1630579,Jericho Sims,1610612749,MIL,26.0,53,11,0.155,2,11,0.182,0.182,0.155,2,11,0.182,0.0,0,0,,2024-25,Regular Season,0-2 Feet - Very Tight
1631232,Keion Brooks Jr.,1610612740,NOP,24.0,14,9,0.092,7,10,0.7,0.7,0.092,7,10,0.7,0.0,0,0,,2024-25,Regular Season,0-2 Feet - Very Tight
1631169,Josh Minott,1610612750,MIN,22.0,46,9,0.111,6,10,0.6,0.6,0.111,6,10,0.6,0.0,0,0,,2024-25,Regular Season,0-2 Feet - Very Tight
1641767,Ben Sheppard,1610612754,IND,23.0,63,9,0.035,6,10,0.6,0.6,0.035,6,10,0.6,0.0,0,0,,2024-25,Regular Season,0-2 Feet - Very Tight
1631131,Oscar Tshiebwe,1610612762,UTA,25.0,14,8,0.143,5,10,0.5,0.5,0.143,5,10,0.5,0.0,0,0,,2024-25,Regular Season,0-2 Feet - Very Tight
1630198,Isaiah Joe,1610612760,OKC,25.0,74,8,0.017,4,10,0.4,0.4,0.012,4,7,0.571,0.005,0,3,0.0,2024-25,Regular Season,0-2 Feet - Very Tight
1630550,JT Thor,1610612764,WAS,22.0,20,7,0.169,4,10,0.4,0.4,0.169,4,10,0.4,0.0,0,0,,2024-25,Regular Season,0-2 Feet - Very Tight
1626145,Tyus Jones,1610612756,PHX,29.0,81,9,0.015,4,10,0.4,0.4,0.015,4,10,0.4,0.0,0,0,,2024-25,Regular Season,0-2 Feet - Very Tight
1628379,Luke Kennard,1610612763,MEM,29.0,64,8,0.024,4,10,0.4,0.4,0.024,4,10,0.4,0.0,0,0,,2024-25,Regular Season,0-2 Feet - Very Tight
1631209,Isaiah Wong,1610612766,CHA,24.0,20,9,0.095,3,10,0.3,0.3,0.086,3,9,0.333,0.01,0,1,0.0,2024-25,Regular Season,0-2 Feet - Very Tight
1641787,Tosan Evbuomwan,1610612751,BKN,24.0,28,8,0.045,2,10,0.2,0.2,0.045,2,10,0.2,0.0,0,0,,2024-25,Regular Season,0-2 Feet - Very Tight
201569,Eric Gordon,1610612755,PHI,36.0,39,7,0.049,2,10,0.2,0.2,0.049,2,10,0.2,0.0,0,0,,2024-25,Regular Season,0-2 Feet - Very Tight
1641733,Nick Smith Jr.,1610612766,CHA,21.0,60,10,0.018,2,10,0.2,0.2,0.018,2,10,0.2,0.0,0,0,,2024-25,Regular Season,0-2 Feet - Very Tight
1626204,Larry Nance Jr.,1610612737,ATL,32.0,24,8,0.058,8,9,0.889,0.889,0.058,8,9,0.889,0.0,0,0,,2024-25,Regular Season,0-2 Feet - Very Tight
1629216,Gabe Vincent,1610612747,LAL,29.0,72,8,0.021,6,9,0.667,0.667,0.019,6,8,0.75,0.002,0,1,0.0,2024-25,Regular Season,0-2 Feet - Very Tight
1628420,Monte Morris,1610612756,PHX,30.0,45,9,0.046,6,9,0.667,0.667,0.046,6,9,0.667,0.0,0,0,,2024-25,Regular Season,0-2 Feet - Very Tight
1641871,Duop Reath,1610612757,POR,29.0,46,8,0.054,6,9,0.667,0.667,0.054,6,9,0.667,0.0,0,0,,2024-25,Regular Season,0-2 Feet - Very Tight
1629622,Max Strus,1610612739,CLE,29.0,50,6,0.024,5,9,0.556,0.722,0.016,2,6,0.333,0.008,3,3,1.0,2024-25,Regular Season,0-2 Feet - Very Tight
1641721,Maxwell Lewis,1610612751,BKN,22.0,28,5,0.083,4,9,0.444,0.444,0.083,4,9,0.444,0.0,0,0,,2024-25,Regular Season,0-2 Feet - Very Tight
201143,Al Horford,1610612738,BOS,39.0,60,9,0.02,3,9,0.333,0.333,0.02,3,9,0.333,0.0,0,0,,2024-25,Regular Season,0-2 Feet - Very Tight
1642277,Johnny Furphy,1610612754,IND,20.0,50,7,0.098,3,9,0.333,0.333,0.098,3,9,0.333,0.0,0,0,,2024-25,Regular Season,0-2 Feet - Very Tight
1642281,Jaylon Tyson,1610612739,CLE,22.0,47,7,0.06,3,9,0.333,0.333,0.06,3,9,0.333,0.0,0,0,,2024-25,Regular Season,0-2 Feet - Very Tight
1628467,Maxi Kleber,1610612747,LAL,33.0,34,8,0.094,3,9,0.333,0.333,0.094,3,9,0.333,0.0,0,0,,2024-25,Regular Season,0-2 Feet - Very Tight
1642269,Devin Carter,1610612758,SAC,23.0,36,7,0.071,1,9,0.111,0.111,0.063,1,8,0.125,0.008,0,1,0.0,2024-25,Regular Season,0-2 Feet - Very Tight
1631165,Keon Ellis,1610612758,SAC,25.0,80,9,0.019,1,9,0.111,0.111,0.019,1,9,0.111,0.0,0,0,,2024-25,Regular Season,0-2 Feet - Very Tight
203935,Marcus Smart,1610612764,WAS,31.0,34,9,0.035,1,9,0.111,0.111,0.035,1,9,0.111,0.0,0,0,,2024-25,Regular Season,0-2 Feet - Very Tight
1641738,Kobe Brown,1610612746,LAC,25.0,40,6,0.111,6,8,0.75,0.75,0.111,6,8,0.75,0.0,0,0,,2024-25,Regular Season,0-2 Feet - Very Tight
1630539,Kai Jones,1610612742,DAL,24.0,40,5,0.073,6,8,0.75,0.75,0.073,6,8,0.75,0.0,0,0,,2024-25,Regular Season,0-2 Feet - Very Tight
1641712,Rayan Rupert,1610612757,POR,21.0,52,6,0.056,5,8,0.625,0.625,0.056,5,8,0.625,0.0,0,0,,2024-25,Regular Season,0-2 Feet - Very Tight
1631166,Drew Timme,1610612751,BKN,24.0,9,4,0.078,5,8,0.625,0.625,0.078,5,8,0.625,0.0,0,0,,2024-25,Regular Season,0-2 Feet - Very Tight
1641878,Damion Baugh,1610612766,CHA,24.0,15,6,0.062,5,8,0.625,0.625,0.062,5,8,0.625,0.0,0,0,,2024-25,Regular Season,0-2 Feet - Very Tight
1630545,Terrence Shannon Jr.,1610612750,MIN,24.0,32,5,0.07,5,8,0.625,0.625,0.07,5,8,0.625,0.0,0,0,,2024-25,Regular Season,0-2 Feet - Very Tight
1629646,Charles Bassey,1610612759,SAS,24.0,36,8,0.068,4,8,0.5,0.5,0.068,4,8,0.5,0.0,0,0,,2024-25,Regular Season,0-2 Feet - Very Tight
1630568,Luka Garza,1610612750,MIN,26.0,39,6,0.076,4,8,0.5,0.5,0.076,4,8,0.5,0.0,0,0,,2024-25,Regular Season,0-2 Feet - Very Tight
1631230,Dominick Barlow,1610612737,ATL,22.0,35,6,0.071,4,8,0.5,0.5,0.071,4,8,0.5,0.0,0,0,,2024-25,Regular Season,0-2 Feet - Very Tight
201567,Kevin Love,1610612748,MIA,36.0,23,6,0.07,3,8,0.375,0.375,0.07,3,8,0.375,0.0,0,0,,2024-25,Regular Season,0-2 Feet - Very Tight
1631245,Quenton Jackson,1610612754,IND,26.0,28,4,0.066,3,8,0.375,0.375,0.066,3,8,0.375,0.0,0,0,,2024-25,Regular Season,0-2 Feet - Very Tight
203458,Alex Len,1610612747,LAL,32.0,46,7,0.127,3,8,0.375,0.375,0.127,3,8,0.375,0.0,0,0,,2024-25,Regular Season,0-2 Feet - Very Tight
1629629,Cam Reddish,1610612747,LAL,25.0,33,7,0.085,2,8,0.25,0.25,0.085,2,8,0.25,0.0,0,0,,2024-25,Regular Season,0-2 Feet - Very Tight
1630264,Anthony Gill,1610612764,WAS,32.0,51,6,0.091,2,8,0.25,0.25,0.091,2,8,0.25,0.0,0,0,,2024-25,Regular Season,0-2 Feet - Very Tight
1628464,Daniel Theis,1610612740,NOP,33.0,38,6,0.054,5,7,0.714,0.714,0.054,5,7,0.714,0.0,0,0,,2024-25,Regular Season,0-2 Feet - Very Tight
1631119,Jaylin Williams,1610612760,OKC,23.0,47,7,0.032,5,7,0.714,0.714,0.032,5,7,0.714,0.0,0,0,,2024-25,Regular Season,0-2 Feet - Very Tight
1641775,Jordan Walsh,1610612738,BOS,21.0,52,6,0.084,5,7,0.714,0.714,0.084,5,7,0.714,0.0,0,0,,2024-25,Regular Season,0-2 Feet - Very Tight
1641794,Dillon Jones,1610612760,OKC,23.0,54,6,0.053,4,7,0.571,0.571,0.053,4,7,0.571,0.0,0,0,,2024-25,Regular Season,0-2 Feet - Very Tight
1630611,Gui Santos,1610612744,GSW,23.0,56,7,0.039,3,7,0.429,0.429,0.039,3,7,0.429,0.0,0,0,,2024-25,Regular Season,0-2 Feet - Very Tight
1628981,Bruno Fernando,1610612761,TOR,26.0,17,6,0.143,3,7,0.429,0.429,0.143,3,7,0.429,0.0,0,0,,2024-25,Regular Season,0-2 Feet - Very Tight
1629723,John Konchar,1610612763,MEM,29.0,46,5,0.077,3,7,0.429,0.429,0.077,3,7,0.429,0.0,0,0,,2024-25,Regular Season,0-2 Feet - Very Tight
1626192,Pat Connaughton,1610612749,MIL,32.0,41,7,0.04,2,7,0.286,0.286,0.04,2,7,0.286,0.0,0,0,,2024-25,Regular Season,0-2 Feet - Very Tight
1631311,Lester Quinones,1610612740,NOP,24.0,13,5,0.09,2,7,0.286,0.286,0.09,2,7,0.286,0.0,0,0,,2024-25,Regular Season,0-2 Feet - Very Tight
1626153,Delon Wright,1610612752,NYK,33.0,40,7,0.053,2,7,0.286,0.286,0.053,2,7,0.286,0.0,0,0,,2024-25,Regular Season,0-2 Feet - Very Tight
1629650,Moses Brown,1610612742,DAL,25.0,13,4,0.122,5,6,0.833,0.833,0.122,5,6,0.833,0.0,0,0,,2024-25,Regular Season,0-2 Feet - Very Tight
200768,Kyle Lowry,1610612755,PHI,39.0,35,5,0.051,4,6,0.667,0.667,0.051,4,6,0.667,0.0,0,0,,2024-25,Regular Season,0-2 Feet - Very Tight
1629684,Grant Williams,1610612766,CHA,26.0,16,6,0.049,4,6,0.667,0.667,0.049,4,6,0.667,0.0,0,0,,2024-25,Regular Season,0-2 Feet - Very Tight
1630556,Kessler Edwards,1610612742,DAL,24.0,40,4,0.044,4,6,0.667,0.667,0.044,4,6,0.667,0.0,0,0,,2024-25,Regular Season,0-2 Feet - Very Tight
1641798,Jaylen Martin,1610612764,WAS,21.0,16,4,0.081,3,6,0.5,0.5,0.081,3,6,0.5,0.0,0,0,,2024-25,Regular Season,0-2 Feet - Very Tight
1641713,GG Jackson,1610612763,MEM,20.0,29,4,0.03,3,6,0.5,0.5,0.03,3,6,0.5,0.0,0,0,,2024-25,Regular Season,0-2 Feet - Very Tight
1628396,Tony Bradley,1610612754,IND,27.0,14,4,0.133,3,6,0.5,0.5,0.133,3,6,0.5,0.0,0,0,,2024-25,Regular Season,0-2 Feet - Very Tight
1631223,David Roddy,1610612745,HOU,24.0,33,6,0.048,3,6,0.5,0.5,0.048,3,6,0.5,0.0,0,0,,2024-25,Regular Season,0-2 Feet - Very Tight
1641724,Jett Howard,1610612753,ORL,21.0,60,4,0.023,2,6,0.333,0.333,0.023,2,6,0.333,0.0,0,0,,2024-25,Regular Season,0-2 Feet - Very Tight
1630696,Dru Smith,1610612748,MIA,27.0,14,5,0.098,2,6,0.333,0.333,0.098,2,6,0.333,0.0,0,0,,2024-25,Regular Season,0-2 Feet - Very Tight
1629013,Landry Shamet,1610612752,NYK,28.0,49,6,0.026,2,6,0.333,0.333,0.022,2,5,0.4,0.004,0,1,0.0,2024-25,Regular Season,0-2 Feet - Very Tight
202692,Alec Burks,1610612748,MIA,33.0,49,5,0.022,2,6,0.333,0.333,0.018,2,5,0.4,0.004,0,1,0.0,2024-25,Regular Season,0-2 Feet - Very Tight
1642355,Bronny James,1610612747,LAL,20.0,27,5,0.09,2,6,0.333,0.333,0.09,2,6,0.333,0.0,0,0,,2024-25,Regular Season,0-2 Feet - Very Tight
203552,Seth Curry,1610612766,CHA,34.0,68,6,0.017,1,6,0.167,0.25,0.012,0,4,0.0,0.006,1,2,0.5,2024-25,Regular Season,0-2 Feet - Very Tight
1631260,AJ Green,1610612749,MIL,25.0,73,6,0.014,1,6,0.167,0.25,0.002,0,1,0.0,0.012,1,5,0.2,2024-25,Regular Season,0-2 Feet - Very Tight
1631098,Johnny Davis,1610612764,WAS,23.0,34,5,0.077,1,6,0.167,0.167,0.077,1,6,0.167,0.0,0,0,,2024-25,Regular Season,0-2 Feet - Very Tight
1630573,Sam Hauser,1610612738,BOS,27.0,71,5,0.013,1,6,0.167,0.167,0.011,1,5,0.2,0.002,0,1,0.0,2024-25,Regular Season,0-2 Feet - Very Tight
1630811,Keaton Wallace,1610612737,ATL,26.0,31,5,0.031,4,5,0.8,0.8,0.031,4,5,0.8,0.0,0,0,,2024-25,Regular Season,0-2 Feet - Very Tight
1627814,Damion Lee,1610612756,PHX,32.0,25,4,0.068,4,5,0.8,0.8,0.068,4,5,0.8,0.0,0,0,,2024-25,Regular Season,0-2 Feet - Very Tight
1641772,Nae'Qwan Tomlin,1610612739,CLE,24.0,5,2,0.156,4,5,0.8,0.8,0.156,4,5,0.8,0.0,0,0,,2024-25,Regular Season,0-2 Feet - Very Tight
1631246,Vince Williams Jr.,1610612763,MEM,24.0,26,5,0.031,3,5,0.6,0.6,0.031,3,5,0.6,0.0,0,0,,2024-25,Regular Season,0-2 Feet - Very Tight
1631197,Jared Rhoden,1610612761,TOR,25.0,14,4,0.057,3,5,0.6,0.6,0.057,3,5,0.6,0.0,0,0,,2024-25,Regular Season,0-2 Feet - Very Tight
1641998,Trey Jemison III,1610612747,LAL,25.0,38,4,0.068,3,5,0.6,0.6,0.068,3,5,0.6,0.0,0,0,,2024-25,Regular Season,0-2 Feet - Very Tight
1641732,Colby Jones,1610612764,WAS,23.0,39,4,0.039,3,5,0.6,0.6,0.039,3,5,0.6,0.0,0,0,,2024-25,Regular Season,0-2 Feet - Very Tight
1629643,Chuma Okeke,1610612739,CLE,26.0,9,4,0.125,3,5,0.6,0.6,0.125,3,5,0.6,0.0,0,0,,2024-25,Regular Season,0-2 Feet - Very Tight
1628366,Lonzo Ball,1610612741,CHI,27.0,35,5,0.021,2,5,0.4,0.4,0.021,2,5,0.4,0.0,0,0,,2024-25,Regular Season,0-2 Feet - Very Tight
1630542,Marcus Bagley,1610612755,PHI,23.0,10,5,0.072,1,5,0.2,0.2,0.072,1,5,0.2,0.0,0,0,,2024-25,Regular Season,0-2 Feet - Very Tight
203914,Gary Harris,1610612753,ORL,30.0,48,4,0.038,0,5,0.0,0.0,0.03,0,4,0.0,0.008,0,1,0.0,2024-25,Regular Season,0-2 Feet - Very Tight
202066,Garrett Temple,1610612761,TOR,39.0,28,4,0.083,0,5,0.0,0.0,0.083,0,5,0.0,0.0,0,0,,2024-25,Regular Season,0-2 Feet - Very Tight
1642024,Alex Reese,1610612755,PHI,26.0,15,4,0.074,4,4,1.0,1.0,0.074,4,4,1.0,0.0,0,0,,2024-25,Regular Season,0-2 Feet - Very Tight
1641890,Tyler Smith,1610612749,MIL,20.0,23,4,0.08,3,4,0.75,0.75,0.08,3,4,0.75,0.0,0,0,,2024-25,Regular Season,0-2 Feet - Very Tight
1642449,Tolu Smith,1610612765,DET,24.0,1,1,0.444,3,4,0.75,0.75,0.444,3,4,0.75,0.0,0,0,,2024-25,Regular Season,0-2 Feet - Very Tight
1642402,Enrique Freeman,1610612754,IND,24.0,22,4,0.108,3,4,0.75,0.75,0.108,3,4,0.75,0.0,0,0,,2024-25,Regular Season,0-2 Feet - Very Tight
1629626,Bol Bol,1610612756,PHX,25.0,36,3,0.022,2,4,0.5,0.5,0.022,2,4,0.5,0.0,0,0,,2024-25,Regular Season,0-2 Feet - Very Tight
1629731,Dean Wade,1610612739,CLE,28.0,59,3,0.015,2,4,0.5,0.5,0.015,2,4,0.5,0.0,0,0,,2024-25,Regular Season,0-2 Feet - Very Tight
1631288,Jamal Cain,1610612740,NOP,26.0,37,4,0.025,2,4,0.5,0.5,0.025,2,4,0.5,0.0,0,0,,2024-25,Regular Season,0-2 Feet - Very Tight
1631247,Luke Travers,1610612739,CLE,23.0,12,3,0.2,2,4,0.5,0.5,0.2,2,4,0.5,0.0,0,0,,2024-25,Regular Season,0-2 Feet - Very Tight
1641816,Hunter Tyson,1610612743,DEN,25.0,51,4,0.033,2,4,0.5,0.5,0.033,2,4,0.5,0.0,0,0,,2024-25,Regular Season,0-2 Feet - Very Tight
203967,Dario Saric,1610612743,DEN,31.0,16,4,0.071,2,4,0.5,0.5,0.071,2,4,0.5,0.0,0,0,,2024-25,Regular Season,0-2 Feet - Very Tight
1630537,Chris Duarte,1610612741,CHI,28.0,17,3,0.154,2,4,0.5,0.5,0.154,2,4,0.5,0.0,0,0,,2024-25,Regular Season,0-2 Feet - Very Tight
1630699,MarJon Beauchamp,1610612752,NYK,24.0,35,4,0.062,2,4,0.5,0.5,0.046,2,3,0.667,0.015,0,1,0.0,2024-25,Regular Season,0-2 Feet - Very Tight
1642278,Tyler Kolek,1610612752,NYK,24.0,41,4,0.049,1,4,0.25,0.25,0.049,1,4,0.25,0.0,0,0,,2024-25,Regular Season,0-2 Feet - Very Tight
1629726,Garrison Mathews,1610612737,ATL,28.0,47,4,0.016,1,4,0.25,0.25,0.016,1,4,0.25,0.0,0,0,,2024-25,Regular Season,0-2 Feet - Very Tight
1631172,Ousmane Dieng,1610612760,OKC,22.0,37,4,0.032,1,4,0.25,0.25,0.032,1,4,0.25,0.0,0,0,,2024-25,Regular Season,0-2 Feet - Very Tight
1630695,Micah Potter,1610612762,UTA,27.0,38,4,0.03,1,4,0.25,0.25,0.03,1,4,0.25,0.0,0,0,,2024-25,Regular Season,0-2 Feet - Very Tight
1629680,Matisse Thybulle,1610612757,POR,28.0,15,3,0.045,1,4,0.25,0.25,0.045,1,4,0.25,0.0,0,0,,2024-25,Regular Season,0-2 Feet - Very Tight
1641753,Chris Livingston,1610612749,MIL,21.0,21,3,0.148,1,4,0.25,0.25,0.148,1,4,0.25,0.0,0,0,,2024-25,Regular Season,0-2 Feet - Very Tight
1629001,De'Anthony Melton,1610612751,BKN,27.0,6,3,0.056,2,3,0.667,0.667,0.056,2,3,0.667,0.0,0,0,,2024-25,Regular Season,0-2 Feet - Very Tight
1629011,Mitchell Robinson,1610612752,NYK,27.0,16,3,0.058,2,3,0.667,0.667,0.058,2,3,0.667,0.0,0,0,,2024-25,Regular Season,0-2 Feet - Very Tight
1630538,Bones Hyland,1610612750,MIN,24.0,24,3,0.025,2,3,0.667,0.833,0.017,1,2,0.5,0.008,1,1,1.0,2024-25,Regular Season,0-2 Feet - Very Tight
1642352,Keshad Johnson,1610612748,MIA,24.0,16,2,0.115,2,3,0.667,0.667,0.115,2,3,0.667,0.0,0,0,,2024-25,Regular Season,0-2 Feet - Very Tight
1631466,Nate Williams,1610612745,HOU,26.0,20,3,0.048,2,3,0.667,0.667,0.048,2,3,0.667,0.0,0,0,,2024-25,Regular Season,0-2 Feet - Very Tight
1630165,Killian Hayes,1610612751,BKN,23.0,6,3,0.07,2,3,0.667,0.667,0.07,2,3,0.667,0.0,0,0,,2024-25,Regular Season,0-2 Feet - Very Tight
1642368,N'Faly Dante,1610612745,HOU,23.0,4,2,0.231,2,3,0.667,0.667,0.231,2,3,0.667,0.0,0,0,,2024-25,Regular Season,0-2 Feet - Very Tight
1641727,Dariq Whitehead,1610612751,BKN,20.0,20,3,0.031,1,3,0.333,0.333,0.031,1,3,0.333,0.0,0,0,,2024-25,Regular Season,0-2 Feet - Very Tight
203901,Elfrid Payton,1610612740,NOP,31.0,24,1,0.025,1,3,0.333,0.333,0.025,1,3,0.333,0.0,0,0,,2024-25,Regular Season,0-2 Feet - Very Tight
1641723,Kobe Bufkin,1610612737,ATL,21.0,10,2,0.064,1,3,0.333,0.333,0.064,1,3,0.333,0.0,0,0,,2024-25,Regular Season,0-2 Feet - Very Tight
1641809,Drew Peterson,1610612738,BOS,25.0,25,3,0.073,1,3,0.333,0.333,0.073,1,3,0.333,0.0,0,0,,2024-25,Regular Season,0-2 Feet - Very Tight
1629162,Jordan McLaughlin,1610612759,SAS,29.0,46,3,0.042,1,3,0.333,0.333,0.042,1,3,0.333,0.0,0,0,,2024-25,Regular Season,0-2 Feet - Very Tight
1630531,Jaden Springer,1610612762,UTA,22.0,43,3,0.033,1,3,0.333,0.333,0.033,1,3,0.333,0.0,0,0,,2024-25,Regular Season,0-2 Feet - Very Tight
1630283,Kylor Kelley,1610612747,LAL,27.0,11,2,0.136,1,3,0.333,0.333,0.136,1,3,0.333,0.0,0,0,,2024-25,Regular Season,0-2 Feet - Very Tight
202709,Cory Joseph,1610612753,ORL,33.0,50,3,0.019,1,3,0.333,0.333,0.019,1,3,0.333,0.0,0,0,,2024-25,Regular Season,0-2 Feet - Very Tight
202704,Reggie Jackson,1610612755,PHI,35.0,31,3,0.023,0,3,0.0,0.0,0.023,0,3,0.0,0.0,0,0,,2024-25,Regular Season,0-2 Feet - Very Tight
201587,Nicolas Batum,1610612746,LAC,36.0,78,3,0.013,0,3,0.0,0.0,0.004,0,1,0.0,0.008,0,2,0.0,2024-25,Regular Season,0-2 Feet - Very Tight
1642382,Branden Carlson,1610612760,OKC,26.0,32,3,0.031,0,3,0.0,0.0,0.031,0,3,0.0,0.0,0,0,,2024-25,Regular Season,0-2 Feet - Very Tight
1628470,Torrey Craig,1610612738,BOS,34.0,26,3,0.033,0,3,0.0,0.0,0.033,0,3,0.0,0.0,0,0,,2024-25,Regular Season,0-2 Feet - Very Tight
1628975,Jevon Carter,1610612741,CHI,29.0,36,3,0.021,0,3,0.0,0.0,0.021,0,3,0.0,0.0,0,0,,2024-25,Regular Season,0-2 Feet - Very Tight
203939,Dwight Powell,1610612742,DAL,33.0,55,3,0.049,0,3,0.0,0.0,0.049,0,3,0.0,0.0,0,0,,2024-25,Regular Season,0-2 Feet - Very Tight
1631116,Patrick Baldwin Jr.,1610612746,LAC,22.0,24,3,0.086,0,3,0.0,0.0,0.086,0,3,0.0,0.0,0,0,,2024-25,Regular Season,0-2 Feet - Very Tight
1628365,Markelle Fultz,1610612758,SAC,27.0,21,2,0.045,0,3,0.0,0.0,0.045,0,3,0.0,0.0,0,0,,2024-25,Regular Season,0-2 Feet - Very Tight
203926,Doug McDermott,1610612758,SAC,33.0,42,3,0.026,0,3,0.0,0.0,0.017,0,2,0.0,0.009,0,1,0.0,2024-25,Regular Season,0-2 Feet - Very Tight
1629052,Oshae Brissett,1610612755,PHI,27.0,6,2,0.051,2,2,1.0,1.0,0.051,2,2,1.0,0.0,0,0,,2024-25,Regular Season,0-2 Feet - Very Tight
1641790,PJ Hall,1610612743,DEN,23.0,19,2,0.083,2,2,1.0,1.0,0.083,2,2,1.0,0.0,0,0,,2024-25,Regular Season,0-2 Feet - Very Tight
1642050,Jackson Rowe,1610612744,GSW,28.0,6,2,0.118,2,2,1.0,1.0,0.118,2,2,1.0,0.0,0,0,,2024-25,Regular Season,0-2 Feet - Very Tight
1631216,Caleb Houstan,1610612753,ORL,22.0,58,2,0.011,2,2,1.0,1.0,0.011,2,2,1.0,0.0,0,0,,2024-25,Regular Season,0-2 Feet - Very Tight
1630543,Isaiah Jackson,1610612754,IND,23.0,5,2,0.087,1,2,0.5,0.5,0.087,1,2,0.5,0.0,0,0,,2024-25,Regular Season,0-2 Feet - Very Tight
1641734,Emoni Bates,1610612739,CLE,21.0,10,2,0.053,1,2,0.5,0.5,0.053,1,2,0.5,0.0,0,0,,2024-25,Regular Season,0-2 Feet - Very Tight
1630600,Isaiah Mobley,1610612755,PHI,25.0,1,1,0.286,1,2,0.5,0.5,0.286,1,2,0.5,0.0,0,0,,2024-25,Regular Season,0-2 Feet - Very Tight
1628995,Kevin Knox II,1610612744,GSW,25.0,14,2,0.056,1,2,0.5,0.5,0.056,1,2,0.5,0.0,0,0,,2024-25,Regular Season,0-2 Feet - Very Tight
1641725,Trey Alexander,1610612743,DEN,22.0,24,1,0.049,1,2,0.5,0.5,0.049,1,2,0.5,0.0,0,0,,2024-25,Regular Season,0-2 Feet - Very Tight
1642384,Isaiah Crawford,1610612758,SAC,23.0,15,2,0.182,1,2,0.5,0.5,0.182,1,2,0.5,0.0,0,0,,2024-25,Regular Season,0-2 Feet - Very Tight
1631301,Jaylen Sims,1610612766,CHA,26.0,6,2,0.071,1,2,0.5,0.5,0.071,1,2,0.5,0.0,0,0,,2024-25,Regular Season,0-2 Feet - Very Tight
1642285,Cam Spencer,1610612763,MEM,25.0,25,2,0.024,1,2,0.5,0.5,0.024,1,2,0.5,0.0,0,0,,2024-25,Regular Season,0-2 Feet - Very Tight
1630623,Tyson Etienne,1610612751,BKN,25.0,7,2,0.038,0,2,0.0,0.0,0.038,0,2,0.0,0.0,0,0,,2024-25,Regular Season,0-2 Feet - Very Tight
1642359,Pacôme Dadiet,1610612752,NYK,19.0,18,2,0.065,0,2,0.0,0.0,0.065,0,2,0.0,0.0,0,0,,2024-25,Regular Season,0-2 Feet - Very Tight
201988,Patty Mills,1610612746,LAC,36.0,29,2,0.021,0,2,0.0,0.0,0.01,0,1,0.0,0.01,0,1,0.0,2024-25,Regular Season,0-2 Feet - Very Tight
1630762,Phillip Wheeler,1610612755,PHI,23.0,5,2,0.095,0,2,0.0,0.0,0.095,0,2,0.0,0.0,0,0,,2024-25,Regular Season,0-2 Feet - Very Tight
1628427,Vlatko Čančar,1610612743,DEN,28.0,13,2,0.077,0,2,0.0,0.0,0.077,0,2,0.0,0.0,0,0,,2024-25,Regular Season,0-2 Feet - Very Tight
1642461,Spencer Jones,1610612743,DEN,24.0,20,2,0.059,0,2,0.0,0.0,0.059,0,2,0.0,0.0,0,0,,2024-25,Regular Season,0-2 Feet - Very Tight
1641745,Adam Flagler,1610612760,OKC,25.0,37,2,0.021,0,2,0.0,0.0,0.021,0,2,0.0,0.0,0,0,,2024-25,Regular Season,0-2 Feet - Very Tight
1630205,Lamar Stevens,1610612763,MEM,27.0,17,2,0.032,0,2,0.0,0.0,0.032,0,2,0.0,0.0,0,0,,2024-25,Regular Season,0-2 Feet - Very Tight
201145,Jeff Green,1610612745,HOU,38.0,32,2,0.017,0,2,0.0,0.0,0.017,0,2,0.0,0.0,0,0,,2024-25,Regular Season,0-2 Feet - Very Tight
1631306,Cole Swider,1610612754,IND,26.0,10,2,0.032,0,2,0.0,0.0,0.032,0,2,0.0,0.0,0,0,,2024-25,Regular Season,0-2 Feet - Very Tight
1630649,Stanley Umude,1610612749,MIL,26.0,22,2,0.077,0,2,0.0,0.0,0.077,0,2,0.0,0.0,0,0,,2024-25,Regular Season,0-2 Feet - Very Tight
1631303,Justin Minaya,1610612757,POR,26.0,19,2,0.095,0,2,0.0,0.0,0.095,0,2,0.0,0.0,0,0,,2024-25,Regular Season,0-2 Feet - Very Tight
1641766,Adama Sanogo,1610612741,CHI,23.0,4,1,0.143,1,1,1.0,1.0,0.143,1,1,1.0,0.0,0,0,,2024-25,Regular Season,0-2 Feet - Very Tight
1626196,Josh Richardson,1610612748,MIA,31.0,8,1,0.026,1,1,1.0,1.0,0.026,1,1,1.0,0.0,0,0,,2024-25,Regular Season,0-2 Feet - Very Tight
1641857,Liam Robbins,1610612749,MIL,25.0,13,1,0.125,1,1,1.0,1.0,0.125,1,1,1.0,0.0,0,0,,2024-25,Regular Season,0-2 Feet - Very Tight
204060,Joe Ingles,1610612750,MIN,37.0,19,1,0.043,1,1,1.0,1.0,0.043,1,1,1.0,0.0,0,0,,2024-25,Regular Season,0-2 Feet - Very Tight
1642422,Armel Traore,1610612747,LAL,22.0,9,1,0.053,1,1,1.0,1.0,0.053,1,1,1.0,0.0,0,0,,2024-25,Regular Season,0-2 Feet - Very Tight
1631386,Taze Moore,1610612757,POR,27.0,2,1,0.1,1,1,1.0,1.0,0.1,1,1,1.0,0.0,0,0,,2024-25,Regular Season,0-2 Feet - Very Tight
202693,Markieff Morris,1610612747,LAL,35.0,15,1,0.014,1,1,1.0,1.0,0.014,1,1,1.0,0.0,0,0,,2024-25,Regular Season,0-2 Feet - Very Tight
1630585,Marcus Garrett,1610612766,CHA,26.0,4,1,0.037,1,1,1.0,1.0,0.037,1,1,1.0,0.0,0,0,,2024-25,Regular Season,0-2 Feet - Very Tight
1641720,Jalen Hood-Schifino,1610612755,PHI,22.0,15,1,0.01,1,1,1.0,1.0,0.01,1,1,1.0,0.0,0,0,,2024-25,Regular Season,0-2 Feet - Very Tight
1641755,Kevin McCullar Jr.,1610612752,NYK,24.0,4,1,0.143,1,1,1.0,1.0,0.143,1,1,1.0,0.0,0,0,,2024-25,Regular Season,0-2 Feet - Very Tight
1631342,Daeqwon Plowden,1610612737,ATL,26.0,6,1,0.04,1,1,1.0,1.0,0.04,1,1,1.0,0.0,0,0,,2024-25,Regular Season,0-2 Feet - Very Tight
1630561,David Duke Jr.,1610612759,SAS,25.0,6,1,0.071,1,1,1.0,1.0,0.071,1,1,1.0,0.0,0,0,,2024-25,Regular Season,0-2 Feet - Very Tight
1630201,Malachi Flynn,1610612759,SAS,27.0,4,1,0.077,1,1,1.0,1.0,0.077,1,1,1.0,0.0,0,0,,2024-25,Regular Season,0-2 Feet - Very Tight
101108,Chris Paul,1610612759,SAS,40.0,82,1,0.002,0,1,0.0,0.0,0.0,0,0,,0.002,0,1,0.0,2024-25,Regular Season,0-2 Feet - Very Tight
1642385,Cui Cui,1610612751,BKN,22.0,5,1,0.143,0,1,0.0,0.0,0.143,0,1,0.0,0.0,0,0,,2024-25,Regular Season,0-2 Feet - Very Tight
1631102,TyTy Washington Jr.,1610612756,PHX,23.0,16,1,0.022,0,1,0.0,0.0,0.022,0,1,0.0,0.0,0,0,,2024-25,Regular Season,0-2 Feet - Very Tight
1630618,D.J. Carton,1610612761,TOR,24.0,4,1,0.143,0,1,0.0,0.0,0.143,0,1,0.0,0.0,0,0,,2024-25,Regular Season,0-2 Feet - Very Tight
1631120,JD Davison,1610612738,BOS,22.0,16,1,0.029,0,1,0.0,0.0,0.029,0,1,0.0,0.0,0,0,,2024-25,Regular Season,0-2 Feet - Very Tight
1631250,Pete Nance,1610612749,MIL,25.0,13,1,0.031,0,1,0.0,0.0,0.031,0,1,0.0,0.0,0,0,,2024-25,Regular Season,0-2 Feet - Very Tight
1629669,Jaylen Nowell,1610612764,WAS,25.0,8,1,0.014,0,1,0.0,0.0,0.014,0,1,0.0,0.0,0,0,,2024-25,Regular Season,0-2 Feet - Very Tight
1631121,Bryce McGowens,1610612757,POR,22.0,13,1,0.071,0,1,0.0,0.0,0.071,0,1,0.0,0.0,0,0,,2024-25,Regular Season,0-2 Feet - Very Tight
1631248,Baylor Scheierman,1610612738,BOS,24.0,31,1,0.009,0,1,0.0,0.0,0.009,0,1,0.0,0.0,0,0,,2024-25,Regular Season,0-2 Feet - Very Tight
1641817,Anton Watson,1610612752,NYK,24.0,9,1,0.111,0,1,0.0,0.0,0.111,0,1,0.0,0.0,0,0,,2024-25,Regular Season,0-2 Feet - Very Tight
1642502,Malevy Leons,1610612760,OKC,25.0,6,1,0.5,0,1,0.0,0.0,0.5,0,1,0.0,0.0,0,0,,2024-25,Regular Season,0-2 Feet - Very Tight
1631321,Sidy Cissoko,1610612757,POR,21.0,22,1,0.033,0,1,0.0,0.0,0.033,0,1,0.0,0.0,0,0,,2024-25,Regular Season,0-2 Feet - Very Tight
1642353,Cam Christie,1610612746,LAC,19.0,13,1,0.042,0,1,0.0,0.0,0.042,0,1,0.0,0.0,0,0,,2024-25,Regular Season,0-2 Feet - Very Tight
1630296,Braxton Key,1610612744,GSW,28.0,3,1,0.25,0,1,0.0,0.0,0.25,0,1,0.0,0.0,0,0,,2024-25,Regular Season,0-2 Feet - Very Tight
1641801,Emanuel Miller,1610612741,CHI,25.0,6,1,0.125,0,1,0.0,0.0,0.125,0,1,0.0,0.0,0,0,,2024-25,Regular Season,0-2 Feet - Very Tight
1630214,Xavier Tillman,1610612738,BOS,26.0,33,1,0.019,0,1,0.0,0.0,0.019,0,1,0.0,0.0,0,0,,2024-25,Regular Season,0-2 Feet - Very Tight
1631159,Leonard Miller,1610612750,MIN,21.0,13,1,0.067,0,1,0.0,0.0,0.067,0,1,0.0,0.0,0,0,,2024-25,Regular Season,0-2 Feet - Very Tight
1642505,Alex Ducas,1610612760,OKC,24.0,21,1,0.033,0,1,0.0,0.0,0.033,0,1,0.0,0.0,0,0,,2024-25,Regular Season,0-2 Feet - Very Tight
1642450,Daniss Jenkins,1610612765,DET,23.0,7,1,0.1,0,1,0.0,0.0,0.1,0,1,0.0,0.0,0,0,,2024-25,Regular Season,0-2 Feet - Very Tight
201935,James Harden,1610612746,LAC,35.0,79,79,0.577,302,747,0.404,0.467,0.334,208,433,0.48,0.242,94,314,0.299,2024-25,Regular Season,2-4 Feet - Tight
201942,DeMar DeRozan,1610612758,SAC,35.0,77,77,0.563,365,737,0.495,0.505,0.526,350,688,0.509,0.037,15,49,0.306,2024-25,Regular Season,2-4 Feet - Tight
1630595,Cade Cunningham,1610612765,DET,23.0,70,70,0.505,355,735,0.483,0.499,0.451,331,657,0.504,0.054,24,78,0.308,2024-25,Regular Season,2-4 Feet - Tight
203999,Nikola Jokić,1610612743,DEN,30.0,70,70,0.527,430,718,0.599,0.602,0.509,425,694,0.612,0.018,5,24,0.208,2024-25,Regular Season,2-4 Feet - Tight
203507,Giannis Antetokounmpo,1610612749,MIL,30.0,67,67,0.519,452,684,0.661,0.661,0.517,452,682,0.663,0.002,0,2,0.0,2024-25,Regular Season,2-4 Feet - Tight
1628369,Jayson Tatum,1610612738,BOS,27.0,72,71,0.454,309,654,0.472,0.521,0.295,246,425,0.579,0.159,63,229,0.275,2024-25,Regular Season,2-4 Feet - Tight
1628983,Shai Gilgeous-Alexander,1610612760,OKC,26.0,76,75,0.382,368,633,0.581,0.593,0.35,353,580,0.609,0.032,15,53,0.283,2024-25,Regular Season,2-4 Feet - Tight
201142,Kevin Durant,1610612756,PHX,36.0,62,62,0.563,337,633,0.532,0.582,0.431,274,484,0.566,0.133,63,149,0.423,2024-25,Regular Season,2-4 Feet - Tight
1628991,Jaren Jackson Jr.,1610612763,MEM,25.0,73,72,0.527,339,631,0.537,0.538,0.518,338,620,0.545,0.009,1,11,0.091,2024-25,Regular Season,2-4 Feet - Tight
1626157,Karl-Anthony Towns,1610612752,NYK,29.0,71,71,0.512,353,616,0.573,0.58,0.495,345,596,0.579,0.017,8,20,0.4,2024-25,Regular Season,2-4 Feet - Tight
1630578,Alperen Sengun,1610612745,HOU,22.0,76,75,0.538,313,615,0.509,0.51,0.535,312,611,0.511,0.003,1,4,0.25,2024-25,Regular Season,2-4 Feet - Tight
1626164,Devin Booker,1610612756,PHX,28.0,75,75,0.43,271,610,0.444,0.479,0.323,229,459,0.499,0.106,42,151,0.278,2024-25,Regular Season,2-4 Feet - Tight
1629639,Tyler Herro,1610612748,MIA,25.0,77,76,0.44,292,607,0.481,0.528,0.308,235,424,0.554,0.133,57,183,0.311,2024-25,Regular Season,2-4 Feet - Tight
1630162,Anthony Edwards,1610612750,MIN,23.0,79,79,0.377,282,607,0.465,0.51,0.269,227,434,0.523,0.107,55,173,0.318,2024-25,Regular Season,2-4 Feet - Tight
1627826,Ivica Zubac,1610612746,LAC,28.0,80,80,0.644,376,605,0.621,0.621,0.644,376,605,0.621,0.0,0,0,,2024-25,Regular Season,2-4 Feet - Tight
1630532,Franz Wagner,1610612753,ORL,23.0,60,60,0.468,288,543,0.53,0.537,0.444,281,516,0.545,0.023,7,27,0.259,2024-25,Regular Season,2-4 Feet - Tight
1630224,Jalen Green,1610612745,HOU,23.0,82,82,0.36,231,517,0.447,0.48,0.278,197,399,0.494,0.082,34,118,0.288,2024-25,Regular Season,2-4 Feet - Tight
1628378,Donovan Mitchell,1610612739,CLE,28.0,71,71,0.39,236,515,0.458,0.487,0.299,206,395,0.522,0.091,30,120,0.25,2024-25,Regular Season,2-4 Feet - Tight
1628973,Jalen Brunson,1610612752,NYK,28.0,64,64,0.43,266,506,0.526,0.548,0.386,243,454,0.535,0.044,23,52,0.442,2024-25,Regular Season,2-4 Feet - Tight
1630596,Evan Mobley,1610612739,CLE,24.0,71,71,0.547,304,496,0.613,0.617,0.529,300,479,0.626,0.019,4,17,0.235,2024-25,Regular Season,2-4 Feet - Tight
1629027,Trae Young,1610612737,ATL,26.0,76,76,0.355,217,489,0.444,0.462,0.316,199,435,0.457,0.039,18,54,0.333,2024-25,Regular Season,2-4 Feet - Tight
2544,LeBron James,1610612747,LAL,40.0,70,70,0.381,276,484,0.57,0.584,0.346,263,440,0.598,0.035,13,44,0.295,2024-25,Regular Season,2-4 Feet - Tight
1627759,Jaylen Brown,1610612738,BOS,28.0,63,61,0.433,257,479,0.537,0.551,0.386,243,426,0.57,0.048,14,53,0.264,2024-25,Regular Season,2-4 Feet - Tight
1627783,Pascal Siakam,1610612754,IND,31.0,78,77,0.404,277,477,0.581,0.586,0.389,272,460,0.591,0.014,5,17,0.294,2024-25,Regular Season,2-4 Feet - Tight
1630567,Scottie Barnes,1610612761,TOR,23.0,65,65,0.444,224,471,0.476,0.479,0.435,221,462,0.478,0.008,3,9,0.333,2024-25,Regular Season,2-4 Feet - Tight
203076,Anthony Davis,1610612742,DAL,32.0,51,51,0.516,260,470,0.553,0.553,0.511,260,465,0.559,0.005,0,5,0.0,2024-25,Regular Season,2-4 Feet - Tight
1628389,Bam Adebayo,1610612748,MIA,27.0,78,78,0.422,246,470,0.523,0.527,0.408,243,454,0.535,0.014,3,16,0.188,2024-25,Regular Season,2-4 Feet - Tight
1626181,Norman Powell,1610612746,LAC,32.0,60,60,0.496,232,469,0.495,0.536,0.377,193,356,0.542,0.12,39,113,0.345,2024-25,Regular Season,2-4 Feet - Tight
1628970,Miles Bridges,1610612766,CHA,27.0,64,64,0.428,227,466,0.487,0.496,0.389,219,424,0.517,0.039,8,42,0.19,2024-25,Regular Season,2-4 Feet - Tight
1629008,Michael Porter Jr.,1610612743,DEN,27.0,77,76,0.445,245,461,0.531,0.59,0.297,191,307,0.622,0.149,54,154,0.351,2024-25,Regular Season,2-4 Feet - Tight
1627734,Domantas Sabonis,1610612758,SAC,29.0,70,68,0.51,299,455,0.657,0.657,0.507,299,453,0.66,0.002,0,2,0.0,2024-25,Regular Season,2-4 Feet - Tight
1630700,Dyson Daniels,1610612737,ATL,22.0,76,76,0.492,229,454,0.504,0.506,0.485,228,448,0.509,0.007,1,6,0.167,2024-25,Regular Season,2-4 Feet - Tight
202681,Kyrie Irving,1610612742,DAL,33.0,50,50,0.477,220,451,0.488,0.511,0.394,199,372,0.535,0.084,21,79,0.266,2024-25,Regular Season,2-4 Feet - Tight
1629628,RJ Barrett,1610612761,TOR,25.0,58,58,0.459,232,450,0.516,0.517,0.449,231,440,0.525,0.01,1,10,0.1,2024-25,Regular Season,2-4 Feet - Tight
1631114,Jalen Williams,1610612760,OKC,24.0,69,69,0.366,217,428,0.507,0.509,0.354,215,413,0.521,0.013,2,15,0.133,2024-25,Regular Season,2-4 Feet - Tight
1629014,Anfernee Simons,1610612757,POR,26.0,70,69,0.378,197,425,0.464,0.493,0.296,172,333,0.517,0.082,25,92,0.272,2024-25,Regular Season,2-4 Feet - Tight
201939,Stephen Curry,1610612744,GSW,37.0,70,70,0.338,184,425,0.433,0.496,0.217,130,273,0.476,0.121,54,152,0.355,2024-25,Regular Season,2-4 Feet - Tight
1630217,Desmond Bane,1610612753,ORL,27.0,68,68,0.415,203,415,0.489,0.51,0.355,186,355,0.524,0.06,17,60,0.283,2024-25,Regular Season,2-4 Feet - Tight
202696,Nikola Vucevic,1610612741,CHI,34.0,73,73,0.399,242,414,0.585,0.585,0.397,242,412,0.587,0.002,0,2,0.0,2024-25,Regular Season,2-4 Feet - Tight
203897,Zach LaVine,1610612758,SAC,30.0,74,74,0.338,224,413,0.542,0.579,0.28,194,343,0.566,0.057,30,70,0.429,2024-25,Regular Season,2-4 Feet - Tight
1629636,Darius Garland,1610612739,CLE,25.0,75,74,0.352,213,413,0.516,0.53,0.313,201,368,0.546,0.038,12,45,0.267,2024-25,Regular Season,2-4 Feet - Tight
1628386,Jarrett Allen,1610612739,CLE,27.0,82,81,0.638,291,408,0.713,0.713,0.638,291,408,0.713,0.0,0,0,,2024-25,Regular Season,2-4 Feet - Tight
1641718,Keyonte George,1610612762,UTA,21.0,67,67,0.443,167,407,0.41,0.461,0.314,126,289,0.436,0.128,41,118,0.347,2024-25,Regular Season,2-4 Feet - Tight
1628368,De'Aaron Fox,1610612759,SAS,27.0,62,62,0.345,229,401,0.571,0.581,0.327,221,380,0.582,0.018,8,21,0.381,2024-25,Regular Season,2-4 Feet - Tight
203944,Julius Randle,1610612750,MIN,30.0,69,69,0.426,215,400,0.538,0.545,0.403,209,378,0.553,0.023,6,22,0.273,2024-25,Regular Season,2-4 Feet - Tight
1630168,Onyeka Okongwu,1610612737,ATL,24.0,74,74,0.58,243,397,0.612,0.613,0.573,242,392,0.617,0.007,1,5,0.2,2024-25,Regular Season,2-4 Feet - Tight
1642264,Stephon Castle,1610612759,SAS,20.0,81,80,0.401,197,396,0.497,0.497,0.392,197,387,0.509,0.009,0,9,0.0,2024-25,Regular Season,2-4 Feet - Tight
1627736,Malik Beasley,1610612765,DET,28.0,82,82,0.37,159,396,0.402,0.504,0.164,78,175,0.446,0.207,81,221,0.367,2024-25,Regular Season,2-4 Feet - Tight
203468,CJ McCollum,1610612740,NOP,33.0,56,56,0.395,191,395,0.484,0.523,0.304,160,304,0.526,0.091,31,91,0.341,2024-25,Regular Season,2-4 Feet - Tight
1631094,Paolo Banchero,1610612753,ORL,22.0,46,46,0.432,204,394,0.518,0.53,0.395,194,360,0.539,0.037,10,34,0.294,2024-25,Regular Season,2-4 Feet - Tight
1630178,Tyrese Maxey,1610612755,PHI,24.0,52,52,0.356,188,388,0.485,0.501,0.32,175,349,0.501,0.036,13,39,0.333,2024-25,Regular Season,2-4 Feet - Tight
1631101,Shaedon Sharpe,1610612757,POR,22.0,72,70,0.35,219,386,0.567,0.584,0.318,206,351,0.587,0.032,13,35,0.371,2024-25,Regular Season,2-4 Feet - Tight
1641708,Amen Thompson,1610612745,HOU,22.0,69,68,0.552,224,385,0.582,0.582,0.544,224,379,0.591,0.009,0,6,0.0,2024-25,Regular Season,2-4 Feet - Tight
1629640,Keldon Johnson,1610612759,SAS,25.0,77,74,0.488,202,376,0.537,0.539,0.47,201,362,0.555,0.018,1,14,0.071,2024-25,Regular Season,2-4 Feet - Tight
1631097,Bennedict Mathurin,1610612754,IND,23.0,72,70,0.438,173,374,0.463,0.471,0.407,167,347,0.481,0.032,6,27,0.222,2024-25,Regular Season,2-4 Feet - Tight
1628384,OG Anunoby,1610612752,NYK,27.0,73,72,0.369,197,373,0.528,0.539,0.329,189,332,0.569,0.041,8,41,0.195,2024-25,Regular Season,2-4 Feet - Tight
1631105,Jalen Duren,1610612765,DET,21.0,78,76,0.681,254,372,0.683,0.683,0.681,254,372,0.683,0.0,0,0,,2024-25,Regular Season,2-4 Feet - Tight
1629627,Zion Williamson,1610612740,NOP,24.0,30,30,0.732,211,372,0.567,0.567,0.73,211,371,0.569,0.002,0,1,0.0,2024-25,Regular Season,2-4 Feet - Tight
202685,Jonas Valančiūnas,1610612758,SAC,33.0,81,79,0.581,203,364,0.558,0.558,0.581,203,364,0.558,0.0,0,0,,2024-25,Regular Season,2-4 Feet - Tight
1631128,Christian Braun,1610612743,DEN,24.0,79,77,0.444,228,360,0.633,0.635,0.439,227,356,0.638,0.005,1,4,0.25,2024-25,Regular Season,2-4 Feet - Tight
1629675,Naz Reid,1610612750,MIN,25.0,80,79,0.387,191,357,0.535,0.545,0.371,184,342,0.538,0.016,7,15,0.467,2024-25,Regular Season,2-4 Feet - Tight
1626162,Kelly Oubre Jr.,1610612755,PHI,29.0,60,60,0.482,187,357,0.524,0.528,0.457,184,339,0.543,0.024,3,18,0.167,2024-25,Regular Season,2-4 Feet - Tight
203497,Rudy Gobert,1610612750,MIN,33.0,72,71,0.692,226,353,0.64,0.64,0.692,226,353,0.64,0.0,0,0,,2024-25,Regular Season,2-4 Feet - Tight
203952,Andrew Wiggins,1610612748,MIA,30.0,60,60,0.415,163,348,0.468,0.484,0.373,152,313,0.486,0.042,11,35,0.314,2024-25,Regular Season,2-4 Feet - Tight
1629029,Luka Doncic,1610612747,LAL,26.0,50,50,0.338,182,346,0.526,0.558,0.281,160,288,0.556,0.057,22,58,0.379,2024-25,Regular Season,2-4 Feet - Tight
1628398,Kyle Kuzma,1610612749,MIL,29.0,65,65,0.407,182,345,0.528,0.535,0.386,177,327,0.541,0.021,5,18,0.278,2024-25,Regular Season,2-4 Feet - Tight
1627750,Jamal Murray,1610612743,DEN,28.0,67,65,0.311,179,344,0.52,0.535,0.276,169,305,0.554,0.035,10,39,0.256,2024-25,Regular Season,2-4 Feet - Tight
1629630,Ja Morant,1610612763,MEM,25.0,49,49,0.396,187,343,0.545,0.547,0.386,186,335,0.555,0.009,1,8,0.125,2024-25,Regular Season,2-4 Feet - Tight
1630163,LaMelo Ball,1610612766,CHA,23.0,47,47,0.34,150,341,0.44,0.46,0.29,136,291,0.467,0.05,14,50,0.28,2024-25,Regular Season,2-4 Feet - Tight
1629673,Jordan Poole,1610612764,WAS,26.0,68,68,0.322,164,340,0.482,0.522,0.252,137,266,0.515,0.07,27,74,0.365,2024-25,Regular Season,2-4 Feet - Tight
1642274,Yves Missi,1610612740,NOP,21.0,73,71,0.688,176,338,0.521,0.521,0.686,176,337,0.522,0.002,0,1,0.0,2024-25,Regular Season,2-4 Feet - Tight
1630559,Austin Reaves,1610612747,LAL,27.0,73,72,0.326,173,338,0.512,0.54,0.267,154,277,0.556,0.059,19,61,0.311,2024-25,Regular Season,2-4 Feet - Tight
1628969,Mikal Bridges,1610612752,NYK,28.0,81,78,0.287,186,335,0.555,0.597,0.216,158,253,0.625,0.07,28,82,0.341,2024-25,Regular Season,2-4 Feet - Tight
1629012,Collin Sexton,1610612762,UTA,26.0,63,60,0.386,154,335,0.46,0.466,0.362,150,314,0.478,0.024,4,21,0.19,2024-25,Regular Season,2-4 Feet - Tight
1630230,Naji Marshall,1610612742,DAL,27.0,69,67,0.466,196,332,0.59,0.593,0.456,194,325,0.597,0.01,2,7,0.286,2024-25,Regular Season,2-4 Feet - Tight
1629632,Coby White,1610612741,CHI,25.0,74,73,0.295,183,331,0.553,0.566,0.27,174,303,0.574,0.025,9,28,0.321,2024-25,Regular Season,2-4 Feet - Tight
202699,Tobias Harris,1610612765,DET,32.0,73,73,0.407,170,328,0.518,0.526,0.38,165,306,0.539,0.027,5,22,0.227,2024-25,Regular Season,2-4 Feet - Tight
1630170,Devin Vassell,1610612759,SAS,24.0,64,64,0.367,149,326,0.457,0.506,0.269,117,239,0.49,0.098,32,87,0.368,2024-25,Regular Season,2-4 Feet - Tight
1628370,Malik Monk,1610612758,SAC,27.0,65,65,0.345,164,324,0.506,0.517,0.315,157,296,0.53,0.03,7,28,0.25,2024-25,Regular Season,2-4 Feet - Tight
1630166,Deni Avdija,1610612757,POR,24.0,72,71,0.383,181,323,0.56,0.568,0.371,176,313,0.562,0.012,5,10,0.5,2024-25,Regular Season,2-4 Feet - Tight
1630183,Jaden McDaniels,1610612750,MIN,24.0,82,76,0.386,180,322,0.559,0.564,0.376,177,314,0.564,0.01,3,8,0.375,2024-25,Regular Season,2-4 Feet - Tight
1642259,Alex Sarr,1610612764,WAS,20.0,67,65,0.389,139,322,0.432,0.435,0.373,137,309,0.443,0.016,2,13,0.154,2024-25,Regular Season,2-4 Feet - Tight
1629651,Nic Claxton,1610612751,BKN,26.0,70,70,0.562,176,319,0.552,0.552,0.562,176,319,0.552,0.0,0,0,,2024-25,Regular Season,2-4 Feet - Tight
1628404,Josh Hart,1610612752,NYK,30.0,76,74,0.412,189,315,0.6,0.606,0.392,185,300,0.617,0.02,4,15,0.267,2024-25,Regular Season,2-4 Feet - Tight
201566,Russell Westbrook,1610612743,DEN,36.0,75,71,0.387,165,315,0.524,0.527,0.382,163,311,0.524,0.005,2,4,0.5,2024-25,Regular Season,2-4 Feet - Tight
1629656,Quentin Grimes,1610612755,PHI,25.0,75,70,0.383,145,315,0.46,0.5,0.271,120,223,0.538,0.112,25,92,0.272,2024-25,Regular Season,2-4 Feet - Tight
1630581,Josh Giddey,1610612741,CHI,22.0,70,68,0.397,165,314,0.525,0.53,0.392,162,310,0.523,0.005,3,4,0.75,2024-25,Regular Season,2-4 Feet - Tight
1629023,P.J. Washington,1610612742,DAL,26.0,57,56,0.468,155,311,0.498,0.514,0.442,145,294,0.493,0.026,10,17,0.588,2024-25,Regular Season,2-4 Feet - Tight
1627751,Jakob Poeltl,1610612761,TOR,29.0,57,57,0.534,192,309,0.621,0.621,0.534,192,309,0.621,0.0,0,0,,2024-25,Regular Season,2-4 Feet - Tight
1631109,Mark Williams,1610612766,CHA,23.0,44,44,0.678,185,303,0.611,0.611,0.678,185,303,0.611,0.0,0,0,,2024-25,Regular Season,2-4 Feet - Tight
203081,Damian Lillard,1610612749,MIL,34.0,58,57,0.304,150,302,0.497,0.556,0.217,114,215,0.53,0.088,36,87,0.414,2024-25,Regular Season,2-4 Feet - Tight
202710,Jimmy Butler III,1610612744,GSW,35.0,55,52,0.499,159,298,0.534,0.537,0.487,157,291,0.54,0.012,2,7,0.286,2024-25,Regular Season,2-4 Feet - Tight
1641705,Victor Wembanyama,1610612759,SAS,21.0,46,45,0.345,167,296,0.564,0.59,0.289,152,248,0.613,0.056,15,48,0.313,2024-25,Regular Season,2-4 Feet - Tight
203471,Dennis Schröder,1610612765,DET,31.0,75,73,0.352,126,291,0.433,0.433,0.339,126,280,0.45,0.013,0,11,0.0,2024-25,Regular Season,2-4 Feet - Tight
1629655,Daniel Gafford,1610612742,DAL,26.0,57,55,0.72,202,290,0.697,0.697,0.72,202,290,0.697,0.0,0,0,,2024-25,Regular Season,2-4 Feet - Tight
204456,T.J. McConnell,1610612754,IND,33.0,79,77,0.458,145,286,0.507,0.509,0.455,144,284,0.507,0.003,1,2,0.5,2024-25,Regular Season,2-4 Feet - Tight
1641710,Anthony Black,1610612753,ORL,21.0,78,73,0.457,121,284,0.426,0.426,0.449,121,279,0.434,0.008,0,5,0.0,2024-25,Regular Season,2-4 Feet - Tight
1629631,De'Andre Hunter,1610612739,CLE,27.0,64,63,0.372,137,282,0.486,0.504,0.324,127,246,0.516,0.047,10,36,0.278,2024-25,Regular Season,2-4 Feet - Tight
1641709,Ausar Thompson,1610612765,DET,22.0,59,58,0.611,155,281,0.552,0.553,0.602,154,277,0.556,0.009,1,4,0.25,2024-25,Regular Season,2-4 Feet - Tight
1629130,Duncan Robinson,1610612748,MIA,31.0,74,74,0.424,117,281,0.416,0.505,0.193,67,128,0.523,0.231,50,153,0.327,2024-25,Regular Season,2-4 Feet - Tight
1630553,Keon Johnson,1610612751,BKN,23.0,79,76,0.359,106,280,0.379,0.382,0.313,104,244,0.426,0.046,2,36,0.056,2024-25,Regular Season,2-4 Feet - Tight
1630169,Tyrese Haliburton,1610612754,IND,25.0,73,69,0.277,141,279,0.505,0.522,0.239,132,240,0.55,0.039,9,39,0.231,2024-25,Regular Season,2-4 Feet - Tight
202691,Klay Thompson,1610612742,DAL,35.0,72,69,0.317,119,278,0.428,0.504,0.176,77,154,0.5,0.141,42,124,0.339,2024-25,Regular Season,2-4 Feet - Tight
203915,Spencer Dinwiddie,1610612742,DAL,32.0,79,69,0.406,122,277,0.44,0.475,0.327,103,223,0.462,0.079,19,54,0.352,2024-25,Regular Season,2-4 Feet - Tight
1630530,Trey Murphy III,1610612740,NOP,25.0,53,51,0.327,125,274,0.456,0.467,0.288,119,242,0.492,0.038,6,32,0.188,2024-25,Regular Season,2-4 Feet - Tight
1642258,Zaccharie Risacher,1610612737,ATL,20.0,75,73,0.346,129,270,0.478,0.48,0.335,128,261,0.49,0.012,1,9,0.111,2024-25,Regular Season,2-4 Feet - Tight
203991,Clint Capela,1610612737,ATL,31.0,55,55,0.669,140,261,0.536,0.536,0.669,140,261,0.536,0.0,0,0,,2024-25,Regular Season,2-4 Feet - Tight
1630703,Scoot Henderson,1610612757,POR,21.0,66,62,0.38,123,260,0.473,0.487,0.355,116,243,0.477,0.025,7,17,0.412,2024-25,Regular Season,2-4 Feet - Tight
1631117,Walker Kessler,1610612762,UTA,23.0,58,57,0.617,187,259,0.722,0.722,0.614,187,258,0.725,0.002,0,1,0.0,2024-25,Regular Season,2-4 Feet - Tight
1626179,Terry Rozier,1610612748,MIA,31.0,64,62,0.408,107,259,0.413,0.431,0.337,98,214,0.458,0.071,9,45,0.2,2024-25,Regular Season,2-4 Feet - Tight
1641744,Zach Edey,1610612763,MEM,23.0,65,64,0.6,156,257,0.607,0.607,0.598,156,256,0.609,0.002,0,1,0.0,2024-25,Regular Season,2-4 Feet - Tight
202695,Kawhi Leonard,1610612746,LAC,34.0,37,37,0.411,126,256,0.492,0.508,0.376,118,234,0.504,0.035,8,22,0.364,2024-25,Regular Season,2-4 Feet - Tight
1629660,Ty Jerome,1610612739,CLE,27.0,70,67,0.413,128,255,0.502,0.502,0.393,128,243,0.527,0.019,0,12,0.0,2024-25,Regular Season,2-4 Feet - Tight
1631110,Jeremy Sochan,1610612759,SAS,22.0,54,54,0.542,145,254,0.571,0.573,0.535,144,251,0.574,0.006,1,3,0.333,2024-25,Regular Season,2-4 Feet - Tight
1630598,Aaron Wiggins,1610612760,OKC,26.0,76,71,0.348,137,253,0.542,0.542,0.334,137,243,0.564,0.014,0,10,0.0,2024-25,Regular Season,2-4 Feet - Tight
1641711,Gradey Dick,1610612761,TOR,21.0,54,53,0.389,95,252,0.377,0.391,0.314,88,203,0.433,0.076,7,49,0.143,2024-25,Regular Season,2-4 Feet - Tight
1642268,Isaiah Collier,1610612762,UTA,20.0,71,63,0.449,123,249,0.494,0.5,0.431,120,239,0.502,0.018,3,10,0.3,2024-25,Regular Season,2-4 Feet - Tight
1628374,Lauri Markkanen,1610612762,UTA,28.0,47,47,0.356,119,249,0.478,0.514,0.273,101,191,0.529,0.083,18,58,0.31,2024-25,Regular Season,2-4 Feet - Tight
1641731,Bilal Coulibaly,1610612764,WAS,20.0,59,57,0.397,112,248,0.452,0.452,0.389,112,243,0.461,0.008,0,5,0.0,2024-25,Regular Season,2-4 Feet - Tight
1630228,Jonathan Kuminga,1610612744,GSW,22.0,47,46,0.434,126,246,0.512,0.514,0.422,125,239,0.523,0.012,1,7,0.143,2024-25,Regular Season,2-4 Feet - Tight
1642276,Kel'el Ware,1610612748,MIA,21.0,64,61,0.526,149,244,0.611,0.617,0.504,146,234,0.624,0.022,3,10,0.3,2024-25,Regular Season,2-4 Feet - Tight
1628381,John Collins,1610612762,UTA,27.0,40,40,0.46,136,244,0.557,0.561,0.441,134,234,0.573,0.019,2,10,0.2,2024-25,Regular Season,2-4 Feet - Tight
1626167,Myles Turner,1610612754,IND,29.0,72,70,0.298,129,242,0.533,0.537,0.285,127,231,0.55,0.014,2,11,0.182,2024-25,Regular Season,2-4 Feet - Tight
1630590,Scotty Pippen Jr.,1610612763,MEM,24.0,78,70,0.409,129,242,0.533,0.537,0.393,127,232,0.547,0.017,2,10,0.2,2024-25,Regular Season,2-4 Feet - Tight
203903,Jordan Clarkson,1610612762,UTA,33.0,37,37,0.492,101,242,0.417,0.469,0.362,76,178,0.427,0.13,25,64,0.391,2024-25,Regular Season,2-4 Feet - Tight
1641739,Toumani Camara,1610612757,POR,25.0,78,73,0.337,127,241,0.527,0.529,0.331,126,237,0.532,0.006,1,4,0.25,2024-25,Regular Season,2-4 Feet - Tight
1631170,Jaime Jaquez Jr.,1610612748,MIA,24.0,66,59,0.522,122,241,0.506,0.506,0.504,122,233,0.524,0.017,0,8,0.0,2024-25,Regular Season,2-4 Feet - Tight
1629645,Kevin Porter Jr.,1610612749,MIL,25.0,75,69,0.365,109,238,0.458,0.471,0.324,103,211,0.488,0.041,6,27,0.222,2024-25,Regular Season,2-4 Feet - Tight
1630552,Jalen Johnson,1610612737,ATL,23.0,36,36,0.439,133,236,0.564,0.566,0.434,132,233,0.567,0.006,1,3,0.333,2024-25,Regular Season,2-4 Feet - Tight
201572,Brook Lopez,1610612749,MIL,37.0,80,73,0.302,152,234,0.65,0.654,0.293,150,227,0.661,0.009,2,7,0.286,2024-25,Regular Season,2-4 Feet - Tight
1629661,Cameron Johnson,1610612751,BKN,29.0,57,56,0.313,136,234,0.581,0.624,0.244,116,182,0.637,0.07,20,52,0.385,2024-25,Regular Season,2-4 Feet - Tight
1631106,Tari Eason,1610612745,HOU,24.0,57,55,0.419,126,234,0.538,0.543,0.404,124,226,0.549,0.014,2,8,0.25,2024-25,Regular Season,2-4 Feet - Tight
1629028,Deandre Ayton,1610612757,POR,26.0,40,38,0.496,140,232,0.603,0.603,0.496,140,232,0.603,0.0,0,0,,2024-25,Regular Season,2-4 Feet - Tight
1627884,Derrick Jones Jr.,1610612746,LAC,28.0,77,72,0.394,131,232,0.565,0.565,0.39,131,230,0.57,0.003,0,2,0.0,2024-25,Regular Season,2-4 Feet - Tight
1628415,Dillon Brooks,1610612745,HOU,29.0,75,72,0.259,100,232,0.431,0.433,0.244,99,218,0.454,0.016,1,14,0.071,2024-25,Regular Season,2-4 Feet - Tight
203501,Tim Hardaway Jr.,1610612765,DET,33.0,77,71,0.341,87,232,0.375,0.433,0.193,60,131,0.458,0.149,27,101,0.267,2024-25,Regular Season,2-4 Feet - Tight
1628392,Isaiah Hartenstein,1610612760,OKC,27.0,57,55,0.482,139,231,0.602,0.602,0.482,139,231,0.602,0.0,0,0,,2024-25,Regular Season,2-4 Feet - Tight
1626156,D'Angelo Russell,1610612751,BKN,29.0,58,56,0.356,105,227,0.463,0.496,0.268,90,171,0.526,0.088,15,56,0.268,2024-25,Regular Season,2-4 Feet - Tight
1630540,Miles McBride,1610612752,NYK,24.0,63,61,0.424,93,227,0.41,0.467,0.264,67,141,0.475,0.161,26,86,0.302,2024-25,Regular Season,2-4 Feet - Tight
203078,Bradley Beal,1610612756,PHX,32.0,53,50,0.326,125,226,0.553,0.571,0.297,117,206,0.568,0.029,8,20,0.4,2024-25,Regular Season,2-4 Feet - Tight
203924,Jerami Grant,1610612757,POR,31.0,47,47,0.394,72,226,0.319,0.338,0.305,63,175,0.36,0.089,9,51,0.176,2024-25,Regular Season,2-4 Feet - Tight
1630208,Nick Richards,1610612756,PHX,27.0,57,56,0.637,129,221,0.584,0.584,0.634,129,220,0.586,0.003,0,1,0.0,2024-25,Regular Season,2-4 Feet - Tight
203084,Harrison Barnes,1610612759,SAS,33.0,82,75,0.322,126,220,0.573,0.589,0.296,119,202,0.589,0.026,7,18,0.389,2024-25,Regular Season,2-4 Feet - Tight
204001,Kristaps Porziņģis,1610612738,BOS,29.0,42,41,0.388,111,216,0.514,0.521,0.369,108,205,0.527,0.02,3,11,0.273,2024-25,Regular Season,2-4 Feet - Tight
1627824,Guerschon Yabusele,1610612755,PHI,29.0,70,65,0.382,126,215,0.586,0.593,0.353,123,199,0.618,0.028,3,16,0.188,2024-25,Regular Season,2-4 Feet - Tight
1630560,Cam Thomas,1610612751,BKN,23.0,25,25,0.474,96,215,0.447,0.5,0.33,73,150,0.487,0.143,23,65,0.354,2024-25,Regular Season,2-4 Feet - Tight
1627749,Dejounte Murray,1610612740,NOP,28.0,31,31,0.436,81,215,0.377,0.4,0.345,71,170,0.418,0.091,10,45,0.222,2024-25,Regular Season,2-4 Feet - Tight
1629634,Brandon Clarke,1610612763,MEM,28.0,63,61,0.569,135,214,0.631,0.631,0.569,135,214,0.631,0.0,0,0,,2024-25,Regular Season,2-4 Feet - Tight
1627741,Buddy Hield,1610612744,GSW,32.0,82,75,0.272,89,214,0.416,0.47,0.163,66,128,0.516,0.109,23,86,0.267,2024-25,Regular Season,2-4 Feet - Tight
1631095,Jabari Smith Jr.,1610612745,HOU,22.0,57,55,0.376,103,213,0.484,0.512,0.316,91,179,0.508,0.06,12,34,0.353,2024-25,Regular Season,2-4 Feet - Tight
1641824,Matas Buzelis,1610612741,CHI,20.0,80,69,0.382,109,212,0.514,0.528,0.36,103,200,0.515,0.022,6,12,0.5,2024-25,Regular Season,2-4 Feet - Tight
1626171,Bobby Portis,1610612749,MIL,30.0,49,49,0.353,109,210,0.519,0.524,0.341,107,203,0.527,0.012,2,7,0.286,2024-25,Regular Season,2-4 Feet - Tight
1631099,Keegan Murray,1610612758,SAC,24.0,76,70,0.255,114,209,0.545,0.555,0.239,110,196,0.561,0.016,4,13,0.308,2024-25,Regular Season,2-4 Feet - Tight
1631218,Trayce Jackson-Davis,1610612744,GSW,25.0,62,51,0.679,120,205,0.585,0.585,0.679,120,205,0.585,0.0,0,0,,2024-25,Regular Season,2-4 Feet - Tight
202331,Paul George,1610612755,PHI,35.0,41,40,0.356,97,203,0.478,0.53,0.246,76,140,0.543,0.111,21,63,0.333,2024-25,Regular Season,2-4 Feet - Tight
1628401,Derrick White,1610612738,BOS,30.0,76,71,0.209,101,200,0.505,0.568,0.143,76,137,0.555,0.066,25,63,0.397,2024-25,Regular Season,2-4 Feet - Tight
1630583,Santi Aldama,1610612763,MEM,24.0,64,60,0.313,111,199,0.558,0.565,0.296,108,188,0.574,0.017,3,11,0.273,2024-25,Regular Season,2-4 Feet - Tight
1641764,Brandin Podziemski,1610612744,GSW,22.0,64,61,0.316,95,199,0.477,0.492,0.286,89,180,0.494,0.03,6,19,0.316,2024-25,Regular Season,2-4 Feet - Tight
1642347,Jamal Shead,1610612761,TOR,22.0,75,66,0.392,91,197,0.462,0.467,0.386,89,194,0.459,0.006,2,3,0.667,2024-25,Regular Season,2-4 Feet - Tight
1642261,Dalton Knecht,1610612747,LAL,24.0,78,66,0.352,91,196,0.464,0.515,0.23,71,128,0.555,0.122,20,68,0.294,2024-25,Regular Season,2-4 Feet - Tight
1630577,Julian Champagnie,1610612759,SAS,24.0,82,70,0.295,90,196,0.459,0.518,0.186,67,124,0.54,0.108,23,72,0.319,2024-25,Regular Season,2-4 Feet - Tight
1642271,Kyle Filipowski,1610612762,UTA,21.0,72,62,0.375,110,194,0.567,0.572,0.355,108,184,0.587,0.019,2,10,0.2,2024-25,Regular Season,2-4 Feet - Tight
1630557,Corey Kispert,1610612764,WAS,26.0,61,59,0.343,106,194,0.546,0.577,0.273,94,154,0.61,0.071,12,40,0.3,2024-25,Regular Season,2-4 Feet - Tight
1630167,Obi Toppin,1610612754,IND,27.0,79,71,0.322,120,193,0.622,0.63,0.304,117,182,0.643,0.018,3,11,0.273,2024-25,Regular Season,2-4 Feet - Tight
1630245,Ayo Dosunmu,1610612741,CHI,25.0,46,46,0.428,116,192,0.604,0.604,0.421,116,189,0.614,0.007,0,3,0.0,2024-25,Regular Season,2-4 Feet - Tight
1630215,Jared Butler,1610612755,PHI,24.0,60,55,0.422,88,191,0.461,0.463,0.413,87,187,0.465,0.009,1,4,0.25,2024-25,Regular Season,2-4 Feet - Tight
1627832,Fred VanVleet,1610612745,HOU,31.0,60,56,0.25,63,190,0.332,0.363,0.181,51,137,0.372,0.07,12,53,0.226,2024-25,Regular Season,2-4 Feet - Tight
1629048,Goga Bitadze,1610612753,ORL,25.0,70,54,0.555,121,188,0.644,0.644,0.555,121,188,0.644,0.0,0,0,,2024-25,Regular Season,2-4 Feet - Tight
1630549,Day'Ron Sharpe,1610612751,BKN,23.0,50,49,0.593,104,188,0.553,0.553,0.593,104,188,0.553,0.0,0,0,,2024-25,Regular Season,2-4 Feet - Tight
1630570,Trendon Watford,1610612751,BKN,24.0,44,42,0.537,90,188,0.479,0.481,0.517,89,181,0.492,0.02,1,7,0.143,2024-25,Regular Season,2-4 Feet - Tight
1629060,Rui Hachimura,1610612747,LAL,27.0,59,57,0.326,105,187,0.561,0.572,0.308,101,177,0.571,0.017,4,10,0.4,2024-25,Regular Season,2-4 Feet - Tight
1630625,Dalano Banton,1610612757,POR,25.0,67,57,0.369,85,187,0.455,0.471,0.349,79,177,0.446,0.02,6,10,0.6,2024-25,Regular Season,2-4 Feet - Tight
203932,Aaron Gordon,1610612743,DEN,29.0,51,48,0.374,102,186,0.548,0.554,0.36,100,179,0.559,0.014,2,7,0.286,2024-25,Regular Season,2-4 Feet - Tight
1627747,Caris LeVert,1610612737,ATL,30.0,64,58,0.307,103,184,0.56,0.579,0.282,96,169,0.568,0.025,7,15,0.467,2024-25,Regular Season,2-4 Feet - Tight
1630173,Precious Achiuwa,1610612752,NYK,25.0,56,51,0.566,95,184,0.516,0.516,0.566,95,184,0.516,0.0,0,0,,2024-25,Regular Season,2-4 Feet - Tight
1642270,Donovan Clingan,1610612757,POR,21.0,67,61,0.542,104,181,0.575,0.575,0.539,104,180,0.578,0.003,0,1,0.0,2024-25,Regular Season,2-4 Feet - Tight
1631108,Max Christie,1610612742,DAL,22.0,78,65,0.307,90,181,0.497,0.511,0.28,85,165,0.515,0.027,5,16,0.313,2024-25,Regular Season,2-4 Feet - Tight
1642267,Bub Carrington,1610612764,WAS,19.0,82,70,0.242,77,181,0.425,0.467,0.189,62,141,0.44,0.053,15,40,0.375,2024-25,Regular Season,2-4 Feet - Tight
1628436,Luke Kornet,1610612738,BOS,29.0,73,63,0.645,118,180,0.656,0.656,0.645,118,180,0.656,0.0,0,0,,2024-25,Regular Season,2-4 Feet - Tight
1642367,Jonathan Mogbo,1610612761,TOR,23.0,63,55,0.506,88,180,0.489,0.489,0.503,88,179,0.492,0.003,0,1,0.0,2024-25,Regular Season,2-4 Feet - Tight
1626145,Tyus Jones,1610612756,PHX,29.0,81,70,0.264,83,180,0.461,0.478,0.228,77,156,0.494,0.035,6,24,0.25,2024-25,Regular Season,2-4 Feet - Tight
1630541,Moses Moody,1610612744,GSW,23.0,74,64,0.317,77,180,0.428,0.45,0.245,69,139,0.496,0.072,8,41,0.195,2024-25,Regular Season,2-4 Feet - Tight
1628976,Wendell Carter Jr.,1610612753,ORL,26.0,68,61,0.365,107,179,0.598,0.598,0.363,107,178,0.601,0.002,0,1,0.0,2024-25,Regular Season,2-4 Feet - Tight
1630558,Davion Mitchell,1610612748,MIA,26.0,74,69,0.376,90,179,0.503,0.508,0.368,88,175,0.503,0.008,2,4,0.5,2024-25,Regular Season,2-4 Feet - Tight
1630175,Cole Anthony,1610612763,MEM,25.0,67,60,0.33,81,179,0.453,0.455,0.309,80,168,0.476,0.02,1,11,0.091,2024-25,Regular Season,2-4 Feet - Tight
1641722,Jordan Hawkins,1610612740,NOP,23.0,56,54,0.322,59,179,0.33,0.377,0.198,42,110,0.382,0.124,17,69,0.246,2024-25,Regular Season,2-4 Feet - Tight
1642377,Jaylen Wells,1610612763,MEM,21.0,78,69,0.263,80,177,0.452,0.463,0.231,76,155,0.49,0.033,4,22,0.182,2024-25,Regular Season,2-4 Feet - Tight
1641717,Cason Wallace,1610612760,OKC,21.0,68,61,0.36,99,176,0.563,0.571,0.337,96,165,0.582,0.022,3,11,0.273,2024-25,Regular Season,2-4 Feet - Tight
1641706,Brandon Miller,1610612766,CHA,22.0,27,27,0.358,76,176,0.432,0.477,0.251,60,123,0.488,0.108,16,53,0.302,2024-25,Regular Season,2-4 Feet - Tight
1630534,Ochai Agbaji,1610612761,TOR,25.0,64,60,0.328,99,175,0.566,0.569,0.32,98,171,0.573,0.007,1,4,0.25,2024-25,Regular Season,2-4 Feet - Tight
203994,Jusuf Nurkić,1610612766,CHA,30.0,51,49,0.497,95,175,0.543,0.543,0.494,95,174,0.546,0.003,0,1,0.0,2024-25,Regular Season,2-4 Feet - Tight
203110,Draymond Green,1610612744,GSW,35.0,68,62,0.344,85,175,0.486,0.489,0.33,84,168,0.5,0.014,1,7,0.143,2024-25,Regular Season,2-4 Feet - Tight
1630191,Isaiah Stewart,1610612765,DET,24.0,72,63,0.549,109,173,0.63,0.63,0.549,109,173,0.63,0.0,0,0,,2024-25,Regular Season,2-4 Feet - Tight
1627742,Brandon Ingram,1610612761,TOR,27.0,18,18,0.52,81,173,0.468,0.503,0.396,69,132,0.523,0.123,12,41,0.293,2024-25,Regular Season,2-4 Feet - Tight
1631217,Moussa Diabate,1610612766,CHA,23.0,71,60,0.611,109,171,0.637,0.637,0.611,109,171,0.637,0.0,0,0,,2024-25,Regular Season,2-4 Feet - Tight
1630202,Payton Pritchard,1610612738,BOS,27.0,80,71,0.199,97,171,0.567,0.608,0.148,83,127,0.654,0.051,14,44,0.318,2024-25,Regular Season,2-4 Feet - Tight
1630592,Jalen Wilson,1610612751,BKN,24.0,79,67,0.276,77,171,0.45,0.453,0.271,76,168,0.452,0.005,1,3,0.333,2024-25,Regular Season,2-4 Feet - Tight
1626172,Kevon Looney,1610612744,GSW,29.0,76,61,0.618,88,170,0.518,0.518,0.615,88,169,0.521,0.004,0,1,0.0,2024-25,Regular Season,2-4 Feet - Tight
1641842,Ronald Holland II,1610612765,DET,19.0,81,71,0.4,92,166,0.554,0.554,0.395,92,164,0.561,0.005,0,2,0.0,2024-25,Regular Season,2-4 Feet - Tight
1631212,Peyton Watson,1610612743,DEN,22.0,68,61,0.393,87,165,0.527,0.53,0.386,86,162,0.531,0.007,1,3,0.333,2024-25,Regular Season,2-4 Feet - Tight
1641715,Cam Whitmore,1610612745,HOU,20.0,51,44,0.404,70,163,0.429,0.448,0.352,64,142,0.451,0.052,6,21,0.286,2024-25,Regular Season,2-4 Feet - Tight
1630551,Justin Champagnie,1610612764,WAS,24.0,62,51,0.394,92,162,0.568,0.577,0.365,89,150,0.593,0.029,3,12,0.25,2024-25,Regular Season,2-4 Feet - Tight
1641741,Ricky Council IV,1610612755,PHI,23.0,73,55,0.348,79,161,0.491,0.497,0.333,77,154,0.5,0.015,2,7,0.286,2024-25,Regular Season,2-4 Feet - Tight
1630548,Johnny Juzang,1610612762,UTA,24.0,64,56,0.339,71,161,0.441,0.481,0.236,58,112,0.518,0.103,13,49,0.265,2024-25,Regular Season,2-4 Feet - Tight
1627752,Taurean Prince,1610612749,MIL,31.0,80,69,0.311,76,160,0.475,0.528,0.224,59,115,0.513,0.088,17,45,0.378,2024-25,Regular Season,2-4 Feet - Tight
1641729,Brice Sensabaugh,1610612762,UTA,21.0,71,57,0.267,68,160,0.425,0.456,0.212,58,127,0.457,0.055,10,33,0.303,2024-25,Regular Season,2-4 Feet - Tight
1629638,Nickeil Alexander-Walker,1610612750,MIN,26.0,82,71,0.256,73,158,0.462,0.481,0.214,67,132,0.508,0.042,6,26,0.231,2024-25,Regular Season,2-4 Feet - Tight
1628971,Bruce Brown,1610612740,NOP,28.0,41,39,0.511,69,158,0.437,0.44,0.498,68,154,0.442,0.013,1,4,0.25,2024-25,Regular Season,2-4 Feet - Tight
1631124,Julian Strawther,1610612743,DEN,23.0,65,58,0.331,77,156,0.494,0.519,0.286,69,135,0.511,0.044,8,21,0.381,2024-25,Regular Season,2-4 Feet - Tight
1631093,Jaden Ivey,1610612765,DET,23.0,30,30,0.373,71,154,0.461,0.464,0.358,70,148,0.473,0.015,1,6,0.167,2024-25,Regular Season,2-4 Feet - Tight
1630533,Ziaire Williams,1610612751,BKN,23.0,63,55,0.296,65,154,0.422,0.432,0.258,62,134,0.463,0.038,3,20,0.15,2024-25,Regular Season,2-4 Feet - Tight
1627777,Georges Niang,1610612737,ATL,32.0,79,71,0.245,75,152,0.493,0.507,0.226,71,140,0.507,0.019,4,12,0.333,2024-25,Regular Season,2-4 Feet - Tight
1630631,Jose Alvarado,1610612740,NOP,27.0,56,47,0.292,72,152,0.474,0.497,0.259,65,135,0.481,0.033,7,17,0.412,2024-25,Regular Season,2-4 Feet - Tight
1630527,Brandon Boston,1610612740,NOP,23.0,42,40,0.401,63,152,0.414,0.424,0.359,60,136,0.441,0.042,3,16,0.188,2024-25,Regular Season,2-4 Feet - Tight
201950,Jrue Holiday,1610612738,BOS,35.0,62,57,0.265,79,149,0.53,0.534,0.249,78,140,0.557,0.016,1,9,0.111,2024-25,Regular Season,2-4 Feet - Tight
203937,Kyle Anderson,1610612748,MIA,31.0,61,52,0.495,74,149,0.497,0.497,0.485,74,146,0.507,0.01,0,3,0.0,2024-25,Regular Season,2-4 Feet - Tight
1630172,Patrick Williams,1610612741,CHI,23.0,63,56,0.287,66,148,0.446,0.449,0.267,65,138,0.471,0.019,1,10,0.1,2024-25,Regular Season,2-4 Feet - Tight
1628989,Kevin Huerter,1610612741,CHI,26.0,69,55,0.242,76,146,0.521,0.541,0.192,70,116,0.603,0.05,6,30,0.2,2024-25,Regular Season,2-4 Feet - Tight
203083,Andre Drummond,1610612755,PHI,31.0,40,40,0.624,66,146,0.452,0.452,0.62,66,145,0.455,0.004,0,1,0.0,2024-25,Regular Season,2-4 Feet - Tight
1630193,Immanuel Quickley,1610612761,TOR,26.0,33,32,0.333,60,146,0.411,0.421,0.308,57,135,0.422,0.025,3,11,0.273,2024-25,Regular Season,2-4 Feet - Tight
203992,Bogdan Bogdanović,1610612746,LAC,32.0,54,47,0.295,62,145,0.428,0.49,0.189,44,93,0.473,0.106,18,52,0.346,2024-25,Regular Season,2-4 Feet - Tight
1628978,Donte DiVincenzo,1610612750,MIN,28.0,62,54,0.242,61,144,0.424,0.462,0.182,50,108,0.463,0.061,11,36,0.306,2024-25,Regular Season,2-4 Feet - Tight
1641733,Nick Smith Jr.,1610612766,CHA,21.0,60,51,0.254,61,144,0.424,0.441,0.227,56,129,0.434,0.026,5,15,0.333,2024-25,Regular Season,2-4 Feet - Tight
1629599,Amir Coffey,1610612746,LAC,28.0,72,57,0.28,68,143,0.476,0.49,0.257,64,131,0.489,0.024,4,12,0.333,2024-25,Regular Season,2-4 Feet - Tight
1642346,Ryan Dunn,1610612756,PHX,22.0,74,54,0.298,82,142,0.577,0.588,0.284,79,135,0.585,0.015,3,7,0.429,2024-25,Regular Season,2-4 Feet - Tight
1629637,Jaxson Hayes,1610612747,LAL,25.0,56,51,0.632,103,141,0.73,0.73,0.632,103,141,0.73,0.0,0,0,,2024-25,Regular Season,2-4 Feet - Tight
1627780,Gary Payton II,1610612744,GSW,32.0,62,55,0.473,94,141,0.667,0.67,0.47,93,140,0.664,0.003,1,1,1.0,2024-25,Regular Season,2-4 Feet - Tight
1626166,Cameron Payne,1610612752,NYK,30.0,71,54,0.321,59,141,0.418,0.429,0.305,56,134,0.418,0.016,3,7,0.429,2024-25,Regular Season,2-4 Feet - Tight
1641737,Adem Bona,1610612755,PHI,22.0,58,43,0.729,105,140,0.75,0.75,0.729,105,140,0.75,0.0,0,0,,2024-25,Regular Season,2-4 Feet - Tight
1629614,Andrew Nembhard,1610612754,IND,25.0,65,56,0.26,76,140,0.543,0.543,0.252,76,136,0.559,0.007,0,4,0.0,2024-25,Regular Season,2-4 Feet - Tight
203484,Kentavious Caldwell-Pope,1610612763,MEM,32.0,77,64,0.257,63,140,0.45,0.471,0.18,57,98,0.582,0.077,6,42,0.143,2024-25,Regular Season,2-4 Feet - Tight
1631213,Tyrese Martin,1610612751,BKN,26.0,60,50,0.301,61,140,0.436,0.45,0.247,57,115,0.496,0.054,4,25,0.16,2024-25,Regular Season,2-4 Feet - Tight
1630591,Jalen Suggs,1610612753,ORL,24.0,35,33,0.289,56,139,0.403,0.417,0.235,52,113,0.46,0.054,4,26,0.154,2024-25,Regular Season,2-4 Feet - Tight
1641783,Tristan da Silva,1610612753,ORL,24.0,74,56,0.286,64,138,0.464,0.471,0.273,62,132,0.47,0.012,2,6,0.333,2024-25,Regular Season,2-4 Feet - Tight
1631096,Chet Holmgren,1610612760,OKC,23.0,32,31,0.402,77,137,0.562,0.569,0.387,75,132,0.568,0.015,2,5,0.4,2024-25,Regular Season,2-4 Feet - Tight
1627732,Ben Simmons,1610612746,LAC,28.0,51,44,0.614,64,137,0.467,0.467,0.614,64,137,0.467,0.0,0,0,,2024-25,Regular Season,2-4 Feet - Tight
203552,Seth Curry,1610612766,CHA,34.0,68,52,0.394,66,135,0.489,0.552,0.274,49,94,0.521,0.12,17,41,0.415,2024-25,Regular Season,2-4 Feet - Tight
1631222,Jake LaRavia,1610612758,SAC,23.0,66,58,0.401,66,135,0.489,0.5,0.386,63,130,0.485,0.015,3,5,0.6,2024-25,Regular Season,2-4 Feet - Tight
1630188,Jalen Smith,1610612741,CHI,25.0,64,56,0.328,82,134,0.612,0.623,0.311,79,127,0.622,0.017,3,7,0.429,2024-25,Regular Season,2-4 Feet - Tight
1631115,Orlando Robinson,1610612761,TOR,24.0,44,36,0.51,63,133,0.474,0.474,0.502,63,131,0.481,0.008,0,2,0.0,2024-25,Regular Season,2-4 Feet - Tight
1630702,Jaden Hardy,1610612742,DAL,22.0,57,46,0.315,59,130,0.454,0.469,0.286,55,118,0.466,0.029,4,12,0.333,2024-25,Regular Season,2-4 Feet - Tight
1641726,Dereck Lively II,1610612742,DAL,21.0,36,35,0.675,83,129,0.643,0.643,0.675,83,129,0.643,0.0,0,0,,2024-25,Regular Season,2-4 Feet - Tight
203486,Mason Plumlee,1610612756,PHX,35.0,74,59,0.634,81,128,0.633,0.633,0.629,81,127,0.638,0.005,0,1,0.0,2024-25,Regular Season,2-4 Feet - Tight
1642273,Kyshawn George,1610612764,WAS,21.0,68,55,0.234,54,128,0.422,0.422,0.218,54,119,0.454,0.016,0,9,0.0,2024-25,Regular Season,2-4 Feet - Tight
1627739,Kris Dunn,1610612746,LAC,31.0,74,58,0.291,65,127,0.512,0.512,0.288,65,126,0.516,0.002,0,1,0.0,2024-25,Regular Season,2-4 Feet - Tight
1628449,Chris Boucher,1610612761,TOR,32.0,50,47,0.341,77,126,0.611,0.627,0.29,73,107,0.682,0.051,4,19,0.211,2024-25,Regular Season,2-4 Feet - Tight
1630200,Tre Jones,1610612741,CHI,25.0,46,42,0.529,72,126,0.571,0.571,0.525,72,125,0.576,0.004,0,1,0.0,2024-25,Regular Season,2-4 Feet - Tight
1629611,Terance Mann,1610612737,ATL,28.0,67,54,0.305,62,126,0.492,0.5,0.288,60,119,0.504,0.017,2,7,0.286,2024-25,Regular Season,2-4 Feet - Tight
1631323,Simone Fontecchio,1610612765,DET,29.0,75,57,0.335,54,125,0.432,0.468,0.236,45,88,0.511,0.099,9,37,0.243,2024-25,Regular Season,2-4 Feet - Tight
1629234,Drew Eubanks,1610612746,LAC,28.0,61,46,0.634,76,123,0.618,0.618,0.634,76,123,0.618,0.0,0,0,,2024-25,Regular Season,2-4 Feet - Tight
1642348,Justin Edwards,1610612755,PHI,21.0,44,40,0.326,63,123,0.512,0.516,0.294,62,111,0.559,0.032,1,12,0.083,2024-25,Regular Season,2-4 Feet - Tight
1642266,Ja'Kobe Walter,1610612761,TOR,20.0,52,46,0.313,54,123,0.439,0.451,0.29,51,114,0.447,0.023,3,9,0.333,2024-25,Regular Season,2-4 Feet - Tight
1629674,Neemias Queta,1610612738,BOS,25.0,62,45,0.616,83,122,0.68,0.68,0.616,83,122,0.68,0.0,0,0,,2024-25,Regular Season,2-4 Feet - Tight
1629021,Moritz Wagner,1610612753,ORL,28.0,30,29,0.49,76,122,0.623,0.623,0.486,76,121,0.628,0.004,0,1,0.0,2024-25,Regular Season,2-4 Feet - Tight
1628418,Thomas Bryant,1610612754,IND,27.0,66,51,0.377,78,121,0.645,0.649,0.361,77,116,0.664,0.016,1,5,0.2,2024-25,Regular Season,2-4 Feet - Tight
1630573,Sam Hauser,1610612738,BOS,27.0,71,53,0.258,56,121,0.463,0.558,0.104,33,49,0.673,0.154,23,72,0.319,2024-25,Regular Season,2-4 Feet - Tight
1628380,Zach Collins,1610612741,CHI,27.0,64,44,0.397,79,120,0.658,0.658,0.394,79,119,0.664,0.003,0,1,0.0,2024-25,Regular Season,2-4 Feet - Tight
1629622,Max Strus,1610612739,CLE,29.0,50,42,0.322,56,120,0.467,0.542,0.153,38,57,0.667,0.169,18,63,0.286,2024-25,Regular Season,2-4 Feet - Tight
203995,Vasilije Micic,1610612756,PHX,31.0,41,34,0.436,42,119,0.353,0.387,0.337,34,92,0.37,0.099,8,27,0.296,2024-25,Regular Season,2-4 Feet - Tight
1629018,Gary Trent Jr.,1610612749,MIL,26.0,74,60,0.175,44,115,0.383,0.409,0.131,38,86,0.442,0.044,6,29,0.207,2024-25,Regular Season,2-4 Feet - Tight
203954,Joel Embiid,1610612755,PHI,31.0,19,19,0.362,56,114,0.491,0.496,0.343,55,108,0.509,0.019,1,6,0.167,2024-25,Regular Season,2-4 Feet - Tight
1630526,Jeremiah Robinson-Earl,1610612740,NOP,24.0,66,51,0.326,66,113,0.584,0.584,0.32,66,111,0.595,0.006,0,2,0.0,2024-25,Regular Season,2-4 Feet - Tight
201144,Mike Conley,1610612750,MIN,37.0,71,55,0.241,45,113,0.398,0.412,0.203,42,95,0.442,0.038,3,18,0.167,2024-25,Regular Season,2-4 Feet - Tight
1631260,AJ Green,1610612749,MIL,25.0,73,56,0.267,44,113,0.389,0.544,0.05,9,21,0.429,0.217,35,92,0.38,2024-25,Regular Season,2-4 Feet - Tight
1641716,Jarace Walker,1610612754,IND,21.0,75,48,0.311,56,112,0.5,0.518,0.286,52,103,0.505,0.025,4,9,0.444,2024-25,Regular Season,2-4 Feet - Tight
1631255,Karlo Matković,1610612740,NOP,24.0,42,36,0.468,74,110,0.673,0.673,0.46,74,108,0.685,0.009,0,2,0.0,2024-25,Regular Season,2-4 Feet - Tight
1631107,Nikola Jović,1610612748,MIA,22.0,46,42,0.291,56,110,0.509,0.523,0.265,53,100,0.53,0.026,3,10,0.3,2024-25,Regular Season,2-4 Feet - Tight
1642354,KJ Simpson,1610612766,CHA,22.0,36,32,0.365,41,110,0.373,0.373,0.352,41,106,0.387,0.013,0,4,0.0,2024-25,Regular Season,2-4 Feet - Tight
203500,Steven Adams,1610612745,HOU,31.0,58,43,0.653,61,109,0.56,0.56,0.653,61,109,0.56,0.0,0,0,,2024-25,Regular Season,2-4 Feet - Tight
1631207,Dalen Terry,1610612741,CHI,22.0,73,51,0.407,53,109,0.486,0.486,0.399,53,107,0.495,0.007,0,2,0.0,2024-25,Regular Season,2-4 Feet - Tight
201143,Al Horford,1610612738,BOS,39.0,60,51,0.235,56,107,0.523,0.523,0.228,56,104,0.538,0.007,0,3,0.0,2024-25,Regular Season,2-4 Feet - Tight
1628998,Cody Martin,1610612756,PHX,29.0,53,49,0.329,51,107,0.477,0.481,0.295,50,96,0.521,0.034,1,11,0.091,2024-25,Regular Season,2-4 Feet - Tight
1629026,Kenrich Williams,1610612760,OKC,30.0,69,51,0.299,63,106,0.594,0.594,0.294,63,104,0.606,0.006,0,2,0.0,2024-25,Regular Season,2-4 Feet - Tight
1629659,Talen Horton-Tucker,1610612741,CHI,24.0,58,36,0.364,59,106,0.557,0.557,0.364,59,106,0.557,0.0,0,0,,2024-25,Regular Season,2-4 Feet - Tight
1631165,Keon Ellis,1610612758,SAC,25.0,80,54,0.224,57,104,0.548,0.611,0.157,44,73,0.603,0.067,13,31,0.419,2024-25,Regular Season,2-4 Feet - Tight
1628371,Jonathan Isaac,1610612753,ORL,27.0,71,48,0.321,56,104,0.538,0.548,0.284,54,92,0.587,0.037,2,12,0.167,2024-25,Regular Season,2-4 Feet - Tight
1629610,DaQuan Jeffries,1610612766,CHA,27.0,47,38,0.357,46,104,0.442,0.462,0.306,42,89,0.472,0.052,4,15,0.267,2024-25,Regular Season,2-4 Feet - Tight
203482,Kelly Olynyk,1610612740,NOP,34.0,44,38,0.384,58,103,0.563,0.563,0.381,58,102,0.569,0.004,0,1,0.0,2024-25,Regular Season,2-4 Feet - Tight
1629652,Luguentz Dort,1610612760,OKC,26.0,71,56,0.174,48,103,0.466,0.5,0.147,41,87,0.471,0.027,7,16,0.438,2024-25,Regular Season,2-4 Feet - Tight
1642275,Tidjane Salaün,1610612766,CHA,19.0,60,46,0.299,38,103,0.369,0.379,0.264,36,91,0.396,0.035,2,12,0.167,2024-25,Regular Season,2-4 Feet - Tight
203114,Khris Middleton,1610612764,WAS,33.0,37,35,0.303,52,102,0.51,0.554,0.246,43,83,0.518,0.056,9,19,0.474,2024-25,Regular Season,2-4 Feet - Tight
1627763,Malcolm Brogdon,1610612764,WAS,32.0,24,23,0.425,48,102,0.471,0.48,0.404,46,97,0.474,0.021,2,5,0.4,2024-25,Regular Season,2-4 Feet - Tight
1631200,Kris Murray,1610612757,POR,24.0,69,49,0.362,56,101,0.554,0.554,0.358,56,100,0.56,0.004,0,1,0.0,2024-25,Regular Season,2-4 Feet - Tight
1629750,Javonte Green,1610612739,CLE,31.0,68,55,0.351,49,101,0.485,0.485,0.347,49,100,0.49,0.003,0,1,0.0,2024-25,Regular Season,2-4 Feet - Tight
1629003,Shake Milton,1610612747,LAL,28.0,57,37,0.398,44,101,0.436,0.446,0.366,42,93,0.452,0.031,2,8,0.25,2024-25,Regular Season,2-4 Feet - Tight
1630174,Aaron Nesmith,1610612754,IND,25.0,45,41,0.261,54,99,0.545,0.556,0.248,52,94,0.553,0.013,2,5,0.4,2024-25,Regular Season,2-4 Feet - Tight
1631133,Jabari Walker,1610612757,POR,22.0,60,39,0.432,54,99,0.545,0.545,0.428,54,98,0.551,0.004,0,1,0.0,2024-25,Regular Season,2-4 Feet - Tight
1630288,Jeff Dowtin Jr.,1610612755,PHI,28.0,41,30,0.426,53,98,0.541,0.546,0.409,52,94,0.553,0.017,1,4,0.25,2024-25,Regular Season,2-4 Feet - Tight
1631157,Ryan Rollins,1610612749,MIL,22.0,56,36,0.362,45,98,0.459,0.474,0.321,42,87,0.483,0.041,3,11,0.273,2024-25,Regular Season,2-4 Feet - Tight
1630182,Josh Green,1610612766,CHA,24.0,68,52,0.233,44,98,0.449,0.48,0.197,38,83,0.458,0.036,6,15,0.4,2024-25,Regular Season,2-4 Feet - Tight
1629004,Svi Mykhailiuk,1610612762,UTA,28.0,38,33,0.322,32,97,0.33,0.371,0.169,24,51,0.471,0.153,8,46,0.174,2024-25,Regular Season,2-4 Feet - Tight
1641763,Julian Phillips,1610612741,CHI,21.0,79,50,0.328,53,94,0.564,0.564,0.324,53,93,0.57,0.003,0,1,0.0,2024-25,Regular Season,2-4 Feet - Tight
1642345,Oso Ighodaro,1610612756,PHX,22.0,61,41,0.497,62,93,0.667,0.667,0.497,62,93,0.667,0.0,0,0,,2024-25,Regular Season,2-4 Feet - Tight
201599,DeAndre Jordan,1610612743,DEN,36.0,56,46,0.669,58,93,0.624,0.624,0.669,58,93,0.624,0.0,0,0,,2024-25,Regular Season,2-4 Feet - Tight
1630198,Isaiah Joe,1610612760,OKC,25.0,74,53,0.156,42,92,0.457,0.516,0.094,31,55,0.564,0.063,11,37,0.297,2024-25,Regular Season,2-4 Feet - Tight
1628960,Grayson Allen,1610612756,PHX,29.0,64,45,0.188,36,92,0.391,0.413,0.151,32,74,0.432,0.037,4,18,0.222,2024-25,Regular Season,2-4 Feet - Tight
1641730,Noah Clowney,1610612751,BKN,20.0,46,39,0.245,33,91,0.363,0.396,0.191,27,71,0.38,0.054,6,20,0.3,2024-25,Regular Season,2-4 Feet - Tight
1630231,KJ Martin,1610612762,UTA,24.0,43,32,0.448,55,90,0.611,0.611,0.448,55,90,0.611,0.0,0,0,,2024-25,Regular Season,2-4 Feet - Tight
1627936,Alex Caruso,1610612760,OKC,31.0,54,44,0.287,50,90,0.556,0.556,0.28,50,88,0.568,0.006,0,2,0.0,2024-25,Regular Season,2-4 Feet - Tight
1629312,Haywood Highsmith,1610612748,MIA,28.0,74,48,0.226,49,88,0.557,0.563,0.223,48,87,0.552,0.003,1,1,1.0,2024-25,Regular Season,2-4 Feet - Tight
1628997,Caleb Martin,1610612742,DAL,29.0,45,35,0.289,44,88,0.5,0.506,0.27,43,82,0.524,0.02,1,6,0.167,2024-25,Regular Season,2-4 Feet - Tight
1628379,Luke Kennard,1610612763,MEM,29.0,64,43,0.205,45,87,0.517,0.534,0.167,42,71,0.592,0.038,3,16,0.188,2024-25,Regular Season,2-4 Feet - Tight
1626158,Richaun Holmes,1610612764,WAS,31.0,31,27,0.619,55,86,0.64,0.64,0.619,55,86,0.64,0.0,0,0,,2024-25,Regular Season,2-4 Feet - Tight
1629646,Charles Bassey,1610612759,SAS,24.0,36,28,0.735,52,86,0.605,0.605,0.735,52,86,0.605,0.0,0,0,,2024-25,Regular Season,2-4 Feet - Tight
1642265,Rob Dillingham,1610612750,MIN,20.0,49,33,0.408,47,86,0.547,0.564,0.37,44,78,0.564,0.038,3,8,0.375,2024-25,Regular Season,2-4 Feet - Tight
1641774,Tristan Vukcevic,1610612764,WAS,22.0,35,28,0.355,46,86,0.535,0.552,0.339,43,82,0.524,0.017,3,4,0.75,2024-25,Regular Season,2-4 Feet - Tight
1642262,Cody Williams,1610612762,UTA,20.0,50,35,0.335,39,86,0.453,0.459,0.315,38,81,0.469,0.019,1,5,0.2,2024-25,Regular Season,2-4 Feet - Tight
1641787,Tosan Evbuomwan,1610612751,BKN,24.0,28,25,0.382,46,84,0.548,0.548,0.382,46,84,0.548,0.0,0,0,,2024-25,Regular Season,2-4 Feet - Tight
1626168,Trey Lyles,1610612758,SAC,29.0,69,51,0.225,37,84,0.44,0.452,0.206,35,77,0.455,0.019,2,7,0.286,2024-25,Regular Season,2-4 Feet - Tight
1642263,Reed Sheppard,1610612745,HOU,21.0,52,40,0.351,31,84,0.369,0.405,0.247,25,59,0.424,0.105,6,25,0.24,2024-25,Regular Season,2-4 Feet - Tight
1642349,Ajay Mitchell,1610612760,OKC,23.0,36,29,0.449,44,83,0.53,0.53,0.449,44,83,0.53,0.0,0,0,,2024-25,Regular Season,2-4 Feet - Tight
1629006,Josh Okogie,1610612766,CHA,26.0,40,31,0.392,43,83,0.518,0.518,0.387,43,82,0.524,0.005,0,1,0.0,2024-25,Regular Season,2-4 Feet - Tight
203935,Marcus Smart,1610612764,WAS,31.0,34,33,0.323,34,83,0.41,0.416,0.292,33,75,0.44,0.031,1,8,0.125,2024-25,Regular Season,2-4 Feet - Tight
1629216,Gabe Vincent,1610612747,LAL,29.0,72,45,0.198,29,83,0.349,0.367,0.145,26,61,0.426,0.052,3,22,0.136,2024-25,Regular Season,2-4 Feet - Tight
1630256,Jae'Sean Tate,1610612745,HOU,29.0,52,33,0.547,45,81,0.556,0.556,0.547,45,81,0.556,0.0,0,0,,2024-25,Regular Season,2-4 Feet - Tight
1626192,Pat Connaughton,1610612749,MIL,32.0,41,30,0.452,47,80,0.588,0.619,0.384,42,68,0.618,0.068,5,12,0.417,2024-25,Regular Season,2-4 Feet - Tight
1627827,Dorian Finney-Smith,1610612747,LAL,32.0,63,45,0.182,46,79,0.582,0.595,0.168,44,73,0.603,0.014,2,6,0.333,2024-25,Regular Season,2-4 Feet - Tight
1642272,Jared McCain,1610612755,PHI,21.0,23,21,0.288,38,79,0.481,0.494,0.259,36,71,0.507,0.029,2,8,0.25,2024-25,Regular Season,2-4 Feet - Tight
203901,Elfrid Payton,1610612740,NOP,31.0,24,23,0.648,25,79,0.316,0.316,0.648,25,79,0.316,0.0,0,0,,2024-25,Regular Season,2-4 Feet - Tight
1629111,Jock Landale,1610612745,HOU,29.0,42,28,0.513,45,78,0.577,0.577,0.513,45,78,0.577,0.0,0,0,,2024-25,Regular Season,2-4 Feet - Tight
1630314,Brandon Williams,1610612742,DAL,25.0,33,26,0.415,42,78,0.538,0.538,0.41,42,77,0.545,0.005,0,1,0.0,2024-25,Regular Season,2-4 Feet - Tight
1641713,GG Jackson,1610612763,MEM,20.0,29,23,0.392,25,78,0.321,0.321,0.372,25,74,0.338,0.02,0,4,0.0,2024-25,Regular Season,2-4 Feet - Tight
1630572,Sandro Mamukelashvili,1610612759,SAS,26.0,61,31,0.27,50,76,0.658,0.658,0.27,50,76,0.658,0.0,0,0,,2024-25,Regular Season,2-4 Feet - Tight
1641810,Antonio Reeves,1610612740,NOP,24.0,44,26,0.306,40,76,0.526,0.539,0.294,38,73,0.521,0.012,2,3,0.667,2024-25,Regular Season,2-4 Feet - Tight
1642358,AJ Johnson,1610612764,WAS,20.0,29,25,0.357,34,76,0.447,0.447,0.347,34,74,0.459,0.009,0,2,0.0,2024-25,Regular Season,2-4 Feet - Tight
1626220,Royce O'Neale,1610612756,PHX,32.0,75,47,0.132,29,75,0.387,0.393,0.121,28,69,0.406,0.011,1,6,0.167,2024-25,Regular Season,2-4 Feet - Tight
1642419,Jamison Battle,1610612761,TOR,24.0,59,34,0.216,27,75,0.36,0.4,0.156,21,54,0.389,0.061,6,21,0.286,2024-25,Regular Season,2-4 Feet - Tight
202687,Bismack Biyombo,1610612759,SAS,32.0,28,25,0.649,47,74,0.635,0.635,0.649,47,74,0.635,0.0,0,0,,2024-25,Regular Season,2-4 Feet - Tight
1630249,Vít Krejčí,1610612737,ATL,25.0,57,38,0.25,43,73,0.589,0.671,0.164,31,48,0.646,0.086,12,25,0.48,2024-25,Regular Season,2-4 Feet - Tight
1641765,Olivier-Maxence Prosper,1610612742,DAL,22.0,52,33,0.42,36,73,0.493,0.493,0.414,36,72,0.5,0.006,0,1,0.0,2024-25,Regular Season,2-4 Feet - Tight
1629726,Garrison Mathews,1610612737,ATL,28.0,47,35,0.284,19,73,0.26,0.349,0.062,6,16,0.375,0.222,13,57,0.228,2024-25,Regular Season,2-4 Feet - Tight
1631204,Marcus Sasser,1610612765,DET,24.0,57,36,0.244,36,72,0.5,0.514,0.224,34,66,0.515,0.02,2,6,0.333,2024-25,Regular Season,2-4 Feet - Tight
1630171,Isaac Okoro,1610612739,CLE,24.0,55,41,0.266,39,71,0.549,0.556,0.262,38,70,0.543,0.004,1,1,1.0,2024-25,Regular Season,2-4 Feet - Tight
1630241,Sam Merrill,1610612739,CLE,29.0,71,45,0.167,26,71,0.366,0.43,0.057,17,24,0.708,0.111,9,47,0.191,2024-25,Regular Season,2-4 Feet - Tight
101108,Chris Paul,1610612759,SAS,40.0,82,43,0.12,37,70,0.529,0.571,0.091,31,53,0.585,0.029,6,17,0.353,2024-25,Regular Season,2-4 Feet - Tight
1630639,A.J. Lawson,1610612761,TOR,24.0,26,22,0.368,34,70,0.486,0.514,0.321,30,61,0.492,0.047,4,9,0.444,2024-25,Regular Season,2-4 Feet - Tight
1641757,Jordan Miller,1610612746,LAC,25.0,37,23,0.522,32,70,0.457,0.457,0.5,32,67,0.478,0.022,0,3,0.0,2024-25,Regular Season,2-4 Feet - Tight
1641796,Pelle Larsson,1610612748,MIA,24.0,55,31,0.34,34,69,0.493,0.493,0.335,34,68,0.5,0.005,0,1,0.0,2024-25,Regular Season,2-4 Feet - Tight
202692,Alec Burks,1610612748,MIA,33.0,49,36,0.251,25,68,0.368,0.449,0.144,14,39,0.359,0.107,11,29,0.379,2024-25,Regular Season,2-4 Feet - Tight
1631103,Malaki Branham,1610612759,SAS,22.0,47,24,0.353,36,67,0.537,0.537,0.353,36,67,0.537,0.0,0,0,,2024-25,Regular Season,2-4 Feet - Tight
1628420,Monte Morris,1610612756,PHX,30.0,45,37,0.338,30,66,0.455,0.462,0.313,29,61,0.475,0.026,1,5,0.2,2024-25,Regular Season,2-4 Feet - Tight
1630529,Herbert Jones,1610612740,NOP,26.0,20,20,0.372,34,64,0.531,0.531,0.366,34,63,0.54,0.006,0,1,0.0,2024-25,Regular Season,2-4 Feet - Tight
1628988,Aaron Holiday,1610612745,HOU,28.0,62,31,0.239,33,64,0.516,0.531,0.213,31,57,0.544,0.026,2,7,0.286,2024-25,Regular Season,2-4 Feet - Tight
1630643,Jay Huff,1610612763,MEM,27.0,64,34,0.207,45,63,0.714,0.714,0.197,45,60,0.75,0.01,0,3,0.0,2024-25,Regular Season,2-4 Feet - Tight
1629022,Lonnie Walker IV,1610612755,PHI,26.0,20,18,0.297,29,63,0.46,0.476,0.236,27,50,0.54,0.061,2,13,0.154,2024-25,Regular Season,2-4 Feet - Tight
1630544,Tre Mann,1610612766,CHA,24.0,13,13,0.391,27,63,0.429,0.437,0.36,26,58,0.448,0.031,1,5,0.2,2024-25,Regular Season,2-4 Feet - Tight
201959,Taj Gibson,1610612766,CHA,40.0,37,30,0.653,33,62,0.532,0.532,0.653,33,62,0.532,0.0,0,0,,2024-25,Regular Season,2-4 Feet - Tight
1642281,Jaylon Tyson,1610612739,CLE,22.0,47,26,0.416,32,62,0.516,0.524,0.409,31,61,0.508,0.007,1,1,1.0,2024-25,Regular Season,2-4 Feet - Tight
1642366,Quinten Post,1610612744,GSW,25.0,42,32,0.226,30,62,0.484,0.484,0.219,30,60,0.5,0.007,0,2,0.0,2024-25,Regular Season,2-4 Feet - Tight
1641724,Jett Howard,1610612753,ORL,21.0,60,33,0.237,29,62,0.468,0.5,0.168,25,44,0.568,0.069,4,18,0.222,2024-25,Regular Season,2-4 Feet - Tight
1630545,Terrence Shannon Jr.,1610612750,MIN,24.0,32,20,0.535,31,61,0.508,0.508,0.535,31,61,0.508,0.0,0,0,,2024-25,Regular Season,2-4 Feet - Tight
1641767,Ben Sheppard,1610612754,IND,23.0,63,38,0.213,29,61,0.475,0.492,0.185,27,53,0.509,0.028,2,8,0.25,2024-25,Regular Season,2-4 Feet - Tight
1630194,Paul Reed,1610612765,DET,26.0,45,31,0.423,33,60,0.55,0.55,0.408,33,58,0.569,0.014,0,2,0.0,2024-25,Regular Season,2-4 Feet - Tight
1631243,Mouhamed Gueye,1610612737,ATL,22.0,33,29,0.351,32,60,0.533,0.533,0.333,32,57,0.561,0.018,0,3,0.0,2024-25,Regular Season,2-4 Feet - Tight
1630322,Lindy Waters III,1610612765,DET,27.0,52,32,0.239,23,59,0.39,0.458,0.138,15,34,0.441,0.101,8,25,0.32,2024-25,Regular Season,2-4 Feet - Tight
1641748,Andre Jackson Jr.,1610612749,MIL,23.0,67,37,0.294,27,58,0.466,0.466,0.294,27,58,0.466,0.0,0,0,,2024-25,Regular Season,2-4 Feet - Tight
1641712,Rayan Rupert,1610612757,POR,21.0,52,27,0.408,26,58,0.448,0.448,0.408,26,58,0.448,0.0,0,0,,2024-25,Regular Season,2-4 Feet - Tight
1641878,Damion Baugh,1610612766,CHA,24.0,15,14,0.446,20,58,0.345,0.345,0.438,20,57,0.351,0.008,0,1,0.0,2024-25,Regular Season,2-4 Feet - Tight
1631230,Dominick Barlow,1610612737,ATL,22.0,35,26,0.504,36,57,0.632,0.632,0.504,36,57,0.632,0.0,0,0,,2024-25,Regular Season,2-4 Feet - Tight
1629626,Bol Bol,1610612756,PHX,25.0,36,25,0.311,35,57,0.614,0.623,0.279,34,51,0.667,0.033,1,6,0.167,2024-25,Regular Season,2-4 Feet - Tight
1641998,Trey Jemison III,1610612747,LAL,25.0,38,30,0.77,29,57,0.509,0.509,0.77,29,57,0.509,0.0,0,0,,2024-25,Regular Season,2-4 Feet - Tight
1629020,Jarred Vanderbilt,1610612747,LAL,26.0,36,29,0.463,29,56,0.518,0.518,0.463,29,56,0.518,0.0,0,0,,2024-25,Regular Season,2-4 Feet - Tight
1630539,Kai Jones,1610612742,DAL,24.0,40,23,0.505,47,55,0.855,0.855,0.505,47,55,0.855,0.0,0,0,,2024-25,Regular Season,2-4 Feet - Tight
1631104,Blake Wesley,1610612759,SAS,22.0,58,32,0.296,24,55,0.436,0.436,0.29,24,54,0.444,0.005,0,1,0.0,2024-25,Regular Season,2-4 Feet - Tight
1641854,Craig Porter Jr.,1610612739,CLE,25.0,51,26,0.386,32,54,0.593,0.611,0.35,30,49,0.612,0.036,2,5,0.4,2024-25,Regular Season,2-4 Feet - Tight
1630192,Zeke Nnaji,1610612743,DEN,24.0,57,32,0.388,31,54,0.574,0.574,0.388,31,54,0.574,0.0,0,0,,2024-25,Regular Season,2-4 Feet - Tight
1642403,Isaac Jones,1610612758,SAC,24.0,40,25,0.639,36,53,0.679,0.679,0.639,36,53,0.679,0.0,0,0,,2024-25,Regular Season,2-4 Feet - Tight
1630811,Keaton Wallace,1610612737,ATL,26.0,31,22,0.327,24,53,0.453,0.453,0.315,24,51,0.471,0.012,0,2,0.0,2024-25,Regular Season,2-4 Feet - Tight
1630243,Trevelin Queen,1610612753,ORL,28.0,31,19,0.361,23,53,0.434,0.434,0.327,23,48,0.479,0.034,0,5,0.0,2024-25,Regular Season,2-4 Feet - Tight
1631288,Jamal Cain,1610612740,NOP,26.0,37,21,0.329,28,52,0.538,0.538,0.323,28,51,0.549,0.006,0,1,0.0,2024-25,Regular Season,2-4 Feet - Tight
1629013,Landry Shamet,1610612752,NYK,28.0,49,28,0.228,25,52,0.481,0.519,0.158,21,36,0.583,0.07,4,16,0.25,2024-25,Regular Season,2-4 Feet - Tight
1631246,Vince Williams Jr.,1610612763,MEM,24.0,26,21,0.323,21,52,0.404,0.404,0.286,21,46,0.457,0.037,0,6,0.0,2024-25,Regular Season,2-4 Feet - Tight
1630556,Kessler Edwards,1610612742,DAL,24.0,40,22,0.378,28,51,0.549,0.549,0.378,28,51,0.549,0.0,0,0,,2024-25,Regular Season,2-4 Feet - Tight
203957,Dante Exum,1610612742,DAL,29.0,20,16,0.373,26,50,0.52,0.52,0.366,26,49,0.531,0.007,0,1,0.0,2024-25,Regular Season,2-4 Feet - Tight
1628464,Daniel Theis,1610612740,NOP,33.0,38,24,0.388,24,50,0.48,0.48,0.372,24,48,0.5,0.016,0,2,0.0,2024-25,Regular Season,2-4 Feet - Tight
1630264,Anthony Gill,1610612764,WAS,32.0,51,25,0.557,28,49,0.571,0.571,0.511,28,45,0.622,0.045,0,4,0.0,2024-25,Regular Season,2-4 Feet - Tight
1630311,Pat Spencer,1610612744,GSW,28.0,39,27,0.485,22,49,0.449,0.449,0.485,22,49,0.449,0.0,0,0,,2024-25,Regular Season,2-4 Feet - Tight
1631245,Quenton Jackson,1610612754,IND,26.0,28,19,0.402,22,49,0.449,0.449,0.402,22,49,0.449,0.0,0,0,,2024-25,Regular Season,2-4 Feet - Tight
1641871,Duop Reath,1610612757,POR,29.0,46,27,0.289,27,48,0.563,0.563,0.283,27,47,0.574,0.006,0,1,0.0,2024-25,Regular Season,2-4 Feet - Tight
1630658,Colin Castleton,1610612761,TOR,25.0,26,19,0.49,25,48,0.521,0.521,0.49,25,48,0.521,0.0,0,0,,2024-25,Regular Season,2-4 Feet - Tight
1626204,Larry Nance Jr.,1610612737,ATL,32.0,24,19,0.31,24,48,0.5,0.5,0.31,24,48,0.5,0.0,0,0,,2024-25,Regular Season,2-4 Feet - Tight
1629057,Robert Williams III,1610612757,POR,27.0,20,17,0.603,34,47,0.723,0.723,0.603,34,47,0.723,0.0,0,0,,2024-25,Regular Season,2-4 Feet - Tight
1628963,Marvin Bagley III,1610612763,MEM,26.0,31,19,0.443,28,47,0.596,0.596,0.434,28,46,0.609,0.009,0,1,0.0,2024-25,Regular Season,2-4 Feet - Tight
1631223,David Roddy,1610612745,HOU,24.0,33,24,0.376,27,47,0.574,0.574,0.36,27,45,0.6,0.016,0,2,0.0,2024-25,Regular Season,2-4 Feet - Tight
1641732,Colby Jones,1610612764,WAS,23.0,39,19,0.364,25,47,0.532,0.532,0.357,25,46,0.543,0.008,0,1,0.0,2024-25,Regular Season,2-4 Feet - Tight
1631166,Drew Timme,1610612751,BKN,24.0,9,9,0.461,22,47,0.468,0.468,0.451,22,46,0.478,0.01,0,1,0.0,2024-25,Regular Season,2-4 Feet - Tight
1642269,Devin Carter,1610612758,SAC,23.0,36,26,0.37,18,47,0.383,0.383,0.331,18,42,0.429,0.039,0,5,0.0,2024-25,Regular Season,2-4 Feet - Tight
1631131,Oscar Tshiebwe,1610612762,UTA,25.0,14,12,0.657,29,46,0.63,0.63,0.657,29,46,0.63,0.0,0,0,,2024-25,Regular Season,2-4 Feet - Tight
1630568,Luka Garza,1610612750,MIN,26.0,39,25,0.438,28,46,0.609,0.63,0.419,26,44,0.591,0.019,2,2,1.0,2024-25,Regular Season,2-4 Feet - Tight
1631111,Wendell Moore Jr.,1610612766,CHA,23.0,36,24,0.365,26,46,0.565,0.565,0.365,26,46,0.565,0.0,0,0,,2024-25,Regular Season,2-4 Feet - Tight
1631132,Christian Koloko,1610612747,LAL,25.0,37,23,0.682,31,45,0.689,0.689,0.667,31,44,0.705,0.015,0,1,0.0,2024-25,Regular Season,2-4 Feet - Tight
1630579,Jericho Sims,1610612749,MIL,26.0,53,26,0.634,30,45,0.667,0.667,0.634,30,45,0.667,0.0,0,0,,2024-25,Regular Season,2-4 Feet - Tight
1641740,Jaylen Clark,1610612750,MIN,23.0,40,25,0.367,17,44,0.386,0.386,0.367,17,44,0.386,0.0,0,0,,2024-25,Regular Season,2-4 Feet - Tight
1629731,Dean Wade,1610612739,CLE,28.0,59,33,0.159,25,43,0.581,0.616,0.118,22,32,0.688,0.041,3,11,0.273,2024-25,Regular Season,2-4 Feet - Tight
1628366,Lonzo Ball,1610612741,CHI,27.0,35,24,0.177,15,43,0.349,0.395,0.099,11,24,0.458,0.078,4,19,0.211,2024-25,Regular Season,2-4 Feet - Tight
1631197,Jared Rhoden,1610612761,TOR,25.0,14,14,0.483,23,42,0.548,0.548,0.437,23,38,0.605,0.046,0,4,0.0,2024-25,Regular Season,2-4 Feet - Tight
201569,Eric Gordon,1610612755,PHI,36.0,39,24,0.206,22,42,0.524,0.548,0.191,20,39,0.513,0.015,2,3,0.667,2024-25,Regular Season,2-4 Feet - Tight
202684,Tristan Thompson,1610612739,CLE,34.0,40,22,0.592,19,42,0.452,0.452,0.592,19,42,0.452,0.0,0,0,,2024-25,Regular Season,2-4 Feet - Tight
1626153,Delon Wright,1610612752,NYK,33.0,40,24,0.321,15,42,0.357,0.357,0.29,15,38,0.395,0.031,0,4,0.0,2024-25,Regular Season,2-4 Feet - Tight
1629011,Mitchell Robinson,1610612752,NYK,27.0,16,14,0.788,26,41,0.634,0.634,0.788,26,41,0.634,0.0,0,0,,2024-25,Regular Season,2-4 Feet - Tight
1630611,Gui Santos,1610612744,GSW,23.0,56,26,0.229,23,41,0.561,0.561,0.223,23,40,0.575,0.006,0,1,0.0,2024-25,Regular Season,2-4 Feet - Tight
1641794,Dillon Jones,1610612760,OKC,23.0,54,26,0.308,20,41,0.488,0.488,0.308,20,41,0.488,0.0,0,0,,2024-25,Regular Season,2-4 Feet - Tight
1641736,Reece Beekman,1610612751,BKN,23.0,36,18,0.383,20,41,0.488,0.488,0.383,20,41,0.488,0.0,0,0,,2024-25,Regular Season,2-4 Feet - Tight
1631232,Keion Brooks Jr.,1610612740,NOP,24.0,14,10,0.376,19,41,0.463,0.463,0.358,19,39,0.487,0.018,0,2,0.0,2024-25,Regular Season,2-4 Feet - Tight
203939,Dwight Powell,1610612742,DAL,33.0,55,22,0.656,27,40,0.675,0.675,0.656,27,40,0.675,0.0,0,0,,2024-25,Regular Season,2-4 Feet - Tight
202704,Reggie Jackson,1610612755,PHI,35.0,31,19,0.301,19,40,0.475,0.513,0.256,16,34,0.471,0.045,3,6,0.5,2024-25,Regular Season,2-4 Feet - Tight
1628365,Markelle Fultz,1610612758,SAC,27.0,21,18,0.597,17,40,0.425,0.425,0.597,17,40,0.425,0.0,0,0,,2024-25,Regular Season,2-4 Feet - Tight
1631221,Collin Gillespie,1610612756,PHX,26.0,33,17,0.253,15,40,0.375,0.388,0.215,14,34,0.412,0.038,1,6,0.167,2024-25,Regular Season,2-4 Feet - Tight
1628964,Mo Bamba,1610612740,NOP,27.0,32,24,0.348,25,39,0.641,0.641,0.339,25,38,0.658,0.009,0,1,0.0,2024-25,Regular Season,2-4 Feet - Tight
1631119,Jaylin Williams,1610612760,OKC,23.0,47,25,0.176,20,39,0.513,0.526,0.163,19,36,0.528,0.014,1,3,0.333,2024-25,Regular Season,2-4 Feet - Tight
1630692,Jordan Goodwin,1610612747,LAL,26.0,29,17,0.271,17,39,0.436,0.449,0.25,16,36,0.444,0.021,1,3,0.333,2024-25,Regular Season,2-4 Feet - Tight
1631209,Isaiah Wong,1610612766,CHA,24.0,20,16,0.371,12,39,0.308,0.308,0.371,12,39,0.308,0.0,0,0,,2024-25,Regular Season,2-4 Feet - Tight
201145,Jeff Green,1610612745,HOU,38.0,32,19,0.306,23,37,0.622,0.649,0.24,21,29,0.724,0.066,2,8,0.25,2024-25,Regular Season,2-4 Feet - Tight
1629618,Jalen Pickett,1610612743,DEN,25.0,49,19,0.2,20,36,0.556,0.583,0.178,18,32,0.563,0.022,2,4,0.5,2024-25,Regular Season,2-4 Feet - Tight
1641721,Maxwell Lewis,1610612751,BKN,22.0,28,15,0.333,12,36,0.333,0.347,0.287,11,31,0.355,0.046,1,5,0.2,2024-25,Regular Season,2-4 Feet - Tight
1629650,Moses Brown,1610612742,DAL,25.0,13,9,0.714,22,35,0.629,0.629,0.714,22,35,0.629,0.0,0,0,,2024-25,Regular Season,2-4 Feet - Tight
1641798,Jaylen Martin,1610612764,WAS,21.0,16,12,0.459,15,34,0.441,0.441,0.459,15,34,0.441,0.0,0,0,,2024-25,Regular Season,2-4 Feet - Tight
203458,Alex Len,1610612747,LAL,32.0,46,18,0.524,22,33,0.667,0.667,0.524,22,33,0.667,0.0,0,0,,2024-25,Regular Season,2-4 Feet - Tight
1628981,Bruno Fernando,1610612761,TOR,26.0,17,13,0.673,19,33,0.576,0.576,0.673,19,33,0.576,0.0,0,0,,2024-25,Regular Season,2-4 Feet - Tight
1629684,Grant Williams,1610612766,CHA,26.0,16,13,0.268,16,33,0.485,0.5,0.228,15,28,0.536,0.041,1,5,0.2,2024-25,Regular Season,2-4 Feet - Tight
1641816,Hunter Tyson,1610612743,DEN,25.0,51,19,0.275,15,33,0.455,0.455,0.242,15,29,0.517,0.033,0,4,0.0,2024-25,Regular Season,2-4 Feet - Tight
1641738,Kobe Brown,1610612746,LAC,25.0,40,20,0.431,17,31,0.548,0.548,0.417,17,30,0.567,0.014,0,1,0.0,2024-25,Regular Season,2-4 Feet - Tight
1630542,Marcus Bagley,1610612755,PHI,23.0,10,9,0.435,18,30,0.6,0.6,0.42,18,29,0.621,0.014,0,1,0.0,2024-25,Regular Season,2-4 Feet - Tight
1630695,Micah Potter,1610612762,UTA,27.0,38,17,0.222,16,30,0.533,0.533,0.17,16,23,0.696,0.052,0,7,0.0,2024-25,Regular Season,2-4 Feet - Tight
1641720,Jalen Hood-Schifino,1610612755,PHI,22.0,15,12,0.306,12,30,0.4,0.417,0.265,11,26,0.423,0.041,1,4,0.25,2024-25,Regular Season,2-4 Feet - Tight
201567,Kevin Love,1610612748,MIA,36.0,23,15,0.261,10,30,0.333,0.333,0.226,10,26,0.385,0.035,0,4,0.0,2024-25,Regular Season,2-4 Feet - Tight
1631169,Josh Minott,1610612750,MIN,22.0,46,22,0.322,16,29,0.552,0.552,0.3,16,27,0.593,0.022,0,2,0.0,2024-25,Regular Season,2-4 Feet - Tight
202709,Cory Joseph,1610612753,ORL,33.0,50,20,0.188,16,29,0.552,0.552,0.182,16,28,0.571,0.006,0,1,0.0,2024-25,Regular Season,2-4 Feet - Tight
1630531,Jaden Springer,1610612762,UTA,22.0,43,18,0.311,14,28,0.5,0.5,0.311,14,28,0.5,0.0,0,0,,2024-25,Regular Season,2-4 Feet - Tight
1629680,Matisse Thybulle,1610612757,POR,28.0,15,13,0.318,14,28,0.5,0.518,0.307,13,27,0.481,0.011,1,1,1.0,2024-25,Regular Season,2-4 Feet - Tight
1631216,Caleb Houstan,1610612753,ORL,22.0,58,24,0.147,9,28,0.321,0.339,0.084,8,16,0.5,0.063,1,12,0.083,2024-25,Regular Season,2-4 Feet - Tight
1631311,Lester Quinones,1610612740,NOP,24.0,13,7,0.346,14,27,0.519,0.537,0.282,13,22,0.591,0.064,1,5,0.2,2024-25,Regular Season,2-4 Feet - Tight
1631466,Nate Williams,1610612745,HOU,26.0,20,9,0.435,14,27,0.519,0.519,0.435,14,27,0.519,0.0,0,0,,2024-25,Regular Season,2-4 Feet - Tight
1631172,Ousmane Dieng,1610612760,OKC,22.0,37,17,0.216,13,27,0.481,0.481,0.208,13,26,0.5,0.008,0,1,0.0,2024-25,Regular Season,2-4 Feet - Tight
1630538,Bones Hyland,1610612750,MIN,24.0,24,16,0.229,10,27,0.37,0.407,0.169,8,20,0.4,0.059,2,7,0.286,2024-25,Regular Season,2-4 Feet - Tight
1642277,Johnny Furphy,1610612754,IND,20.0,50,14,0.293,10,27,0.37,0.37,0.261,10,24,0.417,0.033,0,3,0.0,2024-25,Regular Season,2-4 Feet - Tight
1629669,Jaylen Nowell,1610612764,WAS,25.0,8,7,0.356,8,26,0.308,0.308,0.356,8,26,0.308,0.0,0,0,,2024-25,Regular Season,2-4 Feet - Tight
1628396,Tony Bradley,1610612754,IND,27.0,14,7,0.556,16,25,0.64,0.64,0.556,16,25,0.64,0.0,0,0,,2024-25,Regular Season,2-4 Feet - Tight
203967,Dario Saric,1610612743,DEN,31.0,16,11,0.446,11,25,0.44,0.44,0.429,11,24,0.458,0.018,0,1,0.0,2024-25,Regular Season,2-4 Feet - Tight
1630574,Ariel Hukporti,1610612752,NYK,23.0,25,13,0.774,15,24,0.625,0.625,0.774,15,24,0.625,0.0,0,0,,2024-25,Regular Season,2-4 Feet - Tight
203914,Gary Harris,1610612753,ORL,30.0,48,20,0.18,13,24,0.542,0.604,0.135,10,18,0.556,0.045,3,6,0.5,2024-25,Regular Season,2-4 Feet - Tight
1631098,Johnny Davis,1610612764,WAS,23.0,34,14,0.308,12,24,0.5,0.5,0.308,12,24,0.5,0.0,0,0,,2024-25,Regular Season,2-4 Feet - Tight
1630205,Lamar Stevens,1610612763,MEM,27.0,17,10,0.381,12,24,0.5,0.5,0.381,12,24,0.5,0.0,0,0,,2024-25,Regular Season,2-4 Feet - Tight
201587,Nicolas Batum,1610612746,LAC,36.0,78,20,0.101,11,24,0.458,0.5,0.08,9,19,0.474,0.021,2,5,0.4,2024-25,Regular Season,2-4 Feet - Tight
1628467,Maxi Kleber,1610612747,LAL,33.0,34,16,0.25,9,24,0.375,0.375,0.24,9,23,0.391,0.01,0,1,0.0,2024-25,Regular Season,2-4 Feet - Tight
1642382,Branden Carlson,1610612760,OKC,26.0,32,10,0.237,16,23,0.696,0.696,0.227,16,22,0.727,0.01,0,1,0.0,2024-25,Regular Season,2-4 Feet - Tight
1641723,Kobe Bufkin,1610612737,ATL,21.0,10,10,0.489,13,23,0.565,0.587,0.447,12,21,0.571,0.043,1,2,0.5,2024-25,Regular Season,2-4 Feet - Tight
1629629,Cam Reddish,1610612747,LAL,25.0,33,17,0.245,12,23,0.522,0.522,0.234,12,22,0.545,0.011,0,1,0.0,2024-25,Regular Season,2-4 Feet - Tight
1628975,Jevon Carter,1610612741,CHI,29.0,36,17,0.158,11,23,0.478,0.543,0.103,8,15,0.533,0.055,3,8,0.375,2024-25,Regular Season,2-4 Feet - Tight
200768,Kyle Lowry,1610612755,PHI,39.0,35,16,0.197,5,23,0.217,0.261,0.12,3,14,0.214,0.077,2,9,0.222,2024-25,Regular Season,2-4 Feet - Tight
202693,Markieff Morris,1610612747,LAL,35.0,15,9,0.314,8,22,0.364,0.364,0.3,8,21,0.381,0.014,0,1,0.0,2024-25,Regular Season,2-4 Feet - Tight
203926,Doug McDermott,1610612758,SAC,33.0,42,13,0.179,9,21,0.429,0.571,0.043,3,5,0.6,0.137,6,16,0.375,2024-25,Regular Season,2-4 Feet - Tight
1642278,Tyler Kolek,1610612752,NYK,24.0,41,15,0.256,6,21,0.286,0.286,0.232,6,19,0.316,0.024,0,2,0.0,2024-25,Regular Season,2-4 Feet - Tight
1630550,JT Thor,1610612764,WAS,22.0,20,13,0.339,9,20,0.45,0.475,0.305,8,18,0.444,0.034,1,2,0.5,2024-25,Regular Season,2-4 Feet - Tight
1642402,Enrique Freeman,1610612754,IND,24.0,22,14,0.541,9,20,0.45,0.45,0.541,9,20,0.45,0.0,0,0,,2024-25,Regular Season,2-4 Feet - Tight
1629162,Jordan McLaughlin,1610612759,SAS,29.0,46,15,0.278,8,20,0.4,0.45,0.208,6,15,0.4,0.069,2,5,0.4,2024-25,Regular Season,2-4 Feet - Tight
1630543,Isaiah Jackson,1610612754,IND,23.0,5,4,0.826,11,19,0.579,0.579,0.826,11,19,0.579,0.0,0,0,,2024-25,Regular Season,2-4 Feet - Tight
1630699,MarJon Beauchamp,1610612752,NYK,24.0,35,12,0.277,10,18,0.556,0.583,0.231,9,15,0.6,0.046,1,3,0.333,2024-25,Regular Season,2-4 Feet - Tight
1630696,Dru Smith,1610612748,MIA,27.0,14,9,0.295,8,18,0.444,0.472,0.23,7,14,0.5,0.066,1,4,0.25,2024-25,Regular Season,2-4 Feet - Tight
1631248,Baylor Scheierman,1610612738,BOS,24.0,31,10,0.164,8,18,0.444,0.444,0.136,8,15,0.533,0.027,0,3,0.0,2024-25,Regular Season,2-4 Feet - Tight
202066,Garrett Temple,1610612761,TOR,39.0,28,13,0.3,8,18,0.444,0.444,0.267,8,16,0.5,0.033,0,2,0.0,2024-25,Regular Season,2-4 Feet - Tight
1627814,Damion Lee,1610612756,PHX,32.0,25,13,0.243,7,18,0.389,0.417,0.23,6,17,0.353,0.014,1,1,1.0,2024-25,Regular Season,2-4 Feet - Tight
1641775,Jordan Walsh,1610612738,BOS,21.0,52,14,0.205,8,17,0.471,0.471,0.205,8,17,0.471,0.0,0,0,,2024-25,Regular Season,2-4 Feet - Tight
1642355,Bronny James,1610612747,LAL,20.0,27,8,0.254,7,17,0.412,0.441,0.224,6,15,0.4,0.03,1,2,0.5,2024-25,Regular Season,2-4 Feet - Tight
1642285,Cam Spencer,1610612763,MEM,25.0,25,11,0.207,7,17,0.412,0.441,0.171,6,14,0.429,0.037,1,3,0.333,2024-25,Regular Season,2-4 Feet - Tight
1630214,Xavier Tillman,1610612738,BOS,26.0,33,13,0.321,7,17,0.412,0.412,0.321,7,17,0.412,0.0,0,0,,2024-25,Regular Season,2-4 Feet - Tight
201988,Patty Mills,1610612746,LAC,36.0,29,9,0.177,5,17,0.294,0.382,0.063,2,6,0.333,0.115,3,11,0.273,2024-25,Regular Season,2-4 Feet - Tight
1628470,Torrey Craig,1610612738,BOS,34.0,26,10,0.178,9,16,0.563,0.563,0.144,9,13,0.692,0.033,0,3,0.0,2024-25,Regular Season,2-4 Feet - Tight
1629052,Oshae Brissett,1610612755,PHI,27.0,6,6,0.41,8,16,0.5,0.5,0.385,8,15,0.533,0.026,0,1,0.0,2024-25,Regular Season,2-4 Feet - Tight
1629723,John Konchar,1610612763,MEM,29.0,46,10,0.176,8,16,0.5,0.531,0.132,7,12,0.583,0.044,1,4,0.25,2024-25,Regular Season,2-4 Feet - Tight
1630528,Josh Christopher,1610612748,MIA,23.0,14,4,0.484,5,15,0.333,0.333,0.484,5,15,0.333,0.0,0,0,,2024-25,Regular Season,2-4 Feet - Tight
1641727,Dariq Whitehead,1610612751,BKN,20.0,20,9,0.156,4,15,0.267,0.267,0.146,4,14,0.286,0.01,0,1,0.0,2024-25,Regular Season,2-4 Feet - Tight
1630165,Killian Hayes,1610612751,BKN,23.0,6,6,0.326,5,14,0.357,0.357,0.326,5,14,0.357,0.0,0,0,,2024-25,Regular Season,2-4 Feet - Tight
1630346,Matt Ryan,1610612740,NOP,28.0,19,9,0.452,4,14,0.286,0.321,0.29,3,9,0.333,0.161,1,5,0.2,2024-25,Regular Season,2-4 Feet - Tight
1641772,Nae'Qwan Tomlin,1610612739,CLE,24.0,5,4,0.438,4,14,0.286,0.286,0.406,4,13,0.308,0.031,0,1,0.0,2024-25,Regular Season,2-4 Feet - Tight
1641790,PJ Hall,1610612743,DEN,23.0,19,11,0.542,8,13,0.615,0.615,0.5,8,12,0.667,0.042,0,1,0.0,2024-25,Regular Season,2-4 Feet - Tight
1630585,Marcus Garrett,1610612766,CHA,26.0,4,4,0.481,5,13,0.385,0.385,0.481,5,13,0.385,0.0,0,0,,2024-25,Regular Season,2-4 Feet - Tight
1642352,Keshad Johnson,1610612748,MIA,24.0,16,5,0.462,9,12,0.75,0.75,0.462,9,12,0.75,0.0,0,0,,2024-25,Regular Season,2-4 Feet - Tight
1628995,Kevin Knox II,1610612744,GSW,25.0,14,8,0.333,7,12,0.583,0.583,0.333,7,12,0.583,0.0,0,0,,2024-25,Regular Season,2-4 Feet - Tight
1629001,De'Anthony Melton,1610612751,BKN,27.0,6,4,0.222,4,12,0.333,0.333,0.204,4,11,0.364,0.019,0,1,0.0,2024-25,Regular Season,2-4 Feet - Tight
1626196,Josh Richardson,1610612748,MIA,31.0,8,7,0.316,2,12,0.167,0.167,0.263,2,10,0.2,0.053,0,2,0.0,2024-25,Regular Season,2-4 Feet - Tight
1630283,Kylor Kelley,1610612747,LAL,27.0,11,6,0.5,7,11,0.636,0.636,0.5,7,11,0.636,0.0,0,0,,2024-25,Regular Season,2-4 Feet - Tight
1631321,Sidy Cissoko,1610612757,POR,21.0,22,7,0.367,5,11,0.455,0.455,0.333,5,10,0.5,0.033,0,1,0.0,2024-25,Regular Season,2-4 Feet - Tight
1641753,Chris Livingston,1610612749,MIL,21.0,21,8,0.407,5,11,0.455,0.455,0.407,5,11,0.455,0.0,0,0,,2024-25,Regular Season,2-4 Feet - Tight
1641890,Tyler Smith,1610612749,MIL,20.0,23,8,0.22,4,11,0.364,0.364,0.2,4,10,0.4,0.02,0,1,0.0,2024-25,Regular Season,2-4 Feet - Tight
1641989,Elijah Harkless,1610612762,UTA,25.0,10,7,0.314,3,11,0.273,0.273,0.2,3,7,0.429,0.114,0,4,0.0,2024-25,Regular Season,2-4 Feet - Tight
1631306,Cole Swider,1610612754,IND,26.0,10,6,0.175,3,11,0.273,0.318,0.095,2,6,0.333,0.079,1,5,0.2,2024-25,Regular Season,2-4 Feet - Tight
1631102,TyTy Washington Jr.,1610612756,PHX,23.0,16,6,0.222,4,10,0.4,0.4,0.222,4,10,0.4,0.0,0,0,,2024-25,Regular Season,2-4 Feet - Tight
1642422,Armel Traore,1610612747,LAL,22.0,9,5,0.526,4,10,0.4,0.4,0.526,4,10,0.4,0.0,0,0,,2024-25,Regular Season,2-4 Feet - Tight
1641725,Trey Alexander,1610612743,DEN,22.0,24,7,0.244,4,10,0.4,0.4,0.195,4,8,0.5,0.049,0,2,0.0,2024-25,Regular Season,2-4 Feet - Tight
1631301,Jaylen Sims,1610612766,CHA,26.0,6,4,0.321,6,9,0.667,0.722,0.286,5,8,0.625,0.036,1,1,1.0,2024-25,Regular Season,2-4 Feet - Tight
1642461,Spencer Jones,1610612743,DEN,24.0,20,6,0.265,6,9,0.667,0.667,0.235,6,8,0.75,0.029,0,1,0.0,2024-25,Regular Season,2-4 Feet - Tight
1631120,JD Davison,1610612738,BOS,22.0,16,6,0.265,5,9,0.556,0.556,0.265,5,9,0.556,0.0,0,0,,2024-25,Regular Season,2-4 Feet - Tight
1642024,Alex Reese,1610612755,PHI,26.0,15,8,0.167,5,9,0.556,0.556,0.13,5,7,0.714,0.037,0,2,0.0,2024-25,Regular Season,2-4 Feet - Tight
1642353,Cam Christie,1610612746,LAC,19.0,13,5,0.375,4,9,0.444,0.444,0.292,4,7,0.571,0.083,0,2,0.0,2024-25,Regular Season,2-4 Feet - Tight
1641789,Jazian Gortman,1610612742,DAL,22.0,16,6,0.391,3,9,0.333,0.389,0.348,2,8,0.25,0.043,1,1,1.0,2024-25,Regular Season,2-4 Feet - Tight
1642484,RayJ Dennis,1610612754,IND,24.0,11,4,0.273,2,9,0.222,0.222,0.212,2,7,0.286,0.061,0,2,0.0,2024-25,Regular Season,2-4 Feet - Tight
1630762,Phillip Wheeler,1610612755,PHI,23.0,5,4,0.429,2,9,0.222,0.222,0.381,2,8,0.25,0.048,0,1,0.0,2024-25,Regular Season,2-4 Feet - Tight
1631210,Jacob Toppin,1610612737,ATL,25.0,17,6,0.409,2,9,0.222,0.222,0.409,2,9,0.222,0.0,0,0,,2024-25,Regular Season,2-4 Feet - Tight
1631116,Patrick Baldwin Jr.,1610612746,LAC,22.0,24,7,0.229,5,8,0.625,0.688,0.2,4,7,0.571,0.029,1,1,1.0,2024-25,Regular Season,2-4 Feet - Tight
1631303,Justin Minaya,1610612757,POR,26.0,19,4,0.381,5,8,0.625,0.688,0.333,4,7,0.571,0.048,1,1,1.0,2024-25,Regular Season,2-4 Feet - Tight
1641745,Adam Flagler,1610612760,OKC,25.0,37,5,0.083,2,8,0.25,0.25,0.073,2,7,0.286,0.01,0,1,0.0,2024-25,Regular Season,2-4 Feet - Tight
1642368,N'Faly Dante,1610612745,HOU,23.0,4,3,0.538,6,7,0.857,0.857,0.538,6,7,0.857,0.0,0,0,,2024-25,Regular Season,2-4 Feet - Tight
1628427,Vlatko Čančar,1610612743,DEN,28.0,13,5,0.269,4,7,0.571,0.571,0.269,4,7,0.571,0.0,0,0,,2024-25,Regular Season,2-4 Feet - Tight
1629643,Chuma Okeke,1610612739,CLE,26.0,9,5,0.175,4,7,0.571,0.571,0.125,4,5,0.8,0.05,0,2,0.0,2024-25,Regular Season,2-4 Feet - Tight
1642359,Pacôme Dadiet,1610612752,NYK,19.0,18,6,0.226,3,7,0.429,0.429,0.226,3,7,0.429,0.0,0,0,,2024-25,Regular Season,2-4 Feet - Tight
1631247,Luke Travers,1610612739,CLE,23.0,12,3,0.35,2,7,0.286,0.286,0.3,2,6,0.333,0.05,0,1,0.0,2024-25,Regular Season,2-4 Feet - Tight
1631121,Bryce McGowens,1610612757,POR,22.0,13,6,0.5,2,7,0.286,0.286,0.5,2,7,0.286,0.0,0,0,,2024-25,Regular Season,2-4 Feet - Tight
1642280,Trentyn Flowers,1610612746,LAC,20.0,6,2,0.636,2,7,0.286,0.286,0.545,2,6,0.333,0.091,0,1,0.0,2024-25,Regular Season,2-4 Feet - Tight
1630561,David Duke Jr.,1610612759,SAS,25.0,6,5,0.5,2,7,0.286,0.357,0.429,1,6,0.167,0.071,1,1,1.0,2024-25,Regular Season,2-4 Feet - Tight
1630623,Tyson Etienne,1610612751,BKN,25.0,7,5,0.135,1,7,0.143,0.143,0.058,1,3,0.333,0.077,0,4,0.0,2024-25,Regular Season,2-4 Feet - Tight
1630222,Mason Jones,1610612758,SAC,26.0,10,3,0.333,5,6,0.833,0.833,0.333,5,6,0.833,0.0,0,0,,2024-25,Regular Season,2-4 Feet - Tight
1631250,Pete Nance,1610612749,MIL,25.0,13,5,0.188,5,6,0.833,0.833,0.188,5,6,0.833,0.0,0,0,,2024-25,Regular Season,2-4 Feet - Tight
1641734,Emoni Bates,1610612739,CLE,21.0,10,4,0.158,1,6,0.167,0.167,0.132,1,5,0.2,0.026,0,1,0.0,2024-25,Regular Season,2-4 Feet - Tight
1641803,Tristen Newton,1610612750,MIN,24.0,8,5,0.75,1,6,0.167,0.167,0.625,1,5,0.2,0.125,0,1,0.0,2024-25,Regular Season,2-4 Feet - Tight
1631123,Jamaree Bouyea,1610612749,MIL,26.0,5,2,0.417,4,5,0.8,0.8,0.417,4,5,0.8,0.0,0,0,,2024-25,Regular Season,2-4 Feet - Tight
1630537,Chris Duarte,1610612741,CHI,28.0,17,4,0.192,4,5,0.8,0.8,0.192,4,5,0.8,0.0,0,0,,2024-25,Regular Season,2-4 Feet - Tight
1631159,Leonard Miller,1610612750,MIN,21.0,13,4,0.333,4,5,0.8,0.8,0.333,4,5,0.8,0.0,0,0,,2024-25,Regular Season,2-4 Feet - Tight
1631342,Daeqwon Plowden,1610612737,ATL,26.0,6,3,0.2,4,5,0.8,0.8,0.2,4,5,0.8,0.0,0,0,,2024-25,Regular Season,2-4 Feet - Tight
1642449,Tolu Smith,1610612765,DET,24.0,1,1,0.556,3,5,0.6,0.6,0.556,3,5,0.6,0.0,0,0,,2024-25,Regular Season,2-4 Feet - Tight
1630201,Malachi Flynn,1610612759,SAS,27.0,4,2,0.385,3,5,0.6,0.7,0.231,2,3,0.667,0.154,1,2,0.5,2024-25,Regular Season,2-4 Feet - Tight
203109,Jae Crowder,1610612758,SAC,34.0,9,4,0.227,2,5,0.4,0.4,0.227,2,5,0.4,0.0,0,0,,2024-25,Regular Season,2-4 Feet - Tight
1642279,Ulrich Chomche,1610612761,TOR,19.0,7,4,1.0,2,5,0.4,0.4,1.0,2,5,0.4,0.0,0,0,,2024-25,Regular Season,2-4 Feet - Tight
1642505,Alex Ducas,1610612760,OKC,24.0,21,4,0.167,1,5,0.2,0.2,0.167,1,5,0.2,0.0,0,0,,2024-25,Regular Season,2-4 Feet - Tight
1641766,Adama Sanogo,1610612741,CHI,23.0,4,2,0.571,2,4,0.5,0.5,0.571,2,4,0.5,0.0,0,0,,2024-25,Regular Season,2-4 Feet - Tight
1641809,Drew Peterson,1610612738,BOS,25.0,25,4,0.098,2,4,0.5,0.625,0.073,1,3,0.333,0.024,1,1,1.0,2024-25,Regular Season,2-4 Feet - Tight
1641801,Emanuel Miller,1610612741,CHI,25.0,6,3,0.5,2,4,0.5,0.5,0.5,2,4,0.5,0.0,0,0,,2024-25,Regular Season,2-4 Feet - Tight
1630649,Stanley Umude,1610612749,MIL,26.0,22,3,0.154,2,4,0.5,0.5,0.154,2,4,0.5,0.0,0,0,,2024-25,Regular Season,2-4 Feet - Tight
1641857,Liam Robbins,1610612749,MIL,25.0,13,3,0.5,1,4,0.25,0.25,0.5,1,4,0.25,0.0,0,0,,2024-25,Regular Season,2-4 Feet - Tight
204060,Joe Ingles,1610612750,MIN,37.0,19,4,0.174,1,4,0.25,0.25,0.13,1,3,0.333,0.043,0,1,0.0,2024-25,Regular Season,2-4 Feet - Tight
1629098,Jack McVeigh,1610612745,HOU,29.0,9,3,0.235,1,4,0.25,0.25,0.176,1,3,0.333,0.059,0,1,0.0,2024-25,Regular Season,2-4 Feet - Tight
1641817,Anton Watson,1610612752,NYK,24.0,9,3,0.444,1,4,0.25,0.25,0.444,1,4,0.25,0.0,0,0,,2024-25,Regular Season,2-4 Feet - Tight
1642050,Jackson Rowe,1610612744,GSW,28.0,6,3,0.235,1,4,0.25,0.25,0.176,1,3,0.333,0.059,0,1,0.0,2024-25,Regular Season,2-4 Feet - Tight
1641755,Kevin McCullar Jr.,1610612752,NYK,24.0,4,3,0.571,1,4,0.25,0.25,0.571,1,4,0.25,0.0,0,0,,2024-25,Regular Season,2-4 Feet - Tight
1642443,Jahmir Young,1610612741,CHI,24.0,6,2,0.6,3,3,1.0,1.0,0.6,3,3,1.0,0.0,0,0,,2024-25,Regular Season,2-4 Feet - Tight
201949,James Johnson,1610612754,IND,38.0,12,3,0.273,2,3,0.667,0.667,0.273,2,3,0.667,0.0,0,0,,2024-25,Regular Season,2-4 Feet - Tight
1641752,Bobi Klintman,1610612765,DET,22.0,8,2,0.3,2,3,0.667,0.667,0.3,2,3,0.667,0.0,0,0,,2024-25,Regular Season,2-4 Feet - Tight
1642530,Yuki Kawamura,1610612763,MEM,24.0,22,3,0.1,2,3,0.667,0.667,0.1,2,3,0.667,0.0,0,0,,2024-25,Regular Season,2-4 Feet - Tight
1642385,Cui Cui,1610612751,BKN,22.0,5,2,0.429,1,3,0.333,0.333,0.429,1,3,0.333,0.0,0,0,,2024-25,Regular Season,2-4 Feet - Tight
1641707,Taylor Hendricks,1610612762,UTA,21.0,3,3,0.167,0,3,0.0,0.0,0.111,0,2,0.0,0.056,0,1,0.0,2024-25,Regular Season,2-4 Feet - Tight
1631386,Taze Moore,1610612757,POR,27.0,2,1,0.3,0,3,0.0,0.0,0.3,0,3,0.0,0.0,0,0,,2024-25,Regular Season,2-4 Feet - Tight
1642384,Isaiah Crawford,1610612758,SAC,23.0,15,2,0.182,2,2,1.0,1.0,0.182,2,2,1.0,0.0,0,0,,2024-25,Regular Season,2-4 Feet - Tight
1630604,E.J. Liddell,1610612741,CHI,24.0,12,2,0.133,2,2,1.0,1.0,0.133,2,2,1.0,0.0,0,0,,2024-25,Regular Season,2-4 Feet - Tight
1627746,Skal Labissiere,1610612758,SAC,29.0,4,2,0.5,1,2,0.5,0.5,0.5,1,2,0.5,0.0,0,0,,2024-25,Regular Season,2-4 Feet - Tight
1630618,D.J. Carton,1610612761,TOR,24.0,4,2,0.286,0,2,0.0,0.0,0.286,0,2,0.0,0.0,0,0,,2024-25,Regular Season,2-4 Feet - Tight
1630600,Isaiah Mobley,1610612755,PHI,25.0,1,1,0.286,0,2,0.0,0.0,0.286,0,2,0.0,0.0,0,0,,2024-25,Regular Season,2-4 Feet - Tight
1641936,Miles Norris,1610612738,BOS,25.0,3,1,0.222,0,2,0.0,0.0,0.111,0,1,0.0,0.111,0,1,0.0,2024-25,Regular Season,2-4 Feet - Tight
200782,P.J. Tucker,1610612752,NYK,40.0,3,2,0.286,0,2,0.0,0.0,0.143,0,1,0.0,0.143,0,1,0.0,2024-25,Regular Season,2-4 Feet - Tight
1630296,Braxton Key,1610612744,GSW,28.0,3,1,0.5,0,2,0.0,0.0,0.5,0,2,0.0,0.0,0,0,,2024-25,Regular Season,2-4 Feet - Tight
1631127,Harrison Ingram,1610612759,SAS,22.0,5,1,0.25,1,1,1.0,1.0,0.25,1,1,1.0,0.0,0,0,,2024-25,Regular Season,2-4 Feet - Tight
1630164,James Wiseman,1610612754,IND,24.0,1,1,0.25,1,1,1.0,1.0,0.25,1,1,1.0,0.0,0,0,,2024-25,Regular Season,2-4 Feet - Tight
1631214,Alondes Williams,1610612746,LAC,26.0,1,1,0.5,1,1,1.0,1.5,0.0,0,0,,0.5,1,1,1.0,2024-25,Regular Season,2-4 Feet - Tight
1642450,Daniss Jenkins,1610612765,DET,23.0,7,1,0.1,1,1,1.0,1.0,0.1,1,1,1.0,0.0,0,0,,2024-25,Regular Season,2-4 Feet - Tight
1641879,Yuri Collins,1610612744,GSW,24.0,2,1,0.333,0,1,0.0,0.0,0.333,0,1,0.0,0.0,0,0,,2024-25,Regular Season,2-4 Feet - Tight
1630644,Mac McClung,1610612753,ORL,26.0,2,1,0.5,0,1,0.0,0.0,0.5,0,1,0.0,0.0,0,0,,2024-25,Regular Season,2-4 Feet - Tight
1630678,Terry Taylor,1610612758,SAC,25.0,3,1,1.0,0,1,0.0,0.0,1.0,0,1,0.0,0.0,0,0,,2024-25,Regular Season,2-4 Feet - Tight
1641815,Isaiah Stevens,1610612748,MIA,24.0,3,1,0.5,0,1,0.0,0.0,0.5,0,1,0.0,0.0,0,0,,2024-25,Regular Season,2-4 Feet - Tight
1642389,Zyon Pullin,1610612763,MEM,24.0,3,1,1.0,0,1,0.0,0.0,1.0,0,1,0.0,0.0,0,0,,2024-25,Regular Season,2-4 Feet - Tight
1630162,Anthony Edwards,1610612750,MIN,23.0,79,79,0.445,305,718,0.425,0.562,0.152,108,245,0.441,0.293,197,473,0.416,2024-25,Regular Season,4-6 Feet - Open
1628983,Shai Gilgeous-Alexander,1610612760,OKC,26.0,76,76,0.411,326,680,0.479,0.541,0.269,242,446,0.543,0.141,84,234,0.359,2024-25,Regular Season,4-6 Feet - Open
1628369,Jayson Tatum,1610612738,BOS,27.0,72,71,0.399,242,576,0.42,0.54,0.132,104,191,0.545,0.267,138,385,0.358,2024-25,Regular Season,4-6 Feet - Open
1626164,Devin Booker,1610612756,PHX,28.0,75,75,0.398,269,565,0.476,0.552,0.208,183,296,0.618,0.189,86,269,0.32,2024-25,Regular Season,4-6 Feet - Open
1630224,Jalen Green,1610612745,HOU,23.0,82,82,0.388,228,557,0.409,0.513,0.154,113,222,0.509,0.233,115,335,0.343,2024-25,Regular Season,4-6 Feet - Open
201939,Stephen Curry,1610612744,GSW,37.0,70,69,0.434,247,546,0.452,0.601,0.1,85,126,0.675,0.334,162,420,0.386,2024-25,Regular Season,4-6 Feet - Open
1628378,Donovan Mitchell,1610612739,CLE,28.0,71,71,0.411,232,543,0.427,0.539,0.152,111,201,0.552,0.259,121,342,0.354,2024-25,Regular Season,4-6 Feet - Open
1628969,Mikal Bridges,1610612752,NYK,28.0,81,80,0.461,249,539,0.462,0.528,0.278,178,325,0.548,0.183,71,214,0.332,2024-25,Regular Season,4-6 Feet - Open
1629029,Luka Doncic,1610612747,LAL,26.0,50,50,0.5,205,512,0.4,0.51,0.183,93,188,0.495,0.316,112,324,0.346,2024-25,Regular Season,4-6 Feet - Open
2544,LeBron James,1610612747,LAL,40.0,70,70,0.402,239,510,0.469,0.553,0.224,153,285,0.537,0.177,86,225,0.382,2024-25,Regular Season,4-6 Feet - Open
203897,Zach LaVine,1610612758,SAC,30.0,74,74,0.401,231,491,0.47,0.589,0.176,115,215,0.535,0.226,116,276,0.42,2024-25,Regular Season,4-6 Feet - Open
1627750,Jamal Murray,1610612743,DEN,28.0,67,65,0.426,218,471,0.463,0.54,0.263,145,291,0.498,0.163,73,180,0.406,2024-25,Regular Season,4-6 Feet - Open
1628368,De'Aaron Fox,1610612759,SAS,27.0,62,62,0.404,189,470,0.402,0.461,0.236,134,275,0.487,0.168,55,195,0.282,2024-25,Regular Season,4-6 Feet - Open
1628973,Jalen Brunson,1610612752,NYK,28.0,64,64,0.395,205,465,0.441,0.522,0.208,130,245,0.531,0.187,75,220,0.341,2024-25,Regular Season,4-6 Feet - Open
1629027,Trae Young,1610612737,ATL,26.0,76,76,0.328,177,452,0.392,0.483,0.148,94,204,0.461,0.18,83,248,0.335,2024-25,Regular Season,4-6 Feet - Open
1629639,Tyler Herro,1610612748,MIA,25.0,77,75,0.324,200,447,0.447,0.545,0.132,113,182,0.621,0.192,87,265,0.328,2024-25,Regular Season,4-6 Feet - Open
1629014,Anfernee Simons,1610612757,POR,26.0,70,70,0.396,180,446,0.404,0.529,0.116,68,131,0.519,0.28,112,315,0.356,2024-25,Regular Season,4-6 Feet - Open
1631114,Jalen Williams,1610612760,OKC,24.0,69,69,0.359,217,419,0.518,0.578,0.249,167,291,0.574,0.11,50,128,0.391,2024-25,Regular Season,4-6 Feet - Open
203081,Damian Lillard,1610612749,MIL,34.0,58,58,0.422,176,419,0.42,0.525,0.162,88,161,0.547,0.26,88,258,0.341,2024-25,Regular Season,4-6 Feet - Open
203468,CJ McCollum,1610612740,NOP,33.0,56,56,0.407,171,407,0.42,0.529,0.167,82,167,0.491,0.24,89,240,0.371,2024-25,Regular Season,4-6 Feet - Open
1631101,Shaedon Sharpe,1610612757,POR,22.0,72,72,0.364,159,402,0.396,0.473,0.169,97,187,0.519,0.195,62,215,0.288,2024-25,Regular Season,4-6 Feet - Open
1630595,Cade Cunningham,1610612765,DET,23.0,70,70,0.273,194,398,0.487,0.573,0.15,126,219,0.575,0.123,68,179,0.38,2024-25,Regular Season,4-6 Feet - Open
1627736,Malik Beasley,1610612765,DET,28.0,82,82,0.369,170,394,0.431,0.604,0.066,34,71,0.479,0.302,136,323,0.421,2024-25,Regular Season,4-6 Feet - Open
1629632,Coby White,1610612741,CHI,25.0,74,74,0.345,160,387,0.413,0.519,0.136,78,152,0.513,0.21,82,235,0.349,2024-25,Regular Season,4-6 Feet - Open
203507,Giannis Antetokounmpo,1610612749,MIL,30.0,67,67,0.293,204,386,0.528,0.528,0.284,204,374,0.545,0.009,0,12,0.0,2024-25,Regular Season,4-6 Feet - Open
1630178,Tyrese Maxey,1610612755,PHI,24.0,52,52,0.352,143,384,0.372,0.443,0.159,89,174,0.511,0.192,54,210,0.257,2024-25,Regular Season,4-6 Feet - Open
201935,James Harden,1610612746,LAC,35.0,79,79,0.296,153,383,0.399,0.531,0.093,52,120,0.433,0.203,101,263,0.384,2024-25,Regular Season,4-6 Feet - Open
1627759,Jaylen Brown,1610612738,BOS,28.0,63,62,0.344,143,380,0.376,0.463,0.159,77,176,0.438,0.185,66,204,0.324,2024-25,Regular Season,4-6 Feet - Open
1628389,Bam Adebayo,1610612748,MIA,27.0,78,77,0.335,170,373,0.456,0.477,0.288,154,320,0.481,0.048,16,53,0.302,2024-25,Regular Season,4-6 Feet - Open
1628401,Derrick White,1610612738,BOS,30.0,76,76,0.389,160,373,0.429,0.57,0.086,55,82,0.671,0.303,105,291,0.361,2024-25,Regular Season,4-6 Feet - Open
1627783,Pascal Siakam,1610612754,IND,31.0,78,76,0.314,174,371,0.469,0.516,0.226,139,267,0.521,0.088,35,104,0.337,2024-25,Regular Season,4-6 Feet - Open
202691,Klay Thompson,1610612742,DAL,35.0,72,70,0.416,132,365,0.362,0.486,0.133,41,117,0.35,0.283,91,248,0.367,2024-25,Regular Season,4-6 Feet - Open
201942,DeMar DeRozan,1610612758,SAC,35.0,77,77,0.278,166,363,0.457,0.51,0.191,128,250,0.512,0.086,38,113,0.336,2024-25,Regular Season,4-6 Feet - Open
201142,Kevin Durant,1610612756,PHX,36.0,62,62,0.322,192,362,0.53,0.62,0.187,127,210,0.605,0.135,65,152,0.428,2024-25,Regular Season,4-6 Feet - Open
1630567,Scottie Barnes,1610612761,TOR,23.0,65,65,0.34,150,361,0.416,0.463,0.206,116,219,0.53,0.134,34,142,0.239,2024-25,Regular Season,4-6 Feet - Open
1630170,Devin Vassell,1610612759,SAS,24.0,64,64,0.405,164,360,0.456,0.561,0.177,88,157,0.561,0.228,76,203,0.374,2024-25,Regular Season,4-6 Feet - Open
1629636,Darius Garland,1610612739,CLE,25.0,75,75,0.3,160,352,0.455,0.561,0.141,85,165,0.515,0.159,75,187,0.401,2024-25,Regular Season,4-6 Feet - Open
1631094,Paolo Banchero,1610612753,ORL,22.0,46,46,0.386,145,352,0.412,0.479,0.223,98,203,0.483,0.164,47,149,0.315,2024-25,Regular Season,4-6 Feet - Open
1629673,Jordan Poole,1610612764,WAS,26.0,68,68,0.333,134,352,0.381,0.506,0.084,46,89,0.517,0.249,88,263,0.335,2024-25,Regular Season,4-6 Feet - Open
1630532,Franz Wagner,1610612753,ORL,23.0,60,57,0.301,138,350,0.394,0.474,0.133,82,154,0.532,0.169,56,196,0.286,2024-25,Regular Season,4-6 Feet - Open
1629008,Michael Porter Jr.,1610612743,DEN,27.0,77,76,0.333,170,345,0.493,0.609,0.141,90,146,0.616,0.192,80,199,0.402,2024-25,Regular Season,4-6 Feet - Open
1641705,Victor Wembanyama,1610612759,SAS,21.0,46,46,0.399,137,342,0.401,0.507,0.144,64,123,0.52,0.256,73,219,0.333,2024-25,Regular Season,4-6 Feet - Open
1630163,LaMelo Ball,1610612766,CHA,23.0,47,46,0.341,119,342,0.348,0.444,0.108,53,108,0.491,0.233,66,234,0.282,2024-25,Regular Season,4-6 Feet - Open
203999,Nikola Jokić,1610612743,DEN,30.0,70,70,0.25,190,341,0.557,0.647,0.14,129,191,0.675,0.11,61,150,0.407,2024-25,Regular Season,4-6 Feet - Open
1630217,Desmond Bane,1610612753,ORL,27.0,68,67,0.338,159,338,0.47,0.577,0.146,87,146,0.596,0.192,72,192,0.375,2024-25,Regular Season,4-6 Feet - Open
1642267,Bub Carrington,1610612764,WAS,19.0,82,80,0.449,140,336,0.417,0.518,0.183,72,137,0.526,0.266,68,199,0.342,2024-25,Regular Season,4-6 Feet - Open
1628970,Miles Bridges,1610612766,CHA,27.0,64,63,0.308,124,335,0.37,0.467,0.109,59,119,0.496,0.198,65,216,0.301,2024-25,Regular Season,4-6 Feet - Open
1628384,OG Anunoby,1610612752,NYK,27.0,73,69,0.33,150,333,0.45,0.565,0.126,74,127,0.583,0.204,76,206,0.369,2024-25,Regular Season,4-6 Feet - Open
101108,Chris Paul,1610612759,SAS,40.0,82,81,0.569,131,332,0.395,0.506,0.221,57,129,0.442,0.348,74,203,0.365,2024-25,Regular Season,4-6 Feet - Open
1630169,Tyrese Haliburton,1610612754,IND,25.0,73,71,0.326,155,328,0.473,0.585,0.123,81,124,0.653,0.203,74,204,0.363,2024-25,Regular Season,4-6 Feet - Open
1641718,Keyonte George,1610612762,UTA,21.0,67,66,0.355,127,326,0.39,0.537,0.064,31,59,0.525,0.291,96,267,0.36,2024-25,Regular Season,4-6 Feet - Open
1626157,Karl-Anthony Towns,1610612752,NYK,29.0,71,71,0.267,156,321,0.486,0.593,0.121,87,146,0.596,0.145,69,175,0.394,2024-25,Regular Season,4-6 Feet - Open
1630202,Payton Pritchard,1610612738,BOS,27.0,80,76,0.373,139,321,0.433,0.595,0.069,35,59,0.593,0.305,104,262,0.397,2024-25,Regular Season,4-6 Feet - Open
203944,Julius Randle,1610612750,MIN,30.0,69,66,0.341,143,320,0.447,0.517,0.18,98,169,0.58,0.161,45,151,0.298,2024-25,Regular Season,4-6 Feet - Open
1629012,Collin Sexton,1610612762,UTA,26.0,63,61,0.367,155,318,0.487,0.569,0.205,103,178,0.579,0.161,52,140,0.371,2024-25,Regular Season,4-6 Feet - Open
1630559,Austin Reaves,1610612747,LAL,27.0,73,73,0.304,137,315,0.435,0.532,0.132,76,137,0.555,0.172,61,178,0.343,2024-25,Regular Season,4-6 Feet - Open
1628370,Malik Monk,1610612758,SAC,27.0,65,64,0.328,124,308,0.403,0.494,0.141,68,132,0.515,0.187,56,176,0.318,2024-25,Regular Season,4-6 Feet - Open
1629645,Kevin Porter Jr.,1610612749,MIL,25.0,75,74,0.463,131,302,0.434,0.485,0.316,100,206,0.485,0.147,31,96,0.323,2024-25,Regular Season,4-6 Feet - Open
202681,Kyrie Irving,1610612742,DAL,33.0,50,50,0.319,143,301,0.475,0.603,0.137,66,129,0.512,0.182,77,172,0.448,2024-25,Regular Season,4-6 Feet - Open
1627832,Fred VanVleet,1610612745,HOU,31.0,60,58,0.385,110,292,0.377,0.479,0.141,50,107,0.467,0.244,60,185,0.324,2024-25,Regular Season,4-6 Feet - Open
1626181,Norman Powell,1610612746,LAC,32.0,60,59,0.308,133,291,0.457,0.61,0.093,44,88,0.5,0.215,89,203,0.438,2024-25,Regular Season,4-6 Feet - Open
1629656,Quentin Grimes,1610612755,PHI,25.0,75,68,0.35,127,288,0.441,0.569,0.119,53,98,0.541,0.231,74,190,0.389,2024-25,Regular Season,4-6 Feet - Open
1629018,Gary Trent Jr.,1610612749,MIL,26.0,74,72,0.431,122,283,0.431,0.558,0.16,50,105,0.476,0.271,72,178,0.404,2024-25,Regular Season,4-6 Feet - Open
1629661,Cameron Johnson,1610612751,BKN,29.0,57,57,0.372,118,278,0.424,0.547,0.123,50,92,0.543,0.249,68,186,0.366,2024-25,Regular Season,4-6 Feet - Open
1628415,Dillon Brooks,1610612745,HOU,29.0,75,72,0.309,109,277,0.394,0.473,0.155,65,139,0.468,0.154,44,138,0.319,2024-25,Regular Season,4-6 Feet - Open
1630553,Keon Johnson,1610612751,BKN,23.0,79,73,0.356,107,277,0.386,0.507,0.08,40,62,0.645,0.276,67,215,0.312,2024-25,Regular Season,4-6 Feet - Open
203471,Dennis Schröder,1610612765,DET,31.0,75,72,0.334,106,276,0.384,0.478,0.133,54,110,0.491,0.201,52,166,0.313,2024-25,Regular Season,4-6 Feet - Open
1628398,Kyle Kuzma,1610612749,MIL,29.0,65,61,0.323,108,274,0.394,0.469,0.154,67,131,0.511,0.169,41,143,0.287,2024-25,Regular Season,4-6 Feet - Open
1628374,Lauri Markkanen,1610612762,UTA,28.0,47,47,0.39,105,273,0.385,0.516,0.093,33,65,0.508,0.297,72,208,0.346,2024-25,Regular Season,4-6 Feet - Open
202331,Paul George,1610612755,PHI,35.0,41,41,0.477,109,272,0.401,0.5,0.223,55,127,0.433,0.254,54,145,0.372,2024-25,Regular Season,4-6 Feet - Open
203501,Tim Hardaway Jr.,1610612765,DET,33.0,77,74,0.397,105,270,0.389,0.519,0.094,35,64,0.547,0.303,70,206,0.34,2024-25,Regular Season,4-6 Feet - Open
202695,Kawhi Leonard,1610612746,LAC,34.0,37,37,0.429,132,267,0.494,0.573,0.255,90,159,0.566,0.173,42,108,0.389,2024-25,Regular Season,4-6 Feet - Open
1631097,Bennedict Mathurin,1610612754,IND,23.0,72,72,0.309,120,264,0.455,0.542,0.141,74,120,0.617,0.169,46,144,0.319,2024-25,Regular Season,4-6 Feet - Open
1642259,Alex Sarr,1610612764,WAS,20.0,67,64,0.316,96,262,0.366,0.452,0.134,51,111,0.459,0.182,45,151,0.298,2024-25,Regular Season,4-6 Feet - Open
1630530,Trey Murphy III,1610612740,NOP,25.0,53,52,0.311,116,261,0.444,0.565,0.099,53,83,0.639,0.212,63,178,0.354,2024-25,Regular Season,4-6 Feet - Open
1631099,Keegan Murray,1610612758,SAC,24.0,76,75,0.318,83,261,0.318,0.385,0.118,48,97,0.495,0.2,35,164,0.213,2024-25,Regular Season,4-6 Feet - Open
1629630,Ja Morant,1610612763,MEM,25.0,49,49,0.299,113,259,0.436,0.5,0.181,80,157,0.51,0.118,33,102,0.324,2024-25,Regular Season,4-6 Feet - Open
1627741,Buddy Hield,1610612744,GSW,32.0,82,77,0.328,86,258,0.333,0.442,0.08,30,63,0.476,0.248,56,195,0.287,2024-25,Regular Season,4-6 Feet - Open
1629628,RJ Barrett,1610612761,TOR,25.0,58,58,0.259,112,254,0.441,0.526,0.124,69,122,0.566,0.135,43,132,0.326,2024-25,Regular Season,4-6 Feet - Open
202699,Tobias Harris,1610612765,DET,32.0,73,71,0.309,116,249,0.466,0.532,0.19,83,153,0.542,0.119,33,96,0.344,2024-25,Regular Season,4-6 Feet - Open
1630166,Deni Avdija,1610612757,POR,24.0,72,70,0.295,110,249,0.442,0.552,0.121,55,102,0.539,0.174,55,147,0.374,2024-25,Regular Season,4-6 Feet - Open
1629631,De'Andre Hunter,1610612739,CLE,27.0,64,64,0.325,109,247,0.441,0.569,0.103,46,78,0.59,0.223,63,169,0.373,2024-25,Regular Season,4-6 Feet - Open
1626156,D'Angelo Russell,1610612751,BKN,29.0,58,58,0.384,84,245,0.343,0.463,0.105,25,67,0.373,0.279,59,178,0.331,2024-25,Regular Season,4-6 Feet - Open
203952,Andrew Wiggins,1610612748,MIA,30.0,60,60,0.291,102,244,0.418,0.533,0.098,46,82,0.561,0.193,56,162,0.346,2024-25,Regular Season,4-6 Feet - Open
1630577,Julian Champagnie,1610612759,SAS,24.0,82,77,0.367,91,244,0.373,0.527,0.035,16,23,0.696,0.332,75,221,0.339,2024-25,Regular Season,4-6 Feet - Open
1630198,Isaiah Joe,1610612760,OKC,25.0,74,70,0.413,100,243,0.412,0.572,0.078,22,46,0.478,0.335,78,197,0.396,2024-25,Regular Season,4-6 Feet - Open
1642377,Jaylen Wells,1610612763,MEM,21.0,78,76,0.362,96,243,0.395,0.488,0.128,51,86,0.593,0.234,45,157,0.287,2024-25,Regular Season,4-6 Feet - Open
203915,Spencer Dinwiddie,1610612742,DAL,32.0,79,69,0.355,92,242,0.38,0.477,0.125,45,85,0.529,0.23,47,157,0.299,2024-25,Regular Season,4-6 Feet - Open
1629130,Duncan Robinson,1610612748,MIA,31.0,74,70,0.362,107,240,0.446,0.623,0.05,22,33,0.667,0.312,85,207,0.411,2024-25,Regular Season,4-6 Feet - Open
1628989,Kevin Huerter,1610612741,CHI,26.0,69,66,0.397,90,240,0.375,0.488,0.101,36,61,0.59,0.296,54,179,0.302,2024-25,Regular Season,4-6 Feet - Open
203076,Anthony Davis,1610612742,DAL,32.0,51,50,0.263,122,239,0.51,0.54,0.213,108,194,0.557,0.049,14,45,0.311,2024-25,Regular Season,4-6 Feet - Open
1631095,Jabari Smith Jr.,1610612745,HOU,22.0,57,56,0.42,102,238,0.429,0.561,0.127,39,72,0.542,0.293,63,166,0.38,2024-25,Regular Season,4-6 Feet - Open
203078,Bradley Beal,1610612756,PHX,32.0,53,52,0.34,111,236,0.47,0.538,0.205,79,142,0.556,0.135,32,94,0.34,2024-25,Regular Season,4-6 Feet - Open
1641729,Brice Sensabaugh,1610612762,UTA,21.0,71,66,0.389,107,233,0.459,0.603,0.107,40,64,0.625,0.282,67,169,0.396,2024-25,Regular Season,4-6 Feet - Open
1626145,Tyus Jones,1610612756,PHX,29.0,81,74,0.338,90,231,0.39,0.496,0.133,41,91,0.451,0.205,49,140,0.35,2024-25,Regular Season,4-6 Feet - Open
1641711,Gradey Dick,1610612761,TOR,21.0,54,53,0.354,97,229,0.424,0.544,0.113,42,73,0.575,0.241,55,156,0.353,2024-25,Regular Season,4-6 Feet - Open
201572,Brook Lopez,1610612749,MIL,37.0,80,72,0.293,102,227,0.449,0.535,0.14,63,108,0.583,0.154,39,119,0.328,2024-25,Regular Season,4-6 Feet - Open
1629638,Nickeil Alexander-Walker,1610612750,MIN,26.0,82,75,0.369,102,227,0.449,0.59,0.112,38,69,0.551,0.256,64,158,0.405,2024-25,Regular Season,4-6 Feet - Open
1642264,Stephon Castle,1610612759,SAS,20.0,81,79,0.23,87,227,0.383,0.425,0.147,68,145,0.469,0.083,19,82,0.232,2024-25,Regular Season,4-6 Feet - Open
1630583,Santi Aldama,1610612763,MEM,24.0,64,63,0.354,104,225,0.462,0.567,0.129,57,82,0.695,0.225,47,143,0.329,2024-25,Regular Season,4-6 Feet - Open
1641733,Nick Smith Jr.,1610612766,CHA,21.0,60,55,0.393,85,223,0.381,0.457,0.185,51,105,0.486,0.208,34,118,0.288,2024-25,Regular Season,4-6 Feet - Open
204456,T.J. McConnell,1610612754,IND,33.0,79,76,0.356,123,222,0.554,0.561,0.34,120,212,0.566,0.016,3,10,0.3,2024-25,Regular Season,4-6 Feet - Open
202696,Nikola Vucevic,1610612741,CHI,34.0,73,70,0.212,123,220,0.559,0.602,0.165,104,171,0.608,0.047,19,49,0.388,2024-25,Regular Season,4-6 Feet - Open
1630578,Alperen Sengun,1610612745,HOU,22.0,76,70,0.192,108,219,0.493,0.495,0.178,107,204,0.525,0.013,1,15,0.067,2024-25,Regular Season,4-6 Feet - Open
1626171,Bobby Portis,1610612749,MIL,30.0,49,48,0.368,98,219,0.447,0.507,0.249,72,148,0.486,0.119,26,71,0.366,2024-25,Regular Season,4-6 Feet - Open
203484,Kentavious Caldwell-Pope,1610612763,MEM,32.0,77,74,0.39,90,212,0.425,0.538,0.138,42,75,0.56,0.252,48,137,0.35,2024-25,Regular Season,4-6 Feet - Open
1629652,Luguentz Dort,1610612760,OKC,26.0,71,65,0.354,86,210,0.41,0.557,0.083,24,49,0.49,0.272,62,161,0.385,2024-25,Regular Season,4-6 Feet - Open
1629675,Naz Reid,1610612750,MIN,25.0,80,72,0.224,85,207,0.411,0.527,0.065,37,60,0.617,0.159,48,147,0.327,2024-25,Regular Season,4-6 Feet - Open
1627749,Dejounte Murray,1610612740,NOP,28.0,31,31,0.42,83,207,0.401,0.473,0.223,53,110,0.482,0.197,30,97,0.309,2024-25,Regular Season,4-6 Feet - Open
1626179,Terry Rozier,1610612748,MIA,31.0,64,60,0.326,72,207,0.348,0.444,0.101,32,64,0.5,0.225,40,143,0.28,2024-25,Regular Season,4-6 Feet - Open
1630596,Evan Mobley,1610612739,CLE,24.0,71,66,0.226,102,205,0.498,0.593,0.107,63,97,0.649,0.119,39,108,0.361,2024-25,Regular Season,4-6 Feet - Open
1641722,Jordan Hawkins,1610612740,NOP,23.0,56,55,0.367,79,204,0.387,0.488,0.137,38,76,0.5,0.23,41,128,0.32,2024-25,Regular Season,4-6 Feet - Open
1627747,Caris LeVert,1610612737,ATL,30.0,64,61,0.341,79,204,0.387,0.488,0.132,38,79,0.481,0.209,41,125,0.328,2024-25,Regular Season,4-6 Feet - Open
1631108,Max Christie,1610612742,DAL,22.0,78,68,0.346,78,204,0.382,0.498,0.105,31,62,0.5,0.241,47,142,0.331,2024-25,Regular Season,4-6 Feet - Open
1626167,Myles Turner,1610612754,IND,29.0,72,67,0.25,96,203,0.473,0.554,0.127,63,103,0.612,0.123,33,100,0.33,2024-25,Regular Season,4-6 Feet - Open
203924,Jerami Grant,1610612757,POR,31.0,47,47,0.354,88,203,0.433,0.589,0.089,25,51,0.49,0.265,63,152,0.414,2024-25,Regular Season,4-6 Feet - Open
1630541,Moses Moody,1610612744,GSW,23.0,74,72,0.347,78,197,0.396,0.525,0.085,27,48,0.563,0.262,51,149,0.342,2024-25,Regular Season,4-6 Feet - Open
1630540,Miles McBride,1610612752,NYK,24.0,63,61,0.368,77,197,0.391,0.523,0.092,25,49,0.51,0.277,52,148,0.351,2024-25,Regular Season,4-6 Feet - Open
1630703,Scoot Henderson,1610612757,POR,21.0,66,65,0.286,74,196,0.378,0.469,0.118,38,81,0.469,0.168,36,115,0.313,2024-25,Regular Season,4-6 Feet - Open
203084,Harrison Barnes,1610612759,SAS,33.0,82,73,0.284,94,194,0.485,0.603,0.1,48,68,0.706,0.184,46,126,0.365,2024-25,Regular Season,4-6 Feet - Open
1629599,Amir Coffey,1610612746,LAC,28.0,72,66,0.376,89,192,0.464,0.563,0.163,51,83,0.614,0.214,38,109,0.349,2024-25,Regular Season,4-6 Feet - Open
1630183,Jaden McDaniels,1610612750,MIN,24.0,82,72,0.229,86,191,0.45,0.482,0.158,74,132,0.561,0.071,12,59,0.203,2024-25,Regular Season,4-6 Feet - Open
1641764,Brandin Podziemski,1610612744,GSW,22.0,64,58,0.304,85,191,0.445,0.545,0.137,47,86,0.547,0.167,38,105,0.362,2024-25,Regular Season,4-6 Feet - Open
1642261,Dalton Knecht,1610612747,LAL,24.0,78,65,0.339,90,189,0.476,0.627,0.079,33,44,0.75,0.26,57,145,0.393,2024-25,Regular Season,4-6 Feet - Open
1641706,Brandon Miller,1610612766,CHA,22.0,27,26,0.383,69,188,0.367,0.5,0.096,19,47,0.404,0.287,50,141,0.355,2024-25,Regular Season,4-6 Feet - Open
203992,Bogdan Bogdanović,1610612746,LAC,32.0,54,53,0.38,77,187,0.412,0.508,0.154,41,76,0.539,0.226,36,111,0.324,2024-25,Regular Season,4-6 Feet - Open
1631213,Tyrese Martin,1610612751,BKN,26.0,60,57,0.396,67,184,0.364,0.492,0.108,20,50,0.4,0.288,47,134,0.351,2024-25,Regular Season,4-6 Feet - Open
1628404,Josh Hart,1610612752,NYK,30.0,76,64,0.239,102,183,0.557,0.617,0.15,80,115,0.696,0.089,22,68,0.324,2024-25,Regular Season,4-6 Feet - Open
1630175,Cole Anthony,1610612763,MEM,25.0,67,57,0.335,74,182,0.407,0.484,0.182,46,99,0.465,0.153,28,83,0.337,2024-25,Regular Season,4-6 Feet - Open
1630702,Jaden Hardy,1610612742,DAL,22.0,57,50,0.438,77,181,0.425,0.533,0.174,38,72,0.528,0.264,39,109,0.358,2024-25,Regular Season,4-6 Feet - Open
1629614,Andrew Nembhard,1610612754,IND,25.0,65,60,0.334,86,180,0.478,0.506,0.265,76,143,0.531,0.069,10,37,0.27,2024-25,Regular Season,4-6 Feet - Open
1630591,Jalen Suggs,1610612753,ORL,24.0,35,34,0.372,84,179,0.469,0.561,0.189,51,91,0.56,0.183,33,88,0.375,2024-25,Regular Season,4-6 Feet - Open
1630548,Johnny Juzang,1610612762,UTA,24.0,64,58,0.375,77,178,0.433,0.601,0.059,17,28,0.607,0.316,60,150,0.4,2024-25,Regular Season,4-6 Feet - Open
1629216,Gabe Vincent,1610612747,LAL,29.0,72,64,0.424,70,178,0.393,0.528,0.086,22,36,0.611,0.338,48,142,0.338,2024-25,Regular Season,4-6 Feet - Open
201950,Jrue Holiday,1610612738,BOS,35.0,62,61,0.314,64,177,0.362,0.458,0.11,30,62,0.484,0.204,34,115,0.296,2024-25,Regular Season,4-6 Feet - Open
1631165,Keon Ellis,1610612758,SAC,25.0,80,70,0.379,88,176,0.5,0.656,0.106,33,49,0.673,0.274,55,127,0.433,2024-25,Regular Season,4-6 Feet - Open
1628379,Luke Kennard,1610612763,MEM,29.0,64,58,0.415,76,176,0.432,0.56,0.153,31,65,0.477,0.262,45,111,0.405,2024-25,Regular Season,4-6 Feet - Open
1630598,Aaron Wiggins,1610612760,OKC,26.0,76,67,0.242,75,176,0.426,0.526,0.102,40,74,0.541,0.14,35,102,0.343,2024-25,Regular Season,4-6 Feet - Open
1642273,Kyshawn George,1610612764,WAS,21.0,68,62,0.322,57,176,0.324,0.432,0.075,19,41,0.463,0.247,38,135,0.281,2024-25,Regular Season,4-6 Feet - Open
1631128,Christian Braun,1610612743,DEN,24.0,79,72,0.215,125,174,0.718,0.79,0.154,100,125,0.8,0.06,25,49,0.51,2024-25,Regular Season,4-6 Feet - Open
1629640,Keldon Johnson,1610612759,SAS,25.0,77,67,0.225,71,173,0.41,0.5,0.082,40,63,0.635,0.143,31,110,0.282,2024-25,Regular Season,4-6 Feet - Open
1626162,Kelly Oubre Jr.,1610612755,PHI,29.0,60,56,0.232,72,172,0.419,0.497,0.092,45,68,0.662,0.14,27,104,0.26,2024-25,Regular Season,4-6 Feet - Open
1630533,Ziaire Williams,1610612751,BKN,23.0,63,60,0.331,60,172,0.349,0.48,0.056,15,29,0.517,0.275,45,143,0.315,2024-25,Regular Season,4-6 Feet - Open
1642258,Zaccharie Risacher,1610612737,ATL,20.0,75,69,0.215,83,168,0.494,0.583,0.097,53,76,0.697,0.118,30,92,0.326,2024-25,Regular Season,4-6 Feet - Open
201566,Russell Westbrook,1610612743,DEN,36.0,75,62,0.206,73,168,0.435,0.467,0.141,62,115,0.539,0.065,11,53,0.208,2024-25,Regular Season,4-6 Feet - Open
203114,Khris Middleton,1610612764,WAS,33.0,37,36,0.496,75,167,0.449,0.506,0.282,56,95,0.589,0.214,19,72,0.264,2024-25,Regular Season,4-6 Feet - Open
1631260,AJ Green,1610612749,MIL,25.0,73,66,0.394,74,167,0.443,0.623,0.068,14,29,0.483,0.325,60,138,0.435,2024-25,Regular Season,4-6 Feet - Open
1630592,Jalen Wilson,1610612751,BKN,24.0,79,65,0.269,67,167,0.401,0.512,0.082,30,51,0.588,0.187,37,116,0.319,2024-25,Regular Season,4-6 Feet - Open
1627777,Georges Niang,1610612737,ATL,32.0,79,63,0.268,77,166,0.464,0.605,0.066,30,41,0.732,0.202,47,125,0.376,2024-25,Regular Season,4-6 Feet - Open
1630560,Cam Thomas,1610612751,BKN,23.0,25,25,0.363,74,165,0.448,0.555,0.161,39,73,0.534,0.203,35,92,0.38,2024-25,Regular Season,4-6 Feet - Open
1641824,Matas Buzelis,1610612741,CHI,20.0,80,67,0.297,73,165,0.442,0.585,0.068,26,38,0.684,0.229,47,127,0.37,2024-25,Regular Season,4-6 Feet - Open
1630552,Jalen Johnson,1610612737,ATL,23.0,36,36,0.304,72,163,0.442,0.479,0.196,60,105,0.571,0.108,12,58,0.207,2024-25,Regular Season,4-6 Feet - Open
1630230,Naji Marshall,1610612742,DAL,27.0,69,58,0.228,85,162,0.525,0.58,0.14,67,100,0.67,0.087,18,62,0.29,2024-25,Regular Season,4-6 Feet - Open
1630700,Dyson Daniels,1610612737,ATL,22.0,76,68,0.176,84,162,0.519,0.54,0.132,77,122,0.631,0.043,7,40,0.175,2024-25,Regular Season,4-6 Feet - Open
1630228,Jonathan Kuminga,1610612744,GSW,22.0,47,44,0.286,62,162,0.383,0.435,0.18,45,102,0.441,0.106,17,60,0.283,2024-25,Regular Season,4-6 Feet - Open
203903,Jordan Clarkson,1610612762,UTA,33.0,37,37,0.327,63,161,0.391,0.5,0.11,28,54,0.519,0.217,35,107,0.327,2024-25,Regular Season,4-6 Feet - Open
1627752,Taurean Prince,1610612749,MIL,31.0,80,67,0.311,66,160,0.413,0.569,0.072,16,37,0.432,0.239,50,123,0.407,2024-25,Regular Season,4-6 Feet - Open
1628978,Donte DiVincenzo,1610612750,MIN,28.0,62,57,0.269,64,160,0.4,0.559,0.035,13,21,0.619,0.234,51,139,0.367,2024-25,Regular Season,4-6 Feet - Open
1629060,Rui Hachimura,1610612747,LAL,27.0,59,53,0.277,69,159,0.434,0.519,0.118,42,68,0.618,0.159,27,91,0.297,2024-25,Regular Season,4-6 Feet - Open
1629660,Ty Jerome,1610612739,CLE,27.0,70,59,0.256,84,158,0.532,0.642,0.11,49,68,0.721,0.146,35,90,0.389,2024-25,Regular Season,4-6 Feet - Open
1630241,Sam Merrill,1610612739,CLE,29.0,71,62,0.373,69,158,0.437,0.63,0.028,8,12,0.667,0.344,61,146,0.418,2024-25,Regular Season,4-6 Feet - Open
202710,Jimmy Butler III,1610612744,GSW,35.0,55,51,0.261,77,156,0.494,0.526,0.198,67,118,0.568,0.064,10,38,0.263,2024-25,Regular Season,4-6 Feet - Open
1629023,P.J. Washington,1610612742,DAL,26.0,57,57,0.235,65,156,0.417,0.503,0.111,38,74,0.514,0.123,27,82,0.329,2024-25,Regular Season,4-6 Feet - Open
1628991,Jaren Jackson Jr.,1610612763,MEM,25.0,73,62,0.129,80,155,0.516,0.59,0.078,57,94,0.606,0.051,23,61,0.377,2024-25,Regular Season,4-6 Feet - Open
1630172,Patrick Williams,1610612741,CHI,23.0,63,61,0.298,53,154,0.344,0.445,0.11,22,57,0.386,0.188,31,97,0.32,2024-25,Regular Season,4-6 Feet - Open
1630625,Dalano Banton,1610612757,POR,25.0,67,52,0.302,51,153,0.333,0.422,0.11,24,56,0.429,0.191,27,97,0.278,2024-25,Regular Season,4-6 Feet - Open
1641708,Amen Thompson,1610612745,HOU,22.0,69,59,0.217,88,151,0.583,0.603,0.189,82,132,0.621,0.027,6,19,0.316,2024-25,Regular Season,4-6 Feet - Open
1641731,Bilal Coulibaly,1610612764,WAS,20.0,59,53,0.242,60,151,0.397,0.454,0.13,43,81,0.531,0.112,17,70,0.243,2024-25,Regular Season,4-6 Feet - Open
1628392,Isaiah Hartenstein,1610612760,OKC,27.0,57,50,0.313,95,150,0.633,0.633,0.307,95,147,0.646,0.006,0,3,0.0,2024-25,Regular Season,4-6 Feet - Open
1630581,Josh Giddey,1610612741,CHI,22.0,70,63,0.19,66,150,0.44,0.497,0.111,49,88,0.557,0.078,17,62,0.274,2024-25,Regular Season,4-6 Feet - Open
1641715,Cam Whitmore,1610612745,HOU,20.0,51,43,0.37,74,149,0.497,0.638,0.114,32,46,0.696,0.256,42,103,0.408,2024-25,Regular Season,4-6 Feet - Open
1641716,Jarace Walker,1610612754,IND,21.0,75,54,0.408,65,147,0.442,0.554,0.147,32,53,0.604,0.261,33,94,0.351,2024-25,Regular Season,4-6 Feet - Open
1630590,Scotty Pippen Jr.,1610612763,MEM,24.0,78,68,0.249,64,147,0.435,0.527,0.115,37,68,0.544,0.134,27,79,0.342,2024-25,Regular Season,4-6 Feet - Open
1627824,Guerschon Yabusele,1610612755,PHI,29.0,70,62,0.261,60,147,0.408,0.537,0.067,22,38,0.579,0.194,38,109,0.349,2024-25,Regular Season,4-6 Feet - Open
1627751,Jakob Poeltl,1610612761,TOR,29.0,57,53,0.252,91,146,0.623,0.623,0.249,91,144,0.632,0.003,0,2,0.0,2024-25,Regular Season,4-6 Feet - Open
204001,Kristaps Porziņģis,1610612738,BOS,29.0,42,41,0.263,64,146,0.438,0.565,0.094,27,52,0.519,0.169,37,94,0.394,2024-25,Regular Season,4-6 Feet - Open
1642268,Isaiah Collier,1610612762,UTA,20.0,71,57,0.261,54,145,0.372,0.421,0.146,40,81,0.494,0.115,14,64,0.219,2024-25,Regular Season,4-6 Feet - Open
1630167,Obi Toppin,1610612754,IND,27.0,79,67,0.24,72,144,0.5,0.576,0.105,50,63,0.794,0.135,22,81,0.272,2024-25,Regular Season,4-6 Feet - Open
1631323,Simone Fontecchio,1610612765,DET,29.0,75,65,0.386,51,144,0.354,0.483,0.078,14,29,0.483,0.308,37,115,0.322,2024-25,Regular Season,4-6 Feet - Open
1629622,Max Strus,1610612739,CLE,29.0,50,47,0.383,58,143,0.406,0.573,0.04,10,15,0.667,0.343,48,128,0.375,2024-25,Regular Season,4-6 Feet - Open
1630573,Sam Hauser,1610612738,BOS,27.0,71,56,0.303,58,142,0.408,0.581,0.028,9,13,0.692,0.275,49,129,0.38,2024-25,Regular Season,4-6 Feet - Open
1629028,Deandre Ayton,1610612757,POR,26.0,40,39,0.301,73,141,0.518,0.521,0.295,72,138,0.522,0.006,1,3,0.333,2024-25,Regular Season,4-6 Feet - Open
1627826,Ivica Zubac,1610612746,LAC,28.0,80,62,0.149,102,140,0.729,0.729,0.149,102,140,0.729,0.0,0,0,,2024-25,Regular Season,4-6 Feet - Open
1628960,Grayson Allen,1610612756,PHX,29.0,64,56,0.286,65,140,0.464,0.6,0.092,27,45,0.6,0.194,38,95,0.4,2024-25,Regular Season,4-6 Feet - Open
1630557,Corey Kispert,1610612764,WAS,26.0,61,54,0.248,60,140,0.429,0.568,0.065,21,37,0.568,0.182,39,103,0.379,2024-25,Regular Season,4-6 Feet - Open
1631106,Tari Eason,1610612745,HOU,24.0,57,50,0.249,59,139,0.424,0.5,0.123,38,69,0.551,0.125,21,70,0.3,2024-25,Regular Season,4-6 Feet - Open
201144,Mike Conley,1610612750,MIN,37.0,71,60,0.288,49,135,0.363,0.5,0.088,12,41,0.293,0.201,37,94,0.394,2024-25,Regular Season,4-6 Feet - Open
1641717,Cason Wallace,1610612760,OKC,21.0,68,59,0.272,51,133,0.383,0.466,0.119,29,58,0.5,0.153,22,75,0.293,2024-25,Regular Season,4-6 Feet - Open
203954,Joel Embiid,1610612755,PHI,31.0,19,19,0.419,50,132,0.379,0.405,0.305,43,96,0.448,0.114,7,36,0.194,2024-25,Regular Season,4-6 Feet - Open
1627884,Derrick Jones Jr.,1610612746,LAC,28.0,77,61,0.222,79,131,0.603,0.691,0.126,56,74,0.757,0.097,23,57,0.404,2024-25,Regular Season,4-6 Feet - Open
1630527,Brandon Boston,1610612740,NOP,23.0,42,36,0.346,56,131,0.427,0.504,0.179,36,68,0.529,0.166,20,63,0.317,2024-25,Regular Season,4-6 Feet - Open
1642348,Justin Edwards,1610612755,PHI,21.0,44,40,0.347,55,131,0.42,0.55,0.109,21,41,0.512,0.239,34,90,0.378,2024-25,Regular Season,4-6 Feet - Open
1631093,Jaden Ivey,1610612765,DET,23.0,30,30,0.317,55,131,0.42,0.496,0.177,35,73,0.479,0.14,20,58,0.345,2024-25,Regular Season,4-6 Feet - Open
1628381,John Collins,1610612762,UTA,27.0,40,37,0.245,69,130,0.531,0.612,0.141,48,75,0.64,0.104,21,55,0.382,2024-25,Regular Season,4-6 Feet - Open
1642419,Jamison Battle,1610612761,TOR,24.0,59,49,0.375,59,130,0.454,0.635,0.049,12,17,0.706,0.326,47,113,0.416,2024-25,Regular Season,4-6 Feet - Open
1628449,Chris Boucher,1610612761,TOR,32.0,50,47,0.352,56,130,0.431,0.573,0.081,19,30,0.633,0.271,37,100,0.37,2024-25,Regular Season,4-6 Feet - Open
1642346,Ryan Dunn,1610612756,PHX,22.0,74,59,0.271,55,129,0.426,0.531,0.095,28,45,0.622,0.176,27,84,0.321,2024-25,Regular Season,4-6 Feet - Open
1626166,Cameron Payne,1610612752,NYK,30.0,71,62,0.294,49,129,0.38,0.5,0.068,18,30,0.6,0.226,31,99,0.313,2024-25,Regular Season,4-6 Feet - Open
1641739,Toumani Camara,1610612757,POR,25.0,78,60,0.179,64,128,0.5,0.617,0.061,34,44,0.773,0.117,30,84,0.357,2024-25,Regular Season,4-6 Feet - Open
1627742,Brandon Ingram,1610612761,TOR,27.0,18,18,0.384,55,128,0.43,0.531,0.198,29,66,0.439,0.186,26,62,0.419,2024-25,Regular Season,4-6 Feet - Open
1642271,Kyle Filipowski,1610612762,UTA,21.0,72,53,0.245,71,127,0.559,0.669,0.108,43,56,0.768,0.137,28,71,0.394,2024-25,Regular Season,4-6 Feet - Open
1630534,Ochai Agbaji,1610612761,TOR,25.0,64,55,0.236,59,126,0.468,0.571,0.096,33,51,0.647,0.14,26,75,0.347,2024-25,Regular Season,4-6 Feet - Open
1630182,Josh Green,1610612766,CHA,24.0,68,51,0.295,54,124,0.435,0.548,0.109,26,46,0.565,0.185,28,78,0.359,2024-25,Regular Season,4-6 Feet - Open
1630631,Jose Alvarado,1610612740,NOP,27.0,56,46,0.238,44,124,0.355,0.448,0.096,21,50,0.42,0.142,23,74,0.311,2024-25,Regular Season,4-6 Feet - Open
1628386,Jarrett Allen,1610612739,CLE,27.0,82,62,0.192,97,123,0.789,0.789,0.191,97,122,0.795,0.002,0,1,0.0,2024-25,Regular Season,4-6 Feet - Open
203932,Aaron Gordon,1610612743,DEN,29.0,51,44,0.247,74,123,0.602,0.695,0.149,51,74,0.689,0.099,23,49,0.469,2024-25,Regular Season,4-6 Feet - Open
1631124,Julian Strawther,1610612743,DEN,23.0,65,57,0.258,48,122,0.393,0.496,0.083,23,39,0.59,0.176,25,83,0.301,2024-25,Regular Season,4-6 Feet - Open
1641783,Tristan da Silva,1610612753,ORL,24.0,74,52,0.251,51,121,0.421,0.529,0.093,25,45,0.556,0.157,26,76,0.342,2024-25,Regular Season,4-6 Feet - Open
202685,Jonas Valančiūnas,1610612758,SAC,33.0,81,57,0.19,70,119,0.588,0.588,0.188,70,118,0.593,0.002,0,1,0.0,2024-25,Regular Season,4-6 Feet - Open
1641724,Jett Howard,1610612753,ORL,21.0,60,47,0.454,39,119,0.328,0.445,0.076,11,20,0.55,0.378,28,99,0.283,2024-25,Regular Season,4-6 Feet - Open
1628976,Wendell Carter Jr.,1610612753,ORL,26.0,68,59,0.24,53,118,0.449,0.483,0.173,45,85,0.529,0.067,8,33,0.242,2024-25,Regular Season,4-6 Feet - Open
1630249,Vít Krejčí,1610612737,ATL,25.0,57,48,0.401,59,117,0.504,0.705,0.058,12,17,0.706,0.342,47,100,0.47,2024-25,Regular Season,4-6 Feet - Open
1629004,Svi Mykhailiuk,1610612762,UTA,28.0,38,32,0.389,46,117,0.393,0.53,0.093,14,28,0.5,0.296,32,89,0.36,2024-25,Regular Season,4-6 Feet - Open
203552,Seth Curry,1610612766,CHA,34.0,68,52,0.332,50,114,0.439,0.535,0.16,28,55,0.509,0.172,22,59,0.373,2024-25,Regular Season,4-6 Feet - Open
1630193,Immanuel Quickley,1610612761,TOR,26.0,33,30,0.26,48,114,0.421,0.504,0.114,29,50,0.58,0.146,19,64,0.297,2024-25,Regular Season,4-6 Feet - Open
1628997,Caleb Martin,1610612742,DAL,29.0,45,38,0.375,42,114,0.368,0.412,0.24,32,73,0.438,0.135,10,41,0.244,2024-25,Regular Season,4-6 Feet - Open
1629651,Nic Claxton,1610612751,BKN,26.0,70,59,0.199,75,113,0.664,0.673,0.192,73,109,0.67,0.007,2,4,0.5,2024-25,Regular Season,4-6 Feet - Open
1629611,Terance Mann,1610612737,ATL,28.0,67,53,0.274,65,113,0.575,0.611,0.203,57,84,0.679,0.07,8,29,0.276,2024-25,Regular Season,4-6 Feet - Open
1630174,Aaron Nesmith,1610612754,IND,25.0,45,43,0.298,55,113,0.487,0.575,0.137,35,52,0.673,0.161,20,61,0.328,2024-25,Regular Season,4-6 Feet - Open
1628366,Lonzo Ball,1610612741,CHI,27.0,35,32,0.461,44,112,0.393,0.571,0.058,4,14,0.286,0.403,40,98,0.408,2024-25,Regular Season,4-6 Feet - Open
203110,Draymond Green,1610612744,GSW,35.0,68,55,0.218,49,111,0.441,0.55,0.086,25,44,0.568,0.132,24,67,0.358,2024-25,Regular Season,4-6 Feet - Open
1642276,Kel'el Ware,1610612748,MIA,21.0,64,50,0.237,59,110,0.536,0.595,0.147,46,68,0.676,0.091,13,42,0.31,2024-25,Regular Season,4-6 Feet - Open
1629726,Garrison Mathews,1610612737,ATL,28.0,47,40,0.424,51,109,0.468,0.67,0.054,7,14,0.5,0.37,44,95,0.463,2024-25,Regular Season,4-6 Feet - Open
1641710,Anthony Black,1610612753,ORL,21.0,78,56,0.174,49,108,0.454,0.472,0.129,45,80,0.563,0.045,4,28,0.143,2024-25,Regular Season,4-6 Feet - Open
202692,Alec Burks,1610612748,MIA,33.0,49,41,0.399,49,108,0.454,0.639,0.059,9,16,0.563,0.339,40,92,0.435,2024-25,Regular Season,4-6 Feet - Open
1630551,Justin Champagnie,1610612764,WAS,24.0,62,50,0.263,49,108,0.454,0.588,0.071,20,29,0.69,0.192,29,79,0.367,2024-25,Regular Season,4-6 Feet - Open
1641741,Ricky Council IV,1610612755,PHI,23.0,73,44,0.233,47,108,0.435,0.514,0.123,30,57,0.526,0.11,17,51,0.333,2024-25,Regular Season,4-6 Feet - Open
1642275,Tidjane Salaün,1610612766,CHA,19.0,60,48,0.313,39,108,0.361,0.495,0.072,10,25,0.4,0.241,29,83,0.349,2024-25,Regular Season,4-6 Feet - Open
1631107,Nikola Jović,1610612748,MIA,22.0,46,36,0.283,47,107,0.439,0.551,0.095,23,36,0.639,0.188,24,71,0.338,2024-25,Regular Season,4-6 Feet - Open
1629610,DaQuan Jeffries,1610612766,CHA,27.0,47,39,0.357,43,104,0.413,0.543,0.076,16,22,0.727,0.282,27,82,0.329,2024-25,Regular Season,4-6 Feet - Open
1631204,Marcus Sasser,1610612765,DET,24.0,57,44,0.346,51,102,0.5,0.593,0.169,32,50,0.64,0.176,19,52,0.365,2024-25,Regular Season,4-6 Feet - Open
1642266,Ja'Kobe Walter,1610612761,TOR,20.0,52,42,0.26,46,102,0.451,0.549,0.104,26,41,0.634,0.155,20,61,0.328,2024-25,Regular Season,4-6 Feet - Open
1630168,Onyeka Okongwu,1610612737,ATL,24.0,74,54,0.148,67,101,0.663,0.718,0.105,56,72,0.778,0.042,11,29,0.379,2024-25,Regular Season,4-6 Feet - Open
1642347,Jamal Shead,1610612761,TOR,22.0,75,56,0.201,29,101,0.287,0.342,0.08,18,40,0.45,0.121,11,61,0.18,2024-25,Regular Season,4-6 Feet - Open
1628998,Cody Martin,1610612756,PHX,29.0,53,42,0.308,37,100,0.37,0.46,0.138,19,45,0.422,0.169,18,55,0.327,2024-25,Regular Season,4-6 Feet - Open
1641730,Noah Clowney,1610612751,BKN,20.0,46,38,0.266,32,99,0.323,0.424,0.048,12,18,0.667,0.218,20,81,0.247,2024-25,Regular Season,4-6 Feet - Open
1631212,Peyton Watson,1610612743,DEN,22.0,68,49,0.231,47,97,0.485,0.526,0.164,39,69,0.565,0.067,8,28,0.286,2024-25,Regular Season,4-6 Feet - Open
1631096,Chet Holmgren,1610612760,OKC,23.0,32,28,0.284,43,97,0.443,0.546,0.138,23,47,0.489,0.147,20,50,0.4,2024-25,Regular Season,4-6 Feet - Open
1627734,Domantas Sabonis,1610612758,SAC,29.0,70,57,0.108,61,96,0.635,0.651,0.096,58,86,0.674,0.011,3,10,0.3,2024-25,Regular Season,4-6 Feet - Open
1629022,Lonnie Walker IV,1610612755,PHI,26.0,20,19,0.453,38,96,0.396,0.542,0.094,10,20,0.5,0.358,28,76,0.368,2024-25,Regular Season,4-6 Feet - Open
203935,Marcus Smart,1610612764,WAS,31.0,34,29,0.366,47,94,0.5,0.665,0.105,16,27,0.593,0.261,31,67,0.463,2024-25,Regular Season,4-6 Feet - Open
1626168,Trey Lyles,1610612758,SAC,29.0,69,52,0.251,40,94,0.426,0.532,0.07,20,26,0.769,0.182,20,68,0.294,2024-25,Regular Season,4-6 Feet - Open
1629634,Brandon Clarke,1610612763,MEM,28.0,63,51,0.239,56,90,0.622,0.622,0.229,56,86,0.651,0.011,0,4,0.0,2024-25,Regular Season,4-6 Feet - Open
1626220,Royce O'Neale,1610612756,PHX,32.0,75,53,0.158,39,90,0.433,0.55,0.056,18,32,0.563,0.102,21,58,0.362,2024-25,Regular Season,4-6 Feet - Open
1630322,Lindy Waters III,1610612765,DET,27.0,52,41,0.364,26,90,0.289,0.394,0.053,7,13,0.538,0.312,19,77,0.247,2024-25,Regular Season,4-6 Feet - Open
1630215,Jared Butler,1610612755,PHI,24.0,60,36,0.196,40,89,0.449,0.506,0.117,30,53,0.566,0.079,10,36,0.278,2024-25,Regular Season,4-6 Feet - Open
1630558,Davion Mitchell,1610612748,MIA,26.0,74,50,0.185,39,88,0.443,0.5,0.099,29,47,0.617,0.086,10,41,0.244,2024-25,Regular Season,4-6 Feet - Open
203995,Vasilije Micic,1610612756,PHX,31.0,41,30,0.319,35,87,0.402,0.529,0.095,13,26,0.5,0.223,22,61,0.361,2024-25,Regular Season,4-6 Feet - Open
1629013,Landry Shamet,1610612752,NYK,28.0,49,40,0.377,40,86,0.465,0.61,0.11,15,25,0.6,0.268,25,61,0.41,2024-25,Regular Season,4-6 Feet - Open
1627827,Dorian Finney-Smith,1610612747,LAL,32.0,63,49,0.198,37,86,0.43,0.593,0.041,9,18,0.5,0.156,28,68,0.412,2024-25,Regular Season,4-6 Feet - Open
203497,Rudy Gobert,1610612750,MIN,33.0,72,47,0.167,65,85,0.765,0.765,0.167,65,85,0.765,0.0,0,0,,2024-25,Regular Season,4-6 Feet - Open
1628371,Jonathan Isaac,1610612753,ORL,27.0,71,46,0.262,25,85,0.294,0.329,0.12,19,39,0.487,0.142,6,46,0.13,2024-25,Regular Season,4-6 Feet - Open
1631170,Jaime Jaquez Jr.,1610612748,MIA,24.0,66,44,0.18,36,83,0.434,0.488,0.106,27,49,0.551,0.074,9,34,0.265,2024-25,Regular Season,4-6 Feet - Open
1629659,Talen Horton-Tucker,1610612741,CHI,24.0,58,36,0.282,35,82,0.427,0.518,0.117,20,34,0.588,0.165,15,48,0.313,2024-25,Regular Season,4-6 Feet - Open
1627739,Kris Dunn,1610612746,LAC,31.0,74,50,0.185,42,81,0.519,0.58,0.119,32,52,0.615,0.066,10,29,0.345,2024-25,Regular Season,4-6 Feet - Open
1630188,Jalen Smith,1610612741,CHI,25.0,64,46,0.199,29,81,0.358,0.457,0.047,13,19,0.684,0.152,16,62,0.258,2024-25,Regular Season,4-6 Feet - Open
1642272,Jared McCain,1610612755,PHI,21.0,23,20,0.292,38,80,0.475,0.55,0.142,26,39,0.667,0.15,12,41,0.293,2024-25,Regular Season,4-6 Feet - Open
1629026,Kenrich Williams,1610612760,OKC,30.0,69,44,0.226,34,80,0.425,0.538,0.102,16,36,0.444,0.124,18,44,0.409,2024-25,Regular Season,4-6 Feet - Open
1642354,KJ Simpson,1610612766,CHA,22.0,36,32,0.266,24,80,0.3,0.356,0.126,15,38,0.395,0.14,9,42,0.214,2024-25,Regular Season,4-6 Feet - Open
1628971,Bruce Brown,1610612740,NOP,28.0,41,33,0.249,28,77,0.364,0.435,0.139,17,43,0.395,0.11,11,34,0.324,2024-25,Regular Season,4-6 Feet - Open
1631216,Caleb Houstan,1610612753,ORL,22.0,58,39,0.405,27,77,0.351,0.494,0.053,5,10,0.5,0.353,22,67,0.328,2024-25,Regular Season,4-6 Feet - Open
1641842,Ronald Holland II,1610612765,DET,19.0,81,50,0.183,43,76,0.566,0.586,0.13,40,54,0.741,0.053,3,22,0.136,2024-25,Regular Season,4-6 Feet - Open
1629731,Dean Wade,1610612739,CLE,28.0,59,43,0.28,30,76,0.395,0.539,0.044,8,12,0.667,0.236,22,64,0.344,2024-25,Regular Season,4-6 Feet - Open
1630526,Jeremiah Robinson-Earl,1610612740,NOP,24.0,66,40,0.219,29,76,0.382,0.447,0.101,19,35,0.543,0.118,10,41,0.244,2024-25,Regular Season,4-6 Feet - Open
1642263,Reed Sheppard,1610612745,HOU,21.0,52,33,0.318,27,76,0.355,0.487,0.084,7,20,0.35,0.234,20,56,0.357,2024-25,Regular Season,4-6 Feet - Open
1628988,Aaron Holiday,1610612745,HOU,28.0,62,42,0.284,25,76,0.329,0.467,0.045,4,12,0.333,0.239,21,64,0.328,2024-25,Regular Season,4-6 Feet - Open
201143,Al Horford,1610612738,BOS,39.0,60,42,0.164,30,75,0.4,0.52,0.042,12,19,0.632,0.123,18,56,0.321,2024-25,Regular Season,4-6 Feet - Open
1627936,Alex Caruso,1610612760,OKC,31.0,54,42,0.236,35,74,0.473,0.574,0.099,20,31,0.645,0.137,15,43,0.349,2024-25,Regular Season,4-6 Feet - Open
1629312,Haywood Highsmith,1610612748,MIA,28.0,74,44,0.185,33,72,0.458,0.535,0.09,22,35,0.629,0.095,11,37,0.297,2024-25,Regular Season,4-6 Feet - Open
1629626,Bol Bol,1610612756,PHX,25.0,36,25,0.393,31,72,0.431,0.493,0.148,22,27,0.815,0.246,9,45,0.2,2024-25,Regular Season,4-6 Feet - Open
1631109,Mark Williams,1610612766,CHA,23.0,44,30,0.159,45,71,0.634,0.634,0.157,45,70,0.643,0.002,0,1,0.0,2024-25,Regular Season,4-6 Feet - Open
1630173,Precious Achiuwa,1610612752,NYK,25.0,56,36,0.218,39,71,0.549,0.563,0.194,37,63,0.587,0.025,2,8,0.25,2024-25,Regular Season,4-6 Feet - Open
1630643,Jay Huff,1610612763,MEM,27.0,64,40,0.233,36,71,0.507,0.648,0.059,16,18,0.889,0.174,20,53,0.377,2024-25,Regular Season,4-6 Feet - Open
1630288,Jeff Dowtin Jr.,1610612755,PHI,28.0,41,27,0.309,31,71,0.437,0.507,0.196,21,45,0.467,0.113,10,26,0.385,2024-25,Regular Season,4-6 Feet - Open
1641774,Tristan Vukcevic,1610612764,WAS,22.0,35,24,0.289,38,70,0.543,0.621,0.161,27,39,0.692,0.128,11,31,0.355,2024-25,Regular Season,4-6 Feet - Open
203937,Kyle Anderson,1610612748,MIA,31.0,61,37,0.233,33,70,0.471,0.486,0.196,31,59,0.525,0.037,2,11,0.182,2024-25,Regular Season,4-6 Feet - Open
1630570,Trendon Watford,1610612751,BKN,24.0,44,35,0.2,32,70,0.457,0.507,0.114,25,40,0.625,0.086,7,30,0.233,2024-25,Regular Season,4-6 Feet - Open
1631157,Ryan Rollins,1610612749,MIL,22.0,56,37,0.255,38,69,0.551,0.63,0.14,27,38,0.711,0.114,11,31,0.355,2024-25,Regular Season,4-6 Feet - Open
1642367,Jonathan Mogbo,1610612761,TOR,23.0,63,44,0.194,30,69,0.435,0.435,0.174,30,62,0.484,0.02,0,7,0.0,2024-25,Regular Season,4-6 Feet - Open
1629003,Shake Milton,1610612747,LAL,28.0,57,34,0.268,36,68,0.529,0.625,0.134,23,34,0.676,0.134,13,34,0.382,2024-25,Regular Season,4-6 Feet - Open
1631222,Jake LaRavia,1610612758,SAC,23.0,66,39,0.202,35,68,0.515,0.596,0.095,24,32,0.75,0.107,11,36,0.306,2024-25,Regular Season,4-6 Feet - Open
1641787,Tosan Evbuomwan,1610612751,BKN,24.0,28,26,0.305,27,67,0.403,0.493,0.186,15,41,0.366,0.118,12,26,0.462,2024-25,Regular Season,4-6 Feet - Open
1642262,Cody Williams,1610612762,UTA,20.0,50,37,0.261,15,67,0.224,0.306,0.078,4,20,0.2,0.183,11,47,0.234,2024-25,Regular Season,4-6 Feet - Open
1631105,Jalen Duren,1610612765,DET,21.0,78,43,0.121,59,66,0.894,0.894,0.121,59,66,0.894,0.0,0,0,,2024-25,Regular Season,4-6 Feet - Open
1641767,Ben Sheppard,1610612754,IND,23.0,63,44,0.23,25,66,0.379,0.492,0.049,10,14,0.714,0.181,15,52,0.288,2024-25,Regular Season,4-6 Feet - Open
1631110,Jeremy Sochan,1610612759,SAS,22.0,54,40,0.139,36,65,0.554,0.562,0.117,35,55,0.636,0.021,1,10,0.1,2024-25,Regular Season,4-6 Feet - Open
1641709,Ausar Thompson,1610612765,DET,22.0,59,34,0.139,41,64,0.641,0.648,0.135,40,62,0.645,0.004,1,2,0.5,2024-25,Regular Season,4-6 Feet - Open
1642345,Oso Ighodaro,1610612756,PHX,22.0,61,38,0.326,34,61,0.557,0.557,0.326,34,61,0.557,0.0,0,0,,2024-25,Regular Season,4-6 Feet - Open
201587,Nicolas Batum,1610612746,LAC,36.0,78,41,0.256,26,61,0.426,0.598,0.042,5,10,0.5,0.214,21,51,0.412,2024-25,Regular Season,4-6 Feet - Open
1628420,Monte Morris,1610612756,PHX,30.0,45,35,0.313,24,61,0.393,0.5,0.128,11,25,0.44,0.185,13,36,0.361,2024-25,Regular Season,4-6 Feet - Open
1628975,Jevon Carter,1610612741,CHI,29.0,36,24,0.418,23,61,0.377,0.492,0.116,9,17,0.529,0.301,14,44,0.318,2024-25,Regular Season,4-6 Feet - Open
1642366,Quinten Post,1610612744,GSW,25.0,42,32,0.215,26,59,0.441,0.585,0.051,9,14,0.643,0.164,17,45,0.378,2024-25,Regular Season,4-6 Feet - Open
1630639,A.J. Lawson,1610612761,TOR,24.0,26,22,0.311,17,59,0.288,0.398,0.047,4,9,0.444,0.263,13,50,0.26,2024-25,Regular Season,4-6 Feet - Open
1642265,Rob Dillingham,1610612750,MIN,20.0,49,28,0.28,17,59,0.288,0.364,0.142,8,30,0.267,0.137,9,29,0.31,2024-25,Regular Season,4-6 Feet - Open
203991,Clint Capela,1610612737,ATL,31.0,55,39,0.149,41,58,0.707,0.707,0.149,41,58,0.707,0.0,0,0,,2024-25,Regular Season,4-6 Feet - Open
1630245,Ayo Dosunmu,1610612741,CHI,25.0,46,35,0.129,31,58,0.534,0.629,0.062,20,28,0.714,0.067,11,30,0.367,2024-25,Regular Season,4-6 Feet - Open
1630611,Gui Santos,1610612744,GSW,23.0,56,33,0.324,24,58,0.414,0.509,0.112,13,20,0.65,0.212,11,38,0.289,2024-25,Regular Season,4-6 Feet - Open
1631288,Jamal Cain,1610612740,NOP,26.0,37,22,0.367,22,58,0.379,0.5,0.108,8,17,0.471,0.259,14,41,0.341,2024-25,Regular Season,4-6 Feet - Open
1627732,Ben Simmons,1610612746,LAC,28.0,51,33,0.256,36,57,0.632,0.632,0.256,36,57,0.632,0.0,0,0,,2024-25,Regular Season,4-6 Feet - Open
1641810,Antonio Reeves,1610612740,NOP,24.0,44,22,0.23,27,57,0.474,0.57,0.101,16,25,0.64,0.129,11,32,0.344,2024-25,Regular Season,4-6 Feet - Open
1642274,Yves Missi,1610612740,NOP,21.0,73,37,0.114,42,56,0.75,0.75,0.114,42,56,0.75,0.0,0,0,,2024-25,Regular Season,4-6 Feet - Open
1631207,Dalen Terry,1610612741,CHI,22.0,73,37,0.205,19,55,0.345,0.409,0.078,12,21,0.571,0.127,7,34,0.206,2024-25,Regular Season,4-6 Feet - Open
1630208,Nick Richards,1610612756,PHX,27.0,57,34,0.153,38,53,0.717,0.717,0.153,38,53,0.717,0.0,0,0,,2024-25,Regular Season,4-6 Feet - Open
203482,Kelly Olynyk,1610612740,NOP,34.0,44,31,0.198,29,53,0.547,0.604,0.149,23,40,0.575,0.049,6,13,0.462,2024-25,Regular Season,4-6 Feet - Open
1629750,Javonte Green,1610612739,CLE,31.0,68,33,0.184,22,53,0.415,0.509,0.056,12,16,0.75,0.128,10,37,0.27,2024-25,Regular Season,4-6 Feet - Open
1631115,Orlando Robinson,1610612761,TOR,24.0,44,27,0.199,21,52,0.404,0.433,0.146,18,38,0.474,0.054,3,14,0.214,2024-25,Regular Season,4-6 Feet - Open
202709,Cory Joseph,1610612753,ORL,33.0,50,32,0.338,13,52,0.25,0.337,0.071,4,11,0.364,0.266,9,41,0.22,2024-25,Regular Season,4-6 Feet - Open
1641748,Andre Jackson Jr.,1610612749,MIL,23.0,67,35,0.259,29,51,0.569,0.608,0.213,25,42,0.595,0.046,4,9,0.444,2024-25,Regular Season,4-6 Feet - Open
203914,Gary Harris,1610612753,ORL,30.0,48,30,0.383,14,51,0.275,0.382,0.045,3,6,0.5,0.338,11,45,0.244,2024-25,Regular Season,4-6 Feet - Open
1641744,Zach Edey,1610612763,MEM,23.0,65,33,0.117,32,50,0.64,0.65,0.1,31,43,0.721,0.016,1,7,0.143,2024-25,Regular Season,4-6 Feet - Open
1628418,Thomas Bryant,1610612754,IND,27.0,66,34,0.156,28,50,0.56,0.64,0.081,20,26,0.769,0.075,8,24,0.333,2024-25,Regular Season,4-6 Feet - Open
203926,Doug McDermott,1610612758,SAC,33.0,42,27,0.427,20,50,0.4,0.57,0.068,3,8,0.375,0.359,17,42,0.405,2024-25,Regular Season,4-6 Feet - Open
201988,Patty Mills,1610612746,LAC,36.0,29,22,0.51,21,49,0.429,0.582,0.125,6,12,0.5,0.385,15,37,0.405,2024-25,Regular Season,4-6 Feet - Open
201569,Eric Gordon,1610612755,PHI,36.0,39,27,0.24,19,49,0.388,0.51,0.064,7,13,0.538,0.176,12,36,0.333,2024-25,Regular Season,4-6 Feet - Open
1631223,David Roddy,1610612745,HOU,24.0,33,23,0.392,16,49,0.327,0.408,0.104,8,13,0.615,0.288,8,36,0.222,2024-25,Regular Season,4-6 Feet - Open
1631217,Moussa Diabate,1610612766,CHA,23.0,71,32,0.171,27,48,0.563,0.563,0.164,27,46,0.587,0.007,0,2,0.0,2024-25,Regular Season,4-6 Feet - Open
202704,Reggie Jackson,1610612755,PHI,35.0,31,22,0.361,18,48,0.375,0.458,0.135,10,18,0.556,0.226,8,30,0.267,2024-25,Regular Season,4-6 Feet - Open
1631103,Malaki Branham,1610612759,SAS,22.0,47,26,0.253,17,48,0.354,0.448,0.105,8,20,0.4,0.147,9,28,0.321,2024-25,Regular Season,4-6 Feet - Open
1628380,Zach Collins,1610612741,CHI,27.0,64,33,0.156,24,47,0.511,0.564,0.109,19,33,0.576,0.046,5,14,0.357,2024-25,Regular Season,4-6 Feet - Open
1630572,Sandro Mamukelashvili,1610612759,SAS,26.0,61,31,0.167,23,47,0.489,0.564,0.068,16,19,0.842,0.1,7,28,0.25,2024-25,Regular Season,4-6 Feet - Open
1626192,Pat Connaughton,1610612749,MIL,32.0,41,25,0.266,17,47,0.362,0.426,0.096,11,17,0.647,0.169,6,30,0.2,2024-25,Regular Season,4-6 Feet - Open
1627763,Malcolm Brogdon,1610612764,WAS,32.0,24,19,0.192,16,46,0.348,0.38,0.133,13,32,0.406,0.058,3,14,0.214,2024-25,Regular Season,4-6 Feet - Open
203994,Jusuf Nurkić,1610612766,CHA,30.0,51,31,0.128,20,45,0.444,0.444,0.091,20,32,0.625,0.037,0,13,0.0,2024-25,Regular Season,4-6 Feet - Open
1642281,Jaylon Tyson,1610612739,CLE,22.0,47,24,0.302,19,45,0.422,0.533,0.128,9,19,0.474,0.174,10,26,0.385,2024-25,Regular Season,4-6 Feet - Open
1629655,Daniel Gafford,1610612742,DAL,26.0,57,28,0.109,34,44,0.773,0.773,0.109,34,44,0.773,0.0,0,0,,2024-25,Regular Season,4-6 Feet - Open
1629048,Goga Bitadze,1610612753,ORL,25.0,70,28,0.13,31,44,0.705,0.705,0.115,31,39,0.795,0.015,0,5,0.0,2024-25,Regular Season,4-6 Feet - Open
1629627,Zion Williamson,1610612740,NOP,24.0,30,22,0.087,29,44,0.659,0.659,0.075,29,38,0.763,0.012,0,6,0.0,2024-25,Regular Season,4-6 Feet - Open
1626172,Kevon Looney,1610612744,GSW,29.0,76,33,0.16,28,44,0.636,0.648,0.153,27,42,0.643,0.007,1,2,0.5,2024-25,Regular Season,4-6 Feet - Open
1631255,Karlo Matković,1610612740,NOP,24.0,42,25,0.187,25,44,0.568,0.625,0.128,20,30,0.667,0.06,5,14,0.357,2024-25,Regular Season,4-6 Feet - Open
1630191,Isaiah Stewart,1610612765,DET,24.0,72,36,0.14,24,44,0.545,0.545,0.121,24,38,0.632,0.019,0,6,0.0,2024-25,Regular Season,4-6 Feet - Open
201145,Jeff Green,1610612745,HOU,38.0,32,19,0.364,22,44,0.5,0.648,0.074,9,9,1.0,0.289,13,35,0.371,2024-25,Regular Season,4-6 Feet - Open
1631104,Blake Wesley,1610612759,SAS,22.0,58,28,0.237,19,44,0.432,0.466,0.177,16,33,0.485,0.059,3,11,0.273,2024-25,Regular Season,4-6 Feet - Open
1630538,Bones Hyland,1610612750,MIN,24.0,24,17,0.373,18,44,0.409,0.557,0.102,5,12,0.417,0.271,13,32,0.406,2024-25,Regular Season,4-6 Feet - Open
1641713,GG Jackson,1610612763,MEM,20.0,29,23,0.221,14,44,0.318,0.386,0.07,8,14,0.571,0.151,6,30,0.2,2024-25,Regular Season,4-6 Feet - Open
1641763,Julian Phillips,1610612741,CHI,21.0,79,36,0.153,14,44,0.318,0.364,0.059,10,17,0.588,0.094,4,27,0.148,2024-25,Regular Season,4-6 Feet - Open
1631117,Walker Kessler,1610612762,UTA,23.0,58,32,0.102,33,43,0.767,0.767,0.098,33,41,0.805,0.005,0,2,0.0,2024-25,Regular Season,4-6 Feet - Open
1629021,Moritz Wagner,1610612753,ORL,28.0,30,22,0.173,26,43,0.605,0.698,0.1,18,25,0.72,0.072,8,18,0.444,2024-25,Regular Season,4-6 Feet - Open
1630200,Tre Jones,1610612741,CHI,25.0,46,27,0.181,24,43,0.558,0.628,0.13,18,31,0.581,0.05,6,12,0.5,2024-25,Regular Season,4-6 Feet - Open
1630695,Micah Potter,1610612762,UTA,27.0,38,23,0.319,16,43,0.372,0.512,0.037,4,5,0.8,0.281,12,38,0.316,2024-25,Regular Season,4-6 Feet - Open
200768,Kyle Lowry,1610612755,PHI,39.0,35,26,0.359,16,42,0.381,0.524,0.068,4,8,0.5,0.291,12,34,0.353,2024-25,Regular Season,4-6 Feet - Open
1630811,Keaton Wallace,1610612737,ATL,26.0,31,19,0.259,12,42,0.286,0.333,0.117,8,19,0.421,0.142,4,23,0.174,2024-25,Regular Season,4-6 Feet - Open
1630314,Brandon Williams,1610612742,DAL,25.0,33,19,0.218,26,41,0.634,0.72,0.128,19,24,0.792,0.09,7,17,0.412,2024-25,Regular Season,4-6 Feet - Open
1631133,Jabari Walker,1610612757,POR,22.0,60,28,0.179,21,41,0.512,0.61,0.087,13,20,0.65,0.092,8,21,0.381,2024-25,Regular Season,4-6 Feet - Open
1631221,Collin Gillespie,1610612756,PHX,26.0,33,20,0.253,15,40,0.375,0.475,0.114,7,18,0.389,0.139,8,22,0.364,2024-25,Regular Season,4-6 Feet - Open
1641732,Colby Jones,1610612764,WAS,23.0,39,21,0.31,12,40,0.3,0.338,0.163,9,21,0.429,0.147,3,19,0.158,2024-25,Regular Season,4-6 Feet - Open
1627780,Gary Payton II,1610612744,GSW,32.0,62,28,0.131,21,39,0.538,0.564,0.097,19,29,0.655,0.034,2,10,0.2,2024-25,Regular Season,4-6 Feet - Open
1629618,Jalen Pickett,1610612743,DEN,25.0,49,25,0.217,17,39,0.436,0.551,0.111,8,20,0.4,0.106,9,19,0.474,2024-25,Regular Season,4-6 Feet - Open
1641745,Adam Flagler,1610612760,OKC,25.0,37,18,0.406,13,39,0.333,0.41,0.135,7,13,0.538,0.271,6,26,0.231,2024-25,Regular Season,4-6 Feet - Open
1642269,Devin Carter,1610612758,SAC,23.0,36,22,0.307,12,39,0.308,0.397,0.087,5,11,0.455,0.22,7,28,0.25,2024-25,Regular Season,4-6 Feet - Open
1630692,Jordan Goodwin,1610612747,LAL,26.0,29,15,0.264,20,38,0.526,0.592,0.16,15,23,0.652,0.104,5,15,0.333,2024-25,Regular Season,4-6 Feet - Open
1630194,Paul Reed,1610612765,DET,26.0,45,23,0.268,19,38,0.5,0.539,0.197,16,28,0.571,0.07,3,10,0.3,2024-25,Regular Season,4-6 Feet - Open
1630544,Tre Mann,1610612766,CHA,24.0,13,13,0.236,16,38,0.421,0.487,0.149,11,24,0.458,0.087,5,14,0.357,2024-25,Regular Season,4-6 Feet - Open
1641720,Jalen Hood-Schifino,1610612755,PHI,22.0,15,13,0.388,14,38,0.368,0.421,0.214,10,21,0.476,0.173,4,17,0.235,2024-25,Regular Season,4-6 Feet - Open
1631218,Trayce Jackson-Davis,1610612744,GSW,25.0,62,24,0.123,31,37,0.838,0.838,0.116,31,35,0.886,0.007,0,2,0.0,2024-25,Regular Season,4-6 Feet - Open
1642270,Donovan Clingan,1610612757,POR,21.0,67,30,0.111,28,37,0.757,0.77,0.096,27,32,0.844,0.015,1,5,0.2,2024-25,Regular Season,4-6 Feet - Open
1628436,Luke Kornet,1610612738,BOS,29.0,73,27,0.133,28,37,0.757,0.757,0.125,28,35,0.8,0.007,0,2,0.0,2024-25,Regular Season,4-6 Feet - Open
1641712,Rayan Rupert,1610612757,POR,21.0,52,20,0.261,13,37,0.351,0.419,0.099,8,14,0.571,0.162,5,23,0.217,2024-25,Regular Season,4-6 Feet - Open
1631243,Mouhamed Gueye,1610612737,ATL,22.0,33,22,0.216,13,37,0.351,0.432,0.07,7,12,0.583,0.146,6,25,0.24,2024-25,Regular Season,4-6 Feet - Open
1641816,Hunter Tyson,1610612743,DEN,25.0,51,21,0.308,9,37,0.243,0.311,0.092,4,11,0.364,0.217,5,26,0.192,2024-25,Regular Season,4-6 Feet - Open
203486,Mason Plumlee,1610612756,PHX,35.0,74,22,0.178,28,36,0.778,0.778,0.178,28,36,0.778,0.0,0,0,,2024-25,Regular Season,4-6 Feet - Open
203083,Andre Drummond,1610612755,PHI,31.0,40,20,0.154,27,36,0.75,0.764,0.137,26,32,0.813,0.017,1,4,0.25,2024-25,Regular Season,4-6 Feet - Open
1629006,Josh Okogie,1610612766,CHA,26.0,40,24,0.17,19,36,0.528,0.611,0.09,13,19,0.684,0.08,6,17,0.353,2024-25,Regular Season,4-6 Feet - Open
1641854,Craig Porter Jr.,1610612739,CLE,25.0,51,23,0.257,16,36,0.444,0.486,0.157,13,22,0.591,0.1,3,14,0.214,2024-25,Regular Season,4-6 Feet - Open
1630529,Herbert Jones,1610612740,NOP,26.0,20,17,0.209,13,36,0.361,0.431,0.093,8,16,0.5,0.116,5,20,0.25,2024-25,Regular Season,4-6 Feet - Open
1629637,Jaxson Hayes,1610612747,LAL,25.0,56,27,0.157,29,35,0.829,0.829,0.152,29,34,0.853,0.004,0,1,0.0,2024-25,Regular Season,4-6 Feet - Open
1631200,Kris Murray,1610612757,POR,24.0,69,26,0.125,16,35,0.457,0.486,0.057,14,16,0.875,0.068,2,19,0.105,2024-25,Regular Season,4-6 Feet - Open
1628470,Torrey Craig,1610612738,BOS,34.0,26,18,0.389,13,35,0.371,0.5,0.078,4,7,0.571,0.311,9,28,0.321,2024-25,Regular Season,4-6 Feet - Open
1626153,Delon Wright,1610612752,NYK,33.0,40,22,0.267,12,35,0.343,0.414,0.084,7,11,0.636,0.183,5,24,0.208,2024-25,Regular Season,4-6 Feet - Open
1641765,Olivier-Maxence Prosper,1610612742,DAL,22.0,52,22,0.195,15,34,0.441,0.471,0.144,13,25,0.52,0.052,2,9,0.222,2024-25,Regular Season,4-6 Feet - Open
1629684,Grant Williams,1610612766,CHA,26.0,16,14,0.276,13,34,0.382,0.485,0.081,6,10,0.6,0.195,7,24,0.292,2024-25,Regular Season,4-6 Feet - Open
1641727,Dariq Whitehead,1610612751,BKN,20.0,20,14,0.354,12,34,0.353,0.515,0.042,1,4,0.25,0.313,11,30,0.367,2024-25,Regular Season,4-6 Feet - Open
203901,Elfrid Payton,1610612740,NOP,31.0,24,18,0.279,12,34,0.353,0.353,0.254,12,31,0.387,0.025,0,3,0.0,2024-25,Regular Season,4-6 Feet - Open
201567,Kevin Love,1610612748,MIA,36.0,23,18,0.296,10,34,0.294,0.412,0.078,2,9,0.222,0.217,8,25,0.32,2024-25,Regular Season,4-6 Feet - Open
1631246,Vince Williams Jr.,1610612763,MEM,24.0,26,20,0.205,17,33,0.515,0.636,0.068,9,11,0.818,0.137,8,22,0.364,2024-25,Regular Season,4-6 Feet - Open
1631111,Wendell Moore Jr.,1610612766,CHA,23.0,36,18,0.262,16,33,0.485,0.53,0.175,13,22,0.591,0.087,3,11,0.273,2024-25,Regular Season,4-6 Feet - Open
1630171,Isaac Okoro,1610612739,CLE,24.0,55,28,0.12,20,32,0.625,0.688,0.064,16,17,0.941,0.056,4,15,0.267,2024-25,Regular Season,4-6 Feet - Open
1630549,Day'Ron Sharpe,1610612751,BKN,23.0,50,24,0.101,15,32,0.469,0.469,0.079,15,25,0.6,0.022,0,7,0.0,2024-25,Regular Season,4-6 Feet - Open
1641721,Maxwell Lewis,1610612751,BKN,22.0,28,13,0.287,16,31,0.516,0.613,0.157,10,17,0.588,0.13,6,14,0.429,2024-25,Regular Season,4-6 Feet - Open
1631245,Quenton Jackson,1610612754,IND,26.0,28,16,0.254,15,31,0.484,0.548,0.148,11,18,0.611,0.107,4,13,0.308,2024-25,Regular Season,4-6 Feet - Open
1641726,Dereck Lively II,1610612742,DAL,21.0,36,21,0.157,25,30,0.833,0.833,0.157,25,30,0.833,0.0,0,0,,2024-25,Regular Season,4-6 Feet - Open
1629674,Neemias Queta,1610612738,BOS,25.0,62,25,0.152,24,30,0.8,0.8,0.146,24,29,0.828,0.005,0,1,0.0,2024-25,Regular Season,4-6 Feet - Open
1630539,Kai Jones,1610612742,DAL,24.0,40,17,0.275,22,30,0.733,0.733,0.257,22,28,0.786,0.018,0,2,0.0,2024-25,Regular Season,4-6 Feet - Open
1629111,Jock Landale,1610612745,HOU,29.0,42,22,0.197,16,30,0.533,0.583,0.158,13,24,0.542,0.039,3,6,0.5,2024-25,Regular Season,4-6 Feet - Open
1641796,Pelle Larsson,1610612748,MIA,24.0,55,22,0.148,15,30,0.5,0.583,0.069,10,14,0.714,0.079,5,16,0.313,2024-25,Regular Season,4-6 Feet - Open
1642349,Ajay Mitchell,1610612760,OKC,23.0,36,16,0.162,14,30,0.467,0.483,0.108,13,20,0.65,0.054,1,10,0.1,2024-25,Regular Season,4-6 Feet - Open
1641757,Jordan Miller,1610612746,LAC,25.0,37,18,0.224,13,30,0.433,0.467,0.119,11,16,0.688,0.104,2,14,0.143,2024-25,Regular Season,4-6 Feet - Open
1631098,Johnny Davis,1610612764,WAS,23.0,34,21,0.385,12,30,0.4,0.45,0.205,9,16,0.563,0.179,3,14,0.214,2024-25,Regular Season,4-6 Feet - Open
1631306,Cole Swider,1610612754,IND,26.0,10,9,0.476,10,30,0.333,0.45,0.095,3,6,0.5,0.381,7,24,0.292,2024-25,Regular Season,4-6 Feet - Open
1642358,AJ Johnson,1610612764,WAS,20.0,29,16,0.136,14,29,0.483,0.517,0.099,12,21,0.571,0.038,2,8,0.25,2024-25,Regular Season,4-6 Feet - Open
1630243,Trevelin Queen,1610612753,ORL,28.0,31,19,0.197,6,29,0.207,0.293,0.02,1,3,0.333,0.177,5,26,0.192,2024-25,Regular Season,4-6 Feet - Open
1642285,Cam Spencer,1610612763,MEM,25.0,25,12,0.341,10,28,0.357,0.446,0.098,5,8,0.625,0.244,5,20,0.25,2024-25,Regular Season,4-6 Feet - Open
1630556,Kessler Edwards,1610612742,DAL,24.0,40,18,0.2,12,27,0.444,0.463,0.148,11,20,0.55,0.052,1,7,0.143,2024-25,Regular Season,4-6 Feet - Open
1642382,Branden Carlson,1610612760,OKC,26.0,32,15,0.278,9,27,0.333,0.463,0.031,2,3,0.667,0.247,7,24,0.292,2024-25,Regular Season,4-6 Feet - Open
1631311,Lester Quinones,1610612740,NOP,24.0,13,9,0.346,8,27,0.296,0.407,0.051,2,4,0.5,0.295,6,23,0.261,2024-25,Regular Season,4-6 Feet - Open
1631248,Baylor Scheierman,1610612738,BOS,24.0,31,15,0.245,6,27,0.222,0.259,0.091,4,10,0.4,0.155,2,17,0.118,2024-25,Regular Season,4-6 Feet - Open
1630231,KJ Martin,1610612762,UTA,24.0,43,18,0.129,16,26,0.615,0.615,0.095,16,19,0.842,0.035,0,7,0.0,2024-25,Regular Season,4-6 Feet - Open
1628464,Daniel Theis,1610612740,NOP,33.0,38,18,0.202,15,26,0.577,0.577,0.194,15,25,0.6,0.008,0,1,0.0,2024-25,Regular Season,4-6 Feet - Open
1631119,Jaylin Williams,1610612760,OKC,23.0,47,19,0.118,15,26,0.577,0.712,0.063,8,14,0.571,0.054,7,12,0.583,2024-25,Regular Season,4-6 Feet - Open
1630192,Zeke Nnaji,1610612743,DEN,24.0,57,19,0.187,12,26,0.462,0.519,0.086,9,12,0.75,0.101,3,14,0.214,2024-25,Regular Season,4-6 Feet - Open
1642278,Tyler Kolek,1610612752,NYK,24.0,41,19,0.317,9,26,0.346,0.404,0.146,6,12,0.5,0.171,3,14,0.214,2024-25,Regular Season,4-6 Feet - Open
1630699,MarJon Beauchamp,1610612752,NYK,24.0,35,19,0.4,8,26,0.308,0.385,0.231,4,15,0.267,0.169,4,11,0.364,2024-25,Regular Season,4-6 Feet - Open
1629234,Drew Eubanks,1610612746,LAC,28.0,61,16,0.129,19,25,0.76,0.78,0.124,18,24,0.75,0.005,1,1,1.0,2024-25,Regular Season,4-6 Feet - Open
1631209,Isaiah Wong,1610612766,CHA,24.0,20,17,0.238,14,25,0.56,0.66,0.152,9,16,0.563,0.086,5,9,0.556,2024-25,Regular Season,4-6 Feet - Open
1628964,Mo Bamba,1610612740,NOP,27.0,32,15,0.223,10,25,0.4,0.5,0.071,5,8,0.625,0.152,5,17,0.294,2024-25,Regular Season,4-6 Feet - Open
1641794,Dillon Jones,1610612760,OKC,23.0,54,21,0.188,10,25,0.4,0.42,0.12,9,16,0.563,0.068,1,9,0.111,2024-25,Regular Season,4-6 Feet - Open
1630623,Tyson Etienne,1610612751,BKN,25.0,7,7,0.481,8,25,0.32,0.42,0.058,3,3,1.0,0.423,5,22,0.227,2024-25,Regular Season,4-6 Feet - Open
1642355,Bronny James,1610612747,LAL,20.0,27,15,0.373,7,25,0.28,0.36,0.164,3,11,0.273,0.209,4,14,0.286,2024-25,Regular Season,4-6 Feet - Open
1630531,Jaden Springer,1610612762,UTA,22.0,43,15,0.267,12,24,0.5,0.625,0.1,6,9,0.667,0.167,6,15,0.4,2024-25,Regular Season,4-6 Feet - Open
1627814,Damion Lee,1610612756,PHX,32.0,25,18,0.324,7,24,0.292,0.292,0.176,7,13,0.538,0.149,0,11,0.0,2024-25,Regular Season,4-6 Feet - Open
1626204,Larry Nance Jr.,1610612737,ATL,32.0,24,16,0.148,13,23,0.565,0.652,0.084,9,13,0.692,0.065,4,10,0.4,2024-25,Regular Season,4-6 Feet - Open
1631172,Ousmane Dieng,1610612760,OKC,22.0,37,15,0.184,12,23,0.522,0.543,0.136,11,17,0.647,0.048,1,6,0.167,2024-25,Regular Season,4-6 Feet - Open
1629629,Cam Reddish,1610612747,LAL,25.0,33,17,0.245,10,23,0.435,0.5,0.138,7,13,0.538,0.106,3,10,0.3,2024-25,Regular Season,4-6 Feet - Open
1628963,Marvin Bagley III,1610612763,MEM,26.0,31,13,0.217,10,23,0.435,0.435,0.17,10,18,0.556,0.047,0,5,0.0,2024-25,Regular Season,4-6 Feet - Open
1629669,Jaylen Nowell,1610612764,WAS,25.0,8,7,0.315,8,23,0.348,0.348,0.219,8,16,0.5,0.096,0,7,0.0,2024-25,Regular Season,4-6 Feet - Open
202066,Garrett Temple,1610612761,TOR,39.0,28,10,0.383,7,23,0.304,0.37,0.167,4,10,0.4,0.217,3,13,0.231,2024-25,Regular Season,4-6 Feet - Open
1631232,Keion Brooks Jr.,1610612740,NOP,24.0,14,11,0.202,13,22,0.591,0.636,0.138,11,15,0.733,0.064,2,7,0.286,2024-25,Regular Season,4-6 Feet - Open
203957,Dante Exum,1610612742,DAL,29.0,20,13,0.164,12,22,0.545,0.659,0.09,7,12,0.583,0.075,5,10,0.5,2024-25,Regular Season,4-6 Feet - Open
1641878,Damion Baugh,1610612766,CHA,24.0,15,13,0.169,7,22,0.318,0.386,0.046,4,6,0.667,0.123,3,16,0.188,2024-25,Regular Season,4-6 Feet - Open
1641871,Duop Reath,1610612757,POR,29.0,46,18,0.133,7,22,0.318,0.432,0.018,2,3,0.667,0.114,5,19,0.263,2024-25,Regular Season,4-6 Feet - Open
1630568,Luka Garza,1610612750,MIN,26.0,39,17,0.2,10,21,0.476,0.476,0.143,10,15,0.667,0.057,0,6,0.0,2024-25,Regular Season,4-6 Feet - Open
202687,Bismack Biyombo,1610612759,SAS,32.0,28,14,0.175,11,20,0.55,0.55,0.175,11,20,0.55,0.0,0,0,,2024-25,Regular Season,4-6 Feet - Open
1629646,Charles Bassey,1610612759,SAS,24.0,36,15,0.171,11,20,0.55,0.55,0.171,11,20,0.55,0.0,0,0,,2024-25,Regular Season,4-6 Feet - Open
1631197,Jared Rhoden,1610612761,TOR,25.0,14,9,0.23,10,20,0.5,0.7,0.034,2,3,0.667,0.195,8,17,0.471,2024-25,Regular Season,4-6 Feet - Open
1630658,Colin Castleton,1610612761,TOR,25.0,26,15,0.204,10,20,0.5,0.5,0.194,10,19,0.526,0.01,0,1,0.0,2024-25,Regular Season,4-6 Feet - Open
203500,Steven Adams,1610612745,HOU,31.0,58,15,0.12,9,20,0.45,0.45,0.12,9,20,0.45,0.0,0,0,,2024-25,Regular Season,4-6 Feet - Open
1631169,Josh Minott,1610612750,MIN,22.0,46,14,0.222,8,20,0.4,0.475,0.067,5,6,0.833,0.156,3,14,0.214,2024-25,Regular Season,4-6 Feet - Open
1641737,Adem Bona,1610612755,PHI,22.0,58,15,0.099,16,19,0.842,0.842,0.094,16,18,0.889,0.005,0,1,0.0,2024-25,Regular Season,4-6 Feet - Open
1626158,Richaun Holmes,1610612764,WAS,31.0,31,12,0.137,16,19,0.842,0.842,0.137,16,19,0.842,0.0,0,0,,2024-25,Regular Season,4-6 Feet - Open
1630545,Terrence Shannon Jr.,1610612750,MIN,24.0,32,15,0.167,10,19,0.526,0.579,0.123,8,14,0.571,0.044,2,5,0.4,2024-25,Regular Season,4-6 Feet - Open
1630256,Jae'Sean Tate,1610612745,HOU,29.0,52,18,0.122,8,18,0.444,0.528,0.054,5,8,0.625,0.068,3,10,0.3,2024-25,Regular Season,4-6 Feet - Open
201599,DeAndre Jordan,1610612743,DEN,36.0,56,14,0.122,15,17,0.882,0.882,0.122,15,17,0.882,0.0,0,0,,2024-25,Regular Season,4-6 Feet - Open
1629001,De'Anthony Melton,1610612751,BKN,27.0,6,6,0.315,6,17,0.353,0.5,0.056,1,3,0.333,0.259,5,14,0.357,2024-25,Regular Season,4-6 Feet - Open
1631166,Drew Timme,1610612751,BKN,24.0,9,8,0.167,6,17,0.353,0.353,0.098,6,10,0.6,0.069,0,7,0.0,2024-25,Regular Season,4-6 Feet - Open
1642530,Yuki Kawamura,1610612763,MEM,24.0,22,9,0.567,6,17,0.353,0.5,0.1,1,3,0.333,0.467,5,14,0.357,2024-25,Regular Season,4-6 Feet - Open
1641725,Trey Alexander,1610612743,DEN,22.0,24,10,0.415,5,17,0.294,0.324,0.268,4,11,0.364,0.146,1,6,0.167,2024-25,Regular Season,4-6 Feet - Open
202693,Markieff Morris,1610612747,LAL,35.0,15,9,0.243,5,17,0.294,0.382,0.1,2,7,0.286,0.143,3,10,0.3,2024-25,Regular Season,4-6 Feet - Open
1641775,Jordan Walsh,1610612738,BOS,21.0,52,14,0.205,3,17,0.176,0.206,0.048,2,4,0.5,0.157,1,13,0.077,2024-25,Regular Season,4-6 Feet - Open
1630542,Marcus Bagley,1610612755,PHI,23.0,10,9,0.232,7,16,0.438,0.563,0.043,3,3,1.0,0.188,4,13,0.308,2024-25,Regular Season,4-6 Feet - Open
1642277,Johnny Furphy,1610612754,IND,20.0,50,11,0.174,6,16,0.375,0.5,0.022,2,2,1.0,0.152,4,14,0.286,2024-25,Regular Season,4-6 Feet - Open
1641740,Jaylen Clark,1610612750,MIN,23.0,40,13,0.133,6,16,0.375,0.438,0.042,4,5,0.8,0.092,2,11,0.182,2024-25,Regular Season,4-6 Feet - Open
1626196,Josh Richardson,1610612748,MIA,31.0,8,7,0.421,5,16,0.313,0.406,0.105,2,4,0.5,0.316,3,12,0.25,2024-25,Regular Season,4-6 Feet - Open
1631466,Nate Williams,1610612745,HOU,26.0,20,11,0.258,5,16,0.313,0.313,0.097,5,6,0.833,0.161,0,10,0.0,2024-25,Regular Season,4-6 Feet - Open
1641736,Reece Beekman,1610612751,BKN,23.0,36,12,0.15,5,16,0.313,0.344,0.103,4,11,0.364,0.047,1,5,0.2,2024-25,Regular Season,4-6 Feet - Open
1631230,Dominick Barlow,1610612737,ATL,22.0,35,13,0.133,9,15,0.6,0.6,0.097,9,11,0.818,0.035,0,4,0.0,2024-25,Regular Season,4-6 Feet - Open
1630696,Dru Smith,1610612748,MIA,27.0,14,8,0.246,8,15,0.533,0.633,0.131,5,8,0.625,0.115,3,7,0.429,2024-25,Regular Season,4-6 Feet - Open
1629057,Robert Williams III,1610612757,POR,27.0,20,12,0.192,8,15,0.533,0.533,0.192,8,15,0.533,0.0,0,0,,2024-25,Regular Season,4-6 Feet - Open
1641798,Jaylen Martin,1610612764,WAS,21.0,16,8,0.203,6,15,0.4,0.467,0.122,4,9,0.444,0.081,2,6,0.333,2024-25,Regular Season,4-6 Feet - Open
1642024,Alex Reese,1610612755,PHI,26.0,15,10,0.278,5,15,0.333,0.467,0.019,1,1,1.0,0.259,4,14,0.286,2024-25,Regular Season,4-6 Feet - Open
1641809,Drew Peterson,1610612738,BOS,25.0,25,10,0.366,5,15,0.333,0.433,0.049,2,2,1.0,0.317,3,13,0.231,2024-25,Regular Season,4-6 Feet - Open
1629643,Chuma Okeke,1610612739,CLE,26.0,9,8,0.375,5,15,0.333,0.467,0.025,1,1,1.0,0.35,4,14,0.286,2024-25,Regular Season,4-6 Feet - Open
1630649,Stanley Umude,1610612749,MIL,26.0,22,11,0.577,2,15,0.133,0.2,0.154,0,4,0.0,0.423,2,11,0.182,2024-25,Regular Season,4-6 Feet - Open
1641890,Tyler Smith,1610612749,MIL,20.0,23,11,0.28,8,14,0.571,0.714,0.1,4,5,0.8,0.18,4,9,0.444,2024-25,Regular Season,4-6 Feet - Open
1629723,John Konchar,1610612763,MEM,29.0,46,11,0.154,7,14,0.5,0.571,0.066,5,6,0.833,0.088,2,8,0.25,2024-25,Regular Season,4-6 Feet - Open
1629162,Jordan McLaughlin,1610612759,SAS,29.0,46,12,0.194,6,14,0.429,0.5,0.069,4,5,0.8,0.125,2,9,0.222,2024-25,Regular Season,4-6 Feet - Open
1629680,Matisse Thybulle,1610612757,POR,28.0,15,7,0.159,5,14,0.357,0.429,0.045,3,4,0.75,0.114,2,10,0.2,2024-25,Regular Season,4-6 Feet - Open
1628365,Markelle Fultz,1610612758,SAC,27.0,21,10,0.209,5,14,0.357,0.393,0.164,4,11,0.364,0.045,1,3,0.333,2024-25,Regular Season,4-6 Feet - Open
1629020,Jarred Vanderbilt,1610612747,LAL,26.0,36,11,0.107,9,13,0.692,0.731,0.083,8,10,0.8,0.025,1,3,0.333,2024-25,Regular Season,4-6 Feet - Open
1630550,JT Thor,1610612764,WAS,22.0,20,8,0.22,7,13,0.538,0.577,0.136,6,8,0.75,0.085,1,5,0.2,2024-25,Regular Season,4-6 Feet - Open
1631131,Oscar Tshiebwe,1610612762,UTA,25.0,14,8,0.186,7,13,0.538,0.538,0.186,7,13,0.538,0.0,0,0,,2024-25,Regular Season,4-6 Feet - Open
1641738,Kobe Brown,1610612746,LAC,25.0,40,8,0.181,5,13,0.385,0.423,0.111,4,8,0.5,0.069,1,5,0.2,2024-25,Regular Season,4-6 Feet - Open
201959,Taj Gibson,1610612766,CHA,40.0,37,12,0.137,5,13,0.385,0.385,0.137,5,13,0.385,0.0,0,0,,2024-25,Regular Season,4-6 Feet - Open
1641734,Emoni Bates,1610612739,CLE,21.0,10,8,0.342,3,13,0.231,0.346,0.026,0,1,0.0,0.316,3,12,0.25,2024-25,Regular Season,4-6 Feet - Open
1630579,Jericho Sims,1610612749,MIL,26.0,53,10,0.169,11,12,0.917,0.917,0.169,11,12,0.917,0.0,0,0,,2024-25,Regular Season,4-6 Feet - Open
1630205,Lamar Stevens,1610612763,MEM,27.0,17,6,0.19,7,12,0.583,0.625,0.111,6,7,0.857,0.079,1,5,0.2,2024-25,Regular Season,4-6 Feet - Open
1641989,Elijah Harkless,1610612762,UTA,25.0,10,6,0.343,5,12,0.417,0.625,0.057,0,2,0.0,0.286,5,10,0.5,2024-25,Regular Season,4-6 Feet - Open
1628995,Kevin Knox II,1610612744,GSW,25.0,14,8,0.333,5,12,0.417,0.458,0.139,4,5,0.8,0.194,1,7,0.143,2024-25,Regular Season,4-6 Feet - Open
203939,Dwight Powell,1610612742,DAL,33.0,55,11,0.18,11,11,1.0,1.0,0.18,11,11,1.0,0.0,0,0,,2024-25,Regular Season,4-6 Feet - Open
1628396,Tony Bradley,1610612754,IND,27.0,14,6,0.244,9,11,0.818,0.818,0.244,9,11,0.818,0.0,0,0,,2024-25,Regular Season,4-6 Feet - Open
1630311,Pat Spencer,1610612744,GSW,28.0,39,8,0.109,6,11,0.545,0.545,0.079,6,8,0.75,0.03,0,3,0.0,2024-25,Regular Season,4-6 Feet - Open
1631321,Sidy Cissoko,1610612757,POR,21.0,22,8,0.367,5,11,0.455,0.5,0.167,4,5,0.8,0.2,1,6,0.167,2024-25,Regular Season,4-6 Feet - Open
1629052,Oshae Brissett,1610612755,PHI,27.0,6,6,0.282,4,11,0.364,0.409,0.103,3,4,0.75,0.179,1,7,0.143,2024-25,Regular Season,4-6 Feet - Open
1642461,Spencer Jones,1610612743,DEN,24.0,20,7,0.324,4,11,0.364,0.364,0.206,4,7,0.571,0.118,0,4,0.0,2024-25,Regular Season,4-6 Feet - Open
1630537,Chris Duarte,1610612741,CHI,28.0,17,8,0.423,4,11,0.364,0.545,0.077,0,2,0.0,0.346,4,9,0.444,2024-25,Regular Season,4-6 Feet - Open
1628467,Maxi Kleber,1610612747,LAL,33.0,34,7,0.104,8,10,0.8,0.85,0.094,7,9,0.778,0.01,1,1,1.0,2024-25,Regular Season,4-6 Feet - Open
1642484,RayJ Dennis,1610612754,IND,24.0,11,6,0.303,5,10,0.5,0.6,0.152,3,5,0.6,0.152,2,5,0.4,2024-25,Regular Season,4-6 Feet - Open
203458,Alex Len,1610612747,LAL,32.0,46,10,0.159,5,10,0.5,0.5,0.159,5,10,0.5,0.0,0,0,,2024-25,Regular Season,4-6 Feet - Open
1631116,Patrick Baldwin Jr.,1610612746,LAC,22.0,24,9,0.286,5,10,0.5,0.7,0.029,1,1,1.0,0.257,4,9,0.444,2024-25,Regular Season,4-6 Feet - Open
1630528,Josh Christopher,1610612748,MIA,23.0,14,5,0.323,4,10,0.4,0.4,0.161,4,5,0.8,0.161,0,5,0.0,2024-25,Regular Season,4-6 Feet - Open
1630264,Anthony Gill,1610612764,WAS,32.0,51,8,0.114,4,10,0.4,0.45,0.045,3,4,0.75,0.068,1,6,0.167,2024-25,Regular Season,4-6 Feet - Open
1642505,Alex Ducas,1610612760,OKC,24.0,21,7,0.333,4,10,0.4,0.6,0.033,0,1,0.0,0.3,4,9,0.444,2024-25,Regular Season,4-6 Feet - Open
1630165,Killian Hayes,1610612751,BKN,23.0,6,3,0.209,4,9,0.444,0.5,0.116,3,5,0.6,0.093,1,4,0.25,2024-25,Regular Season,4-6 Feet - Open
203109,Jae Crowder,1610612758,SAC,34.0,9,6,0.409,2,9,0.222,0.333,0.045,0,1,0.0,0.364,2,8,0.25,2024-25,Regular Season,4-6 Feet - Open
1641723,Kobe Bufkin,1610612737,ATL,21.0,10,7,0.191,2,9,0.222,0.278,0.085,1,4,0.25,0.106,1,5,0.2,2024-25,Regular Season,4-6 Feet - Open
1642353,Cam Christie,1610612746,LAC,19.0,13,6,0.375,2,9,0.222,0.278,0.125,1,3,0.333,0.25,1,6,0.167,2024-25,Regular Season,4-6 Feet - Open
1631301,Jaylen Sims,1610612766,CHA,26.0,6,5,0.321,1,9,0.111,0.167,0.107,0,3,0.0,0.214,1,6,0.167,2024-25,Regular Season,4-6 Feet - Open
202684,Tristan Thompson,1610612739,CLE,34.0,40,7,0.113,5,8,0.625,0.625,0.099,5,7,0.714,0.014,0,1,0.0,2024-25,Regular Season,4-6 Feet - Open
1642403,Isaac Jones,1610612758,SAC,24.0,40,8,0.096,5,8,0.625,0.625,0.084,5,7,0.714,0.012,0,1,0.0,2024-25,Regular Season,4-6 Feet - Open
1641789,Jazian Gortman,1610612742,DAL,22.0,16,5,0.348,4,8,0.5,0.563,0.174,3,4,0.75,0.174,1,4,0.25,2024-25,Regular Season,4-6 Feet - Open
1628981,Bruno Fernando,1610612761,TOR,26.0,17,7,0.163,4,8,0.5,0.5,0.163,4,8,0.5,0.0,0,0,,2024-25,Regular Season,4-6 Feet - Open
1642050,Jackson Rowe,1610612744,GSW,28.0,6,4,0.471,4,8,0.5,0.625,0.118,2,2,1.0,0.353,2,6,0.333,2024-25,Regular Season,4-6 Feet - Open
1631342,Daeqwon Plowden,1610612737,ATL,26.0,6,4,0.32,4,8,0.5,0.75,0.0,0,0,,0.32,4,8,0.5,2024-25,Regular Season,4-6 Feet - Open
1630346,Matt Ryan,1610612740,NOP,28.0,19,4,0.258,3,8,0.375,0.563,0.0,0,0,,0.258,3,8,0.375,2024-25,Regular Season,4-6 Feet - Open
1642359,Pacôme Dadiet,1610612752,NYK,19.0,18,5,0.258,2,8,0.25,0.375,0.065,0,2,0.0,0.194,2,6,0.333,2024-25,Regular Season,4-6 Feet - Open
203967,Dario Saric,1610612743,DEN,31.0,16,7,0.143,2,8,0.25,0.313,0.036,1,2,0.5,0.107,1,6,0.167,2024-25,Regular Season,4-6 Feet - Open
1631247,Luke Travers,1610612739,CLE,23.0,12,4,0.4,1,8,0.125,0.125,0.05,1,1,1.0,0.35,0,7,0.0,2024-25,Regular Season,4-6 Feet - Open
1630574,Ariel Hukporti,1610612752,NYK,23.0,25,7,0.226,6,7,0.857,0.857,0.226,6,7,0.857,0.0,0,0,,2024-25,Regular Season,4-6 Feet - Open
1629650,Moses Brown,1610612742,DAL,25.0,13,4,0.143,6,7,0.857,0.857,0.143,6,7,0.857,0.0,0,0,,2024-25,Regular Season,4-6 Feet - Open
1641998,Trey Jemison III,1610612747,LAL,25.0,38,7,0.095,5,7,0.714,0.714,0.095,5,7,0.714,0.0,0,0,,2024-25,Regular Season,4-6 Feet - Open
1631102,TyTy Washington Jr.,1610612756,PHX,23.0,16,5,0.156,4,7,0.571,0.571,0.156,4,7,0.571,0.0,0,0,,2024-25,Regular Season,4-6 Feet - Open
1641772,Nae'Qwan Tomlin,1610612739,CLE,24.0,5,4,0.219,4,7,0.571,0.643,0.125,3,4,0.75,0.094,1,3,0.333,2024-25,Regular Season,4-6 Feet - Open
1641707,Taylor Hendricks,1610612762,UTA,21.0,3,3,0.389,1,7,0.143,0.214,0.111,0,2,0.0,0.278,1,5,0.2,2024-25,Regular Season,4-6 Feet - Open
1629098,Jack McVeigh,1610612745,HOU,29.0,9,4,0.412,1,7,0.143,0.214,0.0,0,0,,0.412,1,7,0.143,2024-25,Regular Season,4-6 Feet - Open
1630283,Kylor Kelley,1610612747,LAL,27.0,11,5,0.273,5,6,0.833,0.833,0.273,5,6,0.833,0.0,0,0,,2024-25,Regular Season,4-6 Feet - Open
1629011,Mitchell Robinson,1610612752,NYK,27.0,16,6,0.115,4,6,0.667,0.667,0.115,4,6,0.667,0.0,0,0,,2024-25,Regular Season,4-6 Feet - Open
1641752,Bobi Klintman,1610612765,DET,22.0,8,2,0.6,4,6,0.667,0.833,0.2,2,2,1.0,0.4,2,4,0.5,2024-25,Regular Season,4-6 Feet - Open
1631210,Jacob Toppin,1610612737,ATL,25.0,17,4,0.273,3,6,0.5,0.583,0.136,2,3,0.667,0.136,1,3,0.333,2024-25,Regular Season,4-6 Feet - Open
1628427,Vlatko Čančar,1610612743,DEN,28.0,13,5,0.231,2,6,0.333,0.417,0.038,1,1,1.0,0.192,1,5,0.2,2024-25,Regular Season,4-6 Feet - Open
1630585,Marcus Garrett,1610612766,CHA,26.0,4,3,0.222,2,6,0.333,0.417,0.148,1,4,0.25,0.074,1,2,0.5,2024-25,Regular Season,4-6 Feet - Open
201949,James Johnson,1610612754,IND,38.0,12,4,0.545,2,6,0.333,0.333,0.455,2,5,0.4,0.091,0,1,0.0,2024-25,Regular Season,4-6 Feet - Open
204060,Joe Ingles,1610612750,MIN,37.0,19,3,0.261,1,6,0.167,0.167,0.174,1,4,0.25,0.087,0,2,0.0,2024-25,Regular Season,4-6 Feet - Open
1630214,Xavier Tillman,1610612738,BOS,26.0,33,6,0.113,1,6,0.167,0.167,0.038,1,2,0.5,0.075,0,4,0.0,2024-25,Regular Season,4-6 Feet - Open
1630201,Malachi Flynn,1610612759,SAS,27.0,4,2,0.462,1,6,0.167,0.167,0.308,1,4,0.25,0.154,0,2,0.0,2024-25,Regular Season,4-6 Feet - Open
1641790,PJ Hall,1610612743,DEN,23.0,19,5,0.208,3,5,0.6,0.7,0.083,2,2,1.0,0.125,1,3,0.333,2024-25,Regular Season,4-6 Feet - Open
1642352,Keshad Johnson,1610612748,MIA,24.0,16,3,0.192,3,5,0.6,0.7,0.077,2,2,1.0,0.115,1,3,0.333,2024-25,Regular Season,4-6 Feet - Open
1631123,Jamaree Bouyea,1610612749,MIL,26.0,5,1,0.417,2,5,0.4,0.5,0.167,1,2,0.5,0.25,1,3,0.333,2024-25,Regular Season,4-6 Feet - Open
1641753,Chris Livingston,1610612749,MIL,21.0,21,3,0.185,2,5,0.4,0.4,0.111,2,3,0.667,0.074,0,2,0.0,2024-25,Regular Season,4-6 Feet - Open
1631120,JD Davison,1610612738,BOS,22.0,16,3,0.147,1,5,0.2,0.2,0.059,1,2,0.5,0.088,0,3,0.0,2024-25,Regular Season,4-6 Feet - Open
1631250,Pete Nance,1610612749,MIL,25.0,13,4,0.156,1,5,0.2,0.3,0.0,0,0,,0.156,1,5,0.2,2024-25,Regular Season,4-6 Feet - Open
1631159,Leonard Miller,1610612750,MIN,21.0,13,5,0.333,1,5,0.2,0.2,0.2,1,3,0.333,0.133,0,2,0.0,2024-25,Regular Season,4-6 Feet - Open
1631121,Bryce McGowens,1610612757,POR,22.0,13,4,0.286,2,4,0.5,0.5,0.143,2,2,1.0,0.143,0,2,0.0,2024-25,Regular Season,4-6 Feet - Open
1642280,Trentyn Flowers,1610612746,LAC,20.0,6,2,0.364,2,4,0.5,0.5,0.273,2,3,0.667,0.091,0,1,0.0,2024-25,Regular Season,4-6 Feet - Open
1641779,Jalen Bridges,1610612756,PHX,24.0,8,3,0.571,1,4,0.25,0.375,0.0,0,0,,0.571,1,4,0.25,2024-25,Regular Season,4-6 Feet - Open
1630762,Phillip Wheeler,1610612755,PHI,23.0,5,4,0.19,1,4,0.25,0.25,0.048,1,1,1.0,0.143,0,3,0.0,2024-25,Regular Season,4-6 Feet - Open
1642450,Daniss Jenkins,1610612765,DET,23.0,7,2,0.4,1,4,0.25,0.25,0.1,1,1,1.0,0.3,0,3,0.0,2024-25,Regular Season,4-6 Feet - Open
1631303,Justin Minaya,1610612757,POR,26.0,19,3,0.19,1,4,0.25,0.25,0.048,1,1,1.0,0.143,0,3,0.0,2024-25,Regular Season,4-6 Feet - Open
1642402,Enrique Freeman,1610612754,IND,24.0,22,3,0.081,3,3,1.0,1.0,0.081,3,3,1.0,0.0,0,0,,2024-25,Regular Season,4-6 Feet - Open
1630222,Mason Jones,1610612758,SAC,26.0,10,2,0.167,2,3,0.667,0.667,0.167,2,3,0.667,0.0,0,0,,2024-25,Regular Season,4-6 Feet - Open
1641817,Anton Watson,1610612752,NYK,24.0,9,3,0.333,2,3,0.667,0.667,0.222,2,2,1.0,0.111,0,1,0.0,2024-25,Regular Season,4-6 Feet - Open
1630604,E.J. Liddell,1610612741,CHI,24.0,12,3,0.2,2,3,0.667,0.833,0.067,1,1,1.0,0.133,1,2,0.5,2024-25,Regular Season,4-6 Feet - Open
1630618,D.J. Carton,1610612761,TOR,24.0,4,2,0.429,1,3,0.333,0.333,0.143,1,1,1.0,0.286,0,2,0.0,2024-25,Regular Season,4-6 Feet - Open
1630600,Isaiah Mobley,1610612755,PHI,25.0,1,1,0.429,1,3,0.333,0.5,0.0,0,0,,0.429,1,3,0.333,2024-25,Regular Season,4-6 Feet - Open
1642422,Armel Traore,1610612747,LAL,22.0,9,3,0.158,1,3,0.333,0.333,0.053,1,1,1.0,0.105,0,2,0.0,2024-25,Regular Season,4-6 Feet - Open
1631132,Christian Koloko,1610612747,LAL,25.0,37,3,0.045,1,3,0.333,0.333,0.045,1,3,0.333,0.0,0,0,,2024-25,Regular Season,4-6 Feet - Open
1631386,Taze Moore,1610612757,POR,27.0,2,2,0.3,0,3,0.0,0.0,0.2,0,2,0.0,0.1,0,1,0.0,2024-25,Regular Season,4-6 Feet - Open
1642439,Quincy Olivari,1610612747,LAL,24.0,2,2,0.6,0,3,0.0,0.0,0.0,0,0,,0.6,0,3,0.0,2024-25,Regular Season,4-6 Feet - Open
1630543,Isaiah Jackson,1610612754,IND,23.0,5,2,0.087,2,2,1.0,1.0,0.087,2,2,1.0,0.0,0,0,,2024-25,Regular Season,4-6 Feet - Open
1641801,Emanuel Miller,1610612741,CHI,25.0,6,2,0.25,2,2,1.0,1.0,0.25,2,2,1.0,0.0,0,0,,2024-25,Regular Season,4-6 Feet - Open
1641879,Yuri Collins,1610612744,GSW,24.0,2,1,0.667,1,2,0.5,0.5,0.667,1,2,0.5,0.0,0,0,,2024-25,Regular Season,4-6 Feet - Open
1642384,Isaiah Crawford,1610612758,SAC,23.0,15,1,0.182,1,2,0.5,0.5,0.182,1,2,0.5,0.0,0,0,,2024-25,Regular Season,4-6 Feet - Open
1631199,Ron Harper Jr.,1610612765,DET,25.0,1,1,0.25,1,2,0.5,0.5,0.25,1,2,0.5,0.0,0,0,,2024-25,Regular Season,4-6 Feet - Open
1628408,PJ Dozier,1610612750,MIN,28.0,9,2,0.667,1,2,0.5,0.75,0.0,0,0,,0.667,1,2,0.5,2024-25,Regular Season,4-6 Feet - Open
1630561,David Duke Jr.,1610612759,SAS,25.0,6,2,0.143,1,2,0.5,0.75,0.0,0,0,,0.143,1,2,0.5,2024-25,Regular Season,4-6 Feet - Open
1642368,N'Faly Dante,1610612745,HOU,23.0,4,1,0.154,1,2,0.5,0.5,0.154,1,2,0.5,0.0,0,0,,2024-25,Regular Season,4-6 Feet - Open
1642385,Cui Cui,1610612751,BKN,22.0,5,1,0.286,0,2,0.0,0.0,0.0,0,0,,0.286,0,2,0.0,2024-25,Regular Season,4-6 Feet - Open
1641857,Liam Robbins,1610612749,MIL,25.0,13,2,0.25,0,2,0.0,0.0,0.125,0,1,0.0,0.125,0,1,0.0,2024-25,Regular Season,4-6 Feet - Open
1641936,Miles Norris,1610612738,BOS,25.0,3,1,0.222,0,2,0.0,0.0,0.111,0,1,0.0,0.111,0,1,0.0,2024-25,Regular Season,4-6 Feet - Open
1629056,Terence Davis,1610612758,SAC,28.0,1,1,1.0,0,2,0.0,0.0,0.5,0,1,0.0,0.5,0,1,0.0,2024-25,Regular Season,4-6 Feet - Open
1631127,Harrison Ingram,1610612759,SAS,22.0,5,1,0.25,1,1,1.0,1.0,0.25,1,1,1.0,0.0,0,0,,2024-25,Regular Season,4-6 Feet - Open
200782,P.J. Tucker,1610612752,NYK,40.0,3,1,0.143,1,1,1.0,1.5,0.0,0,0,,0.143,1,1,1.0,2024-25,Regular Season,4-6 Feet - Open
1630164,James Wiseman,1610612754,IND,24.0,1,1,0.25,1,1,1.0,1.0,0.25,1,1,1.0,0.0,0,0,,2024-25,Regular Season,4-6 Feet - Open
1631214,Alondes Williams,1610612746,LAC,26.0,1,1,0.5,1,1,1.0,1.0,0.5,1,1,1.0,0.0,0,0,,2024-25,Regular Season,4-6 Feet - Open
1641766,Adama Sanogo,1610612741,CHI,23.0,4,1,0.143,0,1,0.0,0.0,0.143,0,1,0.0,0.0,0,0,,2024-25,Regular Season,4-6 Feet - Open
1630227,Daishen Nix,1610612750,MIN,23.0,3,1,1.0,0,1,0.0,0.0,0.0,0,0,,1.0,0,1,0.0,2024-25,Regular Season,4-6 Feet - Open
1627746,Skal Labissiere,1610612758,SAC,29.0,4,1,0.25,0,1,0.0,0.0,0.25,0,1,0.0,0.0,0,0,,2024-25,Regular Season,4-6 Feet - Open
1630644,Mac McClung,1610612753,ORL,26.0,2,1,0.5,0,1,0.0,0.0,0.0,0,0,,0.5,0,1,0.0,2024-25,Regular Season,4-6 Feet - Open
1641815,Isaiah Stevens,1610612748,MIA,24.0,3,1,0.5,0,1,0.0,0.0,0.0,0,0,,0.5,0,1,0.0,2024-25,Regular Season,4-6 Feet - Open
1642443,Jahmir Young,1610612741,CHI,24.0,6,1,0.2,0,1,0.0,0.0,0.0,0,0,,0.2,0,1,0.0,2024-25,Regular Season,4-6 Feet - Open
1641755,Kevin McCullar Jr.,1610612752,NYK,24.0,4,1,0.143,0,1,0.0,0.0,0.143,0,1,0.0,0.0,0,0,,2024-25,Regular Season,4-6 Feet - Open
1641803,Tristen Newton,1610612750,MIN,24.0,8,1,0.125,0,1,0.0,0.0,0.0,0,0,,0.125,0,1,0.0,2024-25,Regular Season,4-6 Feet - Open
1626220,Royce O'Neale,1610612756,PHX,32.0,75,75,0.679,165,387,0.426,0.629,0.018,8,10,0.8,0.661,157,377,0.416,2024-25,Regular Season,6+ Feet - Wide Open
1629027,Trae Young,1610612737,ATL,26.0,76,76,0.28,149,385,0.387,0.539,0.036,32,49,0.653,0.244,117,336,0.348,2024-25,Regular Season,6+ Feet - Wide Open
1630169,Tyrese Haliburton,1610612754,IND,25.0,73,71,0.355,157,357,0.44,0.626,0.041,24,41,0.585,0.314,133,316,0.421,2024-25,Regular Season,6+ Feet - Wide Open
1628401,Derrick White,1610612738,BOS,30.0,76,74,0.365,141,350,0.403,0.594,0.015,7,14,0.5,0.35,134,336,0.399,2024-25,Regular Season,6+ Feet - Wide Open
1628415,Dillon Brooks,1610612745,HOU,29.0,75,73,0.39,166,349,0.476,0.678,0.036,25,32,0.781,0.354,141,317,0.445,2024-25,Regular Season,6+ Feet - Wide Open
1629632,Coby White,1610612741,CHI,25.0,74,73,0.311,140,349,0.401,0.577,0.029,17,33,0.515,0.282,123,316,0.389,2024-25,Regular Season,6+ Feet - Wide Open
202696,Nikola Vucevic,1610612741,CHI,34.0,73,72,0.327,152,339,0.448,0.611,0.066,42,69,0.609,0.26,110,270,0.407,2024-25,Regular Season,6+ Feet - Wide Open
1630202,Payton Pritchard,1610612738,BOS,27.0,80,78,0.392,155,337,0.46,0.662,0.026,19,22,0.864,0.366,136,315,0.432,2024-25,Regular Season,6+ Feet - Wide Open
1629636,Darius Garland,1610612739,CLE,25.0,75,75,0.284,147,334,0.44,0.621,0.038,26,45,0.578,0.246,121,289,0.419,2024-25,Regular Season,6+ Feet - Wide Open
1628991,Jaren Jackson Jr.,1610612763,MEM,25.0,73,71,0.273,132,327,0.404,0.589,0.013,11,15,0.733,0.26,121,312,0.388,2024-25,Regular Season,6+ Feet - Wide Open
1626167,Myles Turner,1610612754,IND,29.0,72,69,0.4,146,324,0.451,0.637,0.051,25,41,0.61,0.349,121,283,0.428,2024-25,Regular Season,6+ Feet - Wide Open
1630559,Austin Reaves,1610612747,LAL,27.0,73,71,0.307,139,318,0.437,0.623,0.032,21,33,0.636,0.275,118,285,0.414,2024-25,Regular Season,6+ Feet - Wide Open
1629675,Naz Reid,1610612750,MIN,25.0,80,77,0.338,128,312,0.41,0.603,0.013,8,12,0.667,0.325,120,300,0.4,2024-25,Regular Season,6+ Feet - Wide Open
1631099,Keegan Murray,1610612758,SAC,24.0,76,75,0.377,139,309,0.45,0.636,0.045,24,37,0.649,0.332,115,272,0.423,2024-25,Regular Season,6+ Feet - Wide Open
1629673,Jordan Poole,1610612764,WAS,26.0,68,67,0.279,134,295,0.454,0.649,0.027,19,29,0.655,0.252,115,266,0.432,2024-25,Regular Season,6+ Feet - Wide Open
1641739,Toumani Camara,1610612757,POR,25.0,78,78,0.404,119,289,0.412,0.592,0.024,15,17,0.882,0.38,104,272,0.382,2024-25,Regular Season,6+ Feet - Wide Open
1642264,Stephon Castle,1610612759,SAS,20.0,81,78,0.29,103,287,0.359,0.491,0.047,27,46,0.587,0.244,76,241,0.315,2024-25,Regular Season,6+ Feet - Wide Open
1627777,Georges Niang,1610612737,ATL,32.0,79,76,0.453,123,281,0.438,0.642,0.015,8,9,0.889,0.439,115,272,0.423,2024-25,Regular Season,6+ Feet - Wide Open
1642258,Zaccharie Risacher,1610612737,ATL,20.0,75,72,0.36,117,281,0.416,0.578,0.05,26,39,0.667,0.31,91,242,0.376,2024-25,Regular Season,6+ Feet - Wide Open
1627741,Buddy Hield,1610612744,GSW,32.0,82,78,0.351,135,276,0.489,0.708,0.023,14,18,0.778,0.328,121,258,0.469,2024-25,Regular Season,6+ Feet - Wide Open
1630178,Tyrese Maxey,1610612755,PHI,24.0,52,51,0.249,130,272,0.478,0.651,0.039,36,43,0.837,0.21,94,229,0.41,2024-25,Regular Season,6+ Feet - Wide Open
201572,Brook Lopez,1610612749,MIL,37.0,80,77,0.348,112,269,0.416,0.599,0.028,14,22,0.636,0.319,98,247,0.397,2024-25,Regular Season,6+ Feet - Wide Open
1628978,Donte DiVincenzo,1610612750,MIN,28.0,62,62,0.449,117,267,0.438,0.644,0.015,7,9,0.778,0.434,110,258,0.426,2024-25,Regular Season,6+ Feet - Wide Open
201566,Russell Westbrook,1610612743,DEN,36.0,75,69,0.328,97,267,0.363,0.507,0.052,20,42,0.476,0.276,77,225,0.342,2024-25,Regular Season,6+ Feet - Wide Open
1630183,Jaden McDaniels,1610612750,MIN,24.0,82,81,0.319,103,266,0.387,0.547,0.036,18,30,0.6,0.283,85,236,0.36,2024-25,Regular Season,6+ Feet - Wide Open
201143,Al Horford,1610612738,BOS,39.0,60,57,0.581,103,265,0.389,0.564,0.033,10,15,0.667,0.548,93,250,0.372,2024-25,Regular Season,6+ Feet - Wide Open
1629652,Luguentz Dort,1610612760,OKC,26.0,71,69,0.445,119,264,0.451,0.642,0.047,18,28,0.643,0.398,101,236,0.428,2024-25,Regular Season,6+ Feet - Wide Open
1627783,Pascal Siakam,1610612754,IND,31.0,78,77,0.223,125,263,0.475,0.639,0.051,39,60,0.65,0.172,86,203,0.424,2024-25,Regular Season,6+ Feet - Wide Open
1630592,Jalen Wilson,1610612751,BKN,24.0,79,76,0.424,94,263,0.357,0.517,0.032,10,20,0.5,0.392,84,243,0.346,2024-25,Regular Season,6+ Feet - Wide Open
1626145,Tyus Jones,1610612756,PHX,29.0,81,77,0.384,129,262,0.492,0.704,0.037,18,25,0.72,0.347,111,237,0.468,2024-25,Regular Season,6+ Feet - Wide Open
1630530,Trey Murphy III,1610612740,NOP,25.0,53,52,0.311,116,261,0.444,0.615,0.039,27,33,0.818,0.272,89,228,0.39,2024-25,Regular Season,6+ Feet - Wide Open
1630163,LaMelo Ball,1610612766,CHA,23.0,47,47,0.257,109,258,0.422,0.609,0.021,13,21,0.619,0.236,96,237,0.405,2024-25,Regular Season,6+ Feet - Wide Open
1631114,Jalen Williams,1610612760,OKC,24.0,69,67,0.221,108,258,0.419,0.558,0.052,36,61,0.59,0.169,72,197,0.365,2024-25,Regular Season,6+ Feet - Wide Open
1630598,Aaron Wiggins,1610612760,OKC,26.0,76,71,0.35,116,255,0.455,0.641,0.038,21,28,0.75,0.312,95,227,0.419,2024-25,Regular Season,6+ Feet - Wide Open
1627832,Fred VanVleet,1610612745,HOU,31.0,60,58,0.335,106,254,0.417,0.589,0.041,19,31,0.613,0.294,87,223,0.39,2024-25,Regular Season,6+ Feet - Wide Open
1630224,Jalen Green,1610612745,HOU,23.0,82,77,0.175,109,252,0.433,0.595,0.035,27,51,0.529,0.14,82,201,0.408,2024-25,Regular Season,6+ Feet - Wide Open
1627827,Dorian Finney-Smith,1610612747,LAL,32.0,63,62,0.572,105,249,0.422,0.62,0.021,6,9,0.667,0.552,99,240,0.413,2024-25,Regular Season,6+ Feet - Wide Open
1628969,Mikal Bridges,1610612752,NYK,28.0,81,75,0.212,121,248,0.488,0.619,0.075,56,88,0.636,0.137,65,160,0.406,2024-25,Regular Season,6+ Feet - Wide Open
1628370,Malik Monk,1610612758,SAC,27.0,65,64,0.263,96,247,0.389,0.543,0.027,20,25,0.8,0.236,76,222,0.342,2024-25,Regular Season,6+ Feet - Wide Open
1630198,Isaiah Joe,1610612760,OKC,25.0,74,67,0.413,113,243,0.465,0.677,0.024,10,14,0.714,0.389,103,229,0.45,2024-25,Regular Season,6+ Feet - Wide Open
1628960,Grayson Allen,1610612756,PHX,29.0,64,59,0.497,113,243,0.465,0.685,0.014,6,7,0.857,0.483,107,236,0.453,2024-25,Regular Season,6+ Feet - Wide Open
1628384,OG Anunoby,1610612752,NYK,27.0,73,69,0.241,111,243,0.457,0.628,0.04,28,40,0.7,0.201,83,203,0.409,2024-25,Regular Season,6+ Feet - Wide Open
1629018,Gary Trent Jr.,1610612749,MIL,26.0,74,69,0.368,111,242,0.459,0.669,0.024,9,16,0.563,0.344,102,226,0.451,2024-25,Regular Season,6+ Feet - Wide Open
1631101,Shaedon Sharpe,1610612757,POR,22.0,72,69,0.219,88,242,0.364,0.512,0.023,16,25,0.64,0.197,72,217,0.332,2024-25,Regular Season,6+ Feet - Wide Open
1630581,Josh Giddey,1610612741,CHI,22.0,70,67,0.305,99,241,0.411,0.585,0.04,15,32,0.469,0.264,84,209,0.402,2024-25,Regular Season,6+ Feet - Wide Open
1628983,Shai Gilgeous-Alexander,1610612760,OKC,26.0,76,68,0.144,120,238,0.504,0.639,0.054,56,90,0.622,0.089,64,148,0.432,2024-25,Regular Season,6+ Feet - Wide Open
1629639,Tyler Herro,1610612748,MIA,25.0,77,69,0.173,120,238,0.504,0.714,0.02,20,27,0.741,0.153,100,211,0.474,2024-25,Regular Season,6+ Feet - Wide Open
203897,Zach LaVine,1610612758,SAC,30.0,74,65,0.192,123,235,0.523,0.721,0.037,30,45,0.667,0.155,93,190,0.489,2024-25,Regular Season,6+ Feet - Wide Open
1630167,Obi Toppin,1610612754,IND,27.0,79,73,0.387,106,232,0.457,0.64,0.038,21,23,0.913,0.349,85,209,0.407,2024-25,Regular Season,6+ Feet - Wide Open
1642377,Jaylen Wells,1610612763,MEM,21.0,78,76,0.345,102,232,0.44,0.629,0.034,14,23,0.609,0.311,88,209,0.421,2024-25,Regular Season,6+ Feet - Wide Open
1630631,Jose Alvarado,1610612740,NOP,27.0,56,54,0.441,84,230,0.365,0.541,0.025,3,13,0.231,0.417,81,217,0.373,2024-25,Regular Season,6+ Feet - Wide Open
201939,Stephen Curry,1610612744,GSW,37.0,70,64,0.182,104,229,0.454,0.655,0.019,12,24,0.5,0.163,92,205,0.449,2024-25,Regular Season,6+ Feet - Wide Open
203084,Harrison Barnes,1610612759,SAS,33.0,82,75,0.331,110,226,0.487,0.715,0.015,7,10,0.7,0.316,103,216,0.477,2024-25,Regular Season,6+ Feet - Wide Open
1630700,Dyson Daniels,1610612737,ATL,22.0,76,69,0.244,103,225,0.458,0.618,0.039,31,36,0.861,0.205,72,189,0.381,2024-25,Regular Season,6+ Feet - Wide Open
203471,Dennis Schröder,1610612765,DET,31.0,75,70,0.271,93,224,0.415,0.583,0.036,18,30,0.6,0.235,75,194,0.387,2024-25,Regular Season,6+ Feet - Wide Open
1642273,Kyshawn George,1610612764,WAS,21.0,68,67,0.41,85,224,0.379,0.549,0.026,9,14,0.643,0.385,76,210,0.362,2024-25,Regular Season,6+ Feet - Wide Open
1627736,Malik Beasley,1610612765,DET,28.0,82,75,0.209,110,223,0.493,0.704,0.022,16,23,0.696,0.187,94,200,0.47,2024-25,Regular Season,6+ Feet - Wide Open
1627750,Jamal Murray,1610612743,DEN,28.0,67,67,0.201,104,222,0.468,0.631,0.046,32,51,0.627,0.155,72,171,0.421,2024-25,Regular Season,6+ Feet - Wide Open
1627739,Kris Dunn,1610612746,LAC,31.0,74,68,0.497,79,217,0.364,0.514,0.053,14,23,0.609,0.444,65,194,0.335,2024-25,Regular Season,6+ Feet - Wide Open
1628389,Bam Adebayo,1610612748,MIA,27.0,78,75,0.192,95,214,0.444,0.584,0.056,35,62,0.565,0.137,60,152,0.395,2024-25,Regular Season,6+ Feet - Wide Open
1630162,Anthony Edwards,1610612750,MIN,23.0,79,73,0.132,101,213,0.474,0.631,0.031,34,50,0.68,0.101,67,163,0.411,2024-25,Regular Season,6+ Feet - Wide Open
1630166,Deni Avdija,1610612757,POR,24.0,72,68,0.251,87,212,0.41,0.564,0.032,22,27,0.815,0.219,65,185,0.351,2024-25,Regular Season,6+ Feet - Wide Open
1629312,Haywood Highsmith,1610612748,MIA,28.0,74,67,0.541,90,211,0.427,0.609,0.044,13,17,0.765,0.497,77,194,0.397,2024-25,Regular Season,6+ Feet - Wide Open
1631128,Christian Braun,1610612743,DEN,24.0,79,69,0.258,93,209,0.445,0.591,0.052,32,42,0.762,0.206,61,167,0.365,2024-25,Regular Season,6+ Feet - Wide Open
201144,Mike Conley,1610612750,MIN,37.0,71,69,0.447,90,209,0.431,0.639,0.024,3,11,0.273,0.423,87,198,0.439,2024-25,Regular Season,6+ Feet - Wide Open
1628368,De'Aaron Fox,1610612759,SAS,27.0,62,61,0.18,87,209,0.416,0.548,0.04,32,46,0.696,0.14,55,163,0.337,2024-25,Regular Season,6+ Feet - Wide Open
1628378,Donovan Mitchell,1610612739,CLE,28.0,71,66,0.158,101,208,0.486,0.68,0.033,20,43,0.465,0.125,81,165,0.491,2024-25,Regular Season,6+ Feet - Wide Open
202691,Klay Thompson,1610612742,DAL,35.0,72,66,0.237,99,208,0.476,0.675,0.031,16,27,0.593,0.206,83,181,0.459,2024-25,Regular Season,6+ Feet - Wide Open
1641764,Brandin Podziemski,1610612744,GSW,22.0,64,59,0.331,85,208,0.409,0.579,0.038,14,24,0.583,0.293,71,184,0.386,2024-25,Regular Season,6+ Feet - Wide Open
1630595,Cade Cunningham,1610612765,DET,23.0,70,65,0.142,89,207,0.43,0.568,0.036,32,52,0.615,0.106,57,155,0.368,2024-25,Regular Season,6+ Feet - Wide Open
1628970,Miles Bridges,1610612766,CHA,27.0,64,62,0.19,81,207,0.391,0.556,0.015,13,16,0.813,0.175,68,191,0.356,2024-25,Regular Season,6+ Feet - Wide Open
1629638,Nickeil Alexander-Walker,1610612750,MIN,26.0,82,74,0.333,84,205,0.41,0.583,0.031,13,19,0.684,0.302,71,186,0.382,2024-25,Regular Season,6+ Feet - Wide Open
1642267,Bub Carrington,1610612764,WAS,19.0,82,74,0.271,75,203,0.369,0.505,0.049,20,37,0.541,0.222,55,166,0.331,2024-25,Regular Season,6+ Feet - Wide Open
1629630,Ja Morant,1610612763,MEM,25.0,49,48,0.234,70,203,0.345,0.475,0.04,17,35,0.486,0.194,53,168,0.315,2024-25,Regular Season,6+ Feet - Wide Open
1628404,Josh Hart,1610612752,NYK,30.0,76,72,0.264,76,202,0.376,0.517,0.046,19,35,0.543,0.218,57,167,0.341,2024-25,Regular Season,6+ Feet - Wide Open
1630573,Sam Hauser,1610612738,BOS,27.0,71,64,0.426,96,200,0.48,0.708,0.017,5,8,0.625,0.409,91,192,0.474,2024-25,Regular Season,6+ Feet - Wide Open
203081,Damian Lillard,1610612749,MIL,34.0,58,57,0.201,92,199,0.462,0.638,0.035,22,35,0.629,0.165,70,164,0.427,2024-25,Regular Season,6+ Feet - Wide Open
203110,Draymond Green,1610612744,GSW,35.0,68,59,0.391,73,199,0.367,0.505,0.053,18,27,0.667,0.338,55,172,0.32,2024-25,Regular Season,6+ Feet - Wide Open
1642259,Alex Sarr,1610612764,WAS,20.0,67,59,0.239,74,198,0.374,0.52,0.025,16,21,0.762,0.214,58,177,0.328,2024-25,Regular Season,6+ Feet - Wide Open
1629631,De'Andre Hunter,1610612739,CLE,27.0,64,61,0.26,96,197,0.487,0.698,0.021,13,16,0.813,0.238,83,181,0.459,2024-25,Regular Season,6+ Feet - Wide Open
1630534,Ochai Agbaji,1610612761,TOR,25.0,64,61,0.369,93,197,0.472,0.66,0.043,19,23,0.826,0.326,74,174,0.425,2024-25,Regular Season,6+ Feet - Wide Open
1628989,Kevin Huerter,1610612741,CHI,26.0,69,64,0.326,83,197,0.421,0.604,0.026,11,16,0.688,0.3,72,181,0.398,2024-25,Regular Season,6+ Feet - Wide Open
1627734,Domantas Sabonis,1610612758,SAC,29.0,70,65,0.218,87,195,0.446,0.605,0.057,25,51,0.49,0.161,62,144,0.431,2024-25,Regular Season,6+ Feet - Wide Open
1630577,Julian Champagnie,1610612759,SAS,24.0,82,74,0.292,87,194,0.448,0.655,0.012,7,8,0.875,0.28,80,186,0.43,2024-25,Regular Season,6+ Feet - Wide Open
1630557,Corey Kispert,1610612764,WAS,26.0,61,61,0.343,77,194,0.397,0.575,0.018,8,10,0.8,0.326,69,184,0.375,2024-25,Regular Season,6+ Feet - Wide Open
201950,Jrue Holiday,1610612738,BOS,35.0,62,58,0.343,87,193,0.451,0.635,0.032,16,18,0.889,0.311,71,175,0.406,2024-25,Regular Season,6+ Feet - Wide Open
1629614,Andrew Nembhard,1610612754,IND,25.0,65,63,0.358,75,193,0.389,0.495,0.109,34,59,0.576,0.249,41,134,0.306,2024-25,Regular Season,6+ Feet - Wide Open
1629014,Anfernee Simons,1610612757,POR,26.0,70,64,0.171,82,192,0.427,0.62,0.013,8,15,0.533,0.157,74,177,0.418,2024-25,Regular Season,6+ Feet - Wide Open
1641733,Nick Smith Jr.,1610612766,CHA,21.0,60,57,0.336,74,191,0.387,0.558,0.032,9,18,0.5,0.305,65,173,0.376,2024-25,Regular Season,6+ Feet - Wide Open
1630217,Desmond Bane,1610612753,ORL,27.0,68,65,0.19,99,190,0.521,0.718,0.03,24,30,0.8,0.16,75,160,0.469,2024-25,Regular Season,6+ Feet - Wide Open
1642346,Ryan Dunn,1610612756,PHX,22.0,74,62,0.395,61,188,0.324,0.46,0.034,10,16,0.625,0.361,51,172,0.297,2024-25,Regular Season,6+ Feet - Wide Open
203999,Nikola Jokić,1610612743,DEN,30.0,70,60,0.137,98,187,0.524,0.717,0.024,26,33,0.788,0.113,72,154,0.468,2024-25,Regular Season,6+ Feet - Wide Open
203078,Bradley Beal,1610612756,PHX,32.0,53,50,0.269,87,187,0.465,0.631,0.053,25,37,0.676,0.216,62,150,0.413,2024-25,Regular Season,6+ Feet - Wide Open
1629661,Cameron Johnson,1610612751,BKN,29.0,57,55,0.25,80,187,0.428,0.615,0.028,10,21,0.476,0.222,70,166,0.422,2024-25,Regular Season,6+ Feet - Wide Open
1627884,Derrick Jones Jr.,1610612746,LAC,28.0,77,69,0.314,77,185,0.416,0.565,0.042,22,25,0.88,0.272,55,160,0.344,2024-25,Regular Season,6+ Feet - Wide Open
1641729,Brice Sensabaugh,1610612762,UTA,21.0,71,60,0.306,90,183,0.492,0.71,0.025,10,15,0.667,0.28,80,168,0.476,2024-25,Regular Season,6+ Feet - Wide Open
1641710,Anthony Black,1610612753,ORL,21.0,78,66,0.295,74,183,0.404,0.563,0.034,16,21,0.762,0.261,58,162,0.358,2024-25,Regular Season,6+ Feet - Wide Open
1641783,Tristan da Silva,1610612753,ORL,24.0,74,64,0.379,69,183,0.377,0.519,0.054,17,26,0.654,0.325,52,157,0.331,2024-25,Regular Season,6+ Feet - Wide Open
1630558,Davion Mitchell,1610612748,MIA,26.0,74,65,0.382,85,182,0.467,0.665,0.034,13,16,0.813,0.349,72,166,0.434,2024-25,Regular Season,6+ Feet - Wide Open
1629628,RJ Barrett,1610612761,TOR,25.0,58,56,0.186,78,182,0.429,0.602,0.018,15,18,0.833,0.167,63,164,0.384,2024-25,Regular Season,6+ Feet - Wide Open
203484,Kentavious Caldwell-Pope,1610612763,MEM,32.0,77,68,0.333,82,181,0.453,0.616,0.055,23,30,0.767,0.278,59,151,0.391,2024-25,Regular Season,6+ Feet - Wide Open
101108,Chris Paul,1610612759,SAS,40.0,82,79,0.309,81,180,0.45,0.617,0.051,21,30,0.7,0.257,60,150,0.4,2024-25,Regular Season,6+ Feet - Wide Open
1630703,Scoot Henderson,1610612757,POR,21.0,66,59,0.263,71,180,0.394,0.567,0.022,9,15,0.6,0.241,62,165,0.376,2024-25,Regular Season,6+ Feet - Wide Open
1630583,Santi Aldama,1610612763,MEM,24.0,64,58,0.281,78,179,0.436,0.626,0.022,10,14,0.714,0.259,68,165,0.412,2024-25,Regular Season,6+ Feet - Wide Open
1630172,Patrick Williams,1610612741,CHI,23.0,63,61,0.345,74,178,0.416,0.596,0.027,10,14,0.714,0.318,64,164,0.39,2024-25,Regular Season,6+ Feet - Wide Open
1629060,Rui Hachimura,1610612747,LAL,27.0,59,57,0.308,95,177,0.537,0.737,0.054,24,31,0.774,0.254,71,146,0.486,2024-25,Regular Season,6+ Feet - Wide Open
1626164,Devin Booker,1610612756,PHX,28.0,75,66,0.125,87,177,0.492,0.63,0.039,38,55,0.691,0.086,49,122,0.402,2024-25,Regular Season,6+ Feet - Wide Open
203952,Andrew Wiggins,1610612748,MIA,30.0,60,58,0.21,79,176,0.449,0.628,0.03,16,25,0.64,0.18,63,151,0.417,2024-25,Regular Season,6+ Feet - Wide Open
1630182,Josh Green,1610612766,CHA,24.0,68,63,0.418,75,176,0.426,0.605,0.05,12,21,0.571,0.368,63,155,0.406,2024-25,Regular Season,6+ Feet - Wide Open
1630241,Sam Merrill,1610612739,CLE,29.0,71,58,0.415,71,176,0.403,0.588,0.019,6,8,0.75,0.396,65,168,0.387,2024-25,Regular Season,6+ Feet - Wide Open
1631165,Keon Ellis,1610612758,SAC,25.0,80,69,0.377,81,175,0.463,0.666,0.026,10,12,0.833,0.351,71,163,0.436,2024-25,Regular Season,6+ Feet - Wide Open
2544,LeBron James,1610612747,LAL,40.0,70,63,0.138,77,175,0.44,0.583,0.039,27,49,0.551,0.099,50,126,0.397,2024-25,Regular Season,6+ Feet - Wide Open
202699,Tobias Harris,1610612765,DET,32.0,73,66,0.217,72,175,0.411,0.563,0.036,19,29,0.655,0.181,53,146,0.363,2024-25,Regular Season,6+ Feet - Wide Open
1641731,Bilal Coulibaly,1610612764,WAS,20.0,59,49,0.28,65,175,0.371,0.503,0.042,19,26,0.731,0.239,46,149,0.309,2024-25,Regular Season,6+ Feet - Wide Open
1627752,Taurean Prince,1610612749,MIL,31.0,80,74,0.339,84,174,0.483,0.713,0.016,4,8,0.5,0.323,80,166,0.482,2024-25,Regular Season,6+ Feet - Wide Open
1631108,Max Christie,1610612742,DAL,22.0,78,66,0.295,76,174,0.437,0.618,0.034,13,20,0.65,0.261,63,154,0.409,2024-25,Regular Season,6+ Feet - Wide Open
1629656,Quentin Grimes,1610612755,PHI,25.0,75,67,0.21,88,173,0.509,0.691,0.043,25,35,0.714,0.168,63,138,0.457,2024-25,Regular Season,6+ Feet - Wide Open
1626168,Trey Lyles,1610612758,SAC,29.0,69,58,0.46,66,172,0.384,0.555,0.024,7,9,0.778,0.436,59,163,0.362,2024-25,Regular Season,6+ Feet - Wide Open
1627747,Caris LeVert,1610612737,ATL,30.0,64,61,0.285,79,171,0.462,0.632,0.045,21,27,0.778,0.24,58,144,0.403,2024-25,Regular Season,6+ Feet - Wide Open
1628398,Kyle Kuzma,1610612749,MIL,29.0,65,59,0.202,60,171,0.351,0.497,0.022,10,19,0.526,0.179,50,152,0.329,2024-25,Regular Season,6+ Feet - Wide Open
203944,Julius Randle,1610612750,MIN,30.0,69,64,0.181,78,170,0.459,0.626,0.031,21,29,0.724,0.15,57,141,0.404,2024-25,Regular Season,6+ Feet - Wide Open
1630230,Naji Marshall,1610612742,DAL,27.0,69,60,0.239,56,170,0.329,0.447,0.029,16,21,0.762,0.209,40,149,0.268,2024-25,Regular Season,6+ Feet - Wide Open
1626157,Karl-Anthony Towns,1610612752,NYK,29.0,71,62,0.14,82,168,0.488,0.679,0.026,18,31,0.581,0.114,64,137,0.467,2024-25,Regular Season,6+ Feet - Wide Open
1642347,Jamal Shead,1610612761,TOR,22.0,75,64,0.334,63,168,0.375,0.551,0.018,4,9,0.444,0.316,59,159,0.371,2024-25,Regular Season,6+ Feet - Wide Open
1629660,Ty Jerome,1610612739,CLE,27.0,70,60,0.269,86,166,0.518,0.747,0.026,10,16,0.625,0.243,76,150,0.507,2024-25,Regular Season,6+ Feet - Wide Open
1627824,Guerschon Yabusele,1610612755,PHI,29.0,70,58,0.295,76,166,0.458,0.648,0.03,13,17,0.765,0.265,63,149,0.423,2024-25,Regular Season,6+ Feet - Wide Open
1630245,Ayo Dosunmu,1610612741,CHI,25.0,46,45,0.37,58,166,0.349,0.503,0.022,7,10,0.7,0.347,51,156,0.327,2024-25,Regular Season,6+ Feet - Wide Open
1641741,Ricky Council IV,1610612755,PHI,23.0,73,60,0.356,43,165,0.261,0.37,0.022,7,10,0.7,0.335,36,155,0.232,2024-25,Regular Season,6+ Feet - Wide Open
1629640,Keldon Johnson,1610612759,SAS,25.0,77,66,0.213,67,164,0.409,0.576,0.018,12,14,0.857,0.195,55,150,0.367,2024-25,Regular Season,6+ Feet - Wide Open
1641730,Noah Clowney,1610612751,BKN,20.0,46,44,0.438,64,163,0.393,0.58,0.008,3,3,1.0,0.43,61,160,0.381,2024-25,Regular Season,6+ Feet - Wide Open
1630188,Jalen Smith,1610612741,CHI,25.0,64,59,0.4,59,163,0.362,0.525,0.025,6,10,0.6,0.375,53,153,0.346,2024-25,Regular Season,6+ Feet - Wide Open
1630533,Ziaire Williams,1610612751,BKN,23.0,63,60,0.312,76,162,0.469,0.639,0.044,21,23,0.913,0.267,55,139,0.396,2024-25,Regular Season,6+ Feet - Wide Open
1630567,Scottie Barnes,1610612761,TOR,23.0,65,58,0.153,60,162,0.37,0.491,0.031,21,33,0.636,0.121,39,129,0.302,2024-25,Regular Season,6+ Feet - Wide Open
1631124,Julian Strawther,1610612743,DEN,23.0,65,58,0.343,60,162,0.37,0.549,0.008,2,4,0.5,0.335,58,158,0.367,2024-25,Regular Season,6+ Feet - Wide Open
203501,Tim Hardaway Jr.,1610612765,DET,33.0,77,66,0.237,77,161,0.478,0.699,0.019,6,13,0.462,0.218,71,148,0.48,2024-25,Regular Season,6+ Feet - Wide Open
1630553,Keon Johnson,1610612751,BKN,23.0,79,63,0.207,66,161,0.41,0.584,0.019,10,15,0.667,0.187,56,146,0.384,2024-25,Regular Season,6+ Feet - Wide Open
1630193,Immanuel Quickley,1610612761,TOR,26.0,33,33,0.365,71,160,0.444,0.638,0.034,9,15,0.6,0.331,62,145,0.428,2024-25,Regular Season,6+ Feet - Wide Open
1630170,Devin Vassell,1610612759,SAS,24.0,64,58,0.178,65,158,0.411,0.566,0.024,16,21,0.762,0.154,49,137,0.358,2024-25,Regular Season,6+ Feet - Wide Open
1630541,Moses Moody,1610612744,GSW,23.0,74,68,0.276,76,157,0.484,0.697,0.018,9,10,0.9,0.259,67,147,0.456,2024-25,Regular Season,6+ Feet - Wide Open
1629008,Michael Porter Jr.,1610612743,DEN,27.0,77,65,0.152,73,157,0.465,0.634,0.036,20,37,0.541,0.116,53,120,0.442,2024-25,Regular Season,6+ Feet - Wide Open
1630532,Franz Wagner,1610612753,ORL,23.0,60,55,0.134,56,156,0.359,0.49,0.024,15,28,0.536,0.11,41,128,0.32,2024-25,Regular Season,6+ Feet - Wide Open
1641705,Victor Wembanyama,1610612759,SAS,21.0,46,46,0.181,67,155,0.432,0.606,0.022,13,19,0.684,0.159,54,136,0.397,2024-25,Regular Season,6+ Feet - Wide Open
1630643,Jay Huff,1610612763,MEM,27.0,64,51,0.508,66,155,0.426,0.623,0.036,5,11,0.455,0.472,61,144,0.424,2024-25,Regular Season,6+ Feet - Wide Open
1629599,Amir Coffey,1610612746,LAC,28.0,72,61,0.302,75,154,0.487,0.679,0.055,16,28,0.571,0.247,59,126,0.468,2024-25,Regular Season,6+ Feet - Wide Open
1631097,Bennedict Mathurin,1610612754,IND,23.0,72,65,0.181,74,154,0.481,0.63,0.045,28,38,0.737,0.136,46,116,0.397,2024-25,Regular Season,6+ Feet - Wide Open
204001,Kristaps Porziņģis,1610612738,BOS,29.0,42,40,0.277,71,154,0.461,0.662,0.022,9,12,0.75,0.255,62,142,0.437,2024-25,Regular Season,6+ Feet - Wide Open
1629023,P.J. Washington,1610612742,DAL,26.0,57,52,0.232,63,154,0.409,0.584,0.023,9,15,0.6,0.209,54,139,0.388,2024-25,Regular Season,6+ Feet - Wide Open
1626166,Cameron Payne,1610612752,NYK,30.0,71,62,0.349,61,153,0.399,0.588,0.016,3,7,0.429,0.333,58,146,0.397,2024-25,Regular Season,6+ Feet - Wide Open
1628379,Luke Kennard,1610612763,MEM,29.0,64,56,0.356,78,151,0.517,0.732,0.05,13,21,0.619,0.307,65,130,0.5,2024-25,Regular Season,6+ Feet - Wide Open
1628973,Jalen Brunson,1610612752,NYK,28.0,64,55,0.127,76,150,0.507,0.68,0.028,24,33,0.727,0.099,52,117,0.444,2024-25,Regular Season,6+ Feet - Wide Open
201587,Nicolas Batum,1610612746,LAC,36.0,78,63,0.63,67,150,0.447,0.663,0.021,2,5,0.4,0.609,65,145,0.448,2024-25,Regular Season,6+ Feet - Wide Open
1629216,Gabe Vincent,1610612747,LAL,29.0,72,59,0.357,63,150,0.42,0.613,0.014,5,6,0.833,0.343,58,144,0.403,2024-25,Regular Season,6+ Feet - Wide Open
1641767,Ben Sheppard,1610612754,IND,23.0,63,59,0.523,60,150,0.4,0.57,0.038,9,11,0.818,0.484,51,139,0.367,2024-25,Regular Season,6+ Feet - Wide Open
1628976,Wendell Carter Jr.,1610612753,ORL,26.0,68,63,0.305,46,150,0.307,0.403,0.053,17,26,0.654,0.253,29,124,0.234,2024-25,Regular Season,6+ Feet - Wide Open
1631119,Jaylin Williams,1610612760,OKC,23.0,47,44,0.674,57,149,0.383,0.56,0.05,4,11,0.364,0.624,53,138,0.384,2024-25,Regular Season,6+ Feet - Wide Open
1642271,Kyle Filipowski,1610612762,UTA,21.0,72,56,0.288,54,149,0.362,0.52,0.019,7,10,0.7,0.268,47,139,0.338,2024-25,Regular Season,6+ Feet - Wide Open
1628374,Lauri Markkanen,1610612762,UTA,28.0,47,43,0.211,58,148,0.392,0.554,0.023,10,16,0.625,0.189,48,132,0.364,2024-25,Regular Season,6+ Feet - Wide Open
1629731,Dean Wade,1610612739,CLE,28.0,59,55,0.546,55,148,0.372,0.557,0.004,0,1,0.0,0.542,55,147,0.374,2024-25,Regular Season,6+ Feet - Wide Open
1630174,Aaron Nesmith,1610612754,IND,25.0,45,44,0.388,74,147,0.503,0.714,0.047,12,18,0.667,0.34,62,129,0.481,2024-25,Regular Season,6+ Feet - Wide Open
1630175,Cole Anthony,1610612763,MEM,25.0,67,53,0.269,60,146,0.411,0.575,0.041,12,22,0.545,0.228,48,124,0.387,2024-25,Regular Season,6+ Feet - Wide Open
1630590,Scotty Pippen Jr.,1610612763,MEM,24.0,78,60,0.245,70,145,0.483,0.683,0.027,12,16,0.75,0.218,58,129,0.45,2024-25,Regular Season,6+ Feet - Wide Open
1629611,Terance Mann,1610612737,ATL,28.0,67,60,0.351,63,145,0.434,0.607,0.044,13,18,0.722,0.308,50,127,0.394,2024-25,Regular Season,6+ Feet - Wide Open
1630591,Jalen Suggs,1610612753,ORL,24.0,35,32,0.301,49,145,0.338,0.472,0.035,10,17,0.588,0.266,39,128,0.305,2024-25,Regular Season,6+ Feet - Wide Open
1641722,Jordan Hawkins,1610612740,NOP,23.0,56,48,0.259,61,144,0.424,0.587,0.036,14,20,0.7,0.223,47,124,0.379,2024-25,Regular Season,6+ Feet - Wide Open
1641824,Matas Buzelis,1610612741,CHI,20.0,80,64,0.259,56,144,0.389,0.538,0.031,13,17,0.765,0.229,43,127,0.339,2024-25,Regular Season,6+ Feet - Wide Open
1641842,Ronald Holland II,1610612765,DET,19.0,81,62,0.347,47,144,0.326,0.441,0.043,14,18,0.778,0.304,33,126,0.262,2024-25,Regular Season,6+ Feet - Wide Open
1627759,Jaylen Brown,1610612738,BOS,28.0,63,54,0.129,67,143,0.469,0.594,0.041,31,45,0.689,0.089,36,98,0.367,2024-25,Regular Season,6+ Feet - Wide Open
1629026,Kenrich Williams,1610612760,OKC,30.0,69,59,0.404,61,143,0.427,0.594,0.051,13,18,0.722,0.353,48,125,0.384,2024-25,Regular Season,6+ Feet - Wide Open
203468,CJ McCollum,1610612740,NOP,33.0,56,50,0.143,61,143,0.427,0.598,0.021,12,21,0.571,0.122,49,122,0.402,2024-25,Regular Season,6+ Feet - Wide Open
1631107,Nikola Jović,1610612748,MIA,22.0,46,44,0.376,60,142,0.423,0.602,0.034,9,13,0.692,0.341,51,129,0.395,2024-25,Regular Season,6+ Feet - Wide Open
1629012,Collin Sexton,1610612762,UTA,26.0,63,56,0.163,76,141,0.539,0.73,0.037,22,32,0.688,0.126,54,109,0.495,2024-25,Regular Season,6+ Feet - Wide Open
203992,Bogdan Bogdanović,1610612746,LAC,32.0,54,51,0.287,60,141,0.426,0.603,0.035,10,17,0.588,0.252,50,124,0.403,2024-25,Regular Season,6+ Feet - Wide Open
1641718,Keyonte George,1610612762,UTA,21.0,67,54,0.153,48,141,0.34,0.472,0.027,11,25,0.44,0.126,37,116,0.319,2024-25,Regular Season,6+ Feet - Wide Open
1630572,Sandro Mamukelashvili,1610612759,SAS,26.0,61,49,0.498,58,140,0.414,0.604,0.025,5,7,0.714,0.473,53,133,0.398,2024-25,Regular Season,6+ Feet - Wide Open
1630171,Isaac Okoro,1610612739,CLE,24.0,55,53,0.524,55,140,0.393,0.575,0.019,4,5,0.8,0.506,51,135,0.378,2024-25,Regular Season,6+ Feet - Wide Open
1641717,Cason Wallace,1610612760,OKC,21.0,68,59,0.284,59,139,0.424,0.601,0.035,10,17,0.588,0.249,49,122,0.402,2024-25,Regular Season,6+ Feet - Wide Open
201942,DeMar DeRozan,1610612758,SAC,35.0,77,65,0.106,55,139,0.396,0.507,0.035,24,46,0.522,0.071,31,93,0.333,2024-25,Regular Season,6+ Feet - Wide Open
1626179,Terry Rozier,1610612748,MIA,31.0,64,59,0.219,53,139,0.381,0.532,0.031,11,20,0.55,0.187,42,119,0.353,2024-25,Regular Season,6+ Feet - Wide Open
1626156,D'Angelo Russell,1610612751,BKN,29.0,58,52,0.218,48,139,0.345,0.482,0.024,10,15,0.667,0.194,38,124,0.306,2024-25,Regular Season,6+ Feet - Wide Open
1641711,Gradey Dick,1610612761,TOR,21.0,54,52,0.213,65,138,0.471,0.659,0.026,13,17,0.765,0.187,52,121,0.43,2024-25,Regular Season,6+ Feet - Wide Open
1631260,AJ Green,1610612749,MIL,25.0,73,57,0.325,63,138,0.457,0.67,0.024,4,10,0.4,0.302,59,128,0.461,2024-25,Regular Season,6+ Feet - Wide Open
1626162,Kelly Oubre Jr.,1610612755,PHI,29.0,60,55,0.185,55,137,0.401,0.551,0.024,14,18,0.778,0.161,41,119,0.345,2024-25,Regular Season,6+ Feet - Wide Open
1642261,Dalton Knecht,1610612747,LAL,24.0,78,57,0.244,61,136,0.449,0.636,0.023,10,13,0.769,0.221,51,123,0.415,2024-25,Regular Season,6+ Feet - Wide Open
1642366,Quinten Post,1610612744,GSW,25.0,42,38,0.496,60,136,0.441,0.647,0.015,4,4,1.0,0.482,56,132,0.424,2024-25,Regular Season,6+ Feet - Wide Open
1630168,Onyeka Okongwu,1610612737,ATL,24.0,74,65,0.197,55,135,0.407,0.541,0.031,19,21,0.905,0.167,36,114,0.316,2024-25,Regular Season,6+ Feet - Wide Open
1626181,Norman Powell,1610612746,LAC,32.0,60,51,0.142,67,134,0.5,0.683,0.026,18,25,0.72,0.115,49,109,0.45,2024-25,Regular Season,6+ Feet - Wide Open
1628369,Jayson Tatum,1610612738,BOS,27.0,72,59,0.093,66,134,0.493,0.664,0.024,20,35,0.571,0.069,46,99,0.465,2024-25,Regular Season,6+ Feet - Wide Open
203932,Aaron Gordon,1610612743,DEN,29.0,51,50,0.27,63,134,0.47,0.657,0.036,13,18,0.722,0.233,50,116,0.431,2024-25,Regular Season,6+ Feet - Wide Open
1630578,Alperen Sengun,1610612745,HOU,22.0,76,66,0.117,50,134,0.373,0.444,0.055,31,63,0.492,0.062,19,71,0.268,2024-25,Regular Season,6+ Feet - Wide Open
1641763,Julian Phillips,1610612741,CHI,21.0,79,58,0.46,53,132,0.402,0.576,0.024,7,7,1.0,0.436,46,125,0.368,2024-25,Regular Season,6+ Feet - Wide Open
1630215,Jared Butler,1610612755,PHI,24.0,60,43,0.291,52,132,0.394,0.58,0.007,3,3,1.0,0.285,49,129,0.38,2024-25,Regular Season,6+ Feet - Wide Open
1630526,Jeremiah Robinson-Earl,1610612740,NOP,24.0,66,56,0.38,52,132,0.394,0.568,0.032,6,11,0.545,0.349,46,121,0.38,2024-25,Regular Season,6+ Feet - Wide Open
1627936,Alex Caruso,1610612760,OKC,31.0,54,49,0.42,50,132,0.379,0.549,0.022,5,7,0.714,0.398,45,125,0.36,2024-25,Regular Season,6+ Feet - Wide Open
1642419,Jamison Battle,1610612761,TOR,24.0,59,49,0.378,58,131,0.443,0.641,0.023,6,8,0.75,0.354,52,123,0.423,2024-25,Regular Season,6+ Feet - Wide Open
1626171,Bobby Portis,1610612749,MIL,30.0,49,47,0.218,54,130,0.415,0.558,0.05,17,30,0.567,0.168,37,100,0.37,2024-25,Regular Season,6+ Feet - Wide Open
1628418,Thomas Bryant,1610612754,IND,27.0,66,57,0.405,49,130,0.377,0.527,0.034,10,11,0.909,0.371,39,119,0.328,2024-25,Regular Season,6+ Feet - Wide Open
1629130,Duncan Robinson,1610612748,MIA,31.0,74,59,0.195,61,129,0.473,0.682,0.011,7,7,1.0,0.184,54,122,0.443,2024-25,Regular Season,6+ Feet - Wide Open
1631106,Tari Eason,1610612745,HOU,24.0,57,52,0.231,59,129,0.457,0.612,0.041,19,23,0.826,0.19,40,106,0.377,2024-25,Regular Season,6+ Feet - Wide Open
202681,Kyrie Irving,1610612742,DAL,33.0,50,45,0.137,58,129,0.45,0.628,0.022,12,21,0.571,0.114,46,108,0.426,2024-25,Regular Season,6+ Feet - Wide Open
203076,Anthony Davis,1610612742,DAL,32.0,51,44,0.141,49,128,0.383,0.465,0.059,28,54,0.519,0.081,21,74,0.284,2024-25,Regular Season,6+ Feet - Wide Open
1631213,Tyrese Martin,1610612751,BKN,26.0,60,48,0.273,52,127,0.409,0.598,0.011,4,5,0.8,0.262,48,122,0.393,2024-25,Regular Season,6+ Feet - Wide Open
203915,Spencer Dinwiddie,1610612742,DAL,32.0,79,64,0.185,52,126,0.413,0.579,0.021,10,14,0.714,0.164,42,112,0.375,2024-25,Regular Season,6+ Feet - Wide Open
1642268,Isaiah Collier,1610612762,UTA,20.0,71,55,0.227,45,126,0.357,0.456,0.056,20,31,0.645,0.171,25,95,0.263,2024-25,Regular Season,6+ Feet - Wide Open
1629029,Luka Doncic,1610612747,LAL,26.0,50,45,0.122,58,125,0.464,0.632,0.026,16,27,0.593,0.096,42,98,0.429,2024-25,Regular Season,6+ Feet - Wide Open
1630548,Johnny Juzang,1610612762,UTA,24.0,64,55,0.261,51,124,0.411,0.589,0.021,7,10,0.7,0.24,44,114,0.386,2024-25,Regular Season,6+ Feet - Wide Open
1642266,Ja'Kobe Walter,1610612761,TOR,20.0,52,42,0.316,46,124,0.371,0.54,0.02,4,8,0.5,0.295,42,116,0.362,2024-25,Regular Season,6+ Feet - Wide Open
1630625,Dalano Banton,1610612757,POR,25.0,67,47,0.243,46,123,0.374,0.533,0.016,7,8,0.875,0.227,39,115,0.339,2024-25,Regular Season,6+ Feet - Wide Open
1631212,Peyton Watson,1610612743,DEN,22.0,68,55,0.288,46,121,0.38,0.533,0.045,9,19,0.474,0.243,37,102,0.363,2024-25,Regular Season,6+ Feet - Wide Open
1630596,Evan Mobley,1610612739,CLE,24.0,71,54,0.132,51,120,0.425,0.6,0.017,9,15,0.6,0.116,42,105,0.4,2024-25,Regular Season,6+ Feet - Wide Open
1631094,Paolo Banchero,1610612753,ORL,22.0,46,42,0.13,50,118,0.424,0.551,0.032,20,29,0.69,0.098,30,89,0.337,2024-25,Regular Season,6+ Feet - Wide Open
1642275,Tidjane Salaün,1610612766,CHA,19.0,60,52,0.339,30,117,0.256,0.372,0.02,3,7,0.429,0.319,27,110,0.245,2024-25,Regular Season,6+ Feet - Wide Open
201935,James Harden,1610612746,LAC,35.0,79,62,0.088,57,114,0.5,0.667,0.022,19,28,0.679,0.066,38,86,0.442,2024-25,Regular Season,6+ Feet - Wide Open
1628988,Aaron Holiday,1610612745,HOU,28.0,62,47,0.425,51,114,0.447,0.654,0.022,4,6,0.667,0.403,47,108,0.435,2024-25,Regular Season,6+ Feet - Wide Open
1630551,Justin Champagnie,1610612764,WAS,24.0,62,46,0.273,52,112,0.464,0.652,0.024,10,10,1.0,0.248,42,102,0.412,2024-25,Regular Season,6+ Feet - Wide Open
1629750,Javonte Green,1610612739,CLE,31.0,68,49,0.389,41,112,0.366,0.527,0.031,5,9,0.556,0.358,36,103,0.35,2024-25,Regular Season,6+ Feet - Wide Open
1631222,Jake LaRavia,1610612758,SAC,23.0,66,51,0.329,53,111,0.477,0.685,0.03,7,10,0.7,0.3,46,101,0.455,2024-25,Regular Season,6+ Feet - Wide Open
1631093,Jaden Ivey,1610612765,DET,23.0,30,30,0.262,56,108,0.519,0.713,0.044,14,18,0.778,0.218,42,90,0.467,2024-25,Regular Season,6+ Feet - Wide Open
1628371,Jonathan Isaac,1610612753,ORL,27.0,71,48,0.333,40,108,0.37,0.514,0.049,9,16,0.563,0.284,31,92,0.337,2024-25,Regular Season,6+ Feet - Wide Open
1631200,Kris Murray,1610612757,POR,24.0,69,49,0.376,30,105,0.286,0.405,0.018,5,5,1.0,0.358,25,100,0.25,2024-25,Regular Season,6+ Feet - Wide Open
201569,Eric Gordon,1610612755,PHI,36.0,39,33,0.505,44,103,0.427,0.631,0.025,2,5,0.4,0.48,42,98,0.429,2024-25,Regular Season,6+ Feet - Wide Open
1641706,Brandon Miller,1610612766,CHA,22.0,27,27,0.21,39,103,0.379,0.553,0.014,3,7,0.429,0.196,36,96,0.375,2024-25,Regular Season,6+ Feet - Wide Open
1641708,Amen Thompson,1610612745,HOU,22.0,69,51,0.146,42,102,0.412,0.505,0.052,23,36,0.639,0.095,19,66,0.288,2024-25,Regular Season,6+ Feet - Wide Open
203924,Jerami Grant,1610612757,POR,31.0,47,44,0.178,42,102,0.412,0.588,0.017,6,10,0.6,0.16,36,92,0.391,2024-25,Regular Season,6+ Feet - Wide Open
1629622,Max Strus,1610612739,CLE,29.0,50,46,0.271,46,101,0.455,0.673,0.005,2,2,1.0,0.265,44,99,0.444,2024-25,Regular Season,6+ Feet - Wide Open
1631204,Marcus Sasser,1610612765,DET,24.0,57,41,0.342,43,101,0.426,0.599,0.037,8,11,0.727,0.305,35,90,0.389,2024-25,Regular Season,6+ Feet - Wide Open
1641810,Antonio Reeves,1610612740,NOP,24.0,44,36,0.407,42,101,0.416,0.604,0.028,4,7,0.571,0.379,38,94,0.404,2024-25,Regular Season,6+ Feet - Wide Open
203507,Giannis Antetokounmpo,1610612749,MIL,30.0,67,48,0.076,46,100,0.46,0.53,0.039,32,51,0.627,0.037,14,49,0.286,2024-25,Regular Season,6+ Feet - Wide Open
1630552,Jalen Johnson,1610612737,ATL,23.0,36,34,0.186,46,100,0.46,0.615,0.041,15,22,0.682,0.145,31,78,0.397,2024-25,Regular Season,6+ Feet - Wide Open
1630228,Jonathan Kuminga,1610612744,GSW,22.0,47,44,0.176,42,100,0.42,0.56,0.028,14,16,0.875,0.148,28,84,0.333,2024-25,Regular Season,6+ Feet - Wide Open
1628381,John Collins,1610612762,UTA,27.0,40,34,0.185,50,98,0.51,0.689,0.03,15,16,0.938,0.154,35,82,0.427,2024-25,Regular Season,6+ Feet - Wide Open
1631110,Jeremy Sochan,1610612759,SAS,22.0,54,44,0.209,41,98,0.418,0.551,0.041,15,19,0.789,0.168,26,79,0.329,2024-25,Regular Season,6+ Feet - Wide Open
1627780,Gary Payton II,1610612744,GSW,32.0,62,49,0.329,40,98,0.408,0.551,0.047,12,14,0.857,0.282,28,84,0.333,2024-25,Regular Season,6+ Feet - Wide Open
1628380,Zach Collins,1610612741,CHI,27.0,64,45,0.321,30,97,0.309,0.448,0.02,3,6,0.5,0.301,27,91,0.297,2024-25,Regular Season,6+ Feet - Wide Open
1628998,Cody Martin,1610612756,PHX,29.0,53,46,0.295,34,96,0.354,0.479,0.04,10,13,0.769,0.255,24,83,0.289,2024-25,Regular Season,6+ Feet - Wide Open
1642348,Justin Edwards,1610612755,PHI,21.0,44,38,0.252,39,95,0.411,0.584,0.021,6,8,0.75,0.231,33,87,0.379,2024-25,Regular Season,6+ Feet - Wide Open
1629618,Jalen Pickett,1610612743,DEN,25.0,49,36,0.517,36,93,0.387,0.543,0.089,7,16,0.438,0.428,29,77,0.377,2024-25,Regular Season,6+ Feet - Wide Open
203994,Jusuf Nurkić,1610612766,CHA,30.0,51,42,0.264,33,93,0.355,0.527,0.006,1,2,0.5,0.259,32,91,0.352,2024-25,Regular Season,6+ Feet - Wide Open
1642354,KJ Simpson,1610612766,CHA,22.0,36,31,0.302,29,91,0.319,0.451,0.023,5,7,0.714,0.279,24,84,0.286,2024-25,Regular Season,6+ Feet - Wide Open
201142,Kevin Durant,1610612756,PHX,36.0,62,48,0.08,48,90,0.533,0.711,0.018,16,20,0.8,0.062,32,70,0.457,2024-25,Regular Season,6+ Feet - Wide Open
202710,Jimmy Butler III,1610612744,GSW,35.0,55,45,0.151,43,90,0.478,0.589,0.052,23,31,0.742,0.099,20,59,0.339,2024-25,Regular Season,6+ Feet - Wide Open
1641716,Jarace Walker,1610612754,IND,21.0,75,46,0.25,42,90,0.467,0.678,0.022,4,8,0.5,0.228,38,82,0.463,2024-25,Regular Season,6+ Feet - Wide Open
1631157,Ryan Rollins,1610612749,MIL,22.0,56,36,0.328,44,89,0.494,0.691,0.041,9,11,0.818,0.288,35,78,0.449,2024-25,Regular Season,6+ Feet - Wide Open
202692,Alec Burks,1610612748,MIA,33.0,49,37,0.328,39,89,0.438,0.646,0.015,2,4,0.5,0.314,37,85,0.435,2024-25,Regular Season,6+ Feet - Wide Open
202685,Jonas Valančiūnas,1610612758,SAC,33.0,81,53,0.142,39,89,0.438,0.483,0.085,31,53,0.585,0.057,8,36,0.222,2024-25,Regular Season,6+ Feet - Wide Open
203552,Seth Curry,1610612766,CHA,34.0,68,42,0.257,47,88,0.534,0.778,0.023,4,8,0.5,0.233,43,80,0.538,2024-25,Regular Season,6+ Feet - Wide Open
1630249,Vít Krejčí,1610612737,ATL,25.0,57,43,0.301,37,88,0.42,0.591,0.027,7,8,0.875,0.274,30,80,0.375,2024-25,Regular Season,6+ Feet - Wide Open
1631095,Jabari Smith Jr.,1610612745,HOU,22.0,57,42,0.155,30,88,0.341,0.472,0.019,7,11,0.636,0.136,23,77,0.299,2024-25,Regular Season,6+ Feet - Wide Open
1630322,Lindy Waters III,1610612765,DET,27.0,52,37,0.352,40,87,0.46,0.667,0.024,4,6,0.667,0.328,36,81,0.444,2024-25,Regular Season,6+ Feet - Wide Open
203482,Kelly Olynyk,1610612740,NOP,34.0,44,41,0.325,39,87,0.448,0.603,0.082,12,22,0.545,0.243,27,65,0.415,2024-25,Regular Season,6+ Feet - Wide Open
1641871,Duop Reath,1610612757,POR,29.0,46,30,0.524,30,87,0.345,0.511,0.006,1,1,1.0,0.518,29,86,0.337,2024-25,Regular Season,6+ Feet - Wide Open
1642272,Jared McCain,1610612755,PHI,21.0,23,20,0.314,38,86,0.442,0.657,0.007,1,2,0.5,0.307,37,84,0.44,2024-25,Regular Season,6+ Feet - Wide Open
1642262,Cody Williams,1610612762,UTA,20.0,50,39,0.335,24,86,0.279,0.413,0.012,1,3,0.333,0.323,23,83,0.277,2024-25,Regular Season,6+ Feet - Wide Open
1631170,Jaime Jaquez Jr.,1610612748,MIA,24.0,66,48,0.184,32,85,0.376,0.541,0.017,4,8,0.5,0.167,28,77,0.364,2024-25,Regular Season,6+ Feet - Wide Open
1642358,AJ Johnson,1610612764,WAS,20.0,29,22,0.399,26,85,0.306,0.435,0.028,4,6,0.667,0.371,22,79,0.278,2024-25,Regular Season,6+ Feet - Wide Open
1629013,Landry Shamet,1610612752,NYK,28.0,49,34,0.368,37,84,0.44,0.631,0.031,5,7,0.714,0.338,32,77,0.416,2024-25,Regular Season,6+ Feet - Wide Open
1629659,Talen Horton-Tucker,1610612741,CHI,24.0,58,36,0.289,33,84,0.393,0.548,0.034,7,10,0.7,0.254,26,74,0.351,2024-25,Regular Season,6+ Feet - Wide Open
1641796,Pelle Larsson,1610612748,MIA,24.0,55,37,0.414,32,84,0.381,0.542,0.03,5,6,0.833,0.384,27,78,0.346,2024-25,Regular Season,6+ Feet - Wide Open
1631216,Caleb Houstan,1610612753,ORL,22.0,58,39,0.437,42,83,0.506,0.753,0.011,1,2,0.5,0.426,41,81,0.506,2024-25,Regular Season,6+ Feet - Wide Open
1628366,Lonzo Ball,1610612741,CHI,27.0,35,32,0.342,28,83,0.337,0.476,0.021,5,5,1.0,0.321,23,78,0.295,2024-25,Regular Season,6+ Feet - Wide Open
1628449,Chris Boucher,1610612761,TOR,32.0,50,38,0.222,35,82,0.427,0.604,0.024,6,9,0.667,0.198,29,73,0.397,2024-25,Regular Season,6+ Feet - Wide Open
1630702,Jaden Hardy,1610612742,DAL,22.0,57,43,0.199,35,82,0.427,0.628,0.015,2,6,0.333,0.184,33,76,0.434,2024-25,Regular Season,6+ Feet - Wide Open
1629006,Josh Okogie,1610612766,CHA,26.0,40,30,0.382,30,81,0.37,0.531,0.033,4,7,0.571,0.349,26,74,0.351,2024-25,Regular Season,6+ Feet - Wide Open
1629645,Kevin Porter Jr.,1610612749,MIL,25.0,75,48,0.123,40,80,0.5,0.613,0.044,22,29,0.759,0.078,18,51,0.353,2024-25,Regular Season,6+ Feet - Wide Open
202695,Kawhi Leonard,1610612746,LAC,34.0,37,34,0.127,41,79,0.519,0.696,0.03,13,19,0.684,0.096,28,60,0.467,2024-25,Regular Season,6+ Feet - Wide Open
1631323,Simone Fontecchio,1610612765,DET,29.0,75,50,0.212,34,79,0.43,0.62,0.011,4,4,1.0,0.201,30,75,0.4,2024-25,Regular Season,6+ Feet - Wide Open
1642367,Jonathan Mogbo,1610612761,TOR,23.0,63,39,0.222,26,79,0.329,0.437,0.048,9,17,0.529,0.174,17,62,0.274,2024-25,Regular Season,6+ Feet - Wide Open
1628997,Caleb Martin,1610612742,DAL,29.0,45,35,0.257,33,78,0.423,0.59,0.072,7,22,0.318,0.184,26,56,0.464,2024-25,Regular Season,6+ Feet - Wide Open
1630527,Brandon Boston,1610612740,NOP,23.0,42,33,0.203,39,77,0.506,0.675,0.045,13,17,0.765,0.158,26,60,0.433,2024-25,Regular Season,6+ Feet - Wide Open
1631207,Dalen Terry,1610612741,CHI,22.0,73,42,0.287,36,77,0.468,0.662,0.034,6,9,0.667,0.254,30,68,0.441,2024-25,Regular Season,6+ Feet - Wide Open
1641748,Andre Jackson Jr.,1610612749,MIL,23.0,67,43,0.391,34,77,0.442,0.61,0.051,8,10,0.8,0.34,26,67,0.388,2024-25,Regular Season,6+ Feet - Wide Open
1630540,Miles McBride,1610612752,NYK,24.0,63,42,0.142,39,76,0.513,0.724,0.015,7,8,0.875,0.127,32,68,0.471,2024-25,Regular Season,6+ Feet - Wide Open
1626204,Larry Nance Jr.,1610612737,ATL,32.0,24,22,0.484,35,75,0.467,0.667,0.058,5,9,0.556,0.426,30,66,0.455,2024-25,Regular Season,6+ Feet - Wide Open
1641774,Tristan Vukcevic,1610612764,WAS,22.0,35,27,0.31,30,75,0.4,0.56,0.033,6,8,0.75,0.277,24,67,0.358,2024-25,Regular Season,6+ Feet - Wide Open
1641724,Jett Howard,1610612753,ORL,21.0,60,38,0.286,28,75,0.373,0.527,0.023,5,6,0.833,0.263,23,69,0.333,2024-25,Regular Season,6+ Feet - Wide Open
1642276,Kel'el Ware,1610612748,MIA,21.0,64,39,0.162,28,75,0.373,0.5,0.034,9,16,0.563,0.127,19,59,0.322,2024-25,Regular Season,6+ Feet - Wide Open
202331,Paul George,1610612755,PHI,35.0,41,35,0.13,32,74,0.432,0.568,0.028,12,16,0.75,0.102,20,58,0.345,2024-25,Regular Season,6+ Feet - Wide Open
1630611,Gui Santos,1610612744,GSW,23.0,56,32,0.408,32,73,0.438,0.596,0.05,9,9,1.0,0.358,23,64,0.359,2024-25,Regular Season,6+ Feet - Wide Open
1629003,Shake Milton,1610612747,LAL,28.0,57,36,0.287,28,73,0.384,0.541,0.039,5,10,0.5,0.248,23,63,0.365,2024-25,Regular Season,6+ Feet - Wide Open
1629004,Svi Mykhailiuk,1610612762,UTA,28.0,38,30,0.239,33,72,0.458,0.66,0.02,4,6,0.667,0.219,29,66,0.439,2024-25,Regular Season,6+ Feet - Wide Open
1641713,GG Jackson,1610612763,MEM,20.0,29,23,0.357,32,71,0.451,0.634,0.05,6,10,0.6,0.307,26,61,0.426,2024-25,Regular Season,6+ Feet - Wide Open
1629726,Garrison Mathews,1610612737,ATL,28.0,47,31,0.276,31,71,0.437,0.634,0.019,3,5,0.6,0.257,28,66,0.424,2024-25,Regular Season,6+ Feet - Wide Open
1631172,Ousmane Dieng,1610612760,OKC,22.0,37,28,0.568,28,71,0.394,0.549,0.056,6,7,0.857,0.512,22,64,0.344,2024-25,Regular Season,6+ Feet - Wide Open
1631246,Vince Williams Jr.,1610612763,MEM,24.0,26,25,0.441,23,71,0.324,0.444,0.037,6,6,1.0,0.404,17,65,0.262,2024-25,Regular Season,6+ Feet - Wide Open
203935,Marcus Smart,1610612764,WAS,31.0,34,27,0.276,19,71,0.268,0.387,0.019,2,5,0.4,0.257,17,66,0.258,2024-25,Regular Season,6+ Feet - Wide Open
204456,T.J. McConnell,1610612754,IND,33.0,79,46,0.112,34,70,0.486,0.564,0.053,23,33,0.697,0.059,11,37,0.297,2024-25,Regular Season,6+ Feet - Wide Open
202709,Cory Joseph,1610612753,ORL,33.0,50,33,0.455,32,70,0.457,0.671,0.032,2,5,0.4,0.422,30,65,0.462,2024-25,Regular Season,6+ Feet - Wide Open
1641715,Cam Whitmore,1610612745,HOU,20.0,51,31,0.174,25,70,0.357,0.479,0.027,8,11,0.727,0.146,17,59,0.288,2024-25,Regular Season,6+ Feet - Wide Open
1631096,Chet Holmgren,1610612760,OKC,23.0,32,30,0.202,26,69,0.377,0.536,0.023,4,8,0.5,0.179,22,61,0.361,2024-25,Regular Season,6+ Feet - Wide Open
1629610,DaQuan Jeffries,1610612766,CHA,27.0,47,35,0.237,26,69,0.377,0.551,0.007,2,2,1.0,0.23,24,67,0.358,2024-25,Regular Season,6+ Feet - Wide Open
1629028,Deandre Ayton,1610612757,POR,26.0,40,32,0.145,32,68,0.471,0.507,0.083,27,39,0.692,0.062,5,29,0.172,2024-25,Regular Season,6+ Feet - Wide Open
1631221,Collin Gillespie,1610612756,PHX,26.0,33,24,0.424,34,67,0.507,0.731,0.032,4,5,0.8,0.392,30,62,0.484,2024-25,Regular Season,6+ Feet - Wide Open
1641709,Ausar Thompson,1610612765,DET,22.0,59,41,0.143,27,66,0.409,0.477,0.05,18,23,0.783,0.093,9,43,0.209,2024-25,Regular Season,6+ Feet - Wide Open
1642263,Reed Sheppard,1610612745,HOU,21.0,52,31,0.276,24,66,0.364,0.523,0.029,3,7,0.429,0.247,21,59,0.356,2024-25,Regular Season,6+ Feet - Wide Open
203903,Jordan Clarkson,1610612762,UTA,33.0,37,28,0.13,28,64,0.438,0.594,0.024,8,12,0.667,0.106,20,52,0.385,2024-25,Regular Season,6+ Feet - Wide Open
1630231,KJ Martin,1610612762,UTA,24.0,43,32,0.318,27,64,0.422,0.539,0.065,12,13,0.923,0.254,15,51,0.294,2024-25,Regular Season,6+ Feet - Wide Open
1631248,Baylor Scheierman,1610612738,BOS,24.0,31,22,0.582,25,64,0.391,0.578,0.018,1,2,0.5,0.564,24,62,0.387,2024-25,Regular Season,6+ Feet - Wide Open
203937,Kyle Anderson,1610612748,MIA,31.0,61,33,0.206,27,62,0.435,0.621,0.023,4,7,0.571,0.183,23,55,0.418,2024-25,Regular Season,6+ Feet - Wide Open
1630811,Keaton Wallace,1610612737,ATL,26.0,31,22,0.383,25,62,0.403,0.589,0.031,2,5,0.4,0.352,23,57,0.404,2024-25,Regular Season,6+ Feet - Wide Open
1631243,Mouhamed Gueye,1610612737,ATL,22.0,33,29,0.363,22,62,0.355,0.476,0.053,7,9,0.778,0.31,15,53,0.283,2024-25,Regular Season,6+ Feet - Wide Open
1628971,Bruce Brown,1610612740,NOP,28.0,41,38,0.197,28,61,0.459,0.582,0.058,13,18,0.722,0.139,15,43,0.349,2024-25,Regular Season,6+ Feet - Wide Open
1631255,Karlo Matković,1610612740,NOP,24.0,42,27,0.255,24,60,0.4,0.533,0.043,8,10,0.8,0.213,16,50,0.32,2024-25,Regular Season,6+ Feet - Wide Open
1641794,Dillon Jones,1610612760,OKC,23.0,54,30,0.451,17,60,0.283,0.408,0.045,2,6,0.333,0.406,15,54,0.278,2024-25,Regular Season,6+ Feet - Wide Open
1631103,Malaki Branham,1610612759,SAS,22.0,47,33,0.311,27,59,0.458,0.669,0.021,2,4,0.5,0.289,25,55,0.455,2024-25,Regular Season,6+ Feet - Wide Open
1631104,Blake Wesley,1610612759,SAS,22.0,58,37,0.317,23,59,0.39,0.508,0.075,9,14,0.643,0.242,14,45,0.311,2024-25,Regular Season,6+ Feet - Wide Open
1630529,Herbert Jones,1610612740,NOP,26.0,20,20,0.343,23,59,0.39,0.534,0.047,6,8,0.75,0.297,17,51,0.333,2024-25,Regular Season,6+ Feet - Wide Open
1628420,Monte Morris,1610612756,PHX,30.0,45,34,0.303,23,59,0.39,0.534,0.072,6,14,0.429,0.231,17,45,0.378,2024-25,Regular Season,6+ Feet - Wide Open
1628975,Jevon Carter,1610612741,CHI,29.0,36,24,0.404,21,59,0.356,0.508,0.041,3,6,0.5,0.363,18,53,0.34,2024-25,Regular Season,6+ Feet - Wide Open
1641787,Tosan Evbuomwan,1610612751,BKN,24.0,28,26,0.268,19,59,0.322,0.424,0.036,7,8,0.875,0.232,12,51,0.235,2024-25,Regular Season,6+ Feet - Wide Open
1628392,Isaiah Hartenstein,1610612760,OKC,27.0,57,37,0.121,29,58,0.5,0.5,0.088,29,42,0.69,0.033,0,16,0.0,2024-25,Regular Season,6+ Feet - Wide Open
1641744,Zach Edey,1610612763,MEM,23.0,65,40,0.136,26,58,0.448,0.595,0.033,9,14,0.643,0.103,17,44,0.386,2024-25,Regular Season,6+ Feet - Wide Open
1631133,Jabari Walker,1610612757,POR,22.0,60,35,0.253,26,58,0.448,0.621,0.035,6,8,0.75,0.218,20,50,0.4,2024-25,Regular Season,6+ Feet - Wide Open
1630191,Isaiah Stewart,1610612765,DET,24.0,72,38,0.184,24,58,0.414,0.56,0.035,7,11,0.636,0.149,17,47,0.362,2024-25,Regular Season,6+ Feet - Wide Open
1630695,Micah Potter,1610612762,UTA,27.0,38,27,0.43,24,58,0.414,0.578,0.037,5,5,1.0,0.393,19,53,0.358,2024-25,Regular Season,6+ Feet - Wide Open
1629021,Moritz Wagner,1610612753,ORL,28.0,30,28,0.233,21,58,0.362,0.526,0.008,2,2,1.0,0.225,19,56,0.339,2024-25,Regular Season,6+ Feet - Wide Open
1642349,Ajay Mitchell,1610612760,OKC,23.0,36,28,0.308,27,57,0.474,0.667,0.038,5,7,0.714,0.27,22,50,0.44,2024-25,Regular Season,6+ Feet - Wide Open
1630692,Jordan Goodwin,1610612747,LAL,26.0,29,28,0.389,21,56,0.375,0.554,0.042,1,6,0.167,0.347,20,50,0.4,2024-25,Regular Season,6+ Feet - Wide Open
203114,Khris Middleton,1610612764,WAS,33.0,37,29,0.16,28,54,0.519,0.694,0.039,9,13,0.692,0.122,19,41,0.463,2024-25,Regular Season,6+ Feet - Wide Open
1630570,Trendon Watford,1610612751,BKN,24.0,44,28,0.154,24,54,0.444,0.639,0.009,3,3,1.0,0.146,21,51,0.412,2024-25,Regular Season,6+ Feet - Wide Open
1629723,John Konchar,1610612763,MEM,29.0,46,28,0.593,23,54,0.426,0.611,0.044,3,4,0.75,0.549,20,50,0.4,2024-25,Regular Season,6+ Feet - Wide Open
1627763,Malcolm Brogdon,1610612764,WAS,32.0,24,24,0.225,22,54,0.407,0.509,0.071,11,17,0.647,0.154,11,37,0.297,2024-25,Regular Season,6+ Feet - Wide Open
203914,Gary Harris,1610612753,ORL,30.0,48,32,0.398,24,53,0.453,0.66,0.03,2,4,0.5,0.368,22,49,0.449,2024-25,Regular Season,6+ Feet - Wide Open
1628467,Maxi Kleber,1610612747,LAL,33.0,34,24,0.552,17,53,0.321,0.434,0.063,5,6,0.833,0.49,12,47,0.255,2024-25,Regular Season,6+ Feet - Wide Open
1641765,Olivier-Maxence Prosper,1610612742,DAL,22.0,52,32,0.305,16,53,0.302,0.396,0.069,6,12,0.5,0.236,10,41,0.244,2024-25,Regular Season,6+ Feet - Wide Open
203954,Joel Embiid,1610612755,PHI,31.0,19,18,0.165,24,52,0.462,0.606,0.054,9,17,0.529,0.111,15,35,0.429,2024-25,Regular Season,6+ Feet - Wide Open
1630556,Kessler Edwards,1610612742,DAL,24.0,40,24,0.378,23,51,0.451,0.657,0.03,2,4,0.5,0.348,21,47,0.447,2024-25,Regular Season,6+ Feet - Wide Open
1629626,Bol Bol,1610612756,PHX,25.0,36,20,0.273,28,50,0.56,0.78,0.044,6,8,0.75,0.23,22,42,0.524,2024-25,Regular Season,6+ Feet - Wide Open
1629684,Grant Williams,1610612766,CHA,26.0,16,16,0.407,21,50,0.42,0.61,0.041,2,5,0.4,0.366,19,45,0.422,2024-25,Regular Season,6+ Feet - Wide Open
1642265,Rob Dillingham,1610612750,MIN,20.0,49,26,0.232,21,49,0.429,0.561,0.057,8,12,0.667,0.175,13,37,0.351,2024-25,Regular Season,6+ Feet - Wide Open
1630243,Trevelin Queen,1610612753,ORL,28.0,31,21,0.333,20,49,0.408,0.582,0.02,3,3,1.0,0.313,17,46,0.37,2024-25,Regular Season,6+ Feet - Wide Open
1629651,Nic Claxton,1610612751,BKN,26.0,70,30,0.086,20,49,0.408,0.439,0.056,17,32,0.531,0.03,3,17,0.176,2024-25,Regular Season,6+ Feet - Wide Open
1630639,A.J. Lawson,1610612761,TOR,24.0,26,20,0.253,23,48,0.479,0.646,0.037,7,7,1.0,0.216,16,41,0.39,2024-25,Regular Season,6+ Feet - Wide Open
1641740,Jaylen Clark,1610612750,MIN,23.0,40,23,0.392,26,47,0.553,0.766,0.058,6,7,0.857,0.333,20,40,0.5,2024-25,Regular Season,6+ Feet - Wide Open
1630288,Jeff Dowtin Jr.,1610612755,PHI,28.0,41,23,0.204,21,47,0.447,0.628,0.03,4,7,0.571,0.174,17,40,0.425,2024-25,Regular Season,6+ Feet - Wide Open
1630549,Day'Ron Sharpe,1610612751,BKN,23.0,50,29,0.148,19,47,0.404,0.521,0.028,8,9,0.889,0.12,11,38,0.289,2024-25,Regular Season,6+ Feet - Wide Open
1626153,Delon Wright,1610612752,NYK,33.0,40,24,0.359,16,47,0.34,0.5,0.015,1,2,0.5,0.344,15,45,0.333,2024-25,Regular Season,6+ Feet - Wide Open
1641745,Adam Flagler,1610612760,OKC,25.0,37,22,0.49,10,47,0.213,0.298,0.021,2,2,1.0,0.469,8,45,0.178,2024-25,Regular Season,6+ Feet - Wide Open
1630192,Zeke Nnaji,1610612743,DEN,24.0,57,28,0.331,20,46,0.435,0.587,0.058,6,8,0.75,0.273,14,38,0.368,2024-25,Regular Season,6+ Feet - Wide Open
1641816,Hunter Tyson,1610612743,DEN,25.0,51,30,0.383,19,46,0.413,0.609,0.017,1,2,0.5,0.367,18,44,0.409,2024-25,Regular Season,6+ Feet - Wide Open
1630314,Brandon Williams,1610612742,DAL,25.0,33,22,0.245,19,46,0.413,0.598,0.021,2,4,0.5,0.223,17,42,0.405,2024-25,Regular Season,6+ Feet - Wide Open
1628464,Daniel Theis,1610612740,NOP,33.0,38,27,0.357,17,46,0.37,0.467,0.093,8,12,0.667,0.264,9,34,0.265,2024-25,Regular Season,6+ Feet - Wide Open
200768,Kyle Lowry,1610612755,PHI,39.0,35,25,0.393,16,46,0.348,0.511,0.009,1,1,1.0,0.385,15,45,0.333,2024-25,Regular Season,6+ Feet - Wide Open
203995,Vasilije Micic,1610612756,PHX,31.0,41,25,0.168,15,46,0.326,0.489,0.033,0,9,0.0,0.136,15,37,0.405,2024-25,Regular Season,6+ Feet - Wide Open
1627749,Dejounte Murray,1610612740,NOP,28.0,31,22,0.091,19,45,0.422,0.556,0.028,7,14,0.5,0.063,12,31,0.387,2024-25,Regular Season,6+ Feet - Wide Open
1642270,Donovan Clingan,1610612757,POR,21.0,67,32,0.135,15,45,0.333,0.478,0.006,2,2,1.0,0.129,13,43,0.302,2024-25,Regular Season,6+ Feet - Wide Open
1641727,Dariq Whitehead,1610612751,BKN,20.0,20,13,0.458,22,44,0.5,0.75,0.01,0,1,0.0,0.448,22,43,0.512,2024-25,Regular Season,6+ Feet - Wide Open
203957,Dante Exum,1610612742,DAL,29.0,20,18,0.328,20,44,0.455,0.659,0.015,2,2,1.0,0.313,18,42,0.429,2024-25,Regular Season,6+ Feet - Wide Open
1642382,Branden Carlson,1610612760,OKC,26.0,32,17,0.454,18,44,0.409,0.58,0.031,3,3,1.0,0.423,15,41,0.366,2024-25,Regular Season,6+ Feet - Wide Open
1631115,Orlando Robinson,1610612761,TOR,24.0,44,22,0.169,17,44,0.386,0.545,0.031,3,8,0.375,0.138,14,36,0.389,2024-25,Regular Season,6+ Feet - Wide Open
1630538,Bones Hyland,1610612750,MIN,24.0,24,20,0.373,17,44,0.386,0.568,0.017,1,2,0.5,0.356,16,42,0.381,2024-25,Regular Season,6+ Feet - Wide Open
1631288,Jamal Cain,1610612740,NOP,26.0,37,26,0.278,16,44,0.364,0.5,0.038,4,6,0.667,0.241,12,38,0.316,2024-25,Regular Season,6+ Feet - Wide Open
203926,Doug McDermott,1610612758,SAC,33.0,42,21,0.368,21,43,0.488,0.733,0.009,0,1,0.0,0.359,21,42,0.5,2024-25,Regular Season,6+ Feet - Wide Open
1630544,Tre Mann,1610612766,CHA,24.0,13,12,0.267,20,43,0.465,0.674,0.019,2,3,0.667,0.248,18,40,0.45,2024-25,Regular Season,6+ Feet - Wide Open
201567,Kevin Love,1610612748,MIA,36.0,23,17,0.374,18,43,0.419,0.605,0.043,2,5,0.4,0.33,16,38,0.421,2024-25,Regular Season,6+ Feet - Wide Open
1630560,Cam Thomas,1610612751,BKN,23.0,25,18,0.095,18,43,0.419,0.512,0.029,10,13,0.769,0.066,8,30,0.267,2024-25,Regular Season,6+ Feet - Wide Open
1626192,Pat Connaughton,1610612749,MIL,32.0,41,25,0.243,17,43,0.395,0.57,0.023,2,4,0.5,0.22,15,39,0.385,2024-25,Regular Season,6+ Feet - Wide Open
1629680,Matisse Thybulle,1610612757,POR,28.0,15,14,0.477,22,42,0.524,0.738,0.057,4,5,0.8,0.42,18,37,0.486,2024-25,Regular Season,6+ Feet - Wide Open
202704,Reggie Jackson,1610612755,PHI,35.0,31,21,0.316,15,42,0.357,0.524,0.03,1,4,0.25,0.286,14,38,0.368,2024-25,Regular Season,6+ Feet - Wide Open
1641775,Jordan Walsh,1610612738,BOS,21.0,52,29,0.506,14,42,0.333,0.5,0.0,0,0,,0.506,14,42,0.333,2024-25,Regular Season,6+ Feet - Wide Open
1641878,Damion Baugh,1610612766,CHA,24.0,15,14,0.323,10,42,0.238,0.345,0.023,1,3,0.333,0.3,9,39,0.231,2024-25,Regular Season,6+ Feet - Wide Open
1630200,Tre Jones,1610612741,CHI,25.0,46,27,0.172,18,41,0.439,0.598,0.025,5,6,0.833,0.147,13,35,0.371,2024-25,Regular Season,6+ Feet - Wide Open
1627751,Jakob Poeltl,1610612761,TOR,29.0,57,28,0.069,26,40,0.65,0.663,0.067,25,39,0.641,0.002,1,1,1.0,2024-25,Regular Season,6+ Feet - Wide Open
1642277,Johnny Furphy,1610612754,IND,20.0,50,20,0.435,16,40,0.4,0.538,0.076,5,7,0.714,0.359,11,33,0.333,2024-25,Regular Season,6+ Feet - Wide Open
1629629,Cam Reddish,1610612747,LAL,25.0,33,24,0.426,14,40,0.35,0.475,0.043,4,4,1.0,0.383,10,36,0.278,2024-25,Regular Season,6+ Feet - Wide Open
1629022,Lonnie Walker IV,1610612755,PHI,26.0,20,16,0.184,16,39,0.41,0.59,0.014,2,3,0.667,0.17,14,36,0.389,2024-25,Regular Season,6+ Feet - Wide Open
1629048,Goga Bitadze,1610612753,ORL,25.0,70,28,0.115,15,39,0.385,0.423,0.047,12,16,0.75,0.068,3,23,0.13,2024-25,Regular Season,6+ Feet - Wide Open
1641712,Rayan Rupert,1610612757,POR,21.0,52,22,0.275,14,39,0.359,0.5,0.021,3,3,1.0,0.254,11,36,0.306,2024-25,Regular Season,6+ Feet - Wide Open
1631117,Walker Kessler,1610612762,UTA,23.0,58,15,0.093,12,39,0.308,0.385,0.017,6,7,0.857,0.076,6,32,0.188,2024-25,Regular Season,6+ Feet - Wide Open
201145,Jeff Green,1610612745,HOU,38.0,32,22,0.314,16,38,0.421,0.605,0.017,2,2,1.0,0.298,14,36,0.389,2024-25,Regular Season,6+ Feet - Wide Open
1630256,Jae'Sean Tate,1610612745,HOU,29.0,52,25,0.257,14,38,0.368,0.539,0.014,1,2,0.5,0.243,13,36,0.361,2024-25,Regular Season,6+ Feet - Wide Open
1641736,Reece Beekman,1610612751,BKN,23.0,36,22,0.355,6,38,0.158,0.237,0.028,0,3,0.0,0.327,6,35,0.171,2024-25,Regular Season,6+ Feet - Wide Open
1641732,Colby Jones,1610612764,WAS,23.0,39,18,0.287,19,37,0.514,0.689,0.062,6,8,0.75,0.225,13,29,0.448,2024-25,Regular Season,6+ Feet - Wide Open
1628470,Torrey Craig,1610612738,BOS,34.0,26,17,0.4,16,36,0.444,0.653,0.011,1,1,1.0,0.389,15,35,0.429,2024-25,Regular Season,6+ Feet - Wide Open
1631232,Keion Brooks Jr.,1610612740,NOP,24.0,14,13,0.33,14,36,0.389,0.556,0.018,2,2,1.0,0.312,12,34,0.353,2024-25,Regular Season,6+ Feet - Wide Open
1628964,Mo Bamba,1610612740,NOP,27.0,32,21,0.321,10,36,0.278,0.417,0.0,0,0,,0.321,10,36,0.278,2024-25,Regular Season,6+ Feet - Wide Open
1627826,Ivica Zubac,1610612746,LAC,28.0,80,29,0.037,25,35,0.714,0.714,0.037,25,35,0.714,0.0,0,0,,2024-25,Regular Season,6+ Feet - Wide Open
1629162,Jordan McLaughlin,1610612759,SAS,29.0,46,19,0.486,16,35,0.457,0.671,0.042,1,3,0.333,0.444,15,32,0.469,2024-25,Regular Season,6+ Feet - Wide Open
1642285,Cam Spencer,1610612763,MEM,25.0,25,13,0.427,16,35,0.457,0.643,0.061,3,5,0.6,0.366,13,30,0.433,2024-25,Regular Season,6+ Feet - Wide Open
1630531,Jaden Springer,1610612762,UTA,22.0,43,17,0.389,8,35,0.229,0.314,0.022,2,2,1.0,0.367,6,33,0.182,2024-25,Regular Season,6+ Feet - Wide Open
1631245,Quenton Jackson,1610612754,IND,26.0,28,14,0.279,18,34,0.529,0.691,0.057,7,7,1.0,0.221,11,27,0.407,2024-25,Regular Season,6+ Feet - Wide Open
1629020,Jarred Vanderbilt,1610612747,LAL,26.0,36,21,0.281,13,34,0.382,0.5,0.041,5,5,1.0,0.24,8,29,0.276,2024-25,Regular Season,6+ Feet - Wide Open
1630173,Precious Achiuwa,1610612752,NYK,25.0,56,25,0.105,12,34,0.353,0.471,0.018,4,6,0.667,0.086,8,28,0.286,2024-25,Regular Season,6+ Feet - Wide Open
1631111,Wendell Moore Jr.,1610612766,CHA,23.0,36,22,0.262,12,33,0.364,0.53,0.024,1,3,0.333,0.238,11,30,0.367,2024-25,Regular Season,6+ Feet - Wide Open
1631230,Dominick Barlow,1610612737,ATL,22.0,35,20,0.292,11,33,0.333,0.439,0.088,4,10,0.4,0.204,7,23,0.304,2024-25,Regular Season,6+ Feet - Wide Open
1642281,Jaylon Tyson,1610612739,CLE,22.0,47,16,0.221,10,33,0.303,0.439,0.013,1,2,0.5,0.208,9,31,0.29,2024-25,Regular Season,6+ Feet - Wide Open
1641854,Craig Porter Jr.,1610612739,CLE,25.0,51,19,0.229,18,32,0.563,0.813,0.021,2,3,0.667,0.207,16,29,0.552,2024-25,Regular Season,6+ Feet - Wide Open
1642269,Devin Carter,1610612758,SAC,23.0,36,17,0.252,16,32,0.5,0.672,0.039,5,5,1.0,0.213,11,27,0.407,2024-25,Regular Season,6+ Feet - Wide Open
1629634,Brandon Clarke,1610612763,MEM,28.0,63,24,0.085,16,32,0.5,0.516,0.051,15,19,0.789,0.035,1,13,0.077,2024-25,Regular Season,6+ Feet - Wide Open
1641721,Maxwell Lewis,1610612751,BKN,22.0,28,16,0.296,13,32,0.406,0.594,0.009,1,1,1.0,0.287,12,31,0.387,2024-25,Regular Season,6+ Feet - Wide Open
1629111,Jock Landale,1610612745,HOU,29.0,42,22,0.204,15,31,0.484,0.613,0.072,7,11,0.636,0.132,8,20,0.4,2024-25,Regular Season,6+ Feet - Wide Open
1631169,Josh Minott,1610612750,MIN,22.0,46,23,0.344,14,31,0.452,0.629,0.044,3,4,0.75,0.3,11,27,0.407,2024-25,Regular Season,6+ Feet - Wide Open
1631209,Isaiah Wong,1610612766,CHA,24.0,20,20,0.295,12,31,0.387,0.516,0.076,4,8,0.5,0.219,8,23,0.348,2024-25,Regular Season,6+ Feet - Wide Open
1642278,Tyler Kolek,1610612752,NYK,24.0,41,18,0.378,11,31,0.355,0.532,0.0,0,0,,0.378,11,31,0.355,2024-25,Regular Season,6+ Feet - Wide Open
1628386,Jarrett Allen,1610612739,CLE,27.0,82,23,0.047,19,30,0.633,0.633,0.041,19,26,0.731,0.006,0,4,0.0,2024-25,Regular Season,6+ Feet - Wide Open
1631166,Drew Timme,1610612751,BKN,24.0,9,9,0.294,12,30,0.4,0.55,0.029,3,3,1.0,0.265,9,27,0.333,2024-25,Regular Season,6+ Feet - Wide Open
1630568,Luka Garza,1610612750,MIN,26.0,39,20,0.286,10,30,0.333,0.467,0.019,2,2,1.0,0.267,8,28,0.286,2024-25,Regular Season,6+ Feet - Wide Open
202693,Markieff Morris,1610612747,LAL,35.0,15,13,0.429,7,30,0.233,0.333,0.071,1,5,0.2,0.357,6,25,0.24,2024-25,Regular Season,6+ Feet - Wide Open
1641720,Jalen Hood-Schifino,1610612755,PHI,22.0,15,11,0.296,10,29,0.345,0.5,0.041,1,4,0.25,0.255,9,25,0.36,2024-25,Regular Season,6+ Feet - Wide Open
1630214,Xavier Tillman,1610612738,BOS,26.0,33,16,0.547,5,29,0.172,0.259,0.019,0,1,0.0,0.528,5,28,0.179,2024-25,Regular Season,6+ Feet - Wide Open
1630194,Paul Reed,1610612765,DET,26.0,45,20,0.197,13,28,0.464,0.554,0.085,8,12,0.667,0.113,5,16,0.313,2024-25,Regular Season,6+ Feet - Wide Open
201988,Patty Mills,1610612746,LAC,36.0,29,15,0.292,10,28,0.357,0.5,0.021,2,2,1.0,0.271,8,26,0.308,2024-25,Regular Season,6+ Feet - Wide Open
1627814,Damion Lee,1610612756,PHX,32.0,25,18,0.365,9,27,0.333,0.481,0.027,1,2,0.5,0.338,8,25,0.32,2024-25,Regular Season,6+ Feet - Wide Open
1631102,TyTy Washington Jr.,1610612756,PHX,23.0,16,9,0.6,6,27,0.222,0.296,0.133,2,6,0.333,0.467,4,21,0.19,2024-25,Regular Season,6+ Feet - Wide Open
1642024,Alex Reese,1610612755,PHI,26.0,15,12,0.481,12,26,0.462,0.673,0.019,1,1,1.0,0.463,11,25,0.44,2024-25,Regular Season,6+ Feet - Wide Open
1626172,Kevon Looney,1610612744,GSW,29.0,76,22,0.095,10,26,0.385,0.404,0.087,9,24,0.375,0.007,1,2,0.5,2024-25,Regular Season,6+ Feet - Wide Open
1630311,Pat Spencer,1610612744,GSW,28.0,39,14,0.257,9,26,0.346,0.442,0.069,4,7,0.571,0.188,5,19,0.263,2024-25,Regular Season,6+ Feet - Wide Open
1630545,Terrence Shannon Jr.,1610612750,MIN,24.0,32,15,0.228,9,26,0.346,0.519,0.0,0,0,,0.228,9,26,0.346,2024-25,Regular Season,6+ Feet - Wide Open
1630205,Lamar Stevens,1610612763,MEM,27.0,17,9,0.397,10,25,0.4,0.54,0.048,3,3,1.0,0.349,7,22,0.318,2024-25,Regular Season,6+ Feet - Wide Open
1631223,David Roddy,1610612745,HOU,24.0,33,14,0.184,11,23,0.478,0.717,0.0,0,0,,0.184,11,23,0.478,2024-25,Regular Season,6+ Feet - Wide Open
1629669,Jaylen Nowell,1610612764,WAS,25.0,8,7,0.315,10,23,0.435,0.609,0.041,2,3,0.667,0.274,8,20,0.4,2024-25,Regular Season,6+ Feet - Wide Open
1631105,Jalen Duren,1610612765,DET,21.0,78,20,0.04,21,22,0.955,0.955,0.04,21,22,0.955,0.0,0,0,,2024-25,Regular Season,6+ Feet - Wide Open
1642274,Yves Missi,1610612740,NOP,21.0,73,17,0.045,20,22,0.909,0.909,0.045,20,22,0.909,0.0,0,0,,2024-25,Regular Season,6+ Feet - Wide Open
203497,Rudy Gobert,1610612750,MIN,33.0,72,18,0.043,18,22,0.818,0.818,0.043,18,22,0.818,0.0,0,0,,2024-25,Regular Season,6+ Feet - Wide Open
1630696,Dru Smith,1610612748,MIA,27.0,14,9,0.361,13,22,0.591,0.864,0.049,1,3,0.333,0.311,12,19,0.632,2024-25,Regular Season,6+ Feet - Wide Open
1629001,De'Anthony Melton,1610612751,BKN,27.0,6,6,0.407,10,22,0.455,0.636,0.037,2,2,1.0,0.37,8,20,0.4,2024-25,Regular Season,6+ Feet - Wide Open
1641890,Tyler Smith,1610612749,MIL,20.0,23,8,0.42,9,21,0.429,0.643,0.02,0,1,0.0,0.4,9,20,0.45,2024-25,Regular Season,6+ Feet - Wide Open
1630264,Anthony Gill,1610612764,WAS,32.0,51,16,0.239,9,21,0.429,0.643,0.0,0,0,,0.239,9,21,0.429,2024-25,Regular Season,6+ Feet - Wide Open
1628963,Marvin Bagley III,1610612763,MEM,26.0,31,10,0.198,8,21,0.381,0.452,0.075,5,8,0.625,0.123,3,13,0.231,2024-25,Regular Season,6+ Feet - Wide Open
1641757,Jordan Miller,1610612746,LAC,25.0,37,14,0.157,7,21,0.333,0.476,0.007,1,1,1.0,0.149,6,20,0.3,2024-25,Regular Season,6+ Feet - Wide Open
203083,Andre Drummond,1610612755,PHI,31.0,40,18,0.09,5,21,0.238,0.286,0.026,3,6,0.5,0.064,2,15,0.133,2024-25,Regular Season,6+ Feet - Wide Open
1627742,Brandon Ingram,1610612761,TOR,27.0,18,13,0.06,11,20,0.55,0.675,0.024,6,8,0.75,0.036,5,12,0.417,2024-25,Regular Season,6+ Feet - Wide Open
1631306,Cole Swider,1610612754,IND,26.0,10,8,0.317,9,20,0.45,0.625,0.032,2,2,1.0,0.286,7,18,0.389,2024-25,Regular Season,6+ Feet - Wide Open
1631250,Pete Nance,1610612749,MIL,25.0,13,6,0.625,8,20,0.4,0.6,0.031,0,1,0.0,0.594,8,19,0.421,2024-25,Regular Season,6+ Feet - Wide Open
1631197,Jared Rhoden,1610612761,TOR,25.0,14,10,0.23,6,20,0.3,0.4,0.023,2,2,1.0,0.207,4,18,0.222,2024-25,Regular Season,6+ Feet - Wide Open
1641738,Kobe Brown,1610612746,LAC,25.0,40,15,0.278,5,20,0.25,0.375,0.0,0,0,,0.278,5,20,0.25,2024-25,Regular Season,6+ Feet - Wide Open
1629627,Zion Williamson,1610612740,NOP,24.0,30,12,0.037,15,19,0.789,0.868,0.026,12,13,0.923,0.012,3,6,0.5,2024-25,Regular Season,6+ Feet - Wide Open
1630208,Nick Richards,1610612756,PHX,27.0,57,16,0.055,13,19,0.684,0.684,0.052,13,18,0.722,0.003,0,1,0.0,2024-25,Regular Season,6+ Feet - Wide Open
1641809,Drew Peterson,1610612738,BOS,25.0,25,12,0.463,9,19,0.474,0.711,0.0,0,0,,0.463,9,19,0.474,2024-25,Regular Season,6+ Feet - Wide Open
1641798,Jaylen Martin,1610612764,WAS,21.0,16,9,0.257,7,19,0.368,0.5,0.027,2,2,1.0,0.23,5,17,0.294,2024-25,Regular Season,6+ Feet - Wide Open
1631120,JD Davison,1610612738,BOS,22.0,16,10,0.559,6,19,0.316,0.421,0.118,2,4,0.5,0.441,4,15,0.267,2024-25,Regular Season,6+ Feet - Wide Open
203967,Dario Saric,1610612743,DEN,31.0,16,7,0.339,6,19,0.316,0.474,0.018,0,1,0.0,0.321,6,18,0.333,2024-25,Regular Season,6+ Feet - Wide Open
1630658,Colin Castleton,1610612761,TOR,25.0,26,11,0.194,6,19,0.316,0.368,0.041,4,4,1.0,0.153,2,15,0.133,2024-25,Regular Season,6+ Feet - Wide Open
1642355,Bronny James,1610612747,LAL,20.0,27,12,0.284,5,19,0.263,0.368,0.045,1,3,0.333,0.239,4,16,0.25,2024-25,Regular Season,6+ Feet - Wide Open
1630623,Tyson Etienne,1610612751,BKN,25.0,7,7,0.346,8,18,0.444,0.667,0.0,0,0,,0.346,8,18,0.444,2024-25,Regular Season,6+ Feet - Wide Open
1631098,Johnny Davis,1610612764,WAS,23.0,34,11,0.231,7,18,0.389,0.5,0.038,3,3,1.0,0.192,4,15,0.267,2024-25,Regular Season,6+ Feet - Wide Open
1630542,Marcus Bagley,1610612755,PHI,23.0,10,9,0.261,1,18,0.056,0.083,0.0,0,0,,0.261,1,18,0.056,2024-25,Regular Season,6+ Feet - Wide Open
1631109,Mark Williams,1610612766,CHA,23.0,44,15,0.038,11,17,0.647,0.647,0.031,11,14,0.786,0.007,0,3,0.0,2024-25,Regular Season,6+ Feet - Wide Open
1641734,Emoni Bates,1610612739,CLE,21.0,10,5,0.447,8,17,0.471,0.706,0.0,0,0,,0.447,8,17,0.471,2024-25,Regular Season,6+ Feet - Wide Open
1631311,Lester Quinones,1610612740,NOP,24.0,13,10,0.218,7,17,0.412,0.588,0.013,1,1,1.0,0.205,6,16,0.375,2024-25,Regular Season,6+ Feet - Wide Open
1630699,MarJon Beauchamp,1610612752,NYK,24.0,35,14,0.262,7,17,0.412,0.559,0.046,2,3,0.667,0.215,5,14,0.357,2024-25,Regular Season,6+ Feet - Wide Open
1630165,Killian Hayes,1610612751,BKN,23.0,6,5,0.395,7,17,0.412,0.618,0.0,0,0,,0.395,7,17,0.412,2024-25,Regular Season,6+ Feet - Wide Open
1630539,Kai Jones,1610612742,DAL,24.0,40,11,0.147,12,16,0.75,0.781,0.119,11,13,0.846,0.028,1,3,0.333,2024-25,Regular Season,6+ Feet - Wide Open
1631217,Moussa Diabate,1610612766,CHA,23.0,71,13,0.057,8,16,0.5,0.5,0.043,8,12,0.667,0.014,0,4,0.0,2024-25,Regular Season,6+ Feet - Wide Open
1631466,Nate Williams,1610612745,HOU,26.0,20,9,0.258,6,16,0.375,0.563,0.0,0,0,,0.258,6,16,0.375,2024-25,Regular Season,6+ Feet - Wide Open
1630550,JT Thor,1610612764,WAS,22.0,20,10,0.271,5,16,0.313,0.438,0.034,1,2,0.5,0.237,4,14,0.286,2024-25,Regular Season,6+ Feet - Wide Open
1631116,Patrick Baldwin Jr.,1610612746,LAC,22.0,24,11,0.4,9,14,0.643,0.929,0.029,1,1,1.0,0.371,8,13,0.615,2024-25,Regular Season,6+ Feet - Wide Open
1631218,Trayce Jackson-Davis,1610612744,GSW,25.0,62,11,0.046,7,14,0.5,0.5,0.043,7,13,0.538,0.003,0,1,0.0,2024-25,Regular Season,6+ Feet - Wide Open
1642505,Alex Ducas,1610612760,OKC,24.0,21,11,0.467,7,14,0.5,0.714,0.067,1,2,0.5,0.4,6,12,0.5,2024-25,Regular Season,6+ Feet - Wide Open
1642359,Pacôme Dadiet,1610612752,NYK,19.0,18,8,0.452,5,14,0.357,0.5,0.032,1,1,1.0,0.419,4,13,0.308,2024-25,Regular Season,6+ Feet - Wide Open
1642484,RayJ Dennis,1610612754,IND,24.0,11,4,0.424,4,14,0.286,0.429,0.0,0,0,,0.424,4,14,0.286,2024-25,Regular Season,6+ Feet - Wide Open
202066,Garrett Temple,1610612761,TOR,39.0,28,8,0.233,3,14,0.214,0.321,0.017,0,1,0.0,0.217,3,13,0.231,2024-25,Regular Season,6+ Feet - Wide Open
1629637,Jaxson Hayes,1610612747,LAL,25.0,56,12,0.058,10,13,0.769,0.769,0.049,10,11,0.909,0.009,0,2,0.0,2024-25,Regular Season,6+ Feet - Wide Open
1629643,Chuma Okeke,1610612739,CLE,26.0,9,7,0.325,8,13,0.615,0.885,0.025,1,1,1.0,0.3,7,12,0.583,2024-25,Regular Season,6+ Feet - Wide Open
203991,Clint Capela,1610612737,ATL,31.0,55,10,0.031,9,12,0.75,0.75,0.028,9,11,0.818,0.003,0,1,0.0,2024-25,Regular Season,6+ Feet - Wide Open
203486,Mason Plumlee,1610612756,PHX,35.0,74,10,0.059,6,12,0.5,0.5,0.045,6,9,0.667,0.015,0,3,0.0,2024-25,Regular Season,6+ Feet - Wide Open
1641989,Elijah Harkless,1610612762,UTA,25.0,10,5,0.343,3,12,0.25,0.333,0.029,1,1,1.0,0.314,2,11,0.182,2024-25,Regular Season,6+ Feet - Wide Open
204060,Joe Ingles,1610612750,MIN,37.0,19,8,0.522,3,12,0.25,0.375,0.0,0,0,,0.522,3,12,0.25,2024-25,Regular Season,6+ Feet - Wide Open
1641725,Trey Alexander,1610612743,DEN,22.0,24,7,0.293,3,12,0.25,0.333,0.073,1,3,0.333,0.22,2,9,0.222,2024-25,Regular Season,6+ Feet - Wide Open
1641723,Kobe Bufkin,1610612737,ATL,21.0,10,5,0.255,2,12,0.167,0.25,0.0,0,0,,0.255,2,12,0.167,2024-25,Regular Season,6+ Feet - Wide Open
203458,Alex Len,1610612747,LAL,32.0,46,11,0.19,2,12,0.167,0.25,0.048,0,3,0.0,0.143,2,9,0.222,2024-25,Regular Season,6+ Feet - Wide Open
1642461,Spencer Jones,1610612743,DEN,24.0,20,7,0.353,1,12,0.083,0.125,0.0,0,0,,0.353,1,12,0.083,2024-25,Regular Season,6+ Feet - Wide Open
1642345,Oso Ighodaro,1610612756,PHX,22.0,61,10,0.059,7,11,0.636,0.636,0.053,7,10,0.7,0.005,0,1,0.0,2024-25,Regular Season,6+ Feet - Wide Open
1631342,Daeqwon Plowden,1610612737,ATL,26.0,6,4,0.44,7,11,0.636,0.864,0.08,2,2,1.0,0.36,5,9,0.556,2024-25,Regular Season,6+ Feet - Wide Open
1628427,Vlatko Čančar,1610612743,DEN,28.0,13,7,0.423,4,11,0.364,0.5,0.038,1,1,1.0,0.385,3,10,0.3,2024-25,Regular Season,6+ Feet - Wide Open
1628365,Markelle Fultz,1610612758,SAC,27.0,21,7,0.149,6,10,0.6,0.75,0.075,3,5,0.6,0.075,3,5,0.6,2024-25,Regular Season,6+ Feet - Wide Open
1642403,Isaac Jones,1610612758,SAC,24.0,40,8,0.12,6,10,0.6,0.75,0.036,3,3,1.0,0.084,3,7,0.429,2024-25,Regular Season,6+ Feet - Wide Open
1628995,Kevin Knox II,1610612744,GSW,25.0,14,6,0.278,5,10,0.5,0.65,0.056,2,2,1.0,0.222,3,8,0.375,2024-25,Regular Season,6+ Feet - Wide Open
1629052,Oshae Brissett,1610612755,PHI,27.0,6,5,0.256,5,10,0.5,0.75,0.0,0,0,,0.256,5,10,0.5,2024-25,Regular Season,6+ Feet - Wide Open
1630604,E.J. Liddell,1610612741,CHI,24.0,12,6,0.667,4,10,0.4,0.5,0.133,2,2,1.0,0.533,2,8,0.25,2024-25,Regular Season,6+ Feet - Wide Open
1642530,Yuki Kawamura,1610612763,MEM,24.0,22,8,0.333,3,10,0.3,0.4,0.033,1,1,1.0,0.3,2,9,0.222,2024-25,Regular Season,6+ Feet - Wide Open
1642402,Enrique Freeman,1610612754,IND,24.0,22,7,0.27,1,10,0.1,0.15,0.0,0,0,,0.27,1,10,0.1,2024-25,Regular Season,6+ Feet - Wide Open
1627732,Ben Simmons,1610612746,LAC,28.0,51,8,0.04,7,9,0.778,0.778,0.04,7,9,0.778,0.0,0,0,,2024-25,Regular Season,6+ Feet - Wide Open
1629674,Neemias Queta,1610612738,BOS,25.0,62,8,0.045,6,9,0.667,0.667,0.035,6,7,0.857,0.01,0,2,0.0,2024-25,Regular Season,6+ Feet - Wide Open
1626158,Richaun Holmes,1610612764,WAS,31.0,31,7,0.065,4,9,0.444,0.444,0.043,4,6,0.667,0.022,0,3,0.0,2024-25,Regular Season,6+ Feet - Wide Open
1629234,Drew Eubanks,1610612746,LAC,28.0,61,9,0.046,4,9,0.444,0.556,0.021,2,4,0.5,0.026,2,5,0.4,2024-25,Regular Season,6+ Feet - Wide Open
1630346,Matt Ryan,1610612740,NOP,28.0,19,7,0.29,3,9,0.333,0.444,0.097,1,3,0.333,0.194,2,6,0.333,2024-25,Regular Season,6+ Feet - Wide Open
203500,Steven Adams,1610612745,HOU,31.0,58,8,0.054,3,9,0.333,0.333,0.042,3,7,0.429,0.012,0,2,0.0,2024-25,Regular Season,6+ Feet - Wide Open
1626196,Josh Richardson,1610612748,MIA,31.0,8,4,0.237,3,9,0.333,0.5,0.026,0,1,0.0,0.211,3,8,0.375,2024-25,Regular Season,6+ Feet - Wide Open
1630222,Mason Jones,1610612758,SAC,26.0,10,5,0.5,2,9,0.222,0.278,0.056,1,1,1.0,0.444,1,8,0.125,2024-25,Regular Season,6+ Feet - Wide Open
1631301,Jaylen Sims,1610612766,CHA,26.0,6,6,0.286,4,8,0.5,0.75,0.0,0,0,,0.286,4,8,0.5,2024-25,Regular Season,6+ Feet - Wide Open
203109,Jae Crowder,1610612758,SAC,34.0,9,4,0.364,3,8,0.375,0.5,0.045,1,1,1.0,0.318,2,7,0.286,2024-25,Regular Season,6+ Feet - Wide Open
1641707,Taylor Hendricks,1610612762,UTA,21.0,3,3,0.444,3,8,0.375,0.5,0.111,1,2,0.5,0.333,2,6,0.333,2024-25,Regular Season,6+ Feet - Wide Open
1629655,Daniel Gafford,1610612742,DAL,26.0,57,7,0.017,7,7,1.0,1.0,0.017,7,7,1.0,0.0,0,0,,2024-25,Regular Season,6+ Feet - Wide Open
1628436,Luke Kornet,1610612738,BOS,29.0,73,7,0.025,4,7,0.571,0.571,0.022,4,6,0.667,0.004,0,1,0.0,2024-25,Regular Season,6+ Feet - Wide Open
203939,Dwight Powell,1610612742,DAL,33.0,55,5,0.115,4,7,0.571,0.714,0.033,2,2,1.0,0.082,2,5,0.4,2024-25,Regular Season,6+ Feet - Wide Open
1631210,Jacob Toppin,1610612737,ATL,25.0,17,2,0.318,4,7,0.571,0.857,0.0,0,0,,0.318,4,7,0.571,2024-25,Regular Season,6+ Feet - Wide Open
1630585,Marcus Garrett,1610612766,CHA,26.0,4,4,0.259,3,7,0.429,0.571,0.037,1,1,1.0,0.222,2,6,0.333,2024-25,Regular Season,6+ Feet - Wide Open
1631321,Sidy Cissoko,1610612757,POR,21.0,22,6,0.233,3,7,0.429,0.571,0.033,1,1,1.0,0.2,2,6,0.333,2024-25,Regular Season,6+ Feet - Wide Open
1631303,Justin Minaya,1610612757,POR,26.0,19,5,0.333,2,7,0.286,0.357,0.048,1,1,1.0,0.286,1,6,0.167,2024-25,Regular Season,6+ Feet - Wide Open
1641753,Chris Livingston,1610612749,MIL,21.0,21,5,0.259,1,7,0.143,0.143,0.037,1,1,1.0,0.222,0,6,0.0,2024-25,Regular Season,6+ Feet - Wide Open
1642352,Keshad Johnson,1610612748,MIA,24.0,16,3,0.231,4,6,0.667,0.833,0.077,2,2,1.0,0.154,2,4,0.5,2024-25,Regular Season,6+ Feet - Wide Open
1629098,Jack McVeigh,1610612745,HOU,29.0,9,4,0.353,3,6,0.5,0.75,0.059,0,1,0.0,0.294,3,5,0.6,2024-25,Regular Season,6+ Feet - Wide Open
201959,Taj Gibson,1610612766,CHA,40.0,37,5,0.063,3,6,0.5,0.583,0.042,2,4,0.5,0.021,1,2,0.5,2024-25,Regular Season,6+ Feet - Wide Open
1630528,Josh Christopher,1610612748,MIA,23.0,14,4,0.194,2,6,0.333,0.5,0.0,0,0,,0.194,2,6,0.333,2024-25,Regular Season,6+ Feet - Wide Open
203901,Elfrid Payton,1610612740,NOP,31.0,24,6,0.049,2,6,0.333,0.417,0.025,1,3,0.333,0.025,1,3,0.333,2024-25,Regular Season,6+ Feet - Wide Open
1641789,Jazian Gortman,1610612742,DAL,22.0,16,5,0.261,2,6,0.333,0.5,0.0,0,0,,0.261,2,6,0.333,2024-25,Regular Season,6+ Feet - Wide Open
1630537,Chris Duarte,1610612741,CHI,28.0,17,6,0.231,2,6,0.333,0.5,0.0,0,0,,0.231,2,6,0.333,2024-25,Regular Season,6+ Feet - Wide Open
1631132,Christian Koloko,1610612747,LAL,25.0,37,5,0.091,2,6,0.333,0.333,0.045,2,3,0.667,0.045,0,3,0.0,2024-25,Regular Season,6+ Feet - Wide Open
1641772,Nae'Qwan Tomlin,1610612739,CLE,24.0,5,1,0.188,1,6,0.167,0.25,0.0,0,0,,0.188,1,6,0.167,2024-25,Regular Season,6+ Feet - Wide Open
1630762,Phillip Wheeler,1610612755,PHI,23.0,5,3,0.286,0,6,0.0,0.0,0.0,0,0,,0.286,0,6,0.0,2024-25,Regular Season,6+ Feet - Wide Open
1631199,Ron Harper Jr.,1610612765,DET,25.0,1,1,0.75,0,6,0.0,0.0,0.0,0,0,,0.75,0,6,0.0,2024-25,Regular Season,6+ Feet - Wide Open
1641726,Dereck Lively II,1610612742,DAL,21.0,36,5,0.026,5,5,1.0,1.0,0.026,5,5,1.0,0.0,0,0,,2024-25,Regular Season,6+ Feet - Wide Open
1641998,Trey Jemison III,1610612747,LAL,25.0,38,4,0.068,4,5,0.8,0.8,0.068,4,5,0.8,0.0,0,0,,2024-25,Regular Season,6+ Feet - Wide Open
1641936,Miles Norris,1610612738,BOS,25.0,3,2,0.556,2,5,0.4,0.6,0.0,0,0,,0.556,2,5,0.4,2024-25,Regular Season,6+ Feet - Wide Open
1642384,Isaiah Crawford,1610612758,SAC,23.0,15,5,0.455,1,5,0.2,0.3,0.0,0,0,,0.455,1,5,0.2,2024-25,Regular Season,6+ Feet - Wide Open
1642353,Cam Christie,1610612746,LAC,19.0,13,4,0.208,1,5,0.2,0.3,0.0,0,0,,0.208,1,5,0.2,2024-25,Regular Season,6+ Feet - Wide Open
1630649,Stanley Umude,1610612749,MIL,26.0,22,5,0.192,1,5,0.2,0.3,0.038,0,1,0.0,0.154,1,4,0.25,2024-25,Regular Season,6+ Feet - Wide Open
1642422,Armel Traore,1610612747,LAL,22.0,9,4,0.263,0,5,0.0,0.0,0.0,0,0,,0.263,0,5,0.0,2024-25,Regular Season,6+ Feet - Wide Open
201599,DeAndre Jordan,1610612743,DEN,36.0,56,4,0.029,3,4,0.75,0.75,0.029,3,4,0.75,0.0,0,0,,2024-25,Regular Season,6+ Feet - Wide Open
1629057,Robert Williams III,1610612757,POR,27.0,20,4,0.051,2,4,0.5,0.625,0.013,1,1,1.0,0.038,1,3,0.333,2024-25,Regular Season,6+ Feet - Wide Open
200782,P.J. Tucker,1610612752,NYK,40.0,3,2,0.571,2,4,0.5,0.75,0.0,0,0,,0.571,2,4,0.5,2024-25,Regular Season,6+ Feet - Wide Open
202684,Tristan Thompson,1610612739,CLE,34.0,40,4,0.056,2,4,0.5,0.5,0.028,2,2,1.0,0.028,0,2,0.0,2024-25,Regular Season,6+ Feet - Wide Open
1630561,David Duke Jr.,1610612759,SAS,25.0,6,1,0.286,2,4,0.5,0.625,0.071,1,1,1.0,0.214,1,3,0.333,2024-25,Regular Season,6+ Feet - Wide Open
1641790,PJ Hall,1610612743,DEN,23.0,19,4,0.167,1,4,0.25,0.375,0.0,0,0,,0.167,1,4,0.25,2024-25,Regular Season,6+ Feet - Wide Open
1631159,Leonard Miller,1610612750,MIN,21.0,13,4,0.267,1,4,0.25,0.25,0.067,1,1,1.0,0.2,0,3,0.0,2024-25,Regular Season,6+ Feet - Wide Open
1642450,Daniss Jenkins,1610612765,DET,23.0,7,4,0.4,1,4,0.25,0.375,0.0,0,0,,0.4,1,4,0.25,2024-25,Regular Season,6+ Feet - Wide Open
1641737,Adem Bona,1610612755,PHI,22.0,58,3,0.016,3,3,1.0,1.0,0.016,3,3,1.0,0.0,0,0,,2024-25,Regular Season,6+ Feet - Wide Open
1630579,Jericho Sims,1610612749,MIL,26.0,53,2,0.042,2,3,0.667,0.667,0.042,2,3,0.667,0.0,0,0,,2024-25,Regular Season,6+ Feet - Wide Open
1629646,Charles Bassey,1610612759,SAS,24.0,36,3,0.026,1,3,0.333,0.333,0.026,1,3,0.333,0.0,0,0,,2024-25,Regular Season,6+ Feet - Wide Open
1641779,Jalen Bridges,1610612756,PHX,24.0,8,3,0.429,1,3,0.333,0.5,0.0,0,0,,0.429,1,3,0.333,2024-25,Regular Season,6+ Feet - Wide Open
1631386,Taze Moore,1610612757,POR,27.0,2,1,0.3,1,3,0.333,0.5,0.0,0,0,,0.3,1,3,0.333,2024-25,Regular Season,6+ Feet - Wide Open
1642050,Jackson Rowe,1610612744,GSW,28.0,6,2,0.176,1,3,0.333,0.5,0.0,0,0,,0.176,1,3,0.333,2024-25,Regular Season,6+ Feet - Wide Open
1628396,Tony Bradley,1610612754,IND,27.0,14,2,0.067,1,3,0.333,0.5,0.0,0,0,,0.067,1,3,0.333,2024-25,Regular Season,6+ Feet - Wide Open
1629011,Mitchell Robinson,1610612752,NYK,27.0,16,2,0.038,2,2,1.0,1.0,0.038,2,2,1.0,0.0,0,0,,2024-25,Regular Season,6+ Feet - Wide Open
1630283,Kylor Kelley,1610612747,LAL,27.0,11,2,0.091,1,2,0.5,0.5,0.091,1,2,0.5,0.0,0,0,,2024-25,Regular Season,6+ Feet - Wide Open
1642439,Quincy Olivari,1610612747,LAL,24.0,2,2,0.4,1,2,0.5,0.75,0.0,0,0,,0.4,1,2,0.5,2024-25,Regular Season,6+ Feet - Wide Open
1631127,Harrison Ingram,1610612759,SAS,22.0,5,2,0.5,0,2,0.0,0.0,0.25,0,1,0.0,0.25,0,1,0.0,2024-25,Regular Season,6+ Feet - Wide Open
1631123,Jamaree Bouyea,1610612749,MIL,26.0,5,2,0.167,0,2,0.0,0.0,0.0,0,0,,0.167,0,2,0.0,2024-25,Regular Season,6+ Feet - Wide Open
1631121,Bryce McGowens,1610612757,POR,22.0,13,2,0.143,0,2,0.0,0.0,0.0,0,0,,0.143,0,2,0.0,2024-25,Regular Season,6+ Feet - Wide Open
1630164,James Wiseman,1610612754,IND,24.0,1,1,0.5,0,2,0.0,0.0,0.25,0,1,0.0,0.25,0,1,0.0,2024-25,Regular Season,6+ Feet - Wide Open
201949,James Johnson,1610612754,IND,38.0,12,2,0.182,0,2,0.0,0.0,0.0,0,0,,0.182,0,2,0.0,2024-25,Regular Season,6+ Feet - Wide Open
1641766,Adama Sanogo,1610612741,CHI,23.0,4,1,0.143,1,1,1.0,1.0,0.143,1,1,1.0,0.0,0,0,,2024-25,Regular Season,6+ Feet - Wide Open
1627746,Skal Labissiere,1610612758,SAC,29.0,4,1,0.25,1,1,1.0,1.5,0.0,0,0,,0.25,1,1,1.0,2024-25,Regular Season,6+ Feet - Wide Open
202687,Bismack Biyombo,1610612759,SAS,32.0,28,1,0.009,1,1,1.0,1.0,0.009,1,1,1.0,0.0,0,0,,2024-25,Regular Season,6+ Feet - Wide Open
1641817,Anton Watson,1610612752,NYK,24.0,9,1,0.111,1,1,1.0,1.0,0.111,1,1,1.0,0.0,0,0,,2024-25,Regular Season,6+ Feet - Wide Open
1631131,Oscar Tshiebwe,1610612762,UTA,25.0,14,1,0.014,1,1,1.0,1.0,0.014,1,1,1.0,0.0,0,0,,2024-25,Regular Season,6+ Feet - Wide Open
1642443,Jahmir Young,1610612741,CHI,24.0,6,1,0.2,1,1,1.0,1.5,0.0,0,0,,0.2,1,1,1.0,2024-25,Regular Season,6+ Feet - Wide Open
1628408,PJ Dozier,1610612750,MIN,28.0,9,1,0.333,1,1,1.0,1.5,0.0,0,0,,0.333,1,1,1.0,2024-25,Regular Season,6+ Feet - Wide Open
1629650,Moses Brown,1610612742,DAL,25.0,13,1,0.02,1,1,1.0,1.0,0.02,1,1,1.0,0.0,0,0,,2024-25,Regular Season,6+ Feet - Wide Open
1642368,N'Faly Dante,1610612745,HOU,23.0,4,1,0.077,1,1,1.0,1.0,0.077,1,1,1.0,0.0,0,0,,2024-25,Regular Season,6+ Feet - Wide Open
1642434,Riley Minix,1610612759,SAS,24.0,1,1,1.0,0,1,0.0,0.0,0.0,0,0,,1.0,0,1,0.0,2024-25,Regular Season,6+ Feet - Wide Open
1642385,Cui Cui,1610612751,BKN,22.0,5,1,0.143,0,1,0.0,0.0,0.0,0,0,,0.143,0,1,0.0,2024-25,Regular Season,6+ Feet - Wide Open
1630618,D.J. Carton,1610612761,TOR,24.0,4,1,0.143,0,1,0.0,0.0,0.0,0,0,,0.143,0,1,0.0,2024-25,Regular Season,6+ Feet - Wide Open
1641857,Liam Robbins,1610612749,MIL,25.0,13,1,0.125,0,1,0.0,0.0,0.0,0,0,,0.125,0,1,0.0,2024-25,Regular Season,6+ Feet - Wide Open
1631247,Luke Travers,1610612739,CLE,23.0,12,1,0.05,0,1,0.0,0.0,0.0,0,0,,0.05,0,1,0.0,2024-25,Regular Season,6+ Feet - Wide Open
1642502,Malevy Leons,1610612760,OKC,25.0,6,1,0.5,0,1,0.0,0.0,0.0,0,0,,0.5,0,1,0.0,2024-25,Regular Season,6+ Feet - Wide Open
1641752,Bobi Klintman,1610612765,DET,22.0,8,1,0.1,0,1,0.0,0.0,0.0,0,0,,0.1,0,1,0.0,2024-25,Regular Season,6+ Feet - Wide Open
1630296,Braxton Key,1610612744,GSW,28.0,3,1,0.25,0,1,0.0,0.0,0.0,0,0,,0.25,0,1,0.0,2024-25,Regular Season,6+ Feet - Wide Open
1641755,Kevin McCullar Jr.,1610612752,NYK,24.0,4,1,0.143,0,1,0.0,0.0,0.0,0,0,,0.143,0,1,0.0,2024-25,Regular Season,6+ Feet - Wide Open
1641801,Emanuel Miller,1610612741,CHI,25.0,6,1,0.125,0,1,0.0,0.0,0.0,0,0,,0.125,0,1,0.0,2024-25,Regular Season,6+ Feet - Wide Open
1641803,Tristen Newton,1610612750,MIN,24.0,8,1,0.125,0,1,0.0,0.0,0.0,0,0,,0.125,0,1,0.0,2024-25,Regular Season,6+ Feet - Wide Open
1630201,Malachi Flynn,1610612759,SAS,27.0,4,1,0.077,0,1,0.0,0.0,0.077,0,1,0.0,0.0,0,0,,2024-25,Regular Season,6+ Feet - Wide Open
