PLAYER_ID,PLAYER_NAME,PLAYER_LAST_TEAM_ID,PLAYER_LAST_TEAM_ABBREVIATION,AGE,GP,G,FGA_FREQUENCY,FGM,FGA,FG_PCT,EFG_PCT,FG2A_FREQUENCY,FG2M,FG2A,FG2_PCT,FG3A_FREQUENCY,FG3M,FG3A,FG3_PCT,SEASON,SEASON_TYPE,RANGE_LABEL
1627734,Domantas Sabonis,1610612758,SAC,27.0,79,71,0.207,110,194,0.567,0.567,0.207,110,194,0.567,0.0,0,0,,2022-23,Regular Season,0-2 Feet - Very Tight
203507,Giannis Antetokounmpo,1610612749,MIL,28.0,63,51,0.112,85,143,0.594,0.594,0.112,85,143,0.594,0.0,0,0,,2022-23,Regular Season,0-2 Feet - Very Tight
1630581,Josh Giddey,1610612760,OKC,20.0,76,59,0.119,54,133,0.406,0.406,0.119,54,133,0.406,0.0,0,0,,2022-23,Regular Season,0-2 Feet - Very Tight
1628983,Shai Gilgeous-Alexander,1610612760,OKC,24.0,68,56,0.096,67,132,0.508,0.508,0.096,67,132,0.508,0.0,0,0,,2022-23,Regular Season,0-2 Feet - Very Tight
1629640,Keldon Johnson,1610612759,SAS,23.0,61,54,0.117,62,126,0.492,0.492,0.117,62,126,0.492,0.0,0,0,,2022-23,Regular Season,0-2 Feet - Very Tight
1628369,Jayson Tatum,1610612738,BOS,25.0,74,60,0.08,59,124,0.476,0.476,0.078,59,121,0.488,0.002,0,3,0.0,2022-23,Regular Season,0-2 Feet - Very Tight
203999,Nikola Jokić,1610612743,DEN,28.0,69,54,0.111,71,113,0.628,0.628,0.11,71,112,0.634,0.001,0,1,0.0,2022-23,Regular Season,0-2 Feet - Very Tight
1629651,Nic Claxton,1610612751,BKN,24.0,76,54,0.191,67,112,0.598,0.598,0.191,67,112,0.598,0.0,0,0,,2022-23,Regular Season,0-2 Feet - Very Tight
1627826,Ivica Zubac,1610612746,LAC,26.0,76,59,0.218,63,112,0.563,0.563,0.218,63,112,0.563,0.0,0,0,,2022-23,Regular Season,0-2 Feet - Very Tight
1629029,Luka Doncic,1610612742,DAL,24.0,66,53,0.075,59,109,0.541,0.541,0.075,59,109,0.541,0.0,0,0,,2022-23,Regular Season,0-2 Feet - Very Tight
1630532,Franz Wagner,1610612753,ORL,21.0,80,60,0.097,52,108,0.481,0.481,0.097,52,108,0.481,0.0,0,0,,2022-23,Regular Season,0-2 Feet - Very Tight
203897,Zach LaVine,1610612741,CHI,28.0,76,58,0.078,47,107,0.439,0.439,0.075,47,103,0.456,0.003,0,4,0.0,2022-23,Regular Season,0-2 Feet - Very Tight
1630578,Alperen Sengun,1610612745,HOU,20.0,75,55,0.129,52,103,0.505,0.505,0.129,52,103,0.505,0.0,0,0,,2022-23,Regular Season,0-2 Feet - Very Tight
1627749,Dejounte Murray,1610612737,ATL,26.0,74,58,0.078,41,103,0.398,0.403,0.077,40,101,0.396,0.002,1,2,0.5,2022-23,Regular Season,0-2 Feet - Very Tight
1627759,Jaylen Brown,1610612738,BOS,26.0,67,51,0.074,47,102,0.461,0.466,0.069,46,95,0.484,0.005,1,7,0.143,2022-23,Regular Season,0-2 Feet - Very Tight
1629630,Ja Morant,1610612763,MEM,23.0,61,48,0.084,41,102,0.402,0.402,0.083,41,101,0.406,0.001,0,1,0.0,2022-23,Regular Season,0-2 Feet - Very Tight
203932,Aaron Gordon,1610612743,DEN,27.0,68,52,0.133,59,101,0.584,0.584,0.133,59,101,0.584,0.0,0,0,,2022-23,Regular Season,0-2 Feet - Very Tight
203991,Clint Capela,1610612737,ATL,29.0,65,47,0.188,56,101,0.554,0.554,0.188,56,101,0.554,0.0,0,0,,2022-23,Regular Season,0-2 Feet - Very Tight
203076,Anthony Davis,1610612747,LAL,30.0,56,43,0.105,54,101,0.535,0.535,0.105,54,101,0.535,0.0,0,0,,2022-23,Regular Season,0-2 Feet - Very Tight
1628389,Bam Adebayo,1610612748,MIA,25.0,75,55,0.087,52,97,0.536,0.536,0.087,52,97,0.536,0.0,0,0,,2022-23,Regular Season,0-2 Feet - Very Tight
1629628,RJ Barrett,1610612752,NYK,23.0,73,55,0.082,46,97,0.474,0.479,0.08,45,94,0.479,0.003,1,3,0.333,2022-23,Regular Season,0-2 Feet - Very Tight
203497,Rudy Gobert,1610612750,MIN,31.0,69,50,0.174,53,94,0.564,0.564,0.174,53,94,0.564,0.0,0,0,,2022-23,Regular Season,0-2 Feet - Very Tight
1630162,Anthony Edwards,1610612750,MIN,21.0,78,55,0.062,40,94,0.426,0.426,0.061,40,92,0.435,0.001,0,2,0.0,2022-23,Regular Season,0-2 Feet - Very Tight
1627751,Jakob Poeltl,1610612761,TOR,27.0,71,48,0.153,70,93,0.753,0.753,0.153,70,93,0.753,0.0,0,0,,2022-23,Regular Season,0-2 Feet - Very Tight
1627783,Pascal Siakam,1610612761,TOR,29.0,71,50,0.071,44,93,0.473,0.473,0.071,44,93,0.473,0.0,0,0,,2022-23,Regular Season,0-2 Feet - Very Tight
1628374,Lauri Markkanen,1610612762,UTA,26.0,66,49,0.079,48,91,0.527,0.527,0.079,48,91,0.527,0.0,0,0,,2022-23,Regular Season,0-2 Feet - Very Tight
203081,Damian Lillard,1610612757,POR,32.0,58,47,0.076,39,91,0.429,0.467,0.061,32,73,0.438,0.015,7,18,0.389,2022-23,Regular Season,0-2 Feet - Very Tight
1631094,Paolo Banchero,1610612753,ORL,20.0,72,51,0.081,31,91,0.341,0.341,0.08,31,90,0.344,0.001,0,1,0.0,2022-23,Regular Season,0-2 Feet - Very Tight
1628386,Jarrett Allen,1610612739,CLE,25.0,68,48,0.144,56,90,0.622,0.622,0.144,56,90,0.622,0.0,0,0,,2022-23,Regular Season,0-2 Feet - Very Tight
1631097,Bennedict Mathurin,1610612754,IND,21.0,78,47,0.095,29,90,0.322,0.322,0.09,29,86,0.337,0.004,0,4,0.0,2022-23,Regular Season,0-2 Feet - Very Tight
203954,Joel Embiid,1610612755,PHI,29.0,66,52,0.067,48,89,0.539,0.539,0.067,48,89,0.539,0.0,0,0,,2022-23,Regular Season,0-2 Feet - Very Tight
1631106,Tari Eason,1610612745,HOU,22.0,82,58,0.135,38,89,0.427,0.427,0.135,38,89,0.427,0.0,0,0,,2022-23,Regular Season,0-2 Feet - Very Tight
201566,Russell Westbrook,1610612746,LAC,34.0,73,46,0.089,37,88,0.42,0.42,0.089,37,88,0.42,0.0,0,0,,2022-23,Regular Season,0-2 Feet - Very Tight
1630224,Jalen Green,1610612745,HOU,21.0,76,56,0.065,34,88,0.386,0.392,0.061,33,83,0.398,0.004,1,5,0.2,2022-23,Regular Season,0-2 Feet - Very Tight
1629673,Jordan Poole,1610612744,GSW,24.0,81,51,0.069,31,87,0.356,0.362,0.063,30,80,0.375,0.006,1,7,0.143,2022-23,Regular Season,0-2 Feet - Very Tight
201950,Jrue Holiday,1610612749,MIL,33.0,67,44,0.084,40,86,0.465,0.465,0.084,40,86,0.465,0.0,0,0,,2022-23,Regular Season,0-2 Feet - Very Tight
203915,Spencer Dinwiddie,1610612751,BKN,30.0,79,46,0.08,46,84,0.548,0.548,0.075,46,79,0.582,0.005,0,5,0.0,2022-23,Regular Season,0-2 Feet - Very Tight
2544,LeBron James,1610612747,LAL,38.0,55,38,0.069,43,84,0.512,0.512,0.068,43,83,0.518,0.001,0,1,0.0,2022-23,Regular Season,0-2 Feet - Very Tight
1629627,Zion Williamson,1610612740,NOP,22.0,29,29,0.178,45,83,0.542,0.542,0.178,45,83,0.542,0.0,0,0,,2022-23,Regular Season,0-2 Feet - Very Tight
201939,Stephen Curry,1610612744,GSW,35.0,55,43,0.073,39,82,0.476,0.518,0.063,32,71,0.451,0.01,7,11,0.636,2022-23,Regular Season,0-2 Feet - Very Tight
202710,Jimmy Butler III,1610612748,MIA,33.0,64,45,0.092,38,82,0.463,0.47,0.091,37,81,0.457,0.001,1,1,1.0,2022-23,Regular Season,0-2 Feet - Very Tight
201942,DeMar DeRozan,1610612741,CHI,33.0,73,51,0.063,43,81,0.531,0.531,0.063,43,81,0.531,0.0,0,0,,2022-23,Regular Season,0-2 Feet - Very Tight
1630596,Evan Mobley,1610612739,CLE,22.0,79,47,0.084,46,80,0.575,0.575,0.084,46,80,0.575,0.0,0,0,,2022-23,Regular Season,0-2 Feet - Very Tight
1628991,Jaren Jackson Jr.,1610612763,MEM,23.0,63,43,0.095,43,78,0.551,0.558,0.094,42,77,0.545,0.001,1,1,1.0,2022-23,Regular Season,0-2 Feet - Very Tight
1630231,KJ Martin,1610612745,HOU,22.0,82,47,0.107,45,77,0.584,0.584,0.107,45,77,0.584,0.0,0,0,,2022-23,Regular Season,0-2 Feet - Very Tight
1629655,Daniel Gafford,1610612764,WAS,24.0,78,45,0.195,43,77,0.558,0.558,0.195,43,77,0.558,0.0,0,0,,2022-23,Regular Season,0-2 Feet - Very Tight
203468,CJ McCollum,1610612740,NOP,31.0,75,48,0.057,29,77,0.377,0.422,0.045,22,61,0.361,0.012,7,16,0.438,2022-23,Regular Season,0-2 Feet - Very Tight
203078,Bradley Beal,1610612764,WAS,30.0,50,41,0.087,39,76,0.513,0.513,0.087,39,76,0.513,0.0,0,0,,2022-23,Regular Season,0-2 Feet - Very Tight
203924,Jerami Grant,1610612757,POR,29.0,63,43,0.083,32,76,0.421,0.421,0.082,32,75,0.427,0.001,0,1,0.0,2022-23,Regular Season,0-2 Feet - Very Tight
203903,Jordan Clarkson,1610612762,UTA,31.0,61,47,0.073,38,75,0.507,0.527,0.063,35,65,0.538,0.01,3,10,0.3,2022-23,Regular Season,0-2 Feet - Very Tight
1626172,Kevon Looney,1610612744,GSW,27.0,81,49,0.199,36,75,0.48,0.48,0.199,36,75,0.48,0.0,0,0,,2022-23,Regular Season,0-2 Feet - Very Tight
1628365,Markelle Fultz,1610612753,ORL,25.0,60,43,0.109,44,74,0.595,0.595,0.109,44,74,0.595,0.0,0,0,,2022-23,Regular Season,0-2 Feet - Very Tight
204001,Kristaps Porziņģis,1610612764,WAS,27.0,65,43,0.073,35,74,0.473,0.473,0.073,35,74,0.473,0.0,0,0,,2022-23,Regular Season,0-2 Feet - Very Tight
1628368,De'Aaron Fox,1610612758,SAC,25.0,73,50,0.056,33,74,0.446,0.446,0.053,33,71,0.465,0.002,0,3,0.0,2022-23,Regular Season,0-2 Feet - Very Tight
1630567,Scottie Barnes,1610612761,TOR,21.0,77,44,0.072,34,73,0.466,0.466,0.071,34,72,0.472,0.001,0,1,0.0,2022-23,Regular Season,0-2 Feet - Very Tight
203486,Mason Plumlee,1610612746,LAC,33.0,79,42,0.149,41,72,0.569,0.569,0.149,41,72,0.569,0.0,0,0,,2022-23,Regular Season,0-2 Feet - Very Tight
203994,Jusuf Nurkić,1610612757,POR,28.0,52,36,0.143,37,72,0.514,0.514,0.143,37,72,0.514,0.0,0,0,,2022-23,Regular Season,0-2 Feet - Very Tight
1628969,Mikal Bridges,1610612751,BKN,26.0,83,46,0.057,32,72,0.444,0.451,0.055,31,70,0.443,0.002,1,2,0.5,2022-23,Regular Season,0-2 Feet - Very Tight
202711,Bojan Bogdanovic,1610612765,DET,34.0,58,37,0.084,31,72,0.431,0.444,0.078,29,67,0.433,0.006,2,5,0.4,2022-23,Regular Season,0-2 Feet - Very Tight
1627832,Fred VanVleet,1610612761,TOR,29.0,69,41,0.065,22,72,0.306,0.313,0.062,21,69,0.304,0.003,1,3,0.333,2022-23,Regular Season,0-2 Feet - Very Tight
1628380,Zach Collins,1610612759,SAS,25.0,61,43,0.135,39,71,0.549,0.549,0.135,39,71,0.549,0.0,0,0,,2022-23,Regular Season,0-2 Feet - Very Tight
1628398,Kyle Kuzma,1610612764,WAS,27.0,64,45,0.062,32,71,0.451,0.451,0.062,32,71,0.451,0.0,0,0,,2022-23,Regular Season,0-2 Feet - Very Tight
201572,Brook Lopez,1610612749,MIL,35.0,78,46,0.078,42,70,0.6,0.607,0.077,41,69,0.594,0.001,1,1,1.0,2022-23,Regular Season,0-2 Feet - Very Tight
1629028,Deandre Ayton,1610612756,PHX,24.0,67,39,0.079,41,70,0.586,0.586,0.079,41,70,0.586,0.0,0,0,,2022-23,Regular Season,0-2 Feet - Very Tight
202681,Kyrie Irving,1610612742,DAL,31.0,60,38,0.058,37,70,0.529,0.55,0.052,34,63,0.54,0.006,3,7,0.429,2022-23,Regular Season,0-2 Feet - Very Tight
1631117,Walker Kessler,1610612762,UTA,21.0,74,37,0.167,36,69,0.522,0.522,0.167,36,69,0.522,0.0,0,0,,2022-23,Regular Season,0-2 Feet - Very Tight
1628378,Donovan Mitchell,1610612739,CLE,26.0,68,43,0.049,33,69,0.478,0.493,0.044,31,61,0.508,0.006,2,8,0.25,2022-23,Regular Season,0-2 Feet - Very Tight
1629011,Mitchell Robinson,1610612752,NYK,25.0,59,40,0.243,39,68,0.574,0.574,0.243,39,68,0.574,0.0,0,0,,2022-23,Regular Season,0-2 Feet - Very Tight
1627763,Malcolm Brogdon,1610612738,BOS,30.0,67,43,0.092,25,67,0.373,0.373,0.092,25,67,0.373,0.0,0,0,,2022-23,Regular Season,0-2 Feet - Very Tight
202696,Nikola Vucevic,1610612741,CHI,32.0,81,48,0.059,36,66,0.545,0.545,0.059,36,66,0.545,0.0,0,0,,2022-23,Regular Season,0-2 Feet - Very Tight
1626162,Kelly Oubre Jr.,1610612766,CHA,27.0,48,37,0.081,30,66,0.455,0.455,0.081,30,66,0.455,0.0,0,0,,2022-23,Regular Season,0-2 Feet - Very Tight
202685,Jonas Valančiūnas,1610612740,NOP,31.0,79,43,0.081,26,66,0.394,0.394,0.081,26,66,0.394,0.0,0,0,,2022-23,Regular Season,0-2 Feet - Very Tight
1630208,Nick Richards,1610612766,CHA,25.0,65,38,0.203,38,63,0.603,0.603,0.203,38,63,0.603,0.0,0,0,,2022-23,Regular Season,0-2 Feet - Very Tight
1629652,Luguentz Dort,1610612760,OKC,24.0,74,39,0.072,25,63,0.397,0.397,0.072,25,63,0.397,0.0,0,0,,2022-23,Regular Season,0-2 Feet - Very Tight
1630183,Jaden McDaniels,1610612750,MIN,22.0,78,42,0.086,34,61,0.557,0.557,0.086,34,61,0.557,0.0,0,0,,2022-23,Regular Season,0-2 Feet - Very Tight
203083,Andre Drummond,1610612741,CHI,29.0,67,38,0.223,31,61,0.508,0.508,0.223,31,61,0.508,0.0,0,0,,2022-23,Regular Season,0-2 Feet - Very Tight
1631093,Jaden Ivey,1610612765,DET,21.0,73,34,0.063,27,61,0.443,0.443,0.062,27,60,0.45,0.001,0,1,0.0,2022-23,Regular Season,0-2 Feet - Very Tight
203944,Julius Randle,1610612752,NYK,28.0,77,39,0.043,26,61,0.426,0.426,0.043,26,61,0.426,0.0,0,0,,2022-23,Regular Season,0-2 Feet - Very Tight
1630180,Saddiq Bey,1610612737,ATL,24.0,76,43,0.075,20,61,0.328,0.328,0.075,20,61,0.328,0.0,0,0,,2022-23,Regular Season,0-2 Feet - Very Tight
1629012,Collin Sexton,1610612762,UTA,24.0,48,33,0.128,30,60,0.5,0.5,0.128,30,60,0.5,0.0,0,0,,2022-23,Regular Season,0-2 Feet - Very Tight
1626179,Terry Rozier,1610612766,CHA,29.0,63,36,0.051,20,60,0.333,0.333,0.048,20,57,0.351,0.003,0,3,0.0,2022-23,Regular Season,0-2 Feet - Very Tight
1630200,Tre Jones,1610612759,SAS,23.0,65,42,0.083,33,59,0.559,0.559,0.083,33,59,0.559,0.0,0,0,,2022-23,Regular Season,0-2 Feet - Very Tight
1630217,Desmond Bane,1610612763,MEM,25.0,58,34,0.063,25,59,0.424,0.424,0.062,25,58,0.431,0.001,0,1,0.0,2022-23,Regular Season,0-2 Feet - Very Tight
202331,Paul George,1610612746,LAC,33.0,56,34,0.058,27,58,0.466,0.483,0.052,25,52,0.481,0.006,2,6,0.333,2022-23,Regular Season,0-2 Feet - Very Tight
1631095,Jabari Smith Jr.,1610612745,HOU,20.0,79,35,0.065,26,58,0.448,0.448,0.065,26,58,0.448,0.0,0,0,,2022-23,Regular Season,0-2 Feet - Very Tight
1628971,Bruce Brown,1610612743,DEN,26.0,80,43,0.078,26,58,0.448,0.448,0.078,26,58,0.448,0.0,0,0,,2022-23,Regular Season,0-2 Feet - Very Tight
1629027,Trae Young,1610612737,ATL,24.0,73,35,0.042,24,58,0.414,0.414,0.041,24,57,0.421,0.001,0,1,0.0,2022-23,Regular Season,0-2 Feet - Very Tight
1627750,Jamal Murray,1610612743,DEN,26.0,65,35,0.055,33,57,0.579,0.596,0.052,31,54,0.574,0.003,2,3,0.667,2022-23,Regular Season,0-2 Feet - Very Tight
203084,Harrison Barnes,1610612758,SAC,31.0,82,40,0.072,25,57,0.439,0.439,0.072,25,57,0.439,0.0,0,0,,2022-23,Regular Season,0-2 Feet - Very Tight
1626164,Devin Booker,1610612756,PHX,26.0,53,35,0.052,32,56,0.571,0.589,0.049,30,52,0.577,0.004,2,4,0.5,2022-23,Regular Season,0-2 Feet - Very Tight
1628370,Malik Monk,1610612758,SAC,25.0,77,43,0.07,27,56,0.482,0.482,0.07,27,56,0.482,0.0,0,0,,2022-23,Regular Season,0-2 Feet - Very Tight
1626181,Norman Powell,1610612746,LAC,30.0,60,33,0.077,28,55,0.509,0.518,0.073,27,52,0.519,0.004,1,3,0.333,2022-23,Regular Season,0-2 Feet - Very Tight
1630188,Jalen Smith,1610612754,IND,23.0,68,39,0.108,23,55,0.418,0.418,0.106,23,54,0.426,0.002,0,1,0.0,2022-23,Regular Season,0-2 Feet - Very Tight
1631110,Jeremy Sochan,1610612759,SAS,20.0,55,36,0.099,33,54,0.611,0.611,0.099,33,54,0.611,0.0,0,0,,2022-23,Regular Season,0-2 Feet - Very Tight
1630245,Ayo Dosunmu,1610612741,CHI,23.0,79,38,0.096,31,54,0.574,0.574,0.096,31,54,0.574,0.0,0,0,,2022-23,Regular Season,0-2 Feet - Very Tight
1628966,Keita Bates-Diop,1610612759,SAS,27.0,64,34,0.124,28,54,0.519,0.519,0.124,28,54,0.519,0.0,0,0,,2022-23,Regular Season,0-2 Feet - Very Tight
202699,Tobias Harris,1610612755,PHI,30.0,74,36,0.064,23,54,0.426,0.435,0.062,22,52,0.423,0.002,1,2,0.5,2022-23,Regular Season,0-2 Feet - Very Tight
1631105,Jalen Duren,1610612765,DET,19.0,66,36,0.135,33,53,0.623,0.623,0.135,33,53,0.623,0.0,0,0,,2022-23,Regular Season,0-2 Feet - Very Tight
1629669,Jaylen Nowell,1610612750,MIN,23.0,65,34,0.085,25,53,0.472,0.472,0.083,25,52,0.481,0.002,0,1,0.0,2022-23,Regular Season,0-2 Feet - Very Tight
1628384,OG Anunoby,1610612761,TOR,25.0,67,33,0.06,14,53,0.264,0.264,0.06,14,53,0.264,0.0,0,0,,2022-23,Regular Season,0-2 Feet - Very Tight
1629023,P.J. Washington,1610612766,CHA,24.0,73,36,0.053,27,52,0.519,0.519,0.053,27,52,0.519,0.0,0,0,,2022-23,Regular Season,0-2 Feet - Very Tight
1629636,Darius Garland,1610612739,CLE,23.0,69,36,0.046,19,52,0.365,0.375,0.043,18,48,0.375,0.004,1,4,0.25,2022-23,Regular Season,0-2 Feet - Very Tight
1626167,Myles Turner,1610612754,IND,27.0,62,37,0.07,32,51,0.627,0.627,0.07,32,51,0.627,0.0,0,0,,2022-23,Regular Season,0-2 Feet - Very Tight
203500,Steven Adams,1610612763,MEM,29.0,42,29,0.194,25,51,0.49,0.49,0.194,25,51,0.49,0.0,0,0,,2022-23,Regular Season,0-2 Feet - Very Tight
1630228,Jonathan Kuminga,1610612744,GSW,20.0,67,33,0.103,22,51,0.431,0.431,0.103,22,51,0.431,0.0,0,0,,2022-23,Regular Season,0-2 Feet - Very Tight
1630230,Naji Marshall,1610612740,NOP,25.0,77,39,0.089,22,51,0.431,0.431,0.089,22,51,0.431,0.0,0,0,,2022-23,Regular Season,0-2 Feet - Very Tight
1629639,Tyler Herro,1610612748,MIA,23.0,67,37,0.046,18,51,0.353,0.373,0.04,16,44,0.364,0.006,2,7,0.286,2022-23,Regular Season,0-2 Feet - Very Tight
1628415,Dillon Brooks,1610612763,MEM,27.0,73,35,0.052,17,51,0.333,0.333,0.052,17,51,0.333,0.0,0,0,,2022-23,Regular Season,0-2 Feet - Very Tight
1628392,Isaiah Hartenstein,1610612752,NYK,25.0,82,39,0.153,27,50,0.54,0.54,0.153,27,50,0.54,0.0,0,0,,2022-23,Regular Season,0-2 Feet - Very Tight
1628381,John Collins,1610612737,ATL,25.0,71,33,0.071,25,50,0.5,0.5,0.071,25,50,0.5,0.0,0,0,,2022-23,Regular Season,0-2 Feet - Very Tight
1626171,Bobby Portis,1610612749,MIL,28.0,70,35,0.062,25,50,0.5,0.5,0.062,25,50,0.5,0.0,0,0,,2022-23,Regular Season,0-2 Feet - Very Tight
1628449,Chris Boucher,1610612761,TOR,30.0,76,31,0.095,22,50,0.44,0.44,0.093,22,49,0.449,0.002,0,1,0.0,2022-23,Regular Season,0-2 Feet - Very Tight
1628401,Derrick White,1610612738,BOS,28.0,82,34,0.066,21,50,0.42,0.43,0.065,20,49,0.408,0.001,1,1,1.0,2022-23,Regular Season,0-2 Feet - Very Tight
1630529,Herbert Jones,1610612740,NOP,24.0,66,29,0.1,19,50,0.38,0.38,0.1,19,50,0.38,0.0,0,0,,2022-23,Regular Season,0-2 Feet - Very Tight
1631114,Jalen Williams,1610612760,OKC,22.0,75,32,0.062,22,49,0.449,0.449,0.062,22,49,0.449,0.0,0,0,,2022-23,Regular Season,0-2 Feet - Very Tight
1628973,Jalen Brunson,1610612752,NYK,26.0,68,36,0.041,18,49,0.367,0.367,0.039,18,47,0.383,0.002,0,2,0.0,2022-23,Regular Season,0-2 Feet - Very Tight
1630168,Onyeka Okongwu,1610612737,ATL,22.0,80,33,0.097,26,48,0.542,0.542,0.097,26,48,0.542,0.0,0,0,,2022-23,Regular Season,0-2 Feet - Very Tight
204456,T.J. McConnell,1610612754,IND,31.0,75,33,0.092,24,48,0.5,0.5,0.092,24,48,0.5,0.0,0,0,,2022-23,Regular Season,0-2 Feet - Very Tight
1627747,Caris LeVert,1610612739,CLE,28.0,74,29,0.065,23,48,0.479,0.479,0.063,23,47,0.489,0.001,0,1,0.0,2022-23,Regular Season,0-2 Feet - Very Tight
1629014,Anfernee Simons,1610612757,POR,24.0,62,29,0.046,23,48,0.479,0.51,0.037,20,39,0.513,0.009,3,9,0.333,2022-23,Regular Season,0-2 Feet - Very Tight
1630166,Deni Avdija,1610612764,WAS,22.0,76,34,0.083,21,48,0.438,0.438,0.083,21,48,0.438,0.0,0,0,,2022-23,Regular Season,0-2 Feet - Very Tight
202704,Reggie Jackson,1610612743,DEN,33.0,68,32,0.073,28,47,0.596,0.606,0.07,27,45,0.6,0.003,1,2,0.5,2022-23,Regular Season,0-2 Feet - Very Tight
1629675,Naz Reid,1610612750,MIN,23.0,68,32,0.081,26,47,0.553,0.553,0.081,26,47,0.553,0.0,0,0,,2022-23,Regular Season,0-2 Feet - Very Tight
1631101,Shaedon Sharpe,1610612757,POR,20.0,80,29,0.073,24,47,0.511,0.511,0.071,24,46,0.522,0.002,0,1,0.0,2022-23,Regular Season,0-2 Feet - Very Tight
1626174,Christian Wood,1610612742,DAL,27.0,67,34,0.061,20,47,0.426,0.426,0.061,20,47,0.426,0.0,0,0,,2022-23,Regular Season,0-2 Feet - Very Tight
1629020,Jarred Vanderbilt,1610612747,LAL,24.0,78,36,0.104,17,47,0.362,0.362,0.104,17,47,0.362,0.0,0,0,,2022-23,Regular Season,0-2 Feet - Very Tight
1628404,Josh Hart,1610612752,NYK,28.0,76,30,0.088,27,46,0.587,0.587,0.088,27,46,0.587,0.0,0,0,,2022-23,Regular Season,0-2 Feet - Very Tight
1628976,Wendell Carter Jr.,1610612753,ORL,24.0,57,30,0.074,29,45,0.644,0.644,0.074,29,45,0.644,0.0,0,0,,2022-23,Regular Season,0-2 Feet - Very Tight
1629631,De'Andre Hunter,1610612737,ATL,25.0,67,34,0.055,22,45,0.489,0.489,0.055,22,45,0.489,0.0,0,0,,2022-23,Regular Season,0-2 Feet - Very Tight
203482,Kelly Olynyk,1610612762,UTA,32.0,68,33,0.081,21,45,0.467,0.467,0.081,21,45,0.467,0.0,0,0,,2022-23,Regular Season,0-2 Feet - Very Tight
1629021,Moritz Wagner,1610612753,ORL,26.0,57,35,0.114,20,45,0.444,0.444,0.114,20,45,0.444,0.0,0,0,,2022-23,Regular Season,0-2 Feet - Very Tight
1629117,Wenyen Gabriel,1610612747,LAL,26.0,68,33,0.171,24,44,0.545,0.545,0.171,24,44,0.545,0.0,0,0,,2022-23,Regular Season,0-2 Feet - Very Tight
1630169,Tyrese Haliburton,1610612754,IND,23.0,56,26,0.052,23,44,0.523,0.523,0.051,23,43,0.535,0.001,0,1,0.0,2022-23,Regular Season,0-2 Feet - Very Tight
1631103,Malaki Branham,1610612759,SAS,20.0,63,30,0.076,22,44,0.5,0.5,0.076,22,44,0.5,0.0,0,0,,2022-23,Regular Season,0-2 Feet - Very Tight
1630163,LaMelo Ball,1610612766,CHA,21.0,36,23,0.06,17,43,0.395,0.395,0.06,17,43,0.395,0.0,0,0,,2022-23,Regular Season,0-2 Feet - Very Tight
1629659,Talen Horton-Tucker,1610612762,UTA,22.0,65,28,0.07,15,43,0.349,0.349,0.07,15,43,0.349,0.0,0,0,,2022-23,Regular Season,0-2 Feet - Very Tight
1629060,Rui Hachimura,1610612747,LAL,25.0,63,27,0.072,18,42,0.429,0.429,0.072,18,42,0.429,0.0,0,0,,2022-23,Regular Season,0-2 Feet - Very Tight
1629626,Bol Bol,1610612753,ORL,23.0,70,28,0.086,29,41,0.707,0.707,0.086,29,41,0.707,0.0,0,0,,2022-23,Regular Season,0-2 Feet - Very Tight
1628418,Thomas Bryant,1610612743,DEN,25.0,59,25,0.111,28,41,0.683,0.683,0.111,28,41,0.683,0.0,0,0,,2022-23,Regular Season,0-2 Feet - Very Tight
1630530,Trey Murphy III,1610612740,NOP,23.0,79,30,0.051,27,41,0.659,0.659,0.051,27,41,0.659,0.0,0,0,,2022-23,Regular Season,0-2 Feet - Very Tight
1631099,Keegan Murray,1610612758,SAC,22.0,80,32,0.052,22,41,0.537,0.537,0.051,22,40,0.55,0.001,0,1,0.0,2022-23,Regular Season,0-2 Feet - Very Tight
1630214,Xavier Tillman,1610612763,MEM,24.0,61,35,0.134,22,41,0.537,0.537,0.134,22,41,0.537,0.0,0,0,,2022-23,Regular Season,0-2 Feet - Very Tight
202691,Klay Thompson,1610612744,GSW,33.0,68,27,0.033,20,41,0.488,0.524,0.027,17,34,0.5,0.006,3,7,0.429,2022-23,Regular Season,0-2 Feet - Very Tight
1628372,Dennis Smith Jr.,1610612766,CHA,25.0,54,28,0.091,18,41,0.439,0.439,0.091,18,41,0.439,0.0,0,0,,2022-23,Regular Season,0-2 Feet - Very Tight
1629008,Michael Porter Jr.,1610612743,DEN,25.0,62,27,0.049,19,40,0.475,0.488,0.043,18,35,0.514,0.006,1,5,0.2,2022-23,Regular Season,0-2 Feet - Very Tight
1627741,Buddy Hield,1610612754,IND,30.0,80,28,0.039,16,40,0.4,0.425,0.033,14,34,0.412,0.006,2,6,0.333,2022-23,Regular Season,0-2 Feet - Very Tight
1630538,Bones Hyland,1610612746,LAC,22.0,56,30,0.07,15,40,0.375,0.375,0.056,15,32,0.469,0.014,0,8,0.0,2022-23,Regular Season,0-2 Feet - Very Tight
203939,Dwight Powell,1610612742,DAL,31.0,76,29,0.145,23,39,0.59,0.59,0.145,23,39,0.59,0.0,0,0,,2022-23,Regular Season,0-2 Feet - Very Tight
203110,Draymond Green,1610612744,GSW,33.0,72,29,0.083,20,39,0.513,0.513,0.083,20,39,0.513,0.0,0,0,,2022-23,Regular Season,0-2 Feet - Very Tight
203471,Dennis Schröder,1610612747,LAL,29.0,66,27,0.06,20,39,0.513,0.513,0.06,20,39,0.513,0.0,0,0,,2022-23,Regular Season,0-2 Feet - Very Tight
1630543,Isaiah Jackson,1610612754,IND,21.0,63,25,0.119,21,38,0.553,0.553,0.119,21,38,0.553,0.0,0,0,,2022-23,Regular Season,0-2 Feet - Very Tight
1630173,Precious Achiuwa,1610612761,TOR,23.0,55,25,0.094,18,38,0.474,0.474,0.094,18,38,0.474,0.0,0,0,,2022-23,Regular Season,0-2 Feet - Very Tight
1629667,Jalen McDaniels,1610612755,PHI,25.0,80,27,0.062,14,38,0.368,0.368,0.062,14,38,0.368,0.0,0,0,,2022-23,Regular Season,0-2 Feet - Very Tight
1628963,Marvin Bagley III,1610612765,DET,24.0,42,26,0.098,23,37,0.622,0.622,0.098,23,37,0.622,0.0,0,0,,2022-23,Regular Season,0-2 Feet - Very Tight
1630598,Aaron Wiggins,1610612760,OKC,24.0,70,29,0.102,19,37,0.514,0.514,0.102,19,37,0.514,0.0,0,0,,2022-23,Regular Season,0-2 Feet - Very Tight
1629018,Gary Trent Jr.,1610612761,TOR,24.0,66,29,0.04,19,37,0.514,0.514,0.04,19,37,0.514,0.0,0,0,,2022-23,Regular Season,0-2 Feet - Very Tight
1629645,Kevin Porter Jr.,1610612745,HOU,23.0,59,27,0.042,13,37,0.351,0.365,0.038,12,34,0.353,0.003,1,3,0.333,2022-23,Regular Season,0-2 Feet - Very Tight
1628997,Caleb Martin,1610612748,MIA,27.0,71,31,0.066,21,36,0.583,0.583,0.066,21,36,0.583,0.0,0,0,,2022-23,Regular Season,0-2 Feet - Very Tight
1629622,Max Strus,1610612748,MIA,27.0,80,29,0.046,16,36,0.444,0.444,0.044,16,35,0.457,0.001,0,1,0.0,2022-23,Regular Season,0-2 Feet - Very Tight
1628977,Hamidou Diallo,1610612765,DET,24.0,55,28,0.098,16,36,0.444,0.444,0.098,16,36,0.444,0.0,0,0,,2022-23,Regular Season,0-2 Feet - Very Tight
201935,James Harden,1610612755,PHI,33.0,58,29,0.043,16,36,0.444,0.472,0.039,14,33,0.424,0.004,2,3,0.667,2022-23,Regular Season,0-2 Feet - Very Tight
1627827,Dorian Finney-Smith,1610612751,BKN,30.0,66,31,0.072,15,36,0.417,0.417,0.072,15,36,0.417,0.0,0,0,,2022-23,Regular Season,0-2 Feet - Very Tight
1626204,Larry Nance Jr.,1610612740,NOP,30.0,65,24,0.115,20,35,0.571,0.571,0.115,20,35,0.571,0.0,0,0,,2022-23,Regular Season,0-2 Feet - Very Tight
1630692,Jordan Goodwin,1610612764,WAS,24.0,62,26,0.099,17,35,0.486,0.486,0.099,17,35,0.486,0.0,0,0,,2022-23,Regular Season,0-2 Feet - Very Tight
1629026,Kenrich Williams,1610612760,OKC,28.0,53,23,0.098,22,34,0.647,0.647,0.098,22,34,0.647,0.0,0,0,,2022-23,Regular Season,0-2 Feet - Very Tight
1630172,Patrick Williams,1610612741,CHI,21.0,81,29,0.051,19,34,0.559,0.559,0.051,19,34,0.559,0.0,0,0,,2022-23,Regular Season,0-2 Feet - Very Tight
1630647,Eugene Omoruyi,1610612765,DET,26.0,40,21,0.149,19,34,0.559,0.559,0.149,19,34,0.559,0.0,0,0,,2022-23,Regular Season,0-2 Feet - Very Tight
1631109,Mark Williams,1610612766,CHA,21.0,43,20,0.135,18,34,0.529,0.529,0.135,18,34,0.529,0.0,0,0,,2022-23,Regular Season,0-2 Feet - Very Tight
202330,Gordon Hayward,1610612766,CHA,33.0,50,24,0.059,16,34,0.471,0.471,0.053,16,31,0.516,0.005,0,3,0.0,2022-23,Regular Season,0-2 Feet - Very Tight
1630193,Immanuel Quickley,1610612752,NYK,24.0,81,23,0.036,15,34,0.441,0.441,0.033,15,31,0.484,0.003,0,3,0.0,2022-23,Regular Season,0-2 Feet - Very Tight
1626166,Cameron Payne,1610612756,PHX,28.0,48,24,0.075,11,34,0.324,0.324,0.075,11,34,0.324,0.0,0,0,,2022-23,Regular Season,0-2 Feet - Very Tight
1630178,Tyrese Maxey,1610612755,PHI,22.0,60,26,0.037,9,34,0.265,0.265,0.037,9,34,0.265,0.0,0,0,,2022-23,Regular Season,0-2 Feet - Very Tight
1630557,Corey Kispert,1610612764,WAS,24.0,74,30,0.056,18,33,0.545,0.545,0.055,18,32,0.563,0.002,0,1,0.0,2022-23,Regular Season,0-2 Feet - Very Tight
1629684,Grant Williams,1610612738,BOS,24.0,79,25,0.069,16,33,0.485,0.485,0.069,16,33,0.485,0.0,0,0,,2022-23,Regular Season,0-2 Feet - Very Tight
1629614,Andrew Nembhard,1610612754,IND,23.0,75,31,0.051,16,33,0.485,0.485,0.05,16,32,0.5,0.002,0,1,0.0,2022-23,Regular Season,0-2 Feet - Very Tight
1630194,Paul Reed,1610612755,PHI,24.0,69,22,0.153,19,32,0.594,0.594,0.153,19,32,0.594,0.0,0,0,,2022-23,Regular Season,0-2 Feet - Very Tight
1628470,Torrey Craig,1610612756,PHX,32.0,79,25,0.064,18,32,0.563,0.563,0.064,18,32,0.563,0.0,0,0,,2022-23,Regular Season,0-2 Feet - Very Tight
1626195,Willy Hernangomez,1610612740,NOP,29.0,38,19,0.189,17,32,0.531,0.531,0.189,17,32,0.531,0.0,0,0,,2022-23,Regular Season,0-2 Feet - Very Tight
1626168,Trey Lyles,1610612758,SAC,27.0,74,26,0.078,16,32,0.5,0.5,0.078,16,32,0.5,0.0,0,0,,2022-23,Regular Season,0-2 Feet - Very Tight
1631128,Christian Braun,1610612743,DEN,22.0,76,27,0.111,15,32,0.469,0.469,0.111,15,32,0.469,0.0,0,0,,2022-23,Regular Season,0-2 Feet - Very Tight
1630170,Devin Vassell,1610612759,SAS,22.0,38,18,0.054,11,32,0.344,0.359,0.05,10,30,0.333,0.003,1,2,0.5,2022-23,Regular Season,0-2 Feet - Very Tight
1629634,Brandon Clarke,1610612763,MEM,26.0,56,26,0.089,21,31,0.677,0.677,0.089,21,31,0.677,0.0,0,0,,2022-23,Regular Season,0-2 Feet - Very Tight
1626220,Royce O'Neale,1610612751,BKN,30.0,76,25,0.052,16,31,0.516,0.516,0.051,16,30,0.533,0.002,0,1,0.0,2022-23,Regular Season,0-2 Feet - Very Tight
201142,Kevin Durant,1610612756,PHX,34.0,47,22,0.036,16,31,0.516,0.516,0.036,16,31,0.516,0.0,0,0,,2022-23,Regular Season,0-2 Feet - Very Tight
203501,Tim Hardaway Jr.,1610612742,DAL,31.0,71,25,0.037,13,31,0.419,0.452,0.034,11,29,0.379,0.002,2,2,1.0,2022-23,Regular Season,0-2 Feet - Very Tight
201145,Jeff Green,1610612743,DEN,36.0,56,27,0.095,13,31,0.419,0.419,0.091,13,30,0.433,0.003,0,1,0.0,2022-23,Regular Season,0-2 Feet - Very Tight
1630631,Jose Alvarado,1610612740,NOP,25.0,61,25,0.063,12,31,0.387,0.387,0.063,12,31,0.387,0.0,0,0,,2022-23,Regular Season,0-2 Feet - Very Tight
1630175,Cole Anthony,1610612753,ORL,23.0,60,24,0.051,12,31,0.387,0.387,0.051,12,31,0.387,0.0,0,0,,2022-23,Regular Season,0-2 Feet - Very Tight
1629022,Lonnie Walker IV,1610612747,LAL,24.0,56,26,0.059,11,31,0.355,0.355,0.057,11,30,0.367,0.002,0,1,0.0,2022-23,Regular Season,0-2 Feet - Very Tight
1630586,Usman Garuba,1610612745,HOU,21.0,75,24,0.175,8,31,0.258,0.258,0.175,8,31,0.258,0.0,0,0,,2022-23,Regular Season,0-2 Feet - Very Tight
1629111,Jock Landale,1610612756,PHX,27.0,69,23,0.089,17,30,0.567,0.567,0.089,17,30,0.567,0.0,0,0,,2022-23,Regular Season,0-2 Feet - Very Tight
1626149,Montrezl Harrell,1610612755,PHI,29.0,57,21,0.144,15,30,0.5,0.5,0.144,15,30,0.5,0.0,0,0,,2022-23,Regular Season,0-2 Feet - Very Tight
1629661,Cameron Johnson,1610612751,BKN,27.0,42,18,0.063,15,30,0.5,0.517,0.057,14,27,0.519,0.006,1,3,0.333,2022-23,Regular Season,0-2 Feet - Very Tight
1630583,Santi Aldama,1610612763,MEM,22.0,77,20,0.057,15,30,0.5,0.5,0.057,15,30,0.5,0.0,0,0,,2022-23,Regular Season,0-2 Feet - Very Tight
1629003,Shake Milton,1610612755,PHI,26.0,76,23,0.06,13,30,0.433,0.433,0.06,13,30,0.433,0.0,0,0,,2022-23,Regular Season,0-2 Feet - Very Tight
201569,Eric Gordon,1610612746,LAC,34.0,69,23,0.046,9,30,0.3,0.3,0.044,9,29,0.31,0.002,0,1,0.0,2022-23,Regular Season,0-2 Feet - Very Tight
1627742,Brandon Ingram,1610612740,NOP,25.0,45,22,0.035,18,29,0.621,0.621,0.034,18,28,0.643,0.001,0,1,0.0,2022-23,Regular Season,0-2 Feet - Very Tight
1630559,Austin Reaves,1610612747,LAL,25.0,64,22,0.059,17,29,0.586,0.586,0.059,17,29,0.586,0.0,0,0,,2022-23,Regular Season,0-2 Feet - Very Tight
203952,Andrew Wiggins,1610612744,GSW,28.0,36,18,0.057,16,29,0.552,0.552,0.057,16,29,0.552,0.0,0,0,,2022-23,Regular Season,0-2 Feet - Very Tight
1630171,Isaac Okoro,1610612739,CLE,22.0,76,24,0.082,16,29,0.552,0.552,0.082,16,29,0.552,0.0,0,0,,2022-23,Regular Season,0-2 Feet - Very Tight
1628420,Monte Morris,1610612764,WAS,28.0,62,26,0.056,14,29,0.483,0.483,0.056,14,29,0.483,0.0,0,0,,2022-23,Regular Season,0-2 Feet - Very Tight
1631132,Christian Koloko,1610612761,TOR,23.0,58,21,0.193,14,29,0.483,0.483,0.193,14,29,0.483,0.0,0,0,,2022-23,Regular Season,0-2 Feet - Very Tight
1630552,Jalen Johnson,1610612737,ATL,21.0,70,25,0.09,14,29,0.483,0.483,0.09,14,29,0.483,0.0,0,0,,2022-23,Regular Season,0-2 Feet - Very Tight
1630191,Isaiah Stewart,1610612765,DET,22.0,49,20,0.067,11,29,0.379,0.379,0.067,11,29,0.379,0.0,0,0,,2022-23,Regular Season,0-2 Feet - Very Tight
1630702,Jaden Hardy,1610612742,DAL,20.0,48,20,0.087,10,29,0.345,0.345,0.087,10,29,0.345,0.0,0,0,,2022-23,Regular Season,0-2 Feet - Very Tight
203114,Khris Middleton,1610612749,MIL,31.0,33,17,0.071,9,29,0.31,0.328,0.064,8,26,0.308,0.007,1,3,0.333,2022-23,Regular Season,0-2 Feet - Very Tight
1629611,Terance Mann,1610612746,LAC,26.0,81,22,0.054,16,28,0.571,0.571,0.054,16,28,0.571,0.0,0,0,,2022-23,Regular Season,0-2 Feet - Very Tight
1630164,James Wiseman,1610612765,DET,22.0,45,18,0.083,15,28,0.536,0.536,0.083,15,28,0.536,0.0,0,0,,2022-23,Regular Season,0-2 Feet - Very Tight
1629134,Kendrick Nunn,1610612764,WAS,27.0,70,23,0.062,10,28,0.357,0.375,0.06,9,27,0.333,0.002,1,1,1.0,2022-23,Regular Season,0-2 Feet - Very Tight
203935,Marcus Smart,1610612738,BOS,29.0,61,22,0.047,10,28,0.357,0.357,0.047,10,28,0.357,0.0,0,0,,2022-23,Regular Season,0-2 Feet - Very Tight
1630174,Aaron Nesmith,1610612754,IND,23.0,73,23,0.047,9,28,0.321,0.321,0.047,9,28,0.321,0.0,0,0,,2022-23,Regular Season,0-2 Feet - Very Tight
1629001,De'Anthony Melton,1610612755,PHI,25.0,77,26,0.043,9,28,0.321,0.321,0.043,9,28,0.321,0.0,0,0,,2022-23,Regular Season,0-2 Feet - Very Tight
201152,Thaddeus Young,1610612761,TOR,35.0,54,20,0.136,19,27,0.704,0.704,0.136,19,27,0.704,0.0,0,0,,2022-23,Regular Season,0-2 Feet - Very Tight
203210,JaMychal Green,1610612744,GSW,33.0,57,20,0.107,19,27,0.704,0.704,0.107,19,27,0.704,0.0,0,0,,2022-23,Regular Season,0-2 Feet - Very Tight
1629057,Robert Williams III,1610612738,BOS,25.0,35,22,0.159,16,27,0.593,0.593,0.159,16,27,0.593,0.0,0,0,,2022-23,Regular Season,0-2 Feet - Very Tight
1629656,Quentin Grimes,1610612752,NYK,23.0,71,21,0.045,12,27,0.444,0.444,0.042,12,25,0.48,0.003,0,2,0.0,2022-23,Regular Season,0-2 Feet - Very Tight
1627736,Malik Beasley,1610612747,LAL,26.0,81,26,0.029,11,27,0.407,0.444,0.018,9,17,0.529,0.011,2,10,0.2,2022-23,Regular Season,0-2 Feet - Very Tight
1629006,Josh Okogie,1610612756,PHX,24.0,72,20,0.065,10,27,0.37,0.37,0.065,10,27,0.37,0.0,0,0,,2022-23,Regular Season,0-2 Feet - Very Tight
1629650,Moses Brown,1610612746,LAC,23.0,36,15,0.271,17,26,0.654,0.654,0.271,17,26,0.654,0.0,0,0,,2022-23,Regular Season,0-2 Feet - Very Tight
1629632,Coby White,1610612741,CHI,23.0,73,22,0.044,16,26,0.615,0.615,0.044,16,26,0.615,0.0,0,0,,2022-23,Regular Season,0-2 Feet - Very Tight
202695,Kawhi Leonard,1610612746,LAC,32.0,52,20,0.03,14,26,0.538,0.538,0.03,14,26,0.538,0.0,0,0,,2022-23,Regular Season,0-2 Feet - Very Tight
1626157,Karl-Anthony Towns,1610612750,MIN,27.0,28,16,0.064,13,26,0.5,0.5,0.064,13,26,0.5,0.0,0,0,,2022-23,Regular Season,0-2 Feet - Very Tight
1630549,Day'Ron Sharpe,1610612751,BKN,21.0,48,16,0.152,13,26,0.5,0.5,0.152,13,26,0.5,0.0,0,0,,2022-23,Regular Season,0-2 Feet - Very Tight
1629234,Drew Eubanks,1610612757,POR,26.0,77,22,0.078,19,25,0.76,0.76,0.078,19,25,0.76,0.0,0,0,,2022-23,Regular Season,0-2 Feet - Very Tight
1631100,AJ Griffin,1610612737,ATL,19.0,72,19,0.047,13,25,0.52,0.52,0.047,13,25,0.52,0.0,0,0,,2022-23,Regular Season,0-2 Feet - Very Tight
1630558,Davion Mitchell,1610612758,SAC,24.0,80,24,0.063,13,25,0.52,0.52,0.063,13,25,0.52,0.0,0,0,,2022-23,Regular Season,0-2 Feet - Very Tight
1626145,Tyus Jones,1610612763,MEM,27.0,80,19,0.035,13,25,0.52,0.52,0.035,13,25,0.52,0.0,0,0,,2022-23,Regular Season,0-2 Feet - Very Tight
1628972,Troy Brown Jr.,1610612747,LAL,23.0,76,22,0.054,10,25,0.4,0.4,0.054,10,25,0.4,0.0,0,0,,2022-23,Regular Season,0-2 Feet - Very Tight
202322,John Wall,1610612746,LAC,32.0,34,18,0.074,9,25,0.36,0.36,0.071,9,24,0.375,0.003,0,1,0.0,2022-23,Regular Season,0-2 Feet - Very Tight
1630544,Tre Mann,1610612760,OKC,22.0,67,20,0.05,8,25,0.32,0.32,0.048,8,24,0.333,0.002,0,1,0.0,2022-23,Regular Season,0-2 Feet - Very Tight
1628989,Kevin Huerter,1610612758,SAC,24.0,75,22,0.028,17,24,0.708,0.792,0.023,13,20,0.65,0.005,4,4,1.0,2022-23,Regular Season,0-2 Feet - Very Tight
1629002,Chimezie Metu,1610612758,SAC,26.0,66,17,0.11,16,24,0.667,0.667,0.11,16,24,0.667,0.0,0,0,,2022-23,Regular Season,0-2 Feet - Very Tight
203926,Doug McDermott,1610612759,SAS,31.0,63,18,0.047,14,24,0.583,0.583,0.047,14,24,0.583,0.0,0,0,,2022-23,Regular Season,0-2 Feet - Very Tight
1627884,Derrick Jones Jr.,1610612741,CHI,26.0,63,17,0.107,14,24,0.583,0.583,0.107,14,24,0.583,0.0,0,0,,2022-23,Regular Season,0-2 Feet - Very Tight
203937,Kyle Anderson,1610612750,MIN,29.0,68,18,0.049,13,24,0.542,0.542,0.049,13,24,0.542,0.0,0,0,,2022-23,Regular Season,0-2 Feet - Very Tight
1627732,Ben Simmons,1610612751,BKN,26.0,42,17,0.102,12,24,0.5,0.5,0.102,12,24,0.5,0.0,0,0,,2022-23,Regular Season,0-2 Feet - Very Tight
202709,Cory Joseph,1610612765,DET,31.0,62,17,0.068,9,24,0.375,0.375,0.068,9,24,0.375,0.0,0,0,,2022-23,Regular Season,0-2 Feet - Very Tight
1629056,Terence Davis,1610612758,SAC,26.0,64,18,0.063,15,23,0.652,0.652,0.063,15,23,0.652,0.0,0,0,,2022-23,Regular Season,0-2 Feet - Very Tight
1630560,Cam Thomas,1610612751,BKN,21.0,57,18,0.051,12,23,0.522,0.522,0.051,12,23,0.522,0.0,0,0,,2022-23,Regular Season,0-2 Feet - Very Tight
203506,Victor Oladipo,1610612748,MIA,31.0,42,16,0.057,10,23,0.435,0.457,0.055,9,22,0.409,0.002,1,1,1.0,2022-23,Regular Season,0-2 Feet - Very Tight
1630570,Trendon Watford,1610612757,POR,22.0,61,20,0.074,10,23,0.435,0.435,0.074,10,23,0.435,0.0,0,0,,2022-23,Regular Season,0-2 Feet - Very Tight
1630526,Jeremiah Robinson-Earl,1610612760,OKC,22.0,43,16,0.093,10,23,0.435,0.435,0.093,10,23,0.435,0.0,0,0,,2022-23,Regular Season,0-2 Feet - Very Tight
1628410,Edmond Sumner,1610612751,BKN,27.0,53,17,0.086,9,23,0.391,0.391,0.086,9,23,0.391,0.0,0,0,,2022-23,Regular Season,0-2 Feet - Very Tight
1630591,Jalen Suggs,1610612753,ORL,22.0,53,20,0.052,6,23,0.261,0.261,0.052,6,23,0.261,0.0,0,0,,2022-23,Regular Season,0-2 Feet - Very Tight
1630165,Killian Hayes,1610612765,DET,21.0,75,19,0.029,2,23,0.087,0.087,0.026,2,21,0.095,0.003,0,2,0.0,2022-23,Regular Season,0-2 Feet - Very Tight
200768,Kyle Lowry,1610612748,MIA,37.0,55,17,0.045,14,22,0.636,0.659,0.043,13,21,0.619,0.002,1,1,1.0,2022-23,Regular Season,0-2 Feet - Very Tight
1630182,Josh Green,1610612742,DAL,22.0,60,17,0.058,13,22,0.591,0.591,0.058,13,22,0.591,0.0,0,0,,2022-23,Regular Season,0-2 Feet - Very Tight
202687,Bismack Biyombo,1610612756,PHX,30.0,61,16,0.107,12,22,0.545,0.545,0.107,12,22,0.545,0.0,0,0,,2022-23,Regular Season,0-2 Feet - Very Tight
1626156,D'Angelo Russell,1610612747,LAL,27.0,71,20,0.023,12,22,0.545,0.545,0.023,12,22,0.545,0.0,0,0,,2022-23,Regular Season,0-2 Feet - Very Tight
1628964,Mo Bamba,1610612747,LAL,25.0,49,18,0.091,10,22,0.455,0.455,0.091,10,22,0.455,0.0,0,0,,2022-23,Regular Season,0-2 Feet - Very Tight
1626224,Cedi Osman,1610612739,CLE,28.0,77,19,0.042,10,22,0.455,0.455,0.042,10,22,0.455,0.0,0,0,,2022-23,Regular Season,0-2 Feet - Very Tight
1628436,Luke Kornet,1610612738,BOS,27.0,69,15,0.129,10,22,0.455,0.455,0.129,10,22,0.455,0.0,0,0,,2022-23,Regular Season,0-2 Feet - Very Tight
1629641,Romeo Langford,1610612759,SAS,23.0,40,15,0.091,10,22,0.455,0.455,0.091,10,22,0.455,0.0,0,0,,2022-23,Regular Season,0-2 Feet - Very Tight
1630205,Lamar Stevens,1610612739,CLE,25.0,62,20,0.076,8,22,0.364,0.364,0.076,8,22,0.364,0.0,0,0,,2022-23,Regular Season,0-2 Feet - Very Tight
1627745,Damian Jones,1610612762,UTA,28.0,41,14,0.244,12,21,0.571,0.571,0.244,12,21,0.571,0.0,0,0,,2022-23,Regular Season,0-2 Feet - Very Tight
1630256,Jae'Sean Tate,1610612745,HOU,27.0,31,13,0.092,12,21,0.571,0.571,0.092,12,21,0.571,0.0,0,0,,2022-23,Regular Season,0-2 Feet - Very Tight
1628978,Donte DiVincenzo,1610612744,GSW,26.0,71,18,0.04,10,21,0.476,0.5,0.036,9,19,0.474,0.004,1,2,0.5,2022-23,Regular Season,0-2 Feet - Very Tight
201144,Mike Conley,1610612750,MIN,35.0,66,15,0.035,8,21,0.381,0.381,0.033,8,20,0.4,0.002,0,1,0.0,2022-23,Regular Season,0-2 Feet - Very Tight
203992,Bogdan Bogdanović,1610612737,ATL,30.0,54,19,0.034,8,21,0.381,0.381,0.033,8,20,0.4,0.002,0,1,0.0,2022-23,Regular Season,0-2 Feet - Very Tight
1627739,Kris Dunn,1610612762,UTA,29.0,22,15,0.093,10,20,0.5,0.5,0.093,10,20,0.5,0.0,0,0,,2022-23,Regular Season,0-2 Feet - Very Tight
1630197,Aleksej Pokusevski,1610612760,OKC,21.0,34,13,0.08,9,20,0.45,0.45,0.08,9,20,0.45,0.0,0,0,,2022-23,Regular Season,0-2 Feet - Very Tight
1630699,MarJon Beauchamp,1610612749,MIL,22.0,52,13,0.082,7,20,0.35,0.35,0.082,7,20,0.35,0.0,0,0,,2022-23,Regular Season,0-2 Feet - Very Tight
1631104,Blake Wesley,1610612759,SAS,20.0,34,15,0.1,7,20,0.35,0.35,0.095,7,19,0.368,0.005,0,1,0.0,2022-23,Regular Season,0-2 Feet - Very Tight
1630613,Duane Washington Jr.,1610612752,NYK,23.0,31,13,0.078,6,20,0.3,0.3,0.07,6,18,0.333,0.008,0,2,0.0,2022-23,Regular Season,0-2 Feet - Very Tight
1626153,Delon Wright,1610612764,WAS,31.0,50,14,0.065,10,19,0.526,0.526,0.065,10,19,0.526,0.0,0,0,,2022-23,Regular Season,0-2 Feet - Very Tight
1629670,Jordan Nwora,1610612754,IND,24.0,62,16,0.043,9,19,0.474,0.474,0.043,9,19,0.474,0.0,0,0,,2022-23,Regular Season,0-2 Feet - Very Tight
1631223,David Roddy,1610612763,MEM,22.0,70,15,0.045,9,19,0.474,0.474,0.045,9,19,0.474,0.0,0,0,,2022-23,Regular Season,0-2 Feet - Very Tight
1630227,Daishen Nix,1610612745,HOU,21.0,57,15,0.08,6,19,0.316,0.316,0.08,6,19,0.316,0.0,0,0,,2022-23,Regular Season,0-2 Feet - Very Tight
1630541,Moses Moody,1610612744,GSW,21.0,62,15,0.082,11,18,0.611,0.611,0.082,11,18,0.611,0.0,0,0,,2022-23,Regular Season,0-2 Feet - Very Tight
201143,Al Horford,1610612738,BOS,37.0,63,14,0.038,10,18,0.556,0.556,0.038,10,18,0.556,0.0,0,0,,2022-23,Regular Season,0-2 Feet - Very Tight
201567,Kevin Love,1610612748,MIA,34.0,62,14,0.042,9,18,0.5,0.5,0.04,9,17,0.529,0.002,0,1,0.0,2022-23,Regular Season,0-2 Feet - Very Tight
1629723,John Konchar,1610612763,MEM,27.0,72,15,0.056,9,18,0.5,0.5,0.056,9,18,0.5,0.0,0,0,,2022-23,Regular Season,0-2 Feet - Very Tight
203925,Joe Harris,1610612751,BKN,31.0,74,16,0.041,7,18,0.389,0.389,0.037,7,16,0.438,0.005,0,2,0.0,2022-23,Regular Season,0-2 Feet - Very Tight
1629647,Darius Bazley,1610612756,PHX,23.0,43,15,0.098,7,18,0.389,0.389,0.098,7,18,0.389,0.0,0,0,,2022-23,Regular Season,0-2 Feet - Very Tight
1630167,Obi Toppin,1610612752,NYK,25.0,67,13,0.043,4,18,0.222,0.222,0.043,4,18,0.222,0.0,0,0,,2022-23,Regular Season,0-2 Feet - Very Tight
1630550,JT Thor,1610612766,CHA,20.0,69,13,0.072,10,17,0.588,0.588,0.072,10,17,0.588,0.0,0,0,,2022-23,Regular Season,0-2 Feet - Very Tight
200782,P.J. Tucker,1610612755,PHI,38.0,75,15,0.076,9,17,0.529,0.529,0.076,9,17,0.529,0.0,0,0,,2022-23,Regular Season,0-2 Feet - Very Tight
1626196,Josh Richardson,1610612740,NOP,29.0,64,13,0.031,9,17,0.529,0.529,0.031,9,17,0.529,0.0,0,0,,2022-23,Regular Season,0-2 Feet - Very Tight
1628960,Grayson Allen,1610612749,MIL,27.0,72,17,0.031,9,17,0.529,0.529,0.031,9,17,0.529,0.0,0,0,,2022-23,Regular Season,0-2 Feet - Very Tight
1627752,Taurean Prince,1610612750,MIN,29.0,53,15,0.046,8,17,0.471,0.471,0.046,8,17,0.471,0.0,0,0,,2022-23,Regular Season,0-2 Feet - Very Tight
1629660,Ty Jerome,1610612744,GSW,25.0,45,11,0.07,8,17,0.471,0.471,0.07,8,17,0.471,0.0,0,0,,2022-23,Regular Season,0-2 Feet - Very Tight
1628984,Devonte' Graham,1610612759,SAS,28.0,73,16,0.039,8,17,0.471,0.529,0.035,6,15,0.4,0.005,2,2,1.0,2022-23,Regular Season,0-2 Feet - Very Tight
1627936,Alex Caruso,1610612741,CHI,29.0,66,14,0.06,6,17,0.353,0.353,0.06,6,17,0.353,0.0,0,0,,2022-23,Regular Season,0-2 Feet - Very Tight
1629642,Nassir Little,1610612757,POR,23.0,54,14,0.056,6,17,0.353,0.353,0.056,6,17,0.353,0.0,0,0,,2022-23,Regular Season,0-2 Feet - Very Tight
1626159,Justise Winslow,1610612757,POR,27.0,29,14,0.086,5,17,0.294,0.294,0.086,5,17,0.294,0.0,0,0,,2022-23,Regular Season,0-2 Feet - Very Tight
1629216,Gabe Vincent,1610612748,MIA,27.0,68,16,0.03,3,17,0.176,0.176,0.026,3,15,0.2,0.004,0,2,0.0,2022-23,Regular Season,0-2 Feet - Very Tight
1630579,Jericho Sims,1610612752,NYK,24.0,52,11,0.15,11,16,0.688,0.688,0.15,11,16,0.688,0.0,0,0,,2022-23,Regular Season,0-2 Feet - Very Tight
1630540,Miles McBride,1610612752,NYK,22.0,64,15,0.074,10,16,0.625,0.625,0.07,10,15,0.667,0.005,0,1,0.0,2022-23,Regular Season,0-2 Feet - Very Tight
1629646,Charles Bassey,1610612759,SAS,22.0,35,13,0.119,9,16,0.563,0.563,0.119,9,16,0.563,0.0,0,0,,2022-23,Regular Season,0-2 Feet - Very Tight
1630177,Theo Maledon,1610612766,CHA,22.0,44,11,0.063,7,16,0.438,0.438,0.06,7,15,0.467,0.004,0,1,0.0,2022-23,Regular Season,0-2 Feet - Very Tight
203115,Will Barton,1610612761,TOR,32.0,56,15,0.044,6,16,0.375,0.375,0.044,6,16,0.375,0.0,0,0,,2022-23,Regular Season,0-2 Feet - Very Tight
1629629,Cam Reddish,1610612757,POR,23.0,40,11,0.051,5,16,0.313,0.313,0.051,5,16,0.313,0.0,0,0,,2022-23,Regular Season,0-2 Feet - Very Tight
1629312,Haywood Highsmith,1610612748,MIA,26.0,54,13,0.074,5,16,0.313,0.344,0.069,4,15,0.267,0.005,1,1,1.0,2022-23,Regular Season,0-2 Feet - Very Tight
1629676,Isaiah Roby,1610612752,NYK,25.0,41,10,0.106,5,16,0.313,0.344,0.099,4,15,0.267,0.007,1,1,1.0,2022-23,Regular Season,0-2 Feet - Very Tight
1631323,Simone Fontecchio,1610612762,UTA,27.0,52,11,0.051,4,16,0.25,0.25,0.051,4,16,0.25,0.0,0,0,,2022-23,Regular Season,0-2 Feet - Very Tight
1630537,Chris Duarte,1610612754,IND,26.0,46,14,0.048,3,16,0.188,0.188,0.045,3,15,0.2,0.003,0,1,0.0,2022-23,Regular Season,0-2 Feet - Very Tight
1629048,Goga Bitadze,1610612753,ORL,23.0,38,13,0.12,8,15,0.533,0.533,0.12,8,15,0.533,0.0,0,0,,2022-23,Regular Season,0-2 Feet - Very Tight
202694,Marcus Morris Sr.,1610612746,LAC,33.0,65,15,0.023,8,15,0.533,0.567,0.02,7,13,0.538,0.003,1,2,0.5,2022-23,Regular Season,0-2 Feet - Very Tight
1626192,Pat Connaughton,1610612749,MIL,30.0,61,13,0.036,8,15,0.533,0.533,0.036,8,15,0.533,0.0,0,0,,2022-23,Regular Season,0-2 Feet - Very Tight
1629052,Oshae Brissett,1610612754,IND,25.0,65,14,0.047,7,15,0.467,0.467,0.047,7,15,0.467,0.0,0,0,,2022-23,Regular Season,0-2 Feet - Very Tight
202692,Alec Burks,1610612765,DET,31.0,50,13,0.033,6,15,0.4,0.4,0.027,6,12,0.5,0.007,0,3,0.0,2022-23,Regular Season,0-2 Feet - Very Tight
1630700,Dyson Daniels,1610612740,NOP,20.0,59,15,0.072,6,15,0.4,0.4,0.072,6,15,0.4,0.0,0,0,,2022-23,Regular Season,0-2 Feet - Very Tight
201580,JaVale McGee,1610612742,DAL,35.0,42,10,0.112,9,14,0.643,0.643,0.112,9,14,0.643,0.0,0,0,,2022-23,Regular Season,0-2 Feet - Very Tight
1626169,Stanley Johnson,1610612762,UTA,27.0,29,12,0.116,7,14,0.5,0.5,0.107,7,13,0.538,0.008,0,1,0.0,2022-23,Regular Season,0-2 Feet - Very Tight
203085,Austin Rivers,1610612750,MIN,30.0,52,12,0.067,6,14,0.429,0.429,0.067,6,14,0.429,0.0,0,0,,2022-23,Regular Season,0-2 Feet - Very Tight
203484,Kentavious Caldwell-Pope,1610612743,DEN,30.0,76,12,0.022,5,14,0.357,0.357,0.021,5,13,0.385,0.002,0,1,0.0,2022-23,Regular Season,0-2 Feet - Very Tight
1631121,Bryce McGowens,1610612766,CHA,20.0,46,10,0.069,5,14,0.357,0.357,0.069,5,14,0.357,0.0,0,0,,2022-23,Regular Season,0-2 Feet - Very Tight
203496,Robert Covington,1610612746,LAC,32.0,48,13,0.061,4,14,0.286,0.286,0.061,4,14,0.286,0.0,0,0,,2022-23,Regular Season,0-2 Feet - Very Tight
1630595,Cade Cunningham,1610612765,DET,21.0,12,10,0.063,4,14,0.286,0.286,0.063,4,14,0.286,0.0,0,0,,2022-23,Regular Season,0-2 Feet - Very Tight
1631119,Jaylin Williams,1610612760,OKC,21.0,49,12,0.06,3,14,0.214,0.214,0.06,3,14,0.214,0.0,0,0,,2022-23,Regular Season,0-2 Feet - Very Tight
1626158,Richaun Holmes,1610612758,SAC,29.0,42,10,0.146,8,13,0.615,0.615,0.146,8,13,0.615,0.0,0,0,,2022-23,Regular Season,0-2 Feet - Very Tight
201959,Taj Gibson,1610612764,WAS,38.0,49,11,0.104,8,13,0.615,0.615,0.104,8,13,0.615,0.0,0,0,,2022-23,Regular Season,0-2 Feet - Very Tight
1630528,Josh Christopher,1610612745,HOU,21.0,64,11,0.04,7,13,0.538,0.538,0.04,7,13,0.538,0.0,0,0,,2022-23,Regular Season,0-2 Feet - Very Tight
1631115,Orlando Robinson,1610612748,MIA,22.0,31,9,0.146,7,13,0.538,0.538,0.146,7,13,0.538,0.0,0,0,,2022-23,Regular Season,0-2 Feet - Very Tight
1630240,Saben Lee,1610612756,PHX,24.0,25,10,0.107,6,13,0.462,0.462,0.107,6,13,0.462,0.0,0,0,,2022-23,Regular Season,0-2 Feet - Very Tight
1630572,Sandro Mamukelashvili,1610612759,SAS,24.0,41,12,0.062,6,13,0.462,0.462,0.062,6,13,0.462,0.0,0,0,,2022-23,Regular Season,0-2 Feet - Very Tight
1631230,Dominick Barlow,1610612759,SAS,20.0,26,8,0.171,6,13,0.462,0.462,0.171,6,13,0.462,0.0,0,0,,2022-23,Regular Season,0-2 Feet - Very Tight
1631133,Jabari Walker,1610612757,POR,20.0,55,11,0.07,6,13,0.462,0.462,0.07,6,13,0.462,0.0,0,0,,2022-23,Regular Season,0-2 Feet - Very Tight
1627814,Damion Lee,1610612756,PHX,30.0,74,12,0.029,5,13,0.385,0.385,0.029,5,13,0.385,0.0,0,0,,2022-23,Regular Season,0-2 Feet - Very Tight
1630534,Ochai Agbaji,1610612762,UTA,23.0,59,12,0.034,4,13,0.308,0.308,0.034,4,13,0.308,0.0,0,0,,2022-23,Regular Season,0-2 Feet - Very Tight
1629308,Juan Toscano-Anderson,1610612762,UTA,30.0,52,13,0.091,4,13,0.308,0.308,0.091,4,13,0.308,0.0,0,0,,2022-23,Regular Season,0-2 Feet - Very Tight
1629680,Matisse Thybulle,1610612757,POR,26.0,71,10,0.051,3,13,0.231,0.231,0.051,3,13,0.231,0.0,0,0,,2022-23,Regular Season,0-2 Feet - Very Tight
1629637,Jaxson Hayes,1610612740,NOP,23.0,47,8,0.077,8,12,0.667,0.667,0.077,8,12,0.667,0.0,0,0,,2022-23,Regular Season,0-2 Feet - Very Tight
1629750,Javonte Green,1610612741,CHI,29.0,32,10,0.111,8,12,0.667,0.667,0.111,8,12,0.667,0.0,0,0,,2022-23,Regular Season,0-2 Feet - Very Tight
1630237,Anthony Lamb,1610612744,GSW,25.0,61,10,0.039,7,12,0.583,0.583,0.039,7,12,0.583,0.0,0,0,,2022-23,Regular Season,0-2 Feet - Very Tight
1629638,Nickeil Alexander-Walker,1610612750,MIN,24.0,58,8,0.042,6,12,0.5,0.5,0.042,6,12,0.5,0.0,0,0,,2022-23,Regular Season,0-2 Feet - Very Tight
1630192,Zeke Nnaji,1610612743,DEN,22.0,53,9,0.061,6,12,0.5,0.5,0.061,6,12,0.5,0.0,0,0,,2022-23,Regular Season,0-2 Feet - Very Tight
201933,Blake Griffin,1610612738,BOS,34.0,41,10,0.092,6,12,0.5,0.5,0.092,6,12,0.5,0.0,0,0,,2022-23,Regular Season,0-2 Feet - Very Tight
201565,Derrick Rose,1610612752,NYK,34.0,27,10,0.075,6,12,0.5,0.5,0.075,6,12,0.5,0.0,0,0,,2022-23,Regular Season,0-2 Feet - Very Tight
203552,Seth Curry,1610612751,BKN,32.0,61,12,0.027,5,12,0.417,0.458,0.022,4,10,0.4,0.004,1,2,0.5,2022-23,Regular Season,0-2 Feet - Very Tight
203473,Dewayne Dedmon,1610612755,PHI,33.0,38,11,0.079,5,12,0.417,0.417,0.079,5,12,0.417,0.0,0,0,,2022-23,Regular Season,0-2 Feet - Very Tight
1630547,James Bouknight,1610612766,CHA,22.0,34,8,0.064,5,12,0.417,0.417,0.064,5,12,0.417,0.0,0,0,,2022-23,Regular Season,0-2 Feet - Very Tight
1629162,Jordan McLaughlin,1610612750,MIN,27.0,42,7,0.084,5,12,0.417,0.417,0.084,5,12,0.417,0.0,0,0,,2022-23,Regular Season,0-2 Feet - Very Tight
1630201,Malachi Flynn,1610612761,TOR,25.0,53,9,0.05,5,12,0.417,0.417,0.05,5,12,0.417,0.0,0,0,,2022-23,Regular Season,0-2 Feet - Very Tight
1628988,Aaron Holiday,1610612737,ATL,26.0,63,9,0.055,4,12,0.333,0.333,0.055,4,12,0.333,0.0,0,0,,2022-23,Regular Season,0-2 Feet - Very Tight
200752,Rudy Gay,1610612762,UTA,36.0,56,12,0.042,2,12,0.167,0.167,0.042,2,12,0.167,0.0,0,0,,2022-23,Regular Season,0-2 Feet - Very Tight
1630264,Anthony Gill,1610612764,WAS,30.0,59,9,0.083,9,11,0.818,0.818,0.083,9,11,0.818,0.0,0,0,,2022-23,Regular Season,0-2 Feet - Very Tight
1630539,Kai Jones,1610612766,CHA,22.0,46,9,0.092,9,11,0.818,0.818,0.092,9,11,0.818,0.0,0,0,,2022-23,Regular Season,0-2 Feet - Very Tight
203967,Dario Saric,1610612760,OKC,29.0,57,10,0.04,8,11,0.727,0.727,0.04,8,11,0.727,0.0,0,0,,2022-23,Regular Season,0-2 Feet - Very Tight
1627823,Juancho Hernangomez,1610612761,TOR,27.0,42,10,0.096,8,11,0.727,0.773,0.088,7,10,0.7,0.009,1,1,1.0,2022-23,Regular Season,0-2 Feet - Very Tight
1630678,Terry Taylor,1610612741,CHI,23.0,31,6,0.147,7,11,0.636,0.636,0.147,7,11,0.636,0.0,0,0,,2022-23,Regular Season,0-2 Feet - Very Tight
1628981,Bruno Fernando,1610612737,ATL,24.0,39,10,0.098,6,11,0.545,0.545,0.098,6,11,0.545,0.0,0,0,,2022-23,Regular Season,0-2 Feet - Very Tight
1630233,Nathan Knight,1610612750,MIN,25.0,37,9,0.138,6,11,0.545,0.545,0.138,6,11,0.545,0.0,0,0,,2022-23,Regular Season,0-2 Feet - Very Tight
1630527,Brandon Boston,1610612746,LAC,21.0,22,7,0.09,4,11,0.364,0.364,0.09,4,11,0.364,0.0,0,0,,2022-23,Regular Season,0-2 Feet - Very Tight
1631102,TyTy Washington Jr.,1610612745,HOU,21.0,31,8,0.069,4,11,0.364,0.364,0.069,4,11,0.364,0.0,0,0,,2022-23,Regular Season,0-2 Feet - Very Tight
201599,DeAndre Jordan,1610612743,DEN,34.0,39,8,0.087,7,10,0.7,0.7,0.087,7,10,0.7,0.0,0,0,,2022-23,Regular Season,0-2 Feet - Very Tight
1629004,Svi Mykhailiuk,1610612766,CHA,26.0,32,8,0.058,5,10,0.5,0.5,0.058,5,10,0.5,0.0,0,0,,2022-23,Regular Season,0-2 Feet - Very Tight
203933,T.J. Warren,1610612756,PHX,29.0,42,10,0.037,5,10,0.5,0.5,0.037,5,10,0.5,0.0,0,0,,2022-23,Regular Season,0-2 Feet - Very Tight
1628995,Kevin Knox II,1610612757,POR,23.0,62,9,0.032,5,10,0.5,0.5,0.028,5,9,0.556,0.003,0,1,0.0,2022-23,Regular Season,0-2 Feet - Very Tight
1630202,Payton Pritchard,1610612738,BOS,25.0,48,9,0.041,4,10,0.4,0.4,0.041,4,10,0.4,0.0,0,0,,2022-23,Regular Season,0-2 Feet - Very Tight
1631098,Johnny Davis,1610612764,WAS,21.0,28,7,0.058,4,10,0.4,0.4,0.058,4,10,0.4,0.0,0,0,,2022-23,Regular Season,0-2 Feet - Very Tight
1631217,Moussa Diabate,1610612746,LAC,21.0,22,5,0.213,4,10,0.4,0.4,0.213,4,10,0.4,0.0,0,0,,2022-23,Regular Season,0-2 Feet - Very Tight
1628975,Jevon Carter,1610612749,MIL,27.0,81,9,0.018,3,10,0.3,0.3,0.016,3,9,0.333,0.002,0,1,0.0,2022-23,Regular Season,0-2 Feet - Very Tight
201587,Nicolas Batum,1610612746,LAC,34.0,78,9,0.026,3,10,0.3,0.3,0.026,3,10,0.3,0.0,0,0,,2022-23,Regular Season,0-2 Feet - Very Tight
203082,Terrence Ross,1610612756,PHX,32.0,63,9,0.022,1,10,0.1,0.15,0.013,0,6,0.0,0.009,1,4,0.25,2022-23,Regular Season,0-2 Feet - Very Tight
1630284,Kevon Harris,1610612753,ORL,26.0,34,9,0.084,6,9,0.667,0.667,0.084,6,9,0.667,0.0,0,0,,2022-23,Regular Season,0-2 Feet - Very Tight
1630593,McKinley Wright IV,1610612742,DAL,24.0,27,7,0.092,6,9,0.667,0.667,0.092,6,9,0.667,0.0,0,0,,2022-23,Regular Season,0-2 Feet - Very Tight
1628427,Vlatko Čančar,1610612743,DEN,26.0,60,8,0.04,5,9,0.556,0.556,0.04,5,9,0.556,0.0,0,0,,2022-23,Regular Season,0-2 Feet - Very Tight
1627777,Georges Niang,1610612755,PHI,30.0,78,8,0.018,5,9,0.556,0.556,0.018,5,9,0.556,0.0,0,0,,2022-23,Regular Season,0-2 Feet - Very Tight
1628467,Maxi Kleber,1610612742,DAL,31.0,37,8,0.053,5,9,0.556,0.556,0.053,5,9,0.556,0.0,0,0,,2022-23,Regular Season,0-2 Feet - Very Tight
1630533,Ziaire Williams,1610612763,MEM,21.0,37,9,0.046,5,9,0.556,0.556,0.046,5,9,0.556,0.0,0,0,,2022-23,Regular Season,0-2 Feet - Very Tight
1630553,Keon Johnson,1610612757,POR,21.0,40,9,0.051,3,9,0.333,0.333,0.051,3,9,0.333,0.0,0,0,,2022-23,Regular Season,0-2 Feet - Very Tight
1630235,Trent Forrest,1610612737,ATL,25.0,23,8,0.15,2,9,0.222,0.222,0.15,2,9,0.222,0.0,0,0,,2022-23,Regular Season,0-2 Feet - Very Tight
1631172,Ousmane Dieng,1610612760,OKC,20.0,39,7,0.044,7,8,0.875,0.875,0.044,7,8,0.875,0.0,0,0,,2022-23,Regular Season,0-2 Feet - Very Tight
1630198,Isaiah Joe,1610612760,OKC,23.0,73,8,0.016,5,8,0.625,0.625,0.014,5,7,0.714,0.002,0,1,0.0,2022-23,Regular Season,0-2 Feet - Very Tight
203200,Justin Holiday,1610612742,DAL,34.0,46,7,0.039,5,8,0.625,0.625,0.039,5,8,0.625,0.0,0,0,,2022-23,Regular Season,0-2 Feet - Very Tight
1629139,Yuta Watanabe,1610612751,BKN,28.0,58,8,0.035,4,8,0.5,0.5,0.035,4,8,0.5,0.0,0,0,,2022-23,Regular Season,0-2 Feet - Very Tight
201949,James Johnson,1610612754,IND,36.0,18,7,0.163,3,8,0.375,0.375,0.163,3,8,0.375,0.0,0,0,,2022-23,Regular Season,0-2 Feet - Very Tight
1629013,Landry Shamet,1610612756,PHX,26.0,40,8,0.027,3,8,0.375,0.5,0.017,1,5,0.2,0.01,2,3,0.667,2022-23,Regular Season,0-2 Feet - Very Tight
1630181,R.J. Hampton,1610612765,DET,22.0,47,6,0.034,2,8,0.25,0.25,0.034,2,8,0.25,0.0,0,0,,2022-23,Regular Season,0-2 Feet - Very Tight
1627863,Danuel House Jr.,1610612755,PHI,30.0,56,7,0.036,4,7,0.571,0.571,0.03,4,6,0.667,0.005,0,1,0.0,2022-23,Regular Season,0-2 Feet - Very Tight
1631288,Jamal Cain,1610612748,MIA,24.0,18,6,0.106,4,7,0.571,0.571,0.106,4,7,0.571,0.0,0,0,,2022-23,Regular Season,0-2 Feet - Very Tight
203493,Reggie Bullock Jr.,1610612742,DAL,32.0,78,6,0.015,4,7,0.571,0.571,0.015,4,7,0.571,0.0,0,0,,2022-23,Regular Season,0-2 Feet - Very Tight
1626163,Frank Kaminsky,1610612745,HOU,30.0,36,6,0.111,4,7,0.571,0.571,0.111,4,7,0.571,0.0,0,0,,2022-23,Regular Season,0-2 Feet - Very Tight
1630846,Olivier Sarr,1610612760,OKC,24.0,9,3,0.233,2,7,0.286,0.286,0.233,2,7,0.286,0.0,0,0,,2022-23,Regular Season,0-2 Feet - Very Tight
1630600,Isaiah Mobley,1610612739,CLE,23.0,12,3,0.25,2,7,0.286,0.286,0.25,2,7,0.286,0.0,0,0,,2022-23,Regular Season,0-2 Feet - Very Tight
1630688,Ish Wainright,1610612756,PHX,28.0,60,7,0.031,2,7,0.286,0.286,0.031,2,7,0.286,0.0,0,0,,2022-23,Regular Season,0-2 Feet - Very Tight
1631207,Dalen Terry,1610612741,CHI,20.0,37,6,0.1,2,7,0.286,0.286,0.1,2,7,0.286,0.0,0,0,,2022-23,Regular Season,0-2 Feet - Very Tight
1628379,Luke Kennard,1610612763,MEM,27.0,59,7,0.018,1,7,0.143,0.143,0.016,1,6,0.167,0.003,0,1,0.0,2022-23,Regular Season,0-2 Feet - Very Tight
1630561,David Duke Jr.,1610612751,BKN,23.0,23,6,0.09,1,7,0.143,0.143,0.09,1,7,0.143,0.0,0,0,,2022-23,Regular Season,0-2 Feet - Very Tight
201988,Patty Mills,1610612751,BKN,34.0,40,6,0.034,1,7,0.143,0.143,0.02,1,4,0.25,0.015,0,3,0.0,2022-23,Regular Season,0-2 Feet - Very Tight
203476,Gorgui Dieng,1610612759,SAS,33.0,30,6,0.055,4,6,0.667,0.667,0.055,4,6,0.667,0.0,0,0,,2022-23,Regular Season,0-2 Feet - Very Tight
1631212,Peyton Watson,1610612743,DEN,20.0,23,5,0.102,4,6,0.667,0.667,0.102,4,6,0.667,0.0,0,0,,2022-23,Regular Season,0-2 Feet - Very Tight
1629678,Admiral Schofield,1610612753,ORL,26.0,37,5,0.049,3,6,0.5,0.5,0.049,3,6,0.5,0.0,0,0,,2022-23,Regular Season,0-2 Feet - Very Tight
203914,Gary Harris,1610612753,ORL,28.0,48,6,0.02,3,6,0.5,0.667,0.01,1,3,0.333,0.01,2,3,0.667,2022-23,Regular Season,0-2 Feet - Very Tight
1630556,Kessler Edwards,1610612758,SAC,22.0,36,6,0.065,3,6,0.5,0.5,0.065,3,6,0.5,0.0,0,0,,2022-23,Regular Season,0-2 Feet - Very Tight
203469,Cody Zeller,1610612748,MIA,30.0,15,4,0.102,3,6,0.5,0.5,0.102,3,6,0.5,0.0,0,0,,2022-23,Regular Season,0-2 Feet - Very Tight
1631254,Kenneth Lofton Jr.,1610612763,MEM,20.0,24,4,0.065,3,6,0.5,0.5,0.065,3,6,0.5,0.0,0,0,,2022-23,Regular Season,0-2 Feet - Very Tight
203526,Raul Neto,1610612739,CLE,31.0,48,6,0.055,2,6,0.333,0.333,0.055,2,6,0.333,0.0,0,0,,2022-23,Regular Season,0-2 Feet - Very Tight
101108,Chris Paul,1610612756,PHX,38.0,59,6,0.009,2,6,0.333,0.333,0.009,2,6,0.333,0.0,0,0,,2022-23,Regular Season,0-2 Feet - Very Tight
1630568,Luka Garza,1610612750,MIN,24.0,27,4,0.054,2,6,0.333,0.333,0.054,2,6,0.333,0.0,0,0,,2022-23,Regular Season,0-2 Feet - Very Tight
1631216,Caleb Houstan,1610612753,ORL,20.0,51,6,0.033,2,6,0.333,0.333,0.033,2,6,0.333,0.0,0,0,,2022-23,Regular Season,0-2 Feet - Very Tight
203648,Thanasis Antetokounmpo,1610612749,MIL,30.0,37,5,0.13,1,6,0.167,0.167,0.13,1,6,0.167,0.0,0,0,,2022-23,Regular Season,0-2 Feet - Very Tight
1629633,Jarrett Culver,1610612737,ATL,24.0,10,4,0.14,1,6,0.167,0.167,0.14,1,6,0.167,0.0,0,0,,2022-23,Regular Season,0-2 Feet - Very Tight
1629599,Amir Coffey,1610612746,LAC,26.0,50,5,0.041,1,6,0.167,0.167,0.041,1,6,0.167,0.0,0,0,,2022-23,Regular Season,0-2 Feet - Very Tight
201588,George Hill,1610612754,IND,37.0,46,6,0.036,1,6,0.167,0.167,0.036,1,6,0.167,0.0,0,0,,2022-23,Regular Season,0-2 Feet - Very Tight
1628962,Udoka Azubuike,1610612762,UTA,23.0,36,5,0.069,5,5,1.0,1.0,0.069,5,5,1.0,0.0,0,0,,2022-23,Regular Season,0-2 Feet - Very Tight
203920,Khem Birch,1610612759,SAS,30.0,20,5,0.156,3,5,0.6,0.6,0.156,3,5,0.6,0.0,0,0,,2022-23,Regular Season,0-2 Feet - Very Tight
1628373,Frank Ntilikina,1610612742,DAL,24.0,47,5,0.038,3,5,0.6,0.6,0.038,3,5,0.6,0.0,0,0,,2022-23,Regular Season,0-2 Feet - Very Tight
202397,Ish Smith,1610612743,DEN,34.0,43,5,0.038,3,5,0.6,0.6,0.038,3,5,0.6,0.0,0,0,,2022-23,Regular Season,0-2 Feet - Very Tight
1630587,Isaiah Livers,1610612765,DET,24.0,51,4,0.018,3,5,0.6,0.6,0.018,3,5,0.6,0.0,0,0,,2022-23,Regular Season,0-2 Feet - Very Tight
1630625,Dalano Banton,1610612761,TOR,23.0,31,5,0.038,2,5,0.4,0.4,0.038,2,5,0.4,0.0,0,0,,2022-23,Regular Season,0-2 Feet - Very Tight
1629130,Duncan Robinson,1610612748,MIA,29.0,42,5,0.021,2,5,0.4,0.4,0.021,2,5,0.4,0.0,0,0,,2022-23,Regular Season,0-2 Feet - Very Tight
201976,Patrick Beverley,1610612741,CHI,34.0,67,5,0.014,2,5,0.4,0.4,0.014,2,5,0.4,0.0,0,0,,2022-23,Regular Season,0-2 Feet - Very Tight
1631113,Kennedy Chandler,1610612763,MEM,20.0,36,5,0.06,2,5,0.4,0.4,0.06,2,5,0.4,0.0,0,0,,2022-23,Regular Season,0-2 Feet - Very Tight
1630531,Jaden Springer,1610612755,PHI,20.0,16,4,0.143,2,5,0.4,0.4,0.143,2,5,0.4,0.0,0,0,,2022-23,Regular Season,0-2 Feet - Very Tight
1630548,Johnny Juzang,1610612762,UTA,22.0,18,5,0.048,2,5,0.4,0.4,0.029,2,3,0.667,0.019,0,2,0.0,2022-23,Regular Season,0-2 Feet - Very Tight
201609,Goran Dragic,1610612749,MIL,37.0,57,5,0.015,2,5,0.4,0.4,0.015,2,5,0.4,0.0,0,0,,2022-23,Regular Season,0-2 Feet - Very Tight
1626246,Boban Marjanovic,1610612745,HOU,34.0,31,4,0.083,2,5,0.4,0.4,0.083,2,5,0.4,0.0,0,0,,2022-23,Regular Season,0-2 Feet - Very Tight
1631466,Nate Williams,1610612757,POR,24.0,4,2,0.172,1,5,0.2,0.2,0.172,1,5,0.2,0.0,0,0,,2022-23,Regular Season,0-2 Feet - Very Tight
1630573,Sam Hauser,1610612738,BOS,25.0,80,4,0.013,1,5,0.2,0.2,0.013,1,5,0.2,0.0,0,0,,2022-23,Regular Season,0-2 Feet - Very Tight
1631108,Max Christie,1610612747,LAL,20.0,41,5,0.047,0,5,0.0,0.0,0.047,0,5,0.0,0.0,0,0,,2022-23,Regular Season,0-2 Feet - Very Tight
201577,Robin Lopez,1610612739,CLE,35.0,37,4,0.053,4,4,1.0,1.0,0.053,4,4,1.0,0.0,0,0,,2022-23,Regular Season,0-2 Feet - Very Tight
1628371,Jonathan Isaac,1610612753,ORL,25.0,11,4,0.075,3,4,0.75,0.75,0.075,3,4,0.75,0.0,0,0,,2022-23,Regular Season,0-2 Feet - Very Tight
1630639,A.J. Lawson,1610612742,DAL,22.0,15,2,0.091,3,4,0.75,0.75,0.091,3,4,0.75,0.0,0,0,,2022-23,Regular Season,0-2 Feet - Very Tight
203488,Mike Muscala,1610612738,BOS,31.0,63,4,0.014,3,4,0.75,0.75,0.014,3,4,0.75,0.0,0,0,,2022-23,Regular Season,0-2 Feet - Very Tight
1630577,Julian Champagnie,1610612759,SAS,22.0,15,4,0.04,2,4,0.5,0.5,0.04,2,4,0.5,0.0,0,0,,2022-23,Regular Season,0-2 Feet - Very Tight
1630322,Lindy Waters III,1610612760,OKC,25.0,41,4,0.022,2,4,0.5,0.5,0.017,2,3,0.667,0.006,0,1,0.0,2022-23,Regular Season,0-2 Feet - Very Tight
1628464,Daniel Theis,1610612754,IND,31.0,7,4,0.091,2,4,0.5,0.5,0.091,2,4,0.5,0.0,0,0,,2022-23,Regular Season,0-2 Feet - Very Tight
1629731,Dean Wade,1610612739,CLE,26.0,44,4,0.023,2,4,0.5,0.5,0.023,2,4,0.5,0.0,0,0,,2022-23,Regular Season,0-2 Feet - Very Tight
1630184,Kira Lewis Jr.,1610612740,NOP,22.0,25,4,0.045,1,4,0.25,0.25,0.045,1,4,0.25,0.0,0,0,,2022-23,Regular Season,0-2 Feet - Very Tight
1629033,Theo Pinson,1610612742,DAL,27.0,40,3,0.046,1,4,0.25,0.25,0.046,1,4,0.25,0.0,0,0,,2022-23,Regular Season,0-2 Feet - Very Tight
1630535,Greg Brown III,1610612757,POR,21.0,16,4,0.143,1,4,0.25,0.25,0.143,1,4,0.25,0.0,0,0,,2022-23,Regular Season,0-2 Feet - Very Tight
202693,Markieff Morris,1610612742,DAL,33.0,35,4,0.035,0,4,0.0,0.0,0.035,0,4,0.0,0.0,0,0,,2022-23,Regular Season,0-2 Feet - Very Tight
1630219,Skylar Mays,1610612757,POR,25.0,5,3,0.066,0,4,0.0,0.0,0.066,0,4,0.0,0.0,0,0,,2022-23,Regular Season,0-2 Feet - Very Tight
201937,Ricky Rubio,1610612739,CLE,32.0,33,4,0.022,0,4,0.0,0.0,0.022,0,4,0.0,0.0,0,0,,2022-23,Regular Season,0-2 Feet - Very Tight
204060,Joe Ingles,1610612749,MIL,35.0,46,3,0.016,0,4,0.0,0.0,0.016,0,4,0.0,0.0,0,0,,2022-23,Regular Season,0-2 Feet - Very Tight
1628432,Davon Reed,1610612743,DEN,28.0,43,3,0.048,0,4,0.0,0.0,0.048,0,4,0.0,0.0,0,0,,2022-23,Regular Season,0-2 Feet - Very Tight
201586,Serge Ibaka,1610612749,MIL,33.0,16,3,0.056,3,3,1.0,1.0,0.056,3,3,1.0,0.0,0,0,,2022-23,Regular Season,0-2 Feet - Very Tight
1629644,KZ Okpala,1610612758,SAC,24.0,35,3,0.079,2,3,0.667,0.667,0.079,2,3,0.667,0.0,0,0,,2022-23,Regular Season,0-2 Feet - Very Tight
1630243,Trevelin Queen,1610612755,PHI,26.0,7,2,0.103,2,3,0.667,0.667,0.103,2,3,0.667,0.0,0,0,,2022-23,Regular Season,0-2 Feet - Very Tight
1627788,Furkan Korkmaz,1610612755,PHI,25.0,37,2,0.027,2,3,0.667,0.667,0.027,2,3,0.667,0.0,0,0,,2022-23,Regular Season,0-2 Feet - Very Tight
203585,Rodney McGruder,1610612765,DET,31.0,32,3,0.02,1,3,0.333,0.333,0.02,1,3,0.333,0.0,0,0,,2022-23,Regular Season,0-2 Feet - Very Tight
1630696,Dru Smith,1610612751,BKN,25.0,15,3,0.067,1,3,0.333,0.333,0.067,1,3,0.333,0.0,0,0,,2022-23,Regular Season,0-2 Feet - Very Tight
202066,Garrett Temple,1610612740,NOP,37.0,25,3,0.067,1,3,0.333,0.5,0.044,0,2,0.0,0.022,1,1,1.0,2022-23,Regular Season,0-2 Feet - Very Tight
1628408,PJ Dozier,1610612758,SAC,26.0,16,2,0.091,1,3,0.333,0.333,0.091,1,3,0.333,0.0,0,0,,2022-23,Regular Season,0-2 Feet - Very Tight
1631116,Patrick Baldwin Jr.,1610612744,GSW,20.0,31,3,0.028,1,3,0.333,0.333,0.028,1,3,0.333,0.0,0,0,,2022-23,Regular Season,0-2 Feet - Very Tight
1629674,Neemias Queta,1610612758,SAC,23.0,5,2,0.333,1,3,0.333,0.333,0.333,1,3,0.333,0.0,0,0,,2022-23,Regular Season,0-2 Feet - Very Tight
1631245,Quenton Jackson,1610612764,WAS,24.0,9,3,0.071,1,3,0.333,0.333,0.071,1,3,0.333,0.0,0,0,,2022-23,Regular Season,0-2 Feet - Very Tight
1631169,Josh Minott,1610612750,MIN,20.0,14,3,0.088,0,3,0.0,0.0,0.088,0,3,0.0,0.0,0,0,,2022-23,Regular Season,0-2 Feet - Very Tight
1630176,Vernon Carey Jr.,1610612762,UTA,22.0,11,2,0.375,0,3,0.0,0.0,0.375,0,3,0.0,0.0,0,0,,2022-23,Regular Season,0-2 Feet - Very Tight
1627854,Bryn Forbes,1610612750,MIN,29.0,25,3,0.036,0,3,0.0,0.0,0.036,0,3,0.0,0.0,0,0,,2022-23,Regular Season,0-2 Feet - Very Tight
202689,Kemba Walker,1610612742,DAL,33.0,9,2,0.035,2,2,1.0,1.0,0.035,2,2,1.0,0.0,0,0,,2022-23,Regular Season,0-2 Feet - Very Tight
1631107,Nikola Jović,1610612748,MIA,20.0,15,2,0.029,2,2,1.0,1.0,0.029,2,2,1.0,0.0,0,0,,2022-23,Regular Season,0-2 Feet - Very Tight
203458,Alex Len,1610612758,SAC,30.0,26,2,0.067,2,2,1.0,1.0,0.067,2,2,1.0,0.0,0,0,,2022-23,Regular Season,0-2 Feet - Very Tight
1629677,Luka Samanic,1610612762,UTA,23.0,7,2,0.035,2,2,1.0,1.0,0.035,2,2,1.0,0.0,0,0,,2022-23,Regular Season,0-2 Feet - Very Tight
203086,Meyers Leonard,1610612749,MIL,31.0,9,1,0.069,2,2,1.0,1.0,0.069,2,2,1.0,0.0,0,0,,2022-23,Regular Season,0-2 Feet - Very Tight
1631199,Ron Harper Jr.,1610612761,TOR,23.0,9,2,0.125,1,2,0.5,0.5,0.125,1,2,0.5,0.0,0,0,,2022-23,Regular Season,0-2 Feet - Very Tight
1630249,Vít Krejčí,1610612737,ATL,23.0,29,2,0.054,1,2,0.5,0.5,0.054,1,2,0.5,0.0,0,0,,2022-23,Regular Season,0-2 Feet - Very Tight
203943,Noah Vonleh,1610612738,BOS,27.0,23,2,0.083,1,2,0.5,0.5,0.083,1,2,0.5,0.0,0,0,,2022-23,Regular Season,0-2 Feet - Very Tight
1629643,Chuma Okeke,1610612753,ORL,24.0,27,2,0.016,1,2,0.5,0.5,0.016,1,2,0.5,0.0,0,0,,2022-23,Regular Season,0-2 Feet - Very Tight
203487,Michael Carter-Williams,1610612753,ORL,31.0,4,2,0.143,1,2,0.5,0.5,0.143,1,2,0.5,0.0,0,0,,2022-23,Regular Season,0-2 Feet - Very Tight
1630270,Xavier Sneed,1610612766,CHA,25.0,4,1,0.2,1,2,0.5,0.5,0.2,1,2,0.5,0.0,0,0,,2022-23,Regular Season,0-2 Feet - Very Tight
1630209,Omer Yurtseven,1610612748,MIA,25.0,9,2,0.074,1,2,0.5,0.5,0.074,1,2,0.5,0.0,0,0,,2022-23,Regular Season,0-2 Feet - Very Tight
202083,Wesley Matthews,1610612749,MIL,36.0,52,2,0.013,1,2,0.5,0.5,0.013,1,2,0.5,0.0,0,0,,2022-23,Regular Season,0-2 Feet - Very Tight
1627885,Shaquille Harrison,1610612747,LAL,29.0,4,2,0.071,0,2,0.0,0.0,0.071,0,2,0.0,0.0,0,0,,2022-23,Regular Season,0-2 Feet - Very Tight
1628998,Cody Martin,1610612766,CHA,27.0,7,2,0.056,0,2,0.0,0.0,0.056,0,2,0.0,0.0,0,0,,2022-23,Regular Season,0-2 Feet - Very Tight
1629623,Lindell Wigginton,1610612749,MIL,25.0,7,1,0.054,0,2,0.0,0.0,0.054,0,2,0.0,0.0,0,0,,2022-23,Regular Season,0-2 Feet - Very Tight
1631213,Tyrese Martin,1610612737,ATL,24.0,16,2,0.087,0,2,0.0,0.0,0.087,0,2,0.0,0.0,0,0,,2022-23,Regular Season,0-2 Feet - Very Tight
1630215,Jared Butler,1610612760,OKC,22.0,6,2,0.063,0,2,0.0,0.0,0.063,0,2,0.0,0.0,0,0,,2022-23,Regular Season,0-2 Feet - Very Tight
1627853,Ryan Arcidiacono,1610612752,NYK,29.0,20,2,0.054,0,2,0.0,0.0,0.054,0,2,0.0,0.0,0,0,,2022-23,Regular Season,0-2 Feet - Very Tight
1628221,Gabe York,1610612754,IND,29.0,3,1,0.048,1,1,1.0,1.0,0.048,1,1,1.0,0.0,0,0,,2022-23,Regular Season,0-2 Feet - Very Tight
1630620,Darius Days,1610612745,HOU,23.0,4,1,0.083,1,1,1.0,1.0,0.083,1,1,1.0,0.0,0,0,,2022-23,Regular Season,0-2 Feet - Very Tight
203457,Nerlens Noel,1610612751,BKN,29.0,17,1,0.028,1,1,1.0,1.0,0.028,1,1,1.0,0.0,0,0,,2022-23,Regular Season,0-2 Feet - Very Tight
1631303,Justin Minaya,1610612757,POR,24.0,3,1,0.067,1,1,1.0,1.0,0.067,1,1,1.0,0.0,0,0,,2022-23,Regular Season,0-2 Feet - Very Tight
1630206,Jay Scrubb,1610612753,ORL,22.0,2,1,0.143,1,1,1.0,1.0,0.143,1,1,1.0,0.0,0,0,,2022-23,Regular Season,0-2 Feet - Very Tight
1631120,JD Davison,1610612738,BOS,20.0,12,1,0.053,1,1,1.0,1.0,0.053,1,1,1.0,0.0,0,0,,2022-23,Regular Season,0-2 Feet - Very Tight
1629603,Mamadi Diakite,1610612739,CLE,26.0,22,1,0.02,1,1,1.0,1.0,0.02,1,1,1.0,0.0,0,0,,2022-23,Regular Season,0-2 Feet - Very Tight
1627780,Gary Payton II,1610612744,GSW,30.0,22,1,0.014,1,1,1.0,1.0,0.014,1,1,1.0,0.0,0,0,,2022-23,Regular Season,0-2 Feet - Very Tight
1631123,Jamaree Bouyea,1610612748,MIA,24.0,5,1,0.071,1,1,1.0,1.0,0.071,1,1,1.0,0.0,0,0,,2022-23,Regular Season,0-2 Feet - Very Tight
1629662,Mfiondu Kabengele,1610612738,BOS,25.0,4,1,0.143,1,1,1.0,1.0,0.143,1,1,1.0,0.0,0,0,,2022-23,Regular Season,0-2 Feet - Very Tight
1631197,Jared Rhoden,1610612765,DET,23.0,14,1,0.023,1,1,1.0,1.0,0.023,1,1,1.0,0.0,0,0,,2022-23,Regular Season,0-2 Feet - Very Tight
1631219,John Butler Jr.,1610612757,POR,20.0,18,1,0.024,1,1,1.0,1.0,0.024,1,1,1.0,0.0,0,0,,2022-23,Regular Season,0-2 Feet - Very Tight
1631495,Donovan Williams,1610612737,ATL,21.0,2,1,0.2,1,1,1.0,1.0,0.2,1,1,1.0,0.0,0,0,,2022-23,Regular Season,0-2 Feet - Very Tight
203109,Jae Crowder,1610612749,MIL,32.0,18,1,0.011,1,1,1.0,1.0,0.011,1,1,1.0,0.0,0,0,,2022-23,Regular Season,0-2 Feet - Very Tight
1641645,Xavier Cooks,1610612764,WAS,27.0,10,1,0.036,0,1,0.0,0.0,0.036,0,1,0.0,0.0,0,0,,2022-23,Regular Season,0-2 Feet - Very Tight
1629653,Devon Dotson,1610612764,WAS,23.0,6,1,0.111,0,1,0.0,0.0,0.111,0,1,0.0,0.0,0,0,,2022-23,Regular Season,0-2 Feet - Very Tight
203490,Otto Porter Jr.,1610612761,TOR,30.0,8,1,0.033,0,1,0.0,0.0,0.033,0,1,0.0,0.0,0,0,,2022-23,Regular Season,0-2 Feet - Very Tight
1630563,Joshua Primo,1610612759,SAS,20.0,4,1,0.038,0,1,0.0,0.0,0.038,0,1,0.0,0.0,0,0,,2022-23,Regular Season,0-2 Feet - Very Tight
202722,Davis Bertans,1610612742,DAL,30.0,45,1,0.006,0,1,0.0,0.0,0.0,0,0,,0.006,0,1,0.0,2022-23,Regular Season,0-2 Feet - Very Tight
1631260,AJ Green,1610612749,MIL,23.0,35,1,0.008,0,1,0.0,0.0,0.008,0,1,0.0,0.0,0,0,,2022-23,Regular Season,0-2 Feet - Very Tight
1631246,Vince Williams Jr.,1610612763,MEM,22.0,15,1,0.025,0,1,0.0,0.0,0.025,0,1,0.0,0.0,0,0,,2022-23,Regular Season,0-2 Feet - Very Tight
203521,Matthew Dellavedova,1610612758,SAC,32.0,32,1,0.02,0,1,0.0,0.0,0.02,0,1,0.0,0.0,0,0,,2022-23,Regular Season,0-2 Feet - Very Tight
1631160,Jordan Hall,1610612759,SAS,21.0,9,1,0.036,0,1,0.0,0.0,0.036,0,1,0.0,0.0,0,0,,2022-23,Regular Season,0-2 Feet - Very Tight
1629714,Jarrell Brantley,1610612762,UTA,27.0,4,1,0.071,0,1,0.0,0.0,0.071,0,1,0.0,0.0,0,0,,2022-23,Regular Season,0-2 Feet - Very Tight
203095,Evan Fournier,1610612752,NYK,30.0,27,1,0.006,0,1,0.0,0.0,0.006,0,1,0.0,0.0,0,0,,2022-23,Regular Season,0-2 Feet - Very Tight
1631298,Jack White,1610612743,DEN,25.0,17,1,0.053,0,1,0.0,0.0,0.053,0,1,0.0,0.0,0,0,,2022-23,Regular Season,0-2 Feet - Very Tight
1631222,Jake LaRavia,1610612763,MEM,21.0,35,1,0.011,0,1,0.0,0.0,0.011,0,1,0.0,0.0,0,0,,2022-23,Regular Season,0-2 Feet - Very Tight
1630564,RaiQuan Gray,1610612751,BKN,23.0,1,1,0.083,0,1,0.0,0.0,0.083,0,1,0.0,0.0,0,0,,2022-23,Regular Season,0-2 Feet - Very Tight
1628382,Justin Jackson,1610612738,BOS,28.0,23,1,0.037,0,1,0.0,0.0,0.037,0,1,0.0,0.0,0,0,,2022-23,Regular Season,0-2 Feet - Very Tight
1630195,Leandro Bolmaro,1610612762,UTA,22.0,14,1,0.053,0,1,0.0,0.0,0.053,0,1,0.0,0.0,0,0,,2022-23,Regular Season,0-2 Feet - Very Tight
1628425,Sterling Brown,1610612747,LAL,28.0,4,1,0.25,0,1,0.0,0.0,0.25,0,1,0.0,0.0,0,0,,2022-23,Regular Season,0-2 Feet - Very Tight
1631157,Ryan Rollins,1610612744,GSW,20.0,12,1,0.05,0,1,0.0,0.0,0.05,0,1,0.0,0.0,0,0,,2022-23,Regular Season,0-2 Feet - Very Tight
1631165,Keon Ellis,1610612758,SAC,23.0,16,1,0.063,0,1,0.0,0.0,0.063,0,1,0.0,0.0,0,0,,2022-23,Regular Season,0-2 Feet - Very Tight
1628369,Jayson Tatum,1610612738,BOS,25.0,74,74,0.506,376,789,0.477,0.522,0.355,305,554,0.551,0.151,71,235,0.302,2022-23,Regular Season,2-4 Feet - Tight
201942,DeMar DeRozan,1610612741,CHI,33.0,73,73,0.581,390,746,0.523,0.527,0.563,384,723,0.531,0.018,6,23,0.261,2022-23,Regular Season,2-4 Feet - Tight
203507,Giannis Antetokounmpo,1610612749,MIL,28.0,63,63,0.532,426,681,0.626,0.626,0.532,426,680,0.626,0.001,0,1,0.0,2022-23,Regular Season,2-4 Feet - Tight
1630162,Anthony Edwards,1610612750,MIN,21.0,78,78,0.445,331,675,0.49,0.519,0.365,292,553,0.528,0.08,39,122,0.32,2022-23,Regular Season,2-4 Feet - Tight
1628378,Donovan Mitchell,1610612739,CLE,26.0,68,68,0.458,322,642,0.502,0.539,0.35,274,490,0.559,0.108,48,152,0.316,2022-23,Regular Season,2-4 Feet - Tight
1628389,Bam Adebayo,1610612748,MIA,25.0,75,75,0.566,332,630,0.527,0.527,0.564,332,628,0.529,0.002,0,2,0.0,2022-23,Regular Season,2-4 Feet - Tight
1627759,Jaylen Brown,1610612738,BOS,26.0,67,67,0.448,336,620,0.542,0.569,0.364,302,503,0.6,0.085,34,117,0.291,2022-23,Regular Season,2-4 Feet - Tight
203999,Nikola Jokić,1610612743,DEN,28.0,69,69,0.601,399,614,0.65,0.653,0.584,395,597,0.662,0.017,4,17,0.235,2022-23,Regular Season,2-4 Feet - Tight
1627749,Dejounte Murray,1610612737,ATL,26.0,74,73,0.465,304,613,0.496,0.515,0.411,280,542,0.517,0.054,24,71,0.338,2022-23,Regular Season,2-4 Feet - Tight
1630596,Evan Mobley,1610612739,CLE,22.0,79,79,0.645,356,611,0.583,0.583,0.642,355,609,0.583,0.002,1,2,0.5,2022-23,Regular Season,2-4 Feet - Tight
1628983,Shai Gilgeous-Alexander,1610612760,OKC,24.0,68,68,0.442,322,611,0.527,0.529,0.437,319,603,0.529,0.006,3,8,0.375,2022-23,Regular Season,2-4 Feet - Tight
1627783,Pascal Siakam,1610612761,TOR,29.0,71,71,0.464,325,609,0.534,0.536,0.446,322,586,0.549,0.018,3,23,0.13,2022-23,Regular Season,2-4 Feet - Tight
1629029,Luka Doncic,1610612742,DAL,24.0,66,66,0.418,345,605,0.57,0.581,0.373,332,540,0.615,0.045,13,65,0.2,2022-23,Regular Season,2-4 Feet - Tight
1629630,Ja Morant,1610612763,MEM,23.0,61,61,0.484,288,588,0.49,0.491,0.476,287,578,0.497,0.008,1,10,0.1,2022-23,Regular Season,2-4 Feet - Tight
1630224,Jalen Green,1610612745,HOU,21.0,76,76,0.433,252,587,0.429,0.46,0.355,216,482,0.448,0.077,36,105,0.343,2022-23,Regular Season,2-4 Feet - Tight
1629628,RJ Barrett,1610612752,NYK,23.0,73,72,0.493,279,580,0.481,0.486,0.465,273,547,0.499,0.028,6,33,0.182,2022-23,Regular Season,2-4 Feet - Tight
1626164,Devin Booker,1610612756,PHX,26.0,53,53,0.534,273,570,0.479,0.501,0.454,248,484,0.512,0.081,25,86,0.291,2022-23,Regular Season,2-4 Feet - Tight
1630581,Josh Giddey,1610612760,OKC,20.0,76,76,0.508,297,568,0.523,0.523,0.506,297,566,0.525,0.002,0,2,0.0,2022-23,Regular Season,2-4 Feet - Tight
1629027,Trae Young,1610612737,ATL,24.0,73,73,0.402,258,559,0.462,0.465,0.384,254,534,0.476,0.018,4,25,0.16,2022-23,Regular Season,2-4 Feet - Tight
203954,Joel Embiid,1610612755,PHI,29.0,66,66,0.419,323,557,0.58,0.582,0.408,321,542,0.592,0.011,2,15,0.133,2022-23,Regular Season,2-4 Feet - Tight
1631094,Paolo Banchero,1610612753,ORL,20.0,72,72,0.495,253,555,0.456,0.466,0.467,242,524,0.462,0.028,11,31,0.355,2022-23,Regular Season,2-4 Feet - Tight
203944,Julius Randle,1610612752,NYK,28.0,77,77,0.381,290,545,0.532,0.552,0.326,268,466,0.575,0.055,22,79,0.278,2022-23,Regular Season,2-4 Feet - Tight
1626179,Terry Rozier,1610612766,CHA,29.0,63,62,0.462,225,545,0.413,0.44,0.353,195,416,0.469,0.109,30,129,0.233,2022-23,Regular Season,2-4 Feet - Tight
1630532,Franz Wagner,1610612753,ORL,21.0,80,80,0.483,282,539,0.523,0.527,0.463,278,517,0.538,0.02,4,22,0.182,2022-23,Regular Season,2-4 Feet - Tight
1630578,Alperen Sengun,1610612745,HOU,20.0,75,75,0.673,310,537,0.577,0.577,0.67,310,535,0.579,0.003,0,2,0.0,2022-23,Regular Season,2-4 Feet - Tight
202710,Jimmy Butler III,1610612748,MIA,33.0,64,64,0.604,288,536,0.537,0.537,0.591,288,525,0.549,0.012,0,11,0.0,2022-23,Regular Season,2-4 Feet - Tight
1628973,Jalen Brunson,1610612752,NYK,26.0,68,68,0.447,259,534,0.485,0.494,0.418,249,499,0.499,0.029,10,35,0.286,2022-23,Regular Season,2-4 Feet - Tight
203468,CJ McCollum,1610612740,NOP,31.0,75,75,0.394,242,529,0.457,0.479,0.339,219,455,0.481,0.055,23,74,0.311,2022-23,Regular Season,2-4 Feet - Tight
203076,Anthony Davis,1610612747,LAL,30.0,56,55,0.545,326,523,0.623,0.623,0.544,326,522,0.625,0.001,0,1,0.0,2022-23,Regular Season,2-4 Feet - Tight
1628368,De'Aaron Fox,1610612758,SAC,25.0,73,72,0.39,326,519,0.628,0.64,0.368,314,490,0.641,0.022,12,29,0.414,2022-23,Regular Season,2-4 Feet - Tight
203081,Damian Lillard,1610612757,POR,32.0,58,58,0.43,261,517,0.505,0.566,0.273,198,328,0.604,0.157,63,189,0.333,2022-23,Regular Season,2-4 Feet - Tight
202681,Kyrie Irving,1610612742,DAL,31.0,60,60,0.43,259,517,0.501,0.529,0.346,230,416,0.553,0.084,29,101,0.287,2022-23,Regular Season,2-4 Feet - Tight
201142,Kevin Durant,1610612756,PHX,34.0,47,47,0.602,291,516,0.564,0.599,0.489,255,419,0.609,0.113,36,97,0.371,2022-23,Regular Season,2-4 Feet - Tight
1630567,Scottie Barnes,1610612761,TOR,21.0,77,74,0.508,271,516,0.525,0.526,0.501,270,509,0.53,0.007,1,7,0.143,2022-23,Regular Season,2-4 Feet - Tight
1627734,Domantas Sabonis,1610612758,SAC,27.0,79,79,0.545,342,512,0.668,0.669,0.543,341,510,0.669,0.002,1,2,0.5,2022-23,Regular Season,2-4 Feet - Tight
1629640,Keldon Johnson,1610612759,SAS,23.0,61,61,0.459,251,495,0.507,0.51,0.431,248,465,0.533,0.028,3,30,0.1,2022-23,Regular Season,2-4 Feet - Tight
203903,Jordan Clarkson,1610612762,UTA,31.0,61,61,0.48,225,494,0.455,0.487,0.376,194,387,0.501,0.104,31,107,0.29,2022-23,Regular Season,2-4 Feet - Tight
204001,Kristaps Porziņģis,1610612764,WAS,27.0,65,65,0.484,269,493,0.546,0.556,0.454,259,462,0.561,0.03,10,31,0.323,2022-23,Regular Season,2-4 Feet - Tight
1631097,Bennedict Mathurin,1610612754,IND,21.0,78,76,0.517,220,492,0.447,0.458,0.475,209,452,0.462,0.042,11,40,0.275,2022-23,Regular Season,2-4 Feet - Tight
1629639,Tyler Herro,1610612748,MIA,23.0,67,67,0.439,224,487,0.46,0.509,0.326,176,362,0.486,0.113,48,125,0.384,2022-23,Regular Season,2-4 Feet - Tight
2544,LeBron James,1610612747,LAL,38.0,55,55,0.399,287,486,0.591,0.596,0.365,282,444,0.635,0.035,5,42,0.119,2022-23,Regular Season,2-4 Feet - Tight
1629028,Deandre Ayton,1610612756,PHX,24.0,67,67,0.54,296,479,0.618,0.618,0.54,296,479,0.618,0.0,0,0,,2022-23,Regular Season,2-4 Feet - Tight
203897,Zach LaVine,1610612741,CHI,28.0,76,76,0.349,259,477,0.543,0.572,0.285,231,390,0.592,0.064,28,87,0.322,2022-23,Regular Season,2-4 Feet - Tight
202696,Nikola Vucevic,1610612741,CHI,32.0,81,80,0.419,296,472,0.627,0.627,0.417,296,470,0.63,0.002,0,2,0.0,2022-23,Regular Season,2-4 Feet - Tight
1628398,Kyle Kuzma,1610612764,WAS,27.0,64,63,0.41,242,468,0.517,0.531,0.373,229,426,0.538,0.037,13,42,0.31,2022-23,Regular Season,2-4 Feet - Tight
1627742,Brandon Ingram,1610612740,NOP,25.0,45,45,0.556,228,464,0.491,0.504,0.506,216,422,0.512,0.05,12,42,0.286,2022-23,Regular Season,2-4 Feet - Tight
202691,Klay Thompson,1610612744,GSW,33.0,68,68,0.373,189,463,0.408,0.492,0.192,111,239,0.464,0.18,78,224,0.348,2022-23,Regular Season,2-4 Feet - Tight
1628374,Lauri Markkanen,1610612762,UTA,26.0,66,66,0.403,254,462,0.55,0.563,0.357,242,409,0.592,0.046,12,53,0.226,2022-23,Regular Season,2-4 Feet - Tight
1628969,Mikal Bridges,1610612751,BKN,26.0,83,82,0.363,213,460,0.463,0.492,0.297,186,376,0.495,0.066,27,84,0.321,2022-23,Regular Season,2-4 Feet - Tight
1629673,Jordan Poole,1610612744,GSW,24.0,81,81,0.361,217,456,0.476,0.502,0.287,193,362,0.533,0.074,24,94,0.255,2022-23,Regular Season,2-4 Feet - Tight
202685,Jonas Valančiūnas,1610612740,NOP,31.0,79,76,0.556,282,453,0.623,0.623,0.555,282,452,0.624,0.001,0,1,0.0,2022-23,Regular Season,2-4 Feet - Tight
1629636,Darius Garland,1610612739,CLE,23.0,69,69,0.391,222,442,0.502,0.519,0.357,207,403,0.514,0.035,15,39,0.385,2022-23,Regular Season,2-4 Feet - Tight
1630217,Desmond Bane,1610612763,MEM,25.0,58,58,0.467,214,438,0.489,0.511,0.396,194,371,0.523,0.071,20,67,0.299,2022-23,Regular Season,2-4 Feet - Tight
203915,Spencer Dinwiddie,1610612751,BKN,30.0,79,74,0.412,205,433,0.473,0.499,0.349,183,366,0.5,0.064,22,67,0.328,2022-23,Regular Season,2-4 Feet - Tight
1629014,Anfernee Simons,1610612757,POR,24.0,62,62,0.414,196,433,0.453,0.495,0.29,159,303,0.525,0.124,37,130,0.285,2022-23,Regular Season,2-4 Feet - Tight
1629023,P.J. Washington,1610612766,CHA,24.0,73,73,0.443,210,431,0.487,0.506,0.391,194,381,0.509,0.051,16,50,0.32,2022-23,Regular Season,2-4 Feet - Tight
1628991,Jaren Jackson Jr.,1610612763,MEM,23.0,63,63,0.516,233,424,0.55,0.55,0.502,233,413,0.564,0.013,0,11,0.0,2022-23,Regular Season,2-4 Feet - Tight
202331,Paul George,1610612746,LAC,33.0,56,55,0.409,202,411,0.491,0.535,0.302,166,303,0.548,0.108,36,108,0.333,2022-23,Regular Season,2-4 Feet - Tight
1631114,Jalen Williams,1610612760,OKC,22.0,75,75,0.515,234,409,0.572,0.572,0.514,234,408,0.574,0.001,0,1,0.0,2022-23,Regular Season,2-4 Feet - Tight
201566,Russell Westbrook,1610612746,LAC,34.0,73,73,0.411,198,406,0.488,0.49,0.398,196,393,0.499,0.013,2,13,0.154,2022-23,Regular Season,2-4 Feet - Tight
1627751,Jakob Poeltl,1610612761,TOR,27.0,71,69,0.635,241,387,0.623,0.623,0.635,241,387,0.623,0.0,0,0,,2022-23,Regular Season,2-4 Feet - Tight
1631093,Jaden Ivey,1610612765,DET,21.0,73,73,0.401,159,387,0.411,0.412,0.391,158,378,0.418,0.009,1,9,0.111,2022-23,Regular Season,2-4 Feet - Tight
201935,James Harden,1610612755,PHI,33.0,58,58,0.457,174,385,0.452,0.499,0.336,138,283,0.488,0.121,36,102,0.353,2022-23,Regular Season,2-4 Feet - Tight
203991,Clint Capela,1610612737,ATL,29.0,65,65,0.713,247,382,0.647,0.647,0.713,247,382,0.647,0.0,0,0,,2022-23,Regular Season,2-4 Feet - Tight
1628365,Markelle Fultz,1610612753,ORL,25.0,60,60,0.563,197,382,0.516,0.52,0.552,194,375,0.517,0.01,3,7,0.429,2022-23,Regular Season,2-4 Feet - Tight
203078,Bradley Beal,1610612764,WAS,30.0,50,49,0.434,204,381,0.535,0.543,0.397,198,348,0.569,0.038,6,33,0.182,2022-23,Regular Season,2-4 Feet - Tight
1629651,Nic Claxton,1610612751,BKN,24.0,76,76,0.645,270,378,0.714,0.714,0.645,270,378,0.714,0.0,0,0,,2022-23,Regular Season,2-4 Feet - Tight
201939,Stephen Curry,1610612744,GSW,35.0,55,55,0.337,193,378,0.511,0.558,0.231,157,259,0.606,0.106,36,119,0.303,2022-23,Regular Season,2-4 Feet - Tight
1630178,Tyrese Maxey,1610612755,PHI,22.0,60,60,0.411,195,375,0.52,0.532,0.387,186,353,0.527,0.024,9,22,0.409,2022-23,Regular Season,2-4 Feet - Tight
1626162,Kelly Oubre Jr.,1610612766,CHA,27.0,48,48,0.457,177,373,0.475,0.493,0.395,163,322,0.506,0.063,14,51,0.275,2022-23,Regular Season,2-4 Feet - Tight
1628386,Jarrett Allen,1610612739,CLE,25.0,68,65,0.594,247,372,0.664,0.664,0.594,247,372,0.664,0.0,0,0,,2022-23,Regular Season,2-4 Feet - Tight
203497,Rudy Gobert,1610612750,MIN,31.0,69,67,0.673,238,364,0.654,0.654,0.671,238,363,0.656,0.002,0,1,0.0,2022-23,Regular Season,2-4 Feet - Tight
202695,Kawhi Leonard,1610612746,LAC,32.0,52,52,0.414,187,361,0.518,0.53,0.372,178,324,0.549,0.042,9,37,0.243,2022-23,Regular Season,2-4 Feet - Tight
203932,Aaron Gordon,1610612743,DEN,27.0,68,67,0.47,228,358,0.637,0.641,0.453,225,345,0.652,0.017,3,13,0.231,2022-23,Regular Season,2-4 Feet - Tight
203924,Jerami Grant,1610612757,POR,29.0,63,63,0.392,192,358,0.536,0.556,0.353,178,322,0.553,0.039,14,36,0.389,2022-23,Regular Season,2-4 Feet - Tight
202711,Bojan Bogdanovic,1610612765,DET,34.0,58,58,0.413,179,355,0.504,0.532,0.345,159,296,0.537,0.069,20,59,0.339,2022-23,Regular Season,2-4 Feet - Tight
1627832,Fred VanVleet,1610612761,TOR,29.0,69,69,0.319,142,355,0.4,0.421,0.248,127,276,0.46,0.071,15,79,0.19,2022-23,Regular Season,2-4 Feet - Tight
1629018,Gary Trent Jr.,1610612761,TOR,24.0,66,66,0.374,163,350,0.466,0.5,0.304,139,284,0.489,0.071,24,66,0.364,2022-23,Regular Season,2-4 Feet - Tight
1629645,Kevin Porter Jr.,1610612745,HOU,23.0,59,59,0.396,154,350,0.44,0.473,0.317,131,280,0.468,0.079,23,70,0.329,2022-23,Regular Season,2-4 Feet - Tight
1626181,Norman Powell,1610612746,LAC,30.0,60,60,0.49,176,348,0.506,0.546,0.386,148,274,0.54,0.104,28,74,0.378,2022-23,Regular Season,2-4 Feet - Tight
201950,Jrue Holiday,1610612749,MIL,33.0,67,66,0.339,192,347,0.553,0.565,0.312,184,319,0.577,0.027,8,28,0.286,2022-23,Regular Season,2-4 Feet - Tight
1626171,Bobby Portis,1610612749,MIL,28.0,70,70,0.431,175,346,0.506,0.51,0.407,172,327,0.526,0.024,3,19,0.158,2022-23,Regular Season,2-4 Feet - Tight
1630231,KJ Martin,1610612745,HOU,22.0,82,82,0.479,222,345,0.643,0.643,0.474,222,341,0.651,0.006,0,4,0.0,2022-23,Regular Season,2-4 Feet - Tight
1627826,Ivica Zubac,1610612746,LAC,26.0,76,73,0.669,217,344,0.631,0.631,0.669,217,344,0.631,0.0,0,0,,2022-23,Regular Season,2-4 Feet - Tight
1629008,Michael Porter Jr.,1610612743,DEN,25.0,62,62,0.421,164,344,0.477,0.538,0.261,122,213,0.573,0.16,42,131,0.321,2022-23,Regular Season,2-4 Feet - Tight
1627736,Malik Beasley,1610612747,LAL,26.0,81,79,0.367,142,344,0.413,0.494,0.193,86,181,0.475,0.174,56,163,0.344,2022-23,Regular Season,2-4 Feet - Tight
202699,Tobias Harris,1610612755,PHI,30.0,74,72,0.406,187,343,0.545,0.558,0.381,178,322,0.553,0.025,9,21,0.429,2022-23,Regular Season,2-4 Feet - Tight
1630200,Tre Jones,1610612759,SAS,23.0,65,64,0.485,167,343,0.487,0.487,0.481,167,340,0.491,0.004,0,3,0.0,2022-23,Regular Season,2-4 Feet - Tight
1628415,Dillon Brooks,1610612763,MEM,27.0,73,72,0.346,159,343,0.464,0.474,0.318,152,315,0.483,0.028,7,28,0.25,2022-23,Regular Season,2-4 Feet - Tight
201572,Brook Lopez,1610612749,MIL,35.0,78,73,0.379,218,341,0.639,0.644,0.359,215,323,0.666,0.02,3,18,0.167,2022-23,Regular Season,2-4 Feet - Tight
1626167,Myles Turner,1610612754,IND,27.0,62,61,0.462,205,339,0.605,0.609,0.443,202,325,0.622,0.019,3,14,0.214,2022-23,Regular Season,2-4 Feet - Tight
1628971,Bruce Brown,1610612743,DEN,26.0,80,80,0.455,176,337,0.522,0.53,0.433,171,321,0.533,0.022,5,16,0.313,2022-23,Regular Season,2-4 Feet - Tight
1629631,De'Andre Hunter,1610612737,ATL,25.0,67,66,0.41,159,337,0.472,0.479,0.388,154,319,0.483,0.022,5,18,0.278,2022-23,Regular Season,2-4 Feet - Tight
203486,Mason Plumlee,1610612746,LAC,33.0,79,78,0.696,231,336,0.688,0.688,0.696,231,336,0.688,0.0,0,0,,2022-23,Regular Season,2-4 Feet - Tight
1628384,OG Anunoby,1610612761,TOR,25.0,67,66,0.374,168,331,0.508,0.517,0.348,162,308,0.526,0.026,6,23,0.261,2022-23,Regular Season,2-4 Feet - Tight
1630193,Immanuel Quickley,1610612752,NYK,24.0,81,78,0.351,152,329,0.462,0.485,0.295,137,276,0.496,0.057,15,53,0.283,2022-23,Regular Season,2-4 Feet - Tight
1631095,Jabari Smith Jr.,1610612745,HOU,20.0,79,77,0.368,159,328,0.485,0.503,0.326,147,291,0.505,0.041,12,37,0.324,2022-23,Regular Season,2-4 Feet - Tight
1629652,Luguentz Dort,1610612760,OKC,24.0,74,73,0.376,128,328,0.39,0.396,0.355,124,310,0.4,0.021,4,18,0.222,2022-23,Regular Season,2-4 Feet - Tight
1627750,Jamal Murray,1610612743,DEN,26.0,65,65,0.313,147,326,0.451,0.471,0.267,134,278,0.482,0.046,13,48,0.271,2022-23,Regular Season,2-4 Feet - Tight
1631106,Tari Eason,1610612745,HOU,22.0,82,78,0.486,157,321,0.489,0.491,0.479,156,316,0.494,0.008,1,5,0.2,2022-23,Regular Season,2-4 Feet - Tight
1630168,Onyeka Okongwu,1610612737,ATL,22.0,80,77,0.64,202,318,0.635,0.635,0.64,202,318,0.635,0.0,0,0,,2022-23,Regular Season,2-4 Feet - Tight
1628381,John Collins,1610612737,ATL,25.0,71,70,0.446,183,315,0.581,0.583,0.433,182,306,0.595,0.013,1,9,0.111,2022-23,Regular Season,2-4 Feet - Tight
1626156,D'Angelo Russell,1610612747,LAL,27.0,71,69,0.328,152,311,0.489,0.518,0.266,134,252,0.532,0.062,18,59,0.305,2022-23,Regular Season,2-4 Feet - Tight
203084,Harrison Barnes,1610612758,SAC,31.0,82,79,0.386,161,306,0.526,0.528,0.372,160,295,0.542,0.014,1,11,0.091,2022-23,Regular Season,2-4 Feet - Tight
1629627,Zion Williamson,1610612740,NOP,22.0,29,29,0.651,189,304,0.622,0.622,0.651,189,304,0.622,0.0,0,0,,2022-23,Regular Season,2-4 Feet - Tight
1630169,Tyrese Haliburton,1610612754,IND,23.0,56,56,0.358,158,301,0.525,0.532,0.337,154,283,0.544,0.021,4,18,0.222,2022-23,Regular Season,2-4 Feet - Tight
1626174,Christian Wood,1610612742,DAL,27.0,67,66,0.39,184,300,0.613,0.615,0.381,183,293,0.625,0.009,1,7,0.143,2022-23,Regular Season,2-4 Feet - Tight
1629622,Max Strus,1610612748,MIA,27.0,80,75,0.368,116,291,0.399,0.452,0.195,85,154,0.552,0.173,31,137,0.226,2022-23,Regular Season,2-4 Feet - Tight
1629675,Naz Reid,1610612750,MIN,23.0,68,64,0.492,182,284,0.641,0.643,0.48,181,277,0.653,0.012,1,7,0.143,2022-23,Regular Season,2-4 Feet - Tight
1631117,Walker Kessler,1610612762,UTA,21.0,74,71,0.676,208,280,0.743,0.743,0.676,208,280,0.743,0.0,0,0,,2022-23,Regular Season,2-4 Feet - Tight
202694,Marcus Morris Sr.,1610612746,LAC,33.0,65,63,0.435,130,280,0.464,0.511,0.331,104,213,0.488,0.104,26,67,0.388,2022-23,Regular Season,2-4 Feet - Tight
1631110,Jeremy Sochan,1610612759,SAS,20.0,55,54,0.514,131,279,0.47,0.47,0.505,131,274,0.478,0.009,0,5,0.0,2022-23,Regular Season,2-4 Feet - Tight
1630183,Jaden McDaniels,1610612750,MIN,22.0,78,76,0.392,163,278,0.586,0.592,0.371,160,263,0.608,0.021,3,15,0.2,2022-23,Regular Season,2-4 Feet - Tight
203994,Jusuf Nurkić,1610612757,POR,28.0,52,50,0.55,158,278,0.568,0.568,0.549,158,277,0.57,0.002,0,1,0.0,2022-23,Regular Season,2-4 Feet - Tight
1630165,Killian Hayes,1610612765,DET,21.0,75,74,0.348,108,278,0.388,0.39,0.328,107,262,0.408,0.02,1,16,0.063,2022-23,Regular Season,2-4 Feet - Tight
1626145,Tyus Jones,1610612763,MEM,27.0,80,75,0.386,130,274,0.474,0.496,0.348,118,247,0.478,0.038,12,27,0.444,2022-23,Regular Season,2-4 Feet - Tight
203501,Tim Hardaway Jr.,1610612742,DAL,31.0,71,66,0.32,119,271,0.439,0.515,0.211,78,179,0.436,0.109,41,92,0.446,2022-23,Regular Season,2-4 Feet - Tight
1628989,Kevin Huerter,1610612758,SAC,24.0,75,71,0.312,152,270,0.563,0.606,0.238,129,206,0.626,0.074,23,64,0.359,2022-23,Regular Season,2-4 Feet - Tight
1629655,Daniel Gafford,1610612764,WAS,24.0,78,73,0.678,203,268,0.757,0.757,0.678,203,268,0.757,0.0,0,0,,2022-23,Regular Season,2-4 Feet - Tight
1629626,Bol Bol,1610612753,ORL,23.0,70,62,0.561,155,268,0.578,0.59,0.517,149,247,0.603,0.044,6,21,0.286,2022-23,Regular Season,2-4 Feet - Tight
1630180,Saddiq Bey,1610612737,ATL,24.0,76,72,0.325,128,266,0.481,0.491,0.287,123,235,0.523,0.038,5,31,0.161,2022-23,Regular Season,2-4 Feet - Tight
1631105,Jalen Duren,1610612765,DET,19.0,66,61,0.672,163,264,0.617,0.617,0.669,163,263,0.62,0.003,0,1,0.0,2022-23,Regular Season,2-4 Feet - Tight
1629003,Shake Milton,1610612755,PHI,26.0,76,69,0.517,132,260,0.508,0.512,0.493,130,248,0.524,0.024,2,12,0.167,2022-23,Regular Season,2-4 Feet - Tight
1628370,Malik Monk,1610612758,SAC,25.0,77,73,0.322,120,256,0.469,0.479,0.291,115,232,0.496,0.03,5,24,0.208,2022-23,Regular Season,2-4 Feet - Tight
1627741,Buddy Hield,1610612754,IND,30.0,80,76,0.247,117,256,0.457,0.492,0.185,99,192,0.516,0.062,18,64,0.281,2022-23,Regular Season,2-4 Feet - Tight
203937,Kyle Anderson,1610612750,MIN,29.0,68,63,0.52,140,254,0.551,0.551,0.516,140,252,0.556,0.004,0,2,0.0,2022-23,Regular Season,2-4 Feet - Tight
1627747,Caris LeVert,1610612739,CLE,28.0,74,69,0.342,119,254,0.469,0.48,0.326,113,242,0.467,0.016,6,12,0.5,2022-23,Regular Season,2-4 Feet - Tight
203471,Dennis Schröder,1610612747,LAL,29.0,66,65,0.389,104,253,0.411,0.411,0.386,104,251,0.414,0.003,0,2,0.0,2022-23,Regular Season,2-4 Feet - Tight
204456,T.J. McConnell,1610612754,IND,31.0,75,68,0.482,139,251,0.554,0.556,0.48,138,250,0.552,0.002,1,1,1.0,2022-23,Regular Season,2-4 Feet - Tight
1627763,Malcolm Brogdon,1610612738,BOS,30.0,67,66,0.343,129,251,0.514,0.52,0.335,126,245,0.514,0.008,3,6,0.5,2022-23,Regular Season,2-4 Feet - Tight
1630166,Deni Avdija,1610612764,WAS,22.0,76,70,0.427,125,247,0.506,0.508,0.415,124,240,0.517,0.012,1,7,0.143,2022-23,Regular Season,2-4 Feet - Tight
1628401,Derrick White,1610612738,BOS,28.0,82,78,0.325,126,246,0.512,0.518,0.307,123,233,0.528,0.017,3,13,0.231,2022-23,Regular Season,2-4 Feet - Tight
1629669,Jaylen Nowell,1610612750,MIN,23.0,65,62,0.393,120,245,0.49,0.492,0.383,119,239,0.498,0.01,1,6,0.167,2022-23,Regular Season,2-4 Feet - Tight
1628449,Chris Boucher,1610612761,TOR,30.0,76,68,0.46,138,243,0.568,0.572,0.436,136,230,0.591,0.025,2,13,0.154,2022-23,Regular Season,2-4 Feet - Tight
1630245,Ayo Dosunmu,1610612741,CHI,23.0,79,74,0.432,135,243,0.556,0.556,0.432,135,243,0.556,0.0,0,0,,2022-23,Regular Season,2-4 Feet - Tight
1630175,Cole Anthony,1610612753,ORL,23.0,60,60,0.393,120,240,0.5,0.51,0.37,115,226,0.509,0.023,5,14,0.357,2022-23,Regular Season,2-4 Feet - Tight
1630172,Patrick Williams,1610612741,CHI,21.0,81,78,0.355,112,238,0.471,0.477,0.347,109,233,0.468,0.007,3,5,0.6,2022-23,Regular Season,2-4 Feet - Tight
1629667,Jalen McDaniels,1610612755,PHI,25.0,80,73,0.384,111,236,0.47,0.483,0.364,105,224,0.469,0.02,6,12,0.5,2022-23,Regular Season,2-4 Feet - Tight
1629020,Jarred Vanderbilt,1610612747,LAL,24.0,78,71,0.521,142,235,0.604,0.604,0.521,142,235,0.604,0.0,0,0,,2022-23,Regular Season,2-4 Feet - Tight
1628380,Zach Collins,1610612759,SAS,25.0,61,58,0.446,139,235,0.591,0.594,0.44,138,232,0.595,0.006,1,3,0.333,2022-23,Regular Season,2-4 Feet - Tight
1629634,Brandon Clarke,1610612763,MEM,26.0,56,54,0.67,154,234,0.658,0.658,0.67,154,234,0.658,0.0,0,0,,2022-23,Regular Season,2-4 Feet - Tight
1629659,Talen Horton-Tucker,1610612762,UTA,22.0,65,58,0.382,110,234,0.47,0.472,0.369,109,226,0.482,0.013,1,8,0.125,2022-23,Regular Season,2-4 Feet - Tight
1628976,Wendell Carter Jr.,1610612753,ORL,24.0,57,55,0.379,149,232,0.642,0.649,0.363,146,222,0.658,0.016,3,10,0.3,2022-23,Regular Season,2-4 Feet - Tight
1630230,Naji Marshall,1610612740,NOP,25.0,77,65,0.405,110,231,0.476,0.478,0.389,109,222,0.491,0.016,1,9,0.111,2022-23,Regular Season,2-4 Feet - Tight
202704,Reggie Jackson,1610612743,DEN,33.0,68,62,0.355,99,227,0.436,0.438,0.327,98,209,0.469,0.028,1,18,0.056,2022-23,Regular Season,2-4 Feet - Tight
1630543,Isaiah Jackson,1610612754,IND,21.0,63,58,0.711,128,226,0.566,0.566,0.708,128,225,0.569,0.003,0,1,0.0,2022-23,Regular Season,2-4 Feet - Tight
1628404,Josh Hart,1610612752,NYK,28.0,76,72,0.427,131,222,0.59,0.592,0.415,130,216,0.602,0.012,1,6,0.167,2022-23,Regular Season,2-4 Feet - Tight
1629060,Rui Hachimura,1610612747,LAL,25.0,63,60,0.378,117,221,0.529,0.532,0.37,116,216,0.537,0.009,1,5,0.2,2022-23,Regular Season,2-4 Feet - Tight
1631103,Malaki Branham,1610612759,SAS,20.0,63,57,0.38,114,221,0.516,0.52,0.361,112,210,0.533,0.019,2,11,0.182,2022-23,Regular Season,2-4 Feet - Tight
203082,Terrence Ross,1610612756,PHX,32.0,63,57,0.475,89,221,0.403,0.466,0.262,61,122,0.5,0.213,28,99,0.283,2022-23,Regular Season,2-4 Feet - Tight
1630164,James Wiseman,1610612765,DET,22.0,45,41,0.649,131,220,0.595,0.595,0.649,131,220,0.595,0.0,0,0,,2022-23,Regular Season,2-4 Feet - Tight
1628966,Keita Bates-Diop,1610612759,SAS,27.0,64,56,0.505,113,220,0.514,0.514,0.493,113,215,0.526,0.011,0,5,0.0,2022-23,Regular Season,2-4 Feet - Tight
203926,Doug McDermott,1610612759,SAS,31.0,63,62,0.426,97,220,0.441,0.489,0.293,76,151,0.503,0.134,21,69,0.304,2022-23,Regular Season,2-4 Feet - Tight
1629012,Collin Sexton,1610612762,UTA,24.0,48,47,0.461,111,216,0.514,0.516,0.446,110,209,0.526,0.015,1,7,0.143,2022-23,Regular Season,2-4 Feet - Tight
1631101,Shaedon Sharpe,1610612757,POR,20.0,80,71,0.332,118,215,0.549,0.56,0.312,113,202,0.559,0.02,5,13,0.385,2022-23,Regular Season,2-4 Feet - Tight
1626172,Kevon Looney,1610612744,GSW,27.0,81,72,0.568,133,214,0.621,0.621,0.568,133,214,0.621,0.0,0,0,,2022-23,Regular Season,2-4 Feet - Tight
1630228,Jonathan Kuminga,1610612744,GSW,20.0,67,59,0.429,130,213,0.61,0.61,0.425,130,211,0.616,0.004,0,2,0.0,2022-23,Regular Season,2-4 Feet - Tight
1629234,Drew Eubanks,1610612757,POR,26.0,77,70,0.66,135,212,0.637,0.637,0.66,135,212,0.637,0.0,0,0,,2022-23,Regular Season,2-4 Feet - Tight
203110,Draymond Green,1610612744,GSW,33.0,72,65,0.45,117,211,0.555,0.555,0.448,117,210,0.557,0.002,0,1,0.0,2022-23,Regular Season,2-4 Feet - Tight
1630560,Cam Thomas,1610612751,BKN,21.0,57,50,0.47,88,211,0.417,0.445,0.394,76,177,0.429,0.076,12,34,0.353,2022-23,Regular Season,2-4 Feet - Tight
1628963,Marvin Bagley III,1610612765,DET,24.0,42,42,0.551,120,209,0.574,0.574,0.549,120,208,0.577,0.003,0,1,0.0,2022-23,Regular Season,2-4 Feet - Tight
1628372,Dennis Smith Jr.,1610612766,CHA,25.0,54,52,0.462,108,209,0.517,0.519,0.438,107,198,0.54,0.024,1,11,0.091,2022-23,Regular Season,2-4 Feet - Tight
1630208,Nick Richards,1610612766,CHA,25.0,65,58,0.671,127,208,0.611,0.611,0.671,127,208,0.611,0.0,0,0,,2022-23,Regular Season,2-4 Feet - Tight
1630529,Herbert Jones,1610612740,NOP,24.0,66,61,0.412,114,206,0.553,0.556,0.41,113,205,0.551,0.002,1,1,1.0,2022-23,Regular Season,2-4 Feet - Tight
1628977,Hamidou Diallo,1610612765,DET,24.0,55,53,0.559,122,205,0.595,0.598,0.556,121,204,0.593,0.003,1,1,1.0,2022-23,Regular Season,2-4 Feet - Tight
1629611,Terance Mann,1610612746,LAC,26.0,81,72,0.39,119,204,0.583,0.586,0.38,118,199,0.593,0.01,1,5,0.2,2022-23,Regular Season,2-4 Feet - Tight
1630170,Devin Vassell,1610612759,SAS,22.0,38,38,0.343,98,204,0.48,0.522,0.271,81,161,0.503,0.072,17,43,0.395,2022-23,Regular Season,2-4 Feet - Tight
203992,Bogdan Bogdanović,1610612737,ATL,30.0,54,54,0.332,101,203,0.498,0.576,0.203,69,124,0.556,0.129,32,79,0.405,2022-23,Regular Season,2-4 Feet - Tight
1630163,LaMelo Ball,1610612766,CHA,21.0,36,36,0.282,77,203,0.379,0.389,0.259,73,187,0.39,0.022,4,16,0.25,2022-23,Regular Season,2-4 Feet - Tight
201569,Eric Gordon,1610612746,LAC,34.0,69,62,0.308,100,201,0.498,0.5,0.296,99,193,0.513,0.012,1,8,0.125,2022-23,Regular Season,2-4 Feet - Tight
1630188,Jalen Smith,1610612754,IND,23.0,68,63,0.392,128,199,0.643,0.646,0.382,127,194,0.655,0.01,1,5,0.2,2022-23,Regular Season,2-4 Feet - Tight
203935,Marcus Smart,1610612738,BOS,29.0,61,57,0.331,98,199,0.492,0.515,0.277,89,167,0.533,0.053,9,32,0.281,2022-23,Regular Season,2-4 Feet - Tight
201144,Mike Conley,1610612750,MIN,35.0,66,63,0.331,94,199,0.472,0.5,0.286,83,172,0.483,0.045,11,27,0.407,2022-23,Regular Season,2-4 Feet - Tight
1630530,Trey Murphy III,1610612740,NOP,23.0,79,73,0.248,113,198,0.571,0.588,0.227,106,181,0.586,0.021,7,17,0.412,2022-23,Regular Season,2-4 Feet - Tight
101108,Chris Paul,1610612756,PHX,38.0,59,58,0.296,85,198,0.429,0.447,0.244,78,163,0.479,0.052,7,35,0.2,2022-23,Regular Season,2-4 Feet - Tight
1630173,Precious Achiuwa,1610612761,TOR,23.0,55,51,0.483,109,195,0.559,0.562,0.47,108,190,0.568,0.012,1,5,0.2,2022-23,Regular Season,2-4 Feet - Tight
1630538,Bones Hyland,1610612746,LAC,22.0,56,54,0.336,72,192,0.375,0.396,0.28,64,160,0.4,0.056,8,32,0.25,2022-23,Regular Season,2-4 Feet - Tight
1628418,Thomas Bryant,1610612743,DEN,25.0,59,53,0.512,126,189,0.667,0.669,0.507,125,187,0.668,0.005,1,2,0.5,2022-23,Regular Season,2-4 Feet - Tight
1630583,Santi Aldama,1610612763,MEM,22.0,77,66,0.356,101,187,0.54,0.548,0.335,98,176,0.557,0.021,3,11,0.273,2022-23,Regular Season,2-4 Feet - Tight
203482,Kelly Olynyk,1610612762,UTA,32.0,68,63,0.334,107,186,0.575,0.586,0.321,103,179,0.575,0.013,4,7,0.571,2022-23,Regular Season,2-4 Feet - Tight
1631099,Keegan Murray,1610612758,SAC,22.0,80,70,0.238,90,186,0.484,0.503,0.215,83,168,0.494,0.023,7,18,0.389,2022-23,Regular Season,2-4 Feet - Tight
1631100,AJ Griffin,1610612737,ATL,19.0,72,64,0.347,89,185,0.481,0.492,0.317,85,169,0.503,0.03,4,16,0.25,2022-23,Regular Season,2-4 Feet - Tight
1629001,De'Anthony Melton,1610612755,PHI,25.0,77,71,0.284,87,185,0.47,0.481,0.258,83,168,0.494,0.026,4,17,0.235,2022-23,Regular Season,2-4 Feet - Tight
203952,Andrew Wiggins,1610612744,GSW,28.0,36,36,0.357,88,183,0.481,0.497,0.324,82,166,0.494,0.033,6,17,0.353,2022-23,Regular Season,2-4 Feet - Tight
203484,Kentavious Caldwell-Pope,1610612743,DEN,30.0,76,70,0.29,85,183,0.464,0.489,0.248,76,157,0.484,0.041,9,26,0.346,2022-23,Regular Season,2-4 Feet - Tight
1629011,Mitchell Robinson,1610612752,NYK,25.0,59,56,0.639,121,179,0.676,0.676,0.639,121,179,0.676,0.0,0,0,,2022-23,Regular Season,2-4 Feet - Tight
203083,Andre Drummond,1610612741,CHI,29.0,67,56,0.653,111,179,0.62,0.62,0.653,111,179,0.62,0.0,0,0,,2022-23,Regular Season,2-4 Feet - Tight
1630174,Aaron Nesmith,1610612754,IND,23.0,73,69,0.303,82,179,0.458,0.466,0.278,79,164,0.482,0.025,3,15,0.2,2022-23,Regular Season,2-4 Feet - Tight
1631109,Mark Williams,1610612766,CHA,21.0,43,41,0.701,114,176,0.648,0.648,0.701,114,176,0.648,0.0,0,0,,2022-23,Regular Season,2-4 Feet - Tight
1630214,Xavier Tillman,1610612763,MEM,24.0,61,55,0.575,111,176,0.631,0.631,0.572,111,175,0.634,0.003,0,1,0.0,2022-23,Regular Season,2-4 Feet - Tight
203500,Steven Adams,1610612763,MEM,29.0,42,42,0.669,109,176,0.619,0.619,0.669,109,176,0.619,0.0,0,0,,2022-23,Regular Season,2-4 Feet - Tight
1630528,Josh Christopher,1610612745,HOU,21.0,64,55,0.535,89,176,0.506,0.511,0.505,87,166,0.524,0.03,2,10,0.2,2022-23,Regular Season,2-4 Feet - Tight
1628997,Caleb Martin,1610612748,MIA,27.0,71,67,0.318,88,174,0.506,0.52,0.288,83,158,0.525,0.029,5,16,0.313,2022-23,Regular Season,2-4 Feet - Tight
1629614,Andrew Nembhard,1610612754,IND,23.0,75,63,0.27,84,174,0.483,0.486,0.266,83,171,0.485,0.005,1,3,0.333,2022-23,Regular Season,2-4 Feet - Tight
1626157,Karl-Anthony Towns,1610612750,MIN,27.0,28,28,0.423,90,173,0.52,0.52,0.406,90,166,0.542,0.017,0,7,0.0,2022-23,Regular Season,2-4 Feet - Tight
1629656,Quentin Grimes,1610612752,NYK,23.0,71,59,0.287,90,173,0.52,0.569,0.194,73,117,0.624,0.093,17,56,0.304,2022-23,Regular Season,2-4 Feet - Tight
1630631,Jose Alvarado,1610612740,NOP,25.0,61,55,0.352,83,172,0.483,0.488,0.339,81,166,0.488,0.012,2,6,0.333,2022-23,Regular Season,2-4 Feet - Tight
1629111,Jock Landale,1610612756,PHX,27.0,69,61,0.507,103,171,0.602,0.602,0.504,103,170,0.606,0.003,0,1,0.0,2022-23,Regular Season,2-4 Feet - Tight
1628420,Monte Morris,1610612764,WAS,28.0,62,59,0.33,86,170,0.506,0.518,0.307,82,158,0.519,0.023,4,12,0.333,2022-23,Regular Season,2-4 Feet - Tight
1631223,David Roddy,1610612763,MEM,22.0,70,56,0.405,86,170,0.506,0.512,0.369,84,155,0.542,0.036,2,15,0.133,2022-23,Regular Season,2-4 Feet - Tight
1630570,Trendon Watford,1610612757,POR,22.0,61,54,0.543,100,169,0.592,0.592,0.537,100,167,0.599,0.006,0,2,0.0,2022-23,Regular Season,2-4 Feet - Tight
1630598,Aaron Wiggins,1610612760,OKC,24.0,70,59,0.466,93,169,0.55,0.55,0.463,93,168,0.554,0.003,0,1,0.0,2022-23,Regular Season,2-4 Feet - Tight
1629022,Lonnie Walker IV,1610612747,LAL,24.0,56,51,0.324,86,169,0.509,0.524,0.293,81,153,0.529,0.031,5,16,0.313,2022-23,Regular Season,2-4 Feet - Tight
1630191,Isaiah Stewart,1610612765,DET,22.0,49,48,0.387,91,167,0.545,0.545,0.383,91,165,0.552,0.005,0,2,0.0,2022-23,Regular Season,2-4 Feet - Tight
1626166,Cameron Payne,1610612756,PHX,28.0,48,45,0.366,76,166,0.458,0.461,0.349,75,158,0.475,0.018,1,8,0.125,2022-23,Regular Season,2-4 Feet - Tight
1628392,Isaiah Hartenstein,1610612752,NYK,25.0,82,70,0.505,99,165,0.6,0.603,0.498,98,163,0.601,0.006,1,2,0.5,2022-23,Regular Season,2-4 Feet - Tight
202330,Gordon Hayward,1610612766,CHA,33.0,50,48,0.284,84,165,0.509,0.515,0.277,82,161,0.509,0.007,2,4,0.5,2022-23,Regular Season,2-4 Feet - Tight
1626196,Josh Richardson,1610612740,NOP,29.0,64,56,0.303,77,165,0.467,0.506,0.239,64,130,0.492,0.064,13,35,0.371,2022-23,Regular Season,2-4 Feet - Tight
1629670,Jordan Nwora,1610612754,IND,24.0,62,55,0.371,73,165,0.442,0.452,0.353,70,157,0.446,0.018,3,8,0.375,2022-23,Regular Season,2-4 Feet - Tight
203939,Dwight Powell,1610612742,DAL,31.0,76,64,0.606,120,163,0.736,0.736,0.606,120,163,0.736,0.0,0,0,,2022-23,Regular Season,2-4 Feet - Tight
1626204,Larry Nance Jr.,1610612740,NOP,30.0,65,56,0.534,111,163,0.681,0.681,0.531,111,162,0.685,0.003,0,1,0.0,2022-23,Regular Season,2-4 Feet - Tight
1629021,Moritz Wagner,1610612753,ORL,26.0,57,51,0.412,99,163,0.607,0.61,0.394,98,156,0.628,0.018,1,7,0.143,2022-23,Regular Season,2-4 Feet - Tight
1629216,Gabe Vincent,1610612748,MIA,27.0,68,59,0.286,75,162,0.463,0.506,0.21,61,119,0.513,0.076,14,43,0.326,2022-23,Regular Season,2-4 Feet - Tight
1628470,Torrey Craig,1610612756,PHX,32.0,79,67,0.322,81,161,0.503,0.509,0.304,79,152,0.52,0.018,2,9,0.222,2022-23,Regular Season,2-4 Feet - Tight
1630559,Austin Reaves,1610612747,LAL,25.0,64,54,0.317,87,155,0.561,0.568,0.297,85,145,0.586,0.02,2,10,0.2,2022-23,Regular Season,2-4 Feet - Tight
202687,Bismack Biyombo,1610612756,PHX,30.0,61,50,0.752,85,155,0.548,0.548,0.752,85,155,0.548,0.0,0,0,,2022-23,Regular Season,2-4 Feet - Tight
1626224,Cedi Osman,1610612739,CLE,28.0,77,66,0.292,78,155,0.503,0.523,0.257,72,136,0.529,0.036,6,19,0.316,2022-23,Regular Season,2-4 Feet - Tight
1629134,Kendrick Nunn,1610612764,WAS,27.0,70,54,0.345,72,155,0.465,0.468,0.316,71,142,0.5,0.029,1,13,0.077,2022-23,Regular Season,2-4 Feet - Tight
202692,Alec Burks,1610612765,DET,31.0,50,46,0.344,58,155,0.374,0.416,0.244,45,110,0.409,0.1,13,45,0.289,2022-23,Regular Season,2-4 Feet - Tight
201145,Jeff Green,1610612743,DEN,36.0,56,53,0.466,86,153,0.562,0.572,0.442,83,145,0.572,0.024,3,8,0.375,2022-23,Regular Season,2-4 Feet - Tight
1629117,Wenyen Gabriel,1610612747,LAL,26.0,68,57,0.585,99,151,0.656,0.656,0.585,99,151,0.656,0.0,0,0,,2022-23,Regular Season,2-4 Feet - Tight
1629632,Coby White,1610612741,CHI,23.0,73,62,0.256,74,151,0.49,0.49,0.244,74,144,0.514,0.012,0,7,0.0,2022-23,Regular Season,2-4 Feet - Tight
203552,Seth Curry,1610612751,BKN,32.0,61,54,0.338,70,151,0.464,0.51,0.244,56,109,0.514,0.094,14,42,0.333,2022-23,Regular Season,2-4 Feet - Tight
1630591,Jalen Suggs,1610612753,ORL,22.0,53,52,0.339,69,151,0.457,0.47,0.299,65,133,0.489,0.04,4,18,0.222,2022-23,Regular Season,2-4 Feet - Tight
1627732,Ben Simmons,1610612751,BKN,26.0,42,40,0.63,78,148,0.527,0.527,0.626,78,147,0.531,0.004,0,1,0.0,2022-23,Regular Season,2-4 Feet - Tight
1630557,Corey Kispert,1610612764,WAS,24.0,74,61,0.251,85,147,0.578,0.609,0.206,76,121,0.628,0.044,9,26,0.346,2022-23,Regular Season,2-4 Feet - Tight
1627739,Kris Dunn,1610612762,UTA,29.0,22,22,0.667,78,144,0.542,0.542,0.667,78,144,0.542,0.0,0,0,,2022-23,Regular Season,2-4 Feet - Tight
1630256,Jae'Sean Tate,1610612745,HOU,27.0,31,31,0.616,68,141,0.482,0.482,0.607,68,139,0.489,0.009,0,2,0.0,2022-23,Regular Season,2-4 Feet - Tight
1629641,Romeo Langford,1610612759,SAS,23.0,40,39,0.572,72,139,0.518,0.518,0.572,72,139,0.518,0.0,0,0,,2022-23,Regular Season,2-4 Feet - Tight
203114,Khris Middleton,1610612749,MIL,31.0,33,31,0.342,63,139,0.453,0.468,0.283,59,115,0.513,0.059,4,24,0.167,2022-23,Regular Season,2-4 Feet - Tight
200768,Kyle Lowry,1610612748,MIA,37.0,55,47,0.287,54,139,0.388,0.417,0.208,46,101,0.455,0.078,8,38,0.211,2022-23,Regular Season,2-4 Feet - Tight
203925,Joe Harris,1610612751,BKN,31.0,74,59,0.317,62,138,0.449,0.554,0.147,33,64,0.516,0.17,29,74,0.392,2022-23,Regular Season,2-4 Feet - Tight
1627752,Taurean Prince,1610612750,MIN,29.0,53,48,0.368,71,136,0.522,0.548,0.3,64,111,0.577,0.068,7,25,0.28,2022-23,Regular Season,2-4 Feet - Tight
1628960,Grayson Allen,1610612749,MIL,27.0,72,59,0.244,68,136,0.5,0.511,0.232,65,129,0.504,0.013,3,7,0.429,2022-23,Regular Season,2-4 Feet - Tight
1630182,Josh Green,1610612742,DAL,22.0,60,50,0.353,82,135,0.607,0.607,0.343,82,131,0.626,0.01,0,4,0.0,2022-23,Regular Season,2-4 Feet - Tight
1630692,Jordan Goodwin,1610612764,WAS,24.0,62,52,0.382,66,135,0.489,0.489,0.363,66,128,0.516,0.02,0,7,0.0,2022-23,Regular Season,2-4 Feet - Tight
1626149,Montrezl Harrell,1610612755,PHI,29.0,57,47,0.632,81,132,0.614,0.614,0.622,81,130,0.623,0.01,0,2,0.0,2022-23,Regular Season,2-4 Feet - Tight
1630544,Tre Mann,1610612760,OKC,22.0,67,53,0.263,52,132,0.394,0.402,0.248,50,124,0.403,0.016,2,8,0.25,2022-23,Regular Season,2-4 Feet - Tight
1626220,Royce O'Neale,1610612751,BKN,30.0,76,57,0.221,39,131,0.298,0.309,0.198,36,117,0.308,0.024,3,14,0.214,2022-23,Regular Season,2-4 Feet - Tight
203115,Will Barton,1610612761,TOR,32.0,56,48,0.357,47,130,0.362,0.388,0.305,40,111,0.36,0.052,7,19,0.368,2022-23,Regular Season,2-4 Feet - Tight
1626168,Trey Lyles,1610612758,SAC,27.0,74,56,0.314,73,128,0.57,0.59,0.284,68,116,0.586,0.029,5,12,0.417,2022-23,Regular Season,2-4 Feet - Tight
1627814,Damion Lee,1610612756,PHX,30.0,74,57,0.283,54,128,0.422,0.422,0.274,54,124,0.435,0.009,0,4,0.0,2022-23,Regular Season,2-4 Feet - Tight
1628984,Devonte' Graham,1610612759,SAS,28.0,73,57,0.297,42,128,0.328,0.422,0.104,18,45,0.4,0.193,24,83,0.289,2022-23,Regular Season,2-4 Feet - Tight
202322,John Wall,1610612746,LAC,32.0,34,32,0.376,66,127,0.52,0.524,0.37,65,125,0.52,0.006,1,2,0.5,2022-23,Regular Season,2-4 Feet - Tight
1630534,Ochai Agbaji,1610612762,UTA,23.0,59,40,0.329,61,127,0.48,0.512,0.269,53,104,0.51,0.06,8,23,0.348,2022-23,Regular Season,2-4 Feet - Tight
1629006,Josh Okogie,1610612756,PHX,24.0,72,54,0.307,53,127,0.417,0.417,0.304,53,126,0.421,0.002,0,1,0.0,2022-23,Regular Season,2-4 Feet - Tight
1629661,Cameron Johnson,1610612751,BKN,27.0,42,40,0.266,67,126,0.532,0.544,0.245,64,116,0.552,0.021,3,10,0.3,2022-23,Regular Season,2-4 Feet - Tight
1631128,Christian Braun,1610612743,DEN,22.0,76,53,0.433,69,125,0.552,0.552,0.419,69,121,0.57,0.014,0,4,0.0,2022-23,Regular Season,2-4 Feet - Tight
1626153,Delon Wright,1610612764,WAS,31.0,50,46,0.43,61,125,0.488,0.488,0.416,61,121,0.504,0.014,0,4,0.0,2022-23,Regular Season,2-4 Feet - Tight
1631323,Simone Fontecchio,1610612762,UTA,27.0,52,40,0.401,43,125,0.344,0.38,0.253,34,79,0.43,0.147,9,46,0.196,2022-23,Regular Season,2-4 Feet - Tight
1629002,Chimezie Metu,1610612758,SAC,26.0,66,56,0.566,79,124,0.637,0.641,0.557,78,122,0.639,0.009,1,2,0.5,2022-23,Regular Season,2-4 Feet - Tight
1630194,Paul Reed,1610612755,PHI,24.0,69,49,0.593,72,124,0.581,0.581,0.593,72,124,0.581,0.0,0,0,,2022-23,Regular Season,2-4 Feet - Tight
1628972,Troy Brown Jr.,1610612747,LAL,23.0,76,58,0.267,57,124,0.46,0.464,0.245,56,114,0.491,0.022,1,10,0.1,2022-23,Regular Season,2-4 Feet - Tight
1630171,Isaac Okoro,1610612739,CLE,22.0,76,62,0.347,73,123,0.593,0.593,0.345,73,122,0.598,0.003,0,1,0.0,2022-23,Regular Season,2-4 Feet - Tight
1629684,Grant Williams,1610612738,BOS,24.0,79,57,0.258,65,123,0.528,0.545,0.229,61,109,0.56,0.029,4,14,0.286,2022-23,Regular Season,2-4 Feet - Tight
201609,Goran Dragic,1610612749,MIL,37.0,57,48,0.37,56,123,0.455,0.484,0.322,49,107,0.458,0.048,7,16,0.438,2022-23,Regular Season,2-4 Feet - Tight
1629052,Oshae Brissett,1610612754,IND,25.0,65,53,0.382,49,122,0.402,0.402,0.37,49,118,0.415,0.013,0,4,0.0,2022-23,Regular Season,2-4 Feet - Tight
1630552,Jalen Johnson,1610612737,ATL,21.0,70,50,0.376,65,121,0.537,0.537,0.366,65,118,0.551,0.009,0,3,0.0,2022-23,Regular Season,2-4 Feet - Tight
1630205,Lamar Stevens,1610612739,CLE,25.0,62,49,0.417,61,120,0.508,0.508,0.41,61,118,0.517,0.007,0,2,0.0,2022-23,Regular Season,2-4 Feet - Tight
1630549,Day'Ron Sharpe,1610612751,BKN,21.0,48,38,0.696,64,119,0.538,0.538,0.696,64,119,0.538,0.0,0,0,,2022-23,Regular Season,2-4 Feet - Tight
1628410,Edmond Sumner,1610612751,BKN,27.0,53,44,0.442,56,119,0.471,0.471,0.439,56,118,0.475,0.004,0,1,0.0,2022-23,Regular Season,2-4 Feet - Tight
1628975,Jevon Carter,1610612749,MIL,27.0,81,50,0.209,43,118,0.364,0.398,0.17,35,96,0.365,0.039,8,22,0.364,2022-23,Regular Season,2-4 Feet - Tight
201152,Thaddeus Young,1610612761,TOR,35.0,54,44,0.591,70,117,0.598,0.598,0.586,70,116,0.603,0.005,0,1,0.0,2022-23,Regular Season,2-4 Feet - Tight
1630558,Davion Mitchell,1610612758,SAC,24.0,80,62,0.293,68,117,0.581,0.581,0.291,68,116,0.586,0.003,0,1,0.0,2022-23,Regular Season,2-4 Feet - Tight
1629026,Kenrich Williams,1610612760,OKC,28.0,53,49,0.335,70,116,0.603,0.603,0.332,70,115,0.609,0.003,0,1,0.0,2022-23,Regular Season,2-4 Feet - Tight
1629629,Cam Reddish,1610612757,POR,23.0,40,37,0.367,67,115,0.583,0.587,0.351,66,110,0.6,0.016,1,5,0.2,2022-23,Regular Season,2-4 Feet - Tight
1630167,Obi Toppin,1610612752,NYK,25.0,67,51,0.272,58,114,0.509,0.522,0.241,55,101,0.545,0.031,3,13,0.231,2022-23,Regular Season,2-4 Feet - Tight
1628978,Donte DiVincenzo,1610612744,GSW,26.0,71,51,0.218,55,114,0.482,0.513,0.18,48,94,0.511,0.038,7,20,0.35,2022-23,Regular Season,2-4 Feet - Tight
1630702,Jaden Hardy,1610612742,DAL,20.0,48,34,0.342,52,114,0.456,0.469,0.312,49,104,0.471,0.03,3,10,0.3,2022-23,Regular Season,2-4 Feet - Tight
203933,T.J. Warren,1610612756,PHX,29.0,42,35,0.415,53,112,0.473,0.473,0.411,53,111,0.477,0.004,0,1,0.0,2022-23,Regular Season,2-4 Feet - Tight
1627777,Georges Niang,1610612755,PHI,30.0,78,59,0.217,57,109,0.523,0.55,0.171,51,86,0.593,0.046,6,23,0.261,2022-23,Regular Season,2-4 Feet - Tight
1626195,Willy Hernangomez,1610612740,NOP,29.0,38,32,0.639,55,108,0.509,0.509,0.639,55,108,0.509,0.0,0,0,,2022-23,Regular Season,2-4 Feet - Tight
1628436,Luke Kornet,1610612738,BOS,27.0,69,47,0.629,77,107,0.72,0.72,0.624,77,106,0.726,0.006,0,1,0.0,2022-23,Regular Season,2-4 Feet - Tight
1629057,Robert Williams III,1610612738,BOS,25.0,35,33,0.624,82,106,0.774,0.774,0.624,82,106,0.774,0.0,0,0,,2022-23,Regular Season,2-4 Feet - Tight
203967,Dario Saric,1610612760,OKC,29.0,57,43,0.383,52,106,0.491,0.491,0.375,52,104,0.5,0.007,0,2,0.0,2022-23,Regular Season,2-4 Feet - Tight
201567,Kevin Love,1610612748,MIA,34.0,62,50,0.25,45,106,0.425,0.443,0.191,41,81,0.506,0.059,4,25,0.16,2022-23,Regular Season,2-4 Feet - Tight
1630192,Zeke Nnaji,1610612743,DEN,22.0,53,41,0.536,67,105,0.638,0.648,0.49,65,96,0.677,0.046,2,9,0.222,2022-23,Regular Season,2-4 Feet - Tight
203506,Victor Oladipo,1610612748,MIA,31.0,42,37,0.261,45,105,0.429,0.443,0.241,42,97,0.433,0.02,3,8,0.375,2022-23,Regular Season,2-4 Feet - Tight
1627827,Dorian Finney-Smith,1610612751,BKN,30.0,66,51,0.208,56,104,0.538,0.543,0.2,55,100,0.55,0.008,1,4,0.25,2022-23,Regular Season,2-4 Feet - Tight
1627884,Derrick Jones Jr.,1610612741,CHI,26.0,63,45,0.464,53,104,0.51,0.51,0.46,53,103,0.515,0.004,0,1,0.0,2022-23,Regular Season,2-4 Feet - Tight
1629013,Landry Shamet,1610612756,PHX,26.0,40,34,0.347,38,104,0.365,0.413,0.227,28,68,0.412,0.12,10,36,0.278,2022-23,Regular Season,2-4 Feet - Tight
1630177,Theo Maledon,1610612766,CHA,22.0,44,31,0.405,44,102,0.431,0.431,0.393,44,99,0.444,0.012,0,3,0.0,2022-23,Regular Season,2-4 Feet - Tight
1629056,Terence Davis,1610612758,SAC,26.0,64,43,0.28,44,102,0.431,0.48,0.206,34,75,0.453,0.074,10,27,0.37,2022-23,Regular Season,2-4 Feet - Tight
1630537,Chris Duarte,1610612754,IND,26.0,46,41,0.306,39,102,0.382,0.412,0.234,33,78,0.423,0.072,6,24,0.25,2022-23,Regular Season,2-4 Feet - Tight
203210,JaMychal Green,1610612744,GSW,33.0,57,44,0.401,63,101,0.624,0.634,0.373,61,94,0.649,0.028,2,7,0.286,2022-23,Regular Season,2-4 Feet - Tight
1630573,Sam Hauser,1610612738,BOS,25.0,80,54,0.253,52,100,0.52,0.655,0.098,25,39,0.641,0.154,27,61,0.443,2022-23,Regular Season,2-4 Feet - Tight
1629660,Ty Jerome,1610612744,GSW,25.0,45,37,0.409,52,99,0.525,0.54,0.376,49,91,0.538,0.033,3,8,0.375,2022-23,Regular Season,2-4 Feet - Tight
200752,Rudy Gay,1610612762,UTA,36.0,56,45,0.345,50,99,0.505,0.52,0.314,47,90,0.522,0.031,3,9,0.333,2022-23,Regular Season,2-4 Feet - Tight
201976,Patrick Beverley,1610612741,CHI,34.0,67,56,0.276,40,99,0.404,0.424,0.226,36,81,0.444,0.05,4,18,0.222,2022-23,Regular Season,2-4 Feet - Tight
1629723,John Konchar,1610612763,MEM,27.0,72,45,0.306,44,98,0.449,0.459,0.266,42,85,0.494,0.041,2,13,0.154,2022-23,Regular Season,2-4 Feet - Tight
1626192,Pat Connaughton,1610612749,MIL,30.0,61,54,0.23,45,97,0.464,0.521,0.15,34,63,0.54,0.081,11,34,0.324,2022-23,Regular Season,2-4 Feet - Tight
1630595,Cade Cunningham,1610612765,DET,21.0,12,12,0.433,39,97,0.402,0.402,0.42,39,94,0.415,0.013,0,3,0.0,2022-23,Regular Season,2-4 Feet - Tight
1630613,Duane Washington Jr.,1610612752,NYK,23.0,31,25,0.371,35,95,0.368,0.384,0.324,32,83,0.386,0.047,3,12,0.25,2022-23,Regular Season,2-4 Feet - Tight
201143,Al Horford,1610612738,BOS,37.0,63,47,0.192,50,92,0.543,0.543,0.19,50,91,0.549,0.002,0,1,0.0,2022-23,Regular Season,2-4 Feet - Tight
1629638,Nickeil Alexander-Walker,1610612750,MIN,24.0,58,39,0.317,41,91,0.451,0.467,0.272,38,78,0.487,0.045,3,13,0.231,2022-23,Regular Season,2-4 Feet - Tight
1630198,Isaiah Joe,1610612760,OKC,23.0,73,45,0.179,40,91,0.44,0.522,0.089,25,45,0.556,0.091,15,46,0.326,2022-23,Regular Season,2-4 Feet - Tight
1631121,Bryce McGowens,1610612766,CHA,20.0,46,37,0.446,40,90,0.444,0.444,0.431,40,87,0.46,0.015,0,3,0.0,2022-23,Regular Season,2-4 Feet - Tight
1627936,Alex Caruso,1610612741,CHI,29.0,66,49,0.316,52,89,0.584,0.584,0.309,52,87,0.598,0.007,0,2,0.0,2022-23,Regular Season,2-4 Feet - Tight
1630237,Anthony Lamb,1610612744,GSW,25.0,61,41,0.29,52,89,0.584,0.612,0.238,47,73,0.644,0.052,5,16,0.313,2022-23,Regular Season,2-4 Feet - Tight
1626159,Justise Winslow,1610612757,POR,27.0,29,28,0.449,38,89,0.427,0.427,0.439,38,87,0.437,0.01,0,2,0.0,2022-23,Regular Season,2-4 Feet - Tight
1629637,Jaxson Hayes,1610612740,NOP,23.0,47,33,0.564,56,88,0.636,0.642,0.551,55,86,0.64,0.013,1,2,0.5,2022-23,Regular Season,2-4 Feet - Tight
1628995,Kevin Knox II,1610612757,POR,23.0,62,35,0.278,48,88,0.545,0.551,0.259,47,82,0.573,0.019,1,6,0.167,2022-23,Regular Season,2-4 Feet - Tight
202709,Cory Joseph,1610612765,DET,31.0,62,49,0.251,43,88,0.489,0.5,0.228,41,80,0.513,0.023,2,8,0.25,2022-23,Regular Season,2-4 Feet - Tight
1630197,Aleksej Pokusevski,1610612760,OKC,21.0,34,29,0.353,41,88,0.466,0.472,0.345,40,86,0.465,0.008,1,2,0.5,2022-23,Regular Season,2-4 Feet - Tight
1629726,Garrison Mathews,1610612737,ATL,26.0,54,40,0.438,30,88,0.341,0.472,0.085,7,17,0.412,0.353,23,71,0.324,2022-23,Regular Season,2-4 Feet - Tight
1629642,Nassir Little,1610612757,POR,23.0,54,38,0.287,53,87,0.609,0.638,0.264,48,80,0.6,0.023,5,7,0.714,2022-23,Regular Season,2-4 Feet - Tight
1630181,R.J. Hampton,1610612765,DET,22.0,47,38,0.367,44,87,0.506,0.511,0.35,43,83,0.518,0.017,1,4,0.25,2022-23,Regular Season,2-4 Feet - Tight
201580,JaVale McGee,1610612742,DAL,35.0,42,37,0.688,54,86,0.628,0.628,0.688,54,86,0.628,0.0,0,0,,2022-23,Regular Season,2-4 Feet - Tight
1630572,Sandro Mamukelashvili,1610612759,SAS,24.0,41,29,0.411,47,86,0.547,0.547,0.411,47,86,0.547,0.0,0,0,,2022-23,Regular Season,2-4 Feet - Tight
1628379,Luke Kennard,1610612763,MEM,27.0,59,45,0.225,38,86,0.442,0.506,0.141,27,54,0.5,0.084,11,32,0.344,2022-23,Regular Season,2-4 Feet - Tight
1628964,Mo Bamba,1610612747,LAL,25.0,49,35,0.353,50,85,0.588,0.594,0.324,49,78,0.628,0.029,1,7,0.143,2022-23,Regular Season,2-4 Feet - Tight
1628427,Vlatko Čančar,1610612743,DEN,26.0,60,39,0.374,48,85,0.565,0.576,0.352,46,80,0.575,0.022,2,5,0.4,2022-23,Regular Season,2-4 Feet - Tight
1630647,Eugene Omoruyi,1610612765,DET,26.0,40,30,0.373,42,85,0.494,0.494,0.368,42,84,0.5,0.004,0,1,0.0,2022-23,Regular Season,2-4 Feet - Tight
1631133,Jabari Walker,1610612757,POR,20.0,55,37,0.457,37,85,0.435,0.435,0.457,37,85,0.435,0.0,0,0,,2022-23,Regular Season,2-4 Feet - Tight
1628981,Bruno Fernando,1610612737,ATL,24.0,39,32,0.75,44,84,0.524,0.524,0.75,44,84,0.524,0.0,0,0,,2022-23,Regular Season,2-4 Feet - Tight
1630700,Dyson Daniels,1610612740,NOP,20.0,59,42,0.402,42,84,0.5,0.5,0.392,42,82,0.512,0.01,0,2,0.0,2022-23,Regular Season,2-4 Feet - Tight
1628988,Aaron Holiday,1610612737,ATL,26.0,63,38,0.382,34,84,0.405,0.411,0.368,33,81,0.407,0.014,1,3,0.333,2022-23,Regular Season,2-4 Feet - Tight
1630526,Jeremiah Robinson-Earl,1610612760,OKC,22.0,43,36,0.335,48,83,0.578,0.578,0.335,48,83,0.578,0.0,0,0,,2022-23,Regular Season,2-4 Feet - Tight
1631132,Christian Koloko,1610612761,TOR,23.0,58,41,0.553,41,83,0.494,0.494,0.547,41,82,0.5,0.007,0,1,0.0,2022-23,Regular Season,2-4 Feet - Tight
203496,Robert Covington,1610612746,LAC,32.0,48,36,0.362,40,83,0.482,0.53,0.258,32,59,0.542,0.105,8,24,0.333,2022-23,Regular Season,2-4 Feet - Tight
1629647,Darius Bazley,1610612756,PHX,23.0,43,30,0.454,38,83,0.458,0.458,0.454,38,83,0.458,0.0,0,0,,2022-23,Regular Season,2-4 Feet - Tight
203914,Gary Harris,1610612753,ORL,28.0,48,36,0.27,35,83,0.422,0.464,0.202,28,62,0.452,0.068,7,21,0.333,2022-23,Regular Season,2-4 Feet - Tight
1631104,Blake Wesley,1610612759,SAS,20.0,34,30,0.403,21,81,0.259,0.265,0.398,20,80,0.25,0.005,1,1,1.0,2022-23,Regular Season,2-4 Feet - Tight
1630264,Anthony Gill,1610612764,WAS,30.0,59,34,0.598,46,79,0.582,0.582,0.576,46,76,0.605,0.023,0,3,0.0,2022-23,Regular Season,2-4 Feet - Tight
1630550,JT Thor,1610612766,CHA,20.0,69,40,0.335,36,79,0.456,0.475,0.309,33,73,0.452,0.025,3,6,0.5,2022-23,Regular Season,2-4 Feet - Tight
203473,Dewayne Dedmon,1610612755,PHI,33.0,38,36,0.517,45,78,0.577,0.577,0.517,45,78,0.577,0.0,0,0,,2022-23,Regular Season,2-4 Feet - Tight
201599,DeAndre Jordan,1610612743,DEN,34.0,39,36,0.652,52,75,0.693,0.693,0.652,52,75,0.693,0.0,0,0,,2022-23,Regular Season,2-4 Feet - Tight
1629646,Charles Bassey,1610612759,SAS,22.0,35,30,0.556,50,75,0.667,0.667,0.556,50,75,0.667,0.0,0,0,,2022-23,Regular Season,2-4 Feet - Tight
1630586,Usman Garuba,1610612745,HOU,21.0,75,47,0.424,47,75,0.627,0.627,0.424,47,75,0.627,0.0,0,0,,2022-23,Regular Season,2-4 Feet - Tight
1629130,Duncan Robinson,1610612748,MIA,29.0,42,31,0.316,25,75,0.333,0.407,0.11,14,26,0.538,0.207,11,49,0.224,2022-23,Regular Season,2-4 Feet - Tight
1630533,Ziaire Williams,1610612763,MEM,21.0,37,26,0.378,41,74,0.554,0.574,0.342,38,67,0.567,0.036,3,7,0.429,2022-23,Regular Season,2-4 Feet - Tight
1630541,Moses Moody,1610612744,GSW,21.0,62,33,0.332,44,73,0.603,0.658,0.25,36,55,0.655,0.082,8,18,0.444,2022-23,Regular Season,2-4 Feet - Tight
1629308,Juan Toscano-Anderson,1610612762,UTA,30.0,52,39,0.503,41,72,0.569,0.569,0.49,41,70,0.586,0.014,0,2,0.0,2022-23,Regular Season,2-4 Feet - Tight
203085,Austin Rivers,1610612750,MIN,30.0,52,40,0.344,37,72,0.514,0.521,0.311,36,65,0.554,0.033,1,7,0.143,2022-23,Regular Season,2-4 Feet - Tight
1629048,Goga Bitadze,1610612753,ORL,23.0,38,29,0.568,47,71,0.662,0.662,0.568,47,71,0.662,0.0,0,0,,2022-23,Regular Season,2-4 Feet - Tight
1629680,Matisse Thybulle,1610612757,POR,26.0,71,40,0.273,39,69,0.565,0.572,0.269,38,68,0.559,0.004,1,1,1.0,2022-23,Regular Season,2-4 Feet - Tight
1629139,Yuta Watanabe,1610612751,BKN,28.0,58,37,0.303,36,69,0.522,0.529,0.272,35,62,0.565,0.031,1,7,0.143,2022-23,Regular Season,2-4 Feet - Tight
1630553,Keon Johnson,1610612757,POR,21.0,40,24,0.382,27,68,0.397,0.419,0.32,24,57,0.421,0.062,3,11,0.273,2022-23,Regular Season,2-4 Feet - Tight
1629004,Svi Mykhailiuk,1610612766,CHA,26.0,32,20,0.393,26,68,0.382,0.441,0.231,18,40,0.45,0.162,8,28,0.286,2022-23,Regular Season,2-4 Feet - Tight
201565,Derrick Rose,1610612752,NYK,34.0,27,26,0.421,24,67,0.358,0.373,0.358,22,57,0.386,0.063,2,10,0.2,2022-23,Regular Season,2-4 Feet - Tight
1630201,Malachi Flynn,1610612761,TOR,25.0,53,34,0.277,23,67,0.343,0.351,0.256,22,62,0.355,0.021,1,5,0.2,2022-23,Regular Season,2-4 Feet - Tight
1629312,Haywood Highsmith,1610612748,MIA,26.0,54,34,0.306,36,66,0.545,0.553,0.287,35,62,0.565,0.019,1,4,0.25,2022-23,Regular Season,2-4 Feet - Tight
1630227,Daishen Nix,1610612745,HOU,21.0,57,29,0.278,30,66,0.455,0.462,0.27,29,64,0.453,0.008,1,2,0.5,2022-23,Regular Season,2-4 Feet - Tight
201959,Taj Gibson,1610612764,WAS,38.0,49,33,0.52,37,65,0.569,0.577,0.488,36,61,0.59,0.032,1,4,0.25,2022-23,Regular Season,2-4 Feet - Tight
1630202,Payton Pritchard,1610612738,BOS,25.0,48,31,0.257,29,63,0.46,0.492,0.208,25,51,0.49,0.049,4,12,0.333,2022-23,Regular Season,2-4 Feet - Tight
1629599,Amir Coffey,1610612746,LAC,26.0,50,26,0.434,28,63,0.444,0.444,0.428,28,62,0.452,0.007,0,1,0.0,2022-23,Regular Season,2-4 Feet - Tight
203585,Rodney McGruder,1610612765,DET,31.0,32,21,0.414,25,63,0.397,0.46,0.283,17,43,0.395,0.132,8,20,0.4,2022-23,Regular Season,2-4 Feet - Tight
1629676,Isaiah Roby,1610612752,NYK,25.0,41,30,0.411,33,62,0.532,0.532,0.384,33,58,0.569,0.026,0,4,0.0,2022-23,Regular Season,2-4 Feet - Tight
201587,Nicolas Batum,1610612746,LAC,34.0,78,37,0.163,28,62,0.452,0.492,0.102,23,39,0.59,0.06,5,23,0.217,2022-23,Regular Season,2-4 Feet - Tight
1630579,Jericho Sims,1610612752,NYK,24.0,52,33,0.561,46,60,0.767,0.767,0.561,46,60,0.767,0.0,0,0,,2022-23,Regular Season,2-4 Feet - Tight
201577,Robin Lopez,1610612739,CLE,35.0,37,25,0.8,36,60,0.6,0.6,0.8,36,60,0.6,0.0,0,0,,2022-23,Regular Season,2-4 Feet - Tight
1630539,Kai Jones,1610612766,CHA,22.0,46,28,0.492,33,59,0.559,0.559,0.492,33,59,0.559,0.0,0,0,,2022-23,Regular Season,2-4 Feet - Tight
1630527,Brandon Boston,1610612746,LAC,21.0,22,18,0.484,22,59,0.373,0.373,0.459,22,56,0.393,0.025,0,3,0.0,2022-23,Regular Season,2-4 Feet - Tight
1630540,Miles McBride,1610612752,NYK,22.0,64,36,0.274,16,59,0.271,0.331,0.172,9,37,0.243,0.102,7,22,0.318,2022-23,Regular Season,2-4 Feet - Tight
1629650,Moses Brown,1610612746,LAC,23.0,36,22,0.604,34,58,0.586,0.586,0.604,34,58,0.586,0.0,0,0,,2022-23,Regular Season,2-4 Feet - Tight
1631172,Ousmane Dieng,1610612760,OKC,20.0,39,26,0.32,31,58,0.534,0.534,0.309,31,56,0.554,0.011,0,2,0.0,2022-23,Regular Season,2-4 Feet - Tight
1631098,Johnny Davis,1610612764,WAS,21.0,28,18,0.339,24,58,0.414,0.414,0.322,24,55,0.436,0.018,0,3,0.0,2022-23,Regular Season,2-4 Feet - Tight
1630547,James Bouknight,1610612766,CHA,22.0,34,25,0.309,23,58,0.397,0.414,0.261,21,49,0.429,0.048,2,9,0.222,2022-23,Regular Season,2-4 Feet - Tight
1630240,Saben Lee,1610612756,PHX,24.0,25,18,0.479,22,58,0.379,0.379,0.471,22,57,0.386,0.008,0,1,0.0,2022-23,Regular Season,2-4 Feet - Tight
1630568,Luka Garza,1610612750,MIN,24.0,27,20,0.514,38,57,0.667,0.675,0.505,37,56,0.661,0.009,1,1,1.0,2022-23,Regular Season,2-4 Feet - Tight
1631115,Orlando Robinson,1610612748,MIA,22.0,31,22,0.64,32,57,0.561,0.561,0.629,32,56,0.571,0.011,0,1,0.0,2022-23,Regular Season,2-4 Feet - Tight
201988,Patty Mills,1610612751,BKN,34.0,40,25,0.278,25,57,0.439,0.526,0.146,15,30,0.5,0.132,10,27,0.37,2022-23,Regular Season,2-4 Feet - Tight
1630625,Dalano Banton,1610612761,TOR,23.0,31,25,0.427,29,56,0.518,0.518,0.405,29,53,0.547,0.023,0,3,0.0,2022-23,Regular Season,2-4 Feet - Tight
1627863,Danuel House Jr.,1610612755,PHI,30.0,56,27,0.269,28,53,0.528,0.547,0.228,26,45,0.578,0.041,2,8,0.25,2022-23,Regular Season,2-4 Feet - Tight
1630587,Isaiah Livers,1610612765,DET,24.0,51,31,0.183,25,52,0.481,0.51,0.137,22,39,0.564,0.046,3,13,0.231,2022-23,Regular Season,2-4 Feet - Tight
1628962,Udoka Azubuike,1610612762,UTA,23.0,36,22,0.708,40,51,0.784,0.784,0.708,40,51,0.784,0.0,0,0,,2022-23,Regular Season,2-4 Feet - Tight
1630284,Kevon Harris,1610612753,ORL,26.0,34,24,0.467,24,50,0.48,0.49,0.458,23,49,0.469,0.009,1,1,1.0,2022-23,Regular Season,2-4 Feet - Tight
203095,Evan Fournier,1610612752,NYK,30.0,27,22,0.301,18,50,0.36,0.41,0.211,13,35,0.371,0.09,5,15,0.333,2022-23,Regular Season,2-4 Feet - Tight
1631119,Jaylin Williams,1610612760,OKC,21.0,49,30,0.209,22,49,0.449,0.449,0.209,22,49,0.449,0.0,0,0,,2022-23,Regular Season,2-4 Feet - Tight
203200,Justin Holiday,1610612742,DAL,34.0,46,32,0.24,21,49,0.429,0.48,0.157,16,32,0.5,0.083,5,17,0.294,2022-23,Regular Season,2-4 Feet - Tight
1626158,Richaun Holmes,1610612758,SAC,29.0,42,24,0.539,30,48,0.625,0.625,0.539,30,48,0.625,0.0,0,0,,2022-23,Regular Season,2-4 Feet - Tight
1630699,MarJon Beauchamp,1610612749,MIL,22.0,52,29,0.198,26,48,0.542,0.552,0.177,25,43,0.581,0.021,1,5,0.2,2022-23,Regular Season,2-4 Feet - Tight
203493,Reggie Bullock Jr.,1610612742,DAL,32.0,78,35,0.102,23,48,0.479,0.51,0.087,20,41,0.488,0.015,3,7,0.429,2022-23,Regular Season,2-4 Feet - Tight
201937,Ricky Rubio,1610612739,CLE,32.0,33,24,0.27,18,48,0.375,0.375,0.247,18,44,0.409,0.022,0,4,0.0,2022-23,Regular Season,2-4 Feet - Tight
1626169,Stanley Johnson,1610612762,UTA,27.0,29,24,0.388,26,47,0.553,0.553,0.388,26,47,0.553,0.0,0,0,,2022-23,Regular Season,2-4 Feet - Tight
1630561,David Duke Jr.,1610612751,BKN,23.0,23,16,0.603,25,47,0.532,0.532,0.603,25,47,0.532,0.0,0,0,,2022-23,Regular Season,2-4 Feet - Tight
200782,P.J. Tucker,1610612755,PHI,38.0,75,35,0.209,19,47,0.404,0.415,0.196,18,44,0.409,0.013,1,3,0.333,2022-23,Regular Season,2-4 Feet - Tight
1626246,Boban Marjanovic,1610612745,HOU,34.0,31,20,0.767,32,46,0.696,0.696,0.767,32,46,0.696,0.0,0,0,,2022-23,Regular Season,2-4 Feet - Tight
201588,George Hill,1610612754,IND,37.0,46,26,0.277,29,46,0.63,0.641,0.247,28,41,0.683,0.03,1,5,0.2,2022-23,Regular Season,2-4 Feet - Tight
1631102,TyTy Washington Jr.,1610612745,HOU,21.0,31,22,0.288,23,46,0.5,0.5,0.288,23,46,0.5,0.0,0,0,,2022-23,Regular Season,2-4 Feet - Tight
1630593,McKinley Wright IV,1610612742,DAL,24.0,27,18,0.469,23,46,0.5,0.5,0.439,23,43,0.535,0.031,0,3,0.0,2022-23,Regular Season,2-4 Feet - Tight
203526,Raul Neto,1610612739,CLE,31.0,48,22,0.409,31,45,0.689,0.689,0.391,31,43,0.721,0.018,0,2,0.0,2022-23,Regular Season,2-4 Feet - Tight
1629750,Javonte Green,1610612741,CHI,29.0,32,24,0.417,26,45,0.578,0.578,0.417,26,45,0.578,0.0,0,0,,2022-23,Regular Season,2-4 Feet - Tight
1631113,Kennedy Chandler,1610612763,MEM,20.0,36,23,0.542,20,45,0.444,0.444,0.542,20,45,0.444,0.0,0,0,,2022-23,Regular Season,2-4 Feet - Tight
1630233,Nathan Knight,1610612750,MIN,25.0,37,20,0.55,26,44,0.591,0.591,0.525,26,42,0.619,0.025,0,2,0.0,2022-23,Regular Season,2-4 Feet - Tight
1629162,Jordan McLaughlin,1610612750,MIN,27.0,42,30,0.308,23,44,0.523,0.523,0.28,23,40,0.575,0.028,0,4,0.0,2022-23,Regular Season,2-4 Feet - Tight
1630688,Ish Wainright,1610612756,PHX,28.0,60,31,0.189,19,43,0.442,0.442,0.172,19,39,0.487,0.018,0,4,0.0,2022-23,Regular Season,2-4 Feet - Tight
1628373,Frank Ntilikina,1610612742,DAL,24.0,47,24,0.326,15,43,0.349,0.349,0.318,15,42,0.357,0.008,0,1,0.0,2022-23,Regular Season,2-4 Feet - Tight
201933,Blake Griffin,1610612738,BOS,34.0,41,18,0.323,25,42,0.595,0.595,0.308,25,40,0.625,0.015,0,2,0.0,2022-23,Regular Season,2-4 Feet - Tight
1631254,Kenneth Lofton Jr.,1610612763,MEM,20.0,24,14,0.441,28,41,0.683,0.683,0.441,28,41,0.683,0.0,0,0,,2022-23,Regular Season,2-4 Feet - Tight
1631216,Caleb Houstan,1610612753,ORL,20.0,51,26,0.224,17,41,0.415,0.451,0.164,14,30,0.467,0.06,3,11,0.273,2022-23,Regular Season,2-4 Feet - Tight
1629678,Admiral Schofield,1610612753,ORL,26.0,37,20,0.328,23,40,0.575,0.575,0.295,23,36,0.639,0.033,0,4,0.0,2022-23,Regular Season,2-4 Feet - Tight
203488,Mike Muscala,1610612738,BOS,31.0,63,25,0.137,23,40,0.575,0.588,0.123,22,36,0.611,0.014,1,4,0.25,2022-23,Regular Season,2-4 Feet - Tight
1630184,Kira Lewis Jr.,1610612740,NOP,22.0,25,16,0.455,18,40,0.45,0.45,0.443,18,39,0.462,0.011,0,1,0.0,2022-23,Regular Season,2-4 Feet - Tight
202722,Davis Bertans,1610612742,DAL,30.0,45,22,0.25,18,40,0.45,0.588,0.075,7,12,0.583,0.175,11,28,0.393,2022-23,Regular Season,2-4 Feet - Tight
1631230,Dominick Barlow,1610612759,SAS,20.0,26,17,0.513,23,39,0.59,0.59,0.513,23,39,0.59,0.0,0,0,,2022-23,Regular Season,2-4 Feet - Tight
1629731,Dean Wade,1610612739,CLE,26.0,44,20,0.22,17,39,0.436,0.449,0.186,16,33,0.485,0.034,1,6,0.167,2022-23,Regular Season,2-4 Feet - Tight
1630548,Johnny Juzang,1610612762,UTA,22.0,18,15,0.375,15,39,0.385,0.397,0.288,14,30,0.467,0.087,1,9,0.111,2022-23,Regular Season,2-4 Feet - Tight
203469,Cody Zeller,1610612748,MIA,30.0,15,12,0.644,26,38,0.684,0.684,0.644,26,38,0.684,0.0,0,0,,2022-23,Regular Season,2-4 Feet - Tight
1630678,Terry Taylor,1610612741,CHI,23.0,31,20,0.507,21,38,0.553,0.553,0.507,21,38,0.553,0.0,0,0,,2022-23,Regular Season,2-4 Feet - Tight
1627788,Furkan Korkmaz,1610612755,PHI,25.0,37,22,0.342,17,38,0.447,0.487,0.315,14,35,0.4,0.027,3,3,1.0,2022-23,Regular Season,2-4 Feet - Tight
202397,Ish Smith,1610612743,DEN,34.0,43,21,0.282,11,37,0.297,0.297,0.26,11,34,0.324,0.023,0,3,0.0,2022-23,Regular Season,2-4 Feet - Tight
1631260,AJ Green,1610612749,MIL,23.0,35,20,0.296,11,37,0.297,0.392,0.096,4,12,0.333,0.2,7,25,0.28,2022-23,Regular Season,2-4 Feet - Tight
1627780,Gary Payton II,1610612744,GSW,30.0,22,17,0.522,21,36,0.583,0.583,0.522,21,36,0.583,0.0,0,0,,2022-23,Regular Season,2-4 Feet - Tight
204060,Joe Ingles,1610612749,MIL,35.0,46,22,0.141,20,35,0.571,0.614,0.113,17,28,0.607,0.028,3,7,0.429,2022-23,Regular Season,2-4 Feet - Tight
1628467,Maxi Kleber,1610612742,DAL,31.0,37,22,0.201,23,34,0.676,0.676,0.195,23,33,0.697,0.006,0,1,0.0,2022-23,Regular Season,2-4 Feet - Tight
1627745,Damian Jones,1610612762,UTA,28.0,41,21,0.395,21,34,0.618,0.618,0.395,21,34,0.618,0.0,0,0,,2022-23,Regular Season,2-4 Feet - Tight
1627823,Juancho Hernangomez,1610612761,TOR,27.0,42,21,0.298,19,34,0.559,0.559,0.263,19,30,0.633,0.035,0,4,0.0,2022-23,Regular Season,2-4 Feet - Tight
1630577,Julian Champagnie,1610612759,SAS,22.0,15,10,0.34,17,34,0.5,0.559,0.25,13,25,0.52,0.09,4,9,0.444,2022-23,Regular Season,2-4 Feet - Tight
1630235,Trent Forrest,1610612737,ATL,25.0,23,15,0.55,13,33,0.394,0.394,0.55,13,33,0.394,0.0,0,0,,2022-23,Regular Season,2-4 Feet - Tight
1630556,Kessler Edwards,1610612758,SAC,22.0,36,19,0.333,14,31,0.452,0.516,0.237,10,22,0.455,0.097,4,9,0.444,2022-23,Regular Season,2-4 Feet - Tight
202689,Kemba Walker,1610612742,DAL,33.0,9,8,0.544,12,31,0.387,0.403,0.368,11,21,0.524,0.175,1,10,0.1,2022-23,Regular Season,2-4 Feet - Tight
1631288,Jamal Cain,1610612748,MIA,24.0,18,12,0.439,19,29,0.655,0.655,0.424,19,28,0.679,0.015,0,1,0.0,2022-23,Regular Season,2-4 Feet - Tight
1631217,Moussa Diabate,1610612746,LAC,21.0,22,14,0.617,14,29,0.483,0.483,0.617,14,29,0.483,0.0,0,0,,2022-23,Regular Season,2-4 Feet - Tight
1627854,Bryn Forbes,1610612750,MIN,29.0,25,13,0.349,13,29,0.448,0.483,0.289,11,24,0.458,0.06,2,5,0.4,2022-23,Regular Season,2-4 Feet - Tight
203648,Thanasis Antetokounmpo,1610612749,MIL,30.0,37,13,0.609,16,28,0.571,0.571,0.587,16,27,0.593,0.022,0,1,0.0,2022-23,Regular Season,2-4 Feet - Tight
1631207,Dalen Terry,1610612741,CHI,20.0,37,14,0.4,15,28,0.536,0.536,0.4,15,28,0.536,0.0,0,0,,2022-23,Regular Season,2-4 Feet - Tight
201586,Serge Ibaka,1610612749,MIL,33.0,16,14,0.519,14,28,0.5,0.5,0.5,14,27,0.519,0.019,0,1,0.0,2022-23,Regular Season,2-4 Feet - Tight
202083,Wesley Matthews,1610612749,MIL,36.0,52,20,0.175,13,28,0.464,0.482,0.144,12,23,0.522,0.031,1,5,0.2,2022-23,Regular Season,2-4 Feet - Tight
1630346,Matt Ryan,1610612750,MIN,26.0,33,16,0.262,6,28,0.214,0.25,0.131,4,14,0.286,0.131,2,14,0.143,2022-23,Regular Season,2-4 Feet - Tight
1630322,Lindy Waters III,1610612760,OKC,25.0,41,16,0.152,16,27,0.593,0.759,0.056,7,10,0.7,0.096,9,17,0.529,2022-23,Regular Season,2-4 Feet - Tight
1631212,Peyton Watson,1610612743,DEN,20.0,23,12,0.458,14,27,0.519,0.519,0.458,14,27,0.519,0.0,0,0,,2022-23,Regular Season,2-4 Feet - Tight
203109,Jae Crowder,1610612749,MIL,32.0,18,10,0.287,14,27,0.519,0.574,0.191,11,18,0.611,0.096,3,9,0.333,2022-23,Regular Season,2-4 Feet - Tight
1628371,Jonathan Isaac,1610612753,ORL,25.0,11,11,0.509,11,27,0.407,0.426,0.472,10,25,0.4,0.038,1,2,0.5,2022-23,Regular Season,2-4 Feet - Tight
1631108,Max Christie,1610612747,LAL,20.0,41,16,0.245,11,26,0.423,0.462,0.208,9,22,0.409,0.038,2,4,0.5,2022-23,Regular Season,2-4 Feet - Tight
202693,Markieff Morris,1610612742,DAL,33.0,35,16,0.217,15,25,0.6,0.62,0.2,14,23,0.609,0.017,1,2,0.5,2022-23,Regular Season,2-4 Feet - Tight
1630288,Jeff Dowtin Jr.,1610612761,TOR,26.0,25,12,0.439,11,25,0.44,0.44,0.421,11,24,0.458,0.018,0,1,0.0,2022-23,Regular Season,2-4 Feet - Tight
1641645,Xavier Cooks,1610612764,WAS,27.0,10,6,0.857,15,24,0.625,0.625,0.857,15,24,0.625,0.0,0,0,,2022-23,Regular Season,2-4 Feet - Tight
1631111,Wendell Moore Jr.,1610612750,MIN,21.0,28,15,0.535,13,23,0.565,0.565,0.512,13,22,0.591,0.023,0,1,0.0,2022-23,Regular Season,2-4 Feet - Tight
1631222,Jake LaRavia,1610612763,MEM,21.0,35,15,0.242,11,23,0.478,0.5,0.2,10,19,0.526,0.042,1,4,0.25,2022-23,Regular Season,2-4 Feet - Tight
1631116,Patrick Baldwin Jr.,1610612744,GSW,20.0,31,14,0.211,7,23,0.304,0.304,0.138,7,15,0.467,0.073,0,8,0.0,2022-23,Regular Season,2-4 Feet - Tight
1630219,Skylar Mays,1610612757,POR,25.0,5,5,0.361,14,22,0.636,0.682,0.311,12,19,0.632,0.049,2,3,0.667,2022-23,Regular Season,2-4 Feet - Tight
1629643,Chuma Okeke,1610612753,ORL,24.0,27,16,0.18,10,22,0.455,0.477,0.164,9,20,0.45,0.016,1,2,0.5,2022-23,Regular Season,2-4 Feet - Tight
1629603,Mamadi Diakite,1610612739,CLE,26.0,22,12,0.42,13,21,0.619,0.643,0.4,12,20,0.6,0.02,1,1,1.0,2022-23,Regular Season,2-4 Feet - Tight
1629677,Luka Samanic,1610612762,UTA,23.0,7,5,0.368,12,21,0.571,0.571,0.351,12,20,0.6,0.018,0,1,0.0,2022-23,Regular Season,2-4 Feet - Tight
1629033,Theo Pinson,1610612742,DAL,27.0,40,13,0.241,7,21,0.333,0.381,0.195,5,17,0.294,0.046,2,4,0.5,2022-23,Regular Season,2-4 Feet - Tight
1631107,Nikola Jović,1610612748,MIA,20.0,15,9,0.29,14,20,0.7,0.7,0.275,14,19,0.737,0.014,0,1,0.0,2022-23,Regular Season,2-4 Feet - Tight
203476,Gorgui Dieng,1610612759,SAS,33.0,30,13,0.183,8,20,0.4,0.425,0.147,7,16,0.438,0.037,1,4,0.25,2022-23,Regular Season,2-4 Feet - Tight
201980,Danny Green,1610612739,CLE,36.0,11,7,0.408,7,20,0.35,0.425,0.184,4,9,0.444,0.224,3,11,0.273,2022-23,Regular Season,2-4 Feet - Tight
203458,Alex Len,1610612758,SAC,30.0,26,9,0.633,11,19,0.579,0.579,0.633,11,19,0.579,0.0,0,0,,2022-23,Regular Season,2-4 Feet - Tight
1630531,Jaden Springer,1610612755,PHI,20.0,16,9,0.543,10,19,0.526,0.526,0.543,10,19,0.526,0.0,0,0,,2022-23,Regular Season,2-4 Feet - Tight
1630554,Jason Preston,1610612746,LAC,23.0,14,8,0.463,10,19,0.526,0.526,0.439,10,18,0.556,0.024,0,1,0.0,2022-23,Regular Season,2-4 Feet - Tight
1628464,Daniel Theis,1610612754,IND,31.0,7,6,0.409,12,18,0.667,0.667,0.409,12,18,0.667,0.0,0,0,,2022-23,Regular Season,2-4 Feet - Tight
1631245,Quenton Jackson,1610612764,WAS,24.0,9,6,0.429,12,18,0.667,0.667,0.429,12,18,0.667,0.0,0,0,,2022-23,Regular Season,2-4 Feet - Tight
1631169,Josh Minott,1610612750,MIN,20.0,14,8,0.529,11,18,0.611,0.611,0.529,11,18,0.611,0.0,0,0,,2022-23,Regular Season,2-4 Feet - Tight
201949,James Johnson,1610612754,IND,36.0,18,9,0.367,9,18,0.5,0.5,0.347,9,17,0.529,0.02,0,1,0.0,2022-23,Regular Season,2-4 Feet - Tight
1631197,Jared Rhoden,1610612765,DET,23.0,14,7,0.409,8,18,0.444,0.472,0.386,7,17,0.412,0.023,1,1,1.0,2022-23,Regular Season,2-4 Feet - Tight
1628432,Davon Reed,1610612743,DEN,28.0,43,14,0.214,6,18,0.333,0.389,0.19,4,16,0.25,0.024,2,2,1.0,2022-23,Regular Season,2-4 Feet - Tight
203457,Nerlens Noel,1610612751,BKN,29.0,17,12,0.5,5,18,0.278,0.278,0.5,5,18,0.278,0.0,0,0,,2022-23,Regular Season,2-4 Feet - Tight
203920,Khem Birch,1610612759,SAS,30.0,20,10,0.5,11,16,0.688,0.688,0.5,11,16,0.688,0.0,0,0,,2022-23,Regular Season,2-4 Feet - Tight
1629633,Jarrett Culver,1610612737,ATL,24.0,10,8,0.372,11,16,0.688,0.688,0.372,11,16,0.688,0.0,0,0,,2022-23,Regular Season,2-4 Feet - Tight
1626163,Frank Kaminsky,1610612745,HOU,30.0,36,11,0.254,10,16,0.625,0.625,0.254,10,16,0.625,0.0,0,0,,2022-23,Regular Season,2-4 Feet - Tight
1630215,Jared Butler,1610612760,OKC,22.0,6,4,0.5,8,16,0.5,0.5,0.469,8,15,0.533,0.031,0,1,0.0,2022-23,Regular Season,2-4 Feet - Tight
1630696,Dru Smith,1610612751,BKN,25.0,15,9,0.356,8,16,0.5,0.5,0.356,8,16,0.5,0.0,0,0,,2022-23,Regular Season,2-4 Feet - Tight
1628998,Cody Martin,1610612766,CHA,27.0,7,6,0.444,7,16,0.438,0.438,0.389,7,14,0.5,0.056,0,2,0.0,2022-23,Regular Season,2-4 Feet - Tight
1631466,Nate Williams,1610612757,POR,24.0,4,4,0.517,10,15,0.667,0.7,0.483,9,14,0.643,0.034,1,1,1.0,2022-23,Regular Season,2-4 Feet - Tight
1629623,Lindell Wigginton,1610612749,MIL,25.0,7,5,0.405,10,15,0.667,0.7,0.351,9,13,0.692,0.054,1,2,0.5,2022-23,Regular Season,2-4 Feet - Tight
1630209,Omer Yurtseven,1610612748,MIA,25.0,9,7,0.556,10,15,0.667,0.667,0.519,10,14,0.714,0.037,0,1,0.0,2022-23,Regular Season,2-4 Feet - Tight
203943,Noah Vonleh,1610612738,BOS,27.0,23,9,0.583,6,14,0.429,0.429,0.583,6,14,0.429,0.0,0,0,,2022-23,Regular Season,2-4 Feet - Tight
202066,Garrett Temple,1610612740,NOP,37.0,25,9,0.289,7,13,0.538,0.577,0.244,6,11,0.545,0.044,1,2,0.5,2022-23,Regular Season,2-4 Feet - Tight
1631219,John Butler Jr.,1610612757,POR,20.0,18,7,0.31,4,13,0.308,0.308,0.238,4,10,0.4,0.071,0,3,0.0,2022-23,Regular Season,2-4 Feet - Tight
1630600,Isaiah Mobley,1610612739,CLE,23.0,12,7,0.429,7,12,0.583,0.625,0.393,6,11,0.545,0.036,1,1,1.0,2022-23,Regular Season,2-4 Feet - Tight
1630535,Greg Brown III,1610612757,POR,21.0,16,9,0.429,7,12,0.583,0.583,0.429,7,12,0.583,0.0,0,0,,2022-23,Regular Season,2-4 Feet - Tight
1630639,A.J. Lawson,1610612742,DAL,22.0,15,6,0.273,6,12,0.5,0.5,0.273,6,12,0.5,0.0,0,0,,2022-23,Regular Season,2-4 Feet - Tight
1630563,Joshua Primo,1610612759,SAS,20.0,4,4,0.462,5,12,0.417,0.417,0.385,5,10,0.5,0.077,0,2,0.0,2022-23,Regular Season,2-4 Feet - Tight
1630195,Leandro Bolmaro,1610612762,UTA,22.0,14,8,0.632,3,12,0.25,0.25,0.632,3,12,0.25,0.0,0,0,,2022-23,Regular Season,2-4 Feet - Tight
1630846,Olivier Sarr,1610612760,OKC,24.0,9,4,0.367,8,11,0.727,0.727,0.367,8,11,0.727,0.0,0,0,,2022-23,Regular Season,2-4 Feet - Tight
1627885,Shaquille Harrison,1610612747,LAL,29.0,4,4,0.393,6,11,0.545,0.545,0.393,6,11,0.545,0.0,0,0,,2022-23,Regular Season,2-4 Feet - Tight
203521,Matthew Dellavedova,1610612758,SAC,32.0,32,9,0.22,5,11,0.455,0.455,0.22,5,11,0.455,0.0,0,0,,2022-23,Regular Season,2-4 Feet - Tight
2617,Udonis Haslem,1610612748,MIA,43.0,7,6,0.379,3,11,0.273,0.273,0.379,3,11,0.273,0.0,0,0,,2022-23,Regular Season,2-4 Feet - Tight
1630243,Trevelin Queen,1610612755,PHI,26.0,7,5,0.379,3,11,0.273,0.273,0.345,3,10,0.3,0.034,0,1,0.0,2022-23,Regular Season,2-4 Feet - Tight
1630249,Vít Krejčí,1610612737,ATL,23.0,29,8,0.27,5,10,0.5,0.5,0.216,5,8,0.625,0.054,0,2,0.0,2022-23,Regular Season,2-4 Feet - Tight
1629644,KZ Okpala,1610612758,SAC,24.0,35,6,0.263,4,10,0.4,0.4,0.237,4,9,0.444,0.026,0,1,0.0,2022-23,Regular Season,2-4 Feet - Tight
1630643,Jay Huff,1610612764,WAS,25.0,7,4,0.36,7,9,0.778,0.778,0.36,7,9,0.778,0.0,0,0,,2022-23,Regular Season,2-4 Feet - Tight
1627853,Ryan Arcidiacono,1610612752,NYK,29.0,20,6,0.243,0,9,0.0,0.0,0.216,0,8,0.0,0.027,0,1,0.0,2022-23,Regular Season,2-4 Feet - Tight
1631213,Tyrese Martin,1610612737,ATL,24.0,16,5,0.348,4,8,0.5,0.5,0.348,4,8,0.5,0.0,0,0,,2022-23,Regular Season,2-4 Feet - Tight
1631246,Vince Williams Jr.,1610612763,MEM,22.0,15,4,0.2,4,8,0.5,0.5,0.15,4,6,0.667,0.05,0,2,0.0,2022-23,Regular Season,2-4 Feet - Tight
1631298,Jack White,1610612743,DEN,25.0,17,6,0.421,4,8,0.5,0.5,0.421,4,8,0.5,0.0,0,0,,2022-23,Regular Season,2-4 Feet - Tight
1628408,PJ Dozier,1610612758,SAC,26.0,16,6,0.242,4,8,0.5,0.5,0.242,4,8,0.5,0.0,0,0,,2022-23,Regular Season,2-4 Feet - Tight
203487,Michael Carter-Williams,1610612753,ORL,31.0,4,3,0.571,4,8,0.5,0.5,0.571,4,8,0.5,0.0,0,0,,2022-23,Regular Season,2-4 Feet - Tight
1630551,Justin Champagnie,1610612738,BOS,22.0,5,2,0.533,3,8,0.375,0.375,0.533,3,8,0.375,0.0,0,0,,2022-23,Regular Season,2-4 Feet - Tight
1630225,Isaiah Todd,1610612764,WAS,21.0,6,3,0.444,2,8,0.25,0.25,0.389,2,7,0.286,0.056,0,1,0.0,2022-23,Regular Season,2-4 Feet - Tight
1631120,JD Davison,1610612738,BOS,20.0,12,5,0.368,4,7,0.571,0.571,0.368,4,7,0.571,0.0,0,0,,2022-23,Regular Season,2-4 Feet - Tight
1631123,Jamaree Bouyea,1610612748,MIA,24.0,5,4,0.5,3,7,0.429,0.429,0.429,3,6,0.5,0.071,0,1,0.0,2022-23,Regular Season,2-4 Feet - Tight
203086,Meyers Leonard,1610612749,MIL,31.0,9,3,0.241,3,7,0.429,0.429,0.207,3,6,0.5,0.034,0,1,0.0,2022-23,Regular Season,2-4 Feet - Tight
203490,Otto Porter Jr.,1610612761,TOR,30.0,8,4,0.2,5,6,0.833,0.833,0.2,5,6,0.833,0.0,0,0,,2022-23,Regular Season,2-4 Feet - Tight
1630644,Mac McClung,1610612755,PHI,24.0,2,2,0.3,3,6,0.5,0.5,0.3,3,6,0.5,0.0,0,0,,2022-23,Regular Season,2-4 Feet - Tight
1630590,Scotty Pippen Jr.,1610612747,LAL,22.0,6,4,0.5,1,6,0.167,0.167,0.5,1,6,0.167,0.0,0,0,,2022-23,Regular Season,2-4 Feet - Tight
1628382,Justin Jackson,1610612738,BOS,28.0,23,6,0.222,1,6,0.167,0.167,0.185,1,5,0.2,0.037,0,1,0.0,2022-23,Regular Season,2-4 Feet - Tight
1630695,Micah Potter,1610612762,UTA,25.0,7,3,0.333,4,5,0.8,0.8,0.333,4,5,0.8,0.0,0,0,,2022-23,Regular Season,2-4 Feet - Tight
2738,Andre Iguodala,1610612744,GSW,39.0,7,3,0.417,4,5,0.8,0.8,0.333,4,4,1.0,0.083,0,1,0.0,2022-23,Regular Season,2-4 Feet - Tight
1629674,Neemias Queta,1610612758,SAC,23.0,5,3,0.556,4,5,0.8,0.8,0.556,4,5,0.8,0.0,0,0,,2022-23,Regular Season,2-4 Feet - Tight
1628221,Gabe York,1610612754,IND,29.0,3,3,0.238,3,5,0.6,0.8,0.095,1,2,0.5,0.143,2,3,0.667,2022-23,Regular Season,2-4 Feet - Tight
1631199,Ron Harper Jr.,1610612761,TOR,23.0,9,3,0.313,3,5,0.6,0.6,0.25,3,4,0.75,0.063,0,1,0.0,2022-23,Regular Season,2-4 Feet - Tight
1628993,Alize Johnson,1610612759,SAS,27.0,4,2,0.833,3,5,0.6,0.6,0.667,3,4,0.75,0.167,0,1,0.0,2022-23,Regular Season,2-4 Feet - Tight
1630241,Sam Merrill,1610612739,CLE,27.0,5,3,0.227,2,5,0.4,0.4,0.091,2,2,1.0,0.136,0,3,0.0,2022-23,Regular Season,2-4 Feet - Tight
1631157,Ryan Rollins,1610612744,GSW,20.0,12,4,0.25,2,5,0.4,0.4,0.25,2,5,0.4,0.0,0,0,,2022-23,Regular Season,2-4 Feet - Tight
1630580,Joe Wieskamp,1610612761,TOR,23.0,9,2,0.357,1,5,0.2,0.3,0.143,0,2,0.0,0.214,1,3,0.333,2022-23,Regular Season,2-4 Feet - Tight
1630637,Carlik Jones,1610612741,CHI,25.0,6,3,0.357,0,5,0.0,0.0,0.357,0,5,0.0,0.0,0,0,,2022-23,Regular Season,2-4 Feet - Tight
1629663,Louis King,1610612755,PHI,24.0,1,1,0.308,3,4,0.75,0.75,0.308,3,4,0.75,0.0,0,0,,2022-23,Regular Season,2-4 Feet - Tight
1631306,Cole Swider,1610612747,LAL,24.0,7,2,0.444,2,4,0.5,0.75,0.0,0,0,,0.444,2,4,0.5,2022-23,Regular Season,2-4 Feet - Tight
1631112,Kendall Brown,1610612754,IND,20.0,6,3,0.571,2,4,0.5,0.5,0.571,2,4,0.5,0.0,0,0,,2022-23,Regular Season,2-4 Feet - Tight
1631160,Jordan Hall,1610612759,SAS,21.0,9,4,0.143,2,4,0.5,0.5,0.143,2,4,0.5,0.0,0,0,,2022-23,Regular Season,2-4 Feet - Tight
1628396,Tony Bradley,1610612741,CHI,25.0,11,2,0.364,2,4,0.5,0.5,0.364,2,4,0.5,0.0,0,0,,2022-23,Regular Season,2-4 Feet - Tight
1631303,Justin Minaya,1610612757,POR,24.0,3,2,0.267,1,4,0.25,0.25,0.267,1,4,0.25,0.0,0,0,,2022-23,Regular Season,2-4 Feet - Tight
1631220,Dereon Seabron,1610612740,NOP,23.0,5,2,0.8,1,4,0.25,0.25,0.8,1,4,0.25,0.0,0,0,,2022-23,Regular Season,2-4 Feet - Tight
1631205,Buddy Boeheim,1610612765,DET,23.0,10,3,0.148,1,4,0.25,0.25,0.037,1,1,1.0,0.111,0,3,0.0,2022-23,Regular Season,2-4 Feet - Tight
1629714,Jarrell Brantley,1610612762,UTA,27.0,4,2,0.214,3,3,1.0,1.0,0.214,3,3,1.0,0.0,0,0,,2022-23,Regular Season,2-4 Feet - Tight
1630176,Vernon Carey Jr.,1610612762,UTA,22.0,11,3,0.375,2,3,0.667,0.667,0.375,2,3,0.667,0.0,0,0,,2022-23,Regular Season,2-4 Feet - Tight
1630564,RaiQuan Gray,1610612751,BKN,23.0,1,1,0.25,2,3,0.667,0.667,0.25,2,3,0.667,0.0,0,0,,2022-23,Regular Season,2-4 Feet - Tight
1631165,Keon Ellis,1610612758,SAC,23.0,16,3,0.188,1,3,0.333,0.5,0.063,0,1,0.0,0.125,1,2,0.5,2022-23,Regular Season,2-4 Feet - Tight
1628435,Chance Comanche,1610612757,POR,27.0,1,1,0.6,1,3,0.333,0.333,0.6,1,3,0.333,0.0,0,0,,2022-23,Regular Season,2-4 Feet - Tight
1630206,Jay Scrubb,1610612753,ORL,22.0,2,1,0.429,1,3,0.333,0.333,0.429,1,3,0.333,0.0,0,0,,2022-23,Regular Season,2-4 Feet - Tight
1629653,Devon Dotson,1610612764,WAS,23.0,6,3,0.333,0,3,0.0,0.0,0.333,0,3,0.0,0.0,0,0,,2022-23,Regular Season,2-4 Feet - Tight
1629875,Xavier Moon,1610612746,LAC,28.0,4,2,0.222,1,2,0.5,0.5,0.222,1,2,0.5,0.0,0,0,,2022-23,Regular Season,2-4 Feet - Tight
1630270,Xavier Sneed,1610612766,CHA,25.0,4,2,0.2,1,2,0.5,0.5,0.2,1,2,0.5,0.0,0,0,,2022-23,Regular Season,2-4 Feet - Tight
1631495,Donovan Williams,1610612737,ATL,21.0,2,1,0.4,1,2,0.5,0.5,0.4,1,2,0.5,0.0,0,0,,2022-23,Regular Season,2-4 Feet - Tight
1630250,Marko Simonovic,1610612741,CHI,23.0,6,2,0.286,0,2,0.0,0.0,0.143,0,1,0.0,0.143,0,1,0.0,2022-23,Regular Season,2-4 Feet - Tight
1631311,Lester Quinones,1610612744,GSW,22.0,4,2,0.4,0,2,0.0,0.0,0.2,0,1,0.0,0.2,0,1,0.0,2022-23,Regular Season,2-4 Feet - Tight
1628402,Frank Jackson,1610612756,PHX,25.0,1,1,0.667,0,2,0.0,0.0,0.667,0,2,0.0,0.0,0,0,,2022-23,Regular Season,2-4 Feet - Tight
1631309,Trevor Hudgins,1610612745,HOU,24.0,5,1,0.222,0,2,0.0,0.0,0.111,0,1,0.0,0.111,0,1,0.0,2022-23,Regular Season,2-4 Feet - Tight
1628416,Tyler Dorsey,1610612742,DAL,27.0,3,1,0.2,1,1,1.0,1.0,0.2,1,1,1.0,0.0,0,0,,2022-23,Regular Season,2-4 Feet - Tight
1630620,Darius Days,1610612745,HOU,23.0,4,1,0.083,1,1,1.0,1.0,0.083,1,1,1.0,0.0,0,0,,2022-23,Regular Season,2-4 Feet - Tight
1629685,Dylan Windler,1610612739,CLE,26.0,3,1,0.333,1,1,1.0,1.0,0.333,1,1,1.0,0.0,0,0,,2022-23,Regular Season,2-4 Feet - Tight
1629735,Chris Silva,1610612737,ATL,26.0,1,1,1.0,1,1,1.0,1.0,1.0,1,1,1.0,0.0,0,0,,2022-23,Regular Season,2-4 Feet - Tight
1630648,Jordan Schakel,1610612764,WAS,25.0,2,1,0.5,0,1,0.0,0.0,0.5,0,1,0.0,0.0,0,0,,2022-23,Regular Season,2-4 Feet - Tight
1629126,Deonte Burton,1610612758,SAC,29.0,2,1,0.5,0,1,0.0,0.0,0.5,0,1,0.0,0.0,0,0,,2022-23,Regular Season,2-4 Feet - Tight
1630267,Facundo Campazzo,1610612742,DAL,32.0,8,1,0.077,0,1,0.0,0.0,0.077,0,1,0.0,0.0,0,0,,2022-23,Regular Season,2-4 Feet - Tight
1631320,Chima Moneke,1610612758,SAC,27.0,2,1,0.5,0,1,0.0,0.0,0.5,0,1,0.0,0.0,0,0,,2022-23,Regular Season,2-4 Feet - Tight
1628424,Kobi Simmons,1610612766,CHA,25.0,5,1,0.167,0,1,0.0,0.0,0.167,0,1,0.0,0.0,0,0,,2022-23,Regular Season,2-4 Feet - Tight
1629662,Mfiondu Kabengele,1610612738,BOS,25.0,4,1,0.143,0,1,0.0,0.0,0.143,0,1,0.0,0.0,0,0,,2022-23,Regular Season,2-4 Feet - Tight
1628425,Sterling Brown,1610612747,LAL,28.0,4,1,0.25,0,1,0.0,0.0,0.25,0,1,0.0,0.0,0,0,,2022-23,Regular Season,2-4 Feet - Tight
1629029,Luka Doncic,1610612742,DAL,24.0,66,66,0.433,276,628,0.439,0.556,0.161,130,233,0.558,0.273,146,395,0.37,2022-23,Regular Season,4-6 Feet - Open
203944,Julius Randle,1610612752,NYK,28.0,77,77,0.437,263,626,0.42,0.522,0.172,135,246,0.549,0.266,128,380,0.337,2022-23,Regular Season,4-6 Feet - Open
1630162,Anthony Edwards,1610612750,MIN,21.0,78,78,0.38,239,576,0.415,0.518,0.168,120,255,0.471,0.212,119,321,0.371,2022-23,Regular Season,4-6 Feet - Open
203897,Zach LaVine,1610612741,CHI,28.0,76,76,0.417,249,571,0.436,0.524,0.206,149,282,0.528,0.211,100,289,0.346,2022-23,Regular Season,4-6 Feet - Open
1628969,Mikal Bridges,1610612751,BKN,26.0,83,81,0.444,265,562,0.472,0.552,0.256,175,324,0.54,0.188,90,238,0.378,2022-23,Regular Season,4-6 Feet - Open
1628368,De'Aaron Fox,1610612758,SAC,25.0,73,72,0.401,246,534,0.461,0.513,0.264,190,352,0.54,0.137,56,182,0.308,2022-23,Regular Season,4-6 Feet - Open
1627759,Jaylen Brown,1610612738,BOS,26.0,67,67,0.381,229,527,0.435,0.524,0.181,135,251,0.538,0.2,94,276,0.341,2022-23,Regular Season,4-6 Feet - Open
1628378,Donovan Mitchell,1610612739,CLE,26.0,68,68,0.374,247,525,0.47,0.602,0.131,109,183,0.596,0.244,138,342,0.404,2022-23,Regular Season,4-6 Feet - Open
1628369,Jayson Tatum,1610612738,BOS,25.0,74,74,0.335,229,523,0.438,0.562,0.107,99,167,0.593,0.228,130,356,0.365,2022-23,Regular Season,4-6 Feet - Open
202691,Klay Thompson,1610612744,GSW,33.0,68,68,0.421,228,523,0.436,0.565,0.164,93,204,0.456,0.257,135,319,0.423,2022-23,Regular Season,4-6 Feet - Open
2544,LeBron James,1610612747,LAL,38.0,55,55,0.409,206,498,0.414,0.492,0.214,128,261,0.49,0.195,78,237,0.329,2022-23,Regular Season,4-6 Feet - Open
203954,Joel Embiid,1610612755,PHI,29.0,66,66,0.369,269,490,0.549,0.562,0.328,256,436,0.587,0.041,13,54,0.241,2022-23,Regular Season,4-6 Feet - Open
1628973,Jalen Brunson,1610612752,NYK,26.0,68,68,0.403,242,481,0.503,0.587,0.244,161,292,0.551,0.158,81,189,0.429,2022-23,Regular Season,4-6 Feet - Open
203468,CJ McCollum,1610612740,NOP,31.0,75,74,0.353,203,474,0.428,0.518,0.186,118,250,0.472,0.167,85,224,0.379,2022-23,Regular Season,4-6 Feet - Open
1630224,Jalen Green,1610612745,HOU,21.0,76,75,0.34,178,461,0.386,0.474,0.143,97,194,0.5,0.197,81,267,0.303,2022-23,Regular Season,4-6 Feet - Open
202681,Kyrie Irving,1610612742,DAL,31.0,60,60,0.38,223,457,0.488,0.596,0.168,124,202,0.614,0.212,99,255,0.388,2022-23,Regular Season,4-6 Feet - Open
201939,Stephen Curry,1610612744,GSW,35.0,55,55,0.407,218,456,0.478,0.636,0.117,74,131,0.565,0.29,144,325,0.443,2022-23,Regular Season,4-6 Feet - Open
1627749,Dejounte Murray,1610612737,ATL,26.0,74,73,0.344,198,454,0.436,0.51,0.187,131,247,0.53,0.157,67,207,0.324,2022-23,Regular Season,4-6 Feet - Open
1628983,Shai Gilgeous-Alexander,1610612760,OKC,24.0,68,68,0.327,223,451,0.494,0.514,0.287,205,397,0.516,0.039,18,54,0.333,2022-23,Regular Season,4-6 Feet - Open
1629027,Trae Young,1610612737,ATL,24.0,73,73,0.316,174,439,0.396,0.456,0.186,122,259,0.471,0.129,52,180,0.289,2022-23,Regular Season,4-6 Feet - Open
1626156,D'Angelo Russell,1610612747,LAL,27.0,71,71,0.458,192,434,0.442,0.571,0.154,80,146,0.548,0.304,112,288,0.389,2022-23,Regular Season,4-6 Feet - Open
1627750,Jamal Murray,1610612743,DEN,26.0,65,64,0.417,189,434,0.435,0.524,0.219,112,228,0.491,0.198,77,206,0.374,2022-23,Regular Season,4-6 Feet - Open
202331,Paul George,1610612746,LAC,33.0,56,56,0.428,188,430,0.437,0.54,0.203,100,204,0.49,0.225,88,226,0.389,2022-23,Regular Season,4-6 Feet - Open
203081,Damian Lillard,1610612757,POR,32.0,58,58,0.357,188,429,0.438,0.575,0.101,71,122,0.582,0.255,117,307,0.381,2022-23,Regular Season,4-6 Feet - Open
1628398,Kyle Kuzma,1610612764,WAS,27.0,64,64,0.376,176,429,0.41,0.529,0.116,74,132,0.561,0.26,102,297,0.343,2022-23,Regular Season,4-6 Feet - Open
1627832,Fred VanVleet,1610612761,TOR,29.0,69,69,0.386,160,429,0.373,0.491,0.116,59,129,0.457,0.27,101,300,0.337,2022-23,Regular Season,4-6 Feet - Open
1626179,Terry Rozier,1610612766,CHA,29.0,63,63,0.362,177,427,0.415,0.512,0.152,94,179,0.525,0.21,83,248,0.335,2022-23,Regular Season,4-6 Feet - Open
1629673,Jordan Poole,1610612744,GSW,24.0,81,77,0.321,165,405,0.407,0.51,0.109,82,138,0.594,0.212,83,267,0.311,2022-23,Regular Season,4-6 Feet - Open
202695,Kawhi Leonard,1610612746,LAC,32.0,52,51,0.462,199,402,0.495,0.571,0.294,138,256,0.539,0.168,61,146,0.418,2022-23,Regular Season,4-6 Feet - Open
1629639,Tyler Herro,1610612748,MIA,23.0,67,67,0.361,161,400,0.403,0.513,0.124,73,137,0.533,0.237,88,263,0.335,2022-23,Regular Season,4-6 Feet - Open
1629014,Anfernee Simons,1610612757,POR,24.0,62,62,0.379,167,396,0.422,0.554,0.117,62,122,0.508,0.262,105,274,0.383,2022-23,Regular Season,4-6 Feet - Open
201950,Jrue Holiday,1610612749,MIL,33.0,67,67,0.386,172,395,0.435,0.532,0.179,96,183,0.525,0.207,76,212,0.358,2022-23,Regular Season,4-6 Feet - Open
1627741,Buddy Hield,1610612754,IND,30.0,80,78,0.377,167,391,0.427,0.575,0.099,51,103,0.495,0.277,116,288,0.403,2022-23,Regular Season,4-6 Feet - Open
1627736,Malik Beasley,1610612747,LAL,26.0,81,80,0.414,148,388,0.381,0.532,0.07,31,66,0.47,0.344,117,322,0.363,2022-23,Regular Season,4-6 Feet - Open
1629636,Darius Garland,1610612739,CLE,23.0,69,69,0.339,168,383,0.439,0.523,0.19,103,214,0.481,0.15,65,169,0.385,2022-23,Regular Season,4-6 Feet - Open
1628415,Dillon Brooks,1610612763,MEM,27.0,73,73,0.377,135,373,0.362,0.446,0.16,72,158,0.456,0.217,63,215,0.293,2022-23,Regular Season,4-6 Feet - Open
1627783,Pascal Siakam,1610612761,TOR,29.0,71,71,0.281,160,369,0.434,0.472,0.218,132,286,0.462,0.063,28,83,0.337,2022-23,Regular Season,4-6 Feet - Open
201942,DeMar DeRozan,1610612741,CHI,33.0,73,73,0.284,173,365,0.474,0.505,0.233,150,299,0.502,0.051,23,66,0.348,2022-23,Regular Season,4-6 Feet - Open
1629645,Kevin Porter Jr.,1610612745,HOU,23.0,59,58,0.412,167,364,0.459,0.566,0.179,89,158,0.563,0.233,78,206,0.379,2022-23,Regular Season,4-6 Feet - Open
1631095,Jabari Smith Jr.,1610612745,HOU,20.0,79,77,0.396,121,353,0.343,0.432,0.146,58,130,0.446,0.25,63,223,0.283,2022-23,Regular Season,4-6 Feet - Open
1626164,Devin Booker,1610612756,PHX,26.0,53,52,0.329,178,351,0.507,0.593,0.175,118,187,0.631,0.154,60,164,0.366,2022-23,Regular Season,4-6 Feet - Open
1628989,Kevin Huerter,1610612758,SAC,24.0,75,75,0.405,150,351,0.427,0.566,0.115,53,100,0.53,0.29,97,251,0.386,2022-23,Regular Season,4-6 Feet - Open
1629018,Gary Trent Jr.,1610612761,TOR,24.0,66,64,0.369,139,345,0.403,0.512,0.144,64,135,0.474,0.225,75,210,0.357,2022-23,Regular Season,4-6 Feet - Open
1628374,Lauri Markkanen,1610612762,UTA,26.0,66,65,0.3,153,344,0.445,0.58,0.095,60,109,0.55,0.205,93,235,0.396,2022-23,Regular Season,4-6 Feet - Open
101108,Chris Paul,1610612756,PHX,38.0,59,57,0.504,149,337,0.442,0.512,0.313,102,209,0.488,0.192,47,128,0.367,2022-23,Regular Season,4-6 Feet - Open
1628389,Bam Adebayo,1610612748,MIA,25.0,75,72,0.297,191,331,0.577,0.577,0.295,191,329,0.581,0.002,0,2,0.0,2022-23,Regular Season,4-6 Feet - Open
203915,Spencer Dinwiddie,1610612751,BKN,30.0,79,77,0.313,126,329,0.383,0.508,0.091,44,96,0.458,0.222,82,233,0.352,2022-23,Regular Season,4-6 Feet - Open
203501,Tim Hardaway Jr.,1610612742,DAL,31.0,71,71,0.383,114,324,0.352,0.489,0.074,25,63,0.397,0.308,89,261,0.341,2022-23,Regular Season,4-6 Feet - Open
1630165,Killian Hayes,1610612765,DET,21.0,75,73,0.401,124,320,0.388,0.442,0.243,89,194,0.459,0.158,35,126,0.278,2022-23,Regular Season,4-6 Feet - Open
1631094,Paolo Banchero,1610612753,ORL,20.0,72,72,0.274,127,307,0.414,0.451,0.176,104,197,0.528,0.098,23,110,0.209,2022-23,Regular Season,4-6 Feet - Open
201935,James Harden,1610612755,PHI,33.0,58,58,0.361,128,304,0.421,0.549,0.114,50,96,0.521,0.247,78,208,0.375,2022-23,Regular Season,4-6 Feet - Open
1629640,Keldon Johnson,1610612759,SAS,23.0,61,60,0.281,121,303,0.399,0.531,0.077,41,83,0.494,0.204,80,220,0.364,2022-23,Regular Season,4-6 Feet - Open
1629630,Ja Morant,1610612763,MEM,23.0,61,61,0.249,146,302,0.483,0.526,0.161,120,196,0.612,0.087,26,106,0.245,2022-23,Regular Season,4-6 Feet - Open
1629023,P.J. Washington,1610612766,CHA,24.0,73,73,0.308,121,300,0.403,0.522,0.097,50,94,0.532,0.211,71,206,0.345,2022-23,Regular Season,4-6 Feet - Open
203924,Jerami Grant,1610612757,POR,29.0,63,61,0.327,121,299,0.405,0.493,0.149,68,136,0.5,0.179,53,163,0.325,2022-23,Regular Season,4-6 Feet - Open
1629628,RJ Barrett,1610612752,NYK,23.0,73,71,0.253,115,298,0.386,0.475,0.109,62,128,0.484,0.145,53,170,0.312,2022-23,Regular Season,4-6 Feet - Open
203903,Jordan Clarkson,1610612762,UTA,31.0,61,61,0.287,125,296,0.422,0.527,0.097,63,100,0.63,0.19,62,196,0.316,2022-23,Regular Season,4-6 Feet - Open
203078,Bradley Beal,1610612764,WAS,30.0,50,48,0.334,141,293,0.481,0.539,0.221,107,194,0.552,0.113,34,99,0.343,2022-23,Regular Season,4-6 Feet - Open
1629622,Max Strus,1610612748,MIA,27.0,80,77,0.368,116,291,0.399,0.564,0.037,20,29,0.69,0.332,96,262,0.366,2022-23,Regular Season,4-6 Feet - Open
203507,Giannis Antetokounmpo,1610612749,MIL,28.0,63,62,0.226,144,289,0.498,0.519,0.194,132,248,0.532,0.032,12,41,0.293,2022-23,Regular Season,4-6 Feet - Open
202711,Bojan Bogdanovic,1610612765,DET,34.0,58,57,0.336,135,289,0.467,0.569,0.161,76,138,0.551,0.176,59,151,0.391,2022-23,Regular Season,4-6 Feet - Open
1628370,Malik Monk,1610612758,SAC,25.0,77,73,0.353,125,281,0.445,0.566,0.108,57,86,0.663,0.245,68,195,0.349,2022-23,Regular Season,4-6 Feet - Open
1629008,Michael Porter Jr.,1610612743,DEN,25.0,62,60,0.343,126,280,0.45,0.586,0.109,50,89,0.562,0.234,76,191,0.398,2022-23,Regular Season,4-6 Feet - Open
1630193,Immanuel Quickley,1610612752,NYK,24.0,81,78,0.298,121,279,0.434,0.516,0.145,75,136,0.551,0.153,46,143,0.322,2022-23,Regular Season,4-6 Feet - Open
204001,Kristaps Porziņģis,1610612764,WAS,27.0,65,64,0.271,128,276,0.464,0.582,0.106,63,108,0.583,0.165,65,168,0.387,2022-23,Regular Season,4-6 Feet - Open
1630178,Tyrese Maxey,1610612755,PHI,22.0,60,60,0.299,132,273,0.484,0.604,0.133,66,121,0.545,0.166,66,152,0.434,2022-23,Regular Season,4-6 Feet - Open
1627742,Brandon Ingram,1610612740,NOP,25.0,45,44,0.327,127,273,0.465,0.526,0.233,94,194,0.485,0.095,33,79,0.418,2022-23,Regular Season,4-6 Feet - Open
1629652,Luguentz Dort,1610612760,OKC,24.0,74,72,0.309,105,270,0.389,0.506,0.076,42,66,0.636,0.234,63,204,0.309,2022-23,Regular Season,4-6 Feet - Open
201142,Kevin Durant,1610612756,PHX,34.0,47,47,0.308,148,264,0.561,0.644,0.187,104,160,0.65,0.121,44,104,0.423,2022-23,Regular Season,4-6 Feet - Open
1626171,Bobby Portis,1610612749,MIL,28.0,70,68,0.329,133,264,0.504,0.591,0.178,87,143,0.608,0.151,46,121,0.38,2022-23,Regular Season,4-6 Feet - Open
1631093,Jaden Ivey,1610612765,DET,21.0,73,68,0.272,111,263,0.422,0.494,0.155,73,150,0.487,0.117,38,113,0.336,2022-23,Regular Season,4-6 Feet - Open
1630163,LaMelo Ball,1610612766,CHA,21.0,36,36,0.361,113,260,0.435,0.554,0.13,51,94,0.543,0.23,62,166,0.373,2022-23,Regular Season,4-6 Feet - Open
201572,Brook Lopez,1610612749,MIL,35.0,78,75,0.289,110,260,0.423,0.502,0.13,69,117,0.59,0.159,41,143,0.287,2022-23,Regular Season,4-6 Feet - Open
1626196,Josh Richardson,1610612740,NOP,29.0,64,62,0.477,104,260,0.4,0.502,0.174,51,95,0.537,0.303,53,165,0.321,2022-23,Regular Season,4-6 Feet - Open
1628384,OG Anunoby,1610612761,TOR,25.0,67,64,0.293,119,259,0.459,0.558,0.136,68,120,0.567,0.157,51,139,0.367,2022-23,Regular Season,4-6 Feet - Open
201566,Russell Westbrook,1610612746,LAC,34.0,73,70,0.261,113,258,0.438,0.477,0.189,93,187,0.497,0.072,20,71,0.282,2022-23,Regular Season,4-6 Feet - Open
1630170,Devin Vassell,1610612759,SAS,22.0,38,38,0.432,108,257,0.42,0.527,0.187,53,111,0.477,0.245,55,146,0.377,2022-23,Regular Season,4-6 Feet - Open
203992,Bogdan Bogdanović,1610612737,ATL,30.0,54,54,0.419,103,256,0.402,0.529,0.146,38,89,0.427,0.273,65,167,0.389,2022-23,Regular Season,4-6 Feet - Open
1629631,De'Andre Hunter,1610612737,ATL,25.0,67,65,0.31,123,255,0.482,0.555,0.175,86,144,0.597,0.135,37,111,0.333,2022-23,Regular Season,4-6 Feet - Open
1630198,Isaiah Joe,1610612760,OKC,23.0,73,65,0.502,105,255,0.412,0.573,0.083,23,42,0.548,0.419,82,213,0.385,2022-23,Regular Season,4-6 Feet - Open
1630567,Scottie Barnes,1610612761,TOR,21.0,77,74,0.251,97,255,0.38,0.424,0.171,75,174,0.431,0.08,22,81,0.272,2022-23,Regular Season,4-6 Feet - Open
1629028,Deandre Ayton,1610612756,PHX,24.0,67,65,0.286,143,254,0.563,0.563,0.283,143,251,0.57,0.003,0,3,0.0,2022-23,Regular Season,4-6 Feet - Open
1630532,Franz Wagner,1610612753,ORL,21.0,80,77,0.226,107,252,0.425,0.518,0.093,60,104,0.577,0.132,47,148,0.318,2022-23,Regular Season,4-6 Feet - Open
1630169,Tyrese Haliburton,1610612754,IND,23.0,56,56,0.297,117,250,0.468,0.582,0.114,60,96,0.625,0.183,57,154,0.37,2022-23,Regular Season,4-6 Feet - Open
1626162,Kelly Oubre Jr.,1610612766,CHA,27.0,48,47,0.306,98,250,0.392,0.498,0.097,45,79,0.57,0.21,53,171,0.31,2022-23,Regular Season,4-6 Feet - Open
1627747,Caris LeVert,1610612739,CLE,28.0,74,71,0.336,100,249,0.402,0.508,0.155,47,115,0.409,0.181,53,134,0.396,2022-23,Regular Season,4-6 Feet - Open
1630180,Saddiq Bey,1610612737,ATL,24.0,76,74,0.304,90,249,0.361,0.452,0.11,45,90,0.5,0.194,45,159,0.283,2022-23,Regular Season,4-6 Feet - Open
203484,Kentavious Caldwell-Pope,1610612743,DEN,30.0,76,73,0.392,115,248,0.464,0.581,0.166,57,105,0.543,0.226,58,143,0.406,2022-23,Regular Season,4-6 Feet - Open
202699,Tobias Harris,1610612755,PHI,30.0,74,70,0.29,125,245,0.51,0.602,0.15,80,127,0.63,0.14,45,118,0.381,2022-23,Regular Season,4-6 Feet - Open
1631099,Keegan Murray,1610612758,SAC,22.0,80,79,0.313,93,245,0.38,0.504,0.073,32,57,0.561,0.24,61,188,0.324,2022-23,Regular Season,4-6 Feet - Open
1626145,Tyus Jones,1610612763,MEM,27.0,80,75,0.345,93,245,0.38,0.471,0.134,48,95,0.505,0.211,45,150,0.3,2022-23,Regular Season,4-6 Feet - Open
1626174,Christian Wood,1610612742,DAL,27.0,67,62,0.308,112,237,0.473,0.544,0.169,78,130,0.6,0.139,34,107,0.318,2022-23,Regular Season,4-6 Feet - Open
1628971,Bruce Brown,1610612743,DEN,26.0,80,78,0.32,104,237,0.439,0.544,0.119,54,88,0.614,0.201,50,149,0.336,2022-23,Regular Season,4-6 Feet - Open
1630217,Desmond Bane,1610612763,MEM,25.0,58,57,0.249,110,234,0.47,0.605,0.084,47,79,0.595,0.165,63,155,0.406,2022-23,Regular Season,4-6 Feet - Open
203076,Anthony Davis,1610612747,LAL,30.0,56,54,0.243,118,233,0.506,0.513,0.224,115,215,0.535,0.019,3,18,0.167,2022-23,Regular Season,4-6 Feet - Open
202704,Reggie Jackson,1610612743,DEN,33.0,68,66,0.364,83,233,0.356,0.464,0.133,33,85,0.388,0.231,50,148,0.338,2022-23,Regular Season,4-6 Feet - Open
202330,Gordon Hayward,1610612766,CHA,33.0,50,50,0.392,111,228,0.487,0.52,0.301,96,175,0.549,0.091,15,53,0.283,2022-23,Regular Season,4-6 Feet - Open
1631097,Bennedict Mathurin,1610612754,IND,21.0,78,76,0.234,103,223,0.462,0.57,0.08,55,76,0.724,0.155,48,147,0.327,2022-23,Regular Season,4-6 Feet - Open
1628975,Jevon Carter,1610612749,MIL,27.0,81,67,0.391,88,221,0.398,0.509,0.15,39,85,0.459,0.241,49,136,0.36,2022-23,Regular Season,4-6 Feet - Open
202694,Marcus Morris Sr.,1610612746,LAC,33.0,65,63,0.342,87,220,0.395,0.491,0.152,45,98,0.459,0.19,42,122,0.344,2022-23,Regular Season,4-6 Feet - Open
1629656,Quentin Grimes,1610612752,NYK,23.0,71,63,0.36,94,217,0.433,0.574,0.076,33,46,0.717,0.284,61,171,0.357,2022-23,Regular Season,4-6 Feet - Open
203471,Dennis Schröder,1610612747,LAL,29.0,66,61,0.33,85,215,0.395,0.474,0.158,51,103,0.495,0.172,34,112,0.304,2022-23,Regular Season,4-6 Feet - Open
203999,Nikola Jokić,1610612743,DEN,28.0,69,60,0.209,132,214,0.617,0.694,0.134,99,137,0.723,0.075,33,77,0.429,2022-23,Regular Season,4-6 Feet - Open
202696,Nikola Vucevic,1610612741,CHI,32.0,81,73,0.19,103,214,0.481,0.528,0.143,83,161,0.516,0.047,20,53,0.377,2022-23,Regular Season,4-6 Feet - Open
1631101,Shaedon Sharpe,1610612757,POR,20.0,80,70,0.326,89,211,0.422,0.512,0.136,51,88,0.58,0.19,38,123,0.309,2022-23,Regular Season,4-6 Feet - Open
1629216,Gabe Vincent,1610612748,MIA,27.0,68,66,0.372,77,211,0.365,0.469,0.113,33,64,0.516,0.259,44,147,0.299,2022-23,Regular Season,4-6 Feet - Open
1630175,Cole Anthony,1610612753,ORL,23.0,60,59,0.344,91,210,0.433,0.51,0.198,59,121,0.488,0.146,32,89,0.36,2022-23,Regular Season,4-6 Feet - Open
200768,Kyle Lowry,1610612748,MIA,37.0,55,53,0.431,89,209,0.426,0.579,0.093,25,45,0.556,0.338,64,164,0.39,2022-23,Regular Season,4-6 Feet - Open
1629001,De'Anthony Melton,1610612755,PHI,25.0,77,70,0.321,86,209,0.411,0.56,0.066,24,43,0.558,0.255,62,166,0.373,2022-23,Regular Season,4-6 Feet - Open
1628420,Monte Morris,1610612764,WAS,28.0,62,62,0.404,104,208,0.5,0.606,0.196,60,101,0.594,0.208,44,107,0.411,2022-23,Regular Season,4-6 Feet - Open
1629669,Jaylen Nowell,1610612750,MIN,23.0,65,61,0.333,95,208,0.457,0.543,0.144,59,90,0.656,0.189,36,118,0.305,2022-23,Regular Season,4-6 Feet - Open
1628401,Derrick White,1610612738,BOS,28.0,82,74,0.274,90,208,0.433,0.541,0.088,45,67,0.672,0.186,45,141,0.319,2022-23,Regular Season,4-6 Feet - Open
203926,Doug McDermott,1610612759,SAS,31.0,63,61,0.391,93,202,0.46,0.641,0.081,20,42,0.476,0.31,73,160,0.456,2022-23,Regular Season,4-6 Feet - Open
1629614,Andrew Nembhard,1610612754,IND,23.0,75,65,0.307,87,198,0.439,0.495,0.208,65,134,0.485,0.099,22,64,0.344,2022-23,Regular Season,4-6 Feet - Open
1630557,Corey Kispert,1610612764,WAS,24.0,74,68,0.338,86,198,0.434,0.591,0.065,24,38,0.632,0.273,62,160,0.388,2022-23,Regular Season,4-6 Feet - Open
1630581,Josh Giddey,1610612760,OKC,20.0,76,67,0.174,99,194,0.51,0.546,0.129,85,144,0.59,0.045,14,50,0.28,2022-23,Regular Season,4-6 Feet - Open
1630172,Patrick Williams,1610612741,CHI,21.0,81,74,0.288,96,193,0.497,0.598,0.162,57,109,0.523,0.125,39,84,0.464,2022-23,Regular Season,4-6 Feet - Open
203114,Khris Middleton,1610612749,MIL,31.0,33,33,0.473,87,192,0.453,0.531,0.239,57,97,0.588,0.234,30,95,0.316,2022-23,Regular Season,4-6 Feet - Open
1626181,Norman Powell,1610612746,LAC,30.0,60,58,0.269,76,191,0.398,0.479,0.115,45,82,0.549,0.154,31,109,0.284,2022-23,Regular Season,4-6 Feet - Open
1630530,Trey Murphy III,1610612740,NOP,23.0,79,68,0.238,91,190,0.479,0.618,0.074,38,59,0.644,0.164,53,131,0.405,2022-23,Regular Season,4-6 Feet - Open
203935,Marcus Smart,1610612738,BOS,29.0,61,56,0.314,74,189,0.392,0.511,0.093,29,56,0.518,0.221,45,133,0.338,2022-23,Regular Season,4-6 Feet - Open
201144,Mike Conley,1610612750,MIN,35.0,66,64,0.313,75,188,0.399,0.529,0.09,26,54,0.481,0.223,49,134,0.366,2022-23,Regular Season,4-6 Feet - Open
1629659,Talen Horton-Tucker,1610612762,UTA,22.0,65,56,0.305,75,187,0.401,0.452,0.183,56,112,0.5,0.122,19,75,0.253,2022-23,Regular Season,4-6 Feet - Open
1627777,Georges Niang,1610612755,PHI,30.0,78,71,0.373,73,187,0.39,0.556,0.044,11,22,0.5,0.329,62,165,0.376,2022-23,Regular Season,4-6 Feet - Open
1628984,Devonte' Graham,1610612759,SAS,28.0,73,61,0.434,63,187,0.337,0.471,0.06,13,26,0.5,0.374,50,161,0.311,2022-23,Regular Season,4-6 Feet - Open
202710,Jimmy Butler III,1610612748,MIA,33.0,64,59,0.208,103,185,0.557,0.595,0.167,89,148,0.601,0.042,14,37,0.378,2022-23,Regular Season,4-6 Feet - Open
203552,Seth Curry,1610612751,BKN,32.0,61,51,0.409,85,183,0.464,0.585,0.166,41,74,0.554,0.244,44,109,0.404,2022-23,Regular Season,4-6 Feet - Open
203084,Harrison Barnes,1610612758,SAC,31.0,82,71,0.23,83,182,0.456,0.582,0.082,37,65,0.569,0.148,46,117,0.393,2022-23,Regular Season,4-6 Feet - Open
1629667,Jalen McDaniels,1610612755,PHI,25.0,80,66,0.294,84,181,0.464,0.528,0.153,61,94,0.649,0.141,23,87,0.264,2022-23,Regular Season,4-6 Feet - Open
203952,Andrew Wiggins,1610612744,GSW,28.0,36,36,0.352,79,180,0.439,0.536,0.158,44,81,0.543,0.193,35,99,0.354,2022-23,Regular Season,4-6 Feet - Open
1629022,Lonnie Walker IV,1610612747,LAL,24.0,56,54,0.345,72,180,0.4,0.492,0.138,39,72,0.542,0.207,33,108,0.306,2022-23,Regular Season,4-6 Feet - Open
1630200,Tre Jones,1610612759,SAS,23.0,65,62,0.253,83,179,0.464,0.506,0.194,68,137,0.496,0.059,15,42,0.357,2022-23,Regular Season,4-6 Feet - Open
1630174,Aaron Nesmith,1610612754,IND,23.0,73,66,0.303,83,179,0.464,0.589,0.11,38,65,0.585,0.193,45,114,0.395,2022-23,Regular Season,4-6 Feet - Open
202692,Alec Burks,1610612765,DET,31.0,50,50,0.396,80,178,0.449,0.573,0.156,36,70,0.514,0.24,44,108,0.407,2022-23,Regular Season,4-6 Feet - Open
1628997,Caleb Martin,1610612748,MIA,27.0,71,60,0.325,80,178,0.449,0.548,0.153,45,84,0.536,0.172,35,94,0.372,2022-23,Regular Season,4-6 Feet - Open
1630183,Jaden McDaniels,1610612750,MIN,22.0,78,70,0.25,79,177,0.446,0.514,0.14,55,99,0.556,0.11,24,78,0.308,2022-23,Regular Season,4-6 Feet - Open
1626192,Pat Connaughton,1610612749,MIL,30.0,61,59,0.42,63,177,0.356,0.503,0.04,11,17,0.647,0.38,52,160,0.325,2022-23,Regular Season,4-6 Feet - Open
1629060,Rui Hachimura,1610612747,LAL,25.0,63,61,0.301,86,176,0.489,0.526,0.209,73,122,0.598,0.092,13,54,0.241,2022-23,Regular Season,4-6 Feet - Open
1629632,Coby White,1610612741,CHI,23.0,73,66,0.297,70,175,0.4,0.497,0.107,36,63,0.571,0.19,34,112,0.304,2022-23,Regular Season,4-6 Feet - Open
1631100,AJ Griffin,1610612737,ATL,19.0,72,65,0.326,79,174,0.454,0.563,0.12,41,64,0.641,0.206,38,110,0.345,2022-23,Regular Season,4-6 Feet - Open
203932,Aaron Gordon,1610612743,DEN,27.0,68,65,0.227,95,173,0.549,0.627,0.148,68,113,0.602,0.079,27,60,0.45,2022-23,Regular Season,4-6 Feet - Open
1628379,Luke Kennard,1610612763,MEM,27.0,59,54,0.453,91,173,0.526,0.728,0.099,21,38,0.553,0.353,70,135,0.519,2022-23,Regular Season,4-6 Feet - Open
1628381,John Collins,1610612737,ATL,25.0,71,63,0.239,89,169,0.527,0.577,0.137,72,97,0.742,0.102,17,72,0.236,2022-23,Regular Season,4-6 Feet - Open
1630583,Santi Aldama,1610612763,MEM,22.0,77,69,0.318,80,167,0.479,0.617,0.09,34,47,0.723,0.229,46,120,0.383,2022-23,Regular Season,4-6 Feet - Open
1630538,Bones Hyland,1610612746,LAC,22.0,56,52,0.291,70,166,0.422,0.554,0.088,26,50,0.52,0.203,44,116,0.379,2022-23,Regular Season,4-6 Feet - Open
203082,Terrence Ross,1610612756,PHX,32.0,63,54,0.355,80,165,0.485,0.597,0.155,43,72,0.597,0.2,37,93,0.398,2022-23,Regular Season,4-6 Feet - Open
1630560,Cam Thomas,1610612751,BKN,21.0,57,46,0.367,74,165,0.448,0.518,0.229,51,103,0.495,0.138,23,62,0.371,2022-23,Regular Season,4-6 Feet - Open
202685,Jonas Valančiūnas,1610612740,NOP,31.0,79,66,0.198,85,161,0.528,0.54,0.178,81,145,0.559,0.02,4,16,0.25,2022-23,Regular Season,4-6 Feet - Open
201569,Eric Gordon,1610612746,LAC,34.0,69,59,0.245,73,160,0.456,0.556,0.09,41,59,0.695,0.155,32,101,0.317,2022-23,Regular Season,4-6 Feet - Open
1628470,Torrey Craig,1610612756,PHX,32.0,79,67,0.32,71,160,0.444,0.588,0.104,25,52,0.481,0.216,46,108,0.426,2022-23,Regular Season,4-6 Feet - Open
1628972,Troy Brown Jr.,1610612747,LAL,23.0,76,67,0.34,62,158,0.392,0.532,0.075,18,35,0.514,0.265,44,123,0.358,2022-23,Regular Season,4-6 Feet - Open
203506,Victor Oladipo,1610612748,MIA,31.0,42,40,0.392,61,158,0.386,0.487,0.144,29,58,0.5,0.248,32,100,0.32,2022-23,Regular Season,4-6 Feet - Open
201567,Kevin Love,1610612748,MIA,34.0,62,57,0.368,51,156,0.327,0.455,0.054,11,23,0.478,0.314,40,133,0.301,2022-23,Regular Season,4-6 Feet - Open
1628449,Chris Boucher,1610612761,TOR,30.0,76,65,0.294,62,155,0.4,0.487,0.098,35,52,0.673,0.195,27,103,0.262,2022-23,Regular Season,4-6 Feet - Open
1628978,Donte DiVincenzo,1610612744,GSW,26.0,71,58,0.296,59,155,0.381,0.523,0.05,15,26,0.577,0.247,44,129,0.341,2022-23,Regular Season,4-6 Feet - Open
203925,Joe Harris,1610612751,BKN,31.0,74,64,0.353,70,154,0.455,0.633,0.044,15,19,0.789,0.31,55,135,0.407,2022-23,Regular Season,4-6 Feet - Open
1630596,Evan Mobley,1610612739,CLE,22.0,79,72,0.161,88,153,0.575,0.585,0.139,85,132,0.644,0.022,3,21,0.143,2022-23,Regular Season,4-6 Feet - Open
1628976,Wendell Carter Jr.,1610612753,ORL,24.0,57,52,0.245,78,150,0.52,0.593,0.157,56,96,0.583,0.088,22,54,0.407,2022-23,Regular Season,4-6 Feet - Open
1627763,Malcolm Brogdon,1610612738,BOS,30.0,67,62,0.205,75,150,0.5,0.59,0.112,48,82,0.585,0.093,27,68,0.397,2022-23,Regular Season,4-6 Feet - Open
204456,T.J. McConnell,1610612754,IND,31.0,75,63,0.286,86,149,0.577,0.591,0.271,82,141,0.582,0.015,4,8,0.5,2022-23,Regular Season,4-6 Feet - Open
202709,Cory Joseph,1610612765,DET,31.0,62,50,0.419,57,147,0.388,0.497,0.171,25,60,0.417,0.248,32,87,0.368,2022-23,Regular Season,4-6 Feet - Open
203115,Will Barton,1610612761,TOR,32.0,56,48,0.404,51,147,0.347,0.456,0.124,19,45,0.422,0.28,32,102,0.314,2022-23,Regular Season,4-6 Feet - Open
1631114,Jalen Williams,1610612760,OKC,22.0,75,59,0.184,76,146,0.521,0.568,0.123,62,98,0.633,0.06,14,48,0.292,2022-23,Regular Season,4-6 Feet - Open
201976,Patrick Beverley,1610612741,CHI,34.0,67,59,0.401,61,144,0.424,0.563,0.081,21,29,0.724,0.32,40,115,0.348,2022-23,Regular Season,4-6 Feet - Open
1626167,Myles Turner,1610612754,IND,27.0,62,55,0.187,77,137,0.562,0.642,0.109,55,80,0.688,0.078,22,57,0.386,2022-23,Regular Season,4-6 Feet - Open
1629661,Cameron Johnson,1610612751,BKN,27.0,42,40,0.289,56,137,0.409,0.5,0.122,31,58,0.534,0.167,25,79,0.316,2022-23,Regular Season,4-6 Feet - Open
201609,Goran Dragic,1610612749,MIL,37.0,57,48,0.413,56,137,0.409,0.515,0.178,27,59,0.458,0.235,29,78,0.372,2022-23,Regular Season,4-6 Feet - Open
1630573,Sam Hauser,1610612738,BOS,25.0,80,62,0.343,60,136,0.441,0.618,0.035,12,14,0.857,0.308,48,122,0.393,2022-23,Regular Season,4-6 Feet - Open
1630534,Ochai Agbaji,1610612762,UTA,23.0,59,47,0.352,52,136,0.382,0.489,0.093,23,36,0.639,0.259,29,100,0.29,2022-23,Regular Season,4-6 Feet - Open
1630559,Austin Reaves,1610612747,LAL,25.0,64,54,0.276,77,135,0.57,0.648,0.162,56,79,0.709,0.115,21,56,0.375,2022-23,Regular Season,4-6 Feet - Open
1629012,Collin Sexton,1610612762,UTA,24.0,48,44,0.288,64,135,0.474,0.567,0.143,39,67,0.582,0.145,25,68,0.368,2022-23,Regular Season,4-6 Feet - Open
1629134,Kendrick Nunn,1610612764,WAS,27.0,70,57,0.298,59,134,0.44,0.567,0.107,25,48,0.521,0.192,34,86,0.395,2022-23,Regular Season,4-6 Feet - Open
1630230,Naji Marshall,1610612740,NOP,25.0,77,62,0.231,51,132,0.386,0.439,0.112,37,64,0.578,0.119,14,68,0.206,2022-23,Regular Season,4-6 Feet - Open
1630591,Jalen Suggs,1610612753,ORL,22.0,53,47,0.292,64,130,0.492,0.592,0.151,38,67,0.567,0.142,26,63,0.413,2022-23,Regular Season,4-6 Feet - Open
1630166,Deni Avdija,1610612764,WAS,22.0,76,62,0.225,54,130,0.415,0.496,0.081,33,47,0.702,0.143,21,83,0.253,2022-23,Regular Season,4-6 Feet - Open
1628365,Markelle Fultz,1610612753,ORL,25.0,60,56,0.19,72,129,0.558,0.566,0.177,70,120,0.583,0.013,2,9,0.222,2022-23,Regular Season,4-6 Feet - Open
1630544,Tre Mann,1610612760,OKC,22.0,67,53,0.257,52,129,0.403,0.45,0.126,40,63,0.635,0.132,12,66,0.182,2022-23,Regular Season,4-6 Feet - Open
1627814,Damion Lee,1610612756,PHX,30.0,74,57,0.285,49,129,0.38,0.481,0.113,23,51,0.451,0.173,26,78,0.333,2022-23,Regular Season,4-6 Feet - Open
1630702,Jaden Hardy,1610612742,DAL,20.0,48,39,0.384,55,128,0.43,0.563,0.12,21,40,0.525,0.264,34,88,0.386,2022-23,Regular Season,4-6 Feet - Open
1629056,Terence Davis,1610612758,SAC,26.0,64,53,0.352,49,128,0.383,0.516,0.049,15,18,0.833,0.302,34,110,0.309,2022-23,Regular Season,4-6 Feet - Open
1628960,Grayson Allen,1610612749,MIL,27.0,72,60,0.23,49,128,0.383,0.508,0.061,17,34,0.5,0.169,32,94,0.34,2022-23,Regular Season,4-6 Feet - Open
1629611,Terance Mann,1610612746,LAC,26.0,81,64,0.243,68,127,0.535,0.618,0.155,47,81,0.58,0.088,21,46,0.457,2022-23,Regular Season,4-6 Feet - Open
1626157,Karl-Anthony Towns,1610612750,MIN,27.0,28,27,0.311,63,127,0.496,0.614,0.112,33,46,0.717,0.198,30,81,0.37,2022-23,Regular Season,4-6 Feet - Open
1626166,Cameron Payne,1610612756,PHX,28.0,48,45,0.28,48,127,0.378,0.461,0.139,27,63,0.429,0.141,21,64,0.328,2022-23,Regular Season,4-6 Feet - Open
1630537,Chris Duarte,1610612754,IND,26.0,46,41,0.381,47,127,0.37,0.457,0.156,25,52,0.481,0.225,22,75,0.293,2022-23,Regular Season,4-6 Feet - Open
203482,Kelly Olynyk,1610612762,UTA,32.0,68,53,0.219,64,122,0.525,0.582,0.144,50,80,0.625,0.075,14,42,0.333,2022-23,Regular Season,4-6 Feet - Open
1626224,Cedi Osman,1610612739,CLE,28.0,77,59,0.23,51,122,0.418,0.516,0.077,27,41,0.659,0.153,24,81,0.296,2022-23,Regular Season,4-6 Feet - Open
1628404,Josh Hart,1610612752,NYK,28.0,76,60,0.233,65,121,0.537,0.599,0.148,50,77,0.649,0.085,15,44,0.341,2022-23,Regular Season,4-6 Feet - Open
1629003,Shake Milton,1610612755,PHI,26.0,76,57,0.241,52,121,0.43,0.517,0.121,31,61,0.508,0.119,21,60,0.35,2022-23,Regular Season,4-6 Feet - Open
203937,Kyle Anderson,1610612750,MIN,29.0,68,54,0.244,54,119,0.454,0.496,0.189,44,92,0.478,0.055,10,27,0.37,2022-23,Regular Season,4-6 Feet - Open
1631103,Malaki Branham,1610612759,SAS,20.0,63,49,0.203,53,118,0.449,0.504,0.117,40,68,0.588,0.086,13,50,0.26,2022-23,Regular Season,4-6 Feet - Open
1630692,Jordan Goodwin,1610612764,WAS,24.0,62,46,0.334,48,118,0.407,0.479,0.17,31,60,0.517,0.164,17,58,0.293,2022-23,Regular Season,4-6 Feet - Open
1628372,Dennis Smith Jr.,1610612766,CHA,25.0,54,47,0.261,37,118,0.314,0.347,0.181,29,82,0.354,0.08,8,36,0.222,2022-23,Regular Season,4-6 Feet - Open
1630231,KJ Martin,1610612745,HOU,22.0,82,62,0.163,77,117,0.658,0.726,0.096,61,69,0.884,0.067,16,48,0.333,2022-23,Regular Season,4-6 Feet - Open
1629670,Jordan Nwora,1610612754,IND,24.0,62,49,0.263,46,117,0.393,0.491,0.106,23,47,0.489,0.157,23,70,0.329,2022-23,Regular Season,4-6 Feet - Open
1628995,Kevin Knox II,1610612757,POR,23.0,62,50,0.366,46,116,0.397,0.496,0.12,23,38,0.605,0.246,23,78,0.295,2022-23,Regular Season,4-6 Feet - Open
1628386,Jarrett Allen,1610612739,CLE,25.0,68,55,0.184,78,115,0.678,0.678,0.182,78,114,0.684,0.002,0,1,0.0,2022-23,Regular Season,4-6 Feet - Open
1629626,Bol Bol,1610612753,ORL,23.0,70,52,0.238,50,114,0.439,0.496,0.121,37,58,0.638,0.117,13,56,0.232,2022-23,Regular Season,4-6 Feet - Open
203914,Gary Harris,1610612753,ORL,28.0,48,45,0.371,47,114,0.412,0.579,0.049,9,15,0.6,0.322,38,99,0.384,2022-23,Regular Season,4-6 Feet - Open
1631223,David Roddy,1610612763,MEM,22.0,70,54,0.269,43,113,0.381,0.482,0.071,20,30,0.667,0.198,23,83,0.277,2022-23,Regular Season,4-6 Feet - Open
1629684,Grant Williams,1610612738,BOS,24.0,79,59,0.235,46,112,0.411,0.54,0.071,17,34,0.5,0.164,29,78,0.372,2022-23,Regular Season,4-6 Feet - Open
1627751,Jakob Poeltl,1610612761,TOR,27.0,71,56,0.182,62,111,0.559,0.559,0.181,62,110,0.564,0.002,0,1,0.0,2022-23,Regular Season,4-6 Feet - Open
201587,Nicolas Batum,1610612746,LAC,34.0,78,56,0.291,47,111,0.423,0.604,0.029,7,11,0.636,0.262,40,100,0.4,2022-23,Regular Season,4-6 Feet - Open
1630228,Jonathan Kuminga,1610612744,GSW,20.0,67,48,0.221,58,110,0.527,0.605,0.141,41,70,0.586,0.08,17,40,0.425,2022-23,Regular Season,4-6 Feet - Open
1627734,Domantas Sabonis,1610612758,SAC,27.0,79,62,0.116,68,109,0.624,0.638,0.108,65,101,0.644,0.009,3,8,0.375,2022-23,Regular Season,4-6 Feet - Open
1630167,Obi Toppin,1610612752,NYK,25.0,67,50,0.258,52,108,0.481,0.569,0.098,33,41,0.805,0.16,19,67,0.284,2022-23,Regular Season,4-6 Feet - Open
1629638,Nickeil Alexander-Walker,1610612750,MIN,24.0,58,44,0.376,42,108,0.389,0.519,0.098,14,28,0.5,0.279,28,80,0.35,2022-23,Regular Season,4-6 Feet - Open
1630587,Isaiah Livers,1610612765,DET,24.0,51,42,0.373,44,106,0.415,0.547,0.113,16,32,0.5,0.261,28,74,0.378,2022-23,Regular Season,4-6 Feet - Open
1630201,Malachi Flynn,1610612761,TOR,25.0,53,38,0.438,40,106,0.377,0.519,0.116,10,28,0.357,0.322,30,78,0.385,2022-23,Regular Season,4-6 Feet - Open
1631323,Simone Fontecchio,1610612762,UTA,27.0,52,41,0.34,39,106,0.368,0.491,0.077,13,24,0.542,0.263,26,82,0.317,2022-23,Regular Season,4-6 Feet - Open
201143,Al Horford,1610612738,BOS,37.0,63,50,0.219,50,105,0.476,0.643,0.061,15,29,0.517,0.159,35,76,0.461,2022-23,Regular Season,4-6 Feet - Open
200752,Rudy Gay,1610612762,UTA,36.0,56,51,0.366,36,105,0.343,0.405,0.167,23,48,0.479,0.199,13,57,0.228,2022-23,Regular Season,4-6 Feet - Open
1630237,Anthony Lamb,1610612744,GSW,25.0,61,44,0.332,45,102,0.441,0.588,0.072,15,22,0.682,0.261,30,80,0.375,2022-23,Regular Season,4-6 Feet - Open
1627752,Taurean Prince,1610612750,MIN,29.0,53,45,0.276,43,102,0.422,0.52,0.105,23,39,0.59,0.17,20,63,0.317,2022-23,Regular Season,4-6 Feet - Open
1629130,Duncan Robinson,1610612748,MIA,29.0,42,32,0.426,44,101,0.436,0.614,0.051,8,12,0.667,0.376,36,89,0.404,2022-23,Regular Season,4-6 Feet - Open
1629026,Kenrich Williams,1610612760,OKC,28.0,53,43,0.292,43,101,0.426,0.485,0.15,31,52,0.596,0.142,12,49,0.245,2022-23,Regular Season,4-6 Feet - Open
1631106,Tari Eason,1610612745,HOU,22.0,82,57,0.152,44,100,0.44,0.49,0.098,34,65,0.523,0.053,10,35,0.286,2022-23,Regular Season,4-6 Feet - Open
1629629,Cam Reddish,1610612757,POR,23.0,40,34,0.319,32,100,0.32,0.405,0.105,15,33,0.455,0.214,17,67,0.254,2022-23,Regular Season,4-6 Feet - Open
204060,Joe Ingles,1610612749,MIL,35.0,46,38,0.399,44,99,0.444,0.636,0.036,6,9,0.667,0.363,38,90,0.422,2022-23,Regular Season,4-6 Feet - Open
1628380,Zach Collins,1610612759,SAS,25.0,61,46,0.186,47,98,0.48,0.541,0.121,35,64,0.547,0.065,12,34,0.353,2022-23,Regular Season,4-6 Feet - Open
1626168,Trey Lyles,1610612758,SAC,27.0,74,57,0.24,37,98,0.378,0.51,0.037,11,15,0.733,0.203,26,83,0.313,2022-23,Regular Season,4-6 Feet - Open
1628991,Jaren Jackson Jr.,1610612763,MEM,23.0,63,53,0.118,54,97,0.557,0.67,0.046,32,38,0.842,0.072,22,59,0.373,2022-23,Regular Season,4-6 Feet - Open
202322,John Wall,1610612746,LAC,32.0,34,33,0.284,27,96,0.281,0.318,0.175,20,59,0.339,0.109,7,37,0.189,2022-23,Regular Season,4-6 Feet - Open
1629642,Nassir Little,1610612757,POR,23.0,54,43,0.314,43,95,0.453,0.579,0.142,19,43,0.442,0.172,24,52,0.462,2022-23,Regular Season,4-6 Feet - Open
1630558,Davion Mitchell,1610612758,SAC,24.0,80,53,0.236,46,94,0.489,0.585,0.108,28,43,0.651,0.128,18,51,0.353,2022-23,Regular Season,4-6 Feet - Open
1629675,Naz Reid,1610612750,MIN,23.0,68,44,0.161,47,93,0.505,0.608,0.061,28,35,0.8,0.101,19,58,0.328,2022-23,Regular Season,4-6 Feet - Open
1630631,Jose Alvarado,1610612740,NOP,25.0,61,48,0.19,38,93,0.409,0.5,0.08,21,39,0.538,0.11,17,54,0.315,2022-23,Regular Season,4-6 Feet - Open
1630202,Payton Pritchard,1610612738,BOS,25.0,48,33,0.38,37,93,0.398,0.532,0.09,12,22,0.545,0.29,25,71,0.352,2022-23,Regular Season,4-6 Feet - Open
203496,Robert Covington,1610612746,LAC,32.0,48,38,0.402,39,92,0.424,0.587,0.07,9,16,0.563,0.332,30,76,0.395,2022-23,Regular Season,4-6 Feet - Open
1630547,James Bouknight,1610612766,CHA,22.0,34,27,0.489,30,92,0.326,0.44,0.106,9,20,0.45,0.383,21,72,0.292,2022-23,Regular Season,4-6 Feet - Open
1630182,Josh Green,1610612742,DAL,22.0,60,43,0.238,48,91,0.527,0.61,0.123,33,47,0.702,0.115,15,44,0.341,2022-23,Regular Season,4-6 Feet - Open
1629013,Landry Shamet,1610612756,PHX,26.0,40,32,0.3,34,90,0.378,0.528,0.08,7,24,0.292,0.22,27,66,0.409,2022-23,Regular Season,4-6 Feet - Open
1629006,Josh Okogie,1610612756,PHX,24.0,72,42,0.217,29,90,0.322,0.361,0.114,22,47,0.468,0.104,7,43,0.163,2022-23,Regular Season,4-6 Feet - Open
1630578,Alperen Sengun,1610612745,HOU,20.0,75,49,0.11,48,88,0.545,0.551,0.104,47,83,0.566,0.006,1,5,0.2,2022-23,Regular Season,4-6 Feet - Open
203110,Draymond Green,1610612744,GSW,33.0,72,47,0.186,54,87,0.621,0.655,0.13,48,61,0.787,0.055,6,26,0.231,2022-23,Regular Season,4-6 Feet - Open
1628977,Hamidou Diallo,1610612765,DET,24.0,55,43,0.237,54,87,0.621,0.632,0.232,52,85,0.612,0.005,2,2,1.0,2022-23,Regular Season,4-6 Feet - Open
203933,T.J. Warren,1610612756,PHX,29.0,42,32,0.322,44,87,0.506,0.546,0.244,37,66,0.561,0.078,7,21,0.333,2022-23,Regular Season,4-6 Feet - Open
1629052,Oshae Brissett,1610612754,IND,25.0,65,42,0.27,34,86,0.395,0.488,0.088,18,28,0.643,0.182,16,58,0.276,2022-23,Regular Season,4-6 Feet - Open
1626220,Royce O'Neale,1610612751,BKN,30.0,76,47,0.144,27,85,0.318,0.429,0.025,8,15,0.533,0.118,19,70,0.271,2022-23,Regular Season,4-6 Feet - Open
1627827,Dorian Finney-Smith,1610612751,BKN,30.0,66,50,0.17,27,85,0.318,0.418,0.046,10,23,0.435,0.124,17,62,0.274,2022-23,Regular Season,4-6 Feet - Open
1628963,Marvin Bagley III,1610612765,DET,24.0,42,37,0.222,41,84,0.488,0.53,0.164,34,62,0.548,0.058,7,22,0.318,2022-23,Regular Season,4-6 Feet - Open
1631110,Jeremy Sochan,1610612759,SAS,20.0,55,39,0.153,42,83,0.506,0.548,0.105,35,57,0.614,0.048,7,26,0.269,2022-23,Regular Season,4-6 Feet - Open
1630540,Miles McBride,1610612752,NYK,22.0,64,41,0.386,32,83,0.386,0.506,0.098,12,21,0.571,0.288,20,62,0.323,2022-23,Regular Season,4-6 Feet - Open
1630245,Ayo Dosunmu,1610612741,CHI,23.0,79,49,0.146,39,82,0.476,0.488,0.103,37,58,0.638,0.043,2,24,0.083,2022-23,Regular Season,4-6 Feet - Open
1630173,Precious Achiuwa,1610612761,TOR,23.0,55,44,0.203,38,82,0.463,0.5,0.126,32,51,0.627,0.077,6,31,0.194,2022-23,Regular Season,4-6 Feet - Open
1630533,Ziaire Williams,1610612763,MEM,21.0,37,30,0.418,27,82,0.329,0.402,0.107,15,21,0.714,0.311,12,61,0.197,2022-23,Regular Season,4-6 Feet - Open
203493,Reggie Bullock Jr.,1610612742,DAL,32.0,78,55,0.172,34,81,0.42,0.586,0.028,7,13,0.538,0.145,27,68,0.397,2022-23,Regular Season,4-6 Feet - Open
1630528,Josh Christopher,1610612745,HOU,21.0,64,41,0.243,35,80,0.438,0.481,0.149,28,49,0.571,0.094,7,31,0.226,2022-23,Regular Season,4-6 Feet - Open
1626153,Delon Wright,1610612764,WAS,31.0,50,39,0.271,38,79,0.481,0.601,0.086,19,25,0.76,0.186,19,54,0.352,2022-23,Regular Season,4-6 Feet - Open
202397,Ish Smith,1610612743,DEN,34.0,43,27,0.603,35,79,0.443,0.443,0.565,35,74,0.473,0.038,0,5,0.0,2022-23,Regular Season,4-6 Feet - Open
1630188,Jalen Smith,1610612754,IND,23.0,68,40,0.156,33,79,0.418,0.468,0.087,25,44,0.568,0.069,8,35,0.229,2022-23,Regular Season,4-6 Feet - Open
1630613,Duane Washington Jr.,1610612752,NYK,23.0,31,26,0.305,34,78,0.436,0.558,0.129,15,33,0.455,0.176,19,45,0.422,2022-23,Regular Season,4-6 Feet - Open
1630168,Onyeka Okongwu,1610612737,ATL,22.0,80,52,0.155,59,77,0.766,0.779,0.147,57,73,0.781,0.008,2,4,0.5,2022-23,Regular Season,4-6 Feet - Open
1630699,MarJon Beauchamp,1610612749,MIL,22.0,52,33,0.317,35,77,0.455,0.571,0.136,17,33,0.515,0.181,18,44,0.409,2022-23,Regular Season,4-6 Feet - Open
203488,Mike Muscala,1610612738,BOS,31.0,63,39,0.264,31,77,0.403,0.526,0.086,12,25,0.48,0.178,19,52,0.365,2022-23,Regular Season,4-6 Feet - Open
1628966,Keita Bates-Diop,1610612759,SAS,27.0,64,36,0.172,33,75,0.44,0.527,0.067,20,29,0.69,0.106,13,46,0.283,2022-23,Regular Season,4-6 Feet - Open
201988,Patty Mills,1610612751,BKN,34.0,40,31,0.366,31,75,0.413,0.507,0.151,17,31,0.548,0.215,14,44,0.318,2022-23,Regular Season,4-6 Feet - Open
202722,Davis Bertans,1610612742,DAL,30.0,45,36,0.463,34,74,0.459,0.649,0.038,6,6,1.0,0.425,28,68,0.412,2022-23,Regular Season,4-6 Feet - Open
1629021,Moritz Wagner,1610612753,ORL,26.0,57,40,0.187,33,74,0.446,0.514,0.063,23,25,0.92,0.124,10,49,0.204,2022-23,Regular Season,4-6 Feet - Open
1630541,Moses Moody,1610612744,GSW,21.0,62,37,0.332,25,73,0.342,0.466,0.059,7,13,0.538,0.273,18,60,0.3,2022-23,Regular Season,4-6 Feet - Open
203967,Dario Saric,1610612760,OKC,29.0,57,42,0.26,33,72,0.458,0.549,0.141,20,39,0.513,0.119,13,33,0.394,2022-23,Regular Season,4-6 Feet - Open
1631216,Caleb Houstan,1610612753,ORL,20.0,51,36,0.393,23,72,0.319,0.465,0.027,2,5,0.4,0.366,21,67,0.313,2022-23,Regular Season,4-6 Feet - Open
1629651,Nic Claxton,1610612751,BKN,24.0,76,47,0.121,58,71,0.817,0.817,0.121,58,71,0.817,0.0,0,0,,2022-23,Regular Season,4-6 Feet - Open
203200,Justin Holiday,1610612742,DAL,34.0,46,32,0.348,21,71,0.296,0.387,0.083,8,17,0.471,0.265,13,54,0.241,2022-23,Regular Season,4-6 Feet - Open
1629634,Brandon Clarke,1610612763,MEM,26.0,56,40,0.201,47,70,0.671,0.671,0.195,47,68,0.691,0.006,0,2,0.0,2022-23,Regular Season,4-6 Feet - Open
1628418,Thomas Bryant,1610612743,DEN,25.0,59,36,0.19,42,70,0.6,0.65,0.157,35,58,0.603,0.033,7,12,0.583,2022-23,Regular Season,4-6 Feet - Open
1629723,John Konchar,1610612763,MEM,27.0,72,44,0.219,36,70,0.514,0.636,0.094,19,30,0.633,0.125,17,40,0.425,2022-23,Regular Season,4-6 Feet - Open
1628392,Isaiah Hartenstein,1610612752,NYK,25.0,82,49,0.214,35,70,0.5,0.514,0.193,33,63,0.524,0.021,2,7,0.286,2022-23,Regular Season,4-6 Feet - Open
1629660,Ty Jerome,1610612744,GSW,25.0,45,32,0.289,30,70,0.429,0.493,0.157,21,38,0.553,0.132,9,32,0.281,2022-23,Regular Season,4-6 Feet - Open
201145,Jeff Green,1610612743,DEN,36.0,56,40,0.21,36,69,0.522,0.587,0.122,27,40,0.675,0.088,9,29,0.31,2022-23,Regular Season,4-6 Feet - Open
1629726,Garrison Mathews,1610612737,ATL,26.0,54,40,0.343,22,69,0.319,0.471,0.01,1,2,0.5,0.333,21,67,0.313,2022-23,Regular Season,4-6 Feet - Open
1630553,Keon Johnson,1610612757,POR,21.0,40,30,0.388,20,69,0.29,0.37,0.157,9,28,0.321,0.23,11,41,0.268,2022-23,Regular Season,4-6 Feet - Open
1630552,Jalen Johnson,1610612737,ATL,21.0,70,42,0.211,36,68,0.529,0.551,0.155,33,50,0.66,0.056,3,18,0.167,2022-23,Regular Season,4-6 Feet - Open
1627863,Danuel House Jr.,1610612755,PHI,30.0,56,33,0.34,32,67,0.478,0.567,0.137,20,27,0.741,0.203,12,40,0.3,2022-23,Regular Season,4-6 Feet - Open
203497,Rudy Gobert,1610612750,MIN,31.0,69,35,0.122,52,66,0.788,0.788,0.122,52,66,0.788,0.0,0,0,,2022-23,Regular Season,4-6 Feet - Open
1629020,Jarred Vanderbilt,1610612747,LAL,24.0,78,44,0.146,46,66,0.697,0.72,0.133,43,60,0.717,0.013,3,6,0.5,2022-23,Regular Season,4-6 Feet - Open
1630529,Herbert Jones,1610612740,NOP,24.0,66,41,0.132,40,66,0.606,0.659,0.102,33,51,0.647,0.03,7,15,0.467,2022-23,Regular Season,4-6 Feet - Open
1630177,Theo Maledon,1610612766,CHA,22.0,44,33,0.262,25,66,0.379,0.447,0.139,16,35,0.457,0.123,9,31,0.29,2022-23,Regular Season,4-6 Feet - Open
1630214,Xavier Tillman,1610612763,MEM,24.0,61,34,0.212,47,65,0.723,0.723,0.206,47,63,0.746,0.007,0,2,0.0,2022-23,Regular Season,4-6 Feet - Open
1628964,Mo Bamba,1610612747,LAL,25.0,49,35,0.27,28,65,0.431,0.577,0.058,9,14,0.643,0.212,19,51,0.373,2022-23,Regular Season,4-6 Feet - Open
1630595,Cade Cunningham,1610612765,DET,21.0,12,12,0.286,34,64,0.531,0.586,0.188,27,42,0.643,0.098,7,22,0.318,2022-23,Regular Season,4-6 Feet - Open
1631105,Jalen Duren,1610612765,DET,19.0,66,38,0.158,46,62,0.742,0.742,0.158,46,62,0.742,0.0,0,0,,2022-23,Regular Season,4-6 Feet - Open
1630191,Isaiah Stewart,1610612765,DET,22.0,49,32,0.144,29,62,0.468,0.54,0.072,20,31,0.645,0.072,9,31,0.29,2022-23,Regular Season,4-6 Feet - Open
1629139,Yuta Watanabe,1610612751,BKN,28.0,58,43,0.272,24,62,0.387,0.508,0.083,9,19,0.474,0.189,15,43,0.349,2022-23,Regular Season,4-6 Feet - Open
1629004,Svi Mykhailiuk,1610612766,CHA,26.0,32,21,0.353,30,61,0.492,0.664,0.11,9,19,0.474,0.243,21,42,0.5,2022-23,Regular Season,4-6 Feet - Open
1630322,Lindy Waters III,1610612760,OKC,25.0,41,32,0.343,25,61,0.41,0.59,0.017,3,3,1.0,0.326,22,58,0.379,2022-23,Regular Season,4-6 Feet - Open
1631260,AJ Green,1610612749,MIL,23.0,35,24,0.488,25,61,0.41,0.574,0.056,5,7,0.714,0.432,20,54,0.37,2022-23,Regular Season,4-6 Feet - Open
203585,Rodney McGruder,1610612765,DET,31.0,32,25,0.401,23,61,0.377,0.541,0.059,3,9,0.333,0.342,20,52,0.385,2022-23,Regular Season,4-6 Feet - Open
1626172,Kevon Looney,1610612744,GSW,27.0,81,43,0.159,51,60,0.85,0.85,0.159,51,60,0.85,0.0,0,0,,2022-23,Regular Season,4-6 Feet - Open
1630164,James Wiseman,1610612765,DET,22.0,45,33,0.177,28,60,0.467,0.475,0.159,27,54,0.5,0.018,1,6,0.167,2022-23,Regular Season,4-6 Feet - Open
1630205,Lamar Stevens,1610612739,CLE,25.0,62,36,0.208,26,60,0.433,0.492,0.135,19,39,0.487,0.073,7,21,0.333,2022-23,Regular Season,4-6 Feet - Open
1630598,Aaron Wiggins,1610612760,OKC,24.0,70,42,0.163,30,59,0.508,0.602,0.072,19,26,0.731,0.091,11,33,0.333,2022-23,Regular Season,4-6 Feet - Open
1631104,Blake Wesley,1610612759,SAS,20.0,34,29,0.294,18,59,0.305,0.364,0.189,11,38,0.289,0.104,7,21,0.333,2022-23,Regular Season,4-6 Feet - Open
1627936,Alex Caruso,1610612741,CHI,29.0,66,41,0.202,28,57,0.491,0.623,0.074,13,21,0.619,0.128,15,36,0.417,2022-23,Regular Season,4-6 Feet - Open
1630197,Aleksej Pokusevski,1610612760,OKC,21.0,34,28,0.229,25,57,0.439,0.5,0.137,18,34,0.529,0.092,7,23,0.304,2022-23,Regular Season,4-6 Feet - Open
1628988,Aaron Holiday,1610612737,ATL,26.0,63,29,0.259,25,57,0.439,0.518,0.15,16,33,0.485,0.109,9,24,0.375,2022-23,Regular Season,4-6 Feet - Open
1630181,R.J. Hampton,1610612765,DET,22.0,47,30,0.241,22,57,0.386,0.474,0.101,12,24,0.5,0.139,10,33,0.303,2022-23,Regular Season,4-6 Feet - Open
1627732,Ben Simmons,1610612751,BKN,26.0,42,31,0.238,37,56,0.661,0.661,0.234,37,55,0.673,0.004,0,1,0.0,2022-23,Regular Season,4-6 Feet - Open
1630570,Trendon Watford,1610612757,POR,22.0,61,35,0.18,30,56,0.536,0.545,0.145,29,45,0.644,0.035,1,11,0.091,2022-23,Regular Season,4-6 Feet - Open
201937,Ricky Rubio,1610612739,CLE,32.0,33,25,0.315,19,56,0.339,0.393,0.174,13,31,0.419,0.14,6,25,0.24,2022-23,Regular Season,4-6 Feet - Open
203095,Evan Fournier,1610612752,NYK,30.0,27,24,0.337,17,56,0.304,0.402,0.078,6,13,0.462,0.259,11,43,0.256,2022-23,Regular Season,4-6 Feet - Open
1629111,Jock Landale,1610612756,PHX,27.0,69,37,0.163,30,55,0.545,0.555,0.122,29,41,0.707,0.042,1,14,0.071,2022-23,Regular Season,4-6 Feet - Open
201565,Derrick Rose,1610612752,NYK,34.0,27,24,0.34,24,54,0.444,0.556,0.145,12,23,0.522,0.195,12,31,0.387,2022-23,Regular Season,4-6 Feet - Open
203085,Austin Rivers,1610612750,MIN,30.0,52,30,0.258,19,54,0.352,0.491,0.019,4,4,1.0,0.239,15,50,0.3,2022-23,Regular Season,4-6 Feet - Open
1630550,JT Thor,1610612766,CHA,20.0,69,34,0.229,18,54,0.333,0.435,0.064,7,15,0.467,0.165,11,39,0.282,2022-23,Regular Season,4-6 Feet - Open
203486,Mason Plumlee,1610612746,LAC,33.0,79,34,0.106,39,51,0.765,0.765,0.106,39,51,0.765,0.0,0,0,,2022-23,Regular Season,4-6 Feet - Open
1626204,Larry Nance Jr.,1610612740,NOP,30.0,65,36,0.167,31,51,0.608,0.647,0.144,27,44,0.614,0.023,4,7,0.571,2022-23,Regular Season,4-6 Feet - Open
203210,JaMychal Green,1610612744,GSW,33.0,57,33,0.202,19,51,0.373,0.48,0.04,8,10,0.8,0.163,11,41,0.268,2022-23,Regular Season,4-6 Feet - Open
1628427,Vlatko Čančar,1610612743,DEN,26.0,60,28,0.22,27,50,0.54,0.7,0.066,11,15,0.733,0.154,16,35,0.457,2022-23,Regular Season,4-6 Feet - Open
1631116,Patrick Baldwin Jr.,1610612744,GSW,20.0,31,20,0.459,20,50,0.4,0.59,0.037,1,4,0.25,0.422,19,46,0.413,2022-23,Regular Season,4-6 Feet - Open
1631117,Walker Kessler,1610612762,UTA,21.0,74,37,0.118,43,49,0.878,0.878,0.118,43,49,0.878,0.0,0,0,,2022-23,Regular Season,4-6 Feet - Open
1628410,Edmond Sumner,1610612751,BKN,27.0,53,31,0.182,24,49,0.49,0.541,0.112,19,30,0.633,0.071,5,19,0.263,2022-23,Regular Season,4-6 Feet - Open
1630688,Ish Wainright,1610612756,PHX,28.0,60,32,0.216,18,49,0.367,0.49,0.031,6,7,0.857,0.185,12,42,0.286,2022-23,Regular Season,4-6 Feet - Open
1630227,Daishen Nix,1610612745,HOU,21.0,57,33,0.207,12,49,0.245,0.327,0.042,4,10,0.4,0.165,8,39,0.205,2022-23,Regular Season,4-6 Feet - Open
1629234,Drew Eubanks,1610612757,POR,26.0,77,34,0.15,35,48,0.729,0.729,0.15,35,48,0.729,0.0,0,0,,2022-23,Regular Season,4-6 Feet - Open
1631133,Jabari Walker,1610612757,POR,20.0,55,27,0.258,21,48,0.438,0.49,0.161,16,30,0.533,0.097,5,18,0.278,2022-23,Regular Season,4-6 Feet - Open
1629312,Haywood Highsmith,1610612748,MIA,26.0,54,28,0.222,19,48,0.396,0.469,0.097,12,21,0.571,0.125,7,27,0.259,2022-23,Regular Season,4-6 Feet - Open
1631121,Bryce McGowens,1610612766,CHA,20.0,46,25,0.238,17,48,0.354,0.448,0.079,8,16,0.5,0.158,9,32,0.281,2022-23,Regular Season,4-6 Feet - Open
203939,Dwight Powell,1610612742,DAL,31.0,76,35,0.171,41,46,0.891,0.891,0.167,41,45,0.911,0.004,0,1,0.0,2022-23,Regular Season,4-6 Feet - Open
1629627,Zion Williamson,1610612740,NOP,22.0,29,25,0.099,31,46,0.674,0.674,0.094,31,44,0.705,0.004,0,2,0.0,2022-23,Regular Season,4-6 Feet - Open
1630346,Matt Ryan,1610612750,MIN,26.0,33,20,0.43,18,46,0.391,0.565,0.065,2,7,0.286,0.364,16,39,0.41,2022-23,Regular Season,4-6 Feet - Open
203109,Jae Crowder,1610612749,MIL,32.0,18,13,0.479,19,45,0.422,0.544,0.191,8,18,0.444,0.287,11,27,0.407,2022-23,Regular Season,4-6 Feet - Open
1629731,Dean Wade,1610612739,CLE,26.0,44,29,0.254,17,45,0.378,0.489,0.056,7,10,0.7,0.198,10,35,0.286,2022-23,Regular Season,4-6 Feet - Open
1627826,Ivica Zubac,1610612746,LAC,26.0,76,32,0.086,36,44,0.818,0.818,0.084,36,43,0.837,0.002,0,1,0.0,2022-23,Regular Season,4-6 Feet - Open
203994,Jusuf Nurkić,1610612757,POR,28.0,52,26,0.087,28,44,0.636,0.739,0.053,19,27,0.704,0.034,9,17,0.529,2022-23,Regular Season,4-6 Feet - Open
1626159,Justise Winslow,1610612757,POR,27.0,29,18,0.222,20,44,0.455,0.477,0.192,18,38,0.474,0.03,2,6,0.333,2022-23,Regular Season,4-6 Feet - Open
201588,George Hill,1610612754,IND,37.0,46,28,0.259,18,43,0.419,0.5,0.102,11,17,0.647,0.157,7,26,0.269,2022-23,Regular Season,4-6 Feet - Open
1630625,Dalano Banton,1610612761,TOR,23.0,31,20,0.328,15,43,0.349,0.442,0.145,7,19,0.368,0.183,8,24,0.333,2022-23,Regular Season,4-6 Feet - Open
1630647,Eugene Omoruyi,1610612765,DET,26.0,40,24,0.184,17,42,0.405,0.488,0.066,10,15,0.667,0.118,7,27,0.259,2022-23,Regular Season,4-6 Feet - Open
1631102,TyTy Washington Jr.,1610612745,HOU,21.0,31,21,0.263,15,42,0.357,0.405,0.138,11,22,0.5,0.125,4,20,0.2,2022-23,Regular Season,4-6 Feet - Open
203991,Clint Capela,1610612737,ATL,29.0,65,30,0.076,35,41,0.854,0.854,0.075,35,40,0.875,0.002,0,1,0.0,2022-23,Regular Season,4-6 Feet - Open
1630192,Zeke Nnaji,1610612743,DEN,22.0,53,26,0.209,21,41,0.512,0.549,0.097,18,19,0.947,0.112,3,22,0.136,2022-23,Regular Season,4-6 Feet - Open
1629655,Daniel Gafford,1610612764,WAS,24.0,78,29,0.101,35,40,0.875,0.875,0.101,35,40,0.875,0.0,0,0,,2022-23,Regular Season,4-6 Feet - Open
1631128,Christian Braun,1610612743,DEN,22.0,76,23,0.138,21,40,0.525,0.563,0.09,18,26,0.692,0.048,3,14,0.214,2022-23,Regular Season,4-6 Feet - Open
1627788,Furkan Korkmaz,1610612755,PHI,25.0,37,22,0.36,18,40,0.45,0.538,0.189,11,21,0.524,0.171,7,19,0.368,2022-23,Regular Season,4-6 Feet - Open
1630577,Julian Champagnie,1610612759,SAS,22.0,15,14,0.4,17,40,0.425,0.575,0.07,5,7,0.714,0.33,12,33,0.364,2022-23,Regular Season,4-6 Feet - Open
1630527,Brandon Boston,1610612746,LAC,21.0,22,15,0.32,19,39,0.487,0.59,0.197,11,24,0.458,0.123,8,15,0.533,2022-23,Regular Season,4-6 Feet - Open
203476,Gorgui Dieng,1610612759,SAS,33.0,30,21,0.358,13,39,0.333,0.41,0.083,7,9,0.778,0.275,6,30,0.2,2022-23,Regular Season,4-6 Feet - Open
1630194,Paul Reed,1610612755,PHI,24.0,69,26,0.182,29,38,0.763,0.776,0.163,28,34,0.824,0.019,1,4,0.25,2022-23,Regular Season,4-6 Feet - Open
1626149,Montrezl Harrell,1610612755,PHI,29.0,57,25,0.182,22,38,0.579,0.579,0.172,22,36,0.611,0.01,0,2,0.0,2022-23,Regular Season,4-6 Feet - Open
1631108,Max Christie,1610612747,LAL,20.0,41,20,0.358,18,38,0.474,0.618,0.142,7,15,0.467,0.217,11,23,0.478,2022-23,Regular Season,4-6 Feet - Open
1629599,Amir Coffey,1610612746,LAC,26.0,50,23,0.262,13,38,0.342,0.355,0.2,12,29,0.414,0.062,1,9,0.111,2022-23,Regular Season,4-6 Feet - Open
202693,Markieff Morris,1610612742,DAL,33.0,35,18,0.33,11,38,0.289,0.395,0.113,3,13,0.231,0.217,8,25,0.32,2022-23,Regular Season,4-6 Feet - Open
1629643,Chuma Okeke,1610612753,ORL,24.0,27,19,0.311,11,38,0.289,0.382,0.074,4,9,0.444,0.238,7,29,0.241,2022-23,Regular Season,4-6 Feet - Open
1628432,Davon Reed,1610612743,DEN,28.0,43,24,0.452,10,38,0.263,0.342,0.167,4,14,0.286,0.286,6,24,0.25,2022-23,Regular Season,4-6 Feet - Open
1628373,Frank Ntilikina,1610612742,DAL,24.0,47,25,0.28,16,37,0.432,0.527,0.091,9,12,0.75,0.189,7,25,0.28,2022-23,Regular Season,4-6 Feet - Open
1631098,Johnny Davis,1610612764,WAS,21.0,28,16,0.216,16,37,0.432,0.473,0.123,13,21,0.619,0.094,3,16,0.188,2022-23,Regular Season,4-6 Feet - Open
1631119,Jaylin Williams,1610612760,OKC,21.0,49,25,0.158,14,37,0.378,0.405,0.128,12,30,0.4,0.03,2,7,0.286,2022-23,Regular Season,4-6 Feet - Open
1629676,Isaiah Roby,1610612752,NYK,25.0,41,21,0.238,15,36,0.417,0.514,0.113,8,17,0.471,0.126,7,19,0.368,2022-23,Regular Season,4-6 Feet - Open
1629680,Matisse Thybulle,1610612757,POR,26.0,71,31,0.142,11,36,0.306,0.375,0.055,6,14,0.429,0.087,5,22,0.227,2022-23,Regular Season,4-6 Feet - Open
1630700,Dyson Daniels,1610612740,NOP,20.0,59,23,0.172,9,36,0.25,0.292,0.091,6,19,0.316,0.081,3,17,0.176,2022-23,Regular Season,4-6 Feet - Open
1630526,Jeremiah Robinson-Earl,1610612760,OKC,22.0,43,22,0.141,10,35,0.286,0.286,0.081,10,20,0.5,0.06,0,15,0.0,2022-23,Regular Season,4-6 Feet - Open
1630171,Isaac Okoro,1610612739,CLE,22.0,76,29,0.096,21,34,0.618,0.676,0.071,17,25,0.68,0.025,4,9,0.444,2022-23,Regular Season,4-6 Feet - Open
202083,Wesley Matthews,1610612749,MIL,36.0,52,25,0.213,13,34,0.382,0.5,0.056,5,9,0.556,0.156,8,25,0.32,2022-23,Regular Season,4-6 Feet - Open
1630548,Johnny Juzang,1610612762,UTA,22.0,18,18,0.327,9,34,0.265,0.353,0.067,3,7,0.429,0.26,6,27,0.222,2022-23,Regular Season,4-6 Feet - Open
1631109,Mark Williams,1610612766,CHA,21.0,43,25,0.131,23,33,0.697,0.697,0.131,23,33,0.697,0.0,0,0,,2022-23,Regular Season,4-6 Feet - Open
200782,P.J. Tucker,1610612755,PHI,38.0,75,26,0.147,14,33,0.424,0.515,0.067,8,15,0.533,0.08,6,18,0.333,2022-23,Regular Season,4-6 Feet - Open
1630543,Isaiah Jackson,1610612754,IND,21.0,63,23,0.101,22,32,0.688,0.688,0.101,22,32,0.688,0.0,0,0,,2022-23,Regular Season,4-6 Feet - Open
1627854,Bryn Forbes,1610612750,MIN,29.0,25,17,0.386,13,32,0.406,0.531,0.12,5,10,0.5,0.265,8,22,0.364,2022-23,Regular Season,4-6 Feet - Open
1630208,Nick Richards,1610612766,CHA,25.0,65,24,0.1,22,31,0.71,0.71,0.1,22,31,0.71,0.0,0,0,,2022-23,Regular Season,4-6 Feet - Open
203473,Dewayne Dedmon,1610612755,PHI,33.0,38,18,0.205,17,31,0.548,0.629,0.126,12,19,0.632,0.079,5,12,0.417,2022-23,Regular Season,4-6 Feet - Open
1631172,Ousmane Dieng,1610612760,OKC,20.0,39,22,0.171,12,31,0.387,0.435,0.077,9,14,0.643,0.094,3,17,0.176,2022-23,Regular Season,4-6 Feet - Open
1629057,Robert Williams III,1610612738,BOS,25.0,35,22,0.176,24,30,0.8,0.8,0.171,24,29,0.828,0.006,0,1,0.0,2022-23,Regular Season,4-6 Feet - Open
1629002,Chimezie Metu,1610612758,SAC,26.0,66,22,0.137,21,30,0.7,0.717,0.119,20,26,0.769,0.018,1,4,0.25,2022-23,Regular Season,4-6 Feet - Open
203500,Steven Adams,1610612763,MEM,29.0,42,21,0.114,20,30,0.667,0.667,0.114,20,30,0.667,0.0,0,0,,2022-23,Regular Season,4-6 Feet - Open
1629646,Charles Bassey,1610612759,SAS,22.0,35,22,0.222,19,30,0.633,0.65,0.207,18,28,0.643,0.015,1,2,0.5,2022-23,Regular Season,4-6 Feet - Open
203526,Raul Neto,1610612739,CLE,31.0,48,22,0.273,13,30,0.433,0.483,0.145,10,16,0.625,0.127,3,14,0.214,2022-23,Regular Season,4-6 Feet - Open
1627823,Juancho Hernangomez,1610612761,TOR,27.0,42,21,0.263,8,30,0.267,0.367,0.026,2,3,0.667,0.237,6,27,0.222,2022-23,Regular Season,4-6 Feet - Open
1628467,Maxi Kleber,1610612742,DAL,31.0,37,19,0.172,12,29,0.414,0.466,0.077,9,13,0.692,0.095,3,16,0.188,2022-23,Regular Season,4-6 Feet - Open
1629033,Theo Pinson,1610612742,DAL,27.0,40,16,0.333,11,29,0.379,0.517,0.046,3,4,0.75,0.287,8,25,0.32,2022-23,Regular Season,4-6 Feet - Open
1630256,Jae'Sean Tate,1610612745,HOU,27.0,31,20,0.122,17,28,0.607,0.625,0.092,16,21,0.762,0.031,1,7,0.143,2022-23,Regular Season,4-6 Feet - Open
1627884,Derrick Jones Jr.,1610612741,CHI,26.0,63,20,0.125,17,28,0.607,0.643,0.076,15,17,0.882,0.049,2,11,0.182,2022-23,Regular Season,4-6 Feet - Open
1626169,Stanley Johnson,1610612762,UTA,27.0,29,15,0.231,15,28,0.536,0.625,0.132,10,16,0.625,0.099,5,12,0.417,2022-23,Regular Season,4-6 Feet - Open
1629647,Darius Bazley,1610612756,PHX,23.0,43,16,0.153,14,28,0.5,0.518,0.115,13,21,0.619,0.038,1,7,0.143,2022-23,Regular Season,4-6 Feet - Open
1629678,Admiral Schofield,1610612753,ORL,26.0,37,17,0.23,12,28,0.429,0.571,0.041,4,5,0.8,0.189,8,23,0.348,2022-23,Regular Season,4-6 Feet - Open
1629308,Juan Toscano-Anderson,1610612762,UTA,30.0,52,21,0.196,11,28,0.393,0.446,0.091,8,13,0.615,0.105,3,15,0.2,2022-23,Regular Season,4-6 Feet - Open
1630572,Sandro Mamukelashvili,1610612759,SAS,24.0,41,20,0.134,9,28,0.321,0.393,0.057,5,12,0.417,0.077,4,16,0.25,2022-23,Regular Season,4-6 Feet - Open
202687,Bismack Biyombo,1610612756,PHX,30.0,61,18,0.131,20,27,0.741,0.741,0.131,20,27,0.741,0.0,0,0,,2022-23,Regular Season,4-6 Feet - Open
201959,Taj Gibson,1610612764,WAS,38.0,49,19,0.216,13,27,0.481,0.556,0.16,9,20,0.45,0.056,4,7,0.571,2022-23,Regular Season,4-6 Feet - Open
1631222,Jake LaRavia,1610612763,MEM,21.0,35,18,0.284,10,27,0.37,0.5,0.032,3,3,1.0,0.253,7,24,0.292,2022-23,Regular Season,4-6 Feet - Open
1629637,Jaxson Hayes,1610612740,NOP,23.0,47,21,0.167,15,26,0.577,0.596,0.135,14,21,0.667,0.032,1,5,0.2,2022-23,Regular Season,4-6 Feet - Open
1630219,Skylar Mays,1610612757,POR,25.0,5,5,0.426,14,26,0.538,0.692,0.197,6,12,0.5,0.23,8,14,0.571,2022-23,Regular Season,4-6 Feet - Open
201152,Thaddeus Young,1610612761,TOR,35.0,54,21,0.131,10,26,0.385,0.404,0.086,9,17,0.529,0.045,1,9,0.111,2022-23,Regular Season,4-6 Feet - Open
1630556,Kessler Edwards,1610612758,SAC,22.0,36,18,0.28,10,26,0.385,0.481,0.075,5,7,0.714,0.204,5,19,0.263,2022-23,Regular Season,4-6 Feet - Open
1630539,Kai Jones,1610612766,CHA,22.0,46,18,0.208,15,25,0.6,0.6,0.2,15,24,0.625,0.008,0,1,0.0,2022-23,Regular Season,4-6 Feet - Open
1629641,Romeo Langford,1610612759,SAS,23.0,40,17,0.103,14,25,0.56,0.6,0.074,12,18,0.667,0.029,2,7,0.286,2022-23,Regular Season,4-6 Feet - Open
1630240,Saben Lee,1610612756,PHX,24.0,25,13,0.207,11,25,0.44,0.48,0.14,9,17,0.529,0.066,2,8,0.25,2022-23,Regular Season,4-6 Feet - Open
1630284,Kevon Harris,1610612753,ORL,26.0,34,13,0.234,8,25,0.32,0.44,0.056,2,6,0.333,0.178,6,19,0.316,2022-23,Regular Season,4-6 Feet - Open
1631107,Nikola Jović,1610612748,MIA,20.0,15,12,0.362,5,25,0.2,0.28,0.116,1,8,0.125,0.246,4,17,0.235,2022-23,Regular Season,4-6 Feet - Open
201599,DeAndre Jordan,1610612743,DEN,34.0,39,15,0.209,23,24,0.958,0.958,0.209,23,24,0.958,0.0,0,0,,2022-23,Regular Season,4-6 Feet - Open
1630579,Jericho Sims,1610612752,NYK,24.0,52,19,0.224,22,24,0.917,0.917,0.224,22,24,0.917,0.0,0,0,,2022-23,Regular Season,4-6 Feet - Open
1629011,Mitchell Robinson,1610612752,NYK,25.0,59,21,0.086,19,24,0.792,0.792,0.086,19,24,0.792,0.0,0,0,,2022-23,Regular Season,4-6 Feet - Open
1629117,Wenyen Gabriel,1610612747,LAL,26.0,68,19,0.093,17,24,0.708,0.729,0.081,16,21,0.762,0.012,1,3,0.333,2022-23,Regular Season,4-6 Feet - Open
203083,Andre Drummond,1610612741,CHI,29.0,67,19,0.088,16,24,0.667,0.667,0.084,16,23,0.696,0.004,0,1,0.0,2022-23,Regular Season,4-6 Feet - Open
1631254,Kenneth Lofton Jr.,1610612763,MEM,20.0,24,12,0.258,8,24,0.333,0.354,0.215,7,20,0.35,0.043,1,4,0.25,2022-23,Regular Season,4-6 Feet - Open
1631132,Christian Koloko,1610612761,TOR,23.0,58,18,0.153,12,23,0.522,0.522,0.133,12,20,0.6,0.02,0,3,0.0,2022-23,Regular Season,4-6 Feet - Open
1627739,Kris Dunn,1610612762,UTA,29.0,22,13,0.102,13,22,0.591,0.682,0.065,9,14,0.643,0.037,4,8,0.5,2022-23,Regular Season,4-6 Feet - Open
1629162,Jordan McLaughlin,1610612750,MIN,27.0,42,18,0.154,11,22,0.5,0.568,0.084,8,12,0.667,0.07,3,10,0.3,2022-23,Regular Season,4-6 Feet - Open
201933,Blake Griffin,1610612738,BOS,34.0,41,18,0.169,8,22,0.364,0.409,0.062,6,8,0.75,0.108,2,14,0.143,2022-23,Regular Season,4-6 Feet - Open
201580,JaVale McGee,1610612742,DAL,35.0,42,14,0.16,15,20,0.75,0.75,0.152,15,19,0.789,0.008,0,1,0.0,2022-23,Regular Season,4-6 Feet - Open
1629750,Javonte Green,1610612741,CHI,29.0,32,14,0.185,13,20,0.65,0.7,0.111,11,12,0.917,0.074,2,8,0.25,2022-23,Regular Season,4-6 Feet - Open
1628436,Luke Kornet,1610612738,BOS,27.0,69,18,0.112,16,19,0.842,0.868,0.1,15,17,0.882,0.012,1,2,0.5,2022-23,Regular Season,4-6 Feet - Open
1631113,Kennedy Chandler,1610612763,MEM,20.0,36,17,0.217,10,18,0.556,0.556,0.181,10,15,0.667,0.036,0,3,0.0,2022-23,Regular Season,4-6 Feet - Open
1630593,McKinley Wright IV,1610612742,DAL,24.0,27,12,0.184,8,18,0.444,0.5,0.133,6,13,0.462,0.051,2,5,0.4,2022-23,Regular Season,4-6 Feet - Open
1630288,Jeff Dowtin Jr.,1610612761,TOR,26.0,25,13,0.298,10,17,0.588,0.676,0.211,7,12,0.583,0.088,3,5,0.6,2022-23,Regular Season,4-6 Feet - Open
1631197,Jared Rhoden,1610612765,DET,23.0,14,9,0.386,5,17,0.294,0.324,0.136,4,6,0.667,0.25,1,11,0.091,2022-23,Regular Season,4-6 Feet - Open
1628962,Udoka Azubuike,1610612762,UTA,23.0,36,13,0.222,14,16,0.875,0.875,0.222,14,16,0.875,0.0,0,0,,2022-23,Regular Season,4-6 Feet - Open
1630264,Anthony Gill,1610612764,WAS,30.0,59,13,0.121,9,16,0.563,0.563,0.098,9,13,0.692,0.023,0,3,0.0,2022-23,Regular Season,4-6 Feet - Open
202689,Kemba Walker,1610612742,DAL,33.0,9,7,0.281,7,16,0.438,0.563,0.088,3,5,0.6,0.193,4,11,0.364,2022-23,Regular Season,4-6 Feet - Open
1631212,Peyton Watson,1610612743,DEN,20.0,23,12,0.271,7,16,0.438,0.563,0.153,3,9,0.333,0.119,4,7,0.571,2022-23,Regular Season,4-6 Feet - Open
1631246,Vince Williams Jr.,1610612763,MEM,22.0,15,8,0.4,6,16,0.375,0.469,0.1,3,4,0.75,0.3,3,12,0.25,2022-23,Regular Season,4-6 Feet - Open
1628371,Jonathan Isaac,1610612753,ORL,25.0,11,8,0.302,5,16,0.313,0.375,0.151,3,8,0.375,0.151,2,8,0.25,2022-23,Regular Season,4-6 Feet - Open
203521,Matthew Dellavedova,1610612758,SAC,32.0,32,11,0.32,5,16,0.313,0.375,0.2,3,10,0.3,0.12,2,6,0.333,2022-23,Regular Season,4-6 Feet - Open
1630586,Usman Garuba,1610612745,HOU,21.0,75,15,0.085,7,15,0.467,0.5,0.056,6,10,0.6,0.028,1,5,0.2,2022-23,Regular Season,4-6 Feet - Open
1631288,Jamal Cain,1610612748,MIA,24.0,18,10,0.227,6,15,0.4,0.4,0.152,6,10,0.6,0.076,0,5,0.0,2022-23,Regular Season,4-6 Feet - Open
201980,Danny Green,1610612739,CLE,36.0,11,6,0.306,6,15,0.4,0.567,0.02,1,1,1.0,0.286,5,14,0.357,2022-23,Regular Season,4-6 Feet - Open
1630249,Vít Krejčí,1610612737,ATL,23.0,29,10,0.405,6,15,0.4,0.5,0.135,3,5,0.6,0.27,3,10,0.3,2022-23,Regular Season,4-6 Feet - Open
202066,Garrett Temple,1610612740,NOP,37.0,25,11,0.333,5,15,0.333,0.467,0.111,1,5,0.2,0.222,4,10,0.4,2022-23,Regular Season,4-6 Feet - Open
1628408,PJ Dozier,1610612758,SAC,26.0,16,9,0.455,4,15,0.267,0.333,0.152,2,5,0.4,0.303,2,10,0.2,2022-23,Regular Season,4-6 Feet - Open
1626195,Willy Hernangomez,1610612740,NOP,29.0,38,12,0.083,12,14,0.857,0.857,0.083,12,14,0.857,0.0,0,0,,2022-23,Regular Season,4-6 Feet - Open
1631230,Dominick Barlow,1610612759,SAS,20.0,26,12,0.184,8,14,0.571,0.571,0.158,8,12,0.667,0.026,0,2,0.0,2022-23,Regular Season,4-6 Feet - Open
2617,Udonis Haslem,1610612748,MIA,43.0,7,4,0.483,6,14,0.429,0.5,0.31,4,9,0.444,0.172,2,5,0.4,2022-23,Regular Season,4-6 Feet - Open
1630639,A.J. Lawson,1610612742,DAL,22.0,15,8,0.318,6,14,0.429,0.571,0.045,2,2,1.0,0.273,4,12,0.333,2022-23,Regular Season,4-6 Feet - Open
1626163,Frank Kaminsky,1610612745,HOU,30.0,36,10,0.222,5,14,0.357,0.393,0.111,4,7,0.571,0.111,1,7,0.143,2022-23,Regular Season,4-6 Feet - Open
1626158,Richaun Holmes,1610612758,SAC,29.0,42,9,0.146,9,13,0.692,0.692,0.146,9,13,0.692,0.0,0,0,,2022-23,Regular Season,4-6 Feet - Open
1627745,Damian Jones,1610612762,UTA,28.0,41,11,0.151,9,13,0.692,0.731,0.116,8,10,0.8,0.035,1,3,0.333,2022-23,Regular Season,4-6 Feet - Open
201949,James Johnson,1610612754,IND,36.0,18,8,0.265,8,13,0.615,0.654,0.163,7,8,0.875,0.102,1,5,0.2,2022-23,Regular Season,4-6 Feet - Open
1631207,Dalen Terry,1610612741,CHI,20.0,37,11,0.186,7,13,0.538,0.654,0.071,4,5,0.8,0.114,3,8,0.375,2022-23,Regular Season,4-6 Feet - Open
1630235,Trent Forrest,1610612737,ATL,25.0,23,11,0.217,7,13,0.538,0.538,0.217,7,13,0.538,0.0,0,0,,2022-23,Regular Season,4-6 Feet - Open
1627885,Shaquille Harrison,1610612747,LAL,29.0,4,4,0.464,6,13,0.462,0.577,0.214,3,6,0.5,0.25,3,7,0.429,2022-23,Regular Season,4-6 Feet - Open
1629677,Luka Samanic,1610612762,UTA,23.0,7,6,0.228,6,13,0.462,0.577,0.053,3,3,1.0,0.175,3,10,0.3,2022-23,Regular Season,4-6 Feet - Open
1629623,Lindell Wigginton,1610612749,MIL,25.0,7,4,0.351,5,13,0.385,0.462,0.108,3,4,0.75,0.243,2,9,0.222,2022-23,Regular Season,4-6 Feet - Open
203469,Cody Zeller,1610612748,MIA,30.0,15,9,0.203,8,12,0.667,0.667,0.203,8,12,0.667,0.0,0,0,,2022-23,Regular Season,4-6 Feet - Open
1629048,Goga Bitadze,1610612753,ORL,23.0,38,9,0.096,7,12,0.583,0.667,0.064,5,8,0.625,0.032,2,4,0.5,2022-23,Regular Season,4-6 Feet - Open
201586,Serge Ibaka,1610612749,MIL,33.0,16,7,0.222,4,12,0.333,0.375,0.093,3,5,0.6,0.13,1,7,0.143,2022-23,Regular Season,4-6 Feet - Open
1631245,Quenton Jackson,1610612764,WAS,24.0,9,7,0.286,4,12,0.333,0.333,0.143,4,6,0.667,0.143,0,6,0.0,2022-23,Regular Season,4-6 Feet - Open
1631219,John Butler Jr.,1610612757,POR,20.0,18,5,0.286,3,12,0.25,0.333,0.024,1,1,1.0,0.262,2,11,0.182,2022-23,Regular Season,4-6 Feet - Open
1630568,Luka Garza,1610612750,MIN,24.0,27,10,0.099,7,11,0.636,0.727,0.054,5,6,0.833,0.045,2,5,0.4,2022-23,Regular Season,4-6 Feet - Open
1628981,Bruno Fernando,1610612737,ATL,24.0,39,10,0.098,6,11,0.545,0.545,0.089,6,10,0.6,0.009,0,1,0.0,2022-23,Regular Season,4-6 Feet - Open
1630561,David Duke Jr.,1610612751,BKN,23.0,23,9,0.141,6,11,0.545,0.545,0.09,6,7,0.857,0.051,0,4,0.0,2022-23,Regular Season,4-6 Feet - Open
1630184,Kira Lewis Jr.,1610612740,NOP,22.0,25,10,0.125,5,11,0.455,0.545,0.068,3,6,0.5,0.057,2,5,0.4,2022-23,Regular Season,4-6 Feet - Open
203490,Otto Porter Jr.,1610612761,TOR,30.0,8,6,0.367,4,11,0.364,0.364,0.2,4,6,0.667,0.167,0,5,0.0,2022-23,Regular Season,4-6 Feet - Open
1631160,Jordan Hall,1610612759,SAS,21.0,9,8,0.393,3,11,0.273,0.364,0.143,1,4,0.25,0.25,2,7,0.286,2022-23,Regular Season,4-6 Feet - Open
1630241,Sam Merrill,1610612739,CLE,27.0,5,5,0.5,3,11,0.273,0.318,0.091,2,2,1.0,0.409,1,9,0.111,2022-23,Regular Season,4-6 Feet - Open
1630549,Day'Ron Sharpe,1610612751,BKN,21.0,48,9,0.058,7,10,0.7,0.75,0.053,6,9,0.667,0.006,1,1,1.0,2022-23,Regular Season,4-6 Feet - Open
1631115,Orlando Robinson,1610612748,MIA,22.0,31,6,0.112,7,10,0.7,0.7,0.112,7,10,0.7,0.0,0,0,,2022-23,Regular Season,4-6 Feet - Open
203457,Nerlens Noel,1610612751,BKN,29.0,17,9,0.278,4,10,0.4,0.4,0.278,4,10,0.4,0.0,0,0,,2022-23,Regular Season,4-6 Feet - Open
1629644,KZ Okpala,1610612758,SAC,24.0,35,9,0.263,3,10,0.3,0.4,0.079,1,3,0.333,0.184,2,7,0.286,2022-23,Regular Season,4-6 Feet - Open
1631205,Buddy Boeheim,1610612765,DET,23.0,10,5,0.37,2,10,0.2,0.3,0.037,0,1,0.0,0.333,2,9,0.222,2022-23,Regular Season,4-6 Feet - Open
1629650,Moses Brown,1610612746,LAC,23.0,36,8,0.094,8,9,0.889,0.889,0.094,8,9,0.889,0.0,0,0,,2022-23,Regular Season,4-6 Feet - Open
1627780,Gary Payton II,1610612744,GSW,30.0,22,7,0.13,7,9,0.778,0.889,0.072,5,5,1.0,0.058,2,4,0.5,2022-23,Regular Season,4-6 Feet - Open
1628221,Gabe York,1610612754,IND,29.0,3,3,0.429,3,9,0.333,0.5,0.0,0,0,,0.429,3,9,0.333,2022-23,Regular Season,4-6 Feet - Open
1629603,Mamadi Diakite,1610612739,CLE,26.0,22,7,0.18,3,9,0.333,0.333,0.1,3,5,0.6,0.08,0,4,0.0,2022-23,Regular Season,4-6 Feet - Open
1630563,Joshua Primo,1610612759,SAS,20.0,4,4,0.346,3,9,0.333,0.444,0.115,1,3,0.333,0.231,2,6,0.333,2022-23,Regular Season,4-6 Feet - Open
1628998,Cody Martin,1610612766,CHA,27.0,7,5,0.25,2,9,0.222,0.278,0.083,1,3,0.333,0.167,1,6,0.167,2022-23,Regular Season,4-6 Feet - Open
1631111,Wendell Moore Jr.,1610612750,MIN,21.0,28,7,0.209,2,9,0.222,0.222,0.07,2,3,0.667,0.14,0,6,0.0,2022-23,Regular Season,4-6 Feet - Open
1630678,Terry Taylor,1610612741,CHI,23.0,31,7,0.107,5,8,0.625,0.625,0.08,5,6,0.833,0.027,0,2,0.0,2022-23,Regular Season,4-6 Feet - Open
1631169,Josh Minott,1610612750,MIN,20.0,14,5,0.235,5,8,0.625,0.688,0.176,4,6,0.667,0.059,1,2,0.5,2022-23,Regular Season,4-6 Feet - Open
1628464,Daniel Theis,1610612754,IND,31.0,7,5,0.182,5,8,0.625,0.625,0.182,5,8,0.625,0.0,0,0,,2022-23,Regular Season,4-6 Feet - Open
1630233,Nathan Knight,1610612750,MIN,25.0,37,6,0.1,5,8,0.625,0.75,0.038,3,3,1.0,0.063,2,5,0.4,2022-23,Regular Season,4-6 Feet - Open
203920,Khem Birch,1610612759,SAS,30.0,20,6,0.25,4,8,0.5,0.5,0.25,4,8,0.5,0.0,0,0,,2022-23,Regular Season,4-6 Feet - Open
1629633,Jarrett Culver,1610612737,ATL,24.0,10,5,0.186,3,8,0.375,0.375,0.14,3,6,0.5,0.047,0,2,0.0,2022-23,Regular Season,4-6 Feet - Open
1626246,Boban Marjanovic,1610612745,HOU,34.0,31,7,0.117,6,7,0.857,0.857,0.117,6,7,0.857,0.0,0,0,,2022-23,Regular Season,4-6 Feet - Open
1631213,Tyrese Martin,1610612737,ATL,24.0,16,7,0.304,4,7,0.571,0.643,0.174,3,4,0.75,0.13,1,3,0.333,2022-23,Regular Season,4-6 Feet - Open
1630695,Micah Potter,1610612762,UTA,25.0,7,2,0.467,4,7,0.571,0.714,0.2,2,3,0.667,0.267,2,4,0.5,2022-23,Regular Season,4-6 Feet - Open
1629663,Louis King,1610612755,PHI,24.0,1,1,0.538,4,7,0.571,0.786,0.077,1,1,1.0,0.462,3,6,0.5,2022-23,Regular Season,4-6 Feet - Open
1630531,Jaden Springer,1610612755,PHI,20.0,16,5,0.2,3,7,0.429,0.429,0.171,3,6,0.5,0.029,0,1,0.0,2022-23,Regular Season,4-6 Feet - Open
1630696,Dru Smith,1610612751,BKN,25.0,15,6,0.156,3,7,0.429,0.429,0.111,3,5,0.6,0.044,0,2,0.0,2022-23,Regular Season,4-6 Feet - Open
1628382,Justin Jackson,1610612738,BOS,28.0,23,7,0.259,3,7,0.429,0.571,0.037,1,1,1.0,0.222,2,6,0.333,2022-23,Regular Season,4-6 Feet - Open
1627853,Ryan Arcidiacono,1610612752,NYK,29.0,20,5,0.189,2,7,0.286,0.357,0.108,1,4,0.25,0.081,1,3,0.333,2022-23,Regular Season,4-6 Feet - Open
1630243,Trevelin Queen,1610612755,PHI,26.0,7,7,0.241,1,7,0.143,0.214,0.0,0,0,,0.241,1,7,0.143,2022-23,Regular Season,4-6 Feet - Open
1630644,Mac McClung,1610612755,PHI,24.0,2,2,0.3,4,6,0.667,0.833,0.1,2,2,1.0,0.2,2,4,0.5,2022-23,Regular Season,4-6 Feet - Open
203943,Noah Vonleh,1610612738,BOS,27.0,23,4,0.25,3,6,0.5,0.5,0.167,3,4,0.75,0.083,0,2,0.0,2022-23,Regular Season,4-6 Feet - Open
203086,Meyers Leonard,1610612749,MIL,31.0,9,4,0.207,3,6,0.5,0.583,0.069,2,2,1.0,0.138,1,4,0.25,2022-23,Regular Season,4-6 Feet - Open
203648,Thanasis Antetokounmpo,1610612749,MIL,30.0,37,6,0.13,2,6,0.333,0.333,0.087,2,4,0.5,0.043,0,2,0.0,2022-23,Regular Season,4-6 Feet - Open
1630620,Darius Days,1610612745,HOU,23.0,4,3,0.5,2,6,0.333,0.5,0.0,0,0,,0.5,2,6,0.333,2022-23,Regular Season,4-6 Feet - Open
1629875,Xavier Moon,1610612746,LAC,28.0,4,3,0.667,2,6,0.333,0.417,0.444,1,4,0.25,0.222,1,2,0.5,2022-23,Regular Season,4-6 Feet - Open
1630580,Joe Wieskamp,1610612761,TOR,23.0,9,4,0.429,2,6,0.333,0.5,0.0,0,0,,0.429,2,6,0.333,2022-23,Regular Season,4-6 Feet - Open
203458,Alex Len,1610612758,SAC,30.0,26,5,0.167,3,5,0.6,0.6,0.167,3,5,0.6,0.0,0,0,,2022-23,Regular Season,4-6 Feet - Open
1630267,Facundo Campazzo,1610612742,DAL,32.0,8,3,0.385,2,5,0.4,0.6,0.077,0,1,0.0,0.308,2,4,0.5,2022-23,Regular Season,4-6 Feet - Open
1629714,Jarrell Brantley,1610612762,UTA,27.0,4,2,0.357,2,5,0.4,0.6,0.0,0,0,,0.357,2,5,0.4,2022-23,Regular Season,4-6 Feet - Open
1630554,Jason Preston,1610612746,LAC,23.0,14,4,0.122,2,5,0.4,0.4,0.098,2,4,0.5,0.024,0,1,0.0,2022-23,Regular Season,4-6 Feet - Open
1631306,Cole Swider,1610612747,LAL,24.0,7,3,0.556,1,5,0.2,0.3,0.111,0,1,0.0,0.444,1,4,0.25,2022-23,Regular Season,4-6 Feet - Open
1630846,Olivier Sarr,1610612760,OKC,24.0,9,1,0.133,4,4,1.0,1.0,0.133,4,4,1.0,0.0,0,0,,2022-23,Regular Season,4-6 Feet - Open
201577,Robin Lopez,1610612739,CLE,35.0,37,3,0.053,4,4,1.0,1.0,0.053,4,4,1.0,0.0,0,0,,2022-23,Regular Season,4-6 Feet - Open
1631217,Moussa Diabate,1610612746,LAC,21.0,22,3,0.085,3,4,0.75,0.75,0.085,3,4,0.75,0.0,0,0,,2022-23,Regular Season,4-6 Feet - Open
1630270,Xavier Sneed,1610612766,CHA,25.0,4,3,0.4,2,4,0.5,0.75,0.0,0,0,,0.4,2,4,0.5,2022-23,Regular Season,4-6 Feet - Open
1630209,Omer Yurtseven,1610612748,MIA,25.0,9,3,0.148,2,4,0.5,0.5,0.148,2,4,0.5,0.0,0,0,,2022-23,Regular Season,4-6 Feet - Open
1630590,Scotty Pippen Jr.,1610612747,LAL,22.0,6,4,0.333,2,4,0.5,0.5,0.25,2,3,0.667,0.083,0,1,0.0,2022-23,Regular Season,4-6 Feet - Open
1630643,Jay Huff,1610612764,WAS,25.0,7,3,0.16,1,4,0.25,0.25,0.08,1,2,0.5,0.08,0,2,0.0,2022-23,Regular Season,4-6 Feet - Open
1631303,Justin Minaya,1610612757,POR,24.0,3,3,0.267,0,4,0.0,0.0,0.0,0,0,,0.267,0,4,0.0,2022-23,Regular Season,4-6 Feet - Open
1630551,Justin Champagnie,1610612738,BOS,22.0,5,1,0.267,0,4,0.0,0.0,0.067,0,1,0.0,0.2,0,3,0.0,2022-23,Regular Season,4-6 Feet - Open
1631157,Ryan Rollins,1610612744,GSW,20.0,12,3,0.2,0,4,0.0,0.0,0.15,0,3,0.0,0.05,0,1,0.0,2022-23,Regular Season,4-6 Feet - Open
1631466,Nate Williams,1610612757,POR,24.0,4,3,0.103,2,3,0.667,0.667,0.069,2,2,1.0,0.034,0,1,0.0,2022-23,Regular Season,4-6 Feet - Open
1631199,Ron Harper Jr.,1610612761,TOR,23.0,9,3,0.188,2,3,0.667,0.833,0.063,1,1,1.0,0.125,1,2,0.5,2022-23,Regular Season,4-6 Feet - Open
1630250,Marko Simonovic,1610612741,CHI,23.0,6,3,0.429,2,3,0.667,0.833,0.286,1,2,0.5,0.143,1,1,1.0,2022-23,Regular Season,4-6 Feet - Open
1630637,Carlik Jones,1610612741,CHI,25.0,6,3,0.214,2,3,0.667,0.833,0.143,1,2,0.5,0.071,1,1,1.0,2022-23,Regular Season,4-6 Feet - Open
1631298,Jack White,1610612743,DEN,25.0,17,3,0.158,2,3,0.667,0.833,0.053,1,1,1.0,0.105,1,2,0.5,2022-23,Regular Season,4-6 Feet - Open
1630564,RaiQuan Gray,1610612751,BKN,23.0,1,1,0.25,2,3,0.667,0.833,0.167,1,2,0.5,0.083,1,1,1.0,2022-23,Regular Season,4-6 Feet - Open
1631165,Keon Ellis,1610612758,SAC,23.0,16,2,0.188,2,3,0.667,0.833,0.125,1,2,0.5,0.063,1,1,1.0,2022-23,Regular Season,4-6 Feet - Open
1628396,Tony Bradley,1610612741,CHI,25.0,11,3,0.273,1,3,0.333,0.333,0.182,1,2,0.5,0.091,0,1,0.0,2022-23,Regular Season,4-6 Feet - Open
1630215,Jared Butler,1610612760,OKC,22.0,6,2,0.094,1,3,0.333,0.5,0.031,0,1,0.0,0.063,1,2,0.5,2022-23,Regular Season,4-6 Feet - Open
1631120,JD Davison,1610612738,BOS,20.0,12,2,0.158,1,3,0.333,0.333,0.158,1,3,0.333,0.0,0,0,,2022-23,Regular Season,4-6 Feet - Open
1631211,Trevor Keels,1610612752,NYK,19.0,3,3,0.75,1,3,0.333,0.5,0.0,0,0,,0.75,1,3,0.333,2022-23,Regular Season,4-6 Feet - Open
1630535,Greg Brown III,1610612757,POR,21.0,16,3,0.107,1,3,0.333,0.333,0.071,1,2,0.5,0.036,0,1,0.0,2022-23,Regular Season,4-6 Feet - Open
1630225,Isaiah Todd,1610612764,WAS,21.0,6,3,0.167,0,3,0.0,0.0,0.0,0,0,,0.167,0,3,0.0,2022-23,Regular Season,4-6 Feet - Open
1630600,Isaiah Mobley,1610612739,CLE,23.0,12,3,0.107,0,3,0.0,0.0,0.036,0,1,0.0,0.071,0,2,0.0,2022-23,Regular Season,4-6 Feet - Open
1630206,Jay Scrubb,1610612753,ORL,22.0,2,2,0.286,2,2,1.0,1.25,0.143,1,1,1.0,0.143,1,1,1.0,2022-23,Regular Season,4-6 Feet - Open
1628424,Kobi Simmons,1610612766,CHA,25.0,5,1,0.333,1,2,0.5,0.75,0.0,0,0,,0.333,1,2,0.5,2022-23,Regular Season,4-6 Feet - Open
1629653,Devon Dotson,1610612764,WAS,23.0,6,2,0.222,1,2,0.5,0.75,0.0,0,0,,0.222,1,2,0.5,2022-23,Regular Season,4-6 Feet - Open
1631123,Jamaree Bouyea,1610612748,MIA,24.0,5,2,0.143,1,2,0.5,0.75,0.071,0,1,0.0,0.071,1,1,1.0,2022-23,Regular Season,4-6 Feet - Open
1629662,Mfiondu Kabengele,1610612738,BOS,25.0,4,2,0.286,1,2,0.5,0.5,0.286,1,2,0.5,0.0,0,0,,2022-23,Regular Season,4-6 Feet - Open
1631309,Trevor Hudgins,1610612745,HOU,24.0,5,2,0.222,1,2,0.5,0.75,0.0,0,0,,0.222,1,2,0.5,2022-23,Regular Season,4-6 Feet - Open
1628435,Chance Comanche,1610612757,POR,27.0,1,1,0.2,1,1,1.0,1.0,0.2,1,1,1.0,0.0,0,0,,2022-23,Regular Season,4-6 Feet - Open
1641645,Xavier Cooks,1610612764,WAS,27.0,10,1,0.036,1,1,1.0,1.0,0.036,1,1,1.0,0.0,0,0,,2022-23,Regular Season,4-6 Feet - Open
1631112,Kendall Brown,1610612754,IND,20.0,6,1,0.143,1,1,1.0,1.0,0.143,1,1,1.0,0.0,0,0,,2022-23,Regular Season,4-6 Feet - Open
1631220,Dereon Seabron,1610612740,NOP,23.0,5,1,0.2,1,1,1.0,1.0,0.2,1,1,1.0,0.0,0,0,,2022-23,Regular Season,4-6 Feet - Open
1628416,Tyler Dorsey,1610612742,DAL,27.0,3,1,0.2,1,1,1.0,1.0,0.2,1,1,1.0,0.0,0,0,,2022-23,Regular Season,4-6 Feet - Open
2738,Andre Iguodala,1610612744,GSW,39.0,7,1,0.083,1,1,1.0,1.0,0.083,1,1,1.0,0.0,0,0,,2022-23,Regular Season,4-6 Feet - Open
1629674,Neemias Queta,1610612758,SAC,23.0,5,1,0.111,1,1,1.0,1.0,0.111,1,1,1.0,0.0,0,0,,2022-23,Regular Season,4-6 Feet - Open
1629685,Dylan Windler,1610612739,CLE,26.0,3,1,0.333,0,1,0.0,0.0,0.0,0,0,,0.333,0,1,0.0,2022-23,Regular Season,4-6 Feet - Open
1630792,Malcolm Hill,1610612741,CHI,27.0,4,1,0.25,0,1,0.0,0.0,0.0,0,0,,0.25,0,1,0.0,2022-23,Regular Season,4-6 Feet - Open
1630176,Vernon Carey Jr.,1610612762,UTA,22.0,11,1,0.125,0,1,0.0,0.0,0.125,0,1,0.0,0.0,0,0,,2022-23,Regular Season,4-6 Feet - Open
203487,Michael Carter-Williams,1610612753,ORL,31.0,4,1,0.071,0,1,0.0,0.0,0.071,0,1,0.0,0.0,0,0,,2022-23,Regular Season,4-6 Feet - Open
1631495,Donovan Williams,1610612737,ATL,21.0,2,1,0.2,0,1,0.0,0.0,0.0,0,0,,0.2,0,1,0.0,2022-23,Regular Season,4-6 Feet - Open
1628425,Sterling Brown,1610612747,LAL,28.0,4,1,0.25,0,1,0.0,0.0,0.0,0,0,,0.25,0,1,0.0,2022-23,Regular Season,4-6 Feet - Open
202696,Nikola Vucevic,1610612741,CHI,32.0,81,80,0.333,153,375,0.408,0.543,0.078,52,88,0.591,0.255,101,287,0.352,2022-23,Regular Season,6+ Feet - Wide Open
1630530,Trey Murphy III,1610612740,NOP,23.0,79,79,0.463,156,370,0.422,0.614,0.026,14,21,0.667,0.437,142,349,0.407,2022-23,Regular Season,6+ Feet - Wide Open
1627741,Buddy Hield,1610612754,IND,30.0,80,79,0.338,175,351,0.499,0.715,0.031,23,32,0.719,0.307,152,319,0.476,2022-23,Regular Season,6+ Feet - Wide Open
1626220,Royce O'Neale,1610612751,BKN,30.0,76,76,0.583,147,345,0.426,0.63,0.02,6,12,0.5,0.563,141,333,0.423,2022-23,Regular Season,6+ Feet - Wide Open
1629027,Trae Young,1610612737,ATL,24.0,73,73,0.24,141,334,0.422,0.569,0.058,43,80,0.538,0.183,98,254,0.386,2022-23,Regular Season,6+ Feet - Wide Open
203493,Reggie Bullock Jr.,1610612742,DAL,32.0,78,76,0.711,131,334,0.392,0.573,0.026,10,12,0.833,0.685,121,322,0.376,2022-23,Regular Season,6+ Feet - Wide Open
1629673,Jordan Poole,1610612744,GSW,24.0,81,80,0.249,129,314,0.411,0.576,0.04,25,51,0.49,0.208,104,263,0.395,2022-23,Regular Season,6+ Feet - Wide Open
1631099,Keegan Murray,1610612758,SAC,22.0,80,78,0.396,149,310,0.481,0.703,0.02,11,16,0.688,0.376,138,294,0.469,2022-23,Regular Season,6+ Feet - Wide Open
1630193,Immanuel Quickley,1610612752,NYK,24.0,81,78,0.314,131,294,0.446,0.628,0.042,24,39,0.615,0.272,107,255,0.42,2022-23,Regular Season,6+ Feet - Wide Open
1628960,Grayson Allen,1610612749,MIL,27.0,72,69,0.496,119,276,0.431,0.632,0.02,8,11,0.727,0.476,111,265,0.419,2022-23,Regular Season,6+ Feet - Wide Open
1627827,Dorian Finney-Smith,1610612751,BKN,30.0,66,65,0.551,98,276,0.355,0.529,0.008,2,4,0.5,0.543,96,272,0.353,2022-23,Regular Season,6+ Feet - Wide Open
1627763,Malcolm Brogdon,1610612738,BOS,30.0,67,66,0.361,125,264,0.473,0.667,0.056,23,41,0.561,0.305,102,223,0.457,2022-23,Regular Season,6+ Feet - Wide Open
201143,Al Horford,1610612738,BOS,37.0,63,63,0.551,118,264,0.447,0.655,0.033,8,16,0.5,0.518,110,248,0.444,2022-23,Regular Season,6+ Feet - Wide Open
203468,CJ McCollum,1610612740,NOP,31.0,75,72,0.195,113,262,0.431,0.615,0.025,17,34,0.5,0.17,96,228,0.421,2022-23,Regular Season,6+ Feet - Wide Open
201569,Eric Gordon,1610612746,LAC,34.0,69,67,0.401,109,262,0.416,0.605,0.025,10,16,0.625,0.377,99,246,0.402,2022-23,Regular Season,6+ Feet - Wide Open
1627832,Fred VanVleet,1610612761,TOR,29.0,69,67,0.23,113,256,0.441,0.617,0.029,23,32,0.719,0.201,90,224,0.402,2022-23,Regular Season,6+ Feet - Wide Open
1631093,Jaden Ivey,1610612765,DET,21.0,73,72,0.264,104,255,0.408,0.565,0.035,24,34,0.706,0.229,80,221,0.362,2022-23,Regular Season,6+ Feet - Wide Open
1628401,Derrick White,1610612738,BOS,28.0,82,81,0.335,113,254,0.445,0.642,0.024,13,18,0.722,0.311,100,236,0.424,2022-23,Regular Season,6+ Feet - Wide Open
1629636,Darius Garland,1610612739,CLE,23.0,69,69,0.223,113,252,0.448,0.623,0.046,25,52,0.481,0.177,88,200,0.44,2022-23,Regular Season,6+ Feet - Wide Open
1628374,Lauri Markkanen,1610612762,UTA,26.0,66,63,0.217,116,248,0.468,0.659,0.022,21,25,0.84,0.195,95,223,0.426,2022-23,Regular Season,6+ Feet - Wide Open
203084,Harrison Barnes,1610612758,SAC,31.0,82,79,0.312,105,247,0.425,0.597,0.028,20,22,0.909,0.284,85,225,0.378,2022-23,Regular Season,6+ Feet - Wide Open
1630169,Tyrese Haliburton,1610612754,IND,23.0,56,55,0.293,114,246,0.463,0.667,0.02,14,17,0.824,0.272,100,229,0.437,2022-23,Regular Season,6+ Feet - Wide Open
1628384,OG Anunoby,1610612761,TOR,25.0,67,66,0.273,120,242,0.496,0.671,0.042,35,37,0.946,0.232,85,205,0.415,2022-23,Regular Season,6+ Feet - Wide Open
1630180,Saddiq Bey,1610612737,ATL,24.0,76,70,0.296,109,242,0.45,0.655,0.024,10,20,0.5,0.271,99,222,0.446,2022-23,Regular Season,6+ Feet - Wide Open
1627783,Pascal Siakam,1610612761,TOR,29.0,71,67,0.184,101,242,0.417,0.545,0.046,39,61,0.639,0.138,62,181,0.343,2022-23,Regular Season,6+ Feet - Wide Open
1629614,Andrew Nembhard,1610612754,IND,23.0,75,70,0.371,97,239,0.406,0.55,0.068,28,44,0.636,0.303,69,195,0.354,2022-23,Regular Season,6+ Feet - Wide Open
1629632,Coby White,1610612741,CHI,23.0,73,67,0.402,99,237,0.418,0.612,0.024,7,14,0.5,0.379,92,223,0.413,2022-23,Regular Season,6+ Feet - Wide Open
201566,Russell Westbrook,1610612746,LAC,34.0,73,71,0.238,82,235,0.349,0.491,0.033,15,33,0.455,0.205,67,202,0.332,2022-23,Regular Season,6+ Feet - Wide Open
1628978,Donte DiVincenzo,1610612744,GSW,26.0,71,69,0.446,104,233,0.446,0.648,0.034,10,18,0.556,0.411,94,215,0.437,2022-23,Regular Season,6+ Feet - Wide Open
1630178,Tyrese Maxey,1610612755,PHI,22.0,60,58,0.253,103,231,0.446,0.63,0.038,18,35,0.514,0.215,85,196,0.434,2022-23,Regular Season,6+ Feet - Wide Open
1626224,Cedi Osman,1610612739,CLE,28.0,77,66,0.436,100,231,0.433,0.619,0.036,14,19,0.737,0.4,86,212,0.406,2022-23,Regular Season,6+ Feet - Wide Open
1629001,De'Anthony Melton,1610612755,PHI,25.0,77,72,0.352,95,229,0.415,0.614,0.014,4,9,0.444,0.338,91,220,0.414,2022-23,Regular Season,6+ Feet - Wide Open
201572,Brook Lopez,1610612749,MIL,35.0,78,73,0.254,107,228,0.469,0.669,0.029,16,26,0.615,0.225,91,202,0.45,2022-23,Regular Season,6+ Feet - Wide Open
1627750,Jamal Murray,1610612743,DEN,26.0,65,62,0.215,104,224,0.464,0.643,0.047,24,49,0.49,0.168,80,175,0.457,2022-23,Regular Season,6+ Feet - Wide Open
1630581,Josh Giddey,1610612760,OKC,20.0,76,73,0.199,89,223,0.399,0.538,0.037,27,41,0.659,0.163,62,182,0.341,2022-23,Regular Season,6+ Feet - Wide Open
1628991,Jaren Jackson Jr.,1610612763,MEM,23.0,63,63,0.271,86,223,0.386,0.558,0.015,9,12,0.75,0.257,77,211,0.365,2022-23,Regular Season,6+ Feet - Wide Open
1628415,Dillon Brooks,1610612763,MEM,27.0,73,68,0.225,81,223,0.363,0.527,0.027,8,27,0.296,0.198,73,196,0.372,2022-23,Regular Season,6+ Feet - Wide Open
1629630,Ja Morant,1610612763,MEM,23.0,61,58,0.183,91,222,0.41,0.556,0.032,26,39,0.667,0.151,65,183,0.355,2022-23,Regular Season,6+ Feet - Wide Open
1630224,Jalen Green,1610612745,HOU,21.0,76,70,0.163,102,221,0.462,0.618,0.033,33,45,0.733,0.13,69,176,0.392,2022-23,Regular Season,6+ Feet - Wide Open
1628989,Kevin Huerter,1610612758,SAC,24.0,75,73,0.255,101,221,0.457,0.64,0.035,20,30,0.667,0.221,81,191,0.424,2022-23,Regular Season,6+ Feet - Wide Open
203501,Tim Hardaway Jr.,1610612742,DAL,31.0,71,68,0.261,94,221,0.425,0.606,0.031,14,26,0.538,0.23,80,195,0.41,2022-23,Regular Season,6+ Feet - Wide Open
1630532,Franz Wagner,1610612753,ORL,21.0,80,74,0.195,101,218,0.463,0.644,0.025,22,28,0.786,0.17,79,190,0.416,2022-23,Regular Season,6+ Feet - Wide Open
1628975,Jevon Carter,1610612749,MIL,27.0,81,71,0.382,105,216,0.486,0.683,0.067,20,38,0.526,0.315,85,178,0.478,2022-23,Regular Season,6+ Feet - Wide Open
202691,Klay Thompson,1610612744,GSW,33.0,68,65,0.173,102,215,0.474,0.667,0.03,19,37,0.514,0.143,83,178,0.466,2022-23,Regular Season,6+ Feet - Wide Open
1630163,LaMelo Ball,1610612766,CHA,21.0,36,35,0.298,89,215,0.414,0.595,0.019,11,14,0.786,0.279,78,201,0.388,2022-23,Regular Season,6+ Feet - Wide Open
1630544,Tre Mann,1610612760,OKC,22.0,67,61,0.429,85,215,0.395,0.551,0.066,18,33,0.545,0.363,67,182,0.368,2022-23,Regular Season,6+ Feet - Wide Open
203897,Zach LaVine,1610612741,CHI,28.0,76,72,0.156,108,213,0.507,0.681,0.04,34,55,0.618,0.115,74,158,0.468,2022-23,Regular Season,6+ Feet - Wide Open
1629652,Luguentz Dort,1610612760,OKC,24.0,74,70,0.243,81,212,0.382,0.542,0.029,13,25,0.52,0.214,68,187,0.364,2022-23,Regular Season,6+ Feet - Wide Open
1630557,Corey Kispert,1610612764,WAS,24.0,74,70,0.355,102,208,0.49,0.712,0.017,10,10,1.0,0.338,92,198,0.465,2022-23,Regular Season,6+ Feet - Wide Open
1629684,Grant Williams,1610612738,BOS,24.0,79,67,0.437,89,208,0.428,0.625,0.019,7,9,0.778,0.418,82,199,0.412,2022-23,Regular Season,6+ Feet - Wide Open
1630217,Desmond Bane,1610612763,MEM,25.0,58,57,0.221,100,207,0.483,0.681,0.026,18,24,0.75,0.195,82,183,0.448,2022-23,Regular Season,6+ Feet - Wide Open
1626167,Myles Turner,1610612754,IND,27.0,62,59,0.281,88,206,0.427,0.592,0.038,20,28,0.714,0.243,68,178,0.382,2022-23,Regular Season,6+ Feet - Wide Open
1630172,Patrick Williams,1610612741,CHI,21.0,81,76,0.307,83,206,0.403,0.575,0.031,12,21,0.571,0.276,71,185,0.384,2022-23,Regular Season,6+ Feet - Wide Open
201939,Stephen Curry,1610612744,GSW,35.0,55,52,0.183,103,205,0.502,0.707,0.025,19,28,0.679,0.158,84,177,0.475,2022-23,Regular Season,6+ Feet - Wide Open
203482,Kelly Olynyk,1610612762,UTA,32.0,68,65,0.366,86,204,0.422,0.605,0.031,11,17,0.647,0.336,75,187,0.401,2022-23,Regular Season,6+ Feet - Wide Open
203915,Spencer Dinwiddie,1610612751,BKN,30.0,79,73,0.194,83,204,0.407,0.596,0.018,6,19,0.316,0.176,77,185,0.416,2022-23,Regular Season,6+ Feet - Wide Open
1630174,Aaron Nesmith,1610612754,IND,23.0,73,64,0.346,78,204,0.382,0.547,0.032,11,19,0.579,0.314,67,185,0.362,2022-23,Regular Season,6+ Feet - Wide Open
1628368,De'Aaron Fox,1610612758,SAC,25.0,73,67,0.153,77,204,0.377,0.502,0.038,26,51,0.51,0.115,51,153,0.333,2022-23,Regular Season,6+ Feet - Wide Open
202699,Tobias Harris,1610612755,PHI,30.0,74,66,0.24,88,203,0.433,0.608,0.024,17,20,0.85,0.217,71,183,0.388,2022-23,Regular Season,6+ Feet - Wide Open
1628370,Malik Monk,1610612758,SAC,25.0,77,71,0.255,85,203,0.419,0.591,0.03,15,24,0.625,0.225,70,179,0.391,2022-23,Regular Season,6+ Feet - Wide Open
1629018,Gary Trent Jr.,1610612761,TOR,24.0,66,63,0.217,84,203,0.414,0.579,0.031,17,29,0.586,0.186,67,174,0.385,2022-23,Regular Season,6+ Feet - Wide Open
1629628,RJ Barrett,1610612752,NYK,23.0,73,68,0.171,70,201,0.348,0.5,0.014,9,17,0.529,0.156,61,184,0.332,2022-23,Regular Season,6+ Feet - Wide Open
203944,Julius Randle,1610612752,NYK,28.0,77,73,0.139,79,199,0.397,0.568,0.015,11,22,0.5,0.124,68,177,0.384,2022-23,Regular Season,6+ Feet - Wide Open
201587,Nicolas Batum,1610612746,LAC,34.0,78,73,0.52,82,198,0.414,0.614,0.01,3,4,0.75,0.509,79,194,0.407,2022-23,Regular Season,6+ Feet - Wide Open
1631103,Malaki Branham,1610612759,SAS,20.0,63,62,0.341,69,198,0.348,0.5,0.026,9,15,0.6,0.315,60,183,0.328,2022-23,Regular Season,6+ Feet - Wide Open
1627777,Georges Niang,1610612755,PHI,30.0,78,70,0.392,87,197,0.442,0.66,0.002,1,1,1.0,0.39,86,196,0.439,2022-23,Regular Season,6+ Feet - Wide Open
201950,Jrue Holiday,1610612749,MIL,33.0,67,62,0.191,86,195,0.441,0.631,0.023,12,24,0.5,0.167,74,171,0.433,2022-23,Regular Season,6+ Feet - Wide Open
1630183,Jaden McDaniels,1610612750,MIN,22.0,78,72,0.272,88,193,0.456,0.653,0.03,12,21,0.571,0.243,76,172,0.442,2022-23,Regular Season,6+ Feet - Wide Open
201144,Mike Conley,1610612750,MIN,35.0,66,64,0.321,78,193,0.404,0.585,0.018,8,11,0.727,0.303,70,182,0.385,2022-23,Regular Season,6+ Feet - Wide Open
1630631,Jose Alvarado,1610612740,NOP,25.0,61,60,0.395,68,193,0.352,0.518,0.012,4,6,0.667,0.382,64,187,0.342,2022-23,Regular Season,6+ Feet - Wide Open
203954,Joel Embiid,1610612755,PHI,29.0,66,60,0.145,88,192,0.458,0.591,0.046,37,61,0.607,0.099,51,131,0.389,2022-23,Regular Season,6+ Feet - Wide Open
1627747,Caris LeVert,1610612739,CLE,28.0,74,66,0.257,78,191,0.408,0.586,0.019,10,14,0.714,0.239,68,177,0.384,2022-23,Regular Season,6+ Feet - Wide Open
1629023,P.J. Washington,1610612766,CHA,24.0,73,68,0.196,73,191,0.382,0.539,0.023,13,22,0.591,0.174,60,169,0.355,2022-23,Regular Season,6+ Feet - Wide Open
1631114,Jalen Williams,1610612760,OKC,22.0,75,68,0.239,82,190,0.432,0.587,0.043,23,34,0.676,0.196,59,156,0.378,2022-23,Regular Season,6+ Feet - Wide Open
1628983,Shai Gilgeous-Alexander,1610612760,OKC,24.0,68,61,0.135,92,187,0.492,0.591,0.059,55,81,0.679,0.077,37,106,0.349,2022-23,Regular Season,6+ Feet - Wide Open
203484,Kentavious Caldwell-Pope,1610612743,DEN,30.0,76,70,0.296,87,187,0.465,0.647,0.06,19,38,0.5,0.236,68,149,0.456,2022-23,Regular Season,6+ Feet - Wide Open
203935,Marcus Smart,1610612738,BOS,29.0,61,56,0.309,68,186,0.366,0.53,0.015,7,9,0.778,0.294,61,177,0.345,2022-23,Regular Season,6+ Feet - Wide Open
1629656,Quentin Grimes,1610612752,NYK,23.0,71,61,0.307,86,185,0.465,0.678,0.012,7,7,1.0,0.296,79,178,0.444,2022-23,Regular Season,6+ Feet - Wide Open
1626174,Christian Wood,1610612742,DAL,27.0,67,55,0.241,80,185,0.432,0.622,0.026,10,20,0.5,0.215,70,165,0.424,2022-23,Regular Season,6+ Feet - Wide Open
1629631,De'Andre Hunter,1610612737,ATL,25.0,67,62,0.225,75,185,0.405,0.562,0.034,17,28,0.607,0.191,58,157,0.369,2022-23,Regular Season,6+ Feet - Wide Open
1628976,Wendell Carter Jr.,1610612753,ORL,24.0,57,56,0.302,66,185,0.357,0.505,0.039,11,24,0.458,0.263,55,161,0.342,2022-23,Regular Season,6+ Feet - Wide Open
1630245,Ayo Dosunmu,1610612741,CHI,23.0,79,68,0.326,70,183,0.383,0.536,0.037,14,21,0.667,0.288,56,162,0.346,2022-23,Regular Season,6+ Feet - Wide Open
1627814,Damion Lee,1610612756,PHX,30.0,74,66,0.403,92,182,0.505,0.736,0.038,8,17,0.471,0.365,84,165,0.509,2022-23,Regular Season,6+ Feet - Wide Open
1629661,Cameron Johnson,1610612751,BKN,27.0,42,40,0.382,85,181,0.47,0.674,0.038,11,18,0.611,0.344,74,163,0.454,2022-23,Regular Season,6+ Feet - Wide Open
1630231,KJ Martin,1610612745,HOU,22.0,82,74,0.251,66,181,0.365,0.508,0.024,14,17,0.824,0.228,52,164,0.317,2022-23,Regular Season,6+ Feet - Wide Open
203924,Jerami Grant,1610612757,POR,29.0,63,61,0.197,89,180,0.494,0.708,0.023,12,21,0.571,0.174,77,159,0.484,2022-23,Regular Season,6+ Feet - Wide Open
1626156,D'Angelo Russell,1610612747,LAL,27.0,71,60,0.19,89,180,0.494,0.672,0.04,25,38,0.658,0.15,64,142,0.451,2022-23,Regular Season,6+ Feet - Wide Open
1630167,Obi Toppin,1610612752,NYK,25.0,67,56,0.427,73,179,0.408,0.584,0.029,10,12,0.833,0.399,63,167,0.377,2022-23,Regular Season,6+ Feet - Wide Open
1627736,Malik Beasley,1610612747,LAL,26.0,81,73,0.19,69,178,0.388,0.556,0.016,9,15,0.6,0.174,60,163,0.368,2022-23,Regular Season,6+ Feet - Wide Open
1630529,Herbert Jones,1610612740,NOP,24.0,66,61,0.356,62,178,0.348,0.483,0.054,14,27,0.519,0.302,48,151,0.318,2022-23,Regular Season,6+ Feet - Wide Open
1629216,Gabe Vincent,1610612748,MIA,27.0,68,62,0.312,73,177,0.412,0.579,0.034,14,19,0.737,0.279,59,158,0.373,2022-23,Regular Season,6+ Feet - Wide Open
1630165,Killian Hayes,1610612765,DET,21.0,75,64,0.222,69,177,0.39,0.511,0.054,26,43,0.605,0.168,43,134,0.321,2022-23,Regular Season,6+ Feet - Wide Open
1631101,Shaedon Sharpe,1610612757,POR,20.0,80,69,0.27,75,175,0.429,0.597,0.045,16,29,0.552,0.225,59,146,0.404,2022-23,Regular Season,6+ Feet - Wide Open
204001,Kristaps Porziņģis,1610612764,WAS,27.0,65,55,0.172,75,175,0.429,0.606,0.018,13,18,0.722,0.154,62,157,0.395,2022-23,Regular Season,6+ Feet - Wide Open
1630188,Jalen Smith,1610612754,IND,23.0,68,61,0.344,58,175,0.331,0.46,0.049,13,25,0.52,0.295,45,150,0.3,2022-23,Regular Season,6+ Feet - Wide Open
1628398,Kyle Kuzma,1610612764,WAS,27.0,64,57,0.152,62,174,0.356,0.486,0.028,17,32,0.531,0.124,45,142,0.317,2022-23,Regular Season,6+ Feet - Wide Open
1628969,Mikal Bridges,1610612751,BKN,26.0,83,72,0.137,83,173,0.48,0.627,0.043,32,55,0.582,0.093,51,118,0.432,2022-23,Regular Season,6+ Feet - Wide Open
1630538,Bones Hyland,1610612746,LAC,22.0,56,54,0.303,71,173,0.41,0.598,0.025,6,14,0.429,0.278,65,159,0.409,2022-23,Regular Season,6+ Feet - Wide Open
1630191,Isaiah Stewart,1610612765,DET,22.0,49,47,0.401,63,173,0.364,0.532,0.012,5,5,1.0,0.39,58,168,0.345,2022-23,Regular Season,6+ Feet - Wide Open
1628381,John Collins,1610612737,ATL,25.0,71,66,0.245,62,173,0.358,0.509,0.02,10,14,0.714,0.225,52,159,0.327,2022-23,Regular Season,6+ Feet - Wide Open
1630162,Anthony Edwards,1610612750,MIN,21.0,78,67,0.113,84,172,0.488,0.637,0.031,33,47,0.702,0.082,51,125,0.408,2022-23,Regular Season,6+ Feet - Wide Open
1629622,Max Strus,1610612748,MIA,27.0,80,66,0.218,76,172,0.442,0.645,0.011,6,9,0.667,0.206,70,163,0.429,2022-23,Regular Season,6+ Feet - Wide Open
1630567,Scottie Barnes,1610612761,TOR,21.0,77,69,0.169,61,172,0.355,0.471,0.036,21,37,0.568,0.133,40,135,0.296,2022-23,Regular Season,6+ Feet - Wide Open
1629639,Tyler Herro,1610612748,MIA,23.0,67,58,0.154,84,171,0.491,0.681,0.026,19,29,0.655,0.128,65,142,0.458,2022-23,Regular Season,6+ Feet - Wide Open
203488,Mike Muscala,1610612738,BOS,31.0,63,51,0.586,74,171,0.433,0.611,0.068,13,20,0.65,0.517,61,151,0.404,2022-23,Regular Season,6+ Feet - Wide Open
1630559,Austin Reaves,1610612747,LAL,25.0,64,59,0.348,77,170,0.453,0.635,0.045,15,22,0.682,0.303,62,148,0.419,2022-23,Regular Season,6+ Feet - Wide Open
1629006,Josh Okogie,1610612756,PHX,24.0,72,58,0.411,70,170,0.412,0.585,0.041,11,17,0.647,0.37,59,153,0.386,2022-23,Regular Season,6+ Feet - Wide Open
1631094,Paolo Banchero,1610612753,ORL,20.0,72,61,0.151,68,169,0.402,0.553,0.023,17,26,0.654,0.127,51,143,0.357,2022-23,Regular Season,6+ Feet - Wide Open
1629014,Anfernee Simons,1610612757,POR,24.0,62,59,0.161,81,168,0.482,0.682,0.018,14,19,0.737,0.143,67,149,0.45,2022-23,Regular Season,6+ Feet - Wide Open
1630171,Isaac Okoro,1610612739,CLE,22.0,76,65,0.475,65,168,0.387,0.56,0.02,7,7,1.0,0.455,58,161,0.36,2022-23,Regular Season,6+ Feet - Wide Open
1628378,Donovan Mitchell,1610612739,CLE,26.0,68,61,0.118,77,166,0.464,0.636,0.024,20,33,0.606,0.095,57,133,0.429,2022-23,Regular Season,6+ Feet - Wide Open
1626145,Tyus Jones,1610612763,MEM,27.0,80,67,0.234,75,166,0.452,0.645,0.024,11,17,0.647,0.21,64,149,0.43,2022-23,Regular Season,6+ Feet - Wide Open
203507,Giannis Antetokounmpo,1610612749,MIL,28.0,63,53,0.13,52,166,0.313,0.419,0.029,17,37,0.459,0.101,35,129,0.271,2022-23,Regular Season,6+ Feet - Wide Open
203903,Jordan Clarkson,1610612762,UTA,31.0,61,58,0.16,70,165,0.424,0.603,0.019,11,20,0.55,0.141,59,145,0.407,2022-23,Regular Season,6+ Feet - Wide Open
203081,Damian Lillard,1610612757,POR,32.0,58,55,0.137,68,165,0.412,0.585,0.017,11,21,0.524,0.12,57,144,0.396,2022-23,Regular Season,6+ Feet - Wide Open
1629611,Terance Mann,1610612746,LAC,26.0,81,71,0.314,69,164,0.421,0.588,0.033,14,17,0.824,0.281,55,147,0.374,2022-23,Regular Season,6+ Feet - Wide Open
1630558,Davion Mitchell,1610612758,SAC,24.0,80,73,0.409,54,163,0.331,0.469,0.045,9,18,0.5,0.363,45,145,0.31,2022-23,Regular Season,6+ Feet - Wide Open
1629667,Jalen McDaniels,1610612755,PHI,25.0,80,69,0.26,72,160,0.45,0.6,0.047,24,29,0.828,0.213,48,131,0.366,2022-23,Regular Season,6+ Feet - Wide Open
1628997,Caleb Martin,1610612748,MIA,27.0,71,64,0.292,65,160,0.406,0.544,0.062,21,34,0.618,0.23,44,126,0.349,2022-23,Regular Season,6+ Feet - Wide Open
202681,Kyrie Irving,1610612742,DAL,31.0,60,56,0.132,75,159,0.472,0.651,0.022,18,26,0.692,0.111,57,133,0.429,2022-23,Regular Season,6+ Feet - Wide Open
1628972,Troy Brown Jr.,1610612747,LAL,23.0,76,60,0.34,71,158,0.449,0.646,0.022,9,10,0.9,0.318,62,148,0.419,2022-23,Regular Season,6+ Feet - Wide Open
1630230,Naji Marshall,1610612740,NOP,25.0,77,61,0.275,64,157,0.408,0.57,0.028,13,16,0.813,0.247,51,141,0.362,2022-23,Regular Season,6+ Feet - Wide Open
1630573,Sam Hauser,1610612738,BOS,25.0,80,66,0.391,67,155,0.432,0.642,0.008,2,3,0.667,0.384,65,152,0.428,2022-23,Regular Season,6+ Feet - Wide Open
1630198,Isaiah Joe,1610612760,OKC,23.0,73,65,0.303,74,154,0.481,0.688,0.039,10,20,0.5,0.264,64,134,0.478,2022-23,Regular Season,6+ Feet - Wide Open
202330,Gordon Hayward,1610612766,CHA,33.0,50,47,0.265,65,154,0.422,0.536,0.093,30,54,0.556,0.172,35,100,0.35,2022-23,Regular Season,6+ Feet - Wide Open
1629640,Keldon Johnson,1610612759,SAS,23.0,61,56,0.143,54,154,0.351,0.51,0.006,5,7,0.714,0.136,49,147,0.333,2022-23,Regular Season,6+ Feet - Wide Open
1630166,Deni Avdija,1610612764,WAS,22.0,76,58,0.266,53,154,0.344,0.497,0.021,6,12,0.5,0.245,47,142,0.331,2022-23,Regular Season,6+ Feet - Wide Open
1629008,Michael Porter Jr.,1610612743,DEN,25.0,62,58,0.187,89,153,0.582,0.807,0.032,20,26,0.769,0.155,69,127,0.543,2022-23,Regular Season,6+ Feet - Wide Open
1631095,Jabari Smith Jr.,1610612745,HOU,20.0,79,66,0.172,58,153,0.379,0.526,0.025,13,22,0.591,0.147,45,131,0.344,2022-23,Regular Season,6+ Feet - Wide Open
1629675,Naz Reid,1610612750,MIN,23.0,68,58,0.265,55,153,0.359,0.539,0.002,0,1,0.0,0.263,55,152,0.362,2022-23,Regular Season,6+ Feet - Wide Open
1626168,Trey Lyles,1610612758,SAC,27.0,74,58,0.368,61,150,0.407,0.593,0.012,5,5,1.0,0.355,56,145,0.386,2022-23,Regular Season,6+ Feet - Wide Open
1631106,Tari Eason,1610612745,HOU,22.0,82,67,0.227,57,150,0.38,0.54,0.027,9,18,0.5,0.2,48,132,0.364,2022-23,Regular Season,6+ Feet - Wide Open
2544,LeBron James,1610612747,LAL,38.0,55,52,0.122,73,149,0.49,0.617,0.043,35,52,0.673,0.08,38,97,0.392,2022-23,Regular Season,6+ Feet - Wide Open
1627749,Dejounte Murray,1610612737,ATL,26.0,74,66,0.113,69,149,0.463,0.601,0.032,28,42,0.667,0.081,41,107,0.383,2022-23,Regular Season,6+ Feet - Wide Open
1631100,AJ Griffin,1610612737,ATL,19.0,72,62,0.28,67,149,0.45,0.648,0.03,8,16,0.5,0.25,59,133,0.444,2022-23,Regular Season,6+ Feet - Wide Open
1629659,Talen Horton-Tucker,1610612762,UTA,22.0,65,53,0.243,57,149,0.383,0.51,0.047,19,29,0.655,0.196,38,120,0.317,2022-23,Regular Season,6+ Feet - Wide Open
1626179,Terry Rozier,1610612766,CHA,29.0,63,59,0.125,69,147,0.469,0.639,0.024,19,28,0.679,0.101,50,119,0.42,2022-23,Regular Season,6+ Feet - Wide Open
1628470,Torrey Craig,1610612756,PHX,32.0,79,68,0.294,58,147,0.395,0.571,0.02,6,10,0.6,0.274,52,137,0.38,2022-23,Regular Season,6+ Feet - Wide Open
1631097,Bennedict Mathurin,1610612754,IND,21.0,78,66,0.154,61,146,0.418,0.558,0.028,20,27,0.741,0.125,41,119,0.345,2022-23,Regular Season,6+ Feet - Wide Open
1629060,Rui Hachimura,1610612747,LAL,25.0,63,53,0.248,63,145,0.434,0.562,0.075,26,44,0.591,0.173,37,101,0.366,2022-23,Regular Season,6+ Feet - Wide Open
1629670,Jordan Nwora,1610612754,IND,24.0,62,55,0.324,66,144,0.458,0.667,0.025,6,11,0.545,0.299,60,133,0.451,2022-23,Regular Season,6+ Feet - Wide Open
203471,Dennis Schröder,1610612747,LAL,29.0,66,58,0.221,61,144,0.424,0.563,0.051,21,33,0.636,0.171,40,111,0.36,2022-23,Regular Season,6+ Feet - Wide Open
201567,Kevin Love,1610612748,MIA,34.0,62,53,0.34,60,144,0.417,0.608,0.017,5,7,0.714,0.323,55,137,0.401,2022-23,Regular Season,6+ Feet - Wide Open
202711,Bojan Bogdanovic,1610612765,DET,34.0,58,51,0.166,75,143,0.524,0.738,0.019,14,16,0.875,0.148,61,127,0.48,2022-23,Regular Season,6+ Feet - Wide Open
1626171,Bobby Portis,1610612749,MIL,28.0,70,59,0.178,65,143,0.455,0.615,0.032,19,26,0.731,0.146,46,117,0.393,2022-23,Regular Season,6+ Feet - Wide Open
1629022,Lonnie Walker IV,1610612747,LAL,24.0,56,48,0.272,65,142,0.458,0.644,0.036,12,19,0.632,0.236,53,123,0.431,2022-23,Regular Season,6+ Feet - Wide Open
1630583,Santi Aldama,1610612763,MEM,22.0,77,64,0.269,51,141,0.362,0.521,0.011,6,6,1.0,0.257,45,135,0.333,2022-23,Regular Season,6+ Feet - Wide Open
1630591,Jalen Suggs,1610612753,ORL,22.0,53,52,0.317,47,141,0.333,0.461,0.045,11,20,0.55,0.272,36,121,0.298,2022-23,Regular Season,6+ Feet - Wide Open
1629680,Matisse Thybulle,1610612757,POR,26.0,71,44,0.534,57,135,0.422,0.6,0.04,9,10,0.9,0.494,48,125,0.384,2022-23,Regular Season,6+ Feet - Wide Open
202685,Jonas Valančiūnas,1610612740,NOP,31.0,79,61,0.166,52,135,0.385,0.511,0.053,18,43,0.419,0.113,34,92,0.37,2022-23,Regular Season,6+ Feet - Wide Open
1627759,Jaylen Brown,1610612738,BOS,26.0,67,60,0.097,67,134,0.5,0.627,0.034,33,47,0.702,0.063,34,87,0.391,2022-23,Regular Season,6+ Feet - Wide Open
1631119,Jaylin Williams,1610612760,OKC,21.0,49,44,0.573,63,134,0.47,0.634,0.12,19,28,0.679,0.453,44,106,0.415,2022-23,Regular Season,6+ Feet - Wide Open
1630182,Josh Green,1610612742,DAL,22.0,60,49,0.351,62,134,0.463,0.66,0.034,9,13,0.692,0.317,53,121,0.438,2022-23,Regular Season,6+ Feet - Wide Open
1629723,John Konchar,1610612763,MEM,27.0,72,56,0.419,49,134,0.366,0.519,0.031,8,10,0.8,0.388,41,124,0.331,2022-23,Regular Season,6+ Feet - Wide Open
1629645,Kevin Porter Jr.,1610612745,HOU,23.0,59,55,0.15,57,133,0.429,0.575,0.031,18,27,0.667,0.12,39,106,0.368,2022-23,Regular Season,6+ Feet - Wide Open
202704,Reggie Jackson,1610612743,DEN,33.0,68,57,0.208,53,133,0.398,0.564,0.02,9,13,0.692,0.188,44,120,0.367,2022-23,Regular Season,6+ Feet - Wide Open
203110,Draymond Green,1610612744,GSW,33.0,72,62,0.281,56,132,0.424,0.553,0.062,22,29,0.759,0.22,34,103,0.33,2022-23,Regular Season,6+ Feet - Wide Open
1629134,Kendrick Nunn,1610612764,WAS,27.0,70,58,0.294,49,132,0.371,0.534,0.02,6,9,0.667,0.274,43,123,0.35,2022-23,Regular Season,6+ Feet - Wide Open
1626192,Pat Connaughton,1610612749,MIL,30.0,61,51,0.314,49,132,0.371,0.545,0.01,3,4,0.75,0.304,46,128,0.359,2022-23,Regular Season,6+ Feet - Wide Open
1628973,Jalen Brunson,1610612752,NYK,26.0,68,61,0.11,68,131,0.519,0.683,0.029,25,35,0.714,0.08,43,96,0.448,2022-23,Regular Season,6+ Feet - Wide Open
203992,Bogdan Bogdanović,1610612737,ATL,30.0,54,45,0.214,61,131,0.466,0.653,0.029,12,18,0.667,0.185,49,113,0.434,2022-23,Regular Season,6+ Feet - Wide Open
1628404,Josh Hart,1610612752,NYK,28.0,76,63,0.252,52,131,0.397,0.569,0.033,7,17,0.412,0.219,45,114,0.395,2022-23,Regular Season,6+ Feet - Wide Open
1630175,Cole Anthony,1610612753,ORL,23.0,60,53,0.211,54,129,0.419,0.566,0.043,16,26,0.615,0.169,38,103,0.369,2022-23,Regular Season,6+ Feet - Wide Open
203932,Aaron Gordon,1610612743,DEN,27.0,68,55,0.17,47,129,0.364,0.481,0.038,17,29,0.586,0.131,30,100,0.3,2022-23,Regular Season,6+ Feet - Wide Open
200782,P.J. Tucker,1610612755,PHI,38.0,75,58,0.569,54,128,0.422,0.609,0.04,6,9,0.667,0.529,48,119,0.403,2022-23,Regular Season,6+ Feet - Wide Open
202694,Marcus Morris Sr.,1610612746,LAC,33.0,65,54,0.199,49,128,0.383,0.551,0.017,6,11,0.545,0.182,43,117,0.368,2022-23,Regular Season,6+ Feet - Wide Open
1630688,Ish Wainright,1610612756,PHX,28.0,60,44,0.564,45,128,0.352,0.527,0.004,0,1,0.0,0.559,45,127,0.354,2022-23,Regular Season,6+ Feet - Wide Open
203078,Bradley Beal,1610612764,WAS,30.0,50,44,0.145,60,127,0.472,0.63,0.046,20,40,0.5,0.099,40,87,0.46,2022-23,Regular Season,6+ Feet - Wide Open
101108,Chris Paul,1610612756,PHX,38.0,59,52,0.19,58,127,0.457,0.63,0.043,14,29,0.483,0.147,44,98,0.449,2022-23,Regular Season,6+ Feet - Wide Open
1626162,Kelly Oubre Jr.,1610612766,CHA,27.0,48,45,0.156,48,127,0.378,0.539,0.016,7,13,0.538,0.14,41,114,0.36,2022-23,Regular Season,6+ Feet - Wide Open
1631110,Jeremy Sochan,1610612759,SAS,20.0,55,45,0.234,42,127,0.331,0.433,0.046,16,25,0.64,0.188,26,102,0.255,2022-23,Regular Season,6+ Feet - Wide Open
203925,Joe Harris,1610612751,BKN,31.0,74,55,0.289,61,126,0.484,0.71,0.018,4,8,0.5,0.271,57,118,0.483,2022-23,Regular Season,6+ Feet - Wide Open
1626166,Cameron Payne,1610612756,PHX,28.0,48,41,0.278,53,126,0.421,0.603,0.029,7,13,0.538,0.249,46,113,0.407,2022-23,Regular Season,6+ Feet - Wide Open
1630200,Tre Jones,1610612759,SAS,23.0,65,54,0.178,37,126,0.294,0.397,0.03,11,21,0.524,0.149,26,105,0.248,2022-23,Regular Season,6+ Feet - Wide Open
1627734,Domantas Sabonis,1610612758,SAC,27.0,79,64,0.132,57,124,0.46,0.569,0.054,30,51,0.588,0.078,27,73,0.37,2022-23,Regular Season,6+ Feet - Wide Open
1628369,Jayson Tatum,1610612738,BOS,25.0,74,57,0.079,63,123,0.512,0.671,0.02,24,31,0.774,0.059,39,92,0.424,2022-23,Regular Season,6+ Feet - Wide Open
1630228,Jonathan Kuminga,1610612744,GSW,20.0,67,54,0.247,51,123,0.415,0.565,0.038,14,19,0.737,0.209,37,104,0.356,2022-23,Regular Season,6+ Feet - Wide Open
1628380,Zach Collins,1610612759,SAS,25.0,61,51,0.233,49,123,0.398,0.565,0.03,8,16,0.5,0.203,41,107,0.383,2022-23,Regular Season,6+ Feet - Wide Open
1630587,Isaiah Livers,1610612765,DET,24.0,51,46,0.426,46,121,0.38,0.55,0.025,5,7,0.714,0.401,41,114,0.36,2022-23,Regular Season,6+ Feet - Wide Open
203952,Andrew Wiggins,1610612744,GSW,28.0,36,33,0.234,60,120,0.5,0.692,0.037,14,19,0.737,0.197,46,101,0.455,2022-23,Regular Season,6+ Feet - Wide Open
1627936,Alex Caruso,1610612741,CHI,29.0,66,54,0.422,43,119,0.361,0.529,0.025,3,7,0.429,0.397,40,112,0.357,2022-23,Regular Season,6+ Feet - Wide Open
201935,James Harden,1610612755,PHI,33.0,58,50,0.14,53,118,0.449,0.64,0.014,8,12,0.667,0.126,45,106,0.425,2022-23,Regular Season,6+ Feet - Wide Open
1631223,David Roddy,1610612763,MEM,22.0,70,53,0.281,42,118,0.356,0.525,0.01,2,4,0.5,0.271,40,114,0.351,2022-23,Regular Season,6+ Feet - Wide Open
1629669,Jaylen Nowell,1610612750,MIN,23.0,65,51,0.189,40,118,0.339,0.466,0.019,10,12,0.833,0.17,30,106,0.283,2022-23,Regular Season,6+ Feet - Wide Open
203506,Victor Oladipo,1610612748,MIA,31.0,42,37,0.29,44,117,0.376,0.521,0.035,10,14,0.714,0.256,34,103,0.33,2022-23,Regular Season,6+ Feet - Wide Open
1626181,Norman Powell,1610612746,LAC,30.0,60,53,0.163,60,116,0.517,0.75,0.021,6,15,0.4,0.142,54,101,0.535,2022-23,Regular Season,6+ Feet - Wide Open
1628379,Luke Kennard,1610612763,MEM,27.0,59,46,0.304,58,116,0.5,0.724,0.039,6,15,0.4,0.264,52,101,0.515,2022-23,Regular Season,6+ Feet - Wide Open
1627752,Taurean Prince,1610612750,MIN,29.0,53,48,0.311,51,115,0.443,0.635,0.038,7,14,0.5,0.273,44,101,0.436,2022-23,Regular Season,6+ Feet - Wide Open
200768,Kyle Lowry,1610612748,MIA,37.0,55,51,0.237,39,115,0.339,0.487,0.016,5,8,0.625,0.221,34,107,0.318,2022-23,Regular Season,6+ Feet - Wide Open
1629021,Moritz Wagner,1610612753,ORL,26.0,57,48,0.288,46,114,0.404,0.579,0.018,6,7,0.857,0.27,40,107,0.374,2022-23,Regular Season,6+ Feet - Wide Open
1629056,Terence Davis,1610612758,SAC,26.0,64,45,0.305,46,111,0.414,0.617,0.014,1,5,0.2,0.291,45,106,0.425,2022-23,Regular Season,6+ Feet - Wide Open
201976,Patrick Beverley,1610612741,CHI,34.0,67,52,0.309,40,111,0.36,0.518,0.017,5,6,0.833,0.292,35,105,0.333,2022-23,Regular Season,6+ Feet - Wide Open
203994,Jusuf Nurkić,1610612757,POR,28.0,52,48,0.22,39,111,0.351,0.505,0.02,5,10,0.5,0.2,34,101,0.337,2022-23,Regular Season,6+ Feet - Wide Open
204060,Joe Ingles,1610612749,MIL,35.0,46,42,0.444,44,110,0.4,0.591,0.016,2,4,0.5,0.427,42,106,0.396,2022-23,Regular Season,6+ Feet - Wide Open
1628971,Bruce Brown,1610612743,DEN,26.0,80,59,0.147,52,109,0.477,0.642,0.027,16,20,0.8,0.12,36,89,0.404,2022-23,Regular Season,6+ Feet - Wide Open
1630534,Ochai Agbaji,1610612762,UTA,23.0,59,44,0.282,47,109,0.431,0.633,0.01,3,4,0.75,0.272,44,105,0.419,2022-23,Regular Season,6+ Feet - Wide Open
1628420,Monte Morris,1610612764,WAS,28.0,62,54,0.21,43,108,0.398,0.537,0.045,13,23,0.565,0.165,30,85,0.353,2022-23,Regular Season,6+ Feet - Wide Open
1630526,Jeremiah Robinson-Earl,1610612760,OKC,22.0,43,37,0.431,42,107,0.393,0.565,0.044,5,11,0.455,0.387,37,96,0.385,2022-23,Regular Season,6+ Feet - Wide Open
1629029,Luka Doncic,1610612742,DAL,24.0,66,53,0.074,39,107,0.364,0.486,0.018,13,26,0.5,0.056,26,81,0.321,2022-23,Regular Season,6+ Feet - Wide Open
202331,Paul George,1610612746,LAC,33.0,56,46,0.105,42,105,0.4,0.552,0.019,10,19,0.526,0.086,32,86,0.372,2022-23,Regular Season,6+ Feet - Wide Open
203914,Gary Harris,1610612753,ORL,28.0,48,42,0.339,53,104,0.51,0.736,0.029,6,9,0.667,0.309,47,95,0.495,2022-23,Regular Season,6+ Feet - Wide Open
1630552,Jalen Johnson,1610612737,ATL,21.0,70,51,0.323,43,104,0.413,0.543,0.065,16,21,0.762,0.258,27,83,0.325,2022-23,Regular Season,6+ Feet - Wide Open
1630237,Anthony Lamb,1610612744,GSW,25.0,61,48,0.339,39,104,0.375,0.543,0.016,4,5,0.8,0.322,35,99,0.354,2022-23,Regular Season,6+ Feet - Wide Open
1630596,Evan Mobley,1610612739,CLE,22.0,79,55,0.11,35,104,0.337,0.423,0.026,17,25,0.68,0.083,18,79,0.228,2022-23,Regular Season,6+ Feet - Wide Open
1629642,Nassir Little,1610612757,POR,23.0,54,46,0.343,32,104,0.308,0.447,0.017,3,5,0.6,0.327,29,99,0.293,2022-23,Regular Season,6+ Feet - Wide Open
1626196,Josh Richardson,1610612740,NOP,29.0,64,53,0.189,45,103,0.437,0.631,0.028,5,15,0.333,0.161,40,88,0.455,2022-23,Regular Season,6+ Feet - Wide Open
1628995,Kevin Knox II,1610612757,POR,23.0,62,43,0.325,44,103,0.427,0.612,0.025,6,8,0.75,0.3,38,95,0.4,2022-23,Regular Season,6+ Feet - Wide Open
1629020,Jarred Vanderbilt,1610612747,LAL,24.0,78,60,0.228,42,103,0.408,0.534,0.042,16,19,0.842,0.186,26,84,0.31,2022-23,Regular Season,6+ Feet - Wide Open
1630227,Daishen Nix,1610612745,HOU,21.0,57,42,0.435,33,103,0.32,0.471,0.017,2,4,0.5,0.418,31,99,0.313,2022-23,Regular Season,6+ Feet - Wide Open
202692,Alec Burks,1610612765,DET,31.0,50,45,0.227,54,102,0.529,0.73,0.051,13,23,0.565,0.176,41,79,0.519,2022-23,Regular Season,6+ Feet - Wide Open
1630170,Devin Vassell,1610612759,SAS,22.0,38,34,0.171,44,102,0.431,0.578,0.045,14,27,0.519,0.126,30,75,0.4,2022-23,Regular Season,6+ Feet - Wide Open
203076,Anthony Davis,1610612747,LAL,30.0,56,41,0.106,42,102,0.412,0.49,0.05,26,48,0.542,0.056,16,54,0.296,2022-23,Regular Season,6+ Feet - Wide Open
203552,Seth Curry,1610612751,BKN,32.0,61,51,0.226,48,101,0.475,0.649,0.051,13,23,0.565,0.174,35,78,0.449,2022-23,Regular Season,6+ Feet - Wide Open
1628984,Devonte' Graham,1610612759,SAS,28.0,73,52,0.23,48,99,0.485,0.702,0.016,5,7,0.714,0.213,43,92,0.467,2022-23,Regular Season,6+ Feet - Wide Open
1630598,Aaron Wiggins,1610612760,OKC,24.0,70,45,0.27,44,98,0.449,0.638,0.028,7,10,0.7,0.242,37,88,0.42,2022-23,Regular Season,6+ Feet - Wide Open
1629013,Landry Shamet,1610612756,PHX,26.0,40,34,0.327,38,98,0.388,0.571,0.013,2,4,0.5,0.313,36,94,0.383,2022-23,Regular Season,6+ Feet - Wide Open
1630699,MarJon Beauchamp,1610612749,MIL,22.0,52,38,0.403,28,98,0.286,0.429,0.021,0,5,0.0,0.383,28,93,0.301,2022-23,Regular Season,6+ Feet - Wide Open
1628467,Maxi Kleber,1610612742,DAL,31.0,37,35,0.574,37,97,0.381,0.567,0.012,1,2,0.5,0.562,36,95,0.379,2022-23,Regular Season,6+ Feet - Wide Open
1629052,Oshae Brissett,1610612754,IND,25.0,65,49,0.301,33,96,0.344,0.51,0.009,1,3,0.333,0.292,32,93,0.344,2022-23,Regular Season,6+ Feet - Wide Open
202083,Wesley Matthews,1610612749,MIL,36.0,52,41,0.6,31,96,0.323,0.479,0.013,1,2,0.5,0.588,30,94,0.319,2022-23,Regular Season,6+ Feet - Wide Open
1629026,Kenrich Williams,1610612760,OKC,28.0,53,46,0.275,44,95,0.463,0.663,0.032,6,11,0.545,0.243,38,84,0.452,2022-23,Regular Season,6+ Feet - Wide Open
1628365,Markelle Fultz,1610612753,ORL,25.0,60,45,0.138,36,94,0.383,0.5,0.034,14,23,0.609,0.105,22,71,0.31,2022-23,Regular Season,6+ Feet - Wide Open
201942,DeMar DeRozan,1610612741,CHI,33.0,73,53,0.072,42,93,0.452,0.543,0.032,25,41,0.61,0.04,17,52,0.327,2022-23,Regular Season,6+ Feet - Wide Open
1629003,Shake Milton,1610612755,PHI,26.0,76,48,0.183,44,92,0.478,0.658,0.032,11,16,0.688,0.151,33,76,0.434,2022-23,Regular Season,6+ Feet - Wide Open
202709,Cory Joseph,1610612765,DET,31.0,62,47,0.262,41,92,0.446,0.641,0.02,5,7,0.714,0.242,36,85,0.424,2022-23,Regular Season,6+ Feet - Wide Open
1631128,Christian Braun,1610612743,DEN,22.0,76,48,0.318,38,92,0.413,0.582,0.048,7,14,0.5,0.27,31,78,0.397,2022-23,Regular Season,6+ Feet - Wide Open
203937,Kyle Anderson,1610612750,MIN,29.0,68,46,0.186,42,91,0.462,0.637,0.037,10,18,0.556,0.15,32,73,0.438,2022-23,Regular Season,6+ Feet - Wide Open
1626164,Devin Booker,1610612756,PHX,26.0,53,44,0.084,44,90,0.489,0.622,0.026,20,28,0.714,0.058,24,62,0.387,2022-23,Regular Season,6+ Feet - Wide Open
202322,John Wall,1610612746,LAC,32.0,34,33,0.266,36,90,0.4,0.539,0.062,11,21,0.524,0.204,25,69,0.362,2022-23,Regular Season,6+ Feet - Wide Open
1629139,Yuta Watanabe,1610612751,BKN,28.0,58,41,0.39,48,89,0.539,0.781,0.026,5,6,0.833,0.364,43,83,0.518,2022-23,Regular Season,6+ Feet - Wide Open
1629731,Dean Wade,1610612739,CLE,26.0,44,36,0.503,37,89,0.416,0.607,0.017,3,3,1.0,0.486,34,86,0.395,2022-23,Regular Season,6+ Feet - Wide Open
1630173,Precious Achiuwa,1610612761,TOR,23.0,55,44,0.22,31,89,0.348,0.472,0.042,9,17,0.529,0.178,22,72,0.306,2022-23,Regular Season,6+ Feet - Wide Open
1630537,Chris Duarte,1610612754,IND,26.0,46,36,0.264,34,88,0.386,0.54,0.042,7,14,0.5,0.222,27,74,0.365,2022-23,Regular Season,6+ Feet - Wide Open
203967,Dario Saric,1610612760,OKC,29.0,57,39,0.318,34,88,0.386,0.568,0.029,2,8,0.25,0.289,32,80,0.4,2022-23,Regular Season,6+ Feet - Wide Open
1628966,Keita Bates-Diop,1610612759,SAS,27.0,64,43,0.2,45,87,0.517,0.736,0.016,7,7,1.0,0.183,38,80,0.475,2022-23,Regular Season,6+ Feet - Wide Open
1630205,Lamar Stevens,1610612739,CLE,25.0,62,44,0.299,34,86,0.395,0.529,0.049,11,14,0.786,0.25,23,72,0.319,2022-23,Regular Season,6+ Feet - Wide Open
1629312,Haywood Highsmith,1610612748,MIA,26.0,54,37,0.398,33,86,0.384,0.547,0.042,5,9,0.556,0.356,28,77,0.364,2022-23,Regular Season,6+ Feet - Wide Open
1630550,JT Thor,1610612766,CHA,20.0,69,45,0.364,30,86,0.349,0.488,0.042,6,10,0.6,0.322,24,76,0.316,2022-23,Regular Season,6+ Feet - Wide Open
1630322,Lindy Waters III,1610612760,OKC,25.0,41,35,0.483,27,86,0.314,0.471,0.0,0,0,,0.483,27,86,0.314,2022-23,Regular Season,6+ Feet - Wide Open
202710,Jimmy Butler III,1610612748,MIA,33.0,64,44,0.096,50,85,0.588,0.712,0.035,29,31,0.935,0.061,21,54,0.389,2022-23,Regular Season,6+ Feet - Wide Open
1630181,R.J. Hampton,1610612765,DET,22.0,47,33,0.359,34,85,0.4,0.576,0.025,4,6,0.667,0.333,30,79,0.38,2022-23,Regular Season,6+ Feet - Wide Open
1629028,Deandre Ayton,1610612756,PHX,24.0,67,46,0.095,42,84,0.5,0.542,0.071,35,63,0.556,0.024,7,21,0.333,2022-23,Regular Season,6+ Feet - Wide Open
1630197,Aleksej Pokusevski,1610612760,OKC,21.0,34,30,0.337,33,84,0.393,0.571,0.02,3,5,0.6,0.317,30,79,0.38,2022-23,Regular Season,6+ Feet - Wide Open
1631172,Ousmane Dieng,1610612760,OKC,20.0,39,31,0.464,26,84,0.31,0.446,0.028,3,5,0.6,0.436,23,79,0.291,2022-23,Regular Season,6+ Feet - Wide Open
1628372,Dennis Smith Jr.,1610612766,CHA,25.0,54,43,0.186,23,84,0.274,0.363,0.044,8,20,0.4,0.142,15,64,0.234,2022-23,Regular Season,6+ Feet - Wide Open
1626157,Karl-Anthony Towns,1610612750,MIN,27.0,28,27,0.203,36,83,0.434,0.602,0.032,8,13,0.615,0.171,28,70,0.4,2022-23,Regular Season,6+ Feet - Wide Open
1628427,Vlatko Čančar,1610612743,DEN,26.0,60,36,0.366,28,83,0.337,0.488,0.035,3,8,0.375,0.33,25,75,0.333,2022-23,Regular Season,6+ Feet - Wide Open
202695,Kawhi Leonard,1610612746,LAC,32.0,52,39,0.094,46,82,0.561,0.768,0.017,12,15,0.8,0.077,34,67,0.507,2022-23,Regular Season,6+ Feet - Wide Open
1629629,Cam Reddish,1610612757,POR,23.0,40,29,0.262,35,82,0.427,0.591,0.032,8,10,0.8,0.23,27,72,0.375,2022-23,Regular Season,6+ Feet - Wide Open
1630572,Sandro Mamukelashvili,1610612759,SAS,24.0,41,29,0.392,26,82,0.317,0.463,0.024,2,5,0.4,0.368,24,77,0.312,2022-23,Regular Season,6+ Feet - Wide Open
203999,Nikola Jokić,1610612743,DEN,28.0,69,41,0.079,44,81,0.543,0.667,0.026,24,27,0.889,0.053,20,54,0.37,2022-23,Regular Season,6+ Feet - Wide Open
1629111,Jock Landale,1610612756,PHX,27.0,69,46,0.24,28,81,0.346,0.469,0.036,8,12,0.667,0.205,20,69,0.29,2022-23,Regular Season,6+ Feet - Wide Open
1628449,Chris Boucher,1610612761,TOR,30.0,76,51,0.152,39,80,0.488,0.694,0.015,6,8,0.75,0.136,33,72,0.458,2022-23,Regular Season,6+ Feet - Wide Open
1630202,Payton Pritchard,1610612738,BOS,25.0,48,34,0.322,31,79,0.392,0.563,0.033,4,8,0.5,0.29,27,71,0.38,2022-23,Regular Season,6+ Feet - Wide Open
1628410,Edmond Sumner,1610612751,BKN,27.0,53,39,0.29,35,78,0.449,0.615,0.041,9,11,0.818,0.249,26,67,0.388,2022-23,Regular Season,6+ Feet - Wide Open
1629638,Nickeil Alexander-Walker,1610612750,MIN,24.0,58,41,0.265,36,76,0.474,0.645,0.052,10,15,0.667,0.213,26,61,0.426,2022-23,Regular Season,6+ Feet - Wide Open
203200,Justin Holiday,1610612742,DAL,34.0,46,30,0.373,30,76,0.395,0.579,0.02,2,4,0.5,0.353,28,72,0.389,2022-23,Regular Season,6+ Feet - Wide Open
201145,Jeff Green,1610612743,DEN,36.0,56,39,0.229,25,75,0.333,0.453,0.027,7,9,0.778,0.201,18,66,0.273,2022-23,Regular Season,6+ Feet - Wide Open
1630700,Dyson Daniels,1610612740,NOP,20.0,59,41,0.354,30,74,0.405,0.568,0.033,6,7,0.857,0.321,24,67,0.358,2022-23,Regular Season,6+ Feet - Wide Open
203210,JaMychal Green,1610612744,GSW,33.0,57,37,0.29,35,73,0.479,0.678,0.04,6,10,0.6,0.25,29,63,0.46,2022-23,Regular Season,6+ Feet - Wide Open
204456,T.J. McConnell,1610612754,IND,31.0,75,41,0.14,34,73,0.466,0.61,0.044,13,23,0.565,0.096,21,50,0.42,2022-23,Regular Season,6+ Feet - Wide Open
203115,Will Barton,1610612761,TOR,32.0,56,38,0.195,35,71,0.493,0.69,0.033,7,12,0.583,0.162,28,59,0.475,2022-23,Regular Season,6+ Feet - Wide Open
201588,George Hill,1610612754,IND,37.0,46,35,0.428,30,71,0.423,0.606,0.042,4,7,0.571,0.386,26,64,0.406,2022-23,Regular Season,6+ Feet - Wide Open
200752,Rudy Gay,1610612762,UTA,36.0,56,41,0.247,21,71,0.296,0.415,0.024,4,7,0.571,0.223,17,64,0.266,2022-23,Regular Season,6+ Feet - Wide Open
1630578,Alperen Sengun,1610612745,HOU,20.0,75,44,0.088,31,70,0.443,0.571,0.025,13,20,0.65,0.063,18,50,0.36,2022-23,Regular Season,6+ Feet - Wide Open
203926,Doug McDermott,1610612759,SAS,31.0,63,42,0.136,30,70,0.429,0.629,0.008,2,4,0.5,0.128,28,66,0.424,2022-23,Regular Season,6+ Feet - Wide Open
1627863,Danuel House Jr.,1610612755,PHI,30.0,56,40,0.355,29,70,0.414,0.579,0.046,6,9,0.667,0.31,23,61,0.377,2022-23,Regular Season,6+ Feet - Wide Open
201937,Ricky Rubio,1610612739,CLE,32.0,33,28,0.393,24,70,0.343,0.45,0.096,9,17,0.529,0.298,15,53,0.283,2022-23,Regular Season,6+ Feet - Wide Open
1628418,Thomas Bryant,1610612743,DEN,25.0,59,35,0.187,34,69,0.493,0.623,0.065,16,24,0.667,0.122,18,45,0.4,2022-23,Regular Season,6+ Feet - Wide Open
203082,Terrence Ross,1610612756,PHX,32.0,63,43,0.148,30,69,0.435,0.645,0.015,1,7,0.143,0.133,29,62,0.468,2022-23,Regular Season,6+ Feet - Wide Open
1628964,Mo Bamba,1610612747,LAL,25.0,49,31,0.286,29,69,0.42,0.623,0.012,1,3,0.333,0.274,28,66,0.424,2022-23,Regular Season,6+ Feet - Wide Open
203085,Austin Rivers,1610612750,MIN,30.0,52,37,0.33,29,69,0.42,0.616,0.014,2,3,0.667,0.316,27,66,0.409,2022-23,Regular Season,6+ Feet - Wide Open
1627742,Brandon Ingram,1610612740,NOP,25.0,45,35,0.082,31,68,0.456,0.596,0.031,12,26,0.462,0.05,19,42,0.452,2022-23,Regular Season,6+ Feet - Wide Open
1626153,Delon Wright,1610612764,WAS,31.0,50,42,0.234,28,68,0.412,0.566,0.024,7,7,1.0,0.21,21,61,0.344,2022-23,Regular Season,6+ Feet - Wide Open
1627884,Derrick Jones Jr.,1610612741,CHI,26.0,63,44,0.304,26,68,0.382,0.566,0.004,1,1,1.0,0.299,25,67,0.373,2022-23,Regular Season,6+ Feet - Wide Open
1630177,Theo Maledon,1610612766,CHA,22.0,44,31,0.27,25,68,0.368,0.507,0.036,6,9,0.667,0.234,19,59,0.322,2022-23,Regular Season,6+ Feet - Wide Open
1628988,Aaron Holiday,1610612737,ATL,26.0,63,40,0.305,29,67,0.433,0.627,0.027,3,6,0.5,0.277,26,61,0.426,2022-23,Regular Season,6+ Feet - Wide Open
201609,Goran Dragic,1610612749,MIL,37.0,57,37,0.202,26,67,0.388,0.507,0.051,10,17,0.588,0.151,16,50,0.32,2022-23,Regular Season,6+ Feet - Wide Open
1630647,Eugene Omoruyi,1610612765,DET,26.0,40,28,0.294,23,67,0.343,0.478,0.026,5,6,0.833,0.268,18,61,0.295,2022-23,Regular Season,6+ Feet - Wide Open
201988,Patty Mills,1610612751,BKN,34.0,40,30,0.322,27,66,0.409,0.583,0.049,4,10,0.4,0.273,23,56,0.411,2022-23,Regular Season,6+ Feet - Wide Open
1631098,Johnny Davis,1610612764,WAS,21.0,28,17,0.386,22,66,0.333,0.439,0.088,8,15,0.533,0.298,14,51,0.275,2022-23,Regular Season,6+ Feet - Wide Open
1631323,Simone Fontecchio,1610612762,UTA,27.0,52,33,0.208,29,65,0.446,0.662,0.006,1,2,0.5,0.202,28,63,0.444,2022-23,Regular Season,6+ Feet - Wide Open
1630692,Jordan Goodwin,1610612764,WAS,24.0,62,39,0.184,27,65,0.415,0.577,0.034,6,12,0.5,0.15,21,53,0.396,2022-23,Regular Season,6+ Feet - Wide Open
1629162,Jordan McLaughlin,1610612750,MIN,27.0,42,34,0.455,21,65,0.323,0.477,0.014,1,2,0.5,0.441,20,63,0.317,2022-23,Regular Season,6+ Feet - Wide Open
1631216,Caleb Houstan,1610612753,ORL,20.0,51,33,0.35,24,64,0.375,0.547,0.033,2,6,0.333,0.317,22,58,0.379,2022-23,Regular Season,6+ Feet - Wide Open
1630570,Trendon Watford,1610612757,POR,22.0,61,37,0.203,34,63,0.54,0.73,0.042,10,13,0.769,0.161,24,50,0.48,2022-23,Regular Season,6+ Feet - Wide Open
1630613,Duane Washington Jr.,1610612752,NYK,23.0,31,27,0.246,19,63,0.302,0.444,0.043,1,11,0.091,0.203,18,52,0.346,2022-23,Regular Season,6+ Feet - Wide Open
1630702,Jaden Hardy,1610612742,DAL,20.0,48,28,0.186,29,62,0.468,0.677,0.012,3,4,0.75,0.174,26,58,0.448,2022-23,Regular Season,6+ Feet - Wide Open
203933,T.J. Warren,1610612756,PHX,29.0,42,27,0.226,30,61,0.492,0.615,0.059,15,16,0.938,0.167,15,45,0.333,2022-23,Regular Season,6+ Feet - Wide Open
1631102,TyTy Washington Jr.,1610612745,HOU,21.0,31,27,0.381,16,61,0.262,0.385,0.006,1,1,1.0,0.375,15,60,0.25,2022-23,Regular Season,6+ Feet - Wide Open
1630528,Josh Christopher,1610612745,HOU,21.0,64,38,0.182,22,60,0.367,0.467,0.036,10,12,0.833,0.146,12,48,0.25,2022-23,Regular Season,6+ Feet - Wide Open
1629643,Chuma Okeke,1610612753,ORL,24.0,27,19,0.492,21,60,0.35,0.5,0.041,3,5,0.6,0.451,18,55,0.327,2022-23,Regular Season,6+ Feet - Wide Open
203095,Evan Fournier,1610612752,NYK,30.0,27,20,0.355,21,59,0.356,0.517,0.018,2,3,0.667,0.337,19,56,0.339,2022-23,Regular Season,6+ Feet - Wide Open
1629012,Collin Sexton,1610612762,UTA,24.0,48,29,0.124,32,58,0.552,0.741,0.023,10,11,0.909,0.1,22,47,0.468,2022-23,Regular Season,6+ Feet - Wide Open
1630540,Miles McBride,1610612752,NYK,22.0,64,29,0.265,19,57,0.333,0.447,0.037,6,8,0.75,0.228,13,49,0.265,2022-23,Regular Season,6+ Feet - Wide Open
1630201,Malachi Flynn,1610612761,TOR,25.0,53,34,0.236,19,57,0.333,0.474,0.029,3,7,0.429,0.207,16,50,0.32,2022-23,Regular Season,6+ Feet - Wide Open
1629641,Romeo Langford,1610612759,SAS,23.0,40,31,0.235,18,57,0.316,0.439,0.025,4,6,0.667,0.21,14,51,0.275,2022-23,Regular Season,6+ Feet - Wide Open
1629660,Ty Jerome,1610612744,GSW,25.0,45,24,0.231,28,56,0.5,0.705,0.025,5,6,0.833,0.207,23,50,0.46,2022-23,Regular Season,6+ Feet - Wide Open
1628389,Bam Adebayo,1610612748,MIA,25.0,75,38,0.05,27,56,0.482,0.491,0.043,26,48,0.542,0.007,1,8,0.125,2022-23,Regular Season,6+ Feet - Wide Open
1630586,Usman Garuba,1610612745,HOU,21.0,75,37,0.316,24,56,0.429,0.634,0.011,1,2,0.5,0.305,23,54,0.426,2022-23,Regular Season,6+ Feet - Wide Open
1630541,Moses Moody,1610612744,GSW,21.0,62,36,0.255,24,56,0.429,0.616,0.018,3,4,0.75,0.236,21,52,0.404,2022-23,Regular Season,6+ Feet - Wide Open
1626204,Larry Nance Jr.,1610612740,NOP,30.0,65,34,0.184,24,56,0.429,0.518,0.072,14,22,0.636,0.111,10,34,0.294,2022-23,Regular Season,6+ Feet - Wide Open
1629130,Duncan Robinson,1610612748,MIA,29.0,42,30,0.236,17,56,0.304,0.446,0.008,1,2,0.5,0.228,16,54,0.296,2022-23,Regular Season,6+ Feet - Wide Open
1629626,Bol Bol,1610612753,ORL,23.0,70,37,0.115,27,55,0.491,0.591,0.04,16,19,0.842,0.075,11,36,0.306,2022-23,Regular Season,6+ Feet - Wide Open
1630168,Onyeka Okongwu,1610612737,ATL,22.0,80,38,0.109,30,54,0.556,0.574,0.091,28,45,0.622,0.018,2,9,0.222,2022-23,Regular Season,6+ Feet - Wide Open
201933,Blake Griffin,1610612738,BOS,34.0,41,27,0.415,24,54,0.444,0.639,0.031,3,4,0.75,0.385,21,50,0.42,2022-23,Regular Season,6+ Feet - Wide Open
1629647,Darius Bazley,1610612756,PHX,23.0,43,29,0.295,24,54,0.444,0.62,0.044,5,8,0.625,0.251,19,46,0.413,2022-23,Regular Season,6+ Feet - Wide Open
1630560,Cam Thomas,1610612751,BKN,21.0,57,28,0.111,24,50,0.48,0.64,0.031,8,14,0.571,0.08,16,36,0.444,2022-23,Regular Season,6+ Feet - Wide Open
1631121,Bryce McGowens,1610612766,CHA,20.0,46,28,0.248,18,50,0.36,0.53,0.025,1,5,0.2,0.223,17,45,0.378,2022-23,Regular Season,6+ Feet - Wide Open
1628386,Jarrett Allen,1610612739,CLE,25.0,68,35,0.078,22,49,0.449,0.459,0.064,21,40,0.525,0.014,1,9,0.111,2022-23,Regular Season,6+ Feet - Wide Open
1628963,Marvin Bagley III,1610612765,DET,24.0,42,32,0.129,17,49,0.347,0.469,0.016,5,6,0.833,0.113,12,43,0.279,2022-23,Regular Season,6+ Feet - Wide Open
1630595,Cade Cunningham,1610612765,DET,21.0,12,12,0.219,16,49,0.327,0.429,0.058,6,13,0.462,0.161,10,36,0.278,2022-23,Regular Season,6+ Feet - Wide Open
202693,Markieff Morris,1610612742,DAL,33.0,35,22,0.417,21,48,0.438,0.635,0.035,2,4,0.5,0.383,19,44,0.432,2022-23,Regular Season,6+ Feet - Wide Open
1626159,Justise Winslow,1610612757,POR,27.0,29,22,0.242,18,48,0.375,0.5,0.056,6,11,0.545,0.187,12,37,0.324,2022-23,Regular Season,6+ Feet - Wide Open
1629678,Admiral Schofield,1610612753,ORL,26.0,37,26,0.393,17,48,0.354,0.521,0.008,1,1,1.0,0.385,16,47,0.34,2022-23,Regular Season,6+ Feet - Wide Open
1628373,Frank Ntilikina,1610612742,DAL,24.0,47,25,0.356,14,47,0.298,0.404,0.045,4,6,0.667,0.311,10,41,0.244,2022-23,Regular Season,6+ Feet - Wide Open
201142,Kevin Durant,1610612756,PHX,34.0,47,29,0.054,25,46,0.543,0.674,0.022,13,19,0.684,0.032,12,27,0.444,2022-23,Regular Season,6+ Feet - Wide Open
203114,Khris Middleton,1610612749,MIL,31.0,33,24,0.113,18,46,0.391,0.565,0.015,2,6,0.333,0.099,16,40,0.4,2022-23,Regular Season,6+ Feet - Wide Open
202722,Davis Bertans,1610612742,DAL,30.0,45,24,0.281,17,45,0.378,0.556,0.006,1,1,1.0,0.275,16,44,0.364,2022-23,Regular Season,6+ Feet - Wide Open
1629726,Garrison Mathews,1610612737,ATL,26.0,54,24,0.219,21,44,0.477,0.693,0.01,2,2,1.0,0.209,19,42,0.452,2022-23,Regular Season,6+ Feet - Wide Open
203476,Gorgui Dieng,1610612759,SAS,33.0,30,24,0.404,17,44,0.386,0.534,0.055,4,6,0.667,0.349,13,38,0.342,2022-23,Regular Season,6+ Feet - Wide Open
1631222,Jake LaRavia,1610612763,MEM,21.0,35,22,0.463,16,44,0.364,0.545,0.011,0,1,0.0,0.453,16,43,0.372,2022-23,Regular Season,6+ Feet - Wide Open
1628392,Isaiah Hartenstein,1610612752,NYK,25.0,82,32,0.128,14,42,0.333,0.393,0.043,9,14,0.643,0.086,5,28,0.179,2022-23,Regular Season,6+ Feet - Wide Open
1631104,Blake Wesley,1610612759,SAS,20.0,34,25,0.204,15,41,0.366,0.488,0.07,5,14,0.357,0.134,10,27,0.37,2022-23,Regular Season,6+ Feet - Wide Open
1629002,Chimezie Metu,1610612758,SAC,26.0,66,29,0.187,13,41,0.317,0.402,0.041,6,9,0.667,0.146,7,32,0.219,2022-23,Regular Season,6+ Feet - Wide Open
203496,Robert Covington,1610612746,LAC,32.0,48,24,0.175,19,40,0.475,0.675,0.017,3,4,0.75,0.157,16,36,0.444,2022-23,Regular Season,6+ Feet - Wide Open
1631133,Jabari Walker,1610612757,POR,20.0,55,25,0.215,15,40,0.375,0.513,0.022,4,4,1.0,0.194,11,36,0.306,2022-23,Regular Season,6+ Feet - Wide Open
1628977,Hamidou Diallo,1610612765,DET,24.0,55,25,0.106,16,39,0.41,0.436,0.057,14,21,0.667,0.049,2,18,0.111,2022-23,Regular Season,6+ Feet - Wide Open
1630256,Jae'Sean Tate,1610612745,HOU,27.0,31,24,0.17,13,39,0.333,0.487,0.009,1,2,0.5,0.162,12,37,0.324,2022-23,Regular Season,6+ Feet - Wide Open
1629117,Wenyen Gabriel,1610612747,LAL,26.0,68,29,0.151,13,39,0.333,0.449,0.023,4,6,0.667,0.128,9,33,0.273,2022-23,Regular Season,6+ Feet - Wide Open
1627823,Juancho Hernangomez,1610612761,TOR,27.0,42,26,0.342,13,39,0.333,0.462,0.035,3,4,0.75,0.307,10,35,0.286,2022-23,Regular Season,6+ Feet - Wide Open
1630192,Zeke Nnaji,1610612743,DEN,22.0,53,25,0.194,16,38,0.421,0.579,0.02,4,4,1.0,0.173,12,34,0.353,2022-23,Regular Season,6+ Feet - Wide Open
1629599,Amir Coffey,1610612746,LAC,26.0,50,18,0.262,14,38,0.368,0.5,0.055,4,8,0.5,0.207,10,30,0.333,2022-23,Regular Season,6+ Feet - Wide Open
1631108,Max Christie,1610612747,LAL,20.0,41,23,0.349,15,37,0.405,0.581,0.019,2,2,1.0,0.33,13,35,0.371,2022-23,Regular Season,6+ Feet - Wide Open
1630568,Luka Garza,1610612750,MIN,24.0,27,17,0.333,14,37,0.378,0.527,0.045,3,5,0.6,0.288,11,32,0.344,2022-23,Regular Season,6+ Feet - Wide Open
1629676,Isaiah Roby,1610612752,NYK,25.0,41,22,0.245,12,37,0.324,0.459,0.02,2,3,0.667,0.225,10,34,0.294,2022-23,Regular Season,6+ Feet - Wide Open
1629234,Drew Eubanks,1610612757,POR,26.0,77,23,0.112,16,36,0.444,0.5,0.069,12,22,0.545,0.044,4,14,0.286,2022-23,Regular Season,6+ Feet - Wide Open
1629627,Zion Williamson,1610612740,NOP,22.0,29,20,0.073,20,34,0.588,0.691,0.036,13,17,0.765,0.036,7,17,0.412,2022-23,Regular Season,6+ Feet - Wide Open
1629004,Svi Mykhailiuk,1610612766,CHA,26.0,32,15,0.197,16,34,0.471,0.662,0.029,3,5,0.6,0.168,13,29,0.448,2022-23,Regular Season,6+ Feet - Wide Open
1630184,Kira Lewis Jr.,1610612740,NOP,22.0,25,17,0.375,16,33,0.485,0.682,0.057,3,5,0.6,0.318,13,28,0.464,2022-23,Regular Season,6+ Feet - Wide Open
1630346,Matt Ryan,1610612750,MIN,26.0,33,19,0.308,16,33,0.485,0.697,0.028,2,3,0.667,0.28,14,30,0.467,2022-23,Regular Season,6+ Feet - Wide Open
1631116,Patrick Baldwin Jr.,1610612744,GSW,20.0,31,17,0.303,15,33,0.455,0.652,0.028,2,3,0.667,0.275,13,30,0.433,2022-23,Regular Season,6+ Feet - Wide Open
1629033,Theo Pinson,1610612742,DAL,27.0,40,16,0.379,12,33,0.364,0.545,0.0,0,0,,0.379,12,33,0.364,2022-23,Regular Season,6+ Feet - Wide Open
1630553,Keon Johnson,1610612757,POR,21.0,40,19,0.18,17,32,0.531,0.75,0.017,3,3,1.0,0.163,14,29,0.483,2022-23,Regular Season,6+ Feet - Wide Open
1626169,Stanley Johnson,1610612762,UTA,27.0,29,18,0.264,16,32,0.5,0.703,0.041,3,5,0.6,0.223,13,27,0.481,2022-23,Regular Season,6+ Feet - Wide Open
1630164,James Wiseman,1610612765,DET,22.0,45,23,0.091,15,31,0.484,0.532,0.05,12,17,0.706,0.041,3,14,0.214,2022-23,Regular Season,6+ Feet - Wide Open
1629750,Javonte Green,1610612741,CHI,29.0,32,17,0.287,14,31,0.452,0.629,0.037,3,4,0.75,0.25,11,27,0.407,2022-23,Regular Season,6+ Feet - Wide Open
1630533,Ziaire Williams,1610612763,MEM,21.0,37,20,0.158,11,31,0.355,0.516,0.01,1,2,0.5,0.148,10,29,0.345,2022-23,Regular Season,6+ Feet - Wide Open
1627739,Kris Dunn,1610612762,UTA,29.0,22,16,0.139,15,30,0.5,0.717,0.009,2,2,1.0,0.13,13,28,0.464,2022-23,Regular Season,6+ Feet - Wide Open
1627788,Furkan Korkmaz,1610612755,PHI,25.0,37,17,0.27,11,30,0.367,0.5,0.054,3,6,0.5,0.216,8,24,0.333,2022-23,Regular Season,6+ Feet - Wide Open
203473,Dewayne Dedmon,1610612755,PHI,33.0,38,21,0.199,10,30,0.333,0.45,0.02,3,3,1.0,0.179,7,27,0.259,2022-23,Regular Season,6+ Feet - Wide Open
1630556,Kessler Edwards,1610612758,SAC,22.0,36,17,0.323,9,30,0.3,0.433,0.032,1,3,0.333,0.29,8,27,0.296,2022-23,Regular Season,6+ Feet - Wide Open
1629308,Juan Toscano-Anderson,1610612762,UTA,30.0,52,21,0.21,8,30,0.267,0.35,0.028,3,4,0.75,0.182,5,26,0.192,2022-23,Regular Season,6+ Feet - Wide Open
1629637,Jaxson Hayes,1610612740,NOP,23.0,47,22,0.192,7,30,0.233,0.25,0.051,6,8,0.75,0.141,1,22,0.045,2022-23,Regular Season,6+ Feet - Wide Open
203526,Raul Neto,1610612739,CLE,31.0,48,19,0.264,11,29,0.379,0.534,0.027,2,3,0.667,0.236,9,26,0.346,2022-23,Regular Season,6+ Feet - Wide Open
1626172,Kevon Looney,1610612744,GSW,27.0,81,25,0.074,16,28,0.571,0.571,0.072,16,27,0.593,0.003,0,1,0.0,2022-23,Regular Season,6+ Feet - Wide Open
201152,Thaddeus Young,1610612761,TOR,35.0,54,21,0.141,9,28,0.321,0.411,0.02,4,4,1.0,0.121,5,24,0.208,2022-23,Regular Season,6+ Feet - Wide Open
1630625,Dalano Banton,1610612761,TOR,23.0,31,17,0.206,9,27,0.333,0.463,0.023,2,3,0.667,0.183,7,24,0.292,2022-23,Regular Season,6+ Feet - Wide Open
1629048,Goga Bitadze,1610612753,ORL,23.0,38,20,0.216,7,27,0.259,0.333,0.04,3,5,0.6,0.176,4,22,0.182,2022-23,Regular Season,6+ Feet - Wide Open
1631260,AJ Green,1610612749,MIL,23.0,35,16,0.208,17,26,0.654,0.981,0.0,0,0,,0.208,17,26,0.654,2022-23,Regular Season,6+ Feet - Wide Open
1626163,Frank Kaminsky,1610612745,HOU,30.0,36,13,0.413,12,26,0.462,0.692,0.0,0,0,,0.413,12,26,0.462,2022-23,Regular Season,6+ Feet - Wide Open
1630547,James Bouknight,1610612766,CHA,22.0,34,16,0.138,11,26,0.423,0.615,0.005,1,1,1.0,0.133,10,25,0.4,2022-23,Regular Season,6+ Feet - Wide Open
1630548,Johnny Juzang,1610612762,UTA,22.0,18,14,0.25,9,26,0.346,0.5,0.01,1,1,1.0,0.24,8,25,0.32,2022-23,Regular Season,6+ Feet - Wide Open
1630264,Anthony Gill,1610612764,WAS,30.0,59,21,0.197,7,26,0.269,0.346,0.023,3,3,1.0,0.174,4,23,0.174,2022-23,Regular Season,6+ Feet - Wide Open
201565,Derrick Rose,1610612752,NYK,34.0,27,15,0.164,7,26,0.269,0.365,0.025,2,4,0.5,0.138,5,22,0.227,2022-23,Regular Season,6+ Feet - Wide Open
1629651,Nic Claxton,1610612751,BKN,24.0,76,20,0.043,19,25,0.76,0.76,0.039,19,23,0.826,0.003,0,2,0.0,2022-23,Regular Season,6+ Feet - Wide Open
203585,Rodney McGruder,1610612765,DET,31.0,32,15,0.164,13,25,0.52,0.78,0.0,0,0,,0.164,13,25,0.52,2022-23,Regular Season,6+ Feet - Wide Open
1630240,Saben Lee,1610612756,PHX,24.0,25,10,0.207,10,25,0.4,0.58,0.033,1,4,0.25,0.174,9,21,0.429,2022-23,Regular Season,6+ Feet - Wide Open
1630539,Kai Jones,1610612766,CHA,22.0,46,18,0.208,10,25,0.4,0.48,0.058,6,7,0.857,0.15,4,18,0.222,2022-23,Regular Season,6+ Feet - Wide Open
1630593,McKinley Wright IV,1610612742,DAL,24.0,27,14,0.255,9,25,0.36,0.5,0.051,2,5,0.4,0.204,7,20,0.35,2022-23,Regular Season,6+ Feet - Wide Open
203486,Mason Plumlee,1610612746,LAC,33.0,79,21,0.05,17,24,0.708,0.708,0.05,17,24,0.708,0.0,0,0,,2022-23,Regular Season,6+ Feet - Wide Open
1628432,Davon Reed,1610612743,DEN,28.0,43,16,0.286,12,24,0.5,0.688,0.048,3,4,0.75,0.238,9,20,0.45,2022-23,Regular Season,6+ Feet - Wide Open
1630214,Xavier Tillman,1610612763,MEM,24.0,61,21,0.078,8,24,0.333,0.417,0.039,4,12,0.333,0.039,4,12,0.333,2022-23,Regular Season,6+ Feet - Wide Open
1627780,Gary Payton II,1610612744,GSW,30.0,22,15,0.333,12,23,0.522,0.761,0.014,1,1,1.0,0.319,11,22,0.5,2022-23,Regular Season,6+ Feet - Wide Open
1630284,Kevon Harris,1610612753,ORL,26.0,34,18,0.215,9,23,0.391,0.587,0.0,0,0,,0.215,9,23,0.391,2022-23,Regular Season,6+ Feet - Wide Open
1628436,Luke Kornet,1610612738,BOS,27.0,69,16,0.129,10,22,0.455,0.5,0.071,8,12,0.667,0.059,2,10,0.2,2022-23,Regular Season,6+ Feet - Wide Open
1631254,Kenneth Lofton Jr.,1610612763,MEM,20.0,24,14,0.237,10,22,0.455,0.568,0.097,5,9,0.556,0.14,5,13,0.385,2022-23,Regular Season,6+ Feet - Wide Open
1630543,Isaiah Jackson,1610612754,IND,21.0,63,19,0.069,8,22,0.364,0.409,0.028,6,9,0.667,0.041,2,13,0.154,2022-23,Regular Season,6+ Feet - Wide Open
1630577,Julian Champagnie,1610612759,SAS,22.0,15,11,0.22,7,22,0.318,0.477,0.0,0,0,,0.22,7,22,0.318,2022-23,Regular Season,6+ Feet - Wide Open
1631107,Nikola Jović,1610612748,MIA,20.0,15,11,0.319,7,22,0.318,0.409,0.072,3,5,0.6,0.246,4,17,0.235,2022-23,Regular Season,6+ Feet - Wide Open
203521,Matthew Dellavedova,1610612758,SAC,32.0,32,14,0.44,7,22,0.318,0.477,0.02,0,1,0.0,0.42,7,21,0.333,2022-23,Regular Season,6+ Feet - Wide Open
1631207,Dalen Terry,1610612741,CHI,20.0,37,11,0.314,6,22,0.273,0.364,0.043,2,3,0.667,0.271,4,19,0.211,2022-23,Regular Season,6+ Feet - Wide Open
203939,Dwight Powell,1610612742,DAL,31.0,76,17,0.078,13,21,0.619,0.619,0.063,13,17,0.765,0.015,0,4,0.0,2022-23,Regular Season,6+ Feet - Wide Open
203109,Jae Crowder,1610612749,MIL,32.0,18,12,0.223,11,21,0.524,0.762,0.021,1,2,0.5,0.202,10,19,0.526,2022-23,Regular Season,6+ Feet - Wide Open
1629677,Luka Samanic,1610612762,UTA,23.0,7,7,0.368,6,21,0.286,0.405,0.018,1,1,1.0,0.351,5,20,0.25,2022-23,Regular Season,6+ Feet - Wide Open
201959,Taj Gibson,1610612764,WAS,38.0,49,16,0.16,7,20,0.35,0.425,0.056,4,7,0.571,0.104,3,13,0.231,2022-23,Regular Season,6+ Feet - Wide Open
1629603,Mamadi Diakite,1610612739,CLE,26.0,22,12,0.38,7,19,0.368,0.526,0.06,1,3,0.333,0.32,6,16,0.375,2022-23,Regular Season,6+ Feet - Wide Open
1627853,Ryan Arcidiacono,1610612752,NYK,29.0,20,9,0.514,7,19,0.368,0.553,0.0,0,0,,0.514,7,19,0.368,2022-23,Regular Season,6+ Feet - Wide Open
1630696,Dru Smith,1610612751,BKN,25.0,15,9,0.422,6,19,0.316,0.447,0.044,1,2,0.5,0.378,5,17,0.294,2022-23,Regular Season,6+ Feet - Wide Open
1627854,Bryn Forbes,1610612750,MIN,29.0,25,14,0.229,4,19,0.211,0.316,0.0,0,0,,0.229,4,19,0.211,2022-23,Regular Season,6+ Feet - Wide Open
1627751,Jakob Poeltl,1610612761,TOR,27.0,71,15,0.03,14,18,0.778,0.778,0.03,14,18,0.778,0.0,0,0,,2022-23,Regular Season,6+ Feet - Wide Open
1627745,Damian Jones,1610612762,UTA,28.0,41,12,0.209,13,18,0.722,0.972,0.047,4,4,1.0,0.163,9,14,0.643,2022-23,Regular Season,6+ Feet - Wide Open
1630678,Terry Taylor,1610612741,CHI,23.0,31,14,0.24,6,18,0.333,0.472,0.013,1,1,1.0,0.227,5,17,0.294,2022-23,Regular Season,6+ Feet - Wide Open
203497,Rudy Gobert,1610612750,MIN,31.0,69,13,0.031,13,17,0.765,0.765,0.028,13,15,0.867,0.004,0,2,0.0,2022-23,Regular Season,6+ Feet - Wide Open
1630233,Nathan Knight,1610612750,MIN,25.0,37,12,0.213,8,17,0.471,0.647,0.025,2,2,1.0,0.188,6,15,0.4,2022-23,Regular Season,6+ Feet - Wide Open
1630554,Jason Preston,1610612746,LAC,23.0,14,10,0.415,6,17,0.353,0.5,0.024,1,1,1.0,0.39,5,16,0.313,2022-23,Regular Season,6+ Feet - Wide Open
1631117,Walker Kessler,1610612762,UTA,21.0,74,12,0.039,11,16,0.688,0.719,0.031,10,13,0.769,0.007,1,3,0.333,2022-23,Regular Season,6+ Feet - Wide Open
1630549,Day'Ron Sharpe,1610612751,BKN,21.0,48,14,0.094,9,16,0.563,0.719,0.035,4,6,0.667,0.058,5,10,0.5,2022-23,Regular Season,6+ Feet - Wide Open
1631219,John Butler Jr.,1610612757,POR,20.0,18,10,0.381,5,16,0.313,0.438,0.024,1,1,1.0,0.357,4,15,0.267,2022-23,Regular Season,6+ Feet - Wide Open
1626158,Richaun Holmes,1610612758,SAC,29.0,42,14,0.169,8,15,0.533,0.7,0.079,3,7,0.429,0.09,5,8,0.625,2022-23,Regular Season,6+ Feet - Wide Open
1631288,Jamal Cain,1610612748,MIA,24.0,18,10,0.227,8,15,0.533,0.767,0.015,1,1,1.0,0.212,7,14,0.5,2022-23,Regular Season,6+ Feet - Wide Open
1629644,KZ Okpala,1610612758,SAC,24.0,35,11,0.395,7,15,0.467,0.633,0.053,2,2,1.0,0.342,5,13,0.385,2022-23,Regular Season,6+ Feet - Wide Open
1626195,Willy Hernangomez,1610612740,NOP,29.0,38,11,0.089,5,15,0.333,0.433,0.024,2,4,0.5,0.065,3,11,0.273,2022-23,Regular Season,6+ Feet - Wide Open
1631132,Christian Koloko,1610612761,TOR,23.0,58,14,0.1,5,15,0.333,0.367,0.047,4,7,0.571,0.053,1,8,0.125,2022-23,Regular Season,6+ Feet - Wide Open
1630194,Paul Reed,1610612755,PHI,24.0,69,13,0.072,4,15,0.267,0.267,0.062,4,13,0.308,0.01,0,2,0.0,2022-23,Regular Season,6+ Feet - Wide Open
1630288,Jeff Dowtin Jr.,1610612761,TOR,26.0,25,11,0.263,4,15,0.267,0.333,0.088,2,5,0.4,0.175,2,10,0.2,2022-23,Regular Season,6+ Feet - Wide Open
1631113,Kennedy Chandler,1610612763,MEM,20.0,36,10,0.181,3,15,0.2,0.267,0.036,1,3,0.333,0.145,2,12,0.167,2022-23,Regular Season,6+ Feet - Wide Open
1631246,Vince Williams Jr.,1610612763,MEM,22.0,15,6,0.375,2,15,0.133,0.167,0.025,1,1,1.0,0.35,1,14,0.071,2022-23,Regular Season,6+ Feet - Wide Open
1631105,Jalen Duren,1610612765,DET,19.0,66,13,0.036,11,14,0.786,0.786,0.033,11,13,0.846,0.003,0,1,0.0,2022-23,Regular Season,6+ Feet - Wide Open
1627826,Ivica Zubac,1610612746,LAC,26.0,76,12,0.027,10,14,0.714,0.714,0.025,10,13,0.769,0.002,0,1,0.0,2022-23,Regular Season,6+ Feet - Wide Open
1629646,Charles Bassey,1610612759,SAS,22.0,35,11,0.104,9,14,0.643,0.714,0.059,7,8,0.875,0.044,2,6,0.333,2022-23,Regular Season,6+ Feet - Wide Open
201980,Danny Green,1610612739,CLE,36.0,11,8,0.286,9,14,0.643,0.929,0.041,1,2,0.5,0.245,8,12,0.667,2022-23,Regular Season,6+ Feet - Wide Open
1630639,A.J. Lawson,1610612742,DAL,22.0,15,7,0.318,7,14,0.5,0.714,0.023,1,1,1.0,0.295,6,13,0.462,2022-23,Regular Season,6+ Feet - Wide Open
1629634,Brandon Clarke,1610612763,MEM,26.0,56,14,0.04,7,14,0.5,0.536,0.029,6,10,0.6,0.011,1,4,0.25,2022-23,Regular Season,6+ Feet - Wide Open
203086,Meyers Leonard,1610612749,MIL,31.0,9,8,0.483,6,14,0.429,0.643,0.034,0,1,0.0,0.448,6,13,0.462,2022-23,Regular Season,6+ Feet - Wide Open
202066,Garrett Temple,1610612740,NOP,37.0,25,10,0.311,5,14,0.357,0.536,0.022,0,1,0.0,0.289,5,13,0.385,2022-23,Regular Season,6+ Feet - Wide Open
1628464,Daniel Theis,1610612754,IND,31.0,7,7,0.318,2,14,0.143,0.214,0.068,0,3,0.0,0.25,2,11,0.182,2022-23,Regular Season,6+ Feet - Wide Open
1630527,Brandon Boston,1610612746,LAC,21.0,22,8,0.107,6,13,0.462,0.615,0.016,2,2,1.0,0.09,4,11,0.364,2022-23,Regular Season,6+ Feet - Wide Open
1630561,David Duke Jr.,1610612751,BKN,23.0,23,6,0.167,4,13,0.308,0.346,0.064,3,5,0.6,0.103,1,8,0.125,2022-23,Regular Season,6+ Feet - Wide Open
1628382,Justin Jackson,1610612738,BOS,28.0,23,10,0.481,3,13,0.231,0.346,0.0,0,0,,0.481,3,13,0.231,2022-23,Regular Season,6+ Feet - Wide Open
1629633,Jarrett Culver,1610612737,ATL,24.0,10,5,0.302,2,13,0.154,0.192,0.07,1,3,0.333,0.233,1,10,0.1,2022-23,Regular Season,6+ Feet - Wide Open
1631205,Buddy Boeheim,1610612765,DET,23.0,10,6,0.481,2,13,0.154,0.231,0.0,0,0,,0.481,2,13,0.154,2022-23,Regular Season,6+ Feet - Wide Open
203991,Clint Capela,1610612737,ATL,29.0,65,12,0.022,12,12,1.0,1.0,0.022,12,12,1.0,0.0,0,0,,2022-23,Regular Season,6+ Feet - Wide Open
1630643,Jay Huff,1610612764,WAS,25.0,7,4,0.48,7,12,0.583,0.833,0.08,1,2,0.5,0.4,6,10,0.6,2022-23,Regular Season,6+ Feet - Wide Open
203490,Otto Porter Jr.,1610612761,TOR,30.0,8,7,0.4,6,12,0.5,0.75,0.0,0,0,,0.4,6,12,0.5,2022-23,Regular Season,6+ Feet - Wide Open
1631160,Jordan Hall,1610612759,SAS,21.0,9,6,0.429,4,12,0.333,0.375,0.143,3,4,0.75,0.286,1,8,0.125,2022-23,Regular Season,6+ Feet - Wide Open
1630215,Jared Butler,1610612760,OKC,22.0,6,4,0.344,6,11,0.545,0.818,0.0,0,0,,0.344,6,11,0.545,2022-23,Regular Season,6+ Feet - Wide Open
201586,Serge Ibaka,1610612749,MIL,33.0,16,9,0.204,5,11,0.455,0.682,0.019,0,1,0.0,0.185,5,10,0.5,2022-23,Regular Season,6+ Feet - Wide Open
1631111,Wendell Moore Jr.,1610612750,MIN,21.0,28,8,0.256,3,11,0.273,0.364,0.023,1,1,1.0,0.233,2,10,0.2,2022-23,Regular Season,6+ Feet - Wide Open
1629655,Daniel Gafford,1610612764,WAS,24.0,78,10,0.025,8,10,0.8,0.8,0.025,8,10,0.8,0.0,0,0,,2022-23,Regular Season,6+ Feet - Wide Open
203083,Andre Drummond,1610612741,CHI,29.0,67,10,0.036,8,10,0.8,0.8,0.029,8,8,1.0,0.007,0,2,0.0,2022-23,Regular Season,6+ Feet - Wide Open
1631230,Dominick Barlow,1610612759,SAS,20.0,26,7,0.132,5,10,0.5,0.5,0.105,5,8,0.625,0.026,0,2,0.0,2022-23,Regular Season,6+ Feet - Wide Open
1631157,Ryan Rollins,1610612744,GSW,20.0,12,5,0.5,5,10,0.5,0.65,0.1,2,2,1.0,0.4,3,8,0.375,2022-23,Regular Season,6+ Feet - Wide Open
1631212,Peyton Watson,1610612743,DEN,20.0,23,8,0.169,4,10,0.4,0.5,0.051,2,3,0.667,0.119,2,7,0.286,2022-23,Regular Season,6+ Feet - Wide Open
202397,Ish Smith,1610612743,DEN,34.0,43,9,0.076,3,10,0.3,0.4,0.046,1,6,0.167,0.031,2,4,0.5,2022-23,Regular Season,6+ Feet - Wide Open
1630249,Vít Krejčí,1610612737,ATL,23.0,29,9,0.27,3,10,0.3,0.4,0.027,1,1,1.0,0.243,2,9,0.222,2022-23,Regular Season,6+ Feet - Wide Open
201949,James Johnson,1610612754,IND,36.0,18,7,0.204,2,10,0.2,0.3,0.02,0,1,0.0,0.184,2,9,0.222,2022-23,Regular Season,6+ Feet - Wide Open
1629011,Mitchell Robinson,1610612752,NYK,25.0,59,9,0.032,9,9,1.0,1.0,0.032,9,9,1.0,0.0,0,0,,2022-23,Regular Season,6+ Feet - Wide Open
1626149,Montrezl Harrell,1610612755,PHI,29.0,57,9,0.043,7,9,0.778,0.778,0.033,7,7,1.0,0.01,0,2,0.0,2022-23,Regular Season,6+ Feet - Wide Open
1628998,Cody Martin,1610612766,CHA,27.0,7,4,0.25,5,9,0.556,0.667,0.083,3,3,1.0,0.167,2,6,0.333,2022-23,Regular Season,6+ Feet - Wide Open
1631165,Keon Ellis,1610612758,SAC,23.0,16,6,0.563,4,9,0.444,0.667,0.0,0,0,,0.563,4,9,0.444,2022-23,Regular Season,6+ Feet - Wide Open
1630219,Skylar Mays,1610612757,POR,25.0,5,5,0.148,2,9,0.222,0.278,0.049,1,3,0.333,0.098,1,6,0.167,2022-23,Regular Season,6+ Feet - Wide Open
1630535,Greg Brown III,1610612757,POR,21.0,16,6,0.321,2,9,0.222,0.278,0.107,1,3,0.333,0.214,1,6,0.167,2022-23,Regular Season,6+ Feet - Wide Open
1631245,Quenton Jackson,1610612764,WAS,24.0,9,6,0.214,2,9,0.222,0.278,0.071,1,3,0.333,0.143,1,6,0.167,2022-23,Regular Season,6+ Feet - Wide Open
1631115,Orlando Robinson,1610612748,MIA,22.0,31,7,0.101,1,9,0.111,0.111,0.045,1,4,0.25,0.056,0,5,0.0,2022-23,Regular Season,6+ Feet - Wide Open
1630208,Nick Richards,1610612766,CHA,25.0,65,8,0.026,8,8,1.0,1.063,0.023,7,7,1.0,0.003,1,1,1.0,2022-23,Regular Season,6+ Feet - Wide Open
1631109,Mark Williams,1610612766,CHA,21.0,43,7,0.032,5,8,0.625,0.625,0.032,5,8,0.625,0.0,0,0,,2022-23,Regular Season,6+ Feet - Wide Open
202689,Kemba Walker,1610612742,DAL,33.0,9,5,0.14,3,8,0.375,0.5,0.018,1,1,1.0,0.123,2,7,0.286,2022-23,Regular Season,6+ Feet - Wide Open
1631197,Jared Rhoden,1610612765,DET,23.0,14,5,0.182,3,8,0.375,0.563,0.0,0,0,,0.182,3,8,0.375,2022-23,Regular Season,6+ Feet - Wide Open
1631120,JD Davison,1610612738,BOS,20.0,12,5,0.421,2,8,0.25,0.375,0.053,0,1,0.0,0.368,2,7,0.286,2022-23,Regular Season,6+ Feet - Wide Open
1630644,Mac McClung,1610612755,PHI,24.0,2,2,0.4,2,8,0.25,0.375,0.05,0,1,0.0,0.35,2,7,0.286,2022-23,Regular Season,6+ Feet - Wide Open
1630846,Olivier Sarr,1610612760,OKC,24.0,9,6,0.267,1,8,0.125,0.188,0.0,0,0,,0.267,1,8,0.125,2022-23,Regular Season,6+ Feet - Wide Open
1630243,Trevelin Queen,1610612755,PHI,26.0,7,4,0.276,1,8,0.125,0.188,0.034,0,1,0.0,0.241,1,7,0.143,2022-23,Regular Season,6+ Feet - Wide Open
1627732,Ben Simmons,1610612751,BKN,26.0,42,7,0.03,6,7,0.857,0.857,0.03,6,7,0.857,0.0,0,0,,2022-23,Regular Season,6+ Feet - Wide Open
1629057,Robert Williams III,1610612738,BOS,25.0,35,7,0.041,5,7,0.714,0.714,0.041,5,7,0.714,0.0,0,0,,2022-23,Regular Season,6+ Feet - Wide Open
201577,Robin Lopez,1610612739,CLE,35.0,37,6,0.093,4,7,0.571,0.714,0.04,2,3,0.667,0.053,2,4,0.5,2022-23,Regular Season,6+ Feet - Wide Open
1630579,Jericho Sims,1610612752,NYK,24.0,52,6,0.065,4,7,0.571,0.571,0.056,4,6,0.667,0.009,0,1,0.0,2022-23,Regular Season,6+ Feet - Wide Open
1629623,Lindell Wigginton,1610612749,MIL,25.0,7,4,0.189,3,7,0.429,0.643,0.0,0,0,,0.189,3,7,0.429,2022-23,Regular Season,6+ Feet - Wide Open
203457,Nerlens Noel,1610612751,BKN,29.0,17,4,0.194,3,7,0.429,0.5,0.139,2,5,0.4,0.056,1,2,0.5,2022-23,Regular Season,6+ Feet - Wide Open
1631298,Jack White,1610612743,DEN,25.0,17,6,0.368,2,7,0.286,0.429,0.0,0,0,,0.368,2,7,0.286,2022-23,Regular Season,6+ Feet - Wide Open
1630267,Facundo Campazzo,1610612742,DAL,32.0,8,3,0.538,1,7,0.143,0.214,0.0,0,0,,0.538,1,7,0.143,2022-23,Regular Season,6+ Feet - Wide Open
1630225,Isaiah Todd,1610612764,WAS,21.0,6,1,0.389,1,7,0.143,0.214,0.056,0,1,0.0,0.333,1,6,0.167,2022-23,Regular Season,6+ Feet - Wide Open
1628408,PJ Dozier,1610612758,SAC,26.0,16,5,0.212,1,7,0.143,0.143,0.03,1,1,1.0,0.182,0,6,0.0,2022-23,Regular Season,6+ Feet - Wide Open
201599,DeAndre Jordan,1610612743,DEN,34.0,39,5,0.052,6,6,1.0,1.083,0.043,5,5,1.0,0.009,1,1,1.0,2022-23,Regular Season,6+ Feet - Wide Open
1630241,Sam Merrill,1610612739,CLE,27.0,5,2,0.273,4,6,0.667,1.0,0.0,0,0,,0.273,4,6,0.667,2022-23,Regular Season,6+ Feet - Wide Open
1631466,Nate Williams,1610612757,POR,24.0,4,3,0.207,3,6,0.5,0.667,0.034,1,1,1.0,0.172,2,5,0.4,2022-23,Regular Season,6+ Feet - Wide Open
1628371,Jonathan Isaac,1610612753,ORL,25.0,11,5,0.113,3,6,0.5,0.75,0.019,0,1,0.0,0.094,3,5,0.6,2022-23,Regular Season,6+ Feet - Wide Open
203500,Steven Adams,1610612763,MEM,29.0,42,6,0.023,3,6,0.5,0.5,0.019,3,5,0.6,0.004,0,1,0.0,2022-23,Regular Season,6+ Feet - Wide Open
1630600,Isaiah Mobley,1610612739,CLE,23.0,12,2,0.214,3,6,0.5,0.667,0.036,1,1,1.0,0.179,2,5,0.4,2022-23,Regular Season,6+ Feet - Wide Open
1628981,Bruno Fernando,1610612737,ATL,24.0,39,5,0.054,3,6,0.5,0.5,0.027,3,3,1.0,0.027,0,3,0.0,2022-23,Regular Season,6+ Feet - Wide Open
1630637,Carlik Jones,1610612741,CHI,25.0,6,3,0.429,3,6,0.5,0.667,0.071,1,1,1.0,0.357,2,5,0.4,2022-23,Regular Season,6+ Feet - Wide Open
1630209,Omer Yurtseven,1610612748,MIA,25.0,9,3,0.222,3,6,0.5,0.75,0.0,0,0,,0.222,3,6,0.5,2022-23,Regular Season,6+ Feet - Wide Open
1631199,Ron Harper Jr.,1610612761,TOR,23.0,9,5,0.375,2,6,0.333,0.5,0.0,0,0,,0.375,2,6,0.333,2022-23,Regular Season,6+ Feet - Wide Open
1631303,Justin Minaya,1610612757,POR,24.0,3,2,0.4,2,6,0.333,0.5,0.067,0,1,0.0,0.333,2,5,0.4,2022-23,Regular Season,6+ Feet - Wide Open
1628221,Gabe York,1610612754,IND,29.0,3,3,0.286,1,6,0.167,0.25,0.0,0,0,,0.286,1,6,0.167,2022-23,Regular Season,6+ Feet - Wide Open
203648,Thanasis Antetokounmpo,1610612749,MIL,30.0,37,4,0.13,1,6,0.167,0.167,0.022,1,1,1.0,0.109,0,5,0.0,2022-23,Regular Season,6+ Feet - Wide Open
1631213,Tyrese Martin,1610612737,ATL,24.0,16,3,0.261,1,6,0.167,0.167,0.087,1,2,0.5,0.174,0,4,0.0,2022-23,Regular Season,6+ Feet - Wide Open
1630195,Leandro Bolmaro,1610612762,UTA,22.0,14,5,0.316,0,6,0.0,0.0,0.105,0,2,0.0,0.211,0,4,0.0,2022-23,Regular Season,6+ Feet - Wide Open
2738,Andre Iguodala,1610612744,GSW,39.0,7,3,0.5,0,6,0.0,0.0,0.0,0,0,,0.5,0,6,0.0,2022-23,Regular Season,6+ Feet - Wide Open
1629714,Jarrell Brantley,1610612762,UTA,27.0,4,3,0.357,3,5,0.6,0.8,0.071,1,1,1.0,0.286,2,4,0.5,2022-23,Regular Season,6+ Feet - Wide Open
1630235,Trent Forrest,1610612737,ATL,25.0,23,3,0.083,3,5,0.6,0.6,0.05,3,3,1.0,0.033,0,2,0.0,2022-23,Regular Season,6+ Feet - Wide Open
1631169,Josh Minott,1610612750,MIN,20.0,14,4,0.147,2,5,0.4,0.5,0.029,1,1,1.0,0.118,1,4,0.25,2022-23,Regular Season,6+ Feet - Wide Open
1630564,RaiQuan Gray,1610612751,BKN,23.0,1,1,0.417,2,5,0.4,0.5,0.083,1,1,1.0,0.333,1,4,0.25,2022-23,Regular Season,6+ Feet - Wide Open
201580,JaVale McGee,1610612742,DAL,35.0,42,4,0.04,2,5,0.4,0.6,0.008,0,1,0.0,0.032,2,4,0.5,2022-23,Regular Season,6+ Feet - Wide Open
1631309,Trevor Hudgins,1610612745,HOU,24.0,5,1,0.556,1,5,0.2,0.3,0.0,0,0,,0.556,1,5,0.2,2022-23,Regular Season,6+ Feet - Wide Open
1628396,Tony Bradley,1610612741,CHI,25.0,11,4,0.364,3,4,0.75,1.125,0.0,0,0,,0.364,3,4,0.75,2022-23,Regular Season,6+ Feet - Wide Open
1631217,Moussa Diabate,1610612746,LAC,21.0,22,2,0.085,3,4,0.75,0.875,0.043,2,2,1.0,0.043,1,2,0.5,2022-23,Regular Season,6+ Feet - Wide Open
1630531,Jaden Springer,1610612755,PHI,20.0,16,3,0.114,2,4,0.5,0.75,0.0,0,0,,0.114,2,4,0.5,2022-23,Regular Season,6+ Feet - Wide Open
2617,Udonis Haslem,1610612748,MIA,43.0,7,3,0.138,1,4,0.25,0.375,0.0,0,0,,0.138,1,4,0.25,2022-23,Regular Season,6+ Feet - Wide Open
1630620,Darius Days,1610612745,HOU,23.0,4,2,0.333,1,4,0.25,0.375,0.0,0,0,,0.333,1,4,0.25,2022-23,Regular Season,6+ Feet - Wide Open
1630563,Joshua Primo,1610612759,SAS,20.0,4,3,0.154,1,4,0.25,0.375,0.0,0,0,,0.154,1,4,0.25,2022-23,Regular Season,6+ Feet - Wide Open
1631123,Jamaree Bouyea,1610612748,MIA,24.0,5,2,0.286,1,4,0.25,0.375,0.0,0,0,,0.286,1,4,0.25,2022-23,Regular Season,6+ Feet - Wide Open
203458,Alex Len,1610612758,SAC,30.0,26,4,0.133,0,4,0.0,0.0,0.067,0,2,0.0,0.067,0,2,0.0,2022-23,Regular Season,6+ Feet - Wide Open
1630792,Malcolm Hill,1610612741,CHI,27.0,4,1,0.75,2,3,0.667,0.833,0.25,1,1,1.0,0.5,1,2,0.5,2022-23,Regular Season,6+ Feet - Wide Open
1629650,Moses Brown,1610612746,LAC,23.0,36,3,0.031,2,3,0.667,0.667,0.031,2,3,0.667,0.0,0,0,,2022-23,Regular Season,6+ Feet - Wide Open
1630695,Micah Potter,1610612762,UTA,25.0,7,3,0.2,2,3,0.667,1.0,0.0,0,0,,0.2,2,3,0.667,2022-23,Regular Season,6+ Feet - Wide Open
1630551,Justin Champagnie,1610612738,BOS,22.0,5,2,0.2,2,3,0.667,0.833,0.067,1,1,1.0,0.133,1,2,0.5,2022-23,Regular Season,6+ Feet - Wide Open
1628416,Tyler Dorsey,1610612742,DAL,27.0,3,2,0.6,2,3,0.667,0.833,0.2,1,1,1.0,0.4,1,2,0.5,2022-23,Regular Season,6+ Feet - Wide Open
1631311,Lester Quinones,1610612744,GSW,22.0,4,2,0.6,2,3,0.667,1.0,0.0,0,0,,0.6,2,3,0.667,2022-23,Regular Season,6+ Feet - Wide Open
203920,Khem Birch,1610612759,SAS,30.0,20,3,0.094,1,3,0.333,0.5,0.031,0,1,0.0,0.063,1,2,0.5,2022-23,Regular Season,6+ Feet - Wide Open
1631367,Jacob Gilyard,1610612763,MEM,24.0,1,1,1.0,1,3,0.333,0.5,0.0,0,0,,1.0,1,3,0.333,2022-23,Regular Season,6+ Feet - Wide Open
203487,Michael Carter-Williams,1610612753,ORL,31.0,4,2,0.214,1,3,0.333,0.5,0.0,0,0,,0.214,1,3,0.333,2022-23,Regular Season,6+ Feet - Wide Open
1628424,Kobi Simmons,1610612766,CHA,25.0,5,3,0.5,0,3,0.0,0.0,0.0,0,0,,0.5,0,3,0.0,2022-23,Regular Season,6+ Feet - Wide Open
1629653,Devon Dotson,1610612764,WAS,23.0,6,3,0.333,0,3,0.0,0.0,0.222,0,2,0.0,0.111,0,1,0.0,2022-23,Regular Season,6+ Feet - Wide Open
203469,Cody Zeller,1610612748,MIA,30.0,15,3,0.051,0,3,0.0,0.0,0.017,0,1,0.0,0.034,0,2,0.0,2022-23,Regular Season,6+ Feet - Wide Open
1629662,Mfiondu Kabengele,1610612738,BOS,25.0,4,2,0.429,0,3,0.0,0.0,0.0,0,0,,0.429,0,3,0.0,2022-23,Regular Season,6+ Feet - Wide Open
1630580,Joe Wieskamp,1610612761,TOR,23.0,9,2,0.214,0,3,0.0,0.0,0.0,0,0,,0.214,0,3,0.0,2022-23,Regular Season,6+ Feet - Wide Open
202687,Bismack Biyombo,1610612756,PHX,30.0,61,2,0.01,2,2,1.0,1.0,0.01,2,2,1.0,0.0,0,0,,2022-23,Regular Season,6+ Feet - Wide Open
1641645,Xavier Cooks,1610612764,WAS,27.0,10,2,0.071,1,2,0.5,0.5,0.036,1,1,1.0,0.036,0,1,0.0,2022-23,Regular Season,6+ Feet - Wide Open
1631112,Kendall Brown,1610612754,IND,20.0,6,2,0.286,1,2,0.5,0.5,0.143,1,1,1.0,0.143,0,1,0.0,2022-23,Regular Season,6+ Feet - Wide Open
203943,Noah Vonleh,1610612738,BOS,27.0,23,2,0.083,1,2,0.5,0.75,0.0,0,0,,0.083,1,2,0.5,2022-23,Regular Season,6+ Feet - Wide Open
1629663,Louis King,1610612755,PHI,24.0,1,1,0.154,1,2,0.5,0.75,0.0,0,0,,0.154,1,2,0.5,2022-23,Regular Season,6+ Feet - Wide Open
1630270,Xavier Sneed,1610612766,CHA,25.0,4,2,0.2,1,2,0.5,0.75,0.0,0,0,,0.2,1,2,0.5,2022-23,Regular Season,6+ Feet - Wide Open
1630590,Scotty Pippen Jr.,1610612747,LAL,22.0,6,2,0.167,1,2,0.5,0.75,0.0,0,0,,0.167,1,2,0.5,2022-23,Regular Season,6+ Feet - Wide Open
1626246,Boban Marjanovic,1610612745,HOU,34.0,31,2,0.033,1,2,0.5,0.5,0.017,1,1,1.0,0.017,0,1,0.0,2022-23,Regular Season,6+ Feet - Wide Open
1627885,Shaquille Harrison,1610612747,LAL,29.0,4,2,0.071,0,2,0.0,0.0,0.036,0,1,0.0,0.036,0,1,0.0,2022-23,Regular Season,6+ Feet - Wide Open
1630250,Marko Simonovic,1610612741,CHI,23.0,6,2,0.286,0,2,0.0,0.0,0.0,0,0,,0.286,0,2,0.0,2022-23,Regular Season,6+ Feet - Wide Open
1628435,Chance Comanche,1610612757,POR,27.0,1,1,0.2,1,1,1.0,1.0,0.2,1,1,1.0,0.0,0,0,,2022-23,Regular Season,6+ Feet - Wide Open
1631320,Chima Moneke,1610612758,SAC,27.0,2,1,0.5,1,1,1.0,1.0,0.5,1,1,1.0,0.0,0,0,,2022-23,Regular Season,6+ Feet - Wide Open
1629685,Dylan Windler,1610612739,CLE,26.0,3,1,0.333,1,1,1.0,1.5,0.0,0,0,,0.333,1,1,1.0,2022-23,Regular Season,6+ Feet - Wide Open
1630648,Jordan Schakel,1610612764,WAS,25.0,2,1,0.5,1,1,1.0,1.5,0.0,0,0,,0.5,1,1,1.0,2022-23,Regular Season,6+ Feet - Wide Open
1630206,Jay Scrubb,1610612753,ORL,22.0,2,1,0.143,1,1,1.0,1.5,0.0,0,0,,0.143,1,1,1.0,2022-23,Regular Season,6+ Feet - Wide Open
1630296,Braxton Key,1610612765,DET,26.0,3,1,1.0,1,1,1.0,1.0,1.0,1,1,1.0,0.0,0,0,,2022-23,Regular Season,6+ Feet - Wide Open
1628402,Frank Jackson,1610612756,PHX,25.0,1,1,0.333,0,1,0.0,0.0,0.0,0,0,,0.333,0,1,0.0,2022-23,Regular Season,6+ Feet - Wide Open
1628993,Alize Johnson,1610612759,SAS,27.0,4,1,0.167,0,1,0.0,0.0,0.0,0,0,,0.167,0,1,0.0,2022-23,Regular Season,6+ Feet - Wide Open
1629875,Xavier Moon,1610612746,LAC,28.0,4,1,0.111,0,1,0.0,0.0,0.0,0,0,,0.111,0,1,0.0,2022-23,Regular Season,6+ Feet - Wide Open
1630176,Vernon Carey Jr.,1610612762,UTA,22.0,11,1,0.125,0,1,0.0,0.0,0.125,0,1,0.0,0.0,0,0,,2022-23,Regular Season,6+ Feet - Wide Open
1630649,Stanley Umude,1610612765,DET,24.0,1,1,1.0,0,1,0.0,0.0,0.0,0,0,,1.0,0,1,0.0,2022-23,Regular Season,6+ Feet - Wide Open
1631211,Trevor Keels,1610612752,NYK,19.0,3,1,0.25,0,1,0.0,0.0,0.0,0,0,,0.25,0,1,0.0,2022-23,Regular Season,6+ Feet - Wide Open
1631495,Donovan Williams,1610612737,ATL,21.0,2,1,0.2,0,1,0.0,0.0,0.0,0,0,,0.2,0,1,0.0,2022-23,Regular Season,6+ Feet - Wide Open
1629126,Deonte Burton,1610612758,SAC,29.0,2,1,0.5,0,1,0.0,0.0,0.0,0,0,,0.5,0,1,0.0,2022-23,Regular Season,6+ Feet - Wide Open
1628425,Sterling Brown,1610612747,LAL,28.0,4,1,0.25,0,1,0.0,0.0,0.0,0,0,,0.25,0,1,0.0,2022-23,Regular Season,6+ Feet - Wide Open
