PLAYER_ID,PLAYER_NAME,PLAYER_LAST_TEAM_ID,PLAYER_LAST_TEAM_ABBREVIATION,AGE,GP,G,FGA_FREQUENCY,FGM,FGA,FG_PCT,EFG_PCT,FG2A_FREQUENCY,FG2M,FG2A,FG2_PCT,FG3A_FREQUENCY,FG3M,FG3A,FG3_PCT,SEASON,SEASON_TYPE,RANGE_LABEL
1628369,Jayson Tatum,1610612738,BOS,25.0,74,74,1.0,727,1559,0.466,0.543,0.56,487,873,0.558,0.44,240,686,0.35,2022-23,Regular Season,Overall
1630162,Anthony Edwards,1610612750,MIN,21.0,78,78,1.0,694,1517,0.457,0.526,0.624,485,947,0.512,0.376,209,570,0.367,2022-23,Regular Season,Overall
1629029,Luka Dončić,1610612742,DAL,24.0,66,66,1.0,719,1449,0.496,0.56,0.627,534,908,0.588,0.373,185,541,0.342,2022-23,Regular Season,Overall
203944,Julius Randle,1610612752,NYK,28.0,77,77,1.0,658,1431,0.46,0.536,0.556,440,795,0.553,0.444,218,636,0.343,2022-23,Regular Season,Overall
1628378,Donovan Mitchell,1610612739,CLE,26.0,68,68,1.0,679,1402,0.484,0.572,0.547,434,767,0.566,0.453,245,635,0.386,2022-23,Regular Season,Overall
1629027,Trae Young,1610612737,ATL,24.0,73,73,1.0,597,1390,0.429,0.485,0.669,443,930,0.476,0.331,154,460,0.335,2022-23,Regular Season,Overall
1627759,Jaylen Brown,1610612738,BOS,26.0,67,67,1.0,679,1383,0.491,0.55,0.648,516,896,0.576,0.352,163,487,0.335,2022-23,Regular Season,Overall
1628983,Shai Gilgeous-Alexander,1610612760,OKC,24.0,68,68,1.0,704,1381,0.51,0.531,0.878,646,1213,0.533,0.122,58,168,0.345,2022-23,Regular Season,Overall
203897,Zach LaVine,1610612741,CHI,28.0,76,76,1.0,663,1368,0.485,0.558,0.607,461,830,0.555,0.393,202,538,0.375,2022-23,Regular Season,Overall
1630224,Jalen Green,1610612745,HOU,21.0,76,76,1.0,566,1357,0.417,0.486,0.592,379,804,0.471,0.408,187,553,0.338,2022-23,Regular Season,Overall
203468,CJ McCollum,1610612740,NOP,31.0,75,75,1.0,587,1342,0.437,0.516,0.596,376,800,0.47,0.404,211,542,0.389,2022-23,Regular Season,Overall
1628368,De'Aaron Fox,1610612758,SAC,25.0,73,73,1.0,682,1331,0.512,0.557,0.724,563,964,0.584,0.276,119,367,0.324,2022-23,Regular Season,Overall
203954,Joel Embiid,1610612755,PHI,29.0,66,66,1.0,728,1328,0.548,0.573,0.849,662,1128,0.587,0.151,66,200,0.33,2022-23,Regular Season,Overall
1627749,Dejounte Murray,1610612737,ATL,26.0,74,73,1.0,612,1319,0.464,0.514,0.707,479,932,0.514,0.293,133,387,0.344,2022-23,Regular Season,Overall
1627783,Pascal Siakam,1610612761,TOR,29.0,71,71,1.0,630,1313,0.48,0.515,0.781,537,1026,0.523,0.219,93,287,0.324,2022-23,Regular Season,Overall
201942,DeMar DeRozan,1610612741,CHI,33.0,73,73,1.0,648,1285,0.504,0.522,0.89,602,1144,0.526,0.11,46,141,0.326,2022-23,Regular Season,Overall
203507,Giannis Antetokounmpo,1610612749,MIL,28.0,63,63,1.0,707,1279,0.553,0.571,0.866,660,1108,0.596,0.134,47,171,0.275,2022-23,Regular Season,Overall
1628969,Mikal Bridges,1610612751,BKN,26.0,83,82,1.0,593,1267,0.468,0.535,0.651,424,825,0.514,0.349,169,442,0.382,2022-23,Regular Season,Overall
1629673,Jordan Poole,1610612744,GSW,24.0,81,81,1.0,542,1262,0.429,0.513,0.5,330,631,0.523,0.5,212,631,0.336,2022-23,Regular Season,Overall
202691,Klay Thompson,1610612744,GSW,33.0,68,68,1.0,539,1242,0.434,0.554,0.414,240,514,0.467,0.586,299,728,0.411,2022-23,Regular Season,Overall
2544,LeBron James,1610612747,LAL,38.0,55,55,1.0,609,1217,0.5,0.55,0.69,488,840,0.581,0.31,121,377,0.321,2022-23,Regular Season,Overall
1629630,Ja Morant,1610612763,MEM,23.0,61,61,1.0,566,1214,0.466,0.504,0.753,474,914,0.519,0.247,92,300,0.307,2022-23,Regular Season,Overall
202681,Kyrie Irving,1610612742,DAL,31.0,60,60,1.0,594,1203,0.494,0.572,0.588,406,707,0.574,0.412,188,496,0.379,2022-23,Regular Season,Overall
203081,Damian Lillard,1610612757,POR,32.0,58,58,1.0,556,1202,0.463,0.564,0.453,312,544,0.574,0.547,244,658,0.371,2022-23,Regular Season,Overall
1628973,Jalen Brunson,1610612752,NYK,26.0,68,68,1.0,587,1195,0.491,0.547,0.731,453,873,0.519,0.269,134,322,0.416,2022-23,Regular Season,Overall
1626179,Terry Rozier,1610612766,CHA,29.0,63,63,1.0,491,1179,0.416,0.486,0.577,328,680,0.482,0.423,163,499,0.327,2022-23,Regular Season,Overall
1629628,RJ Barrett,1610612752,NYK,23.0,73,73,1.0,510,1176,0.434,0.485,0.668,389,786,0.495,0.332,121,390,0.31,2022-23,Regular Season,Overall
1628374,Lauri Markkanen,1610612762,UTA,26.0,66,66,1.0,571,1145,0.499,0.586,0.554,371,634,0.585,0.446,200,511,0.391,2022-23,Regular Season,Overall
1628398,Kyle Kuzma,1610612764,WAS,27.0,64,64,1.0,512,1142,0.448,0.518,0.579,352,661,0.533,0.421,160,481,0.333,2022-23,Regular Season,Overall
1629636,Darius Garland,1610612739,CLE,23.0,69,69,1.0,522,1129,0.462,0.537,0.635,353,717,0.492,0.365,169,412,0.41,2022-23,Regular Season,Overall
202696,Nikola Vučević,1610612741,CHI,32.0,81,81,1.0,588,1127,0.522,0.575,0.697,467,785,0.595,0.303,121,342,0.354,2022-23,Regular Season,Overall
1631094,Paolo Banchero,1610612753,ORL,20.0,72,72,1.0,479,1122,0.427,0.465,0.746,394,837,0.471,0.254,85,285,0.298,2022-23,Regular Season,Overall
201939,Stephen Curry,1610612744,GSW,35.0,55,55,1.0,553,1121,0.493,0.614,0.436,282,489,0.577,0.564,271,632,0.429,2022-23,Regular Season,Overall
1630581,Josh Giddey,1610612760,OKC,20.0,76,76,1.0,539,1118,0.482,0.516,0.791,463,884,0.524,0.209,76,234,0.325,2022-23,Regular Season,Overall
1630532,Franz Wagner,1610612753,ORL,21.0,80,80,1.0,542,1117,0.485,0.543,0.678,412,757,0.544,0.322,130,360,0.361,2022-23,Regular Season,Overall
1628389,Bam Adebayo,1610612748,MIA,25.0,75,75,1.0,602,1114,0.54,0.541,0.989,601,1102,0.545,0.011,1,12,0.083,2022-23,Regular Season,Overall
1627832,Fred VanVleet,1610612761,TOR,29.0,69,69,1.0,437,1112,0.393,0.486,0.455,230,506,0.455,0.545,207,606,0.342,2022-23,Regular Season,Overall
1629639,Tyler Herro,1610612748,MIA,23.0,67,67,1.0,487,1109,0.439,0.531,0.516,284,572,0.497,0.484,203,537,0.378,2022-23,Regular Season,Overall
1629640,Keldon Johnson,1610612759,SAS,23.0,61,61,1.0,488,1078,0.453,0.514,0.632,356,681,0.523,0.368,132,397,0.332,2022-23,Regular Season,Overall
1626164,Devin Booker,1610612756,PHX,26.0,53,53,1.0,527,1067,0.494,0.546,0.704,416,751,0.554,0.296,111,316,0.351,2022-23,Regular Season,Overall
203915,Spencer Dinwiddie,1610612751,BKN,30.0,79,79,1.0,460,1050,0.438,0.524,0.533,279,560,0.498,0.467,181,490,0.369,2022-23,Regular Season,Overall
1629014,Anfernee Simons,1610612757,POR,24.0,62,62,1.0,467,1045,0.447,0.548,0.462,255,483,0.528,0.538,212,562,0.377,2022-23,Regular Season,Overall
1627750,Jamal Murray,1610612743,DEN,26.0,65,65,1.0,473,1041,0.454,0.537,0.585,301,609,0.494,0.415,172,432,0.398,2022-23,Regular Season,Overall
1627741,Buddy Hield,1610612754,IND,30.0,80,80,1.0,475,1038,0.458,0.596,0.348,187,361,0.518,0.652,288,677,0.425,2022-23,Regular Season,Overall
203903,Jordan Clarkson,1610612762,UTA,31.0,61,61,1.0,458,1030,0.445,0.52,0.555,303,572,0.53,0.445,155,458,0.338,2022-23,Regular Season,Overall
201950,Jrue Holiday,1610612749,MIL,33.0,67,67,1.0,490,1023,0.479,0.556,0.598,332,612,0.542,0.402,158,411,0.384,2022-23,Regular Season,Overall
203999,Nikola Jokić,1610612743,DEN,28.0,69,69,1.0,646,1022,0.632,0.66,0.854,589,873,0.675,0.146,57,149,0.383,2022-23,Regular Season,Overall
204001,Kristaps Porziņģis,1610612764,WAS,27.0,65,65,1.0,507,1018,0.498,0.565,0.65,370,662,0.559,0.35,137,356,0.385,2022-23,Regular Season,Overall
1630567,Scottie Barnes,1610612761,TOR,21.0,77,77,1.0,463,1016,0.456,0.487,0.78,400,792,0.505,0.22,63,224,0.281,2022-23,Regular Season,Overall
202331,Paul George,1610612746,LAC,33.0,56,56,1.0,459,1004,0.457,0.536,0.576,301,578,0.521,0.424,158,426,0.371,2022-23,Regular Season,Overall
1628415,Dillon Brooks,1610612763,MEM,27.0,73,73,1.0,392,990,0.396,0.468,0.557,249,551,0.452,0.443,143,439,0.326,2022-23,Regular Season,Overall
201566,Russell Westbrook,1610612746,LAC,34.0,73,73,1.0,430,987,0.436,0.481,0.71,341,701,0.486,0.29,89,286,0.311,2022-23,Regular Season,Overall
1629023,P.J. Washington,1610612766,CHA,24.0,73,73,1.0,431,974,0.443,0.518,0.564,284,549,0.517,0.436,147,425,0.346,2022-23,Regular Season,Overall
1631093,Jaden Ivey,1610612765,DET,21.0,73,73,1.0,401,966,0.415,0.477,0.644,282,622,0.453,0.356,119,344,0.346,2022-23,Regular Season,Overall
203076,Anthony Davis,1610612747,LAL,30.0,56,55,1.0,540,959,0.563,0.573,0.924,521,886,0.588,0.076,19,73,0.26,2022-23,Regular Season,Overall
1631097,Bennedict Mathurin,1610612754,IND,21.0,78,78,1.0,413,951,0.434,0.487,0.674,313,641,0.488,0.326,100,310,0.323,2022-23,Regular Season,Overall
1630596,Evan Mobley,1610612739,CLE,22.0,79,79,1.0,525,948,0.554,0.565,0.892,503,846,0.595,0.108,22,102,0.216,2022-23,Regular Season,Overall
1626156,D'Angelo Russell,1610612747,LAL,27.0,71,71,1.0,445,947,0.47,0.572,0.484,251,458,0.548,0.516,194,489,0.397,2022-23,Regular Season,Overall
1627734,Domantas Sabonis,1610612758,SAC,27.0,79,79,1.0,577,939,0.614,0.631,0.912,546,856,0.638,0.088,31,83,0.373,2022-23,Regular Season,Overall
1630217,Desmond Bane,1610612763,MEM,25.0,58,58,1.0,449,938,0.479,0.567,0.567,284,532,0.534,0.433,165,406,0.406,2022-23,Regular Season,Overall
1627736,Malik Beasley,1610612747,LAL,26.0,81,81,1.0,370,937,0.395,0.52,0.298,135,279,0.484,0.702,235,658,0.357,2022-23,Regular Season,Overall
1630193,Immanuel Quickley,1610612752,NYK,24.0,81,81,1.0,419,936,0.448,0.537,0.515,251,482,0.521,0.485,168,454,0.37,2022-23,Regular Season,Overall
1629018,Gary Trent Jr.,1610612761,TOR,24.0,66,66,1.0,405,935,0.433,0.522,0.519,239,485,0.493,0.481,166,450,0.369,2022-23,Regular Season,Overall
1630178,Tyrese Maxey,1610612755,PHI,22.0,60,60,1.0,439,913,0.481,0.568,0.595,279,543,0.514,0.405,160,370,0.432,2022-23,Regular Season,Overall
203924,Jerami Grant,1610612757,POR,29.0,63,63,1.0,434,913,0.475,0.554,0.607,290,554,0.523,0.393,144,359,0.401,2022-23,Regular Season,Overall
201572,Brook Lopez,1610612749,MIL,35.0,78,78,1.0,477,899,0.531,0.606,0.595,341,535,0.637,0.405,136,364,0.374,2022-23,Regular Season,Overall
1631095,Jabari Smith Jr.,1610612745,HOU,20.0,79,79,1.0,364,892,0.408,0.475,0.562,244,501,0.487,0.438,120,391,0.307,2022-23,Regular Season,Overall
202710,Jimmy Butler III,1610612748,MIA,33.0,64,64,1.0,479,888,0.539,0.56,0.884,443,785,0.564,0.116,36,103,0.35,2022-23,Regular Season,Overall
1629028,Deandre Ayton,1610612756,PHX,24.0,67,67,1.0,522,887,0.589,0.592,0.973,515,863,0.597,0.027,7,24,0.292,2022-23,Regular Season,Overall
1628384,OG Anunoby,1610612761,TOR,25.0,67,67,1.0,421,885,0.476,0.556,0.585,279,518,0.539,0.415,142,367,0.387,2022-23,Regular Season,Overall
1629645,Kevin Porter Jr.,1610612745,HOU,23.0,59,59,1.0,391,884,0.442,0.522,0.564,250,499,0.501,0.436,141,385,0.366,2022-23,Regular Season,Overall
203078,Bradley Beal,1610612764,WAS,30.0,50,50,1.0,444,877,0.506,0.552,0.75,364,658,0.553,0.25,80,219,0.365,2022-23,Regular Season,Overall
1629652,Luguentz Dort,1610612760,OKC,24.0,74,74,1.0,339,873,0.388,0.466,0.532,204,464,0.44,0.468,135,409,0.33,2022-23,Regular Season,Overall
202695,Kawhi Leonard,1610612746,LAC,32.0,52,52,1.0,446,871,0.512,0.572,0.713,342,621,0.551,0.287,104,250,0.416,2022-23,Regular Season,Overall
1628989,Kevin Huerter,1610612758,SAC,24.0,75,75,1.0,420,866,0.485,0.603,0.411,215,356,0.604,0.589,205,510,0.402,2022-23,Regular Season,Overall
202711,Bojan Bogdanovic,1610612765,DET,34.0,58,58,1.0,420,859,0.489,0.572,0.602,278,517,0.538,0.398,142,342,0.415,2022-23,Regular Season,Overall
201142,Kevin Durant,1610612756,PHX,34.0,47,47,1.0,480,857,0.56,0.614,0.734,388,629,0.617,0.266,92,228,0.404,2022-23,Regular Season,Overall
203501,Tim Hardaway Jr.,1610612742,DAL,31.0,71,71,1.0,340,847,0.401,0.527,0.351,128,297,0.431,0.649,212,550,0.385,2022-23,Regular Season,Overall
202699,Tobias Harris,1610612755,PHI,30.0,74,74,1.0,423,845,0.501,0.575,0.617,297,521,0.57,0.383,126,324,0.389,2022-23,Regular Season,Overall
201935,James Harden,1610612755,PHI,33.0,58,58,1.0,371,843,0.44,0.536,0.503,210,424,0.495,0.497,161,419,0.384,2022-23,Regular Season,Overall
1630169,Tyrese Haliburton,1610612754,IND,23.0,56,56,1.0,412,841,0.49,0.586,0.522,251,439,0.572,0.478,161,402,0.4,2022-23,Regular Season,Overall
1627742,Brandon Ingram,1610612740,NOP,25.0,45,45,1.0,404,834,0.484,0.523,0.803,340,670,0.507,0.197,64,164,0.39,2022-23,Regular Season,Overall
1628991,Jaren Jackson Jr.,1610612763,MEM,23.0,63,63,1.0,416,822,0.506,0.567,0.657,316,540,0.585,0.343,100,282,0.355,2022-23,Regular Season,Overall
1629631,De'Andre Hunter,1610612737,ATL,25.0,67,67,1.0,379,822,0.461,0.522,0.652,279,536,0.521,0.348,100,286,0.35,2022-23,Regular Season,Overall
1630180,Saddiq Bey,1610612737,ATL,24.0,76,76,1.0,347,818,0.424,0.515,0.496,198,406,0.488,0.504,149,412,0.362,2022-23,Regular Season,Overall
1629008,Michael Porter Jr.,1610612743,DEN,25.0,62,62,1.0,398,817,0.487,0.602,0.444,210,363,0.579,0.556,188,454,0.414,2022-23,Regular Season,Overall
1626162,Kelly Oubre Jr.,1610612766,CHA,27.0,48,48,1.0,353,816,0.433,0.499,0.588,245,480,0.51,0.412,108,336,0.321,2022-23,Regular Season,Overall
202685,Jonas Valančiūnas,1610612740,NOP,31.0,79,78,1.0,445,815,0.546,0.569,0.866,407,706,0.576,0.134,38,109,0.349,2022-23,Regular Season,Overall
1626171,Bobby Portis,1610612749,MIL,28.0,70,70,1.0,398,803,0.496,0.555,0.68,303,546,0.555,0.32,95,257,0.37,2022-23,Regular Season,Overall
1630530,Trey Murphy III,1610612740,NOP,23.0,79,79,1.0,387,799,0.484,0.611,0.378,185,302,0.613,0.622,202,497,0.406,2022-23,Regular Season,Overall
1630578,Alperen Sengun,1610612745,HOU,20.0,75,75,1.0,441,798,0.553,0.565,0.929,422,741,0.57,0.071,19,57,0.333,2022-23,Regular Season,Overall
1630165,Killian Hayes,1610612765,DET,21.0,75,75,1.0,303,798,0.38,0.429,0.652,224,520,0.431,0.348,79,278,0.284,2022-23,Regular Season,Overall
1628370,Malik Monk,1610612758,SAC,25.0,77,77,1.0,357,796,0.448,0.538,0.5,214,398,0.538,0.5,143,398,0.359,2022-23,Regular Season,Overall
1631114,Jalen Williams,1610612760,OKC,22.0,75,75,1.0,414,794,0.521,0.567,0.742,341,589,0.579,0.258,73,205,0.356,2022-23,Regular Season,Overall
203084,Harrison Barnes,1610612758,SAC,31.0,82,82,1.0,374,792,0.472,0.556,0.554,242,439,0.551,0.446,132,353,0.374,2022-23,Regular Season,Overall
1629622,Max Strus,1610612748,MIA,27.0,80,79,1.0,324,790,0.41,0.535,0.287,127,227,0.559,0.713,197,563,0.35,2022-23,Regular Season,Overall
1631099,Keegan Murray,1610612758,SAC,22.0,80,80,1.0,354,782,0.453,0.584,0.359,148,281,0.527,0.641,206,501,0.411,2022-23,Regular Season,Overall
1626174,Christian Wood,1610612742,DAL,27.0,67,67,1.0,396,769,0.515,0.583,0.637,291,490,0.594,0.363,105,279,0.376,2022-23,Regular Season,Overall
203932,Aaron Gordon,1610612743,DEN,27.0,68,68,1.0,429,761,0.564,0.603,0.773,369,588,0.628,0.227,60,173,0.347,2022-23,Regular Season,Overall
1628401,Derrick White,1610612738,BOS,28.0,82,82,1.0,350,758,0.462,0.56,0.484,201,367,0.548,0.516,149,391,0.381,2022-23,Regular Season,Overall
1627747,Caris LeVert,1610612739,CLE,28.0,74,74,1.0,320,742,0.431,0.517,0.563,193,418,0.462,0.437,127,324,0.392,2022-23,Regular Season,Overall
1628971,Bruce Brown,1610612743,DEN,26.0,80,80,1.0,358,741,0.483,0.545,0.657,267,487,0.548,0.343,91,254,0.358,2022-23,Regular Season,Overall
1626167,Myles Turner,1610612754,IND,27.0,62,62,1.0,402,733,0.548,0.612,0.66,309,484,0.638,0.34,93,249,0.373,2022-23,Regular Season,Overall
1627763,Malcolm Brogdon,1610612738,BOS,30.0,67,67,1.0,354,732,0.484,0.574,0.594,222,435,0.51,0.406,132,297,0.444,2022-23,Regular Season,Overall
1630163,LaMelo Ball,1610612766,CHA,21.0,36,36,1.0,296,721,0.411,0.51,0.469,152,338,0.45,0.531,144,383,0.376,2022-23,Regular Season,Overall
1630231,KJ Martin,1610612745,HOU,22.0,82,82,1.0,410,720,0.569,0.617,0.7,342,504,0.679,0.3,68,216,0.315,2022-23,Regular Season,Overall
1626181,Norman Powell,1610612746,LAC,30.0,60,60,1.0,340,710,0.479,0.559,0.596,226,423,0.534,0.404,114,287,0.397,2022-23,Regular Season,Overall
1626145,Tyus Jones,1610612763,MEM,27.0,80,80,1.0,311,710,0.438,0.523,0.541,190,384,0.495,0.459,121,326,0.371,2022-23,Regular Season,Overall
1630183,Jaden McDaniels,1610612750,MIN,22.0,78,78,1.0,364,709,0.513,0.586,0.626,261,444,0.588,0.374,103,265,0.389,2022-23,Regular Season,Overall
1628381,John Collins,1610612737,ATL,25.0,71,71,1.0,359,707,0.508,0.557,0.661,289,467,0.619,0.339,70,240,0.292,2022-23,Regular Season,Overall
1630200,Tre Jones,1610612759,SAS,23.0,65,64,1.0,320,707,0.453,0.482,0.788,279,557,0.501,0.212,41,150,0.273,2022-23,Regular Season,Overall
1628365,Markelle Fultz,1610612753,ORL,25.0,60,60,1.0,349,679,0.514,0.534,0.872,322,592,0.544,0.128,27,87,0.31,2022-23,Regular Season,Overall
1630172,Patrick Williams,1610612741,CHI,21.0,81,81,1.0,310,671,0.462,0.546,0.592,197,397,0.496,0.408,113,274,0.412,2022-23,Regular Season,Overall
101108,Chris Paul,1610612756,PHX,38.0,59,59,1.0,294,668,0.44,0.513,0.609,196,407,0.482,0.391,98,261,0.375,2022-23,Regular Season,Overall
1631106,Tari Eason,1610612745,HOU,22.0,82,82,1.0,296,660,0.448,0.493,0.739,237,488,0.486,0.261,59,172,0.343,2022-23,Regular Season,Overall
201569,Eric Gordon,1610612746,LAC,34.0,69,69,1.0,291,653,0.446,0.547,0.455,159,297,0.535,0.545,132,356,0.371,2022-23,Regular Season,Overall
1629001,De'Anthony Melton,1610612755,PHI,25.0,77,77,1.0,277,651,0.425,0.546,0.381,120,248,0.484,0.619,157,403,0.39,2022-23,Regular Season,Overall
203471,Dennis Schröder,1610612747,LAL,29.0,66,66,1.0,270,651,0.415,0.472,0.654,196,426,0.46,0.346,74,225,0.329,2022-23,Regular Season,Overall
1631101,Shaedon Sharpe,1610612757,POR,20.0,80,78,1.0,306,648,0.472,0.551,0.563,204,365,0.559,0.437,102,283,0.36,2022-23,Regular Season,Overall
1629614,Andrew Nembhard,1610612754,IND,23.0,75,75,1.0,284,644,0.441,0.512,0.592,192,381,0.504,0.408,92,263,0.35,2022-23,Regular Season,Overall
202694,Marcus Morris Sr.,1610612746,LAC,33.0,65,65,1.0,274,643,0.426,0.513,0.521,162,335,0.484,0.479,112,308,0.364,2022-23,Regular Season,Overall
202704,Reggie Jackson,1610612743,DEN,33.0,68,68,1.0,263,640,0.411,0.486,0.55,167,352,0.474,0.45,96,288,0.333,2022-23,Regular Season,Overall
203484,Kentavious Caldwell-Pope,1610612743,DEN,30.0,76,76,1.0,292,632,0.462,0.569,0.495,157,313,0.502,0.505,135,319,0.423,2022-23,Regular Season,Overall
1628386,Jarrett Allen,1610612739,CLE,25.0,68,67,1.0,403,626,0.644,0.645,0.984,402,616,0.653,0.016,1,10,0.1,2022-23,Regular Season,Overall
1629669,Jaylen Nowell,1610612750,MIN,23.0,65,65,1.0,280,624,0.449,0.502,0.63,213,393,0.542,0.37,67,231,0.29,2022-23,Regular Season,Overall
1629667,Jalen McDaniels,1610612755,PHI,25.0,80,79,1.0,281,615,0.457,0.52,0.626,204,385,0.53,0.374,77,230,0.335,2022-23,Regular Season,Overall
1629659,Talen Horton-Tucker,1610612762,UTA,22.0,65,64,1.0,257,613,0.419,0.467,0.669,199,410,0.485,0.331,58,203,0.286,2022-23,Regular Season,Overall
1628976,Wendell Carter Jr.,1610612753,ORL,24.0,57,57,1.0,322,612,0.526,0.592,0.632,242,387,0.625,0.368,80,225,0.356,2022-23,Regular Season,Overall
203992,Bogdan Bogdanović,1610612737,ATL,30.0,54,54,1.0,273,611,0.447,0.566,0.411,127,251,0.506,0.589,146,360,0.406,2022-23,Regular Season,Overall
1630175,Cole Anthony,1610612753,ORL,23.0,60,60,1.0,277,610,0.454,0.516,0.662,202,404,0.5,0.338,75,206,0.364,2022-23,Regular Season,Overall
1627751,Jakob Poeltl,1610612761,TOR,27.0,71,71,1.0,387,609,0.635,0.635,0.998,387,608,0.637,0.002,0,1,0.0,2022-23,Regular Season,Overall
1629656,Quentin Grimes,1610612752,NYK,23.0,71,71,1.0,282,602,0.468,0.599,0.324,125,195,0.641,0.676,157,407,0.386,2022-23,Regular Season,Overall
203935,Marcus Smart,1610612738,BOS,29.0,61,61,1.0,250,602,0.415,0.511,0.432,135,260,0.519,0.568,115,342,0.336,2022-23,Regular Season,Overall
201144,Mike Conley,1610612750,MIN,35.0,66,66,1.0,255,601,0.424,0.532,0.428,125,257,0.486,0.572,130,344,0.378,2022-23,Regular Season,Overall
1630170,Devin Vassell,1610612759,SAS,22.0,38,38,1.0,261,595,0.439,0.525,0.553,158,329,0.48,0.447,103,266,0.387,2022-23,Regular Season,Overall
1626220,Royce O'Neale,1610612751,BKN,30.0,76,76,1.0,229,592,0.387,0.524,0.294,66,174,0.379,0.706,163,418,0.39,2022-23,Regular Season,Overall
1630174,Aaron Nesmith,1610612754,IND,23.0,73,73,1.0,252,590,0.427,0.525,0.468,137,276,0.496,0.532,115,314,0.366,2022-23,Regular Season,Overall
1629632,Coby White,1610612741,CHI,23.0,73,72,1.0,259,589,0.44,0.547,0.419,133,247,0.538,0.581,126,342,0.368,2022-23,Regular Season,Overall
1629651,Nic Claxton,1610612751,BKN,24.0,76,76,1.0,414,586,0.706,0.706,0.997,414,584,0.709,0.003,0,2,0.0,2022-23,Regular Season,Overall
1630557,Corey Kispert,1610612764,WAS,24.0,74,74,1.0,291,586,0.497,0.636,0.343,128,201,0.637,0.657,163,385,0.423,2022-23,Regular Season,Overall
1629060,Rui Hachimura,1610612747,LAL,25.0,63,63,1.0,284,584,0.486,0.53,0.726,233,424,0.55,0.274,51,160,0.319,2022-23,Regular Season,Overall
202330,Gordon Hayward,1610612766,CHA,33.0,50,50,1.0,276,581,0.475,0.52,0.725,224,421,0.532,0.275,52,160,0.325,2022-23,Regular Season,Overall
1631103,Malaki Branham,1610612759,SAS,20.0,63,63,1.0,258,581,0.444,0.509,0.58,183,337,0.543,0.42,75,244,0.307,2022-23,Regular Season,Overall
1630166,Deni Avdija,1610612764,WAS,22.0,76,76,1.0,253,579,0.437,0.497,0.599,184,347,0.53,0.401,69,232,0.297,2022-23,Regular Season,Overall
1629675,Naz Reid,1610612750,MIN,23.0,68,67,1.0,310,577,0.537,0.602,0.624,235,360,0.653,0.376,75,217,0.346,2022-23,Regular Season,Overall
1630230,Naji Marshall,1610612740,NOP,25.0,77,77,1.0,247,571,0.433,0.49,0.618,181,353,0.513,0.382,66,218,0.303,2022-23,Regular Season,Overall
1630538,Bones Hyland,1610612746,LAC,22.0,56,56,1.0,228,571,0.399,0.502,0.448,111,256,0.434,0.552,117,315,0.371,2022-23,Regular Season,Overall
1629216,Gabe Vincent,1610612748,MIA,27.0,68,68,1.0,228,567,0.402,0.505,0.383,111,217,0.512,0.617,117,350,0.334,2022-23,Regular Season,Overall
1628975,Jevon Carter,1610612749,MIL,27.0,81,80,1.0,239,565,0.423,0.549,0.404,97,228,0.425,0.596,142,337,0.421,2022-23,Regular Season,Overall
1630245,Ayo Dosunmu,1610612741,CHI,23.0,79,78,1.0,275,562,0.489,0.541,0.669,217,376,0.577,0.331,58,186,0.312,2022-23,Regular Season,Overall
203482,Kelly Olynyk,1610612762,UTA,32.0,68,68,1.0,278,557,0.499,0.583,0.576,185,321,0.576,0.424,93,236,0.394,2022-23,Regular Season,Overall
1628960,Grayson Allen,1610612749,MIL,27.0,72,72,1.0,245,557,0.44,0.571,0.343,99,191,0.518,0.657,146,366,0.399,2022-23,Regular Season,Overall
1628997,Caleb Martin,1610612748,MIA,27.0,71,71,1.0,254,548,0.464,0.54,0.569,170,312,0.545,0.431,84,236,0.356,2022-23,Regular Season,Overall
1626196,Josh Richardson,1610612740,NOP,29.0,64,64,1.0,235,545,0.431,0.528,0.472,129,257,0.502,0.528,106,288,0.368,2022-23,Regular Season,Overall
1631110,Jeremy Sochan,1610612759,SAS,20.0,55,55,1.0,248,543,0.457,0.487,0.755,215,410,0.524,0.245,33,133,0.248,2022-23,Regular Season,Overall
203497,Rudy Gobert,1610612750,MIN,31.0,69,68,1.0,356,541,0.658,0.658,0.994,356,538,0.662,0.006,0,3,0.0,2022-23,Regular Season,Overall
203991,Clint Capela,1610612737,ATL,29.0,65,65,1.0,350,536,0.653,0.653,0.998,350,535,0.654,0.002,0,1,0.0,2022-23,Regular Season,Overall
1631100,AJ Griffin,1610612737,ATL,19.0,72,72,1.0,248,533,0.465,0.56,0.514,147,274,0.536,0.486,101,259,0.39,2022-23,Regular Season,Overall
1626224,Cedi Osman,1610612739,CLE,28.0,77,75,1.0,239,530,0.451,0.56,0.411,123,218,0.564,0.589,116,312,0.372,2022-23,Regular Season,Overall
1628449,Chris Boucher,1610612761,TOR,30.0,76,75,1.0,261,528,0.494,0.553,0.642,199,339,0.587,0.358,62,189,0.328,2022-23,Regular Season,Overall
1628380,Zach Collins,1610612759,SAS,25.0,61,61,1.0,274,527,0.52,0.571,0.727,220,383,0.574,0.273,54,144,0.375,2022-23,Regular Season,Overall
1630583,Santi Aldama,1610612763,MEM,22.0,77,77,1.0,247,525,0.47,0.56,0.493,153,259,0.591,0.507,94,266,0.353,2022-23,Regular Season,Overall
1629611,Terance Mann,1610612746,LAC,26.0,81,79,1.0,272,523,0.52,0.594,0.621,195,325,0.6,0.379,77,198,0.389,2022-23,Regular Season,Overall
1628978,Donte DiVincenzo,1610612744,GSW,26.0,71,71,1.0,228,523,0.436,0.576,0.3,82,157,0.522,0.7,146,366,0.399,2022-23,Regular Season,Overall
1629022,Lonnie Walker IV,1610612747,LAL,24.0,56,56,1.0,234,522,0.448,0.535,0.525,143,274,0.522,0.475,91,248,0.367,2022-23,Regular Season,Overall
204456,T.J. McConnell,1610612754,IND,31.0,75,75,1.0,283,521,0.543,0.568,0.887,257,462,0.556,0.113,26,59,0.441,2022-23,Regular Season,Overall
1628404,Josh Hart,1610612752,NYK,28.0,76,76,1.0,275,520,0.529,0.588,0.685,214,356,0.601,0.315,61,164,0.372,2022-23,Regular Season,Overall
203926,Doug McDermott,1610612759,SAS,31.0,63,63,1.0,234,516,0.453,0.572,0.428,112,221,0.507,0.572,122,295,0.414,2022-23,Regular Season,Overall
1628420,Monte Morris,1610612764,WAS,28.0,62,62,1.0,247,515,0.48,0.555,0.604,169,311,0.543,0.396,78,204,0.382,2022-23,Regular Season,Overall
1627826,Ivica Zubac,1610612746,LAC,26.0,76,76,1.0,326,514,0.634,0.634,0.996,326,512,0.637,0.004,0,2,0.0,2022-23,Regular Season,Overall
203952,Andrew Wiggins,1610612744,GSW,28.0,36,36,1.0,243,512,0.475,0.56,0.576,156,295,0.529,0.424,87,217,0.401,2022-23,Regular Season,Overall
1630188,Jalen Smith,1610612754,IND,23.0,68,68,1.0,242,508,0.476,0.53,0.624,188,317,0.593,0.376,54,191,0.283,2022-23,Regular Season,Overall
1630198,Isaiah Joe,1610612760,OKC,23.0,73,69,1.0,224,508,0.441,0.599,0.224,63,114,0.553,0.776,161,394,0.409,2022-23,Regular Season,Overall
203994,Jusuf Nurkić,1610612757,POR,28.0,52,52,1.0,262,505,0.519,0.561,0.764,219,386,0.567,0.236,43,119,0.361,2022-23,Regular Season,Overall
1629003,Shake Milton,1610612755,PHI,26.0,76,74,1.0,241,503,0.479,0.535,0.706,185,355,0.521,0.294,56,148,0.378,2022-23,Regular Season,Overall
1627777,Georges Niang,1610612755,PHI,30.0,78,78,1.0,222,502,0.442,0.596,0.235,68,118,0.576,0.765,154,384,0.401,2022-23,Regular Season,Overall
1630544,Tre Mann,1610612760,OKC,22.0,67,66,1.0,197,501,0.393,0.474,0.487,116,244,0.475,0.513,81,257,0.315,2022-23,Regular Season,Overall
1627827,Dorian Finney-Smith,1610612751,BKN,30.0,66,66,1.0,196,501,0.391,0.505,0.325,82,163,0.503,0.675,114,338,0.337,2022-23,Regular Season,Overall
1630529,Herbert Jones,1610612740,NOP,24.0,66,66,1.0,235,500,0.47,0.526,0.666,179,333,0.538,0.334,56,167,0.335,2022-23,Regular Season,Overall
1628470,Torrey Craig,1610612756,PHX,32.0,79,79,1.0,228,500,0.456,0.556,0.492,128,246,0.52,0.508,100,254,0.394,2022-23,Regular Season,Overall
1630168,Onyeka Okongwu,1610612737,ATL,22.0,80,79,1.0,317,497,0.638,0.642,0.974,313,484,0.647,0.026,4,13,0.308,2022-23,Regular Season,Overall
1630228,Jonathan Kuminga,1610612744,GSW,20.0,67,66,1.0,261,497,0.525,0.579,0.706,207,351,0.59,0.294,54,146,0.37,2022-23,Regular Season,Overall
1630559,Austin Reaves,1610612747,LAL,25.0,64,64,1.0,258,489,0.528,0.615,0.562,173,275,0.629,0.438,85,214,0.397,2022-23,Regular Season,Overall
1630631,Jose Alvarado,1610612740,NOP,25.0,61,61,1.0,201,489,0.411,0.496,0.495,118,242,0.488,0.505,83,247,0.336,2022-23,Regular Season,Overall
203937,Kyle Anderson,1610612750,MIN,29.0,68,65,1.0,249,488,0.51,0.553,0.791,207,386,0.536,0.209,42,102,0.412,2022-23,Regular Season,Overall
200768,Kyle Lowry,1610612748,MIA,37.0,55,55,1.0,196,485,0.404,0.514,0.361,89,175,0.509,0.639,107,310,0.345,2022-23,Regular Season,Overall
203486,Mason Plumlee,1610612746,LAC,33.0,79,79,1.0,328,483,0.679,0.679,1.0,328,483,0.679,0.0,0,0,,2022-23,Regular Season,Overall
201143,Al Horford,1610612738,BOS,37.0,63,63,1.0,228,479,0.476,0.627,0.322,83,154,0.539,0.678,145,325,0.446,2022-23,Regular Season,Overall
1629626,Bol Bol,1610612753,ORL,23.0,70,69,1.0,261,478,0.546,0.577,0.764,231,365,0.633,0.236,30,113,0.265,2022-23,Regular Season,Overall
1629684,Grant Williams,1610612738,BOS,24.0,79,77,1.0,216,476,0.454,0.575,0.389,101,185,0.546,0.611,115,291,0.395,2022-23,Regular Season,Overall
1629661,Cameron Johnson,1610612751,BKN,27.0,42,42,1.0,223,474,0.47,0.579,0.462,120,219,0.548,0.538,103,255,0.404,2022-23,Regular Season,Overall
203493,Reggie Bullock Jr.,1610612742,DAL,32.0,78,78,1.0,192,470,0.409,0.569,0.155,41,73,0.562,0.845,151,397,0.38,2022-23,Regular Season,Overall
203110,Draymond Green,1610612744,GSW,33.0,72,72,1.0,247,469,0.527,0.569,0.723,207,339,0.611,0.277,40,130,0.308,2022-23,Regular Season,Overall
1629012,Collin Sexton,1610612762,UTA,24.0,48,48,1.0,237,469,0.505,0.557,0.74,189,347,0.545,0.26,48,122,0.393,2022-23,Regular Season,Overall
1629627,Zion Williamson,1610612740,NOP,22.0,29,29,1.0,285,467,0.61,0.618,0.959,278,448,0.621,0.041,7,19,0.368,2022-23,Regular Season,Overall
1628972,Troy Brown Jr.,1610612747,LAL,23.0,76,75,1.0,200,465,0.43,0.545,0.396,93,184,0.505,0.604,107,281,0.381,2022-23,Regular Season,Overall
203082,Terrence Ross,1610612756,PHX,32.0,63,61,1.0,200,465,0.43,0.532,0.445,105,207,0.507,0.555,95,258,0.368,2022-23,Regular Season,Overall
1626166,Cameron Payne,1610612756,PHX,28.0,48,48,1.0,188,453,0.415,0.49,0.592,120,268,0.448,0.408,68,185,0.368,2022-23,Regular Season,Overall
1627814,Damion Lee,1610612756,PHX,30.0,74,73,1.0,200,452,0.442,0.564,0.454,90,205,0.439,0.546,110,247,0.445,2022-23,Regular Season,Overall
1628372,Dennis Smith Jr.,1610612766,CHA,25.0,54,54,1.0,186,452,0.412,0.438,0.754,162,341,0.475,0.246,24,111,0.216,2022-23,Regular Season,Overall
1629020,Jarred Vanderbilt,1610612747,LAL,24.0,78,78,1.0,247,451,0.548,0.58,0.8,218,361,0.604,0.2,29,90,0.322,2022-23,Regular Season,Overall
202692,Alec Burks,1610612765,DET,31.0,50,50,1.0,198,450,0.44,0.549,0.478,100,215,0.465,0.522,98,235,0.417,2022-23,Regular Season,Overall
1630560,Cam Thomas,1610612751,BKN,21.0,57,53,1.0,198,449,0.441,0.498,0.706,147,317,0.464,0.294,51,132,0.386,2022-23,Regular Season,Overall
1629134,Kendrick Nunn,1610612764,WAS,27.0,70,69,1.0,190,449,0.423,0.511,0.503,111,226,0.491,0.497,79,223,0.354,2022-23,Regular Season,Overall
203552,Seth Curry,1610612751,BKN,32.0,61,60,1.0,208,447,0.465,0.57,0.483,114,216,0.528,0.517,94,231,0.407,2022-23,Regular Season,Overall
1629670,Jordan Nwora,1610612754,IND,24.0,62,60,1.0,194,445,0.436,0.533,0.526,108,234,0.462,0.474,86,211,0.408,2022-23,Regular Season,Overall
1630591,Jalen Suggs,1610612753,ORL,22.0,53,53,1.0,186,445,0.418,0.492,0.546,120,243,0.494,0.454,66,202,0.327,2022-23,Regular Season,Overall
1628966,Keita Bates-Diop,1610612759,SAS,27.0,64,59,1.0,219,436,0.502,0.561,0.7,168,305,0.551,0.3,51,131,0.389,2022-23,Regular Season,Overall
203925,Joe Harris,1610612751,BKN,31.0,74,74,1.0,200,436,0.459,0.62,0.245,59,107,0.551,0.755,141,329,0.429,2022-23,Regular Season,Overall
1630191,Isaiah Stewart,1610612765,DET,22.0,49,49,1.0,194,431,0.45,0.528,0.534,127,230,0.552,0.466,67,201,0.333,2022-23,Regular Season,Overall
1628984,Devonte' Graham,1610612759,SAS,28.0,73,73,1.0,161,431,0.374,0.512,0.216,42,93,0.452,0.784,119,338,0.352,2022-23,Regular Season,Overall
201567,Kevin Love,1610612748,MIA,34.0,62,62,1.0,165,424,0.389,0.506,0.302,66,128,0.516,0.698,99,296,0.334,2022-23,Regular Season,Overall
1626192,Pat Connaughton,1610612749,MIL,30.0,61,60,1.0,165,421,0.392,0.521,0.235,56,99,0.566,0.765,109,322,0.339,2022-23,Regular Season,Overall
1631223,David Roddy,1610612763,MEM,22.0,70,68,1.0,180,420,0.429,0.506,0.495,115,208,0.553,0.505,65,212,0.307,2022-23,Regular Season,Overall
1630167,Obi Toppin,1610612752,NYK,25.0,67,67,1.0,187,419,0.446,0.548,0.411,102,172,0.593,0.589,85,247,0.344,2022-23,Regular Season,Overall
1631117,Walker Kessler,1610612762,UTA,21.0,74,72,1.0,298,414,0.72,0.721,0.993,297,411,0.723,0.007,1,3,0.333,2022-23,Regular Season,Overall
1629006,Josh Okogie,1610612756,PHX,24.0,72,65,1.0,162,414,0.391,0.471,0.524,96,217,0.442,0.476,66,197,0.335,2022-23,Regular Season,Overall
1626157,Karl-Anthony Towns,1610612750,MIN,27.0,28,28,1.0,202,409,0.494,0.565,0.614,144,251,0.574,0.386,58,158,0.367,2022-23,Regular Season,Overall
1626168,Trey Lyles,1610612758,SAC,27.0,74,72,1.0,187,408,0.458,0.565,0.412,100,168,0.595,0.588,87,240,0.363,2022-23,Regular Season,Overall
203114,Khris Middleton,1610612749,MIL,31.0,33,33,1.0,177,406,0.436,0.499,0.601,126,244,0.516,0.399,51,162,0.315,2022-23,Regular Season,Overall
1630173,Precious Achiuwa,1610612761,TOR,23.0,55,55,1.0,196,404,0.485,0.521,0.733,167,296,0.564,0.267,29,108,0.269,2022-23,Regular Season,Overall
203506,Victor Oladipo,1610612748,MIA,31.0,42,42,1.0,160,403,0.397,0.484,0.474,90,191,0.471,0.526,70,212,0.33,2022-23,Regular Season,Overall
1630558,Davion Mitchell,1610612758,SAC,24.0,80,80,1.0,181,399,0.454,0.533,0.506,118,202,0.584,0.494,63,197,0.32,2022-23,Regular Season,Overall
1629021,Moritz Wagner,1610612753,ORL,26.0,57,56,1.0,198,396,0.5,0.564,0.588,147,233,0.631,0.412,51,163,0.313,2022-23,Regular Season,Overall
1630573,Sam Hauser,1610612738,BOS,25.0,80,75,1.0,180,396,0.455,0.631,0.154,40,61,0.656,0.846,140,335,0.418,2022-23,Regular Season,Overall
1629655,Daniel Gafford,1610612764,WAS,24.0,78,76,1.0,289,395,0.732,0.732,1.0,289,395,0.732,0.0,0,0,,2022-23,Regular Season,Overall
1631105,Jalen Duren,1610612765,DET,19.0,66,65,1.0,253,393,0.644,0.644,0.995,253,391,0.647,0.005,0,2,0.0,2022-23,Regular Season,Overall
1630534,Ochai Agbaji,1610612762,UTA,23.0,59,53,1.0,165,386,0.427,0.532,0.409,84,158,0.532,0.591,81,228,0.355,2022-23,Regular Season,Overall
1630182,Josh Green,1610612742,DAL,22.0,60,59,1.0,205,382,0.537,0.626,0.558,137,213,0.643,0.442,68,169,0.402,2022-23,Regular Season,Overall
1628379,Luke Kennard,1610612763,MEM,27.0,59,57,1.0,188,382,0.492,0.666,0.296,55,113,0.487,0.704,133,269,0.494,2022-23,Regular Season,Overall
201587,Nicolas Batum,1610612746,LAC,34.0,78,77,1.0,160,381,0.42,0.583,0.168,36,64,0.563,0.832,124,317,0.391,2022-23,Regular Season,Overall
1628963,Marvin Bagley III,1610612765,DET,24.0,42,42,1.0,201,379,0.53,0.555,0.826,182,313,0.581,0.174,19,66,0.288,2022-23,Regular Season,Overall
1626172,Kevon Looney,1610612744,GSW,27.0,81,80,1.0,236,377,0.626,0.626,0.997,236,376,0.628,0.003,0,1,0.0,2022-23,Regular Season,Overall
1627752,Taurean Prince,1610612750,MIN,29.0,53,53,1.0,173,370,0.468,0.564,0.489,102,181,0.564,0.511,71,189,0.376,2022-23,Regular Season,Overall
1628418,Thomas Bryant,1610612743,DEN,25.0,59,59,1.0,230,369,0.623,0.659,0.84,204,310,0.658,0.16,26,59,0.441,2022-23,Regular Season,Overall
1628977,Hamidou Diallo,1610612765,DET,24.0,55,55,1.0,208,367,0.567,0.574,0.943,203,346,0.587,0.057,5,21,0.238,2022-23,Regular Season,Overall
1629056,Terence Davis,1610612758,SAC,26.0,64,63,1.0,154,364,0.423,0.545,0.332,65,121,0.537,0.668,89,243,0.366,2022-23,Regular Season,Overall
203115,Will Barton,1610612761,TOR,32.0,56,53,1.0,139,364,0.382,0.474,0.505,72,184,0.391,0.495,67,180,0.372,2022-23,Regular Season,Overall
1630598,Aaron Wiggins,1610612760,OKC,24.0,70,67,1.0,186,363,0.512,0.579,0.664,138,241,0.573,0.336,48,122,0.393,2022-23,Regular Season,Overall
201976,Patrick Beverley,1610612741,CHI,34.0,67,67,1.0,143,359,0.398,0.508,0.337,64,121,0.529,0.663,79,238,0.332,2022-23,Regular Season,Overall
1630171,Isaac Okoro,1610612739,CLE,22.0,76,74,1.0,175,354,0.494,0.582,0.517,113,183,0.617,0.483,62,171,0.363,2022-23,Regular Season,Overall
1630692,Jordan Goodwin,1610612764,WAS,24.0,62,60,1.0,158,353,0.448,0.501,0.666,120,235,0.511,0.334,38,118,0.322,2022-23,Regular Season,Overall
202709,Cory Joseph,1610612765,DET,31.0,62,61,1.0,150,351,0.427,0.527,0.487,80,171,0.468,0.513,70,180,0.389,2022-23,Regular Season,Overall
1629634,Brandon Clarke,1610612763,MEM,26.0,56,56,1.0,229,349,0.656,0.658,0.983,228,343,0.665,0.017,1,6,0.167,2022-23,Regular Season,Overall
1629026,Kenrich Williams,1610612760,OKC,28.0,53,53,1.0,179,346,0.517,0.59,0.613,129,212,0.608,0.387,50,134,0.373,2022-23,Regular Season,Overall
1630164,James Wiseman,1610612765,DET,22.0,45,43,1.0,189,339,0.558,0.563,0.941,185,319,0.58,0.059,4,20,0.2,2022-23,Regular Season,Overall
202322,John Wall,1610612746,LAC,32.0,34,34,1.0,138,338,0.408,0.457,0.678,105,229,0.459,0.322,33,109,0.303,2022-23,Regular Season,Overall
1629111,Jock Landale,1610612756,PHX,27.0,69,66,1.0,178,337,0.528,0.559,0.751,157,253,0.621,0.249,21,84,0.25,2022-23,Regular Season,Overall
1630702,Jaden Hardy,1610612742,DAL,20.0,48,47,1.0,146,333,0.438,0.533,0.532,83,177,0.469,0.468,63,156,0.404,2022-23,Regular Season,Overall
1630537,Chris Duarte,1610612754,IND,26.0,46,46,1.0,123,333,0.369,0.452,0.477,68,159,0.428,0.523,55,174,0.316,2022-23,Regular Season,Overall
201609,Goran Dragic,1610612749,MIL,37.0,57,56,1.0,140,332,0.422,0.5,0.566,88,188,0.468,0.434,52,144,0.361,2022-23,Regular Season,Overall
1630528,Josh Christopher,1610612745,HOU,21.0,64,61,1.0,153,329,0.465,0.497,0.729,132,240,0.55,0.271,21,89,0.236,2022-23,Regular Season,Overall
201145,Jeff Green,1610612743,DEN,36.0,56,56,1.0,160,328,0.488,0.534,0.683,130,224,0.58,0.317,30,104,0.288,2022-23,Regular Season,Overall
1628392,Isaiah Hartenstein,1610612752,NYK,25.0,82,81,1.0,175,327,0.535,0.547,0.887,167,290,0.576,0.113,8,37,0.216,2022-23,Regular Season,Overall
1630552,Jalen Johnson,1610612737,ATL,21.0,70,67,1.0,158,322,0.491,0.537,0.677,128,218,0.587,0.323,30,104,0.288,2022-23,Regular Season,Overall
1629234,Drew Eubanks,1610612757,POR,26.0,77,74,1.0,205,321,0.639,0.645,0.956,201,307,0.655,0.044,4,14,0.286,2022-23,Regular Season,Overall
1629723,John Konchar,1610612763,MEM,27.0,72,68,1.0,138,320,0.431,0.525,0.447,78,143,0.545,0.553,60,177,0.339,2022-23,Regular Season,Overall
1629052,Oshae Brissett,1610612754,IND,25.0,65,62,1.0,123,319,0.386,0.461,0.514,75,164,0.457,0.486,48,155,0.31,2022-23,Regular Season,Overall
1630543,Isaiah Jackson,1610612754,IND,21.0,63,59,1.0,179,318,0.563,0.566,0.956,177,304,0.582,0.044,2,14,0.143,2022-23,Regular Season,Overall
1628995,Kevin Knox II,1610612757,POR,23.0,62,59,1.0,143,317,0.451,0.549,0.432,81,137,0.591,0.568,62,180,0.344,2022-23,Regular Season,Overall
1629629,Cam Reddish,1610612757,POR,23.0,40,40,1.0,139,313,0.444,0.516,0.54,94,169,0.556,0.46,45,144,0.313,2022-23,Regular Season,Overall
1631323,Simone Fontecchio,1610612762,UTA,27.0,52,47,1.0,115,312,0.369,0.47,0.388,52,121,0.43,0.612,63,191,0.33,2022-23,Regular Season,Overall
1630570,Trendon Watford,1610612757,POR,22.0,61,60,1.0,174,311,0.559,0.6,0.797,149,248,0.601,0.203,25,63,0.397,2022-23,Regular Season,Overall
1630208,Nick Richards,1610612766,CHA,25.0,65,62,1.0,195,310,0.629,0.631,0.997,194,309,0.628,0.003,1,1,1.0,2022-23,Regular Season,Overall
1630237,Anthony Lamb,1610612744,GSW,25.0,61,60,1.0,143,307,0.466,0.58,0.365,73,112,0.652,0.635,70,195,0.359,2022-23,Regular Season,Overall
203914,Gary Harris,1610612753,ORL,28.0,48,48,1.0,138,307,0.45,0.603,0.29,44,89,0.494,0.71,94,218,0.431,2022-23,Regular Season,Overall
1630214,Xavier Tillman,1610612763,MEM,24.0,61,59,1.0,188,306,0.614,0.621,0.951,184,291,0.632,0.049,4,15,0.267,2022-23,Regular Season,Overall
1626204,Larry Nance Jr.,1610612740,NOP,30.0,65,62,1.0,186,305,0.61,0.633,0.862,172,263,0.654,0.138,14,42,0.333,2022-23,Regular Season,Overall
1629642,Nassir Little,1610612757,POR,23.0,54,53,1.0,134,303,0.442,0.538,0.479,76,145,0.524,0.521,58,158,0.367,2022-23,Regular Season,Overall
1629013,Landry Shamet,1610612756,PHX,26.0,40,39,1.0,113,300,0.377,0.502,0.337,38,101,0.376,0.663,75,199,0.377,2022-23,Regular Season,Overall
203488,Mike Muscala,1610612738,BOS,31.0,63,58,1.0,131,292,0.449,0.587,0.291,50,85,0.588,0.709,81,207,0.391,2022-23,Regular Season,Overall
1626153,Delon Wright,1610612764,WAS,31.0,50,50,1.0,137,291,0.471,0.54,0.591,97,172,0.564,0.409,40,119,0.336,2022-23,Regular Season,Overall
1631128,Christian Braun,1610612743,DEN,22.0,76,63,1.0,143,289,0.495,0.554,0.668,109,193,0.565,0.332,34,96,0.354,2022-23,Regular Season,Overall
1630205,Lamar Stevens,1610612739,CLE,25.0,62,59,1.0,129,288,0.448,0.5,0.67,99,193,0.513,0.33,30,95,0.316,2022-23,Regular Season,Overall
1629638,Nickeil Alexander-Walker,1610612750,MIN,24.0,58,54,1.0,125,287,0.436,0.535,0.463,68,133,0.511,0.537,57,154,0.37,2022-23,Regular Season,Overall
200752,Rudy Gay,1610612762,UTA,36.0,56,55,1.0,109,287,0.38,0.437,0.547,76,157,0.484,0.453,33,130,0.254,2022-23,Regular Season,Overall
1630587,Isaiah Livers,1610612765,DET,24.0,51,51,1.0,118,284,0.415,0.542,0.292,46,83,0.554,0.708,72,201,0.358,2022-23,Regular Season,Overall
1627936,Alex Caruso,1610612741,CHI,29.0,66,64,1.0,129,282,0.457,0.555,0.468,74,132,0.561,0.532,55,150,0.367,2022-23,Regular Season,Overall
1629011,Mitchell Robinson,1610612752,NYK,25.0,59,57,1.0,188,280,0.671,0.671,1.0,188,280,0.671,0.0,0,0,,2022-23,Regular Season,Overall
203967,Dario Saric,1610612760,OKC,29.0,57,54,1.0,127,277,0.458,0.54,0.585,82,162,0.506,0.415,45,115,0.391,2022-23,Regular Season,Overall
203083,Andre Drummond,1610612741,CHI,29.0,67,62,1.0,166,274,0.606,0.606,0.989,166,271,0.613,0.011,0,3,0.0,2022-23,Regular Season,Overall
203933,T.J. Warren,1610612756,PHX,29.0,42,39,1.0,132,270,0.489,0.53,0.752,110,203,0.542,0.248,22,67,0.328,2022-23,Regular Season,Overall
203939,Dwight Powell,1610612742,DAL,31.0,76,71,1.0,197,269,0.732,0.732,0.981,197,264,0.746,0.019,0,5,0.0,2022-23,Regular Season,Overall
1628410,Edmond Sumner,1610612751,BKN,27.0,53,49,1.0,124,269,0.461,0.519,0.677,93,182,0.511,0.323,31,87,0.356,2022-23,Regular Season,Overall
203500,Steven Adams,1610612763,MEM,29.0,42,42,1.0,157,263,0.597,0.597,0.996,157,262,0.599,0.004,0,1,0.0,2022-23,Regular Season,Overall
1629117,Wenyen Gabriel,1610612747,LAL,26.0,68,63,1.0,153,258,0.593,0.612,0.86,143,222,0.644,0.14,10,36,0.278,2022-23,Regular Season,Overall
1630613,Duane Washington Jr.,1610612752,NYK,23.0,31,30,1.0,94,256,0.367,0.445,0.566,54,145,0.372,0.434,40,111,0.36,2022-23,Regular Season,Overall
1629680,Matisse Thybulle,1610612757,POR,26.0,71,58,1.0,110,253,0.435,0.542,0.415,56,105,0.533,0.585,54,148,0.365,2022-23,Regular Season,Overall
203210,JaMychal Green,1610612744,GSW,33.0,57,54,1.0,136,252,0.54,0.623,0.56,94,141,0.667,0.44,42,111,0.378,2022-23,Regular Season,Overall
1630177,Theo Maledon,1610612766,CHA,22.0,44,41,1.0,101,252,0.401,0.456,0.627,73,158,0.462,0.373,28,94,0.298,2022-23,Regular Season,Overall
1631109,Mark Williams,1610612766,CHA,21.0,43,41,1.0,160,251,0.637,0.637,1.0,160,251,0.637,0.0,0,0,,2022-23,Regular Season,Overall
1630197,Aleksej Pokusevski,1610612760,OKC,21.0,34,34,1.0,108,249,0.434,0.51,0.582,70,145,0.483,0.418,38,104,0.365,2022-23,Regular Season,Overall
1630526,Jeremiah Robinson-Earl,1610612760,OKC,22.0,43,41,1.0,110,248,0.444,0.518,0.552,73,137,0.533,0.448,37,111,0.333,2022-23,Regular Season,Overall
204060,Joe Ingles,1610612749,MIL,35.0,46,46,1.0,108,248,0.435,0.603,0.181,25,45,0.556,0.819,83,203,0.409,2022-23,Regular Season,Overall
1630202,Payton Pritchard,1610612738,BOS,25.0,48,44,1.0,101,245,0.412,0.527,0.371,45,91,0.495,0.629,56,154,0.364,2022-23,Regular Season,Overall
1629641,Romeo Langford,1610612759,SAS,23.0,40,39,1.0,114,243,0.469,0.502,0.761,98,185,0.53,0.239,16,58,0.276,2022-23,Regular Season,Overall
1630699,MarJon Beauchamp,1610612749,MIL,22.0,52,47,1.0,96,243,0.395,0.492,0.416,49,101,0.485,0.584,47,142,0.331,2022-23,Regular Season,Overall
1629660,Ty Jerome,1610612744,GSW,25.0,45,42,1.0,118,242,0.488,0.56,0.628,83,152,0.546,0.372,35,90,0.389,2022-23,Regular Season,Overall
1630201,Malachi Flynn,1610612761,TOR,25.0,53,50,1.0,87,242,0.36,0.457,0.45,40,109,0.367,0.55,47,133,0.353,2022-23,Regular Season,Overall
1628964,Mo Bamba,1610612747,LAL,25.0,49,45,1.0,117,241,0.485,0.585,0.485,69,117,0.59,0.515,48,124,0.387,2022-23,Regular Season,Overall
1630181,R.J. Hampton,1610612765,DET,22.0,47,42,1.0,102,237,0.43,0.517,0.511,61,121,0.504,0.489,41,116,0.353,2022-23,Regular Season,Overall
1629130,Duncan Robinson,1610612748,MIA,29.0,42,41,1.0,88,237,0.371,0.504,0.19,25,45,0.556,0.81,63,192,0.328,2022-23,Regular Season,Overall
1630227,Daishen Nix,1610612745,HOU,21.0,57,53,1.0,81,237,0.342,0.426,0.409,41,97,0.423,0.591,40,140,0.286,2022-23,Regular Season,Overall
1630550,JT Thor,1610612766,CHA,20.0,69,61,1.0,94,236,0.398,0.479,0.487,56,115,0.487,0.513,38,121,0.314,2022-23,Regular Season,Overall
1627732,Ben Simmons,1610612751,BKN,26.0,42,42,1.0,133,235,0.566,0.566,0.991,133,233,0.571,0.009,0,2,0.0,2022-23,Regular Season,Overall
1631119,Jaylin Williams,1610612760,OKC,21.0,49,47,1.0,102,234,0.436,0.534,0.517,56,121,0.463,0.483,46,113,0.407,2022-23,Regular Season,Overall
1630256,Jae'Sean Tate,1610612745,HOU,27.0,31,31,1.0,110,229,0.48,0.509,0.799,97,183,0.53,0.201,13,46,0.283,2022-23,Regular Season,Overall
203496,Robert Covington,1610612746,LAC,32.0,48,45,1.0,102,229,0.445,0.563,0.406,48,93,0.516,0.594,54,136,0.397,2022-23,Regular Season,Overall
1629139,Yuta Watanabe,1610612751,BKN,28.0,58,57,1.0,112,228,0.491,0.621,0.417,53,95,0.558,0.583,59,133,0.444,2022-23,Regular Season,Overall
1630647,Eugene Omoruyi,1610612765,DET,26.0,40,38,1.0,101,228,0.443,0.498,0.61,76,139,0.547,0.39,25,89,0.281,2022-23,Regular Season,Overall
1628427,Vlatko Čančar,1610612743,DEN,26.0,60,49,1.0,108,227,0.476,0.57,0.493,65,112,0.58,0.507,43,115,0.374,2022-23,Regular Season,Overall
1630688,Ish Wainright,1610612756,PHX,28.0,60,53,1.0,84,227,0.37,0.496,0.238,27,54,0.5,0.762,57,173,0.329,2022-23,Regular Season,Overall
200782,P.J. Tucker,1610612755,PHI,38.0,75,68,1.0,96,225,0.427,0.549,0.378,41,85,0.482,0.622,55,140,0.393,2022-23,Regular Season,Overall
1627884,Derrick Jones Jr.,1610612741,CHI,26.0,63,56,1.0,110,224,0.491,0.551,0.647,83,145,0.572,0.353,27,79,0.342,2022-23,Regular Season,Overall
1630595,Cade Cunningham,1610612765,DET,21.0,12,12,1.0,93,224,0.415,0.453,0.728,76,163,0.466,0.272,17,61,0.279,2022-23,Regular Season,Overall
1630541,Moses Moody,1610612744,GSW,21.0,62,55,1.0,104,220,0.473,0.58,0.409,57,90,0.633,0.591,47,130,0.362,2022-23,Regular Season,Overall
1628988,Aaron Holiday,1610612737,ATL,26.0,63,54,1.0,92,220,0.418,0.5,0.6,56,132,0.424,0.4,36,88,0.409,2022-23,Regular Season,Overall
1629002,Chimezie Metu,1610612758,SAC,26.0,66,60,1.0,129,219,0.589,0.61,0.826,120,181,0.663,0.174,9,38,0.237,2022-23,Regular Season,Overall
1627739,Kris Dunn,1610612762,UTA,29.0,22,22,1.0,116,216,0.537,0.576,0.833,99,180,0.55,0.167,17,36,0.472,2022-23,Regular Season,Overall
1629312,Haywood Highsmith,1610612748,MIA,26.0,54,47,1.0,93,216,0.431,0.516,0.495,56,107,0.523,0.505,37,109,0.339,2022-23,Regular Season,Overall
1630540,Miles McBride,1610612752,NYK,22.0,64,54,1.0,77,215,0.358,0.451,0.377,37,81,0.457,0.623,40,134,0.299,2022-23,Regular Season,Overall
1626149,Montrezl Harrell,1610612755,PHI,29.0,57,52,1.0,125,209,0.598,0.598,0.971,125,203,0.616,0.029,0,6,0.0,2022-23,Regular Season,Overall
1630194,Paul Reed,1610612755,PHI,24.0,69,56,1.0,124,209,0.593,0.596,0.971,123,203,0.606,0.029,1,6,0.167,2022-23,Regular Season,Overall
203085,Austin Rivers,1610612750,MIN,30.0,52,48,1.0,91,209,0.435,0.538,0.411,48,86,0.558,0.589,43,123,0.35,2022-23,Regular Season,Overall
1630572,Sandro Mamukelashvili,1610612759,SAS,24.0,41,39,1.0,88,209,0.421,0.488,0.555,60,116,0.517,0.445,28,93,0.301,2022-23,Regular Season,Overall
1630700,Dyson Daniels,1610612740,NOP,20.0,59,54,1.0,87,209,0.416,0.481,0.589,60,123,0.488,0.411,27,86,0.314,2022-23,Regular Season,Overall
202687,Bismack Biyombo,1610612756,PHX,30.0,61,54,1.0,119,206,0.578,0.578,1.0,119,206,0.578,0.0,0,0,,2022-23,Regular Season,Overall
201988,Patty Mills,1610612751,BKN,34.0,40,39,1.0,84,205,0.41,0.524,0.366,37,75,0.493,0.634,47,130,0.362,2022-23,Regular Season,Overall
203200,Justin Holiday,1610612742,DAL,34.0,46,45,1.0,77,204,0.377,0.49,0.299,31,61,0.508,0.701,46,143,0.322,2022-23,Regular Season,Overall
1631121,Bryce McGowens,1610612766,CHA,20.0,46,42,1.0,80,202,0.396,0.46,0.604,54,122,0.443,0.396,26,80,0.325,2022-23,Regular Season,Overall
1629726,Garrison Mathews,1610612737,ATL,26.0,54,51,1.0,73,201,0.363,0.52,0.104,10,21,0.476,0.896,63,180,0.35,2022-23,Regular Season,Overall
1631104,Blake Wesley,1610612759,SAS,20.0,34,34,1.0,61,201,0.303,0.348,0.751,43,151,0.285,0.249,18,50,0.36,2022-23,Regular Season,Overall
201152,Thaddeus Young,1610612761,TOR,35.0,54,49,1.0,108,198,0.545,0.561,0.828,102,164,0.622,0.172,6,34,0.176,2022-23,Regular Season,Overall
1626159,Justise Winslow,1610612757,POR,27.0,29,28,1.0,81,198,0.409,0.444,0.773,67,153,0.438,0.227,14,45,0.311,2022-23,Regular Season,Overall
1627863,Danuel House Jr.,1610612755,PHI,30.0,56,50,1.0,93,197,0.472,0.566,0.442,56,87,0.644,0.558,37,110,0.336,2022-23,Regular Season,Overall
1630192,Zeke Nnaji,1610612743,DEN,22.0,53,46,1.0,110,196,0.561,0.605,0.668,93,131,0.71,0.332,17,65,0.262,2022-23,Regular Season,Overall
1630533,Ziaire Williams,1610612763,MEM,21.0,37,34,1.0,84,196,0.429,0.492,0.505,59,99,0.596,0.495,25,97,0.258,2022-23,Regular Season,Overall
1630547,James Bouknight,1610612766,CHA,22.0,34,30,1.0,69,188,0.367,0.455,0.436,36,82,0.439,0.564,33,106,0.311,2022-23,Regular Season,Overall
1631133,Jabari Walker,1610612757,POR,20.0,55,47,1.0,79,186,0.425,0.468,0.71,63,132,0.477,0.29,16,54,0.296,2022-23,Regular Season,Overall
1629647,Darius Bazley,1610612756,PHX,23.0,43,37,1.0,83,183,0.454,0.508,0.71,63,130,0.485,0.29,20,53,0.377,2022-23,Regular Season,Overall
1631216,Caleb Houstan,1610612753,ORL,20.0,51,48,1.0,66,183,0.361,0.486,0.257,20,47,0.426,0.743,46,136,0.338,2022-23,Regular Season,Overall
1631172,Ousmane Dieng,1610612760,OKC,20.0,39,38,1.0,76,181,0.42,0.492,0.459,50,83,0.602,0.541,26,98,0.265,2022-23,Regular Season,Overall
1630322,Lindy Waters III,1610612760,OKC,25.0,41,39,1.0,70,178,0.393,0.556,0.09,12,16,0.75,0.91,58,162,0.358,2022-23,Regular Season,Overall
1630553,Keon Johnson,1610612757,POR,21.0,40,37,1.0,67,178,0.376,0.455,0.545,39,97,0.402,0.455,28,81,0.346,2022-23,Regular Season,Overall
201937,Ricky Rubio,1610612739,CLE,32.0,33,33,1.0,61,178,0.343,0.402,0.539,40,96,0.417,0.461,21,82,0.256,2022-23,Regular Season,Overall
1630586,Usman Garuba,1610612745,HOU,21.0,75,66,1.0,86,177,0.486,0.554,0.667,62,118,0.525,0.333,24,59,0.407,2022-23,Regular Season,Overall
1629731,Dean Wade,1610612739,CLE,26.0,44,40,1.0,73,177,0.412,0.54,0.282,28,50,0.56,0.718,45,127,0.354,2022-23,Regular Season,Overall
1629004,Svi Mykhailiuk,1610612766,CHA,26.0,32,27,1.0,77,173,0.445,0.566,0.428,35,74,0.473,0.572,42,99,0.424,2022-23,Regular Season,Overall
1630549,Day'Ron Sharpe,1610612751,BKN,21.0,48,41,1.0,93,171,0.544,0.561,0.936,87,160,0.544,0.064,6,11,0.545,2022-23,Regular Season,Overall
1631098,Johnny Davis,1610612764,WAS,21.0,28,23,1.0,66,171,0.386,0.436,0.591,49,101,0.485,0.409,17,70,0.243,2022-23,Regular Season,Overall
1629057,Robert Williams III,1610612738,BOS,25.0,35,34,1.0,127,170,0.747,0.747,0.994,127,169,0.751,0.006,0,1,0.0,2022-23,Regular Season,Overall
1628436,Luke Kornet,1610612738,BOS,27.0,69,51,1.0,113,170,0.665,0.674,0.924,110,157,0.701,0.076,3,13,0.231,2022-23,Regular Season,Overall
1626195,Willy Hernangomez,1610612740,NOP,29.0,38,35,1.0,89,169,0.527,0.536,0.935,86,158,0.544,0.065,3,11,0.273,2022-23,Regular Season,Overall
1628467,Maxi Kleber,1610612742,DAL,31.0,37,36,1.0,77,169,0.456,0.571,0.337,38,57,0.667,0.663,39,112,0.348,2022-23,Regular Season,Overall
201588,George Hill,1610612754,IND,37.0,46,40,1.0,78,166,0.47,0.572,0.428,44,71,0.62,0.572,34,95,0.358,2022-23,Regular Season,Overall
203095,Evan Fournier,1610612752,NYK,30.0,27,27,1.0,56,166,0.337,0.443,0.313,21,52,0.404,0.687,35,114,0.307,2022-23,Regular Season,Overall
202722,Davis Bertans,1610612742,DAL,30.0,45,43,1.0,69,160,0.431,0.603,0.119,14,19,0.737,0.881,55,141,0.39,2022-23,Regular Season,Overall
1631102,TyTy Washington Jr.,1610612745,HOU,21.0,31,30,1.0,58,160,0.363,0.422,0.5,39,80,0.488,0.5,19,80,0.238,2022-23,Regular Season,Overall
202083,Wesley Matthews,1610612749,MIL,36.0,52,49,1.0,58,160,0.363,0.484,0.225,19,36,0.528,0.775,39,124,0.315,2022-23,Regular Season,Overall
201565,Derrick Rose,1610612752,NYK,34.0,27,27,1.0,61,159,0.384,0.443,0.604,42,96,0.438,0.396,19,63,0.302,2022-23,Regular Season,Overall
1629637,Jaxson Hayes,1610612740,NOP,23.0,47,42,1.0,86,156,0.551,0.561,0.814,83,127,0.654,0.186,3,29,0.103,2022-23,Regular Season,Overall
203585,Rodney McGruder,1610612765,DET,31.0,32,28,1.0,62,152,0.408,0.543,0.362,21,55,0.382,0.638,41,97,0.423,2022-23,Regular Season,Overall
203473,Dewayne Dedmon,1610612755,PHI,33.0,38,37,1.0,77,151,0.51,0.55,0.742,65,112,0.58,0.258,12,39,0.308,2022-23,Regular Season,Overall
1629676,Isaiah Roby,1610612752,NYK,25.0,41,35,1.0,65,151,0.43,0.49,0.616,47,93,0.505,0.384,18,58,0.31,2022-23,Regular Season,Overall
1631132,Christian Koloko,1610612761,TOR,23.0,58,50,1.0,72,150,0.48,0.483,0.92,71,138,0.514,0.08,1,12,0.083,2022-23,Regular Season,Overall
1629599,Amir Coffey,1610612746,LAC,26.0,50,34,1.0,56,145,0.386,0.424,0.724,45,105,0.429,0.276,11,40,0.275,2022-23,Regular Season,Overall
1629308,Juan Toscano-Anderson,1610612762,UTA,30.0,52,45,1.0,64,143,0.448,0.476,0.699,56,100,0.56,0.301,8,43,0.186,2022-23,Regular Season,Overall
1629162,Jordan McLaughlin,1610612750,MIN,27.0,42,42,1.0,60,143,0.42,0.5,0.462,37,66,0.561,0.538,23,77,0.299,2022-23,Regular Season,Overall
1629646,Charles Bassey,1610612759,SAS,22.0,35,31,1.0,87,135,0.644,0.656,0.941,84,127,0.661,0.059,3,8,0.375,2022-23,Regular Season,Overall
1630264,Anthony Gill,1610612764,WAS,30.0,59,44,1.0,71,132,0.538,0.553,0.78,67,103,0.65,0.22,4,29,0.138,2022-23,Regular Season,Overall
1628373,Frank Ntilikina,1610612742,DAL,24.0,47,38,1.0,48,132,0.364,0.428,0.492,31,65,0.477,0.508,17,67,0.254,2022-23,Regular Season,Overall
1630625,Dalano Banton,1610612761,TOR,23.0,31,29,1.0,55,131,0.42,0.477,0.611,40,80,0.5,0.389,15,51,0.294,2022-23,Regular Season,Overall
202397,Ish Smith,1610612743,DEN,34.0,43,31,1.0,52,131,0.397,0.405,0.908,50,119,0.42,0.092,2,12,0.167,2022-23,Regular Season,Overall
201933,Blake Griffin,1610612738,BOS,34.0,41,34,1.0,63,130,0.485,0.573,0.492,40,64,0.625,0.508,23,66,0.348,2022-23,Regular Season,Overall
201580,JaVale McGee,1610612742,DAL,35.0,42,39,1.0,80,125,0.64,0.648,0.96,78,120,0.65,0.04,2,5,0.4,2022-23,Regular Season,Overall
1629048,Goga Bitadze,1610612753,ORL,23.0,38,33,1.0,69,125,0.552,0.576,0.792,63,99,0.636,0.208,6,26,0.231,2022-23,Regular Season,Overall
201959,Taj Gibson,1610612764,WAS,38.0,49,43,1.0,65,125,0.52,0.552,0.808,57,101,0.564,0.192,8,24,0.333,2022-23,Regular Season,Overall
1631260,AJ Green,1610612749,MIL,23.0,35,27,1.0,53,125,0.424,0.6,0.16,9,20,0.45,0.84,44,105,0.419,2022-23,Regular Season,Overall
1629678,Admiral Schofield,1610612753,ORL,26.0,37,29,1.0,55,122,0.451,0.549,0.393,31,48,0.646,0.607,24,74,0.324,2022-23,Regular Season,Overall
1630527,Brandon Boston,1610612746,LAC,21.0,22,20,1.0,51,122,0.418,0.467,0.762,39,93,0.419,0.238,12,29,0.414,2022-23,Regular Season,Overall
1629643,Chuma Okeke,1610612753,ORL,24.0,27,27,1.0,43,122,0.352,0.459,0.295,17,36,0.472,0.705,26,86,0.302,2022-23,Regular Season,Overall
1626169,Stanley Johnson,1610612762,UTA,27.0,29,29,1.0,64,121,0.529,0.603,0.669,46,81,0.568,0.331,18,40,0.45,2022-23,Regular Season,Overall
1630240,Saben Lee,1610612756,PHX,24.0,25,22,1.0,49,121,0.405,0.45,0.752,38,91,0.418,0.248,11,30,0.367,2022-23,Regular Season,Overall
1630539,Kai Jones,1610612766,CHA,22.0,46,39,1.0,67,120,0.558,0.575,0.842,63,101,0.624,0.158,4,19,0.211,2022-23,Regular Season,Overall
201599,DeAndre Jordan,1610612743,DEN,34.0,39,37,1.0,88,115,0.765,0.77,0.991,87,114,0.763,0.009,1,1,1.0,2022-23,Regular Season,Overall
202693,Markieff Morris,1610612742,DAL,33.0,35,33,1.0,47,115,0.409,0.53,0.383,19,44,0.432,0.617,28,71,0.394,2022-23,Regular Season,Overall
1627823,Juancho Hernangomez,1610612761,TOR,27.0,42,34,1.0,48,114,0.421,0.496,0.412,31,47,0.66,0.588,17,67,0.254,2022-23,Regular Season,Overall
1628981,Bruno Fernando,1610612737,ATL,24.0,39,35,1.0,59,112,0.527,0.527,0.964,59,108,0.546,0.036,0,4,0.0,2022-23,Regular Season,Overall
1630568,Luka Garza,1610612750,MIN,24.0,27,25,1.0,61,111,0.55,0.613,0.658,47,73,0.644,0.342,14,38,0.368,2022-23,Regular Season,Overall
1627788,Furkan Korkmaz,1610612755,PHI,25.0,37,30,1.0,48,111,0.432,0.514,0.586,30,65,0.462,0.414,18,46,0.391,2022-23,Regular Season,Overall
203526,Raul Neto,1610612739,CLE,31.0,48,36,1.0,57,110,0.518,0.573,0.618,45,68,0.662,0.382,12,42,0.286,2022-23,Regular Season,Overall
1631116,Patrick Baldwin Jr.,1610612744,GSW,20.0,31,24,1.0,43,109,0.394,0.541,0.229,11,25,0.44,0.771,32,84,0.381,2022-23,Regular Season,Overall
203476,Gorgui Dieng,1610612759,SAS,33.0,30,26,1.0,42,109,0.385,0.477,0.339,22,37,0.595,0.661,20,72,0.278,2022-23,Regular Season,Overall
1629750,Javonte Green,1610612741,CHI,29.0,32,29,1.0,61,108,0.565,0.625,0.676,48,73,0.658,0.324,13,35,0.371,2022-23,Regular Season,Overall
1630579,Jericho Sims,1610612752,NYK,24.0,52,39,1.0,83,107,0.776,0.776,0.991,83,106,0.783,0.009,0,1,0.0,2022-23,Regular Season,Overall
1630284,Kevon Harris,1610612753,ORL,26.0,34,29,1.0,47,107,0.439,0.514,0.598,31,64,0.484,0.402,16,43,0.372,2022-23,Regular Season,Overall
1630346,Matt Ryan,1610612750,MIN,26.0,33,26,1.0,40,107,0.374,0.523,0.224,8,24,0.333,0.776,32,83,0.386,2022-23,Regular Season,Overall
1631108,Max Christie,1610612747,LAL,20.0,41,32,1.0,44,106,0.415,0.538,0.415,18,44,0.409,0.585,26,62,0.419,2022-23,Regular Season,Overall
1630548,Johnny Juzang,1610612762,UTA,22.0,18,18,1.0,35,104,0.337,0.409,0.394,20,41,0.488,0.606,15,63,0.238,2022-23,Regular Season,Overall
1630577,Julian Champagnie,1610612759,SAS,22.0,15,15,1.0,43,100,0.43,0.545,0.36,20,36,0.556,0.64,23,64,0.359,2022-23,Regular Season,Overall
1630593,McKinley Wright IV,1610612742,DAL,24.0,27,22,1.0,46,98,0.469,0.515,0.714,37,70,0.529,0.286,9,28,0.321,2022-23,Regular Season,Overall
1629650,Moses Brown,1610612746,LAC,23.0,36,28,1.0,61,96,0.635,0.635,1.0,61,96,0.635,0.0,0,0,,2022-23,Regular Season,Overall
1631222,Jake LaRavia,1610612763,MEM,21.0,35,27,1.0,37,95,0.389,0.516,0.253,13,24,0.542,0.747,24,71,0.338,2022-23,Regular Season,Overall
203109,Jae Crowder,1610612749,MIL,32.0,18,18,1.0,45,94,0.479,0.606,0.415,21,39,0.538,0.585,24,55,0.436,2022-23,Regular Season,Overall
1631254,Kenneth Lofton Jr.,1610612763,MEM,20.0,24,21,1.0,49,93,0.527,0.559,0.817,43,76,0.566,0.183,6,17,0.353,2022-23,Regular Season,Overall
1630556,Kessler Edwards,1610612758,SAC,22.0,36,30,1.0,36,93,0.387,0.478,0.409,19,38,0.5,0.591,17,55,0.309,2022-23,Regular Season,Overall
1626158,Richaun Holmes,1610612758,SAC,29.0,42,32,1.0,55,89,0.618,0.646,0.91,50,81,0.617,0.09,5,8,0.625,2022-23,Regular Season,Overall
1631115,Orlando Robinson,1610612748,MIA,22.0,31,28,1.0,47,89,0.528,0.528,0.933,47,83,0.566,0.067,0,6,0.0,2022-23,Regular Season,Overall
1630184,Kira Lewis Jr.,1610612740,NOP,22.0,25,21,1.0,40,88,0.455,0.54,0.614,25,54,0.463,0.386,15,34,0.441,2022-23,Regular Season,Overall
1629033,Theo Pinson,1610612742,DAL,27.0,40,24,1.0,31,87,0.356,0.483,0.287,9,25,0.36,0.713,22,62,0.355,2022-23,Regular Season,Overall
1627745,Damian Jones,1610612762,UTA,28.0,41,27,1.0,55,86,0.64,0.698,0.802,45,69,0.652,0.198,10,17,0.588,2022-23,Regular Season,Overall
1628432,Davon Reed,1610612743,DEN,28.0,43,29,1.0,28,84,0.333,0.435,0.452,11,38,0.289,0.548,17,46,0.37,2022-23,Regular Season,Overall
1631113,Kennedy Chandler,1610612763,MEM,20.0,36,26,1.0,35,83,0.422,0.434,0.819,33,68,0.485,0.181,2,15,0.133,2022-23,Regular Season,Overall
1627854,Bryn Forbes,1610612750,MIN,29.0,25,23,1.0,30,83,0.361,0.446,0.446,16,37,0.432,0.554,14,46,0.304,2022-23,Regular Season,Overall
1630233,Nathan Knight,1610612750,MIN,25.0,37,25,1.0,45,80,0.563,0.613,0.725,37,58,0.638,0.275,8,22,0.364,2022-23,Regular Season,Overall
1630561,David Duke Jr.,1610612751,BKN,23.0,23,19,1.0,36,78,0.462,0.468,0.846,35,66,0.53,0.154,1,12,0.083,2022-23,Regular Season,Overall
1631230,Dominick Barlow,1610612759,SAS,20.0,26,23,1.0,42,76,0.553,0.553,0.947,42,72,0.583,0.053,0,4,0.0,2022-23,Regular Season,Overall
201577,Robin Lopez,1610612739,CLE,35.0,37,27,1.0,48,75,0.64,0.653,0.947,46,71,0.648,0.053,2,4,0.5,2022-23,Regular Season,Overall
1630678,Terry Taylor,1610612741,CHI,23.0,31,24,1.0,39,75,0.52,0.553,0.747,34,56,0.607,0.253,5,19,0.263,2022-23,Regular Season,Overall
1628962,Udoka Azubuike,1610612762,UTA,23.0,36,24,1.0,59,72,0.819,0.819,1.0,59,72,0.819,0.0,0,0,,2022-23,Regular Season,Overall
1631207,Dalen Terry,1610612741,CHI,20.0,37,26,1.0,30,70,0.429,0.479,0.614,23,43,0.535,0.386,7,27,0.259,2022-23,Regular Season,Overall
1627780,Gary Payton II,1610612744,GSW,30.0,22,20,1.0,41,69,0.594,0.688,0.623,28,43,0.651,0.377,13,26,0.5,2022-23,Regular Season,Overall
1631107,Nikola Jović,1610612748,MIA,20.0,15,13,1.0,28,69,0.406,0.464,0.493,20,34,0.588,0.507,8,35,0.229,2022-23,Regular Season,Overall
1631288,Jamal Cain,1610612748,MIA,24.0,18,16,1.0,37,66,0.561,0.614,0.697,30,46,0.652,0.303,7,20,0.35,2022-23,Regular Season,Overall
1626163,Frank Kaminsky,1610612745,HOU,30.0,36,24,1.0,31,63,0.492,0.595,0.476,18,30,0.6,0.524,13,33,0.394,2022-23,Regular Season,Overall
1630219,Skylar Mays,1610612757,POR,25.0,5,5,1.0,30,61,0.492,0.582,0.623,19,38,0.5,0.377,11,23,0.478,2022-23,Regular Season,Overall
1626246,Boban Marjanovic,1610612745,HOU,34.0,31,23,1.0,41,60,0.683,0.683,0.983,41,59,0.695,0.017,0,1,0.0,2022-23,Regular Season,Overall
1630235,Trent Forrest,1610612737,ATL,25.0,23,19,1.0,25,60,0.417,0.417,0.967,25,58,0.431,0.033,0,2,0.0,2022-23,Regular Season,Overall
203469,Cody Zeller,1610612748,MIA,30.0,15,15,1.0,37,59,0.627,0.627,0.966,37,57,0.649,0.034,0,2,0.0,2022-23,Regular Season,Overall
1631212,Peyton Watson,1610612743,DEN,20.0,23,18,1.0,29,59,0.492,0.542,0.763,23,45,0.511,0.237,6,14,0.429,2022-23,Regular Season,Overall
1629677,Luka Samanic,1610612762,UTA,23.0,7,7,1.0,26,57,0.456,0.526,0.456,18,26,0.692,0.544,8,31,0.258,2022-23,Regular Season,Overall
1630288,Jeff Dowtin Jr.,1610612761,TOR,26.0,25,18,1.0,25,57,0.439,0.482,0.719,20,41,0.488,0.281,5,16,0.313,2022-23,Regular Season,Overall
202689,Kemba Walker,1610612742,DAL,33.0,9,9,1.0,24,57,0.421,0.482,0.509,17,29,0.586,0.491,7,28,0.25,2022-23,Regular Season,Overall
201586,Serge Ibaka,1610612749,MIL,33.0,16,16,1.0,26,54,0.481,0.537,0.667,20,36,0.556,0.333,6,18,0.333,2022-23,Regular Season,Overall
1628371,Jonathan Isaac,1610612753,ORL,25.0,11,11,1.0,22,53,0.415,0.472,0.717,16,38,0.421,0.283,6,15,0.4,2022-23,Regular Season,Overall
1629603,Mamadi Diakite,1610612739,CLE,26.0,22,19,1.0,24,50,0.48,0.55,0.58,17,29,0.586,0.42,7,21,0.333,2022-23,Regular Season,Overall
203521,Matthew Dellavedova,1610612758,SAC,32.0,32,21,1.0,17,50,0.34,0.43,0.46,8,23,0.348,0.54,9,27,0.333,2022-23,Regular Season,Overall
201980,Danny Green,1610612739,CLE,36.0,11,10,1.0,22,49,0.449,0.612,0.245,6,12,0.5,0.755,16,37,0.432,2022-23,Regular Season,Overall
201949,James Johnson,1610612754,IND,36.0,18,14,1.0,22,49,0.449,0.48,0.694,19,34,0.559,0.306,3,15,0.2,2022-23,Regular Season,Overall
1631217,Moussa Diabaté,1610612746,LAC,21.0,22,15,1.0,24,47,0.511,0.521,0.957,23,45,0.511,0.043,1,2,0.5,2022-23,Regular Season,Overall
203648,Thanasis Antetokounmpo,1610612749,MIL,30.0,37,17,1.0,20,46,0.435,0.435,0.826,20,38,0.526,0.174,0,8,0.0,2022-23,Regular Season,Overall
1630696,Dru Smith,1610612751,BKN,25.0,15,12,1.0,18,45,0.4,0.456,0.578,13,26,0.5,0.422,5,19,0.263,2022-23,Regular Season,Overall
202066,Garrett Temple,1610612740,NOP,37.0,25,21,1.0,18,45,0.4,0.522,0.422,7,19,0.368,0.578,11,26,0.423,2022-23,Regular Season,Overall
1630639,A.J. Lawson,1610612742,DAL,22.0,15,12,1.0,22,44,0.5,0.614,0.432,12,19,0.632,0.568,10,25,0.4,2022-23,Regular Season,Overall
1628464,Daniel Theis,1610612754,IND,31.0,7,7,1.0,21,44,0.477,0.5,0.75,19,33,0.576,0.25,2,11,0.182,2022-23,Regular Season,Overall
1631197,Jared Rhoden,1610612765,DET,23.0,14,12,1.0,17,44,0.386,0.443,0.545,12,24,0.5,0.455,5,20,0.25,2022-23,Regular Season,Overall
1631111,Wendell Moore Jr.,1610612750,MIN,21.0,28,21,1.0,18,43,0.419,0.442,0.605,16,26,0.615,0.395,2,17,0.118,2022-23,Regular Season,Overall
1629633,Jarrett Culver,1610612737,ATL,24.0,10,9,1.0,17,43,0.395,0.407,0.721,16,31,0.516,0.279,1,12,0.083,2022-23,Regular Season,Overall
1631245,Quenton Jackson,1610612764,WAS,24.0,9,9,1.0,19,42,0.452,0.464,0.714,18,30,0.6,0.286,1,12,0.083,2022-23,Regular Season,Overall
1631219,John Butler Jr.,1610612757,POR,20.0,18,11,1.0,13,42,0.31,0.381,0.31,7,13,0.538,0.69,6,29,0.207,2022-23,Regular Season,Overall
1630554,Jason Preston,1610612746,LAC,23.0,14,12,1.0,18,41,0.439,0.5,0.561,13,23,0.565,0.439,5,18,0.278,2022-23,Regular Season,Overall
1631246,Vince Williams Jr.,1610612763,MEM,22.0,15,12,1.0,12,40,0.3,0.35,0.3,8,12,0.667,0.7,4,28,0.143,2022-23,Regular Season,Overall
1629644,KZ Okpala,1610612758,SAC,24.0,35,18,1.0,16,38,0.421,0.513,0.447,9,17,0.529,0.553,7,21,0.333,2022-23,Regular Season,Overall
1629623,Lindell Wigginton,1610612749,MIL,25.0,7,5,1.0,18,37,0.486,0.568,0.514,12,19,0.632,0.486,6,18,0.333,2022-23,Regular Season,Overall
1630249,Vít Krejčí,1610612737,ATL,23.0,29,18,1.0,15,37,0.405,0.473,0.432,10,16,0.625,0.568,5,21,0.238,2022-23,Regular Season,Overall
1627853,Ryan Arcidiacono,1610612752,NYK,29.0,20,11,1.0,9,37,0.243,0.351,0.378,1,14,0.071,0.622,8,23,0.348,2022-23,Regular Season,Overall
1628998,Cody Martin,1610612766,CHA,27.0,7,6,1.0,14,36,0.389,0.431,0.611,11,22,0.5,0.389,3,14,0.214,2022-23,Regular Season,Overall
203457,Nerlens Noel,1610612751,BKN,29.0,17,15,1.0,13,36,0.361,0.375,0.944,12,34,0.353,0.056,1,2,0.5,2022-23,Regular Season,Overall
1630531,Jaden Springer,1610612755,PHI,20.0,16,14,1.0,17,35,0.486,0.514,0.857,15,30,0.5,0.143,2,5,0.4,2022-23,Regular Season,Overall
1631169,Josh Minott,1610612750,MIN,20.0,14,11,1.0,18,34,0.529,0.559,0.824,16,28,0.571,0.176,2,6,0.333,2022-23,Regular Season,Overall
1628408,PJ Dozier,1610612758,SAC,26.0,16,11,1.0,10,33,0.303,0.333,0.515,8,17,0.471,0.485,2,16,0.125,2022-23,Regular Season,Overall
203920,Khem Birch,1610612759,SAS,30.0,20,15,1.0,19,32,0.594,0.609,0.938,18,30,0.6,0.063,1,2,0.5,2022-23,Regular Season,Overall
1630215,Jared Butler,1610612760,OKC,22.0,6,5,1.0,15,32,0.469,0.578,0.563,8,18,0.444,0.438,7,14,0.5,2022-23,Regular Season,Overall
203458,Alex Len,1610612758,SAC,30.0,26,15,1.0,16,30,0.533,0.533,0.933,16,28,0.571,0.067,0,2,0.0,2022-23,Regular Season,Overall
1630846,Olivier Sarr,1610612760,OKC,24.0,9,7,1.0,15,30,0.5,0.517,0.733,14,22,0.636,0.267,1,8,0.125,2022-23,Regular Season,Overall
203490,Otto Porter Jr.,1610612761,TOR,30.0,8,8,1.0,15,30,0.5,0.6,0.433,9,13,0.692,0.567,6,17,0.353,2022-23,Regular Season,Overall
1631466,Nate Williams,1610612757,POR,24.0,4,4,1.0,16,29,0.552,0.603,0.759,13,22,0.591,0.241,3,7,0.429,2022-23,Regular Season,Overall
203086,Meyers Leonard,1610612749,MIL,31.0,9,9,1.0,14,29,0.483,0.603,0.379,7,11,0.636,0.621,7,18,0.389,2022-23,Regular Season,Overall
2617,Udonis Haslem,1610612748,MIA,43.0,7,7,1.0,10,29,0.345,0.397,0.69,7,20,0.35,0.31,3,9,0.333,2022-23,Regular Season,Overall
1630243,Trevelin Queen,1610612755,PHI,26.0,7,7,1.0,7,29,0.241,0.276,0.483,5,14,0.357,0.517,2,15,0.133,2022-23,Regular Season,Overall
1641645,Xavier Cooks,1610612764,WAS,27.0,10,6,1.0,17,28,0.607,0.607,0.964,17,27,0.63,0.036,0,1,0.0,2022-23,Regular Season,Overall
1627885,Shaquille Harrison,1610612747,LAL,29.0,4,4,1.0,12,28,0.429,0.482,0.714,9,20,0.45,0.286,3,8,0.375,2022-23,Regular Season,Overall
1630600,Isaiah Mobley,1610612739,CLE,23.0,12,8,1.0,12,28,0.429,0.482,0.714,9,20,0.45,0.286,3,8,0.375,2022-23,Regular Season,Overall
1630535,Greg Brown III,1610612757,POR,21.0,16,12,1.0,11,28,0.393,0.411,0.75,10,21,0.476,0.25,1,7,0.143,2022-23,Regular Season,Overall
1631160,Jordan Hall,1610612759,SAS,21.0,9,8,1.0,9,28,0.321,0.375,0.464,6,13,0.462,0.536,3,15,0.2,2022-23,Regular Season,Overall
1630209,Omer Yurtseven,1610612748,MIA,25.0,9,9,1.0,16,27,0.593,0.648,0.741,13,20,0.65,0.259,3,7,0.429,2022-23,Regular Season,Overall
1628382,Justin Jackson,1610612738,BOS,28.0,23,15,1.0,7,27,0.259,0.352,0.259,2,7,0.286,0.741,5,20,0.25,2022-23,Regular Season,Overall
1631205,Buddy Boeheim,1610612765,DET,23.0,10,7,1.0,5,27,0.185,0.259,0.074,1,2,0.5,0.926,4,25,0.16,2022-23,Regular Season,Overall
1630563,Joshua Primo,1610612759,SAS,20.0,4,4,1.0,9,26,0.346,0.404,0.538,6,14,0.429,0.462,3,12,0.25,2022-23,Regular Season,Overall
1630643,Jay Huff,1610612764,WAS,25.0,7,5,1.0,15,25,0.6,0.72,0.52,9,13,0.692,0.48,6,12,0.5,2022-23,Regular Season,Overall
203943,Noah Vonleh,1610612738,BOS,27.0,23,10,1.0,11,24,0.458,0.479,0.833,10,20,0.5,0.167,1,4,0.25,2022-23,Regular Season,Overall
1631213,Tyrese Martin,1610612737,ATL,24.0,16,11,1.0,9,23,0.391,0.413,0.696,8,16,0.5,0.304,1,7,0.143,2022-23,Regular Season,Overall
1630241,Sam Merrill,1610612739,CLE,27.0,5,5,1.0,9,22,0.409,0.523,0.182,4,4,1.0,0.818,5,18,0.278,2022-23,Regular Season,Overall
1628221,Gabe York,1610612754,IND,29.0,3,3,1.0,8,21,0.381,0.524,0.143,2,3,0.667,0.857,6,18,0.333,2022-23,Regular Season,Overall
1630644,Mac McClung,1610612755,PHI,24.0,2,2,1.0,9,20,0.45,0.55,0.45,5,9,0.556,0.55,4,11,0.364,2022-23,Regular Season,Overall
1631157,Ryan Rollins,1610612744,GSW,20.0,12,9,1.0,7,20,0.35,0.425,0.55,4,11,0.364,0.45,3,9,0.333,2022-23,Regular Season,Overall
1631120,JD Davison,1610612738,BOS,20.0,12,7,1.0,8,19,0.421,0.474,0.632,6,12,0.5,0.368,2,7,0.286,2022-23,Regular Season,Overall
1631298,Jack White,1610612743,DEN,25.0,17,9,1.0,8,19,0.421,0.5,0.526,5,10,0.5,0.474,3,9,0.333,2022-23,Regular Season,Overall
1630195,Leandro Bolmaro,1610612762,UTA,22.0,14,11,1.0,3,19,0.158,0.158,0.789,3,15,0.2,0.211,0,4,0.0,2022-23,Regular Season,Overall
1630225,Isaiah Todd,1610612764,WAS,21.0,6,5,1.0,3,18,0.167,0.194,0.444,2,8,0.25,0.556,1,10,0.1,2022-23,Regular Season,Overall
1631199,Ron Harper Jr.,1610612761,TOR,23.0,9,8,1.0,8,16,0.5,0.594,0.438,5,7,0.714,0.563,3,9,0.333,2022-23,Regular Season,Overall
1631165,Keon Ellis,1610612758,SAC,23.0,16,8,1.0,7,16,0.438,0.625,0.25,1,4,0.25,0.75,6,12,0.5,2022-23,Regular Season,Overall
1630695,Micah Potter,1610612762,UTA,25.0,7,4,1.0,10,15,0.667,0.8,0.533,6,8,0.75,0.467,4,7,0.571,2022-23,Regular Season,Overall
1630551,Justin Champagnie,1610612738,BOS,22.0,5,3,1.0,5,15,0.333,0.367,0.667,4,10,0.4,0.333,1,5,0.2,2022-23,Regular Season,Overall
1631303,Justin Minaya,1610612757,POR,24.0,3,3,1.0,4,15,0.267,0.333,0.4,2,6,0.333,0.6,2,9,0.222,2022-23,Regular Season,Overall
1629714,Jarrell Brantley,1610612762,UTA,27.0,4,3,1.0,8,14,0.571,0.714,0.357,4,5,0.8,0.643,4,9,0.444,2022-23,Regular Season,Overall
1631123,Jamaree Bouyea,1610612748,MIA,24.0,5,4,1.0,6,14,0.429,0.5,0.571,4,8,0.5,0.429,2,6,0.333,2022-23,Regular Season,Overall
203487,Michael Carter-Williams,1610612753,ORL,31.0,4,3,1.0,6,14,0.429,0.464,0.786,5,11,0.455,0.214,1,3,0.333,2022-23,Regular Season,Overall
1630637,Carlik Jones,1610612741,CHI,25.0,6,4,1.0,5,14,0.357,0.464,0.571,2,8,0.25,0.429,3,6,0.5,2022-23,Regular Season,Overall
1630580,Joe Wieskamp,1610612761,TOR,23.0,9,4,1.0,3,14,0.214,0.321,0.143,0,2,0.0,0.857,3,12,0.25,2022-23,Regular Season,Overall
1629663,Louis King,1610612755,PHI,24.0,1,1,1.0,8,13,0.615,0.769,0.385,4,5,0.8,0.615,4,8,0.5,2022-23,Regular Season,Overall
1630267,Facundo Campazzo,1610612742,DAL,32.0,8,4,1.0,3,13,0.231,0.346,0.154,0,2,0.0,0.846,3,11,0.273,2022-23,Regular Season,Overall
1630564,RaiQuan Gray,1610612751,BKN,23.0,1,1,1.0,6,12,0.5,0.583,0.583,4,7,0.571,0.417,2,5,0.4,2022-23,Regular Season,Overall
1630620,Darius Days,1610612745,HOU,23.0,4,4,1.0,5,12,0.417,0.542,0.167,2,2,1.0,0.833,3,10,0.3,2022-23,Regular Season,Overall
2738,Andre Iguodala,1610612744,GSW,39.0,7,6,1.0,5,12,0.417,0.417,0.417,5,5,1.0,0.583,0,7,0.0,2022-23,Regular Season,Overall
1630590,Scotty Pippen Jr.,1610612747,LAL,22.0,6,5,1.0,4,12,0.333,0.375,0.75,3,9,0.333,0.25,1,3,0.333,2022-23,Regular Season,Overall
1628396,Tony Bradley,1610612741,CHI,25.0,11,8,1.0,6,11,0.545,0.682,0.545,3,6,0.5,0.455,3,5,0.6,2022-23,Regular Season,Overall
1630270,Xavier Sneed,1610612766,CHA,25.0,4,4,1.0,5,10,0.5,0.65,0.4,2,4,0.5,0.6,3,6,0.5,2022-23,Regular Season,Overall
1629674,Neemias Queta,1610612758,SAC,23.0,5,3,1.0,6,9,0.667,0.667,1.0,6,9,0.667,0.0,0,0,,2022-23,Regular Season,Overall
1631306,Cole Swider,1610612747,LAL,24.0,7,4,1.0,3,9,0.333,0.5,0.111,0,1,0.0,0.889,3,8,0.375,2022-23,Regular Season,Overall
1629875,Xavier Moon,1610612746,LAC,28.0,4,3,1.0,3,9,0.333,0.389,0.667,2,6,0.333,0.333,1,3,0.333,2022-23,Regular Season,Overall
1631309,Trevor Hudgins,1610612745,HOU,24.0,5,2,1.0,2,9,0.222,0.333,0.111,0,1,0.0,0.889,2,8,0.25,2022-23,Regular Season,Overall
1629653,Devon Dotson,1610612764,WAS,23.0,6,5,1.0,1,9,0.111,0.167,0.667,0,6,0.0,0.333,1,3,0.333,2022-23,Regular Season,Overall
1630176,Vernon Carey Jr.,1610612762,UTA,22.0,11,5,1.0,2,8,0.25,0.25,1.0,2,8,0.25,0.0,0,0,,2022-23,Regular Season,Overall
1630206,Jay Scrubb,1610612753,ORL,22.0,2,2,1.0,5,7,0.714,0.857,0.714,3,5,0.6,0.286,2,2,1.0,2022-23,Regular Season,Overall
1631112,Kendall Brown,1610612754,IND,20.0,6,4,1.0,4,7,0.571,0.571,0.857,4,6,0.667,0.143,0,1,0.0,2022-23,Regular Season,Overall
1630250,Marko Simonovic,1610612741,CHI,23.0,6,4,1.0,2,7,0.286,0.357,0.429,1,3,0.333,0.571,1,4,0.25,2022-23,Regular Season,Overall
1629662,Mfiondu Kabengele,1610612738,BOS,25.0,4,3,1.0,2,7,0.286,0.286,0.571,2,4,0.5,0.429,0,3,0.0,2022-23,Regular Season,Overall
1628993,Alize Johnson,1610612759,SAS,27.0,4,2,1.0,3,6,0.5,0.5,0.667,3,4,0.75,0.333,0,2,0.0,2022-23,Regular Season,Overall
1628424,Kobi Simmons,1610612766,CHA,25.0,5,3,1.0,1,6,0.167,0.25,0.167,0,1,0.0,0.833,1,5,0.2,2022-23,Regular Season,Overall
1628416,Tyler Dorsey,1610612742,DAL,27.0,3,2,1.0,4,5,0.8,0.9,0.6,3,3,1.0,0.4,1,2,0.5,2022-23,Regular Season,Overall
1628435,Chance Comanche,1610612757,POR,27.0,1,1,1.0,3,5,0.6,0.6,1.0,3,5,0.6,0.0,0,0,,2022-23,Regular Season,Overall
1631220,Dereon Seabron,1610612740,NOP,23.0,5,3,1.0,2,5,0.4,0.4,1.0,2,5,0.4,0.0,0,0,,2022-23,Regular Season,Overall
1631495,Donovan Williams,1610612737,ATL,21.0,2,2,1.0,2,5,0.4,0.4,0.6,2,3,0.667,0.4,0,2,0.0,2022-23,Regular Season,Overall
1631311,Lester Quinones,1610612744,GSW,22.0,4,3,1.0,2,5,0.4,0.6,0.2,0,1,0.0,0.8,2,4,0.5,2022-23,Regular Season,Overall
1630792,Malcolm Hill,1610612741,CHI,27.0,4,1,1.0,2,4,0.5,0.625,0.25,1,1,1.0,0.75,1,3,0.333,2022-23,Regular Season,Overall
1631211,Trevor Keels,1610612752,NYK,19.0,3,3,1.0,1,4,0.25,0.375,0.0,0,0,,1.0,1,4,0.25,2022-23,Regular Season,Overall
1628425,Sterling Brown,1610612747,LAL,28.0,4,2,1.0,0,4,0.0,0.0,0.5,0,2,0.0,0.5,0,2,0.0,2022-23,Regular Season,Overall
1629685,Dylan Windler,1610612739,CLE,26.0,3,2,1.0,2,3,0.667,0.833,0.333,1,1,1.0,0.667,1,2,0.5,2022-23,Regular Season,Overall
1631367,Jacob Gilyard,1610612763,MEM,24.0,1,1,1.0,1,3,0.333,0.5,0.0,0,0,,1.0,1,3,0.333,2022-23,Regular Season,Overall
1628402,Frank Jackson,1610612756,PHX,25.0,1,1,1.0,0,3,0.0,0.0,0.667,0,2,0.0,0.333,0,1,0.0,2022-23,Regular Season,Overall
1631320,Chima Moneke,1610612758,SAC,27.0,2,2,1.0,1,2,0.5,0.5,1.0,1,2,0.5,0.0,0,0,,2022-23,Regular Season,Overall
1630648,Jordan Schakel,1610612764,WAS,25.0,2,1,1.0,1,2,0.5,0.75,0.5,0,1,0.0,0.5,1,1,1.0,2022-23,Regular Season,Overall
1629126,Deonte Burton,1610612758,SAC,29.0,2,2,1.0,0,2,0.0,0.0,0.5,0,1,0.0,0.5,0,1,0.0,2022-23,Regular Season,Overall
1629735,Chris Silva,1610612737,ATL,26.0,1,1,1.0,1,1,1.0,1.0,1.0,1,1,1.0,0.0,0,0,,2022-23,Regular Season,Overall
1630296,Braxton Key,1610612765,DET,26.0,3,1,1.0,1,1,1.0,1.0,1.0,1,1,1.0,0.0,0,0,,2022-23,Regular Season,Overall
1630649,Stanley Umude,1610612765,DET,24.0,1,1,1.0,0,1,0.0,0.0,0.0,0,0,,1.0,0,1,0.0,2022-23,Regular Season,Overall
202691,Klay Thompson,1610612744,GSW,33.0,68,68,0.486,249,603,0.413,0.598,0.052,26,64,0.406,0.434,223,539,0.414,2022-23,Regular Season,Catch and Shoot
202696,Nikola Vucevic,1610612741,CHI,32.0,81,80,0.452,204,509,0.401,0.52,0.148,83,167,0.497,0.303,121,342,0.354,2022-23,Regular Season,Catch and Shoot
1627736,Malik Beasley,1610612747,LAL,26.0,81,81,0.539,183,505,0.362,0.534,0.021,10,20,0.5,0.518,173,485,0.357,2022-23,Regular Season,Catch and Shoot
1627741,Buddy Hield,1610612754,IND,30.0,80,79,0.465,202,483,0.418,0.626,0.004,1,4,0.25,0.461,201,479,0.42,2022-23,Regular Season,Catch and Shoot
1629622,Max Strus,1610612748,MIA,27.0,80,78,0.606,174,479,0.363,0.543,0.004,2,3,0.667,0.603,172,476,0.361,2022-23,Regular Season,Catch and Shoot
1631099,Keegan Murray,1610612758,SAC,22.0,80,80,0.606,195,474,0.411,0.614,0.012,3,9,0.333,0.595,192,465,0.413,2022-23,Regular Season,Catch and Shoot
1628374,Lauri Markkanen,1610612762,UTA,26.0,66,66,0.405,191,464,0.412,0.609,0.012,8,14,0.571,0.393,183,450,0.407,2022-23,Regular Season,Catch and Shoot
1630530,Trey Murphy III,1610612740,NOP,23.0,79,79,0.576,186,460,0.404,0.602,0.016,4,13,0.308,0.559,182,447,0.407,2022-23,Regular Season,Catch and Shoot
203501,Tim Hardaway Jr.,1610612742,DAL,31.0,71,71,0.521,175,441,0.397,0.586,0.019,8,16,0.5,0.502,167,425,0.393,2022-23,Regular Season,Catch and Shoot
1628969,Mikal Bridges,1610612751,BKN,26.0,83,80,0.324,158,411,0.384,0.556,0.038,17,48,0.354,0.287,141,363,0.388,2022-23,Regular Season,Catch and Shoot
203944,Julius Randle,1610612752,NYK,28.0,77,77,0.274,137,392,0.349,0.514,0.013,8,18,0.444,0.261,129,374,0.345,2022-23,Regular Season,Catch and Shoot
203493,Reggie Bullock Jr.,1610612742,DAL,32.0,78,77,0.811,148,381,0.388,0.583,0.009,0,4,0.0,0.802,148,377,0.393,2022-23,Regular Season,Catch and Shoot
201572,Brook Lopez,1610612749,MIL,35.0,78,78,0.42,148,378,0.392,0.557,0.056,23,50,0.46,0.365,125,328,0.381,2022-23,Regular Season,Catch and Shoot
1629008,Michael Porter Jr.,1610612743,DEN,25.0,62,62,0.459,172,375,0.459,0.656,0.045,24,37,0.649,0.414,148,338,0.438,2022-23,Regular Season,Catch and Shoot
1629023,P.J. Washington,1610612766,CHA,24.0,73,73,0.381,126,371,0.34,0.503,0.014,5,14,0.357,0.367,121,357,0.339,2022-23,Regular Season,Catch and Shoot
1628989,Kevin Huerter,1610612758,SAC,24.0,75,75,0.416,144,360,0.4,0.586,0.02,10,17,0.588,0.396,134,343,0.391,2022-23,Regular Season,Catch and Shoot
1627777,Georges Niang,1610612755,PHI,30.0,78,78,0.711,148,357,0.415,0.619,0.006,2,3,0.667,0.705,146,354,0.412,2022-23,Regular Season,Catch and Shoot
1630557,Corey Kispert,1610612764,WAS,24.0,74,74,0.608,153,356,0.43,0.64,0.01,3,6,0.5,0.597,150,350,0.429,2022-23,Regular Season,Catch and Shoot
1629656,Quentin Grimes,1610612752,NYK,23.0,71,71,0.588,142,354,0.401,0.599,0.007,2,4,0.5,0.581,140,350,0.4,2022-23,Regular Season,Catch and Shoot
1626220,Royce O'Neale,1610612751,BKN,30.0,76,76,0.598,139,354,0.393,0.589,0.002,0,1,0.0,0.596,139,353,0.394,2022-23,Regular Season,Catch and Shoot
1629673,Jordan Poole,1610612744,GSW,24.0,81,80,0.279,127,352,0.361,0.537,0.009,3,11,0.273,0.27,124,341,0.364,2022-23,Regular Season,Catch and Shoot
204001,Kristaps Porziņģis,1610612764,WAS,27.0,65,65,0.345,140,351,0.399,0.571,0.042,19,43,0.442,0.303,121,308,0.393,2022-23,Regular Season,Catch and Shoot
1629628,RJ Barrett,1610612752,NYK,23.0,73,72,0.298,114,350,0.326,0.481,0.011,5,13,0.385,0.287,109,337,0.323,2022-23,Regular Season,Catch and Shoot
203468,CJ McCollum,1610612740,NOP,31.0,75,75,0.259,139,348,0.399,0.591,0.019,6,26,0.231,0.24,133,322,0.413,2022-23,Regular Season,Catch and Shoot
203924,Jerami Grant,1610612757,POR,29.0,63,63,0.38,136,347,0.392,0.578,0.021,7,19,0.368,0.359,129,328,0.393,2022-23,Regular Season,Catch and Shoot
1628369,Jayson Tatum,1610612738,BOS,25.0,74,73,0.22,141,343,0.411,0.595,0.021,15,32,0.469,0.199,126,311,0.405,2022-23,Regular Season,Catch and Shoot
1628398,Kyle Kuzma,1610612764,WAS,27.0,64,63,0.299,115,342,0.336,0.499,0.012,4,14,0.286,0.287,111,328,0.338,2022-23,Regular Season,Catch and Shoot
1629652,Luguentz Dort,1610612760,OKC,24.0,74,74,0.391,111,341,0.326,0.488,0.002,0,2,0.0,0.388,111,339,0.327,2022-23,Regular Season,Catch and Shoot
1631095,Jabari Smith Jr.,1610612745,HOU,20.0,79,79,0.379,103,338,0.305,0.442,0.025,10,22,0.455,0.354,93,316,0.294,2022-23,Regular Season,Catch and Shoot
201143,Al Horford,1610612738,BOS,37.0,63,63,0.691,145,331,0.438,0.651,0.033,4,16,0.25,0.658,141,315,0.448,2022-23,Regular Season,Catch and Shoot
1627759,Jaylen Brown,1610612738,BOS,26.0,67,67,0.234,109,323,0.337,0.489,0.022,11,30,0.367,0.212,98,293,0.334,2022-23,Regular Season,Catch and Shoot
1627827,Dorian Finney-Smith,1610612751,BKN,30.0,66,66,0.637,110,319,0.345,0.514,0.006,2,3,0.667,0.631,108,316,0.342,2022-23,Regular Season,Catch and Shoot
1628384,OG Anunoby,1610612761,TOR,25.0,67,66,0.359,132,318,0.415,0.615,0.006,5,5,1.0,0.354,127,313,0.406,2022-23,Regular Season,Catch and Shoot
1628978,Donte DiVincenzo,1610612744,GSW,26.0,71,68,0.602,133,315,0.422,0.632,0.008,1,4,0.25,0.595,132,311,0.424,2022-23,Regular Season,Catch and Shoot
1629640,Keldon Johnson,1610612759,SAS,23.0,61,60,0.292,111,315,0.352,0.525,0.004,2,4,0.5,0.288,109,311,0.35,2022-23,Regular Season,Catch and Shoot
1628401,Derrick White,1610612738,BOS,28.0,82,81,0.413,121,313,0.387,0.58,0.004,0,3,0.0,0.409,121,310,0.39,2022-23,Regular Season,Catch and Shoot
1629018,Gary Trent Jr.,1610612761,TOR,24.0,66,65,0.334,125,312,0.401,0.598,0.009,2,8,0.25,0.325,123,304,0.405,2022-23,Regular Season,Catch and Shoot
201587,Nicolas Batum,1610612746,LAC,34.0,78,77,0.819,119,312,0.381,0.569,0.018,2,7,0.286,0.801,117,305,0.384,2022-23,Regular Season,Catch and Shoot
1630180,Saddiq Bey,1610612737,ATL,24.0,76,75,0.381,119,312,0.381,0.566,0.013,4,11,0.364,0.368,115,301,0.382,2022-23,Regular Season,Catch and Shoot
1630198,Isaiah Joe,1610612760,OKC,23.0,73,68,0.612,130,311,0.418,0.627,0.008,0,4,0.0,0.604,130,307,0.423,2022-23,Regular Season,Catch and Shoot
1630573,Sam Hauser,1610612738,BOS,25.0,80,74,0.783,132,310,0.426,0.637,0.008,1,3,0.333,0.775,131,307,0.427,2022-23,Regular Season,Catch and Shoot
1626192,Pat Connaughton,1610612749,MIL,30.0,61,60,0.732,103,308,0.334,0.5,0.002,1,1,1.0,0.729,102,307,0.332,2022-23,Regular Season,Catch and Shoot
1629001,De'Anthony Melton,1610612755,PHI,25.0,77,76,0.47,128,306,0.418,0.623,0.006,3,4,0.75,0.464,125,302,0.414,2022-23,Regular Season,Catch and Shoot
1627832,Fred VanVleet,1610612761,TOR,29.0,69,69,0.275,107,306,0.35,0.52,0.008,3,9,0.333,0.267,104,297,0.35,2022-23,Regular Season,Catch and Shoot
1629014,Anfernee Simons,1610612757,POR,24.0,62,62,0.29,119,303,0.393,0.587,0.002,1,2,0.5,0.288,118,301,0.392,2022-23,Regular Season,Catch and Shoot
202699,Tobias Harris,1610612755,PHI,30.0,74,70,0.356,115,301,0.382,0.566,0.017,4,14,0.286,0.34,111,287,0.387,2022-23,Regular Season,Catch and Shoot
203084,Harrison Barnes,1610612758,SAC,31.0,82,80,0.379,112,300,0.373,0.555,0.005,3,4,0.75,0.374,109,296,0.368,2022-23,Regular Season,Catch and Shoot
1628415,Dillon Brooks,1610612763,MEM,27.0,73,71,0.302,103,299,0.344,0.512,0.018,3,18,0.167,0.284,100,281,0.356,2022-23,Regular Season,Catch and Shoot
201939,Stephen Curry,1610612744,GSW,35.0,55,55,0.263,123,295,0.417,0.619,0.008,4,9,0.444,0.255,119,286,0.416,2022-23,Regular Season,Catch and Shoot
203484,Kentavious Caldwell-Pope,1610612743,DEN,30.0,76,73,0.465,132,294,0.449,0.65,0.044,14,28,0.5,0.421,118,266,0.444,2022-23,Regular Season,Catch and Shoot
203925,Joe Harris,1610612751,BKN,31.0,74,72,0.674,126,294,0.429,0.638,0.016,3,7,0.429,0.658,123,287,0.429,2022-23,Regular Season,Catch and Shoot
1626171,Bobby Portis,1610612749,MIL,28.0,70,68,0.366,122,294,0.415,0.575,0.056,28,45,0.622,0.31,94,249,0.378,2022-23,Regular Season,Catch and Shoot
203992,Bogdan Bogdanović,1610612737,ATL,30.0,54,54,0.468,120,286,0.42,0.596,0.047,19,29,0.655,0.421,101,257,0.393,2022-23,Regular Season,Catch and Shoot
1629632,Coby White,1610612741,CHI,23.0,73,71,0.486,112,286,0.392,0.584,0.003,2,2,1.0,0.482,110,284,0.387,2022-23,Regular Season,Catch and Shoot
1629631,De'Andre Hunter,1610612737,ATL,25.0,67,66,0.344,102,283,0.36,0.505,0.05,20,41,0.488,0.294,82,242,0.339,2022-23,Regular Season,Catch and Shoot
1629639,Tyler Herro,1610612748,MIA,23.0,67,65,0.254,110,282,0.39,0.576,0.007,5,8,0.625,0.247,105,274,0.383,2022-23,Regular Season,Catch and Shoot
203935,Marcus Smart,1610612738,BOS,29.0,61,58,0.46,96,277,0.347,0.516,0.007,2,4,0.5,0.453,94,273,0.344,2022-23,Regular Season,Catch and Shoot
1626156,D'Angelo Russell,1610612747,LAL,27.0,71,70,0.289,114,274,0.416,0.613,0.01,6,9,0.667,0.28,108,265,0.408,2022-23,Regular Season,Catch and Shoot
1626162,Kelly Oubre Jr.,1610612766,CHA,27.0,48,48,0.336,89,274,0.325,0.48,0.013,4,11,0.364,0.322,85,263,0.323,2022-23,Regular Season,Catch and Shoot
1630174,Aaron Nesmith,1610612754,IND,23.0,73,72,0.463,95,273,0.348,0.518,0.008,2,5,0.4,0.454,93,268,0.347,2022-23,Regular Season,Catch and Shoot
1628381,John Collins,1610612737,ATL,25.0,71,70,0.383,91,271,0.336,0.465,0.051,21,36,0.583,0.332,70,235,0.298,2022-23,Regular Season,Catch and Shoot
201569,Eric Gordon,1610612746,LAC,34.0,69,66,0.41,99,268,0.369,0.552,0.005,1,3,0.333,0.406,98,265,0.37,2022-23,Regular Season,Catch and Shoot
202694,Marcus Morris Sr.,1610612746,LAC,33.0,65,63,0.415,97,267,0.363,0.539,0.016,3,10,0.3,0.4,94,257,0.366,2022-23,Regular Season,Catch and Shoot
1627749,Dejounte Murray,1610612737,ATL,26.0,74,69,0.202,86,266,0.323,0.476,0.012,5,16,0.313,0.19,81,250,0.324,2022-23,Regular Season,Catch and Shoot
1626196,Josh Richardson,1610612740,NOP,29.0,64,63,0.486,101,265,0.381,0.558,0.022,7,12,0.583,0.464,94,253,0.372,2022-23,Regular Season,Catch and Shoot
1628991,Jaren Jackson Jr.,1610612763,MEM,23.0,63,62,0.322,94,265,0.355,0.528,0.009,2,7,0.286,0.314,92,258,0.357,2022-23,Regular Season,Catch and Shoot
1628960,Grayson Allen,1610612749,MIL,27.0,72,69,0.474,110,264,0.417,0.623,0.002,1,1,1.0,0.472,109,263,0.414,2022-23,Regular Season,Catch and Shoot
1626167,Myles Turner,1610612754,IND,27.0,62,61,0.36,104,264,0.394,0.551,0.055,21,40,0.525,0.306,83,224,0.371,2022-23,Regular Season,Catch and Shoot
201567,Kevin Love,1610612748,MIA,34.0,62,61,0.623,90,264,0.341,0.498,0.047,7,20,0.35,0.575,83,244,0.34,2022-23,Regular Season,Catch and Shoot
1630172,Patrick Williams,1610612741,CHI,21.0,81,79,0.389,110,261,0.421,0.625,0.012,4,8,0.5,0.377,106,253,0.419,2022-23,Regular Season,Catch and Shoot
1628370,Malik Monk,1610612758,SAC,25.0,77,73,0.325,98,259,0.378,0.568,0.001,0,1,0.0,0.324,98,258,0.38,2022-23,Regular Season,Catch and Shoot
1626224,Cedi Osman,1610612739,CLE,28.0,77,68,0.489,97,259,0.375,0.558,0.006,2,3,0.667,0.483,95,256,0.371,2022-23,Regular Season,Catch and Shoot
1628976,Wendell Carter Jr.,1610612753,ORL,24.0,57,57,0.422,94,258,0.364,0.514,0.069,17,42,0.405,0.353,77,216,0.356,2022-23,Regular Season,Catch and Shoot
203926,Doug McDermott,1610612759,SAS,31.0,63,62,0.494,104,255,0.408,0.606,0.016,3,8,0.375,0.479,101,247,0.409,2022-23,Regular Season,Catch and Shoot
1630183,Jaden McDaniels,1610612750,MIN,22.0,78,75,0.358,99,254,0.39,0.577,0.011,4,8,0.5,0.347,95,246,0.386,2022-23,Regular Season,Catch and Shoot
1628378,Donovan Mitchell,1610612739,CLE,26.0,68,67,0.181,96,254,0.378,0.557,0.009,5,12,0.417,0.173,91,242,0.376,2022-23,Regular Season,Catch and Shoot
1628470,Torrey Craig,1610612756,PHX,32.0,79,78,0.506,101,253,0.399,0.589,0.026,5,13,0.385,0.48,96,240,0.4,2022-23,Regular Season,Catch and Shoot
1628972,Troy Brown Jr.,1610612747,LAL,23.0,76,73,0.544,99,253,0.391,0.583,0.009,2,4,0.5,0.535,97,249,0.39,2022-23,Regular Season,Catch and Shoot
1630224,Jalen Green,1610612745,HOU,21.0,76,73,0.186,89,253,0.352,0.52,0.008,4,11,0.364,0.178,85,242,0.351,2022-23,Regular Season,Catch and Shoot
1630193,Immanuel Quickley,1610612752,NYK,24.0,81,76,0.269,99,252,0.393,0.583,0.009,3,8,0.375,0.261,96,244,0.393,2022-23,Regular Season,Catch and Shoot
203903,Jordan Clarkson,1610612762,UTA,31.0,61,60,0.241,84,248,0.339,0.504,0.006,2,6,0.333,0.235,82,242,0.339,2022-23,Regular Season,Catch and Shoot
202711,Bojan Bogdanovic,1610612765,DET,34.0,58,55,0.288,117,247,0.474,0.69,0.014,10,12,0.833,0.274,107,235,0.455,2022-23,Regular Season,Catch and Shoot
1630583,Santi Aldama,1610612763,MEM,22.0,77,75,0.467,91,245,0.371,0.547,0.013,5,7,0.714,0.453,86,238,0.361,2022-23,Regular Season,Catch and Shoot
203897,Zach LaVine,1610612741,CHI,28.0,76,73,0.178,101,243,0.416,0.613,0.009,5,12,0.417,0.169,96,231,0.416,2022-23,Regular Season,Catch and Shoot
202331,Paul George,1610612746,LAC,33.0,56,54,0.241,94,242,0.388,0.556,0.031,13,31,0.419,0.21,81,211,0.384,2022-23,Regular Season,Catch and Shoot
203954,Joel Embiid,1610612755,PHI,29.0,66,66,0.181,114,240,0.475,0.577,0.088,65,117,0.556,0.093,49,123,0.398,2022-23,Regular Season,Catch and Shoot
1627814,Damion Lee,1610612756,PHX,30.0,74,69,0.531,111,240,0.463,0.688,0.022,3,10,0.3,0.509,108,230,0.47,2022-23,Regular Season,Catch and Shoot
1627783,Pascal Siakam,1610612761,TOR,29.0,71,68,0.181,78,237,0.329,0.481,0.02,6,26,0.231,0.161,72,211,0.341,2022-23,Regular Season,Catch and Shoot
1629684,Grant Williams,1610612738,BOS,24.0,79,71,0.494,91,235,0.387,0.579,0.004,1,2,0.5,0.489,90,233,0.386,2022-23,Regular Season,Catch and Shoot
1629028,Deandre Ayton,1610612756,PHX,24.0,67,65,0.264,102,234,0.436,0.447,0.24,97,213,0.455,0.024,5,21,0.238,2022-23,Regular Season,Catch and Shoot
1626174,Christian Wood,1610612742,DAL,27.0,67,63,0.304,97,234,0.415,0.611,0.018,5,14,0.357,0.286,92,220,0.418,2022-23,Regular Season,Catch and Shoot
1629661,Cameron Johnson,1610612751,BKN,27.0,42,41,0.489,97,232,0.418,0.619,0.017,4,8,0.5,0.473,93,224,0.415,2022-23,Regular Season,Catch and Shoot
203081,Damian Lillard,1610612757,POR,32.0,58,57,0.192,86,231,0.372,0.545,0.008,6,10,0.6,0.184,80,221,0.362,2022-23,Regular Season,Catch and Shoot
1626179,Terry Rozier,1610612766,CHA,29.0,63,62,0.195,81,230,0.352,0.515,0.007,6,8,0.75,0.188,75,222,0.338,2022-23,Regular Season,Catch and Shoot
1629667,Jalen McDaniels,1610612755,PHI,25.0,80,73,0.374,80,230,0.348,0.511,0.013,5,8,0.625,0.361,75,222,0.338,2022-23,Regular Season,Catch and Shoot
1626145,Tyus Jones,1610612763,MEM,27.0,80,75,0.323,86,229,0.376,0.563,0.001,0,1,0.0,0.321,86,228,0.377,2022-23,Regular Season,Catch and Shoot
1628971,Bruce Brown,1610612743,DEN,26.0,80,78,0.309,85,229,0.371,0.552,0.009,2,7,0.286,0.3,83,222,0.374,2022-23,Regular Season,Catch and Shoot
203082,Terrence Ross,1610612756,PHX,32.0,63,58,0.49,87,228,0.382,0.559,0.041,6,19,0.316,0.449,81,209,0.388,2022-23,Regular Season,Catch and Shoot
1629216,Gabe Vincent,1610612748,MIA,27.0,68,66,0.4,80,227,0.352,0.522,0.009,3,5,0.6,0.392,77,222,0.347,2022-23,Regular Season,Catch and Shoot
1630167,Obi Toppin,1610612752,NYK,25.0,67,64,0.542,79,227,0.348,0.518,0.007,2,3,0.667,0.535,77,224,0.344,2022-23,Regular Season,Catch and Shoot
1630532,Franz Wagner,1610612753,ORL,21.0,80,73,0.201,90,224,0.402,0.6,0.004,1,5,0.2,0.196,89,219,0.406,2022-23,Regular Season,Catch and Shoot
203488,Mike Muscala,1610612738,BOS,31.0,63,58,0.764,88,223,0.395,0.556,0.096,16,28,0.571,0.668,72,195,0.369,2022-23,Regular Season,Catch and Shoot
1626168,Trey Lyles,1610612758,SAC,27.0,74,68,0.537,82,219,0.374,0.562,0.0,0,0,,0.537,82,219,0.374,2022-23,Regular Season,Catch and Shoot
1628379,Luke Kennard,1610612763,MEM,27.0,59,55,0.571,115,218,0.528,0.784,0.013,3,5,0.6,0.558,112,213,0.526,2022-23,Regular Season,Catch and Shoot
1630217,Desmond Bane,1610612763,MEM,25.0,58,56,0.231,89,217,0.41,0.601,0.013,6,12,0.5,0.219,83,205,0.405,2022-23,Regular Season,Catch and Shoot
2544,LeBron James,1610612747,LAL,38.0,55,55,0.178,79,217,0.364,0.516,0.023,13,28,0.464,0.155,66,189,0.349,2022-23,Regular Season,Catch and Shoot
1630631,Jose Alvarado,1610612740,NOP,25.0,61,60,0.442,72,216,0.333,0.5,0.002,0,1,0.0,0.44,72,215,0.335,2022-23,Regular Season,Catch and Shoot
202681,Kyrie Irving,1610612742,DAL,31.0,60,56,0.179,83,215,0.386,0.556,0.018,10,22,0.455,0.16,73,193,0.378,2022-23,Regular Season,Catch and Shoot
1628997,Caleb Martin,1610612748,MIA,27.0,71,66,0.392,75,215,0.349,0.495,0.047,12,26,0.462,0.345,63,189,0.333,2022-23,Regular Season,Catch and Shoot
203482,Kelly Olynyk,1610612762,UTA,32.0,68,67,0.384,84,214,0.393,0.577,0.016,5,9,0.556,0.368,79,205,0.385,2022-23,Regular Season,Catch and Shoot
1630581,Josh Giddey,1610612760,OKC,20.0,76,74,0.191,77,214,0.36,0.514,0.016,11,18,0.611,0.175,66,196,0.337,2022-23,Regular Season,Catch and Shoot
1630178,Tyrese Maxey,1610612755,PHI,22.0,60,58,0.233,96,213,0.451,0.676,0.002,0,2,0.0,0.231,96,211,0.455,2022-23,Regular Season,Catch and Shoot
1627747,Caris LeVert,1610612739,CLE,28.0,74,69,0.286,84,212,0.396,0.592,0.001,1,1,1.0,0.284,83,211,0.393,2022-23,Regular Season,Catch and Shoot
1630231,KJ Martin,1610612745,HOU,22.0,82,78,0.294,68,212,0.321,0.481,0.001,0,1,0.0,0.293,68,211,0.322,2022-23,Regular Season,Catch and Shoot
1626181,Norman Powell,1610612746,LAC,30.0,60,58,0.296,87,210,0.414,0.614,0.018,3,13,0.231,0.277,84,197,0.426,2022-23,Regular Season,Catch and Shoot
1630162,Anthony Edwards,1610612750,MIN,21.0,78,71,0.137,87,208,0.418,0.618,0.006,4,9,0.444,0.131,83,199,0.417,2022-23,Regular Season,Catch and Shoot
203915,Spencer Dinwiddie,1610612751,BKN,30.0,79,68,0.198,86,208,0.413,0.618,0.004,1,4,0.25,0.194,85,204,0.417,2022-23,Regular Season,Catch and Shoot
1631100,AJ Griffin,1610612737,ATL,19.0,72,68,0.388,78,207,0.377,0.551,0.017,6,9,0.667,0.371,72,198,0.364,2022-23,Regular Season,Catch and Shoot
1631103,Malaki Branham,1610612759,SAS,20.0,63,60,0.356,67,207,0.324,0.481,0.015,2,9,0.222,0.341,65,198,0.328,2022-23,Regular Season,Catch and Shoot
1630188,Jalen Smith,1610612754,IND,23.0,68,63,0.407,59,207,0.285,0.408,0.045,8,23,0.348,0.362,51,184,0.277,2022-23,Regular Season,Catch and Shoot
1628975,Jevon Carter,1610612749,MIL,27.0,81,70,0.365,89,206,0.432,0.643,0.014,2,8,0.25,0.35,87,198,0.439,2022-23,Regular Season,Catch and Shoot
1629022,Lonnie Walker IV,1610612747,LAL,24.0,56,53,0.395,80,206,0.388,0.575,0.01,3,5,0.6,0.385,77,201,0.383,2022-23,Regular Season,Catch and Shoot
1630170,Devin Vassell,1610612759,SAS,22.0,38,38,0.341,86,203,0.424,0.621,0.03,6,18,0.333,0.311,80,185,0.432,2022-23,Regular Season,Catch and Shoot
202704,Reggie Jackson,1610612743,DEN,33.0,68,64,0.316,77,202,0.381,0.564,0.008,3,5,0.6,0.308,74,197,0.376,2022-23,Regular Season,Catch and Shoot
1629614,Andrew Nembhard,1610612754,IND,23.0,75,69,0.312,75,201,0.373,0.55,0.011,4,7,0.571,0.301,71,194,0.366,2022-23,Regular Season,Catch and Shoot
1630191,Isaiah Stewart,1610612765,DET,22.0,49,47,0.466,73,201,0.363,0.53,0.019,6,8,0.75,0.448,67,193,0.347,2022-23,Regular Season,Catch and Shoot
1631223,David Roddy,1610612763,MEM,22.0,70,67,0.479,62,201,0.308,0.463,0.007,0,3,0.0,0.471,62,198,0.313,2022-23,Regular Season,Catch and Shoot
1629675,Naz Reid,1610612750,MIN,23.0,68,63,0.347,72,200,0.36,0.54,0.003,0,2,0.0,0.343,72,198,0.364,2022-23,Regular Season,Catch and Shoot
1630163,LaMelo Ball,1610612766,CHA,21.0,36,36,0.276,80,199,0.402,0.603,0.001,0,1,0.0,0.275,80,198,0.404,2022-23,Regular Season,Catch and Shoot
200768,Kyle Lowry,1610612748,MIA,37.0,55,53,0.408,67,198,0.338,0.508,0.002,0,1,0.0,0.406,67,197,0.34,2022-23,Regular Season,Catch and Shoot
202685,Jonas Valančiūnas,1610612740,NOP,31.0,79,69,0.242,76,197,0.386,0.482,0.113,38,92,0.413,0.129,38,105,0.362,2022-23,Regular Season,Catch and Shoot
201976,Patrick Beverley,1610612741,CHI,34.0,67,63,0.549,66,197,0.335,0.503,0.003,0,1,0.0,0.546,66,196,0.337,2022-23,Regular Season,Catch and Shoot
1630230,Naji Marshall,1610612740,NOP,25.0,77,67,0.345,64,197,0.325,0.485,0.002,1,1,1.0,0.343,63,196,0.321,2022-23,Regular Season,Catch and Shoot
1628984,Devonte' Graham,1610612759,SAS,28.0,73,70,0.455,72,196,0.367,0.551,0.0,0,0,,0.455,72,196,0.367,2022-23,Regular Season,Catch and Shoot
1630166,Deni Avdija,1610612764,WAS,22.0,76,72,0.339,62,196,0.316,0.469,0.01,2,6,0.333,0.328,60,190,0.316,2022-23,Regular Season,Catch and Shoot
1630165,Killian Hayes,1610612765,DET,21.0,75,67,0.244,59,195,0.303,0.438,0.015,6,12,0.5,0.229,53,183,0.29,2022-23,Regular Season,Catch and Shoot
1630534,Ochai Agbaji,1610612762,UTA,23.0,59,51,0.503,73,194,0.376,0.564,0.003,0,1,0.0,0.5,73,193,0.378,2022-23,Regular Season,Catch and Shoot
203952,Andrew Wiggins,1610612744,GSW,28.0,36,36,0.377,83,193,0.43,0.635,0.014,4,7,0.571,0.363,79,186,0.425,2022-23,Regular Season,Catch and Shoot
1628449,Chris Boucher,1610612761,TOR,30.0,76,72,0.364,66,192,0.344,0.5,0.025,6,13,0.462,0.339,60,179,0.335,2022-23,Regular Season,Catch and Shoot
1630567,Scottie Barnes,1610612761,TOR,21.0,77,72,0.189,55,192,0.286,0.414,0.029,6,29,0.207,0.16,49,163,0.301,2022-23,Regular Season,Catch and Shoot
203471,Dennis Schröder,1610612747,LAL,29.0,66,63,0.293,68,191,0.356,0.526,0.009,3,6,0.5,0.284,65,185,0.351,2022-23,Regular Season,Catch and Shoot
1627750,Jamal Murray,1610612743,DEN,26.0,65,59,0.181,76,188,0.404,0.604,0.004,1,4,0.25,0.177,75,184,0.408,2022-23,Regular Season,Catch and Shoot
203914,Gary Harris,1610612753,ORL,28.0,48,47,0.609,80,187,0.428,0.642,0.0,0,0,,0.609,80,187,0.428,2022-23,Regular Season,Catch and Shoot
1630245,Ayo Dosunmu,1610612741,CHI,23.0,79,67,0.329,58,185,0.314,0.465,0.007,2,4,0.5,0.322,56,181,0.309,2022-23,Regular Season,Catch and Shoot
1630237,Anthony Lamb,1610612744,GSW,25.0,61,55,0.599,68,184,0.37,0.546,0.016,3,5,0.6,0.583,65,179,0.363,2022-23,Regular Season,Catch and Shoot
1631097,Bennedict Mathurin,1610612754,IND,21.0,78,69,0.193,57,184,0.31,0.454,0.013,4,12,0.333,0.181,53,172,0.308,2022-23,Regular Season,Catch and Shoot
1629636,Darius Garland,1610612739,CLE,23.0,69,64,0.162,79,183,0.432,0.642,0.007,2,8,0.25,0.155,77,175,0.44,2022-23,Regular Season,Catch and Shoot
201942,DeMar DeRozan,1610612741,CHI,33.0,73,69,0.142,71,182,0.39,0.492,0.053,34,68,0.5,0.089,37,114,0.325,2022-23,Regular Season,Catch and Shoot
1630587,Isaiah Livers,1610612765,DET,24.0,51,50,0.641,65,182,0.357,0.53,0.014,2,4,0.5,0.627,63,178,0.354,2022-23,Regular Season,Catch and Shoot
1630529,Herbert Jones,1610612740,NOP,24.0,66,61,0.362,58,181,0.32,0.47,0.038,4,19,0.211,0.324,54,162,0.333,2022-23,Regular Season,Catch and Shoot
1629056,Terence Davis,1610612758,SAC,26.0,64,56,0.495,65,180,0.361,0.539,0.003,1,1,1.0,0.492,64,179,0.358,2022-23,Regular Season,Catch and Shoot
203999,Nikola Jokić,1610612743,DEN,28.0,69,60,0.173,87,177,0.492,0.602,0.072,48,74,0.649,0.101,39,103,0.379,2022-23,Regular Season,Catch and Shoot
1628380,Zach Collins,1610612759,SAS,25.0,61,57,0.336,69,177,0.39,0.54,0.074,16,39,0.41,0.262,53,138,0.384,2022-23,Regular Season,Catch and Shoot
1631093,Jaden Ivey,1610612765,DET,21.0,73,67,0.183,65,177,0.367,0.551,0.003,0,3,0.0,0.18,65,174,0.374,2022-23,Regular Season,Catch and Shoot
1629060,Rui Hachimura,1610612747,LAL,25.0,63,60,0.301,60,176,0.341,0.483,0.036,10,21,0.476,0.265,50,155,0.323,2022-23,Regular Season,Catch and Shoot
203552,Seth Curry,1610612751,BKN,32.0,61,52,0.391,72,175,0.411,0.597,0.036,7,16,0.438,0.356,65,159,0.409,2022-23,Regular Season,Catch and Shoot
1631114,Jalen Williams,1610612760,OKC,22.0,75,69,0.22,64,175,0.366,0.543,0.005,2,4,0.5,0.215,62,171,0.363,2022-23,Regular Season,Catch and Shoot
1628368,De'Aaron Fox,1610612758,SAC,25.0,73,66,0.131,63,175,0.36,0.523,0.007,6,9,0.667,0.125,57,166,0.343,2022-23,Regular Season,Catch and Shoot
201566,Russell Westbrook,1610612746,LAC,34.0,73,69,0.177,56,175,0.32,0.477,0.003,1,3,0.333,0.174,55,172,0.32,2022-23,Regular Season,Catch and Shoot
201142,Kevin Durant,1610612756,PHX,34.0,47,45,0.203,82,174,0.471,0.624,0.06,29,51,0.569,0.144,53,123,0.431,2022-23,Regular Season,Catch and Shoot
1629670,Jordan Nwora,1610612754,IND,24.0,62,56,0.38,72,169,0.426,0.639,0.007,0,3,0.0,0.373,72,166,0.434,2022-23,Regular Season,Catch and Shoot
202695,Kawhi Leonard,1610612746,LAC,32.0,52,50,0.192,74,167,0.443,0.614,0.036,17,31,0.548,0.156,57,136,0.419,2022-23,Regular Season,Catch and Shoot
202330,Gordon Hayward,1610612766,CHA,33.0,50,49,0.287,59,167,0.353,0.476,0.076,18,44,0.409,0.212,41,123,0.333,2022-23,Regular Season,Catch and Shoot
1629006,Josh Okogie,1610612756,PHX,24.0,72,56,0.401,58,166,0.349,0.518,0.01,2,4,0.5,0.391,56,162,0.346,2022-23,Regular Season,Catch and Shoot
1631106,Tari Eason,1610612745,HOU,22.0,82,73,0.25,57,165,0.345,0.518,0.009,0,6,0.0,0.241,57,159,0.358,2022-23,Regular Season,Catch and Shoot
1630559,Austin Reaves,1610612747,LAL,25.0,64,62,0.335,67,164,0.409,0.604,0.01,3,5,0.6,0.325,64,159,0.403,2022-23,Regular Season,Catch and Shoot
1631094,Paolo Banchero,1610612753,ORL,20.0,72,64,0.145,56,163,0.344,0.503,0.008,4,9,0.444,0.137,52,154,0.338,2022-23,Regular Season,Catch and Shoot
1631101,Shaedon Sharpe,1610612757,POR,20.0,80,69,0.25,73,162,0.451,0.667,0.012,3,8,0.375,0.238,70,154,0.455,2022-23,Regular Season,Catch and Shoot
1630182,Josh Green,1610612742,DAL,22.0,60,55,0.424,68,162,0.42,0.623,0.005,2,2,1.0,0.419,66,160,0.413,2022-23,Regular Season,Catch and Shoot
1629723,John Konchar,1610612763,MEM,27.0,72,61,0.506,54,162,0.333,0.494,0.019,2,6,0.333,0.488,52,156,0.333,2022-23,Regular Season,Catch and Shoot
1630688,Ish Wainright,1610612756,PHX,28.0,60,50,0.714,54,162,0.333,0.497,0.009,1,2,0.5,0.705,53,160,0.331,2022-23,Regular Season,Catch and Shoot
1630171,Isaac Okoro,1610612739,CLE,22.0,76,64,0.455,59,161,0.366,0.55,0.0,0,0,,0.455,59,161,0.366,2022-23,Regular Season,Catch and Shoot
1627763,Malcolm Brogdon,1610612738,BOS,30.0,67,59,0.216,70,158,0.443,0.661,0.003,1,2,0.5,0.213,69,156,0.442,2022-23,Regular Season,Catch and Shoot
1630538,Bones Hyland,1610612746,LAC,22.0,56,53,0.275,59,157,0.376,0.564,0.005,0,3,0.0,0.27,59,154,0.383,2022-23,Regular Season,Catch and Shoot
1629021,Moritz Wagner,1610612753,ORL,26.0,57,52,0.396,50,157,0.318,0.471,0.005,2,2,1.0,0.391,48,155,0.31,2022-23,Regular Season,Catch and Shoot
201144,Mike Conley,1610612750,MIN,35.0,66,55,0.26,69,156,0.442,0.654,0.008,3,5,0.6,0.251,66,151,0.437,2022-23,Regular Season,Catch and Shoot
1631323,Simone Fontecchio,1610612762,UTA,27.0,52,47,0.497,53,155,0.342,0.513,0.003,0,1,0.0,0.494,53,154,0.344,2022-23,Regular Season,Catch and Shoot
1627734,Domantas Sabonis,1610612758,SAC,27.0,79,71,0.164,69,154,0.448,0.549,0.079,38,74,0.514,0.085,31,80,0.388,2022-23,Regular Season,Catch and Shoot
1628404,Josh Hart,1610612752,NYK,28.0,76,68,0.292,61,152,0.401,0.599,0.01,1,5,0.2,0.283,60,147,0.408,2022-23,Regular Season,Catch and Shoot
1628995,Kevin Knox II,1610612757,POR,23.0,62,53,0.479,55,152,0.362,0.543,0.003,0,1,0.0,0.476,55,151,0.364,2022-23,Regular Season,Catch and Shoot
1630175,Cole Anthony,1610612753,ORL,23.0,60,53,0.248,56,151,0.371,0.533,0.015,7,9,0.778,0.233,49,142,0.345,2022-23,Regular Season,Catch and Shoot
1627742,Brandon Ingram,1610612740,NOP,25.0,45,43,0.18,64,150,0.427,0.593,0.036,14,30,0.467,0.144,50,120,0.417,2022-23,Regular Season,Catch and Shoot
1627752,Taurean Prince,1610612750,MIN,29.0,53,52,0.405,62,150,0.413,0.617,0.003,1,1,1.0,0.403,61,149,0.409,2022-23,Regular Season,Catch and Shoot
1631119,Jaylin Williams,1610612760,OKC,21.0,49,46,0.641,60,150,0.4,0.547,0.167,16,39,0.41,0.474,44,111,0.396,2022-23,Regular Season,Catch and Shoot
1629726,Garrison Mathews,1610612737,ATL,26.0,54,49,0.741,53,149,0.356,0.53,0.01,1,2,0.5,0.731,52,147,0.354,2022-23,Regular Season,Catch and Shoot
1629669,Jaylen Nowell,1610612750,MIN,23.0,65,61,0.236,45,147,0.306,0.439,0.014,6,9,0.667,0.221,39,138,0.283,2022-23,Regular Season,Catch and Shoot
200782,P.J. Tucker,1610612755,PHI,38.0,75,62,0.644,59,145,0.407,0.593,0.036,5,8,0.625,0.609,54,137,0.394,2022-23,Regular Season,Catch and Shoot
1629611,Terance Mann,1610612746,LAC,26.0,81,67,0.277,57,145,0.393,0.59,0.004,0,2,0.0,0.273,57,143,0.399,2022-23,Regular Season,Catch and Shoot
1626157,Karl-Anthony Towns,1610612750,MIN,27.0,28,28,0.355,55,145,0.379,0.548,0.029,6,12,0.5,0.325,49,133,0.368,2022-23,Regular Season,Catch and Shoot
1628389,Bam Adebayo,1610612748,MIA,25.0,75,60,0.128,63,143,0.441,0.444,0.121,62,135,0.459,0.007,1,8,0.125,2022-23,Regular Season,Catch and Shoot
1629052,Oshae Brissett,1610612754,IND,25.0,65,57,0.448,44,143,0.308,0.462,0.0,0,0,,0.448,44,143,0.308,2022-23,Regular Season,Catch and Shoot
1627936,Alex Caruso,1610612741,CHI,29.0,66,58,0.504,54,142,0.38,0.56,0.021,3,6,0.5,0.482,51,136,0.375,2022-23,Regular Season,Catch and Shoot
1630596,Evan Mobley,1610612739,CLE,22.0,79,61,0.15,37,142,0.261,0.335,0.043,16,41,0.39,0.107,21,101,0.208,2022-23,Regular Season,Catch and Shoot
1630228,Jonathan Kuminga,1610612744,GSW,20.0,67,58,0.284,53,141,0.376,0.543,0.03,6,15,0.4,0.254,47,126,0.373,2022-23,Regular Season,Catch and Shoot
203110,Draymond Green,1610612744,GSW,33.0,72,64,0.301,45,141,0.319,0.454,0.038,7,18,0.389,0.262,38,123,0.309,2022-23,Regular Season,Catch and Shoot
1629013,Landry Shamet,1610612756,PHX,26.0,40,36,0.463,56,139,0.403,0.601,0.01,1,3,0.333,0.453,55,136,0.404,2022-23,Regular Season,Catch and Shoot
1629134,Kendrick Nunn,1610612764,WAS,27.0,70,59,0.31,48,139,0.345,0.507,0.011,3,5,0.6,0.298,45,134,0.336,2022-23,Regular Season,Catch and Shoot
1629130,Duncan Robinson,1610612748,MIA,29.0,42,40,0.586,43,139,0.309,0.46,0.008,1,2,0.5,0.578,42,137,0.307,2022-23,Regular Season,Catch and Shoot
1628420,Monte Morris,1610612764,WAS,28.0,62,54,0.268,54,138,0.391,0.576,0.012,3,6,0.5,0.256,51,132,0.386,2022-23,Regular Season,Catch and Shoot
1629680,Matisse Thybulle,1610612757,POR,26.0,71,50,0.545,50,138,0.362,0.54,0.004,1,1,1.0,0.542,49,137,0.358,2022-23,Regular Season,Catch and Shoot
204060,Joe Ingles,1610612749,MIL,35.0,46,44,0.552,53,137,0.387,0.58,0.004,0,1,0.0,0.548,53,136,0.39,2022-23,Regular Season,Catch and Shoot
1631216,Caleb Houstan,1610612753,ORL,20.0,51,47,0.749,45,137,0.328,0.485,0.038,2,7,0.286,0.71,43,130,0.331,2022-23,Regular Season,Catch and Shoot
1630322,Lindy Waters III,1610612760,OKC,25.0,41,37,0.764,51,136,0.375,0.563,0.0,0,0,,0.764,51,136,0.375,2022-23,Regular Season,Catch and Shoot
1630558,Davion Mitchell,1610612758,SAC,24.0,80,66,0.341,47,136,0.346,0.518,0.0,0,0,,0.341,47,136,0.346,2022-23,Regular Season,Catch and Shoot
1631110,Jeremy Sochan,1610612759,SAS,20.0,55,50,0.25,35,136,0.257,0.36,0.033,7,18,0.389,0.217,28,118,0.237,2022-23,Regular Season,Catch and Shoot
1626164,Devin Booker,1610612756,PHX,26.0,53,46,0.126,62,134,0.463,0.642,0.024,14,26,0.538,0.101,48,108,0.444,2022-23,Regular Season,Catch and Shoot
203078,Bradley Beal,1610612764,WAS,30.0,50,43,0.153,56,134,0.418,0.582,0.027,12,24,0.5,0.125,44,110,0.4,2022-23,Regular Season,Catch and Shoot
1629139,Yuta Watanabe,1610612751,BKN,28.0,58,51,0.579,61,132,0.462,0.686,0.013,2,3,0.667,0.566,59,129,0.457,2022-23,Regular Season,Catch and Shoot
203076,Anthony Davis,1610612747,LAL,30.0,56,51,0.138,44,132,0.333,0.405,0.068,25,65,0.385,0.07,19,67,0.284,2022-23,Regular Season,Catch and Shoot
1628973,Jalen Brunson,1610612752,NYK,26.0,68,61,0.107,62,128,0.484,0.719,0.002,2,2,1.0,0.105,60,126,0.476,2022-23,Regular Season,Catch and Shoot
1628966,Keita Bates-Diop,1610612759,SAS,27.0,64,51,0.294,51,128,0.398,0.598,0.005,0,2,0.0,0.289,51,126,0.405,2022-23,Regular Season,Catch and Shoot
202722,Davis Bertans,1610612742,DAL,30.0,45,42,0.8,50,128,0.391,0.582,0.006,1,1,1.0,0.794,49,127,0.386,2022-23,Regular Season,Catch and Shoot
1629731,Dean Wade,1610612739,CLE,26.0,44,40,0.723,44,128,0.344,0.512,0.023,1,4,0.25,0.701,43,124,0.347,2022-23,Regular Season,Catch and Shoot
1630550,JT Thor,1610612766,CHA,20.0,69,57,0.542,42,128,0.328,0.477,0.047,4,11,0.364,0.496,38,117,0.325,2022-23,Regular Season,Catch and Shoot
1629026,Kenrich Williams,1610612760,OKC,28.0,53,48,0.367,54,127,0.425,0.606,0.026,8,9,0.889,0.341,46,118,0.39,2022-23,Regular Season,Catch and Shoot
202692,Alec Burks,1610612765,DET,31.0,50,48,0.28,55,126,0.437,0.647,0.009,2,4,0.5,0.271,53,122,0.434,2022-23,Regular Season,Catch and Shoot
203496,Robert Covington,1610612746,LAC,32.0,48,44,0.55,51,126,0.405,0.607,0.0,0,0,,0.55,51,126,0.405,2022-23,Regular Season,Catch and Shoot
203967,Dario Saric,1610612760,OKC,29.0,57,50,0.455,50,126,0.397,0.571,0.061,6,17,0.353,0.394,44,109,0.404,2022-23,Regular Season,Catch and Shoot
203932,Aaron Gordon,1610612743,DEN,27.0,68,54,0.166,39,126,0.31,0.44,0.029,6,22,0.273,0.137,33,104,0.317,2022-23,Regular Season,Catch and Shoot
1628964,Mo Bamba,1610612747,LAL,25.0,49,43,0.519,52,125,0.416,0.604,0.037,5,9,0.556,0.481,47,116,0.405,2022-23,Regular Season,Catch and Shoot
201950,Jrue Holiday,1610612749,MIL,33.0,67,55,0.121,56,124,0.452,0.669,0.005,2,5,0.4,0.116,54,119,0.454,2022-23,Regular Season,Catch and Shoot
1630526,Jeremiah Robinson-Earl,1610612760,OKC,22.0,43,40,0.492,40,122,0.328,0.475,0.052,4,13,0.308,0.44,36,109,0.33,2022-23,Regular Season,Catch and Shoot
203200,Justin Holiday,1610612742,DAL,34.0,46,40,0.598,40,122,0.328,0.488,0.015,1,3,0.333,0.583,39,119,0.328,2022-23,Regular Season,Catch and Shoot
203506,Victor Oladipo,1610612748,MIA,31.0,42,41,0.303,38,122,0.311,0.463,0.002,1,1,1.0,0.3,37,121,0.306,2022-23,Regular Season,Catch and Shoot
203210,JaMychal Green,1610612744,GSW,33.0,57,47,0.48,47,121,0.388,0.562,0.048,5,12,0.417,0.433,42,109,0.385,2022-23,Regular Season,Catch and Shoot
203994,Jusuf Nurkić,1610612757,POR,28.0,52,48,0.24,44,121,0.364,0.533,0.014,3,7,0.429,0.226,41,114,0.36,2022-23,Regular Season,Catch and Shoot
1629645,Kevin Porter Jr.,1610612745,HOU,23.0,59,46,0.136,51,120,0.425,0.633,0.006,1,5,0.2,0.13,50,115,0.435,2022-23,Regular Season,Catch and Shoot
1630541,Moses Moody,1610612744,GSW,21.0,62,48,0.545,43,120,0.358,0.538,0.009,0,2,0.0,0.536,43,118,0.364,2022-23,Regular Season,Catch and Shoot
1629642,Nassir Little,1610612757,POR,23.0,54,51,0.396,43,120,0.358,0.538,0.0,0,0,,0.396,43,120,0.358,2022-23,Regular Season,Catch and Shoot
1629003,Shake Milton,1610612755,PHI,26.0,76,55,0.237,50,119,0.42,0.613,0.008,4,4,1.0,0.229,46,115,0.4,2022-23,Regular Season,Catch and Shoot
1630591,Jalen Suggs,1610612753,ORL,22.0,53,44,0.267,41,119,0.345,0.508,0.016,2,7,0.286,0.252,39,112,0.348,2022-23,Regular Season,Catch and Shoot
202709,Cory Joseph,1610612765,DET,31.0,62,53,0.333,48,117,0.41,0.615,0.003,0,1,0.0,0.33,48,116,0.414,2022-23,Regular Season,Catch and Shoot
1630598,Aaron Wiggins,1610612760,OKC,24.0,70,52,0.32,45,116,0.388,0.578,0.008,1,3,0.333,0.311,44,113,0.389,2022-23,Regular Season,Catch and Shoot
1629629,Cam Reddish,1610612757,POR,23.0,40,38,0.371,37,116,0.319,0.47,0.01,2,3,0.667,0.361,35,113,0.31,2022-23,Regular Season,Catch and Shoot
1630200,Tre Jones,1610612759,SAS,23.0,65,56,0.164,36,116,0.31,0.457,0.004,2,3,0.667,0.16,34,113,0.301,2022-23,Regular Season,Catch and Shoot
200752,Rudy Gay,1610612762,UTA,36.0,56,54,0.404,32,116,0.276,0.392,0.024,5,7,0.714,0.38,27,109,0.248,2022-23,Regular Season,Catch and Shoot
1628427,Vlatko Čančar,1610612743,DEN,26.0,60,46,0.498,43,113,0.381,0.558,0.026,3,6,0.5,0.471,40,107,0.374,2022-23,Regular Season,Catch and Shoot
1628467,Maxi Kleber,1610612742,DAL,31.0,37,36,0.669,41,113,0.363,0.535,0.024,2,4,0.5,0.645,39,109,0.358,2022-23,Regular Season,Catch and Shoot
203115,Will Barton,1610612761,TOR,32.0,56,46,0.308,46,112,0.411,0.603,0.025,3,9,0.333,0.283,43,103,0.417,2022-23,Regular Season,Catch and Shoot
202083,Wesley Matthews,1610612749,MIL,36.0,52,45,0.7,38,112,0.339,0.496,0.019,3,3,1.0,0.681,35,109,0.321,2022-23,Regular Season,Catch and Shoot
1630173,Precious Achiuwa,1610612761,TOR,23.0,55,52,0.277,31,112,0.277,0.397,0.04,4,16,0.25,0.238,27,96,0.281,2022-23,Regular Season,Catch and Shoot
1630540,Miles McBride,1610612752,NYK,22.0,64,47,0.516,36,111,0.324,0.477,0.023,2,5,0.4,0.493,34,106,0.321,2022-23,Regular Season,Catch and Shoot
1629312,Haywood Highsmith,1610612748,MIA,26.0,54,41,0.509,37,110,0.336,0.495,0.032,2,7,0.286,0.477,35,103,0.34,2022-23,Regular Season,Catch and Shoot
1626166,Cameron Payne,1610612756,PHX,28.0,48,44,0.241,37,109,0.339,0.505,0.002,1,1,1.0,0.238,36,108,0.333,2022-23,Regular Season,Catch and Shoot
1629659,Talen Horton-Tucker,1610612762,UTA,22.0,65,51,0.178,32,109,0.294,0.44,0.003,0,2,0.0,0.175,32,107,0.299,2022-23,Regular Season,Catch and Shoot
201935,James Harden,1610612755,PHI,33.0,58,49,0.128,45,108,0.417,0.62,0.001,1,1,1.0,0.127,44,107,0.411,2022-23,Regular Season,Catch and Shoot
1630699,MarJon Beauchamp,1610612749,MIL,22.0,52,39,0.444,34,108,0.315,0.472,0.012,0,3,0.0,0.432,34,105,0.324,2022-23,Regular Season,Catch and Shoot
1629638,Nickeil Alexander-Walker,1610612750,MIN,24.0,58,43,0.373,38,107,0.355,0.528,0.007,1,2,0.5,0.366,37,105,0.352,2022-23,Regular Season,Catch and Shoot
1630544,Tre Mann,1610612760,OKC,22.0,67,52,0.214,36,107,0.336,0.5,0.002,1,1,1.0,0.212,35,106,0.33,2022-23,Regular Season,Catch and Shoot
201609,Goran Dragic,1610612749,MIL,37.0,57,50,0.319,45,106,0.425,0.637,0.012,0,4,0.0,0.307,45,102,0.441,2022-23,Regular Season,Catch and Shoot
1630202,Payton Pritchard,1610612738,BOS,25.0,48,38,0.433,42,106,0.396,0.58,0.016,3,4,0.75,0.416,39,102,0.382,2022-23,Regular Season,Catch and Shoot
1630197,Aleksej Pokusevski,1610612760,OKC,21.0,34,31,0.426,40,106,0.377,0.552,0.028,3,7,0.429,0.398,37,99,0.374,2022-23,Regular Season,Catch and Shoot
1628418,Thomas Bryant,1610612743,DEN,25.0,59,43,0.279,49,103,0.476,0.597,0.125,24,46,0.522,0.154,25,57,0.439,2022-23,Regular Season,Catch and Shoot
201988,Patty Mills,1610612751,BKN,34.0,40,37,0.502,36,103,0.35,0.519,0.01,1,2,0.5,0.493,35,101,0.347,2022-23,Regular Season,Catch and Shoot
203085,Austin Rivers,1610612750,MIN,30.0,52,43,0.488,37,102,0.363,0.544,0.0,0,0,,0.488,37,102,0.363,2022-23,Regular Season,Catch and Shoot
1630537,Chris Duarte,1610612754,IND,26.0,46,41,0.306,35,102,0.343,0.505,0.012,2,4,0.5,0.294,33,98,0.337,2022-23,Regular Season,Catch and Shoot
1630552,Jalen Johnson,1610612737,ATL,21.0,70,54,0.314,29,101,0.287,0.426,0.022,1,7,0.143,0.292,28,94,0.298,2022-23,Regular Season,Catch and Shoot
203937,Kyle Anderson,1610612750,MIN,29.0,68,49,0.203,44,99,0.444,0.616,0.035,10,17,0.588,0.168,34,82,0.415,2022-23,Regular Season,Catch and Shoot
1630702,Jaden Hardy,1610612742,DAL,20.0,48,35,0.297,41,99,0.414,0.621,0.0,0,0,,0.297,41,99,0.414,2022-23,Regular Season,Catch and Shoot
1629111,Jock Landale,1610612756,PHX,27.0,69,49,0.294,30,99,0.303,0.409,0.056,9,19,0.474,0.237,21,80,0.263,2022-23,Regular Season,Catch and Shoot
1629027,Trae Young,1610612737,ATL,24.0,73,48,0.07,35,97,0.361,0.536,0.004,1,5,0.2,0.066,34,92,0.37,2022-23,Regular Season,Catch and Shoot
1629630,Ja Morant,1610612763,MEM,23.0,61,48,0.08,34,97,0.351,0.521,0.002,1,2,0.5,0.078,33,95,0.347,2022-23,Regular Season,Catch and Shoot
1630205,Lamar Stevens,1610612739,CLE,25.0,62,49,0.337,32,97,0.33,0.485,0.014,2,4,0.5,0.323,30,93,0.323,2022-23,Regular Season,Catch and Shoot
1629020,Jarred Vanderbilt,1610612747,LAL,24.0,78,58,0.215,30,97,0.309,0.454,0.02,2,9,0.222,0.195,28,88,0.318,2022-23,Regular Season,Catch and Shoot
1630181,R.J. Hampton,1610612765,DET,22.0,47,34,0.397,34,94,0.362,0.543,0.013,0,3,0.0,0.384,34,91,0.374,2022-23,Regular Season,Catch and Shoot
201145,Jeff Green,1610612743,DEN,36.0,56,44,0.287,27,94,0.287,0.415,0.024,3,8,0.375,0.262,24,86,0.279,2022-23,Regular Season,Catch and Shoot
1630227,Daishen Nix,1610612745,HOU,21.0,57,44,0.397,24,94,0.255,0.383,0.004,0,1,0.0,0.392,24,93,0.258,2022-23,Regular Season,Catch and Shoot
101108,Chris Paul,1610612756,PHX,38.0,59,42,0.139,50,93,0.538,0.785,0.007,4,5,0.8,0.132,46,88,0.523,2022-23,Regular Season,Catch and Shoot
1630169,Tyrese Haliburton,1610612754,IND,23.0,56,41,0.111,37,93,0.398,0.597,0.0,0,0,,0.111,37,93,0.398,2022-23,Regular Season,Catch and Shoot
1628372,Dennis Smith Jr.,1610612766,CHA,25.0,54,43,0.206,24,93,0.258,0.382,0.002,1,1,1.0,0.204,23,92,0.25,2022-23,Regular Season,Catch and Shoot
1630201,Malachi Flynn,1610612761,TOR,25.0,53,41,0.38,34,92,0.37,0.554,0.0,0,0,,0.38,34,92,0.37,2022-23,Regular Season,Catch and Shoot
203114,Khris Middleton,1610612749,MIL,31.0,33,33,0.227,28,92,0.304,0.429,0.034,5,14,0.357,0.192,23,78,0.295,2022-23,Regular Season,Catch and Shoot
1630572,Sandro Mamukelashvili,1610612759,SAS,24.0,41,35,0.44,27,92,0.293,0.44,0.01,0,2,0.0,0.431,27,90,0.3,2022-23,Regular Season,Catch and Shoot
202322,John Wall,1610612746,LAC,32.0,34,33,0.254,30,86,0.349,0.523,0.003,0,1,0.0,0.251,30,85,0.353,2022-23,Regular Season,Catch and Shoot
1631172,Ousmane Dieng,1610612760,OKC,20.0,39,33,0.475,25,86,0.291,0.436,0.006,0,1,0.0,0.47,25,85,0.294,2022-23,Regular Season,Catch and Shoot
1631128,Christian Braun,1610612743,DEN,22.0,76,47,0.294,29,85,0.341,0.506,0.017,1,5,0.2,0.277,28,80,0.35,2022-23,Regular Season,Catch and Shoot
203585,Rodney McGruder,1610612765,DET,31.0,32,25,0.553,33,84,0.393,0.589,0.007,0,1,0.0,0.546,33,83,0.398,2022-23,Regular Season,Catch and Shoot
1630647,Eugene Omoruyi,1610612765,DET,26.0,40,30,0.368,23,84,0.274,0.405,0.009,1,2,0.5,0.36,22,82,0.268,2022-23,Regular Season,Catch and Shoot
1631116,Patrick Baldwin Jr.,1610612744,GSW,20.0,31,24,0.761,30,83,0.361,0.536,0.028,1,3,0.333,0.734,29,80,0.363,2022-23,Regular Season,Catch and Shoot
1630692,Jordan Goodwin,1610612764,WAS,24.0,62,44,0.232,28,82,0.341,0.506,0.008,1,3,0.333,0.224,27,79,0.342,2022-23,Regular Season,Catch and Shoot
1630533,Ziaire Williams,1610612763,MEM,21.0,37,31,0.418,19,82,0.232,0.341,0.015,1,3,0.333,0.403,18,79,0.228,2022-23,Regular Season,Catch and Shoot
1631260,AJ Green,1610612749,MIL,23.0,35,25,0.648,36,81,0.444,0.667,0.0,0,0,,0.648,36,81,0.444,2022-23,Regular Season,Catch and Shoot
1629012,Collin Sexton,1610612762,UTA,24.0,48,40,0.171,29,80,0.363,0.531,0.006,2,3,0.667,0.164,27,77,0.351,2022-23,Regular Season,Catch and Shoot
1630346,Matt Ryan,1610612750,MIN,26.0,33,25,0.738,30,79,0.38,0.563,0.037,1,4,0.25,0.701,29,75,0.387,2022-23,Regular Season,Catch and Shoot
203507,Giannis Antetokounmpo,1610612749,MIL,28.0,63,44,0.062,23,79,0.291,0.43,0.008,1,10,0.1,0.054,22,69,0.319,2022-23,Regular Season,Catch and Shoot
1627884,Derrick Jones Jr.,1610612741,CHI,26.0,63,45,0.344,26,77,0.338,0.506,0.0,0,0,,0.344,26,77,0.338,2022-23,Regular Season,Catch and Shoot
1629643,Chuma Okeke,1610612753,ORL,24.0,27,25,0.631,25,77,0.325,0.481,0.016,1,2,0.5,0.615,24,75,0.32,2022-23,Regular Season,Catch and Shoot
1628963,Marvin Bagley III,1610612765,DET,24.0,42,35,0.201,28,76,0.368,0.48,0.055,11,21,0.524,0.145,17,55,0.309,2022-23,Regular Season,Catch and Shoot
1626153,Delon Wright,1610612764,WAS,31.0,50,38,0.261,26,76,0.342,0.507,0.007,1,2,0.5,0.254,25,74,0.338,2022-23,Regular Season,Catch and Shoot
1627751,Jakob Poeltl,1610612761,TOR,27.0,71,48,0.123,38,75,0.507,0.507,0.123,38,75,0.507,0.0,0,0,,2022-23,Regular Season,Catch and Shoot
202693,Markieff Morris,1610612742,DAL,33.0,35,25,0.652,29,75,0.387,0.56,0.061,3,7,0.429,0.591,26,68,0.382,2022-23,Regular Season,Catch and Shoot
1628410,Edmond Sumner,1610612751,BKN,27.0,53,38,0.279,28,75,0.373,0.553,0.004,1,1,1.0,0.275,27,74,0.365,2022-23,Regular Season,Catch and Shoot
1628392,Isaiah Hartenstein,1610612752,NYK,25.0,82,47,0.229,22,75,0.293,0.347,0.116,14,38,0.368,0.113,8,37,0.216,2022-23,Regular Season,Catch and Shoot
1629626,Bol Bol,1610612753,ORL,23.0,70,50,0.155,21,74,0.284,0.405,0.017,3,8,0.375,0.138,18,66,0.273,2022-23,Regular Season,Catch and Shoot
1629029,Luka Doncic,1610612742,DAL,24.0,66,44,0.05,26,72,0.361,0.535,0.001,1,1,1.0,0.049,25,71,0.352,2022-23,Regular Season,Catch and Shoot
1627863,Danuel House Jr.,1610612755,PHI,30.0,56,41,0.365,25,72,0.347,0.514,0.005,1,1,1.0,0.36,24,71,0.338,2022-23,Regular Season,Catch and Shoot
203933,T.J. Warren,1610612756,PHX,29.0,42,31,0.263,29,71,0.408,0.556,0.048,8,13,0.615,0.215,21,58,0.362,2022-23,Regular Season,Catch and Shoot
1630700,Dyson Daniels,1610612740,NOP,20.0,59,37,0.34,24,71,0.338,0.507,0.005,0,1,0.0,0.335,24,70,0.343,2022-23,Regular Season,Catch and Shoot
1628365,Markelle Fultz,1610612753,ORL,25.0,60,43,0.105,21,71,0.296,0.43,0.006,2,4,0.5,0.099,19,67,0.284,2022-23,Regular Season,Catch and Shoot
201588,George Hill,1610612754,IND,37.0,46,32,0.422,28,70,0.4,0.593,0.006,1,1,1.0,0.416,27,69,0.391,2022-23,Regular Season,Catch and Shoot
1630613,Duane Washington Jr.,1610612752,NYK,23.0,31,26,0.273,22,70,0.314,0.457,0.02,2,5,0.4,0.254,20,65,0.308,2022-23,Regular Season,Catch and Shoot
1630578,Alperen Sengun,1610612745,HOU,20.0,75,42,0.086,26,69,0.377,0.5,0.029,9,23,0.391,0.058,17,46,0.37,2022-23,Regular Season,Catch and Shoot
202710,Jimmy Butler III,1610612748,MIA,33.0,64,42,0.078,25,69,0.362,0.493,0.014,7,12,0.583,0.064,18,57,0.316,2022-23,Regular Season,Catch and Shoot
1631121,Bryce McGowens,1610612766,CHA,20.0,46,33,0.342,22,69,0.319,0.478,0.01,0,2,0.0,0.332,22,67,0.328,2022-23,Regular Season,Catch and Shoot
1630570,Trendon Watford,1610612757,POR,22.0,61,39,0.219,27,68,0.397,0.574,0.023,3,7,0.429,0.196,24,61,0.393,2022-23,Regular Season,Catch and Shoot
1629678,Admiral Schofield,1610612753,ORL,26.0,37,29,0.557,23,68,0.338,0.507,0.0,0,0,,0.557,23,68,0.338,2022-23,Regular Season,Catch and Shoot
203095,Evan Fournier,1610612752,NYK,30.0,27,22,0.398,22,66,0.333,0.5,0.006,0,1,0.0,0.392,22,65,0.338,2022-23,Regular Season,Catch and Shoot
1627823,Juancho Hernangomez,1610612761,TOR,27.0,42,30,0.57,17,65,0.262,0.392,0.009,0,1,0.0,0.561,17,64,0.266,2022-23,Regular Season,Catch and Shoot
1630168,Onyeka Okongwu,1610612737,ATL,22.0,80,44,0.129,27,64,0.422,0.453,0.105,23,52,0.442,0.024,4,12,0.333,2022-23,Regular Season,Catch and Shoot
1626204,Larry Nance Jr.,1610612740,NOP,30.0,65,35,0.21,25,64,0.391,0.5,0.075,11,23,0.478,0.134,14,41,0.341,2022-23,Regular Season,Catch and Shoot
1630577,Julian Champagnie,1610612759,SAS,22.0,15,14,0.63,23,63,0.365,0.54,0.02,1,2,0.5,0.61,22,61,0.361,2022-23,Regular Season,Catch and Shoot
1630192,Zeke Nnaji,1610612743,DEN,22.0,53,32,0.321,18,63,0.286,0.421,0.01,1,2,0.5,0.311,17,61,0.279,2022-23,Regular Season,Catch and Shoot
1628988,Aaron Holiday,1610612737,ATL,26.0,63,38,0.282,27,62,0.435,0.653,0.0,0,0,,0.282,27,62,0.435,2022-23,Regular Season,Catch and Shoot
1630547,James Bouknight,1610612766,CHA,22.0,34,24,0.33,21,62,0.339,0.508,0.005,0,1,0.0,0.324,21,61,0.344,2022-23,Regular Season,Catch and Shoot
1629004,Svi Mykhailiuk,1610612766,CHA,26.0,32,22,0.353,27,61,0.443,0.648,0.023,2,4,0.5,0.329,25,57,0.439,2022-23,Regular Season,Catch and Shoot
1629660,Ty Jerome,1610612744,GSW,25.0,45,29,0.252,24,61,0.393,0.59,0.0,0,0,,0.252,24,61,0.393,2022-23,Regular Season,Catch and Shoot
1631133,Jabari Walker,1610612757,POR,20.0,55,30,0.328,20,61,0.328,0.443,0.07,6,13,0.462,0.258,14,48,0.292,2022-23,Regular Season,Catch and Shoot
1628373,Frank Ntilikina,1610612742,DAL,24.0,47,28,0.462,17,61,0.279,0.393,0.038,3,5,0.6,0.424,14,56,0.25,2022-23,Regular Season,Catch and Shoot
1631108,Max Christie,1610612747,LAL,20.0,41,25,0.566,24,60,0.4,0.6,0.009,0,1,0.0,0.557,24,59,0.407,2022-23,Regular Season,Catch and Shoot
1631222,Jake LaRavia,1610612763,MEM,21.0,35,26,0.632,22,60,0.367,0.55,0.0,0,0,,0.632,22,60,0.367,2022-23,Regular Season,Catch and Shoot
1628983,Shai Gilgeous-Alexander,1610612760,OKC,24.0,68,37,0.043,21,59,0.356,0.492,0.007,5,9,0.556,0.036,16,50,0.32,2022-23,Regular Season,Catch and Shoot
1628386,Jarrett Allen,1610612739,CLE,25.0,68,37,0.094,19,59,0.322,0.331,0.078,18,49,0.367,0.016,1,10,0.1,2022-23,Regular Season,Catch and Shoot
201937,Ricky Rubio,1610612739,CLE,32.0,33,26,0.326,16,58,0.276,0.414,0.006,0,1,0.0,0.32,16,57,0.281,2022-23,Regular Season,Catch and Shoot
1630586,Usman Garuba,1610612745,HOU,21.0,75,37,0.322,24,57,0.421,0.632,0.0,0,0,,0.322,24,57,0.421,2022-23,Regular Season,Catch and Shoot
201933,Blake Griffin,1610612738,BOS,34.0,41,27,0.438,21,57,0.368,0.553,0.008,0,1,0.0,0.431,21,56,0.375,2022-23,Regular Season,Catch and Shoot
1631102,TyTy Washington Jr.,1610612745,HOU,21.0,31,26,0.356,14,57,0.246,0.368,0.0,0,0,,0.356,14,57,0.246,2022-23,Regular Season,Catch and Shoot
1629647,Darius Bazley,1610612756,PHX,23.0,43,30,0.306,22,56,0.393,0.563,0.027,3,5,0.6,0.279,19,51,0.373,2022-23,Regular Season,Catch and Shoot
1630177,Theo Maledon,1610612766,CHA,22.0,44,29,0.222,21,56,0.375,0.545,0.012,2,3,0.667,0.21,19,53,0.358,2022-23,Regular Season,Catch and Shoot
1631098,Johnny Davis,1610612764,WAS,21.0,28,15,0.327,17,56,0.304,0.446,0.006,1,1,1.0,0.322,16,55,0.291,2022-23,Regular Season,Catch and Shoot
1629641,Romeo Langford,1610612759,SAS,23.0,40,32,0.226,17,55,0.309,0.455,0.004,1,1,1.0,0.222,16,54,0.296,2022-23,Regular Season,Catch and Shoot
1630556,Kessler Edwards,1610612758,SAC,22.0,36,26,0.591,17,55,0.309,0.464,0.022,0,2,0.0,0.57,17,53,0.321,2022-23,Regular Season,Catch and Shoot
1629162,Jordan McLaughlin,1610612750,MIN,27.0,42,34,0.378,16,54,0.296,0.444,0.0,0,0,,0.378,16,54,0.296,2022-23,Regular Season,Catch and Shoot
203476,Gorgui Dieng,1610612759,SAS,33.0,30,24,0.486,19,53,0.358,0.509,0.046,3,5,0.6,0.44,16,48,0.333,2022-23,Regular Season,Catch and Shoot
1629033,Theo Pinson,1610612742,DAL,27.0,40,22,0.598,17,52,0.327,0.49,0.0,0,0,,0.598,17,52,0.327,2022-23,Regular Season,Catch and Shoot
1630528,Josh Christopher,1610612745,HOU,21.0,64,37,0.158,12,52,0.231,0.337,0.006,1,2,0.5,0.152,11,50,0.22,2022-23,Regular Season,Catch and Shoot
1630560,Cam Thomas,1610612751,BKN,21.0,57,26,0.114,23,51,0.451,0.627,0.016,5,7,0.714,0.098,18,44,0.409,2022-23,Regular Season,Catch and Shoot
1626159,Justise Winslow,1610612757,POR,27.0,29,21,0.258,15,51,0.294,0.431,0.035,1,7,0.143,0.222,14,44,0.318,2022-23,Regular Season,Catch and Shoot
1629634,Brandon Clarke,1610612763,MEM,26.0,56,37,0.14,24,49,0.49,0.5,0.123,23,43,0.535,0.017,1,6,0.167,2022-23,Regular Season,Catch and Shoot
204456,T.J. McConnell,1610612754,IND,31.0,75,34,0.094,17,49,0.347,0.49,0.015,3,8,0.375,0.079,14,41,0.341,2022-23,Regular Season,Catch and Shoot
1630548,Johnny Juzang,1610612762,UTA,22.0,18,17,0.471,11,49,0.224,0.337,0.019,0,2,0.0,0.452,11,47,0.234,2022-23,Regular Season,Catch and Shoot
1630553,Keon Johnson,1610612757,POR,21.0,40,22,0.264,15,47,0.319,0.479,0.0,0,0,,0.264,15,47,0.319,2022-23,Regular Season,Catch and Shoot
1629676,Isaiah Roby,1610612752,NYK,25.0,41,26,0.311,15,47,0.319,0.468,0.02,1,3,0.333,0.291,14,44,0.318,2022-23,Regular Season,Catch and Shoot
203109,Jae Crowder,1610612749,MIL,32.0,18,18,0.457,19,43,0.442,0.663,0.011,0,1,0.0,0.447,19,42,0.452,2022-23,Regular Season,Catch and Shoot
1631104,Blake Wesley,1610612759,SAS,20.0,34,25,0.214,16,43,0.372,0.547,0.005,1,1,1.0,0.209,15,42,0.357,2022-23,Regular Season,Catch and Shoot
1630568,Luka Garza,1610612750,MIN,24.0,27,19,0.378,16,42,0.381,0.548,0.036,2,4,0.5,0.342,14,38,0.368,2022-23,Regular Season,Catch and Shoot
1629117,Wenyen Gabriel,1610612747,LAL,26.0,68,30,0.163,12,42,0.286,0.393,0.031,3,8,0.375,0.132,9,34,0.265,2022-23,Regular Season,Catch and Shoot
201959,Taj Gibson,1610612764,WAS,38.0,49,28,0.328,16,41,0.39,0.488,0.152,8,19,0.421,0.176,8,22,0.364,2022-23,Regular Season,Catch and Shoot
1631107,Nikola Jović,1610612748,MIA,20.0,15,13,0.594,11,41,0.268,0.366,0.087,3,6,0.5,0.507,8,35,0.229,2022-23,Regular Season,Catch and Shoot
1629308,Juan Toscano-Anderson,1610612762,UTA,30.0,52,26,0.287,10,41,0.244,0.341,0.021,2,3,0.667,0.266,8,38,0.211,2022-23,Regular Season,Catch and Shoot
1630625,Dalano Banton,1610612761,TOR,23.0,31,17,0.305,13,40,0.325,0.488,0.008,0,1,0.0,0.298,13,39,0.333,2022-23,Regular Season,Catch and Shoot
1628432,Davon Reed,1610612743,DEN,28.0,43,21,0.476,13,40,0.325,0.488,0.012,0,1,0.0,0.464,13,39,0.333,2022-23,Regular Season,Catch and Shoot
203473,Dewayne Dedmon,1610612755,PHI,33.0,38,22,0.265,12,40,0.3,0.425,0.026,2,4,0.5,0.238,10,36,0.278,2022-23,Regular Season,Catch and Shoot
1630256,Jae'Sean Tate,1610612745,HOU,27.0,31,25,0.175,11,40,0.275,0.413,0.0,0,0,,0.175,11,40,0.275,2022-23,Regular Season,Catch and Shoot
1629002,Chimezie Metu,1610612758,SAC,26.0,66,24,0.178,12,39,0.308,0.423,0.023,3,5,0.6,0.155,9,34,0.265,2022-23,Regular Season,Catch and Shoot
201565,Derrick Rose,1610612752,NYK,34.0,27,23,0.233,8,37,0.216,0.324,0.006,0,1,0.0,0.226,8,36,0.222,2022-23,Regular Season,Catch and Shoot
201152,Thaddeus Young,1610612761,TOR,35.0,54,26,0.187,7,37,0.189,0.27,0.02,1,4,0.25,0.167,6,33,0.182,2022-23,Regular Season,Catch and Shoot
1626169,Stanley Johnson,1610612762,UTA,27.0,29,19,0.298,17,36,0.472,0.681,0.025,2,3,0.667,0.273,15,33,0.455,2022-23,Regular Season,Catch and Shoot
1629599,Amir Coffey,1610612746,LAC,26.0,50,20,0.248,12,36,0.333,0.472,0.021,2,3,0.667,0.228,10,33,0.303,2022-23,Regular Season,Catch and Shoot
1629234,Drew Eubanks,1610612757,POR,26.0,77,21,0.109,14,35,0.4,0.457,0.065,10,21,0.476,0.044,4,14,0.286,2022-23,Regular Season,Catch and Shoot
1627788,Furkan Korkmaz,1610612755,PHI,25.0,37,19,0.315,13,35,0.371,0.557,0.018,0,2,0.0,0.297,13,33,0.394,2022-23,Regular Season,Catch and Shoot
1630214,Xavier Tillman,1610612763,MEM,24.0,61,24,0.111,14,34,0.412,0.471,0.072,10,22,0.455,0.039,4,12,0.333,2022-23,Regular Season,Catch and Shoot
1626163,Frank Kaminsky,1610612745,HOU,30.0,36,17,0.54,14,34,0.412,0.603,0.016,1,1,1.0,0.524,13,33,0.394,2022-23,Regular Season,Catch and Shoot
1629750,Javonte Green,1610612741,CHI,29.0,32,19,0.315,12,34,0.353,0.529,0.0,0,0,,0.315,12,34,0.353,2022-23,Regular Season,Catch and Shoot
1627854,Bryn Forbes,1610612750,MIN,29.0,25,19,0.41,10,34,0.294,0.441,0.024,0,2,0.0,0.386,10,32,0.313,2022-23,Regular Season,Catch and Shoot
1630164,James Wiseman,1610612765,DET,22.0,45,25,0.097,11,33,0.333,0.379,0.056,8,19,0.421,0.041,3,14,0.214,2022-23,Regular Season,Catch and Shoot
203526,Raul Neto,1610612739,CLE,31.0,48,24,0.3,10,33,0.303,0.455,0.0,0,0,,0.3,10,33,0.303,2022-23,Regular Season,Catch and Shoot
201980,Danny Green,1610612739,CLE,36.0,11,10,0.653,14,32,0.438,0.656,0.041,0,2,0.0,0.612,14,30,0.467,2022-23,Regular Season,Catch and Shoot
1630595,Cade Cunningham,1610612765,DET,21.0,12,11,0.143,10,32,0.313,0.453,0.022,1,5,0.2,0.121,9,27,0.333,2022-23,Regular Season,Catch and Shoot
1630284,Kevon Harris,1610612753,ORL,26.0,34,16,0.29,14,31,0.452,0.677,0.0,0,0,,0.29,14,31,0.452,2022-23,Regular Season,Catch and Shoot
1629637,Jaxson Hayes,1610612740,NOP,23.0,47,23,0.199,4,31,0.129,0.177,0.013,1,2,0.5,0.186,3,29,0.103,2022-23,Regular Season,Catch and Shoot
1627739,Kris Dunn,1610612762,UTA,29.0,22,15,0.139,13,30,0.433,0.65,0.005,0,1,0.0,0.134,13,29,0.448,2022-23,Regular Season,Catch and Shoot
1629677,Luka Samanic,1610612762,UTA,23.0,7,7,0.526,8,30,0.267,0.4,0.0,0,0,,0.526,8,30,0.267,2022-23,Regular Season,Catch and Shoot
1630184,Kira Lewis Jr.,1610612740,NOP,22.0,25,17,0.33,12,29,0.414,0.621,0.011,0,1,0.0,0.318,12,28,0.429,2022-23,Regular Season,Catch and Shoot
1631219,John Butler Jr.,1610612757,POR,20.0,18,11,0.667,6,28,0.214,0.321,0.0,0,0,,0.667,6,28,0.214,2022-23,Regular Season,Catch and Shoot
1627780,Gary Payton II,1610612744,GSW,30.0,22,15,0.391,14,27,0.519,0.759,0.014,1,1,1.0,0.377,13,26,0.5,2022-23,Regular Season,Catch and Shoot
1628977,Hamidou Diallo,1610612765,DET,24.0,55,20,0.074,9,27,0.333,0.389,0.027,6,10,0.6,0.046,3,17,0.176,2022-23,Regular Season,Catch and Shoot
1629048,Goga Bitadze,1610612753,ORL,23.0,38,20,0.216,5,27,0.185,0.259,0.032,1,4,0.25,0.184,4,23,0.174,2022-23,Regular Season,Catch and Shoot
1631246,Vince Williams Jr.,1610612763,MEM,22.0,15,11,0.675,4,27,0.148,0.222,0.0,0,0,,0.675,4,27,0.148,2022-23,Regular Season,Catch and Shoot
1630264,Anthony Gill,1610612764,WAS,30.0,59,20,0.197,5,26,0.192,0.269,0.008,1,1,1.0,0.189,4,25,0.16,2022-23,Regular Season,Catch and Shoot
1631132,Christian Koloko,1610612761,TOR,23.0,58,18,0.167,6,25,0.24,0.26,0.093,5,14,0.357,0.073,1,11,0.091,2022-23,Regular Season,Catch and Shoot
1631205,Buddy Boeheim,1610612765,DET,23.0,10,6,0.926,4,25,0.16,0.24,0.037,0,1,0.0,0.889,4,24,0.167,2022-23,Regular Season,Catch and Shoot
1626172,Kevon Looney,1610612744,GSW,27.0,81,22,0.064,12,24,0.5,0.5,0.061,12,23,0.522,0.003,0,1,0.0,2022-23,Regular Season,Catch and Shoot
1630639,A.J. Lawson,1610612742,DAL,22.0,15,10,0.523,10,23,0.435,0.652,0.0,0,0,,0.523,10,23,0.435,2022-23,Regular Season,Catch and Shoot
202066,Garrett Temple,1610612740,NOP,37.0,25,16,0.489,9,22,0.409,0.614,0.022,0,1,0.0,0.467,9,21,0.429,2022-23,Regular Season,Catch and Shoot
1629603,Mamadi Diakite,1610612739,CLE,26.0,22,13,0.44,7,22,0.318,0.455,0.06,1,3,0.333,0.38,6,19,0.316,2022-23,Regular Season,Catch and Shoot
203521,Matthew Dellavedova,1610612758,SAC,32.0,32,15,0.44,7,22,0.318,0.477,0.0,0,0,,0.44,7,22,0.318,2022-23,Regular Season,Catch and Shoot
1631254,Kenneth Lofton Jr.,1610612763,MEM,20.0,24,14,0.237,7,22,0.318,0.432,0.086,2,8,0.25,0.151,5,14,0.357,2022-23,Regular Season,Catch and Shoot
1628371,Jonathan Isaac,1610612753,ORL,25.0,11,9,0.396,10,21,0.476,0.619,0.132,4,7,0.571,0.264,6,14,0.429,2022-23,Regular Season,Catch and Shoot
1629644,KZ Okpala,1610612758,SAC,24.0,35,16,0.553,7,21,0.333,0.5,0.0,0,0,,0.553,7,21,0.333,2022-23,Regular Season,Catch and Shoot
1631197,Jared Rhoden,1610612765,DET,23.0,14,9,0.477,6,21,0.286,0.405,0.045,1,2,0.5,0.432,5,19,0.263,2022-23,Regular Season,Catch and Shoot
1626158,Richaun Holmes,1610612758,SAC,29.0,42,15,0.225,13,20,0.65,0.775,0.135,8,12,0.667,0.09,5,8,0.625,2022-23,Regular Season,Catch and Shoot
1630194,Paul Reed,1610612755,PHI,24.0,69,16,0.096,6,20,0.3,0.325,0.067,5,14,0.357,0.029,1,6,0.167,2022-23,Regular Season,Catch and Shoot
1627745,Damian Jones,1610612762,UTA,28.0,41,13,0.221,11,19,0.579,0.842,0.023,1,2,0.5,0.198,10,17,0.588,2022-23,Regular Season,Catch and Shoot
1630240,Saben Lee,1610612756,PHX,24.0,25,9,0.157,8,19,0.421,0.632,0.0,0,0,,0.157,8,19,0.421,2022-23,Regular Season,Catch and Shoot
1631288,Jamal Cain,1610612748,MIA,24.0,18,11,0.288,8,19,0.421,0.605,0.015,1,1,1.0,0.273,7,18,0.389,2022-23,Regular Season,Catch and Shoot
203086,Meyers Leonard,1610612749,MIL,31.0,9,9,0.655,7,19,0.368,0.553,0.034,0,1,0.0,0.621,7,18,0.389,2022-23,Regular Season,Catch and Shoot
1629646,Charles Bassey,1610612759,SAS,22.0,35,13,0.141,7,19,0.368,0.395,0.104,6,14,0.429,0.037,1,5,0.2,2022-23,Regular Season,Catch and Shoot
1630539,Kai Jones,1610612766,CHA,22.0,46,13,0.158,4,19,0.211,0.316,0.008,0,1,0.0,0.15,4,18,0.222,2022-23,Regular Season,Catch and Shoot
1631207,Dalen Terry,1610612741,CHI,20.0,37,13,0.271,4,19,0.211,0.316,0.0,0,0,,0.271,4,19,0.211,2022-23,Regular Season,Catch and Shoot
1627853,Ryan Arcidiacono,1610612752,NYK,29.0,20,10,0.486,7,18,0.389,0.583,0.0,0,0,,0.486,7,18,0.389,2022-23,Regular Season,Catch and Shoot
1630593,McKinley Wright IV,1610612742,DAL,24.0,27,14,0.184,7,18,0.389,0.583,0.0,0,0,,0.184,7,18,0.389,2022-23,Regular Season,Catch and Shoot
1630233,Nathan Knight,1610612750,MIN,25.0,37,13,0.225,7,18,0.389,0.583,0.0,0,0,,0.225,7,18,0.389,2022-23,Regular Season,Catch and Shoot
1630678,Terry Taylor,1610612741,CHI,23.0,31,12,0.24,5,18,0.278,0.417,0.0,0,0,,0.24,5,18,0.278,2022-23,Regular Season,Catch and Shoot
201586,Serge Ibaka,1610612749,MIL,33.0,16,11,0.333,5,18,0.278,0.417,0.019,0,1,0.0,0.315,5,17,0.294,2022-23,Regular Season,Catch and Shoot
1631230,Dominick Barlow,1610612759,SAS,20.0,26,12,0.237,5,18,0.278,0.278,0.184,5,14,0.357,0.053,0,4,0.0,2022-23,Regular Season,Catch and Shoot
1630543,Isaiah Jackson,1610612754,IND,21.0,63,16,0.057,4,18,0.222,0.278,0.019,2,6,0.333,0.038,2,12,0.167,2022-23,Regular Season,Catch and Shoot
1628382,Justin Jackson,1610612738,BOS,28.0,23,12,0.667,4,18,0.222,0.333,0.0,0,0,,0.667,4,18,0.222,2022-23,Regular Season,Catch and Shoot
1628464,Daniel Theis,1610612754,IND,31.0,7,6,0.386,4,17,0.235,0.294,0.136,2,6,0.333,0.25,2,11,0.182,2022-23,Regular Season,Catch and Shoot
203490,Otto Porter Jr.,1610612761,TOR,30.0,8,8,0.533,6,16,0.375,0.563,0.0,0,0,,0.533,6,16,0.375,2022-23,Regular Season,Catch and Shoot
1630219,Skylar Mays,1610612757,POR,25.0,5,5,0.262,6,16,0.375,0.563,0.0,0,0,,0.262,6,16,0.375,2022-23,Regular Season,Catch and Shoot
1630527,Brandon Boston,1610612746,LAC,21.0,22,9,0.131,5,16,0.313,0.469,0.016,0,2,0.0,0.115,5,14,0.357,2022-23,Regular Season,Catch and Shoot
1630249,Vít Krejčí,1610612737,ATL,23.0,29,12,0.432,3,16,0.188,0.281,0.0,0,0,,0.432,3,16,0.188,2022-23,Regular Season,Catch and Shoot
1626195,Willy Hernangomez,1610612740,NOP,29.0,38,12,0.089,4,15,0.267,0.367,0.024,1,4,0.25,0.065,3,11,0.273,2022-23,Regular Season,Catch and Shoot
1631111,Wendell Moore Jr.,1610612750,MIN,21.0,28,11,0.349,1,15,0.067,0.1,0.0,0,0,,0.349,1,15,0.067,2022-23,Regular Season,Catch and Shoot
1630549,Day'Ron Sharpe,1610612751,BKN,21.0,48,14,0.082,7,14,0.5,0.679,0.023,2,4,0.5,0.058,5,10,0.5,2022-23,Regular Season,Catch and Shoot
1628221,Gabe York,1610612754,IND,29.0,3,3,0.667,6,14,0.429,0.643,0.0,0,0,,0.667,6,14,0.429,2022-23,Regular Season,Catch and Shoot
1629627,Zion Williamson,1610612740,NOP,22.0,29,10,0.03,6,14,0.429,0.643,0.0,0,0,,0.03,6,14,0.429,2022-23,Regular Season,Catch and Shoot
203457,Nerlens Noel,1610612751,BKN,29.0,17,9,0.389,5,14,0.357,0.393,0.333,4,12,0.333,0.056,1,2,0.5,2022-23,Regular Season,Catch and Shoot
2617,Udonis Haslem,1610612748,MIA,43.0,7,5,0.483,4,14,0.286,0.393,0.207,1,6,0.167,0.276,3,8,0.375,2022-23,Regular Season,Catch and Shoot
1630554,Jason Preston,1610612746,LAC,23.0,14,9,0.341,4,14,0.286,0.429,0.0,0,0,,0.341,4,14,0.286,2022-23,Regular Season,Catch and Shoot
1628436,Luke Kornet,1610612738,BOS,27.0,69,12,0.082,2,14,0.143,0.214,0.018,0,3,0.0,0.065,2,11,0.182,2022-23,Regular Season,Catch and Shoot
1631160,Jordan Hall,1610612759,SAS,21.0,9,8,0.5,2,14,0.143,0.179,0.071,1,2,0.5,0.429,1,12,0.083,2022-23,Regular Season,Catch and Shoot
1629623,Lindell Wigginton,1610612749,MIL,25.0,7,5,0.351,6,13,0.462,0.692,0.0,0,0,,0.351,6,13,0.462,2022-23,Regular Season,Catch and Shoot
1631212,Peyton Watson,1610612743,DEN,20.0,23,8,0.22,6,13,0.462,0.692,0.0,0,0,,0.22,6,13,0.462,2022-23,Regular Season,Catch and Shoot
1630696,Dru Smith,1610612751,BKN,25.0,15,7,0.289,5,13,0.385,0.577,0.0,0,0,,0.289,5,13,0.385,2022-23,Regular Season,Catch and Shoot
203497,Rudy Gobert,1610612750,MIN,31.0,69,13,0.024,5,13,0.385,0.385,0.02,5,11,0.455,0.004,0,2,0.0,2022-23,Regular Season,Catch and Shoot
1630288,Jeff Dowtin Jr.,1610612761,TOR,26.0,25,8,0.228,4,13,0.308,0.462,0.0,0,0,,0.228,4,13,0.308,2022-23,Regular Season,Catch and Shoot
1631109,Mark Williams,1610612766,CHA,21.0,43,10,0.048,6,12,0.5,0.5,0.048,6,12,0.5,0.0,0,0,,2022-23,Regular Season,Catch and Shoot
1629633,Jarrett Culver,1610612737,ATL,24.0,10,6,0.279,1,12,0.083,0.125,0.047,0,2,0.0,0.233,1,10,0.1,2022-23,Regular Season,Catch and Shoot
1630643,Jay Huff,1610612764,WAS,25.0,7,4,0.44,5,11,0.455,0.682,0.0,0,0,,0.44,5,11,0.455,2022-23,Regular Season,Catch and Shoot
1630580,Joe Wieskamp,1610612761,TOR,23.0,9,4,0.786,3,11,0.273,0.409,0.0,0,0,,0.786,3,11,0.273,2022-23,Regular Season,Catch and Shoot
1631113,Kennedy Chandler,1610612763,MEM,20.0,36,8,0.133,2,11,0.182,0.273,0.0,0,0,,0.133,2,11,0.182,2022-23,Regular Season,Catch and Shoot
1630241,Sam Merrill,1610612739,CLE,27.0,5,4,0.5,2,11,0.182,0.273,0.0,0,0,,0.5,2,11,0.182,2022-23,Regular Season,Catch and Shoot
1630561,David Duke Jr.,1610612751,BKN,23.0,23,7,0.141,1,11,0.091,0.136,0.0,0,0,,0.141,1,11,0.091,2022-23,Regular Season,Catch and Shoot
1628408,PJ Dozier,1610612758,SAC,26.0,16,5,0.333,1,11,0.091,0.136,0.0,0,0,,0.333,1,11,0.091,2022-23,Regular Season,Catch and Shoot
1630225,Isaiah Todd,1610612764,WAS,21.0,6,4,0.611,1,11,0.091,0.136,0.056,0,1,0.0,0.556,1,10,0.1,2022-23,Regular Season,Catch and Shoot
1630208,Nick Richards,1610612766,CHA,25.0,65,9,0.032,5,10,0.5,0.55,0.029,4,9,0.444,0.003,1,1,1.0,2022-23,Regular Season,Catch and Shoot
1628998,Cody Martin,1610612766,CHA,27.0,7,5,0.278,4,10,0.4,0.55,0.028,1,1,1.0,0.25,3,9,0.333,2022-23,Regular Season,Catch and Shoot
1629651,Nic Claxton,1610612751,BKN,24.0,76,9,0.017,4,10,0.4,0.4,0.015,4,9,0.444,0.002,0,1,0.0,2022-23,Regular Season,Catch and Shoot
202687,Bismack Biyombo,1610612756,PHX,30.0,61,9,0.049,4,10,0.4,0.4,0.049,4,10,0.4,0.0,0,0,,2022-23,Regular Season,Catch and Shoot
1630620,Darius Days,1610612745,HOU,23.0,4,3,0.833,3,10,0.3,0.45,0.0,0,0,,0.833,3,10,0.3,2022-23,Regular Season,Catch and Shoot
201949,James Johnson,1610612754,IND,36.0,18,8,0.204,2,10,0.2,0.3,0.0,0,0,,0.204,2,10,0.2,2022-23,Regular Season,Catch and Shoot
1627826,Ivica Zubac,1610612746,LAC,26.0,76,9,0.019,2,10,0.2,0.2,0.016,2,8,0.25,0.004,0,2,0.0,2022-23,Regular Season,Catch and Shoot
1631245,Quenton Jackson,1610612764,WAS,24.0,9,8,0.238,1,10,0.1,0.15,0.024,0,1,0.0,0.214,1,9,0.111,2022-23,Regular Season,Catch and Shoot
1631115,Orlando Robinson,1610612748,MIA,22.0,31,7,0.112,0,10,0.0,0.0,0.045,0,4,0.0,0.067,0,6,0.0,2022-23,Regular Season,Catch and Shoot
1630215,Jared Butler,1610612760,OKC,22.0,6,4,0.281,5,9,0.556,0.833,0.0,0,0,,0.281,5,9,0.556,2022-23,Regular Season,Catch and Shoot
1631298,Jack White,1610612743,DEN,25.0,17,6,0.474,3,9,0.333,0.5,0.0,0,0,,0.474,3,9,0.333,2022-23,Regular Season,Catch and Shoot
1629655,Daniel Gafford,1610612764,WAS,24.0,78,7,0.023,3,9,0.333,0.333,0.023,3,9,0.333,0.0,0,0,,2022-23,Regular Season,Catch and Shoot
1630644,Mac McClung,1610612755,PHI,24.0,2,2,0.45,3,9,0.333,0.5,0.0,0,0,,0.45,3,9,0.333,2022-23,Regular Season,Catch and Shoot
1631303,Justin Minaya,1610612757,POR,24.0,3,2,0.6,2,9,0.222,0.333,0.067,0,1,0.0,0.533,2,8,0.25,2022-23,Regular Season,Catch and Shoot
1630563,Joshua Primo,1610612759,SAS,20.0,4,4,0.346,2,9,0.222,0.333,0.0,0,0,,0.346,2,9,0.222,2022-23,Regular Season,Catch and Shoot
1630846,Olivier Sarr,1610612760,OKC,24.0,9,6,0.3,2,9,0.222,0.278,0.033,1,1,1.0,0.267,1,8,0.125,2022-23,Regular Season,Catch and Shoot
1631105,Jalen Duren,1610612765,DET,19.0,66,9,0.023,1,9,0.111,0.111,0.018,1,7,0.143,0.005,0,2,0.0,2022-23,Regular Season,Catch and Shoot
1629714,Jarrell Brantley,1610612762,UTA,27.0,4,3,0.571,4,8,0.5,0.75,0.0,0,0,,0.571,4,8,0.5,2022-23,Regular Season,Catch and Shoot
1630600,Isaiah Mobley,1610612739,CLE,23.0,12,5,0.286,3,8,0.375,0.563,0.0,0,0,,0.286,3,8,0.375,2022-23,Regular Season,Catch and Shoot
1631117,Walker Kessler,1610612762,UTA,21.0,74,8,0.019,3,8,0.375,0.438,0.012,2,5,0.4,0.007,1,3,0.333,2022-23,Regular Season,Catch and Shoot
1631199,Ron Harper Jr.,1610612761,TOR,23.0,9,5,0.5,3,8,0.375,0.563,0.0,0,0,,0.5,3,8,0.375,2022-23,Regular Season,Catch and Shoot
1626149,Montrezl Harrell,1610612755,PHI,29.0,57,8,0.038,1,8,0.125,0.125,0.019,1,4,0.25,0.019,0,4,0.0,2022-23,Regular Season,Catch and Shoot
202689,Kemba Walker,1610612742,DAL,33.0,9,6,0.14,1,8,0.125,0.125,0.018,1,1,1.0,0.123,0,7,0.0,2022-23,Regular Season,Catch and Shoot
1630695,Micah Potter,1610612762,UTA,25.0,7,3,0.467,4,7,0.571,0.857,0.0,0,0,,0.467,4,7,0.571,2022-23,Regular Season,Catch and Shoot
1630209,Omer Yurtseven,1610612748,MIA,25.0,9,4,0.259,4,7,0.571,0.786,0.037,1,1,1.0,0.222,3,6,0.5,2022-23,Regular Season,Catch and Shoot
1631120,JD Davison,1610612738,BOS,20.0,12,4,0.368,3,7,0.429,0.571,0.053,1,1,1.0,0.316,2,6,0.333,2022-23,Regular Season,Catch and Shoot
1631157,Ryan Rollins,1610612744,GSW,20.0,12,4,0.35,3,7,0.429,0.643,0.0,0,0,,0.35,3,7,0.429,2022-23,Regular Season,Catch and Shoot
203486,Mason Plumlee,1610612746,LAC,33.0,79,7,0.014,3,7,0.429,0.429,0.014,3,7,0.429,0.0,0,0,,2022-23,Regular Season,Catch and Shoot
1631165,Keon Ellis,1610612758,SAC,23.0,16,4,0.438,3,7,0.429,0.643,0.0,0,0,,0.438,3,7,0.429,2022-23,Regular Season,Catch and Shoot
1629057,Robert Williams III,1610612738,BOS,25.0,35,7,0.041,3,7,0.429,0.429,0.035,3,6,0.5,0.006,0,1,0.0,2022-23,Regular Season,Catch and Shoot
1631466,Nate Williams,1610612757,POR,24.0,4,4,0.241,3,7,0.429,0.643,0.0,0,0,,0.241,3,7,0.429,2022-23,Regular Season,Catch and Shoot
1630535,Greg Brown III,1610612757,POR,21.0,16,5,0.25,1,7,0.143,0.214,0.036,0,1,0.0,0.214,1,6,0.167,2022-23,Regular Season,Catch and Shoot
1631213,Tyrese Martin,1610612737,ATL,24.0,16,5,0.304,0,7,0.0,0.0,0.043,0,1,0.0,0.261,0,6,0.0,2022-23,Regular Season,Catch and Shoot
1630270,Xavier Sneed,1610612766,CHA,25.0,4,4,0.6,3,6,0.5,0.75,0.0,0,0,,0.6,3,6,0.5,2022-23,Regular Season,Catch and Shoot
1628396,Tony Bradley,1610612741,CHI,25.0,11,6,0.545,3,6,0.5,0.75,0.091,0,1,0.0,0.455,3,5,0.6,2022-23,Regular Season,Catch and Shoot
201577,Robin Lopez,1610612739,CLE,35.0,37,5,0.08,3,6,0.5,0.667,0.027,1,2,0.5,0.053,2,4,0.5,2022-23,Regular Season,Catch and Shoot
1631306,Cole Swider,1610612747,LAL,24.0,7,3,0.667,3,6,0.5,0.75,0.0,0,0,,0.667,3,6,0.5,2022-23,Regular Season,Catch and Shoot
1630267,Facundo Campazzo,1610612742,DAL,32.0,8,4,0.462,2,6,0.333,0.5,0.0,0,0,,0.462,2,6,0.333,2022-23,Regular Season,Catch and Shoot
203500,Steven Adams,1610612763,MEM,29.0,42,6,0.023,2,6,0.333,0.333,0.019,2,5,0.4,0.004,0,1,0.0,2022-23,Regular Season,Catch and Shoot
202397,Ish Smith,1610612743,DEN,34.0,43,6,0.046,2,6,0.333,0.5,0.0,0,0,,0.046,2,6,0.333,2022-23,Regular Season,Catch and Shoot
203939,Dwight Powell,1610612742,DAL,31.0,76,6,0.022,1,6,0.167,0.167,0.011,1,3,0.333,0.011,0,3,0.0,2022-23,Regular Season,Catch and Shoot
1630250,Marko Simonovic,1610612741,CHI,23.0,6,4,0.857,1,6,0.167,0.25,0.286,0,2,0.0,0.571,1,4,0.25,2022-23,Regular Season,Catch and Shoot
203648,Thanasis Antetokounmpo,1610612749,MIL,30.0,37,5,0.13,0,6,0.0,0.0,0.0,0,0,,0.13,0,6,0.0,2022-23,Regular Season,Catch and Shoot
2738,Andre Iguodala,1610612744,GSW,39.0,7,3,0.5,0,6,0.0,0.0,0.0,0,0,,0.5,0,6,0.0,2022-23,Regular Season,Catch and Shoot
1630637,Carlik Jones,1610612741,CHI,25.0,6,3,0.357,3,5,0.6,0.9,0.0,0,0,,0.357,3,5,0.6,2022-23,Regular Season,Catch and Shoot
1630564,RaiQuan Gray,1610612751,BKN,23.0,1,1,0.417,2,5,0.4,0.6,0.0,0,0,,0.417,2,5,0.4,2022-23,Regular Season,Catch and Shoot
203920,Khem Birch,1610612759,SAS,30.0,20,4,0.156,2,5,0.4,0.5,0.094,1,3,0.333,0.063,1,2,0.5,2022-23,Regular Season,Catch and Shoot
1630531,Jaden Springer,1610612755,PHI,20.0,16,4,0.143,2,5,0.4,0.5,0.029,1,1,1.0,0.114,1,4,0.25,2022-23,Regular Season,Catch and Shoot
1627885,Shaquille Harrison,1610612747,LAL,29.0,4,3,0.179,2,5,0.4,0.6,0.0,0,0,,0.179,2,5,0.4,2022-23,Regular Season,Catch and Shoot
1631169,Josh Minott,1610612750,MIN,20.0,14,4,0.147,2,5,0.4,0.6,0.0,0,0,,0.147,2,5,0.4,2022-23,Regular Season,Catch and Shoot
1627732,Ben Simmons,1610612751,BKN,26.0,42,4,0.021,2,5,0.4,0.4,0.021,2,5,0.4,0.0,0,0,,2022-23,Regular Season,Catch and Shoot
1630243,Trevelin Queen,1610612755,PHI,26.0,7,3,0.172,1,5,0.2,0.3,0.0,0,0,,0.172,1,5,0.2,2022-23,Regular Season,Catch and Shoot
203083,Andre Drummond,1610612741,CHI,29.0,67,5,0.018,0,5,0.0,0.0,0.007,0,2,0.0,0.011,0,3,0.0,2022-23,Regular Season,Catch and Shoot
1628981,Bruno Fernando,1610612737,ATL,24.0,39,3,0.045,0,5,0.0,0.0,0.009,0,1,0.0,0.036,0,4,0.0,2022-23,Regular Season,Catch and Shoot
1629663,Louis King,1610612755,PHI,24.0,1,1,0.308,2,4,0.5,0.75,0.0,0,0,,0.308,2,4,0.5,2022-23,Regular Season,Catch and Shoot
1631211,Trevor Keels,1610612752,NYK,19.0,3,3,1.0,1,4,0.25,0.375,0.0,0,0,,1.0,1,4,0.25,2022-23,Regular Season,Catch and Shoot
203458,Alex Len,1610612758,SAC,30.0,26,4,0.133,0,4,0.0,0.0,0.067,0,2,0.0,0.067,0,2,0.0,2022-23,Regular Season,Catch and Shoot
1630195,Leandro Bolmaro,1610612762,UTA,22.0,14,4,0.211,0,4,0.0,0.0,0.0,0,0,,0.211,0,4,0.0,2022-23,Regular Season,Catch and Shoot
203469,Cody Zeller,1610612748,MIA,30.0,15,4,0.068,0,4,0.0,0.0,0.034,0,2,0.0,0.034,0,2,0.0,2022-23,Regular Season,Catch and Shoot
1630551,Justin Champagnie,1610612738,BOS,22.0,5,1,0.267,0,4,0.0,0.0,0.0,0,0,,0.267,0,4,0.0,2022-23,Regular Season,Catch and Shoot
1631309,Trevor Hudgins,1610612745,HOU,24.0,5,2,0.333,2,3,0.667,1.0,0.0,0,0,,0.333,2,3,0.667,2022-23,Regular Season,Catch and Shoot
1630579,Jericho Sims,1610612752,NYK,24.0,52,3,0.028,2,3,0.667,0.667,0.028,2,3,0.667,0.0,0,0,,2022-23,Regular Season,Catch and Shoot
201580,JaVale McGee,1610612742,DAL,35.0,42,2,0.024,2,3,0.667,1.0,0.0,0,0,,0.024,2,3,0.667,2022-23,Regular Season,Catch and Shoot
1628435,Chance Comanche,1610612757,POR,27.0,1,1,0.6,2,3,0.667,0.667,0.6,2,3,0.667,0.0,0,0,,2022-23,Regular Season,Catch and Shoot
203487,Michael Carter-Williams,1610612753,ORL,31.0,4,2,0.214,1,3,0.333,0.5,0.0,0,0,,0.214,1,3,0.333,2022-23,Regular Season,Catch and Shoot
1626246,Boban Marjanovic,1610612745,HOU,34.0,31,3,0.05,1,3,0.333,0.333,0.033,1,2,0.5,0.017,0,1,0.0,2022-23,Regular Season,Catch and Shoot
203943,Noah Vonleh,1610612738,BOS,27.0,23,3,0.125,1,3,0.333,0.5,0.0,0,0,,0.125,1,3,0.333,2022-23,Regular Season,Catch and Shoot
1629653,Devon Dotson,1610612764,WAS,23.0,6,2,0.333,1,3,0.333,0.5,0.0,0,0,,0.333,1,3,0.333,2022-23,Regular Season,Catch and Shoot
1630792,Malcolm Hill,1610612741,CHI,27.0,4,1,0.75,1,3,0.333,0.5,0.0,0,0,,0.75,1,3,0.333,2022-23,Regular Season,Catch and Shoot
1629662,Mfiondu Kabengele,1610612738,BOS,25.0,4,2,0.429,0,3,0.0,0.0,0.0,0,0,,0.429,0,3,0.0,2022-23,Regular Season,Catch and Shoot
1629875,Xavier Moon,1610612746,LAC,28.0,4,1,0.222,1,2,0.5,0.75,0.0,0,0,,0.222,1,2,0.5,2022-23,Regular Season,Catch and Shoot
1629685,Dylan Windler,1610612739,CLE,26.0,3,2,0.667,1,2,0.5,0.75,0.0,0,0,,0.667,1,2,0.5,2022-23,Regular Season,Catch and Shoot
201599,DeAndre Jordan,1610612743,DEN,34.0,39,2,0.017,1,2,0.5,0.75,0.009,0,1,0.0,0.009,1,1,1.0,2022-23,Regular Season,Catch and Shoot
1631311,Lester Quinones,1610612744,GSW,22.0,4,2,0.4,1,2,0.5,0.75,0.0,0,0,,0.4,1,2,0.5,2022-23,Regular Season,Catch and Shoot
1628416,Tyler Dorsey,1610612742,DAL,27.0,3,2,0.4,1,2,0.5,0.75,0.0,0,0,,0.4,1,2,0.5,2022-23,Regular Season,Catch and Shoot
1631217,Moussa Diabate,1610612746,LAC,21.0,22,1,0.043,1,2,0.5,0.75,0.0,0,0,,0.043,1,2,0.5,2022-23,Regular Season,Catch and Shoot
1631367,Jacob Gilyard,1610612763,MEM,24.0,1,1,0.667,1,2,0.5,0.75,0.0,0,0,,0.667,1,2,0.5,2022-23,Regular Season,Catch and Shoot
1628424,Kobi Simmons,1610612766,CHA,25.0,5,2,0.333,0,2,0.0,0.0,0.0,0,0,,0.333,0,2,0.0,2022-23,Regular Season,Catch and Shoot
1630176,Vernon Carey Jr.,1610612762,UTA,22.0,11,2,0.25,0,2,0.0,0.0,0.25,0,2,0.0,0.0,0,0,,2022-23,Regular Season,Catch and Shoot
1628962,Udoka Azubuike,1610612762,UTA,23.0,36,2,0.028,0,2,0.0,0.0,0.028,0,2,0.0,0.0,0,0,,2022-23,Regular Season,Catch and Shoot
1628425,Sterling Brown,1610612747,LAL,28.0,4,2,0.5,0,2,0.0,0.0,0.0,0,0,,0.5,0,2,0.0,2022-23,Regular Season,Catch and Shoot
1631123,Jamaree Bouyea,1610612748,MIA,24.0,5,2,0.143,0,2,0.0,0.0,0.0,0,0,,0.143,0,2,0.0,2022-23,Regular Season,Catch and Shoot
1630206,Jay Scrubb,1610612753,ORL,22.0,2,1,0.143,1,1,1.0,1.5,0.0,0,0,,0.143,1,1,1.0,2022-23,Regular Season,Catch and Shoot
1628993,Alize Johnson,1610612759,SAS,27.0,4,1,0.167,0,1,0.0,0.0,0.0,0,0,,0.167,0,1,0.0,2022-23,Regular Season,Catch and Shoot
1628402,Frank Jackson,1610612756,PHX,25.0,1,1,0.333,0,1,0.0,0.0,0.0,0,0,,0.333,0,1,0.0,2022-23,Regular Season,Catch and Shoot
1631495,Donovan Williams,1610612737,ATL,21.0,2,1,0.2,0,1,0.0,0.0,0.0,0,0,,0.2,0,1,0.0,2022-23,Regular Season,Catch and Shoot
1630235,Trent Forrest,1610612737,ATL,25.0,23,1,0.017,0,1,0.0,0.0,0.0,0,0,,0.017,0,1,0.0,2022-23,Regular Season,Catch and Shoot
203991,Clint Capela,1610612737,ATL,29.0,65,1,0.002,0,1,0.0,0.0,0.0,0,0,,0.002,0,1,0.0,2022-23,Regular Season,Catch and Shoot
1631112,Kendall Brown,1610612754,IND,20.0,6,1,0.143,0,1,0.0,0.0,0.0,0,0,,0.143,0,1,0.0,2022-23,Regular Season,Catch and Shoot
1630590,Scotty Pippen Jr.,1610612747,LAL,22.0,6,1,0.083,0,1,0.0,0.0,0.0,0,0,,0.083,0,1,0.0,2022-23,Regular Season,Catch and Shoot
1630649,Stanley Umude,1610612765,DET,24.0,1,1,1.0,0,1,0.0,0.0,0.0,0,0,,1.0,0,1,0.0,2022-23,Regular Season,Catch and Shoot
1629126,Deonte Burton,1610612758,SAC,29.0,2,1,0.5,0,1,0.0,0.0,0.0,0,0,,0.5,0,1,0.0,2022-23,Regular Season,Catch and Shoot
1629029,Luka Doncic,1610612742,DAL,24.0,66,66,0.529,302,766,0.394,0.497,0.212,144,307,0.469,0.317,158,459,0.344,2022-23,Regular Season,Pullups
201942,DeMar DeRozan,1610612741,CHI,33.0,73,73,0.58,352,745,0.472,0.478,0.56,344,719,0.478,0.02,8,26,0.308,2022-23,Regular Season,Pullups
1629027,Trae Young,1610612737,ATL,24.0,73,73,0.532,286,739,0.387,0.468,0.268,166,372,0.446,0.264,120,367,0.327,2022-23,Regular Season,Pullups
1628378,Donovan Mitchell,1610612739,CLE,26.0,68,68,0.465,279,652,0.428,0.544,0.188,127,264,0.481,0.277,152,388,0.392,2022-23,Regular Season,Pullups
1627749,Dejounte Murray,1610612737,ATL,26.0,74,72,0.478,292,630,0.463,0.502,0.378,244,498,0.49,0.1,48,132,0.364,2022-23,Regular Season,Pullups
1628368,De'Aaron Fox,1610612758,SAC,25.0,73,73,0.473,258,630,0.41,0.456,0.326,199,434,0.459,0.147,59,196,0.301,2022-23,Regular Season,Pullups
1630162,Anthony Edwards,1610612750,MIN,21.0,78,78,0.413,220,627,0.351,0.448,0.175,98,266,0.368,0.238,122,361,0.338,2022-23,Regular Season,Pullups
203468,CJ McCollum,1610612740,NOP,31.0,75,75,0.461,259,618,0.419,0.482,0.297,181,399,0.454,0.163,78,219,0.356,2022-23,Regular Season,Pullups
1628983,Shai Gilgeous-Alexander,1610612760,OKC,24.0,68,68,0.443,283,612,0.462,0.497,0.358,241,494,0.488,0.085,42,118,0.356,2022-23,Regular Season,Pullups
203897,Zach LaVine,1610612741,CHI,28.0,76,76,0.431,228,589,0.387,0.474,0.213,126,291,0.433,0.218,102,298,0.342,2022-23,Regular Season,Pullups
1626164,Devin Booker,1610612756,PHX,26.0,53,52,0.546,258,583,0.443,0.497,0.355,195,379,0.515,0.191,63,204,0.309,2022-23,Regular Season,Pullups
1628973,Jalen Brunson,1610612752,NYK,26.0,68,68,0.469,251,561,0.447,0.512,0.309,178,369,0.482,0.161,73,192,0.38,2022-23,Regular Season,Pullups
203081,Damian Lillard,1610612757,POR,32.0,58,58,0.467,227,561,0.405,0.546,0.111,68,134,0.507,0.355,159,427,0.372,2022-23,Regular Season,Pullups
202681,Kyrie Irving,1610612742,DAL,31.0,60,60,0.461,256,555,0.461,0.551,0.241,156,290,0.538,0.22,100,265,0.377,2022-23,Regular Season,Pullups
1630224,Jalen Green,1610612745,HOU,21.0,76,76,0.407,201,552,0.364,0.454,0.183,102,249,0.41,0.223,99,303,0.327,2022-23,Regular Season,Pullups
1627750,Jamal Murray,1610612743,DEN,26.0,65,64,0.529,221,551,0.401,0.488,0.295,125,307,0.407,0.234,96,244,0.393,2022-23,Regular Season,Pullups
1629639,Tyler Herro,1610612748,MIA,23.0,67,67,0.486,212,539,0.393,0.482,0.252,116,279,0.416,0.234,96,260,0.369,2022-23,Regular Season,Pullups
1626179,Terry Rozier,1610612766,CHA,29.0,63,63,0.441,194,520,0.373,0.456,0.209,108,246,0.439,0.232,86,274,0.314,2022-23,Regular Season,Pullups
1627832,Fred VanVleet,1610612761,TOR,29.0,69,69,0.465,198,517,0.383,0.483,0.189,95,210,0.452,0.276,103,307,0.336,2022-23,Regular Season,Pullups
203944,Julius Randle,1610612752,NYK,28.0,77,76,0.358,201,512,0.393,0.469,0.195,123,279,0.441,0.163,78,233,0.335,2022-23,Regular Season,Pullups
1628369,Jayson Tatum,1610612738,BOS,25.0,74,74,0.325,153,507,0.302,0.404,0.096,49,150,0.327,0.229,104,357,0.291,2022-23,Regular Season,Pullups
1629636,Darius Garland,1610612739,CLE,23.0,69,69,0.442,210,499,0.421,0.512,0.236,119,266,0.447,0.206,91,233,0.391,2022-23,Regular Season,Pullups
201939,Stephen Curry,1610612744,GSW,35.0,55,55,0.438,223,491,0.454,0.609,0.137,71,154,0.461,0.301,152,337,0.451,2022-23,Regular Season,Pullups
1628969,Mikal Bridges,1610612751,BKN,26.0,83,82,0.386,222,489,0.454,0.483,0.324,194,411,0.472,0.062,28,78,0.359,2022-23,Regular Season,Pullups
101108,Chris Paul,1610612756,PHX,38.0,59,58,0.731,208,488,0.426,0.478,0.478,157,319,0.492,0.253,51,169,0.302,2022-23,Regular Season,Pullups
201950,Jrue Holiday,1610612749,MIL,33.0,67,67,0.475,195,486,0.401,0.507,0.196,92,201,0.458,0.279,103,285,0.361,2022-23,Regular Season,Pullups
1629673,Jordan Poole,1610612744,GSW,24.0,81,80,0.377,162,476,0.34,0.431,0.152,76,192,0.396,0.225,86,284,0.303,2022-23,Regular Season,Pullups
201142,Kevin Durant,1610612756,PHX,34.0,47,47,0.547,257,469,0.548,0.587,0.431,220,369,0.596,0.117,37,100,0.37,2022-23,Regular Season,Pullups
203954,Joel Embiid,1610612755,PHI,29.0,66,66,0.349,202,464,0.435,0.454,0.292,185,388,0.477,0.057,17,76,0.224,2022-23,Regular Season,Pullups
1629014,Anfernee Simons,1610612757,POR,24.0,62,62,0.441,182,461,0.395,0.493,0.196,91,205,0.444,0.245,91,256,0.355,2022-23,Regular Season,Pullups
202331,Paul George,1610612746,LAC,33.0,56,56,0.453,179,455,0.393,0.477,0.243,103,244,0.422,0.21,76,211,0.36,2022-23,Regular Season,Pullups
201935,James Harden,1610612755,PHI,33.0,58,58,0.526,175,443,0.395,0.525,0.163,60,137,0.438,0.363,115,306,0.376,2022-23,Regular Season,Pullups
202695,Kawhi Leonard,1610612746,LAC,32.0,52,51,0.503,211,438,0.482,0.531,0.38,168,331,0.508,0.123,43,107,0.402,2022-23,Regular Season,Pullups
1627783,Pascal Siakam,1610612761,TOR,29.0,71,71,0.333,182,437,0.416,0.439,0.277,162,364,0.445,0.056,20,73,0.274,2022-23,Regular Season,Pullups
203915,Spencer Dinwiddie,1610612751,BKN,30.0,79,78,0.415,157,436,0.36,0.467,0.15,64,158,0.405,0.265,93,278,0.335,2022-23,Regular Season,Pullups
1627742,Brandon Ingram,1610612740,NOP,25.0,45,45,0.518,188,432,0.435,0.451,0.466,174,389,0.447,0.052,14,43,0.326,2022-23,Regular Season,Pullups
1629630,Ja Morant,1610612763,MEM,23.0,61,61,0.355,166,431,0.385,0.451,0.198,109,240,0.454,0.157,57,191,0.298,2022-23,Regular Season,Pullups
1626156,D'Angelo Russell,1610612747,LAL,27.0,71,69,0.454,184,430,0.428,0.523,0.228,102,216,0.472,0.226,82,214,0.383,2022-23,Regular Season,Pullups
1627759,Jaylen Brown,1610612738,BOS,26.0,67,67,0.31,173,429,0.403,0.467,0.185,118,256,0.461,0.125,55,173,0.318,2022-23,Regular Season,Pullups
202691,Klay Thompson,1610612744,GSW,33.0,68,68,0.345,170,428,0.397,0.484,0.196,96,243,0.395,0.149,74,185,0.4,2022-23,Regular Season,Pullups
1629645,Kevin Porter Jr.,1610612745,HOU,23.0,59,59,0.484,165,428,0.386,0.488,0.189,77,167,0.461,0.295,88,261,0.337,2022-23,Regular Season,Pullups
1630165,Killian Hayes,1610612765,DET,21.0,75,75,0.525,158,419,0.377,0.403,0.412,136,329,0.413,0.113,22,90,0.244,2022-23,Regular Season,Pullups
1630169,Tyrese Haliburton,1610612754,IND,23.0,56,56,0.496,174,417,0.417,0.564,0.131,52,110,0.473,0.365,122,307,0.397,2022-23,Regular Season,Pullups
1631094,Paolo Banchero,1610612753,ORL,20.0,72,72,0.36,142,404,0.351,0.392,0.248,109,278,0.392,0.112,33,126,0.262,2022-23,Regular Season,Pullups
1629018,Gary Trent Jr.,1610612761,TOR,24.0,66,66,0.419,153,392,0.39,0.445,0.265,110,248,0.444,0.154,43,144,0.299,2022-23,Regular Season,Pullups
1630193,Immanuel Quickley,1610612752,NYK,24.0,81,79,0.419,149,392,0.38,0.471,0.199,78,186,0.419,0.22,71,206,0.345,2022-23,Regular Season,Pullups
1631093,Jaden Ivey,1610612765,DET,21.0,73,72,0.39,137,377,0.363,0.431,0.217,86,210,0.41,0.173,51,167,0.305,2022-23,Regular Season,Pullups
1628415,Dillon Brooks,1610612763,MEM,27.0,73,73,0.372,127,368,0.345,0.402,0.215,85,213,0.399,0.157,42,155,0.271,2022-23,Regular Season,Pullups
203078,Bradley Beal,1610612764,WAS,30.0,50,49,0.415,161,364,0.442,0.492,0.291,125,255,0.49,0.124,36,109,0.33,2022-23,Regular Season,Pullups
203903,Jordan Clarkson,1610612762,UTA,31.0,61,61,0.352,144,363,0.397,0.497,0.146,71,150,0.473,0.207,73,213,0.343,2022-23,Regular Season,Pullups
2544,LeBron James,1610612747,LAL,38.0,55,55,0.294,118,358,0.33,0.398,0.167,69,203,0.34,0.127,49,155,0.316,2022-23,Regular Season,Pullups
1630178,Tyrese Maxey,1610612755,PHI,22.0,60,60,0.368,140,336,0.417,0.506,0.198,80,181,0.442,0.17,60,155,0.387,2022-23,Regular Season,Pullups
202711,Bojan Bogdanovic,1610612765,DET,34.0,58,58,0.378,142,325,0.437,0.488,0.261,109,224,0.487,0.118,33,101,0.327,2022-23,Regular Season,Pullups
1626145,Tyus Jones,1610612763,MEM,27.0,80,76,0.444,140,315,0.444,0.5,0.308,105,219,0.479,0.135,35,96,0.365,2022-23,Regular Season,Pullups
1630217,Desmond Bane,1610612763,MEM,25.0,58,58,0.333,131,312,0.42,0.543,0.128,54,120,0.45,0.205,77,192,0.401,2022-23,Regular Season,Pullups
1627741,Buddy Hield,1610612754,IND,30.0,80,76,0.295,132,306,0.431,0.57,0.108,47,112,0.42,0.187,85,194,0.438,2022-23,Regular Season,Pullups
203507,Giannis Antetokounmpo,1610612749,MIL,28.0,63,62,0.237,98,303,0.323,0.36,0.162,76,207,0.367,0.075,22,96,0.229,2022-23,Regular Season,Pullups
1630163,LaMelo Ball,1610612766,CHA,21.0,36,36,0.408,108,294,0.367,0.476,0.153,44,110,0.4,0.255,64,184,0.348,2022-23,Regular Season,Pullups
1627736,Malik Beasley,1610612747,LAL,26.0,81,78,0.307,107,288,0.372,0.477,0.127,46,119,0.387,0.18,61,169,0.361,2022-23,Regular Season,Pullups
1628398,Kyle Kuzma,1610612764,WAS,27.0,64,62,0.251,94,287,0.328,0.409,0.123,47,140,0.336,0.129,47,147,0.32,2022-23,Regular Season,Pullups
201144,Mike Conley,1610612750,MIN,35.0,66,66,0.466,100,280,0.357,0.471,0.145,36,87,0.414,0.321,64,193,0.332,2022-23,Regular Season,Pullups
201566,Russell Westbrook,1610612746,LAC,34.0,73,69,0.28,97,276,0.351,0.402,0.182,69,180,0.383,0.097,28,96,0.292,2022-23,Regular Season,Pullups
1628975,Jevon Carter,1610612749,MIL,27.0,81,74,0.476,112,269,0.416,0.515,0.237,59,134,0.44,0.239,53,135,0.393,2022-23,Regular Season,Pullups
1630200,Tre Jones,1610612759,SAS,23.0,65,64,0.376,104,266,0.391,0.402,0.331,98,234,0.419,0.045,6,32,0.188,2022-23,Regular Season,Pullups
1628989,Kevin Huerter,1610612758,SAC,24.0,75,73,0.306,113,265,0.426,0.553,0.12,46,104,0.442,0.186,67,161,0.416,2022-23,Regular Season,Pullups
1630170,Devin Vassell,1610612759,SAS,22.0,38,38,0.445,106,265,0.4,0.442,0.314,84,187,0.449,0.131,22,78,0.282,2022-23,Regular Season,Pullups
1629631,De'Andre Hunter,1610612737,ATL,25.0,67,64,0.32,134,263,0.51,0.536,0.276,120,227,0.529,0.044,14,36,0.389,2022-23,Regular Season,Pullups
1627763,Malcolm Brogdon,1610612738,BOS,30.0,67,66,0.354,117,259,0.452,0.568,0.171,57,125,0.456,0.183,60,134,0.448,2022-23,Regular Season,Pullups
202694,Marcus Morris Sr.,1610612746,LAC,33.0,65,62,0.401,114,258,0.442,0.473,0.333,98,214,0.458,0.068,16,44,0.364,2022-23,Regular Season,Pullups
1631095,Jabari Smith Jr.,1610612745,HOU,20.0,79,75,0.286,99,255,0.388,0.437,0.211,74,188,0.394,0.075,25,67,0.373,2022-23,Regular Season,Pullups
1630532,Franz Wagner,1610612753,ORL,21.0,80,78,0.226,87,252,0.345,0.427,0.099,46,111,0.414,0.126,41,141,0.291,2022-23,Regular Season,Pullups
202330,Gordon Hayward,1610612766,CHA,33.0,50,50,0.425,108,247,0.437,0.457,0.363,98,211,0.464,0.062,10,36,0.278,2022-23,Regular Season,Pullups
1630560,Cam Thomas,1610612751,BKN,21.0,57,51,0.548,93,246,0.378,0.443,0.354,61,159,0.384,0.194,32,87,0.368,2022-23,Regular Season,Pullups
203501,Tim Hardaway Jr.,1610612742,DAL,31.0,71,70,0.289,90,245,0.367,0.457,0.144,46,122,0.377,0.145,44,123,0.358,2022-23,Regular Season,Pullups
1628389,Bam Adebayo,1610612748,MIA,25.0,75,74,0.215,106,239,0.444,0.444,0.211,106,235,0.451,0.004,0,4,0.0,2022-23,Regular Season,Pullups
202692,Alec Burks,1610612765,DET,31.0,50,50,0.527,101,237,0.426,0.519,0.28,57,126,0.452,0.247,44,111,0.396,2022-23,Regular Season,Pullups
1627747,Caris LeVert,1610612739,CLE,28.0,74,68,0.318,84,236,0.356,0.449,0.166,40,123,0.325,0.152,44,113,0.389,2022-23,Regular Season,Pullups
1631097,Bennedict Mathurin,1610612754,IND,21.0,78,73,0.247,82,235,0.349,0.443,0.115,38,109,0.349,0.132,44,126,0.349,2022-23,Regular Season,Pullups
1630544,Tre Mann,1610612760,OKC,22.0,67,64,0.467,84,234,0.359,0.457,0.166,38,83,0.458,0.301,46,151,0.305,2022-23,Regular Season,Pullups
204001,Kristaps Porziņģis,1610612764,WAS,27.0,65,64,0.228,101,232,0.435,0.459,0.193,90,196,0.459,0.035,11,36,0.306,2022-23,Regular Season,Pullups
1631101,Shaedon Sharpe,1610612757,POR,20.0,80,68,0.358,75,232,0.323,0.392,0.16,43,104,0.413,0.198,32,128,0.25,2022-23,Regular Season,Pullups
1630538,Bones Hyland,1610612746,LAC,22.0,56,56,0.403,82,230,0.357,0.478,0.133,26,76,0.342,0.27,56,154,0.364,2022-23,Regular Season,Pullups
1630175,Cole Anthony,1610612753,ORL,23.0,60,57,0.372,103,227,0.454,0.502,0.279,81,170,0.476,0.093,22,57,0.386,2022-23,Regular Season,Pullups
1630567,Scottie Barnes,1610612761,TOR,21.0,77,72,0.222,72,226,0.319,0.345,0.167,60,170,0.353,0.055,12,56,0.214,2022-23,Regular Season,Pullups
202710,Jimmy Butler III,1610612748,MIA,33.0,64,62,0.253,96,225,0.427,0.447,0.217,87,193,0.451,0.036,9,32,0.281,2022-23,Regular Season,Pullups
202704,Reggie Jackson,1610612743,DEN,33.0,68,62,0.348,80,223,0.359,0.399,0.22,62,141,0.44,0.128,18,82,0.22,2022-23,Regular Season,Pullups
1628420,Monte Morris,1610612764,WAS,28.0,62,61,0.429,102,221,0.462,0.518,0.295,77,152,0.507,0.134,25,69,0.362,2022-23,Regular Season,Pullups
1629614,Andrew Nembhard,1610612754,IND,23.0,75,67,0.342,79,220,0.359,0.402,0.239,60,154,0.39,0.102,19,66,0.288,2022-23,Regular Season,Pullups
1628365,Markelle Fultz,1610612753,ORL,25.0,60,60,0.317,95,215,0.442,0.458,0.29,88,197,0.447,0.027,7,18,0.389,2022-23,Regular Season,Pullups
1629008,Michael Porter Jr.,1610612743,DEN,25.0,62,59,0.263,80,215,0.372,0.465,0.127,40,104,0.385,0.136,40,111,0.36,2022-23,Regular Season,Pullups
1628370,Malik Monk,1610612758,SAC,25.0,77,68,0.27,78,215,0.363,0.467,0.095,33,76,0.434,0.175,45,139,0.324,2022-23,Regular Season,Pullups
203552,Seth Curry,1610612751,BKN,32.0,61,56,0.479,105,214,0.491,0.556,0.327,77,146,0.527,0.152,28,68,0.412,2022-23,Regular Season,Pullups
203471,Dennis Schröder,1610612747,LAL,29.0,66,61,0.329,90,214,0.421,0.439,0.278,82,181,0.453,0.051,8,33,0.242,2022-23,Regular Season,Pullups
1629216,Gabe Vincent,1610612748,MIA,27.0,68,63,0.377,89,214,0.416,0.509,0.16,49,91,0.538,0.217,40,123,0.325,2022-23,Regular Season,Pullups
203992,Bogdan Bogdanović,1610612737,ATL,30.0,54,53,0.339,85,207,0.411,0.51,0.183,44,112,0.393,0.155,41,95,0.432,2022-23,Regular Season,Pullups
1629669,Jaylen Nowell,1610612750,MIN,23.0,65,57,0.313,84,195,0.431,0.503,0.165,56,103,0.544,0.147,28,92,0.304,2022-23,Regular Season,Pullups
203114,Khris Middleton,1610612749,MIL,31.0,33,33,0.478,80,194,0.412,0.482,0.278,53,113,0.469,0.2,27,81,0.333,2022-23,Regular Season,Pullups
1626181,Norman Powell,1610612746,LAC,30.0,60,56,0.268,74,190,0.389,0.468,0.142,44,101,0.436,0.125,30,89,0.337,2022-23,Regular Season,Pullups
1626196,Josh Richardson,1610612740,NOP,29.0,64,59,0.347,82,189,0.434,0.463,0.286,71,156,0.455,0.061,11,33,0.333,2022-23,Regular Season,Pullups
1631103,Malaki Branham,1610612759,SAS,20.0,63,60,0.322,83,187,0.444,0.471,0.243,73,141,0.518,0.079,10,46,0.217,2022-23,Regular Season,Pullups
1630180,Saddiq Bey,1610612737,ATL,24.0,76,68,0.229,59,187,0.316,0.406,0.094,25,77,0.325,0.134,34,110,0.309,2022-23,Regular Season,Pullups
1631100,AJ Griffin,1610612737,ATL,19.0,72,63,0.341,89,182,0.489,0.566,0.229,61,122,0.5,0.113,28,60,0.467,2022-23,Regular Season,Pullups
1626162,Kelly Oubre Jr.,1610612766,CHA,27.0,48,46,0.223,72,182,0.396,0.456,0.135,50,110,0.455,0.088,22,72,0.306,2022-23,Regular Season,Pullups
1629659,Talen Horton-Tucker,1610612762,UTA,22.0,65,54,0.297,62,182,0.341,0.412,0.145,36,89,0.404,0.152,26,93,0.28,2022-23,Regular Season,Pullups
1630581,Josh Giddey,1610612760,OKC,20.0,76,67,0.162,73,181,0.403,0.414,0.141,69,158,0.437,0.021,4,23,0.174,2022-23,Regular Season,Pullups
1628984,Devonte' Graham,1610612759,SAS,28.0,73,54,0.42,64,181,0.354,0.481,0.095,18,41,0.439,0.325,46,140,0.329,2022-23,Regular Season,Pullups
1629640,Keldon Johnson,1610612759,SAS,23.0,61,53,0.168,53,181,0.293,0.351,0.095,32,102,0.314,0.073,21,79,0.266,2022-23,Regular Season,Pullups
1626166,Cameron Payne,1610612756,PHX,28.0,48,47,0.395,74,179,0.413,0.5,0.234,43,106,0.406,0.161,31,73,0.425,2022-23,Regular Season,Pullups
203082,Terrence Ross,1610612756,PHX,32.0,63,52,0.383,80,178,0.449,0.486,0.28,67,130,0.515,0.103,13,48,0.271,2022-23,Regular Season,Pullups
203484,Kentavious Caldwell-Pope,1610612743,DEN,30.0,76,69,0.282,73,178,0.41,0.455,0.203,57,128,0.445,0.079,16,50,0.32,2022-23,Regular Season,Pullups
203924,Jerami Grant,1610612757,POR,29.0,63,58,0.193,71,176,0.403,0.438,0.163,59,149,0.396,0.03,12,27,0.444,2022-23,Regular Season,Pullups
1629134,Kendrick Nunn,1610612764,WAS,27.0,70,60,0.392,70,176,0.398,0.494,0.196,36,88,0.409,0.196,34,88,0.386,2022-23,Regular Season,Pullups
1629023,P.J. Washington,1610612766,CHA,24.0,73,63,0.177,65,172,0.378,0.451,0.108,40,105,0.381,0.069,25,67,0.373,2022-23,Regular Season,Pullups
1629060,Rui Hachimura,1610612747,LAL,25.0,63,56,0.291,85,170,0.5,0.5,0.286,85,167,0.509,0.005,0,3,0.0,2022-23,Regular Season,Pullups
203076,Anthony Davis,1610612747,LAL,30.0,56,52,0.173,70,166,0.422,0.422,0.169,70,162,0.432,0.004,0,4,0.0,2022-23,Regular Season,Pullups
200768,Kyle Lowry,1610612748,MIA,37.0,55,50,0.342,65,166,0.392,0.503,0.122,28,59,0.475,0.221,37,107,0.346,2022-23,Regular Season,Pullups
203506,Victor Oladipo,1610612748,MIA,31.0,42,41,0.4,65,161,0.404,0.506,0.179,32,72,0.444,0.221,33,89,0.371,2022-23,Regular Season,Pullups
1630559,Austin Reaves,1610612747,LAL,25.0,64,53,0.325,75,159,0.472,0.535,0.223,55,109,0.505,0.102,20,50,0.4,2022-23,Regular Season,Pullups
1630172,Patrick Williams,1610612741,CHI,21.0,81,70,0.235,65,158,0.411,0.434,0.207,58,139,0.417,0.028,7,19,0.368,2022-23,Regular Season,Pullups
1628384,OG Anunoby,1610612761,TOR,25.0,67,56,0.179,58,158,0.367,0.415,0.124,43,110,0.391,0.054,15,48,0.313,2022-23,Regular Season,Pullups
1629628,RJ Barrett,1610612752,NYK,23.0,73,63,0.134,39,157,0.248,0.28,0.09,29,106,0.274,0.043,10,51,0.196,2022-23,Regular Season,Pullups
1630591,Jalen Suggs,1610612753,ORL,22.0,53,47,0.351,53,156,0.34,0.426,0.151,26,67,0.388,0.2,27,89,0.303,2022-23,Regular Season,Pullups
202699,Tobias Harris,1610612755,PHI,30.0,74,60,0.182,68,154,0.442,0.487,0.141,54,119,0.454,0.041,14,35,0.4,2022-23,Regular Season,Pullups
1628401,Derrick White,1610612738,BOS,28.0,82,68,0.203,68,154,0.442,0.529,0.102,41,77,0.532,0.102,27,77,0.351,2022-23,Regular Season,Pullups
204456,T.J. McConnell,1610612754,IND,31.0,75,63,0.288,83,150,0.553,0.587,0.257,73,134,0.545,0.031,10,16,0.625,2022-23,Regular Season,Pullups
1631114,Jalen Williams,1610612760,OKC,22.0,75,65,0.185,58,147,0.395,0.432,0.144,47,114,0.412,0.042,11,33,0.333,2022-23,Regular Season,Pullups
1626171,Bobby Portis,1610612749,MIL,28.0,70,61,0.182,56,146,0.384,0.387,0.173,55,139,0.396,0.009,1,7,0.143,2022-23,Regular Season,Pullups
1630198,Isaiah Joe,1610612760,OKC,23.0,73,58,0.283,62,144,0.431,0.531,0.118,33,60,0.55,0.165,29,84,0.345,2022-23,Regular Season,Pullups
1628374,Lauri Markkanen,1610612762,UTA,26.0,66,57,0.126,56,144,0.389,0.444,0.079,40,90,0.444,0.047,16,54,0.296,2022-23,Regular Season,Pullups
1629001,De'Anthony Melton,1610612755,PHI,25.0,77,58,0.218,45,142,0.317,0.43,0.065,13,42,0.31,0.154,32,100,0.32,2022-23,Regular Season,Pullups
1630537,Chris Duarte,1610612754,IND,26.0,46,44,0.414,41,138,0.297,0.37,0.201,21,67,0.313,0.213,20,71,0.282,2022-23,Regular Season,Pullups
203115,Will Barton,1610612761,TOR,32.0,56,44,0.376,45,137,0.328,0.416,0.168,21,61,0.344,0.209,24,76,0.316,2022-23,Regular Season,Pullups
202709,Cory Joseph,1610612765,DET,31.0,62,53,0.387,50,136,0.368,0.445,0.208,29,73,0.397,0.179,21,63,0.333,2022-23,Regular Season,Pullups
1629632,Coby White,1610612741,CHI,23.0,73,59,0.228,48,134,0.358,0.418,0.129,32,76,0.421,0.098,16,58,0.276,2022-23,Regular Season,Pullups
1630558,Davion Mitchell,1610612758,SAC,24.0,80,67,0.333,47,133,0.353,0.414,0.18,31,72,0.431,0.153,16,61,0.262,2022-23,Regular Season,Pullups
201609,Goran Dragic,1610612749,MIL,37.0,57,47,0.392,46,130,0.354,0.381,0.271,39,90,0.433,0.12,7,40,0.175,2022-23,Regular Season,Pullups
1629003,Shake Milton,1610612755,PHI,26.0,76,55,0.256,45,129,0.349,0.388,0.191,35,96,0.365,0.066,10,33,0.303,2022-23,Regular Season,Pullups
1628971,Bruce Brown,1610612743,DEN,26.0,80,60,0.173,44,128,0.344,0.375,0.13,36,96,0.375,0.043,8,32,0.25,2022-23,Regular Season,Pullups
1629626,Bol Bol,1610612753,ORL,23.0,70,53,0.266,42,127,0.331,0.374,0.172,31,82,0.378,0.094,11,45,0.244,2022-23,Regular Season,Pullups
1628372,Dennis Smith Jr.,1610612766,CHA,25.0,54,50,0.272,31,123,0.252,0.256,0.23,30,104,0.288,0.042,1,19,0.053,2022-23,Regular Season,Pullups
1629022,Lonnie Walker IV,1610612747,LAL,24.0,56,46,0.234,43,122,0.352,0.406,0.146,30,76,0.395,0.088,13,46,0.283,2022-23,Regular Season,Pullups
1628960,Grayson Allen,1610612749,MIL,27.0,72,53,0.217,40,121,0.331,0.471,0.048,6,27,0.222,0.169,34,94,0.362,2022-23,Regular Season,Pullups
1630692,Jordan Goodwin,1610612764,WAS,24.0,62,47,0.334,46,118,0.39,0.432,0.227,36,80,0.45,0.108,10,38,0.263,2022-23,Regular Season,Pullups
201569,Eric Gordon,1610612746,LAC,34.0,69,52,0.178,42,116,0.362,0.509,0.043,8,28,0.286,0.135,34,88,0.386,2022-23,Regular Season,Pullups
1629652,Luguentz Dort,1610612760,OKC,24.0,74,56,0.133,41,116,0.353,0.444,0.057,20,50,0.4,0.076,21,66,0.318,2022-23,Regular Season,Pullups
1630596,Evan Mobley,1610612739,CLE,22.0,79,60,0.121,45,115,0.391,0.396,0.12,44,114,0.386,0.001,1,1,1.0,2022-23,Regular Season,Pullups
203952,Andrew Wiggins,1610612744,GSW,28.0,36,36,0.225,39,115,0.339,0.37,0.168,32,86,0.372,0.057,7,29,0.241,2022-23,Regular Season,Pullups
203932,Aaron Gordon,1610612743,DEN,27.0,68,58,0.15,40,114,0.351,0.452,0.072,17,55,0.309,0.078,23,59,0.39,2022-23,Regular Season,Pullups
1628379,Luke Kennard,1610612763,MEM,27.0,59,50,0.296,48,113,0.425,0.518,0.149,27,57,0.474,0.147,21,56,0.375,2022-23,Regular Season,Pullups
1630528,Josh Christopher,1610612745,HOU,21.0,64,51,0.343,46,113,0.407,0.451,0.231,36,76,0.474,0.112,10,37,0.27,2022-23,Regular Season,Pullups
1629611,Terance Mann,1610612746,LAC,26.0,81,62,0.216,46,113,0.407,0.496,0.113,26,59,0.441,0.103,20,54,0.37,2022-23,Regular Season,Pullups
1629622,Max Strus,1610612748,MIA,27.0,80,54,0.141,35,111,0.315,0.428,0.034,10,27,0.37,0.106,25,84,0.298,2022-23,Regular Season,Pullups
1630183,Jaden McDaniels,1610612750,MIN,22.0,78,58,0.152,44,108,0.407,0.444,0.126,36,89,0.404,0.027,8,19,0.421,2022-23,Regular Season,Pullups
203084,Harrison Barnes,1610612758,SAC,31.0,82,60,0.135,43,107,0.402,0.509,0.066,20,52,0.385,0.069,23,55,0.418,2022-23,Regular Season,Pullups
1630613,Duane Washington Jr.,1610612752,NYK,23.0,31,25,0.418,42,107,0.393,0.486,0.238,22,61,0.361,0.18,20,46,0.435,2022-23,Regular Season,Pullups
203935,Marcus Smart,1610612738,BOS,29.0,61,47,0.178,34,107,0.318,0.411,0.065,14,39,0.359,0.113,20,68,0.294,2022-23,Regular Season,Pullups
1629661,Cameron Johnson,1610612751,BKN,27.0,42,40,0.224,46,106,0.434,0.481,0.162,36,77,0.468,0.061,10,29,0.345,2022-23,Regular Season,Pullups
1630595,Cade Cunningham,1610612765,DET,21.0,12,12,0.473,44,106,0.415,0.453,0.326,36,73,0.493,0.147,8,33,0.242,2022-23,Regular Season,Pullups
202322,John Wall,1610612746,LAC,32.0,34,32,0.311,28,105,0.267,0.271,0.251,27,85,0.318,0.059,1,20,0.05,2022-23,Regular Season,Pullups
1629012,Collin Sexton,1610612762,UTA,24.0,48,43,0.222,49,104,0.471,0.567,0.13,29,61,0.475,0.092,20,43,0.465,2022-23,Regular Season,Pullups
203933,T.J. Warren,1610612756,PHX,29.0,42,35,0.385,48,104,0.462,0.466,0.356,47,96,0.49,0.03,1,8,0.125,2022-23,Regular Season,Pullups
203926,Doug McDermott,1610612759,SAS,31.0,63,50,0.202,41,104,0.394,0.49,0.11,21,57,0.368,0.091,20,47,0.426,2022-23,Regular Season,Pullups
1629013,Landry Shamet,1610612756,PHX,26.0,40,33,0.337,29,101,0.287,0.386,0.127,9,38,0.237,0.21,20,63,0.317,2022-23,Regular Season,Pullups
1629670,Jordan Nwora,1610612754,IND,24.0,62,42,0.225,31,100,0.31,0.375,0.128,18,57,0.316,0.097,13,43,0.302,2022-23,Regular Season,Pullups
1626174,Christian Wood,1610612742,DAL,27.0,67,53,0.13,28,100,0.28,0.325,0.07,19,54,0.352,0.06,9,46,0.196,2022-23,Regular Season,Pullups
1628997,Caleb Martin,1610612748,MIA,27.0,71,54,0.181,46,99,0.465,0.54,0.115,31,63,0.492,0.066,15,36,0.417,2022-23,Regular Season,Pullups
1630702,Jaden Hardy,1610612742,DAL,20.0,48,38,0.297,37,99,0.374,0.485,0.126,15,42,0.357,0.171,22,57,0.386,2022-23,Regular Season,Pullups
200752,Rudy Gay,1610612762,UTA,36.0,56,45,0.324,38,93,0.409,0.441,0.258,32,74,0.432,0.066,6,19,0.316,2022-23,Regular Season,Pullups
1627814,Damion Lee,1610612756,PHX,30.0,74,47,0.206,29,93,0.312,0.323,0.17,27,77,0.351,0.035,2,16,0.125,2022-23,Regular Season,Pullups
1630201,Malachi Flynn,1610612761,TOR,25.0,53,40,0.372,27,90,0.3,0.372,0.202,14,49,0.286,0.169,13,41,0.317,2022-23,Regular Season,Pullups
202397,Ish Smith,1610612743,DEN,34.0,43,30,0.672,31,88,0.352,0.352,0.626,31,82,0.378,0.046,0,6,0.0,2022-23,Regular Season,Pullups
1629642,Nassir Little,1610612757,POR,23.0,54,33,0.287,36,87,0.414,0.494,0.168,22,51,0.431,0.119,14,36,0.389,2022-23,Regular Season,Pullups
1629056,Terence Davis,1610612758,SAC,26.0,64,44,0.236,32,86,0.372,0.517,0.06,7,22,0.318,0.176,25,64,0.391,2022-23,Regular Season,Pullups
1630230,Naji Marshall,1610612740,NOP,25.0,77,52,0.151,28,86,0.326,0.337,0.116,26,66,0.394,0.035,2,20,0.1,2022-23,Regular Season,Pullups
1630174,Aaron Nesmith,1610612754,IND,23.0,73,45,0.144,37,85,0.435,0.547,0.071,18,42,0.429,0.073,19,43,0.442,2022-23,Regular Season,Pullups
1630177,Theo Maledon,1610612766,CHA,22.0,44,36,0.337,28,85,0.329,0.376,0.179,20,45,0.444,0.159,8,40,0.2,2022-23,Regular Season,Pullups
1631099,Keegan Murray,1610612758,SAC,22.0,80,47,0.107,37,84,0.44,0.524,0.063,23,49,0.469,0.045,14,35,0.4,2022-23,Regular Season,Pullups
201572,Brook Lopez,1610612749,MIL,35.0,78,48,0.093,33,84,0.393,0.44,0.066,25,59,0.424,0.028,8,25,0.32,2022-23,Regular Season,Pullups
1629660,Ty Jerome,1610612744,GSW,25.0,45,31,0.343,37,83,0.446,0.512,0.231,26,56,0.464,0.112,11,27,0.407,2022-23,Regular Season,Pullups
1629638,Nickeil Alexander-Walker,1610612750,MIN,24.0,58,44,0.289,35,83,0.422,0.542,0.118,15,34,0.441,0.171,20,49,0.408,2022-23,Regular Season,Pullups
1626220,Royce O'Neale,1610612751,BKN,30.0,76,48,0.137,28,81,0.346,0.494,0.027,4,16,0.25,0.11,24,65,0.369,2022-23,Regular Season,Pullups
201937,Ricky Rubio,1610612739,CLE,32.0,33,27,0.449,33,80,0.413,0.444,0.315,28,56,0.5,0.135,5,24,0.208,2022-23,Regular Season,Pullups
1630530,Trey Murphy III,1610612740,NOP,23.0,79,52,0.1,28,80,0.35,0.469,0.04,9,32,0.281,0.06,19,48,0.396,2022-23,Regular Season,Pullups
1629684,Grant Williams,1610612738,BOS,24.0,79,50,0.166,32,79,0.405,0.557,0.057,8,27,0.296,0.109,24,52,0.462,2022-23,Regular Season,Pullups
203999,Nikola Jokić,1610612743,DEN,28.0,69,43,0.076,36,78,0.462,0.519,0.055,27,56,0.482,0.022,9,22,0.409,2022-23,Regular Season,Pullups
202696,Nikola Vucevic,1610612741,CHI,32.0,81,54,0.069,24,78,0.308,0.308,0.069,24,78,0.308,0.0,0,0,,2022-23,Regular Season,Pullups
201988,Patty Mills,1610612751,BKN,34.0,40,26,0.376,32,77,0.416,0.494,0.234,20,48,0.417,0.141,12,29,0.414,2022-23,Regular Season,Pullups
203482,Kelly Olynyk,1610612762,UTA,32.0,68,46,0.136,32,76,0.421,0.507,0.084,19,47,0.404,0.052,13,29,0.448,2022-23,Regular Season,Pullups
1631110,Jeremy Sochan,1610612759,SAS,20.0,55,35,0.14,30,76,0.395,0.428,0.112,25,61,0.41,0.028,5,15,0.333,2022-23,Regular Season,Pullups
1631323,Simone Fontecchio,1610612762,UTA,27.0,52,35,0.244,27,76,0.355,0.421,0.125,17,39,0.436,0.119,10,37,0.27,2022-23,Regular Season,Pullups
203095,Evan Fournier,1610612752,NYK,30.0,27,25,0.458,23,76,0.303,0.388,0.163,10,27,0.37,0.295,13,49,0.265,2022-23,Regular Season,Pullups
1630245,Ayo Dosunmu,1610612741,CHI,23.0,79,45,0.133,28,75,0.373,0.387,0.125,26,70,0.371,0.009,2,5,0.4,2022-23,Regular Season,Pullups
1629667,Jalen McDaniels,1610612755,PHI,25.0,80,46,0.122,25,75,0.333,0.347,0.109,23,67,0.343,0.013,2,8,0.25,2022-23,Regular Season,Pullups
203937,Kyle Anderson,1610612750,MIN,29.0,68,44,0.152,31,74,0.419,0.466,0.117,24,57,0.421,0.035,7,17,0.412,2022-23,Regular Season,Pullups
1627752,Taurean Prince,1610612750,MIN,29.0,53,40,0.2,28,74,0.378,0.432,0.111,20,41,0.488,0.089,8,33,0.242,2022-23,Regular Season,Pullups
1631102,TyTy Washington Jr.,1610612745,HOU,21.0,31,26,0.463,26,74,0.351,0.385,0.319,21,51,0.412,0.144,5,23,0.217,2022-23,Regular Season,Pullups
1630631,Jose Alvarado,1610612740,NOP,25.0,61,43,0.149,24,73,0.329,0.397,0.086,14,42,0.333,0.063,10,31,0.323,2022-23,Regular Season,Pullups
1629656,Quentin Grimes,1610612752,NYK,23.0,71,41,0.121,19,73,0.26,0.37,0.03,3,18,0.167,0.091,16,55,0.291,2022-23,Regular Season,Pullups
1626224,Cedi Osman,1610612739,CLE,28.0,77,44,0.136,23,72,0.319,0.458,0.036,3,19,0.158,0.1,20,53,0.377,2022-23,Regular Season,Pullups
1628978,Donte DiVincenzo,1610612744,GSW,26.0,71,41,0.138,17,72,0.236,0.319,0.036,5,19,0.263,0.101,12,53,0.226,2022-23,Regular Season,Pullups
204060,Joe Ingles,1610612749,MIL,35.0,46,40,0.286,34,71,0.479,0.69,0.028,4,7,0.571,0.258,30,64,0.469,2022-23,Regular Season,Pullups
1629028,Deandre Ayton,1610612756,PHX,24.0,67,39,0.08,33,71,0.465,0.479,0.078,31,69,0.449,0.002,2,2,1.0,2022-23,Regular Season,Pullups
1628988,Aaron Holiday,1610612737,ATL,26.0,63,36,0.323,27,71,0.38,0.444,0.205,18,45,0.4,0.118,9,26,0.346,2022-23,Regular Season,Pullups
1630202,Payton Pritchard,1610612738,BOS,25.0,48,29,0.29,24,71,0.338,0.458,0.078,7,19,0.368,0.212,17,52,0.327,2022-23,Regular Season,Pullups
1630547,James Bouknight,1610612766,CHA,22.0,34,25,0.378,23,71,0.324,0.408,0.144,11,27,0.407,0.234,12,44,0.273,2022-23,Regular Season,Pullups
1628977,Hamidou Diallo,1610612765,DET,24.0,55,39,0.188,29,69,0.42,0.435,0.177,27,65,0.415,0.011,2,4,0.5,2022-23,Regular Season,Pullups
1626153,Delon Wright,1610612764,WAS,31.0,50,38,0.237,26,69,0.377,0.486,0.089,11,26,0.423,0.148,15,43,0.349,2022-23,Regular Season,Pullups
1629130,Duncan Robinson,1610612748,MIA,29.0,42,29,0.283,27,67,0.403,0.552,0.059,7,14,0.5,0.224,20,53,0.377,2022-23,Regular Season,Pullups
1628972,Troy Brown Jr.,1610612747,LAL,23.0,76,44,0.144,22,67,0.328,0.403,0.075,12,35,0.343,0.069,10,32,0.313,2022-23,Regular Season,Pullups
1630587,Isaiah Livers,1610612765,DET,24.0,51,35,0.225,26,64,0.406,0.477,0.144,17,41,0.415,0.081,9,23,0.391,2022-23,Regular Season,Pullups
1628976,Wendell Carter Jr.,1610612753,ORL,24.0,57,40,0.105,25,64,0.391,0.398,0.095,24,58,0.414,0.01,1,6,0.167,2022-23,Regular Season,Pullups
1629026,Kenrich Williams,1610612760,OKC,28.0,53,37,0.185,25,64,0.391,0.422,0.145,21,50,0.42,0.04,4,14,0.286,2022-23,Regular Season,Pullups
1629004,Svi Mykhailiuk,1610612766,CHA,26.0,32,17,0.37,24,64,0.375,0.508,0.127,7,22,0.318,0.243,17,42,0.405,2022-23,Regular Season,Pullups
1628404,Josh Hart,1610612752,NYK,28.0,76,44,0.123,19,64,0.297,0.305,0.094,18,49,0.367,0.029,1,15,0.067,2022-23,Regular Season,Pullups
1629006,Josh Okogie,1610612756,PHX,24.0,72,34,0.155,17,64,0.266,0.336,0.08,8,33,0.242,0.075,9,31,0.29,2022-23,Regular Season,Pullups
1628381,John Collins,1610612737,ATL,25.0,71,40,0.086,23,61,0.377,0.377,0.081,23,57,0.404,0.006,0,4,0.0,2022-23,Regular Season,Pullups
1630699,MarJon Beauchamp,1610612749,MIL,22.0,52,29,0.251,21,61,0.344,0.443,0.107,9,26,0.346,0.144,12,35,0.343,2022-23,Regular Season,Pullups
1630553,Keon Johnson,1610612757,POR,21.0,40,31,0.343,19,61,0.311,0.418,0.163,6,29,0.207,0.18,13,32,0.406,2022-23,Regular Season,Pullups
1628995,Kevin Knox II,1610612757,POR,23.0,62,33,0.192,19,61,0.311,0.352,0.107,14,34,0.412,0.085,5,27,0.185,2022-23,Regular Season,Pullups
203925,Joe Harris,1610612751,BKN,31.0,74,42,0.138,24,60,0.4,0.55,0.041,6,18,0.333,0.096,18,42,0.429,2022-23,Regular Season,Pullups
1631098,Johnny Davis,1610612764,WAS,21.0,28,19,0.351,20,60,0.333,0.342,0.275,19,47,0.404,0.076,1,13,0.077,2022-23,Regular Season,Pullups
201567,Kevin Love,1610612748,MIA,34.0,62,39,0.142,20,60,0.333,0.433,0.04,8,17,0.471,0.101,12,43,0.279,2022-23,Regular Season,Pullups
1631104,Blake Wesley,1610612759,SAS,20.0,34,34,0.299,11,60,0.183,0.208,0.259,8,52,0.154,0.04,3,8,0.375,2022-23,Regular Season,Pullups
201565,Derrick Rose,1610612752,NYK,34.0,27,26,0.365,24,58,0.414,0.5,0.201,14,32,0.438,0.164,10,26,0.385,2022-23,Regular Season,Pullups
1630166,Deni Avdija,1610612764,WAS,22.0,76,33,0.098,10,57,0.175,0.237,0.035,3,20,0.15,0.064,7,37,0.189,2022-23,Regular Season,Pullups
201976,Patrick Beverley,1610612741,CHI,34.0,67,37,0.156,23,56,0.411,0.518,0.053,11,19,0.579,0.103,12,37,0.324,2022-23,Regular Season,Pullups
1626167,Myles Turner,1610612754,IND,27.0,62,34,0.076,22,56,0.393,0.455,0.048,15,35,0.429,0.029,7,21,0.333,2022-23,Regular Season,Pullups
1630540,Miles McBride,1610612752,NYK,22.0,64,37,0.26,13,56,0.232,0.277,0.135,8,29,0.276,0.126,5,27,0.185,2022-23,Regular Season,Pullups
1630228,Jonathan Kuminga,1610612744,GSW,20.0,67,35,0.111,24,55,0.436,0.5,0.078,17,39,0.436,0.032,7,16,0.438,2022-23,Regular Season,Pullups
1629629,Cam Reddish,1610612757,POR,23.0,40,30,0.176,18,55,0.327,0.418,0.077,8,24,0.333,0.099,10,31,0.323,2022-23,Regular Season,Pullups
1630227,Daishen Nix,1610612745,HOU,21.0,57,30,0.224,18,53,0.34,0.491,0.025,2,6,0.333,0.198,16,47,0.34,2022-23,Regular Season,Pullups
1630205,Lamar Stevens,1610612739,CLE,25.0,62,34,0.184,18,53,0.34,0.34,0.177,18,51,0.353,0.007,0,2,0.0,2022-23,Regular Season,Pullups
1627863,Danuel House Jr.,1610612755,PHI,30.0,56,33,0.264,22,52,0.423,0.548,0.076,9,15,0.6,0.188,13,37,0.351,2022-23,Regular Season,Pullups
1630557,Corey Kispert,1610612764,WAS,24.0,74,31,0.089,20,52,0.385,0.51,0.032,7,19,0.368,0.056,13,33,0.394,2022-23,Regular Season,Pullups
1630181,R.J. Hampton,1610612765,DET,22.0,47,31,0.219,17,52,0.327,0.394,0.114,10,27,0.37,0.105,7,25,0.28,2022-23,Regular Season,Pullups
1630534,Ochai Agbaji,1610612762,UTA,23.0,59,20,0.135,15,52,0.288,0.365,0.047,7,18,0.389,0.088,8,34,0.235,2022-23,Regular Season,Pullups
1630527,Brandon Boston,1610612746,LAC,21.0,22,16,0.418,20,51,0.392,0.461,0.295,13,36,0.361,0.123,7,15,0.467,2022-23,Regular Season,Pullups
203200,Justin Holiday,1610612742,DAL,34.0,46,27,0.24,14,49,0.286,0.357,0.123,7,25,0.28,0.118,7,24,0.292,2022-23,Regular Season,Pullups
203914,Gary Harris,1610612753,ORL,28.0,48,26,0.153,19,47,0.404,0.553,0.052,5,16,0.313,0.101,14,31,0.452,2022-23,Regular Season,Pullups
1626157,Karl-Anthony Towns,1610612750,MIN,27.0,28,23,0.115,17,47,0.362,0.436,0.073,10,30,0.333,0.042,7,17,0.412,2022-23,Regular Season,Pullups
1628991,Jaren Jackson Jr.,1610612763,MEM,23.0,63,29,0.057,15,47,0.319,0.404,0.028,7,23,0.304,0.029,8,24,0.333,2022-23,Regular Season,Pullups
1628470,Torrey Craig,1610612756,PHX,32.0,79,35,0.094,12,47,0.255,0.277,0.074,10,37,0.27,0.02,2,10,0.2,2022-23,Regular Season,Pullups
1630533,Ziaire Williams,1610612763,MEM,21.0,37,24,0.235,20,46,0.435,0.511,0.153,13,30,0.433,0.082,7,16,0.438,2022-23,Regular Season,Pullups
1627777,Georges Niang,1610612755,PHI,30.0,78,32,0.088,14,44,0.318,0.398,0.03,7,15,0.467,0.058,7,29,0.241,2022-23,Regular Season,Pullups
1629641,Romeo Langford,1610612759,SAS,23.0,40,24,0.177,20,43,0.465,0.465,0.16,20,39,0.513,0.016,0,4,0.0,2022-23,Regular Season,Pullups
201145,Jeff Green,1610612743,DEN,36.0,56,31,0.131,12,43,0.279,0.326,0.088,8,29,0.276,0.043,4,14,0.286,2022-23,Regular Season,Pullups
201588,George Hill,1610612754,IND,37.0,46,26,0.253,17,42,0.405,0.476,0.114,11,19,0.579,0.139,6,23,0.261,2022-23,Regular Season,Pullups
1628963,Marvin Bagley III,1610612765,DET,24.0,42,25,0.106,12,40,0.3,0.325,0.077,10,29,0.345,0.029,2,11,0.182,2022-23,Regular Season,Pullups
1630583,Santi Aldama,1610612763,MEM,22.0,77,30,0.076,11,40,0.275,0.375,0.027,3,14,0.214,0.05,8,26,0.308,2022-23,Regular Season,Pullups
203493,Reggie Bullock Jr.,1610612742,DAL,32.0,78,29,0.085,10,40,0.25,0.288,0.043,7,20,0.35,0.043,3,20,0.15,2022-23,Regular Season,Pullups
1630578,Alperen Sengun,1610612745,HOU,20.0,75,27,0.046,15,37,0.405,0.405,0.041,15,33,0.455,0.005,0,4,0.0,2022-23,Regular Season,Pullups
1631260,AJ Green,1610612749,MIL,23.0,35,22,0.288,14,36,0.389,0.5,0.104,6,13,0.462,0.184,8,23,0.348,2022-23,Regular Season,Pullups
1628410,Edmond Sumner,1610612751,BKN,27.0,53,25,0.134,14,36,0.389,0.444,0.086,10,23,0.435,0.048,4,13,0.308,2022-23,Regular Season,Pullups
1630573,Sam Hauser,1610612738,BOS,25.0,80,30,0.088,11,35,0.314,0.443,0.018,2,7,0.286,0.071,9,28,0.321,2022-23,Regular Season,Pullups
1629599,Amir Coffey,1610612746,LAC,26.0,50,17,0.241,10,35,0.286,0.3,0.2,9,29,0.31,0.041,1,6,0.167,2022-23,Regular Season,Pullups
1629726,Garrison Mathews,1610612737,ATL,26.0,54,22,0.169,12,34,0.353,0.515,0.015,1,3,0.333,0.154,11,31,0.355,2022-23,Regular Season,Pullups
1628966,Keita Bates-Diop,1610612759,SAS,27.0,64,24,0.078,11,34,0.324,0.324,0.069,11,30,0.367,0.009,0,4,0.0,2022-23,Regular Season,Pullups
1629162,Jordan McLaughlin,1610612750,MIN,27.0,42,25,0.231,12,33,0.364,0.47,0.07,5,10,0.5,0.161,7,23,0.304,2022-23,Regular Season,Pullups
1631128,Christian Braun,1610612743,DEN,22.0,76,24,0.114,9,33,0.273,0.364,0.062,3,18,0.167,0.052,6,15,0.4,2022-23,Regular Season,Pullups
1631106,Tari Eason,1610612745,HOU,22.0,82,26,0.05,7,33,0.212,0.227,0.035,6,23,0.261,0.015,1,10,0.1,2022-23,Regular Season,Pullups
1630625,Dalano Banton,1610612761,TOR,23.0,31,18,0.252,5,33,0.152,0.182,0.16,3,21,0.143,0.092,2,12,0.167,2022-23,Regular Season,Pullups
1630548,Johnny Juzang,1610612762,UTA,22.0,18,15,0.308,13,32,0.406,0.469,0.183,9,19,0.474,0.125,4,13,0.308,2022-23,Regular Season,Pullups
1627788,Furkan Korkmaz,1610612755,PHI,25.0,37,19,0.288,12,32,0.375,0.453,0.171,7,19,0.368,0.117,5,13,0.385,2022-23,Regular Season,Pullups
1627854,Bryn Forbes,1610612750,MIN,29.0,25,15,0.386,12,32,0.375,0.438,0.217,8,18,0.444,0.169,4,14,0.286,2022-23,Regular Season,Pullups
1630167,Obi Toppin,1610612752,NYK,25.0,67,27,0.076,10,32,0.313,0.438,0.029,2,12,0.167,0.048,8,20,0.4,2022-23,Regular Season,Pullups
1631121,Bryce McGowens,1610612766,CHA,20.0,46,20,0.158,8,32,0.25,0.313,0.094,4,19,0.211,0.064,4,13,0.308,2022-23,Regular Season,Pullups
203476,Gorgui Dieng,1610612759,SAS,33.0,30,21,0.294,8,32,0.25,0.297,0.101,5,11,0.455,0.193,3,21,0.143,2022-23,Regular Season,Pullups
1627751,Jakob Poeltl,1610612761,TOR,27.0,71,24,0.051,17,31,0.548,0.548,0.049,17,30,0.567,0.002,0,1,0.0,2022-23,Regular Season,Pullups
202689,Kemba Walker,1610612742,DAL,33.0,9,7,0.544,13,31,0.419,0.532,0.175,6,10,0.6,0.368,7,21,0.333,2022-23,Regular Season,Pullups
1630182,Josh Green,1610612742,DAL,22.0,60,19,0.081,13,31,0.419,0.452,0.06,11,23,0.478,0.021,2,8,0.25,2022-23,Regular Season,Pullups
1631223,David Roddy,1610612763,MEM,22.0,70,25,0.074,13,31,0.419,0.468,0.043,10,18,0.556,0.031,3,13,0.231,2022-23,Regular Season,Pullups
202685,Jonas Valančiūnas,1610612740,NOP,31.0,79,25,0.038,8,31,0.258,0.258,0.037,8,30,0.267,0.001,0,1,0.0,2022-23,Regular Season,Pullups
1628373,Frank Ntilikina,1610612742,DAL,24.0,47,19,0.227,14,30,0.467,0.517,0.144,11,19,0.579,0.083,3,11,0.273,2022-23,Regular Season,Pullups
1628449,Chris Boucher,1610612761,TOR,30.0,76,18,0.057,11,30,0.367,0.4,0.038,9,20,0.45,0.019,2,10,0.2,2022-23,Regular Season,Pullups
1630593,McKinley Wright IV,1610612742,DAL,24.0,27,16,0.306,11,30,0.367,0.4,0.204,9,20,0.45,0.102,2,10,0.2,2022-23,Regular Season,Pullups
1630173,Precious Achiuwa,1610612761,TOR,23.0,55,25,0.074,6,30,0.2,0.233,0.047,4,19,0.211,0.027,2,11,0.182,2022-23,Regular Season,Pullups
1630322,Lindy Waters III,1610612760,OKC,25.0,41,20,0.163,10,29,0.345,0.466,0.017,3,3,1.0,0.146,7,26,0.269,2022-23,Regular Season,Pullups
1628432,Davon Reed,1610612743,DEN,28.0,43,19,0.345,10,29,0.345,0.414,0.274,6,23,0.261,0.071,4,6,0.667,2022-23,Regular Season,Pullups
1630552,Jalen Johnson,1610612737,ATL,21.0,70,21,0.09,9,29,0.31,0.31,0.068,9,22,0.409,0.022,0,7,0.0,2022-23,Regular Season,Pullups
1630550,JT Thor,1610612766,CHA,20.0,69,24,0.123,8,29,0.276,0.276,0.106,8,25,0.32,0.017,0,4,0.0,2022-23,Regular Season,Pullups
1630700,Dyson Daniels,1610612740,NOP,20.0,59,27,0.139,8,29,0.276,0.328,0.067,5,14,0.357,0.072,3,15,0.2,2022-23,Regular Season,Pullups
1627936,Alex Caruso,1610612741,CHI,29.0,66,22,0.103,6,29,0.207,0.259,0.057,3,16,0.188,0.046,3,13,0.231,2022-23,Regular Season,Pullups
1630570,Trendon Watford,1610612757,POR,22.0,61,21,0.09,14,28,0.5,0.5,0.087,14,27,0.519,0.003,0,1,0.0,2022-23,Regular Season,Pullups
203109,Jae Crowder,1610612749,MIL,32.0,18,12,0.298,11,28,0.393,0.464,0.181,7,17,0.412,0.117,4,11,0.364,2022-23,Regular Season,Pullups
1626159,Justise Winslow,1610612757,POR,27.0,29,15,0.141,9,28,0.321,0.321,0.136,9,27,0.333,0.005,0,1,0.0,2022-23,Regular Season,Pullups
1629676,Isaiah Roby,1610612752,NYK,25.0,41,18,0.179,8,27,0.296,0.37,0.086,4,13,0.308,0.093,4,14,0.286,2022-23,Regular Season,Pullups
203967,Dario Saric,1610612760,OKC,29.0,57,17,0.094,7,26,0.269,0.288,0.076,6,21,0.286,0.018,1,5,0.2,2022-23,Regular Season,Pullups
1626168,Trey Lyles,1610612758,SAC,27.0,74,22,0.064,7,26,0.269,0.365,0.012,2,5,0.4,0.051,5,21,0.238,2022-23,Regular Season,Pullups
1627827,Dorian Finney-Smith,1610612751,BKN,30.0,66,22,0.052,6,26,0.231,0.346,0.01,0,5,0.0,0.042,6,21,0.286,2022-23,Regular Season,Pullups
202693,Markieff Morris,1610612742,DAL,33.0,35,14,0.217,12,25,0.48,0.52,0.191,10,22,0.455,0.026,2,3,0.667,2022-23,Regular Season,Pullups
203585,Rodney McGruder,1610612765,DET,31.0,32,15,0.164,11,25,0.44,0.6,0.072,3,11,0.273,0.092,8,14,0.571,2022-23,Regular Season,Pullups
1629723,John Konchar,1610612763,MEM,27.0,72,20,0.078,9,25,0.36,0.5,0.019,2,6,0.333,0.059,7,19,0.368,2022-23,Regular Season,Pullups
1629675,Naz Reid,1610612750,MIN,23.0,68,22,0.043,5,25,0.2,0.24,0.019,3,11,0.273,0.024,2,14,0.143,2022-23,Regular Season,Pullups
1630164,James Wiseman,1610612765,DET,22.0,45,19,0.074,5,25,0.2,0.2,0.074,5,25,0.2,0.0,0,0,,2022-23,Regular Season,Pullups
1630219,Skylar Mays,1610612757,POR,25.0,5,5,0.393,14,24,0.583,0.688,0.279,9,17,0.529,0.115,5,7,0.714,2022-23,Regular Season,Pullups
1630188,Jalen Smith,1610612754,IND,23.0,68,18,0.047,8,24,0.333,0.396,0.037,5,19,0.263,0.01,3,5,0.6,2022-23,Regular Season,Pullups
1630240,Saben Lee,1610612756,PHX,24.0,25,14,0.198,6,24,0.25,0.313,0.107,3,13,0.231,0.091,3,11,0.273,2022-23,Regular Season,Pullups
1631172,Ousmane Dieng,1610612760,OKC,20.0,39,16,0.133,4,24,0.167,0.188,0.061,3,11,0.273,0.072,1,13,0.077,2022-23,Regular Season,Pullups
203526,Raul Neto,1610612739,CLE,31.0,48,15,0.209,13,23,0.565,0.609,0.127,11,14,0.786,0.082,2,9,0.222,2022-23,Regular Season,Pullups
1629234,Drew Eubanks,1610612757,POR,26.0,77,17,0.072,10,23,0.435,0.435,0.072,10,23,0.435,0.0,0,0,,2022-23,Regular Season,Pullups
1630541,Moses Moody,1610612744,GSW,21.0,62,17,0.105,10,23,0.435,0.522,0.05,6,11,0.545,0.055,4,12,0.333,2022-23,Regular Season,Pullups
1630288,Jeff Dowtin Jr.,1610612761,TOR,26.0,25,13,0.404,8,23,0.348,0.37,0.351,7,20,0.35,0.053,1,3,0.333,2022-23,Regular Season,Pullups
1626169,Stanley Johnson,1610612762,UTA,27.0,29,15,0.182,10,22,0.455,0.5,0.14,8,17,0.471,0.041,2,5,0.4,2022-23,Regular Season,Pullups
1629627,Zion Williamson,1610612740,NOP,22.0,29,13,0.047,7,22,0.318,0.341,0.039,6,18,0.333,0.009,1,4,0.25,2022-23,Regular Season,Pullups
202083,Wesley Matthews,1610612749,MIL,36.0,52,18,0.138,6,22,0.273,0.364,0.044,2,7,0.286,0.094,4,15,0.267,2022-23,Regular Season,Pullups
203488,Mike Muscala,1610612738,BOS,31.0,63,19,0.072,13,21,0.619,0.81,0.034,5,10,0.5,0.038,8,11,0.727,2022-23,Regular Season,Pullups
1627739,Kris Dunn,1610612762,UTA,29.0,22,12,0.097,11,21,0.524,0.619,0.065,7,14,0.5,0.032,4,7,0.571,2022-23,Regular Season,Pullups
1630184,Kira Lewis Jr.,1610612740,NOP,22.0,25,14,0.239,10,21,0.476,0.548,0.17,7,15,0.467,0.068,3,6,0.5,2022-23,Regular Season,Pullups
1631108,Max Christie,1610612747,LAL,20.0,41,14,0.198,10,21,0.476,0.524,0.17,8,18,0.444,0.028,2,3,0.667,2022-23,Regular Season,Pullups
203085,Austin Rivers,1610612750,MIN,30.0,52,20,0.1,3,21,0.143,0.214,0.024,0,5,0.0,0.077,3,16,0.188,2022-23,Regular Season,Pullups
1627734,Domantas Sabonis,1610612758,SAC,27.0,79,18,0.021,9,20,0.45,0.45,0.019,9,18,0.5,0.002,0,2,0.0,2022-23,Regular Season,Pullups
201143,Al Horford,1610612738,BOS,37.0,63,16,0.042,8,20,0.4,0.475,0.027,5,13,0.385,0.015,3,7,0.429,2022-23,Regular Season,Pullups
203496,Robert Covington,1610612746,LAC,32.0,48,16,0.087,7,20,0.35,0.425,0.044,4,10,0.4,0.044,3,10,0.3,2022-23,Regular Season,Pullups
1630237,Anthony Lamb,1610612744,GSW,25.0,61,16,0.065,5,20,0.25,0.35,0.023,1,7,0.143,0.042,4,13,0.308,2022-23,Regular Season,Pullups
1630346,Matt Ryan,1610612750,MIN,26.0,33,14,0.187,5,20,0.25,0.325,0.112,2,12,0.167,0.075,3,8,0.375,2022-23,Regular Season,Pullups
1629643,Chuma Okeke,1610612753,ORL,24.0,27,13,0.164,4,20,0.2,0.25,0.082,2,10,0.2,0.082,2,10,0.2,2022-23,Regular Season,Pullups
1630214,Xavier Tillman,1610612763,MEM,24.0,61,15,0.062,9,19,0.474,0.474,0.052,9,16,0.563,0.01,0,3,0.0,2022-23,Regular Season,Pullups
1629052,Oshae Brissett,1610612754,IND,25.0,65,16,0.06,4,19,0.211,0.289,0.028,1,9,0.111,0.031,3,10,0.3,2022-23,Regular Season,Pullups
1628380,Zach Collins,1610612759,SAS,25.0,61,16,0.036,4,19,0.211,0.237,0.027,3,14,0.214,0.009,1,5,0.2,2022-23,Regular Season,Pullups
1626192,Pat Connaughton,1610612749,MIL,30.0,61,15,0.043,9,18,0.5,0.694,0.007,2,3,0.667,0.036,7,15,0.467,2022-23,Regular Season,Pullups
1631113,Kennedy Chandler,1610612763,MEM,20.0,36,15,0.217,8,18,0.444,0.444,0.169,8,14,0.571,0.048,0,4,0.0,2022-23,Regular Season,Pullups
1630197,Aleksej Pokusevski,1610612760,OKC,21.0,34,12,0.072,5,18,0.278,0.306,0.052,4,13,0.308,0.02,1,5,0.2,2022-23,Regular Season,Pullups
1629308,Juan Toscano-Anderson,1610612762,UTA,30.0,52,16,0.126,5,18,0.278,0.278,0.091,5,13,0.385,0.035,0,5,0.0,2022-23,Regular Season,Pullups
1629139,Yuta Watanabe,1610612751,BKN,28.0,58,16,0.079,4,18,0.222,0.222,0.061,4,14,0.286,0.018,0,4,0.0,2022-23,Regular Season,Pullups
203486,Mason Plumlee,1610612746,LAC,33.0,79,13,0.035,9,17,0.529,0.529,0.035,9,17,0.529,0.0,0,0,,2022-23,Regular Season,Pullups
201587,Nicolas Batum,1610612746,LAC,34.0,78,15,0.045,8,17,0.471,0.676,0.013,1,5,0.2,0.031,7,12,0.583,2022-23,Regular Season,Pullups
1630598,Aaron Wiggins,1610612760,OKC,24.0,70,16,0.047,6,17,0.353,0.471,0.025,2,9,0.222,0.022,4,8,0.5,2022-23,Regular Season,Pullups
1627732,Ben Simmons,1610612751,BKN,26.0,42,15,0.072,4,17,0.235,0.235,0.064,4,15,0.267,0.009,0,2,0.0,2022-23,Regular Season,Pullups
1630554,Jason Preston,1610612746,LAC,23.0,14,7,0.39,6,16,0.375,0.406,0.293,5,12,0.417,0.098,1,4,0.25,2022-23,Regular Season,Pullups
1629312,Haywood Highsmith,1610612748,MIA,26.0,54,15,0.074,5,16,0.313,0.375,0.051,3,11,0.273,0.023,2,5,0.4,2022-23,Regular Season,Pullups
1630256,Jae'Sean Tate,1610612745,HOU,27.0,31,12,0.07,4,16,0.25,0.281,0.048,3,11,0.273,0.022,1,5,0.2,2022-23,Regular Season,Pullups
1629020,Jarred Vanderbilt,1610612747,LAL,24.0,78,14,0.035,4,16,0.25,0.281,0.031,3,14,0.214,0.004,1,2,0.5,2022-23,Regular Season,Pullups
1630284,Kevon Harris,1610612753,ORL,26.0,34,10,0.15,3,16,0.188,0.25,0.047,1,5,0.2,0.103,2,11,0.182,2022-23,Regular Season,Pullups
1631254,Kenneth Lofton Jr.,1610612763,MEM,20.0,24,10,0.172,3,16,0.188,0.219,0.14,2,13,0.154,0.032,1,3,0.333,2022-23,Regular Season,Pullups
1630696,Dru Smith,1610612751,BKN,25.0,15,8,0.333,5,15,0.333,0.333,0.222,5,10,0.5,0.111,0,5,0.0,2022-23,Regular Season,Pullups
203473,Dewayne Dedmon,1610612755,PHI,33.0,38,13,0.093,9,14,0.643,0.714,0.079,7,12,0.583,0.013,2,2,1.0,2022-23,Regular Season,Pullups
1630235,Trent Forrest,1610612737,ATL,25.0,23,7,0.233,7,14,0.5,0.5,0.217,7,13,0.538,0.017,0,1,0.0,2022-23,Regular Season,Pullups
1629680,Matisse Thybulle,1610612757,POR,26.0,71,13,0.055,6,14,0.429,0.607,0.012,1,3,0.333,0.043,5,11,0.455,2022-23,Regular Season,Pullups
202722,Davis Bertans,1610612742,DAL,30.0,45,13,0.088,6,14,0.429,0.607,0.006,1,1,1.0,0.081,5,13,0.385,2022-23,Regular Season,Pullups
1631207,Dalen Terry,1610612741,CHI,20.0,37,9,0.2,6,14,0.429,0.536,0.086,3,6,0.5,0.114,3,8,0.375,2022-23,Regular Season,Pullups
1630688,Ish Wainright,1610612756,PHX,28.0,60,12,0.062,5,14,0.357,0.5,0.009,1,2,0.5,0.053,4,12,0.333,2022-23,Regular Season,Pullups
1628427,Vlatko Čančar,1610612743,DEN,26.0,60,11,0.062,4,14,0.286,0.393,0.026,1,6,0.167,0.035,3,8,0.375,2022-23,Regular Season,Pullups
203521,Matthew Dellavedova,1610612758,SAC,32.0,32,10,0.28,4,14,0.286,0.357,0.18,2,9,0.222,0.1,2,5,0.4,2022-23,Regular Season,Pullups
1628408,PJ Dozier,1610612758,SAC,26.0,16,9,0.424,4,14,0.286,0.321,0.273,3,9,0.333,0.152,1,5,0.2,2022-23,Regular Season,Pullups
1630539,Kai Jones,1610612766,CHA,22.0,46,10,0.117,3,14,0.214,0.214,0.108,3,13,0.231,0.008,0,1,0.0,2022-23,Regular Season,Pullups
1629002,Chimezie Metu,1610612758,SAC,26.0,66,11,0.064,2,14,0.143,0.143,0.046,2,10,0.2,0.018,0,4,0.0,2022-23,Regular Season,Pullups
1629634,Brandon Clarke,1610612763,MEM,26.0,56,12,0.037,8,13,0.615,0.615,0.037,8,13,0.615,0.0,0,0,,2022-23,Regular Season,Pullups
1630543,Isaiah Jackson,1610612754,IND,21.0,63,11,0.041,6,13,0.462,0.462,0.035,6,11,0.545,0.006,0,2,0.0,2022-23,Regular Season,Pullups
1630529,Herbert Jones,1610612740,NOP,24.0,66,13,0.026,4,13,0.308,0.346,0.02,3,10,0.3,0.006,1,3,0.333,2022-23,Regular Season,Pullups
1626204,Larry Nance Jr.,1610612740,NOP,30.0,65,11,0.043,4,13,0.308,0.308,0.039,4,12,0.333,0.003,0,1,0.0,2022-23,Regular Season,Pullups
203110,Draymond Green,1610612744,GSW,33.0,72,12,0.028,3,13,0.231,0.269,0.021,2,10,0.2,0.006,1,3,0.333,2022-23,Regular Season,Pullups
1631105,Jalen Duren,1610612765,DET,19.0,66,10,0.031,4,12,0.333,0.333,0.031,4,12,0.333,0.0,0,0,,2022-23,Regular Season,Pullups
1631222,Jake LaRavia,1610612763,MEM,21.0,35,10,0.126,3,12,0.25,0.333,0.011,1,1,1.0,0.116,2,11,0.182,2022-23,Regular Season,Pullups
1629647,Darius Bazley,1610612756,PHX,23.0,43,10,0.066,2,12,0.167,0.208,0.055,1,10,0.1,0.011,1,2,0.5,2022-23,Regular Season,Pullups
1627853,Ryan Arcidiacono,1610612752,NYK,29.0,20,6,0.324,1,12,0.083,0.125,0.189,0,7,0.0,0.135,1,5,0.2,2022-23,Regular Season,Pullups
201980,Danny Green,1610612739,CLE,36.0,11,7,0.224,5,11,0.455,0.545,0.082,3,4,0.75,0.143,2,7,0.286,2022-23,Regular Season,Pullups
201949,James Johnson,1610612754,IND,36.0,18,8,0.224,5,11,0.455,0.5,0.143,4,7,0.571,0.082,1,4,0.25,2022-23,Regular Season,Pullups
1629033,Theo Pinson,1610612742,DAL,27.0,40,5,0.126,5,11,0.455,0.636,0.023,1,2,0.5,0.103,4,9,0.444,2022-23,Regular Season,Pullups
1630572,Sandro Mamukelashvili,1610612759,SAS,24.0,41,9,0.053,4,11,0.364,0.409,0.043,3,9,0.333,0.01,1,2,0.5,2022-23,Regular Season,Pullups
1631116,Patrick Baldwin Jr.,1610612744,GSW,20.0,31,10,0.101,3,11,0.273,0.364,0.073,1,8,0.125,0.028,2,3,0.667,2022-23,Regular Season,Pullups
203994,Jusuf Nurkić,1610612757,POR,28.0,52,9,0.022,3,11,0.273,0.318,0.016,2,8,0.25,0.006,1,3,0.333,2022-23,Regular Season,Pullups
1631133,Jabari Walker,1610612757,POR,20.0,55,8,0.059,2,11,0.182,0.182,0.043,2,8,0.25,0.016,0,3,0.0,2022-23,Regular Season,Pullups
1630243,Trevelin Queen,1610612755,PHI,26.0,7,7,0.379,1,11,0.091,0.136,0.034,0,1,0.0,0.345,1,10,0.1,2022-23,Regular Season,Pullups
1626149,Montrezl Harrell,1610612755,PHI,29.0,57,6,0.053,1,11,0.091,0.091,0.043,1,9,0.111,0.01,0,2,0.0,2022-23,Regular Season,Pullups
1629111,Jock Landale,1610612756,PHX,27.0,69,10,0.033,1,11,0.091,0.091,0.024,1,8,0.125,0.009,0,3,0.0,2022-23,Regular Season,Pullups
1629646,Charles Bassey,1610612759,SAS,22.0,35,9,0.074,6,10,0.6,0.7,0.052,4,7,0.571,0.022,2,3,0.667,2022-23,Regular Season,Pullups
201959,Taj Gibson,1610612764,WAS,38.0,49,8,0.08,5,10,0.5,0.5,0.064,5,8,0.625,0.016,0,2,0.0,2022-23,Regular Season,Pullups
1631216,Caleb Houstan,1610612753,ORL,20.0,51,9,0.055,4,10,0.4,0.55,0.022,1,4,0.25,0.033,3,6,0.5,2022-23,Regular Season,Pullups
1628418,Thomas Bryant,1610612743,DEN,25.0,59,9,0.027,3,10,0.3,0.3,0.024,3,9,0.333,0.003,0,1,0.0,2022-23,Regular Season,Pullups
1630647,Eugene Omoruyi,1610612765,DET,26.0,40,8,0.044,3,10,0.3,0.45,0.013,0,3,0.0,0.031,3,7,0.429,2022-23,Regular Season,Pullups
1628998,Cody Martin,1610612766,CHA,27.0,7,5,0.278,1,10,0.1,0.1,0.139,1,5,0.2,0.139,0,5,0.0,2022-23,Regular Season,Pullups
1629655,Daniel Gafford,1610612764,WAS,24.0,78,8,0.023,6,9,0.667,0.667,0.023,6,9,0.667,0.0,0,0,,2022-23,Regular Season,Pullups
1630563,Joshua Primo,1610612759,SAS,20.0,4,4,0.346,4,9,0.444,0.5,0.231,3,6,0.5,0.115,1,3,0.333,2022-23,Regular Season,Pullups
1631160,Jordan Hall,1610612759,SAS,21.0,9,6,0.321,4,9,0.444,0.556,0.214,2,6,0.333,0.107,2,3,0.667,2022-23,Regular Season,Pullups
1626246,Boban Marjanovic,1610612745,HOU,34.0,31,8,0.15,4,9,0.444,0.444,0.15,4,9,0.444,0.0,0,0,,2022-23,Regular Season,Pullups
201152,Thaddeus Young,1610612761,TOR,35.0,54,9,0.045,3,9,0.333,0.333,0.04,3,8,0.375,0.005,0,1,0.0,2022-23,Regular Season,Pullups
1630531,Jaden Springer,1610612755,PHI,20.0,16,6,0.257,3,9,0.333,0.389,0.229,2,8,0.25,0.029,1,1,1.0,2022-23,Regular Season,Pullups
1630171,Isaac Okoro,1610612739,CLE,22.0,76,8,0.025,3,9,0.333,0.5,0.006,0,2,0.0,0.02,3,7,0.429,2022-23,Regular Season,Pullups
1628964,Mo Bamba,1610612747,LAL,25.0,49,8,0.037,1,9,0.111,0.167,0.012,0,3,0.0,0.025,1,6,0.167,2022-23,Regular Season,Pullups
1630577,Julian Champagnie,1610612759,SAS,22.0,15,6,0.08,4,8,0.5,0.563,0.05,3,5,0.6,0.03,1,3,0.333,2022-23,Regular Season,Pullups
1630241,Sam Merrill,1610612739,CLE,27.0,5,3,0.364,4,8,0.5,0.688,0.045,1,1,1.0,0.318,3,7,0.429,2022-23,Regular Season,Pullups
1630215,Jared Butler,1610612760,OKC,22.0,6,3,0.25,3,8,0.375,0.5,0.094,1,3,0.333,0.156,2,5,0.4,2022-23,Regular Season,Pullups
1629633,Jarrett Culver,1610612737,ATL,24.0,10,6,0.186,3,8,0.375,0.375,0.14,3,6,0.5,0.047,0,2,0.0,2022-23,Regular Season,Pullups
1628467,Maxi Kleber,1610612742,DAL,31.0,37,5,0.047,3,8,0.375,0.375,0.03,3,5,0.6,0.018,0,3,0.0,2022-23,Regular Season,Pullups
1630561,David Duke Jr.,1610612751,BKN,23.0,23,5,0.103,3,8,0.375,0.375,0.09,3,7,0.429,0.013,0,1,0.0,2022-23,Regular Season,Pullups
1628392,Isaiah Hartenstein,1610612752,NYK,25.0,82,6,0.024,3,8,0.375,0.375,0.024,3,8,0.375,0.0,0,0,,2022-23,Regular Season,Pullups
1627885,Shaquille Harrison,1610612747,LAL,29.0,4,3,0.286,2,8,0.25,0.313,0.179,1,5,0.2,0.107,1,3,0.333,2022-23,Regular Season,Pullups
1629623,Lindell Wigginton,1610612749,MIL,25.0,7,3,0.216,2,8,0.25,0.25,0.081,2,3,0.667,0.135,0,5,0.0,2022-23,Regular Season,Pullups
1630556,Kessler Edwards,1610612758,SAC,22.0,36,8,0.086,2,8,0.25,0.25,0.065,2,6,0.333,0.022,0,2,0.0,2022-23,Regular Season,Pullups
202066,Garrett Temple,1610612740,NOP,37.0,25,8,0.178,2,8,0.25,0.375,0.067,0,3,0.0,0.111,2,5,0.4,2022-23,Regular Season,Pullups
1629731,Dean Wade,1610612739,CLE,26.0,44,7,0.045,2,8,0.25,0.313,0.034,1,6,0.167,0.011,1,2,0.5,2022-23,Regular Season,Pullups
200782,P.J. Tucker,1610612755,PHI,38.0,75,8,0.036,1,8,0.125,0.188,0.022,0,5,0.0,0.013,1,3,0.333,2022-23,Regular Season,Pullups
1630264,Anthony Gill,1610612764,WAS,30.0,59,8,0.061,1,8,0.125,0.125,0.03,1,4,0.25,0.03,0,4,0.0,2022-23,Regular Season,Pullups
201933,Blake Griffin,1610612738,BOS,34.0,41,6,0.062,1,8,0.125,0.188,0.0,0,0,,0.062,1,8,0.125,2022-23,Regular Season,Pullups
1630231,KJ Martin,1610612745,HOU,22.0,82,8,0.011,1,8,0.125,0.125,0.004,1,3,0.333,0.007,0,5,0.0,2022-23,Regular Season,Pullups
1630249,Vít Krejčí,1610612737,ATL,23.0,29,7,0.189,3,7,0.429,0.571,0.054,1,2,0.5,0.135,2,5,0.4,2022-23,Regular Season,Pullups
1631165,Keon Ellis,1610612758,SAC,23.0,16,5,0.438,3,7,0.429,0.643,0.125,0,2,0.0,0.313,3,5,0.6,2022-23,Regular Season,Pullups
1631120,JD Davison,1610612738,BOS,20.0,12,5,0.368,2,7,0.286,0.286,0.316,2,6,0.333,0.053,0,1,0.0,2022-23,Regular Season,Pullups
1631288,Jamal Cain,1610612748,MIA,24.0,18,5,0.106,1,7,0.143,0.143,0.076,1,5,0.2,0.03,0,2,0.0,2022-23,Regular Season,Pullups
1629678,Admiral Schofield,1610612753,ORL,26.0,37,6,0.057,1,7,0.143,0.214,0.008,0,1,0.0,0.049,1,6,0.167,2022-23,Regular Season,Pullups
1629021,Moritz Wagner,1610612753,ORL,26.0,57,7,0.018,0,7,0.0,0.0,0.01,0,4,0.0,0.008,0,3,0.0,2022-23,Regular Season,Pullups
1626172,Kevon Looney,1610612744,GSW,27.0,81,6,0.019,0,7,0.0,0.0,0.019,0,7,0.0,0.0,0,0,,2022-23,Regular Season,Pullups
1629663,Louis King,1610612755,PHI,24.0,1,1,0.462,4,6,0.667,0.833,0.154,2,2,1.0,0.308,2,4,0.5,2022-23,Regular Season,Pullups
1631245,Quenton Jackson,1610612764,WAS,24.0,9,4,0.143,3,6,0.5,0.5,0.095,3,4,0.75,0.048,0,2,0.0,2022-23,Regular Season,Pullups
203490,Otto Porter Jr.,1610612761,TOR,30.0,8,3,0.2,2,6,0.333,0.333,0.167,2,5,0.4,0.033,0,1,0.0,2022-23,Regular Season,Pullups
1631197,Jared Rhoden,1610612765,DET,23.0,14,3,0.136,2,6,0.333,0.333,0.114,2,5,0.4,0.023,0,1,0.0,2022-23,Regular Season,Pullups
1630168,Onyeka Okongwu,1610612737,ATL,22.0,80,5,0.012,2,6,0.333,0.333,0.01,2,5,0.4,0.002,0,1,0.0,2022-23,Regular Season,Pullups
1628371,Jonathan Isaac,1610612753,ORL,25.0,11,5,0.113,1,6,0.167,0.167,0.113,1,6,0.167,0.0,0,0,,2022-23,Regular Season,Pullups
1629875,Xavier Moon,1610612746,LAC,28.0,4,3,0.667,1,6,0.167,0.167,0.556,1,5,0.2,0.111,0,1,0.0,2022-23,Regular Season,Pullups
1630191,Isaiah Stewart,1610612765,DET,22.0,49,6,0.014,1,6,0.167,0.167,0.002,1,1,1.0,0.012,0,5,0.0,2022-23,Regular Season,Pullups
1631212,Peyton Watson,1610612743,DEN,20.0,23,6,0.102,1,6,0.167,0.167,0.085,1,5,0.2,0.017,0,1,0.0,2022-23,Regular Season,Pullups
1630233,Nathan Knight,1610612750,MIN,25.0,37,5,0.075,1,6,0.167,0.25,0.025,0,2,0.0,0.05,1,4,0.25,2022-23,Regular Season,Pullups
203497,Rudy Gobert,1610612750,MIN,31.0,69,6,0.011,1,6,0.167,0.167,0.009,1,5,0.2,0.002,0,1,0.0,2022-23,Regular Season,Pullups
1630208,Nick Richards,1610612766,CHA,25.0,65,6,0.019,0,6,0.0,0.0,0.019,0,6,0.0,0.0,0,0,,2022-23,Regular Season,Pullups
1631213,Tyrese Martin,1610612737,ATL,24.0,16,4,0.217,3,5,0.6,0.7,0.174,2,4,0.5,0.043,1,1,1.0,2022-23,Regular Season,Pullups
1629651,Nic Claxton,1610612751,BKN,24.0,76,4,0.009,3,5,0.6,0.6,0.007,3,4,0.75,0.002,0,1,0.0,2022-23,Regular Season,Pullups
1629603,Mamadi Diakite,1610612739,CLE,26.0,22,4,0.1,2,5,0.4,0.5,0.06,1,3,0.333,0.04,1,2,0.5,2022-23,Regular Season,Pullups
1629750,Javonte Green,1610612741,CHI,29.0,32,5,0.046,2,5,0.4,0.5,0.037,1,4,0.25,0.009,1,1,1.0,2022-23,Regular Season,Pullups
1630637,Carlik Jones,1610612741,CHI,25.0,6,3,0.357,2,5,0.4,0.4,0.286,2,4,0.5,0.071,0,1,0.0,2022-23,Regular Season,Pullups
1630195,Leandro Bolmaro,1610612762,UTA,22.0,14,4,0.263,2,5,0.4,0.4,0.263,2,5,0.4,0.0,0,0,,2022-23,Regular Season,Pullups
201586,Serge Ibaka,1610612749,MIL,33.0,16,5,0.093,2,5,0.4,0.4,0.093,2,5,0.4,0.0,0,0,,2022-23,Regular Season,Pullups
1630267,Facundo Campazzo,1610612742,DAL,32.0,8,2,0.385,1,5,0.2,0.3,0.0,0,0,,0.385,1,5,0.2,2022-23,Regular Season,Pullups
1630678,Terry Taylor,1610612741,CHI,23.0,31,5,0.067,1,5,0.2,0.2,0.053,1,4,0.25,0.013,0,1,0.0,2022-23,Regular Season,Pullups
1631219,John Butler Jr.,1610612757,POR,20.0,18,4,0.119,1,5,0.2,0.2,0.095,1,4,0.25,0.024,0,1,0.0,2022-23,Regular Season,Pullups
1626163,Frank Kaminsky,1610612745,HOU,30.0,36,4,0.079,1,5,0.2,0.2,0.079,1,5,0.2,0.0,0,0,,2022-23,Regular Season,Pullups
1630590,Scotty Pippen Jr.,1610612747,LAL,22.0,6,2,0.417,1,5,0.2,0.3,0.25,0,3,0.0,0.167,1,2,0.5,2022-23,Regular Season,Pullups
1628382,Justin Jackson,1610612738,BOS,28.0,23,5,0.185,1,5,0.2,0.3,0.111,0,3,0.0,0.074,1,2,0.5,2022-23,Regular Season,Pullups
1631111,Wendell Moore Jr.,1610612750,MIN,21.0,28,4,0.116,1,5,0.2,0.3,0.07,0,3,0.0,0.047,1,2,0.5,2022-23,Regular Season,Pullups
1630192,Zeke Nnaji,1610612743,DEN,22.0,53,5,0.026,0,5,0.0,0.0,0.005,0,1,0.0,0.02,0,4,0.0,2022-23,Regular Season,Pullups
1631309,Trevor Hudgins,1610612745,HOU,24.0,5,1,0.556,0,5,0.0,0.0,0.0,0,0,,0.556,0,5,0.0,2022-23,Regular Season,Pullups
2617,Udonis Haslem,1610612748,MIA,43.0,7,2,0.138,2,4,0.5,0.5,0.138,2,4,0.5,0.0,0,0,,2022-23,Regular Season,Pullups
1628386,Jarrett Allen,1610612739,CLE,25.0,68,4,0.006,2,4,0.5,0.5,0.006,2,4,0.5,0.0,0,0,,2022-23,Regular Season,Pullups
1628436,Luke Kornet,1610612738,BOS,27.0,69,4,0.024,2,4,0.5,0.625,0.012,1,2,0.5,0.012,1,2,0.5,2022-23,Regular Season,Pullups
203457,Nerlens Noel,1610612751,BKN,29.0,17,4,0.111,1,4,0.25,0.25,0.111,1,4,0.25,0.0,0,0,,2022-23,Regular Season,Pullups
1631123,Jamaree Bouyea,1610612748,MIA,24.0,5,3,0.286,1,4,0.25,0.375,0.071,0,1,0.0,0.214,1,3,0.333,2022-23,Regular Season,Pullups
1630194,Paul Reed,1610612755,PHI,24.0,69,4,0.019,1,4,0.25,0.25,0.019,1,4,0.25,0.0,0,0,,2022-23,Regular Season,Pullups
201580,JaVale McGee,1610612742,DAL,35.0,42,4,0.032,1,4,0.25,0.25,0.024,1,3,0.333,0.008,0,1,0.0,2022-23,Regular Season,Pullups
1628221,Gabe York,1610612754,IND,29.0,3,2,0.19,0,4,0.0,0.0,0.0,0,0,,0.19,0,4,0.0,2022-23,Regular Season,Pullups
203648,Thanasis Antetokounmpo,1610612749,MIL,30.0,37,4,0.087,0,4,0.0,0.0,0.043,0,2,0.0,0.043,0,2,0.0,2022-23,Regular Season,Pullups
1627823,Juancho Hernangomez,1610612761,TOR,27.0,42,4,0.035,0,4,0.0,0.0,0.009,0,1,0.0,0.026,0,3,0.0,2022-23,Regular Season,Pullups
1628416,Tyler Dorsey,1610612742,DAL,27.0,3,1,0.6,3,3,1.0,1.0,0.6,3,3,1.0,0.0,0,0,,2022-23,Regular Season,Pullups
1630568,Luka Garza,1610612750,MIN,24.0,27,3,0.027,2,3,0.667,0.667,0.027,2,3,0.667,0.0,0,0,,2022-23,Regular Season,Pullups
1631119,Jaylin Williams,1610612760,OKC,21.0,49,3,0.013,2,3,0.667,0.833,0.009,1,2,0.5,0.004,1,1,1.0,2022-23,Regular Season,Pullups
1627884,Derrick Jones Jr.,1610612741,CHI,26.0,63,3,0.013,2,3,0.667,0.833,0.004,1,1,1.0,0.009,1,2,0.5,2022-23,Regular Season,Pullups
1630526,Jeremiah Robinson-Earl,1610612760,OKC,22.0,43,3,0.012,2,3,0.667,0.833,0.004,1,1,1.0,0.008,1,2,0.5,2022-23,Regular Season,Pullups
1628424,Kobi Simmons,1610612766,CHA,25.0,5,2,0.5,1,3,0.333,0.5,0.0,0,0,,0.5,1,3,0.333,2022-23,Regular Season,Pullups
1630643,Jay Huff,1610612764,WAS,25.0,7,2,0.12,1,3,0.333,0.333,0.12,1,3,0.333,0.0,0,0,,2022-23,Regular Season,Pullups
203943,Noah Vonleh,1610612738,BOS,27.0,23,2,0.125,1,3,0.333,0.333,0.083,1,2,0.5,0.042,0,1,0.0,2022-23,Regular Season,Pullups
1630644,Mac McClung,1610612755,PHI,24.0,2,2,0.15,1,3,0.333,0.5,0.05,0,1,0.0,0.1,1,2,0.5,2022-23,Regular Season,Pullups
203939,Dwight Powell,1610612742,DAL,31.0,76,3,0.011,1,3,0.333,0.333,0.007,1,2,0.5,0.004,0,1,0.0,2022-23,Regular Season,Pullups
1629653,Devon Dotson,1610612764,WAS,23.0,6,3,0.333,0,3,0.0,0.0,0.333,0,3,0.0,0.0,0,0,,2022-23,Regular Season,Pullups
1631306,Cole Swider,1610612747,LAL,24.0,7,2,0.333,0,3,0.0,0.0,0.111,0,1,0.0,0.222,0,2,0.0,2022-23,Regular Season,Pullups
203469,Cody Zeller,1610612748,MIA,30.0,15,3,0.051,0,3,0.0,0.0,0.051,0,3,0.0,0.0,0,0,,2022-23,Regular Season,Pullups
1631107,Nikola Jović,1610612748,MIA,20.0,15,3,0.043,0,3,0.0,0.0,0.043,0,3,0.0,0.0,0,0,,2022-23,Regular Season,Pullups
1630639,A.J. Lawson,1610612742,DAL,22.0,15,3,0.068,0,3,0.0,0.0,0.023,0,1,0.0,0.045,0,2,0.0,2022-23,Regular Season,Pullups
1630579,Jericho Sims,1610612752,NYK,24.0,52,3,0.028,0,3,0.0,0.0,0.019,0,2,0.0,0.009,0,1,0.0,2022-23,Regular Season,Pullups
1629677,Luka Samanic,1610612762,UTA,23.0,7,3,0.053,0,3,0.0,0.0,0.035,0,2,0.0,0.018,0,1,0.0,2022-23,Regular Season,Pullups
1629644,KZ Okpala,1610612758,SAC,24.0,35,2,0.053,1,2,0.5,0.5,0.053,1,2,0.5,0.0,0,0,,2022-23,Regular Season,Pullups
202687,Bismack Biyombo,1610612756,PHX,30.0,61,2,0.01,1,2,0.5,0.5,0.01,1,2,0.5,0.0,0,0,,2022-23,Regular Season,Pullups
1628981,Bruno Fernando,1610612737,ATL,24.0,39,2,0.018,1,2,0.5,0.5,0.018,1,2,0.5,0.0,0,0,,2022-23,Regular Season,Pullups
203083,Andre Drummond,1610612741,CHI,29.0,67,2,0.007,1,2,0.5,0.5,0.007,1,2,0.5,0.0,0,0,,2022-23,Regular Season,Pullups
1629117,Wenyen Gabriel,1610612747,LAL,26.0,68,2,0.008,1,2,0.5,0.75,0.0,0,0,,0.008,1,2,0.5,2022-23,Regular Season,Pullups
1629048,Goga Bitadze,1610612753,ORL,23.0,38,2,0.016,1,2,0.5,0.75,0.0,0,0,,0.016,1,2,0.5,2022-23,Regular Season,Pullups
1631311,Lester Quinones,1610612744,GSW,22.0,4,2,0.4,1,2,0.5,0.75,0.0,0,0,,0.4,1,2,0.5,2022-23,Regular Season,Pullups
1629637,Jaxson Hayes,1610612740,NOP,23.0,47,2,0.013,0,2,0.0,0.0,0.013,0,2,0.0,0.0,0,0,,2022-23,Regular Season,Pullups
1627826,Ivica Zubac,1610612746,LAC,26.0,76,2,0.004,0,2,0.0,0.0,0.004,0,2,0.0,0.0,0,0,,2022-23,Regular Season,Pullups
1641645,Xavier Cooks,1610612764,WAS,27.0,10,2,0.071,0,2,0.0,0.0,0.036,0,1,0.0,0.036,0,1,0.0,2022-23,Regular Season,Pullups
1631303,Justin Minaya,1610612757,POR,24.0,3,2,0.133,0,2,0.0,0.0,0.067,0,1,0.0,0.067,0,1,0.0,2022-23,Regular Season,Pullups
203210,JaMychal Green,1610612744,GSW,33.0,57,2,0.008,0,2,0.0,0.0,0.004,0,1,0.0,0.004,0,1,0.0,2022-23,Regular Season,Pullups
1631169,Josh Minott,1610612750,MIN,20.0,14,2,0.059,0,2,0.0,0.0,0.029,0,1,0.0,0.029,0,1,0.0,2022-23,Regular Season,Pullups
1631217,Moussa Diabate,1610612746,LAC,21.0,22,2,0.043,0,2,0.0,0.0,0.043,0,2,0.0,0.0,0,0,,2022-23,Regular Season,Pullups
1629057,Robert Williams III,1610612738,BOS,25.0,35,2,0.012,0,2,0.0,0.0,0.012,0,2,0.0,0.0,0,0,,2022-23,Regular Season,Pullups
1631157,Ryan Rollins,1610612744,GSW,20.0,12,1,0.1,0,2,0.0,0.0,0.05,0,1,0.0,0.05,0,1,0.0,2022-23,Regular Season,Pullups
1630535,Greg Brown III,1610612757,POR,21.0,16,2,0.071,0,2,0.0,0.0,0.036,0,1,0.0,0.036,0,1,0.0,2022-23,Regular Season,Pullups
201577,Robin Lopez,1610612739,CLE,35.0,37,1,0.013,1,1,1.0,1.0,0.013,1,1,1.0,0.0,0,0,,2022-23,Regular Season,Pullups
1630648,Jordan Schakel,1610612764,WAS,25.0,2,1,0.5,1,1,1.0,1.5,0.0,0,0,,0.5,1,1,1.0,2022-23,Regular Season,Pullups
1630225,Isaiah Todd,1610612764,WAS,21.0,6,1,0.056,1,1,1.0,1.0,0.056,1,1,1.0,0.0,0,0,,2022-23,Regular Season,Pullups
1630206,Jay Scrubb,1610612753,ORL,22.0,2,1,0.143,1,1,1.0,1.5,0.0,0,0,,0.143,1,1,1.0,2022-23,Regular Season,Pullups
1630549,Day'Ron Sharpe,1610612751,BKN,21.0,48,1,0.006,1,1,1.0,1.5,0.0,0,0,,0.006,1,1,1.0,2022-23,Regular Season,Pullups
1631112,Kendall Brown,1610612754,IND,20.0,6,1,0.143,1,1,1.0,1.0,0.143,1,1,1.0,0.0,0,0,,2022-23,Regular Season,Pullups
201599,DeAndre Jordan,1610612743,DEN,34.0,39,1,0.009,1,1,1.0,1.0,0.009,1,1,1.0,0.0,0,0,,2022-23,Regular Season,Pullups
1631109,Mark Williams,1610612766,CHA,21.0,43,1,0.004,1,1,1.0,1.0,0.004,1,1,1.0,0.0,0,0,,2022-23,Regular Season,Pullups
1631230,Dominick Barlow,1610612759,SAS,20.0,26,1,0.013,1,1,1.0,1.0,0.013,1,1,1.0,0.0,0,0,,2022-23,Regular Season,Pullups
203458,Alex Len,1610612758,SAC,30.0,26,1,0.033,1,1,1.0,1.0,0.033,1,1,1.0,0.0,0,0,,2022-23,Regular Season,Pullups
1630551,Justin Champagnie,1610612738,BOS,22.0,5,1,0.067,1,1,1.0,1.5,0.0,0,0,,0.067,1,1,1.0,2022-23,Regular Season,Pullups
1630296,Braxton Key,1610612765,DET,26.0,3,1,1.0,1,1,1.0,1.0,1.0,1,1,1.0,0.0,0,0,,2022-23,Regular Season,Pullups
1628402,Frank Jackson,1610612756,PHX,25.0,1,1,0.333,0,1,0.0,0.0,0.333,0,1,0.0,0.0,0,0,,2022-23,Regular Season,Pullups
1630586,Usman Garuba,1610612745,HOU,21.0,75,1,0.006,0,1,0.0,0.0,0.0,0,0,,0.006,0,1,0.0,2022-23,Regular Season,Pullups
1631367,Jacob Gilyard,1610612763,MEM,24.0,1,1,0.333,0,1,0.0,0.0,0.0,0,0,,0.333,0,1,0.0,2022-23,Regular Season,Pullups
1631199,Ron Harper Jr.,1610612761,TOR,23.0,9,1,0.063,0,1,0.0,0.0,0.0,0,0,,0.063,0,1,0.0,2022-23,Regular Season,Pullups
203991,Clint Capela,1610612737,ATL,29.0,65,1,0.002,0,1,0.0,0.0,0.002,0,1,0.0,0.0,0,0,,2022-23,Regular Season,Pullups
203500,Steven Adams,1610612763,MEM,29.0,42,1,0.004,0,1,0.0,0.0,0.004,0,1,0.0,0.0,0,0,,2022-23,Regular Season,Pullups
1628993,Alize Johnson,1610612759,SAS,27.0,4,1,0.167,0,1,0.0,0.0,0.0,0,0,,0.167,0,1,0.0,2022-23,Regular Season,Pullups
1630600,Isaiah Mobley,1610612739,CLE,23.0,12,1,0.036,0,1,0.0,0.0,0.036,0,1,0.0,0.0,0,0,,2022-23,Regular Season,Pullups
1631246,Vince Williams Jr.,1610612763,MEM,22.0,15,1,0.025,0,1,0.0,0.0,0.0,0,0,,0.025,0,1,0.0,2022-23,Regular Season,Pullups
1629714,Jarrell Brantley,1610612762,UTA,27.0,4,1,0.071,0,1,0.0,0.0,0.0,0,0,,0.071,0,1,0.0,2022-23,Regular Season,Pullups
1626195,Willy Hernangomez,1610612740,NOP,29.0,38,1,0.006,0,1,0.0,0.0,0.006,0,1,0.0,0.0,0,0,,2022-23,Regular Season,Pullups
203487,Michael Carter-Williams,1610612753,ORL,31.0,4,1,0.071,0,1,0.0,0.0,0.071,0,1,0.0,0.0,0,0,,2022-23,Regular Season,Pullups
1631495,Donovan Williams,1610612737,ATL,21.0,2,1,0.2,0,1,0.0,0.0,0.0,0,0,,0.2,0,1,0.0,2022-23,Regular Season,Pullups
1630270,Xavier Sneed,1610612766,CHA,25.0,4,1,0.1,0,1,0.0,0.0,0.1,0,1,0.0,0.0,0,0,,2022-23,Regular Season,Pullups
1630209,Omer Yurtseven,1610612748,MIA,25.0,9,1,0.037,0,1,0.0,0.0,0.037,0,1,0.0,0.0,0,0,,2022-23,Regular Season,Pullups
1629011,Mitchell Robinson,1610612752,NYK,25.0,59,1,0.004,0,1,0.0,0.0,0.004,0,1,0.0,0.0,0,0,,2022-23,Regular Season,Pullups
2738,Andre Iguodala,1610612744,GSW,39.0,7,1,0.083,0,1,0.0,0.0,0.0,0,0,,0.083,0,1,0.0,2022-23,Regular Season,Pullups
1630580,Joe Wieskamp,1610612761,TOR,23.0,9,1,0.071,0,1,0.0,0.0,0.0,0,0,,0.071,0,1,0.0,2022-23,Regular Season,Pullups
1631205,Buddy Boeheim,1610612765,DET,23.0,10,1,0.037,0,1,0.0,0.0,0.0,0,0,,0.037,0,1,0.0,2022-23,Regular Season,Pullups
