PLAYER_ID,PLAYER_NAME,NICKNAME,TEAM_ID,TEAM_ABBREVIATION,AGE,GP,W,L,W_PCT,MIN,DEF_RATING,DREB,DREB_PCT,PCT_DREB,STL,PCT_STL,BLK,PCT_BLK,OPP_PTS_OFF_TOV,OPP_PTS_2ND_CHANCE,OPP_PTS_FB,OPP_PTS_PAINT,DEF_WS,DEF_WS_RAW,GP_RANK,W_RANK,L_RANK,W_PCT_RANK,MIN_RANK,DEF_RATING_RANK,DREB_RANK,DREB_PCT_RANK,PCT_DREB_RANK,STL_RANK,PCT_STL_RANK,BLK_RANK,PCT_BLK_RANK,OPP_PTS_OFF_TOV_RANK,OPP_PTS_2ND_CHANCE_RANK,OPP_PTS_FB_RANK,OPP_PTS_PAINT_RANK,DEF_WS_RANK,SEASON,SEASON_TYPE,MEASURE_TYPE
1630639,A.J. Lawson,A.J.,1610612742,DAL,23.0,42,27,15,0.643,7.4,105.3,0.9,0.105,0.159,0.2,0.213,0.1,0.094,2.5,2.3,2.9,8.2,0.041,0.04097824589098971,341,231,168,105,486,75,481,361,350,455,207,490,415,81,95,123,90,360,2023-24,Regular Season,Defense
1631260,AJ Green,AJ,1610612749,MIL,24.0,56,35,21,0.625,11.0,110.5,1.0,0.089,0.133,0.2,0.091,0.1,0.082,3.4,3.2,1.9,9.8,0.04,0.040356853885013734,252,155,253,128,422,189,465,438,448,495,524,490,439,116,150,76,116,366,2023-24,Regular Season,Defense
1631100,AJ Griffin,AJ,1610612737,ATL,20.0,20,8,12,0.4,8.5,120.1,0.8,0.108,0.151,0.1,0.036,0.1,0.133,3.3,1.9,2.6,10.1,0.009,0.009364190451899543,439,423,138,385,469,536,489,337,380,536,538,459,338,107,64,103,124,540,2023-24,Regular Season,Defense
203932,Aaron Gordon,Aaron,1610612743,DEN,28.0,73,49,24,0.671,31.5,111.1,4.1,0.129,0.184,0.8,0.162,0.6,0.193,10.0,8.0,9.3,34.4,0.113,0.1132616815001638,99,29,282,75,83,218,93,240,267,184,381,120,225,474,441,494,517,44,2023-24,Regular Season,Defense
1628988,Aaron Holiday,Aaron,1610612745,HOU,27.0,78,39,39,0.5,16.3,107.6,1.3,0.075,0.109,0.5,0.195,0.1,0.05,5.2,4.7,4.0,16.2,0.076,0.0763641549820634,43,117,497,300,312,100,413,501,507,293,265,483,484,231,259,206,256,167,2023-24,Regular Season,Defense
1630174,Aaron Nesmith,Aaron,1610612754,IND,24.0,72,41,31,0.569,27.7,115.0,2.9,0.103,0.158,0.9,0.21,0.7,0.191,8.6,8.4,6.8,32.0,0.069,0.06886293101258784,108,97,406,227,134,403,185,368,353,122,213,95,229,392,466,363,478,200,2023-24,Regular Season,Defense
1630598,Aaron Wiggins,Aaron,1610612760,OKC,25.0,78,55,23,0.705,15.7,110.0,1.6,0.095,0.152,0.7,0.245,0.2,0.109,4.7,5.6,3.7,15.6,0.062,0.062039760315940155,43,14,272,50,323,167,358,409,377,202,132,325,384,194,311,186,246,246,2023-24,Regular Season,Defense
1641745,Adam Flagler,Adam,1610612760,OKC,24.0,2,2,0,1.0,7.0,109.7,0.0,0.0,0.0,0.0,0.0,0.0,0.0,2.0,3.0,2.0,9.0,0.029,0.02938616619528963,555,511,1,1,493,154,557,557,557,539,539,520,520,55,134,78,98,450,2023-24,Regular Season,Defense
1641766,Adama Sanogo,Adama,1610612741,CHI,22.0,9,3,6,0.333,7.3,93.6,1.9,0.266,0.362,0.1,0.059,0.0,0.0,2.8,1.8,1.9,5.8,0.066,0.06625779046778614,498,489,80,432,490,17,323,14,24,514,536,520,520,92,60,74,68,217,2023-24,Regular Season,Defense
1629678,Admiral Schofield,Admiral,1610612753,ORL,27.0,23,15,8,0.652,3.7,95.6,0.6,0.149,0.246,0.0,0.111,0.0,0.0,2.1,1.3,1.5,4.0,0.031,0.03098319449875814,420,347,110,98,539,20,513,172,136,538,496,520,520,65,43,57,38,439,2023-24,Regular Season,Defense
201143,Al Horford,Al,1610612738,BOS,38.0,65,51,14,0.785,26.8,109.5,5.1,0.178,0.255,0.6,0.167,1.0,0.258,7.4,7.1,6.5,26.3,0.109,0.10879629172763357,181,26,162,22,153,148,51,104,124,263,357,43,151,333,394,345,394,57,2023-24,Regular Season,Defense
202692,Alec Burks,Alec,1610612752,NYK,32.0,66,18,48,0.273,18.4,118.5,1.9,0.103,0.162,0.4,0.192,0.2,0.096,7.6,5.3,5.2,20.5,0.029,0.02852599661997371,170,316,539,465,271,512,319,367,339,351,275,367,411,347,290,278,325,450,2023-24,Regular Season,Defense
1630197,Aleksej Pokusevski,Aleksej,1610612766,CHA,22.0,28,14,14,0.5,14.5,113.2,2.6,0.173,0.268,0.5,0.259,0.5,0.406,5.0,4.2,4.0,14.9,0.043,0.04285761580930509,399,361,162,300,346,314,236,116,106,296,105,189,69,218,220,203,223,346,2023-24,Regular Season,Defense
1627936,Alex Caruso,Alex,1610612741,CHI,30.0,71,34,37,0.479,28.7,110.6,3.0,0.103,0.154,1.7,0.342,1.0,0.33,8.9,8.1,7.5,26.1,0.11,0.1098196387797139,118,165,475,335,120,192,182,370,365,8,25,41,110,407,444,391,390,53,2023-24,Regular Season,Defense
1641788,Alex Fudge,Alex,1610612742,DAL,21.0,6,1,5,0.167,6.7,129.1,0.2,0.029,0.045,0.5,0.429,0.0,0.0,4.7,2.2,2.2,7.0,-0.01,-0.010403990868307943,525,538,64,530,495,563,550,553,553,314,10,520,520,197,83,91,78,565,2023-24,Regular Season,Defense
203458,Alex Len,Alex,1610612758,SAC,31.0,48,24,24,0.5,9.3,100.8,1.7,0.179,0.258,0.2,0.153,0.7,0.611,2.5,1.9,2.0,7.6,0.062,0.061534393847918055,306,257,282,300,456,41,346,101,120,459,414,94,13,77,69,83,85,246,2023-24,Regular Season,Defense
1631214,Alondes Williams,Alondes,1610612748,MIA,25.0,7,5,2,0.714,2.2,110.5,0.1,0.067,0.1,0.0,0.0,0.1,1.0,2.0,0.7,2.1,2.6,0.01,0.010063497811551232,518,466,28,46,568,191,551,521,521,539,539,403,1,55,21,89,9,538,2023-24,Regular Season,Defense
1630578,Alperen Sengun,Alperen,1610612745,HOU,21.0,63,29,34,0.46,32.5,113.2,6.4,0.193,0.281,1.2,0.241,0.7,0.277,9.3,9.2,7.3,31.8,0.097,0.09658678392853673,191,213,446,351,66,310,23,82,91,40,140,85,138,428,509,379,474,86,2023-24,Regular Season,Defense
1641735,Amari Bailey,Amari,1610612766,CHA,20.0,10,1,9,0.1,6.5,106.0,0.3,0.041,0.064,0.3,0.273,0.0,0.0,2.8,2.6,1.6,5.6,0.033,0.033117908825181855,493,538,118,554,499,82,544,549,549,418,84,520,520,94,107,60,65,424,2023-24,Regular Season,Defense
1641708,Amen Thompson,Amen,1610612745,HOU,21.0,62,30,32,0.484,22.4,109.3,4.2,0.184,0.27,1.3,0.284,0.6,0.253,7.3,5.9,6.2,23.1,0.095,0.09505368459848286,200,201,425,331,214,140,86,96,104,30,74,121,158,330,331,332,355,90,2023-24,Regular Season,Defense
1629599,Amir Coffey,Amir,1610612746,LAC,27.0,70,46,24,0.657,20.9,118.0,1.7,0.08,0.125,0.6,0.186,0.2,0.09,7.7,6.1,7.4,23.7,0.034,0.03448497510877328,128,52,282,92,235,502,347,485,471,262,299,354,422,349,345,380,361,413,2023-24,Regular Season,Defense
203083,Andre Drummond,Andre,1610612741,CHI,30.0,79,37,42,0.468,17.1,113.3,5.6,0.331,0.49,0.9,0.329,0.6,0.316,5.6,4.8,4.5,15.3,0.051,0.05113728261044344,30,139,515,346,295,315,43,2,2,110,39,122,116,253,268,235,236,294,2023-24,Regular Season,Defense
1641748,Andre Jackson Jr.,Andre,1610612749,MIL,22.0,57,33,24,0.579,10.0,119.6,1.2,0.127,0.188,0.3,0.208,0.1,0.109,3.4,3.1,2.8,11.2,0.012,0.011955788430140989,241,173,282,210,444,533,424,246,256,427,221,453,385,114,146,118,150,535,2023-24,Regular Season,Defense
1641847,Andrew Funk,Andrew,1610612741,CHI,24.0,5,3,2,0.6,2.7,93.3,0.0,0.0,0.0,0.2,0.5,0.2,0.25,1.0,1.8,0.0,1.2,0.026,0.02561453521695553,536,489,28,170,560,16,557,557,557,467,3,354,162,19,62,1,5,474,2023-24,Regular Season,Defense
1629614,Andrew Nembhard,Andrew,1610612754,IND,24.0,68,41,27,0.603,25.0,114.0,1.5,0.06,0.093,0.9,0.23,0.1,0.028,8.0,7.4,6.8,28.4,0.069,0.06899796448670169,148,97,344,167,184,348,373,531,534,108,163,473,512,365,409,359,430,200,2023-24,Regular Season,Defense
203952,Andrew Wiggins,Andrew,1610612744,GSW,29.0,71,38,33,0.535,27.0,116.3,3.0,0.105,0.158,0.6,0.175,0.6,0.229,10.4,8.3,8.4,28.2,0.058,0.05764460175881419,118,124,437,279,143,461,175,355,352,256,331,135,187,493,461,442,425,266,2023-24,Regular Season,Defense
1629014,Anfernee Simons,Anfernee,1610612757,POR,25.0,46,11,35,0.239,34.4,120.5,3.2,0.097,0.148,0.5,0.095,0.1,0.042,14.0,9.8,12.1,39.2,0.032,0.03168057631772634,315,392,461,495,29,540,165,399,392,314,523,450,495,571,536,567,561,431,2023-24,Regular Season,Defense
1641710,Anthony Black,Anthony,1610612753,ORL,20.0,69,39,30,0.565,16.9,108.9,1.5,0.093,0.136,0.5,0.18,0.3,0.137,6.6,4.0,5.8,17.4,0.073,0.0729485126219298,138,117,395,236,298,124,374,425,433,311,319,280,328,303,206,311,279,183,2023-24,Regular Season,Defense
203076,Anthony Davis,Anthony,1610612747,LAL,31.0,76,45,31,0.592,35.5,114.0,9.5,0.252,0.366,1.2,0.219,2.3,0.525,12.0,10.6,11.6,36.4,0.099,0.0988279003770363,61,66,406,184,14,350,3,19,20,42,193,4,31,547,562,563,543,78,2023-24,Regular Season,Defense
1630162,Anthony Edwards,Anthony,1610612750,MIN,22.0,79,54,25,0.684,35.1,108.5,4.8,0.131,0.191,1.3,0.224,0.5,0.115,12.0,9.1,9.7,33.7,0.152,0.1521064755610261,30,18,311,67,22,117,64,230,249,28,175,155,371,548,499,512,510,4,2023-24,Regular Season,Defense
1630264,Anthony Gill,Anthony,1610612764,WAS,31.0,50,9,41,0.18,9.3,112.1,1.1,0.117,0.184,0.3,0.188,0.2,0.244,3.1,3.0,2.1,9.4,0.031,0.03105089098720846,291,412,507,526,454,264,434,292,265,441,288,342,174,101,140,87,105,439,2023-24,Regular Season,Defense
1629717,Armoni Brooks,Armoni,1610612751,BKN,26.0,10,3,7,0.3,10.4,114.0,1.1,0.098,0.153,0.1,0.077,0.1,0.143,2.3,3.9,2.1,9.0,0.029,0.028968369241837405,493,489,93,452,435,355,440,395,372,518,532,459,313,70,197,85,98,450,2023-24,Regular Season,Defense
1630204,Ashton Hagans,Ashton,1610612757,POR,24.0,19,3,16,0.158,16.6,106.5,1.6,0.101,0.16,0.6,0.234,0.5,0.257,6.2,4.2,4.5,14.9,0.08,0.07990486928914295,446,489,184,536,310,85,355,381,346,268,155,182,152,290,215,234,227,150,2023-24,Regular Season,Defense
1641709,Ausar Thompson,Ausar,1610612765,DET,21.0,63,10,53,0.159,25.1,113.1,4.3,0.173,0.252,1.1,0.318,0.9,0.331,9.8,6.9,7.7,26.3,0.077,0.07739288534577526,191,403,555,535,180,305,78,117,131,63,45,44,109,455,383,398,395,164,2023-24,Regular Season,Defense
1630559,Austin Reaves,Austin,1610612747,LAL,26.0,82,47,35,0.573,32.1,115.6,3.6,0.107,0.157,0.8,0.175,0.3,0.082,11.1,9.4,10.9,34.0,0.074,0.073879185526085,2,45,461,222,73,435,127,342,356,163,330,279,438,522,519,549,511,175,2023-24,Regular Season,Defense
1630245,Ayo Dosunmu,Ayo,1610612741,CHI,24.0,76,37,39,0.487,29.1,114.9,2.1,0.072,0.108,0.9,0.199,0.5,0.158,9.4,8.4,8.0,27.7,0.074,0.0736213295806784,61,139,497,329,114,401,298,512,510,128,256,182,291,432,464,425,420,175,2023-24,Regular Season,Defense
1628389,Bam Adebayo,Bam,1610612748,MIA,26.0,71,40,31,0.563,34.0,109.3,8.1,0.242,0.349,1.1,0.2,0.9,0.373,10.5,9.5,9.4,31.9,0.14,0.1398261863640097,118,110,406,241,37,142,10,23,31,53,243,45,81,496,527,495,477,6,2023-24,Regular Season,Defense
1641767,Ben Sheppard,Ben,1610612754,IND,22.0,57,32,25,0.561,14.3,114.2,1.3,0.092,0.142,0.6,0.219,0.0,0.021,4.2,4.5,4.4,17.1,0.04,0.03979130246845593,241,183,311,246,351,359,412,429,414,268,195,513,517,171,247,233,270,366,2023-24,Regular Season,Defense
1627732,Ben Simmons,Ben,1610612751,BKN,27.0,15,7,8,0.467,23.9,113.0,5.9,0.241,0.335,0.8,0.222,0.6,0.265,8.1,5.7,8.3,25.5,0.077,0.07688495795384752,467,440,110,349,198,301,36,24,41,167,180,123,146,367,312,441,383,164,2023-24,Regular Season,Defense
1631097,Bennedict Mathurin,Bennedict,1610612754,IND,22.0,59,33,26,0.559,26.1,117.9,2.9,0.113,0.178,0.6,0.139,0.2,0.084,9.9,9.0,7.7,33.4,0.043,0.0434360538812592,225,173,332,252,165,499,184,312,282,255,447,328,436,461,495,403,504,346,2023-24,Regular Season,Defense
1641731,Bilal Coulibaly,Bilal,1610612764,WAS,19.0,63,11,52,0.175,27.2,118.4,3.2,0.116,0.188,0.9,0.191,0.8,0.257,9.9,10.0,8.8,34.6,0.041,0.04109460813168281,191,392,551,529,141,509,162,299,254,119,279,80,153,466,543,460,521,360,2023-24,Regular Season,Defense
202687,Bismack Biyombo,Bismack,1610612760,OKC,31.0,40,20,20,0.5,19.8,114.1,3.7,0.179,0.262,0.3,0.11,0.9,0.359,7.6,5.6,6.0,19.2,0.054,0.05363508982960193,349,297,237,300,251,356,121,99,111,430,498,47,94,342,307,322,303,282,2023-24,Regular Season,Defense
1631104,Blake Wesley,Blake,1610612759,SAS,21.0,61,19,42,0.311,14.4,112.4,1.2,0.084,0.125,0.5,0.22,0.1,0.092,5.0,4.3,4.3,15.8,0.047,0.04703387571102124,206,307,515,449,349,280,417,461,469,335,190,396,418,221,230,227,249,323,2023-24,Regular Season,Defense
1626246,Boban Marjanovic,Boban,1610612745,HOU,35.0,14,9,5,0.643,5.1,115.3,1.8,0.309,0.439,0.1,0.091,0.1,0.286,2.1,1.1,2.1,4.4,0.013,0.012922789979238066,475,412,64,105,518,423,336,3,5,526,524,403,129,67,32,84,47,530,2023-24,Regular Season,Defense
1626171,Bobby Portis,Bobby,1610612749,MIL,29.0,82,49,33,0.598,24.5,116.0,5.7,0.228,0.34,0.8,0.231,0.4,0.179,6.9,7.0,6.5,26.6,0.053,0.05336677142323708,2,29,437,177,191,452,40,39,36,154,161,213,254,317,389,346,398,286,2023-24,Regular Season,Defense
203992,Bogdan Bogdanović,Bogdan,1610612737,ATL,31.0,79,35,44,0.443,30.4,114.4,2.8,0.092,0.134,1.2,0.249,0.3,0.125,9.9,7.7,9.9,31.6,0.081,0.08068450673722906,30,155,528,364,94,373,215,428,445,36,124,262,352,469,427,520,471,146,2023-24,Regular Season,Defense
202711,Bojan Bogdanovic,Bojan,1610612752,NYK,35.0,57,20,37,0.351,25.9,121.3,2.3,0.092,0.136,0.5,0.174,0.1,0.042,10.4,7.4,6.9,29.9,0.018,0.01830736579624717,241,297,475,422,167,548,273,430,434,300,333,474,497,490,411,366,449,515,2023-24,Regular Season,Defense
1629626,Bol Bol,Bol,1610612756,PHX,24.0,43,28,15,0.651,10.9,108.8,2.4,0.202,0.294,0.2,0.167,0.6,0.357,4.1,3.0,3.9,9.7,0.047,0.04654127730210198,330,221,168,99,425,122,250,68,75,458,361,132,97,158,141,202,113,323,2023-24,Regular Season,Defense
1630538,Bones Hyland,Bones,1610612746,LAC,23.0,37,20,17,0.541,14.6,111.5,1.4,0.088,0.138,0.7,0.31,0.1,0.077,5.7,4.4,5.4,15.2,0.052,0.05151680044343862,368,297,199,275,344,237,403,445,428,207,53,451,447,259,241,284,234,292,2023-24,Regular Season,Defense
203078,Bradley Beal,Bradley,1610612756,PHX,31.0,53,33,20,0.623,33.3,113.2,3.4,0.099,0.146,1.0,0.184,0.5,0.141,12.8,9.6,10.7,34.9,0.101,0.10094207696440895,278,173,237,135,52,308,150,389,396,94,305,161,320,562,528,543,524,75,2023-24,Regular Season,Defense
1641764,Brandin Podziemski,Brandin,1610612744,GSW,21.0,74,41,33,0.554,26.6,111.6,4.2,0.149,0.215,0.8,0.216,0.2,0.074,9.2,7.9,7.8,26.6,0.092,0.09157028245242307,87,97,437,262,156,242,89,171,191,158,201,363,452,424,437,404,401,101,2023-24,Regular Season,Defense
1630527,Brandon Boston,Brandon,1610612746,LAC,22.0,32,17,15,0.531,10.8,118.0,1.0,0.093,0.149,0.3,0.208,0.3,0.19,4.2,4.0,3.9,13.6,0.018,0.01780154665454461,385,331,168,285,429,501,447,426,388,396,223,313,230,164,200,196,199,515,2023-24,Regular Season,Defense
1629634,Brandon Clarke,Brandon,1610612763,MEM,27.0,6,2,4,0.333,22.4,104.6,3.2,0.145,0.216,0.8,0.161,1.0,0.333,8.3,5.7,7.5,18.3,0.124,0.12392587351202118,525,511,45,432,215,64,164,183,186,150,383,39,103,378,312,388,292,25,2023-24,Regular Season,Defense
1627742,Brandon Ingram,Brandon,1610612740,NOP,26.0,64,38,26,0.594,32.9,112.6,4.4,0.133,0.189,0.8,0.149,0.6,0.188,10.8,8.7,9.5,32.2,0.104,0.1039539922539903,185,124,332,181,57,289,77,220,253,177,422,114,238,510,481,506,483,66,2023-24,Regular Season,Defense
1641706,Brandon Miller,Brandon,1610612766,CHA,21.0,74,18,56,0.243,32.2,119.1,3.4,0.112,0.166,0.9,0.193,0.6,0.189,11.5,9.5,8.8,36.6,0.043,0.04277379111937294,87,316,563,491,71,521,143,315,325,131,270,139,235,536,525,464,548,346,2023-24,Regular Season,Defense
1630314,Brandon Williams,Brandon,1610612742,DAL,24.0,17,10,7,0.588,6.6,113.6,0.5,0.076,0.106,0.1,0.071,0.1,0.111,2.5,2.1,2.2,8.5,0.02,0.02013718005090679,453,403,93,191,496,329,517,500,512,532,534,498,378,76,80,94,93,505,2023-24,Regular Season,Defense
1630296,Braxton Key,Braxton,1610612743,DEN,27.0,20,14,6,0.7,3.0,103.8,0.8,0.242,0.366,0.1,0.222,0.1,0.143,1.0,0.7,0.7,2.9,0.019,0.018549905940656766,439,361,80,52,555,53,497,22,21,518,180,507,313,19,20,18,15,510,2023-24,Regular Season,Defense
1641729,Brice Sensabaugh,Brice,1610612762,UTA,20.0,32,8,24,0.25,18.3,123.5,2.7,0.151,0.225,0.4,0.181,0.2,0.105,8.1,5.3,7.7,20.0,0.001,0.0010984689715913256,385,423,282,474,273,558,221,166,170,360,318,364,390,371,291,394,317,556,2023-24,Regular Season,Defense
201572,Brook Lopez,Brook,1610612749,MIL,36.0,79,48,31,0.608,30.5,111.9,3.7,0.11,0.157,0.5,0.147,2.4,0.659,9.8,8.7,9.6,32.8,0.104,0.1038922040762896,30,36,406,160,92,252,116,325,355,287,428,3,12,456,480,509,497,66,2023-24,Regular Season,Defense
1628971,Bruce Brown,Bruce,1610612761,TOR,27.0,67,26,41,0.388,27.8,121.4,3.4,0.126,0.193,0.9,0.2,0.3,0.081,10.7,9.6,8.3,34.9,0.019,0.01878513053100191,166,241,507,398,131,549,142,254,244,137,243,311,440,504,530,437,525,510,2023-24,Regular Season,Defense
1628981,Bruno Fernando,Bruno,1610612737,ATL,25.0,45,20,25,0.444,15.2,113.9,3.0,0.201,0.311,0.6,0.236,0.6,0.491,5.9,4.1,4.6,15.4,0.042,0.04158199661715087,323,297,311,359,335,346,180,71,58,280,152,116,48,275,212,243,240,356,2023-24,Regular Season,Defense
1631121,Bryce McGowens,Bryce,1610612766,CHA,21.0,59,11,48,0.186,14.9,116.3,1.4,0.098,0.153,0.4,0.186,0.2,0.114,5.2,4.5,3.7,15.7,0.032,0.03182203271482325,225,392,539,520,339,462,390,394,371,390,296,377,372,234,244,183,247,431,2023-24,Regular Season,Defense
1631205,Buddy Boeheim,Buddy,1610612765,DET,24.0,10,0,10,0.0,8.4,104.0,0.7,0.073,0.111,0.0,0.0,0.1,0.125,2.2,2.7,3.2,8.8,0.046,0.04614330618154222,493,560,130,560,473,57,502,510,502,539,539,459,352,68,113,143,97,329,2023-24,Regular Season,Defense
1627741,Buddy Hield,Buddy,1610612755,PHI,31.0,84,46,38,0.548,25.7,115.7,2.5,0.098,0.151,0.8,0.21,0.5,0.153,8.6,7.5,7.7,30.0,0.06,0.0603741163203993,1,52,488,266,170,439,245,393,379,150,215,164,300,393,418,397,453,255,2023-24,Regular Season,Defense
203468,CJ McCollum,CJ,1610612740,NOP,32.0,66,42,24,0.636,32.7,112.2,3.7,0.116,0.164,0.9,0.173,0.6,0.192,9.9,8.3,9.0,32.1,0.107,0.10696411635110573,170,88,282,108,61,272,110,296,334,103,339,117,228,467,459,476,480,59,2023-24,Regular Season,Defense
1630595,Cade Cunningham,Cade,1610612765,DET,22.0,62,9,53,0.145,33.5,117.8,3.8,0.115,0.163,0.9,0.203,0.4,0.106,14.0,9.0,9.5,37.1,0.057,0.05672791328431854,200,412,555,541,48,495,107,303,337,121,237,244,389,570,494,503,553,269,2023-24,Regular Season,Defense
1631216,Caleb Houstan,Caleb,1610612753,ORL,21.0,59,31,28,0.525,13.8,111.2,0.9,0.067,0.101,0.3,0.143,0.1,0.047,4.8,3.8,4.3,13.9,0.049,0.04865066483636285,225,193,361,292,363,228,469,520,520,445,434,495,488,210,192,226,204,308,2023-24,Regular Season,Defense
1628997,Caleb Martin,Caleb,1610612748,MIA,28.0,64,36,28,0.563,27.4,111.1,3.2,0.119,0.174,0.7,0.186,0.5,0.25,8.4,7.5,7.0,24.8,0.098,0.09792984833224726,185,146,361,243,137,217,158,284,296,199,297,194,162,381,419,369,372,82,2023-24,Regular Season,Defense
1629629,Cam Reddish,Cam,1610612747,LAL,24.0,48,27,21,0.563,20.5,112.5,1.5,0.071,0.105,1.0,0.253,0.3,0.125,8.3,6.4,6.8,21.8,0.066,0.0664776776740931,306,231,253,243,239,286,381,517,516,95,113,287,352,377,365,360,342,217,2023-24,Regular Season,Defense
1630560,Cam Thomas,Cam,1610612751,BKN,22.0,66,23,43,0.348,31.4,116.7,2.8,0.089,0.135,0.7,0.16,0.2,0.072,10.2,9.0,11.2,33.0,0.064,0.06391513745118044,170,270,525,425,84,470,207,439,440,219,392,326,457,484,498,554,498,234,2023-24,Regular Season,Defense
1641715,Cam Whitmore,Cam,1610612745,HOU,19.0,47,19,28,0.404,18.7,111.6,2.9,0.148,0.221,0.6,0.185,0.4,0.177,6.1,5.3,5.5,19.1,0.067,0.06714224043186537,312,307,361,384,265,241,193,174,176,237,301,241,256,280,289,291,301,209,2023-24,Regular Season,Defense
1629661,Cameron Johnson,Cameron,1610612751,BKN,28.0,58,21,37,0.362,27.6,114.9,3.4,0.124,0.184,0.8,0.224,0.3,0.085,7.9,8.2,8.7,27.4,0.069,0.06926265945457387,232,289,475,416,136,400,147,262,268,144,176,309,434,359,451,457,417,200,2023-24,Regular Season,Defense
1626166,Cameron Payne,Cameron,1610612755,PHI,29.0,78,46,32,0.59,16.7,113.2,1.2,0.073,0.111,0.5,0.211,0.1,0.076,4.9,4.9,4.7,17.5,0.051,0.05126612096696776,43,52,425,189,305,307,423,509,505,293,211,408,450,214,272,245,280,294,2023-24,Regular Season,Defense
1627747,Caris LeVert,Caris,1610612739,CLE,29.0,68,38,30,0.559,28.8,111.2,3.5,0.121,0.182,1.1,0.256,0.5,0.166,9.7,8.2,8.4,27.8,0.105,0.10461643927358047,148,124,395,253,118,225,136,276,271,57,109,164,279,451,449,443,421,63,2023-24,Regular Season,Defense
1641717,Cason Wallace,Cason,1610612760,OKC,20.0,82,57,25,0.695,20.6,110.0,1.6,0.077,0.121,0.9,0.224,0.5,0.163,6.8,6.7,4.9,21.2,0.081,0.08110311602926469,2,4,311,60,237,169,353,497,482,107,177,195,281,315,376,257,334,146,2023-24,Regular Season,Defense
1626224,Cedi Osman,Cedi,1610612759,SAS,29.0,72,17,55,0.236,17.6,119.2,2.2,0.122,0.185,0.5,0.199,0.2,0.071,6.7,5.6,5.6,19.7,0.023,0.023145250889923183,108,331,560,497,281,526,294,271,262,314,255,391,458,313,310,298,311,488,2023-24,Regular Season,Defense
1629646,Charles Bassey,Charles,1610612759,SAS,23.0,19,3,16,0.158,10.8,116.7,2.8,0.265,0.396,0.4,0.25,0.9,0.607,4.7,3.3,5.1,11.2,0.022,0.022161050903566445,446,489,184,536,428,471,212,15,11,352,115,52,14,201,161,269,148,495,2023-24,Regular Season,Defense
1629718,Charlie Brown Jr.,Charlie,1610612752,NYK,27.0,8,2,6,0.25,4.7,105.1,0.1,0.027,0.038,0.0,0.0,0.3,0.4,1.8,0.5,0.8,3.0,0.026,0.025727278952724544,510,511,80,474,524,71,554,554,554,539,539,313,72,46,13,20,16,474,2023-24,Regular Season,Defense
1631096,Chet Holmgren,Chet,1610612760,OKC,22.0,82,57,25,0.695,29.4,109.2,6.3,0.198,0.307,0.6,0.133,2.3,0.509,8.2,10.0,7.4,28.3,0.124,0.1239615915677022,2,4,311,60,108,137,25,77,62,235,463,5,36,375,542,383,428,25,2023-24,Regular Season,Defense
1629002,Chimezie Metu,Chimezie,1610612765,DET,27.0,51,24,27,0.471,16.8,112.0,3.0,0.177,0.267,0.8,0.295,0.3,0.203,6.6,4.8,5.2,17.5,0.056,0.05569642029717408,284,257,344,342,302,257,175,107,107,145,67,271,215,307,266,277,281,274,2023-24,Regular Season,Defense
1628449,Chris Boucher,Chris,1610612761,TOR,31.0,50,16,34,0.32,14.1,113.6,2.9,0.202,0.309,0.3,0.125,0.5,0.343,4.3,4.8,4.1,14.1,0.04,0.04027388659890847,291,343,446,446,355,331,191,67,59,428,476,176,100,176,267,212,209,366,2023-24,Regular Season,Defense
1630537,Chris Duarte,Chris,1610612758,SAC,27.0,59,35,24,0.593,12.2,113.5,1.4,0.113,0.166,0.5,0.246,0.1,0.138,4.8,2.9,3.0,12.3,0.036,0.03577855534949055,225,155,282,182,394,322,401,311,326,336,129,417,327,208,123,132,171,392,2023-24,Regular Season,Defense
1641753,Chris Livingston,Chris,1610612749,MIL,20.0,21,13,8,0.619,4.3,116.8,0.9,0.222,0.295,0.1,0.143,0.0,0.0,2.5,1.2,1.2,3.8,0.009,0.008697537402414359,435,377,110,140,528,474,481,43,72,522,434,520,520,80,42,41,36,540,2023-24,Regular Season,Defense
101108,Chris Paul,Chris,1610612744,GSW,39.0,58,33,25,0.569,26.4,111.0,3.6,0.126,0.193,1.2,0.293,0.1,0.046,8.8,8.2,6.9,26.0,0.095,0.09485513836371832,232,173,311,229,159,213,130,249,245,39,68,456,489,402,450,367,388,90,2023-24,Regular Season,Defense
1631128,Christian Braun,Christian,1610612743,DEN,23.0,82,57,25,0.695,20.2,109.3,2.8,0.126,0.195,0.5,0.171,0.4,0.158,6.8,6.3,4.8,20.0,0.084,0.08440587859944408,2,4,311,60,243,141,216,256,238,310,343,203,292,316,355,252,319,131,2023-24,Regular Season,Defense
1626174,Christian Wood,Christian,1610612747,LAL,28.0,50,28,22,0.56,17.4,109.9,4.3,0.226,0.33,0.3,0.131,0.7,0.3,6.6,5.3,6.0,17.1,0.069,0.06877843541841293,291,221,262,250,284,162,81,41,45,408,466,102,122,306,288,321,273,200,2023-24,Regular Season,Defense
1629643,Chuma Okeke,Chuma,1610612753,ORL,25.0,47,24,23,0.511,9.2,106.8,1.3,0.145,0.208,0.2,0.15,0.1,0.156,3.8,2.0,2.8,9.5,0.044,0.04426625170470301,312,257,272,298,458,90,410,184,206,476,418,395,295,141,71,113,107,338,2023-24,Regular Season,Defense
203991,Clint Capela,Clint,1610612737,ATL,30.0,73,33,40,0.452,25.8,115.6,6.0,0.232,0.335,0.6,0.15,1.5,0.564,8.5,7.2,9.4,28.5,0.06,0.060366264794023815,99,173,501,356,169,433,32,35,40,259,421,16,22,385,397,498,431,255,2023-24,Regular Season,Defense
1629632,Coby White,Coby,1610612741,CHI,24.0,79,37,42,0.468,36.5,115.8,4.0,0.11,0.162,0.7,0.125,0.2,0.068,11.5,10.4,9.8,34.5,0.083,0.08277346963650926,30,139,515,346,7,441,98,330,338,222,475,334,463,537,558,518,518,136,2023-24,Regular Season,Defense
1628998,Cody Martin,Cody,1610612766,CHA,28.0,28,7,21,0.25,26.9,117.0,3.2,0.124,0.179,1.1,0.299,0.6,0.254,8.6,7.3,7.2,28.6,0.051,0.051343476870366105,399,440,253,474,150,478,161,263,277,52,62,108,156,390,404,374,434,294,2023-24,Regular Season,Defense
203469,Cody Zeller,Cody,1610612740,NOP,31.0,43,26,17,0.605,7.4,108.0,1.5,0.185,0.291,0.2,0.143,0.1,0.263,2.5,2.3,2.2,7.3,0.035,0.03515281714992057,330,241,199,164,483,109,387,95,80,464,434,436,148,79,90,92,83,399,2023-24,Regular Season,Defense
1641732,Colby Jones,Colby,1610612758,SAC,22.0,30,15,15,0.5,6.4,103.3,0.8,0.12,0.173,0.2,0.219,0.2,0.192,2.6,1.4,1.6,5.3,0.037,0.036942229011445275,396,347,168,300,500,49,493,278,301,457,193,381,227,84,47,60,62,385,2023-24,Regular Season,Defense
1630175,Cole Anthony,Cole,1610612753,ORL,24.0,81,47,34,0.58,22.4,110.0,3.0,0.14,0.214,0.8,0.214,0.5,0.18,7.7,5.8,6.3,21.8,0.088,0.08751612564905778,18,45,446,207,213,168,173,195,193,172,206,191,251,348,326,334,341,115,2023-24,Regular Season,Defense
1631306,Cole Swider,Cole,1610612748,MIA,25.0,18,8,10,0.444,4.8,110.0,0.3,0.075,0.105,0.1,0.111,0.1,0.2,1.8,1.6,1.1,4.6,0.019,0.01927807018447371,450,423,130,359,522,170,537,502,515,534,496,501,219,51,52,38,50,510,2023-24,Regular Season,Defense
1630658,Colin Castleton,Colin,1610612747,LAL,24.0,16,9,7,0.563,3.7,117.6,0.4,0.118,0.2,0.1,0.182,0.0,0.0,1.3,1.4,1.0,4.3,0.006,0.006414442626810718,461,412,93,243,537,491,534,287,223,508,310,520,520,31,44,27,45,548,2023-24,Regular Season,Defense
1631221,Collin Gillespie,Collin,1610612743,DEN,25.0,24,15,9,0.625,9.4,109.2,0.8,0.085,0.124,0.5,0.342,0.0,0.0,2.8,2.5,1.9,9.8,0.039,0.039455686522700775,416,347,118,128,453,138,486,458,474,291,24,520,520,89,100,75,119,375,2023-24,Regular Season,Defense
1629012,Collin Sexton,Collin,1610612762,UTA,25.0,78,29,49,0.372,26.6,120.4,1.7,0.064,0.096,0.8,0.207,0.2,0.08,10.7,7.4,10.2,28.5,0.025,0.02506240419720328,43,213,543,411,155,539,345,526,530,171,224,331,444,505,410,533,432,480,2023-24,Regular Season,Defense
1630557,Corey Kispert,Corey,1610612764,WAS,25.0,80,15,65,0.188,25.8,119.4,2.4,0.091,0.141,0.5,0.134,0.2,0.085,10.0,8.7,8.0,31.0,0.032,0.031672489210408064,23,347,572,517,168,529,251,434,418,302,459,354,432,472,483,424,465,431,2023-24,Regular Season,Defense
202709,Cory Joseph,Cory,1610612744,GSW,32.0,26,10,16,0.385,11.4,117.2,0.9,0.083,0.117,0.2,0.1,0.1,0.1,3.9,2.8,3.2,11.7,0.021,0.02133097420656516,406,403,184,400,412,485,470,468,493,499,509,439,400,148,121,139,156,497,2023-24,Regular Season,Defense
1641854,Craig Porter Jr.,Craig,1610612739,CLE,24.0,51,30,21,0.588,12.7,113.4,1.7,0.138,0.193,0.4,0.273,0.3,0.254,5.3,2.8,3.6,12.0,0.037,0.03723473660686624,284,201,253,191,382,317,344,204,242,356,84,283,155,240,120,179,161,385,2023-24,Regular Season,Defense
1626156,D'Angelo Russell,D'Angelo,1610612747,LAL,28.0,76,46,30,0.605,32.7,113.9,2.7,0.079,0.116,0.9,0.181,0.5,0.12,10.3,10.4,10.6,35.8,0.092,0.09211745333643143,61,52,395,161,62,344,218,490,494,116,317,182,365,488,557,541,537,101,2023-24,Regular Season,Defense
1641793,D'Moi Hodge,D'Moi,1610612747,LAL,25.0,7,1,6,0.143,5.9,130.6,0.0,0.0,0.0,0.1,0.143,0.1,0.25,4.0,3.1,0.9,7.1,-0.011,-0.011222042541325177,518,538,80,542,504,564,557,557,557,503,434,403,162,151,148,25,79,568,2023-24,Regular Season,Defense
1630618,D.J. Carton,D.J.,1610612761,TOR,23.0,4,2,2,0.5,8.9,122.8,0.5,0.043,0.095,0.3,0.2,0.0,0.0,3.5,7.5,0.5,10.5,0.002,0.0024932017028409625,542,511,28,300,464,556,519,546,533,446,243,520,520,120,414,16,135,553,2023-24,Regular Season,Defense
1628391,D.J. Wilson,D.J.,1610612753,ORL,28.0,2,1,1,0.5,7.7,117.2,0.5,0.071,0.111,0.0,0.0,1.0,1.0,1.0,2.0,1.0,10.0,0.013,0.01312827892216763,555,538,14,300,478,486,519,516,502,539,539,39,1,19,72,27,122,530,2023-24,Regular Season,Defense
1629610,DaQuan Jeffries,DaQuan,1610612752,NYK,26.0,17,11,6,0.647,2.7,95.0,0.3,0.096,0.132,0.0,0.0,0.1,0.25,0.9,0.8,0.1,1.8,0.024,0.023981842773584946,453,392,80,103,559,18,545,401,454,539,539,498,162,16,26,13,6,483,2023-24,Regular Season,Defense
1630227,Daishen Nix,Daishen,1610612750,MIN,22.0,15,11,4,0.733,3.3,99.1,0.1,0.043,0.067,0.3,0.333,0.0,0.0,0.6,1.1,1.3,3.6,0.026,0.026253438902215397,467,392,45,41,547,31,552,546,546,398,29,520,520,10,37,48,32,474,2023-24,Regular Season,Defense
1630625,Dalano Banton,Dalano,1610612757,POR,24.0,54,24,30,0.444,19.4,114.7,2.5,0.13,0.197,0.6,0.214,0.4,0.202,7.8,5.6,6.8,19.9,0.05,0.05019851252456774,271,257,395,359,259,389,241,232,232,249,204,236,216,356,306,363,316,302,2023-24,Regular Season,Defense
1631207,Dalen Terry,Dalen,1610612741,CHI,21.0,59,27,32,0.458,11.5,110.7,1.4,0.124,0.176,0.5,0.223,0.3,0.254,3.7,3.0,3.1,9.8,0.043,0.043439673492365834,225,231,425,352,407,202,394,264,288,342,179,278,156,133,133,137,118,346,2023-24,Regular Season,Defense
1627745,Damian Jones,Damian,1610612739,CLE,29.0,39,24,15,0.615,6.9,112.6,1.1,0.167,0.237,0.2,0.25,0.3,0.591,3.2,1.8,2.4,5.7,0.021,0.021320221197648936,355,257,168,151,494,292,442,131,146,481,115,256,17,102,59,98,66,497,2023-24,Regular Season,Defense
203081,Damian Lillard,Damian,1610612749,MIL,33.0,73,48,25,0.658,35.3,112.4,3.9,0.102,0.147,1.0,0.207,0.2,0.064,11.1,9.8,10.8,38.2,0.115,0.11497516756555386,99,36,311,91,18,282,102,377,393,90,225,323,470,526,539,544,558,42,2023-24,Regular Season,Defense
1629655,Daniel Gafford,Daniel,1610612742,DAL,25.0,74,30,44,0.405,24.5,116.0,5.0,0.186,0.293,0.9,0.228,2.1,0.577,7.8,8.7,7.8,27.2,0.055,0.05500795070566259,87,201,528,383,190,451,55,93,76,138,167,7,19,353,479,407,412,278,2023-24,Regular Season,Defense
1628464,Daniel Theis,Daniel,1610612746,LAC,32.0,60,38,22,0.633,16.9,113.2,2.7,0.15,0.238,0.4,0.127,0.9,0.392,5.3,5.4,5.6,18.3,0.051,0.05131489359572154,215,124,262,117,297,312,227,169,143,393,473,60,74,238,295,299,292,294,2023-24,Regular Season,Defense
201568,Danilo Gallinari,Danilo,1610612749,MIL,35.0,49,15,34,0.306,12.8,117.5,1.8,0.146,0.218,0.3,0.167,0.1,0.15,4.1,4.0,2.9,14.7,0.023,0.022667060638758507,302,347,446,450,379,489,334,181,180,423,361,429,305,162,202,122,218,488,2023-24,Regular Season,Defense
201980,Danny Green,Danny,1610612755,PHI,37.0,2,1,1,0.5,9.2,120.5,1.0,0.111,0.154,0.5,0.5,0.0,0.0,4.0,2.5,2.5,9.0,0.009,0.008655713344393622,555,538,14,300,457,541,449,317,367,314,3,520,520,151,101,101,98,540,2023-24,Regular Season,Defense
203957,Dante Exum,Dante,1610612742,DAL,28.0,55,36,19,0.655,19.8,110.5,2.3,0.108,0.16,0.4,0.158,0.1,0.045,5.2,5.6,5.8,19.9,0.075,0.07516442466798673,258,146,226,95,255,187,279,341,343,363,396,468,490,236,303,312,314,172,2023-24,Regular Season,Defense
1627863,Danuel House Jr.,Danuel,1610612755,PHI,31.0,34,21,13,0.618,15.0,107.7,1.2,0.081,0.122,0.4,0.138,0.1,0.106,4.2,4.2,6.1,15.1,0.071,0.07076038162850413,375,289,152,142,338,102,421,478,476,348,449,397,388,173,225,323,231,194,2023-24,Regular Season,Defense
203967,Dario Saric,Dario,1610612744,GSW,30.0,64,35,29,0.547,17.2,115.3,3.3,0.192,0.28,0.5,0.193,0.2,0.13,6.4,4.3,5.0,18.3,0.041,0.040830126276249934,185,155,381,269,294,424,157,84,93,330,272,387,346,296,234,264,290,360,2023-24,Regular Season,Defense
1641727,Dariq Whitehead,Dariq,1610612751,BKN,19.0,2,1,1,0.5,12.0,153.7,2.0,0.19,0.286,0.0,0.0,0.5,0.5,1.5,7.0,3.5,14.0,-0.113,-0.1131092191182662,555,538,14,300,398,571,309,86,87,539,539,164,38,38,387,163,206,572,2023-24,Regular Season,Defense
1629647,Darius Bazley,Darius,1610612762,UTA,24.0,9,2,7,0.222,16.9,125.2,2.2,0.132,0.233,0.7,0.286,0.8,0.467,4.8,6.3,6.1,21.3,-0.007,-0.007228091855227433,498,511,93,502,299,560,284,223,152,223,72,72,50,204,358,329,336,562,2023-24,Regular Season,Defense
1629636,Darius Garland,Darius,1610612739,CLE,24.0,57,31,26,0.544,33.3,111.4,2.1,0.064,0.096,1.3,0.243,0.1,0.04,12.1,9.4,9.5,31.6,0.117,0.11660774153507548,241,193,332,274,51,231,297,527,531,26,134,428,498,552,520,501,473,41,2023-24,Regular Season,Defense
1630561,David Duke Jr.,David,1610612759,SAS,24.0,4,3,1,0.75,12.8,110.9,2.0,0.14,0.205,0.5,0.333,0.0,0.0,4.0,3.5,2.8,10.5,0.047,0.047116878243791745,542,489,14,34,380,207,309,194,214,314,29,520,520,151,173,110,135,323,2023-24,Regular Season,Defense
1631223,David Roddy,David,1610612756,PHX,23.0,65,25,40,0.385,18.1,113.6,2.4,0.134,0.205,0.4,0.158,0.2,0.076,6.7,5.7,5.0,19.0,0.053,0.05294797926056903,181,247,501,400,276,330,252,218,213,354,398,378,450,310,318,265,298,286,2023-24,Regular Season,Defense
1630558,Davion Mitchell,Davion,1610612758,SAC,25.0,72,41,31,0.569,15.3,112.1,1.1,0.071,0.102,0.2,0.1,0.0,0.037,5.4,3.7,3.6,14.9,0.051,0.05051897808811712,108,97,406,227,333,262,445,515,518,456,509,509,503,242,186,170,225,294,2023-24,Regular Season,Defense
202722,Davis Bertans,Davis,1610612766,CHA,31.0,43,20,23,0.465,15.7,114.2,1.2,0.081,0.118,0.6,0.248,0.3,0.218,5.6,4.0,3.7,15.6,0.042,0.04221789784797542,330,297,272,350,325,364,430,480,488,251,126,297,200,252,207,182,243,356,2023-24,Regular Season,Defense
1630549,Day'Ron Sharpe,Day'Ron,1610612751,BKN,22.0,61,25,36,0.41,15.1,108.0,3.7,0.235,0.351,0.4,0.171,0.7,0.454,5.1,3.9,4.4,14.2,0.069,0.06913795993610863,206,247,469,378,336,108,111,33,29,370,343,86,53,229,198,232,211,200,2023-24,Regular Season,Defense
1628368,De'Aaron Fox,De'Aaron,1610612758,SAC,26.0,74,42,32,0.568,35.9,112.3,3.7,0.104,0.148,2.0,0.35,0.4,0.132,11.6,7.8,9.0,36.2,0.119,0.11859251931851772,87,88,425,232,10,278,117,364,391,2,20,211,342,539,428,473,541,36,2023-24,Regular Season,Defense
1629631,De'Andre Hunter,De'Andre,1610612737,ATL,26.0,57,26,31,0.456,29.5,117.9,3.4,0.116,0.175,0.7,0.149,0.3,0.1,10.2,8.5,9.9,32.6,0.049,0.04860335906647359,241,241,406,353,107,498,153,293,294,208,423,296,400,485,471,521,490,308,2023-24,Regular Season,Defense
1629001,De'Anthony Melton,De'Anthony,1610612755,PHI,26.0,38,25,13,0.658,26.9,112.0,3.0,0.111,0.166,1.6,0.317,0.4,0.119,8.0,6.9,8.3,29.9,0.092,0.09204355644627571,361,247,152,89,149,258,181,323,328,10,46,209,366,363,380,436,452,101,2023-24,Regular Season,Defense
201599,DeAndre Jordan,DeAndre,1610612743,DEN,35.0,36,24,12,0.667,11.0,115.9,2.9,0.237,0.38,0.2,0.143,0.4,0.32,4.5,3.4,3.5,10.7,0.024,0.024416728979091133,370,257,138,76,421,447,198,30,15,489,434,197,114,187,167,166,139,483,2023-24,Regular Season,Defense
1630610,DeJon Jarreau,DeJon,1610612763,MEM,26.0,9,2,7,0.222,16.6,107.5,4.0,0.238,0.324,0.7,0.222,0.2,0.143,5.1,3.4,6.3,14.4,0.079,0.07920117394925254,498,511,93,502,309,98,96,28,50,223,180,338,313,226,171,340,214,153,2023-24,Regular Season,Defense
201942,DeMar DeRozan,DeMar,1610612741,CHI,34.0,79,37,42,0.468,37.8,114.6,3.8,0.101,0.15,1.1,0.195,0.6,0.154,11.8,10.5,9.9,35.5,0.099,0.09924021028995206,30,139,515,346,1,384,109,383,386,54,267,138,297,543,561,522,532,78,2023-24,Regular Season,Defense
1629731,Dean Wade,Dean,1610612739,CLE,27.0,54,36,18,0.667,20.5,103.5,3.4,0.154,0.223,0.7,0.215,0.5,0.21,7.1,4.6,5.8,20.1,0.121,0.12064045237612261,271,146,215,76,238,51,152,157,173,192,203,190,209,321,254,308,321,34,2023-24,Regular Season,Defense
1629028,Deandre Ayton,Deandre,1610612757,POR,25.0,55,14,41,0.255,32.4,115.3,7.9,0.25,0.374,1.0,0.2,0.8,0.275,13.0,9.0,11.0,36.3,0.078,0.07759163041174161,258,361,507,472,68,422,12,20,17,75,243,79,142,565,496,553,542,157,2023-24,Regular Season,Defense
1627749,Dejounte Murray,Dejounte,1610612737,ATL,27.0,78,34,44,0.436,35.7,119.5,4.5,0.13,0.191,1.4,0.262,0.3,0.094,12.6,10.4,12.5,40.5,0.042,0.042351277192234124,43,165,528,368,13,531,71,236,250,13,103,274,414,559,555,569,568,356,2023-24,Regular Season,Defense
1626153,Delon Wright,Delon,1610612748,MIA,32.0,47,16,31,0.34,15.8,109.7,1.4,0.089,0.134,1.1,0.406,0.2,0.177,5.6,4.6,4.2,16.7,0.066,0.06569542964610618,312,343,406,429,321,152,393,437,444,51,12,330,255,251,255,217,263,217,2023-24,Regular Season,Defense
1630166,Deni Avdija,Deni,1610612764,WAS,23.0,75,14,61,0.187,30.1,116.2,6.1,0.192,0.293,0.8,0.169,0.5,0.163,11.1,10.2,9.5,37.2,0.066,0.06553901602591793,76,361,569,519,97,457,30,83,78,175,353,176,282,524,550,502,554,217,2023-24,Regular Season,Defense
203471,Dennis Schröder,Dennis,1610612751,BKN,30.0,80,30,50,0.375,31.1,115.4,2.5,0.082,0.121,0.8,0.183,0.2,0.071,9.7,9.0,9.3,33.1,0.074,0.07404310103085036,23,201,544,407,86,426,240,477,483,173,307,349,459,450,497,489,502,175,2023-24,Regular Season,Defense
1628372,Dennis Smith Jr.,Dennis,1610612751,BKN,26.0,56,19,37,0.339,18.9,109.9,2.0,0.108,0.166,1.2,0.376,0.2,0.133,5.9,5.2,4.9,17.6,0.075,0.0751972270812508,252,307,475,430,264,166,304,335,327,37,17,347,338,270,287,262,285,172,2023-24,Regular Season,Defense
1641726,Dereck Lively II,Dereck,1610612742,DAL,20.0,55,35,20,0.636,23.5,115.6,4.4,0.179,0.265,0.7,0.205,1.4,0.517,7.1,6.4,8.3,24.8,0.054,0.053980885812613476,258,155,237,108,200,436,76,100,108,230,233,18,33,320,364,434,370,282,2023-24,Regular Season,Defense
1631220,Dereon Seabron,Dereon,1610612740,NOP,24.0,6,3,3,0.5,9.2,92.5,1.0,0.082,0.125,0.3,0.333,0.2,0.167,4.0,2.2,1.8,8.7,0.086,0.08616866932528759,525,489,39,300,459,15,449,473,470,398,29,381,270,151,83,71,95,123,2023-24,Regular Season,Defense
1627884,Derrick Jones Jr.,Derrick,1610612742,DAL,27.0,76,47,29,0.618,23.5,112.3,2.2,0.089,0.135,0.7,0.202,0.7,0.244,7.6,6.8,7.9,24.9,0.077,0.07723276294595821,61,45,381,141,202,274,288,442,439,211,239,97,176,345,378,415,378,164,2023-24,Regular Season,Defense
201565,Derrick Rose,Derrick,1610612763,MEM,35.0,24,6,18,0.25,16.6,107.7,1.6,0.089,0.133,0.3,0.131,0.1,0.043,5.5,5.8,3.5,16.3,0.078,0.07785317259995424,416,458,215,474,307,103,366,436,447,398,466,479,494,249,327,163,257,157,2023-24,Regular Season,Defense
1628401,Derrick White,Derrick,1610612738,BOS,29.0,73,58,15,0.795,32.6,109.9,3.5,0.1,0.146,1.0,0.224,1.2,0.255,8.5,9.4,8.6,32.5,0.13,0.13005499265306503,99,3,168,20,64,163,134,388,401,77,174,22,154,387,518,452,489,14,2023-24,Regular Season,Defense
1630217,Desmond Bane,Desmond,1610612763,MEM,26.0,42,14,28,0.333,34.4,115.4,3.5,0.104,0.153,1.0,0.188,0.5,0.124,13.5,9.9,10.9,32.3,0.083,0.08274977026430519,341,361,361,432,30,427,135,365,373,74,289,158,356,568,540,548,486,136,2023-24,Regular Season,Defense
1626164,Devin Booker,Devin,1610612756,PHX,27.0,68,43,25,0.632,36.0,113.5,3.7,0.098,0.146,0.9,0.165,0.4,0.098,13.0,10.5,10.3,36.4,0.105,0.10507135348926358,148,79,311,118,8,323,115,397,398,127,374,216,407,566,559,535,544,63,2023-24,Regular Season,Defense
1630170,Devin Vassell,Devin,1610612759,SAS,23.0,68,17,51,0.25,33.1,114.6,3.4,0.102,0.15,1.1,0.203,0.3,0.078,13.5,9.7,10.1,39.5,0.086,0.08648257239021008,148,331,548,474,56,382,144,378,385,65,236,254,446,569,534,526,563,123,2023-24,Regular Season,Defense
1628984,Devonte' Graham,Devonte',1610612759,SAS,29.0,23,8,15,0.348,13.6,105.6,1.3,0.095,0.138,0.4,0.22,0.1,0.05,4.5,3.7,3.9,14.5,0.07,0.06980850899876467,420,423,168,426,367,78,405,410,427,371,191,475,486,188,189,200,215,197,2023-24,Regular Season,Defense
1641926,Dexter Dennis,Dexter,1610612742,DAL,25.0,4,1,3,0.25,7.5,100.0,2.0,0.211,0.32,0.0,0.0,0.3,0.25,3.8,3.3,5.8,12.0,0.059,0.05940867098233572,542,538,39,474,482,34,309,57,54,539,539,313,162,136,157,306,162,260,2023-24,Regular Season,Defense
1628415,Dillon Brooks,Dillon,1610612745,HOU,28.0,72,36,36,0.5,30.9,113.6,2.7,0.084,0.127,0.9,0.187,0.1,0.05,10.0,9.1,7.0,31.1,0.089,0.08892959979766146,108,146,469,300,88,332,222,463,466,132,293,411,485,471,504,368,466,112,2023-24,Regular Season,Defense
1631376,Dmytro Skapintsev,Dmytro,1610612752,NYK,26.0,2,0,2,0.0,1.1,60.0,0.0,0.0,0.0,0.0,0.0,0.0,0.0,0.0,0.0,0.0,1.0,0.023,0.022617394332121378,555,560,28,560,570,3,557,557,557,539,539,520,520,1,1,1,3,488,2023-24,Regular Season,Defense
1627734,Domantas Sabonis,Domantas,1610612758,SAC,28.0,82,46,36,0.561,35.7,115.2,10.1,0.295,0.413,0.9,0.155,0.6,0.216,12.0,7.6,8.8,36.6,0.086,0.08633692830501476,2,52,469,248,12,417,1,7,7,123,407,130,203,548,421,459,549,123,2023-24,Regular Season,Defense
1631230,Dominick Barlow,Dominick,1610612759,SAS,21.0,33,7,26,0.212,12.7,117.8,2.1,0.167,0.252,0.4,0.182,0.4,0.318,3.3,4.5,3.4,15.3,0.021,0.02104493771854165,380,440,332,508,383,496,303,130,130,383,310,205,115,109,246,155,235,497,2023-24,Regular Season,Defense
1628378,Donovan Mitchell,Donovan,1610612739,CLE,27.0,55,36,19,0.655,35.3,108.6,4.3,0.116,0.17,1.8,0.304,0.5,0.147,11.8,9.7,10.2,34.2,0.154,0.15396191074118748,258,146,226,95,19,120,83,295,314,4,56,149,310,545,532,534,514,3,2023-24,Regular Season,Defense
1628978,Donte DiVincenzo,Donte,1610612752,NYK,27.0,81,50,31,0.617,29.1,114.2,2.9,0.102,0.151,1.3,0.279,0.4,0.173,9.2,7.6,8.5,28.7,0.079,0.07934438857937474,18,28,406,147,112,366,194,373,382,24,79,197,259,422,423,450,435,153,2023-24,Regular Season,Defense
1627827,Dorian Finney-Smith,Dorian,1610612751,BKN,31.0,68,28,40,0.412,28.4,113.2,3.1,0.107,0.159,0.8,0.208,0.6,0.193,8.6,8.0,8.4,29.1,0.085,0.0854600250953536,148,221,501,375,122,313,170,346,347,159,220,143,226,395,442,443,441,126,2023-24,Regular Season,Defense
203926,Doug McDermott,Doug,1610612754,IND,32.0,64,22,42,0.344,14.1,120.9,0.8,0.054,0.082,0.3,0.129,0.0,0.019,4.7,4.7,4.2,15.6,0.011,0.011310512142820951,185,276,515,428,354,544,494,540,539,446,471,515,518,198,260,220,242,537,2023-24,Regular Season,Defense
203110,Draymond Green,Draymond,1610612744,GSW,34.0,55,33,22,0.6,27.1,110.7,5.9,0.2,0.288,1.0,0.247,0.9,0.311,9.5,6.9,8.6,26.2,0.103,0.10322199339149092,258,173,262,170,142,201,37,73,85,80,127,59,117,436,382,455,392,69,2023-24,Regular Season,Defense
1629234,Drew Eubanks,Drew,1610612756,PHX,27.0,75,42,33,0.56,15.6,112.3,2.9,0.176,0.279,0.4,0.159,0.8,0.37,5.9,5.1,5.1,15.2,0.051,0.05067640544828423,76,88,437,250,328,277,188,109,94,386,395,66,84,269,280,272,232,294,2023-24,Regular Season,Defense
1641809,Drew Peterson,Drew,1610612738,BOS,24.0,3,3,0,1.0,7.6,116.0,0.3,0.042,0.067,0.7,0.4,0.0,0.0,0.7,3.3,2.0,10.7,0.018,0.017866389245244602,549,489,1,1,480,450,537,548,546,223,14,520,520,11,164,78,139,515,2023-24,Regular Season,Defense
1630696,Dru Smith,Dru,1610612748,MIA,26.0,9,7,2,0.778,14.5,112.5,0.9,0.058,0.099,1.0,0.346,0.3,0.231,4.9,5.4,4.0,13.3,0.048,0.0480092464845993,498,440,28,25,345,285,475,533,524,80,22,256,184,215,298,204,194,318,2023-24,Regular Season,Defense
1629130,Duncan Robinson,Duncan,1610612748,MIA,30.0,68,38,30,0.559,28.0,111.0,2.3,0.084,0.121,0.7,0.159,0.2,0.108,9.1,7.6,7.7,26.7,0.102,0.10213016661415143,148,124,395,253,128,214,266,462,479,220,393,329,386,418,420,395,402,71,2023-24,Regular Season,Defense
1641871,Duop Reath,Duop,1610612757,POR,28.0,68,17,51,0.25,17.9,116.8,2.3,0.138,0.217,0.5,0.171,0.6,0.388,6.4,5.6,6.4,19.8,0.035,0.03547625941742196,148,331,548,474,279,472,268,205,181,329,348,143,75,298,305,341,312,399,2023-24,Regular Season,Defense
203939,Dwight Powell,Dwight,1610612742,DAL,32.0,63,38,25,0.603,13.3,114.4,1.9,0.139,0.214,0.4,0.205,0.3,0.377,4.2,4.3,4.3,14.0,0.036,0.035889232067219314,191,124,311,166,371,372,326,201,194,355,231,268,78,170,235,229,208,392,2023-24,Regular Season,Defense
1629685,Dylan Windler,Dylan,1610612737,ATL,27.0,17,9,8,0.529,6.4,112.1,0.8,0.109,0.173,0.1,0.133,0.0,0.0,2.1,2.1,2.1,7.2,0.021,0.02146381260128364,453,412,110,287,501,260,495,333,300,511,460,520,520,66,78,86,80,497,2023-24,Regular Season,Defense
1630700,Dyson Daniels,Dyson,1610612740,NOP,21.0,61,34,27,0.557,22.3,111.7,2.9,0.126,0.19,1.4,0.341,0.4,0.202,7.3,6.4,5.9,21.5,0.078,0.07753421231683276,206,165,344,257,217,245,200,253,251,17,26,217,217,325,366,317,338,157,2023-24,Regular Season,Defense
1630604,E.J. Liddell,E.J.,1610612740,NOP,23.0,8,3,5,0.375,2.9,109.8,0.6,0.217,0.357,0.3,0.333,0.3,0.667,1.4,1.4,0.8,3.3,0.012,0.012238196204839052,510,489,64,407,557,160,510,53,26,446,29,313,11,34,44,20,21,535,2023-24,Regular Season,Defense
1641734,Emoni Bates,Emoni,1610612739,CLE,20.0,15,8,7,0.533,8.9,124.0,0.9,0.11,0.181,0.1,0.059,0.1,0.222,4.3,2.7,3.4,7.6,-0.001,-0.0006931785725562946,467,423,93,280,465,559,480,328,276,529,536,418,194,179,115,156,86,559,2023-24,Regular Season,Defense
201569,Eric Gordon,Eric,1610612756,PHX,35.0,68,41,27,0.603,27.8,112.2,1.6,0.052,0.08,1.0,0.221,0.4,0.118,10.8,8.6,8.1,29.1,0.093,0.09257527355190019,148,97,344,167,132,268,369,542,541,97,187,199,368,512,476,428,441,98,2023-24,Regular Season,Defense
1630647,Eugene Omoruyi,Eugene,1610612764,WAS,27.0,43,5,38,0.116,9.1,114.2,1.2,0.13,0.217,0.6,0.303,0.1,0.122,4.4,2.8,3.3,10.1,0.026,0.026272920171710703,330,466,488,552,460,360,433,238,182,242,57,436,362,184,119,148,126,474,2023-24,Regular Season,Defense
203095,Evan Fournier,Evan,1610612765,DET,31.0,32,8,24,0.25,18.1,109.9,1.7,0.088,0.133,0.9,0.271,0.2,0.132,7.7,5.3,5.3,19.4,0.071,0.07114489987884144,385,423,282,474,275,165,352,443,449,118,89,344,341,350,291,283,307,194,2023-24,Regular Season,Defense
1630596,Evan Mobley,Evan,1610612739,CLE,23.0,50,29,21,0.58,30.6,110.1,7.1,0.221,0.328,0.9,0.186,1.4,0.45,11.0,8.8,9.2,29.2,0.122,0.12223854567042026,291,213,253,208,89,172,18,46,46,124,295,17,54,519,488,487,443,29,2023-24,Regular Season,Defense
1630196,Filip Petrusev,Filip,1610612755,PHI,24.0,3,2,1,0.667,3.1,80.0,0.3,0.083,0.111,0.0,0.0,0.0,0.0,0.7,0.7,0.0,2.7,0.04,0.040452039851595255,549,511,14,76,549,6,537,466,502,539,539,520,520,11,19,1,10,366,2023-24,Regular Season,Defense
1628373,Frank Ntilikina,Frank,1610612766,CHA,25.0,5,0,5,0.0,8.6,121.1,1.0,0.111,0.156,0.0,0.0,0.0,0.0,2.6,2.6,1.6,10.4,0.007,0.006518165890172142,536,560,64,560,466,547,449,317,360,539,539,520,520,82,107,60,133,546,2023-24,Regular Season,Defense
1630532,Franz Wagner,Franz,1610612753,ORL,22.0,72,44,28,0.611,32.5,108.2,4.3,0.137,0.196,1.1,0.19,0.4,0.113,10.1,7.5,9.8,31.1,0.144,0.14421888558892604,108,72,361,158,67,113,82,211,233,68,280,226,373,481,414,515,467,5,2023-24,Regular Season,Defense
1627832,Fred VanVleet,Fred,1610612745,HOU,30.0,73,38,35,0.521,36.8,111.6,3.4,0.089,0.132,1.4,0.239,0.8,0.237,11.0,10.0,7.8,36.4,0.126,0.12609265824424376,99,124,461,295,6,240,151,440,456,18,146,67,183,516,544,408,545,24,2023-24,Regular Season,Defense
1627788,Furkan Korkmaz,Furkan,1610612755,PHI,26.0,35,22,13,0.629,8.6,110.2,0.7,0.087,0.142,0.4,0.212,0.1,0.107,2.7,2.7,2.6,9.5,0.035,0.03494954453624894,373,276,152,123,468,173,499,451,415,363,208,478,387,88,114,107,108,399,2023-24,Regular Season,Defense
1641713,GG Jackson,GG,1610612763,MEM,19.0,48,14,34,0.292,25.7,111.4,3.0,0.114,0.177,0.6,0.122,0.5,0.16,10.8,7.7,9.2,27.1,0.091,0.09125500365280964,306,361,446,457,171,230,179,308,287,264,483,164,286,513,425,484,410,105,2023-24,Regular Season,Defense
1629216,Gabe Vincent,Gabe,1610612747,LAL,28.0,11,7,4,0.636,19.8,103.0,0.5,0.022,0.031,0.8,0.2,0.0,0.0,7.3,5.9,5.6,15.6,0.119,0.1190251813431777,485,440,45,108,252,47,528,555,555,160,243,520,520,326,332,301,245,36,2023-24,Regular Season,Defense
202066,Garrett Temple,Garrett,1610612761,TOR,38.0,27,5,22,0.185,10.7,113.4,1.0,0.093,0.146,0.4,0.226,0.1,0.143,4.8,4.2,3.9,11.6,0.032,0.03175814844787001,404,466,262,522,431,318,449,421,400,346,171,444,313,211,221,201,153,431,2023-24,Regular Season,Defense
1629726,Garrison Mathews,Garrison,1610612737,ATL,27.0,66,29,37,0.439,15.0,115.8,1.1,0.079,0.12,0.3,0.133,0.1,0.11,5.6,4.0,5.0,15.5,0.034,0.034098505731479316,170,213,475,366,337,443,435,489,484,416,460,431,383,255,201,263,241,413,2023-24,Regular Season,Defense
203914,Gary Harris,Gary,1610612753,ORL,29.0,54,35,19,0.648,24.0,110.3,1.2,0.055,0.079,0.9,0.22,0.3,0.103,7.5,6.6,6.7,23.7,0.093,0.09283200447973156,271,155,226,102,196,177,419,539,542,117,189,308,395,340,375,352,360,98,2023-24,Regular Season,Defense
1627780,Gary Payton II,Gary,1610612744,GSW,31.0,44,27,17,0.614,15.5,108.9,1.5,0.097,0.142,0.9,0.273,0.4,0.243,5.4,3.7,4.6,15.2,0.067,0.06721118527435282,326,231,199,155,330,126,376,400,416,134,84,218,177,243,187,239,233,209,2023-24,Regular Season,Defense
1629018,Gary Trent Jr.,Gary,1610612761,TOR,25.0,71,24,47,0.338,28.1,118.2,2.3,0.083,0.128,1.1,0.243,0.1,0.053,9.6,9.4,8.3,32.7,0.044,0.04400176739636543,118,257,534,431,127,505,271,470,460,62,136,409,482,445,515,439,495,338,2023-24,Regular Season,Defense
1627777,Georges Niang,Georges,1610612739,CLE,31.0,82,48,34,0.585,22.3,113.9,3.1,0.138,0.206,0.4,0.121,0.2,0.102,8.0,6.4,6.8,21.9,0.063,0.06299680046997129,2,36,446,199,216,343,168,208,212,380,484,343,399,364,360,358,344,239,2023-24,Regular Season,Defense
203507,Giannis Antetokounmpo,Giannis,1610612749,MIL,29.0,73,45,28,0.616,35.2,113.2,8.8,0.237,0.343,1.2,0.239,1.1,0.285,10.6,9.5,8.9,37.0,0.107,0.10682284293125054,99,66,361,150,21,311,5,29,33,45,145,32,134,498,522,471,551,59,2023-24,Regular Season,Defense
1629048,Goga Bitadze,Goga,1610612753,ORL,24.0,62,34,28,0.548,15.4,110.3,2.9,0.187,0.271,0.5,0.211,1.2,0.537,5.1,4.2,4.5,15.9,0.059,0.05926554262686827,200,165,361,265,331,179,199,90,101,306,212,24,27,228,226,237,250,260,2023-24,Regular Season,Defense
202330,Gordon Hayward,Gordon,1610612760,OKC,34.0,51,25,26,0.49,24.4,118.0,2.8,0.116,0.171,0.8,0.205,0.3,0.09,9.0,7.7,7.5,26.8,0.039,0.03920501920497903,284,247,332,328,192,500,208,298,306,176,229,310,423,412,424,387,406,375,2023-24,Regular Season,Defense
1641711,Gradey Dick,Gradey,1610612761,TOR,20.0,60,18,42,0.3,21.1,119.1,1.8,0.085,0.133,0.6,0.162,0.0,0.022,8.5,7.0,7.1,24.8,0.028,0.02841280323398171,215,316,515,452,231,522,340,457,450,274,380,514,515,384,385,372,373,462,2023-24,Regular Season,Defense
1629684,Grant Williams,Grant,1610612766,CHA,25.0,76,34,42,0.447,28.0,116.6,3.1,0.11,0.168,0.6,0.146,0.5,0.2,9.4,8.4,8.9,31.4,0.058,0.057969178555317066,61,165,515,358,129,468,171,326,317,268,431,159,219,432,467,466,468,266,2023-24,Regular Season,Defense
1628960,Grayson Allen,Grayson,1610612756,PHX,28.0,75,45,30,0.6,33.5,113.9,3.3,0.094,0.14,0.9,0.185,0.6,0.153,12.6,9.8,9.8,35.6,0.094,0.0940404596481361,76,66,395,170,45,347,155,419,423,111,300,123,299,560,537,514,533,95,2023-24,Regular Season,Defense
1630535,Greg Brown III,Greg,1610612742,DAL,22.0,6,3,3,0.5,6.6,110.6,1.0,0.122,0.171,0.0,0.0,0.7,0.571,3.5,2.3,5.8,12.3,0.028,0.02773711347742645,525,489,39,300,497,197,449,267,307,539,539,98,21,120,95,315,172,462,2023-24,Regular Season,Defense
1630611,Gui Santos,Gui,1610612744,GSW,22.0,23,17,6,0.739,8.4,110.1,1.4,0.153,0.206,0.2,0.16,0.1,0.077,3.0,2.2,3.0,8.8,0.033,0.032911468372287686,420,331,80,40,474,171,397,161,208,487,389,475,447,95,86,129,96,424,2023-24,Regular Season,Defense
1628977,Hamidou Diallo,Hamidou,1610612764,WAS,25.0,2,1,1,0.5,2.4,50.0,0.0,0.0,0.0,1.0,1.0,0.0,0.0,0.0,0.0,0.0,1.0,0.049,0.04872905450473907,555,538,14,300,566,2,557,557,557,80,1,520,520,1,1,1,3,308,2023-24,Regular Season,Defense
203084,Harrison Barnes,Harrison,1610612758,SAC,32.0,82,46,36,0.561,29.0,115.7,2.2,0.079,0.111,0.7,0.141,0.1,0.072,9.7,6.1,7.1,30.5,0.066,0.0664735915118599,2,52,469,248,115,440,285,488,506,228,446,399,455,448,348,373,455,217,2023-24,Regular Season,Defense
1628385,Harry Giles III,Harry,1610612747,LAL,26.0,23,11,12,0.478,4.3,123.3,0.8,0.178,0.305,0.1,0.167,0.1,0.375,1.4,1.6,1.7,4.6,0.001,0.0005408506244319117,420,392,138,336,527,557,492,103,63,524,361,420,79,36,53,67,52,556,2023-24,Regular Season,Defense
1629312,Haywood Highsmith,Haywood,1610612748,MIA,27.0,66,39,27,0.591,20.7,109.0,2.2,0.107,0.156,0.8,0.241,0.5,0.288,7.4,5.8,5.8,19.5,0.087,0.0872963644275118,170,117,344,186,236,130,290,343,361,166,141,192,127,335,325,312,308,120,2023-24,Regular Season,Defense
1630929,Henri Drell,Henri,1610612741,CHI,24.0,4,2,2,0.5,7.5,113.4,0.8,0.111,0.143,0.5,0.333,0.3,0.2,3.3,2.3,1.0,7.5,0.024,0.024193260628471495,542,511,28,300,481,321,497,317,409,314,29,313,219,107,88,27,84,483,2023-24,Regular Season,Defense
1630529,Herbert Jones,Herbert,1610612740,NOP,25.0,76,46,30,0.605,30.5,111.0,2.6,0.084,0.121,1.4,0.263,0.8,0.253,9.5,7.7,8.1,29.2,0.111,0.11110364656485985,61,52,395,161,91,210,232,460,478,19,99,64,159,439,426,429,444,48,2023-24,Regular Season,Defense
1641816,Hunter Tyson,Hunter,1610612743,DEN,24.0,18,14,4,0.778,2.7,98.1,0.4,0.148,0.222,0.1,0.143,0.0,0.0,0.9,0.4,0.7,2.7,0.021,0.021443996365979535,450,361,45,25,561,27,530,177,174,534,434,520,520,17,11,19,10,497,2023-24,Regular Season,Defense
1630641,Ibou Badji,Ibou,1610612757,POR,21.0,22,5,17,0.227,10.3,112.3,1.4,0.14,0.217,0.1,0.12,0.9,0.606,4.5,3.6,3.5,10.2,0.035,0.03467296683335516,427,466,199,501,438,276,396,197,184,505,486,49,15,190,179,159,129,399,2023-24,Regular Season,Defense
1630193,Immanuel Quickley,Immanuel,1610612761,TOR,25.0,68,28,40,0.412,29.2,114.2,3.6,0.12,0.178,0.7,0.161,0.1,0.055,8.9,8.3,7.9,30.2,0.079,0.07906786890560469,148,221,501,375,111,365,131,281,281,196,383,397,480,406,454,418,454,153,2023-24,Regular Season,Defense
1630171,Isaac Okoro,Isaac,1610612739,CLE,23.0,69,41,28,0.594,27.3,110.7,2.0,0.072,0.106,0.8,0.202,0.5,0.18,9.9,6.9,7.9,26.8,0.102,0.10245192289691665,138,97,361,180,138,199,308,513,511,156,240,172,252,464,381,416,405,71,2023-24,Regular Season,Defense
1628392,Isaiah Hartenstein,Isaiah,1610612752,NYK,26.0,75,47,28,0.627,25.3,110.3,5.1,0.201,0.29,1.2,0.279,1.1,0.491,7.3,6.3,7.3,24.4,0.098,0.09826191332032601,76,45,361,126,178,178,50,69,84,49,80,25,47,331,354,376,368,82,2023-24,Regular Season,Defense
1630543,Isaiah Jackson,Isaiah,1610612754,IND,22.0,60,37,23,0.617,12.8,111.7,2.4,0.187,0.305,0.6,0.236,1.0,0.555,4.7,4.5,3.6,15.0,0.045,0.04495691503280075,215,139,272,148,378,247,255,92,63,274,151,38,23,200,250,174,230,333,2023-24,Regular Season,Defense
1630198,Isaiah Joe,Isaiah,1610612760,OKC,24.0,78,54,24,0.692,18.5,107.5,1.9,0.098,0.153,0.6,0.173,0.3,0.129,6.2,5.6,4.2,16.8,0.087,0.08660230260236104,43,18,282,64,268,97,321,392,369,258,338,295,348,288,309,218,265,120,2023-24,Regular Season,Defense
1630587,Isaiah Livers,Isaiah,1610612765,DET,25.0,23,1,22,0.043,20.4,125.4,1.4,0.073,0.115,0.6,0.191,0.2,0.135,8.1,6.8,5.8,24.5,-0.01,-0.010365563516701237,420,538,262,559,240,561,392,511,495,278,277,345,333,369,379,314,369,565,2023-24,Regular Season,Defense
1630600,Isaiah Mobley,Isaiah,1610612739,CLE,24.0,10,2,8,0.2,7.2,113.8,0.7,0.115,0.156,0.2,0.25,0.0,0.0,2.7,1.6,1.6,5.0,0.02,0.020074682863240614,493,511,110,510,491,340,502,305,362,467,115,520,520,87,54,60,58,505,2023-24,Regular Season,Defense
1630191,Isaiah Stewart,Isaiah,1610612765,DET,23.0,46,9,37,0.196,30.9,114.5,5.0,0.161,0.228,0.4,0.096,0.8,0.247,12.7,8.7,8.2,34.3,0.081,0.08145161988443311,315,412,475,514,87,377,54,146,162,378,522,63,173,561,482,432,516,146,2023-24,Regular Season,Defense
202738,Isaiah Thomas,Isaiah,1610612756,PHX,35.0,6,4,2,0.667,3.2,133.3,0.0,0.0,0.0,0.0,0.0,0.0,0.0,0.8,2.3,0.7,4.3,-0.009,-0.008608408104862313,525,482,28,76,548,566,557,557,557,539,539,520,520,15,95,17,46,564,2023-24,Regular Season,Defense
1631209,Isaiah Wong,Isaiah,1610612754,IND,23.0,1,1,0,1.0,4.3,122.2,0.0,0.0,0.0,0.0,0.0,0.0,0.0,2.0,0.0,0.0,6.0,0.002,0.0017864717880916483,565,538,1,1,530,553,557,557,557,539,539,520,520,55,1,1,69,553,2023-24,Regular Season,Defense
202397,Ish Smith,Ish,1610612766,CHA,35.0,43,6,37,0.14,17.2,119.2,1.5,0.094,0.138,0.4,0.189,0.1,0.054,6.5,4.3,4.9,19.5,0.023,0.022657770549354254,330,458,475,546,290,527,380,418,425,368,286,466,481,301,239,260,309,488,2023-24,Regular Season,Defense
1630688,Ish Wainright,Ish,1610612756,PHX,29.0,11,2,9,0.182,5.7,84.8,1.0,0.169,0.239,0.4,0.308,0.1,0.167,1.8,0.5,1.8,3.1,0.067,0.06721221045076126,485,511,118,523,509,11,449,124,142,383,54,468,270,49,12,70,20,209,2023-24,Regular Season,Defense
1627826,Ivica Zubac,Ivica,1610612746,LAC,27.0,68,42,26,0.618,26.4,112.4,6.3,0.235,0.336,0.3,0.077,1.2,0.474,8.2,7.1,7.4,24.9,0.084,0.08394549821286425,148,88,332,142,160,279,26,32,39,406,531,19,49,374,390,386,376,131,2023-24,Regular Season,Defense
1631167,Izaiah Brockington,Izaiah,1610612740,NOP,24.0,1,1,0,1.0,3.4,100.0,1.0,0.167,0.333,0.0,0.0,0.0,0.0,0.0,3.0,2.0,8.0,0.029,0.029457877109124987,565,538,1,1,546,34,449,133,42,539,539,520,520,1,134,78,88,450,2023-24,Regular Season,Defense
1631120,JD Davison,JD,1610612738,BOS,21.0,8,8,0,1.0,4.9,83.1,1.0,0.16,0.222,0.1,0.1,0.1,0.1,1.0,1.8,2.6,5.5,0.063,0.06274158522847065,510,423,1,1,520,9,449,147,174,508,509,422,400,19,58,105,64,239,2023-24,Regular Season,Defense
1630550,JT Thor,JT,1610612766,CHA,21.0,63,16,47,0.254,12.4,110.7,1.6,0.132,0.193,0.2,0.107,0.4,0.365,4.2,3.4,3.3,12.8,0.047,0.04684080407413537,191,343,534,473,390,198,354,229,243,486,504,201,88,165,170,153,184,323,2023-24,Regular Season,Defense
1629630,Ja Morant,Ja,1610612763,MEM,24.0,9,6,3,0.667,35.3,111.1,4.9,0.134,0.203,0.8,0.152,0.6,0.111,13.0,10.3,11.7,38.0,0.128,0.12797835351071543,498,458,39,76,17,224,59,219,218,179,416,146,378,567,553,564,556,20,2023-24,Regular Season,Defense
201580,JaVale McGee,JaVale,1610612758,SAC,36.0,46,28,18,0.609,7.4,110.4,1.8,0.235,0.356,0.3,0.286,0.4,0.455,3.4,2.0,2.2,7.3,0.029,0.029127361937291287,315,221,215,159,487,181,330,31,27,414,72,200,52,117,77,93,82,450,2023-24,Regular Season,Defense
1631095,Jabari Smith Jr.,Jabari,1610612745,HOU,21.0,76,39,37,0.513,31.9,113.8,6.3,0.191,0.285,0.7,0.149,0.8,0.288,9.5,9.3,7.4,32.3,0.09,0.08956297979891077,61,117,475,296,75,342,28,85,89,217,425,69,128,439,514,382,485,108,2023-24,Regular Season,Defense
1631133,Jabari Walker,Jabari,1610612757,POR,21.0,72,18,54,0.25,23.6,116.5,5.0,0.222,0.349,0.6,0.162,0.3,0.141,9.4,7.1,8.6,26.6,0.048,0.04846502397394848,108,316,558,474,199,466,56,42,30,264,382,276,321,429,391,454,399,318,2023-24,Regular Season,Defense
1631298,Jack White,Jack,1610612760,OKC,26.0,4,0,4,0.0,15.9,111.1,2.0,0.136,0.205,1.0,0.333,0.3,0.143,4.8,2.5,6.8,17.5,0.057,0.05744882059663234,542,560,45,560,318,220,309,213,214,80,29,313,313,203,101,355,282,269,2023-24,Regular Season,Defense
1631367,Jacob Gilyard,Jacob,1610612751,BKN,25.0,41,12,29,0.293,17.0,117.7,0.9,0.056,0.092,0.8,0.3,0.1,0.069,5.9,5.4,4.5,18.2,0.029,0.028850032968929636,346,384,381,456,296,494,474,538,536,163,58,430,462,267,296,236,289,450,2023-24,Regular Season,Defense
1631210,Jacob Toppin,Jacob,1610612752,NYK,24.0,9,2,7,0.222,4.2,118.4,0.4,0.148,0.2,0.0,0.0,0.1,0.5,2.3,0.6,1.6,3.3,0.006,0.006342571939782529,498,511,93,502,532,510,530,177,223,539,539,444,38,71,14,58,24,548,2023-24,Regular Season,Defense
1630702,Jaden Hardy,Jaden,1610612742,DAL,21.0,73,44,29,0.603,13.6,114.5,1.5,0.11,0.171,0.3,0.158,0.1,0.044,5.1,4.5,4.6,14.9,0.036,0.03614996343457688,99,72,381,169,369,381,378,327,310,417,396,502,492,222,245,242,226,392,2023-24,Regular Season,Defense
1631093,Jaden Ivey,Jaden,1610612765,DET,22.0,77,14,63,0.182,28.8,117.7,2.3,0.081,0.114,0.7,0.206,0.5,0.19,11.8,8.2,8.5,33.0,0.05,0.050022242290651955,54,361,570,523,117,492,267,482,500,193,227,154,233,544,452,451,501,302,2023-24,Regular Season,Defense
1630183,Jaden McDaniels,Jaden,1610612750,MIN,23.0,72,48,24,0.667,29.2,110.4,2.3,0.078,0.115,0.9,0.192,0.6,0.173,9.9,7.9,7.9,28.1,0.11,0.11012580128405981,108,36,282,76,110,183,263,493,498,139,274,131,260,465,439,411,424,53,2023-24,Regular Season,Defense
1630531,Jaden Springer,Jaden,1610612738,BOS,21.0,49,32,17,0.653,10.3,112.9,0.9,0.093,0.144,0.7,0.34,0.3,0.273,2.8,2.9,2.9,11.3,0.033,0.032559564424471145,302,183,199,97,436,299,471,423,408,198,27,275,143,91,125,124,151,424,2023-24,Regular Season,Defense
203109,Jae Crowder,Jae,1610612749,MIL,33.0,50,25,25,0.5,23.1,114.9,2.6,0.113,0.164,0.8,0.217,0.2,0.086,6.7,5.5,7.2,24.9,0.059,0.05855543201519981,291,247,311,300,205,399,234,313,332,185,199,372,431,309,299,375,377,260,2023-24,Regular Season,Defense
1630256,Jae'Sean Tate,Jae'Sean,1610612745,HOU,28.0,65,32,33,0.492,15.9,105.0,2.1,0.127,0.181,0.6,0.216,0.2,0.16,4.6,4.5,3.6,15.0,0.087,0.08653058874237306,181,183,437,327,319,68,300,244,275,236,200,331,289,193,248,169,228,120,2023-24,Regular Season,Defense
1630186,Jahmi'us Ramsey,Jahmi'us,1610612761,TOR,23.0,7,0,7,0.0,17.3,110.8,2.6,0.13,0.231,1.0,0.28,0.0,0.0,7.3,6.1,7.7,19.7,0.066,0.06555722242992419,518,560,93,560,289,206,236,233,158,80,76,520,520,328,349,399,310,217,2023-24,Regular Season,Defense
1631170,Jaime Jaquez Jr.,Jaime,1610612748,MIA,23.0,75,44,31,0.587,28.2,110.4,2.7,0.094,0.138,1.0,0.242,0.3,0.129,9.1,7.9,7.4,27.2,0.108,0.10825461240316389,76,72,406,195,125,182,219,414,429,72,138,303,347,421,438,381,413,58,2023-24,Regular Season,Defense
1631222,Jake LaRavia,Jake,1610612763,MEM,22.0,35,8,27,0.229,23.0,111.9,2.2,0.093,0.145,0.8,0.209,0.3,0.118,10.1,7.1,7.7,22.1,0.078,0.07807959105360962,373,423,344,500,207,251,289,422,404,155,219,251,369,477,393,399,347,157,2023-24,Regular Season,Defense
1627751,Jakob Poeltl,Jakob,1610612761,TOR,28.0,50,21,29,0.42,26.4,114.2,5.7,0.214,0.309,0.7,0.167,1.5,0.531,8.5,7.2,7.4,27.8,0.072,0.07177163773824598,291,289,381,370,161,363,42,55,60,209,361,14,29,382,398,385,422,189,2023-24,Regular Season,Defense
1628973,Jalen Brunson,Jalen,1610612752,NYK,27.0,77,49,28,0.636,35.4,112.6,3.1,0.088,0.128,0.9,0.161,0.2,0.058,10.3,9.3,10.6,35.3,0.113,0.1126618338729667,54,29,361,108,16,287,172,446,463,114,383,380,476,487,511,539,529,44,2023-24,Regular Season,Defense
1630622,Jalen Crutcher,Jalen,1610612740,NOP,24.0,1,1,0,1.0,2.7,100.0,0.0,0.0,0.0,0.0,0.0,0.0,0.0,2.0,0.0,0.0,4.0,0.016,0.016365487282847216,565,538,1,1,562,34,557,557,557,539,539,520,520,55,1,1,38,522,2023-24,Regular Season,Defense
1631105,Jalen Duren,Jalen,1610612765,DET,20.0,61,13,48,0.213,29.1,117.0,8.5,0.285,0.398,0.5,0.15,0.8,0.26,12.1,7.9,8.4,32.7,0.056,0.05639375490624365,206,377,539,507,113,477,7,9,10,292,418,73,150,551,436,446,494,274,2023-24,Regular Season,Defense
1630224,Jalen Green,Jalen,1610612745,HOU,22.0,82,41,41,0.5,31.7,113.8,4.7,0.143,0.211,0.8,0.171,0.3,0.126,9.6,9.3,7.9,32.7,0.089,0.08939653524862151,2,97,507,300,76,341,67,186,200,163,343,252,350,447,510,412,493,112,2023-24,Regular Season,Defense
1641720,Jalen Hood-Schifino,Jalen,1610612747,LAL,21.0,21,10,11,0.476,5.2,111.9,0.5,0.096,0.136,0.1,0.273,0.1,0.182,2.0,1.6,2.1,4.7,0.018,0.017736356565774835,435,403,134,338,514,254,518,406,437,503,84,464,249,61,55,89,53,515,2023-24,Regular Season,Defense
1630552,Jalen Johnson,Jalen,1610612737,ATL,22.0,56,27,29,0.482,33.7,115.2,7.4,0.211,0.312,1.2,0.22,0.8,0.24,11.2,9.5,12.6,36.6,0.084,0.0839792231208454,252,231,381,333,42,415,14,56,56,43,188,61,181,529,523,571,547,131,2023-24,Regular Season,Defense
1629667,Jalen McDaniels,Jalen,1610612761,TOR,26.0,50,12,38,0.24,10.8,115.0,1.2,0.11,0.172,0.4,0.235,0.1,0.103,4.5,3.9,3.7,12.4,0.027,0.027215338293993533,291,384,488,493,430,402,427,329,304,375,154,432,394,189,194,185,174,468,2023-24,Regular Season,Defense
1629618,Jalen Pickett,Jalen,1610612743,DEN,24.0,27,20,7,0.741,4.5,104.8,0.5,0.1,0.149,0.1,0.308,0.0,0.0,1.6,1.1,1.1,4.2,0.025,0.02472674036587627,404,297,93,39,526,65,525,386,387,502,54,520,520,43,34,39,44,480,2023-24,Regular Season,Defense
1641771,Jalen Slawson,Jalen,1610612758,SAC,24.0,12,8,4,0.667,3.1,114.9,0.5,0.162,0.286,0.1,0.333,0.1,0.25,2.1,1.1,0.8,3.5,0.007,0.0074732069104642114,482,423,45,76,551,397,519,143,87,525,29,479,162,64,35,24,31,546,2023-24,Regular Season,Defense
1630188,Jalen Smith,Jalen,1610612754,IND,24.0,61,36,25,0.59,17.2,118.6,3.7,0.219,0.342,0.3,0.097,0.6,0.365,5.8,5.8,5.3,20.9,0.025,0.02533284314752614,206,146,311,187,293,513,118,48,34,429,520,115,86,264,324,281,330,480,2023-24,Regular Season,Defense
1630591,Jalen Suggs,Jalen,1610612753,ORL,23.0,75,43,32,0.573,27.0,110.8,2.4,0.095,0.134,1.4,0.299,0.6,0.225,9.8,6.5,8.3,26.6,0.102,0.10178667078202734,76,79,425,221,146,204,253,412,446,15,63,113,191,453,374,435,400,71,2023-24,Regular Season,Defense
1631114,Jalen Williams,Jalen,1610612760,OKC,23.0,71,51,20,0.718,31.3,108.9,3.5,0.102,0.158,1.1,0.205,0.6,0.138,8.9,10.1,8.0,30.8,0.135,0.1346342560964189,118,26,237,45,85,125,141,376,354,56,232,110,326,409,547,421,460,11,2023-24,Regular Season,Defense
1630592,Jalen Wilson,Jalen,1610612751,BKN,23.0,43,14,29,0.326,15.5,113.0,2.0,0.128,0.195,0.3,0.136,0.1,0.061,5.2,4.2,5.1,15.3,0.046,0.04629770516542719,330,361,381,442,329,303,318,243,237,444,455,466,474,232,222,273,238,329,2023-24,Regular Season,Defense
1631288,Jamal Cain,Jamal,1610612748,MIA,25.0,26,14,12,0.538,10.0,108.8,0.8,0.087,0.132,0.4,0.25,0.2,0.333,4.0,2.7,2.8,10.3,0.044,0.04430970903053732,406,361,138,278,445,121,483,453,453,374,115,362,103,150,112,114,131,338,2023-24,Regular Season,Defense
1627750,Jamal Murray,Jamal,1610612743,DEN,27.0,59,44,15,0.746,31.5,112.4,3.4,0.105,0.156,1.0,0.204,0.7,0.163,10.8,9.2,9.6,34.6,0.101,0.1013926148455085,225,72,168,37,81,283,146,363,359,98,235,101,280,509,508,510,519,75,2023-24,Regular Season,Defense
1631123,Jamaree Bouyea,Jamaree,1610612759,SAS,25.0,9,2,7,0.222,10.5,101.5,1.8,0.17,0.258,0.1,0.071,0.0,0.0,3.0,2.6,3.3,9.1,0.066,0.06570659518384829,498,511,93,502,434,43,337,120,119,514,534,520,520,96,104,150,103,217,2023-24,Regular Season,Defense
1630547,James Bouknight,James,1610612766,CHA,23.0,14,0,14,0.0,5.8,115.2,0.6,0.118,0.186,0.1,0.1,0.1,0.167,2.1,1.9,1.3,5.7,0.014,0.014053077643878345,475,560,162,560,507,413,516,287,259,526,509,490,270,62,65,46,67,529,2023-24,Regular Season,Defense
201935,James Harden,James,1610612746,LAC,34.0,72,46,26,0.639,34.3,115.2,4.7,0.134,0.201,1.1,0.191,0.8,0.221,10.5,9.4,9.8,34.8,0.082,0.08167940578509172,108,52,332,107,32,418,68,216,221,66,278,70,198,497,516,517,523,141,2023-24,Regular Season,Defense
201949,James Johnson,James,1610612754,IND,37.0,9,4,5,0.444,5.2,108.8,0.3,0.075,0.143,0.6,0.313,0.1,0.5,1.7,1.8,2.0,4.4,0.023,0.022504010045619614,498,482,64,359,512,123,537,502,409,280,51,444,38,45,60,78,48,488,2023-24,Regular Season,Defense
1630164,James Wiseman,James,1610612765,DET,23.0,63,9,54,0.143,17.3,118.2,3.6,0.207,0.322,0.2,0.082,0.6,0.351,7.5,5.9,5.7,19.8,0.028,0.0277691594020469,191,412,558,542,288,504,129,62,51,477,529,119,98,338,329,305,313,462,2023-24,Regular Season,Defense
1641716,Jarace Walker,Jarace,1610612754,IND,20.0,33,18,15,0.545,10.3,114.6,1.5,0.159,0.242,0.5,0.214,0.3,0.275,3.6,3.0,3.4,11.9,0.027,0.027361221722648033,380,316,168,270,437,385,371,152,138,343,204,256,141,128,131,157,160,468,2023-24,Regular Season,Defense
1630215,Jared Butler,Jared,1610612764,WAS,23.0,40,6,34,0.15,14.1,111.4,1.2,0.083,0.128,0.7,0.312,0.2,0.16,5.3,4.0,3.1,13.5,0.05,0.04959143575423409,349,458,446,540,353,232,425,465,461,201,52,354,286,239,202,138,197,302,2023-24,Regular Season,Defense
1631197,Jared Rhoden,Jared,1610612765,DET,24.0,17,2,15,0.118,14.4,115.0,1.8,0.123,0.216,0.2,0.086,0.8,0.433,5.6,5.9,3.6,16.0,0.035,0.03489735410117431,453,511,168,551,348,407,339,265,187,483,527,78,58,254,336,171,252,399,2023-24,Regular Season,Defense
1628991,Jaren Jackson Jr.,Jaren,1610612763,MEM,24.0,66,22,44,0.333,32.2,113.9,4.2,0.132,0.201,1.2,0.222,1.6,0.371,11.3,9.6,10.1,31.4,0.091,0.09084166488896815,170,276,528,432,72,345,84,224,222,38,180,13,82,532,531,531,470,105,2023-24,Regular Season,Defense
1629020,Jarred Vanderbilt,Jarred,1610612747,LAL,25.0,29,14,15,0.483,20.0,109.4,3.3,0.164,0.241,1.2,0.295,0.2,0.081,7.8,5.9,7.0,19.9,0.084,0.08350584740173775,397,361,168,332,245,145,154,139,139,34,66,376,442,352,334,371,315,131,2023-24,Regular Season,Defense
1628386,Jarrett Allen,Jarrett,1610612739,CLE,26.0,77,46,31,0.597,31.7,110.7,7.4,0.231,0.336,0.7,0.135,1.1,0.363,11.5,8.3,9.4,31.0,0.119,0.11898558147042976,54,52,406,179,77,200,15,36,38,215,458,36,91,534,460,497,464,36,2023-24,Regular Season,Defense
1630554,Jason Preston,Jason,1610612762,UTA,24.0,7,2,5,0.286,10.2,105.3,1.6,0.133,0.2,0.3,0.182,0.1,0.1,2.4,3.3,1.6,12.6,0.054,0.05444146743479748,518,511,64,459,441,73,367,221,223,423,310,403,400,74,160,59,181,282,2023-24,Regular Season,Defense
1631241,Javon Freeman-Liberty,Javon,1610612761,TOR,24.0,22,3,19,0.136,18.3,120.7,2.5,0.141,0.232,0.5,0.133,0.2,0.111,9.6,7.2,6.7,20.7,0.016,0.015915285280983033,427,489,226,547,272,542,249,192,155,343,460,367,378,442,402,353,329,522,2023-24,Regular Season,Defense
1629750,Javonte Green,Javonte,1610612741,CHI,30.0,9,5,4,0.556,25.6,112.8,5.2,0.219,0.299,1.1,0.244,0.9,0.4,7.9,6.0,7.3,25.8,0.08,0.07995247477889446,498,466,45,259,174,298,49,49,68,58,133,54,72,360,341,378,386,150,2023-24,Regular Season,Defense
1630606,Javonte Smart,Javonte,1610612755,PHI,25.0,1,1,0,1.0,0.7,150.0,0.0,0.0,0.0,0.0,0.0,0.0,0.0,0.0,3.0,0.0,0.0,-0.007,-0.007298958235677315,565,538,1,1,571,570,557,557,557,539,539,520,520,1,134,1,1,562,2023-24,Regular Season,Defense
1629637,Jaxson Hayes,Jaxson,1610612747,LAL,24.0,70,41,29,0.586,12.5,114.4,2.0,0.149,0.227,0.5,0.27,0.4,0.414,4.8,4.2,4.7,13.7,0.034,0.033945053205889225,128,97,381,197,388,371,305,170,167,328,91,214,63,209,224,247,202,413,2023-24,Regular Season,Defense
1630643,Jay Huff,Jay,1610612743,DEN,26.0,20,16,4,0.8,2.5,98.2,0.5,0.167,0.273,0.1,0.2,0.2,0.6,1.1,0.6,0.5,3.0,0.02,0.020294121261849735,439,343,45,18,565,28,529,133,99,518,243,394,16,24,15,15,16,505,2023-24,Regular Season,Defense
1627759,Jaylen Brown,Jaylen,1610612738,BOS,27.0,70,52,18,0.743,33.5,111.6,4.3,0.119,0.175,1.2,0.255,0.5,0.11,9.5,9.9,9.6,33.3,0.118,0.11788657485707346,128,25,215,38,47,239,79,285,292,46,111,156,382,438,540,507,503,39,2023-24,Regular Season,Defense
1629669,Jaylen Nowell,Jaylen,1610612758,SAC,24.0,13,3,10,0.231,16.4,111.0,1.4,0.082,0.134,0.3,0.103,0.2,0.067,4.0,5.6,4.1,17.2,0.06,0.06005557653824746,480,489,130,498,311,211,398,476,443,410,507,390,466,151,308,211,275,255,2023-24,Regular Season,Defense
1631119,Jaylin Williams,Jaylin,1610612760,OKC,22.0,69,48,21,0.696,13.0,107.9,2.9,0.216,0.325,0.4,0.174,0.4,0.293,4.4,3.6,3.1,12.1,0.059,0.0585588166387024,138,36,253,59,373,105,196,54,49,361,335,225,126,183,180,136,166,260,2023-24,Regular Season,Defense
1628369,Jayson Tatum,Jayson,1610612738,BOS,26.0,74,57,17,0.77,35.7,110.5,7.2,0.187,0.275,1.0,0.201,0.6,0.123,9.6,10.4,9.4,35.6,0.135,0.1346903199552098,87,4,199,29,11,190,17,91,97,78,242,133,361,441,554,499,535,11,2023-24,Regular Season,Defense
1630288,Jeff Dowtin Jr.,Jeff,1610612755,PHI,27.0,12,7,5,0.583,11.8,104.1,1.4,0.114,0.185,0.6,0.269,0.1,0.05,3.8,3.6,2.6,11.0,0.066,0.06593555523284776,482,440,64,201,400,58,395,309,263,264,92,479,486,144,176,104,145,217,2023-24,Regular Season,Defense
201145,Jeff Green,Jeff,1610612745,HOU,37.0,78,39,39,0.5,16.8,112.7,1.7,0.099,0.15,0.2,0.078,0.4,0.218,5.2,4.8,4.2,17.7,0.053,0.05320652283716979,43,117,497,300,304,293,348,391,384,466,530,221,199,235,263,215,286,286,2023-24,Regular Season,Defense
203924,Jerami Grant,Jerami,1610612757,POR,30.0,54,17,37,0.315,33.9,117.5,2.9,0.087,0.137,0.8,0.164,0.6,0.193,12.4,10.1,11.5,39.5,0.06,0.060370905516160284,271,331,475,448,39,487,201,451,430,150,376,112,224,557,548,561,564,255,2023-24,Regular Season,Defense
1630526,Jeremiah Robinson-Earl,Jeremiah,1610612740,NOP,23.0,39,22,17,0.564,8.6,108.1,1.4,0.151,0.226,0.3,0.222,0.1,0.16,3.9,2.9,2.4,9.4,0.04,0.039644898175971076,355,276,199,237,467,110,400,168,168,443,180,458,286,145,128,100,104,366,2023-24,Regular Season,Defense
1631110,Jeremy Sochan,Jeremy,1610612759,SAS,21.0,74,18,56,0.243,29.6,115.0,4.6,0.153,0.223,0.8,0.19,0.5,0.137,11.9,8.3,9.0,34.6,0.073,0.07308630163221293,87,316,563,491,104,406,70,159,172,149,284,152,329,546,456,473,520,183,2023-24,Regular Season,Defense
1630579,Jericho Sims,Jericho,1610612752,NYK,25.0,45,30,15,0.667,13.0,109.7,2.0,0.153,0.235,0.2,0.105,0.4,0.413,4.3,3.7,3.0,12.4,0.05,0.050417635598172646,323,201,168,76,374,159,306,160,148,482,506,208,65,175,184,128,174,302,2023-24,Regular Season,Defense
1631257,Jermaine Samuels Jr.,Jermaine,1610612745,HOU,25.0,14,8,6,0.571,4.3,114.0,0.7,0.167,0.227,0.1,0.125,0.1,0.286,1.1,1.1,1.2,4.7,0.013,0.012943129799634797,475,423,80,225,529,349,500,133,164,526,476,403,129,26,32,43,55,530,2023-24,Regular Season,Defense
1629010,Jerome Robinson,Jerome,1610612744,GSW,27.0,22,17,5,0.773,3.7,95.4,0.2,0.057,0.077,0.0,0.1,0.1,0.188,1.0,0.4,1.5,3.4,0.031,0.03053578060319437,427,331,64,28,538,19,548,536,544,537,509,414,239,18,10,52,28,439,2023-24,Regular Season,Defense
1641724,Jett Howard,Jett,1610612753,ORL,20.0,18,9,9,0.5,3.7,91.9,0.3,0.082,0.109,0.1,0.25,0.1,0.333,1.6,0.9,1.3,3.9,0.037,0.0366159474243487,450,412,118,300,536,14,537,473,509,514,115,444,103,41,29,48,37,385,2023-24,Regular Season,Defense
1628975,Jevon Carter,Jevon,1610612741,CHI,28.0,72,35,37,0.486,13.9,108.6,0.7,0.049,0.074,0.5,0.182,0.2,0.147,3.8,4.1,3.7,12.4,0.062,0.06151917165848105,108,155,475,330,360,119,504,544,545,308,309,338,311,143,214,180,176,246,2023-24,Regular Season,Defense
202710,Jimmy Butler III,Jimmy,1610612748,MIA,34.0,60,33,27,0.55,34.0,110.5,3.6,0.106,0.153,1.3,0.237,0.3,0.113,11.1,9.5,9.5,32.8,0.129,0.12867719267526198,215,173,344,263,38,185,133,352,370,25,150,294,377,520,524,500,496,19,2023-24,Regular Season,Defense
1629111,Jock Landale,Jock,1610612745,HOU,28.0,56,28,28,0.5,13.6,105.3,1.5,0.102,0.151,0.4,0.157,0.6,0.375,4.7,4.1,3.8,13.4,0.073,0.07305394351752258,252,221,361,300,366,74,381,374,383,389,401,128,79,196,211,188,195,183,2023-24,Regular Season,Defense
203925,Joe Harris,Joe,1610612765,DET,32.0,16,4,12,0.25,10.6,119.4,0.6,0.057,0.096,0.2,0.136,0.1,0.087,4.7,4.1,2.6,12.3,0.013,0.013377533436255428,461,482,138,474,433,528,510,534,529,478,450,422,429,198,213,105,168,530,2023-24,Regular Season,Defense
204060,Joe Ingles,Joe,1610612753,ORL,36.0,68,42,26,0.618,17.2,110.3,1.8,0.111,0.17,0.6,0.217,0.1,0.042,5.7,4.6,5.0,17.2,0.066,0.06620860782451042,148,88,332,142,291,176,331,324,312,241,198,487,495,261,253,267,276,217,2023-24,Regular Season,Defense
203954,Joel Embiid,Joel,1610612755,PHI,30.0,39,31,8,0.795,33.6,109.5,8.6,0.239,0.355,1.2,0.203,1.7,0.437,10.4,9.1,11.0,34.7,0.14,0.14009711051349344,355,193,110,19,44,147,6,26,28,47,238,11,57,489,501,551,522,6,2023-24,Regular Season,Defense
1628381,John Collins,John,1610612762,UTA,26.0,68,27,41,0.397,28.0,121.7,6.1,0.222,0.325,0.6,0.161,0.9,0.303,10.6,7.8,11.3,31.0,0.016,0.01573672159790244,148,231,507,393,130,552,29,45,48,261,383,51,120,501,430,556,463,522,2023-24,Regular Season,Defense
1629723,John Konchar,John,1610612763,MEM,28.0,55,18,37,0.327,21.3,112.2,3.4,0.164,0.243,0.9,0.258,0.9,0.297,8.5,5.7,6.1,21.9,0.07,0.07010604530874116,258,316,475,441,228,267,149,140,137,105,106,46,125,383,320,325,343,197,2023-24,Regular Season,Defense
1631098,Johnny Davis,Johnny,1610612764,WAS,22.0,50,8,42,0.16,12.3,115.2,1.1,0.088,0.135,0.4,0.182,0.2,0.172,3.9,3.8,3.6,14.3,0.03,0.030232212408597827,291,423,515,534,392,420,441,447,442,386,310,354,261,147,191,177,212,444,2023-24,Regular Season,Defense
1630548,Johnny Juzang,Johnny,1610612762,UTA,23.0,20,5,15,0.25,18.6,116.1,1.5,0.073,0.115,0.2,0.1,0.1,0.044,5.7,6.4,6.1,18.5,0.038,0.03849152268165168,439,466,168,474,267,455,389,507,497,467,509,459,491,257,359,328,295,378,2023-24,Regular Season,Defense
202685,Jonas Valančiūnas,Jonas,1610612740,NOP,32.0,82,49,33,0.598,23.5,113.4,6.5,0.272,0.382,0.4,0.11,0.8,0.337,7.3,6.1,6.7,22.4,0.068,0.06847465234258529,2,29,437,177,201,319,22,12,14,362,498,62,102,327,344,354,351,207,2023-24,Regular Season,Defense
1628371,Jonathan Isaac,Jonathan,1610612753,ORL,26.0,58,35,23,0.603,15.8,102.1,3.2,0.201,0.308,0.7,0.243,1.2,0.543,5.1,3.3,4.2,13.2,0.099,0.09884029238920666,232,155,272,165,322,46,159,72,61,191,135,21,25,223,165,222,191,78,2023-24,Regular Season,Defense
1630228,Jonathan Kuminga,Jonathan,1610612744,GSW,21.0,74,40,34,0.541,26.3,112.2,3.6,0.126,0.186,0.7,0.186,0.5,0.188,8.8,7.5,8.0,27.7,0.088,0.08761428648617658,87,110,446,275,162,273,132,250,258,189,294,174,237,404,416,422,419,115,2023-24,Regular Season,Defense
1629007,Jontay Porter,Jontay,1610612765,DET,24.0,26,6,20,0.231,13.8,115.0,2.2,0.153,0.234,0.8,0.317,0.8,0.513,5.1,3.3,3.8,16.5,0.035,0.03532062257829878,406,458,237,498,362,404,293,163,149,182,46,74,34,227,158,190,261,399,2023-24,Regular Season,Defense
203903,Jordan Clarkson,Jordan,1610612762,UTA,32.0,55,22,33,0.4,30.6,119.7,2.5,0.083,0.123,0.6,0.163,0.1,0.031,12.2,9.1,11.6,33.0,0.035,0.035155289011199506,258,276,437,385,90,535,242,471,475,238,378,449,507,554,502,562,500,399,2023-24,Regular Season,Defense
1630259,Jordan Ford,Jordan,1610612758,SAC,26.0,6,2,4,0.333,3.6,100.0,0.3,0.1,0.143,0.0,0.0,0.0,0.0,0.3,1.2,0.0,3.3,0.024,0.02382169873368489,525,511,45,432,541,34,537,386,409,539,539,520,520,9,38,1,24,483,2023-24,Regular Season,Defense
1630692,Jordan Goodwin,Jordan,1610612763,MEM,25.0,57,30,27,0.526,18.5,109.7,2.9,0.151,0.231,0.8,0.253,0.3,0.123,7.0,4.7,5.1,18.7,0.074,0.07373629058433125,241,201,344,290,269,156,192,167,158,146,114,270,358,319,262,275,296,175,2023-24,Regular Season,Defense
1641722,Jordan Hawkins,Jordan,1610612740,NOP,22.0,67,38,29,0.567,17.3,114.3,1.8,0.1,0.155,0.3,0.101,0.1,0.073,5.9,5.1,5.4,17.2,0.047,0.047188407429222555,166,124,381,233,287,367,338,385,364,426,508,455,454,266,281,285,274,323,2023-24,Regular Season,Defense
1629162,Jordan McLaughlin,Jordan,1610612750,MIN,28.0,56,35,21,0.625,11.2,100.1,1.0,0.087,0.124,0.6,0.269,0.1,0.103,3.0,2.6,2.8,9.9,0.076,0.07649205506548164,252,155,253,128,418,40,467,450,472,243,92,422,395,96,106,110,121,167,2023-24,Regular Season,Defense
1641757,Jordan Miller,Jordan,1610612746,LAC,24.0,8,5,3,0.625,3.5,119.7,0.3,0.057,0.118,0.0,0.0,0.0,0.0,2.0,2.1,1.8,5.3,0.004,0.004283194986811138,510,466,39,128,542,534,546,534,491,539,539,520,520,55,81,68,60,551,2023-24,Regular Season,Defense
1629670,Jordan Nwora,Jordan,1610612761,TOR,25.0,52,14,38,0.269,13.7,116.8,2.3,0.166,0.263,0.5,0.198,0.3,0.157,5.5,4.6,5.3,16.0,0.028,0.028025210686084396,282,361,488,468,364,473,265,137,110,314,257,313,293,247,252,280,252,462,2023-24,Regular Season,Defense
1629673,Jordan Poole,Jordan,1610612764,WAS,25.0,78,15,63,0.192,30.1,119.5,2.3,0.074,0.115,1.1,0.242,0.3,0.098,10.4,10.5,9.6,37.1,0.036,0.03633683884991971,43,347,570,516,98,530,269,506,496,59,137,265,408,492,560,511,552,392,2023-24,Regular Season,Defense
1641775,Jordan Walsh,Jordan,1610612738,BOS,20.0,9,9,0,1.0,9.3,90.2,1.7,0.153,0.208,0.6,0.263,0.1,0.091,1.8,2.2,3.3,6.9,0.09,0.08962698819678457,498,412,1,1,455,13,349,162,205,280,99,444,419,48,87,150,76,108,2023-24,Regular Season,Defense
1630631,Jose Alvarado,Jose,1610612740,NOP,26.0,56,38,18,0.679,18.4,105.2,1.8,0.096,0.147,1.1,0.28,0.3,0.161,6.1,5.0,5.2,16.9,0.098,0.09798343873905305,252,124,215,72,270,72,327,404,395,69,78,302,285,283,273,276,266,82,2023-24,Regular Season,Defense
1630581,Josh Giddey,Josh,1610612760,OKC,21.0,80,56,24,0.7,25.1,111.5,5.0,0.19,0.29,0.7,0.158,0.6,0.149,7.4,8.3,6.8,25.6,0.089,0.08850755583971195,23,10,282,52,179,235,53,87,83,231,399,148,308,333,457,362,384,112,2023-24,Regular Season,Defense
1630182,Josh Green,Josh,1610612742,DAL,23.0,57,32,25,0.561,26.4,118.8,2.5,0.096,0.144,0.8,0.216,0.2,0.065,9.2,8.3,8.7,28.9,0.037,0.037378441476403144,241,183,311,246,158,515,243,405,407,157,202,386,468,423,455,456,439,385,2023-24,Regular Season,Defense
1628404,Josh Hart,Josh,1610612752,NYK,29.0,81,49,32,0.605,33.4,110.6,6.8,0.205,0.3,0.9,0.179,0.3,0.097,9.6,8.4,8.9,31.9,0.124,0.12417397784591945,18,29,425,163,50,196,21,64,65,109,323,293,409,443,465,469,476,25,2023-24,Regular Season,Defense
1631169,Josh Minott,Josh,1610612750,MIN,21.0,32,23,9,0.719,2.9,99.5,0.4,0.141,0.213,0.2,0.238,0.2,0.5,0.8,0.8,0.9,3.1,0.022,0.022215953441346116,385,270,118,44,558,33,532,189,195,498,148,387,38,14,25,26,19,495,2023-24,Regular Season,Defense
1629006,Josh Okogie,Josh,1610612756,PHX,25.0,60,37,23,0.617,16.0,111.5,1.3,0.081,0.124,0.8,0.289,0.4,0.205,6.5,5.2,4.9,17.0,0.057,0.05651234822396612,215,139,272,148,317,238,408,479,473,167,70,219,214,302,283,258,267,269,2023-24,Regular Season,Defense
1626196,Josh Richardson,Josh,1610612748,MIA,30.0,43,24,19,0.558,25.6,113.7,2.4,0.094,0.14,0.6,0.151,0.3,0.215,8.9,7.3,6.1,25.9,0.074,0.07400919091369039,330,257,226,256,172,334,256,415,422,279,417,264,204,410,405,326,387,175,2023-24,Regular Season,Defense
1630563,Joshua Primo,Joshua,1610612746,LAC,21.0,2,2,0,1.0,5.1,104.5,0.0,0.0,0.0,0.0,0.0,0.5,0.5,4.0,3.5,1.0,9.0,0.029,0.029324663749037024,555,511,1,1,515,62,557,557,557,539,539,164,38,151,173,27,98,450,2023-24,Regular Season,Defense
201950,Jrue Holiday,Jrue,1610612738,BOS,34.0,69,53,16,0.768,32.8,110.9,4.2,0.117,0.172,0.9,0.197,0.8,0.176,9.1,9.6,8.8,31.9,0.121,0.1205863198590742,138,22,184,30,58,207,88,291,303,135,260,75,257,420,529,465,475,34,2023-24,Regular Season,Defense
1629308,Juan Toscano-Anderson,Juan,1610612758,SAC,31.0,11,7,4,0.636,4.8,99.2,0.9,0.167,0.227,0.1,0.167,0.1,0.1,1.8,1.5,0.8,3.6,0.036,0.03638741601115554,485,440,45,108,523,32,473,133,164,523,361,468,400,49,48,22,35,392,2023-24,Regular Season,Defense
1631262,Jules Bernard,Jules,1610612764,WAS,24.0,19,2,17,0.105,7.9,104.9,0.8,0.106,0.17,0.2,0.136,0.1,0.053,3.2,2.8,2.4,8.3,0.043,0.04265471710816576,446,511,199,553,477,67,485,351,313,497,450,504,483,105,117,99,92,346,2023-24,Regular Season,Defense
1630577,Julian Champagnie,Julian,1610612759,SAS,23.0,74,19,55,0.257,19.8,113.5,2.2,0.111,0.159,0.6,0.202,0.6,0.184,7.8,5.4,5.9,23.1,0.058,0.05794085376370656,87,307,560,471,249,326,287,322,348,233,241,139,246,354,294,318,354,266,2023-24,Regular Season,Defense
1641763,Julian Phillips,Julian,1610612741,CHI,20.0,40,20,20,0.5,8.1,111.7,0.6,0.077,0.113,0.2,0.123,0.2,0.167,2.1,2.3,2.4,8.2,0.029,0.028623024371685197,349,297,237,300,476,248,515,499,501,484,482,374,270,63,88,97,91,450,2023-24,Regular Season,Defense
1631124,Julian Strawther,Julian,1610612743,DEN,22.0,50,34,16,0.68,10.9,115.4,1.1,0.096,0.149,0.3,0.218,0.1,0.1,4.4,3.2,3.1,11.2,0.027,0.026737764204155703,291,165,184,70,424,428,438,403,390,397,196,410,400,185,156,134,149,468,2023-24,Regular Season,Defense
203944,Julius Randle,Julius,1610612752,NYK,29.0,46,29,17,0.63,35.4,113.8,7.0,0.198,0.286,0.5,0.099,0.3,0.09,11.7,8.8,11.7,35.7,0.103,0.10281549375597683,315,213,199,121,15,337,19,76,86,288,518,306,424,542,490,565,536,69,2023-24,Regular Season,Defense
1630551,Justin Champagnie,Justin,1610612764,WAS,23.0,15,3,12,0.2,15.7,117.5,2.3,0.141,0.221,0.7,0.323,0.6,0.31,5.7,5.7,4.9,16.3,0.028,0.02809311244309969,467,489,138,510,326,488,277,191,177,223,41,123,118,258,312,261,258,462,2023-24,Regular Season,Defense
203200,Justin Holiday,Justin,1610612743,DEN,35.0,58,38,20,0.655,14.9,109.1,1.1,0.069,0.105,0.6,0.242,0.2,0.081,5.1,4.2,4.7,15.6,0.063,0.06341739764151301,232,124,237,94,341,133,443,519,514,247,139,389,441,225,218,246,244,239,2023-24,Regular Season,Defense
1628382,Justin Jackson,Justin,1610612750,MIN,29.0,2,2,0,1.0,0.4,0.0,0.0,0.0,0.0,0.0,0.0,0.0,0.0,0.0,0.0,0.0,0.0,0.017,0.0172347332077908,555,511,1,1,572,1,557,557,557,539,539,520,520,1,1,1,1,520,2023-24,Regular Season,Defense
1631303,Justin Minaya,Justin,1610612757,POR,25.0,34,3,31,0.088,11.2,108.4,0.8,0.072,0.106,0.3,0.176,0.3,0.37,4.4,3.3,3.4,10.2,0.049,0.0488805040471425,375,489,406,555,416,116,495,514,513,439,325,283,83,181,163,154,128,308,2023-24,Regular Season,Defense
203994,Jusuf Nurkić,Jusuf,1610612756,PHX,29.0,76,48,28,0.632,27.3,111.3,8.1,0.284,0.4,1.1,0.253,1.1,0.359,9.8,6.7,8.0,28.3,0.097,0.0974251706742941,61,36,361,119,139,229,11,10,9,67,112,33,96,459,377,420,426,86,2023-24,Regular Season,Defense
1630231,KJ Martin,KJ,1610612755,PHI,23.0,60,33,27,0.55,12.4,110.5,1.5,0.12,0.194,0.4,0.149,0.2,0.136,4.2,4.3,3.3,13.6,0.048,0.04832300005896158,215,173,344,263,389,188,381,280,240,379,424,354,331,169,231,149,198,318,2023-24,Regular Season,Defense
1629232,Kaiser Gates,Kaiser,1610612740,NOP,27.0,1,0,1,0.0,7.4,88.2,1.0,0.091,0.2,0.0,0.0,0.0,0.0,3.0,4.0,0.0,6.0,0.083,0.08325161702021218,565,560,14,560,484,12,449,433,223,539,539,520,520,96,202,1,69,136,2023-24,Regular Season,Defense
1626157,Karl-Anthony Towns,Karl-Anthony,1610612750,MIN,28.0,62,42,20,0.677,32.7,109.1,6.8,0.204,0.294,0.7,0.147,0.7,0.182,11.1,8.5,8.8,32.1,0.136,0.13613509602451443,200,88,237,73,63,134,20,65,74,213,428,100,248,528,473,463,482,10,2023-24,Regular Season,Defense
202695,Kawhi Leonard,Kawhi,1610612746,LAC,33.0,68,44,24,0.647,34.3,111.1,4.9,0.138,0.205,1.6,0.27,0.9,0.243,10.0,9.5,9.3,33.4,0.122,0.12233972735273142,148,72,282,103,33,219,60,203,216,9,90,56,178,470,526,491,506,29,2023-24,Regular Season,Defense
1631099,Keegan Murray,Keegan,1610612758,SAC,23.0,77,43,34,0.558,33.6,113.4,4.1,0.126,0.178,1.0,0.18,0.8,0.277,11.3,7.1,7.5,34.2,0.099,0.09853683298995225,54,79,446,255,43,320,92,251,284,73,320,77,139,531,395,390,512,78,2023-24,Regular Season,Defense
1628966,Keita Bates-Diop,Keita,1610612751,BKN,28.0,53,29,24,0.547,12.5,113.1,1.5,0.118,0.181,0.5,0.275,0.4,0.224,4.7,3.1,3.9,12.5,0.038,0.038369103115600475,278,213,282,268,387,306,386,286,274,339,81,212,192,195,145,197,177,378,2023-24,Regular Season,Defense
1629640,Keldon Johnson,Keldon,1610612759,SAS,24.0,69,17,52,0.246,29.5,116.1,4.1,0.135,0.198,0.7,0.175,0.3,0.084,10.8,9.1,9.1,33.6,0.065,0.06477080525389393,138,331,551,489,106,456,91,214,227,194,332,289,435,511,505,481,508,228,2023-24,Regular Season,Defense
203482,Kelly Olynyk,Kelly,1610612761,TOR,33.0,78,31,47,0.397,22.5,119.1,3.9,0.169,0.264,0.9,0.264,0.4,0.17,9.9,7.8,7.8,25.2,0.03,0.030402345289405313,43,193,534,391,211,519,104,125,109,99,98,227,266,468,432,406,381,444,2023-24,Regular Season,Defense
1626162,Kelly Oubre Jr.,Kelly,1610612755,PHI,28.0,68,40,28,0.588,30.2,114.0,3.6,0.121,0.183,1.1,0.212,0.7,0.184,9.0,8.8,10.0,30.6,0.085,0.08477076981193704,148,110,361,191,96,351,124,277,270,55,208,93,245,414,492,524,456,126,2023-24,Regular Season,Defense
1631112,Kendall Brown,Kendall,1610612754,IND,21.0,15,10,5,0.667,4.2,103.8,0.1,0.033,0.051,0.0,0.0,0.0,0.0,1.2,0.9,1.4,4.1,0.023,0.023384377196525797,467,403,64,76,533,55,552,551,551,539,539,520,520,29,27,51,42,488,2023-24,Regular Season,Defense
1631254,Kenneth Lofton Jr.,Kenneth,1610612762,UTA,21.0,21,7,14,0.333,9.4,111.2,1.2,0.122,0.195,0.3,0.207,0.2,0.156,3.5,3.8,2.9,10.4,0.035,0.03476564273834014,435,440,162,432,450,227,420,270,235,423,225,327,294,119,190,119,132,399,2023-24,Regular Season,Defense
1629026,Kenrich Williams,Kenrich,1610612760,OKC,29.0,69,49,20,0.71,14.9,106.7,2.1,0.14,0.209,0.6,0.194,0.1,0.067,4.9,4.3,3.8,14.4,0.073,0.07256301577886606,138,29,237,48,340,88,295,196,204,285,268,420,465,213,232,191,213,183,2023-24,Regular Season,Defense
203484,Kentavious Caldwell-Pope,Kentavious,1610612743,DEN,31.0,76,54,22,0.711,31.6,111.0,2.0,0.062,0.09,1.3,0.266,0.6,0.169,9.7,8.3,9.2,33.6,0.114,0.11421845509373443,61,18,262,47,80,215,309,530,538,27,96,147,269,452,462,488,509,43,2023-24,Regular Season,Defense
1631165,Keon Ellis,Keon,1610612758,SAC,24.0,57,33,24,0.579,17.2,109.0,1.6,0.094,0.136,0.9,0.313,0.5,0.282,5.4,3.6,3.8,17.1,0.072,0.07200104713831686,241,173,282,210,292,127,359,417,436,128,49,163,136,245,178,194,270,189,2023-24,Regular Season,Defense
1630553,Keon Johnson,Keon,1610612751,BKN,22.0,5,0,5,0.0,12.3,134.4,0.8,0.078,0.143,0.6,0.3,0.2,0.5,2.2,5.0,4.8,14.8,-0.038,-0.038132429068292964,536,560,64,560,391,568,489,492,409,254,58,354,38,68,275,251,222,569,2023-24,Regular Season,Defense
1630556,Kessler Edwards,Kessler,1610612758,SAC,23.0,54,32,22,0.593,5.1,104.6,0.6,0.126,0.184,0.2,0.204,0.1,0.167,1.9,1.1,1.2,4.6,0.029,0.028701893713738755,271,183,262,183,516,63,512,252,266,479,234,486,270,54,36,44,50,450,2023-24,Regular Season,Defense
201142,Kevin Durant,Kevin,1610612756,PHX,35.0,75,44,31,0.587,37.2,113.3,6.1,0.155,0.229,0.9,0.158,1.2,0.277,14.2,11.0,11.3,39.9,0.111,0.11132268477101599,76,72,406,195,5,316,31,156,161,111,400,20,140,572,569,557,567,48,2023-24,Regular Season,Defense
1628989,Kevin Huerter,Kevin,1610612758,SAC,25.0,64,37,27,0.578,24.4,115.0,2.9,0.124,0.174,0.7,0.177,0.4,0.183,7.8,5.7,5.9,26.8,0.061,0.06112643781297932,185,139,344,214,193,405,190,261,295,206,324,242,247,355,321,319,403,253,2023-24,Regular Season,Defense
1628995,Kevin Knox II,Kevin,1610612757,POR,24.0,31,4,27,0.129,18.1,117.2,1.8,0.108,0.152,0.4,0.171,0.2,0.171,7.0,4.2,5.6,21.0,0.035,0.03525329067574759,392,482,344,549,277,481,328,335,375,353,347,335,265,318,227,303,332,399,2023-24,Regular Season,Defense
201567,Kevin Love,Kevin,1610612748,MIA,35.0,55,31,24,0.564,16.8,108.2,5.1,0.295,0.435,0.3,0.143,0.2,0.213,5.5,3.7,4.0,16.6,0.076,0.07641450372804778,258,193,282,239,303,112,52,6,6,405,434,367,208,246,188,207,262,167,2023-24,Regular Season,Defense
1630284,Kevon Harris,Kevon,1610612753,ORL,27.0,2,1,1,0.5,3.0,133.3,1.0,0.286,0.4,0.0,0.0,0.0,0.0,1.0,2.0,1.0,4.0,-0.01,-0.01010113076189841,555,538,14,300,552,566,449,8,8,539,539,520,520,19,72,27,38,565,2023-24,Regular Season,Defense
1626172,Kevon Looney,Kevon,1610612744,GSW,28.0,74,43,31,0.581,16.1,114.0,3.7,0.222,0.321,0.4,0.187,0.4,0.309,6.1,4.1,5.3,16.0,0.044,0.04438691017016627,87,79,406,205,315,352,112,43,53,376,292,224,119,281,209,279,251,338,2023-24,Regular Season,Defense
1641749,Keyontae Johnson,Keyontae,1610612760,OKC,24.0,9,7,2,0.778,7.4,105.8,0.7,0.095,0.118,0.1,0.1,0.0,0.0,3.7,0.8,3.2,6.9,0.037,0.03710850405649915,498,440,28,25,489,81,505,408,491,514,509,520,520,131,22,144,76,385,2023-24,Regular Season,Defense
1641718,Keyonte George,Keyonte,1610612762,UTA,20.0,75,27,48,0.36,27.0,118.9,2.6,0.095,0.139,0.5,0.148,0.1,0.029,11.0,8.1,11.3,29.9,0.037,0.03710238820738386,76,231,539,418,147,516,230,411,424,331,427,465,511,517,443,555,450,385,2023-24,Regular Season,Defense
203114,Khris Middleton,Khris,1610612749,MIL,32.0,55,31,24,0.564,27.0,114.6,3.9,0.134,0.197,0.9,0.274,0.3,0.088,8.1,8.3,7.7,28.3,0.071,0.07081812465505516,258,193,282,239,144,386,100,215,230,105,82,298,428,372,458,402,429,194,2023-24,Regular Season,Defense
1630165,Killian Hayes,Killian,1610612765,DET,22.0,42,7,35,0.167,24.0,117.6,2.6,0.107,0.158,0.9,0.288,0.5,0.189,9.8,7.2,6.8,28.3,0.043,0.042539888385049816,341,440,461,530,197,490,236,344,351,141,71,179,236,458,403,356,427,346,2023-24,Regular Season,Defense
1630184,Kira Lewis Jr.,Kira,1610612762,UTA,23.0,28,10,18,0.357,9.4,111.1,0.6,0.056,0.092,0.3,0.257,0.1,0.087,3.6,3.0,2.5,9.7,0.035,0.03490577028799042,399,403,215,419,451,216,514,537,535,407,107,490,429,129,130,102,112,399,2023-24,Regular Season,Defense
202691,Klay Thompson,Klay,1610612744,GSW,34.0,77,41,36,0.532,29.7,116.1,2.8,0.093,0.138,0.6,0.161,0.5,0.172,10.5,8.3,9.1,32.1,0.065,0.06546262326335864,54,97,469,284,101,454,202,427,426,232,387,192,261,494,453,483,481,228,2023-24,Regular Season,Defense
1641738,Kobe Brown,Kobe,1610612746,LAC,24.0,44,27,17,0.614,9.0,116.2,1.0,0.105,0.174,0.3,0.2,0.1,0.14,3.5,3.2,3.1,10.5,0.02,0.01962758348162123,326,231,199,155,463,458,468,362,297,432,243,414,325,123,151,135,135,505,2023-24,Regular Season,Defense
1641723,Kobe Bufkin,Kobe,1610612737,ATL,20.0,17,8,9,0.471,11.5,105.0,1.6,0.13,0.196,0.4,0.25,0.3,0.227,4.1,2.6,2.8,11.6,0.062,0.0620749083162376,453,423,118,342,408,69,365,233,234,356,115,283,188,161,105,117,155,246,2023-24,Regular Season,Defense
1628424,Kobi Simmons,Kobi,1610612761,TOR,26.0,4,0,4,0.0,16.9,116.5,1.5,0.09,0.167,1.5,0.4,0.5,0.222,8.8,7.0,9.0,17.5,0.034,0.03395159057674375,542,560,45,560,300,467,381,435,321,12,14,164,194,399,387,476,282,413,2023-24,Regular Season,Defense
1627739,Kris Dunn,Kris,1610612762,UTA,30.0,66,25,41,0.379,18.9,117.2,2.1,0.109,0.162,1.0,0.337,0.4,0.217,7.1,5.3,7.4,20.0,0.036,0.035806668720027475,170,247,507,405,263,483,299,334,341,71,28,205,202,322,293,384,320,392,2023-24,Regular Season,Defense
1631200,Kris Murray,Kris,1610612757,POR,23.0,62,12,50,0.194,21.7,112.1,2.2,0.107,0.16,0.9,0.25,0.3,0.188,8.9,5.7,7.9,22.1,0.072,0.07199422597002465,200,384,544,515,225,266,281,348,344,143,115,253,239,408,316,413,348,189,2023-24,Regular Season,Defense
204001,Kristaps Porziņģis,Kristaps,1610612738,BOS,28.0,57,43,14,0.754,29.6,109.6,5.5,0.163,0.238,0.7,0.193,1.9,0.422,8.2,8.8,9.0,28.5,0.122,0.1217652117542774,241,79,162,33,103,150,45,142,145,195,271,9,62,376,489,476,433,29,2023-24,Regular Season,Defense
203937,Kyle Anderson,Kyle,1610612750,MIN,30.0,79,55,24,0.696,22.6,105.1,2.7,0.116,0.171,0.9,0.228,0.6,0.196,7.6,6.1,5.9,21.0,0.122,0.12239045624721828,30,14,282,57,210,70,220,302,309,125,166,126,223,346,347,316,331,29,2023-24,Regular Season,Defense
1628398,Kyle Kuzma,Kyle,1610612764,WAS,28.0,70,13,57,0.186,32.6,120.8,5.7,0.17,0.271,0.5,0.106,0.7,0.19,11.1,11.7,10.5,41.7,0.027,0.027373331004483317,128,377,566,521,65,543,38,122,102,299,505,88,232,521,572,537,571,468,2023-24,Regular Season,Defense
200768,Kyle Lowry,Kyle,1610612755,PHI,38.0,60,32,28,0.533,28.2,111.6,2.7,0.098,0.145,1.0,0.222,0.4,0.14,9.6,7.2,9.1,26.8,0.096,0.09559595954505228,215,183,361,280,126,243,224,398,402,93,186,245,322,446,399,480,404,89,2023-24,Regular Season,Defense
202681,Kyrie Irving,Kyrie,1610612742,DAL,32.0,58,39,19,0.672,35.0,112.6,4.2,0.116,0.175,1.3,0.25,0.5,0.122,10.1,10.3,10.1,36.0,0.111,0.11054101030369141,232,117,226,74,23,291,85,300,293,29,115,175,363,476,552,530,539,48,2023-24,Regular Season,Defense
1630163,LaMelo Ball,LaMelo,1610612766,CHA,22.0,22,7,15,0.318,32.3,120.2,3.8,0.122,0.179,1.8,0.333,0.2,0.068,10.5,8.6,10.8,36.0,0.034,0.03356622802464448,427,440,168,447,69,538,106,268,278,5,29,367,464,495,477,545,539,413,2023-24,Regular Season,Defense
1630205,Lamar Stevens,Lamar,1610612763,MEM,26.0,38,22,16,0.579,14.7,104.0,2.4,0.148,0.234,0.6,0.219,0.6,0.301,5.9,4.2,4.2,12.9,0.082,0.08225744451715951,361,276,184,210,342,56,257,175,150,250,192,134,121,272,228,216,187,141,2023-24,Regular Season,Defense
1629013,Landry Shamet,Landry,1610612764,WAS,27.0,46,6,40,0.13,15.8,119.2,1.0,0.065,0.097,0.5,0.229,0.2,0.172,5.2,4.7,4.6,19.4,0.02,0.02049512336120701,315,458,501,548,320,524,449,524,528,288,164,345,261,230,257,238,306,505,2023-24,Regular Season,Defense
1626204,Larry Nance Jr.,Larry,1610612740,NOP,31.0,61,34,27,0.557,19.9,108.4,3.5,0.176,0.261,1.0,0.265,0.3,0.186,6.7,4.9,5.6,19.0,0.088,0.08792613081611564,206,165,344,257,248,115,137,111,115,80,97,273,243,312,271,302,300,115,2023-24,Regular Season,Defense
1628374,Lauri Markkanen,Lauri,1610612762,UTA,27.0,55,22,33,0.4,33.1,116.9,5.9,0.176,0.258,0.9,0.195,0.5,0.136,12.8,9.4,12.1,35.9,0.065,0.06514391338157043,258,276,437,385,55,475,33,110,118,114,266,185,332,563,517,566,538,228,2023-24,Regular Season,Defense
2544,LeBron James,LeBron,1610612747,LAL,39.0,71,41,30,0.577,35.3,113.6,6.4,0.172,0.253,1.3,0.231,0.5,0.13,12.5,10.8,11.5,37.0,0.101,0.10144732020290788,118,97,395,215,20,327,24,118,127,31,162,153,345,558,566,559,550,75,2023-24,Regular Season,Defense
1641778,Leaky Black,Leaky,1610612766,CHA,25.0,26,2,24,0.077,10.9,109.2,1.5,0.132,0.195,0.3,0.222,0.4,0.282,3.7,3.3,3.2,11.7,0.046,0.04602295343536553,406,511,282,556,423,135,381,228,236,410,180,207,135,135,158,145,156,329,2023-24,Regular Season,Defense
1631159,Leonard Miller,Leonard,1610612750,MIN,20.0,17,13,4,0.765,3.1,101.7,0.9,0.3,0.455,0.1,0.125,0.1,0.167,1.1,0.6,1.0,3.3,0.021,0.02148352410629617,453,377,45,31,550,45,476,5,3,511,476,498,270,25,17,27,23,497,2023-24,Regular Season,Defense
1631311,Lester Quinones,Lester,1610612744,GSW,23.0,37,24,13,0.649,10.7,109.0,1.4,0.126,0.173,0.2,0.12,0.1,0.04,3.7,2.3,3.6,11.6,0.045,0.04480824009516858,368,257,152,100,432,131,399,255,298,493,486,503,499,134,93,172,154,333,2023-24,Regular Season,Defense
1629623,Lindell Wigginton,Lindell,1610612749,MIL,26.0,3,3,0,1.0,2.5,131.3,0.0,0.0,0.0,0.0,0.0,0.0,0.0,2.7,1.7,3.3,4.0,-0.005,-0.0054515271654335595,549,489,1,1,564,565,557,557,557,539,539,520,520,86,56,150,38,560,2023-24,Regular Season,Defense
1630322,Lindy Waters III,Lindy,1610612760,OKC,26.0,38,25,13,0.658,7.4,111.4,0.9,0.113,0.171,0.1,0.114,0.2,0.241,2.4,2.3,2.9,6.7,0.026,0.02566225853526504,361,247,152,89,488,233,478,310,311,506,493,366,179,72,94,120,74,474,2023-24,Regular Season,Defense
1629022,Lonnie Walker IV,Lonnie,1610612751,BKN,25.0,58,23,35,0.397,17.4,111.8,2.0,0.11,0.165,0.6,0.196,0.3,0.208,6.4,5.2,5.6,17.4,0.06,0.06017145649412789,232,270,461,395,285,250,316,332,330,284,262,249,211,300,285,296,277,255,2023-24,Regular Season,Defense
1629652,Luguentz Dort,Luguentz,1610612760,OKC,25.0,79,54,25,0.684,28.4,112.1,2.7,0.089,0.137,0.9,0.19,0.6,0.152,8.6,9.3,7.8,27.2,0.095,0.09488448175217057,30,18,311,67,123,263,225,441,431,125,283,126,301,388,512,405,415,90,2023-24,Regular Season,Defense
1629029,Luka Dončić,Luka,1610612742,DAL,25.0,70,46,24,0.657,37.5,113.8,8.4,0.218,0.322,1.4,0.257,0.5,0.135,11.1,10.4,12.6,39.5,0.106,0.10641517449819932,128,52,282,92,3,336,8,51,52,14,107,150,334,527,556,570,565,62,2023-24,Regular Season,Defense
1630568,Luka Garza,Luka,1610612750,MIN,25.0,25,17,8,0.68,4.9,108.5,0.5,0.105,0.136,0.2,0.182,0.0,0.167,1.8,1.2,1.6,5.3,0.023,0.02298988895608841,411,331,110,70,521,118,526,356,435,496,310,510,270,47,40,64,61,488,2023-24,Regular Season,Defense
1629677,Luka Samanic,Luka,1610612762,UTA,24.0,43,15,28,0.349,9.4,112.0,1.9,0.177,0.259,0.1,0.089,0.2,0.156,3.8,2.9,3.3,9.6,0.032,0.0322529311948757,330,347,361,424,452,256,325,106,117,513,526,385,295,140,124,146,110,431,2023-24,Regular Season,Defense
1628379,Luke Kennard,Luke,1610612763,MEM,28.0,39,15,24,0.385,25.6,115.2,2.6,0.105,0.163,0.5,0.121,0.1,0.015,9.9,8.1,9.0,27.3,0.063,0.06256392010785368,355,347,282,400,173,416,229,358,336,309,485,505,519,463,446,476,416,239,2023-24,Regular Season,Defense
1628436,Luke Kornet,Luke,1610612738,BOS,28.0,63,48,15,0.762,15.6,109.7,2.3,0.141,0.203,0.4,0.183,1.0,0.526,4.4,4.2,4.2,14.7,0.062,0.06179644345668827,191,36,168,32,327,153,276,189,217,381,308,42,30,182,219,214,217,246,2023-24,Regular Season,Defense
1630201,Malachi Flynn,Malachi,1610612765,DET,26.0,69,28,41,0.406,12.7,114.6,1.3,0.106,0.172,0.6,0.255,0.1,0.088,5.0,4.4,3.5,14.0,0.033,0.032586269183253296,138,221,507,382,384,387,405,350,305,285,110,438,427,219,243,162,207,424,2023-24,Regular Season,Defense
1631103,Malaki Branham,Malaki,1610612759,SAS,21.0,75,18,57,0.24,21.3,117.0,1.6,0.074,0.109,0.4,0.13,0.1,0.038,8.5,6.4,6.5,24.9,0.041,0.04102226658029743,76,316,566,493,229,479,364,505,508,386,470,452,502,386,363,347,374,360,2023-24,Regular Season,Defense
1627763,Malcolm Brogdon,Malcolm,1610612757,POR,31.0,39,15,24,0.385,28.7,114.5,3.1,0.108,0.167,0.7,0.157,0.2,0.07,11.0,8.8,9.1,33.4,0.076,0.07648025648652267,355,347,282,400,119,378,169,340,321,214,403,352,461,518,486,482,505,167,2023-24,Regular Season,Defense
1630608,Malcolm Cazalon,Malcolm,1610612765,DET,22.0,1,0,1,0.0,2.6,100.0,0.0,0.0,0.0,0.0,0.0,0.0,0.0,0.0,2.0,0.0,6.0,0.019,0.019296449116778736,565,560,14,560,563,34,557,557,557,539,539,520,520,1,72,1,69,510,2023-24,Regular Season,Defense
1627736,Malik Beasley,Malik,1610612749,MIL,27.0,79,46,33,0.582,29.6,112.6,3.2,0.098,0.141,0.7,0.187,0.1,0.034,9.0,8.1,9.0,32.1,0.095,0.09529599131251847,30,52,437,203,105,288,166,396,420,186,291,441,504,415,445,475,479,90,2023-24,Regular Season,Defense
1628370,Malik Monk,Malik,1610612758,SAC,26.0,72,42,30,0.583,26.0,115.1,2.6,0.101,0.146,0.6,0.172,0.5,0.229,9.0,6.4,6.3,26.3,0.065,0.06546004267415213,108,88,395,201,166,408,239,384,397,243,342,151,186,413,362,337,393,228,2023-24,Regular Season,Defense
1642013,Malik Williams,Malik,1610612761,TOR,25.0,7,2,5,0.286,15.2,118.1,3.3,0.197,0.28,0.4,0.429,0.6,0.364,7.3,5.7,4.1,14.9,0.024,0.024159881796898066,518,511,64,459,334,503,156,79,92,349,10,136,89,328,319,213,223,483,2023-24,Regular Season,Defense
1629603,Mamadi Diakite,Mamadi,1610612752,NYK,27.0,6,5,1,0.833,4.1,82.7,0.5,0.111,0.143,0.2,0.333,0.2,0.333,1.2,1.2,1.0,2.7,0.05,0.05048005052097244,525,466,14,16,534,8,519,317,409,489,29,381,103,28,38,27,10,302,2023-24,Regular Season,Defense
1641970,Maozinha Pereira,Maozinha,1610612763,MEM,23.0,7,2,5,0.286,17.4,96.5,3.7,0.206,0.274,0.9,0.194,0.6,0.333,7.6,2.1,6.3,13.1,0.137,0.13745046714930997,518,511,64,459,286,22,113,63,98,141,269,136,103,341,82,336,188,9,2023-24,Regular Season,Defense
1630699,MarJon Beauchamp,MarJon,1610612749,MIL,23.0,48,30,18,0.625,12.7,114.5,1.6,0.123,0.186,0.3,0.126,0.1,0.121,4.6,4.2,3.5,13.4,0.034,0.03406431715960561,306,201,215,128,385,379,363,266,260,437,474,401,364,191,223,161,196,413,2023-24,Regular Season,Defense
202694,Marcus Morris Sr.,Marcus,1610612739,CLE,34.0,49,26,23,0.531,16.7,114.6,2.3,0.139,0.213,0.3,0.12,0.3,0.169,5.3,4.7,5.8,17.0,0.043,0.04329433895362194,302,241,272,286,306,388,278,199,197,413,486,304,268,241,258,310,269,346,2023-24,Regular Season,Defense
1631204,Marcus Sasser,Marcus,1610612765,DET,23.0,71,11,60,0.155,19.0,115.7,1.6,0.085,0.128,0.6,0.235,0.2,0.103,7.9,5.6,6.1,21.4,0.044,0.04393253818840521,118,392,568,539,262,438,362,455,465,248,153,379,397,361,302,327,337,338,2023-24,Regular Season,Defense
203935,Marcus Smart,Marcus,1610612763,MEM,30.0,20,7,13,0.35,30.2,109.2,2.4,0.073,0.105,2.1,0.376,0.3,0.065,10.9,8.6,9.8,27.5,0.13,0.12959714415576198,439,440,152,423,95,139,262,508,517,1,16,313,469,515,474,513,418,14,2023-24,Regular Season,Defense
1631109,Mark Williams,Mark,1610612766,CHA,22.0,19,7,12,0.368,26.8,116.4,5.7,0.209,0.311,0.8,0.208,1.1,0.426,9.4,8.9,8.9,30.6,0.057,0.057223003667050444,446,440,138,412,154,464,39,59,57,146,221,33,60,435,493,468,457,269,2023-24,Regular Season,Defense
1628365,Markelle Fultz,Markelle,1610612753,ORL,26.0,43,25,18,0.581,21.2,109.0,1.9,0.094,0.136,1.0,0.239,0.3,0.214,6.7,5.6,6.3,21.1,0.09,0.08963389275095407,330,247,215,204,230,128,320,413,438,96,147,247,205,311,301,339,333,108,2023-24,Regular Season,Defense
202693,Markieff Morris,Markieff,1610612742,DAL,34.0,26,15,11,0.577,8.3,115.1,1.3,0.152,0.227,0.2,0.172,0.1,0.231,3.2,3.1,3.5,9.9,0.021,0.020968531543387847,406,347,134,216,475,409,407,165,164,475,340,439,184,106,144,163,120,497,2023-24,Regular Season,Defense
1641806,Markquis Nowell,Markquis,1610612761,TOR,24.0,1,0,1,0.0,3.5,62.5,0.0,0.0,0.0,1.0,0.5,0.0,0.0,0.0,0.0,0.0,2.0,0.067,0.06678622940923765,565,560,14,560,543,4,557,557,557,80,3,520,520,1,1,1,7,209,2023-24,Regular Season,Defense
1629716,Marques Bolden,Marques,1610612766,CHA,26.0,11,5,6,0.455,11.0,113.5,2.2,0.183,0.293,0.3,0.136,0.6,0.368,4.5,3.4,3.9,12.5,0.032,0.032312381522610276,485,466,80,354,420,325,292,97,79,432,450,109,85,186,168,198,179,431,2023-24,Regular Season,Defense
1628963,Marvin Bagley III,Marvin,1610612764,WAS,25.0,50,7,43,0.14,21.1,115.5,3.6,0.175,0.253,0.4,0.136,0.7,0.363,7.6,5.9,6.3,24.9,0.049,0.04875677577197859,291,440,525,545,233,432,123,113,126,363,454,102,92,343,330,335,374,308,2023-24,Regular Season,Defense
1630222,Mason Jones,Mason,1610612758,SAC,25.0,5,3,2,0.6,5.5,96.6,0.8,0.143,0.211,0.2,0.125,0.0,0.0,3.0,1.0,1.2,3.6,0.044,0.04381142844918634,536,489,28,170,510,23,489,187,201,467,476,520,520,96,30,42,32,338,2023-24,Regular Season,Defense
203486,Mason Plumlee,Mason,1610612746,LAC,34.0,46,29,17,0.63,14.7,115.5,3.8,0.244,0.377,0.3,0.131,0.4,0.266,4.8,4.8,5.5,16.7,0.035,0.03494290101854171,315,213,199,121,343,431,108,21,16,414,468,237,145,205,269,292,264,399,2023-24,Regular Season,Defense
1629680,Matisse Thybulle,Matisse,1610612757,POR,27.0,65,18,47,0.277,22.9,115.1,1.6,0.074,0.121,1.7,0.401,0.8,0.325,9.0,7.5,8.3,26.0,0.057,0.05695202023909099,181,316,534,462,209,411,356,504,480,6,13,81,113,416,417,438,389,269,2023-24,Regular Season,Defense
1630562,Matt Hurt,Matt,1610612763,MEM,24.0,8,2,6,0.25,14.2,104.8,0.9,0.06,0.1,0.4,0.167,0.4,0.25,6.1,5.8,2.8,14.8,0.076,0.07552952888070213,510,511,80,474,352,65,477,532,521,377,361,230,162,284,323,110,219,167,2023-24,Regular Season,Defense
1630346,Matt Ryan,Matt,1610612740,NOP,27.0,28,14,14,0.5,13.9,106.5,1.2,0.079,0.125,0.2,0.098,0.0,0.026,5.7,4.7,4.1,15.0,0.072,0.07154456593696393,399,361,162,300,359,86,428,491,468,462,519,512,514,262,261,210,229,189,2023-24,Regular Season,Defense
1631108,Max Christie,Max,1610612747,LAL,21.0,67,38,29,0.567,14.1,110.3,1.9,0.122,0.175,0.3,0.157,0.3,0.153,5.4,4.3,5.1,14.8,0.055,0.055069048633901524,166,124,381,233,356,180,322,272,290,419,401,311,298,244,233,274,220,278,2023-24,Regular Season,Defense
1629622,Max Strus,Max,1610612739,CLE,28.0,70,43,27,0.614,32.0,109.7,3.9,0.117,0.173,0.9,0.168,0.4,0.134,11.5,8.8,9.5,30.7,0.13,0.1299247179064438,128,79,344,152,74,157,103,290,302,113,356,214,336,535,485,505,458,14,2023-24,Regular Season,Defense
1628467,Maxi Kleber,Maxi,1610612742,DAL,32.0,43,27,16,0.628,20.3,109.9,2.6,0.125,0.179,0.4,0.153,0.7,0.38,6.6,5.1,5.8,20.5,0.081,0.08066934185062001,330,231,184,124,242,164,228,259,279,368,412,90,77,305,282,309,326,146,2023-24,Regular Season,Defense
1641721,Maxwell Lewis,Maxwell,1610612747,LAL,21.0,34,18,16,0.529,3.0,105.8,0.1,0.019,0.03,0.1,0.143,0.0,0.111,1.5,1.2,1.2,3.4,0.016,0.016039516774529625,375,316,184,287,553,79,556,556,556,532,434,518,378,37,41,40,27,522,2023-24,Regular Season,Defense
1630695,Micah Potter,Micah,1610612762,UTA,26.0,16,3,13,0.188,11.6,114.4,2.1,0.168,0.268,0.3,0.167,0.4,0.286,3.8,4.0,3.8,9.6,0.03,0.030419162706523856,461,489,152,517,404,370,301,129,105,446,361,230,129,136,202,187,109,444,2023-24,Regular Season,Defense
1629008,Michael Porter Jr.,Michael,1610612743,DEN,26.0,81,57,24,0.704,31.7,112.1,5.7,0.177,0.253,0.5,0.114,0.7,0.201,9.5,7.9,9.4,33.5,0.104,0.10393407558280884,18,4,282,51,79,265,41,108,125,304,494,106,218,437,435,496,507,66,2023-24,Regular Season,Defense
1628969,Mikal Bridges,Mikal,1610612751,BKN,27.0,82,32,50,0.39,34.8,114.3,3.7,0.105,0.156,1.0,0.209,0.4,0.093,10.7,10.1,11.4,35.4,0.093,0.09345019385071299,2,183,544,397,27,368,114,354,358,89,218,239,416,507,545,558,531,98,2023-24,Regular Season,Defense
201144,Mike Conley,Mike,1610612750,MIN,36.0,76,53,23,0.697,28.9,108.0,2.4,0.081,0.118,1.2,0.262,0.2,0.063,10.3,7.9,7.9,27.8,0.128,0.12790263093157805,61,22,272,55,116,107,259,483,489,50,102,337,472,486,434,410,423,20,2023-24,Regular Season,Defense
203488,Mike Muscala,Mike,1610612760,OKC,33.0,53,17,36,0.321,11.3,114.0,1.6,0.139,0.206,0.2,0.113,0.2,0.26,4.2,3.2,3.7,13.2,0.032,0.03184216697886849,278,331,469,445,415,353,357,200,210,488,495,324,149,166,155,184,192,431,2023-24,Regular Season,Defense
1628970,Miles Bridges,Miles,1610612766,CHA,26.0,69,17,52,0.246,37.4,120.1,6.3,0.176,0.261,0.9,0.185,0.5,0.151,12.9,10.8,10.8,41.5,0.038,0.03846658208059736,138,331,551,489,4,537,27,112,112,102,301,178,302,564,568,546,570,378,2023-24,Regular Season,Defense
1630540,Miles McBride,Miles,1610612752,NYK,23.0,68,42,26,0.618,19.5,110.6,1.0,0.053,0.08,0.7,0.24,0.1,0.064,6.3,5.0,4.9,18.3,0.073,0.07254117854347802,148,88,332,142,257,194,448,541,540,196,142,457,471,292,274,259,291,183,2023-24,Regular Season,Defense
1629011,Mitchell Robinson,Mitchell,1610612752,NYK,26.0,31,19,12,0.613,24.8,116.2,3.9,0.173,0.248,1.2,0.296,1.1,0.686,8.2,5.8,8.1,24.8,0.053,0.05326151399281221,392,307,138,157,187,459,101,114,135,44,65,26,10,373,328,426,371,286,2023-24,Regular Season,Defense
1628964,Mo Bamba,Mo,1610612755,PHI,26.0,57,30,27,0.526,13.0,110.5,2.8,0.218,0.333,0.4,0.171,1.1,0.583,3.7,3.3,4.7,12.1,0.049,0.04865703677542035,241,201,344,290,375,186,206,52,43,373,349,33,18,131,161,250,165,308,2023-24,Regular Season,Defense
1628420,Monte Morris,Monte,1610612750,MIN,29.0,33,21,12,0.636,14.4,104.1,1.5,0.105,0.147,0.6,0.226,0.3,0.132,4.0,3.2,5.1,14.8,0.082,0.08168758979850856,380,289,138,108,347,59,379,360,394,271,172,298,340,157,149,270,221,141,2023-24,Regular Season,Defense
1629021,Moritz Wagner,Moritz,1610612753,ORL,27.0,80,46,34,0.575,17.7,110.8,2.9,0.168,0.257,0.5,0.167,0.3,0.15,6.2,4.4,5.5,17.4,0.066,0.06590947513907555,23,52,446,218,280,205,195,128,121,327,358,305,305,289,240,290,278,217,2023-24,Regular Season,Defense
1629650,Moses Brown,Moses,1610612757,POR,24.0,22,4,18,0.182,9.1,118.9,2.2,0.254,0.366,0.2,0.192,0.3,0.412,4.2,1.5,3.0,9.0,0.013,0.01272132956392352,427,482,215,523,461,517,282,18,22,460,273,267,66,172,49,129,98,530,2023-24,Regular Season,Defense
1630541,Moses Moody,Moses,1610612744,GSW,22.0,66,38,28,0.576,17.5,110.2,2.0,0.108,0.157,0.6,0.237,0.4,0.226,6.0,4.5,5.7,17.1,0.067,0.06724699461085379,170,124,361,217,283,174,315,339,357,238,149,240,189,278,249,304,272,209,2023-24,Regular Season,Defense
1631338,Mouhamadou Gueye,Mouhamadou,1610612761,TOR,25.0,11,0,11,0.0,10.9,110.9,1.0,0.08,0.145,0.3,0.13,1.6,0.818,6.4,4.9,4.8,12.9,0.041,0.040542312102459184,485,560,134,560,426,209,449,484,406,432,469,12,4,297,270,253,186,360,2023-24,Regular Season,Defense
1631243,Mouhamed Gueye,Mouhamed,1610612737,ATL,21.0,6,2,4,0.333,12.1,115.1,2.0,0.188,0.261,0.8,0.5,0.7,0.8,5.8,2.0,4.8,13.7,0.031,0.03084721167571702,525,511,45,432,396,412,309,89,114,150,3,98,5,265,72,254,200,439,2023-24,Regular Season,Defense
1631217,Moussa Diabaté,Moussa,1610612746,LAC,22.0,11,7,4,0.636,5.8,121.1,0.8,0.129,0.25,0.5,0.5,0.1,0.25,3.4,2.3,1.3,5.5,0.004,0.004235412251923735,485,440,45,108,506,546,487,241,133,343,3,468,162,112,91,45,63,551,2023-24,Regular Season,Defense
1626167,Myles Turner,Myles,1610612754,IND,28.0,77,45,32,0.584,27.0,115.5,5.5,0.198,0.291,0.5,0.135,1.9,0.533,8.3,7.5,7.0,32.6,0.063,0.06309988963183942,54,66,425,200,148,430,46,78,81,312,457,10,28,379,412,370,492,239,2023-24,Regular Season,Defense
1630230,Naji Marshall,Naji,1610612740,NOP,26.0,66,41,25,0.621,19.0,106.8,2.8,0.142,0.212,0.7,0.211,0.2,0.113,6.0,5.2,5.6,17.7,0.094,0.09388121396753493,170,97,311,137,261,89,204,188,198,190,210,367,374,276,284,295,287,95,2023-24,Regular Season,Defense
1629642,Nassir Little,Nassir,1610612756,PHX,24.0,45,28,17,0.622,10.2,112.7,1.4,0.12,0.192,0.2,0.132,0.2,0.137,3.6,3.5,2.8,11.0,0.033,0.032504184965277606,323,221,199,136,440,294,402,279,247,461,465,338,329,130,172,116,146,424,2023-24,Regular Season,Defense
1630207,Nate Hinton,Nate,1610612745,HOU,25.0,15,8,7,0.533,5.0,100.0,1.0,0.169,0.217,0.2,0.3,0.1,0.167,1.2,0.8,1.5,4.5,0.038,0.037841081538551334,467,423,93,280,519,34,449,127,182,467,58,418,270,29,23,54,49,378,2023-24,Regular Season,Defense
1631466,Nate Williams,Nate,1610612745,HOU,25.0,22,11,11,0.5,5.9,104.2,0.5,0.071,0.101,0.2,0.19,0.0,0.067,1.4,1.5,1.5,6.1,0.034,0.034409234173286014,427,392,134,300,505,60,519,518,519,480,280,508,466,35,51,52,72,413,2023-24,Regular Season,Defense
1641877,Nathan Mensah,Nathan,1610612766,CHA,26.0,25,3,22,0.12,12.3,114.5,1.4,0.127,0.194,0.2,0.143,0.6,0.5,4.3,3.6,4.2,11.8,0.033,0.0328692725157456,411,489,262,550,393,380,391,245,241,454,434,142,38,176,175,219,158,424,2023-24,Regular Season,Defense
1629675,Naz Reid,Naz,1610612750,MIN,24.0,81,56,25,0.691,24.2,105.5,4.3,0.17,0.252,0.8,0.182,0.9,0.264,8.1,6.5,6.8,23.1,0.128,0.12790730656172136,18,10,311,65,194,76,80,121,128,179,316,50,147,368,369,357,356,20,2023-24,Regular Season,Defense
1629674,Neemias Queta,Neemias,1610612738,BOS,24.0,28,24,4,0.857,11.9,108.3,2.5,0.195,0.284,0.5,0.245,0.8,0.512,2.6,3.0,3.5,10.1,0.053,0.05257870523637823,399,257,45,14,399,114,248,80,90,341,130,83,35,85,142,168,127,286,2023-24,Regular Season,Defense
1629651,Nic Claxton,Nic,1610612751,BKN,25.0,71,27,44,0.38,29.8,114.1,7.2,0.239,0.359,0.6,0.16,2.1,0.575,9.3,8.5,10.6,29.8,0.083,0.08264535371928784,118,231,528,404,99,357,16,27,25,234,391,8,20,427,472,538,448,136,2023-24,Regular Season,Defense
1630208,Nick Richards,Nick,1610612766,CHA,26.0,67,14,53,0.209,26.2,118.2,5.5,0.218,0.327,0.4,0.107,1.1,0.43,9.4,6.9,7.9,29.7,0.041,0.040889371457491996,166,361,555,509,163,506,44,50,47,372,501,29,59,431,384,409,447,360,2023-24,Regular Season,Defense
1641733,Nick Smith Jr.,Nick,1610612766,CHA,20.0,51,9,42,0.176,14.3,114.9,1.1,0.078,0.119,0.2,0.096,0.1,0.1,4.9,4.1,4.1,14.7,0.036,0.03600634309753975,284,412,515,528,350,395,444,495,487,473,521,412,400,216,208,208,216,392,2023-24,Regular Season,Defense
1629638,Nickeil Alexander-Walker,Nickeil,1610612750,MIN,25.0,82,56,26,0.683,23.4,105.5,1.6,0.066,0.097,0.8,0.199,0.5,0.167,7.4,6.0,6.1,21.7,0.124,0.12363449924807317,2,10,332,69,203,77,360,523,527,178,254,160,270,336,340,324,339,25,2023-24,Regular Season,Defense
201587,Nicolas Batum,Nicolas,1610612755,PHI,35.0,60,36,24,0.6,25.5,111.9,3.0,0.115,0.175,0.8,0.189,0.6,0.179,8.0,7.2,7.5,27.1,0.085,0.08543563288192796,215,146,282,170,177,255,183,307,289,167,285,111,253,362,401,388,411,126,2023-24,Regular Season,Defense
203999,Nikola Jokić,Nikola,1610612743,DEN,29.0,79,55,24,0.696,34.6,110.6,9.5,0.27,0.385,1.4,0.26,0.9,0.253,10.6,8.4,10.2,36.5,0.13,0.12977665861327417,30,14,282,57,28,193,2,13,13,20,104,58,160,502,468,532,546,14,2023-24,Regular Season,Defense
1631107,Nikola Jović,Nikola,1610612748,MIA,21.0,46,24,22,0.522,19.5,107.9,3.6,0.186,0.261,0.5,0.169,0.3,0.209,6.0,5.6,4.7,19.4,0.088,0.08759973402797877,315,257,262,294,258,106,125,94,113,288,352,280,210,277,304,248,305,115,2023-24,Regular Season,Defense
202696,Nikola Vučević,Nikola,1610612741,CHI,33.0,76,36,40,0.474,34.3,115.7,7.8,0.229,0.339,0.7,0.129,0.8,0.252,11.1,9.7,9.5,32.6,0.079,0.07866611070936382,61,146,501,340,31,437,13,37,37,229,472,71,161,525,533,503,491,153,2023-24,Regular Season,Defense
1641730,Noah Clowney,Noah,1610612751,BKN,19.0,23,10,13,0.435,16.1,111.7,2.4,0.146,0.228,0.3,0.145,0.7,0.348,5.9,6.0,6.4,15.8,0.056,0.05592709521343613,420,403,152,369,316,246,258,182,163,394,432,91,99,271,339,342,248,274,2023-24,Regular Season,Defense
1626181,Norman Powell,Norman,1610612746,LAC,31.0,76,48,28,0.632,26.2,113.0,2.4,0.085,0.13,0.6,0.136,0.3,0.096,8.7,7.8,8.1,27.0,0.082,0.08196516221821501,61,36,361,119,164,300,261,454,458,277,453,290,413,397,429,427,408,141,2023-24,Regular Season,Defense
1628384,OG Anunoby,OG,1610612752,NYK,26.0,50,31,19,0.62,34.0,107.2,3.2,0.091,0.131,1.4,0.245,0.7,0.206,10.6,9.3,9.6,35.3,0.164,0.16391282973379304,291,193,226,139,35,94,160,432,457,21,131,87,212,500,513,508,528,1,2023-24,Regular Season,Defense
1630167,Obi Toppin,Obi,1610612754,IND,26.0,82,47,35,0.573,21.1,116.6,2.9,0.137,0.212,0.6,0.165,0.5,0.197,7.1,6.3,6.6,27.0,0.044,0.04375017935104951,2,45,461,222,232,469,197,210,199,273,372,157,222,323,355,349,409,338,2023-24,Regular Season,Defense
1630534,Ochai Agbaji,Ochai,1610612761,TOR,24.0,78,31,47,0.397,21.0,117.2,1.8,0.083,0.127,0.6,0.209,0.6,0.222,8.6,7.3,6.8,23.5,0.04,0.03968087853353135,43,193,534,391,234,482,332,469,467,253,216,141,194,394,407,361,357,366,2023-24,Regular Season,Defense
1630846,Olivier Sarr,Olivier,1610612760,OKC,25.0,15,8,7,0.533,6.5,105.8,1.7,0.241,0.342,0.0,0.0,0.5,0.538,3.6,1.8,2.7,5.2,0.034,0.03361120824940379,467,423,93,280,498,80,342,25,35,539,539,188,26,126,62,109,59,413,2023-24,Regular Season,Defense
1641765,Olivier-Maxence Prosper,Olivier-Maxence,1610612742,DAL,21.0,40,24,16,0.6,8.4,112.8,1.4,0.153,0.22,0.2,0.167,0.1,0.174,2.8,2.6,3.2,9.5,0.027,0.02695604668260791,349,257,184,170,472,295,404,164,179,484,361,459,258,90,109,140,106,468,2023-24,Regular Season,Defense
1630209,Omer Yurtseven,Omer,1610612762,UTA,26.0,48,17,31,0.354,11.4,117.2,2.8,0.255,0.371,0.2,0.125,0.4,0.36,4.6,3.0,4.3,12.8,0.021,0.02105200206452876,306,331,406,421,413,480,204,17,18,489,476,230,93,191,129,230,183,497,2023-24,Regular Season,Defense
1641931,Onuralp Bitim,Onuralp,1610612741,CHI,25.0,23,11,12,0.478,11.7,115.1,1.1,0.096,0.145,0.1,0.075,0.1,0.105,4.3,3.8,3.6,11.0,0.029,0.029370269124335248,420,392,138,336,403,410,437,402,403,507,533,475,390,180,193,176,144,450,2023-24,Regular Season,Defense
1630168,Onyeka Okongwu,Onyeka,1610612737,ATL,23.0,55,23,32,0.418,25.5,119.0,4.2,0.169,0.252,0.5,0.116,1.1,0.504,8.7,7.5,8.3,28.8,0.035,0.034694057626426356,258,270,425,372,176,518,87,126,129,338,491,31,37,398,413,440,437,399,2023-24,Regular Season,Defense
1631115,Orlando Robinson,Orlando,1610612748,MIA,23.0,36,20,16,0.556,8.4,109.6,1.6,0.189,0.276,0.2,0.179,0.2,0.444,3.3,2.6,2.1,7.6,0.035,0.03463054049551143,370,297,184,259,471,149,370,88,96,474,321,338,55,111,110,88,87,399,2023-24,Regular Season,Defense
1631131,Oscar Tshiebwe,Oscar,1610612754,IND,24.0,8,2,6,0.25,5.2,98.9,1.0,0.229,0.32,0.3,0.167,0.1,0.143,1.5,0.9,2.9,4.8,0.039,0.03922258992937093,510,511,80,474,513,30,449,38,54,446,361,422,313,38,28,121,56,375,2023-24,Regular Season,Defense
1629052,Oshae Brissett,Oshae,1610612738,BOS,26.0,55,46,9,0.836,11.5,106.4,1.8,0.148,0.215,0.3,0.196,0.1,0.113,3.4,3.0,3.5,12.4,0.059,0.058647768684526085,258,52,118,15,410,84,333,176,190,395,264,402,376,118,134,160,173,260,2023-24,Regular Season,Defense
203490,Otto Porter Jr.,Otto,1610612761,TOR,31.0,15,6,9,0.4,11.6,107.5,1.5,0.13,0.184,0.3,0.143,0.3,0.25,3.9,3.2,3.3,10.9,0.055,0.05473893504781267,467,458,118,385,406,99,375,237,269,398,434,256,162,149,153,147,143,278,2023-24,Regular Season,Defense
1631172,Ousmane Dieng,Ousmane,1610612760,OKC,21.0,33,21,12,0.636,11.1,109.0,1.2,0.105,0.162,0.2,0.154,0.2,0.116,4.2,3.0,3.4,11.2,0.046,0.046204329388257914,380,289,138,108,419,129,418,359,340,453,410,392,370,163,131,157,147,329,2023-24,Regular Season,Defense
200782,P.J. Tucker,P.J.,1610612746,LAC,39.0,31,13,18,0.419,15.7,113.7,1.8,0.116,0.171,0.5,0.2,0.2,0.135,5.6,4.1,6.7,16.5,0.045,0.04513100118276652,392,377,215,371,324,333,328,294,308,306,243,335,335,256,210,351,260,333,2023-24,Regular Season,Defense
1629023,P.J. Washington,P.J.,1610612742,DAL,25.0,73,30,43,0.411,30.4,115.6,4.5,0.147,0.216,1.0,0.218,0.8,0.223,10.2,8.6,8.9,31.6,0.07,0.07004416736973898,99,201,525,377,93,434,74,180,189,90,197,67,193,482,475,470,472,197,2023-24,Regular Season,Defense
1631094,Paolo Banchero,Paolo,1610612753,ORL,21.0,80,46,34,0.575,35.0,111.9,5.9,0.178,0.257,0.9,0.148,0.6,0.158,11.7,9.1,10.7,35.0,0.118,0.1181225884197743,23,52,446,218,24,253,34,105,122,133,426,129,290,540,503,542,526,39,2023-24,Regular Season,Defense
1627783,Pascal Siakam,Pascal,1610612754,IND,30.0,80,38,42,0.475,33.2,115.3,5.3,0.159,0.233,0.8,0.168,0.3,0.091,10.2,9.2,8.9,37.8,0.078,0.07804061207716453,23,124,515,339,53,425,48,151,151,173,355,272,419,483,507,467,555,157,2023-24,Regular Season,Defense
1626192,Pat Connaughton,Pat,1610612749,MIL,31.0,76,45,31,0.592,22.1,115.9,2.5,0.112,0.164,0.5,0.162,0.3,0.123,6.6,6.2,6.2,23.6,0.049,0.049356977507746425,61,66,406,184,221,446,246,316,335,300,379,313,360,304,350,331,359,308,2023-24,Regular Season,Defense
1630311,Pat Spencer,Pat,1610612744,GSW,27.0,6,4,2,0.667,4.3,111.1,0.3,0.077,0.154,0.0,0.0,0.0,0.0,1.3,1.7,1.7,4.7,0.015,0.015465368187308296,525,482,28,76,531,220,537,498,367,539,539,520,520,32,56,65,53,526,2023-24,Regular Season,Defense
1631116,Patrick Baldwin Jr.,Patrick,1610612764,WAS,21.0,38,6,32,0.158,13.0,111.0,2.8,0.201,0.299,0.5,0.198,0.4,0.268,4.8,3.4,4.3,13.3,0.048,0.04762853101768485,361,458,425,536,376,212,212,70,67,337,259,223,144,212,169,225,193,318,2023-24,Regular Season,Defense
201976,Patrick Beverley,Patrick,1610612749,MIL,35.0,73,43,30,0.589,20.0,112.2,2.6,0.125,0.193,0.6,0.174,0.4,0.181,5.9,5.9,5.5,19.2,0.064,0.06420829849786813,99,79,395,190,246,271,233,260,246,259,334,204,250,273,337,294,302,234,2023-24,Regular Season,Defense
1630172,Patrick Williams,Patrick,1610612741,CHI,22.0,43,19,24,0.442,27.3,115.5,2.8,0.105,0.152,0.9,0.223,0.8,0.297,8.9,7.3,8.4,26.5,0.064,0.06423653534877084,330,307,282,365,140,429,211,356,376,104,178,76,124,405,405,445,396,234,2023-24,Regular Season,Defense
201988,Patty Mills,Patty,1610612748,MIA,35.0,32,15,17,0.469,13.0,109.5,0.8,0.066,0.092,0.6,0.267,0.0,0.038,4.2,3.2,3.2,13.2,0.054,0.05419253326370864,385,347,199,344,377,146,488,522,537,243,95,515,500,168,152,142,189,282,2023-24,Regular Season,Defense
202331,Paul George,Paul,1610612746,LAC,34.0,74,48,26,0.649,33.8,112.1,4.7,0.138,0.202,1.5,0.269,0.5,0.14,10.1,9.2,9.3,33.0,0.111,0.11099728604450029,87,36,332,100,41,261,65,209,219,11,94,164,324,480,506,490,499,48,2023-24,Regular Season,Defense
1630194,Paul Reed,Paul,1610612755,PHI,25.0,82,47,35,0.573,19.4,112.0,3.6,0.194,0.293,0.8,0.228,1.0,0.414,5.5,5.7,6.0,20.5,0.064,0.0643723968627487,2,45,461,222,260,259,127,81,77,161,169,37,64,250,317,320,327,234,2023-24,Regular Season,Defense
1630202,Payton Pritchard,Payton,1610612738,BOS,26.0,82,64,18,0.78,22.3,109.2,2.4,0.103,0.152,0.5,0.155,0.1,0.026,6.0,5.9,5.6,22.2,0.091,0.09148104735571387,2,1,215,23,218,136,260,369,374,334,408,488,513,279,335,300,349,105,2023-24,Regular Season,Defense
1631250,Pete Nance,Pete,1610612739,CLE,24.0,8,3,5,0.375,3.4,103.8,0.4,0.136,0.167,0.1,1.0,0.0,0.0,1.6,0.6,1.0,2.8,0.018,0.01843864719203809,510,489,64,407,545,54,534,212,321,508,1,520,520,44,16,27,14,515,2023-24,Regular Season,Defense
1631212,Peyton Watson,Peyton,1610612743,DEN,21.0,80,56,24,0.7,18.6,109.7,2.5,0.121,0.191,0.5,0.205,1.1,0.402,6.8,6.0,4.9,19.0,0.075,0.07548990005290757,23,10,282,52,266,158,244,274,248,302,230,30,71,314,338,256,299,172,2023-24,Regular Season,Defense
1630173,Precious Achiuwa,Precious,1610612752,NYK,24.0,74,40,34,0.541,21.9,112.3,4.0,0.182,0.277,0.6,0.185,0.9,0.405,7.4,6.2,6.3,22.0,0.072,0.07169505361199782,87,110,446,275,223,275,96,98,95,246,304,48,70,332,353,338,346,189,2023-24,Regular Season,Defense
1629656,Quentin Grimes,Quentin,1610612765,DET,24.0,51,32,19,0.627,20.1,109.1,1.7,0.08,0.119,0.7,0.24,0.1,0.08,6.1,5.7,6.2,20.4,0.082,0.08170494145016761,284,183,226,125,244,132,349,486,486,216,143,412,443,285,322,333,322,141,2023-24,Regular Season,Defense
1631245,Quenton Jackson,Quenton,1610612754,IND,25.0,3,3,0,1.0,3.5,79.2,1.3,0.308,0.444,0.3,0.5,0.0,0.0,1.3,0.0,1.7,3.3,0.048,0.04753083439032266,549,489,1,1,544,5,408,4,4,398,3,520,520,32,1,65,24,318,2023-24,Regular Season,Defense
1630181,R.J. Hampton,R.J.,1610612748,MIA,23.0,8,3,5,0.375,9.5,107.8,0.5,0.045,0.065,0.0,0.0,0.0,0.0,4.3,2.5,3.6,9.8,0.043,0.04308617189791251,510,489,64,407,448,104,519,545,548,539,539,520,520,174,101,178,114,346,2023-24,Regular Season,Defense
1629628,RJ Barrett,RJ,1610612761,TOR,24.0,58,26,32,0.448,31.7,116.9,4.5,0.14,0.213,0.5,0.107,0.4,0.134,10.7,9.8,10.6,35.1,0.062,0.06233259158965137,232,241,425,357,78,476,72,198,196,297,502,228,337,506,538,540,527,246,2023-24,Regular Season,Defense
1630564,RaiQuan Gray,RaiQuan,1610612759,SAS,24.0,3,2,1,0.667,13.0,113.6,1.7,0.111,0.167,0.3,0.25,0.3,0.5,2.0,3.7,3.0,10.7,0.037,0.036607426849023676,549,511,14,76,372,328,349,317,321,398,115,256,38,55,184,129,139,385,2023-24,Regular Season,Defense
1641712,Rayan Rupert,Rayan,1610612757,POR,20.0,39,7,32,0.179,16.2,114.0,1.7,0.115,0.17,0.3,0.12,0.1,0.07,6.4,4.4,5.4,16.3,0.045,0.04543370872092891,355,440,425,527,313,354,341,304,315,410,486,483,460,295,242,287,259,333,2023-24,Regular Season,Defense
203493,Reggie Bullock Jr.,Reggie,1610612745,HOU,33.0,44,24,20,0.545,9.5,113.0,1.5,0.157,0.224,0.3,0.179,0.1,0.125,3.2,2.7,3.0,10.3,0.03,0.02954281808630874,326,257,237,270,449,303,376,153,171,432,322,442,352,104,111,133,130,444,2023-24,Regular Season,Defense
202704,Reggie Jackson,Reggie,1610612743,DEN,34.0,82,57,25,0.695,22.2,110.6,1.5,0.063,0.095,0.5,0.17,0.1,0.059,7.8,6.3,5.8,22.3,0.084,0.08406609552598258,2,4,311,60,219,195,388,528,532,295,350,399,475,351,355,307,350,131,2023-24,Regular Season,Defense
1626158,Richaun Holmes,Richaun,1610612764,WAS,30.0,40,13,27,0.325,13.9,115.8,2.8,0.198,0.297,0.3,0.136,0.5,0.422,5.2,3.9,4.6,15.3,0.031,0.030747140659372573,349,377,344,443,361,444,214,75,71,430,455,181,61,233,195,240,237,439,2023-24,Regular Season,Defense
1641741,Ricky Council IV,Ricky,1610612755,PHI,22.0,32,15,17,0.469,9.0,109.8,1.0,0.115,0.168,0.3,0.157,0.0,0.029,2.6,2.4,2.8,9.7,0.038,0.037515092231586396,385,347,199,344,462,161,449,306,319,446,404,515,510,83,98,115,111,378,2023-24,Regular Season,Defense
203496,Robert Covington,Robert,1610612755,PHI,33.0,29,20,9,0.69,16.8,103.6,2.3,0.127,0.198,1.3,0.368,0.6,0.327,6.1,5.0,5.6,16.0,0.098,0.0978542365603613,397,297,118,66,301,52,274,247,228,22,19,118,112,286,275,296,252,82,2023-24,Regular Season,Defense
1629057,Robert Williams III,Robert,1610612757,POR,26.0,6,2,4,0.333,19.8,114.9,4.5,0.227,0.346,1.2,0.318,1.2,0.467,7.5,4.3,8.2,20.7,0.051,0.05112026564150788,525,511,45,432,250,396,73,40,32,48,44,23,50,339,235,430,328,294,2023-24,Regular Season,Defense
201577,Robin Lopez,Robin,1610612749,MIL,36.0,16,10,6,0.625,4.0,115.9,0.1,0.03,0.05,0.1,0.1,0.2,0.75,1.6,1.9,1.3,3.6,0.009,0.0090836461842425,461,403,80,128,535,448,554,552,552,530,509,364,6,42,69,47,34,540,2023-24,Regular Season,Defense
1631199,Ron Harper Jr.,Ron,1610612761,TOR,24.0,1,1,0,1.0,3.7,188.9,0.0,0.0,0.0,0.0,0.0,0.0,0.0,5.0,5.0,1.0,10.0,-0.08,-0.08000525564962617,565,538,1,1,540,572,557,557,557,539,539,520,520,219,275,27,122,571,2023-24,Regular Season,Defense
1626220,Royce O'Neale,Royce,1610612756,PHX,31.0,79,38,41,0.481,24.7,110.4,4.0,0.155,0.231,0.7,0.186,0.6,0.19,9.0,6.5,7.6,23.7,0.095,0.09504049856477217,30,124,507,334,188,184,95,155,157,186,298,145,230,417,372,392,362,90,2023-24,Regular Season,Defense
203497,Rudy Gobert,Rudy,1610612750,MIN,32.0,76,53,23,0.697,34.1,106.6,9.2,0.256,0.368,0.7,0.132,2.1,0.5,12.1,8.7,9.3,30.9,0.164,0.164468617344059,61,22,272,55,34,87,4,16,19,217,464,6,38,550,484,493,462,1,2023-24,Regular Season,Defense
1629060,Rui Hachimura,Rui,1610612747,LAL,26.0,68,40,28,0.588,26.8,113.5,3.5,0.121,0.177,0.6,0.152,0.4,0.123,8.8,8.1,8.2,28.9,0.078,0.07792523247312567,148,110,361,191,151,324,140,275,285,252,415,238,359,400,447,431,440,157,2023-24,Regular Season,Defense
201566,Russell Westbrook,Russell,1610612746,LAC,35.0,68,45,23,0.662,22.5,112.8,3.7,0.154,0.232,1.1,0.282,0.3,0.151,7.4,7.1,8.0,24.3,0.073,0.0728640101233148,148,66,272,88,212,296,120,158,153,60,75,254,303,337,392,423,367,183,2023-24,Regular Season,Defense
1627853,Ryan Arcidiacono,Ryan,1610612752,NYK,30.0,20,15,5,0.75,2.3,80.0,0.4,0.138,0.216,0.1,0.2,0.0,0.0,0.8,0.7,0.2,2.2,0.029,0.02948292855025303,439,347,64,34,567,6,533,206,185,518,243,520,520,13,18,14,8,450,2023-24,Regular Season,Defense
1631157,Ryan Rollins,Ryan,1610612749,MIL,21.0,13,1,12,0.077,6.0,83.4,0.8,0.133,0.22,0.8,0.345,0.2,0.188,1.5,1.4,1.4,4.2,0.074,0.07351484063727,480,538,138,556,503,10,483,221,178,182,23,331,239,40,46,50,43,175,2023-24,Regular Season,Defense
1630240,Saben Lee,Saben,1610612756,PHX,25.0,24,15,9,0.625,7.7,101.5,0.9,0.103,0.165,0.3,0.292,0.1,0.091,3.4,2.2,2.3,7.3,0.05,0.05012985948612373,416,347,118,128,479,44,472,372,329,421,69,422,419,115,83,95,81,302,2023-24,Regular Season,Defense
1630180,Saddiq Bey,Saddiq,1610612737,ATL,25.0,63,28,35,0.444,32.7,119.1,3.9,0.119,0.179,0.8,0.173,0.2,0.057,11.1,9.7,10.9,38.1,0.043,0.043367015483580684,191,221,461,359,59,523,105,283,280,162,336,375,479,523,535,550,557,346,2023-24,Regular Season,Defense
1630573,Sam Hauser,Sam,1610612738,BOS,26.0,79,62,17,0.785,22.0,107.1,2.9,0.122,0.178,0.5,0.167,0.3,0.104,6.1,6.1,5.0,21.7,0.105,0.10477612124711307,30,2,199,21,222,92,187,269,283,313,359,269,393,287,343,268,340,63,2023-24,Regular Season,Defense
1630241,Sam Merrill,Sam,1610612739,CLE,28.0,61,36,25,0.59,17.5,111.1,1.6,0.091,0.132,0.3,0.138,0.1,0.044,6.2,4.2,5.3,17.0,0.062,0.06200994256652898,206,146,311,187,282,223,361,431,452,409,448,496,492,291,216,281,268,246,2023-24,Regular Season,Defense
1630572,Sandro Mamukelashvili,Sandro,1610612759,SAS,25.0,46,12,34,0.261,9.8,101.3,2.2,0.209,0.295,0.2,0.108,0.3,0.218,3.5,2.9,2.4,9.8,0.064,0.06368732098153841,315,384,446,470,447,42,286,60,73,500,500,306,200,124,126,96,117,234,2023-24,Regular Season,Defense
1630583,Santi Aldama,Santi,1610612763,MEM,23.0,61,23,38,0.377,26.5,114.6,4.6,0.173,0.271,0.7,0.167,0.9,0.25,10.0,7.8,8.2,26.1,0.069,0.06867705509844997,206,270,488,406,157,383,69,115,103,205,360,55,162,475,431,433,391,200,2023-24,Regular Season,Defense
1628426,Sasha Vezenkov,Sasha,1610612758,SAC,28.0,42,22,20,0.524,12.2,112.6,1.6,0.129,0.201,0.5,0.317,0.2,0.14,4.7,3.0,3.6,12.3,0.04,0.03982995155598078,341,276,237,293,395,290,367,239,220,333,46,381,322,202,143,173,169,366,2023-24,Regular Season,Defense
1630703,Scoot Henderson,Scoot,1610612757,POR,20.0,62,18,44,0.29,28.5,119.6,2.3,0.083,0.132,0.8,0.176,0.2,0.088,11.6,8.6,10.4,32.2,0.034,0.03380892791527386,200,316,528,458,121,532,275,467,451,181,329,350,425,538,478,536,484,413,2023-24,Regular Season,Defense
1630567,Scottie Barnes,Scottie,1610612761,TOR,22.0,60,22,38,0.367,34.9,115.8,5.9,0.167,0.251,1.3,0.228,1.5,0.381,11.4,10.8,9.0,38.8,0.08,0.07951660971950762,215,276,488,414,25,442,35,132,132,32,168,15,76,533,565,472,560,150,2023-24,Regular Season,Defense
1630590,Scotty Pippen Jr.,Scotty,1610612763,MEM,23.0,21,5,16,0.238,25.1,112.2,2.1,0.088,0.132,1.7,0.33,0.5,0.149,10.1,6.4,10.1,24.0,0.083,0.08292855537324037,435,466,184,496,182,269,296,444,454,7,38,179,307,479,367,528,365,136,2023-24,Regular Season,Defense
203552,Seth Curry,Seth,1610612766,CHA,33.0,44,25,19,0.568,14.0,107.5,1.1,0.078,0.12,0.5,0.206,0.1,0.097,4.8,4.3,4.4,14.2,0.066,0.0659228003135406,326,247,226,231,358,96,435,494,485,314,228,414,410,207,238,231,210,217,2023-24,Regular Season,Defense
1641754,Seth Lundy,Seth,1610612737,ATL,24.0,9,2,7,0.222,5.8,114.4,0.7,0.118,0.188,0.0,0.0,0.0,0.0,3.6,1.9,1.8,8.0,0.015,0.015489493510495509,498,511,93,502,508,375,505,287,257,539,539,520,520,125,66,69,88,526,2023-24,Regular Season,Defense
1631101,Shaedon Sharpe,Shaedon,1610612757,POR,21.0,32,8,24,0.25,33.1,116.0,3.7,0.116,0.186,0.9,0.159,0.4,0.124,12.2,10.3,11.5,39.2,0.074,0.07372926604017946,385,423,282,474,54,453,119,297,261,139,394,230,357,553,551,560,562,175,2023-24,Regular Season,Defense
1628983,Shai Gilgeous-Alexander,Shai,1610612760,OKC,25.0,75,55,20,0.733,34.0,109.7,4.7,0.128,0.197,2.0,0.328,0.9,0.19,9.6,10.7,8.4,32.5,0.138,0.13766280782496035,76,14,237,41,36,155,66,242,231,3,40,53,234,444,564,447,488,8,2023-24,Regular Season,Defense
1629003,Shake Milton,Shake,1610612752,NYK,27.0,48,32,16,0.667,12.1,109.4,1.3,0.102,0.145,0.4,0.209,0.1,0.082,4.3,3.6,3.9,12.3,0.053,0.053067058063988704,306,183,184,76,397,143,414,380,405,367,217,422,437,178,182,195,170,286,2023-24,Regular Season,Defense
1627885,Shaquille Harrison,Shaquille,1610612763,MEM,30.0,3,1,2,0.333,2.0,121.4,0.7,0.4,0.5,0.0,0.0,0.3,1.0,0.0,0.3,1.0,2.7,0.001,0.0014699746680582524,549,538,28,432,569,550,505,1,1,539,539,256,1,1,8,27,10,556,2023-24,Regular Season,Defense
1631321,Sidy Cissoko,Sidy,1610612759,SAS,20.0,12,5,7,0.417,11.7,97.1,1.2,0.082,0.121,0.6,0.28,0.3,0.214,4.9,4.2,3.8,11.8,0.092,0.09201824048582358,482,466,93,373,402,25,432,475,481,264,76,313,205,217,217,193,159,101,2023-24,Regular Season,Defense
1631323,Simone Fontecchio,Simone,1610612765,DET,28.0,66,29,37,0.439,24.9,114.5,2.8,0.107,0.154,0.7,0.171,0.3,0.128,8.7,6.5,9.2,27.2,0.067,0.06651015191353023,170,213,475,366,185,376,217,347,366,223,346,248,349,396,370,485,414,209,2023-24,Regular Season,Defense
1630219,Skylar Mays,Skylar,1610612747,LAL,26.0,38,14,24,0.368,11.4,114.2,0.9,0.082,0.135,0.6,0.3,0.1,0.093,4.2,3.1,4.7,13.2,0.03,0.030446935290890997,361,361,282,412,411,361,478,472,441,283,58,453,417,167,147,249,190,444,2023-24,Regular Season,Defense
203915,Spencer Dinwiddie,Spencer,1610612747,LAL,31.0,76,38,38,0.5,28.3,115.2,2.3,0.077,0.114,0.7,0.196,0.3,0.085,8.4,8.3,8.7,29.9,0.067,0.06747231063673662,61,124,488,300,124,419,270,496,499,221,263,290,433,380,462,458,451,209,2023-24,Regular Season,Defense
1630649,Stanley Umude,Stanley,1610612765,DET,25.0,24,4,20,0.167,12.8,113.8,1.8,0.13,0.188,0.3,0.229,0.3,0.241,5.8,2.8,4.3,13.7,0.038,0.037652814675929916,416,482,237,530,381,335,335,235,255,398,165,287,179,263,122,223,200,378,2023-24,Regular Season,Defense
201939,Stephen Curry,Stephen,1610612744,GSW,36.0,74,43,31,0.581,32.7,114.7,4.0,0.116,0.169,0.7,0.161,0.4,0.126,12.2,8.8,11.0,34.2,0.085,0.08542561616830333,87,79,406,205,60,390,99,301,316,200,388,229,351,556,487,551,515,126,2023-24,Regular Season,Defense
1629004,Svi Mykhailiuk,Svi,1610612738,BOS,27.0,41,32,9,0.78,10.1,103.4,1.0,0.093,0.137,0.3,0.147,0.0,0.022,3.4,2.4,2.6,9.8,0.059,0.05899011347901353,346,183,118,23,443,50,466,424,432,438,430,519,516,113,99,108,115,260,2023-24,Regular Season,Defense
204456,T.J. McConnell,T.J.,1610612754,IND,32.0,71,40,31,0.563,18.2,115.2,2.2,0.125,0.194,1.0,0.32,0.1,0.057,6.1,5.7,5.0,22.0,0.045,0.04480903394801021,118,110,406,241,274,414,291,258,239,76,42,443,478,282,315,265,345,333,2023-24,Regular Season,Defense
203933,T.J. Warren,T.J.,1610612750,MIN,30.0,11,7,4,0.636,11.3,97.4,1.5,0.132,0.177,0.4,0.16,0.1,0.077,3.3,2.3,3.8,12.5,0.09,0.08994449659920879,485,440,45,108,414,26,371,227,286,383,389,468,447,109,91,192,179,108,2023-24,Regular Season,Defense
201959,Taj Gibson,Taj,1610612765,DET,39.0,20,8,12,0.4,10.2,107.1,1.3,0.125,0.168,0.2,0.1,0.4,0.438,2.4,1.9,2.9,8.5,0.049,0.04876464916804516,439,423,138,385,439,93,416,257,318,501,509,245,56,73,67,125,94,308,2023-24,Regular Season,Defense
1629659,Talen Horton-Tucker,Talen,1610612762,UTA,23.0,51,14,37,0.275,19.8,117.9,2.0,0.094,0.146,0.9,0.298,0.4,0.146,8.0,6.2,6.4,20.0,0.033,0.03258904301247974,284,361,475,464,254,497,317,416,399,136,64,235,312,366,351,343,317,424,2023-24,Regular Season,Defense
1631106,Tari Eason,Tari,1610612745,HOU,23.0,22,12,10,0.545,21.8,103.1,4.9,0.203,0.298,1.4,0.369,0.9,0.333,6.4,6.5,3.9,20.4,0.13,0.13018877047484118,427,384,130,270,224,48,61,66,70,16,18,57,103,299,368,198,323,14,2023-24,Regular Season,Defense
1627752,Taurean Prince,Taurean,1610612747,LAL,30.0,78,44,34,0.564,27.0,116.5,2.7,0.095,0.141,0.7,0.184,0.4,0.15,9.3,8.4,10.0,29.5,0.056,0.055841283630934054,43,72,446,237,145,465,223,407,421,188,306,196,304,425,469,523,446,274,2023-24,Regular Season,Defense
1641707,Taylor Hendricks,Taylor,1610612762,UTA,20.0,40,13,27,0.325,21.4,118.2,3.5,0.159,0.232,0.7,0.239,0.8,0.33,9.4,6.5,8.8,23.0,0.034,0.0337091277671693,349,377,344,443,227,507,139,150,154,209,144,83,111,430,370,461,353,413,2023-24,Regular Season,Defense
1631386,Taze Moore,Taze,1610612757,POR,26.0,4,1,3,0.25,10.1,122.2,1.0,0.108,0.182,0.5,0.182,0.0,0.0,3.8,4.3,4.3,10.5,0.005,0.0046600636658212955,542,538,39,474,442,553,449,337,273,314,310,520,520,136,229,223,135,550,2023-24,Regular Season,Defense
1629611,Terance Mann,Terance,1610612746,LAC,27.0,75,47,28,0.627,25.0,114.8,2.2,0.088,0.128,0.6,0.155,0.2,0.088,8.6,7.0,7.3,25.7,0.063,0.06286926528951184,76,45,361,126,183,394,283,448,462,272,406,354,426,391,386,377,385,239,2023-24,Regular Season,Defense
1631173,Terquavion Smith,Terquavion,1610612755,PHI,21.0,16,8,8,0.5,5.3,118.4,0.3,0.049,0.078,0.5,0.348,0.0,0.0,2.5,2.1,1.9,6.1,0.009,0.0090859947284258,461,423,110,300,511,508,546,543,543,314,21,520,520,77,79,72,73,540,2023-24,Regular Season,Defense
1626179,Terry Rozier,Terry,1610612748,MIA,30.0,61,22,39,0.361,33.4,117.2,3.5,0.11,0.16,1.0,0.21,0.3,0.119,10.9,9.5,10.1,34.2,0.063,0.06259846365169594,206,276,497,417,49,484,138,331,345,70,214,250,367,514,521,529,513,239,2023-24,Regular Season,Defense
1630678,Terry Taylor,Terry,1610612741,CHI,24.0,31,12,19,0.387,6.1,104.4,0.6,0.099,0.149,0.2,0.167,0.1,0.105,1.8,1.9,1.5,4.8,0.034,0.034106622458490075,392,384,226,399,502,61,509,390,389,494,361,497,390,53,68,56,57,413,2023-24,Regular Season,Defense
201152,Thaddeus Young,Thaddeus,1610612756,PHX,36.0,33,12,21,0.364,13.3,118.7,1.7,0.132,0.21,0.7,0.319,0.2,0.132,3.8,4.3,3.6,15.3,0.019,0.019107653957958808,380,384,253,415,370,514,343,225,202,212,43,392,343,139,235,175,239,510,2023-24,Regular Season,Defense
203648,Thanasis Antetokounmpo,Thanasis,1610612749,MIL,31.0,34,21,13,0.618,4.6,112.2,0.2,0.04,0.059,0.2,0.226,0.1,0.286,2.4,1.5,1.5,3.5,0.015,0.015060538562966052,375,289,152,142,525,270,549,550,550,465,173,433,129,75,50,55,30,526,2023-24,Regular Season,Defense
1630177,Theo Maledon,Theo,1610612756,PHX,23.0,17,5,12,0.294,12.5,121.6,1.2,0.093,0.141,0.4,0.233,0.0,0.0,6.4,3.0,4.2,12.0,0.008,0.008108835842641625,453,466,138,455,386,551,431,420,419,356,157,520,520,294,134,221,162,545,2023-24,Regular Season,Defense
1628418,Thomas Bryant,Thomas,1610612748,MIA,26.0,38,22,16,0.579,11.6,110.7,2.7,0.233,0.332,0.3,0.154,0.4,0.41,4.1,3.0,3.2,12.6,0.044,0.043751205582610385,361,276,184,210,405,203,226,34,44,440,410,209,68,159,134,141,182,338,2023-24,Regular Season,Defense
203501,Tim Hardaway Jr.,Tim,1610612742,DAL,32.0,79,49,30,0.62,26.8,115.8,2.9,0.106,0.164,0.5,0.143,0.1,0.031,8.1,8.8,8.4,29.3,0.061,0.06068427092514305,30,29,395,138,152,445,186,353,331,298,433,485,506,370,491,448,445,253,2023-24,Regular Season,Defense
1641851,Timmy Allen,Timmy,1610612763,MEM,24.0,5,0,5,0.0,25.1,114.4,2.6,0.113,0.16,0.8,0.19,0.0,0.0,8.8,4.8,7.6,24.0,0.068,0.06790549672444628,536,560,64,560,181,374,234,314,342,167,280,520,520,403,265,393,365,207,2023-24,Regular Season,Defense
202699,Tobias Harris,Tobias,1610612755,PHI,31.0,70,41,29,0.586,33.8,112.4,5.3,0.156,0.232,1.0,0.176,0.7,0.147,9.7,9.1,10.8,35.6,0.11,0.1095286018574282,128,97,381,197,40,281,47,154,156,80,328,104,309,449,500,547,534,53,2023-24,Regular Season,Defense
1628470,Torrey Craig,Torrey,1610612741,CHI,33.0,53,22,31,0.415,19.8,118.4,2.8,0.148,0.216,0.6,0.169,0.4,0.226,5.7,5.5,5.4,19.3,0.03,0.03014123452025033,278,276,406,374,253,511,210,179,188,276,354,222,190,260,300,286,304,444,2023-24,Regular Season,Defense
1641787,Tosan Evbuomwan,Tosan,1610612765,DET,23.0,17,1,16,0.059,21.6,119.2,2.5,0.122,0.175,0.4,0.107,0.3,0.185,8.8,6.1,6.6,24.9,0.027,0.027475959108953365,453,538,184,558,226,525,247,273,291,391,503,283,244,400,346,350,379,468,2023-24,Regular Season,Defense
1641739,Toumani Camara,Toumani,1610612757,POR,24.0,70,19,51,0.271,24.8,111.5,2.9,0.119,0.182,0.9,0.227,0.5,0.221,9.8,7.1,8.8,26.5,0.088,0.08791400613319976,128,307,548,467,186,236,189,282,272,101,170,186,197,460,395,461,397,115,2023-24,Regular Season,Defense
1629027,Trae Young,Trae,1610612737,ATL,25.0,54,22,32,0.407,36.0,119.1,2.3,0.065,0.099,1.3,0.233,0.2,0.058,12.2,11.6,13.6,43.3,0.049,0.04946028805157127,271,276,425,380,9,520,263,525,523,23,159,353,477,555,571,572,572,308,2023-24,Regular Season,Defense
1631218,Trayce Jackson-Davis,Trayce,1610612744,GSW,24.0,68,39,29,0.574,16.6,113.0,3.0,0.172,0.257,0.4,0.17,1.1,0.551,5.9,5.2,4.6,17.5,0.051,0.050826211072072976,148,117,381,220,308,302,174,119,123,350,351,28,24,268,286,244,284,294,2023-24,Regular Season,Defense
1630200,Tre Jones,Tre,1610612759,SAS,24.0,77,21,56,0.273,27.8,111.8,3.0,0.104,0.151,1.0,0.232,0.1,0.03,10.6,8.1,7.7,31.4,0.094,0.09449125699054066,54,289,563,465,133,249,175,366,378,79,160,434,509,503,448,396,469,95,2023-24,Regular Season,Defense
1630544,Tre Mann,Tre,1610612766,CHA,23.0,41,21,20,0.512,24.1,114.1,3.1,0.132,0.206,1.2,0.313,0.1,0.033,7.8,7.6,6.4,25.2,0.065,0.06498867819368725,346,289,237,297,195,358,167,226,209,33,49,488,505,357,422,344,382,228,2023-24,Regular Season,Defense
1630570,Trendon Watford,Trendon,1610612751,BKN,23.0,63,25,38,0.397,13.6,112.8,2.3,0.162,0.238,0.4,0.2,0.3,0.238,5.2,3.9,4.9,12.5,0.043,0.042780209375559194,191,247,488,394,368,297,280,144,144,381,243,282,182,237,196,255,178,346,2023-24,Regular Season,Defense
1630235,Trent Forrest,Trent,1610612737,ATL,26.0,38,18,20,0.474,10.9,114.3,1.1,0.107,0.164,0.3,0.172,0.1,0.073,3.8,2.8,3.8,12.2,0.028,0.028362680064012574,361,316,237,340,427,369,446,345,333,422,341,482,453,142,117,189,167,462,2023-24,Regular Season,Defense
1630243,Trevelin Queen,Trevelin,1610612753,ORL,27.0,14,5,9,0.357,11.8,107.6,1.2,0.101,0.159,0.5,0.233,0.4,0.278,4.8,3.6,2.9,13.9,0.055,0.05507348813395131,475,466,118,419,401,101,428,382,349,314,157,243,137,206,181,126,203,278,2023-24,Regular Season,Defense
1641998,Trey Jemison III,Trey,1610612763,MEM,24.0,25,5,20,0.2,23.0,113.8,2.8,0.131,0.19,0.5,0.119,1.1,0.519,10.7,5.4,8.4,23.9,0.065,0.06487776120205288,411,466,237,510,208,338,209,231,252,331,490,27,32,508,297,449,363,228,2023-24,Regular Season,Defense
1626168,Trey Lyles,Trey,1610612758,SAC,28.0,58,33,25,0.569,20.0,110.2,3.4,0.166,0.24,0.3,0.115,0.3,0.162,6.7,4.8,5.1,18.9,0.078,0.07750422859451975,232,173,311,229,247,175,147,138,140,420,492,263,283,308,264,271,297,157,2023-24,Regular Season,Defense
1630530,Trey Murphy III,Trey,1610612740,NOP,24.0,57,35,22,0.614,29.7,108.2,4.2,0.139,0.198,0.9,0.163,0.5,0.172,8.9,7.2,7.9,28.8,0.132,0.13161273116513822,241,155,262,154,102,111,90,202,229,128,377,173,264,411,400,417,438,13,2023-24,Regular Season,Defense
202684,Tristan Thompson,Tristan,1610612739,CLE,33.0,49,28,21,0.571,11.2,113.8,2.1,0.179,0.26,0.2,0.176,0.3,0.359,4.1,2.8,3.7,10.4,0.032,0.031767661604485825,302,221,253,225,417,339,302,102,116,452,325,292,95,160,116,181,134,431,2023-24,Regular Season,Defense
1641774,Tristan Vukcevic,Tristan,1610612764,WAS,21.0,10,3,7,0.3,15.3,98.8,3.0,0.16,0.24,0.5,0.185,0.7,0.412,5.5,5.0,4.3,18.0,0.112,0.11156289032860564,493,489,93,452,332,29,175,149,141,314,301,88,66,247,275,228,288,47,2023-24,Regular Season,Defense
1628972,Troy Brown Jr.,Troy,1610612765,DET,24.0,59,30,29,0.508,14.0,114.2,2.0,0.143,0.206,0.4,0.198,0.1,0.038,5.9,3.9,4.1,16.2,0.038,0.03801948839829342,225,201,381,299,357,362,307,185,211,359,258,506,500,274,199,209,255,378,2023-24,Regular Season,Defense
1629660,Ty Jerome,Ty,1610612739,CLE,26.0,2,1,1,0.5,7.4,143.8,0.0,0.0,0.0,0.0,0.0,0.0,0.0,3.5,2.0,5.5,12.0,-0.045,-0.044760653871877984,555,538,14,300,485,569,557,557,557,539,539,520,520,120,72,292,162,570,2023-24,Regular Season,Defense
1631102,TyTy Washington Jr.,TyTy,1610612749,MIL,22.0,11,5,6,0.455,5.1,96.7,0.4,0.085,0.098,0.3,0.188,0.0,0.0,3.1,0.4,0.8,3.3,0.04,0.03999690188208287,485,466,80,354,517,24,536,456,526,432,290,520,520,100,9,22,22,366,2023-24,Regular Season,Defense
1629639,Tyler Herro,Tyler,1610612748,MIA,24.0,42,23,19,0.548,33.5,111.1,4.8,0.14,0.207,0.7,0.141,0.1,0.03,11.2,10.1,10.0,35.3,0.122,0.12162089447562388,341,270,226,266,46,222,63,193,207,203,445,490,508,530,546,525,530,29,2023-24,Regular Season,Defense
1630169,Tyrese Haliburton,Tyrese,1610612754,IND,24.0,69,40,29,0.58,32.2,116.2,3.4,0.102,0.155,1.2,0.249,0.7,0.162,9.8,10.2,9.3,40.6,0.069,0.06948251254920843,138,110,381,209,70,460,145,375,363,41,125,91,284,454,549,492,569,200,2023-24,Regular Season,Defense
1630178,Tyrese Maxey,Tyrese,1610612755,PHI,23.0,70,43,27,0.614,37.5,113.2,3.2,0.085,0.128,1.0,0.157,0.5,0.096,10.4,10.7,12.5,39.7,0.113,0.11251870805081246,128,79,344,152,2,309,163,459,464,92,405,186,412,491,563,568,566,44,2023-24,Regular Season,Defense
1626145,Tyus Jones,Tyus,1610612764,WAS,28.0,66,11,55,0.167,29.3,122.5,2.4,0.081,0.129,1.1,0.234,0.3,0.079,10.1,10.8,10.1,38.6,0.01,0.010031288694762051,170,392,560,530,109,555,254,481,459,64,156,298,445,478,567,527,559,538,2023-24,Regular Season,Defense
1628962,Udoka Azubuike,Udoka,1610612756,PHX,24.0,16,12,4,0.75,7.1,126.5,1.3,0.169,0.273,0.1,0.083,0.4,0.3,3.9,2.9,1.9,6.8,-0.006,-0.005650640642990926,461,384,45,34,492,562,411,123,99,530,528,230,122,146,127,72,75,561,2023-24,Regular Season,Defense
1630586,Usman Garuba,Usman,1610612744,GSW,22.0,6,5,1,0.833,3.0,121.1,0.7,0.211,0.364,0.2,0.5,0.5,0.75,1.8,1.0,2.0,3.0,0.002,0.0022957320829847527,525,466,14,16,556,545,505,57,23,489,3,164,6,51,30,78,16,553,2023-24,Regular Season,Defense
203995,Vasilije Micic,Vasilije,1610612766,CHA,30.0,60,34,26,0.567,19.6,114.8,1.2,0.063,0.098,0.5,0.173,0.1,0.063,7.2,6.5,5.5,20.4,0.049,0.04942531951398643,215,165,332,235,256,393,422,529,525,305,337,435,473,324,373,289,324,308,2023-24,Regular Season,Defense
1641705,Victor Wembanyama,Victor,1610612759,SAS,20.0,71,19,52,0.268,29.7,111.2,8.4,0.273,0.389,1.2,0.274,3.6,0.708,11.7,8.0,8.6,32.4,0.107,0.10712312747979458,118,307,551,469,100,226,9,11,12,35,83,1,9,541,440,453,487,59,2023-24,Regular Season,Defense
1631246,Vince Williams Jr.,Vince,1610612763,MEM,23.0,52,18,34,0.346,27.6,111.4,4.4,0.163,0.249,0.9,0.189,0.7,0.169,9.9,7.9,7.9,28.8,0.097,0.09669785177622789,282,316,446,427,135,234,75,141,134,120,287,107,267,462,433,419,436,86,2023-24,Regular Season,Defense
1630249,Vít Krejčí,Vít,1610612737,ATL,24.0,22,9,13,0.409,24.6,117.7,1.9,0.084,0.118,0.6,0.153,0.3,0.13,9.4,5.9,7.7,26.8,0.04,0.04041657910119882,427,412,152,379,189,493,324,464,490,257,413,298,344,434,332,401,407,366,2023-24,Regular Season,Defense
1631117,Walker Kessler,Walker,1610612762,UTA,22.0,64,26,38,0.406,23.3,116.0,4.9,0.199,0.298,0.5,0.155,2.4,0.72,10.0,7.3,9.2,23.5,0.052,0.05161036651171062,185,241,488,381,204,449,57,74,69,340,409,2,8,473,408,486,358,292,2023-24,Regular Season,Defense
1628976,Wendell Carter Jr.,Wendell,1610612753,ORL,25.0,55,30,25,0.545,25.6,109.6,4.9,0.207,0.29,0.6,0.142,0.5,0.248,8.6,6.0,7.9,23.9,0.102,0.10205186257066302,258,201,311,270,175,151,58,61,82,238,444,162,172,389,342,414,364,71,2023-24,Regular Season,Defense
1631111,Wendell Moore Jr.,Wendell,1610612750,MIN,22.0,25,18,7,0.72,3.0,106.2,0.5,0.16,0.231,0.2,0.263,0.0,0.143,1.2,0.8,1.1,3.4,0.017,0.017389045357522292,411,316,93,43,554,83,526,147,158,467,99,510,313,27,23,37,29,520,2023-24,Regular Season,Defense
1629117,Wenyen Gabriel,Wenyen,1610612738,BOS,27.0,5,1,4,0.2,16.2,96.4,3.6,0.22,0.3,0.4,0.125,0.4,0.286,7.6,3.2,4.6,12.8,0.127,0.12744531820082258,536,538,45,510,314,21,126,47,66,363,476,219,129,344,153,240,185,23,2023-24,Regular Season,Defense
202083,Wesley Matthews,Wesley,1610612737,ATL,37.0,36,11,25,0.306,11.5,114.9,1.2,0.106,0.167,0.4,0.246,0.3,0.244,3.2,3.6,4.0,11.5,0.029,0.029230270665837752,370,392,311,451,409,398,426,349,320,346,128,276,174,103,177,204,152,450,2023-24,Regular Season,Defense
1629875,Xavier Moon,Xavier,1610612746,LAC,29.0,14,7,7,0.5,8.5,107.4,0.7,0.079,0.122,0.2,0.15,0.2,0.188,2.8,3.4,2.9,10.9,0.042,0.04190226493556922,475,440,93,300,470,95,500,487,477,462,418,347,239,93,166,126,142,356,2023-24,Regular Season,Defense
1630214,Xavier Tillman,Xavier,1610612738,BOS,25.0,54,30,24,0.556,18.0,109.4,2.6,0.149,0.225,0.9,0.271,0.8,0.341,6.3,5.1,5.4,18.3,0.074,0.07421125326626297,271,201,282,259,278,144,231,173,169,100,88,65,101,293,279,288,292,175,2023-24,Regular Season,Defense
1629139,Yuta Watanabe,Yuta,1610612763,MEM,29.0,34,18,16,0.529,13.7,114.7,1.3,0.088,0.141,0.4,0.167,0.2,0.113,5.1,4.6,3.5,13.9,0.035,0.035244201977463724,375,316,184,287,365,391,415,449,417,391,361,351,375,224,256,167,205,399,2023-24,Regular Season,Defense
1628380,Zach Collins,Zach,1610612759,SAS,26.0,69,19,50,0.275,22.1,116.3,3.7,0.162,0.235,0.5,0.176,0.8,0.364,9.1,6.2,6.8,25.0,0.047,0.04671943463673385,138,307,544,463,220,463,122,145,147,326,327,82,89,419,352,365,380,323,2023-24,Regular Season,Defense
203897,Zach LaVine,Zach,1610612741,CHI,29.0,25,10,15,0.4,34.9,115.3,4.8,0.134,0.209,0.8,0.165,0.3,0.103,9.8,11.2,9.8,30.7,0.085,0.08450959977077067,411,403,168,385,26,421,62,217,203,148,373,266,397,457,570,519,459,126,2023-24,Regular Season,Defense
1630285,Zavier Simpson,Zavier,1610612765,DET,27.0,7,1,6,0.143,23.1,106.8,2.3,0.102,0.151,1.0,0.2,0.4,0.214,9.3,4.6,6.1,22.6,0.11,0.11026365633111115,518,538,80,542,206,91,272,379,380,80,243,201,205,426,251,330,352,53,2023-24,Regular Season,Defense
1630192,Zeke Nnaji,Zeke,1610612743,DEN,23.0,58,41,17,0.707,9.9,114.8,1.1,0.103,0.173,0.3,0.165,0.7,0.365,3.6,3.7,1.9,10.1,0.026,0.025907625844008256,232,97,199,49,446,392,439,371,299,442,375,105,86,127,183,77,125,474,2023-24,Regular Season,Defense
1630533,Ziaire Williams,Ziaire,1610612763,MEM,22.0,51,20,31,0.392,20.3,112.4,2.8,0.138,0.215,0.7,0.197,0.2,0.072,7.8,6.4,6.6,21.3,0.067,0.06660586955772406,284,297,406,396,241,284,203,207,192,204,261,373,456,358,361,348,335,209,2023-24,Regular Season,Defense
1629627,Zion Williamson,Zion,1610612740,NOP,23.0,70,42,28,0.6,31.5,111.6,4.1,0.127,0.185,1.1,0.191,0.7,0.205,10.6,8.5,9.8,30.9,0.111,0.11101882868363593,128,88,361,170,82,244,94,248,264,61,276,96,213,499,470,516,461,48,2023-24,Regular Season,Defense
