PLAYER_ID,PLAYER_NAME,PLAYER_LAST_TEAM_ID,PLAYER_LAST_TEAM_ABBREVIATION,AGE,GP,G,FGA_FREQUENCY,FGM,FGA,FG_PCT,EFG_PCT,FG2A_FREQUENCY,FG2M,FG2A,FG2_PCT,FG3A_FREQUENCY,FG3M,FG3A,FG3_PCT,SEASON,SEASON_TYPE,RANGE_LABEL
1629627,Zion Williamson,1610612740,NOP,23.0,69,64,0.266,155,289,0.536,0.536,0.266,155,289,0.536,0.0,0,0,,2023-24,Regular Season,0-2 Feet - Very Tight
1627734,Domantas Sabonis,1610612758,SAC,28.0,82,77,0.238,143,253,0.565,0.565,0.237,143,252,0.567,0.001,0,1,0.0,2023-24,Regular Season,0-2 Feet - Very Tight
203507,Giannis Antetokounmpo,1610612749,MIL,29.0,73,68,0.173,155,237,0.654,0.654,0.173,155,237,0.654,0.0,0,0,,2023-24,Regular Season,0-2 Feet - Very Tight
203999,Nikola Jokić,1610612743,DEN,29.0,77,66,0.165,131,228,0.575,0.575,0.165,131,228,0.575,0.0,0,0,,2023-24,Regular Season,0-2 Feet - Very Tight
203076,Anthony Davis,1610612747,LAL,31.0,75,68,0.182,126,228,0.553,0.553,0.182,126,228,0.553,0.0,0,0,,2023-24,Regular Season,0-2 Feet - Very Tight
1628991,Jaren Jackson Jr.,1610612763,MEM,24.0,66,62,0.174,85,202,0.421,0.423,0.172,84,200,0.42,0.002,1,2,0.5,2023-24,Regular Season,0-2 Feet - Very Tight
1630532,Franz Wagner,1610612753,ORL,22.0,72,68,0.179,97,196,0.495,0.495,0.178,97,195,0.497,0.001,0,1,0.0,2023-24,Regular Season,0-2 Feet - Very Tight
1630578,Alperen Sengun,1610612745,HOU,21.0,63,58,0.193,90,189,0.476,0.476,0.193,90,189,0.476,0.0,0,0,,2023-24,Regular Season,0-2 Feet - Very Tight
1631094,Paolo Banchero,1610612753,ORL,21.0,80,65,0.114,76,160,0.475,0.475,0.114,76,160,0.475,0.0,0,0,,2023-24,Regular Season,0-2 Feet - Very Tight
203994,Jusuf Nurkić,1610612756,PHX,29.0,74,54,0.239,58,147,0.395,0.395,0.239,58,147,0.395,0.0,0,0,,2023-24,Regular Season,0-2 Feet - Very Tight
203991,Clint Capela,1610612737,ATL,30.0,73,62,0.239,64,146,0.438,0.438,0.239,64,146,0.438,0.0,0,0,,2023-24,Regular Season,0-2 Feet - Very Tight
1627783,Pascal Siakam,1610612754,IND,30.0,80,62,0.113,85,144,0.59,0.59,0.112,85,142,0.599,0.002,0,2,0.0,2023-24,Regular Season,0-2 Feet - Very Tight
1628386,Jarrett Allen,1610612739,CLE,26.0,77,64,0.175,82,143,0.573,0.573,0.175,82,143,0.573,0.0,0,0,,2023-24,Regular Season,0-2 Feet - Very Tight
1630595,Cade Cunningham,1610612765,DET,22.0,61,56,0.125,61,143,0.427,0.434,0.123,59,141,0.418,0.002,2,2,1.0,2023-24,Regular Season,0-2 Feet - Very Tight
203932,Aaron Gordon,1610612743,DEN,28.0,71,56,0.2,77,141,0.546,0.546,0.2,77,141,0.546,0.0,0,0,,2023-24,Regular Season,0-2 Feet - Very Tight
1641705,Victor Wembanyama,1610612759,SAS,20.0,71,56,0.118,75,139,0.54,0.54,0.118,75,139,0.54,0.0,0,0,,2023-24,Regular Season,0-2 Feet - Very Tight
1630162,Anthony Edwards,1610612750,MIN,22.0,79,59,0.089,65,139,0.468,0.471,0.088,64,137,0.467,0.001,1,2,0.5,2023-24,Regular Season,0-2 Feet - Very Tight
1629651,Nic Claxton,1610612751,BKN,25.0,68,59,0.247,79,138,0.572,0.572,0.247,79,138,0.572,0.0,0,0,,2023-24,Regular Season,0-2 Feet - Very Tight
1628983,Shai Gilgeous-Alexander,1610612760,OKC,25.0,75,58,0.093,73,138,0.529,0.529,0.093,73,138,0.529,0.0,0,0,,2023-24,Regular Season,0-2 Feet - Very Tight
201942,DeMar DeRozan,1610612741,CHI,34.0,78,58,0.104,65,138,0.471,0.471,0.103,65,137,0.474,0.001,0,1,0.0,2023-24,Regular Season,0-2 Feet - Very Tight
1630228,Jonathan Kuminga,1610612744,GSW,21.0,73,60,0.164,73,136,0.537,0.537,0.163,73,135,0.541,0.001,0,1,0.0,2023-24,Regular Season,0-2 Feet - Very Tight
1627759,Jaylen Brown,1610612738,BOS,27.0,69,55,0.108,57,133,0.429,0.429,0.106,57,131,0.435,0.002,0,2,0.0,2023-24,Regular Season,0-2 Feet - Very Tight
1627826,Ivica Zubac,1610612746,LAC,27.0,67,53,0.26,70,132,0.53,0.53,0.26,70,132,0.53,0.0,0,0,,2023-24,Regular Season,0-2 Feet - Very Tight
1628973,Jalen Brunson,1610612752,NYK,27.0,77,61,0.08,66,132,0.5,0.508,0.077,64,127,0.504,0.003,2,5,0.4,2023-24,Regular Season,0-2 Feet - Very Tight
1628369,Jayson Tatum,1610612738,BOS,26.0,73,61,0.093,68,130,0.523,0.523,0.092,68,129,0.527,0.001,0,1,0.0,2023-24,Regular Season,0-2 Feet - Very Tight
2544,LeBron James,1610612747,LAL,39.0,70,60,0.105,69,129,0.535,0.535,0.105,69,129,0.535,0.0,0,0,,2023-24,Regular Season,0-2 Feet - Very Tight
1627749,Dejounte Murray,1610612737,ATL,27.0,78,61,0.088,50,128,0.391,0.395,0.083,49,121,0.405,0.005,1,7,0.143,2023-24,Regular Season,0-2 Feet - Very Tight
1630581,Josh Giddey,1610612760,OKC,21.0,80,63,0.15,54,127,0.425,0.425,0.15,54,127,0.425,0.0,0,0,,2023-24,Regular Season,0-2 Feet - Very Tight
203924,Jerami Grant,1610612757,POR,30.0,54,47,0.149,46,127,0.362,0.362,0.148,46,126,0.365,0.001,0,1,0.0,2023-24,Regular Season,0-2 Feet - Very Tight
1629012,Collin Sexton,1610612762,UTA,25.0,77,60,0.124,59,126,0.468,0.468,0.124,59,126,0.468,0.0,0,0,,2023-24,Regular Season,0-2 Feet - Very Tight
202696,Nikola Vucevic,1610612741,CHI,33.0,75,57,0.107,52,126,0.413,0.413,0.107,52,126,0.413,0.0,0,0,,2023-24,Regular Season,0-2 Feet - Very Tight
203497,Rudy Gobert,1610612750,MIN,32.0,76,61,0.201,67,123,0.545,0.545,0.201,67,123,0.545,0.0,0,0,,2023-24,Regular Season,0-2 Feet - Very Tight
1630224,Jalen Green,1610612745,HOU,22.0,82,65,0.093,48,123,0.39,0.394,0.089,47,118,0.398,0.004,1,5,0.2,2023-24,Regular Season,0-2 Feet - Very Tight
1629640,Keldon Johnson,1610612759,SAS,24.0,68,44,0.142,53,120,0.442,0.442,0.139,53,117,0.453,0.004,0,3,0.0,2023-24,Regular Season,0-2 Feet - Very Tight
1630178,Tyrese Maxey,1610612755,PHI,23.0,69,53,0.085,49,119,0.412,0.412,0.085,49,119,0.412,0.0,0,0,,2023-24,Regular Season,0-2 Feet - Very Tight
203081,Damian Lillard,1610612749,MIL,33.0,73,60,0.093,47,119,0.395,0.437,0.076,37,97,0.381,0.017,10,22,0.455,2023-24,Regular Season,0-2 Feet - Very Tight
1630567,Scottie Barnes,1610612761,TOR,22.0,60,50,0.126,61,118,0.517,0.517,0.126,61,118,0.517,0.0,0,0,,2023-24,Regular Season,0-2 Feet - Very Tight
1629628,RJ Barrett,1610612761,TOR,24.0,58,52,0.135,54,118,0.458,0.458,0.135,54,118,0.458,0.0,0,0,,2023-24,Regular Season,0-2 Feet - Very Tight
1631110,Jeremy Sochan,1610612759,SAS,21.0,73,56,0.154,45,117,0.385,0.385,0.154,45,117,0.385,0.0,0,0,,2023-24,Regular Season,0-2 Feet - Very Tight
1628368,De'Aaron Fox,1610612758,SAC,26.0,74,52,0.075,55,116,0.474,0.478,0.071,54,110,0.491,0.004,1,6,0.167,2023-24,Regular Season,0-2 Feet - Very Tight
1628398,Kyle Kuzma,1610612764,WAS,28.0,70,49,0.088,57,115,0.496,0.496,0.088,57,115,0.496,0.0,0,0,,2023-24,Regular Season,0-2 Feet - Very Tight
1628389,Bam Adebayo,1610612748,MIA,26.0,70,52,0.115,54,115,0.47,0.47,0.113,54,113,0.478,0.002,0,2,0.0,2023-24,Regular Season,0-2 Feet - Very Tight
1631096,Chet Holmgren,1610612760,OKC,22.0,82,58,0.12,68,114,0.596,0.596,0.119,68,113,0.602,0.001,0,1,0.0,2023-24,Regular Season,0-2 Feet - Very Tight
202710,Jimmy Butler III,1610612748,MIA,34.0,60,46,0.144,49,114,0.43,0.43,0.142,49,112,0.438,0.003,0,2,0.0,2023-24,Regular Season,0-2 Feet - Very Tight
1630560,Cam Thomas,1610612751,BKN,22.0,63,49,0.101,47,114,0.412,0.412,0.097,47,110,0.427,0.004,0,4,0.0,2023-24,Regular Season,0-2 Feet - Very Tight
1629655,Daniel Gafford,1610612742,DAL,25.0,73,48,0.237,67,112,0.598,0.598,0.237,67,112,0.598,0.0,0,0,,2023-24,Regular Season,0-2 Feet - Very Tight
1626157,Karl-Anthony Towns,1610612750,MIN,28.0,62,48,0.115,57,109,0.523,0.523,0.115,57,109,0.523,0.0,0,0,,2023-24,Regular Season,0-2 Feet - Very Tight
1628970,Miles Bridges,1610612766,CHA,26.0,68,52,0.09,57,107,0.533,0.533,0.09,57,107,0.533,0.0,0,0,,2023-24,Regular Season,0-2 Feet - Very Tight
1628381,John Collins,1610612762,UTA,26.0,67,50,0.145,55,107,0.514,0.514,0.145,55,107,0.514,0.0,0,0,,2023-24,Regular Season,0-2 Feet - Very Tight
203944,Julius Randle,1610612752,NYK,29.0,46,40,0.129,47,107,0.439,0.439,0.129,47,107,0.439,0.0,0,0,,2023-24,Regular Season,0-2 Feet - Very Tight
1631170,Jaime Jaquez Jr.,1610612748,MIA,23.0,74,49,0.153,51,106,0.481,0.481,0.152,51,105,0.486,0.001,0,1,0.0,2023-24,Regular Season,0-2 Feet - Very Tight
202699,Tobias Harris,1610612755,PHI,31.0,69,49,0.113,47,106,0.443,0.443,0.113,47,106,0.443,0.0,0,0,,2023-24,Regular Season,0-2 Feet - Very Tight
203083,Andre Drummond,1610612741,CHI,30.0,78,53,0.218,54,104,0.519,0.519,0.218,54,104,0.519,0.0,0,0,,2023-24,Regular Season,0-2 Feet - Very Tight
1626167,Myles Turner,1610612754,IND,28.0,77,50,0.115,50,104,0.481,0.481,0.115,50,104,0.481,0.0,0,0,,2023-24,Regular Season,0-2 Feet - Very Tight
202685,Jonas Valančiūnas,1610612740,NOP,32.0,81,54,0.145,53,103,0.515,0.515,0.145,53,103,0.515,0.0,0,0,,2023-24,Regular Season,0-2 Feet - Very Tight
1630208,Nick Richards,1610612766,CHA,26.0,66,47,0.265,57,97,0.588,0.588,0.265,57,97,0.588,0.0,0,0,,2023-24,Regular Season,0-2 Feet - Very Tight
1631114,Jalen Williams,1610612760,OKC,23.0,71,54,0.098,46,97,0.474,0.474,0.098,46,97,0.474,0.0,0,0,,2023-24,Regular Season,0-2 Feet - Very Tight
1626162,Kelly Oubre Jr.,1610612755,PHI,28.0,67,47,0.112,43,97,0.443,0.443,0.112,43,97,0.443,0.0,0,0,,2023-24,Regular Season,0-2 Feet - Very Tight
1629029,Luka Doncic,1610612742,DAL,25.0,69,52,0.059,55,96,0.573,0.573,0.059,55,96,0.573,0.0,0,0,,2023-24,Regular Season,0-2 Feet - Very Tight
1631097,Bennedict Mathurin,1610612754,IND,22.0,59,48,0.143,38,95,0.4,0.4,0.143,38,95,0.4,0.0,0,0,,2023-24,Regular Season,0-2 Feet - Very Tight
203952,Andrew Wiggins,1610612744,GSW,29.0,70,50,0.124,45,94,0.479,0.479,0.124,45,94,0.479,0.0,0,0,,2023-24,Regular Season,0-2 Feet - Very Tight
1629673,Jordan Poole,1610612764,WAS,25.0,78,57,0.079,36,94,0.383,0.41,0.072,31,85,0.365,0.008,5,9,0.556,2023-24,Regular Season,0-2 Feet - Very Tight
1627751,Jakob Poeltl,1610612761,TOR,28.0,50,44,0.246,56,93,0.602,0.602,0.246,56,93,0.602,0.0,0,0,,2023-24,Regular Season,0-2 Feet - Very Tight
203954,Joel Embiid,1610612755,PHI,30.0,39,35,0.108,47,92,0.511,0.516,0.106,46,90,0.511,0.002,1,2,0.5,2023-24,Regular Season,0-2 Feet - Very Tight
1630166,Deni Avdija,1610612764,WAS,23.0,75,53,0.113,43,90,0.478,0.478,0.113,43,90,0.478,0.0,0,0,,2023-24,Regular Season,0-2 Feet - Very Tight
201142,Kevin Durant,1610612756,PHX,35.0,74,47,0.063,52,89,0.584,0.601,0.061,49,86,0.57,0.002,3,3,1.0,2023-24,Regular Season,0-2 Feet - Very Tight
1628380,Zach Collins,1610612759,SAS,26.0,68,48,0.146,43,89,0.483,0.483,0.146,43,89,0.483,0.0,0,0,,2023-24,Regular Season,0-2 Feet - Very Tight
1629632,Coby White,1610612741,CHI,24.0,78,55,0.075,41,89,0.461,0.461,0.072,41,85,0.482,0.003,0,4,0.0,2023-24,Regular Season,0-2 Feet - Very Tight
202704,Reggie Jackson,1610612743,DEN,34.0,80,47,0.121,39,89,0.438,0.438,0.12,39,88,0.443,0.001,0,1,0.0,2023-24,Regular Season,0-2 Feet - Very Tight
201939,Stephen Curry,1610612744,GSW,36.0,74,46,0.062,42,88,0.477,0.506,0.055,37,78,0.474,0.007,5,10,0.5,2023-24,Regular Season,0-2 Feet - Very Tight
1628969,Mikal Bridges,1610612751,BKN,27.0,79,48,0.07,41,88,0.466,0.477,0.068,39,85,0.459,0.002,2,3,0.667,2023-24,Regular Season,0-2 Feet - Very Tight
1629021,Moritz Wagner,1610612753,ORL,27.0,80,49,0.158,47,87,0.54,0.54,0.158,47,87,0.54,0.0,0,0,,2023-24,Regular Season,0-2 Feet - Very Tight
1630194,Paul Reed,1610612755,PHI,25.0,81,55,0.184,45,86,0.523,0.523,0.184,45,86,0.523,0.0,0,0,,2023-24,Regular Season,0-2 Feet - Very Tight
201566,Russell Westbrook,1610612746,LAC,35.0,68,48,0.131,34,86,0.395,0.395,0.131,34,86,0.395,0.0,0,0,,2023-24,Regular Season,0-2 Feet - Very Tight
202331,Paul George,1610612746,LAC,34.0,73,50,0.07,43,85,0.506,0.524,0.067,40,81,0.494,0.003,3,4,0.75,2023-24,Regular Season,0-2 Feet - Very Tight
1631117,Walker Kessler,1610612762,UTA,22.0,63,46,0.246,49,84,0.583,0.583,0.246,49,84,0.583,0.0,0,0,,2023-24,Regular Season,0-2 Feet - Very Tight
1628963,Marvin Bagley III,1610612764,WAS,25.0,50,39,0.203,45,83,0.542,0.542,0.203,45,83,0.542,0.0,0,0,,2023-24,Regular Season,0-2 Feet - Very Tight
1627742,Brandon Ingram,1610612740,NOP,26.0,63,44,0.083,44,83,0.53,0.536,0.079,43,79,0.544,0.004,1,4,0.25,2023-24,Regular Season,0-2 Feet - Very Tight
202681,Kyrie Irving,1610612742,DAL,32.0,57,47,0.075,42,83,0.506,0.506,0.072,42,80,0.525,0.003,0,3,0.0,2023-24,Regular Season,0-2 Feet - Very Tight
203992,Bogdan Bogdanović,1610612737,ATL,31.0,79,53,0.076,30,83,0.361,0.367,0.069,29,76,0.382,0.006,1,7,0.143,2023-24,Regular Season,0-2 Feet - Very Tight
1630596,Evan Mobley,1610612739,CLE,23.0,50,37,0.149,47,82,0.573,0.573,0.149,47,82,0.573,0.0,0,0,,2023-24,Regular Season,0-2 Feet - Very Tight
1631105,Jalen Duren,1610612765,DET,20.0,60,44,0.147,42,82,0.512,0.512,0.147,42,82,0.512,0.0,0,0,,2023-24,Regular Season,0-2 Feet - Very Tight
1628370,Malik Monk,1610612758,SAC,26.0,72,44,0.091,30,81,0.37,0.37,0.086,30,77,0.39,0.004,0,4,0.0,2023-24,Regular Season,0-2 Feet - Very Tight
204001,Kristaps Porziņģis,1610612738,BOS,28.0,57,35,0.106,53,80,0.663,0.663,0.105,53,79,0.671,0.001,0,1,0.0,2023-24,Regular Season,0-2 Feet - Very Tight
1630557,Corey Kispert,1610612764,WAS,25.0,80,53,0.102,48,80,0.6,0.613,0.098,46,77,0.597,0.004,2,3,0.667,2023-24,Regular Season,0-2 Feet - Very Tight
1628374,Lauri Markkanen,1610612762,UTA,27.0,55,45,0.09,42,80,0.525,0.525,0.089,42,79,0.532,0.001,0,1,0.0,2023-24,Regular Season,0-2 Feet - Very Tight
1630183,Jaden McDaniels,1610612750,MIN,23.0,72,44,0.126,44,79,0.557,0.557,0.126,44,79,0.557,0.0,0,0,,2023-24,Regular Season,0-2 Feet - Very Tight
1627747,Caris LeVert,1610612739,CLE,29.0,68,45,0.096,30,79,0.38,0.386,0.094,29,77,0.377,0.002,1,2,0.5,2023-24,Regular Season,0-2 Feet - Very Tight
1630168,Onyeka Okongwu,1610612737,ATL,23.0,55,40,0.215,41,78,0.526,0.526,0.215,41,78,0.526,0.0,0,0,,2023-24,Regular Season,0-2 Feet - Very Tight
1628392,Isaiah Hartenstein,1610612752,NYK,26.0,75,43,0.215,39,78,0.5,0.5,0.215,39,78,0.5,0.0,0,0,,2023-24,Regular Season,0-2 Feet - Very Tight
1626171,Bobby Portis,1610612749,MIL,29.0,82,48,0.085,33,78,0.423,0.423,0.085,33,78,0.423,0.0,0,0,,2023-24,Regular Season,0-2 Feet - Very Tight
203903,Jordan Clarkson,1610612762,UTA,32.0,54,37,0.098,28,78,0.359,0.365,0.09,27,72,0.375,0.008,1,6,0.167,2023-24,Regular Season,0-2 Feet - Very Tight
1628404,Josh Hart,1610612752,NYK,29.0,81,49,0.113,40,77,0.519,0.519,0.113,40,77,0.519,0.0,0,0,,2023-24,Regular Season,0-2 Feet - Very Tight
1629675,Naz Reid,1610612750,MIN,24.0,81,48,0.09,31,76,0.408,0.408,0.09,31,76,0.408,0.0,0,0,,2023-24,Regular Season,0-2 Feet - Very Tight
203471,Dennis Schröder,1610612751,BKN,30.0,79,46,0.083,26,76,0.342,0.342,0.083,26,76,0.342,0.0,0,0,,2023-24,Regular Season,0-2 Feet - Very Tight
1630703,Scoot Henderson,1610612757,POR,20.0,61,39,0.097,20,76,0.263,0.27,0.094,19,74,0.257,0.003,1,2,0.5,2023-24,Regular Season,0-2 Feet - Very Tight
1631218,Trayce Jackson-Davis,1610612744,GSW,24.0,67,41,0.225,44,73,0.603,0.603,0.225,44,73,0.603,0.0,0,0,,2023-24,Regular Season,0-2 Feet - Very Tight
1630552,Jalen Johnson,1610612737,ATL,22.0,56,40,0.105,35,73,0.479,0.479,0.105,35,73,0.479,0.0,0,0,,2023-24,Regular Season,0-2 Feet - Very Tight
1630173,Precious Achiuwa,1610612752,NYK,24.0,74,38,0.156,32,73,0.438,0.438,0.156,32,73,0.438,0.0,0,0,,2023-24,Regular Season,0-2 Feet - Very Tight
201950,Jrue Holiday,1610612738,BOS,34.0,68,41,0.107,28,73,0.384,0.384,0.107,28,73,0.384,0.0,0,0,,2023-24,Regular Season,0-2 Feet - Very Tight
1627750,Jamal Murray,1610612743,DEN,27.0,57,37,0.077,25,73,0.342,0.342,0.076,25,72,0.347,0.001,0,1,0.0,2023-24,Regular Season,0-2 Feet - Very Tight
1629008,Michael Porter Jr.,1610612743,DEN,26.0,79,50,0.068,44,72,0.611,0.632,0.063,41,67,0.612,0.005,3,5,0.6,2023-24,Regular Season,0-2 Feet - Very Tight
1630170,Devin Vassell,1610612759,SAS,23.0,68,44,0.068,35,72,0.486,0.493,0.062,34,65,0.523,0.007,1,7,0.143,2023-24,Regular Season,0-2 Feet - Very Tight
1626164,Devin Booker,1610612756,PHX,27.0,67,41,0.056,33,72,0.458,0.458,0.055,33,70,0.471,0.002,0,2,0.0,2023-24,Regular Season,0-2 Feet - Very Tight
1628378,Donovan Mitchell,1610612739,CLE,27.0,55,40,0.066,33,72,0.458,0.465,0.059,32,64,0.5,0.007,1,8,0.125,2023-24,Regular Season,0-2 Feet - Very Tight
1626156,D'Angelo Russell,1610612747,LAL,28.0,75,41,0.068,33,72,0.458,0.458,0.065,33,69,0.478,0.003,0,3,0.0,2023-24,Regular Season,0-2 Feet - Very Tight
1630549,Day'Ron Sharpe,1610612751,BKN,22.0,59,43,0.254,32,72,0.444,0.444,0.254,32,72,0.444,0.0,0,0,,2023-24,Regular Season,0-2 Feet - Very Tight
1631128,Christian Braun,1610612743,DEN,23.0,80,43,0.152,28,72,0.389,0.389,0.152,28,72,0.389,0.0,0,0,,2023-24,Regular Season,0-2 Feet - Very Tight
1626179,Terry Rozier,1610612748,MIA,30.0,61,35,0.072,25,72,0.347,0.347,0.072,25,72,0.347,0.0,0,0,,2023-24,Regular Season,0-2 Feet - Very Tight
1629028,Deandre Ayton,1610612757,POR,25.0,54,39,0.098,36,71,0.507,0.507,0.098,36,71,0.507,0.0,0,0,,2023-24,Regular Season,0-2 Feet - Very Tight
203501,Tim Hardaway Jr.,1610612742,DAL,32.0,78,41,0.074,34,70,0.486,0.5,0.065,32,62,0.516,0.008,2,8,0.25,2023-24,Regular Season,0-2 Feet - Very Tight
1631103,Malaki Branham,1610612759,SAS,21.0,74,49,0.114,31,70,0.443,0.443,0.114,31,70,0.443,0.0,0,0,,2023-24,Regular Season,0-2 Feet - Very Tight
203915,Spencer Dinwiddie,1610612747,LAL,31.0,75,34,0.112,30,70,0.429,0.45,0.104,27,65,0.415,0.008,3,5,0.6,2023-24,Regular Season,0-2 Feet - Very Tight
1629636,Darius Garland,1610612739,CLE,24.0,57,34,0.083,26,70,0.371,0.386,0.079,24,66,0.364,0.005,2,4,0.5,2023-24,Regular Season,0-2 Feet - Very Tight
1641731,Bilal Coulibaly,1610612764,WAS,19.0,63,45,0.16,31,69,0.449,0.449,0.158,31,68,0.456,0.002,0,1,0.0,2023-24,Regular Season,0-2 Feet - Very Tight
1631095,Jabari Smith Jr.,1610612745,HOU,21.0,76,42,0.083,30,69,0.435,0.435,0.082,30,68,0.441,0.001,0,1,0.0,2023-24,Regular Season,0-2 Feet - Very Tight
1641726,Dereck Lively II,1610612742,DAL,20.0,55,42,0.23,49,68,0.721,0.721,0.23,49,68,0.721,0.0,0,0,,2023-24,Regular Season,0-2 Feet - Very Tight
1629060,Rui Hachimura,1610612747,LAL,26.0,67,40,0.103,43,68,0.632,0.632,0.103,43,68,0.632,0.0,0,0,,2023-24,Regular Season,0-2 Feet - Very Tight
1631099,Keegan Murray,1610612758,SAC,23.0,77,43,0.069,35,67,0.522,0.522,0.069,35,67,0.522,0.0,0,0,,2023-24,Regular Season,0-2 Feet - Very Tight
1641871,Duop Reath,1610612757,POR,28.0,67,36,0.135,33,67,0.493,0.493,0.131,33,65,0.508,0.004,0,2,0.0,2023-24,Regular Season,0-2 Feet - Very Tight
1631133,Jabari Walker,1610612757,POR,21.0,72,45,0.132,31,67,0.463,0.463,0.132,31,67,0.463,0.0,0,0,,2023-24,Regular Season,0-2 Feet - Very Tight
1630245,Ayo Dosunmu,1610612741,CHI,24.0,75,42,0.096,30,67,0.448,0.448,0.096,30,67,0.448,0.0,0,0,,2023-24,Regular Season,0-2 Feet - Very Tight
1631093,Jaden Ivey,1610612765,DET,22.0,76,44,0.07,21,67,0.313,0.313,0.069,21,66,0.318,0.001,0,1,0.0,2023-24,Regular Season,0-2 Feet - Very Tight
1629631,De'Andre Hunter,1610612737,ATL,26.0,57,35,0.1,35,66,0.53,0.53,0.1,35,66,0.53,0.0,0,0,,2023-24,Regular Season,0-2 Feet - Very Tight
1630169,Tyrese Haliburton,1610612754,IND,24.0,69,35,0.063,33,66,0.5,0.508,0.061,32,64,0.5,0.002,1,2,0.5,2023-24,Regular Season,0-2 Feet - Very Tight
1630175,Cole Anthony,1610612753,ORL,24.0,81,44,0.087,25,66,0.379,0.379,0.084,25,64,0.391,0.003,0,2,0.0,2023-24,Regular Season,0-2 Feet - Very Tight
201572,Brook Lopez,1610612749,MIL,36.0,79,41,0.086,31,65,0.477,0.477,0.086,31,65,0.477,0.0,0,0,,2023-24,Regular Season,0-2 Feet - Very Tight
203937,Kyle Anderson,1610612750,MIN,30.0,79,42,0.15,29,65,0.446,0.446,0.15,29,65,0.446,0.0,0,0,,2023-24,Regular Season,0-2 Feet - Very Tight
203468,CJ McCollum,1610612740,NOP,32.0,65,39,0.062,25,65,0.385,0.408,0.056,22,58,0.379,0.007,3,7,0.429,2023-24,Regular Season,0-2 Feet - Very Tight
202711,Bojan Bogdanovic,1610612752,NYK,35.0,57,33,0.094,36,64,0.563,0.57,0.093,35,63,0.556,0.001,1,1,1.0,2023-24,Regular Season,0-2 Feet - Very Tight
203114,Khris Middleton,1610612749,MIL,32.0,55,38,0.1,27,64,0.422,0.445,0.089,24,57,0.421,0.011,3,7,0.429,2023-24,Regular Season,0-2 Feet - Very Tight
203482,Kelly Olynyk,1610612761,TOR,33.0,77,41,0.129,38,63,0.603,0.603,0.129,38,63,0.603,0.0,0,0,,2023-24,Regular Season,0-2 Feet - Very Tight
1628415,Dillon Brooks,1610612745,HOU,28.0,72,38,0.082,30,63,0.476,0.476,0.082,30,63,0.476,0.0,0,0,,2023-24,Regular Season,0-2 Feet - Very Tight
1641709,Ausar Thompson,1610612765,DET,21.0,62,38,0.133,28,63,0.444,0.444,0.131,28,62,0.452,0.002,0,1,0.0,2023-24,Regular Season,0-2 Feet - Very Tight
1630180,Saddiq Bey,1610612737,ATL,25.0,63,41,0.09,27,62,0.435,0.435,0.089,27,61,0.443,0.001,0,1,0.0,2023-24,Regular Season,0-2 Feet - Very Tight
1630529,Herbert Jones,1610612740,NOP,25.0,75,42,0.107,24,62,0.387,0.387,0.107,24,62,0.387,0.0,0,0,,2023-24,Regular Season,0-2 Feet - Very Tight
1629027,Trae Young,1610612737,ATL,25.0,54,32,0.061,29,61,0.475,0.475,0.058,29,58,0.5,0.003,0,3,0.0,2023-24,Regular Season,0-2 Feet - Very Tight
1630200,Tre Jones,1610612759,SAS,24.0,76,40,0.102,28,61,0.459,0.459,0.102,28,61,0.459,0.0,0,0,,2023-24,Regular Season,0-2 Feet - Very Tight
1641706,Brandon Miller,1610612766,CHA,21.0,73,41,0.057,26,61,0.426,0.426,0.055,26,58,0.448,0.003,0,3,0.0,2023-24,Regular Season,0-2 Feet - Very Tight
1631101,Shaedon Sharpe,1610612757,POR,21.0,32,25,0.141,22,61,0.361,0.361,0.129,22,56,0.393,0.012,0,5,0.0,2023-24,Regular Season,0-2 Feet - Very Tight
204456,T.J. McConnell,1610612754,IND,32.0,71,39,0.099,34,59,0.576,0.576,0.099,34,59,0.576,0.0,0,0,,2023-24,Regular Season,0-2 Feet - Very Tight
1630164,James Wiseman,1610612765,DET,23.0,62,34,0.2,34,59,0.576,0.576,0.2,34,59,0.576,0.0,0,0,,2023-24,Regular Season,0-2 Feet - Very Tight
1629014,Anfernee Simons,1610612757,POR,25.0,45,32,0.072,30,59,0.508,0.508,0.067,30,55,0.545,0.005,0,4,0.0,2023-24,Regular Season,0-2 Feet - Very Tight
1641739,Toumani Camara,1610612757,POR,24.0,69,36,0.136,25,58,0.431,0.431,0.136,25,58,0.431,0.0,0,0,,2023-24,Regular Season,0-2 Feet - Very Tight
203078,Bradley Beal,1610612756,PHX,31.0,51,34,0.082,32,57,0.561,0.561,0.082,32,57,0.561,0.0,0,0,,2023-24,Regular Season,0-2 Feet - Very Tight
1628401,Derrick White,1610612738,BOS,29.0,72,35,0.069,25,57,0.439,0.439,0.065,25,54,0.463,0.004,0,3,0.0,2023-24,Regular Season,0-2 Feet - Very Tight
1628384,OG Anunoby,1610612752,NYK,26.0,50,30,0.099,23,57,0.404,0.404,0.097,23,56,0.411,0.002,0,1,0.0,2023-24,Regular Season,0-2 Feet - Very Tight
1631212,Peyton Watson,1610612743,DEN,21.0,78,39,0.132,23,57,0.404,0.404,0.132,23,57,0.404,0.0,0,0,,2023-24,Regular Season,0-2 Feet - Very Tight
1629622,Max Strus,1610612739,CLE,28.0,70,37,0.078,23,57,0.404,0.421,0.069,21,50,0.42,0.01,2,7,0.286,2023-24,Regular Season,0-2 Feet - Very Tight
1630171,Isaac Okoro,1610612739,CLE,23.0,69,32,0.117,28,56,0.5,0.5,0.117,28,56,0.5,0.0,0,0,,2023-24,Regular Season,0-2 Feet - Very Tight
1626172,Kevon Looney,1610612744,GSW,28.0,74,38,0.242,25,56,0.446,0.446,0.242,25,56,0.446,0.0,0,0,,2023-24,Regular Season,0-2 Feet - Very Tight
1630598,Aaron Wiggins,1610612760,OKC,25.0,78,39,0.149,23,56,0.411,0.411,0.149,23,56,0.411,0.0,0,0,,2023-24,Regular Season,0-2 Feet - Very Tight
1641718,Keyonte George,1610612762,UTA,20.0,74,37,0.07,18,56,0.321,0.321,0.065,18,52,0.346,0.005,0,4,0.0,2023-24,Regular Season,0-2 Feet - Very Tight
1630559,Austin Reaves,1610612747,LAL,26.0,81,43,0.06,29,55,0.527,0.564,0.052,25,48,0.521,0.008,4,7,0.571,2023-24,Regular Season,0-2 Feet - Very Tight
1628971,Bruce Brown,1610612761,TOR,27.0,67,34,0.095,21,55,0.382,0.382,0.095,21,55,0.382,0.0,0,0,,2023-24,Regular Season,0-2 Feet - Very Tight
1630625,Dalano Banton,1610612757,POR,24.0,53,30,0.112,23,54,0.426,0.426,0.112,23,54,0.426,0.0,0,0,,2023-24,Regular Season,0-2 Feet - Very Tight
1630543,Isaiah Jackson,1610612754,IND,22.0,60,29,0.228,34,53,0.642,0.642,0.228,34,53,0.642,0.0,0,0,,2023-24,Regular Season,0-2 Feet - Very Tight
1629011,Mitchell Robinson,1610612752,NYK,26.0,31,25,0.417,27,53,0.509,0.509,0.417,27,53,0.509,0.0,0,0,,2023-24,Regular Season,0-2 Feet - Very Tight
1629639,Tyler Herro,1610612748,MIA,24.0,41,26,0.074,22,53,0.415,0.425,0.067,21,48,0.438,0.007,1,5,0.2,2023-24,Regular Season,0-2 Feet - Very Tight
1630217,Desmond Bane,1610612763,MEM,26.0,42,28,0.067,27,52,0.519,0.519,0.063,27,49,0.551,0.004,0,3,0.0,2023-24,Regular Season,0-2 Feet - Very Tight
1631323,Simone Fontecchio,1610612765,DET,28.0,65,35,0.097,27,52,0.519,0.519,0.097,27,52,0.519,0.0,0,0,,2023-24,Regular Season,0-2 Feet - Very Tight
1627884,Derrick Jones Jr.,1610612742,DAL,27.0,75,32,0.107,24,52,0.462,0.462,0.107,24,52,0.462,0.0,0,0,,2023-24,Regular Season,0-2 Feet - Very Tight
1627763,Malcolm Brogdon,1610612757,POR,31.0,39,27,0.105,23,52,0.442,0.442,0.103,23,51,0.451,0.002,0,1,0.0,2023-24,Regular Season,0-2 Feet - Very Tight
1628978,Donte DiVincenzo,1610612752,NYK,27.0,81,38,0.051,23,51,0.451,0.461,0.047,22,47,0.468,0.004,1,4,0.25,2023-24,Regular Season,0-2 Feet - Very Tight
1626181,Norman Powell,1610612746,LAC,31.0,75,34,0.068,21,51,0.412,0.412,0.067,21,50,0.42,0.001,0,1,0.0,2023-24,Regular Season,0-2 Feet - Very Tight
1627832,Fred VanVleet,1610612745,HOU,30.0,73,33,0.05,15,51,0.294,0.294,0.047,15,48,0.313,0.003,0,3,0.0,2023-24,Regular Season,0-2 Feet - Very Tight
202695,Kawhi Leonard,1610612746,LAC,33.0,67,34,0.044,30,50,0.6,0.6,0.044,30,50,0.6,0.0,0,0,,2023-24,Regular Season,0-2 Feet - Very Tight
1628436,Luke Kornet,1610612738,BOS,28.0,62,30,0.255,28,50,0.56,0.56,0.255,28,50,0.56,0.0,0,0,,2023-24,Regular Season,0-2 Feet - Very Tight
201935,James Harden,1610612746,LAC,34.0,71,35,0.062,18,50,0.36,0.36,0.059,18,48,0.375,0.002,0,2,0.0,2023-24,Regular Season,0-2 Feet - Very Tight
1641764,Brandin Podziemski,1610612744,GSW,21.0,73,33,0.086,15,50,0.3,0.3,0.086,15,50,0.3,0.0,0,0,,2023-24,Regular Season,0-2 Feet - Very Tight
203084,Harrison Barnes,1610612758,SAC,32.0,82,37,0.068,28,49,0.571,0.571,0.068,28,49,0.571,0.0,0,0,,2023-24,Regular Season,0-2 Feet - Very Tight
1629048,Goga Bitadze,1610612753,ORL,24.0,62,29,0.234,23,49,0.469,0.469,0.234,23,49,0.469,0.0,0,0,,2023-24,Regular Season,0-2 Feet - Very Tight
1631200,Kris Murray,1610612757,POR,23.0,61,36,0.134,26,48,0.542,0.542,0.134,26,48,0.542,0.0,0,0,,2023-24,Regular Season,0-2 Feet - Very Tight
1630583,Santi Aldama,1610612763,MEM,23.0,61,30,0.085,25,48,0.521,0.521,0.085,25,48,0.521,0.0,0,0,,2023-24,Regular Season,0-2 Feet - Very Tight
1628976,Wendell Carter Jr.,1610612753,ORL,25.0,55,32,0.111,26,47,0.553,0.553,0.111,26,47,0.553,0.0,0,0,,2023-24,Regular Season,0-2 Feet - Very Tight
1628997,Caleb Martin,1610612748,MIA,28.0,64,32,0.084,23,47,0.489,0.489,0.084,23,47,0.489,0.0,0,0,,2023-24,Regular Season,0-2 Feet - Very Tight
1630214,Xavier Tillman,1610612738,BOS,25.0,54,26,0.17,19,47,0.404,0.404,0.17,19,47,0.404,0.0,0,0,,2023-24,Regular Season,0-2 Feet - Very Tight
1630191,Isaiah Stewart,1610612765,DET,23.0,45,28,0.124,22,46,0.478,0.478,0.124,22,46,0.478,0.0,0,0,,2023-24,Regular Season,0-2 Feet - Very Tight
202330,Gordon Hayward,1610612760,OKC,34.0,51,21,0.114,22,46,0.478,0.478,0.114,22,46,0.478,0.0,0,0,,2023-24,Regular Season,0-2 Feet - Very Tight
1629652,Luguentz Dort,1610612760,OKC,25.0,79,31,0.07,21,46,0.457,0.457,0.07,21,46,0.457,0.0,0,0,,2023-24,Regular Season,0-2 Feet - Very Tight
1629023,P.J. Washington,1610612742,DAL,25.0,72,28,0.057,21,46,0.457,0.457,0.056,21,45,0.467,0.001,0,1,0.0,2023-24,Regular Season,0-2 Feet - Very Tight
1630174,Aaron Nesmith,1610612754,IND,24.0,72,31,0.073,20,46,0.435,0.435,0.073,20,46,0.435,0.0,0,0,,2023-24,Regular Season,0-2 Feet - Very Tight
1629659,Talen Horton-Tucker,1610612762,UTA,23.0,50,25,0.1,19,46,0.413,0.413,0.1,19,46,0.413,0.0,0,0,,2023-24,Regular Season,0-2 Feet - Very Tight
1630172,Patrick Williams,1610612741,CHI,22.0,43,29,0.128,16,46,0.348,0.348,0.125,16,45,0.356,0.003,0,1,0.0,2023-24,Regular Season,0-2 Feet - Very Tight
1630193,Immanuel Quickley,1610612761,TOR,25.0,67,34,0.053,13,46,0.283,0.293,0.051,12,44,0.273,0.002,1,2,0.5,2023-24,Regular Season,0-2 Feet - Very Tight
1631109,Mark Williams,1610612766,CHA,22.0,19,16,0.298,23,45,0.511,0.511,0.298,23,45,0.511,0.0,0,0,,2023-24,Regular Season,0-2 Feet - Very Tight
1630163,LaMelo Ball,1610612766,CHA,22.0,22,19,0.106,17,45,0.378,0.378,0.106,17,45,0.378,0.0,0,0,,2023-24,Regular Season,0-2 Feet - Very Tight
1627752,Taurean Prince,1610612747,LAL,30.0,77,30,0.08,15,45,0.333,0.344,0.073,14,41,0.341,0.007,1,4,0.25,2023-24,Regular Season,0-2 Feet - Very Tight
1627741,Buddy Hield,1610612755,PHI,31.0,83,33,0.054,12,45,0.267,0.267,0.048,12,40,0.3,0.006,0,5,0.0,2023-24,Regular Season,0-2 Feet - Very Tight
1630256,Jae'Sean Tate,1610612745,HOU,28.0,65,31,0.192,23,44,0.523,0.523,0.192,23,44,0.523,0.0,0,0,,2023-24,Regular Season,0-2 Feet - Very Tight
1628365,Markelle Fultz,1610612753,ORL,26.0,43,25,0.135,19,44,0.432,0.432,0.135,19,44,0.432,0.0,0,0,,2023-24,Regular Season,0-2 Feet - Very Tight
1630188,Jalen Smith,1610612754,IND,24.0,61,30,0.109,28,43,0.651,0.651,0.107,28,42,0.667,0.003,0,1,0.0,2023-24,Regular Season,0-2 Feet - Very Tight
203957,Dante Exum,1610612742,DAL,28.0,54,27,0.144,25,43,0.581,0.581,0.144,25,43,0.581,0.0,0,0,,2023-24,Regular Season,0-2 Feet - Very Tight
1628372,Dennis Smith Jr.,1610612751,BKN,26.0,54,28,0.131,20,43,0.465,0.465,0.131,20,43,0.465,0.0,0,0,,2023-24,Regular Season,0-2 Feet - Very Tight
1627827,Dorian Finney-Smith,1610612751,BKN,31.0,66,30,0.087,19,43,0.442,0.442,0.087,19,43,0.442,0.0,0,0,,2023-24,Regular Season,0-2 Feet - Very Tight
201569,Eric Gordon,1610612756,PHX,35.0,67,30,0.07,17,43,0.395,0.395,0.07,17,43,0.395,0.0,0,0,,2023-24,Regular Season,0-2 Feet - Very Tight
1630541,Moses Moody,1610612744,GSW,22.0,65,26,0.103,20,42,0.476,0.476,0.103,20,42,0.476,0.0,0,0,,2023-24,Regular Season,0-2 Feet - Very Tight
1630167,Obi Toppin,1610612754,IND,26.0,82,31,0.073,18,42,0.429,0.429,0.073,18,42,0.429,0.0,0,0,,2023-24,Regular Season,0-2 Feet - Very Tight
202691,Klay Thompson,1610612744,GSW,34.0,76,31,0.038,15,42,0.357,0.393,0.029,12,32,0.375,0.009,3,10,0.3,2023-24,Regular Season,0-2 Feet - Very Tight
203967,Dario Saric,1610612744,GSW,30.0,63,25,0.108,19,41,0.463,0.463,0.108,19,41,0.463,0.0,0,0,,2023-24,Regular Season,0-2 Feet - Very Tight
1629684,Grant Williams,1610612766,CHA,25.0,75,35,0.068,19,41,0.463,0.463,0.063,19,38,0.5,0.005,0,3,0.0,2023-24,Regular Season,0-2 Feet - Very Tight
1641708,Amen Thompson,1610612745,HOU,21.0,62,28,0.092,18,41,0.439,0.439,0.092,18,41,0.439,0.0,0,0,,2023-24,Regular Season,0-2 Feet - Very Tight
1631106,Tari Eason,1610612745,HOU,23.0,22,20,0.217,13,41,0.317,0.317,0.217,13,41,0.317,0.0,0,0,,2023-24,Regular Season,0-2 Feet - Very Tight
1629661,Cameron Johnson,1610612751,BKN,28.0,57,28,0.066,21,40,0.525,0.525,0.066,21,40,0.525,0.0,0,0,,2023-24,Regular Season,0-2 Feet - Very Tight
1630591,Jalen Suggs,1610612753,ORL,23.0,75,30,0.056,15,40,0.375,0.375,0.055,15,39,0.385,0.001,0,1,0.0,2023-24,Regular Season,0-2 Feet - Very Tight
1629018,Gary Trent Jr.,1610612761,TOR,25.0,70,29,0.048,16,39,0.41,0.41,0.046,16,38,0.421,0.001,0,1,0.0,2023-24,Regular Season,0-2 Feet - Very Tight
1630702,Jaden Hardy,1610612742,DAL,21.0,72,26,0.082,10,39,0.256,0.256,0.08,10,38,0.263,0.002,0,1,0.0,2023-24,Regular Season,0-2 Feet - Very Tight
201580,JaVale McGee,1610612758,SAC,36.0,46,25,0.288,20,38,0.526,0.526,0.288,20,38,0.526,0.0,0,0,,2023-24,Regular Season,0-2 Feet - Very Tight
1631223,David Roddy,1610612756,PHX,23.0,64,27,0.096,18,38,0.474,0.474,0.096,18,38,0.474,0.0,0,0,,2023-24,Regular Season,0-2 Feet - Very Tight
1628464,Daniel Theis,1610612746,LAC,32.0,59,26,0.137,18,38,0.474,0.474,0.137,18,38,0.474,0.0,0,0,,2023-24,Regular Season,0-2 Feet - Very Tight
1630534,Ochai Agbaji,1610612761,TOR,24.0,77,26,0.089,15,38,0.395,0.395,0.089,15,38,0.395,0.0,0,0,,2023-24,Regular Season,0-2 Feet - Very Tight
1630692,Jordan Goodwin,1610612763,MEM,25.0,56,26,0.099,15,38,0.395,0.395,0.099,15,38,0.395,0.0,0,0,,2023-24,Regular Season,0-2 Feet - Very Tight
1641715,Cam Whitmore,1610612745,HOU,19.0,47,31,0.081,13,38,0.342,0.342,0.079,13,37,0.351,0.002,0,1,0.0,2023-24,Regular Season,0-2 Feet - Very Tight
1629611,Terance Mann,1610612746,LAC,27.0,74,29,0.077,19,37,0.514,0.514,0.077,19,37,0.514,0.0,0,0,,2023-24,Regular Season,0-2 Feet - Very Tight
1641717,Cason Wallace,1610612760,OKC,20.0,82,33,0.084,19,37,0.514,0.514,0.084,19,37,0.514,0.0,0,0,,2023-24,Regular Season,0-2 Feet - Very Tight
201145,Jeff Green,1610612745,HOU,37.0,78,28,0.101,18,37,0.486,0.486,0.101,18,37,0.486,0.0,0,0,,2023-24,Regular Season,0-2 Feet - Very Tight
1629001,De'Anthony Melton,1610612755,PHI,26.0,38,23,0.103,13,37,0.351,0.351,0.103,13,37,0.351,0.0,0,0,,2023-24,Regular Season,0-2 Feet - Very Tight
202692,Alec Burks,1610612752,NYK,32.0,66,28,0.065,10,37,0.27,0.284,0.062,9,35,0.257,0.004,1,2,0.5,2023-24,Regular Season,0-2 Feet - Very Tight
1629234,Drew Eubanks,1610612756,PHX,27.0,73,26,0.146,18,36,0.5,0.5,0.146,18,36,0.5,0.0,0,0,,2023-24,Regular Season,0-2 Feet - Very Tight
1627936,Alex Caruso,1610612741,CHI,30.0,70,26,0.068,11,36,0.306,0.306,0.068,11,36,0.306,0.0,0,0,,2023-24,Regular Season,0-2 Feet - Very Tight
1629614,Andrew Nembhard,1610612754,IND,24.0,68,26,0.067,18,35,0.514,0.514,0.067,18,35,0.514,0.0,0,0,,2023-24,Regular Season,0-2 Feet - Very Tight
203995,Vasilije Micic,1610612766,CHA,30.0,59,22,0.098,18,35,0.514,0.529,0.095,17,34,0.5,0.003,1,1,1.0,2023-24,Regular Season,0-2 Feet - Very Tight
1627739,Kris Dunn,1610612762,UTA,30.0,65,28,0.112,17,35,0.486,0.486,0.112,17,35,0.486,0.0,0,0,,2023-24,Regular Season,0-2 Feet - Very Tight
1641713,GG Jackson,1610612763,MEM,19.0,48,25,0.062,13,35,0.371,0.371,0.062,13,35,0.371,0.0,0,0,,2023-24,Regular Season,0-2 Feet - Very Tight
1630231,KJ Martin,1610612755,PHI,23.0,60,26,0.193,12,35,0.343,0.343,0.193,12,35,0.343,0.0,0,0,,2023-24,Regular Season,0-2 Feet - Very Tight
202684,Tristan Thompson,1610612739,CLE,33.0,49,21,0.283,17,34,0.5,0.5,0.283,17,34,0.5,0.0,0,0,,2023-24,Regular Season,0-2 Feet - Very Tight
1628371,Jonathan Isaac,1610612753,ORL,26.0,58,21,0.119,17,34,0.5,0.5,0.115,17,33,0.515,0.003,0,1,0.0,2023-24,Regular Season,0-2 Feet - Very Tight
1629638,Nickeil Alexander-Walker,1610612750,MIN,25.0,82,30,0.063,13,34,0.382,0.382,0.063,13,34,0.382,0.0,0,0,,2023-24,Regular Season,0-2 Feet - Very Tight
1626204,Larry Nance Jr.,1610612740,NOP,31.0,61,25,0.137,22,33,0.667,0.667,0.137,22,33,0.667,0.0,0,0,,2023-24,Regular Season,0-2 Feet - Very Tight
1630570,Trendon Watford,1610612751,BKN,23.0,61,21,0.113,21,33,0.636,0.636,0.113,21,33,0.636,0.0,0,0,,2023-24,Regular Season,0-2 Feet - Very Tight
1626174,Christian Wood,1610612747,LAL,28.0,49,22,0.129,18,33,0.545,0.545,0.129,18,33,0.545,0.0,0,0,,2023-24,Regular Season,0-2 Feet - Very Tight
1630192,Zeke Nnaji,1610612743,DEN,23.0,56,23,0.226,16,33,0.485,0.485,0.226,16,33,0.485,0.0,0,0,,2023-24,Regular Season,0-2 Feet - Very Tight
203486,Mason Plumlee,1610612746,LAC,34.0,46,22,0.209,19,32,0.594,0.594,0.209,19,32,0.594,0.0,0,0,,2023-24,Regular Season,0-2 Feet - Very Tight
1626145,Tyus Jones,1610612764,WAS,28.0,66,24,0.048,14,32,0.438,0.438,0.048,14,32,0.438,0.0,0,0,,2023-24,Regular Season,0-2 Feet - Very Tight
1630533,Ziaire Williams,1610612763,MEM,22.0,51,26,0.085,10,32,0.313,0.313,0.085,10,32,0.313,0.0,0,0,,2023-24,Regular Season,0-2 Feet - Very Tight
201143,Al Horford,1610612738,BOS,38.0,64,22,0.076,18,31,0.581,0.581,0.076,18,31,0.581,0.0,0,0,,2023-24,Regular Season,0-2 Feet - Very Tight
1629022,Lonnie Walker IV,1610612751,BKN,25.0,57,20,0.065,16,31,0.516,0.532,0.061,15,29,0.517,0.004,1,2,0.5,2023-24,Regular Season,0-2 Feet - Very Tight
1628989,Kevin Huerter,1610612758,SAC,25.0,64,26,0.056,16,31,0.516,0.548,0.05,14,28,0.5,0.005,2,3,0.667,2023-24,Regular Season,0-2 Feet - Very Tight
203110,Draymond Green,1610612744,GSW,34.0,54,25,0.087,14,31,0.452,0.452,0.087,14,31,0.452,0.0,0,0,,2023-24,Regular Season,0-2 Feet - Very Tight
1641710,Anthony Black,1610612753,ORL,20.0,69,25,0.126,14,31,0.452,0.452,0.126,14,31,0.452,0.0,0,0,,2023-24,Regular Season,0-2 Feet - Very Tight
1630230,Naji Marshall,1610612740,NOP,26.0,65,28,0.085,10,31,0.323,0.323,0.085,10,31,0.323,0.0,0,0,,2023-24,Regular Season,0-2 Feet - Very Tight
1630209,Omer Yurtseven,1610612762,UTA,26.0,47,19,0.163,18,30,0.6,0.6,0.163,18,30,0.6,0.0,0,0,,2023-24,Regular Season,0-2 Feet - Very Tight
1627777,Georges Niang,1610612739,CLE,31.0,82,27,0.047,16,30,0.533,0.533,0.047,16,30,0.533,0.0,0,0,,2023-24,Regular Season,0-2 Feet - Very Tight
1628418,Thomas Bryant,1610612748,MIA,26.0,37,19,0.21,14,30,0.467,0.467,0.21,14,30,0.467,0.0,0,0,,2023-24,Regular Season,0-2 Feet - Very Tight
1630530,Trey Murphy III,1610612740,NOP,24.0,56,25,0.049,14,30,0.467,0.467,0.049,14,30,0.467,0.0,0,0,,2023-24,Regular Season,0-2 Feet - Very Tight
1628449,Chris Boucher,1610612761,TOR,31.0,49,26,0.142,12,30,0.4,0.4,0.142,12,30,0.4,0.0,0,0,,2023-24,Regular Season,0-2 Feet - Very Tight
1626158,Richaun Holmes,1610612764,WAS,30.0,40,17,0.197,16,29,0.552,0.552,0.197,16,29,0.552,0.0,0,0,,2023-24,Regular Season,0-2 Feet - Very Tight
1628981,Bruno Fernando,1610612737,ATL,25.0,45,20,0.156,16,29,0.552,0.552,0.156,16,29,0.552,0.0,0,0,,2023-24,Regular Season,0-2 Feet - Very Tight
1641854,Craig Porter Jr.,1610612739,CLE,24.0,51,18,0.128,13,29,0.448,0.448,0.128,13,29,0.448,0.0,0,0,,2023-24,Regular Season,0-2 Feet - Very Tight
1629130,Duncan Robinson,1610612748,MIA,30.0,67,24,0.043,13,29,0.448,0.5,0.034,10,23,0.435,0.009,3,6,0.5,2023-24,Regular Season,0-2 Feet - Very Tight
1630550,JT Thor,1610612766,CHA,21.0,62,19,0.16,11,29,0.379,0.379,0.16,11,29,0.379,0.0,0,0,,2023-24,Regular Season,0-2 Feet - Very Tight
1629629,Cam Reddish,1610612747,LAL,24.0,47,19,0.127,7,29,0.241,0.241,0.127,7,29,0.241,0.0,0,0,,2023-24,Regular Season,0-2 Feet - Very Tight
201599,DeAndre Jordan,1610612743,DEN,35.0,35,16,0.304,17,28,0.607,0.607,0.304,17,28,0.607,0.0,0,0,,2023-24,Regular Season,0-2 Feet - Very Tight
202687,Bismack Biyombo,1610612760,OKC,31.0,40,17,0.214,16,28,0.571,0.571,0.214,16,28,0.571,0.0,0,0,,2023-24,Regular Season,0-2 Feet - Very Tight
1630540,Miles McBride,1610612752,NYK,23.0,68,22,0.062,13,28,0.464,0.482,0.06,12,27,0.444,0.002,1,1,1.0,2023-24,Regular Season,0-2 Feet - Very Tight
1630202,Payton Pritchard,1610612738,BOS,26.0,81,22,0.045,11,28,0.393,0.393,0.041,11,26,0.423,0.003,0,2,0.0,2023-24,Regular Season,0-2 Feet - Very Tight
1629674,Neemias Queta,1610612738,BOS,24.0,28,16,0.269,10,28,0.357,0.357,0.269,10,28,0.357,0.0,0,0,,2023-24,Regular Season,0-2 Feet - Very Tight
1626224,Cedi Osman,1610612759,SAS,29.0,72,24,0.07,16,27,0.593,0.593,0.07,16,27,0.593,0.0,0,0,,2023-24,Regular Season,0-2 Feet - Very Tight
1641711,Gradey Dick,1610612761,TOR,20.0,59,22,0.062,12,27,0.444,0.444,0.06,12,26,0.462,0.002,0,1,0.0,2023-24,Regular Season,0-2 Feet - Very Tight
1626166,Cameron Payne,1610612755,PHI,29.0,77,22,0.057,12,27,0.444,0.463,0.055,11,26,0.423,0.002,1,1,1.0,2023-24,Regular Season,0-2 Feet - Very Tight
1630201,Malachi Flynn,1610612765,DET,26.0,68,22,0.083,9,27,0.333,0.352,0.074,8,24,0.333,0.009,1,3,0.333,2023-24,Regular Season,0-2 Feet - Very Tight
1627736,Malik Beasley,1610612749,MIL,27.0,79,22,0.036,13,26,0.5,0.519,0.033,12,24,0.5,0.003,1,2,0.5,2023-24,Regular Season,0-2 Feet - Very Tight
1631104,Blake Wesley,1610612759,SAS,21.0,60,19,0.123,11,26,0.423,0.423,0.118,11,25,0.44,0.005,0,1,0.0,2023-24,Regular Season,0-2 Feet - Very Tight
1629312,Haywood Highsmith,1610612748,MIA,27.0,66,21,0.079,10,26,0.385,0.385,0.079,10,26,0.385,0.0,0,0,,2023-24,Regular Season,0-2 Feet - Very Tight
1631108,Max Christie,1610612747,LAL,21.0,66,18,0.111,9,26,0.346,0.346,0.107,9,25,0.36,0.004,0,1,0.0,2023-24,Regular Season,0-2 Feet - Very Tight
1630699,MarJon Beauchamp,1610612749,MIL,23.0,48,19,0.151,12,25,0.48,0.48,0.151,12,25,0.48,0.0,0,0,,2023-24,Regular Season,0-2 Feet - Very Tight
203484,Kentavious Caldwell-Pope,1610612743,DEN,31.0,74,20,0.044,11,25,0.44,0.44,0.042,11,24,0.458,0.002,0,1,0.0,2023-24,Regular Season,0-2 Feet - Very Tight
1630219,Skylar Mays,1610612747,LAL,26.0,38,13,0.157,8,25,0.32,0.32,0.157,8,25,0.32,0.0,0,0,,2023-24,Regular Season,0-2 Feet - Very Tight
1628960,Grayson Allen,1610612756,PHX,28.0,73,18,0.038,7,25,0.28,0.28,0.038,7,25,0.28,0.0,0,0,,2023-24,Regular Season,0-2 Feet - Very Tight
1641998,Trey Jemison III,1610612763,MEM,24.0,25,14,0.176,14,24,0.583,0.583,0.176,14,24,0.583,0.0,0,0,,2023-24,Regular Season,0-2 Feet - Very Tight
1629002,Chimezie Metu,1610612765,DET,27.0,50,18,0.1,14,24,0.583,0.583,0.1,14,24,0.583,0.0,0,0,,2023-24,Regular Season,0-2 Feet - Very Tight
1630182,Josh Green,1610612742,DAL,23.0,56,21,0.065,12,24,0.5,0.5,0.065,12,24,0.5,0.0,0,0,,2023-24,Regular Season,0-2 Feet - Very Tight
1628964,Mo Bamba,1610612755,PHI,26.0,56,18,0.123,10,24,0.417,0.417,0.123,10,24,0.417,0.0,0,0,,2023-24,Regular Season,0-2 Feet - Very Tight
1630700,Dyson Daniels,1610612740,NOP,21.0,60,19,0.078,10,24,0.417,0.417,0.078,10,24,0.417,0.0,0,0,,2023-24,Regular Season,0-2 Feet - Very Tight
1626168,Trey Lyles,1610612758,SAC,28.0,58,18,0.075,10,24,0.417,0.417,0.075,10,24,0.417,0.0,0,0,,2023-24,Regular Season,0-2 Feet - Very Tight
203897,Zach LaVine,1610612741,CHI,29.0,25,16,0.064,8,24,0.333,0.333,0.064,8,24,0.333,0.0,0,0,,2023-24,Regular Season,0-2 Feet - Very Tight
201565,Derrick Rose,1610612763,MEM,35.0,24,14,0.145,7,24,0.292,0.292,0.145,7,24,0.292,0.0,0,0,,2023-24,Regular Season,0-2 Feet - Very Tight
1641722,Jordan Hawkins,1610612740,NOP,22.0,66,20,0.054,6,24,0.25,0.271,0.042,5,19,0.263,0.011,1,5,0.2,2023-24,Regular Season,0-2 Feet - Very Tight
1630264,Anthony Gill,1610612764,WAS,31.0,50,18,0.144,10,23,0.435,0.435,0.144,10,23,0.435,0.0,0,0,,2023-24,Regular Season,0-2 Feet - Very Tight
1629013,Landry Shamet,1610612764,WAS,27.0,46,17,0.085,9,23,0.391,0.413,0.077,8,21,0.381,0.007,1,2,0.5,2023-24,Regular Season,0-2 Feet - Very Tight
203469,Cody Zeller,1610612740,NOP,31.0,42,16,0.377,9,23,0.391,0.391,0.377,9,23,0.391,0.0,0,0,,2023-24,Regular Season,0-2 Feet - Very Tight
1631246,Vince Williams Jr.,1610612763,MEM,23.0,52,18,0.061,9,23,0.391,0.391,0.061,9,23,0.391,0.0,0,0,,2023-24,Regular Season,0-2 Feet - Very Tight
1631204,Marcus Sasser,1610612765,DET,23.0,70,19,0.046,9,23,0.391,0.391,0.044,9,22,0.409,0.002,0,1,0.0,2023-24,Regular Season,0-2 Feet - Very Tight
1628966,Keita Bates-Diop,1610612751,BKN,28.0,52,17,0.144,9,23,0.391,0.391,0.144,9,23,0.391,0.0,0,0,,2023-24,Regular Season,0-2 Feet - Very Tight
203939,Dwight Powell,1610612742,DAL,32.0,62,20,0.212,12,22,0.545,0.545,0.212,12,22,0.545,0.0,0,0,,2023-24,Regular Season,0-2 Feet - Very Tight
1630558,Davion Mitchell,1610612758,SAC,25.0,72,16,0.069,12,22,0.545,0.545,0.069,12,22,0.545,0.0,0,0,,2023-24,Regular Season,0-2 Feet - Very Tight
1630544,Tre Mann,1610612766,CHA,23.0,41,16,0.07,11,22,0.5,0.523,0.066,10,21,0.476,0.003,1,1,1.0,2023-24,Regular Season,0-2 Feet - Very Tight
1630647,Eugene Omoruyi,1610612764,WAS,27.0,43,15,0.134,11,22,0.5,0.5,0.134,11,22,0.5,0.0,0,0,,2023-24,Regular Season,0-2 Feet - Very Tight
1629006,Josh Okogie,1610612756,PHX,25.0,59,18,0.108,10,22,0.455,0.455,0.103,10,21,0.476,0.005,0,1,0.0,2023-24,Regular Season,0-2 Feet - Very Tight
1630205,Lamar Stevens,1610612763,MEM,26.0,38,15,0.092,8,22,0.364,0.364,0.092,8,22,0.364,0.0,0,0,,2023-24,Regular Season,0-2 Feet - Very Tight
1629637,Jaxson Hayes,1610612747,LAL,24.0,69,16,0.122,12,21,0.571,0.571,0.122,12,21,0.571,0.0,0,0,,2023-24,Regular Season,0-2 Feet - Very Tight
201144,Mike Conley,1610612750,MIN,36.0,76,18,0.033,11,21,0.524,0.524,0.031,11,20,0.55,0.002,0,1,0.0,2023-24,Regular Season,0-2 Feet - Very Tight
203935,Marcus Smart,1610612763,MEM,30.0,20,11,0.089,11,21,0.524,0.524,0.089,11,21,0.524,0.0,0,0,,2023-24,Regular Season,0-2 Feet - Very Tight
1628995,Kevin Knox II,1610612757,POR,24.0,31,11,0.113,9,21,0.429,0.429,0.108,9,20,0.45,0.005,0,1,0.0,2023-24,Regular Season,0-2 Feet - Very Tight
1629111,Jock Landale,1610612745,HOU,28.0,56,19,0.104,7,21,0.333,0.333,0.104,7,21,0.333,0.0,0,0,,2023-24,Regular Season,0-2 Feet - Very Tight
1627780,Gary Payton II,1610612744,GSW,31.0,44,18,0.109,10,20,0.5,0.5,0.109,10,20,0.5,0.0,0,0,,2023-24,Regular Season,0-2 Feet - Very Tight
201567,Kevin Love,1610612748,MIA,35.0,54,17,0.057,10,20,0.5,0.5,0.057,10,20,0.5,0.0,0,0,,2023-24,Regular Season,0-2 Feet - Very Tight
201152,Thaddeus Young,1610612756,PHX,36.0,33,13,0.185,8,20,0.4,0.4,0.185,8,20,0.4,0.0,0,0,,2023-24,Regular Season,0-2 Feet - Very Tight
1629670,Jordan Nwora,1610612761,TOR,25.0,51,15,0.068,8,20,0.4,0.4,0.068,8,20,0.4,0.0,0,0,,2023-24,Regular Season,0-2 Feet - Very Tight
1631222,Jake LaRavia,1610612763,MEM,22.0,35,12,0.066,7,20,0.35,0.35,0.066,7,20,0.35,0.0,0,0,,2023-24,Regular Season,0-2 Feet - Very Tight
1630577,Julian Champagnie,1610612759,SAS,23.0,73,18,0.051,6,20,0.3,0.3,0.051,6,20,0.3,0.0,0,0,,2023-24,Regular Season,0-2 Feet - Very Tight
1626153,Delon Wright,1610612748,MIA,32.0,47,18,0.106,5,20,0.25,0.25,0.106,5,20,0.25,0.0,0,0,,2023-24,Regular Season,0-2 Feet - Very Tight
1629677,Luka Samanic,1610612762,UTA,24.0,42,12,0.132,5,20,0.25,0.25,0.132,5,20,0.25,0.0,0,0,,2023-24,Regular Season,0-2 Feet - Very Tight
1630215,Jared Butler,1610612764,WAS,23.0,40,15,0.095,10,19,0.526,0.526,0.095,10,19,0.526,0.0,0,0,,2023-24,Regular Season,0-2 Feet - Very Tight
1629630,Ja Morant,1610612763,MEM,24.0,9,8,0.112,9,19,0.474,0.474,0.106,9,18,0.5,0.006,0,1,0.0,2023-24,Regular Season,0-2 Feet - Very Tight
1631121,Bryce McGowens,1610612766,CHA,21.0,59,16,0.083,8,19,0.421,0.421,0.083,8,19,0.421,0.0,0,0,,2023-24,Regular Season,0-2 Feet - Very Tight
200768,Kyle Lowry,1610612755,PHI,38.0,58,16,0.052,8,19,0.421,0.421,0.046,8,17,0.471,0.005,0,2,0.0,2023-24,Regular Season,0-2 Feet - Very Tight
1631119,Jaylin Williams,1610612760,OKC,22.0,69,19,0.083,6,19,0.316,0.316,0.083,6,19,0.316,0.0,0,0,,2023-24,Regular Season,0-2 Feet - Very Tight
204060,Joe Ingles,1610612753,ORL,36.0,68,14,0.084,5,19,0.263,0.263,0.079,5,18,0.278,0.004,0,1,0.0,2023-24,Regular Season,0-2 Feet - Very Tight
1629026,Kenrich Williams,1610612760,OKC,29.0,69,18,0.064,12,18,0.667,0.667,0.064,12,18,0.667,0.0,0,0,,2023-24,Regular Season,0-2 Feet - Very Tight
1630241,Sam Merrill,1610612739,CLE,28.0,61,13,0.046,8,18,0.444,0.528,0.023,5,9,0.556,0.023,3,9,0.333,2023-24,Regular Season,0-2 Feet - Very Tight
1629020,Jarred Vanderbilt,1610612747,LAL,25.0,28,13,0.171,7,18,0.389,0.389,0.171,7,18,0.389,0.0,0,0,,2023-24,Regular Season,0-2 Feet - Very Tight
1629667,Jalen McDaniels,1610612761,TOR,26.0,49,15,0.097,6,18,0.333,0.333,0.097,6,18,0.333,0.0,0,0,,2023-24,Regular Season,0-2 Feet - Very Tight
1628470,Torrey Craig,1610612741,CHI,33.0,52,14,0.075,6,18,0.333,0.333,0.075,6,18,0.333,0.0,0,0,,2023-24,Regular Season,0-2 Feet - Very Tight
1629650,Moses Brown,1610612757,POR,24.0,22,10,0.277,6,18,0.333,0.333,0.277,6,18,0.333,0.0,0,0,,2023-24,Regular Season,0-2 Feet - Very Tight
1631115,Orlando Robinson,1610612748,MIA,23.0,36,9,0.236,9,17,0.529,0.529,0.236,9,17,0.529,0.0,0,0,,2023-24,Regular Season,0-2 Feet - Very Tight
1628988,Aaron Holiday,1610612745,HOU,27.0,78,14,0.041,8,17,0.471,0.471,0.038,8,16,0.5,0.002,0,1,0.0,2023-24,Regular Season,0-2 Feet - Very Tight
1630198,Isaiah Joe,1610612760,OKC,24.0,78,16,0.035,8,17,0.471,0.471,0.033,8,16,0.5,0.002,0,1,0.0,2023-24,Regular Season,0-2 Feet - Very Tight
1628998,Cody Martin,1610612766,CHA,28.0,28,13,0.079,7,17,0.412,0.412,0.079,7,17,0.412,0.0,0,0,,2023-24,Regular Season,0-2 Feet - Very Tight
1630531,Jaden Springer,1610612738,BOS,21.0,48,11,0.115,5,17,0.294,0.294,0.115,5,17,0.294,0.0,0,0,,2023-24,Regular Season,0-2 Feet - Very Tight
1630631,Jose Alvarado,1610612740,NOP,26.0,55,14,0.05,4,17,0.235,0.235,0.05,4,17,0.235,0.0,0,0,,2023-24,Regular Season,0-2 Feet - Very Tight
1629003,Shake Milton,1610612752,NYK,27.0,48,14,0.082,7,16,0.438,0.438,0.077,7,15,0.467,0.005,0,1,0.0,2023-24,Regular Season,0-2 Feet - Very Tight
1629723,John Konchar,1610612763,MEM,28.0,55,12,0.077,6,16,0.375,0.375,0.072,6,15,0.4,0.005,0,1,0.0,2023-24,Regular Season,0-2 Feet - Very Tight
1628426,Sasha Vezenkov,1610612758,SAC,28.0,42,12,0.085,6,16,0.375,0.375,0.085,6,16,0.375,0.0,0,0,,2023-24,Regular Season,0-2 Feet - Very Tight
1626220,Royce O'Neale,1610612756,PHX,31.0,77,12,0.031,5,16,0.313,0.344,0.027,4,14,0.286,0.004,1,2,0.5,2023-24,Regular Season,0-2 Feet - Very Tight
1629656,Quentin Grimes,1610612765,DET,24.0,51,13,0.05,5,16,0.313,0.344,0.04,4,13,0.308,0.009,1,3,0.333,2023-24,Regular Season,0-2 Feet - Very Tight
1626196,Josh Richardson,1610612748,MIA,30.0,42,15,0.044,8,15,0.533,0.533,0.044,8,15,0.533,0.0,0,0,,2023-24,Regular Season,0-2 Feet - Very Tight
203458,Alex Len,1610612758,SAC,31.0,48,14,0.185,7,15,0.467,0.467,0.185,7,15,0.467,0.0,0,0,,2023-24,Regular Season,0-2 Feet - Very Tight
1631098,Johnny Davis,1610612764,WAS,22.0,50,13,0.098,6,15,0.4,0.4,0.098,6,15,0.4,0.0,0,0,,2023-24,Regular Season,0-2 Feet - Very Tight
1630538,Bones Hyland,1610612746,LAC,23.0,36,10,0.06,5,15,0.333,0.333,0.06,5,15,0.333,0.0,0,0,,2023-24,Regular Season,0-2 Feet - Very Tight
203914,Gary Harris,1610612753,ORL,29.0,54,14,0.051,4,15,0.267,0.267,0.047,4,14,0.286,0.003,0,1,0.0,2023-24,Regular Season,0-2 Feet - Very Tight
1630592,Jalen Wilson,1610612751,BKN,23.0,41,11,0.087,7,14,0.5,0.5,0.087,7,14,0.5,0.0,0,0,,2023-24,Regular Season,0-2 Feet - Very Tight
201976,Patrick Beverley,1610612749,MIL,35.0,73,14,0.037,6,14,0.429,0.429,0.037,6,14,0.429,0.0,0,0,,2023-24,Regular Season,0-2 Feet - Very Tight
1631107,Nikola Jović,1610612748,MIA,21.0,45,10,0.05,5,14,0.357,0.357,0.05,5,14,0.357,0.0,0,0,,2023-24,Regular Season,0-2 Feet - Very Tight
1630165,Killian Hayes,1610612765,DET,22.0,42,12,0.049,4,14,0.286,0.286,0.049,4,14,0.286,0.0,0,0,,2023-24,Regular Season,0-2 Feet - Very Tight
1626192,Pat Connaughton,1610612749,MIL,31.0,76,13,0.038,8,13,0.615,0.615,0.038,8,13,0.615,0.0,0,0,,2023-24,Regular Season,0-2 Feet - Very Tight
203488,Mike Muscala,1610612760,OKC,33.0,53,12,0.084,7,13,0.538,0.538,0.084,7,13,0.538,0.0,0,0,,2023-24,Regular Season,0-2 Feet - Very Tight
201587,Nicolas Batum,1610612755,PHI,35.0,59,12,0.051,5,13,0.385,0.385,0.047,5,12,0.417,0.004,0,1,0.0,2023-24,Regular Season,0-2 Feet - Very Tight
1630537,Chris Duarte,1610612758,SAC,27.0,59,13,0.062,4,13,0.308,0.308,0.062,4,13,0.308,0.0,0,0,,2023-24,Regular Season,0-2 Feet - Very Tight
1631241,Javon Freeman-Liberty,1610612761,TOR,24.0,21,11,0.107,4,13,0.308,0.308,0.107,4,13,0.308,0.0,0,0,,2023-24,Regular Season,0-2 Feet - Very Tight
1630572,Sandro Mamukelashvili,1610612759,SAS,25.0,45,10,0.084,4,13,0.308,0.308,0.084,4,13,0.308,0.0,0,0,,2023-24,Regular Season,0-2 Feet - Very Tight
1641712,Rayan Rupert,1610612757,POR,20.0,38,10,0.082,3,13,0.231,0.231,0.082,3,13,0.231,0.0,0,0,,2023-24,Regular Season,0-2 Feet - Very Tight
1641733,Nick Smith Jr.,1610612766,CHA,20.0,50,11,0.046,3,13,0.231,0.231,0.039,3,11,0.273,0.007,0,2,0.0,2023-24,Regular Season,0-2 Feet - Very Tight
1631124,Julian Strawther,1610612743,DEN,22.0,48,10,0.06,3,13,0.231,0.231,0.06,3,13,0.231,0.0,0,0,,2023-24,Regular Season,0-2 Feet - Very Tight
1630527,Brandon Boston,1610612746,LAC,22.0,32,8,0.082,3,13,0.231,0.231,0.082,3,13,0.231,0.0,0,0,,2023-24,Regular Season,0-2 Feet - Very Tight
1630579,Jericho Sims,1610612752,NYK,25.0,45,9,0.235,9,12,0.75,0.75,0.235,9,12,0.75,0.0,0,0,,2023-24,Regular Season,0-2 Feet - Very Tight
1631230,Dominick Barlow,1610612759,SAS,21.0,32,7,0.117,8,12,0.667,0.667,0.117,8,12,0.667,0.0,0,0,,2023-24,Regular Season,0-2 Feet - Very Tight
1631254,Kenneth Lofton Jr.,1610612762,UTA,21.0,21,7,0.158,7,12,0.583,0.583,0.158,7,12,0.583,0.0,0,0,,2023-24,Regular Season,0-2 Feet - Very Tight
1641730,Noah Clowney,1610612751,BKN,19.0,22,8,0.145,6,12,0.5,0.5,0.145,6,12,0.5,0.0,0,0,,2023-24,Regular Season,0-2 Feet - Very Tight
1641707,Taylor Hendricks,1610612762,UTA,20.0,40,9,0.05,6,12,0.5,0.5,0.05,6,12,0.5,0.0,0,0,,2023-24,Regular Season,0-2 Feet - Very Tight
1641741,Ricky Council IV,1610612755,PHI,22.0,31,9,0.109,5,12,0.417,0.417,0.109,5,12,0.417,0.0,0,0,,2023-24,Regular Season,0-2 Feet - Very Tight
1629007,Jontay Porter,1610612765,DET,24.0,25,7,0.115,5,12,0.417,0.417,0.115,5,12,0.417,0.0,0,0,,2023-24,Regular Season,0-2 Feet - Very Tight
1630590,Scotty Pippen Jr.,1610612763,MEM,23.0,21,8,0.059,5,12,0.417,0.417,0.059,5,12,0.417,0.0,0,0,,2023-24,Regular Season,0-2 Feet - Very Tight
1641765,Olivier-Maxence Prosper,1610612742,DAL,21.0,40,9,0.115,2,12,0.167,0.167,0.115,2,12,0.167,0.0,0,0,,2023-24,Regular Season,0-2 Feet - Very Tight
1628962,Udoka Azubuike,1610612756,PHX,24.0,16,4,0.478,6,11,0.545,0.545,0.478,6,11,0.545,0.0,0,0,,2023-24,Regular Season,0-2 Feet - Very Tight
1629599,Amir Coffey,1610612746,LAC,27.0,69,8,0.032,6,11,0.545,0.545,0.032,6,11,0.545,0.0,0,0,,2023-24,Regular Season,0-2 Feet - Very Tight
201568,Danilo Gallinari,1610612749,MIL,35.0,49,10,0.058,5,11,0.455,0.455,0.058,5,11,0.455,0.0,0,0,,2023-24,Regular Season,0-2 Feet - Very Tight
202694,Marcus Morris Sr.,1610612739,CLE,34.0,49,9,0.042,5,11,0.455,0.5,0.034,4,9,0.444,0.008,1,2,0.5,2023-24,Regular Season,0-2 Feet - Very Tight
1629052,Oshae Brissett,1610612738,BOS,26.0,55,9,0.072,4,11,0.364,0.364,0.072,4,11,0.364,0.0,0,0,,2023-24,Regular Season,0-2 Feet - Very Tight
1641767,Ben Sheppard,1610612754,IND,22.0,57,10,0.048,4,11,0.364,0.364,0.048,4,11,0.364,0.0,0,0,,2023-24,Regular Season,0-2 Feet - Very Tight
1627863,Danuel House Jr.,1610612755,PHI,31.0,34,10,0.105,1,11,0.091,0.091,0.105,1,11,0.091,0.0,0,0,,2023-24,Regular Season,0-2 Feet - Very Tight
1641748,Andre Jackson Jr.,1610612749,MIL,22.0,57,8,0.1,7,10,0.7,0.7,0.1,7,10,0.7,0.0,0,0,,2023-24,Regular Season,0-2 Feet - Very Tight
1631207,Dalen Terry,1610612741,CHI,21.0,58,9,0.066,6,10,0.6,0.6,0.066,6,10,0.6,0.0,0,0,,2023-24,Regular Season,0-2 Feet - Very Tight
1629642,Nassir Little,1610612756,PHX,24.0,45,9,0.081,5,10,0.5,0.5,0.081,5,10,0.5,0.0,0,0,,2023-24,Regular Season,0-2 Feet - Very Tight
203552,Seth Curry,1610612766,CHA,33.0,44,7,0.049,5,10,0.5,0.55,0.039,4,8,0.5,0.01,1,2,0.5,2023-24,Regular Season,0-2 Feet - Very Tight
1627745,Damian Jones,1610612739,CLE,29.0,39,7,0.139,4,10,0.4,0.4,0.139,4,10,0.4,0.0,0,0,,2023-24,Regular Season,0-2 Feet - Very Tight
203496,Robert Covington,1610612755,PHI,33.0,29,8,0.102,3,10,0.3,0.3,0.092,3,9,0.333,0.01,0,1,0.0,2023-24,Regular Season,0-2 Feet - Very Tight
1630639,A.J. Lawson,1610612742,DAL,23.0,41,8,0.083,2,10,0.2,0.2,0.083,2,10,0.2,0.0,0,0,,2023-24,Regular Season,0-2 Feet - Very Tight
1630573,Sam Hauser,1610612738,BOS,26.0,78,10,0.018,2,10,0.2,0.2,0.014,2,8,0.25,0.004,0,2,0.0,2023-24,Regular Season,0-2 Feet - Very Tight
1630526,Jeremiah Robinson-Earl,1610612740,NOP,23.0,38,9,0.097,7,9,0.778,0.778,0.097,7,9,0.778,0.0,0,0,,2023-24,Regular Season,0-2 Feet - Very Tight
1631466,Nate Williams,1610612745,HOU,25.0,22,6,0.18,5,9,0.556,0.556,0.18,5,9,0.556,0.0,0,0,,2023-24,Regular Season,0-2 Feet - Very Tight
203109,Jae Crowder,1610612749,MIL,33.0,50,8,0.033,4,9,0.444,0.444,0.033,4,9,0.444,0.0,0,0,,2023-24,Regular Season,0-2 Feet - Very Tight
1630204,Ashton Hagans,1610612757,POR,24.0,19,8,0.127,3,9,0.333,0.333,0.127,3,9,0.333,0.0,0,0,,2023-24,Regular Season,0-2 Feet - Very Tight
203095,Evan Fournier,1610612765,DET,31.0,31,8,0.041,3,9,0.333,0.333,0.041,3,9,0.333,0.0,0,0,,2023-24,Regular Season,0-2 Feet - Very Tight
1628420,Monte Morris,1610612750,MIN,29.0,33,6,0.059,2,9,0.222,0.222,0.052,2,8,0.25,0.007,0,1,0.0,2023-24,Regular Season,0-2 Feet - Very Tight
1631288,Jamal Cain,1610612748,MIA,25.0,25,7,0.115,0,9,0.0,0.0,0.115,0,9,0.0,0.0,0,0,,2023-24,Regular Season,0-2 Feet - Very Tight
1630197,Aleksej Pokusevski,1610612766,CHA,22.0,27,8,0.067,5,8,0.625,0.625,0.067,5,8,0.625,0.0,0,0,,2023-24,Regular Season,0-2 Feet - Very Tight
1630678,Terry Taylor,1610612741,CHI,24.0,30,6,0.205,5,8,0.625,0.625,0.205,5,8,0.625,0.0,0,0,,2023-24,Regular Season,0-2 Feet - Very Tight
1631116,Patrick Baldwin Jr.,1610612764,WAS,21.0,38,4,0.052,5,8,0.625,0.625,0.052,5,8,0.625,0.0,0,0,,2023-24,Regular Season,0-2 Feet - Very Tight
1629726,Garrison Mathews,1610612737,ATL,27.0,66,8,0.035,5,8,0.625,0.813,0.013,2,3,0.667,0.022,3,5,0.6,2023-24,Regular Season,0-2 Feet - Very Tight
1641738,Kobe Brown,1610612746,LAC,24.0,43,6,0.092,4,8,0.5,0.5,0.092,4,8,0.5,0.0,0,0,,2023-24,Regular Season,0-2 Feet - Very Tight
1629680,Matisse Thybulle,1610612757,POR,27.0,64,8,0.026,4,8,0.5,0.5,0.023,4,7,0.571,0.003,0,1,0.0,2023-24,Regular Season,0-2 Feet - Very Tight
1628467,Maxi Kleber,1610612742,DAL,32.0,42,7,0.056,4,8,0.5,0.5,0.056,4,8,0.5,0.0,0,0,,2023-24,Regular Season,0-2 Feet - Very Tight
1630184,Kira Lewis Jr.,1610612762,UTA,23.0,27,6,0.09,3,8,0.375,0.375,0.09,3,8,0.375,0.0,0,0,,2023-24,Regular Season,0-2 Feet - Very Tight
1626246,Boban Marjanovic,1610612745,HOU,35.0,14,5,0.258,3,8,0.375,0.375,0.258,3,8,0.375,0.0,0,0,,2023-24,Regular Season,0-2 Feet - Very Tight
202397,Ish Smith,1610612766,CHA,35.0,43,8,0.051,3,8,0.375,0.375,0.051,3,8,0.375,0.0,0,0,,2023-24,Regular Season,0-2 Feet - Very Tight
1641729,Brice Sensabaugh,1610612762,UTA,20.0,31,8,0.039,2,8,0.25,0.25,0.039,2,8,0.25,0.0,0,0,,2023-24,Regular Season,0-2 Feet - Very Tight
1630587,Isaiah Livers,1610612765,DET,25.0,23,5,0.07,2,8,0.25,0.25,0.07,2,8,0.25,0.0,0,0,,2023-24,Regular Season,0-2 Feet - Very Tight
1628972,Troy Brown Jr.,1610612765,DET,24.0,58,8,0.036,2,8,0.25,0.25,0.036,2,8,0.25,0.0,0,0,,2023-24,Regular Season,0-2 Feet - Very Tight
1630177,Theo Maledon,1610612756,PHX,23.0,17,7,0.1,4,7,0.571,0.571,0.1,4,7,0.571,0.0,0,0,,2023-24,Regular Season,0-2 Feet - Very Tight
1631338,Mouhamadou Gueye,1610612761,TOR,25.0,11,5,0.184,4,7,0.571,0.571,0.184,4,7,0.571,0.0,0,0,,2023-24,Regular Season,0-2 Feet - Very Tight
101108,Chris Paul,1610612744,GSW,39.0,57,6,0.015,4,7,0.571,0.571,0.015,4,7,0.571,0.0,0,0,,2023-24,Regular Season,0-2 Feet - Very Tight
203648,Thanasis Antetokounmpo,1610612749,MIL,31.0,34,6,0.233,3,7,0.429,0.429,0.233,3,7,0.429,0.0,0,0,,2023-24,Regular Season,0-2 Feet - Very Tight
1630568,Luka Garza,1610612750,MIN,25.0,25,5,0.093,3,7,0.429,0.429,0.093,3,7,0.429,0.0,0,0,,2023-24,Regular Season,0-2 Feet - Very Tight
1630240,Saben Lee,1610612756,PHX,25.0,22,6,0.135,3,7,0.429,0.429,0.135,3,7,0.429,0.0,0,0,,2023-24,Regular Season,0-2 Feet - Very Tight
1628385,Harry Giles III,1610612747,LAL,26.0,23,6,0.146,3,7,0.429,0.429,0.146,3,7,0.429,0.0,0,0,,2023-24,Regular Season,0-2 Feet - Very Tight
203926,Doug McDermott,1610612754,IND,32.0,64,6,0.025,2,7,0.286,0.286,0.025,2,7,0.286,0.0,0,0,,2023-24,Regular Season,0-2 Feet - Very Tight
1641732,Colby Jones,1610612758,SAC,22.0,30,6,0.099,2,7,0.286,0.286,0.099,2,7,0.286,0.0,0,0,,2023-24,Regular Season,0-2 Feet - Very Tight
1629004,Svi Mykhailiuk,1610612738,BOS,27.0,41,6,0.051,2,7,0.286,0.286,0.044,2,6,0.333,0.007,0,1,0.0,2023-24,Regular Season,0-2 Feet - Very Tight
202066,Garrett Temple,1610612761,TOR,38.0,27,5,0.09,0,7,0.0,0.0,0.09,0,7,0.0,0.0,0,0,,2023-24,Regular Season,0-2 Feet - Very Tight
1629750,Javonte Green,1610612741,CHI,30.0,9,5,0.08,5,6,0.833,0.833,0.08,5,6,0.833,0.0,0,0,,2023-24,Regular Season,0-2 Feet - Very Tight
1631172,Ousmane Dieng,1610612760,OKC,21.0,33,6,0.052,5,6,0.833,0.833,0.052,5,6,0.833,0.0,0,0,,2023-24,Regular Season,0-2 Feet - Very Tight
1629626,Bol Bol,1610612756,PHX,24.0,41,5,0.042,5,6,0.833,0.833,0.042,5,6,0.833,0.0,0,0,,2023-24,Regular Season,0-2 Feet - Very Tight
1629643,Chuma Okeke,1610612753,ORL,25.0,47,5,0.054,4,6,0.667,0.667,0.045,4,5,0.8,0.009,0,1,0.0,2023-24,Regular Season,0-2 Feet - Very Tight
1627732,Ben Simmons,1610612751,BKN,27.0,15,3,0.081,4,6,0.667,0.667,0.081,4,6,0.667,0.0,0,0,,2023-24,Regular Season,0-2 Feet - Very Tight
1631157,Ryan Rollins,1610612749,MIL,21.0,13,5,0.222,4,6,0.667,0.667,0.222,4,6,0.667,0.0,0,0,,2023-24,Regular Season,0-2 Feet - Very Tight
1630551,Justin Champagnie,1610612764,WAS,23.0,15,6,0.077,3,6,0.5,0.5,0.077,3,6,0.5,0.0,0,0,,2023-24,Regular Season,0-2 Feet - Very Tight
1630235,Trent Forrest,1610612737,ATL,26.0,38,6,0.067,3,6,0.5,0.5,0.067,3,6,0.5,0.0,0,0,,2023-24,Regular Season,0-2 Feet - Very Tight
1628379,Luke Kennard,1610612763,MEM,28.0,39,6,0.019,3,6,0.5,0.5,0.019,3,6,0.5,0.0,0,0,,2023-24,Regular Season,0-2 Feet - Very Tight
1631311,Lester Quinones,1610612744,GSW,23.0,36,6,0.043,2,6,0.333,0.333,0.036,2,5,0.4,0.007,0,1,0.0,2023-24,Regular Season,0-2 Feet - Very Tight
1629717,Armoni Brooks,1610612751,BKN,26.0,10,4,0.133,2,6,0.333,0.417,0.111,1,5,0.2,0.022,1,1,1.0,2023-24,Regular Season,0-2 Feet - Very Tight
1628975,Jevon Carter,1610612741,CHI,28.0,71,6,0.016,2,6,0.333,0.333,0.016,2,6,0.333,0.0,0,0,,2023-24,Regular Season,0-2 Feet - Very Tight
1641763,Julian Phillips,1610612741,CHI,20.0,39,6,0.079,2,6,0.333,0.333,0.079,2,6,0.333,0.0,0,0,,2023-24,Regular Season,0-2 Feet - Very Tight
1641877,Nathan Mensah,1610612766,CHA,26.0,25,5,0.214,2,6,0.333,0.333,0.214,2,6,0.333,0.0,0,0,,2023-24,Regular Season,0-2 Feet - Very Tight
1629162,Jordan McLaughlin,1610612750,MIN,28.0,56,5,0.041,1,6,0.167,0.167,0.041,1,6,0.167,0.0,0,0,,2023-24,Regular Season,0-2 Feet - Very Tight
201959,Taj Gibson,1610612765,DET,39.0,20,4,0.176,1,6,0.167,0.167,0.176,1,6,0.167,0.0,0,0,,2023-24,Regular Season,0-2 Feet - Very Tight
1630556,Kessler Edwards,1610612758,SAC,23.0,54,5,0.075,0,6,0.0,0.0,0.075,0,6,0.0,0.0,0,0,,2023-24,Regular Season,0-2 Feet - Very Tight
1629057,Robert Williams III,1610612757,POR,26.0,6,3,0.192,4,5,0.8,0.8,0.192,4,5,0.8,0.0,0,0,,2023-24,Regular Season,0-2 Feet - Very Tight
1629647,Darius Bazley,1610612762,UTA,24.0,9,4,0.167,4,5,0.8,0.8,0.167,4,5,0.8,0.0,0,0,,2023-24,Regular Season,0-2 Feet - Very Tight
1629646,Charles Bassey,1610612759,SAS,23.0,19,5,0.128,3,5,0.6,0.6,0.128,3,5,0.6,0.0,0,0,,2023-24,Regular Season,0-2 Feet - Very Tight
1630314,Brandon Williams,1610612742,DAL,24.0,17,5,0.093,2,5,0.4,0.4,0.093,2,5,0.4,0.0,0,0,,2023-24,Regular Season,0-2 Feet - Very Tight
1630243,Trevelin Queen,1610612753,ORL,27.0,14,4,0.132,2,5,0.4,0.4,0.132,2,5,0.4,0.0,0,0,,2023-24,Regular Season,0-2 Feet - Very Tight
1630346,Matt Ryan,1610612740,NOP,27.0,28,4,0.044,2,5,0.4,0.4,0.035,2,4,0.5,0.009,0,1,0.0,2023-24,Regular Season,0-2 Feet - Very Tight
1629731,Dean Wade,1610612739,CLE,27.0,54,4,0.022,2,5,0.4,0.4,0.017,2,4,0.5,0.004,0,1,0.0,2023-24,Regular Season,0-2 Feet - Very Tight
1631169,Josh Minott,1610612750,MIN,21.0,32,5,0.139,2,5,0.4,0.4,0.139,2,5,0.4,0.0,0,0,,2023-24,Regular Season,0-2 Feet - Very Tight
1641766,Adama Sanogo,1610612741,CHI,22.0,9,2,0.185,2,5,0.4,0.4,0.185,2,5,0.4,0.0,0,0,,2023-24,Regular Season,0-2 Feet - Very Tight
1631131,Oscar Tshiebwe,1610612754,IND,24.0,8,3,0.25,2,5,0.4,0.4,0.25,2,5,0.4,0.0,0,0,,2023-24,Regular Season,0-2 Feet - Very Tight
1631165,Keon Ellis,1610612758,SAC,24.0,57,5,0.022,1,5,0.2,0.2,0.022,1,5,0.2,0.0,0,0,,2023-24,Regular Season,0-2 Feet - Very Tight
1641753,Chris Livingston,1610612749,MIL,20.0,21,4,0.227,1,5,0.2,0.2,0.227,1,5,0.2,0.0,0,0,,2023-24,Regular Season,0-2 Feet - Very Tight
1641716,Jarace Walker,1610612754,IND,20.0,33,4,0.045,1,5,0.2,0.2,0.045,1,5,0.2,0.0,0,0,,2023-24,Regular Season,0-2 Feet - Very Tight
202722,Davis Bertans,1610612766,CHA,31.0,42,4,0.022,1,5,0.2,0.3,0.004,0,1,0.0,0.018,1,4,0.25,2023-24,Regular Season,0-2 Feet - Very Tight
1641720,Jalen Hood-Schifino,1610612747,LAL,21.0,20,3,0.119,1,5,0.2,0.2,0.119,1,5,0.2,0.0,0,0,,2023-24,Regular Season,0-2 Feet - Very Tight
1631123,Jamaree Bouyea,1610612759,SAS,25.0,9,4,0.179,1,5,0.2,0.2,0.179,1,5,0.2,0.0,0,0,,2023-24,Regular Season,0-2 Feet - Very Tight
1631303,Justin Minaya,1610612757,POR,25.0,34,4,0.068,1,5,0.2,0.2,0.068,1,5,0.2,0.0,0,0,,2023-24,Regular Season,0-2 Feet - Very Tight
1631260,AJ Green,1610612749,MIL,24.0,56,4,0.02,3,4,0.75,1.0,0.005,1,1,1.0,0.015,2,3,0.667,2023-24,Regular Season,0-2 Feet - Very Tight
1631257,Jermaine Samuels Jr.,1610612745,HOU,25.0,14,3,0.286,3,4,0.75,0.75,0.286,3,4,0.75,0.0,0,0,,2023-24,Regular Season,0-2 Feet - Very Tight
1630641,Ibou Badji,1610612757,POR,21.0,22,3,0.182,2,4,0.5,0.5,0.182,2,4,0.5,0.0,0,0,,2023-24,Regular Season,0-2 Feet - Very Tight
1641778,Leaky Black,1610612766,CHA,25.0,26,3,0.077,2,4,0.5,0.5,0.077,2,4,0.5,0.0,0,0,,2023-24,Regular Season,0-2 Feet - Very Tight
1628984,Devonte' Graham,1610612759,SAS,29.0,22,4,0.038,2,4,0.5,0.5,0.038,2,4,0.5,0.0,0,0,,2023-24,Regular Season,0-2 Feet - Very Tight
1641787,Tosan Evbuomwan,1610612765,DET,23.0,17,4,0.056,2,4,0.5,0.5,0.056,2,4,0.5,0.0,0,0,,2023-24,Regular Season,0-2 Feet - Very Tight
1631221,Collin Gillespie,1610612743,DEN,25.0,24,2,0.058,2,4,0.5,0.5,0.058,2,4,0.5,0.0,0,0,,2023-24,Regular Season,0-2 Feet - Very Tight
203493,Reggie Bullock Jr.,1610612745,HOU,33.0,44,3,0.05,2,4,0.5,0.625,0.038,1,3,0.333,0.013,1,1,1.0,2023-24,Regular Season,0-2 Feet - Very Tight
1627788,Furkan Korkmaz,1610612755,PHI,26.0,35,4,0.053,2,4,0.5,0.5,0.053,2,4,0.5,0.0,0,0,,2023-24,Regular Season,0-2 Feet - Very Tight
1630846,Olivier Sarr,1610612760,OKC,25.0,15,3,0.211,1,4,0.25,0.25,0.211,1,4,0.25,0.0,0,0,,2023-24,Regular Season,0-2 Feet - Very Tight
1629216,Gabe Vincent,1610612747,LAL,28.0,11,4,0.082,1,4,0.25,0.25,0.082,1,4,0.25,0.0,0,0,,2023-24,Regular Season,0-2 Feet - Very Tight
1631197,Jared Rhoden,1610612765,DET,24.0,17,4,0.061,1,4,0.25,0.25,0.061,1,4,0.25,0.0,0,0,,2023-24,Regular Season,0-2 Feet - Very Tight
1631220,Dereon Seabron,1610612740,NOP,24.0,6,3,0.308,1,4,0.25,0.25,0.308,1,4,0.25,0.0,0,0,,2023-24,Regular Season,0-2 Feet - Very Tight
1630249,Vít Krejčí,1610612737,ATL,24.0,22,3,0.038,1,4,0.25,0.25,0.038,1,4,0.25,0.0,0,0,,2023-24,Regular Season,0-2 Feet - Very Tight
203200,Justin Holiday,1610612743,DEN,35.0,57,4,0.021,1,4,0.25,0.25,0.021,1,4,0.25,0.0,0,0,,2023-24,Regular Season,0-2 Feet - Very Tight
1631216,Caleb Houstan,1610612753,ORL,21.0,59,3,0.019,1,4,0.25,0.25,0.01,1,2,0.5,0.01,0,2,0.0,2023-24,Regular Season,0-2 Feet - Very Tight
1629139,Yuta Watanabe,1610612763,MEM,29.0,33,4,0.035,0,4,0.0,0.0,0.035,0,4,0.0,0.0,0,0,,2023-24,Regular Season,0-2 Feet - Very Tight
203925,Joe Harris,1610612765,DET,32.0,16,4,0.103,0,4,0.0,0.0,0.077,0,3,0.0,0.026,0,1,0.0,2023-24,Regular Season,0-2 Feet - Very Tight
1631243,Mouhamed Gueye,1610612737,ATL,21.0,6,2,0.174,0,4,0.0,0.0,0.174,0,4,0.0,0.0,0,0,,2023-24,Regular Season,0-2 Feet - Very Tight
1629660,Ty Jerome,1610612739,CLE,26.0,2,2,0.75,2,3,0.667,0.667,0.75,2,3,0.667,0.0,0,0,,2023-24,Regular Season,0-2 Feet - Very Tight
1631159,Leonard Miller,1610612750,MIN,20.0,17,3,0.15,2,3,0.667,0.667,0.15,2,3,0.667,0.0,0,0,,2023-24,Regular Season,0-2 Feet - Very Tight
1630695,Micah Potter,1610612762,UTA,26.0,16,3,0.075,2,3,0.667,0.667,0.075,2,3,0.667,0.0,0,0,,2023-24,Regular Season,0-2 Feet - Very Tight
1631217,Moussa Diabate,1610612746,LAC,22.0,11,2,0.158,2,3,0.667,0.667,0.158,2,3,0.667,0.0,0,0,,2023-24,Regular Season,0-2 Feet - Very Tight
1630547,James Bouknight,1610612766,CHA,23.0,14,2,0.073,2,3,0.667,0.667,0.049,2,2,1.0,0.024,0,1,0.0,2023-24,Regular Season,0-2 Feet - Very Tight
1630288,Jeff Dowtin Jr.,1610612755,PHI,27.0,11,2,0.088,2,3,0.667,0.667,0.088,2,3,0.667,0.0,0,0,,2023-24,Regular Season,0-2 Feet - Very Tight
1630658,Colin Castleton,1610612747,LAL,24.0,16,3,0.188,2,3,0.667,0.667,0.188,2,3,0.667,0.0,0,0,,2023-24,Regular Season,0-2 Feet - Very Tight
1629634,Brandon Clarke,1610612763,MEM,27.0,6,2,0.051,1,3,0.333,0.333,0.051,1,3,0.333,0.0,0,0,,2023-24,Regular Season,0-2 Feet - Very Tight
202709,Cory Joseph,1610612744,GSW,32.0,26,3,0.048,1,3,0.333,0.333,0.048,1,3,0.333,0.0,0,0,,2023-24,Regular Season,0-2 Feet - Very Tight
1630610,DeJon Jarreau,1610612763,MEM,26.0,9,3,0.06,1,3,0.333,0.333,0.06,1,3,0.333,0.0,0,0,,2023-24,Regular Season,0-2 Feet - Very Tight
1631367,Jacob Gilyard,1610612751,BKN,25.0,40,3,0.021,0,3,0.0,0.0,0.014,0,2,0.0,0.007,0,1,0.0,2023-24,Regular Season,0-2 Feet - Very Tight
1629010,Jerome Robinson,1610612744,GSW,27.0,21,3,0.091,0,3,0.0,0.0,0.091,0,3,0.0,0.0,0,0,,2023-24,Regular Season,0-2 Feet - Very Tight
202083,Wesley Matthews,1610612737,ATL,37.0,36,3,0.031,0,3,0.0,0.0,0.021,0,2,0.0,0.01,0,1,0.0,2023-24,Regular Season,0-2 Feet - Very Tight
1641734,Emoni Bates,1610612739,CLE,20.0,15,3,0.061,0,3,0.0,0.0,0.061,0,3,0.0,0.0,0,0,,2023-24,Regular Season,0-2 Feet - Very Tight
1630296,Braxton Key,1610612743,DEN,27.0,20,3,0.176,0,3,0.0,0.0,0.176,0,3,0.0,0.0,0,0,,2023-24,Regular Season,0-2 Feet - Very Tight
1629716,Marques Bolden,1610612766,CHA,26.0,11,2,0.08,2,2,1.0,1.0,0.08,2,2,1.0,0.0,0,0,,2023-24,Regular Season,0-2 Feet - Very Tight
1641771,Jalen Slawson,1610612758,SAC,24.0,12,1,0.333,2,2,1.0,1.0,0.333,2,2,1.0,0.0,0,0,,2023-24,Regular Season,0-2 Feet - Very Tight
1631386,Taze Moore,1610612757,POR,26.0,4,2,0.105,2,2,1.0,1.0,0.105,2,2,1.0,0.0,0,0,,2023-24,Regular Season,0-2 Feet - Very Tight
1630548,Johnny Juzang,1610612762,UTA,23.0,19,2,0.019,2,2,1.0,1.0,0.019,2,2,1.0,0.0,0,0,,2023-24,Regular Season,0-2 Feet - Very Tight
1631173,Terquavion Smith,1610612755,PHI,21.0,15,2,0.047,2,2,1.0,1.0,0.047,2,2,1.0,0.0,0,0,,2023-24,Regular Season,0-2 Feet - Very Tight
1629610,DaQuan Jeffries,1610612752,NYK,26.0,17,2,0.125,2,2,1.0,1.0,0.125,2,2,1.0,0.0,0,0,,2023-24,Regular Season,0-2 Feet - Very Tight
1629685,Dylan Windler,1610612737,ATL,27.0,17,2,0.067,2,2,1.0,1.0,0.067,2,2,1.0,0.0,0,0,,2023-24,Regular Season,0-2 Feet - Very Tight
1641757,Jordan Miller,1610612746,LAC,24.0,7,2,0.222,1,2,0.5,0.5,0.222,1,2,0.5,0.0,0,0,,2023-24,Regular Season,0-2 Feet - Very Tight
1630186,Jahmi'us Ramsey,1610612761,TOR,23.0,7,2,0.049,1,2,0.5,0.5,0.049,1,2,0.5,0.0,0,0,,2023-24,Regular Season,0-2 Feet - Very Tight
1641723,Kobe Bufkin,1610612737,ATL,20.0,17,2,0.022,1,2,0.5,0.5,0.022,1,2,0.5,0.0,0,0,,2023-24,Regular Season,0-2 Feet - Very Tight
1631262,Jules Bernard,1610612764,WAS,24.0,19,2,0.031,1,2,0.5,0.5,0.031,1,2,0.5,0.0,0,0,,2023-24,Regular Season,0-2 Feet - Very Tight
1631210,Jacob Toppin,1610612752,NYK,24.0,9,1,0.222,1,2,0.5,0.5,0.222,1,2,0.5,0.0,0,0,,2023-24,Regular Season,0-2 Feet - Very Tight
1630600,Isaiah Mobley,1610612739,CLE,24.0,10,2,0.083,1,2,0.5,0.5,0.083,1,2,0.5,0.0,0,0,,2023-24,Regular Season,0-2 Feet - Very Tight
201577,Robin Lopez,1610612749,MIL,36.0,16,2,0.105,1,2,0.5,0.5,0.105,1,2,0.5,0.0,0,0,,2023-24,Regular Season,0-2 Feet - Very Tight
1641788,Alex Fudge,1610612742,DAL,21.0,6,2,0.133,1,2,0.5,0.5,0.133,1,2,0.5,0.0,0,0,,2023-24,Regular Season,0-2 Feet - Very Tight
1641774,Tristan Vukcevic,1610612764,WAS,21.0,10,2,0.03,1,2,0.5,0.5,0.03,1,2,0.5,0.0,0,0,,2023-24,Regular Season,0-2 Feet - Very Tight
1629117,Wenyen Gabriel,1610612738,BOS,27.0,5,2,0.091,1,2,0.5,0.5,0.091,1,2,0.5,0.0,0,0,,2023-24,Regular Season,0-2 Feet - Very Tight
1630586,Usman Garuba,1610612744,GSW,22.0,6,2,0.333,1,2,0.5,0.5,0.333,1,2,0.5,0.0,0,0,,2023-24,Regular Season,0-2 Feet - Very Tight
202693,Markieff Morris,1610612742,DAL,34.0,25,1,0.03,0,2,0.0,0.0,0.03,0,2,0.0,0.0,0,0,,2023-24,Regular Season,0-2 Feet - Very Tight
1631298,Jack White,1610612760,OKC,26.0,4,2,0.125,0,2,0.0,0.0,0.125,0,2,0.0,0.0,0,0,,2023-24,Regular Season,0-2 Feet - Very Tight
1629308,Juan Toscano-Anderson,1610612758,SAC,31.0,11,2,0.167,0,2,0.0,0.0,0.167,0,2,0.0,0.0,0,0,,2023-24,Regular Season,0-2 Feet - Very Tight
203490,Otto Porter Jr.,1610612761,TOR,31.0,15,1,0.061,0,2,0.0,0.0,0.061,0,2,0.0,0.0,0,0,,2023-24,Regular Season,0-2 Feet - Very Tight
1630929,Henri Drell,1610612741,CHI,24.0,4,1,0.2,0,2,0.0,0.0,0.2,0,2,0.0,0.0,0,0,,2023-24,Regular Season,0-2 Feet - Very Tight
1631100,AJ Griffin,1610612737,ATL,20.0,20,2,0.032,0,2,0.0,0.0,0.032,0,2,0.0,0.0,0,0,,2023-24,Regular Season,0-2 Feet - Very Tight
1629669,Jaylen Nowell,1610612758,SAC,24.0,13,2,0.026,0,2,0.0,0.0,0.026,0,2,0.0,0.0,0,0,,2023-24,Regular Season,0-2 Feet - Very Tight
200782,P.J. Tucker,1610612746,LAC,39.0,31,2,0.04,0,2,0.0,0.0,0.04,0,2,0.0,0.0,0,0,,2023-24,Regular Season,0-2 Feet - Very Tight
1631214,Alondes Williams,1610612748,MIA,25.0,7,2,0.25,0,2,0.0,0.0,0.25,0,2,0.0,0.0,0,0,,2023-24,Regular Season,0-2 Feet - Very Tight
1630696,Dru Smith,1610612748,MIA,26.0,9,1,0.061,0,2,0.0,0.0,0.061,0,2,0.0,0.0,0,0,,2023-24,Regular Season,0-2 Feet - Very Tight
1631250,Pete Nance,1610612739,CLE,24.0,8,2,0.333,0,2,0.0,0.0,0.333,0,2,0.0,0.0,0,0,,2023-24,Regular Season,0-2 Feet - Very Tight
1641721,Maxwell Lewis,1610612747,LAL,21.0,33,2,0.118,0,2,0.0,0.0,0.118,0,2,0.0,0.0,0,0,,2023-24,Regular Season,0-2 Feet - Very Tight
1630181,R.J. Hampton,1610612748,MIA,23.0,7,2,0.143,0,2,0.0,0.0,0.143,0,2,0.0,0.0,0,0,,2023-24,Regular Season,0-2 Feet - Very Tight
1630285,Zavier Simpson,1610612765,DET,27.0,7,1,0.037,0,2,0.0,0.0,0.037,0,2,0.0,0.0,0,0,,2023-24,Regular Season,0-2 Feet - Very Tight
203933,T.J. Warren,1610612750,MIN,30.0,11,1,0.025,1,1,1.0,1.0,0.025,1,1,1.0,0.0,0,0,,2023-24,Regular Season,0-2 Feet - Very Tight
1631112,Kendall Brown,1610612754,IND,21.0,15,1,0.067,1,1,1.0,1.0,0.067,1,1,1.0,0.0,0,0,,2023-24,Regular Season,0-2 Feet - Very Tight
1630284,Kevon Harris,1610612753,ORL,27.0,2,1,0.333,1,1,1.0,1.0,0.333,1,1,1.0,0.0,0,0,,2023-24,Regular Season,0-2 Feet - Very Tight
1627885,Shaquille Harrison,1610612763,MEM,30.0,3,1,0.5,1,1,1.0,1.0,0.5,1,1,1.0,0.0,0,0,,2023-24,Regular Season,0-2 Feet - Very Tight
1631167,Izaiah Brockington,1610612740,NOP,24.0,1,1,0.2,1,1,1.0,1.0,0.2,1,1,1.0,0.0,0,0,,2023-24,Regular Season,0-2 Feet - Very Tight
1641926,Dexter Dennis,1610612742,DAL,25.0,4,1,0.059,1,1,1.0,1.0,0.059,1,1,1.0,0.0,0,0,,2023-24,Regular Season,0-2 Feet - Very Tight
201988,Patty Mills,1610612748,MIA,35.0,32,1,0.008,1,1,1.0,1.0,0.008,1,1,1.0,0.0,0,0,,2023-24,Regular Season,0-2 Feet - Very Tight
1630649,Stanley Umude,1610612765,DET,25.0,23,1,0.013,1,1,1.0,1.0,0.013,1,1,1.0,0.0,0,0,,2023-24,Regular Season,0-2 Feet - Very Tight
1629603,Mamadi Diakite,1610612752,NYK,27.0,6,1,0.167,1,1,1.0,1.0,0.167,1,1,1.0,0.0,0,0,,2023-24,Regular Season,0-2 Feet - Very Tight
1641754,Seth Lundy,1610612737,ATL,24.0,9,1,0.059,0,1,0.0,0.0,0.059,0,1,0.0,0.0,0,0,,2023-24,Regular Season,0-2 Feet - Very Tight
1629678,Admiral Schofield,1610612753,ORL,27.0,23,1,0.038,0,1,0.0,0.0,0.038,0,1,0.0,0.0,0,0,,2023-24,Regular Season,0-2 Feet - Very Tight
1641851,Timmy Allen,1610612763,MEM,24.0,5,1,0.043,0,1,0.0,0.0,0.043,0,1,0.0,0.0,0,0,,2023-24,Regular Season,0-2 Feet - Very Tight
1628391,D.J. Wilson,1610612753,ORL,28.0,2,1,0.167,0,1,0.0,0.0,0.167,0,1,0.0,0.0,0,0,,2023-24,Regular Season,0-2 Feet - Very Tight
1630535,Greg Brown III,1610612742,DAL,22.0,6,1,0.125,0,1,0.0,0.0,0.125,0,1,0.0,0.0,0,0,,2023-24,Regular Season,0-2 Feet - Very Tight
202738,Isaiah Thomas,1610612756,PHX,35.0,6,1,0.1,0,1,0.0,0.0,0.1,0,1,0.0,0.0,0,0,,2023-24,Regular Season,0-2 Feet - Very Tight
1630562,Matt Hurt,1610612763,MEM,24.0,8,1,0.029,0,1,0.0,0.0,0.029,0,1,0.0,0.0,0,0,,2023-24,Regular Season,0-2 Feet - Very Tight
1628977,Hamidou Diallo,1610612764,WAS,25.0,2,1,0.5,0,1,0.0,0.0,0.5,0,1,0.0,0.0,0,0,,2023-24,Regular Season,0-2 Feet - Very Tight
1628424,Kobi Simmons,1610612761,TOR,26.0,4,1,0.048,0,1,0.0,0.0,0.048,0,1,0.0,0.0,0,0,,2023-24,Regular Season,0-2 Feet - Very Tight
1629875,Xavier Moon,1610612746,LAC,29.0,14,1,0.022,0,1,0.0,0.0,0.022,0,1,0.0,0.0,0,0,,2023-24,Regular Season,0-2 Feet - Very Tight
1631321,Sidy Cissoko,1610612759,SAS,20.0,12,1,0.03,0,1,0.0,0.0,0.03,0,1,0.0,0.0,0,0,,2023-24,Regular Season,0-2 Feet - Very Tight
1629232,Kaiser Gates,1610612740,NOP,27.0,1,1,0.25,0,1,0.0,0.0,0.25,0,1,0.0,0.0,0,0,,2023-24,Regular Season,0-2 Feet - Very Tight
1641727,Dariq Whitehead,1610612751,BKN,19.0,2,1,0.2,0,1,0.0,0.0,0.2,0,1,0.0,0.0,0,0,,2023-24,Regular Season,0-2 Feet - Very Tight
1641724,Jett Howard,1610612753,ORL,20.0,18,1,0.033,0,1,0.0,0.0,0.033,0,1,0.0,0.0,0,0,,2023-24,Regular Season,0-2 Feet - Very Tight
1629618,Jalen Pickett,1610612743,DEN,24.0,26,1,0.029,0,1,0.0,0.0,0.029,0,1,0.0,0.0,0,0,,2023-24,Regular Season,0-2 Feet - Very Tight
1641931,Onuralp Bitim,1610612741,CHI,25.0,22,1,0.012,0,1,0.0,0.0,0.012,0,1,0.0,0.0,0,0,,2023-24,Regular Season,0-2 Feet - Very Tight
1630611,Gui Santos,1610612744,GSW,22.0,22,1,0.018,0,1,0.0,0.0,0.018,0,1,0.0,0.0,0,0,,2023-24,Regular Season,0-2 Feet - Very Tight
1641749,Keyontae Johnson,1610612760,OKC,24.0,9,1,0.063,0,1,0.0,0.0,0.063,0,1,0.0,0.0,0,0,,2023-24,Regular Season,0-2 Feet - Very Tight
1642013,Malik Williams,1610612761,TOR,25.0,7,1,0.029,0,1,0.0,0.0,0.029,0,1,0.0,0.0,0,0,,2023-24,Regular Season,0-2 Feet - Very Tight
1641735,Amari Bailey,1610612766,CHA,20.0,10,1,0.042,0,1,0.0,0.0,0.042,0,1,0.0,0.0,0,0,,2023-24,Regular Season,0-2 Feet - Very Tight
1629623,Lindell Wigginton,1610612749,MIL,26.0,3,1,0.2,0,1,0.0,0.0,0.2,0,1,0.0,0.0,0,0,,2023-24,Regular Season,0-2 Feet - Very Tight
1630688,Ish Wainright,1610612756,PHX,29.0,11,1,0.042,0,1,0.0,0.0,0.042,0,1,0.0,0.0,0,0,,2023-24,Regular Season,0-2 Feet - Very Tight
201142,Kevin Durant,1610612756,PHX,35.0,74,74,0.588,407,828,0.492,0.528,0.466,347,656,0.529,0.122,60,172,0.349,2023-24,Regular Season,2-4 Feet - Tight
1628973,Jalen Brunson,1610612752,NYK,27.0,77,77,0.436,346,715,0.484,0.499,0.388,324,636,0.509,0.048,22,79,0.278,2023-24,Regular Season,2-4 Feet - Tight
1627749,Dejounte Murray,1610612737,ATL,27.0,78,78,0.49,335,713,0.47,0.518,0.365,267,532,0.502,0.124,68,181,0.376,2023-24,Regular Season,2-4 Feet - Tight
203999,Nikola Jokić,1610612743,DEN,29.0,77,77,0.514,430,708,0.607,0.616,0.485,418,668,0.626,0.029,12,40,0.3,2023-24,Regular Season,2-4 Feet - Tight
201942,DeMar DeRozan,1610612741,CHI,34.0,78,78,0.525,353,699,0.505,0.513,0.495,342,659,0.519,0.03,11,40,0.275,2023-24,Regular Season,2-4 Feet - Tight
203507,Giannis Antetokounmpo,1610612749,MIL,29.0,73,73,0.494,447,677,0.66,0.66,0.493,447,676,0.661,0.001,0,1,0.0,2023-24,Regular Season,2-4 Feet - Tight
1628369,Jayson Tatum,1610612738,BOS,26.0,73,73,0.476,325,665,0.489,0.539,0.33,258,462,0.558,0.145,67,203,0.33,2023-24,Regular Season,2-4 Feet - Tight
1629627,Zion Williamson,1610612740,NOP,23.0,69,69,0.609,371,661,0.561,0.561,0.608,371,660,0.562,0.001,0,1,0.0,2023-24,Regular Season,2-4 Feet - Tight
1626164,Devin Booker,1610612756,PHX,27.0,67,67,0.506,310,648,0.478,0.512,0.407,267,521,0.512,0.099,43,127,0.339,2023-24,Regular Season,2-4 Feet - Tight
1630162,Anthony Edwards,1610612750,MIN,22.0,79,78,0.397,308,618,0.498,0.52,0.333,281,519,0.541,0.064,27,99,0.273,2023-24,Regular Season,2-4 Feet - Tight
203076,Anthony Davis,1610612747,LAL,31.0,75,75,0.489,372,611,0.609,0.61,0.486,371,607,0.611,0.003,1,4,0.25,2023-24,Regular Season,2-4 Feet - Tight
1627783,Pascal Siakam,1610612754,IND,30.0,80,80,0.471,346,599,0.578,0.578,0.467,346,594,0.582,0.004,0,5,0.0,2023-24,Regular Season,2-4 Feet - Tight
1629029,Luka Doncic,1610612742,DAL,25.0,69,69,0.364,309,593,0.521,0.558,0.285,265,464,0.571,0.079,44,129,0.341,2023-24,Regular Season,2-4 Feet - Tight
1631094,Paolo Banchero,1610612753,ORL,21.0,80,79,0.421,272,593,0.459,0.465,0.392,265,552,0.48,0.029,7,41,0.171,2023-24,Regular Season,2-4 Feet - Tight
1628368,De'Aaron Fox,1610612758,SAC,26.0,74,74,0.375,286,580,0.493,0.507,0.339,270,523,0.516,0.037,16,57,0.281,2023-24,Regular Season,2-4 Feet - Tight
1628983,Shai Gilgeous-Alexander,1610612760,OKC,25.0,75,75,0.383,331,570,0.581,0.582,0.38,330,565,0.584,0.003,1,5,0.2,2023-24,Regular Season,2-4 Feet - Tight
1627759,Jaylen Brown,1610612738,BOS,27.0,69,69,0.455,305,562,0.543,0.567,0.376,278,464,0.599,0.079,27,98,0.276,2023-24,Regular Season,2-4 Feet - Tight
202695,Kawhi Leonard,1610612746,LAC,33.0,67,67,0.473,295,538,0.548,0.578,0.411,263,468,0.562,0.062,32,70,0.457,2023-24,Regular Season,2-4 Feet - Tight
1628991,Jaren Jackson Jr.,1610612763,MEM,24.0,66,66,0.456,268,529,0.507,0.507,0.449,268,521,0.514,0.007,0,8,0.0,2023-24,Regular Season,2-4 Feet - Tight
1630178,Tyrese Maxey,1610612755,PHI,23.0,69,69,0.377,267,527,0.507,0.52,0.34,253,476,0.532,0.036,14,51,0.275,2023-24,Regular Season,2-4 Feet - Tight
1628398,Kyle Kuzma,1610612764,WAS,28.0,70,70,0.399,259,522,0.496,0.504,0.366,251,479,0.524,0.033,8,43,0.186,2023-24,Regular Season,2-4 Feet - Tight
1627734,Domantas Sabonis,1610612758,SAC,28.0,82,82,0.482,317,513,0.618,0.618,0.482,317,513,0.618,0.0,0,0,,2023-24,Regular Season,2-4 Feet - Tight
2544,LeBron James,1610612747,LAL,39.0,70,68,0.403,297,497,0.598,0.615,0.367,280,453,0.618,0.036,17,44,0.386,2023-24,Regular Season,2-4 Feet - Tight
1627742,Brandon Ingram,1610612740,NOP,26.0,63,62,0.495,237,497,0.477,0.49,0.442,224,444,0.505,0.053,13,53,0.245,2023-24,Regular Season,2-4 Feet - Tight
1630560,Cam Thomas,1610612751,BKN,22.0,63,63,0.438,208,496,0.419,0.444,0.353,184,400,0.46,0.085,24,96,0.25,2023-24,Regular Season,2-4 Feet - Tight
202331,Paul George,1610612746,LAC,34.0,73,73,0.403,229,488,0.469,0.534,0.267,166,323,0.514,0.136,63,165,0.382,2023-24,Regular Season,2-4 Feet - Tight
203081,Damian Lillard,1610612749,MIL,33.0,73,73,0.382,208,487,0.427,0.471,0.265,165,338,0.488,0.117,43,149,0.289,2023-24,Regular Season,2-4 Feet - Tight
1630595,Cade Cunningham,1610612765,DET,22.0,61,61,0.412,219,471,0.465,0.473,0.383,211,438,0.482,0.029,8,33,0.242,2023-24,Regular Season,2-4 Feet - Tight
1628386,Jarrett Allen,1610612739,CLE,26.0,77,76,0.573,306,468,0.654,0.654,0.573,306,468,0.654,0.0,0,0,,2023-24,Regular Season,2-4 Feet - Tight
1628970,Miles Bridges,1610612766,CHA,26.0,68,68,0.39,241,466,0.517,0.527,0.362,232,433,0.536,0.028,9,33,0.273,2023-24,Regular Season,2-4 Feet - Tight
1630170,Devin Vassell,1610612759,SAS,23.0,68,68,0.44,232,464,0.5,0.55,0.314,186,331,0.562,0.126,46,133,0.346,2023-24,Regular Season,2-4 Feet - Tight
1628389,Bam Adebayo,1610612748,MIA,26.0,70,70,0.463,255,462,0.552,0.552,0.459,255,458,0.557,0.004,0,4,0.0,2023-24,Regular Season,2-4 Feet - Tight
1630578,Alperen Sengun,1610612745,HOU,21.0,63,63,0.47,272,461,0.59,0.59,0.469,272,460,0.591,0.001,0,1,0.0,2023-24,Regular Season,2-4 Feet - Tight
1630532,Franz Wagner,1610612753,ORL,22.0,72,72,0.42,258,460,0.561,0.564,0.4,255,438,0.582,0.02,3,22,0.136,2023-24,Regular Season,2-4 Feet - Tight
201939,Stephen Curry,1610612744,GSW,36.0,74,73,0.32,208,453,0.459,0.517,0.216,156,305,0.511,0.105,52,148,0.351,2023-24,Regular Season,2-4 Feet - Tight
1628969,Mikal Bridges,1610612751,BKN,27.0,79,77,0.362,204,453,0.45,0.498,0.258,161,323,0.498,0.104,43,130,0.331,2023-24,Regular Season,2-4 Feet - Tight
1641705,Victor Wembanyama,1610612759,SAS,20.0,71,71,0.382,228,452,0.504,0.514,0.354,219,419,0.523,0.028,9,33,0.273,2023-24,Regular Season,2-4 Feet - Tight
1630224,Jalen Green,1610612745,HOU,22.0,82,81,0.34,194,451,0.43,0.447,0.278,179,369,0.485,0.062,15,82,0.183,2023-24,Regular Season,2-4 Feet - Tight
202681,Kyrie Irving,1610612742,DAL,32.0,57,57,0.394,221,439,0.503,0.528,0.341,199,379,0.525,0.054,22,60,0.367,2023-24,Regular Season,2-4 Feet - Tight
1628378,Donovan Mitchell,1610612739,CLE,27.0,55,55,0.401,194,437,0.444,0.477,0.298,165,324,0.509,0.104,29,113,0.257,2023-24,Regular Season,2-4 Feet - Tight
202696,Nikola Vucevic,1610612741,CHI,33.0,75,75,0.367,258,434,0.594,0.594,0.365,258,431,0.599,0.003,0,3,0.0,2023-24,Regular Season,2-4 Feet - Tight
203992,Bogdan Bogdanović,1610612737,ATL,31.0,79,78,0.393,170,431,0.394,0.445,0.234,126,256,0.492,0.16,44,175,0.251,2023-24,Regular Season,2-4 Feet - Tight
202710,Jimmy Butler III,1610612748,MIA,34.0,60,59,0.528,209,418,0.5,0.511,0.502,200,397,0.504,0.027,9,21,0.429,2023-24,Regular Season,2-4 Feet - Tight
202691,Klay Thompson,1610612744,GSW,34.0,76,75,0.381,188,417,0.451,0.543,0.203,111,222,0.5,0.178,77,195,0.395,2023-24,Regular Season,2-4 Feet - Tight
1629012,Collin Sexton,1610612762,UTA,25.0,77,77,0.408,223,416,0.536,0.546,0.383,215,391,0.55,0.025,8,25,0.32,2023-24,Regular Season,2-4 Feet - Tight
1626179,Terry Rozier,1610612748,MIA,30.0,61,61,0.413,186,412,0.451,0.483,0.321,160,320,0.5,0.092,26,92,0.283,2023-24,Regular Season,2-4 Feet - Tight
1626157,Karl-Anthony Towns,1610612750,MIN,28.0,62,62,0.432,220,411,0.535,0.546,0.409,211,389,0.542,0.023,9,22,0.409,2023-24,Regular Season,2-4 Feet - Tight
1629008,Michael Porter Jr.,1610612743,DEN,26.0,79,79,0.387,190,409,0.465,0.526,0.241,140,255,0.549,0.146,50,154,0.325,2023-24,Regular Season,2-4 Feet - Tight
202699,Tobias Harris,1610612755,PHI,31.0,69,69,0.435,206,407,0.506,0.511,0.413,202,386,0.523,0.022,4,21,0.19,2023-24,Regular Season,2-4 Feet - Tight
1629628,RJ Barrett,1610612761,TOR,24.0,58,57,0.464,223,404,0.552,0.554,0.456,221,397,0.557,0.008,2,7,0.286,2023-24,Regular Season,2-4 Feet - Tight
1629673,Jordan Poole,1610612764,WAS,25.0,78,77,0.338,188,400,0.47,0.494,0.281,169,333,0.508,0.057,19,67,0.284,2023-24,Regular Season,2-4 Feet - Tight
1641706,Brandon Miller,1610612766,CHA,21.0,73,73,0.374,159,397,0.401,0.417,0.32,146,340,0.429,0.054,13,57,0.228,2023-24,Regular Season,2-4 Feet - Tight
203924,Jerami Grant,1610612757,POR,30.0,54,54,0.459,179,390,0.459,0.483,0.387,160,329,0.486,0.072,19,61,0.311,2023-24,Regular Season,2-4 Feet - Tight
1630567,Scottie Barnes,1610612761,TOR,22.0,60,60,0.409,198,384,0.516,0.518,0.401,196,377,0.52,0.007,2,7,0.286,2023-24,Regular Season,2-4 Feet - Tight
1626162,Kelly Oubre Jr.,1610612755,PHI,28.0,67,67,0.441,189,383,0.493,0.507,0.402,179,349,0.513,0.039,10,34,0.294,2023-24,Regular Season,2-4 Feet - Tight
1631114,Jalen Williams,1610612760,OKC,23.0,71,70,0.384,222,381,0.583,0.587,0.376,219,373,0.587,0.008,3,8,0.375,2023-24,Regular Season,2-4 Feet - Tight
203991,Clint Capela,1610612737,ATL,30.0,73,73,0.613,218,375,0.581,0.581,0.611,218,374,0.583,0.002,0,1,0.0,2023-24,Regular Season,2-4 Feet - Tight
1630228,Jonathan Kuminga,1610612744,GSW,21.0,73,72,0.443,207,367,0.564,0.565,0.433,206,359,0.574,0.01,1,8,0.125,2023-24,Regular Season,2-4 Feet - Tight
1631105,Jalen Duren,1610612765,DET,20.0,60,59,0.656,233,366,0.637,0.637,0.656,233,366,0.637,0.0,0,0,,2023-24,Regular Season,2-4 Feet - Tight
203497,Rudy Gobert,1610612750,MIN,32.0,76,76,0.593,245,363,0.675,0.675,0.593,245,363,0.675,0.0,0,0,,2023-24,Regular Season,2-4 Feet - Tight
203944,Julius Randle,1610612752,NYK,29.0,46,46,0.439,193,363,0.532,0.54,0.405,187,335,0.558,0.034,6,28,0.214,2023-24,Regular Season,2-4 Feet - Tight
1629632,Coby White,1610612741,CHI,24.0,78,75,0.305,188,362,0.519,0.525,0.285,184,338,0.544,0.02,4,24,0.167,2023-24,Regular Season,2-4 Feet - Tight
1626156,D'Angelo Russell,1610612747,LAL,28.0,75,74,0.342,163,361,0.452,0.483,0.273,140,288,0.486,0.069,23,73,0.315,2023-24,Regular Season,2-4 Feet - Tight
1629014,Anfernee Simons,1610612757,POR,25.0,45,45,0.438,148,359,0.412,0.45,0.321,121,263,0.46,0.117,27,96,0.281,2023-24,Regular Season,2-4 Feet - Tight
203468,CJ McCollum,1610612740,NOP,32.0,65,65,0.344,169,358,0.472,0.513,0.271,140,282,0.496,0.073,29,76,0.382,2023-24,Regular Season,2-4 Feet - Tight
201935,James Harden,1610612746,LAC,34.0,71,70,0.441,155,357,0.434,0.506,0.254,104,206,0.505,0.186,51,151,0.338,2023-24,Regular Season,2-4 Feet - Tight
1629028,Deandre Ayton,1610612757,POR,25.0,54,53,0.492,206,356,0.579,0.579,0.492,206,356,0.579,0.0,0,0,,2023-24,Regular Season,2-4 Feet - Tight
203954,Joel Embiid,1610612755,PHI,30.0,39,39,0.416,184,354,0.52,0.523,0.395,182,336,0.542,0.021,2,18,0.111,2023-24,Regular Season,2-4 Feet - Tight
1631096,Chet Holmgren,1610612760,OKC,22.0,82,81,0.366,210,349,0.602,0.609,0.352,205,335,0.612,0.015,5,14,0.357,2023-24,Regular Season,2-4 Feet - Tight
1631093,Jaden Ivey,1610612765,DET,22.0,76,75,0.363,161,345,0.467,0.468,0.348,160,331,0.483,0.015,1,14,0.071,2023-24,Regular Season,2-4 Feet - Tight
1626171,Bobby Portis,1610612749,MIL,29.0,82,81,0.374,192,343,0.56,0.563,0.361,190,331,0.574,0.013,2,12,0.167,2023-24,Regular Season,2-4 Feet - Tight
202685,Jonas Valančiūnas,1610612740,NOP,32.0,81,76,0.482,219,342,0.64,0.64,0.48,219,341,0.642,0.001,0,1,0.0,2023-24,Regular Season,2-4 Feet - Tight
1629675,Naz Reid,1610612750,MIN,24.0,81,79,0.397,173,337,0.513,0.522,0.369,167,313,0.534,0.028,6,24,0.25,2023-24,Regular Season,2-4 Feet - Tight
1626167,Myles Turner,1610612754,IND,28.0,77,75,0.365,203,331,0.613,0.616,0.357,201,323,0.622,0.009,2,8,0.25,2023-24,Regular Season,2-4 Feet - Tight
1630166,Deni Avdija,1610612764,WAS,23.0,75,74,0.413,177,330,0.536,0.536,0.403,177,322,0.55,0.01,0,8,0.0,2023-24,Regular Season,2-4 Feet - Tight
1630581,Josh Giddey,1610612760,OKC,21.0,80,77,0.388,172,329,0.523,0.523,0.388,172,329,0.523,0.0,0,0,,2023-24,Regular Season,2-4 Feet - Tight
204001,Kristaps Porziņģis,1610612738,BOS,28.0,57,57,0.428,177,322,0.55,0.556,0.403,173,303,0.571,0.025,4,19,0.211,2023-24,Regular Season,2-4 Feet - Tight
1629640,Keldon Johnson,1610612759,SAS,24.0,68,66,0.382,163,322,0.506,0.522,0.345,153,291,0.526,0.037,10,31,0.323,2023-24,Regular Season,2-4 Feet - Tight
203903,Jordan Clarkson,1610612762,UTA,32.0,54,54,0.404,124,322,0.385,0.401,0.337,114,269,0.424,0.066,10,53,0.189,2023-24,Regular Season,2-4 Feet - Tight
1630217,Desmond Bane,1610612763,MEM,26.0,42,42,0.411,152,319,0.476,0.502,0.334,136,259,0.525,0.077,16,60,0.267,2023-24,Regular Season,2-4 Feet - Tight
203471,Dennis Schröder,1610612751,BKN,30.0,79,78,0.349,149,319,0.467,0.475,0.33,144,302,0.477,0.019,5,17,0.294,2023-24,Regular Season,2-4 Feet - Tight
203994,Jusuf Nurkić,1610612756,PHX,29.0,74,71,0.518,183,318,0.575,0.575,0.518,183,318,0.575,0.0,0,0,,2023-24,Regular Season,2-4 Feet - Tight
203083,Andre Drummond,1610612741,CHI,30.0,78,76,0.663,183,317,0.577,0.577,0.663,183,317,0.577,0.0,0,0,,2023-24,Regular Season,2-4 Feet - Tight
1626181,Norman Powell,1610612746,LAC,31.0,75,73,0.422,151,316,0.478,0.53,0.303,118,227,0.52,0.119,33,89,0.371,2023-24,Regular Season,2-4 Feet - Tight
1630559,Austin Reaves,1610612747,LAL,26.0,81,80,0.344,180,315,0.571,0.595,0.303,165,278,0.594,0.04,15,37,0.405,2023-24,Regular Season,2-4 Feet - Tight
1627750,Jamal Murray,1610612743,DEN,27.0,57,57,0.333,157,315,0.498,0.514,0.302,147,285,0.516,0.032,10,30,0.333,2023-24,Regular Season,2-4 Feet - Tight
1631110,Jeremy Sochan,1610612759,SAS,21.0,73,71,0.414,152,315,0.483,0.486,0.408,150,310,0.484,0.007,2,5,0.4,2023-24,Regular Season,2-4 Feet - Tight
1631095,Jabari Smith Jr.,1610612745,HOU,21.0,76,74,0.378,158,313,0.505,0.521,0.325,148,269,0.55,0.053,10,44,0.227,2023-24,Regular Season,2-4 Feet - Tight
1629027,Trae Young,1610612737,ATL,25.0,54,52,0.312,129,312,0.413,0.423,0.287,123,287,0.429,0.025,6,25,0.24,2023-24,Regular Season,2-4 Feet - Tight
1630169,Tyrese Haliburton,1610612754,IND,24.0,69,68,0.295,168,309,0.544,0.558,0.265,159,277,0.574,0.031,9,32,0.281,2023-24,Regular Season,2-4 Feet - Tight
203501,Tim Hardaway Jr.,1610612742,DAL,32.0,78,73,0.325,120,308,0.39,0.456,0.185,79,176,0.449,0.139,41,132,0.311,2023-24,Regular Season,2-4 Feet - Tight
1630596,Evan Mobley,1610612739,CLE,23.0,50,50,0.558,182,307,0.593,0.593,0.553,182,304,0.599,0.005,0,3,0.0,2023-24,Regular Season,2-4 Feet - Tight
1629651,Nic Claxton,1610612751,BKN,25.0,68,68,0.547,192,305,0.63,0.63,0.545,192,304,0.632,0.002,0,1,0.0,2023-24,Regular Season,2-4 Feet - Tight
203932,Aaron Gordon,1610612743,DEN,28.0,71,69,0.433,186,305,0.61,0.611,0.423,185,298,0.621,0.01,1,7,0.143,2023-24,Regular Season,2-4 Feet - Tight
1628381,John Collins,1610612762,UTA,26.0,67,66,0.41,181,302,0.599,0.601,0.402,180,296,0.608,0.008,1,6,0.167,2023-24,Regular Season,2-4 Feet - Tight
1629636,Darius Garland,1610612739,CLE,24.0,57,56,0.36,144,302,0.477,0.51,0.308,124,259,0.479,0.051,20,43,0.465,2023-24,Regular Season,2-4 Feet - Tight
1627826,Ivica Zubac,1610612746,LAC,27.0,67,65,0.593,197,301,0.654,0.654,0.593,197,301,0.654,0.0,0,0,,2023-24,Regular Season,2-4 Feet - Tight
1630552,Jalen Johnson,1610612737,ATL,22.0,56,56,0.426,169,297,0.569,0.569,0.422,169,294,0.575,0.004,0,3,0.0,2023-24,Regular Season,2-4 Feet - Tight
1628374,Lauri Markkanen,1610612762,UTA,27.0,55,55,0.333,153,296,0.517,0.535,0.287,142,255,0.557,0.046,11,41,0.268,2023-24,Regular Season,2-4 Feet - Tight
1630703,Scoot Henderson,1610612757,POR,20.0,61,60,0.372,118,292,0.404,0.408,0.355,116,279,0.416,0.017,2,13,0.154,2023-24,Regular Season,2-4 Feet - Tight
203952,Andrew Wiggins,1610612744,GSW,29.0,70,67,0.382,141,289,0.488,0.495,0.362,137,274,0.5,0.02,4,15,0.267,2023-24,Regular Season,2-4 Feet - Tight
1631170,Jaime Jaquez Jr.,1610612748,MIA,23.0,74,71,0.417,154,288,0.535,0.535,0.407,154,281,0.548,0.01,0,7,0.0,2023-24,Regular Season,2-4 Feet - Tight
1627747,Caris LeVert,1610612739,CLE,29.0,68,67,0.351,133,288,0.462,0.469,0.326,129,267,0.483,0.026,4,21,0.19,2023-24,Regular Season,2-4 Feet - Tight
1629622,Max Strus,1610612739,CLE,28.0,70,68,0.396,124,288,0.431,0.495,0.223,87,162,0.537,0.173,37,126,0.294,2023-24,Regular Season,2-4 Feet - Tight
1641718,Keyonte George,1610612762,UTA,20.0,74,72,0.36,126,287,0.439,0.47,0.286,108,228,0.474,0.074,18,59,0.305,2023-24,Regular Season,2-4 Feet - Tight
1629021,Moritz Wagner,1610612753,ORL,27.0,80,74,0.515,190,284,0.669,0.669,0.51,190,281,0.676,0.005,0,3,0.0,2023-24,Regular Season,2-4 Feet - Tight
1629655,Daniel Gafford,1610612742,DAL,25.0,73,69,0.597,205,282,0.727,0.727,0.597,205,282,0.727,0.0,0,0,,2023-24,Regular Season,2-4 Feet - Tight
202704,Reggie Jackson,1610612743,DEN,34.0,80,72,0.382,128,281,0.456,0.473,0.344,118,253,0.466,0.038,10,28,0.357,2023-24,Regular Season,2-4 Feet - Tight
1631097,Bennedict Mathurin,1610612754,IND,22.0,59,57,0.421,127,279,0.455,0.47,0.38,119,252,0.472,0.041,8,27,0.296,2023-24,Regular Season,2-4 Feet - Tight
201566,Russell Westbrook,1610612746,LAC,35.0,68,67,0.422,143,278,0.514,0.514,0.422,143,278,0.514,0.0,0,0,,2023-24,Regular Season,2-4 Feet - Tight
1629639,Tyler Herro,1610612748,MIA,24.0,41,41,0.386,125,278,0.45,0.489,0.304,103,219,0.47,0.082,22,59,0.373,2023-24,Regular Season,2-4 Feet - Tight
204456,T.J. McConnell,1610612754,IND,32.0,71,68,0.467,160,277,0.578,0.578,0.467,160,277,0.578,0.0,0,0,,2023-24,Regular Season,2-4 Feet - Tight
1628370,Malik Monk,1610612758,SAC,26.0,72,68,0.305,136,272,0.5,0.517,0.272,127,243,0.523,0.033,9,29,0.31,2023-24,Regular Season,2-4 Feet - Tight
1627832,Fred VanVleet,1610612745,HOU,30.0,73,70,0.266,112,270,0.415,0.467,0.193,84,196,0.429,0.073,28,74,0.378,2023-24,Regular Season,2-4 Feet - Tight
203078,Bradley Beal,1610612756,PHX,31.0,51,50,0.383,146,266,0.549,0.558,0.365,141,254,0.555,0.017,5,12,0.417,2023-24,Regular Season,2-4 Feet - Tight
1630193,Immanuel Quickley,1610612761,TOR,25.0,67,67,0.307,122,266,0.459,0.464,0.278,119,241,0.494,0.029,3,25,0.12,2023-24,Regular Season,2-4 Feet - Tight
1629130,Duncan Robinson,1610612748,MIA,30.0,67,66,0.399,121,266,0.455,0.536,0.205,78,137,0.569,0.193,43,129,0.333,2023-24,Regular Season,2-4 Feet - Tight
1629023,P.J. Washington,1610612742,DAL,25.0,72,66,0.327,136,264,0.515,0.523,0.304,132,245,0.539,0.024,4,19,0.211,2023-24,Regular Season,2-4 Feet - Tight
1631133,Jabari Walker,1610612757,POR,21.0,72,70,0.515,137,262,0.523,0.523,0.499,137,254,0.539,0.016,0,8,0.0,2023-24,Regular Season,2-4 Feet - Tight
1630175,Cole Anthony,1610612753,ORL,24.0,81,76,0.344,135,262,0.515,0.525,0.319,130,243,0.535,0.025,5,19,0.263,2023-24,Regular Season,2-4 Feet - Tight
1628971,Bruce Brown,1610612761,TOR,27.0,67,67,0.454,128,262,0.489,0.494,0.426,125,246,0.508,0.028,3,16,0.188,2023-24,Regular Season,2-4 Feet - Tight
1641708,Amen Thompson,1610612745,HOU,21.0,62,55,0.576,153,257,0.595,0.595,0.574,153,256,0.598,0.002,0,1,0.0,2023-24,Regular Season,2-4 Feet - Tight
1626145,Tyus Jones,1610612764,WAS,28.0,66,63,0.383,124,255,0.486,0.494,0.356,120,237,0.506,0.027,4,18,0.222,2023-24,Regular Season,2-4 Feet - Tight
1630245,Ayo Dosunmu,1610612741,CHI,24.0,75,67,0.362,148,253,0.585,0.585,0.359,148,251,0.59,0.003,0,2,0.0,2023-24,Regular Season,2-4 Feet - Tight
1630200,Tre Jones,1610612759,SAS,24.0,76,73,0.421,142,251,0.566,0.566,0.418,142,249,0.57,0.003,0,2,0.0,2023-24,Regular Season,2-4 Feet - Tight
1629060,Rui Hachimura,1610612747,LAL,26.0,67,64,0.376,141,249,0.566,0.572,0.355,138,235,0.587,0.021,3,14,0.214,2023-24,Regular Season,2-4 Feet - Tight
1628401,Derrick White,1610612738,BOS,29.0,72,68,0.297,117,247,0.474,0.5,0.242,104,201,0.517,0.055,13,46,0.283,2023-24,Regular Season,2-4 Feet - Tight
1628978,Donte DiVincenzo,1610612752,NYK,27.0,81,71,0.247,114,247,0.462,0.492,0.184,99,184,0.538,0.063,15,63,0.238,2023-24,Regular Season,2-4 Feet - Tight
1631099,Keegan Murray,1610612758,SAC,23.0,77,72,0.251,132,243,0.543,0.562,0.216,123,209,0.589,0.035,9,34,0.265,2023-24,Regular Season,2-4 Feet - Tight
1628415,Dillon Brooks,1610612745,HOU,28.0,72,67,0.315,110,242,0.455,0.459,0.298,108,229,0.472,0.017,2,13,0.154,2023-24,Regular Season,2-4 Feet - Tight
1628380,Zach Collins,1610612759,SAS,26.0,68,66,0.391,133,238,0.559,0.561,0.388,132,236,0.559,0.003,1,2,0.5,2023-24,Regular Season,2-4 Feet - Tight
1630194,Paul Reed,1610612755,PHI,25.0,81,75,0.491,130,230,0.565,0.565,0.491,130,230,0.565,0.0,0,0,,2023-24,Regular Season,2-4 Feet - Tight
1630173,Precious Achiuwa,1610612752,NYK,24.0,74,68,0.488,134,228,0.588,0.588,0.484,134,226,0.593,0.004,0,2,0.0,2023-24,Regular Season,2-4 Feet - Tight
1628404,Josh Hart,1610612752,NYK,29.0,81,74,0.335,114,228,0.5,0.509,0.319,110,217,0.507,0.016,4,11,0.364,2023-24,Regular Season,2-4 Feet - Tight
202711,Bojan Bogdanovic,1610612752,NYK,35.0,57,53,0.332,99,226,0.438,0.473,0.264,83,180,0.461,0.068,16,46,0.348,2023-24,Regular Season,2-4 Feet - Tight
1641764,Brandin Podziemski,1610612744,GSW,21.0,73,67,0.388,115,225,0.511,0.513,0.379,114,220,0.518,0.009,1,5,0.2,2023-24,Regular Season,2-4 Feet - Tight
203937,Kyle Anderson,1610612750,MIN,30.0,79,77,0.52,101,225,0.449,0.449,0.51,101,221,0.457,0.009,0,4,0.0,2023-24,Regular Season,2-4 Feet - Tight
203915,Spencer Dinwiddie,1610612747,LAL,31.0,75,67,0.359,94,225,0.418,0.453,0.255,78,160,0.488,0.104,16,65,0.246,2023-24,Regular Season,2-4 Feet - Tight
1628963,Marvin Bagley III,1610612764,WAS,25.0,50,48,0.549,135,224,0.603,0.603,0.549,135,224,0.603,0.0,0,0,,2023-24,Regular Season,2-4 Feet - Tight
203084,Harrison Barnes,1610612758,SAC,32.0,82,74,0.306,110,221,0.498,0.507,0.287,106,207,0.512,0.019,4,14,0.286,2023-24,Regular Season,2-4 Feet - Tight
1629018,Gary Trent Jr.,1610612761,TOR,25.0,70,69,0.267,91,219,0.416,0.432,0.219,84,179,0.469,0.049,7,40,0.175,2023-24,Regular Season,2-4 Feet - Tight
203114,Khris Middleton,1610612749,MIL,32.0,55,55,0.339,108,218,0.495,0.521,0.283,97,182,0.533,0.056,11,36,0.306,2023-24,Regular Season,2-4 Feet - Tight
1627741,Buddy Hield,1610612755,PHI,31.0,83,73,0.258,108,215,0.502,0.544,0.188,90,157,0.573,0.07,18,58,0.31,2023-24,Regular Season,2-4 Feet - Tight
1629631,De'Andre Hunter,1610612737,ATL,26.0,57,54,0.325,103,214,0.481,0.495,0.285,97,188,0.516,0.039,6,26,0.231,2023-24,Regular Season,2-4 Feet - Tight
1641709,Ausar Thompson,1610612765,DET,21.0,62,59,0.446,124,211,0.588,0.588,0.442,124,209,0.593,0.004,0,2,0.0,2023-24,Regular Season,2-4 Feet - Tight
1630557,Corey Kispert,1610612764,WAS,25.0,80,72,0.268,129,210,0.614,0.64,0.227,118,178,0.663,0.041,11,32,0.344,2023-24,Regular Season,2-4 Feet - Tight
1630183,Jaden McDaniels,1610612750,MIN,23.0,72,65,0.334,125,210,0.595,0.602,0.317,122,199,0.613,0.018,3,11,0.273,2023-24,Regular Season,2-4 Feet - Tight
1630180,Saddiq Bey,1610612737,ATL,25.0,63,57,0.305,112,210,0.533,0.538,0.294,110,202,0.545,0.012,2,8,0.25,2023-24,Regular Season,2-4 Feet - Tight
201572,Brook Lopez,1610612749,MIL,36.0,79,71,0.275,136,208,0.654,0.668,0.253,130,191,0.681,0.023,6,17,0.353,2023-24,Regular Season,2-4 Feet - Tight
1631103,Malaki Branham,1610612759,SAS,21.0,74,65,0.338,103,207,0.498,0.502,0.328,101,201,0.502,0.01,2,6,0.333,2023-24,Regular Season,2-4 Feet - Tight
203482,Kelly Olynyk,1610612761,TOR,33.0,77,68,0.421,127,205,0.62,0.62,0.415,127,202,0.629,0.006,0,3,0.0,2023-24,Regular Season,2-4 Feet - Tight
1630208,Nick Richards,1610612766,CHA,26.0,66,63,0.557,151,204,0.74,0.74,0.555,151,203,0.744,0.003,0,1,0.0,2023-24,Regular Season,2-4 Feet - Tight
1631218,Trayce Jackson-Davis,1610612744,GSW,24.0,67,56,0.628,142,204,0.696,0.696,0.625,142,203,0.7,0.003,0,1,0.0,2023-24,Regular Season,2-4 Feet - Tight
1630167,Obi Toppin,1610612754,IND,26.0,82,73,0.351,136,203,0.67,0.672,0.332,135,192,0.703,0.019,1,11,0.091,2023-24,Regular Season,2-4 Feet - Tight
202692,Alec Burks,1610612752,NYK,32.0,66,62,0.35,57,199,0.286,0.327,0.227,41,129,0.318,0.123,16,70,0.229,2023-24,Regular Season,2-4 Feet - Tight
1627751,Jakob Poeltl,1610612761,TOR,28.0,50,50,0.521,133,197,0.675,0.675,0.521,133,197,0.675,0.0,0,0,,2023-24,Regular Season,2-4 Feet - Tight
1628392,Isaiah Hartenstein,1610612752,NYK,26.0,75,67,0.544,131,197,0.665,0.665,0.544,131,197,0.665,0.0,0,0,,2023-24,Regular Season,2-4 Feet - Tight
1630625,Dalano Banton,1610612757,POR,24.0,53,42,0.405,90,196,0.459,0.462,0.38,89,184,0.484,0.025,1,12,0.083,2023-24,Regular Season,2-4 Feet - Tight
1628365,Markelle Fultz,1610612753,ORL,26.0,43,41,0.598,91,195,0.467,0.467,0.592,91,193,0.472,0.006,0,2,0.0,2023-24,Regular Season,2-4 Feet - Tight
1641713,GG Jackson,1610612763,MEM,19.0,48,45,0.345,95,194,0.49,0.5,0.318,91,179,0.508,0.027,4,15,0.267,2023-24,Regular Season,2-4 Feet - Tight
1630174,Aaron Nesmith,1610612754,IND,24.0,72,66,0.306,105,193,0.544,0.56,0.281,99,177,0.559,0.025,6,16,0.375,2023-24,Regular Season,2-4 Feet - Tight
1627736,Malik Beasley,1610612749,MIL,27.0,79,74,0.267,76,193,0.394,0.464,0.137,49,99,0.495,0.13,27,94,0.287,2023-24,Regular Season,2-4 Feet - Tight
1628997,Caleb Martin,1610612748,MIA,28.0,64,58,0.34,88,190,0.463,0.468,0.324,86,181,0.475,0.016,2,9,0.222,2023-24,Regular Season,2-4 Feet - Tight
1631117,Walker Kessler,1610612762,UTA,22.0,63,60,0.551,137,188,0.729,0.729,0.551,137,188,0.729,0.0,0,0,,2023-24,Regular Season,2-4 Feet - Tight
1631128,Christian Braun,1610612743,DEN,23.0,80,74,0.396,95,188,0.505,0.505,0.394,95,187,0.508,0.002,0,1,0.0,2023-24,Regular Season,2-4 Feet - Tight
1631323,Simone Fontecchio,1610612765,DET,28.0,65,55,0.338,84,181,0.464,0.522,0.228,63,122,0.516,0.11,21,59,0.356,2023-24,Regular Season,2-4 Feet - Tight
1630591,Jalen Suggs,1610612753,ORL,23.0,75,67,0.248,101,177,0.571,0.599,0.225,91,161,0.565,0.022,10,16,0.625,2023-24,Regular Season,2-4 Feet - Tight
1641715,Cam Whitmore,1610612745,HOU,19.0,47,45,0.379,88,177,0.497,0.508,0.317,84,148,0.568,0.062,4,29,0.138,2023-24,Regular Season,2-4 Feet - Tight
1641726,Dereck Lively II,1610612742,DAL,20.0,55,50,0.588,131,174,0.753,0.753,0.588,131,174,0.753,0.0,0,0,,2023-24,Regular Season,2-4 Feet - Tight
1641739,Toumani Camara,1610612757,POR,24.0,69,60,0.407,90,174,0.517,0.517,0.4,90,171,0.526,0.007,0,3,0.0,2023-24,Regular Season,2-4 Feet - Tight
1629661,Cameron Johnson,1610612751,BKN,28.0,57,55,0.286,78,174,0.448,0.48,0.227,67,138,0.486,0.059,11,36,0.306,2023-24,Regular Season,2-4 Feet - Tight
1630168,Onyeka Okongwu,1610612737,ATL,23.0,55,54,0.477,119,173,0.688,0.688,0.471,119,171,0.696,0.006,0,2,0.0,2023-24,Regular Season,2-4 Feet - Tight
1629611,Terance Mann,1610612746,LAC,27.0,74,68,0.352,105,170,0.618,0.624,0.344,103,166,0.62,0.008,2,4,0.5,2023-24,Regular Season,2-4 Feet - Tight
1628384,OG Anunoby,1610612752,NYK,26.0,50,47,0.295,91,170,0.535,0.541,0.277,89,160,0.556,0.017,2,10,0.2,2023-24,Regular Season,2-4 Feet - Tight
1627752,Taurean Prince,1610612747,LAL,30.0,77,67,0.304,85,170,0.5,0.556,0.209,66,117,0.564,0.095,19,53,0.358,2023-24,Regular Season,2-4 Feet - Tight
1630549,Day'Ron Sharpe,1610612751,BKN,22.0,59,56,0.594,108,168,0.643,0.643,0.594,108,168,0.643,0.0,0,0,,2023-24,Regular Season,2-4 Feet - Tight
201950,Jrue Holiday,1610612738,BOS,34.0,68,61,0.246,92,168,0.548,0.551,0.239,91,163,0.558,0.007,1,5,0.2,2023-24,Regular Season,2-4 Feet - Tight
203484,Kentavious Caldwell-Pope,1610612743,DEN,31.0,74,61,0.292,85,167,0.509,0.548,0.25,72,143,0.503,0.042,13,24,0.542,2023-24,Regular Season,2-4 Feet - Tight
1641722,Jordan Hawkins,1610612740,NOP,22.0,66,50,0.373,57,167,0.341,0.404,0.214,36,96,0.375,0.158,21,71,0.296,2023-24,Regular Season,2-4 Feet - Tight
1627777,Georges Niang,1610612739,CLE,31.0,82,73,0.263,76,166,0.458,0.464,0.225,74,142,0.521,0.038,2,24,0.083,2023-24,Regular Season,2-4 Feet - Tight
1630529,Herbert Jones,1610612740,NOP,25.0,75,65,0.285,91,165,0.552,0.552,0.28,91,162,0.562,0.005,0,3,0.0,2023-24,Regular Season,2-4 Feet - Tight
1630164,James Wiseman,1610612765,DET,23.0,62,55,0.556,103,164,0.628,0.628,0.553,103,163,0.632,0.003,0,1,0.0,2023-24,Regular Season,2-4 Feet - Tight
1641871,Duop Reath,1610612757,POR,28.0,67,60,0.327,89,162,0.549,0.559,0.313,86,155,0.555,0.014,3,7,0.429,2023-24,Regular Season,2-4 Feet - Tight
1629022,Lonnie Walker IV,1610612751,BKN,25.0,57,51,0.34,68,162,0.42,0.457,0.256,56,122,0.459,0.084,12,40,0.3,2023-24,Regular Season,2-4 Feet - Tight
1629659,Talen Horton-Tucker,1610612762,UTA,23.0,50,46,0.349,72,161,0.447,0.457,0.334,69,154,0.448,0.015,3,7,0.429,2023-24,Regular Season,2-4 Feet - Tight
1630540,Miles McBride,1610612752,NYK,23.0,68,50,0.356,72,160,0.45,0.525,0.218,48,98,0.49,0.138,24,62,0.387,2023-24,Regular Season,2-4 Feet - Tight
1630188,Jalen Smith,1610612754,IND,24.0,61,55,0.405,106,159,0.667,0.67,0.392,105,154,0.682,0.013,1,5,0.2,2023-24,Regular Season,2-4 Feet - Tight
1630171,Isaac Okoro,1610612739,CLE,23.0,69,61,0.329,85,158,0.538,0.538,0.327,85,157,0.541,0.002,0,1,0.0,2023-24,Regular Season,2-4 Feet - Tight
1627884,Derrick Jones Jr.,1610612742,DAL,27.0,75,63,0.323,91,157,0.58,0.58,0.315,91,153,0.595,0.008,0,4,0.0,2023-24,Regular Season,2-4 Feet - Tight
1629234,Drew Eubanks,1610612756,PHX,27.0,73,62,0.628,93,155,0.6,0.6,0.628,93,155,0.6,0.0,0,0,,2023-24,Regular Season,2-4 Feet - Tight
1631223,David Roddy,1610612756,PHX,23.0,64,44,0.393,67,155,0.432,0.435,0.363,66,143,0.462,0.03,1,12,0.083,2023-24,Regular Season,2-4 Feet - Tight
1630541,Moses Moody,1610612744,GSW,22.0,65,58,0.377,80,154,0.519,0.552,0.313,70,128,0.547,0.064,10,26,0.385,2023-24,Regular Season,2-4 Feet - Tight
1628976,Wendell Carter Jr.,1610612753,ORL,25.0,55,54,0.36,96,153,0.627,0.637,0.348,93,148,0.628,0.012,3,5,0.6,2023-24,Regular Season,2-4 Feet - Tight
1628989,Kevin Huerter,1610612758,SAC,25.0,64,56,0.271,78,151,0.517,0.566,0.206,63,115,0.548,0.065,15,36,0.417,2023-24,Regular Season,2-4 Feet - Tight
1629684,Grant Williams,1610612766,CHA,25.0,75,59,0.25,82,150,0.547,0.553,0.229,80,137,0.584,0.022,2,13,0.154,2023-24,Regular Season,2-4 Feet - Tight
1630570,Trendon Watford,1610612751,BKN,23.0,61,49,0.507,83,148,0.561,0.561,0.497,83,145,0.572,0.01,0,3,0.0,2023-24,Regular Season,2-4 Feet - Tight
201569,Eric Gordon,1610612756,PHX,35.0,67,58,0.238,82,146,0.562,0.575,0.218,78,134,0.582,0.02,4,12,0.333,2023-24,Regular Season,2-4 Feet - Tight
201145,Jeff Green,1610612745,HOU,37.0,78,64,0.4,80,146,0.548,0.558,0.367,77,134,0.575,0.033,3,12,0.25,2023-24,Regular Season,2-4 Feet - Tight
1630534,Ochai Agbaji,1610612761,TOR,24.0,77,58,0.34,69,145,0.476,0.486,0.312,66,133,0.496,0.028,3,12,0.25,2023-24,Regular Season,2-4 Feet - Tight
1630692,Jordan Goodwin,1610612763,MEM,25.0,56,40,0.38,55,145,0.379,0.383,0.351,54,134,0.403,0.029,1,11,0.091,2023-24,Regular Season,2-4 Feet - Tight
1630583,Santi Aldama,1610612763,MEM,23.0,61,51,0.254,73,144,0.507,0.507,0.241,73,137,0.533,0.012,0,7,0.0,2023-24,Regular Season,2-4 Feet - Tight
1630702,Jaden Hardy,1610612742,DAL,21.0,72,57,0.304,62,144,0.431,0.451,0.259,56,123,0.455,0.044,6,21,0.286,2023-24,Regular Season,2-4 Feet - Tight
1628960,Grayson Allen,1610612756,PHX,28.0,73,60,0.219,80,143,0.559,0.573,0.206,76,134,0.567,0.014,4,9,0.444,2023-24,Regular Season,2-4 Feet - Tight
1627763,Malcolm Brogdon,1610612757,POR,31.0,39,36,0.288,63,143,0.441,0.441,0.274,63,136,0.463,0.014,0,7,0.0,2023-24,Regular Season,2-4 Feet - Tight
202330,Gordon Hayward,1610612760,OKC,34.0,51,45,0.352,73,142,0.514,0.525,0.337,70,136,0.515,0.015,3,6,0.5,2023-24,Regular Season,2-4 Feet - Tight
1630598,Aaron Wiggins,1610612760,OKC,25.0,78,61,0.374,90,141,0.638,0.642,0.366,89,138,0.645,0.008,1,3,0.333,2023-24,Regular Season,2-4 Feet - Tight
1626166,Cameron Payne,1610612755,PHI,29.0,77,55,0.299,60,141,0.426,0.436,0.275,57,130,0.438,0.023,3,11,0.273,2023-24,Regular Season,2-4 Feet - Tight
201144,Mike Conley,1610612750,MIN,36.0,76,62,0.219,60,141,0.426,0.436,0.191,57,123,0.463,0.028,3,18,0.167,2023-24,Regular Season,2-4 Feet - Tight
203995,Vasilije Micic,1610612766,CHA,30.0,59,49,0.392,75,140,0.536,0.557,0.342,69,122,0.566,0.05,6,18,0.333,2023-24,Regular Season,2-4 Feet - Tight
1641711,Gradey Dick,1610612761,TOR,20.0,59,43,0.322,61,140,0.436,0.454,0.267,56,116,0.483,0.055,5,24,0.208,2023-24,Regular Season,2-4 Feet - Tight
1631204,Marcus Sasser,1610612765,DET,23.0,70,55,0.279,59,140,0.421,0.421,0.267,59,134,0.44,0.012,0,6,0.0,2023-24,Regular Season,2-4 Feet - Tight
203110,Draymond Green,1610612744,GSW,34.0,54,46,0.389,73,139,0.525,0.525,0.387,73,138,0.529,0.003,0,1,0.0,2023-24,Regular Season,2-4 Feet - Tight
1630163,LaMelo Ball,1610612766,CHA,22.0,22,22,0.329,68,139,0.489,0.504,0.296,64,125,0.512,0.033,4,14,0.286,2023-24,Regular Season,2-4 Feet - Tight
1629614,Andrew Nembhard,1610612754,IND,24.0,68,56,0.264,79,138,0.572,0.576,0.259,78,135,0.578,0.006,1,3,0.333,2023-24,Regular Season,2-4 Feet - Tight
1630543,Isaiah Jackson,1610612754,IND,22.0,60,46,0.586,86,136,0.632,0.632,0.582,86,135,0.637,0.004,0,1,0.0,2023-24,Regular Season,2-4 Feet - Tight
1631212,Peyton Watson,1610612743,DEN,21.0,78,62,0.314,72,136,0.529,0.533,0.3,71,130,0.546,0.014,1,6,0.167,2023-24,Regular Season,2-4 Feet - Tight
1630202,Payton Pritchard,1610612738,BOS,26.0,81,58,0.213,75,134,0.56,0.575,0.186,71,117,0.607,0.027,4,17,0.235,2023-24,Regular Season,2-4 Feet - Tight
203897,Zach LaVine,1610612741,CHI,29.0,25,25,0.357,66,134,0.493,0.522,0.272,58,102,0.569,0.085,8,32,0.25,2023-24,Regular Season,2-4 Feet - Tight
1631101,Shaedon Sharpe,1610612757,POR,21.0,32,32,0.306,61,133,0.459,0.477,0.274,56,119,0.471,0.032,5,14,0.357,2023-24,Regular Season,2-4 Feet - Tight
1628372,Dennis Smith Jr.,1610612751,BKN,26.0,54,50,0.407,59,133,0.444,0.444,0.388,59,127,0.465,0.018,0,6,0.0,2023-24,Regular Season,2-4 Feet - Tight
202694,Marcus Morris Sr.,1610612739,CLE,34.0,49,38,0.496,60,131,0.458,0.504,0.364,48,96,0.5,0.133,12,35,0.343,2023-24,Regular Season,2-4 Feet - Tight
1627936,Alex Caruso,1610612741,CHI,30.0,70,57,0.246,74,130,0.569,0.596,0.204,67,108,0.62,0.042,7,22,0.318,2023-24,Regular Season,2-4 Feet - Tight
1627739,Kris Dunn,1610612762,UTA,30.0,65,55,0.415,63,130,0.485,0.485,0.412,63,129,0.488,0.003,0,1,0.0,2023-24,Regular Season,2-4 Feet - Tight
1641731,Bilal Coulibaly,1610612764,WAS,19.0,63,53,0.302,60,130,0.462,0.462,0.291,60,125,0.48,0.012,0,5,0.0,2023-24,Regular Season,2-4 Feet - Tight
1628988,Aaron Holiday,1610612745,HOU,27.0,78,62,0.308,56,128,0.438,0.441,0.291,55,121,0.455,0.017,1,7,0.143,2023-24,Regular Season,2-4 Feet - Tight
1626172,Kevon Looney,1610612744,GSW,28.0,74,62,0.55,81,127,0.638,0.638,0.55,81,127,0.638,0.0,0,0,,2023-24,Regular Season,2-4 Feet - Tight
201976,Patrick Beverley,1610612749,MIL,35.0,73,56,0.335,58,127,0.457,0.461,0.301,57,114,0.5,0.034,1,13,0.077,2023-24,Regular Season,2-4 Feet - Tight
1628981,Bruno Fernando,1610612737,ATL,25.0,45,37,0.677,70,126,0.556,0.556,0.677,70,126,0.556,0.0,0,0,,2023-24,Regular Season,2-4 Feet - Tight
1629638,Nickeil Alexander-Walker,1610612750,MIN,25.0,82,60,0.234,63,126,0.5,0.512,0.204,60,110,0.545,0.03,3,16,0.188,2023-24,Regular Season,2-4 Feet - Tight
1630230,Naji Marshall,1610612740,NOP,26.0,65,54,0.342,62,125,0.496,0.512,0.312,58,114,0.509,0.03,4,11,0.364,2023-24,Regular Season,2-4 Feet - Tight
1629652,Luguentz Dort,1610612760,OKC,25.0,79,62,0.19,60,125,0.48,0.496,0.164,56,108,0.519,0.026,4,17,0.235,2023-24,Regular Season,2-4 Feet - Tight
1631222,Jake LaRavia,1610612763,MEM,22.0,35,31,0.399,45,121,0.372,0.401,0.33,38,100,0.38,0.069,7,21,0.333,2023-24,Regular Season,2-4 Feet - Tight
1630191,Isaiah Stewart,1610612765,DET,23.0,45,42,0.323,66,120,0.55,0.558,0.315,64,117,0.547,0.008,2,3,0.667,2023-24,Regular Season,2-4 Feet - Tight
1630201,Malachi Flynn,1610612765,DET,26.0,68,48,0.37,58,120,0.483,0.529,0.272,47,88,0.534,0.099,11,32,0.344,2023-24,Regular Season,2-4 Feet - Tight
1628436,Luke Kornet,1610612738,BOS,28.0,62,51,0.602,81,118,0.686,0.686,0.602,81,118,0.686,0.0,0,0,,2023-24,Regular Season,2-4 Feet - Tight
1631246,Vince Williams Jr.,1610612763,MEM,23.0,52,37,0.311,57,118,0.483,0.492,0.29,55,110,0.5,0.021,2,8,0.25,2023-24,Regular Season,2-4 Feet - Tight
1630544,Tre Mann,1610612766,CHA,23.0,41,31,0.37,60,117,0.513,0.53,0.348,56,110,0.509,0.022,4,7,0.571,2023-24,Regular Season,2-4 Feet - Tight
1630533,Ziaire Williams,1610612763,MEM,22.0,51,42,0.311,56,117,0.479,0.5,0.274,51,103,0.495,0.037,5,14,0.357,2023-24,Regular Season,2-4 Feet - Tight
1629637,Jaxson Hayes,1610612747,LAL,24.0,69,51,0.674,85,116,0.733,0.733,0.669,85,115,0.739,0.006,0,1,0.0,2023-24,Regular Season,2-4 Feet - Tight
1628464,Daniel Theis,1610612746,LAC,32.0,59,48,0.414,69,115,0.6,0.6,0.403,69,112,0.616,0.011,0,3,0.0,2023-24,Regular Season,2-4 Feet - Tight
1626224,Cedi Osman,1610612759,SAS,29.0,72,55,0.294,69,113,0.611,0.624,0.271,66,104,0.635,0.023,3,9,0.333,2023-24,Regular Season,2-4 Feet - Tight
1629048,Goga Bitadze,1610612753,ORL,24.0,62,41,0.536,74,112,0.661,0.661,0.536,74,112,0.661,0.0,0,0,,2023-24,Regular Season,2-4 Feet - Tight
1630172,Patrick Williams,1610612741,CHI,22.0,43,41,0.312,52,112,0.464,0.469,0.304,51,109,0.468,0.008,1,3,0.333,2023-24,Regular Season,2-4 Feet - Tight
1641717,Cason Wallace,1610612760,OKC,20.0,82,59,0.251,59,111,0.532,0.545,0.222,56,98,0.571,0.029,3,13,0.231,2023-24,Regular Season,2-4 Feet - Tight
1626196,Josh Richardson,1610612748,MIA,30.0,42,37,0.328,52,111,0.468,0.491,0.269,47,91,0.516,0.059,5,20,0.25,2023-24,Regular Season,2-4 Feet - Tight
101108,Chris Paul,1610612744,GSW,39.0,57,52,0.242,40,111,0.36,0.365,0.207,39,95,0.411,0.035,1,16,0.063,2023-24,Regular Season,2-4 Feet - Tight
1630700,Dyson Daniels,1610612740,NOP,21.0,60,46,0.356,59,109,0.541,0.546,0.35,58,107,0.542,0.007,1,2,0.5,2023-24,Regular Season,2-4 Feet - Tight
1626204,Larry Nance Jr.,1610612740,NOP,31.0,61,48,0.444,67,107,0.626,0.631,0.44,66,106,0.623,0.004,1,1,1.0,2023-24,Regular Season,2-4 Feet - Tight
203957,Dante Exum,1610612742,DAL,28.0,54,42,0.355,56,106,0.528,0.528,0.355,56,106,0.528,0.0,0,0,,2023-24,Regular Season,2-4 Feet - Tight
1641854,Craig Porter Jr.,1610612739,CLE,24.0,51,34,0.46,51,104,0.49,0.495,0.451,50,102,0.49,0.009,1,2,0.5,2023-24,Regular Season,2-4 Feet - Tight
1630577,Julian Champagnie,1610612759,SAS,23.0,73,51,0.264,49,104,0.471,0.51,0.203,41,80,0.513,0.061,8,24,0.333,2023-24,Regular Season,2-4 Feet - Tight
1631200,Kris Murray,1610612757,POR,23.0,61,39,0.29,48,104,0.462,0.462,0.287,48,103,0.466,0.003,0,1,0.0,2023-24,Regular Season,2-4 Feet - Tight
1628371,Jonathan Isaac,1610612753,ORL,26.0,58,47,0.36,61,103,0.592,0.602,0.332,59,95,0.621,0.028,2,8,0.25,2023-24,Regular Season,2-4 Feet - Tight
1630530,Trey Murphy III,1610612740,NOP,24.0,56,51,0.169,56,103,0.544,0.563,0.146,52,89,0.584,0.023,4,14,0.286,2023-24,Regular Season,2-4 Feet - Tight
1630205,Lamar Stevens,1610612763,MEM,26.0,38,31,0.425,51,102,0.5,0.5,0.425,51,102,0.5,0.0,0,0,,2023-24,Regular Season,2-4 Feet - Tight
1630182,Josh Green,1610612742,DAL,23.0,56,46,0.271,55,100,0.55,0.555,0.252,54,93,0.581,0.019,1,7,0.143,2023-24,Regular Season,2-4 Feet - Tight
1629656,Quentin Grimes,1610612765,DET,24.0,51,38,0.311,44,100,0.44,0.51,0.174,30,56,0.536,0.137,14,44,0.318,2023-24,Regular Season,2-4 Feet - Tight
203967,Dario Saric,1610612744,GSW,30.0,63,46,0.262,58,99,0.586,0.591,0.249,57,94,0.606,0.013,1,5,0.2,2023-24,Regular Season,2-4 Feet - Tight
1631104,Blake Wesley,1610612759,SAS,21.0,60,46,0.467,51,99,0.515,0.515,0.448,51,95,0.537,0.019,0,4,0.0,2023-24,Regular Season,2-4 Feet - Tight
200768,Kyle Lowry,1610612755,PHI,38.0,58,42,0.27,45,99,0.455,0.53,0.161,30,59,0.508,0.109,15,40,0.375,2023-24,Regular Season,2-4 Feet - Tight
1630209,Omer Yurtseven,1610612762,UTA,26.0,47,32,0.533,57,98,0.582,0.582,0.533,57,98,0.582,0.0,0,0,,2023-24,Regular Season,2-4 Feet - Tight
1629001,De'Anthony Melton,1610612755,PHI,26.0,38,32,0.273,43,98,0.439,0.495,0.209,32,75,0.427,0.064,11,23,0.478,2023-24,Regular Season,2-4 Feet - Tight
1630573,Sam Hauser,1610612738,BOS,26.0,78,51,0.177,40,98,0.408,0.474,0.098,27,54,0.5,0.08,13,44,0.295,2023-24,Regular Season,2-4 Feet - Tight
1630241,Sam Merrill,1610612739,CLE,28.0,61,45,0.249,29,98,0.296,0.418,0.051,5,20,0.25,0.198,24,78,0.308,2023-24,Regular Season,2-4 Feet - Tight
1627827,Dorian Finney-Smith,1610612751,BKN,31.0,66,52,0.197,55,97,0.567,0.582,0.183,52,90,0.578,0.014,3,7,0.429,2023-24,Regular Season,2-4 Feet - Tight
1630214,Xavier Tillman,1610612738,BOS,25.0,54,40,0.351,52,97,0.536,0.536,0.351,52,97,0.536,0.0,0,0,,2023-24,Regular Season,2-4 Feet - Tight
1629670,Jordan Nwora,1610612761,TOR,25.0,51,41,0.328,53,96,0.552,0.552,0.311,53,91,0.582,0.017,0,5,0.0,2023-24,Regular Season,2-4 Feet - Tight
1629599,Amir Coffey,1610612746,LAC,27.0,69,48,0.275,48,96,0.5,0.5,0.266,48,93,0.516,0.009,0,3,0.0,2023-24,Regular Season,2-4 Feet - Tight
1630256,Jae'Sean Tate,1610612745,HOU,28.0,65,47,0.41,53,94,0.564,0.564,0.406,53,93,0.57,0.004,0,1,0.0,2023-24,Regular Season,2-4 Feet - Tight
203486,Mason Plumlee,1610612746,LAC,34.0,46,38,0.614,52,94,0.553,0.553,0.614,52,94,0.553,0.0,0,0,,2023-24,Regular Season,2-4 Feet - Tight
1630165,Killian Hayes,1610612765,DET,22.0,42,35,0.329,44,93,0.473,0.473,0.325,44,92,0.478,0.004,0,1,0.0,2023-24,Regular Season,2-4 Feet - Tight
1626158,Richaun Holmes,1610612764,WAS,30.0,40,31,0.626,51,92,0.554,0.554,0.626,51,92,0.554,0.0,0,0,,2023-24,Regular Season,2-4 Feet - Tight
1626192,Pat Connaughton,1610612749,MIL,31.0,76,50,0.266,50,92,0.543,0.592,0.208,41,72,0.569,0.058,9,20,0.45,2023-24,Regular Season,2-4 Feet - Tight
1630558,Davion Mitchell,1610612758,SAC,25.0,72,49,0.283,52,91,0.571,0.577,0.271,51,87,0.586,0.012,1,4,0.25,2023-24,Regular Season,2-4 Feet - Tight
1629002,Chimezie Metu,1610612765,DET,27.0,50,33,0.369,55,89,0.618,0.618,0.365,55,88,0.625,0.004,0,1,0.0,2023-24,Regular Season,2-4 Feet - Tight
1630590,Scotty Pippen Jr.,1610612763,MEM,23.0,21,20,0.438,45,89,0.506,0.511,0.419,44,85,0.518,0.02,1,4,0.25,2023-24,Regular Season,2-4 Feet - Tight
201143,Al Horford,1610612738,BOS,38.0,64,39,0.214,57,87,0.655,0.661,0.206,56,84,0.667,0.007,1,3,0.333,2023-24,Regular Season,2-4 Feet - Tight
1628964,Mo Bamba,1610612755,PHI,26.0,56,38,0.446,48,87,0.552,0.563,0.431,46,84,0.548,0.015,2,3,0.667,2023-24,Regular Season,2-4 Feet - Tight
1630231,KJ Martin,1610612755,PHI,23.0,60,39,0.47,51,85,0.6,0.6,0.47,51,85,0.6,0.0,0,0,,2023-24,Regular Season,2-4 Feet - Tight
1628449,Chris Boucher,1610612761,TOR,31.0,49,40,0.401,50,85,0.588,0.606,0.33,47,70,0.671,0.071,3,15,0.2,2023-24,Regular Season,2-4 Feet - Tight
1630631,Jose Alvarado,1610612740,NOP,26.0,55,41,0.249,39,84,0.464,0.47,0.24,38,81,0.469,0.009,1,3,0.333,2023-24,Regular Season,2-4 Feet - Tight
1631109,Mark Williams,1610612766,CHA,22.0,19,18,0.55,58,83,0.699,0.699,0.55,58,83,0.699,0.0,0,0,,2023-24,Regular Season,2-4 Feet - Tight
1629111,Jock Landale,1610612745,HOU,28.0,56,40,0.411,48,83,0.578,0.578,0.406,48,82,0.585,0.005,0,1,0.0,2023-24,Regular Season,2-4 Feet - Tight
202687,Bismack Biyombo,1610612760,OKC,31.0,40,29,0.634,46,83,0.554,0.554,0.634,46,83,0.554,0.0,0,0,,2023-24,Regular Season,2-4 Feet - Tight
1631121,Bryce McGowens,1610612766,CHA,21.0,59,39,0.361,45,83,0.542,0.548,0.357,44,82,0.537,0.004,1,1,1.0,2023-24,Regular Season,2-4 Feet - Tight
201567,Kevin Love,1610612748,MIA,35.0,54,41,0.237,45,83,0.542,0.554,0.174,43,61,0.705,0.063,2,22,0.091,2023-24,Regular Season,2-4 Feet - Tight
1627780,Gary Payton II,1610612744,GSW,31.0,44,35,0.448,52,82,0.634,0.634,0.448,52,82,0.634,0.0,0,0,,2023-24,Regular Season,2-4 Feet - Tight
1626174,Christian Wood,1610612747,LAL,28.0,49,36,0.32,46,82,0.561,0.573,0.301,44,77,0.571,0.02,2,5,0.4,2023-24,Regular Season,2-4 Feet - Tight
1629026,Kenrich Williams,1610612760,OKC,29.0,69,46,0.293,44,82,0.537,0.543,0.282,43,79,0.544,0.011,1,3,0.333,2023-24,Regular Season,2-4 Feet - Tight
1630538,Bones Hyland,1610612746,LAC,23.0,36,28,0.331,37,82,0.451,0.47,0.294,34,73,0.466,0.036,3,9,0.333,2023-24,Regular Season,2-4 Feet - Tight
1641998,Trey Jemison III,1610612763,MEM,24.0,25,20,0.596,44,81,0.543,0.543,0.596,44,81,0.543,0.0,0,0,,2023-24,Regular Season,2-4 Feet - Tight
202722,Davis Bertans,1610612766,CHA,31.0,42,32,0.358,34,81,0.42,0.58,0.08,8,18,0.444,0.279,26,63,0.413,2023-24,Regular Season,2-4 Feet - Tight
1629003,Shake Milton,1610612752,NYK,27.0,48,36,0.415,32,81,0.395,0.401,0.39,31,76,0.408,0.026,1,5,0.2,2023-24,Regular Season,2-4 Feet - Tight
1629013,Landry Shamet,1610612764,WAS,27.0,46,34,0.294,36,80,0.45,0.475,0.213,32,58,0.552,0.081,4,22,0.182,2023-24,Regular Season,2-4 Feet - Tight
1630198,Isaiah Joe,1610612760,OKC,24.0,78,51,0.165,36,80,0.45,0.5,0.101,28,49,0.571,0.064,8,31,0.258,2023-24,Regular Season,2-4 Feet - Tight
1629312,Haywood Highsmith,1610612748,MIA,27.0,66,39,0.241,40,79,0.506,0.513,0.235,39,77,0.506,0.006,1,2,0.5,2023-24,Regular Season,2-4 Feet - Tight
1641710,Anthony Black,1610612753,ORL,20.0,69,47,0.316,38,78,0.487,0.487,0.312,38,77,0.494,0.004,0,1,0.0,2023-24,Regular Season,2-4 Feet - Tight
1628998,Cody Martin,1610612766,CHA,28.0,28,28,0.363,35,78,0.449,0.462,0.316,33,68,0.485,0.047,2,10,0.2,2023-24,Regular Season,2-4 Feet - Tight
1630215,Jared Butler,1610612764,WAS,23.0,40,27,0.385,45,77,0.584,0.584,0.385,45,77,0.584,0.0,0,0,,2023-24,Regular Season,2-4 Feet - Tight
1626220,Royce O'Neale,1610612756,PHX,31.0,77,51,0.147,30,77,0.39,0.416,0.117,26,61,0.426,0.031,4,16,0.25,2023-24,Regular Season,2-4 Feet - Tight
1630264,Anthony Gill,1610612764,WAS,31.0,50,29,0.475,40,76,0.526,0.533,0.469,39,75,0.52,0.006,1,1,1.0,2023-24,Regular Season,2-4 Feet - Tight
202684,Tristan Thompson,1610612739,CLE,33.0,49,30,0.625,47,75,0.627,0.627,0.617,47,74,0.635,0.008,0,1,0.0,2023-24,Regular Season,2-4 Feet - Tight
1629726,Garrison Mathews,1610612737,ATL,27.0,66,41,0.332,33,75,0.44,0.593,0.097,10,22,0.455,0.235,23,53,0.434,2023-24,Regular Season,2-4 Feet - Tight
1641733,Nick Smith Jr.,1610612766,CHA,20.0,50,35,0.263,28,75,0.373,0.38,0.242,27,69,0.391,0.021,1,6,0.167,2023-24,Regular Season,2-4 Feet - Tight
202397,Ish Smith,1610612766,CHA,35.0,43,35,0.475,28,75,0.373,0.38,0.456,27,72,0.375,0.019,1,3,0.333,2023-24,Regular Season,2-4 Feet - Tight
203926,Doug McDermott,1610612754,IND,32.0,64,36,0.261,34,74,0.459,0.568,0.123,18,35,0.514,0.137,16,39,0.41,2023-24,Regular Season,2-4 Feet - Tight
1631108,Max Christie,1610612747,LAL,21.0,66,38,0.316,33,74,0.446,0.453,0.282,32,66,0.485,0.034,1,8,0.125,2023-24,Regular Season,2-4 Feet - Tight
1630647,Eugene Omoruyi,1610612764,WAS,27.0,43,30,0.445,37,73,0.507,0.507,0.445,37,73,0.507,0.0,0,0,,2023-24,Regular Season,2-4 Feet - Tight
1629630,Ja Morant,1610612763,MEM,24.0,9,9,0.424,43,72,0.597,0.597,0.424,43,72,0.597,0.0,0,0,,2023-24,Regular Season,2-4 Feet - Tight
1631107,Nikola Jović,1610612748,MIA,21.0,45,34,0.259,41,72,0.569,0.569,0.255,41,71,0.577,0.004,0,1,0.0,2023-24,Regular Season,2-4 Feet - Tight
1641707,Taylor Hendricks,1610612762,UTA,20.0,40,30,0.3,35,72,0.486,0.493,0.275,34,66,0.515,0.025,1,6,0.167,2023-24,Regular Season,2-4 Feet - Tight
1630192,Zeke Nnaji,1610612743,DEN,23.0,56,38,0.493,32,72,0.444,0.444,0.493,32,72,0.444,0.0,0,0,,2023-24,Regular Season,2-4 Feet - Tight
1626168,Trey Lyles,1610612758,SAC,28.0,58,34,0.218,38,70,0.543,0.55,0.19,37,61,0.607,0.028,1,9,0.111,2023-24,Regular Season,2-4 Feet - Tight
1626153,Delon Wright,1610612748,MIA,32.0,47,37,0.372,29,70,0.414,0.414,0.372,29,70,0.414,0.0,0,0,,2023-24,Regular Season,2-4 Feet - Tight
201565,Derrick Rose,1610612763,MEM,35.0,24,23,0.418,35,69,0.507,0.507,0.412,35,68,0.515,0.006,0,1,0.0,2023-24,Regular Season,2-4 Feet - Tight
1631106,Tari Eason,1610612745,HOU,23.0,22,19,0.365,34,69,0.493,0.493,0.349,34,66,0.515,0.016,0,3,0.0,2023-24,Regular Season,2-4 Feet - Tight
1628966,Keita Bates-Diop,1610612751,BKN,28.0,52,31,0.425,35,68,0.515,0.522,0.394,34,63,0.54,0.031,1,5,0.2,2023-24,Regular Season,2-4 Feet - Tight
203109,Jae Crowder,1610612749,MIL,33.0,50,35,0.252,31,68,0.456,0.471,0.211,29,57,0.509,0.041,2,11,0.182,2023-24,Regular Season,2-4 Feet - Tight
1629667,Jalen McDaniels,1610612761,TOR,26.0,49,31,0.366,30,68,0.441,0.441,0.339,30,63,0.476,0.027,0,5,0.0,2023-24,Regular Season,2-4 Feet - Tight
1628418,Thomas Bryant,1610612748,MIA,26.0,37,25,0.469,49,67,0.731,0.731,0.469,49,67,0.731,0.0,0,0,,2023-24,Regular Season,2-4 Feet - Tight
1631098,Johnny Davis,1610612764,WAS,22.0,50,33,0.438,29,67,0.433,0.433,0.418,29,64,0.453,0.02,0,3,0.0,2023-24,Regular Season,2-4 Feet - Tight
1628379,Luke Kennard,1610612763,MEM,28.0,39,32,0.213,22,67,0.328,0.381,0.133,15,42,0.357,0.079,7,25,0.28,2023-24,Regular Season,2-4 Feet - Tight
201152,Thaddeus Young,1610612756,PHX,36.0,33,26,0.611,44,66,0.667,0.667,0.611,44,66,0.667,0.0,0,0,,2023-24,Regular Season,2-4 Feet - Tight
203914,Gary Harris,1610612753,ORL,29.0,54,39,0.222,36,66,0.545,0.545,0.189,36,56,0.643,0.034,0,10,0.0,2023-24,Regular Season,2-4 Feet - Tight
1629006,Josh Okogie,1610612756,PHX,25.0,59,35,0.319,33,65,0.508,0.515,0.314,32,64,0.5,0.005,1,1,1.0,2023-24,Regular Season,2-4 Feet - Tight
201580,JaVale McGee,1610612758,SAC,36.0,46,32,0.485,40,64,0.625,0.625,0.485,40,64,0.625,0.0,0,0,,2023-24,Regular Season,2-4 Feet - Tight
1628470,Torrey Craig,1610612741,CHI,33.0,52,33,0.266,32,64,0.5,0.523,0.22,29,53,0.547,0.046,3,11,0.273,2023-24,Regular Season,2-4 Feet - Tight
1628975,Jevon Carter,1610612741,CHI,28.0,71,35,0.175,23,64,0.359,0.398,0.132,18,48,0.375,0.044,5,16,0.313,2023-24,Regular Season,2-4 Feet - Tight
1629626,Bol Bol,1610612756,PHX,24.0,41,27,0.444,39,63,0.619,0.627,0.401,38,57,0.667,0.042,1,6,0.167,2023-24,Regular Season,2-4 Feet - Tight
1629677,Luka Samanic,1610612762,UTA,24.0,42,22,0.414,34,63,0.54,0.548,0.401,33,61,0.541,0.013,1,2,0.5,2023-24,Regular Season,2-4 Feet - Tight
1629680,Matisse Thybulle,1610612757,POR,27.0,64,38,0.205,28,63,0.444,0.468,0.179,25,55,0.455,0.026,3,8,0.375,2023-24,Regular Season,2-4 Feet - Tight
203095,Evan Fournier,1610612765,DET,31.0,31,26,0.289,25,63,0.397,0.413,0.211,23,46,0.5,0.078,2,17,0.118,2023-24,Regular Season,2-4 Feet - Tight
203552,Seth Curry,1610612766,CHA,33.0,44,30,0.31,22,63,0.349,0.381,0.212,18,43,0.419,0.099,4,20,0.2,2023-24,Regular Season,2-4 Feet - Tight
1630572,Sandro Mamukelashvili,1610612759,SAS,25.0,45,24,0.403,38,62,0.613,0.613,0.396,38,61,0.623,0.006,0,1,0.0,2023-24,Regular Season,2-4 Feet - Tight
1629723,John Konchar,1610612763,MEM,28.0,55,34,0.298,31,62,0.5,0.5,0.269,31,56,0.554,0.029,0,6,0.0,2023-24,Regular Season,2-4 Feet - Tight
203935,Marcus Smart,1610612763,MEM,30.0,20,19,0.257,30,61,0.492,0.516,0.211,27,50,0.54,0.046,3,11,0.273,2023-24,Regular Season,2-4 Feet - Tight
1629629,Cam Reddish,1610612747,LAL,24.0,47,26,0.263,31,60,0.517,0.533,0.25,29,57,0.509,0.013,2,3,0.667,2023-24,Regular Season,2-4 Feet - Tight
1629052,Oshae Brissett,1610612738,BOS,26.0,55,24,0.392,28,60,0.467,0.467,0.379,28,58,0.483,0.013,0,2,0.0,2023-24,Regular Season,2-4 Feet - Tight
1629674,Neemias Queta,1610612738,BOS,24.0,28,20,0.567,43,59,0.729,0.729,0.567,43,59,0.729,0.0,0,0,,2023-24,Regular Season,2-4 Feet - Tight
1629011,Mitchell Robinson,1610612752,NYK,26.0,31,24,0.465,32,59,0.542,0.542,0.465,32,59,0.542,0.0,0,0,,2023-24,Regular Season,2-4 Feet - Tight
203939,Dwight Powell,1610612742,DAL,32.0,62,35,0.558,37,58,0.638,0.638,0.558,37,58,0.638,0.0,0,0,,2023-24,Regular Season,2-4 Feet - Tight
1630592,Jalen Wilson,1610612751,BKN,23.0,41,28,0.36,26,58,0.448,0.448,0.354,26,57,0.456,0.006,0,1,0.0,2023-24,Regular Season,2-4 Feet - Tight
1630527,Brandon Boston,1610612746,LAC,22.0,32,23,0.367,25,58,0.431,0.431,0.354,25,56,0.446,0.013,0,2,0.0,2023-24,Regular Season,2-4 Feet - Tight
1641712,Rayan Rupert,1610612757,POR,20.0,38,29,0.354,20,56,0.357,0.357,0.348,20,55,0.364,0.006,0,1,0.0,2023-24,Regular Season,2-4 Feet - Tight
1631207,Dalen Terry,1610612741,CHI,21.0,58,31,0.364,32,55,0.582,0.591,0.331,31,50,0.62,0.033,1,5,0.2,2023-24,Regular Season,2-4 Feet - Tight
1631241,Javon Freeman-Liberty,1610612761,TOR,24.0,21,17,0.455,31,55,0.564,0.564,0.455,31,55,0.564,0.0,0,0,,2023-24,Regular Season,2-4 Feet - Tight
1630219,Skylar Mays,1610612747,LAL,26.0,38,24,0.346,23,55,0.418,0.418,0.321,23,51,0.451,0.025,0,4,0.0,2023-24,Regular Season,2-4 Feet - Tight
201568,Danilo Gallinari,1610612749,MIL,35.0,49,30,0.279,28,53,0.528,0.538,0.237,27,45,0.6,0.042,1,8,0.125,2023-24,Regular Season,2-4 Feet - Tight
1631260,AJ Green,1610612749,MIL,24.0,56,34,0.27,25,53,0.472,0.632,0.077,8,15,0.533,0.194,17,38,0.447,2023-24,Regular Season,2-4 Feet - Tight
204060,Joe Ingles,1610612753,ORL,36.0,68,35,0.233,22,53,0.415,0.453,0.159,18,36,0.5,0.075,4,17,0.235,2023-24,Regular Season,2-4 Feet - Tight
1628972,Troy Brown Jr.,1610612765,DET,24.0,58,32,0.236,21,53,0.396,0.406,0.213,20,48,0.417,0.022,1,5,0.2,2023-24,Regular Season,2-4 Feet - Tight
1641729,Brice Sensabaugh,1610612762,UTA,20.0,31,25,0.256,17,53,0.321,0.33,0.232,16,48,0.333,0.024,1,5,0.2,2023-24,Regular Season,2-4 Feet - Tight
1631124,Julian Strawther,1610612743,DEN,22.0,48,28,0.242,25,52,0.481,0.51,0.2,22,43,0.512,0.042,3,9,0.333,2023-24,Regular Season,2-4 Feet - Tight
1628995,Kevin Knox II,1610612757,POR,24.0,31,23,0.274,33,51,0.647,0.667,0.253,31,47,0.66,0.022,2,4,0.5,2023-24,Regular Season,2-4 Feet - Tight
201599,DeAndre Jordan,1610612743,DEN,35.0,35,21,0.554,29,51,0.569,0.569,0.554,29,51,0.569,0.0,0,0,,2023-24,Regular Season,2-4 Feet - Tight
1630531,Jaden Springer,1610612738,BOS,21.0,48,29,0.345,25,51,0.49,0.49,0.345,25,51,0.49,0.0,0,0,,2023-24,Regular Season,2-4 Feet - Tight
1630550,JT Thor,1610612766,CHA,21.0,62,33,0.276,29,50,0.58,0.58,0.271,29,49,0.592,0.006,0,1,0.0,2023-24,Regular Season,2-4 Feet - Tight
1641741,Ricky Council IV,1610612755,PHI,22.0,31,22,0.455,27,50,0.54,0.54,0.455,27,50,0.54,0.0,0,0,,2023-24,Regular Season,2-4 Feet - Tight
1631230,Dominick Barlow,1610612759,SAS,21.0,32,21,0.466,23,48,0.479,0.479,0.466,23,48,0.479,0.0,0,0,,2023-24,Regular Season,2-4 Feet - Tight
1629020,Jarred Vanderbilt,1610612747,LAL,25.0,28,19,0.448,26,47,0.553,0.553,0.438,26,46,0.565,0.01,0,1,0.0,2023-24,Regular Season,2-4 Feet - Tight
203458,Alex Len,1610612758,SAC,31.0,48,28,0.568,31,46,0.674,0.674,0.568,31,46,0.674,0.0,0,0,,2023-24,Regular Season,2-4 Feet - Tight
1631165,Keon Ellis,1610612758,SAC,24.0,57,27,0.198,24,46,0.522,0.576,0.147,19,34,0.559,0.052,5,12,0.417,2023-24,Regular Season,2-4 Feet - Tight
1630537,Chris Duarte,1610612758,SAC,27.0,59,27,0.219,22,46,0.478,0.5,0.19,20,40,0.5,0.029,2,6,0.333,2023-24,Regular Season,2-4 Feet - Tight
1627732,Ben Simmons,1610612751,BKN,27.0,15,13,0.622,22,46,0.478,0.478,0.622,22,46,0.478,0.0,0,0,,2023-24,Regular Season,2-4 Feet - Tight
1630639,A.J. Lawson,1610612742,DAL,23.0,41,24,0.375,21,45,0.467,0.467,0.358,21,43,0.488,0.017,0,2,0.0,2023-24,Regular Season,2-4 Feet - Tight
1630235,Trent Forrest,1610612737,ATL,26.0,38,24,0.5,16,45,0.356,0.356,0.489,16,44,0.364,0.011,0,1,0.0,2023-24,Regular Season,2-4 Feet - Tight
1641723,Kobe Bufkin,1610612737,ATL,20.0,17,15,0.478,17,44,0.386,0.398,0.38,16,35,0.457,0.098,1,9,0.111,2023-24,Regular Season,2-4 Feet - Tight
1641767,Ben Sheppard,1610612754,IND,22.0,57,28,0.188,22,43,0.512,0.523,0.183,21,42,0.5,0.004,1,1,1.0,2023-24,Regular Season,2-4 Feet - Tight
1628420,Monte Morris,1610612750,MIN,29.0,33,22,0.281,18,43,0.419,0.442,0.268,16,41,0.39,0.013,2,2,1.0,2023-24,Regular Season,2-4 Feet - Tight
1630197,Aleksej Pokusevski,1610612766,CHA,22.0,27,18,0.353,17,42,0.405,0.405,0.319,17,38,0.447,0.034,0,4,0.0,2023-24,Regular Season,2-4 Feet - Tight
1628426,Sasha Vezenkov,1610612758,SAC,28.0,42,22,0.218,21,41,0.512,0.537,0.176,19,33,0.576,0.043,2,8,0.25,2023-24,Regular Season,2-4 Feet - Tight
1629650,Moses Brown,1610612757,POR,24.0,22,17,0.631,21,41,0.512,0.512,0.631,21,41,0.512,0.0,0,0,,2023-24,Regular Season,2-4 Feet - Tight
201587,Nicolas Batum,1610612755,PHI,35.0,59,28,0.162,20,41,0.488,0.549,0.103,15,26,0.577,0.059,5,15,0.333,2023-24,Regular Season,2-4 Feet - Tight
1631119,Jaylin Williams,1610612760,OKC,22.0,69,29,0.175,22,40,0.55,0.55,0.171,22,39,0.564,0.004,0,1,0.0,2023-24,Regular Season,2-4 Feet - Tight
1631116,Patrick Baldwin Jr.,1610612764,WAS,21.0,38,22,0.245,17,38,0.447,0.461,0.219,16,34,0.471,0.026,1,4,0.25,2023-24,Regular Season,2-4 Feet - Tight
1630699,MarJon Beauchamp,1610612749,MIL,23.0,48,22,0.223,17,37,0.459,0.459,0.199,17,33,0.515,0.024,0,4,0.0,2023-24,Regular Season,2-4 Feet - Tight
1631216,Caleb Houstan,1610612753,ORL,21.0,59,23,0.18,13,37,0.351,0.486,0.024,3,5,0.6,0.155,10,32,0.313,2023-24,Regular Season,2-4 Feet - Tight
1628984,Devonte' Graham,1610612759,SAS,29.0,22,15,0.356,11,37,0.297,0.365,0.115,6,12,0.5,0.24,5,25,0.2,2023-24,Regular Season,2-4 Feet - Tight
1629162,Jordan McLaughlin,1610612750,MIN,28.0,56,26,0.248,19,36,0.528,0.542,0.228,18,33,0.545,0.021,1,3,0.333,2023-24,Regular Season,2-4 Feet - Tight
1630548,Johnny Juzang,1610612762,UTA,23.0,19,14,0.336,18,36,0.5,0.556,0.243,14,26,0.538,0.093,4,10,0.4,2023-24,Regular Season,2-4 Feet - Tight
203496,Robert Covington,1610612755,PHI,33.0,29,17,0.367,18,36,0.5,0.528,0.276,16,27,0.593,0.092,2,9,0.222,2023-24,Regular Season,2-4 Feet - Tight
1629642,Nassir Little,1610612756,PHX,24.0,45,22,0.274,21,34,0.618,0.618,0.258,21,32,0.656,0.016,0,2,0.0,2023-24,Regular Season,2-4 Feet - Tight
1631115,Orlando Robinson,1610612748,MIA,23.0,36,15,0.472,17,34,0.5,0.5,0.472,17,34,0.5,0.0,0,0,,2023-24,Regular Season,2-4 Feet - Tight
1630204,Ashton Hagans,1610612757,POR,24.0,19,16,0.479,14,34,0.412,0.412,0.451,14,32,0.438,0.028,0,2,0.0,2023-24,Regular Season,2-4 Feet - Tight
1630184,Kira Lewis Jr.,1610612762,UTA,23.0,27,16,0.371,18,33,0.545,0.545,0.36,18,32,0.563,0.011,0,1,0.0,2023-24,Regular Season,2-4 Feet - Tight
1629004,Svi Mykhailiuk,1610612738,BOS,27.0,41,19,0.241,16,33,0.485,0.606,0.102,8,14,0.571,0.139,8,19,0.421,2023-24,Regular Season,2-4 Feet - Tight
1629634,Brandon Clarke,1610612763,MEM,27.0,6,6,0.542,20,32,0.625,0.625,0.542,20,32,0.625,0.0,0,0,,2023-24,Regular Season,2-4 Feet - Tight
1641732,Colby Jones,1610612758,SAC,22.0,30,17,0.451,18,32,0.563,0.563,0.437,18,31,0.581,0.014,0,1,0.0,2023-24,Regular Season,2-4 Feet - Tight
1631311,Lester Quinones,1610612744,GSW,23.0,36,18,0.232,12,32,0.375,0.375,0.225,12,31,0.387,0.007,0,1,0.0,2023-24,Regular Season,2-4 Feet - Tight
1627745,Damian Jones,1610612739,CLE,29.0,39,19,0.431,25,31,0.806,0.806,0.431,25,31,0.806,0.0,0,0,,2023-24,Regular Season,2-4 Feet - Tight
1630579,Jericho Sims,1610612752,NYK,25.0,45,18,0.608,21,31,0.677,0.677,0.608,21,31,0.677,0.0,0,0,,2023-24,Regular Season,2-4 Feet - Tight
1641765,Olivier-Maxence Prosper,1610612742,DAL,21.0,40,17,0.298,16,31,0.516,0.516,0.298,16,31,0.516,0.0,0,0,,2023-24,Regular Season,2-4 Feet - Tight
201988,Patty Mills,1610612748,MIA,35.0,32,16,0.237,11,31,0.355,0.371,0.16,10,21,0.476,0.076,1,10,0.1,2023-24,Regular Season,2-4 Feet - Tight
1629750,Javonte Green,1610612741,CHI,30.0,9,8,0.4,18,30,0.6,0.6,0.387,18,29,0.621,0.013,0,1,0.0,2023-24,Regular Season,2-4 Feet - Tight
1630249,Vít Krejčí,1610612737,ATL,24.0,22,15,0.288,15,30,0.5,0.533,0.173,13,18,0.722,0.115,2,12,0.167,2023-24,Regular Season,2-4 Feet - Tight
1630526,Jeremiah Robinson-Earl,1610612740,NOP,23.0,38,19,0.323,15,30,0.5,0.5,0.312,15,29,0.517,0.011,0,1,0.0,2023-24,Regular Season,2-4 Feet - Tight
203200,Justin Holiday,1610612743,DEN,35.0,57,22,0.155,15,30,0.5,0.55,0.114,12,22,0.545,0.041,3,8,0.375,2023-24,Regular Season,2-4 Feet - Tight
1641716,Jarace Walker,1610612754,IND,20.0,33,16,0.273,9,30,0.3,0.317,0.245,8,27,0.296,0.027,1,3,0.333,2023-24,Regular Season,2-4 Feet - Tight
1627863,Danuel House Jr.,1610612755,PHI,31.0,34,18,0.276,23,29,0.793,0.793,0.257,23,27,0.852,0.019,0,2,0.0,2023-24,Regular Season,2-4 Feet - Tight
1641730,Noah Clowney,1610612751,BKN,19.0,22,14,0.349,20,29,0.69,0.69,0.349,20,29,0.69,0.0,0,0,,2023-24,Regular Season,2-4 Feet - Tight
203469,Cody Zeller,1610612740,NOP,31.0,42,18,0.475,13,29,0.448,0.448,0.475,13,29,0.448,0.0,0,0,,2023-24,Regular Season,2-4 Feet - Tight
1641931,Onuralp Bitim,1610612741,CHI,25.0,22,11,0.358,13,29,0.448,0.466,0.272,12,22,0.545,0.086,1,7,0.143,2023-24,Regular Season,2-4 Feet - Tight
1641787,Tosan Evbuomwan,1610612765,DET,23.0,17,13,0.394,17,28,0.607,0.607,0.394,17,28,0.607,0.0,0,0,,2023-24,Regular Season,2-4 Feet - Tight
1631262,Jules Bernard,1610612764,WAS,24.0,19,11,0.438,16,28,0.571,0.607,0.391,14,25,0.56,0.047,2,3,0.667,2023-24,Regular Season,2-4 Feet - Tight
1629731,Dean Wade,1610612739,CLE,27.0,54,20,0.121,14,28,0.5,0.589,0.073,9,17,0.529,0.047,5,11,0.455,2023-24,Regular Season,2-4 Feet - Tight
203488,Mike Muscala,1610612760,OKC,33.0,53,19,0.181,12,28,0.429,0.446,0.155,11,24,0.458,0.026,1,4,0.25,2023-24,Regular Season,2-4 Feet - Tight
1630285,Zavier Simpson,1610612765,DET,27.0,7,6,0.519,10,28,0.357,0.357,0.519,10,28,0.357,0.0,0,0,,2023-24,Regular Season,2-4 Feet - Tight
1628467,Maxi Kleber,1610612742,DAL,32.0,42,20,0.188,17,27,0.63,0.63,0.188,17,27,0.63,0.0,0,0,,2023-24,Regular Season,2-4 Feet - Tight
1630568,Luka Garza,1610612750,MIN,25.0,25,10,0.36,16,27,0.593,0.593,0.36,16,27,0.593,0.0,0,0,,2023-24,Regular Season,2-4 Feet - Tight
202066,Garrett Temple,1610612761,TOR,38.0,27,14,0.333,15,26,0.577,0.596,0.295,14,23,0.609,0.038,1,3,0.333,2023-24,Regular Season,2-4 Feet - Tight
1629669,Jaylen Nowell,1610612758,SAC,24.0,13,9,0.321,15,25,0.6,0.6,0.321,15,25,0.6,0.0,0,0,,2023-24,Regular Season,2-4 Feet - Tight
1630587,Isaiah Livers,1610612765,DET,25.0,23,18,0.219,13,25,0.52,0.52,0.202,13,23,0.565,0.018,0,2,0.0,2023-24,Regular Season,2-4 Feet - Tight
1631466,Nate Williams,1610612745,HOU,25.0,22,12,0.5,11,25,0.44,0.44,0.5,11,25,0.44,0.0,0,0,,2023-24,Regular Season,2-4 Feet - Tight
1641748,Andre Jackson Jr.,1610612749,MIL,22.0,57,18,0.25,10,25,0.4,0.4,0.25,10,25,0.4,0.0,0,0,,2023-24,Regular Season,2-4 Feet - Tight
1630177,Theo Maledon,1610612756,PHX,23.0,17,11,0.357,6,25,0.24,0.24,0.329,6,23,0.261,0.029,0,2,0.0,2023-24,Regular Season,2-4 Feet - Tight
1630240,Saben Lee,1610612756,PHX,25.0,22,13,0.462,10,24,0.417,0.417,0.462,10,24,0.417,0.0,0,0,,2023-24,Regular Season,2-4 Feet - Tight
1631288,Jamal Cain,1610612748,MIA,25.0,25,8,0.295,14,23,0.609,0.609,0.295,14,23,0.609,0.0,0,0,,2023-24,Regular Season,2-4 Feet - Tight
1641738,Kobe Brown,1610612746,LAC,24.0,43,19,0.264,11,23,0.478,0.478,0.264,11,23,0.478,0.0,0,0,,2023-24,Regular Season,2-4 Feet - Tight
1630314,Brandon Williams,1610612742,DAL,24.0,17,12,0.426,11,23,0.478,0.478,0.426,11,23,0.478,0.0,0,0,,2023-24,Regular Season,2-4 Feet - Tight
1630556,Kessler Edwards,1610612758,SAC,23.0,54,14,0.288,11,23,0.478,0.478,0.225,11,18,0.611,0.063,0,5,0.0,2023-24,Regular Season,2-4 Feet - Tight
1641763,Julian Phillips,1610612741,CHI,20.0,39,14,0.303,11,23,0.478,0.478,0.303,11,23,0.478,0.0,0,0,,2023-24,Regular Season,2-4 Feet - Tight
1630610,DeJon Jarreau,1610612763,MEM,26.0,9,9,0.46,10,23,0.435,0.435,0.44,10,22,0.455,0.02,0,1,0.0,2023-24,Regular Season,2-4 Feet - Tight
1630649,Stanley Umude,1610612765,DET,25.0,23,12,0.291,7,23,0.304,0.326,0.215,6,17,0.353,0.076,1,6,0.167,2023-24,Regular Season,2-4 Feet - Tight
1631100,AJ Griffin,1610612737,ATL,20.0,20,9,0.371,5,23,0.217,0.217,0.258,5,16,0.313,0.113,0,7,0.0,2023-24,Regular Season,2-4 Feet - Tight
1631338,Mouhamadou Gueye,1610612761,TOR,25.0,11,9,0.605,4,23,0.174,0.174,0.605,4,23,0.174,0.0,0,0,,2023-24,Regular Season,2-4 Feet - Tight
1629007,Jontay Porter,1610612765,DET,24.0,25,12,0.212,11,22,0.5,0.5,0.212,11,22,0.5,0.0,0,0,,2023-24,Regular Season,2-4 Feet - Tight
1630551,Justin Champagnie,1610612764,WAS,23.0,15,7,0.282,10,22,0.455,0.455,0.256,10,20,0.5,0.026,0,2,0.0,2023-24,Regular Season,2-4 Feet - Tight
1629139,Yuta Watanabe,1610612763,MEM,29.0,33,14,0.186,9,21,0.429,0.452,0.142,8,16,0.5,0.044,1,5,0.2,2023-24,Regular Season,2-4 Feet - Tight
1630346,Matt Ryan,1610612740,NOP,27.0,28,17,0.186,7,21,0.333,0.476,0.062,1,7,0.143,0.124,6,14,0.429,2023-24,Regular Season,2-4 Feet - Tight
1628385,Harry Giles III,1610612747,LAL,26.0,23,11,0.417,13,20,0.65,0.65,0.417,13,20,0.65,0.0,0,0,,2023-24,Regular Season,2-4 Feet - Tight
1630611,Gui Santos,1610612744,GSW,22.0,22,9,0.364,12,20,0.6,0.6,0.364,12,20,0.6,0.0,0,0,,2023-24,Regular Season,2-4 Feet - Tight
1642013,Malik Williams,1610612761,TOR,25.0,7,5,0.588,8,20,0.4,0.4,0.588,8,20,0.4,0.0,0,0,,2023-24,Regular Season,2-4 Feet - Tight
1630322,Lindy Waters III,1610612760,OKC,26.0,38,10,0.183,11,19,0.579,0.658,0.106,8,11,0.727,0.077,3,8,0.375,2023-24,Regular Season,2-4 Feet - Tight
1641774,Tristan Vukcevic,1610612764,WAS,21.0,10,6,0.284,11,19,0.579,0.579,0.284,11,19,0.579,0.0,0,0,,2023-24,Regular Season,2-4 Feet - Tight
1630678,Terry Taylor,1610612741,CHI,24.0,30,11,0.487,10,19,0.526,0.526,0.487,10,19,0.526,0.0,0,0,,2023-24,Regular Season,2-4 Feet - Tight
1641766,Adama Sanogo,1610612741,CHI,22.0,9,4,0.704,10,19,0.526,0.526,0.704,10,19,0.526,0.0,0,0,,2023-24,Regular Season,2-4 Feet - Tight
1630243,Trevelin Queen,1610612753,ORL,27.0,14,9,0.5,9,19,0.474,0.5,0.395,8,15,0.533,0.105,1,4,0.25,2023-24,Regular Season,2-4 Feet - Tight
1631221,Collin Gillespie,1610612743,DEN,25.0,24,10,0.275,9,19,0.474,0.474,0.261,9,18,0.5,0.014,0,1,0.0,2023-24,Regular Season,2-4 Feet - Tight
1641778,Leaky Black,1610612766,CHA,25.0,26,13,0.365,7,19,0.368,0.368,0.346,7,18,0.389,0.019,0,1,0.0,2023-24,Regular Season,2-4 Feet - Tight
1629717,Armoni Brooks,1610612751,BKN,26.0,10,7,0.422,6,19,0.316,0.395,0.178,3,8,0.375,0.244,3,11,0.273,2023-24,Regular Season,2-4 Feet - Tight
202083,Wesley Matthews,1610612737,ATL,37.0,36,11,0.196,5,19,0.263,0.263,0.175,5,17,0.294,0.021,0,2,0.0,2023-24,Regular Season,2-4 Feet - Tight
1631254,Kenneth Lofton Jr.,1610612762,UTA,21.0,21,13,0.237,12,18,0.667,0.667,0.237,12,18,0.667,0.0,0,0,,2023-24,Regular Season,2-4 Feet - Tight
1631197,Jared Rhoden,1610612765,DET,24.0,17,12,0.273,9,18,0.5,0.5,0.273,9,18,0.5,0.0,0,0,,2023-24,Regular Season,2-4 Feet - Tight
1641877,Nathan Mensah,1610612766,CHA,26.0,25,13,0.643,9,18,0.5,0.5,0.643,9,18,0.5,0.0,0,0,,2023-24,Regular Season,2-4 Feet - Tight
1631303,Justin Minaya,1610612757,POR,25.0,34,11,0.243,7,18,0.389,0.389,0.243,7,18,0.389,0.0,0,0,,2023-24,Regular Season,2-4 Feet - Tight
1630695,Micah Potter,1610612762,UTA,26.0,16,9,0.425,9,17,0.529,0.559,0.4,8,16,0.5,0.025,1,1,1.0,2023-24,Regular Season,2-4 Feet - Tight
1629643,Chuma Okeke,1610612753,ORL,25.0,47,14,0.152,8,17,0.471,0.5,0.125,7,14,0.5,0.027,1,3,0.333,2023-24,Regular Season,2-4 Feet - Tight
1631169,Josh Minott,1610612750,MIN,21.0,32,15,0.472,8,17,0.471,0.471,0.444,8,16,0.5,0.028,0,1,0.0,2023-24,Regular Season,2-4 Feet - Tight
202709,Cory Joseph,1610612744,GSW,32.0,26,12,0.274,7,17,0.412,0.441,0.226,6,14,0.429,0.048,1,3,0.333,2023-24,Regular Season,2-4 Feet - Tight
1629646,Charles Bassey,1610612759,SAS,23.0,19,10,0.41,15,16,0.938,0.938,0.41,15,16,0.938,0.0,0,0,,2023-24,Regular Season,2-4 Feet - Tight
1626246,Boban Marjanovic,1610612745,HOU,35.0,14,10,0.516,12,16,0.75,0.75,0.516,12,16,0.75,0.0,0,0,,2023-24,Regular Season,2-4 Feet - Tight
1631321,Sidy Cissoko,1610612759,SAS,20.0,12,6,0.485,12,16,0.75,0.75,0.485,12,16,0.75,0.0,0,0,,2023-24,Regular Season,2-4 Feet - Tight
1641970,Maozinha Pereira,1610612763,MEM,23.0,7,7,0.457,8,16,0.5,0.5,0.457,8,16,0.5,0.0,0,0,,2023-24,Regular Season,2-4 Feet - Tight
1627788,Furkan Korkmaz,1610612755,PHI,26.0,35,15,0.211,8,16,0.5,0.563,0.171,6,13,0.462,0.039,2,3,0.667,2023-24,Regular Season,2-4 Feet - Tight
1630562,Matt Hurt,1610612763,MEM,24.0,8,6,0.471,7,16,0.438,0.5,0.265,5,9,0.556,0.206,2,7,0.286,2023-24,Regular Season,2-4 Feet - Tight
1631172,Ousmane Dieng,1610612760,OKC,21.0,33,8,0.138,5,16,0.313,0.313,0.129,5,15,0.333,0.009,0,1,0.0,2023-24,Regular Season,2-4 Feet - Tight
1629875,Xavier Moon,1610612746,LAC,29.0,14,7,0.348,4,16,0.25,0.25,0.304,4,14,0.286,0.043,0,2,0.0,2023-24,Regular Season,2-4 Feet - Tight
1629716,Marques Bolden,1610612766,CHA,26.0,11,5,0.6,10,15,0.667,0.667,0.6,10,15,0.667,0.0,0,0,,2023-24,Regular Season,2-4 Feet - Tight
203493,Reggie Bullock Jr.,1610612745,HOU,33.0,44,13,0.188,6,15,0.4,0.467,0.088,4,7,0.571,0.1,2,8,0.25,2023-24,Regular Season,2-4 Feet - Tight
203933,T.J. Warren,1610612750,MIN,30.0,11,8,0.35,10,14,0.714,0.714,0.35,10,14,0.714,0.0,0,0,,2023-24,Regular Season,2-4 Feet - Tight
1631217,Moussa Diabate,1610612746,LAC,22.0,11,7,0.737,6,14,0.429,0.429,0.737,6,14,0.429,0.0,0,0,,2023-24,Regular Season,2-4 Feet - Tight
203648,Thanasis Antetokounmpo,1610612749,MIL,31.0,34,9,0.433,7,13,0.538,0.538,0.433,7,13,0.538,0.0,0,0,,2023-24,Regular Season,2-4 Feet - Tight
1641720,Jalen Hood-Schifino,1610612747,LAL,21.0,20,9,0.31,3,13,0.231,0.231,0.31,3,13,0.231,0.0,0,0,,2023-24,Regular Season,2-4 Feet - Tight
1641753,Chris Livingston,1610612749,MIL,20.0,21,9,0.545,9,12,0.75,0.75,0.545,9,12,0.75,0.0,0,0,,2023-24,Regular Season,2-4 Feet - Tight
1630186,Jahmi'us Ramsey,1610612761,TOR,23.0,7,7,0.293,7,12,0.583,0.583,0.293,7,12,0.583,0.0,0,0,,2023-24,Regular Season,2-4 Feet - Tight
1631131,Oscar Tshiebwe,1610612754,IND,24.0,8,6,0.6,6,12,0.5,0.5,0.6,6,12,0.5,0.0,0,0,,2023-24,Regular Season,2-4 Feet - Tight
1641851,Timmy Allen,1610612763,MEM,24.0,5,5,0.522,5,12,0.417,0.417,0.478,5,11,0.455,0.043,0,1,0.0,2023-24,Regular Season,2-4 Feet - Tight
1631123,Jamaree Bouyea,1610612759,SAS,25.0,9,7,0.429,5,12,0.417,0.417,0.357,5,10,0.5,0.071,0,2,0.0,2023-24,Regular Season,2-4 Feet - Tight
1630554,Jason Preston,1610612762,UTA,24.0,7,5,0.632,3,12,0.25,0.25,0.632,3,12,0.25,0.0,0,0,,2023-24,Regular Season,2-4 Feet - Tight
1629647,Darius Bazley,1610612762,UTA,24.0,9,5,0.367,8,11,0.727,0.727,0.367,8,11,0.727,0.0,0,0,,2023-24,Regular Season,2-4 Feet - Tight
1630641,Ibou Badji,1610612757,POR,21.0,22,7,0.5,7,11,0.636,0.636,0.5,7,11,0.636,0.0,0,0,,2023-24,Regular Season,2-4 Feet - Tight
201959,Taj Gibson,1610612765,DET,39.0,20,7,0.324,7,11,0.636,0.636,0.324,7,11,0.636,0.0,0,0,,2023-24,Regular Season,2-4 Feet - Tight
200782,P.J. Tucker,1610612746,LAC,39.0,31,9,0.22,4,11,0.364,0.409,0.2,3,10,0.3,0.02,1,1,1.0,2023-24,Regular Season,2-4 Feet - Tight
1629117,Wenyen Gabriel,1610612738,BOS,27.0,5,5,0.5,4,11,0.364,0.364,0.455,4,10,0.4,0.045,0,1,0.0,2023-24,Regular Season,2-4 Feet - Tight
203925,Joe Harris,1610612765,DET,32.0,16,8,0.282,2,11,0.182,0.227,0.077,1,3,0.333,0.205,1,8,0.125,2023-24,Regular Season,2-4 Feet - Tight
1629010,Jerome Robinson,1610612744,GSW,27.0,21,7,0.303,6,10,0.6,0.6,0.273,6,9,0.667,0.03,0,1,0.0,2023-24,Regular Season,2-4 Feet - Tight
1629057,Robert Williams III,1610612757,POR,26.0,6,6,0.385,5,10,0.5,0.5,0.385,5,10,0.5,0.0,0,0,,2023-24,Regular Season,2-4 Feet - Tight
1630600,Isaiah Mobley,1610612739,CLE,24.0,10,6,0.417,5,10,0.5,0.6,0.333,3,8,0.375,0.083,2,2,1.0,2023-24,Regular Season,2-4 Feet - Tight
1630658,Colin Castleton,1610612747,LAL,24.0,16,8,0.625,5,10,0.5,0.5,0.625,5,10,0.5,0.0,0,0,,2023-24,Regular Season,2-4 Feet - Tight
1630547,James Bouknight,1610612766,CHA,23.0,14,7,0.244,4,10,0.4,0.5,0.146,2,6,0.333,0.098,2,4,0.5,2023-24,Regular Season,2-4 Feet - Tight
1630696,Dru Smith,1610612748,MIA,26.0,9,4,0.303,4,10,0.4,0.4,0.303,4,10,0.4,0.0,0,0,,2023-24,Regular Season,2-4 Feet - Tight
1630207,Nate Hinton,1610612745,HOU,25.0,15,7,0.385,3,10,0.3,0.35,0.346,2,9,0.222,0.038,1,1,1.0,2023-24,Regular Season,2-4 Feet - Tight
1631306,Cole Swider,1610612748,MIA,25.0,17,7,0.286,3,10,0.3,0.4,0.086,1,3,0.333,0.2,2,7,0.286,2023-24,Regular Season,2-4 Feet - Tight
202693,Markieff Morris,1610612742,DAL,34.0,25,8,0.152,1,10,0.1,0.1,0.152,1,10,0.1,0.0,0,0,,2023-24,Regular Season,2-4 Feet - Tight
1630564,RaiQuan Gray,1610612759,SAS,24.0,3,2,0.529,6,9,0.667,0.667,0.529,6,9,0.667,0.0,0,0,,2023-24,Regular Season,2-4 Feet - Tight
1630288,Jeff Dowtin Jr.,1610612755,PHI,27.0,11,5,0.265,5,9,0.556,0.556,0.235,5,8,0.625,0.029,0,1,0.0,2023-24,Regular Season,2-4 Feet - Tight
1631243,Mouhamed Gueye,1610612737,ATL,21.0,6,4,0.391,4,9,0.444,0.444,0.391,4,9,0.444,0.0,0,0,,2023-24,Regular Season,2-4 Feet - Tight
201577,Robin Lopez,1610612749,MIL,36.0,16,3,0.474,4,9,0.444,0.444,0.474,4,9,0.444,0.0,0,0,,2023-24,Regular Season,2-4 Feet - Tight
1641735,Amari Bailey,1610612766,CHA,20.0,10,5,0.375,4,9,0.444,0.444,0.375,4,9,0.444,0.0,0,0,,2023-24,Regular Season,2-4 Feet - Tight
1631367,Jacob Gilyard,1610612751,BKN,25.0,40,7,0.062,3,9,0.333,0.389,0.048,2,7,0.286,0.014,1,2,0.5,2023-24,Regular Season,2-4 Feet - Tight
1631205,Buddy Boeheim,1610612765,DET,24.0,10,5,0.31,3,9,0.333,0.444,0.138,1,4,0.25,0.172,2,5,0.4,2023-24,Regular Season,2-4 Feet - Tight
1631112,Kendall Brown,1610612754,IND,21.0,15,4,0.533,5,8,0.625,0.625,0.533,5,8,0.625,0.0,0,0,,2023-24,Regular Season,2-4 Feet - Tight
1631159,Leonard Miller,1610612750,MIN,20.0,17,7,0.4,5,8,0.625,0.625,0.4,5,8,0.625,0.0,0,0,,2023-24,Regular Season,2-4 Feet - Tight
203490,Otto Porter Jr.,1610612761,TOR,31.0,15,5,0.242,4,8,0.5,0.5,0.182,4,6,0.667,0.061,0,2,0.0,2023-24,Regular Season,2-4 Feet - Tight
1628424,Kobi Simmons,1610612761,TOR,26.0,4,3,0.381,4,8,0.5,0.5,0.381,4,8,0.5,0.0,0,0,,2023-24,Regular Season,2-4 Feet - Tight
1641749,Keyontae Johnson,1610612760,OKC,24.0,9,5,0.5,3,8,0.375,0.375,0.5,3,8,0.375,0.0,0,0,,2023-24,Regular Season,2-4 Feet - Tight
1630846,Olivier Sarr,1610612760,OKC,25.0,15,4,0.368,7,7,1.0,1.0,0.368,7,7,1.0,0.0,0,0,,2023-24,Regular Season,2-4 Feet - Tight
1641926,Dexter Dennis,1610612742,DAL,25.0,4,2,0.412,6,7,0.857,0.857,0.412,6,7,0.857,0.0,0,0,,2023-24,Regular Season,2-4 Feet - Tight
1631386,Taze Moore,1610612757,POR,26.0,4,2,0.368,3,7,0.429,0.429,0.368,3,7,0.429,0.0,0,0,,2023-24,Regular Season,2-4 Feet - Tight
1631102,TyTy Washington Jr.,1610612749,MIL,22.0,11,6,0.35,1,7,0.143,0.143,0.35,1,7,0.143,0.0,0,0,,2023-24,Regular Season,2-4 Feet - Tight
1631157,Ryan Rollins,1610612749,MIL,21.0,13,6,0.259,1,7,0.143,0.143,0.259,1,7,0.143,0.0,0,0,,2023-24,Regular Season,2-4 Feet - Tight
1628962,Udoka Azubuike,1610612756,PHX,24.0,16,5,0.261,5,6,0.833,0.833,0.261,5,6,0.833,0.0,0,0,,2023-24,Regular Season,2-4 Feet - Tight
1631111,Wendell Moore Jr.,1610612750,MIN,22.0,25,6,0.333,5,6,0.833,0.833,0.333,5,6,0.833,0.0,0,0,,2023-24,Regular Season,2-4 Feet - Tight
1629216,Gabe Vincent,1610612747,LAL,28.0,11,5,0.122,3,6,0.5,0.5,0.122,3,6,0.5,0.0,0,0,,2023-24,Regular Season,2-4 Feet - Tight
1641724,Jett Howard,1610612753,ORL,20.0,18,6,0.2,3,6,0.5,0.5,0.133,3,4,0.75,0.067,0,2,0.0,2023-24,Regular Season,2-4 Feet - Tight
1629308,Juan Toscano-Anderson,1610612758,SAC,31.0,11,4,0.5,2,6,0.333,0.333,0.5,2,6,0.333,0.0,0,0,,2023-24,Regular Season,2-4 Feet - Tight
1629610,DaQuan Jeffries,1610612752,NYK,26.0,17,4,0.375,2,6,0.333,0.333,0.313,2,5,0.4,0.063,0,1,0.0,2023-24,Regular Season,2-4 Feet - Tight
1630227,Daishen Nix,1610612750,MIN,22.0,15,5,0.25,1,6,0.167,0.167,0.208,1,5,0.2,0.042,0,1,0.0,2023-24,Regular Season,2-4 Feet - Tight
1630553,Keon Johnson,1610612751,BKN,22.0,4,4,0.316,1,6,0.167,0.167,0.316,1,6,0.167,0.0,0,0,,2023-24,Regular Season,2-4 Feet - Tight
1641734,Emoni Bates,1610612739,CLE,20.0,15,4,0.122,1,6,0.167,0.167,0.122,1,6,0.167,0.0,0,0,,2023-24,Regular Season,2-4 Feet - Tight
1629618,Jalen Pickett,1610612743,DEN,24.0,26,5,0.143,3,5,0.6,0.6,0.086,3,3,1.0,0.057,0,2,0.0,2023-24,Regular Season,2-4 Feet - Tight
1630561,David Duke Jr.,1610612759,SAS,24.0,4,2,0.278,3,5,0.6,0.6,0.278,3,5,0.6,0.0,0,0,,2023-24,Regular Season,2-4 Feet - Tight
1630296,Braxton Key,1610612743,DEN,27.0,20,5,0.294,3,5,0.6,0.6,0.294,3,5,0.6,0.0,0,0,,2023-24,Regular Season,2-4 Feet - Tight
201949,James Johnson,1610612754,IND,37.0,9,4,0.5,2,5,0.4,0.4,0.5,2,5,0.4,0.0,0,0,,2023-24,Regular Season,2-4 Feet - Tight
1631173,Terquavion Smith,1610612755,PHI,21.0,15,3,0.116,2,5,0.4,0.4,0.093,2,4,0.5,0.023,0,1,0.0,2023-24,Regular Season,2-4 Feet - Tight
1641788,Alex Fudge,1610612742,DAL,21.0,6,3,0.333,2,5,0.4,0.4,0.333,2,5,0.4,0.0,0,0,,2023-24,Regular Season,2-4 Feet - Tight
1641721,Maxwell Lewis,1610612747,LAL,21.0,33,5,0.294,2,5,0.4,0.4,0.294,2,5,0.4,0.0,0,0,,2023-24,Regular Season,2-4 Feet - Tight
1629678,Admiral Schofield,1610612753,ORL,27.0,23,5,0.192,1,5,0.2,0.2,0.192,1,5,0.2,0.0,0,0,,2023-24,Regular Season,2-4 Feet - Tight
1631220,Dereon Seabron,1610612740,NOP,24.0,6,3,0.385,1,5,0.2,0.2,0.385,1,5,0.2,0.0,0,0,,2023-24,Regular Season,2-4 Feet - Tight
1641793,D'Moi Hodge,1610612747,LAL,25.0,7,3,0.267,2,4,0.5,0.5,0.2,2,3,0.667,0.067,0,1,0.0,2023-24,Regular Season,2-4 Feet - Tight
1641757,Jordan Miller,1610612746,LAC,24.0,7,3,0.444,2,4,0.5,0.5,0.444,2,4,0.5,0.0,0,0,,2023-24,Regular Season,2-4 Feet - Tight
1630618,D.J. Carton,1610612761,TOR,23.0,4,3,0.5,2,4,0.5,0.5,0.5,2,4,0.5,0.0,0,0,,2023-24,Regular Season,2-4 Feet - Tight
1631257,Jermaine Samuels Jr.,1610612745,HOU,25.0,14,4,0.286,2,4,0.5,0.5,0.286,2,4,0.5,0.0,0,0,,2023-24,Regular Season,2-4 Feet - Tight
1641775,Jordan Walsh,1610612738,BOS,20.0,9,4,0.267,2,4,0.5,0.5,0.267,2,4,0.5,0.0,0,0,,2023-24,Regular Season,2-4 Feet - Tight
202738,Isaiah Thomas,1610612756,PHX,35.0,6,3,0.4,1,4,0.25,0.25,0.4,1,4,0.25,0.0,0,0,,2023-24,Regular Season,2-4 Feet - Tight
1629718,Charlie Brown Jr.,1610612752,NYK,27.0,8,2,0.4,1,4,0.25,0.375,0.3,0,3,0.0,0.1,1,1,1.0,2023-24,Regular Season,2-4 Feet - Tight
1641754,Seth Lundy,1610612737,ATL,24.0,9,3,0.235,0,4,0.0,0.0,0.118,0,2,0.0,0.118,0,2,0.0,2023-24,Regular Season,2-4 Feet - Tight
1631298,Jack White,1610612760,OKC,26.0,4,3,0.25,0,4,0.0,0.0,0.25,0,4,0.0,0.0,0,0,,2023-24,Regular Season,2-4 Feet - Tight
1630643,Jay Huff,1610612743,DEN,26.0,19,3,0.214,3,3,1.0,1.0,0.214,3,3,1.0,0.0,0,0,,2023-24,Regular Season,2-4 Feet - Tight
1628391,D.J. Wilson,1610612753,ORL,28.0,2,1,0.5,2,3,0.667,0.667,0.5,2,3,0.667,0.0,0,0,,2023-24,Regular Season,2-4 Feet - Tight
1641816,Hunter Tyson,1610612743,DEN,24.0,17,2,0.158,2,3,0.667,0.667,0.158,2,3,0.667,0.0,0,0,,2023-24,Regular Season,2-4 Feet - Tight
1629603,Mamadi Diakite,1610612752,NYK,27.0,6,2,0.5,2,3,0.667,0.667,0.5,2,3,0.667,0.0,0,0,,2023-24,Regular Season,2-4 Feet - Tight
1630535,Greg Brown III,1610612742,DAL,22.0,6,2,0.375,1,3,0.333,0.333,0.375,1,3,0.333,0.0,0,0,,2023-24,Regular Season,2-4 Feet - Tight
1631167,Izaiah Brockington,1610612740,NOP,24.0,1,1,0.6,0,3,0.0,0.0,0.4,0,2,0.0,0.2,0,1,0.0,2023-24,Regular Season,2-4 Feet - Tight
1631250,Pete Nance,1610612739,CLE,24.0,8,2,0.5,0,3,0.0,0.0,0.5,0,3,0.0,0.0,0,0,,2023-24,Regular Season,2-4 Feet - Tight
1630311,Pat Spencer,1610612744,GSW,27.0,5,2,0.5,2,2,1.0,1.0,0.5,2,2,1.0,0.0,0,0,,2023-24,Regular Season,2-4 Feet - Tight
1631214,Alondes Williams,1610612748,MIA,25.0,7,2,0.25,2,2,1.0,1.0,0.25,2,2,1.0,0.0,0,0,,2023-24,Regular Season,2-4 Feet - Tight
1629623,Lindell Wigginton,1610612749,MIL,26.0,3,1,0.4,2,2,1.0,1.0,0.4,2,2,1.0,0.0,0,0,,2023-24,Regular Season,2-4 Feet - Tight
1641771,Jalen Slawson,1610612758,SAC,24.0,12,2,0.333,1,2,0.5,0.5,0.167,1,1,1.0,0.167,0,1,0.0,2023-24,Regular Season,2-4 Feet - Tight
1630259,Jordan Ford,1610612758,SAC,26.0,6,2,0.286,1,2,0.5,0.5,0.286,1,2,0.5,0.0,0,0,,2023-24,Regular Season,2-4 Feet - Tight
1631120,JD Davison,1610612738,BOS,21.0,7,2,0.167,1,2,0.5,0.5,0.167,1,2,0.5,0.0,0,0,,2023-24,Regular Season,2-4 Feet - Tight
1629685,Dylan Windler,1610612737,ATL,27.0,17,2,0.067,0,2,0.0,0.0,0.033,0,1,0.0,0.033,0,1,0.0,2023-24,Regular Season,2-4 Feet - Tight
1630688,Ish Wainright,1610612756,PHX,29.0,11,2,0.083,0,2,0.0,0.0,0.083,0,2,0.0,0.0,0,0,,2023-24,Regular Season,2-4 Feet - Tight
1630586,Usman Garuba,1610612744,GSW,22.0,6,2,0.333,0,2,0.0,0.0,0.333,0,2,0.0,0.0,0,0,,2023-24,Regular Season,2-4 Feet - Tight
1628977,Hamidou Diallo,1610612764,WAS,25.0,2,1,0.5,1,1,1.0,1.0,0.5,1,1,1.0,0.0,0,0,,2023-24,Regular Season,2-4 Feet - Tight
1630929,Henri Drell,1610612741,CHI,24.0,4,1,0.1,1,1,1.0,1.0,0.1,1,1,1.0,0.0,0,0,,2023-24,Regular Season,2-4 Feet - Tight
1631210,Jacob Toppin,1610612752,NYK,24.0,9,1,0.111,1,1,1.0,1.0,0.111,1,1,1.0,0.0,0,0,,2023-24,Regular Season,2-4 Feet - Tight
1630604,E.J. Liddell,1610612740,NOP,23.0,8,1,0.167,1,1,1.0,1.0,0.167,1,1,1.0,0.0,0,0,,2023-24,Regular Season,2-4 Feet - Tight
1641847,Andrew Funk,1610612741,CHI,24.0,5,1,0.25,0,1,0.0,0.0,0.25,0,1,0.0,0.0,0,0,,2023-24,Regular Season,2-4 Feet - Tight
1630284,Kevon Harris,1610612753,ORL,27.0,2,1,0.333,0,1,0.0,0.0,0.333,0,1,0.0,0.0,0,0,,2023-24,Regular Season,2-4 Feet - Tight
1641745,Adam Flagler,1610612760,OKC,24.0,2,1,0.143,0,1,0.0,0.0,0.143,0,1,0.0,0.0,0,0,,2023-24,Regular Season,2-4 Feet - Tight
1627885,Shaquille Harrison,1610612763,MEM,30.0,3,1,0.5,0,1,0.0,0.0,0.5,0,1,0.0,0.0,0,0,,2023-24,Regular Season,2-4 Feet - Tight
1641806,Markquis Nowell,1610612761,TOR,24.0,1,1,1.0,0,1,0.0,0.0,1.0,0,1,0.0,0.0,0,0,,2023-24,Regular Season,2-4 Feet - Tight
1630563,Joshua Primo,1610612746,LAC,21.0,2,1,1.0,0,1,0.0,0.0,1.0,0,1,0.0,0.0,0,0,,2023-24,Regular Season,2-4 Feet - Tight
1630622,Jalen Crutcher,1610612740,NOP,24.0,1,1,1.0,0,1,0.0,0.0,1.0,0,1,0.0,0.0,0,0,,2023-24,Regular Season,2-4 Feet - Tight
1630222,Mason Jones,1610612758,SAC,25.0,5,1,0.125,0,1,0.0,0.0,0.125,0,1,0.0,0.0,0,0,,2023-24,Regular Season,2-4 Feet - Tight
201980,Danny Green,1610612755,PHI,37.0,2,1,0.5,0,1,0.0,0.0,0.5,0,1,0.0,0.0,0,0,,2023-24,Regular Season,2-4 Feet - Tight
1631245,Quenton Jackson,1610612754,IND,25.0,3,1,1.0,0,1,0.0,0.0,1.0,0,1,0.0,0.0,0,0,,2023-24,Regular Season,2-4 Feet - Tight
1631209,Isaiah Wong,1610612754,IND,23.0,1,1,0.333,0,1,0.0,0.0,0.333,0,1,0.0,0.0,0,0,,2023-24,Regular Season,2-4 Feet - Tight
1629029,Luka Doncic,1610612742,DAL,25.0,69,69,0.482,348,784,0.444,0.562,0.181,163,294,0.554,0.301,185,490,0.378,2023-24,Regular Season,4-6 Feet - Open
1628368,De'Aaron Fox,1610612758,SAC,26.0,74,74,0.387,263,598,0.44,0.533,0.188,151,290,0.521,0.199,112,308,0.364,2023-24,Regular Season,4-6 Feet - Open
1628973,Jalen Brunson,1610612752,NYK,27.0,77,76,0.363,277,596,0.465,0.563,0.187,160,307,0.521,0.176,117,289,0.405,2023-24,Regular Season,4-6 Feet - Open
1630162,Anthony Edwards,1610612750,MIN,22.0,79,78,0.381,250,593,0.422,0.51,0.189,145,295,0.492,0.191,105,298,0.352,2023-24,Regular Season,4-6 Feet - Open
201939,Stephen Curry,1610612744,GSW,36.0,74,74,0.414,249,586,0.425,0.578,0.098,70,138,0.507,0.317,179,448,0.4,2023-24,Regular Season,4-6 Feet - Open
1628969,Mikal Bridges,1610612751,BKN,27.0,79,79,0.417,221,523,0.423,0.527,0.187,112,234,0.479,0.231,109,289,0.377,2023-24,Regular Season,4-6 Feet - Open
1627749,Dejounte Murray,1610612737,ATL,27.0,78,78,0.345,230,502,0.458,0.555,0.155,133,226,0.588,0.19,97,276,0.351,2023-24,Regular Season,4-6 Feet - Open
1630224,Jalen Green,1610612745,HOU,22.0,82,82,0.37,211,490,0.431,0.548,0.137,96,181,0.53,0.233,115,309,0.372,2023-24,Regular Season,4-6 Feet - Open
202331,Paul George,1610612746,LAC,34.0,73,73,0.402,224,487,0.46,0.581,0.168,106,203,0.522,0.235,118,284,0.415,2023-24,Regular Season,4-6 Feet - Open
1628983,Shai Gilgeous-Alexander,1610612760,OKC,25.0,75,75,0.326,251,485,0.518,0.542,0.276,227,411,0.552,0.05,24,74,0.324,2023-24,Regular Season,4-6 Feet - Open
1628369,Jayson Tatum,1610612738,BOS,26.0,73,73,0.347,204,485,0.421,0.544,0.124,84,173,0.486,0.223,120,312,0.385,2023-24,Regular Season,4-6 Feet - Open
1628398,Kyle Kuzma,1610612764,WAS,28.0,70,70,0.362,195,474,0.411,0.498,0.17,113,222,0.509,0.193,82,252,0.325,2023-24,Regular Season,4-6 Feet - Open
1631094,Paolo Banchero,1610612753,ORL,21.0,80,80,0.328,204,462,0.442,0.499,0.214,151,301,0.502,0.114,53,161,0.329,2023-24,Regular Season,4-6 Feet - Open
2544,LeBron James,1610612747,LAL,39.0,70,70,0.358,210,442,0.475,0.564,0.191,131,236,0.555,0.167,79,206,0.383,2023-24,Regular Season,4-6 Feet - Open
1630178,Tyrese Maxey,1610612755,PHI,23.0,69,69,0.308,182,430,0.423,0.524,0.139,95,194,0.49,0.169,87,236,0.369,2023-24,Regular Season,4-6 Feet - Open
203081,Damian Lillard,1610612749,MIL,33.0,73,73,0.336,178,429,0.415,0.52,0.135,88,172,0.512,0.202,90,257,0.35,2023-24,Regular Season,4-6 Feet - Open
202691,Klay Thompson,1610612744,GSW,34.0,76,75,0.382,181,418,0.433,0.567,0.121,69,132,0.523,0.261,112,286,0.392,2023-24,Regular Season,4-6 Feet - Open
1628378,Donovan Mitchell,1610612739,CLE,27.0,55,55,0.383,198,417,0.475,0.596,0.153,97,167,0.581,0.23,101,250,0.404,2023-24,Regular Season,4-6 Feet - Open
1627759,Jaylen Brown,1610612738,BOS,27.0,69,69,0.336,200,415,0.482,0.587,0.159,113,196,0.577,0.177,87,219,0.397,2023-24,Regular Season,4-6 Feet - Open
1626164,Devin Booker,1610612756,PHX,27.0,67,67,0.322,206,412,0.5,0.572,0.181,147,232,0.634,0.141,59,180,0.328,2023-24,Regular Season,4-6 Feet - Open
202681,Kyrie Irving,1610612742,DAL,32.0,57,57,0.365,192,406,0.473,0.564,0.185,118,206,0.573,0.18,74,200,0.37,2023-24,Regular Season,4-6 Feet - Open
1630560,Cam Thomas,1610612751,BKN,22.0,63,63,0.352,182,399,0.456,0.544,0.187,112,212,0.528,0.165,70,187,0.374,2023-24,Regular Season,4-6 Feet - Open
202695,Kawhi Leonard,1610612746,LAC,33.0,67,67,0.349,194,397,0.489,0.562,0.216,136,246,0.553,0.133,58,151,0.384,2023-24,Regular Season,4-6 Feet - Open
201142,Kevin Durant,1610612756,PHX,35.0,74,73,0.279,212,393,0.539,0.622,0.167,147,236,0.623,0.111,65,157,0.414,2023-24,Regular Season,4-6 Feet - Open
1626156,D'Angelo Russell,1610612747,LAL,28.0,75,74,0.372,172,392,0.439,0.577,0.128,64,135,0.474,0.244,108,257,0.42,2023-24,Regular Season,4-6 Feet - Open
1627832,Fred VanVleet,1610612745,HOU,30.0,73,73,0.385,161,391,0.412,0.526,0.139,72,141,0.511,0.246,89,250,0.356,2023-24,Regular Season,4-6 Feet - Open
1630170,Devin Vassell,1610612759,SAS,23.0,68,68,0.367,172,387,0.444,0.537,0.181,100,191,0.524,0.186,72,196,0.367,2023-24,Regular Season,4-6 Feet - Open
203992,Bogdan Bogdanović,1610612737,ATL,31.0,79,78,0.351,171,385,0.444,0.587,0.097,61,106,0.575,0.255,110,279,0.394,2023-24,Regular Season,4-6 Feet - Open
1641705,Victor Wembanyama,1610612759,SAS,20.0,71,71,0.316,162,374,0.433,0.508,0.168,106,198,0.535,0.149,56,176,0.318,2023-24,Regular Season,4-6 Feet - Open
1627750,Jamal Murray,1610612743,DEN,27.0,57,55,0.39,181,369,0.491,0.583,0.224,113,212,0.533,0.166,68,157,0.433,2023-24,Regular Season,4-6 Feet - Open
1628970,Miles Bridges,1610612766,CHA,26.0,68,68,0.307,156,367,0.425,0.515,0.151,90,180,0.5,0.156,66,187,0.353,2023-24,Regular Season,4-6 Feet - Open
1629632,Coby White,1610612741,CHI,24.0,78,76,0.303,146,359,0.407,0.496,0.15,82,178,0.461,0.153,64,181,0.354,2023-24,Regular Season,4-6 Feet - Open
1626179,Terry Rozier,1610612748,MIA,30.0,61,61,0.358,157,357,0.44,0.534,0.165,90,165,0.545,0.192,67,192,0.349,2023-24,Regular Season,4-6 Feet - Open
203468,CJ McCollum,1610612740,NOP,32.0,65,65,0.336,161,350,0.46,0.599,0.114,64,119,0.538,0.222,97,231,0.42,2023-24,Regular Season,4-6 Feet - Open
201942,DeMar DeRozan,1610612741,CHI,34.0,78,76,0.263,158,350,0.451,0.503,0.187,122,249,0.49,0.076,36,101,0.356,2023-24,Regular Season,4-6 Feet - Open
1629008,Michael Porter Jr.,1610612743,DEN,26.0,79,78,0.33,164,348,0.471,0.588,0.134,83,142,0.585,0.195,81,206,0.393,2023-24,Regular Season,4-6 Feet - Open
1629012,Collin Sexton,1610612762,UTA,25.0,77,75,0.336,153,343,0.446,0.554,0.15,79,153,0.516,0.186,74,190,0.389,2023-24,Regular Season,4-6 Feet - Open
203501,Tim Hardaway Jr.,1610612742,DAL,32.0,78,77,0.361,117,343,0.341,0.456,0.099,38,94,0.404,0.262,79,249,0.317,2023-24,Regular Season,4-6 Feet - Open
1626171,Bobby Portis,1610612749,MIL,29.0,82,81,0.373,160,342,0.468,0.534,0.243,115,223,0.516,0.13,45,119,0.378,2023-24,Regular Season,4-6 Feet - Open
1641706,Brandon Miller,1610612766,CHA,21.0,73,73,0.32,157,340,0.462,0.557,0.142,92,151,0.609,0.178,65,189,0.344,2023-24,Regular Season,4-6 Feet - Open
1629673,Jordan Poole,1610612764,WAS,25.0,78,75,0.287,125,340,0.368,0.44,0.131,76,155,0.49,0.156,49,185,0.265,2023-24,Regular Season,4-6 Feet - Open
1628389,Bam Adebayo,1610612748,MIA,26.0,70,70,0.336,168,335,0.501,0.504,0.331,166,330,0.503,0.005,2,5,0.4,2023-24,Regular Season,4-6 Feet - Open
1628978,Donte DiVincenzo,1610612752,NYK,27.0,81,76,0.332,135,331,0.408,0.568,0.052,29,52,0.558,0.28,106,279,0.38,2023-24,Regular Season,4-6 Feet - Open
1627742,Brandon Ingram,1610612740,NOP,26.0,63,63,0.321,168,322,0.522,0.592,0.216,123,217,0.567,0.105,45,105,0.429,2023-24,Regular Season,4-6 Feet - Open
1627783,Pascal Siakam,1610612754,IND,30.0,80,79,0.243,162,309,0.524,0.552,0.197,145,250,0.58,0.046,17,59,0.288,2023-24,Regular Season,4-6 Feet - Open
203471,Dennis Schröder,1610612751,BKN,30.0,79,76,0.336,140,307,0.456,0.559,0.164,77,150,0.513,0.172,63,157,0.401,2023-24,Regular Season,4-6 Feet - Open
203999,Nikola Jokić,1610612743,DEN,29.0,77,73,0.221,166,305,0.544,0.593,0.154,136,212,0.642,0.067,30,93,0.323,2023-24,Regular Season,4-6 Feet - Open
203954,Joel Embiid,1610612755,PHI,30.0,39,39,0.358,161,305,0.528,0.556,0.295,144,251,0.574,0.063,17,54,0.315,2023-24,Regular Season,4-6 Feet - Open
1629018,Gary Trent Jr.,1610612761,TOR,25.0,70,68,0.372,102,305,0.334,0.418,0.162,51,133,0.383,0.21,51,172,0.297,2023-24,Regular Season,4-6 Feet - Open
1628374,Lauri Markkanen,1610612762,UTA,27.0,55,55,0.342,133,304,0.438,0.566,0.11,55,98,0.561,0.231,78,206,0.379,2023-24,Regular Season,4-6 Feet - Open
1631114,Jalen Williams,1610612760,OKC,23.0,71,69,0.303,154,301,0.512,0.553,0.224,129,222,0.581,0.08,25,79,0.316,2023-24,Regular Season,4-6 Feet - Open
1630169,Tyrese Haliburton,1610612754,IND,24.0,69,69,0.286,132,299,0.441,0.525,0.127,82,133,0.617,0.159,50,166,0.301,2023-24,Regular Season,4-6 Feet - Open
1631099,Keegan Murray,1610612758,SAC,23.0,77,77,0.307,115,297,0.387,0.47,0.135,66,131,0.504,0.171,49,166,0.295,2023-24,Regular Season,4-6 Feet - Open
1630595,Cade Cunningham,1610612765,DET,22.0,61,60,0.257,131,294,0.446,0.488,0.172,106,197,0.538,0.085,25,97,0.258,2023-24,Regular Season,4-6 Feet - Open
1629014,Anfernee Simons,1610612757,POR,25.0,45,45,0.352,122,288,0.424,0.559,0.116,44,95,0.463,0.236,78,193,0.404,2023-24,Regular Season,4-6 Feet - Open
1631095,Jabari Smith Jr.,1610612745,HOU,21.0,76,74,0.345,113,285,0.396,0.511,0.11,48,91,0.527,0.235,65,194,0.335,2023-24,Regular Season,4-6 Feet - Open
203076,Anthony Davis,1610612747,LAL,31.0,75,72,0.226,150,282,0.532,0.553,0.202,138,253,0.545,0.023,12,29,0.414,2023-24,Regular Season,4-6 Feet - Open
201935,James Harden,1610612746,LAC,34.0,71,71,0.346,118,280,0.421,0.575,0.074,32,60,0.533,0.272,86,220,0.391,2023-24,Regular Season,4-6 Feet - Open
203507,Giannis Antetokounmpo,1610612749,MIL,29.0,73,69,0.202,155,277,0.56,0.567,0.188,151,257,0.588,0.015,4,20,0.2,2023-24,Regular Season,4-6 Feet - Open
1627736,Malik Beasley,1610612749,MIL,27.0,79,78,0.384,124,277,0.448,0.623,0.06,27,43,0.628,0.324,97,234,0.415,2023-24,Regular Season,4-6 Feet - Open
1628370,Malik Monk,1610612758,SAC,26.0,72,66,0.302,118,269,0.439,0.541,0.123,63,110,0.573,0.178,55,159,0.346,2023-24,Regular Season,4-6 Feet - Open
1641718,Keyonte George,1610612762,UTA,20.0,74,71,0.335,90,267,0.337,0.449,0.085,30,68,0.441,0.249,60,199,0.302,2023-24,Regular Season,4-6 Feet - Open
203903,Jordan Clarkson,1610612762,UTA,32.0,54,53,0.33,124,263,0.471,0.553,0.164,81,131,0.618,0.165,43,132,0.326,2023-24,Regular Season,4-6 Feet - Open
1628401,Derrick White,1610612738,BOS,29.0,72,69,0.312,120,259,0.463,0.61,0.083,44,69,0.638,0.229,76,190,0.4,2023-24,Regular Season,4-6 Feet - Open
202699,Tobias Harris,1610612755,PHI,31.0,69,65,0.276,133,258,0.516,0.578,0.171,101,160,0.631,0.105,32,98,0.327,2023-24,Regular Season,4-6 Feet - Open
1629023,P.J. Washington,1610612742,DAL,25.0,72,70,0.32,102,258,0.395,0.483,0.118,57,95,0.6,0.202,45,163,0.276,2023-24,Regular Season,4-6 Feet - Open
1629027,Trae Young,1610612737,ATL,25.0,54,54,0.256,111,256,0.434,0.502,0.144,76,144,0.528,0.112,35,112,0.313,2023-24,Regular Season,4-6 Feet - Open
203944,Julius Randle,1610612752,NYK,29.0,46,46,0.307,114,254,0.449,0.537,0.146,69,121,0.57,0.161,45,133,0.338,2023-24,Regular Season,4-6 Feet - Open
1626157,Karl-Anthony Towns,1610612750,MIN,28.0,62,61,0.266,113,253,0.447,0.545,0.111,63,106,0.594,0.155,50,147,0.34,2023-24,Regular Season,4-6 Feet - Open
1630567,Scottie Barnes,1610612761,TOR,22.0,60,59,0.267,108,251,0.43,0.502,0.131,72,123,0.585,0.136,36,128,0.281,2023-24,Regular Season,4-6 Feet - Open
1626162,Kelly Oubre Jr.,1610612755,PHI,28.0,67,66,0.289,95,251,0.378,0.474,0.094,47,82,0.573,0.195,48,169,0.284,2023-24,Regular Season,4-6 Feet - Open
1630559,Austin Reaves,1610612747,LAL,26.0,81,78,0.273,109,250,0.436,0.504,0.146,75,134,0.56,0.126,34,116,0.293,2023-24,Regular Season,4-6 Feet - Open
1627747,Caris LeVert,1610612739,CLE,29.0,68,67,0.304,103,249,0.414,0.5,0.141,60,116,0.517,0.162,43,133,0.323,2023-24,Regular Season,4-6 Feet - Open
203114,Khris Middleton,1610612749,MIL,32.0,55,53,0.386,124,248,0.5,0.589,0.204,80,131,0.611,0.182,44,117,0.376,2023-24,Regular Season,4-6 Feet - Open
1629631,De'Andre Hunter,1610612737,ATL,26.0,57,57,0.373,105,246,0.427,0.543,0.135,48,89,0.539,0.238,57,157,0.363,2023-24,Regular Season,4-6 Feet - Open
202696,Nikola Vucevic,1610612741,CHI,33.0,75,71,0.207,124,245,0.506,0.516,0.184,119,217,0.548,0.024,5,28,0.179,2023-24,Regular Season,4-6 Feet - Open
1629028,Deandre Ayton,1610612757,POR,25.0,54,54,0.333,139,241,0.577,0.577,0.333,139,241,0.577,0.0,0,0,,2023-24,Regular Season,4-6 Feet - Open
1630175,Cole Anthony,1610612753,ORL,24.0,81,79,0.316,102,241,0.423,0.496,0.193,67,147,0.456,0.123,35,94,0.372,2023-24,Regular Season,4-6 Feet - Open
1630557,Corey Kispert,1610612764,WAS,25.0,80,72,0.306,93,240,0.388,0.517,0.062,31,49,0.633,0.243,62,191,0.325,2023-24,Regular Season,4-6 Feet - Open
203924,Jerami Grant,1610612757,POR,30.0,54,54,0.281,106,239,0.444,0.552,0.124,54,105,0.514,0.158,52,134,0.388,2023-24,Regular Season,4-6 Feet - Open
1629639,Tyler Herro,1610612748,MIA,24.0,41,41,0.332,98,239,0.41,0.513,0.133,49,96,0.51,0.199,49,143,0.343,2023-24,Regular Season,4-6 Feet - Open
1629622,Max Strus,1610612739,CLE,28.0,70,68,0.329,95,239,0.397,0.559,0.037,18,27,0.667,0.292,77,212,0.363,2023-24,Regular Season,4-6 Feet - Open
1630217,Desmond Bane,1610612763,MEM,26.0,42,42,0.307,104,238,0.437,0.574,0.098,39,76,0.513,0.209,65,162,0.401,2023-24,Regular Season,4-6 Feet - Open
1630202,Payton Pritchard,1610612738,BOS,26.0,81,75,0.377,104,237,0.439,0.559,0.129,47,81,0.58,0.248,57,156,0.365,2023-24,Regular Season,4-6 Feet - Open
202704,Reggie Jackson,1610612743,DEN,34.0,80,76,0.321,101,236,0.428,0.534,0.139,51,102,0.5,0.182,50,134,0.373,2023-24,Regular Season,4-6 Feet - Open
1627741,Buddy Hield,1610612755,PHI,31.0,83,78,0.281,88,234,0.376,0.498,0.066,31,55,0.564,0.215,57,179,0.318,2023-24,Regular Season,4-6 Feet - Open
1631096,Chet Holmgren,1610612760,OKC,22.0,82,75,0.244,127,233,0.545,0.637,0.125,84,119,0.706,0.12,43,114,0.377,2023-24,Regular Season,4-6 Feet - Open
1629636,Darius Garland,1610612739,CLE,24.0,57,54,0.274,104,230,0.452,0.533,0.139,67,117,0.573,0.135,37,113,0.327,2023-24,Regular Season,4-6 Feet - Open
1629652,Luguentz Dort,1610612760,OKC,25.0,79,74,0.344,86,226,0.381,0.493,0.114,35,75,0.467,0.23,51,151,0.338,2023-24,Regular Season,4-6 Feet - Open
202711,Bojan Bogdanovic,1610612752,NYK,35.0,57,56,0.33,105,225,0.467,0.598,0.12,46,82,0.561,0.21,59,143,0.413,2023-24,Regular Season,4-6 Feet - Open
1629130,Duncan Robinson,1610612748,MIA,30.0,67,63,0.336,99,224,0.442,0.621,0.04,19,27,0.704,0.295,80,197,0.406,2023-24,Regular Season,4-6 Feet - Open
203952,Andrew Wiggins,1610612744,GSW,29.0,70,66,0.296,96,224,0.429,0.513,0.155,58,117,0.496,0.142,38,107,0.355,2023-24,Regular Season,4-6 Feet - Open
1626181,Norman Powell,1610612746,LAC,31.0,75,70,0.294,108,220,0.491,0.641,0.105,42,79,0.532,0.188,66,141,0.468,2023-24,Regular Season,4-6 Feet - Open
1630532,Franz Wagner,1610612753,ORL,22.0,72,69,0.2,96,219,0.438,0.505,0.097,67,106,0.632,0.103,29,113,0.257,2023-24,Regular Season,4-6 Feet - Open
1630703,Scoot Henderson,1610612757,POR,20.0,61,56,0.278,92,218,0.422,0.489,0.168,63,132,0.477,0.11,29,86,0.337,2023-24,Regular Season,4-6 Feet - Open
1631093,Jaden Ivey,1610612765,DET,22.0,76,67,0.226,101,215,0.47,0.53,0.15,75,143,0.524,0.076,26,72,0.361,2023-24,Regular Season,4-6 Feet - Open
1629640,Keldon Johnson,1610612759,SAS,24.0,68,63,0.254,91,214,0.425,0.542,0.07,41,59,0.695,0.184,50,155,0.323,2023-24,Regular Season,4-6 Feet - Open
203084,Harrison Barnes,1610612758,SAC,32.0,82,70,0.292,96,211,0.455,0.557,0.101,53,73,0.726,0.191,43,138,0.312,2023-24,Regular Season,4-6 Feet - Open
1628415,Dillon Brooks,1610612745,HOU,28.0,72,68,0.275,93,211,0.441,0.557,0.109,44,84,0.524,0.165,49,127,0.386,2023-24,Regular Season,4-6 Feet - Open
1630530,Trey Murphy III,1610612740,NOP,24.0,56,53,0.347,92,211,0.436,0.588,0.064,28,39,0.718,0.283,64,172,0.372,2023-24,Regular Season,4-6 Feet - Open
1630193,Immanuel Quickley,1610612761,TOR,25.0,67,64,0.244,90,211,0.427,0.498,0.14,60,121,0.496,0.104,30,90,0.333,2023-24,Regular Season,4-6 Feet - Open
1630166,Deni Avdija,1610612764,WAS,23.0,75,70,0.259,102,207,0.493,0.551,0.155,78,124,0.629,0.104,24,83,0.289,2023-24,Regular Season,4-6 Feet - Open
1628989,Kevin Huerter,1610612758,SAC,25.0,64,58,0.37,87,206,0.422,0.553,0.102,33,57,0.579,0.268,54,149,0.362,2023-24,Regular Season,4-6 Feet - Open
1630198,Isaiah Joe,1610612760,OKC,24.0,78,72,0.423,91,205,0.444,0.607,0.097,24,47,0.511,0.326,67,158,0.424,2023-24,Regular Season,4-6 Feet - Open
201572,Brook Lopez,1610612749,MIL,36.0,79,70,0.27,84,204,0.412,0.512,0.098,43,74,0.581,0.172,41,130,0.315,2023-24,Regular Season,4-6 Feet - Open
1629060,Rui Hachimura,1610612747,LAL,26.0,67,63,0.307,99,203,0.488,0.594,0.156,56,103,0.544,0.151,43,100,0.43,2023-24,Regular Season,4-6 Feet - Open
101108,Chris Paul,1610612744,GSW,39.0,57,56,0.443,96,203,0.473,0.562,0.247,60,113,0.531,0.197,36,90,0.4,2023-24,Regular Season,4-6 Feet - Open
202692,Alec Burks,1610612752,NYK,32.0,66,65,0.357,92,203,0.453,0.603,0.112,31,64,0.484,0.244,61,139,0.439,2023-24,Regular Season,4-6 Feet - Open
1629661,Cameron Johnson,1610612751,BKN,28.0,57,55,0.333,86,203,0.424,0.559,0.099,31,60,0.517,0.235,55,143,0.385,2023-24,Regular Season,4-6 Feet - Open
1630591,Jalen Suggs,1610612753,ORL,23.0,75,65,0.283,92,202,0.455,0.554,0.127,52,91,0.571,0.155,40,111,0.36,2023-24,Regular Season,4-6 Feet - Open
201950,Jrue Holiday,1610612738,BOS,34.0,68,66,0.292,98,199,0.492,0.598,0.152,56,104,0.538,0.139,42,95,0.442,2023-24,Regular Season,4-6 Feet - Open
203078,Bradley Beal,1610612756,PHX,31.0,51,49,0.283,97,197,0.492,0.584,0.174,61,121,0.504,0.109,36,76,0.474,2023-24,Regular Season,4-6 Feet - Open
1631097,Bennedict Mathurin,1610612754,IND,22.0,59,58,0.297,87,197,0.442,0.538,0.125,49,83,0.59,0.172,38,114,0.333,2023-24,Regular Season,4-6 Feet - Open
1627777,Georges Niang,1610612739,CLE,31.0,82,78,0.312,87,197,0.442,0.574,0.082,35,52,0.673,0.229,52,145,0.359,2023-24,Regular Season,4-6 Feet - Open
1628997,Caleb Martin,1610612748,MIA,28.0,64,61,0.352,78,197,0.396,0.492,0.14,40,78,0.513,0.213,38,119,0.319,2023-24,Regular Season,4-6 Feet - Open
1626145,Tyus Jones,1610612764,WAS,28.0,66,63,0.295,100,196,0.51,0.592,0.165,68,110,0.618,0.129,32,86,0.372,2023-24,Regular Season,4-6 Feet - Open
1628404,Josh Hart,1610612752,NYK,29.0,81,71,0.285,76,194,0.392,0.454,0.157,52,107,0.486,0.128,24,87,0.276,2023-24,Regular Season,4-6 Feet - Open
203915,Spencer Dinwiddie,1610612747,LAL,31.0,75,65,0.308,63,193,0.326,0.453,0.056,14,35,0.4,0.252,49,158,0.31,2023-24,Regular Season,4-6 Feet - Open
1630573,Sam Hauser,1610612738,BOS,26.0,78,72,0.347,90,192,0.469,0.659,0.038,17,21,0.81,0.309,73,171,0.427,2023-24,Regular Season,4-6 Feet - Open
1630583,Santi Aldama,1610612763,MEM,23.0,61,58,0.335,74,190,0.389,0.495,0.116,34,66,0.515,0.218,40,124,0.323,2023-24,Regular Season,4-6 Feet - Open
1629675,Naz Reid,1610612750,MIN,24.0,81,72,0.221,90,188,0.479,0.633,0.054,32,46,0.696,0.167,58,142,0.408,2023-24,Regular Season,4-6 Feet - Open
204456,T.J. McConnell,1610612754,IND,32.0,71,64,0.315,98,187,0.524,0.532,0.302,95,179,0.531,0.013,3,8,0.375,2023-24,Regular Season,4-6 Feet - Open
1628384,OG Anunoby,1610612752,NYK,26.0,50,50,0.319,85,184,0.462,0.565,0.12,47,69,0.681,0.199,38,115,0.33,2023-24,Regular Season,4-6 Feet - Open
1630702,Jaden Hardy,1610612742,DAL,21.0,72,64,0.386,74,183,0.404,0.511,0.156,35,74,0.473,0.23,39,109,0.358,2023-24,Regular Season,4-6 Feet - Open
1626167,Myles Turner,1610612754,IND,28.0,77,70,0.199,95,180,0.528,0.586,0.119,74,108,0.685,0.079,21,72,0.292,2023-24,Regular Season,4-6 Feet - Open
1630228,Jonathan Kuminga,1610612744,GSW,21.0,73,66,0.214,90,177,0.508,0.542,0.164,78,136,0.574,0.049,12,41,0.293,2023-24,Regular Season,4-6 Feet - Open
204001,Kristaps Porziņģis,1610612738,BOS,28.0,57,55,0.235,79,177,0.446,0.562,0.078,38,59,0.644,0.157,41,118,0.347,2023-24,Regular Season,4-6 Feet - Open
203484,Kentavious Caldwell-Pope,1610612743,DEN,31.0,74,68,0.31,73,177,0.412,0.511,0.121,38,69,0.551,0.189,35,108,0.324,2023-24,Regular Season,4-6 Feet - Open
1628971,Bruce Brown,1610612761,TOR,27.0,67,64,0.305,91,176,0.517,0.611,0.156,58,90,0.644,0.149,33,86,0.384,2023-24,Regular Season,4-6 Feet - Open
1629628,RJ Barrett,1610612761,TOR,24.0,58,57,0.2,78,174,0.448,0.514,0.108,55,94,0.585,0.092,23,80,0.288,2023-24,Regular Season,4-6 Feet - Open
201144,Mike Conley,1610612750,MIN,36.0,76,69,0.27,71,174,0.408,0.534,0.101,27,65,0.415,0.169,44,109,0.404,2023-24,Regular Season,4-6 Feet - Open
1630174,Aaron Nesmith,1610612754,IND,24.0,72,65,0.274,83,173,0.48,0.607,0.092,39,58,0.672,0.182,44,115,0.383,2023-24,Regular Season,4-6 Feet - Open
1630540,Miles McBride,1610612752,NYK,23.0,68,52,0.384,79,173,0.457,0.607,0.109,27,49,0.551,0.276,52,124,0.419,2023-24,Regular Season,4-6 Feet - Open
1631204,Marcus Sasser,1610612765,DET,23.0,70,57,0.343,83,172,0.483,0.587,0.177,47,89,0.528,0.165,36,83,0.434,2023-24,Regular Season,4-6 Feet - Open
1629022,Lonnie Walker IV,1610612751,BKN,25.0,57,51,0.361,63,172,0.366,0.491,0.101,20,48,0.417,0.26,43,124,0.347,2023-24,Regular Season,4-6 Feet - Open
1630578,Alperen Sengun,1610612745,HOU,21.0,63,61,0.174,97,171,0.567,0.57,0.165,96,162,0.593,0.009,1,9,0.111,2023-24,Regular Season,4-6 Feet - Open
1630183,Jaden McDaniels,1610612750,MIN,23.0,72,64,0.272,79,171,0.462,0.561,0.123,45,77,0.584,0.15,34,94,0.362,2023-24,Regular Season,4-6 Feet - Open
202710,Jimmy Butler III,1610612748,MIA,34.0,60,57,0.214,83,169,0.491,0.538,0.143,67,113,0.593,0.071,16,56,0.286,2023-24,Regular Season,4-6 Feet - Open
1641713,GG Jackson,1610612763,MEM,19.0,48,44,0.295,68,166,0.41,0.536,0.085,26,48,0.542,0.21,42,118,0.356,2023-24,Regular Season,4-6 Feet - Open
201566,Russell Westbrook,1610612746,LAC,35.0,68,57,0.249,75,164,0.457,0.494,0.182,63,120,0.525,0.067,12,44,0.273,2023-24,Regular Season,4-6 Feet - Open
1629684,Grant Williams,1610612766,CHA,25.0,75,64,0.272,67,163,0.411,0.503,0.112,37,67,0.552,0.16,30,96,0.313,2023-24,Regular Season,4-6 Feet - Open
1641715,Cam Whitmore,1610612745,HOU,19.0,47,43,0.34,62,159,0.39,0.5,0.103,27,48,0.563,0.238,35,111,0.315,2023-24,Regular Season,4-6 Feet - Open
1627734,Domantas Sabonis,1610612758,SAC,28.0,82,74,0.148,109,158,0.69,0.693,0.146,108,155,0.697,0.003,1,3,0.333,2023-24,Regular Season,4-6 Feet - Open
1629638,Nickeil Alexander-Walker,1610612750,MIN,25.0,82,70,0.294,72,158,0.456,0.617,0.078,21,42,0.5,0.216,51,116,0.44,2023-24,Regular Season,4-6 Feet - Open
1631323,Simone Fontecchio,1610612765,DET,28.0,65,57,0.295,71,158,0.449,0.614,0.05,19,27,0.704,0.245,52,131,0.397,2023-24,Regular Season,4-6 Feet - Open
1627752,Taurean Prince,1610612747,LAL,30.0,77,67,0.275,71,154,0.461,0.604,0.08,27,45,0.6,0.195,44,109,0.404,2023-24,Regular Season,4-6 Feet - Open
1630552,Jalen Johnson,1610612737,ATL,22.0,56,51,0.215,78,150,0.52,0.58,0.135,60,94,0.638,0.08,18,56,0.321,2023-24,Regular Season,4-6 Feet - Open
1630241,Sam Merrill,1610612739,CLE,28.0,61,51,0.382,58,150,0.387,0.567,0.023,4,9,0.444,0.359,54,141,0.383,2023-24,Regular Season,4-6 Feet - Open
1628386,Jarrett Allen,1610612739,CLE,26.0,77,65,0.182,99,149,0.664,0.664,0.181,99,148,0.669,0.001,0,1,0.0,2023-24,Regular Season,4-6 Feet - Open
1641722,Jordan Hawkins,1610612740,NOP,22.0,66,58,0.333,65,149,0.436,0.587,0.071,20,32,0.625,0.261,45,117,0.385,2023-24,Regular Season,4-6 Feet - Open
1629614,Andrew Nembhard,1610612754,IND,24.0,68,60,0.282,71,147,0.483,0.51,0.22,63,115,0.548,0.061,8,32,0.25,2023-24,Regular Season,4-6 Feet - Open
1641711,Gradey Dick,1610612761,TOR,20.0,59,48,0.333,61,145,0.421,0.545,0.108,25,47,0.532,0.225,36,98,0.367,2023-24,Regular Season,4-6 Feet - Open
1626166,Cameron Payne,1610612755,PHI,29.0,77,58,0.299,59,141,0.418,0.528,0.102,28,48,0.583,0.197,31,93,0.333,2023-24,Regular Season,4-6 Feet - Open
203897,Zach LaVine,1610612741,CHI,29.0,25,25,0.371,65,139,0.468,0.586,0.149,32,56,0.571,0.221,33,83,0.398,2023-24,Regular Season,4-6 Feet - Open
1627936,Alex Caruso,1610612741,CHI,30.0,70,56,0.261,63,138,0.457,0.591,0.079,26,42,0.619,0.181,37,96,0.385,2023-24,Regular Season,4-6 Feet - Open
1630625,Dalano Banton,1610612757,POR,24.0,53,38,0.281,48,136,0.353,0.445,0.097,23,47,0.489,0.184,25,89,0.281,2023-24,Regular Season,4-6 Feet - Open
202685,Jonas Valančiūnas,1610612740,NOP,32.0,81,64,0.189,75,134,0.56,0.59,0.161,67,114,0.588,0.028,8,20,0.4,2023-24,Regular Season,4-6 Feet - Open
1628381,John Collins,1610612762,UTA,26.0,67,57,0.182,70,134,0.522,0.593,0.104,51,77,0.662,0.077,19,57,0.333,2023-24,Regular Season,4-6 Feet - Open
1630180,Saddiq Bey,1610612737,ATL,25.0,63,54,0.195,46,134,0.343,0.407,0.089,29,61,0.475,0.106,17,73,0.233,2023-24,Regular Season,4-6 Feet - Open
1630581,Josh Giddey,1610612760,OKC,21.0,80,63,0.157,72,133,0.541,0.56,0.126,67,107,0.626,0.031,5,26,0.192,2023-24,Regular Season,4-6 Feet - Open
200768,Kyle Lowry,1610612755,PHI,38.0,58,49,0.363,50,133,0.376,0.485,0.112,21,41,0.512,0.251,29,92,0.315,2023-24,Regular Season,4-6 Feet - Open
1630577,Julian Champagnie,1610612759,SAS,23.0,73,62,0.338,48,133,0.361,0.504,0.043,10,17,0.588,0.294,38,116,0.328,2023-24,Regular Season,4-6 Feet - Open
1631170,Jaime Jaquez Jr.,1610612748,MIA,23.0,74,61,0.19,59,131,0.45,0.515,0.101,42,70,0.6,0.088,17,61,0.279,2023-24,Regular Season,4-6 Feet - Open
1630533,Ziaire Williams,1610612763,MEM,22.0,51,45,0.346,49,130,0.377,0.477,0.109,23,41,0.561,0.237,26,89,0.292,2023-24,Regular Season,4-6 Feet - Open
1628379,Luke Kennard,1610612763,MEM,28.0,39,36,0.41,61,129,0.473,0.663,0.073,12,23,0.522,0.337,49,106,0.462,2023-24,Regular Season,4-6 Feet - Open
1628975,Jevon Carter,1610612741,CHI,28.0,71,58,0.353,49,129,0.38,0.461,0.142,28,52,0.538,0.211,21,77,0.273,2023-24,Regular Season,4-6 Feet - Open
1641717,Cason Wallace,1610612760,OKC,20.0,82,63,0.29,54,128,0.422,0.523,0.127,28,56,0.5,0.163,26,72,0.361,2023-24,Regular Season,4-6 Feet - Open
1626196,Josh Richardson,1610612748,MIA,30.0,42,40,0.379,52,128,0.406,0.543,0.083,17,28,0.607,0.296,35,100,0.35,2023-24,Regular Season,4-6 Feet - Open
1628991,Jaren Jackson Jr.,1610612763,MEM,24.0,66,60,0.11,51,128,0.398,0.453,0.052,37,60,0.617,0.059,14,68,0.206,2023-24,Regular Season,4-6 Feet - Open
1629659,Talen Horton-Tucker,1610612762,UTA,23.0,50,47,0.278,46,128,0.359,0.438,0.132,26,61,0.426,0.145,20,67,0.299,2023-24,Regular Season,4-6 Feet - Open
1628960,Grayson Allen,1610612756,PHX,28.0,73,55,0.195,64,127,0.504,0.606,0.086,38,56,0.679,0.109,26,71,0.366,2023-24,Regular Season,4-6 Feet - Open
201976,Patrick Beverley,1610612749,MIL,35.0,73,58,0.335,51,127,0.402,0.496,0.14,27,53,0.509,0.195,24,74,0.324,2023-24,Regular Season,4-6 Feet - Open
201569,Eric Gordon,1610612756,PHX,35.0,67,56,0.205,53,126,0.421,0.552,0.054,20,33,0.606,0.151,33,93,0.355,2023-24,Regular Season,4-6 Feet - Open
1630541,Moses Moody,1610612744,GSW,22.0,65,54,0.303,47,124,0.379,0.5,0.066,17,27,0.63,0.237,30,97,0.309,2023-24,Regular Season,4-6 Feet - Open
1630167,Obi Toppin,1610612754,IND,26.0,82,64,0.213,78,123,0.634,0.72,0.121,57,70,0.814,0.092,21,53,0.396,2023-24,Regular Season,4-6 Feet - Open
1630200,Tre Jones,1610612759,SAS,24.0,76,64,0.205,59,122,0.484,0.512,0.128,52,76,0.684,0.077,7,46,0.152,2023-24,Regular Season,4-6 Feet - Open
202330,Gordon Hayward,1610612760,OKC,34.0,51,41,0.303,46,122,0.377,0.41,0.233,38,94,0.404,0.069,8,28,0.286,2023-24,Regular Season,4-6 Feet - Open
1631223,David Roddy,1610612756,PHX,23.0,64,48,0.307,52,121,0.43,0.541,0.117,25,46,0.543,0.19,27,75,0.36,2023-24,Regular Season,4-6 Feet - Open
1627763,Malcolm Brogdon,1610612757,POR,31.0,39,36,0.242,54,120,0.45,0.517,0.155,38,77,0.494,0.087,16,43,0.372,2023-24,Regular Season,4-6 Feet - Open
1631103,Malaki Branham,1610612759,SAS,21.0,74,58,0.196,47,120,0.392,0.45,0.101,33,62,0.532,0.095,14,58,0.241,2023-24,Regular Season,4-6 Feet - Open
1631110,Jeremy Sochan,1610612759,SAS,21.0,73,59,0.157,56,119,0.471,0.508,0.103,47,78,0.603,0.054,9,41,0.22,2023-24,Regular Season,4-6 Feet - Open
1631101,Shaedon Sharpe,1610612757,POR,21.0,32,31,0.272,44,118,0.373,0.449,0.124,26,54,0.481,0.147,18,64,0.281,2023-24,Regular Season,4-6 Feet - Open
203932,Aaron Gordon,1610612743,DEN,28.0,71,56,0.166,63,117,0.538,0.56,0.13,58,92,0.63,0.035,5,25,0.2,2023-24,Regular Season,4-6 Feet - Open
1641764,Brandin Podziemski,1610612744,GSW,21.0,73,57,0.202,62,117,0.53,0.645,0.103,35,60,0.583,0.098,27,57,0.474,2023-24,Regular Season,4-6 Feet - Open
1630163,LaMelo Ball,1610612766,CHA,22.0,22,22,0.277,46,117,0.393,0.5,0.095,21,40,0.525,0.182,25,77,0.325,2023-24,Regular Season,4-6 Feet - Open
1626192,Pat Connaughton,1610612749,MIL,31.0,76,57,0.332,41,115,0.357,0.474,0.046,14,16,0.875,0.286,27,99,0.273,2023-24,Regular Season,4-6 Feet - Open
1630201,Malachi Flynn,1610612765,DET,26.0,68,50,0.352,45,114,0.395,0.513,0.105,18,34,0.529,0.247,27,80,0.338,2023-24,Regular Season,4-6 Feet - Open
1630692,Jordan Goodwin,1610612763,MEM,25.0,56,43,0.298,35,114,0.307,0.364,0.139,22,53,0.415,0.16,13,61,0.213,2023-24,Regular Season,4-6 Feet - Open
1630534,Ochai Agbaji,1610612761,TOR,24.0,77,59,0.265,45,113,0.398,0.491,0.087,24,37,0.649,0.178,21,76,0.276,2023-24,Regular Season,4-6 Feet - Open
1628988,Aaron Holiday,1610612745,HOU,27.0,78,56,0.267,45,111,0.405,0.455,0.13,34,54,0.63,0.137,11,57,0.193,2023-24,Regular Season,4-6 Feet - Open
203914,Gary Harris,1610612753,ORL,29.0,54,45,0.374,42,111,0.378,0.527,0.054,9,16,0.563,0.32,33,95,0.347,2023-24,Regular Season,4-6 Feet - Open
1630230,Naji Marshall,1610612740,NOP,26.0,65,49,0.299,54,109,0.495,0.569,0.17,38,62,0.613,0.129,16,47,0.34,2023-24,Regular Season,4-6 Feet - Open
1629001,De'Anthony Melton,1610612755,PHI,26.0,38,37,0.304,42,109,0.385,0.518,0.075,13,27,0.481,0.228,29,82,0.354,2023-24,Regular Season,4-6 Feet - Open
1631212,Peyton Watson,1610612743,DEN,21.0,78,56,0.242,49,105,0.467,0.481,0.159,46,69,0.667,0.083,3,36,0.083,2023-24,Regular Season,4-6 Feet - Open
1631246,Vince Williams Jr.,1610612763,MEM,23.0,52,39,0.277,44,105,0.419,0.543,0.074,18,28,0.643,0.203,26,77,0.338,2023-24,Regular Season,4-6 Feet - Open
1630182,Josh Green,1610612742,DAL,23.0,56,47,0.282,47,104,0.452,0.543,0.133,28,49,0.571,0.149,19,55,0.345,2023-24,Regular Season,4-6 Feet - Open
201567,Kevin Love,1610612748,MIA,35.0,54,47,0.297,43,104,0.413,0.558,0.066,13,23,0.565,0.231,30,81,0.37,2023-24,Regular Season,4-6 Feet - Open
1627827,Dorian Finney-Smith,1610612751,BKN,31.0,66,54,0.209,41,103,0.398,0.524,0.045,15,22,0.682,0.164,26,81,0.321,2023-24,Regular Season,4-6 Feet - Open
1630596,Evan Mobley,1610612739,CLE,23.0,50,41,0.185,56,102,0.549,0.583,0.151,49,83,0.59,0.035,7,19,0.368,2023-24,Regular Season,4-6 Feet - Open
1629599,Amir Coffey,1610612746,LAC,27.0,69,49,0.292,45,102,0.441,0.515,0.146,30,51,0.588,0.146,15,51,0.294,2023-24,Regular Season,4-6 Feet - Open
203995,Vasilije Micic,1610612766,CHA,30.0,59,45,0.286,37,102,0.363,0.466,0.106,16,38,0.421,0.179,21,64,0.328,2023-24,Regular Season,4-6 Feet - Open
1630165,Killian Hayes,1610612765,DET,22.0,42,37,0.357,43,101,0.426,0.465,0.276,35,78,0.449,0.081,8,23,0.348,2023-24,Regular Season,4-6 Feet - Open
1631107,Nikola Jović,1610612748,MIA,21.0,45,38,0.363,42,101,0.416,0.55,0.104,15,29,0.517,0.259,27,72,0.375,2023-24,Regular Season,4-6 Feet - Open
1626220,Royce O'Neale,1610612756,PHX,31.0,77,60,0.191,38,100,0.38,0.475,0.052,19,27,0.704,0.14,19,73,0.26,2023-24,Regular Season,4-6 Feet - Open
1628380,Zach Collins,1610612759,SAS,26.0,68,50,0.163,54,99,0.545,0.556,0.13,52,79,0.658,0.033,2,20,0.1,2023-24,Regular Season,4-6 Feet - Open
1629611,Terance Mann,1610612746,LAC,27.0,74,52,0.203,57,98,0.582,0.648,0.124,44,60,0.733,0.079,13,38,0.342,2023-24,Regular Season,4-6 Feet - Open
203926,Doug McDermott,1610612754,IND,32.0,64,48,0.345,37,98,0.378,0.546,0.028,4,8,0.5,0.317,33,90,0.367,2023-24,Regular Season,4-6 Feet - Open
201143,Al Horford,1610612738,BOS,38.0,64,52,0.238,44,97,0.454,0.567,0.076,22,31,0.71,0.162,22,66,0.333,2023-24,Regular Season,4-6 Feet - Open
1629656,Quentin Grimes,1610612765,DET,24.0,51,44,0.301,28,97,0.289,0.418,0.034,3,11,0.273,0.267,25,86,0.291,2023-24,Regular Season,4-6 Feet - Open
1629627,Zion Williamson,1610612740,NOP,23.0,69,52,0.088,64,96,0.667,0.667,0.087,64,95,0.674,0.001,0,1,0.0,2023-24,Regular Season,4-6 Feet - Open
1631133,Jabari Walker,1610612757,POR,21.0,72,49,0.189,38,96,0.396,0.484,0.084,21,43,0.488,0.104,17,53,0.321,2023-24,Regular Season,4-6 Feet - Open
1631216,Caleb Houstan,1610612753,ORL,21.0,59,39,0.456,36,94,0.383,0.559,0.019,3,4,0.75,0.437,33,90,0.367,2023-24,Regular Season,4-6 Feet - Open
1641733,Nick Smith Jr.,1610612766,CHA,20.0,50,42,0.33,25,94,0.266,0.335,0.158,12,45,0.267,0.172,13,49,0.265,2023-24,Regular Season,4-6 Feet - Open
1630529,Herbert Jones,1610612740,NOP,25.0,75,54,0.159,51,92,0.554,0.62,0.085,39,49,0.796,0.074,12,43,0.279,2023-24,Regular Season,4-6 Feet - Open
201587,Nicolas Batum,1610612755,PHI,35.0,59,45,0.364,42,92,0.457,0.598,0.091,16,23,0.696,0.273,26,69,0.377,2023-24,Regular Season,4-6 Feet - Open
203967,Dario Saric,1610612744,GSW,30.0,63,50,0.241,34,91,0.374,0.451,0.101,20,38,0.526,0.14,14,53,0.264,2023-24,Regular Season,4-6 Feet - Open
1631105,Jalen Duren,1610612765,DET,20.0,60,41,0.161,61,90,0.678,0.678,0.159,61,89,0.685,0.002,0,1,0.0,2023-24,Regular Season,4-6 Feet - Open
202722,Davis Bertans,1610612766,CHA,31.0,42,30,0.394,31,89,0.348,0.489,0.035,6,8,0.75,0.358,25,81,0.309,2023-24,Regular Season,4-6 Feet - Open
203109,Jae Crowder,1610612749,MIL,33.0,50,39,0.326,43,88,0.489,0.631,0.104,18,28,0.643,0.222,25,60,0.417,2023-24,Regular Season,4-6 Feet - Open
1631222,Jake LaRavia,1610612763,MEM,22.0,35,28,0.29,38,88,0.432,0.551,0.079,17,24,0.708,0.211,21,64,0.328,2023-24,Regular Season,4-6 Feet - Open
1629651,Nic Claxton,1610612751,BKN,25.0,68,43,0.156,61,87,0.701,0.707,0.154,60,86,0.698,0.002,1,1,1.0,2023-24,Regular Season,4-6 Feet - Open
1630194,Paul Reed,1610612755,PHI,25.0,81,43,0.186,46,87,0.529,0.552,0.158,42,74,0.568,0.028,4,13,0.308,2023-24,Regular Season,4-6 Feet - Open
1630245,Ayo Dosunmu,1610612741,CHI,24.0,75,50,0.124,45,87,0.517,0.603,0.079,30,55,0.545,0.046,15,32,0.469,2023-24,Regular Season,4-6 Feet - Open
1628972,Troy Brown Jr.,1610612765,DET,24.0,58,39,0.382,35,86,0.407,0.535,0.107,13,24,0.542,0.276,22,62,0.355,2023-24,Regular Season,4-6 Feet - Open
1626168,Trey Lyles,1610612758,SAC,28.0,58,41,0.268,34,86,0.395,0.529,0.05,11,16,0.688,0.218,23,70,0.329,2023-24,Regular Season,4-6 Feet - Open
203497,Rudy Gobert,1610612750,MIN,32.0,76,54,0.139,67,85,0.788,0.788,0.139,67,85,0.788,0.0,0,0,,2023-24,Regular Season,4-6 Feet - Open
1629726,Garrison Mathews,1610612737,ATL,27.0,66,43,0.376,35,85,0.412,0.588,0.027,5,6,0.833,0.35,30,79,0.38,2023-24,Regular Season,4-6 Feet - Open
1641731,Bilal Coulibaly,1610612764,WAS,19.0,63,43,0.198,33,85,0.388,0.465,0.086,20,37,0.541,0.112,13,48,0.271,2023-24,Regular Season,4-6 Feet - Open
203937,Kyle Anderson,1610612750,MIN,30.0,79,48,0.194,47,84,0.56,0.565,0.182,46,79,0.582,0.012,1,5,0.2,2023-24,Regular Season,4-6 Feet - Open
1630173,Precious Achiuwa,1610612752,NYK,24.0,74,46,0.18,39,84,0.464,0.5,0.124,33,58,0.569,0.056,6,26,0.231,2023-24,Regular Season,4-6 Feet - Open
1641729,Brice Sensabaugh,1610612762,UTA,20.0,31,25,0.396,35,82,0.427,0.506,0.155,22,32,0.688,0.242,13,50,0.26,2023-24,Regular Season,4-6 Feet - Open
1631108,Max Christie,1610612747,LAL,21.0,66,45,0.346,34,81,0.42,0.543,0.098,14,23,0.609,0.248,20,58,0.345,2023-24,Regular Season,4-6 Feet - Open
1630172,Patrick Williams,1610612741,CHI,22.0,43,39,0.223,36,80,0.45,0.538,0.12,22,43,0.512,0.103,14,37,0.378,2023-24,Regular Season,4-6 Feet - Open
201568,Danilo Gallinari,1610612749,MIL,35.0,49,39,0.421,33,80,0.413,0.519,0.184,16,35,0.457,0.237,17,45,0.378,2023-24,Regular Season,4-6 Feet - Open
1628470,Torrey Craig,1610612741,CHI,33.0,52,39,0.332,32,80,0.4,0.544,0.083,9,20,0.45,0.249,23,60,0.383,2023-24,Regular Season,4-6 Feet - Open
1629013,Landry Shamet,1610612764,WAS,27.0,46,35,0.29,32,79,0.405,0.494,0.103,18,28,0.643,0.188,14,51,0.275,2023-24,Regular Season,4-6 Feet - Open
1628371,Jonathan Isaac,1610612753,ORL,26.0,58,43,0.273,40,78,0.513,0.641,0.119,20,34,0.588,0.154,20,44,0.455,2023-24,Regular Season,4-6 Feet - Open
1628976,Wendell Carter Jr.,1610612753,ORL,25.0,55,42,0.184,40,78,0.513,0.571,0.106,31,45,0.689,0.078,9,33,0.273,2023-24,Regular Season,4-6 Feet - Open
202694,Marcus Morris Sr.,1610612739,CLE,34.0,49,32,0.295,34,78,0.436,0.551,0.136,16,36,0.444,0.159,18,42,0.429,2023-24,Regular Season,4-6 Feet - Open
1631260,AJ Green,1610612749,MIL,24.0,56,36,0.398,27,78,0.346,0.494,0.046,4,9,0.444,0.352,23,69,0.333,2023-24,Regular Season,4-6 Feet - Open
1641709,Ausar Thompson,1610612765,DET,21.0,62,43,0.163,48,77,0.623,0.636,0.14,46,66,0.697,0.023,2,11,0.182,2023-24,Regular Season,4-6 Feet - Open
1630598,Aaron Wiggins,1610612760,OKC,25.0,78,48,0.204,43,77,0.558,0.643,0.125,30,47,0.638,0.08,13,30,0.433,2023-24,Regular Season,4-6 Feet - Open
1629731,Dean Wade,1610612739,CLE,27.0,54,39,0.332,28,77,0.364,0.513,0.026,5,6,0.833,0.306,23,71,0.324,2023-24,Regular Season,4-6 Feet - Open
1630191,Isaiah Stewart,1610612765,DET,23.0,45,35,0.205,44,76,0.579,0.697,0.094,26,35,0.743,0.111,18,41,0.439,2023-24,Regular Season,4-6 Feet - Open
1629026,Kenrich Williams,1610612760,OKC,29.0,69,49,0.268,30,75,0.4,0.52,0.111,12,31,0.387,0.157,18,44,0.409,2023-24,Regular Season,4-6 Feet - Open
1641871,Duop Reath,1610612757,POR,28.0,67,41,0.151,30,75,0.4,0.507,0.046,14,23,0.609,0.105,16,52,0.308,2023-24,Regular Season,4-6 Feet - Open
1630537,Chris Duarte,1610612758,SAC,27.0,59,42,0.357,28,75,0.373,0.5,0.105,9,22,0.409,0.252,19,53,0.358,2023-24,Regular Season,4-6 Feet - Open
1641708,Amen Thompson,1610612745,HOU,21.0,62,41,0.164,45,73,0.616,0.616,0.15,45,67,0.672,0.013,0,6,0.0,2023-24,Regular Season,4-6 Feet - Open
1631128,Christian Braun,1610612743,DEN,23.0,80,44,0.154,33,73,0.452,0.514,0.091,24,43,0.558,0.063,9,30,0.3,2023-24,Regular Season,4-6 Feet - Open
203935,Marcus Smart,1610612763,MEM,30.0,20,19,0.308,32,73,0.438,0.514,0.122,21,29,0.724,0.186,11,44,0.25,2023-24,Regular Season,4-6 Feet - Open
201145,Jeff Green,1610612745,HOU,37.0,78,50,0.2,32,73,0.438,0.548,0.082,16,30,0.533,0.118,16,43,0.372,2023-24,Regular Season,4-6 Feet - Open
203095,Evan Fournier,1610612765,DET,31.0,31,25,0.335,25,73,0.342,0.404,0.128,16,28,0.571,0.206,9,45,0.2,2023-24,Regular Season,4-6 Feet - Open
1628963,Marvin Bagley III,1610612764,WAS,25.0,50,37,0.176,42,72,0.583,0.583,0.164,42,67,0.627,0.012,0,5,0.0,2023-24,Regular Season,4-6 Feet - Open
1630205,Lamar Stevens,1610612763,MEM,26.0,38,28,0.3,30,72,0.417,0.451,0.229,25,55,0.455,0.071,5,17,0.294,2023-24,Regular Season,4-6 Feet - Open
1626224,Cedi Osman,1610612759,SAS,29.0,72,45,0.188,28,72,0.389,0.507,0.055,11,21,0.524,0.133,17,51,0.333,2023-24,Regular Season,4-6 Feet - Open
1629021,Moritz Wagner,1610612753,ORL,27.0,80,49,0.129,50,71,0.704,0.732,0.098,46,54,0.852,0.031,4,17,0.235,2023-24,Regular Season,4-6 Feet - Open
1628998,Cody Martin,1610612766,CHA,28.0,28,24,0.33,23,71,0.324,0.401,0.163,12,35,0.343,0.167,11,36,0.306,2023-24,Regular Season,4-6 Feet - Open
203991,Clint Capela,1610612737,ATL,30.0,73,43,0.114,51,70,0.729,0.729,0.114,51,70,0.729,0.0,0,0,,2023-24,Regular Season,4-6 Feet - Open
1641707,Taylor Hendricks,1610612762,UTA,20.0,40,30,0.292,32,70,0.457,0.6,0.075,12,18,0.667,0.217,20,52,0.385,2023-24,Regular Season,4-6 Feet - Open
203552,Seth Curry,1610612766,CHA,33.0,44,29,0.345,26,70,0.371,0.45,0.172,15,35,0.429,0.172,11,35,0.314,2023-24,Regular Season,4-6 Feet - Open
1630570,Trendon Watford,1610612751,BKN,23.0,61,39,0.236,26,69,0.377,0.428,0.137,19,40,0.475,0.099,7,29,0.241,2023-24,Regular Season,4-6 Feet - Open
1627751,Jakob Poeltl,1610612761,TOR,28.0,50,38,0.18,47,68,0.691,0.691,0.18,47,68,0.691,0.0,0,0,,2023-24,Regular Season,4-6 Feet - Open
1629680,Matisse Thybulle,1610612757,POR,27.0,64,42,0.218,25,67,0.373,0.485,0.046,10,14,0.714,0.173,15,53,0.283,2023-24,Regular Season,4-6 Feet - Open
1628392,Isaiah Hartenstein,1610612752,NYK,26.0,75,40,0.182,47,66,0.712,0.712,0.18,47,65,0.723,0.003,0,1,0.0,2023-24,Regular Season,4-6 Feet - Open
1630188,Jalen Smith,1610612754,IND,24.0,61,41,0.168,38,66,0.576,0.621,0.112,32,44,0.727,0.056,6,22,0.273,2023-24,Regular Season,4-6 Feet - Open
1629670,Jordan Nwora,1610612761,TOR,25.0,51,32,0.225,30,66,0.455,0.53,0.123,20,36,0.556,0.102,10,30,0.333,2023-24,Regular Season,4-6 Feet - Open
202397,Ish Smith,1610612766,CHA,35.0,43,28,0.418,30,66,0.455,0.47,0.392,28,62,0.452,0.025,2,4,0.5,2023-24,Regular Season,4-6 Feet - Open
1630631,Jose Alvarado,1610612740,NOP,26.0,55,34,0.192,27,65,0.415,0.5,0.08,16,27,0.593,0.112,11,38,0.289,2023-24,Regular Season,4-6 Feet - Open
1631165,Keon Ellis,1610612758,SAC,24.0,57,32,0.28,24,65,0.369,0.477,0.073,10,17,0.588,0.207,14,48,0.292,2023-24,Regular Season,4-6 Feet - Open
1626174,Christian Wood,1610612747,LAL,28.0,49,34,0.254,24,65,0.369,0.462,0.09,12,23,0.522,0.164,12,42,0.286,2023-24,Regular Season,4-6 Feet - Open
1627826,Ivica Zubac,1610612746,LAC,27.0,67,41,0.124,51,63,0.81,0.81,0.124,51,63,0.81,0.0,0,0,,2023-24,Regular Season,4-6 Feet - Open
1641854,Craig Porter Jr.,1610612739,CLE,24.0,51,28,0.279,36,63,0.571,0.611,0.212,31,48,0.646,0.066,5,15,0.333,2023-24,Regular Season,4-6 Feet - Open
203200,Justin Holiday,1610612743,DEN,35.0,57,34,0.326,28,63,0.444,0.563,0.109,13,21,0.619,0.218,15,42,0.357,2023-24,Regular Season,4-6 Feet - Open
203110,Draymond Green,1610612744,GSW,34.0,54,37,0.174,33,62,0.532,0.565,0.137,29,49,0.592,0.036,4,13,0.308,2023-24,Regular Season,4-6 Feet - Open
1631124,Julian Strawther,1610612743,DEN,22.0,48,26,0.288,28,62,0.452,0.556,0.102,15,22,0.682,0.186,13,40,0.325,2023-24,Regular Season,4-6 Feet - Open
1631200,Kris Murray,1610612757,POR,23.0,61,31,0.173,27,62,0.435,0.516,0.061,17,22,0.773,0.111,10,40,0.25,2023-24,Regular Season,4-6 Feet - Open
1630538,Bones Hyland,1610612746,LAC,23.0,36,24,0.25,19,62,0.306,0.379,0.089,10,22,0.455,0.161,9,40,0.225,2023-24,Regular Season,4-6 Feet - Open
1629312,Haywood Highsmith,1610612748,MIA,27.0,66,37,0.186,36,61,0.59,0.697,0.082,23,27,0.852,0.104,13,34,0.382,2023-24,Regular Season,4-6 Feet - Open
1630544,Tre Mann,1610612766,CHA,23.0,41,30,0.193,30,61,0.492,0.541,0.136,24,43,0.558,0.057,6,18,0.333,2023-24,Regular Season,4-6 Feet - Open
1628420,Monte Morris,1610612750,MIN,29.0,33,29,0.399,29,61,0.475,0.598,0.19,14,29,0.483,0.209,15,32,0.469,2023-24,Regular Season,4-6 Feet - Open
1629004,Svi Mykhailiuk,1610612738,BOS,27.0,41,23,0.445,26,61,0.426,0.607,0.051,4,7,0.571,0.394,22,54,0.407,2023-24,Regular Season,4-6 Feet - Open
1630558,Davion Mitchell,1610612758,SAC,25.0,72,36,0.19,23,61,0.377,0.434,0.125,16,40,0.4,0.065,7,21,0.333,2023-24,Regular Season,4-6 Feet - Open
1631116,Patrick Baldwin Jr.,1610612764,WAS,21.0,38,22,0.394,20,61,0.328,0.434,0.09,7,14,0.5,0.303,13,47,0.277,2023-24,Regular Season,4-6 Feet - Open
1629002,Chimezie Metu,1610612765,DET,27.0,50,32,0.249,32,60,0.533,0.642,0.129,19,31,0.613,0.12,13,29,0.448,2023-24,Regular Season,4-6 Feet - Open
1628372,Dennis Smith Jr.,1610612751,BKN,26.0,54,36,0.183,24,60,0.4,0.433,0.104,20,34,0.588,0.08,4,26,0.154,2023-24,Regular Season,4-6 Feet - Open
1628995,Kevin Knox II,1610612757,POR,24.0,31,24,0.323,22,60,0.367,0.458,0.102,11,19,0.579,0.22,11,41,0.268,2023-24,Regular Season,4-6 Feet - Open
204060,Joe Ingles,1610612753,ORL,36.0,68,38,0.264,20,60,0.333,0.458,0.048,5,11,0.455,0.216,15,49,0.306,2023-24,Regular Season,4-6 Feet - Open
1629655,Daniel Gafford,1610612742,DAL,25.0,73,38,0.125,52,59,0.881,0.881,0.125,52,59,0.881,0.0,0,0,,2023-24,Regular Season,4-6 Feet - Open
1628365,Markelle Fultz,1610612753,ORL,26.0,43,31,0.181,32,59,0.542,0.542,0.178,32,58,0.552,0.003,0,1,0.0,2023-24,Regular Season,4-6 Feet - Open
1630168,Onyeka Okongwu,1610612737,ATL,23.0,55,34,0.157,35,57,0.614,0.675,0.094,28,34,0.824,0.063,7,23,0.304,2023-24,Regular Season,4-6 Feet - Open
1630700,Dyson Daniels,1610612740,NOP,21.0,60,32,0.183,26,56,0.464,0.527,0.105,19,32,0.594,0.078,7,24,0.292,2023-24,Regular Season,4-6 Feet - Open
1628449,Chris Boucher,1610612761,TOR,31.0,49,32,0.264,24,56,0.429,0.545,0.066,11,14,0.786,0.198,13,42,0.31,2023-24,Regular Season,4-6 Feet - Open
203994,Jusuf Nurkić,1610612756,PHX,29.0,74,38,0.09,43,55,0.782,0.791,0.081,42,50,0.84,0.008,1,5,0.2,2023-24,Regular Season,4-6 Feet - Open
1627739,Kris Dunn,1610612762,UTA,30.0,65,39,0.176,29,55,0.527,0.609,0.102,20,32,0.625,0.073,9,23,0.391,2023-24,Regular Season,4-6 Feet - Open
201565,Derrick Rose,1610612763,MEM,35.0,24,22,0.333,25,55,0.455,0.527,0.176,17,29,0.586,0.158,8,26,0.308,2023-24,Regular Season,4-6 Feet - Open
1630527,Brandon Boston,1610612746,LAC,22.0,32,23,0.348,23,55,0.418,0.455,0.215,19,34,0.559,0.133,4,21,0.19,2023-24,Regular Season,4-6 Feet - Open
203488,Mike Muscala,1610612760,OKC,33.0,53,32,0.355,18,55,0.327,0.427,0.116,7,18,0.389,0.239,11,37,0.297,2023-24,Regular Season,4-6 Feet - Open
1627884,Derrick Jones Jr.,1610612742,DAL,27.0,75,35,0.111,32,54,0.593,0.676,0.06,23,29,0.793,0.051,9,25,0.36,2023-24,Regular Season,4-6 Feet - Open
1641739,Toumani Camara,1610612757,POR,24.0,69,36,0.124,33,53,0.623,0.783,0.061,16,26,0.615,0.063,17,27,0.63,2023-24,Regular Season,4-6 Feet - Open
1630164,James Wiseman,1610612765,DET,23.0,62,32,0.18,33,53,0.623,0.623,0.18,33,53,0.623,0.0,0,0,,2023-24,Regular Season,4-6 Feet - Open
203957,Dante Exum,1610612742,DAL,28.0,54,32,0.177,27,53,0.509,0.566,0.114,21,34,0.618,0.064,6,19,0.316,2023-24,Regular Season,4-6 Feet - Open
1630590,Scotty Pippen Jr.,1610612763,MEM,23.0,21,18,0.261,22,53,0.415,0.519,0.113,11,23,0.478,0.148,11,30,0.367,2023-24,Regular Season,4-6 Feet - Open
203482,Kelly Olynyk,1610612761,TOR,33.0,77,36,0.107,38,52,0.731,0.779,0.092,33,45,0.733,0.014,5,7,0.714,2023-24,Regular Season,4-6 Feet - Open
1630171,Isaac Okoro,1610612739,CLE,23.0,69,35,0.108,33,52,0.635,0.692,0.081,27,39,0.692,0.027,6,13,0.462,2023-24,Regular Season,4-6 Feet - Open
1626153,Delon Wright,1610612748,MIA,32.0,47,30,0.277,19,52,0.365,0.442,0.122,11,23,0.478,0.154,8,29,0.276,2023-24,Regular Season,4-6 Feet - Open
201988,Patty Mills,1610612748,MIA,35.0,32,24,0.389,18,51,0.353,0.451,0.137,8,18,0.444,0.252,10,33,0.303,2023-24,Regular Season,4-6 Feet - Open
1630214,Xavier Tillman,1610612738,BOS,25.0,54,34,0.181,26,50,0.52,0.53,0.159,25,44,0.568,0.022,1,6,0.167,2023-24,Regular Season,4-6 Feet - Open
1628464,Daniel Theis,1610612746,LAC,32.0,59,30,0.176,30,49,0.612,0.622,0.151,29,42,0.69,0.025,1,7,0.143,2023-24,Regular Season,4-6 Feet - Open
203083,Andre Drummond,1610612741,CHI,30.0,78,37,0.103,25,49,0.51,0.51,0.098,25,47,0.532,0.004,0,2,0.0,2023-24,Regular Season,4-6 Feet - Open
1630208,Nick Richards,1610612766,CHA,26.0,66,31,0.131,37,48,0.771,0.771,0.131,37,48,0.771,0.0,0,0,,2023-24,Regular Season,4-6 Feet - Open
1631121,Bryce McGowens,1610612766,CHA,21.0,59,28,0.209,20,48,0.417,0.521,0.074,10,17,0.588,0.135,10,31,0.323,2023-24,Regular Season,4-6 Feet - Open
1629723,John Konchar,1610612763,MEM,28.0,55,34,0.231,18,48,0.375,0.479,0.053,8,11,0.727,0.178,10,37,0.27,2023-24,Regular Season,4-6 Feet - Open
1630699,MarJon Beauchamp,1610612749,MIL,23.0,48,28,0.283,24,47,0.511,0.596,0.145,16,24,0.667,0.139,8,23,0.348,2023-24,Regular Season,4-6 Feet - Open
1629629,Cam Reddish,1610612747,LAL,24.0,47,29,0.206,20,47,0.426,0.521,0.092,11,21,0.524,0.114,9,26,0.346,2023-24,Regular Season,4-6 Feet - Open
1628426,Sasha Vezenkov,1610612758,SAC,28.0,42,31,0.245,24,46,0.522,0.696,0.053,8,10,0.8,0.191,16,36,0.444,2023-24,Regular Season,4-6 Feet - Open
1630346,Matt Ryan,1610612740,NOP,27.0,28,19,0.407,18,46,0.391,0.565,0.053,2,6,0.333,0.354,16,40,0.4,2023-24,Regular Season,4-6 Feet - Open
1629643,Chuma Okeke,1610612753,ORL,25.0,47,23,0.402,17,45,0.378,0.511,0.071,5,8,0.625,0.33,12,37,0.324,2023-24,Regular Season,4-6 Feet - Open
1629667,Jalen McDaniels,1610612761,TOR,26.0,49,26,0.237,13,44,0.295,0.318,0.156,11,29,0.379,0.081,2,15,0.133,2023-24,Regular Season,4-6 Feet - Open
1641726,Dereck Lively II,1610612742,DAL,20.0,55,31,0.145,33,43,0.767,0.767,0.145,33,43,0.767,0.0,0,0,,2023-24,Regular Season,4-6 Feet - Open
1629111,Jock Landale,1610612745,HOU,28.0,56,28,0.208,25,42,0.595,0.595,0.188,25,38,0.658,0.02,0,4,0.0,2023-24,Regular Season,4-6 Feet - Open
1629139,Yuta Watanabe,1610612763,MEM,29.0,33,19,0.372,17,42,0.405,0.548,0.062,5,7,0.714,0.31,12,35,0.343,2023-24,Regular Season,4-6 Feet - Open
1631311,Lester Quinones,1610612744,GSW,23.0,36,24,0.304,16,42,0.381,0.5,0.087,6,12,0.5,0.217,10,30,0.333,2023-24,Regular Season,4-6 Feet - Open
1631117,Walker Kessler,1610612762,UTA,22.0,63,26,0.12,28,41,0.683,0.683,0.12,28,41,0.683,0.0,0,0,,2023-24,Regular Season,4-6 Feet - Open
1629234,Drew Eubanks,1610612756,PHX,27.0,73,31,0.166,27,41,0.659,0.659,0.166,27,41,0.659,0.0,0,0,,2023-24,Regular Season,4-6 Feet - Open
1630249,Vít Krejčí,1610612737,ATL,24.0,22,15,0.394,19,41,0.463,0.622,0.106,6,11,0.545,0.288,13,30,0.433,2023-24,Regular Season,4-6 Feet - Open
1628984,Devonte' Graham,1610612759,SAS,29.0,22,19,0.394,13,41,0.317,0.451,0.048,2,5,0.4,0.346,11,36,0.306,2023-24,Regular Season,4-6 Feet - Open
1641712,Rayan Rupert,1610612757,POR,20.0,38,23,0.259,11,41,0.268,0.39,0.07,1,11,0.091,0.19,10,30,0.333,2023-24,Regular Season,4-6 Feet - Open
1629003,Shake Milton,1610612752,NYK,27.0,48,23,0.205,21,40,0.525,0.563,0.159,18,31,0.581,0.046,3,9,0.333,2023-24,Regular Season,4-6 Feet - Open
1629630,Ja Morant,1610612763,MEM,24.0,9,9,0.235,15,40,0.375,0.425,0.129,11,22,0.5,0.106,4,18,0.222,2023-24,Regular Season,4-6 Feet - Open
1631218,Trayce Jackson-Davis,1610612744,GSW,24.0,67,26,0.12,34,39,0.872,0.872,0.12,34,39,0.872,0.0,0,0,,2023-24,Regular Season,4-6 Feet - Open
1630587,Isaiah Livers,1610612765,DET,25.0,23,20,0.342,11,39,0.282,0.397,0.053,2,6,0.333,0.289,9,33,0.273,2023-24,Regular Season,4-6 Feet - Open
1641767,Ben Sheppard,1610612754,IND,22.0,57,24,0.166,18,38,0.474,0.592,0.057,9,13,0.692,0.109,9,25,0.36,2023-24,Regular Season,4-6 Feet - Open
1630550,JT Thor,1610612766,CHA,21.0,62,26,0.21,15,38,0.395,0.539,0.077,4,14,0.286,0.133,11,24,0.458,2023-24,Regular Season,4-6 Feet - Open
1641716,Jarace Walker,1610612754,IND,20.0,33,16,0.336,18,37,0.486,0.581,0.145,11,16,0.688,0.191,7,21,0.333,2023-24,Regular Season,4-6 Feet - Open
1630322,Lindy Waters III,1610612760,OKC,26.0,38,22,0.356,18,37,0.486,0.689,0.048,3,5,0.6,0.308,15,32,0.469,2023-24,Regular Season,4-6 Feet - Open
1630219,Skylar Mays,1610612747,LAL,26.0,38,19,0.233,14,37,0.378,0.405,0.151,12,24,0.5,0.082,2,13,0.154,2023-24,Regular Season,4-6 Feet - Open
1629052,Oshae Brissett,1610612738,BOS,26.0,55,24,0.235,20,36,0.556,0.597,0.157,17,24,0.708,0.078,3,12,0.25,2023-24,Regular Season,4-6 Feet - Open
1631104,Blake Wesley,1610612759,SAS,21.0,60,24,0.165,20,35,0.571,0.586,0.123,19,26,0.731,0.042,1,9,0.111,2023-24,Regular Season,4-6 Feet - Open
1630548,Johnny Juzang,1610612762,UTA,23.0,19,16,0.327,14,35,0.4,0.571,0.037,2,4,0.5,0.29,12,31,0.387,2023-24,Regular Season,4-6 Feet - Open
1627863,Danuel House Jr.,1610612755,PHI,31.0,34,19,0.333,11,35,0.314,0.386,0.133,6,14,0.429,0.2,5,21,0.238,2023-24,Regular Season,4-6 Feet - Open
1628964,Mo Bamba,1610612755,PHI,26.0,56,25,0.174,18,34,0.529,0.603,0.108,13,21,0.619,0.067,5,13,0.385,2023-24,Regular Season,4-6 Feet - Open
1630531,Jaden Springer,1610612738,BOS,21.0,48,24,0.23,15,34,0.441,0.471,0.169,13,25,0.52,0.061,2,9,0.222,2023-24,Regular Season,4-6 Feet - Open
1630197,Aleksej Pokusevski,1610612766,CHA,22.0,27,19,0.286,12,34,0.353,0.456,0.118,5,14,0.357,0.168,7,20,0.35,2023-24,Regular Season,4-6 Feet - Open
1631098,Johnny Davis,1610612764,WAS,22.0,50,21,0.222,9,34,0.265,0.309,0.137,6,21,0.286,0.085,3,13,0.231,2023-24,Regular Season,4-6 Feet - Open
1631241,Javon Freeman-Liberty,1610612761,TOR,24.0,21,14,0.273,13,33,0.394,0.5,0.074,6,9,0.667,0.198,7,24,0.292,2023-24,Regular Season,4-6 Feet - Open
1626172,Kevon Looney,1610612744,GSW,28.0,74,24,0.139,20,32,0.625,0.625,0.139,20,32,0.625,0.0,0,0,,2023-24,Regular Season,4-6 Feet - Open
1631207,Dalen Terry,1610612741,CHI,21.0,58,23,0.212,10,32,0.313,0.375,0.079,6,12,0.5,0.132,4,20,0.2,2023-24,Regular Season,4-6 Feet - Open
1627788,Furkan Korkmaz,1610612755,PHI,26.0,35,20,0.421,8,32,0.25,0.281,0.224,6,17,0.353,0.197,2,15,0.133,2023-24,Regular Season,4-6 Feet - Open
1641710,Anthony Black,1610612753,ORL,20.0,69,25,0.126,17,31,0.548,0.581,0.101,15,25,0.6,0.024,2,6,0.333,2023-24,Regular Season,4-6 Feet - Open
1629626,Bol Bol,1610612756,PHX,24.0,41,18,0.218,17,31,0.548,0.613,0.141,13,20,0.65,0.077,4,11,0.364,2023-24,Regular Season,4-6 Feet - Open
1630649,Stanley Umude,1610612765,DET,25.0,23,12,0.392,17,31,0.548,0.726,0.114,6,9,0.667,0.278,11,22,0.5,2023-24,Regular Season,4-6 Feet - Open
1630592,Jalen Wilson,1610612751,BKN,23.0,41,20,0.193,15,31,0.484,0.516,0.124,13,20,0.65,0.068,2,11,0.182,2023-24,Regular Season,4-6 Feet - Open
1630215,Jared Butler,1610612764,WAS,23.0,40,18,0.155,15,31,0.484,0.548,0.08,11,16,0.688,0.075,4,15,0.267,2023-24,Regular Season,4-6 Feet - Open
1641931,Onuralp Bitim,1610612741,CHI,25.0,22,20,0.383,10,31,0.323,0.387,0.16,6,13,0.462,0.222,4,18,0.222,2023-24,Regular Season,4-6 Feet - Open
1629006,Josh Okogie,1610612756,PHX,25.0,59,21,0.147,15,30,0.5,0.55,0.103,12,21,0.571,0.044,3,9,0.333,2023-24,Regular Season,4-6 Feet - Open
1630556,Kessler Edwards,1610612758,SAC,23.0,54,17,0.375,15,30,0.5,0.7,0.075,3,6,0.5,0.3,12,24,0.5,2023-24,Regular Season,4-6 Feet - Open
1631106,Tari Eason,1610612745,HOU,23.0,22,17,0.159,15,30,0.5,0.533,0.101,13,19,0.684,0.058,2,11,0.182,2023-24,Regular Season,4-6 Feet - Open
1630543,Isaiah Jackson,1610612754,IND,22.0,60,24,0.125,23,29,0.793,0.793,0.125,23,29,0.793,0.0,0,0,,2023-24,Regular Season,4-6 Feet - Open
1630231,KJ Martin,1610612755,PHI,23.0,60,19,0.16,21,29,0.724,0.741,0.144,20,26,0.769,0.017,1,3,0.333,2023-24,Regular Season,4-6 Feet - Open
1626204,Larry Nance Jr.,1610612740,NOP,31.0,61,21,0.12,17,29,0.586,0.621,0.091,15,22,0.682,0.029,2,7,0.286,2023-24,Regular Season,4-6 Feet - Open
1630639,A.J. Lawson,1610612742,DAL,23.0,41,16,0.233,16,28,0.571,0.661,0.092,11,11,1.0,0.142,5,17,0.294,2023-24,Regular Season,4-6 Feet - Open
1630209,Omer Yurtseven,1610612762,UTA,26.0,47,19,0.147,13,27,0.481,0.481,0.125,13,23,0.565,0.022,0,4,0.0,2023-24,Regular Season,4-6 Feet - Open
203496,Robert Covington,1610612755,PHI,33.0,29,17,0.276,10,27,0.37,0.481,0.051,4,5,0.8,0.224,6,22,0.273,2023-24,Regular Season,4-6 Feet - Open
1631288,Jamal Cain,1610612748,MIA,25.0,25,12,0.333,14,26,0.538,0.635,0.179,9,14,0.643,0.154,5,12,0.417,2023-24,Regular Season,4-6 Feet - Open
1631172,Ousmane Dieng,1610612760,OKC,21.0,33,17,0.224,13,26,0.5,0.519,0.147,12,17,0.706,0.078,1,9,0.111,2023-24,Regular Season,4-6 Feet - Open
1629162,Jordan McLaughlin,1610612750,MIN,28.0,56,19,0.179,11,26,0.423,0.462,0.11,9,16,0.563,0.069,2,10,0.2,2023-24,Regular Season,4-6 Feet - Open
1629637,Jaxson Hayes,1610612747,LAL,24.0,69,16,0.145,24,25,0.96,0.96,0.14,24,24,1.0,0.006,0,1,0.0,2023-24,Regular Season,4-6 Feet - Open
1629677,Luka Samanic,1610612762,UTA,24.0,42,16,0.164,12,25,0.48,0.6,0.053,6,8,0.75,0.112,6,17,0.353,2023-24,Regular Season,4-6 Feet - Open
202693,Markieff Morris,1610612742,DAL,34.0,25,16,0.379,9,25,0.36,0.42,0.182,6,12,0.5,0.197,3,13,0.231,2023-24,Regular Season,4-6 Feet - Open
1630235,Trent Forrest,1610612737,ATL,26.0,38,20,0.278,9,25,0.36,0.36,0.244,9,22,0.409,0.033,0,3,0.0,2023-24,Regular Season,4-6 Feet - Open
1628981,Bruno Fernando,1610612737,ATL,25.0,45,15,0.129,20,24,0.833,0.833,0.124,20,23,0.87,0.005,0,1,0.0,2023-24,Regular Season,4-6 Feet - Open
1629048,Goga Bitadze,1610612753,ORL,24.0,62,20,0.115,17,24,0.708,0.708,0.11,17,23,0.739,0.005,0,1,0.0,2023-24,Regular Season,4-6 Feet - Open
1631367,Jacob Gilyard,1610612751,BKN,25.0,40,21,0.164,9,24,0.375,0.542,0.041,1,6,0.167,0.123,8,18,0.444,2023-24,Regular Season,4-6 Feet - Open
1628467,Maxi Kleber,1610612742,DAL,32.0,42,16,0.167,9,24,0.375,0.417,0.083,7,12,0.583,0.083,2,12,0.167,2023-24,Regular Season,4-6 Feet - Open
1641723,Kobe Bufkin,1610612737,ATL,20.0,17,13,0.261,8,24,0.333,0.375,0.13,6,12,0.5,0.13,2,12,0.167,2023-24,Regular Season,4-6 Feet - Open
1630647,Eugene Omoruyi,1610612764,WAS,27.0,43,18,0.14,14,23,0.609,0.674,0.085,11,14,0.786,0.055,3,9,0.333,2023-24,Regular Season,4-6 Feet - Open
1628966,Keita Bates-Diop,1610612751,BKN,28.0,52,16,0.144,12,23,0.522,0.652,0.038,6,6,1.0,0.106,6,17,0.353,2023-24,Regular Season,4-6 Feet - Open
1629669,Jaylen Nowell,1610612758,SAC,24.0,13,10,0.295,11,23,0.478,0.5,0.218,10,17,0.588,0.077,1,6,0.167,2023-24,Regular Season,4-6 Feet - Open
1628436,Luke Kornet,1610612738,BOS,28.0,62,19,0.112,21,22,0.955,0.955,0.112,21,22,0.955,0.0,0,0,,2023-24,Regular Season,4-6 Feet - Open
1630551,Justin Champagnie,1610612764,WAS,23.0,15,10,0.282,9,22,0.409,0.5,0.077,5,6,0.833,0.205,4,16,0.25,2023-24,Regular Season,4-6 Feet - Open
1628418,Thomas Bryant,1610612748,MIA,26.0,37,10,0.147,14,21,0.667,0.69,0.119,13,17,0.765,0.028,1,4,0.25,2023-24,Regular Season,4-6 Feet - Open
1630256,Jae'Sean Tate,1610612745,HOU,28.0,65,19,0.092,12,21,0.571,0.667,0.048,8,11,0.727,0.044,4,10,0.4,2023-24,Regular Season,4-6 Feet - Open
1641998,Trey Jemison III,1610612763,MEM,24.0,25,14,0.154,11,21,0.524,0.524,0.154,11,21,0.524,0.0,0,0,,2023-24,Regular Season,4-6 Feet - Open
1631254,Kenneth Lofton Jr.,1610612762,UTA,21.0,21,13,0.276,10,21,0.476,0.5,0.237,9,18,0.5,0.039,1,3,0.333,2023-24,Regular Season,4-6 Feet - Open
1629875,Xavier Moon,1610612746,LAC,29.0,14,8,0.457,10,21,0.476,0.5,0.304,9,14,0.643,0.152,1,7,0.143,2023-24,Regular Season,4-6 Feet - Open
1641741,Ricky Council IV,1610612755,PHI,22.0,31,13,0.191,9,21,0.429,0.476,0.127,7,14,0.5,0.064,2,7,0.286,2023-24,Regular Season,4-6 Feet - Open
1641765,Olivier-Maxence Prosper,1610612742,DAL,21.0,40,14,0.202,8,21,0.381,0.452,0.106,5,11,0.455,0.096,3,10,0.3,2023-24,Regular Season,4-6 Feet - Open
1631197,Jared Rhoden,1610612765,DET,24.0,17,9,0.303,13,20,0.65,0.8,0.136,7,9,0.778,0.167,6,11,0.545,2023-24,Regular Season,4-6 Feet - Open
1630549,Day'Ron Sharpe,1610612751,BKN,22.0,59,16,0.071,11,20,0.55,0.55,0.071,11,20,0.55,0.0,0,0,,2023-24,Regular Season,4-6 Feet - Open
1641774,Tristan Vukcevic,1610612764,WAS,21.0,10,7,0.299,11,20,0.55,0.675,0.134,6,9,0.667,0.164,5,11,0.455,2023-24,Regular Season,4-6 Feet - Open
1629642,Nassir Little,1610612756,PHX,24.0,45,16,0.161,10,20,0.5,0.575,0.065,7,8,0.875,0.097,3,12,0.25,2023-24,Regular Season,4-6 Feet - Open
1630572,Sandro Mamukelashvili,1610612759,SAS,25.0,45,16,0.13,10,20,0.5,0.55,0.078,8,12,0.667,0.052,2,8,0.25,2023-24,Regular Season,4-6 Feet - Open
1631100,AJ Griffin,1610612737,ATL,20.0,20,13,0.323,8,20,0.4,0.55,0.048,2,3,0.667,0.274,6,17,0.353,2023-24,Regular Season,4-6 Feet - Open
1629216,Gabe Vincent,1610612747,LAL,28.0,11,8,0.408,7,20,0.35,0.375,0.143,6,7,0.857,0.265,1,13,0.077,2023-24,Regular Season,4-6 Feet - Open
202066,Garrett Temple,1610612761,TOR,38.0,27,11,0.256,2,20,0.1,0.15,0.051,0,4,0.0,0.205,2,16,0.125,2023-24,Regular Season,4-6 Feet - Open
1627780,Gary Payton II,1610612744,GSW,31.0,44,15,0.104,15,19,0.789,0.816,0.093,14,17,0.824,0.011,1,2,0.5,2023-24,Regular Season,4-6 Feet - Open
1630192,Zeke Nnaji,1610612743,DEN,23.0,56,17,0.13,13,19,0.684,0.711,0.103,12,15,0.8,0.027,1,4,0.25,2023-24,Regular Season,4-6 Feet - Open
1629634,Brandon Clarke,1610612763,MEM,27.0,6,6,0.322,11,19,0.579,0.605,0.271,10,16,0.625,0.051,1,3,0.333,2023-24,Regular Season,4-6 Feet - Open
1626158,Richaun Holmes,1610612764,WAS,30.0,40,15,0.129,10,19,0.526,0.526,0.122,10,18,0.556,0.007,0,1,0.0,2023-24,Regular Season,4-6 Feet - Open
203493,Reggie Bullock Jr.,1610612745,HOU,33.0,44,16,0.238,9,19,0.474,0.658,0.038,2,3,0.667,0.2,7,16,0.438,2023-24,Regular Season,4-6 Feet - Open
1631230,Dominick Barlow,1610612759,SAS,21.0,32,16,0.184,8,19,0.421,0.447,0.165,7,17,0.412,0.019,1,2,0.5,2023-24,Regular Season,4-6 Feet - Open
1641734,Emoni Bates,1610612739,CLE,20.0,15,8,0.388,8,19,0.421,0.553,0.102,3,5,0.6,0.286,5,14,0.357,2023-24,Regular Season,4-6 Feet - Open
202709,Cory Joseph,1610612744,GSW,32.0,26,14,0.306,5,19,0.263,0.342,0.065,2,4,0.5,0.242,3,15,0.2,2023-24,Regular Season,4-6 Feet - Open
1631303,Justin Minaya,1610612757,POR,25.0,34,14,0.257,4,19,0.211,0.289,0.014,1,1,1.0,0.243,3,18,0.167,2023-24,Regular Season,4-6 Feet - Open
201580,JaVale McGee,1610612758,SAC,36.0,46,13,0.136,14,18,0.778,0.806,0.129,13,17,0.765,0.008,1,1,1.0,2023-24,Regular Season,4-6 Feet - Open
1631173,Terquavion Smith,1610612755,PHI,21.0,15,10,0.419,5,18,0.278,0.417,0.07,0,3,0.0,0.349,5,15,0.333,2023-24,Regular Season,4-6 Feet - Open
1631262,Jules Bernard,1610612764,WAS,24.0,19,9,0.281,5,18,0.278,0.389,0.078,1,5,0.2,0.203,4,13,0.308,2023-24,Regular Season,4-6 Feet - Open
1630547,James Bouknight,1610612766,CHA,23.0,14,11,0.439,5,18,0.278,0.417,0.049,0,2,0.0,0.39,5,16,0.313,2023-24,Regular Season,4-6 Feet - Open
203939,Dwight Powell,1610612742,DAL,32.0,62,15,0.163,17,17,1.0,1.0,0.163,17,17,1.0,0.0,0,0,,2023-24,Regular Season,4-6 Feet - Open
203486,Mason Plumlee,1610612746,LAC,34.0,46,15,0.111,13,17,0.765,0.765,0.111,13,17,0.765,0.0,0,0,,2023-24,Regular Season,4-6 Feet - Open
1631109,Mark Williams,1610612766,CHA,22.0,19,11,0.113,13,17,0.765,0.765,0.113,13,17,0.765,0.0,0,0,,2023-24,Regular Season,4-6 Feet - Open
1630264,Anthony Gill,1610612764,WAS,31.0,50,15,0.106,9,17,0.529,0.559,0.081,8,13,0.615,0.025,1,4,0.25,2023-24,Regular Season,4-6 Feet - Open
202687,Bismack Biyombo,1610612760,OKC,31.0,40,13,0.13,9,17,0.529,0.529,0.13,9,17,0.529,0.0,0,0,,2023-24,Regular Season,4-6 Feet - Open
1629007,Jontay Porter,1610612765,DET,24.0,25,11,0.163,6,17,0.353,0.441,0.058,3,6,0.5,0.106,3,11,0.273,2023-24,Regular Season,4-6 Feet - Open
202083,Wesley Matthews,1610612737,ATL,37.0,36,12,0.175,5,17,0.294,0.353,0.062,3,6,0.5,0.113,2,11,0.182,2023-24,Regular Season,4-6 Feet - Open
1641720,Jalen Hood-Schifino,1610612747,LAL,21.0,20,11,0.405,5,17,0.294,0.324,0.214,4,9,0.444,0.19,1,8,0.125,2023-24,Regular Season,4-6 Feet - Open
1630314,Brandon Williams,1610612742,DAL,24.0,17,7,0.315,4,17,0.235,0.265,0.167,3,9,0.333,0.148,1,8,0.125,2023-24,Regular Season,4-6 Feet - Open
1627732,Ben Simmons,1610612751,BKN,27.0,15,10,0.216,11,16,0.688,0.688,0.216,11,16,0.688,0.0,0,0,,2023-24,Regular Season,4-6 Feet - Open
1641748,Andre Jackson Jr.,1610612749,MIL,22.0,57,13,0.16,10,16,0.625,0.656,0.11,9,11,0.818,0.05,1,5,0.2,2023-24,Regular Season,4-6 Feet - Open
1641730,Noah Clowney,1610612751,BKN,19.0,22,11,0.193,9,16,0.563,0.594,0.145,8,12,0.667,0.048,1,4,0.25,2023-24,Regular Season,4-6 Feet - Open
1630526,Jeremiah Robinson-Earl,1610612740,NOP,23.0,38,10,0.172,8,16,0.5,0.563,0.108,6,10,0.6,0.065,2,6,0.333,2023-24,Regular Season,4-6 Feet - Open
1631306,Cole Swider,1610612748,MIA,25.0,17,10,0.457,5,16,0.313,0.438,0.029,1,1,1.0,0.429,4,15,0.267,2023-24,Regular Season,4-6 Feet - Open
201152,Thaddeus Young,1610612756,PHX,36.0,33,12,0.139,9,15,0.6,0.633,0.102,8,11,0.727,0.037,1,4,0.25,2023-24,Regular Season,4-6 Feet - Open
1627745,Damian Jones,1610612739,CLE,29.0,39,11,0.208,9,15,0.6,0.6,0.194,9,14,0.643,0.014,0,1,0.0,2023-24,Regular Season,4-6 Feet - Open
1631119,Jaylin Williams,1610612760,OKC,22.0,69,15,0.066,7,15,0.467,0.467,0.053,7,12,0.583,0.013,0,3,0.0,2023-24,Regular Season,4-6 Feet - Open
1630184,Kira Lewis Jr.,1610612762,UTA,23.0,27,11,0.169,6,15,0.4,0.433,0.09,5,8,0.625,0.079,1,7,0.143,2023-24,Regular Season,4-6 Feet - Open
1629717,Armoni Brooks,1610612751,BKN,26.0,10,7,0.333,6,15,0.4,0.6,0.0,0,0,,0.333,6,15,0.4,2023-24,Regular Season,4-6 Feet - Open
1631221,Collin Gillespie,1610612743,DEN,25.0,24,8,0.217,6,15,0.4,0.467,0.101,4,7,0.571,0.116,2,8,0.25,2023-24,Regular Season,4-6 Feet - Open
1630177,Theo Maledon,1610612756,PHX,23.0,17,7,0.214,5,15,0.333,0.333,0.143,5,10,0.5,0.071,0,5,0.0,2023-24,Regular Season,4-6 Feet - Open
1630610,DeJon Jarreau,1610612763,MEM,26.0,9,8,0.3,3,15,0.2,0.233,0.22,2,11,0.182,0.08,1,4,0.25,2023-24,Regular Season,4-6 Feet - Open
203933,T.J. Warren,1610612750,MIN,30.0,11,9,0.375,2,15,0.133,0.133,0.25,2,10,0.2,0.125,0,5,0.0,2023-24,Regular Season,4-6 Feet - Open
1630568,Luka Garza,1610612750,MIN,25.0,25,10,0.187,10,14,0.714,0.821,0.107,7,8,0.875,0.08,3,6,0.5,2023-24,Regular Season,4-6 Feet - Open
1641738,Kobe Brown,1610612746,LAC,24.0,43,12,0.161,8,14,0.571,0.607,0.103,7,9,0.778,0.057,1,5,0.2,2023-24,Regular Season,4-6 Feet - Open
1629011,Mitchell Robinson,1610612752,NYK,26.0,31,10,0.102,13,13,1.0,1.0,0.102,13,13,1.0,0.0,0,0,,2023-24,Regular Season,4-6 Feet - Open
1629750,Javonte Green,1610612741,CHI,30.0,9,6,0.173,11,13,0.846,0.885,0.133,10,10,1.0,0.04,1,3,0.333,2023-24,Regular Season,4-6 Feet - Open
1629674,Neemias Queta,1610612738,BOS,24.0,28,10,0.125,11,13,0.846,0.846,0.125,11,13,0.846,0.0,0,0,,2023-24,Regular Season,4-6 Feet - Open
203458,Alex Len,1610612758,SAC,31.0,48,11,0.16,8,13,0.615,0.615,0.148,8,12,0.667,0.012,0,1,0.0,2023-24,Regular Season,4-6 Feet - Open
1630204,Ashton Hagans,1610612757,POR,24.0,19,8,0.183,5,13,0.385,0.462,0.056,3,4,0.75,0.127,2,9,0.222,2023-24,Regular Season,4-6 Feet - Open
201599,DeAndre Jordan,1610612743,DEN,35.0,35,8,0.13,10,12,0.833,0.833,0.13,10,12,0.833,0.0,0,0,,2023-24,Regular Season,4-6 Feet - Open
1631466,Nate Williams,1610612745,HOU,25.0,22,8,0.24,10,12,0.833,0.875,0.2,9,10,0.9,0.04,1,2,0.5,2023-24,Regular Season,4-6 Feet - Open
1629020,Jarred Vanderbilt,1610612747,LAL,25.0,28,8,0.114,10,12,0.833,0.833,0.105,10,11,0.909,0.01,0,1,0.0,2023-24,Regular Season,4-6 Feet - Open
1629646,Charles Bassey,1610612759,SAS,23.0,19,5,0.308,8,12,0.667,0.667,0.308,8,12,0.667,0.0,0,0,,2023-24,Regular Season,4-6 Feet - Open
1630611,Gui Santos,1610612744,GSW,22.0,22,6,0.218,5,12,0.417,0.417,0.109,5,6,0.833,0.109,0,6,0.0,2023-24,Regular Season,4-6 Feet - Open
1641778,Leaky Black,1610612766,CHA,25.0,26,9,0.212,8,11,0.727,0.864,0.135,5,7,0.714,0.077,3,4,0.75,2023-24,Regular Season,4-6 Feet - Open
1630186,Jahmi'us Ramsey,1610612761,TOR,23.0,7,5,0.268,7,11,0.636,0.818,0.098,3,4,0.75,0.171,4,7,0.571,2023-24,Regular Season,4-6 Feet - Open
1641763,Julian Phillips,1610612741,CHI,20.0,39,10,0.145,7,11,0.636,0.682,0.092,6,7,0.857,0.053,1,4,0.25,2023-24,Regular Season,4-6 Feet - Open
1641724,Jett Howard,1610612753,ORL,20.0,18,9,0.367,4,11,0.364,0.545,0.0,0,0,,0.367,4,11,0.364,2023-24,Regular Season,4-6 Feet - Open
1629685,Dylan Windler,1610612737,ATL,27.0,17,7,0.367,4,11,0.364,0.545,0.0,0,0,,0.367,4,11,0.364,2023-24,Regular Season,4-6 Feet - Open
203490,Otto Porter Jr.,1610612761,TOR,31.0,15,11,0.333,3,11,0.273,0.364,0.03,1,1,1.0,0.303,2,10,0.2,2023-24,Regular Season,4-6 Feet - Open
1641732,Colby Jones,1610612758,SAC,22.0,30,8,0.155,3,11,0.273,0.273,0.113,3,8,0.375,0.042,0,3,0.0,2023-24,Regular Season,4-6 Feet - Open
1641787,Tosan Evbuomwan,1610612765,DET,23.0,17,7,0.141,7,10,0.7,0.8,0.099,5,7,0.714,0.042,2,3,0.667,2023-24,Regular Season,4-6 Feet - Open
1630207,Nate Hinton,1610612745,HOU,25.0,15,7,0.385,6,10,0.6,0.8,0.115,2,3,0.667,0.269,4,7,0.571,2023-24,Regular Season,4-6 Feet - Open
1641754,Seth Lundy,1610612737,ATL,24.0,9,6,0.588,4,10,0.4,0.55,0.059,1,1,1.0,0.529,3,9,0.333,2023-24,Regular Season,4-6 Feet - Open
1629678,Admiral Schofield,1610612753,ORL,27.0,23,7,0.385,4,10,0.4,0.55,0.077,1,2,0.5,0.308,3,8,0.375,2023-24,Regular Season,4-6 Feet - Open
203925,Joe Harris,1610612765,DET,32.0,16,7,0.256,4,10,0.4,0.55,0.026,1,1,1.0,0.231,3,9,0.333,2023-24,Regular Season,4-6 Feet - Open
1630288,Jeff Dowtin Jr.,1610612755,PHI,27.0,11,6,0.294,4,10,0.4,0.5,0.118,2,4,0.5,0.176,2,6,0.333,2023-24,Regular Season,4-6 Feet - Open
1630562,Matt Hurt,1610612763,MEM,24.0,8,5,0.294,3,10,0.3,0.4,0.088,1,3,0.333,0.206,2,7,0.286,2023-24,Regular Season,4-6 Feet - Open
1631157,Ryan Rollins,1610612749,MIL,21.0,13,9,0.333,5,9,0.556,0.556,0.333,5,9,0.556,0.0,0,0,,2023-24,Regular Season,4-6 Feet - Open
1641816,Hunter Tyson,1610612743,DEN,24.0,17,6,0.474,3,9,0.333,0.389,0.158,2,3,0.667,0.316,1,6,0.167,2023-24,Regular Season,4-6 Feet - Open
201959,Taj Gibson,1610612765,DET,39.0,20,7,0.265,3,9,0.333,0.333,0.206,3,7,0.429,0.059,0,2,0.0,2023-24,Regular Season,4-6 Feet - Open
1629618,Jalen Pickett,1610612743,DEN,24.0,26,8,0.257,3,9,0.333,0.389,0.114,2,4,0.5,0.143,1,5,0.2,2023-24,Regular Season,4-6 Feet - Open
1631205,Buddy Boeheim,1610612765,DET,24.0,10,6,0.31,3,9,0.333,0.5,0.0,0,0,,0.31,3,9,0.333,2023-24,Regular Season,4-6 Feet - Open
1628385,Harry Giles III,1610612747,LAL,26.0,23,7,0.188,3,9,0.333,0.333,0.125,3,6,0.5,0.063,0,3,0.0,2023-24,Regular Season,4-6 Feet - Open
202684,Tristan Thompson,1610612739,CLE,33.0,49,7,0.067,6,8,0.75,0.75,0.067,6,8,0.75,0.0,0,0,,2023-24,Regular Season,4-6 Feet - Open
1641970,Maozinha Pereira,1610612763,MEM,23.0,7,4,0.229,6,8,0.75,0.875,0.143,4,5,0.8,0.086,2,3,0.667,2023-24,Regular Season,4-6 Feet - Open
1630553,Keon Johnson,1610612751,BKN,22.0,4,4,0.421,4,8,0.5,0.625,0.211,2,4,0.5,0.211,2,4,0.5,2023-24,Regular Season,4-6 Feet - Open
1629647,Darius Bazley,1610612762,UTA,24.0,9,3,0.267,4,8,0.5,0.5,0.2,4,6,0.667,0.067,0,2,0.0,2023-24,Regular Season,4-6 Feet - Open
1631169,Josh Minott,1610612750,MIN,21.0,32,8,0.222,4,8,0.5,0.625,0.111,2,4,0.5,0.111,2,4,0.5,2023-24,Regular Season,4-6 Feet - Open
1630227,Daishen Nix,1610612750,MIN,22.0,15,6,0.292,6,7,0.857,1.143,0.083,2,2,1.0,0.208,4,5,0.8,2023-24,Regular Season,4-6 Feet - Open
1631111,Wendell Moore Jr.,1610612750,MIN,22.0,25,6,0.389,3,7,0.429,0.429,0.278,3,5,0.6,0.111,0,2,0.0,2023-24,Regular Season,4-6 Feet - Open
1630240,Saben Lee,1610612756,PHX,25.0,22,6,0.135,3,7,0.429,0.429,0.096,3,5,0.6,0.038,0,2,0.0,2023-24,Regular Season,4-6 Feet - Open
1641735,Amari Bailey,1610612766,CHA,20.0,10,4,0.292,2,7,0.286,0.357,0.167,1,4,0.25,0.125,1,3,0.333,2023-24,Regular Season,4-6 Feet - Open
1630285,Zavier Simpson,1610612765,DET,27.0,7,5,0.13,1,7,0.143,0.143,0.093,1,5,0.2,0.037,0,2,0.0,2023-24,Regular Season,4-6 Feet - Open
1642013,Malik Williams,1610612761,TOR,25.0,7,5,0.206,0,7,0.0,0.0,0.206,0,7,0.0,0.0,0,0,,2023-24,Regular Season,4-6 Feet - Open
1628962,Udoka Azubuike,1610612756,PHX,24.0,16,6,0.261,5,6,0.833,0.833,0.261,5,6,0.833,0.0,0,0,,2023-24,Regular Season,4-6 Feet - Open
1629057,Robert Williams III,1610612757,POR,26.0,6,4,0.231,5,6,0.833,0.833,0.231,5,6,0.833,0.0,0,0,,2023-24,Regular Season,4-6 Feet - Open
203648,Thanasis Antetokounmpo,1610612749,MIL,31.0,34,5,0.2,4,6,0.667,0.667,0.167,4,5,0.8,0.033,0,1,0.0,2023-24,Regular Season,4-6 Feet - Open
1630678,Terry Taylor,1610612741,CHI,24.0,30,6,0.154,3,6,0.5,0.5,0.077,3,3,1.0,0.077,0,3,0.0,2023-24,Regular Season,4-6 Feet - Open
1630579,Jericho Sims,1610612752,NYK,25.0,45,5,0.118,3,6,0.5,0.5,0.118,3,6,0.5,0.0,0,0,,2023-24,Regular Season,4-6 Feet - Open
1630600,Isaiah Mobley,1610612739,CLE,24.0,10,4,0.25,3,6,0.5,0.5,0.167,3,4,0.75,0.083,0,2,0.0,2023-24,Regular Season,4-6 Feet - Open
1631123,Jamaree Bouyea,1610612759,SAS,25.0,9,3,0.214,3,6,0.5,0.583,0.107,2,3,0.667,0.107,1,3,0.333,2023-24,Regular Season,4-6 Feet - Open
1630181,R.J. Hampton,1610612748,MIA,23.0,7,4,0.429,3,6,0.5,0.583,0.214,2,3,0.667,0.214,1,3,0.333,2023-24,Regular Season,4-6 Feet - Open
1631115,Orlando Robinson,1610612748,MIA,23.0,36,5,0.083,2,6,0.333,0.417,0.069,1,5,0.2,0.014,1,1,1.0,2023-24,Regular Season,4-6 Feet - Open
1630695,Micah Potter,1610612762,UTA,26.0,16,5,0.15,2,6,0.333,0.5,0.0,0,0,,0.15,2,6,0.333,2023-24,Regular Season,4-6 Feet - Open
1629010,Jerome Robinson,1610612744,GSW,27.0,21,4,0.182,1,6,0.167,0.167,0.061,1,2,0.5,0.121,0,4,0.0,2023-24,Regular Season,4-6 Feet - Open
1630243,Trevelin Queen,1610612753,ORL,27.0,14,5,0.158,1,6,0.167,0.167,0.026,1,1,1.0,0.132,0,5,0.0,2023-24,Regular Season,4-6 Feet - Open
1631321,Sidy Cissoko,1610612759,SAS,20.0,12,3,0.182,1,6,0.167,0.167,0.061,1,2,0.5,0.121,0,4,0.0,2023-24,Regular Season,4-6 Feet - Open
1641721,Maxwell Lewis,1610612747,LAL,21.0,33,4,0.353,1,6,0.167,0.167,0.176,1,3,0.333,0.176,0,3,0.0,2023-24,Regular Season,4-6 Feet - Open
1629716,Marques Bolden,1610612766,CHA,26.0,11,3,0.2,5,5,1.0,1.0,0.2,5,5,1.0,0.0,0,0,,2023-24,Regular Season,4-6 Feet - Open
1628424,Kobi Simmons,1610612761,TOR,26.0,4,4,0.238,4,5,0.8,1.0,0.095,2,2,1.0,0.143,2,3,0.667,2023-24,Regular Season,4-6 Feet - Open
1631257,Jermaine Samuels Jr.,1610612745,HOU,25.0,14,5,0.357,4,5,0.8,0.8,0.286,4,4,1.0,0.071,0,1,0.0,2023-24,Regular Season,4-6 Feet - Open
1630643,Jay Huff,1610612743,DEN,26.0,19,4,0.357,3,5,0.6,0.7,0.143,2,2,1.0,0.214,1,3,0.333,2023-24,Regular Season,4-6 Feet - Open
1630641,Ibou Badji,1610612757,POR,21.0,22,4,0.227,3,5,0.6,0.6,0.227,3,5,0.6,0.0,0,0,,2023-24,Regular Season,4-6 Feet - Open
1626246,Boban Marjanovic,1610612745,HOU,35.0,14,3,0.161,3,5,0.6,0.6,0.161,3,5,0.6,0.0,0,0,,2023-24,Regular Season,4-6 Feet - Open
1631338,Mouhamadou Gueye,1610612761,TOR,25.0,11,4,0.132,3,5,0.6,0.6,0.105,3,4,0.75,0.026,0,1,0.0,2023-24,Regular Season,4-6 Feet - Open
1641793,D'Moi Hodge,1610612747,LAL,25.0,7,4,0.333,2,5,0.4,0.6,0.0,0,0,,0.333,2,5,0.4,2023-24,Regular Season,4-6 Feet - Open
1631102,TyTy Washington Jr.,1610612749,MIL,22.0,11,4,0.25,2,5,0.4,0.4,0.2,2,4,0.5,0.05,0,1,0.0,2023-24,Regular Season,4-6 Feet - Open
1629610,DaQuan Jeffries,1610612752,NYK,26.0,17,5,0.313,2,5,0.4,0.6,0.0,0,0,,0.313,2,5,0.4,2023-24,Regular Season,4-6 Feet - Open
1630561,David Duke Jr.,1610612759,SAS,24.0,4,3,0.278,2,5,0.4,0.5,0.222,1,4,0.25,0.056,1,1,1.0,2023-24,Regular Season,4-6 Feet - Open
1641749,Keyontae Johnson,1610612760,OKC,24.0,9,4,0.313,2,5,0.4,0.5,0.25,1,4,0.25,0.063,1,1,1.0,2023-24,Regular Season,4-6 Feet - Open
1641851,Timmy Allen,1610612763,MEM,24.0,5,4,0.217,1,5,0.2,0.2,0.174,1,4,0.25,0.043,0,1,0.0,2023-24,Regular Season,4-6 Feet - Open
1641926,Dexter Dennis,1610612742,DAL,25.0,4,3,0.294,1,5,0.2,0.2,0.118,1,2,0.5,0.176,0,3,0.0,2023-24,Regular Season,4-6 Feet - Open
1631159,Leonard Miller,1610612750,MIN,20.0,17,4,0.2,4,4,1.0,1.125,0.15,3,3,1.0,0.05,1,1,1.0,2023-24,Regular Season,4-6 Feet - Open
200782,P.J. Tucker,1610612746,LAC,39.0,31,4,0.08,4,4,1.0,1.375,0.02,1,1,1.0,0.06,3,3,1.0,2023-24,Regular Season,4-6 Feet - Open
1629650,Moses Brown,1610612757,POR,24.0,22,4,0.062,4,4,1.0,1.0,0.062,4,4,1.0,0.0,0,0,,2023-24,Regular Season,4-6 Feet - Open
1630554,Jason Preston,1610612762,UTA,24.0,7,2,0.211,2,4,0.5,0.5,0.158,2,3,0.667,0.053,0,1,0.0,2023-24,Regular Season,4-6 Feet - Open
1630296,Braxton Key,1610612743,DEN,27.0,20,4,0.235,2,4,0.5,0.625,0.059,1,1,1.0,0.176,1,3,0.333,2023-24,Regular Season,4-6 Feet - Open
1641745,Adam Flagler,1610612760,OKC,24.0,2,2,0.571,1,4,0.25,0.375,0.0,0,0,,0.571,1,4,0.25,2023-24,Regular Season,4-6 Feet - Open
1641877,Nathan Mensah,1610612766,CHA,26.0,25,4,0.143,1,4,0.25,0.25,0.143,1,4,0.25,0.0,0,0,,2023-24,Regular Season,4-6 Feet - Open
1629117,Wenyen Gabriel,1610612738,BOS,27.0,5,4,0.182,1,4,0.25,0.25,0.136,1,3,0.333,0.045,0,1,0.0,2023-24,Regular Season,4-6 Feet - Open
1629718,Charlie Brown Jr.,1610612752,NYK,27.0,8,4,0.4,0,4,0.0,0.0,0.0,0,0,,0.4,0,4,0.0,2023-24,Regular Season,4-6 Feet - Open
1630604,E.J. Liddell,1610612740,NOP,23.0,8,3,0.667,0,4,0.0,0.0,0.0,0,0,,0.667,0,4,0.0,2023-24,Regular Season,4-6 Feet - Open
1630688,Ish Wainright,1610612756,PHX,29.0,11,4,0.167,0,4,0.0,0.0,0.042,0,1,0.0,0.125,0,3,0.0,2023-24,Regular Season,4-6 Feet - Open
1630846,Olivier Sarr,1610612760,OKC,25.0,15,3,0.158,2,3,0.667,0.833,0.105,1,2,0.5,0.053,1,1,1.0,2023-24,Regular Season,4-6 Feet - Open
1641788,Alex Fudge,1610612742,DAL,21.0,6,1,0.2,2,3,0.667,0.667,0.133,2,2,1.0,0.067,0,1,0.0,2023-24,Regular Season,4-6 Feet - Open
1641766,Adama Sanogo,1610612741,CHI,22.0,9,3,0.111,2,3,0.667,0.667,0.111,2,3,0.667,0.0,0,0,,2023-24,Regular Season,4-6 Feet - Open
1641775,Jordan Walsh,1610612738,BOS,20.0,9,3,0.2,2,3,0.667,0.667,0.133,2,2,1.0,0.067,0,1,0.0,2023-24,Regular Season,4-6 Feet - Open
201949,James Johnson,1610612754,IND,37.0,9,2,0.3,1,3,0.333,0.333,0.2,1,2,0.5,0.1,0,1,0.0,2023-24,Regular Season,4-6 Feet - Open
202738,Isaiah Thomas,1610612756,PHX,35.0,6,3,0.3,1,3,0.333,0.5,0.1,0,1,0.0,0.2,1,2,0.5,2023-24,Regular Season,4-6 Feet - Open
1630259,Jordan Ford,1610612758,SAC,26.0,6,3,0.429,1,3,0.333,0.333,0.286,1,2,0.5,0.143,0,1,0.0,2023-24,Regular Season,4-6 Feet - Open
1631120,JD Davison,1610612738,BOS,21.0,7,1,0.25,1,3,0.333,0.333,0.25,1,3,0.333,0.0,0,0,,2023-24,Regular Season,4-6 Feet - Open
203469,Cody Zeller,1610612740,NOP,31.0,42,3,0.049,1,3,0.333,0.333,0.049,1,3,0.333,0.0,0,0,,2023-24,Regular Season,4-6 Feet - Open
1628373,Frank Ntilikina,1610612766,CHA,25.0,5,2,0.333,0,3,0.0,0.0,0.111,0,1,0.0,0.222,0,2,0.0,2023-24,Regular Season,4-6 Feet - Open
1631214,Alondes Williams,1610612748,MIA,25.0,7,3,0.375,0,3,0.0,0.0,0.0,0,0,,0.375,0,3,0.0,2023-24,Regular Season,4-6 Feet - Open
1630222,Mason Jones,1610612758,SAC,25.0,5,3,0.375,0,3,0.0,0.0,0.0,0,0,,0.375,0,3,0.0,2023-24,Regular Season,4-6 Feet - Open
1630929,Henri Drell,1610612741,CHI,24.0,4,1,0.2,2,2,1.0,1.25,0.1,1,1,1.0,0.1,1,1,1.0,2023-24,Regular Season,4-6 Feet - Open
1631217,Moussa Diabate,1610612746,LAC,22.0,11,2,0.105,2,2,1.0,1.0,0.105,2,2,1.0,0.0,0,0,,2023-24,Regular Season,4-6 Feet - Open
1631210,Jacob Toppin,1610612752,NYK,24.0,9,1,0.222,2,2,1.0,1.0,0.222,2,2,1.0,0.0,0,0,,2023-24,Regular Season,4-6 Feet - Open
1630696,Dru Smith,1610612748,MIA,26.0,9,2,0.061,2,2,1.0,1.0,0.061,2,2,1.0,0.0,0,0,,2023-24,Regular Season,4-6 Feet - Open
1641771,Jalen Slawson,1610612758,SAC,24.0,12,2,0.333,1,2,0.5,0.5,0.167,1,1,1.0,0.167,0,1,0.0,2023-24,Regular Season,4-6 Feet - Open
1631112,Kendall Brown,1610612754,IND,21.0,15,2,0.133,1,2,0.5,0.5,0.133,1,2,0.5,0.0,0,0,,2023-24,Regular Season,4-6 Feet - Open
1631386,Taze Moore,1610612757,POR,26.0,4,2,0.105,1,2,0.5,0.5,0.053,1,1,1.0,0.053,0,1,0.0,2023-24,Regular Season,4-6 Feet - Open
1641757,Jordan Miller,1610612746,LAC,24.0,7,2,0.222,1,2,0.5,0.5,0.111,1,1,1.0,0.111,0,1,0.0,2023-24,Regular Season,4-6 Feet - Open
1631220,Dereon Seabron,1610612740,NOP,24.0,6,1,0.154,1,2,0.5,0.75,0.077,0,1,0.0,0.077,1,1,1.0,2023-24,Regular Season,4-6 Feet - Open
1630196,Filip Petrusev,1610612755,PHI,24.0,3,1,1.0,1,2,0.5,0.5,1.0,1,2,0.5,0.0,0,0,,2023-24,Regular Season,4-6 Feet - Open
1641727,Dariq Whitehead,1610612751,BKN,19.0,2,1,0.4,1,2,0.5,0.5,0.2,1,1,1.0,0.2,0,1,0.0,2023-24,Regular Season,4-6 Feet - Open
1631243,Mouhamed Gueye,1610612737,ATL,21.0,6,2,0.087,1,2,0.5,0.5,0.043,1,1,1.0,0.043,0,1,0.0,2023-24,Regular Season,4-6 Feet - Open
1630658,Colin Castleton,1610612747,LAL,24.0,16,2,0.125,1,2,0.5,0.5,0.125,1,2,0.5,0.0,0,0,,2023-24,Regular Season,4-6 Feet - Open
1629232,Kaiser Gates,1610612740,NOP,27.0,1,1,0.5,0,2,0.0,0.0,0.25,0,1,0.0,0.25,0,1,0.0,2023-24,Regular Season,4-6 Feet - Open
1629623,Lindell Wigginton,1610612749,MIL,26.0,3,2,0.4,0,2,0.0,0.0,0.0,0,0,,0.4,0,2,0.0,2023-24,Regular Season,4-6 Feet - Open
1630535,Greg Brown III,1610612742,DAL,22.0,6,1,0.125,1,1,1.0,1.0,0.125,1,1,1.0,0.0,0,0,,2023-24,Regular Season,4-6 Feet - Open
1631298,Jack White,1610612760,OKC,26.0,4,1,0.063,1,1,1.0,1.5,0.0,0,0,,0.063,1,1,1.0,2023-24,Regular Season,4-6 Feet - Open
1629308,Juan Toscano-Anderson,1610612758,SAC,31.0,11,1,0.083,1,1,1.0,1.5,0.0,0,0,,0.083,1,1,1.0,2023-24,Regular Season,4-6 Feet - Open
1631167,Izaiah Brockington,1610612740,NOP,24.0,1,1,0.2,1,1,1.0,1.0,0.2,1,1,1.0,0.0,0,0,,2023-24,Regular Season,4-6 Feet - Open
1630564,RaiQuan Gray,1610612759,SAS,24.0,3,1,0.059,1,1,1.0,1.0,0.059,1,1,1.0,0.0,0,0,,2023-24,Regular Season,4-6 Feet - Open
1641809,Drew Peterson,1610612738,BOS,24.0,3,1,0.167,1,1,1.0,1.0,0.167,1,1,1.0,0.0,0,0,,2023-24,Regular Season,4-6 Feet - Open
1629603,Mamadi Diakite,1610612752,NYK,27.0,6,1,0.167,1,1,1.0,1.0,0.167,1,1,1.0,0.0,0,0,,2023-24,Regular Season,4-6 Feet - Open
1631131,Oscar Tshiebwe,1610612754,IND,24.0,8,1,0.05,1,1,1.0,1.0,0.05,1,1,1.0,0.0,0,0,,2023-24,Regular Season,4-6 Feet - Open
1631209,Isaiah Wong,1610612754,IND,23.0,1,1,0.333,1,1,1.0,1.0,0.333,1,1,1.0,0.0,0,0,,2023-24,Regular Season,4-6 Feet - Open
1641847,Andrew Funk,1610612741,CHI,24.0,5,1,0.25,0,1,0.0,0.0,0.0,0,0,,0.25,0,1,0.0,2023-24,Regular Season,4-6 Feet - Open
1631376,Dmytro Skapintsev,1610612752,NYK,26.0,2,1,1.0,0,1,0.0,0.0,1.0,0,1,0.0,0.0,0,0,,2023-24,Regular Season,4-6 Feet - Open
1630311,Pat Spencer,1610612744,GSW,27.0,5,1,0.25,0,1,0.0,0.0,0.0,0,0,,0.25,0,1,0.0,2023-24,Regular Season,4-6 Feet - Open
201577,Robin Lopez,1610612749,MIL,36.0,16,1,0.053,0,1,0.0,0.0,0.0,0,0,,0.053,0,1,0.0,2023-24,Regular Season,4-6 Feet - Open
1627853,Ryan Arcidiacono,1610612752,NYK,30.0,20,1,0.2,0,1,0.0,0.0,0.0,0,0,,0.2,0,1,0.0,2023-24,Regular Season,4-6 Feet - Open
202696,Nikola Vucevic,1610612741,CHI,33.0,75,75,0.318,138,376,0.367,0.479,0.086,54,101,0.535,0.233,84,275,0.305,2023-24,Regular Season,6+ Feet - Wide Open
1629632,Coby White,1610612741,CHI,24.0,78,78,0.315,156,373,0.418,0.601,0.035,20,41,0.488,0.28,136,332,0.41,2023-24,Regular Season,6+ Feet - Wide Open
1630169,Tyrese Haliburton,1610612754,IND,24.0,69,68,0.356,166,372,0.446,0.628,0.036,31,38,0.816,0.319,135,334,0.404,2023-24,Regular Season,6+ Feet - Wide Open
1629027,Trae Young,1610612737,ATL,25.0,54,54,0.371,163,371,0.439,0.619,0.048,30,48,0.625,0.323,133,323,0.412,2023-24,Regular Season,6+ Feet - Wide Open
1628978,Donte DiVincenzo,1610612752,NYK,27.0,81,81,0.37,170,369,0.461,0.676,0.015,11,15,0.733,0.355,159,354,0.449,2023-24,Regular Season,6+ Feet - Wide Open
1631099,Keegan Murray,1610612758,SAC,23.0,77,76,0.374,158,362,0.436,0.608,0.055,34,53,0.642,0.319,124,309,0.401,2023-24,Regular Season,6+ Feet - Wide Open
1628960,Grayson Allen,1610612756,PHX,28.0,73,71,0.548,173,357,0.485,0.716,0.018,8,12,0.667,0.529,165,345,0.478,2023-24,Regular Season,6+ Feet - Wide Open
1629673,Jordan Poole,1610612764,WAS,25.0,78,78,0.296,141,351,0.402,0.56,0.041,30,48,0.625,0.256,111,303,0.366,2023-24,Regular Season,6+ Feet - Wide Open
1630193,Immanuel Quickley,1610612761,TOR,25.0,67,66,0.396,151,343,0.44,0.634,0.047,18,41,0.439,0.349,133,302,0.44,2023-24,Regular Season,6+ Feet - Wide Open
1627741,Buddy Hield,1610612755,PHI,31.0,83,80,0.408,156,340,0.459,0.663,0.03,17,25,0.68,0.378,139,315,0.441,2023-24,Regular Season,6+ Feet - Wide Open
1626220,Royce O'Neale,1610612756,PHX,31.0,77,73,0.631,136,330,0.412,0.608,0.019,7,10,0.7,0.612,129,320,0.403,2023-24,Regular Season,6+ Feet - Wide Open
1631093,Jaden Ivey,1610612765,DET,22.0,76,75,0.341,127,324,0.392,0.539,0.054,32,51,0.627,0.287,95,273,0.348,2023-24,Regular Season,6+ Feet - Wide Open
1630178,Tyrese Maxey,1610612755,PHI,23.0,69,69,0.23,130,322,0.404,0.571,0.034,22,48,0.458,0.196,108,274,0.394,2023-24,Regular Season,6+ Feet - Wide Open
201144,Mike Conley,1610612750,MIN,36.0,76,73,0.478,152,308,0.494,0.708,0.048,20,31,0.645,0.43,132,277,0.477,2023-24,Regular Season,6+ Feet - Wide Open
1627832,Fred VanVleet,1610612745,HOU,30.0,73,71,0.299,135,303,0.446,0.627,0.045,25,46,0.543,0.253,110,257,0.428,2023-24,Regular Season,6+ Feet - Wide Open
1628991,Jaren Jackson Jr.,1610612763,MEM,24.0,66,66,0.26,112,302,0.371,0.54,0.012,10,14,0.714,0.248,102,288,0.354,2023-24,Regular Season,6+ Feet - Wide Open
201569,Eric Gordon,1610612756,PHX,35.0,67,65,0.487,122,299,0.408,0.597,0.016,9,10,0.9,0.471,113,289,0.391,2023-24,Regular Season,6+ Feet - Wide Open
1630559,Austin Reaves,1610612747,LAL,26.0,81,80,0.324,130,297,0.438,0.601,0.055,33,50,0.66,0.269,97,247,0.393,2023-24,Regular Season,6+ Feet - Wide Open
1630591,Jalen Suggs,1610612753,ORL,23.0,75,75,0.413,128,295,0.434,0.608,0.053,25,38,0.658,0.36,103,257,0.401,2023-24,Regular Season,6+ Feet - Wide Open
1628983,Shai Gilgeous-Alexander,1610612760,OKC,25.0,75,73,0.198,141,294,0.48,0.599,0.07,71,104,0.683,0.128,70,190,0.368,2023-24,Regular Season,6+ Feet - Wide Open
1630245,Ayo Dosunmu,1610612741,CHI,24.0,75,74,0.418,126,292,0.432,0.603,0.057,26,40,0.65,0.361,100,252,0.397,2023-24,Regular Season,6+ Feet - Wide Open
1626167,Myles Turner,1610612754,IND,28.0,77,73,0.321,126,291,0.433,0.593,0.052,33,47,0.702,0.269,93,244,0.381,2023-24,Regular Season,6+ Feet - Wide Open
201939,Stephen Curry,1610612744,GSW,36.0,74,72,0.202,136,286,0.476,0.675,0.025,22,35,0.629,0.178,114,251,0.454,2023-24,Regular Season,6+ Feet - Wide Open
1630180,Saddiq Bey,1610612737,ATL,25.0,63,62,0.41,102,282,0.362,0.527,0.017,9,12,0.75,0.392,93,270,0.344,2023-24,Regular Season,6+ Feet - Wide Open
201572,Brook Lopez,1610612749,MIL,36.0,79,77,0.368,115,278,0.414,0.595,0.028,14,21,0.667,0.34,101,257,0.393,2023-24,Regular Season,6+ Feet - Wide Open
1628370,Malik Monk,1610612758,SAC,26.0,72,70,0.303,111,270,0.411,0.567,0.044,27,39,0.692,0.259,84,231,0.364,2023-24,Regular Season,6+ Feet - Wide Open
1628401,Derrick White,1610612738,BOS,29.0,72,70,0.323,120,268,0.448,0.647,0.018,13,15,0.867,0.304,107,253,0.423,2023-24,Regular Season,6+ Feet - Wide Open
203468,CJ McCollum,1610612740,NOP,32.0,65,63,0.256,125,267,0.468,0.672,0.028,16,29,0.552,0.229,109,238,0.458,2023-24,Regular Season,6+ Feet - Wide Open
1641706,Brandon Miller,1610612766,CHA,21.0,73,70,0.249,124,264,0.47,0.667,0.028,20,30,0.667,0.22,104,234,0.444,2023-24,Regular Season,6+ Feet - Wide Open
1630530,Trey Murphy III,1610612740,NOP,24.0,56,55,0.434,108,264,0.409,0.597,0.02,9,12,0.75,0.414,99,252,0.393,2023-24,Regular Season,6+ Feet - Wide Open
1630224,Jalen Green,1610612745,HOU,22.0,82,79,0.198,108,262,0.412,0.544,0.042,39,56,0.696,0.155,69,206,0.335,2023-24,Regular Season,6+ Feet - Wide Open
1629652,Luguentz Dort,1610612760,OKC,25.0,79,78,0.396,121,260,0.465,0.66,0.049,20,32,0.625,0.347,101,228,0.443,2023-24,Regular Season,6+ Feet - Wide Open
1630529,Herbert Jones,1610612740,NOP,25.0,75,71,0.448,123,259,0.475,0.672,0.061,21,35,0.6,0.388,102,224,0.455,2023-24,Regular Season,6+ Feet - Wide Open
1630581,Josh Giddey,1610612760,OKC,21.0,80,73,0.305,104,259,0.402,0.55,0.05,27,42,0.643,0.256,77,217,0.355,2023-24,Regular Season,6+ Feet - Wide Open
1631096,Chet Holmgren,1610612760,OKC,22.0,82,77,0.27,100,257,0.389,0.547,0.039,19,37,0.514,0.231,81,220,0.368,2023-24,Regular Season,6+ Feet - Wide Open
1629018,Gary Trent Jr.,1610612761,TOR,25.0,70,64,0.313,141,256,0.551,0.779,0.034,24,28,0.857,0.278,117,228,0.513,2023-24,Regular Season,6+ Feet - Wide Open
1630557,Corey Kispert,1610612764,WAS,25.0,80,75,0.325,110,255,0.431,0.639,0.008,4,6,0.667,0.317,106,249,0.426,2023-24,Regular Season,6+ Feet - Wide Open
1628970,Miles Bridges,1610612766,CHA,26.0,68,66,0.213,95,255,0.373,0.529,0.025,15,30,0.5,0.188,80,225,0.356,2023-24,Regular Season,6+ Feet - Wide Open
1630573,Sam Hauser,1610612738,BOS,26.0,78,73,0.458,116,253,0.458,0.676,0.016,6,9,0.667,0.441,110,244,0.451,2023-24,Regular Season,6+ Feet - Wide Open
1628415,Dillon Brooks,1610612745,HOU,28.0,72,67,0.328,96,252,0.381,0.544,0.029,14,22,0.636,0.299,82,230,0.357,2023-24,Regular Season,6+ Feet - Wide Open
1628368,De'Aaron Fox,1610612758,SAC,26.0,74,72,0.162,114,251,0.454,0.622,0.028,30,44,0.682,0.134,84,207,0.406,2023-24,Regular Season,6+ Feet - Wide Open
1627827,Dorian Finney-Smith,1610612751,BKN,31.0,66,63,0.507,93,250,0.372,0.538,0.026,10,13,0.769,0.481,83,237,0.35,2023-24,Regular Season,6+ Feet - Wide Open
1629675,Naz Reid,1610612750,MIN,24.0,81,78,0.292,112,248,0.452,0.663,0.009,7,8,0.875,0.283,105,240,0.438,2023-24,Regular Season,6+ Feet - Wide Open
1629684,Grant Williams,1610612766,CHA,25.0,75,72,0.409,104,245,0.424,0.614,0.037,11,22,0.5,0.372,93,223,0.417,2023-24,Regular Season,6+ Feet - Wide Open
201950,Jrue Holiday,1610612738,BOS,34.0,68,65,0.355,108,242,0.446,0.636,0.037,16,25,0.64,0.318,92,217,0.424,2023-24,Regular Season,6+ Feet - Wide Open
203084,Harrison Barnes,1610612758,SAC,32.0,82,78,0.334,108,241,0.448,0.654,0.021,9,15,0.6,0.313,99,226,0.438,2023-24,Regular Season,6+ Feet - Wide Open
203081,Damian Lillard,1610612749,MIL,33.0,73,70,0.188,107,240,0.446,0.606,0.037,30,47,0.638,0.151,77,193,0.399,2023-24,Regular Season,6+ Feet - Wide Open
1627777,Georges Niang,1610612739,CLE,31.0,82,77,0.378,105,239,0.439,0.638,0.019,10,12,0.833,0.359,95,227,0.419,2023-24,Regular Season,6+ Feet - Wide Open
1629023,P.J. Washington,1610612742,DAL,25.0,72,67,0.296,93,239,0.389,0.561,0.015,11,12,0.917,0.281,82,227,0.361,2023-24,Regular Season,6+ Feet - Wide Open
1629636,Darius Garland,1610612739,CLE,24.0,57,56,0.283,101,238,0.424,0.578,0.051,28,43,0.651,0.232,73,195,0.374,2023-24,Regular Season,6+ Feet - Wide Open
1630595,Cade Cunningham,1610612765,DET,22.0,61,61,0.206,100,236,0.424,0.595,0.035,19,40,0.475,0.171,81,196,0.413,2023-24,Regular Season,6+ Feet - Wide Open
1626156,D'Angelo Russell,1610612747,LAL,28.0,75,71,0.218,112,230,0.487,0.683,0.027,22,29,0.759,0.191,90,201,0.448,2023-24,Regular Season,6+ Feet - Wide Open
1630202,Payton Pritchard,1610612738,BOS,26.0,81,73,0.366,103,230,0.448,0.63,0.043,19,27,0.704,0.323,84,203,0.414,2023-24,Regular Season,6+ Feet - Wide Open
203501,Tim Hardaway Jr.,1610612742,DAL,32.0,78,73,0.24,107,228,0.469,0.649,0.037,25,35,0.714,0.203,82,193,0.425,2023-24,Regular Season,6+ Feet - Wide Open
1629008,Michael Porter Jr.,1610612743,DEN,26.0,79,74,0.215,110,227,0.485,0.661,0.045,30,48,0.625,0.17,80,179,0.447,2023-24,Regular Season,6+ Feet - Wide Open
1627736,Malik Beasley,1610612749,MIL,27.0,79,69,0.313,107,226,0.473,0.692,0.019,8,14,0.571,0.294,99,212,0.467,2023-24,Regular Season,6+ Feet - Wide Open
1627936,Alex Caruso,1610612741,CHI,30.0,70,68,0.425,101,225,0.449,0.651,0.03,10,16,0.625,0.395,91,209,0.435,2023-24,Regular Season,6+ Feet - Wide Open
1627884,Derrick Jones Jr.,1610612742,DAL,27.0,75,67,0.459,86,223,0.386,0.547,0.035,14,17,0.824,0.424,72,206,0.35,2023-24,Regular Season,6+ Feet - Wide Open
1629638,Nickeil Alexander-Walker,1610612750,MIN,25.0,82,74,0.409,88,220,0.4,0.575,0.032,11,17,0.647,0.377,77,203,0.379,2023-24,Regular Season,6+ Feet - Wide Open
1630532,Franz Wagner,1610612753,ORL,22.0,72,71,0.201,77,220,0.35,0.491,0.021,15,23,0.652,0.18,62,197,0.315,2023-24,Regular Season,6+ Feet - Wide Open
1630174,Aaron Nesmith,1610612754,IND,24.0,72,69,0.347,104,219,0.475,0.68,0.027,14,17,0.824,0.32,90,202,0.446,2023-24,Regular Season,6+ Feet - Wide Open
1627783,Pascal Siakam,1610612754,IND,30.0,80,74,0.172,88,219,0.402,0.557,0.031,20,39,0.513,0.142,68,180,0.378,2023-24,Regular Season,6+ Feet - Wide Open
202691,Klay Thompson,1610612744,GSW,34.0,76,70,0.198,90,217,0.415,0.567,0.039,24,43,0.558,0.159,66,174,0.379,2023-24,Regular Season,6+ Feet - Wide Open
1641705,Victor Wembanyama,1610612759,SAS,20.0,71,61,0.184,84,217,0.387,0.532,0.028,21,33,0.636,0.156,63,184,0.342,2023-24,Regular Season,6+ Feet - Wide Open
1631103,Malaki Branham,1610612759,SAS,21.0,74,67,0.352,83,216,0.384,0.556,0.029,9,18,0.5,0.323,74,198,0.374,2023-24,Regular Season,6+ Feet - Wide Open
1630171,Isaac Okoro,1610612739,CLE,23.0,69,63,0.446,89,214,0.416,0.598,0.027,11,13,0.846,0.419,78,201,0.388,2023-24,Regular Season,6+ Feet - Wide Open
203471,Dennis Schröder,1610612751,BKN,30.0,79,76,0.233,83,213,0.39,0.549,0.028,15,26,0.577,0.204,68,187,0.364,2023-24,Regular Season,6+ Feet - Wide Open
1631114,Jalen Williams,1610612760,OKC,23.0,71,66,0.214,113,212,0.533,0.71,0.058,38,58,0.655,0.155,75,154,0.487,2023-24,Regular Season,6+ Feet - Wide Open
1630167,Obi Toppin,1610612754,IND,26.0,82,76,0.363,99,210,0.471,0.662,0.036,19,21,0.905,0.327,80,189,0.423,2023-24,Regular Season,6+ Feet - Wide Open
1631110,Jeremy Sochan,1610612759,SAS,21.0,73,66,0.275,79,209,0.378,0.514,0.043,22,33,0.667,0.232,57,176,0.324,2023-24,Regular Season,6+ Feet - Wide Open
1630162,Anthony Edwards,1610612750,MIN,22.0,79,71,0.134,95,208,0.457,0.594,0.048,38,75,0.507,0.085,57,133,0.429,2023-24,Regular Season,6+ Feet - Wide Open
1628374,Lauri Markkanen,1610612762,UTA,27.0,55,53,0.233,98,207,0.473,0.679,0.021,13,19,0.684,0.211,85,188,0.452,2023-24,Regular Season,6+ Feet - Wide Open
1627747,Caris LeVert,1610612739,CLE,29.0,68,67,0.249,79,204,0.387,0.534,0.034,19,28,0.679,0.215,60,176,0.341,2023-24,Regular Season,6+ Feet - Wide Open
203484,Kentavious Caldwell-Pope,1610612743,DEN,31.0,74,73,0.354,95,202,0.47,0.651,0.063,22,36,0.611,0.291,73,166,0.44,2023-24,Regular Season,6+ Feet - Wide Open
1629614,Andrew Nembhard,1610612754,IND,24.0,68,62,0.387,92,202,0.455,0.584,0.126,40,66,0.606,0.261,52,136,0.382,2023-24,Regular Season,6+ Feet - Wide Open
1630703,Scoot Henderson,1610612757,POR,20.0,61,55,0.254,72,199,0.362,0.497,0.046,18,36,0.5,0.208,54,163,0.331,2023-24,Regular Season,6+ Feet - Wide Open
1628973,Jalen Brunson,1610612752,NYK,27.0,77,68,0.121,98,198,0.495,0.669,0.029,29,47,0.617,0.092,69,151,0.457,2023-24,Regular Season,6+ Feet - Wide Open
1628398,Kyle Kuzma,1610612764,WAS,28.0,70,65,0.151,95,198,0.48,0.634,0.033,34,43,0.791,0.118,61,155,0.394,2023-24,Regular Season,6+ Feet - Wide Open
203992,Bogdan Bogdanović,1610612737,ATL,31.0,79,73,0.18,100,197,0.508,0.723,0.018,15,20,0.75,0.161,85,177,0.48,2023-24,Regular Season,6+ Feet - Wide Open
1628381,John Collins,1610612762,UTA,26.0,67,63,0.263,84,194,0.433,0.603,0.034,18,25,0.72,0.229,66,169,0.391,2023-24,Regular Season,6+ Feet - Wide Open
1630175,Cole Anthony,1610612753,ORL,24.0,81,70,0.253,70,193,0.363,0.5,0.043,17,33,0.515,0.21,53,160,0.331,2023-24,Regular Season,6+ Feet - Wide Open
201143,Al Horford,1610612738,BOS,38.0,64,58,0.472,91,192,0.474,0.693,0.025,7,10,0.7,0.447,84,182,0.462,2023-24,Regular Season,6+ Feet - Wide Open
1631094,Paolo Banchero,1610612753,ORL,21.0,80,71,0.136,88,192,0.458,0.612,0.031,29,43,0.674,0.106,59,149,0.396,2023-24,Regular Season,6+ Feet - Wide Open
1629661,Cameron Johnson,1610612751,BKN,28.0,57,55,0.315,85,192,0.443,0.622,0.039,16,24,0.667,0.276,69,168,0.411,2023-24,Regular Season,6+ Feet - Wide Open
1641871,Duop Reath,1610612757,POR,28.0,67,59,0.387,77,192,0.401,0.581,0.018,8,9,0.889,0.369,69,183,0.377,2023-24,Regular Season,6+ Feet - Wide Open
1627752,Taurean Prince,1610612747,LAL,30.0,77,69,0.341,76,191,0.398,0.584,0.02,5,11,0.455,0.321,71,180,0.394,2023-24,Regular Season,6+ Feet - Wide Open
1628969,Mikal Bridges,1610612751,BKN,27.0,79,75,0.151,82,189,0.434,0.593,0.03,22,38,0.579,0.121,60,151,0.397,2023-24,Regular Season,6+ Feet - Wide Open
1627750,Jamal Murray,1610612743,DEN,27.0,57,54,0.199,87,188,0.463,0.614,0.053,30,50,0.6,0.146,57,138,0.413,2023-24,Regular Season,6+ Feet - Wide Open
1641718,Keyonte George,1610612762,UTA,20.0,74,66,0.236,75,188,0.399,0.569,0.023,11,18,0.611,0.213,64,170,0.376,2023-24,Regular Season,6+ Feet - Wide Open
1629640,Keldon Johnson,1610612759,SAS,24.0,68,63,0.223,75,188,0.399,0.566,0.023,12,19,0.632,0.2,63,169,0.373,2023-24,Regular Season,6+ Feet - Wide Open
1641764,Brandin Podziemski,1610612744,GSW,21.0,73,68,0.324,73,188,0.388,0.548,0.034,13,20,0.65,0.29,60,168,0.357,2023-24,Regular Season,6+ Feet - Wide Open
1630567,Scottie Barnes,1610612761,TOR,22.0,60,57,0.198,78,186,0.419,0.589,0.027,15,25,0.6,0.171,63,161,0.391,2023-24,Regular Season,6+ Feet - Wide Open
1630583,Santi Aldama,1610612763,MEM,23.0,61,57,0.327,75,186,0.403,0.581,0.023,9,13,0.692,0.305,66,173,0.382,2023-24,Regular Season,6+ Feet - Wide Open
202681,Kyrie Irving,1610612742,DAL,32.0,57,56,0.166,98,185,0.53,0.73,0.03,24,33,0.727,0.137,74,152,0.487,2023-24,Regular Season,6+ Feet - Wide Open
1630198,Isaiah Joe,1610612760,OKC,24.0,78,73,0.377,87,183,0.475,0.672,0.041,15,20,0.75,0.336,72,163,0.442,2023-24,Regular Season,6+ Feet - Wide Open
1626145,Tyus Jones,1610612764,WAS,28.0,66,66,0.274,87,182,0.478,0.67,0.045,17,30,0.567,0.229,70,152,0.461,2023-24,Regular Season,6+ Feet - Wide Open
1628380,Zach Collins,1610612759,SAS,26.0,68,61,0.299,64,182,0.352,0.5,0.039,10,24,0.417,0.26,54,158,0.342,2023-24,Regular Season,6+ Feet - Wide Open
1628404,Josh Hart,1610612752,NYK,29.0,81,68,0.266,65,181,0.359,0.503,0.029,13,20,0.65,0.237,52,161,0.323,2023-24,Regular Season,6+ Feet - Wide Open
203507,Giannis Antetokounmpo,1610612749,MIL,29.0,73,62,0.131,80,179,0.447,0.531,0.055,50,76,0.658,0.075,30,103,0.291,2023-24,Regular Season,6+ Feet - Wide Open
1627763,Malcolm Brogdon,1610612757,POR,31.0,39,38,0.361,78,179,0.436,0.62,0.063,12,31,0.387,0.298,66,148,0.446,2023-24,Regular Season,6+ Feet - Wide Open
1626157,Karl-Anthony Towns,1610612750,MIN,28.0,62,59,0.187,89,178,0.5,0.716,0.021,12,20,0.6,0.166,77,158,0.487,2023-24,Regular Season,6+ Feet - Wide Open
1629611,Terance Mann,1610612746,LAC,27.0,74,64,0.369,69,178,0.388,0.542,0.041,14,20,0.7,0.327,55,158,0.348,2023-24,Regular Season,6+ Feet - Wide Open
1630552,Jalen Johnson,1610612737,ATL,22.0,56,52,0.253,74,176,0.42,0.568,0.053,22,37,0.595,0.199,52,139,0.374,2023-24,Regular Season,6+ Feet - Wide Open
203078,Bradley Beal,1610612756,PHX,31.0,51,49,0.252,79,175,0.451,0.609,0.055,24,38,0.632,0.197,55,137,0.401,2023-24,Regular Season,6+ Feet - Wide Open
1629628,RJ Barrett,1610612761,TOR,24.0,58,56,0.201,77,175,0.44,0.623,0.02,13,17,0.765,0.181,64,158,0.405,2023-24,Regular Season,6+ Feet - Wide Open
204001,Kristaps Porziņģis,1610612738,BOS,28.0,57,50,0.23,79,173,0.457,0.645,0.024,14,18,0.778,0.206,65,155,0.419,2023-24,Regular Season,6+ Feet - Wide Open
1630166,Deni Avdija,1610612764,WAS,23.0,75,68,0.215,82,172,0.477,0.663,0.035,18,28,0.643,0.18,64,144,0.444,2023-24,Regular Season,6+ Feet - Wide Open
1626224,Cedi Osman,1610612759,SAS,29.0,72,64,0.448,71,172,0.413,0.605,0.029,5,11,0.455,0.419,66,161,0.41,2023-24,Regular Season,6+ Feet - Wide Open
1630631,Jose Alvarado,1610612740,NOP,26.0,55,50,0.509,69,172,0.401,0.587,0.027,5,9,0.556,0.482,64,163,0.393,2023-24,Regular Season,6+ Feet - Wide Open
1628989,Kevin Huerter,1610612758,SAC,25.0,64,57,0.303,66,169,0.391,0.544,0.031,14,17,0.824,0.273,52,152,0.342,2023-24,Regular Season,6+ Feet - Wide Open
1629680,Matisse Thybulle,1610612757,POR,27.0,64,59,0.55,64,169,0.379,0.553,0.02,5,6,0.833,0.531,59,163,0.362,2023-24,Regular Season,6+ Feet - Wide Open
1641713,GG Jackson,1610612763,MEM,19.0,48,41,0.298,65,168,0.387,0.554,0.027,9,15,0.6,0.272,56,153,0.366,2023-24,Regular Season,6+ Feet - Wide Open
1630183,Jaden McDaniels,1610612750,MIN,23.0,72,64,0.268,59,168,0.351,0.497,0.029,10,18,0.556,0.239,49,150,0.327,2023-24,Regular Season,6+ Feet - Wide Open
203482,Kelly Olynyk,1610612761,TOR,33.0,77,69,0.343,67,167,0.401,0.557,0.053,15,26,0.577,0.29,52,141,0.369,2023-24,Regular Season,6+ Feet - Wide Open
1631204,Marcus Sasser,1610612765,DET,23.0,70,59,0.333,64,167,0.383,0.539,0.046,12,23,0.522,0.287,52,144,0.361,2023-24,Regular Season,6+ Feet - Wide Open
2544,LeBron James,1610612747,LAL,39.0,70,59,0.135,88,166,0.53,0.672,0.049,41,61,0.672,0.085,47,105,0.448,2023-24,Regular Season,6+ Feet - Wide Open
1641717,Cason Wallace,1610612760,OKC,20.0,82,67,0.376,85,166,0.512,0.72,0.038,16,17,0.941,0.337,69,149,0.463,2023-24,Regular Season,6+ Feet - Wide Open
1628384,OG Anunoby,1610612752,NYK,26.0,50,47,0.288,83,166,0.5,0.687,0.043,21,25,0.84,0.244,62,141,0.44,2023-24,Regular Season,6+ Feet - Wide Open
1630217,Desmond Bane,1610612763,MEM,26.0,42,40,0.214,76,166,0.458,0.627,0.04,20,31,0.645,0.174,56,135,0.415,2023-24,Regular Season,6+ Feet - Wide Open
1631170,Jaime Jaquez Jr.,1610612748,MIA,23.0,74,67,0.24,72,166,0.434,0.578,0.049,24,34,0.706,0.191,48,132,0.364,2023-24,Regular Season,6+ Feet - Wide Open
202711,Bojan Bogdanovic,1610612752,NYK,35.0,57,56,0.244,69,166,0.416,0.587,0.032,12,22,0.545,0.211,57,144,0.396,2023-24,Regular Season,6+ Feet - Wide Open
1628975,Jevon Carter,1610612741,CHI,28.0,71,60,0.455,64,166,0.386,0.539,0.068,13,25,0.52,0.386,51,141,0.362,2023-24,Regular Season,6+ Feet - Wide Open
202699,Tobias Harris,1610612755,PHI,31.0,69,61,0.175,68,164,0.415,0.57,0.034,17,32,0.531,0.141,51,132,0.386,2023-24,Regular Season,6+ Feet - Wide Open
1628378,Donovan Mitchell,1610612739,CLE,27.0,55,52,0.15,78,163,0.479,0.635,0.037,27,40,0.675,0.113,51,123,0.415,2023-24,Regular Season,6+ Feet - Wide Open
1626166,Cameron Payne,1610612755,PHI,29.0,77,64,0.345,73,163,0.448,0.653,0.017,6,8,0.75,0.328,67,155,0.432,2023-24,Regular Season,6+ Feet - Wide Open
1626181,Norman Powell,1610612746,LAC,31.0,75,65,0.216,84,162,0.519,0.719,0.027,19,20,0.95,0.19,65,142,0.458,2023-24,Regular Season,6+ Feet - Wide Open
1630200,Tre Jones,1610612759,SAS,24.0,76,66,0.272,73,162,0.451,0.627,0.035,16,21,0.762,0.237,57,141,0.404,2023-24,Regular Season,6+ Feet - Wide Open
1629312,Haywood Highsmith,1610612748,MIA,27.0,66,55,0.494,67,162,0.414,0.605,0.021,5,7,0.714,0.473,62,155,0.4,2023-24,Regular Season,6+ Feet - Wide Open
1628988,Aaron Holiday,1610612745,HOU,27.0,78,60,0.385,76,160,0.475,0.7,0.019,4,8,0.5,0.365,72,152,0.474,2023-24,Regular Season,6+ Feet - Wide Open
1631095,Jabari Smith Jr.,1610612745,HOU,21.0,76,67,0.193,76,160,0.475,0.672,0.027,13,22,0.591,0.167,63,138,0.457,2023-24,Regular Season,6+ Feet - Wide Open
1630578,Alperen Sengun,1610612745,HOU,21.0,63,53,0.162,66,159,0.415,0.516,0.059,34,58,0.586,0.103,32,101,0.317,2023-24,Regular Season,6+ Feet - Wide Open
1626179,Terry Rozier,1610612748,MIA,30.0,61,56,0.157,74,157,0.471,0.65,0.031,18,31,0.581,0.126,56,126,0.444,2023-24,Regular Season,6+ Feet - Wide Open
1626171,Bobby Portis,1610612749,MIL,29.0,82,71,0.169,81,155,0.523,0.694,0.044,28,40,0.7,0.125,53,115,0.461,2023-24,Regular Season,6+ Feet - Wide Open
1629029,Luka Doncic,1610612742,DAL,25.0,69,60,0.095,79,154,0.513,0.679,0.026,28,42,0.667,0.069,51,112,0.455,2023-24,Regular Season,6+ Feet - Wide Open
1631119,Jaylin Williams,1610612760,OKC,22.0,69,64,0.675,60,154,0.39,0.562,0.061,7,14,0.5,0.614,53,140,0.379,2023-24,Regular Season,6+ Feet - Wide Open
202695,Kawhi Leonard,1610612746,LAC,33.0,67,61,0.134,76,153,0.497,0.65,0.038,29,43,0.674,0.097,47,110,0.427,2023-24,Regular Season,6+ Feet - Wide Open
1629639,Tyler Herro,1610612748,MIA,24.0,41,41,0.208,76,150,0.507,0.703,0.043,17,31,0.548,0.165,59,119,0.496,2023-24,Regular Season,6+ Feet - Wide Open
202331,Paul George,1610612746,LAC,34.0,73,59,0.124,70,150,0.467,0.647,0.021,16,26,0.615,0.102,54,124,0.435,2023-24,Regular Season,6+ Feet - Wide Open
1626164,Devin Booker,1610612756,PHX,27.0,67,57,0.116,81,149,0.544,0.705,0.037,33,47,0.702,0.08,48,102,0.471,2023-24,Regular Season,6+ Feet - Wide Open
1630228,Jonathan Kuminga,1610612744,GSW,21.0,73,59,0.18,68,149,0.456,0.584,0.046,30,38,0.789,0.134,38,111,0.342,2023-24,Regular Season,6+ Feet - Wide Open
203952,Andrew Wiggins,1610612744,GSW,29.0,70,63,0.197,58,149,0.389,0.54,0.032,13,24,0.542,0.165,45,125,0.36,2023-24,Regular Season,6+ Feet - Wide Open
1629130,Duncan Robinson,1610612748,MIA,30.0,67,55,0.222,70,148,0.473,0.676,0.019,10,13,0.769,0.202,60,135,0.444,2023-24,Regular Season,6+ Feet - Wide Open
203967,Dario Saric,1610612744,GSW,30.0,63,53,0.389,67,147,0.456,0.653,0.032,9,12,0.75,0.357,58,135,0.43,2023-24,Regular Season,6+ Feet - Wide Open
1628976,Wendell Carter Jr.,1610612753,ORL,25.0,55,52,0.346,61,147,0.415,0.592,0.033,9,14,0.643,0.313,52,133,0.391,2023-24,Regular Season,6+ Feet - Wide Open
1630558,Davion Mitchell,1610612758,SAC,25.0,72,59,0.458,57,147,0.388,0.554,0.044,8,14,0.571,0.414,49,133,0.368,2023-24,Regular Season,6+ Feet - Wide Open
1641731,Bilal Coulibaly,1610612764,WAS,19.0,63,50,0.34,64,146,0.438,0.613,0.035,13,15,0.867,0.305,51,131,0.389,2023-24,Regular Season,6+ Feet - Wide Open
201942,DeMar DeRozan,1610612741,CHI,34.0,78,64,0.109,62,145,0.428,0.524,0.049,34,65,0.523,0.06,28,80,0.35,2023-24,Regular Season,6+ Feet - Wide Open
1631200,Kris Murray,1610612757,POR,23.0,61,45,0.404,42,145,0.29,0.421,0.022,4,8,0.5,0.382,38,137,0.277,2023-24,Regular Season,6+ Feet - Wide Open
1631323,Simone Fontecchio,1610612765,DET,28.0,65,58,0.269,61,144,0.424,0.622,0.009,4,5,0.8,0.26,57,139,0.41,2023-24,Regular Season,6+ Feet - Wide Open
1629622,Max Strus,1610612739,CLE,28.0,70,61,0.197,61,143,0.427,0.605,0.014,10,10,1.0,0.183,51,133,0.383,2023-24,Regular Season,6+ Feet - Wide Open
201567,Kevin Love,1610612748,MIA,35.0,54,48,0.409,54,143,0.378,0.549,0.023,5,8,0.625,0.386,49,135,0.363,2023-24,Regular Season,6+ Feet - Wide Open
1629060,Rui Hachimura,1610612747,LAL,26.0,67,59,0.215,71,142,0.5,0.676,0.042,21,28,0.75,0.172,50,114,0.439,2023-24,Regular Season,6+ Feet - Wide Open
203932,Aaron Gordon,1610612743,DEN,28.0,71,57,0.201,62,142,0.437,0.556,0.051,28,36,0.778,0.15,34,106,0.321,2023-24,Regular Season,6+ Feet - Wide Open
1631128,Christian Braun,1610612743,DEN,23.0,80,68,0.299,61,142,0.43,0.609,0.027,10,13,0.769,0.272,51,129,0.395,2023-24,Regular Season,6+ Feet - Wide Open
1641739,Toumani Camara,1610612757,POR,24.0,69,55,0.333,43,142,0.303,0.44,0.009,4,4,1.0,0.323,39,138,0.283,2023-24,Regular Season,6+ Feet - Wide Open
1627734,Domantas Sabonis,1610612758,SAC,28.0,82,70,0.132,63,141,0.447,0.56,0.054,31,58,0.534,0.078,32,83,0.386,2023-24,Regular Season,6+ Feet - Wide Open
1630182,Josh Green,1610612742,DAL,23.0,56,52,0.382,63,141,0.447,0.631,0.046,11,17,0.647,0.336,52,124,0.419,2023-24,Regular Season,6+ Feet - Wide Open
1626168,Trey Lyles,1610612758,SAC,28.0,58,48,0.439,61,141,0.433,0.645,0.003,1,1,1.0,0.436,60,140,0.429,2023-24,Regular Season,6+ Feet - Wide Open
1629599,Amir Coffey,1610612746,LAC,27.0,69,49,0.401,66,140,0.471,0.664,0.037,12,13,0.923,0.364,54,127,0.425,2023-24,Regular Season,6+ Feet - Wide Open
203915,Spencer Dinwiddie,1610612747,LAL,31.0,75,64,0.222,58,139,0.417,0.604,0.013,6,8,0.75,0.209,52,131,0.397,2023-24,Regular Season,6+ Feet - Wide Open
203999,Nikola Jokić,1610612743,DEN,29.0,77,62,0.099,69,137,0.504,0.646,0.03,30,41,0.732,0.07,39,96,0.406,2023-24,Regular Season,6+ Feet - Wide Open
101108,Chris Paul,1610612744,GSW,39.0,57,51,0.299,62,137,0.453,0.595,0.079,23,36,0.639,0.221,39,101,0.386,2023-24,Regular Season,6+ Feet - Wide Open
1626162,Kelly Oubre Jr.,1610612755,PHI,28.0,67,55,0.158,57,137,0.416,0.569,0.022,15,19,0.789,0.136,42,118,0.356,2023-24,Regular Season,6+ Feet - Wide Open
1630577,Julian Champagnie,1610612759,SAS,23.0,73,58,0.348,56,137,0.409,0.591,0.02,6,8,0.75,0.327,50,129,0.388,2023-24,Regular Season,6+ Feet - Wide Open
1641767,Ben Sheppard,1610612754,IND,22.0,57,47,0.598,46,137,0.336,0.478,0.031,7,7,1.0,0.568,39,130,0.3,2023-24,Regular Season,6+ Feet - Wide Open
1631212,Peyton Watson,1610612743,DEN,21.0,78,56,0.312,55,135,0.407,0.556,0.067,15,29,0.517,0.245,40,106,0.377,2023-24,Regular Season,6+ Feet - Wide Open
203903,Jordan Clarkson,1610612762,UTA,32.0,54,52,0.169,51,135,0.378,0.511,0.026,15,21,0.714,0.143,36,114,0.316,2023-24,Regular Season,6+ Feet - Wide Open
1629012,Collin Sexton,1610612762,UTA,25.0,77,60,0.131,65,134,0.485,0.653,0.027,20,28,0.714,0.104,45,106,0.425,2023-24,Regular Season,6+ Feet - Wide Open
1631246,Vince Williams Jr.,1610612763,MEM,23.0,52,48,0.351,59,133,0.444,0.635,0.024,8,9,0.889,0.327,51,124,0.411,2023-24,Regular Season,6+ Feet - Wide Open
1629631,De'Andre Hunter,1610612737,ATL,26.0,57,50,0.202,58,133,0.436,0.632,0.021,6,14,0.429,0.181,52,119,0.437,2023-24,Regular Season,6+ Feet - Wide Open
1630170,Devin Vassell,1610612759,SAS,23.0,68,57,0.125,59,132,0.447,0.625,0.021,12,22,0.545,0.104,47,110,0.427,2023-24,Regular Season,6+ Feet - Wide Open
202685,Jonas Valančiūnas,1610612740,NOP,32.0,81,64,0.185,52,131,0.397,0.504,0.051,24,36,0.667,0.134,28,95,0.295,2023-24,Regular Season,6+ Feet - Wide Open
202692,Alec Burks,1610612752,NYK,32.0,66,51,0.228,51,130,0.392,0.569,0.019,5,11,0.455,0.209,46,119,0.387,2023-24,Regular Season,6+ Feet - Wide Open
1630534,Ochai Agbaji,1610612761,TOR,24.0,77,59,0.305,47,130,0.362,0.504,0.026,10,11,0.909,0.279,37,119,0.311,2023-24,Regular Season,6+ Feet - Wide Open
201566,Russell Westbrook,1610612746,LAC,35.0,68,56,0.198,46,130,0.354,0.469,0.032,16,21,0.762,0.166,30,109,0.275,2023-24,Regular Season,6+ Feet - Wide Open
202704,Reggie Jackson,1610612743,DEN,34.0,80,60,0.176,52,129,0.403,0.558,0.026,12,19,0.632,0.15,40,110,0.364,2023-24,Regular Season,6+ Feet - Wide Open
1630191,Isaiah Stewart,1610612765,DET,23.0,45,43,0.348,50,129,0.388,0.562,0.016,5,6,0.833,0.332,45,123,0.366,2023-24,Regular Season,6+ Feet - Wide Open
203076,Anthony Davis,1610612747,LAL,31.0,75,60,0.103,50,129,0.388,0.45,0.049,34,61,0.557,0.054,16,68,0.235,2023-24,Regular Season,6+ Feet - Wide Open
1630241,Sam Merrill,1610612739,CLE,28.0,61,43,0.323,63,127,0.496,0.74,0.003,1,1,1.0,0.321,62,126,0.492,2023-24,Regular Season,6+ Feet - Wide Open
1626192,Pat Connaughton,1610612749,MIL,31.0,76,59,0.364,51,126,0.405,0.587,0.02,5,7,0.714,0.344,46,119,0.387,2023-24,Regular Season,6+ Feet - Wide Open
1629659,Talen Horton-Tucker,1610612762,UTA,23.0,50,46,0.273,46,126,0.365,0.508,0.046,10,21,0.476,0.228,36,105,0.343,2023-24,Regular Season,6+ Feet - Wide Open
1630188,Jalen Smith,1610612754,IND,24.0,61,53,0.318,61,125,0.488,0.704,0.025,7,10,0.7,0.293,54,115,0.47,2023-24,Regular Season,6+ Feet - Wide Open
1627759,Jaylen Brown,1610612738,BOS,27.0,69,61,0.101,55,125,0.44,0.552,0.033,27,41,0.659,0.068,28,84,0.333,2023-24,Regular Season,6+ Feet - Wide Open
1628997,Caleb Martin,1610612748,MIA,28.0,64,53,0.224,52,125,0.416,0.58,0.038,11,21,0.524,0.186,41,104,0.394,2023-24,Regular Season,6+ Feet - Wide Open
1630560,Cam Thomas,1610612751,BKN,22.0,63,53,0.109,64,124,0.516,0.681,0.034,23,38,0.605,0.076,41,86,0.477,2023-24,Regular Season,6+ Feet - Wide Open
203110,Draymond Green,1610612744,GSW,34.0,54,45,0.347,58,124,0.468,0.653,0.048,12,17,0.706,0.3,46,107,0.43,2023-24,Regular Season,6+ Feet - Wide Open
201935,James Harden,1610612746,LAC,34.0,71,61,0.152,57,123,0.463,0.646,0.023,12,19,0.632,0.128,45,104,0.433,2023-24,Regular Season,6+ Feet - Wide Open
1641711,Gradey Dick,1610612761,TOR,20.0,59,51,0.283,52,123,0.423,0.606,0.028,7,12,0.583,0.255,45,111,0.405,2023-24,Regular Season,6+ Feet - Wide Open
1629731,Dean Wade,1610612739,CLE,27.0,54,45,0.526,52,122,0.426,0.635,0.013,1,3,0.333,0.513,51,119,0.429,2023-24,Regular Season,6+ Feet - Wide Open
1630163,LaMelo Ball,1610612766,CHA,22.0,22,22,0.288,52,122,0.426,0.594,0.038,11,16,0.688,0.251,41,106,0.387,2023-24,Regular Season,6+ Feet - Wide Open
1631101,Shaedon Sharpe,1610612757,POR,21.0,32,31,0.281,49,122,0.402,0.553,0.058,12,25,0.48,0.224,37,97,0.381,2023-24,Regular Season,6+ Feet - Wide Open
1641709,Ausar Thompson,1610612765,DET,21.0,62,54,0.258,31,122,0.254,0.332,0.053,12,25,0.48,0.205,19,97,0.196,2023-24,Regular Season,6+ Feet - Wide Open
1630172,Patrick Williams,1610612741,CHI,22.0,43,38,0.334,55,120,0.458,0.642,0.036,11,13,0.846,0.298,44,107,0.411,2023-24,Regular Season,6+ Feet - Wide Open
1628369,Jayson Tatum,1610612738,BOS,26.0,73,62,0.084,64,118,0.542,0.699,0.024,27,34,0.794,0.06,37,84,0.44,2023-24,Regular Season,6+ Feet - Wide Open
1630700,Dyson Daniels,1610612740,NOP,21.0,60,52,0.382,43,117,0.368,0.513,0.033,9,10,0.9,0.35,34,107,0.318,2023-24,Regular Season,6+ Feet - Wide Open
1631165,Keon Ellis,1610612758,SAC,24.0,57,42,0.5,58,116,0.5,0.72,0.034,7,8,0.875,0.466,51,108,0.472,2023-24,Regular Season,6+ Feet - Wide Open
1630544,Tre Mann,1610612766,CHA,23.0,41,34,0.367,44,116,0.379,0.534,0.051,8,16,0.5,0.316,36,100,0.36,2023-24,Regular Season,6+ Feet - Wide Open
200768,Kyle Lowry,1610612755,PHI,38.0,58,51,0.314,57,115,0.496,0.722,0.022,5,8,0.625,0.292,52,107,0.486,2023-24,Regular Season,6+ Feet - Wide Open
1629001,De'Anthony Melton,1610612755,PHI,26.0,38,35,0.32,41,115,0.357,0.517,0.019,4,7,0.571,0.301,37,108,0.343,2023-24,Regular Season,6+ Feet - Wide Open
203114,Khris Middleton,1610612749,MIL,32.0,55,49,0.176,58,113,0.513,0.673,0.04,22,26,0.846,0.135,36,87,0.414,2023-24,Regular Season,6+ Feet - Wide Open
1628379,Luke Kennard,1610612763,MEM,28.0,39,37,0.359,55,113,0.487,0.712,0.019,4,6,0.667,0.34,51,107,0.477,2023-24,Regular Season,6+ Feet - Wide Open
1627749,Dejounte Murray,1610612737,ATL,27.0,78,60,0.078,54,113,0.478,0.628,0.017,20,25,0.8,0.06,34,88,0.386,2023-24,Regular Season,6+ Feet - Wide Open
1629014,Anfernee Simons,1610612757,POR,25.0,45,39,0.138,52,113,0.46,0.668,0.012,5,10,0.5,0.126,47,103,0.456,2023-24,Regular Season,6+ Feet - Wide Open
1629022,Lonnie Walker IV,1610612751,BKN,25.0,57,44,0.235,55,112,0.491,0.705,0.027,7,13,0.538,0.208,48,99,0.485,2023-24,Regular Season,6+ Feet - Wide Open
201976,Patrick Beverley,1610612749,MIL,35.0,73,52,0.293,43,111,0.387,0.55,0.045,7,17,0.412,0.248,36,94,0.383,2023-24,Regular Season,6+ Feet - Wide Open
1629670,Jordan Nwora,1610612761,TOR,25.0,51,41,0.379,43,111,0.387,0.536,0.058,10,17,0.588,0.321,33,94,0.351,2023-24,Regular Season,6+ Feet - Wide Open
1631367,Jacob Gilyard,1610612751,BKN,25.0,40,33,0.753,48,110,0.436,0.627,0.062,6,9,0.667,0.692,42,101,0.416,2023-24,Regular Season,6+ Feet - Wide Open
1629021,Moritz Wagner,1610612753,ORL,27.0,80,57,0.198,45,109,0.413,0.569,0.025,11,14,0.786,0.172,34,95,0.358,2023-24,Regular Season,6+ Feet - Wide Open
1629656,Quentin Grimes,1610612765,DET,24.0,51,48,0.339,43,109,0.394,0.578,0.016,3,5,0.6,0.323,40,104,0.385,2023-24,Regular Season,6+ Feet - Wide Open
201145,Jeff Green,1610612745,HOU,37.0,78,54,0.299,37,109,0.339,0.495,0.014,3,5,0.6,0.285,34,104,0.327,2023-24,Regular Season,6+ Feet - Wide Open
1641722,Jordan Hawkins,1610612740,NOP,22.0,66,48,0.241,44,108,0.407,0.602,0.013,2,6,0.333,0.228,42,102,0.412,2023-24,Regular Season,6+ Feet - Wide Open
201587,Nicolas Batum,1610612755,PHI,35.0,59,47,0.423,49,107,0.458,0.654,0.036,7,9,0.778,0.387,42,98,0.429,2023-24,Regular Season,6+ Feet - Wide Open
1630702,Jaden Hardy,1610612742,DAL,21.0,72,47,0.226,47,107,0.439,0.607,0.032,11,15,0.733,0.194,36,92,0.391,2023-24,Regular Season,6+ Feet - Wide Open
1641710,Anthony Black,1610612753,ORL,20.0,69,45,0.433,46,107,0.43,0.593,0.081,11,20,0.55,0.352,35,87,0.402,2023-24,Regular Season,6+ Feet - Wide Open
203926,Doug McDermott,1610612754,IND,32.0,64,49,0.37,50,105,0.476,0.69,0.018,5,5,1.0,0.352,45,100,0.45,2023-24,Regular Season,6+ Feet - Wide Open
203914,Gary Harris,1610612753,ORL,29.0,54,49,0.354,49,105,0.467,0.671,0.02,6,6,1.0,0.333,43,99,0.434,2023-24,Regular Season,6+ Feet - Wide Open
1629026,Kenrich Williams,1610612760,OKC,29.0,69,55,0.375,45,105,0.429,0.605,0.039,8,11,0.727,0.336,37,94,0.394,2023-24,Regular Season,6+ Feet - Wide Open
203109,Jae Crowder,1610612749,MIL,33.0,50,42,0.389,36,105,0.343,0.49,0.037,5,10,0.5,0.352,31,95,0.326,2023-24,Regular Season,6+ Feet - Wide Open
1630598,Aaron Wiggins,1610612760,OKC,25.0,78,55,0.273,56,103,0.544,0.777,0.027,8,10,0.8,0.247,48,93,0.516,2023-24,Regular Season,6+ Feet - Wide Open
1641733,Nick Smith Jr.,1610612766,CHA,20.0,50,41,0.361,55,103,0.534,0.772,0.053,6,15,0.4,0.309,49,88,0.557,2023-24,Regular Season,6+ Feet - Wide Open
203944,Julius Randle,1610612752,NYK,29.0,46,43,0.125,37,103,0.359,0.481,0.025,12,21,0.571,0.099,25,82,0.305,2023-24,Regular Season,6+ Feet - Wide Open
1627742,Brandon Ingram,1610612740,NOP,26.0,63,50,0.102,47,102,0.461,0.593,0.025,20,25,0.8,0.077,27,77,0.351,2023-24,Regular Season,6+ Feet - Wide Open
203954,Joel Embiid,1610612755,PHI,30.0,39,36,0.118,58,100,0.58,0.75,0.041,24,35,0.686,0.076,34,65,0.523,2023-24,Regular Season,6+ Feet - Wide Open
1630230,Naji Marshall,1610612740,NOP,26.0,65,47,0.274,43,100,0.43,0.615,0.025,6,9,0.667,0.249,37,91,0.407,2023-24,Regular Season,6+ Feet - Wide Open
201142,Kevin Durant,1610612756,PHX,35.0,74,53,0.07,62,99,0.626,0.808,0.022,26,31,0.839,0.048,36,68,0.529,2023-24,Regular Season,6+ Feet - Wide Open
1630625,Dalano Banton,1610612757,POR,24.0,53,35,0.202,32,98,0.327,0.469,0.017,4,8,0.5,0.186,28,90,0.311,2023-24,Regular Season,6+ Feet - Wide Open
203957,Dante Exum,1610612742,DAL,28.0,54,42,0.324,52,97,0.536,0.778,0.03,5,9,0.556,0.294,47,88,0.534,2023-24,Regular Season,6+ Feet - Wide Open
1630533,Ziaire Williams,1610612763,MEM,22.0,51,41,0.258,35,97,0.361,0.5,0.029,8,11,0.727,0.229,27,86,0.314,2023-24,Regular Season,6+ Feet - Wide Open
203200,Justin Holiday,1610612743,DEN,35.0,57,40,0.497,43,96,0.448,0.635,0.057,7,11,0.636,0.44,36,85,0.424,2023-24,Regular Season,6+ Feet - Wide Open
204060,Joe Ingles,1610612753,ORL,36.0,68,51,0.419,52,95,0.547,0.816,0.004,1,1,1.0,0.414,51,94,0.543,2023-24,Regular Season,6+ Feet - Wide Open
203924,Jerami Grant,1610612757,POR,30.0,54,48,0.111,52,94,0.553,0.766,0.016,12,14,0.857,0.094,40,80,0.5,2023-24,Regular Season,6+ Feet - Wide Open
203994,Jusuf Nurkić,1610612756,PHX,29.0,74,47,0.153,27,94,0.287,0.399,0.016,6,10,0.6,0.137,21,84,0.25,2023-24,Regular Season,6+ Feet - Wide Open
1641715,Cam Whitmore,1610612745,HOU,19.0,47,38,0.199,49,93,0.527,0.742,0.03,9,14,0.643,0.169,40,79,0.506,2023-24,Regular Season,6+ Feet - Wide Open
202330,Gordon Hayward,1610612760,OKC,34.0,51,46,0.231,46,93,0.495,0.634,0.092,20,37,0.541,0.139,26,56,0.464,2023-24,Regular Season,6+ Feet - Wide Open
1627739,Kris Dunn,1610612762,UTA,30.0,65,50,0.297,38,93,0.409,0.581,0.019,6,6,1.0,0.278,32,87,0.368,2023-24,Regular Season,6+ Feet - Wide Open
1631097,Bennedict Mathurin,1610612754,IND,22.0,59,44,0.139,44,92,0.478,0.663,0.029,10,19,0.526,0.11,34,73,0.466,2023-24,Regular Season,6+ Feet - Wide Open
1629629,Cam Reddish,1610612747,LAL,24.0,47,33,0.404,30,92,0.326,0.462,0.057,5,13,0.385,0.346,25,79,0.316,2023-24,Regular Season,6+ Feet - Wide Open
1628372,Dennis Smith Jr.,1610612751,BKN,26.0,54,45,0.278,40,91,0.44,0.582,0.064,14,21,0.667,0.214,26,70,0.371,2023-24,Regular Season,6+ Feet - Wide Open
1631107,Nikola Jović,1610612748,MIA,21.0,45,36,0.327,38,91,0.418,0.621,0.014,1,4,0.25,0.313,37,87,0.425,2023-24,Regular Season,6+ Feet - Wide Open
202710,Jimmy Butler III,1610612748,MIA,34.0,60,47,0.114,54,90,0.6,0.794,0.032,19,25,0.76,0.082,35,65,0.538,2023-24,Regular Season,6+ Feet - Wide Open
1629013,Landry Shamet,1610612764,WAS,27.0,46,37,0.331,40,90,0.444,0.628,0.033,7,9,0.778,0.298,33,81,0.407,2023-24,Regular Season,6+ Feet - Wide Open
1630541,Moses Moody,1610612744,GSW,22.0,65,44,0.218,45,89,0.506,0.685,0.044,13,18,0.722,0.174,32,71,0.451,2023-24,Regular Season,6+ Feet - Wide Open
1630540,Miles McBride,1610612752,NYK,23.0,68,44,0.198,39,89,0.438,0.618,0.022,7,10,0.7,0.176,32,79,0.405,2023-24,Regular Season,6+ Feet - Wide Open
1630538,Bones Hyland,1610612746,LAC,23.0,36,30,0.359,33,89,0.371,0.534,0.024,4,6,0.667,0.335,29,83,0.349,2023-24,Regular Season,6+ Feet - Wide Open
1631124,Julian Strawther,1610612743,DEN,22.0,48,34,0.409,26,88,0.295,0.438,0.014,1,3,0.333,0.395,25,85,0.294,2023-24,Regular Season,6+ Feet - Wide Open
1629006,Josh Okogie,1610612756,PHX,25.0,59,42,0.426,28,87,0.322,0.466,0.025,3,5,0.6,0.402,25,82,0.305,2023-24,Regular Season,6+ Feet - Wide Open
1628389,Bam Adebayo,1610612748,MIA,26.0,70,48,0.086,42,86,0.488,0.564,0.055,29,55,0.527,0.031,13,31,0.419,2023-24,Regular Season,6+ Feet - Wide Open
1641707,Taylor Hendricks,1610612762,UTA,20.0,40,33,0.358,35,86,0.407,0.593,0.017,3,4,0.75,0.342,32,82,0.39,2023-24,Regular Season,6+ Feet - Wide Open
1630692,Jordan Goodwin,1610612763,MEM,25.0,56,42,0.223,36,85,0.424,0.588,0.042,8,16,0.5,0.181,28,69,0.406,2023-24,Regular Season,6+ Feet - Wide Open
1628467,Maxi Kleber,1610612742,DAL,32.0,42,36,0.59,33,85,0.388,0.565,0.049,3,7,0.429,0.542,30,78,0.385,2023-24,Regular Season,6+ Feet - Wide Open
1628426,Sasha Vezenkov,1610612758,SAC,28.0,42,34,0.452,32,85,0.376,0.535,0.048,5,9,0.556,0.404,27,76,0.355,2023-24,Regular Season,6+ Feet - Wide Open
1626196,Josh Richardson,1610612748,MIA,30.0,42,35,0.249,40,84,0.476,0.625,0.059,15,20,0.75,0.189,25,64,0.391,2023-24,Regular Season,6+ Feet - Wide Open
1628971,Bruce Brown,1610612761,TOR,27.0,67,46,0.146,34,84,0.405,0.494,0.042,19,24,0.792,0.104,15,60,0.25,2023-24,Regular Season,6+ Feet - Wide Open
1631133,Jabari Walker,1610612757,POR,21.0,72,49,0.165,28,84,0.333,0.476,0.012,4,6,0.667,0.153,24,78,0.308,2023-24,Regular Season,6+ Feet - Wide Open
1629723,John Konchar,1610612763,MEM,28.0,55,40,0.394,33,82,0.402,0.573,0.029,5,6,0.833,0.365,28,76,0.368,2023-24,Regular Season,6+ Feet - Wide Open
1630173,Precious Achiuwa,1610612752,NYK,24.0,74,48,0.176,29,82,0.354,0.476,0.028,9,13,0.692,0.148,20,69,0.29,2023-24,Regular Season,6+ Feet - Wide Open
203935,Marcus Smart,1610612763,MEM,30.0,20,20,0.346,29,82,0.354,0.524,0.013,1,3,0.333,0.333,28,79,0.354,2023-24,Regular Season,6+ Feet - Wide Open
1630214,Xavier Tillman,1610612738,BOS,25.0,54,37,0.297,24,82,0.293,0.409,0.033,5,9,0.556,0.264,19,73,0.26,2023-24,Regular Season,6+ Feet - Wide Open
1631121,Bryce McGowens,1610612766,CHA,21.0,59,38,0.348,28,80,0.35,0.494,0.043,5,10,0.5,0.304,23,70,0.329,2023-24,Regular Season,6+ Feet - Wide Open
203995,Vasilije Micic,1610612766,CHA,30.0,59,45,0.224,24,80,0.3,0.388,0.039,10,14,0.714,0.185,14,66,0.212,2023-24,Regular Season,6+ Feet - Wide Open
1631223,David Roddy,1610612756,PHX,23.0,64,35,0.203,23,80,0.288,0.413,0.02,3,8,0.375,0.183,20,72,0.278,2023-24,Regular Season,6+ Feet - Wide Open
1628470,Torrey Craig,1610612741,CHI,33.0,52,36,0.324,32,78,0.41,0.603,0.017,2,4,0.5,0.307,30,74,0.405,2023-24,Regular Season,6+ Feet - Wide Open
1628972,Troy Brown Jr.,1610612765,DET,24.0,58,39,0.347,26,78,0.333,0.487,0.018,2,4,0.5,0.329,24,74,0.324,2023-24,Regular Season,6+ Feet - Wide Open
1629162,Jordan McLaughlin,1610612750,MIN,28.0,56,34,0.531,39,77,0.506,0.76,0.007,0,1,0.0,0.524,39,76,0.513,2023-24,Regular Season,6+ Feet - Wide Open
203897,Zach LaVine,1610612741,CHI,29.0,25,25,0.205,31,77,0.403,0.519,0.064,13,24,0.542,0.141,18,53,0.34,2023-24,Regular Season,6+ Feet - Wide Open
1628464,Daniel Theis,1610612746,LAC,32.0,59,43,0.273,34,76,0.447,0.605,0.068,10,19,0.526,0.205,24,57,0.421,2023-24,Regular Season,6+ Feet - Wide Open
1626174,Christian Wood,1610612747,LAL,28.0,49,34,0.297,30,76,0.395,0.533,0.043,9,11,0.818,0.254,21,65,0.323,2023-24,Regular Season,6+ Feet - Wide Open
1630537,Chris Duarte,1610612758,SAC,27.0,59,40,0.362,26,76,0.342,0.493,0.038,3,8,0.375,0.324,23,68,0.338,2023-24,Regular Season,6+ Feet - Wide Open
1630165,Killian Hayes,1610612765,DET,22.0,42,31,0.265,26,75,0.347,0.44,0.088,12,25,0.48,0.177,14,50,0.28,2023-24,Regular Season,6+ Feet - Wide Open
1641708,Amen Thompson,1610612745,HOU,21.0,62,42,0.168,22,75,0.293,0.347,0.054,14,24,0.583,0.114,8,51,0.157,2023-24,Regular Season,6+ Feet - Wide Open
1631222,Jake LaRavia,1610612763,MEM,22.0,35,29,0.244,28,74,0.378,0.547,0.01,3,3,1.0,0.234,25,71,0.352,2023-24,Regular Season,6+ Feet - Wide Open
1630215,Jared Butler,1610612764,WAS,23.0,40,31,0.365,28,73,0.384,0.521,0.055,8,11,0.727,0.31,20,62,0.323,2023-24,Regular Season,6+ Feet - Wide Open
203095,Evan Fournier,1610612765,DET,31.0,31,27,0.335,26,73,0.356,0.507,0.032,4,7,0.571,0.303,22,66,0.333,2023-24,Regular Season,6+ Feet - Wide Open
1626204,Larry Nance Jr.,1610612740,NOP,31.0,61,39,0.299,32,72,0.444,0.611,0.062,8,15,0.533,0.237,24,57,0.421,2023-24,Regular Season,6+ Feet - Wide Open
1631216,Caleb Houstan,1610612753,ORL,21.0,59,35,0.345,30,71,0.423,0.627,0.01,1,2,0.5,0.335,29,69,0.42,2023-24,Regular Season,6+ Feet - Wide Open
1628371,Jonathan Isaac,1610612753,ORL,26.0,58,44,0.248,28,71,0.394,0.535,0.042,8,12,0.667,0.206,20,59,0.339,2023-24,Regular Season,6+ Feet - Wide Open
204456,T.J. McConnell,1610612754,IND,32.0,71,43,0.118,38,70,0.543,0.65,0.057,23,34,0.676,0.061,15,36,0.417,2023-24,Regular Season,6+ Feet - Wide Open
1630256,Jae'Sean Tate,1610612745,HOU,28.0,65,40,0.306,20,70,0.286,0.421,0.017,1,4,0.25,0.288,19,66,0.288,2023-24,Regular Season,6+ Feet - Wide Open
1631172,Ousmane Dieng,1610612760,OKC,21.0,33,27,0.586,26,68,0.382,0.529,0.069,6,8,0.75,0.517,20,60,0.333,2023-24,Regular Season,6+ Feet - Wide Open
1629002,Chimezie Metu,1610612765,DET,27.0,50,34,0.282,19,68,0.279,0.39,0.017,4,4,1.0,0.266,15,64,0.234,2023-24,Regular Season,6+ Feet - Wide Open
1630194,Paul Reed,1610612755,PHI,25.0,81,39,0.139,32,65,0.492,0.623,0.047,15,22,0.682,0.092,17,43,0.395,2023-24,Regular Season,6+ Feet - Wide Open
1641729,Brice Sensabaugh,1610612762,UTA,20.0,31,23,0.309,24,64,0.375,0.531,0.034,4,7,0.571,0.275,20,57,0.351,2023-24,Regular Season,6+ Feet - Wide Open
1630550,JT Thor,1610612766,CHA,21.0,62,36,0.354,23,64,0.359,0.484,0.05,7,9,0.778,0.304,16,55,0.291,2023-24,Regular Season,6+ Feet - Wide Open
1630201,Malachi Flynn,1610612765,DET,26.0,68,40,0.194,23,63,0.365,0.5,0.028,6,9,0.667,0.167,17,54,0.315,2023-24,Regular Season,6+ Feet - Wide Open
1631260,AJ Green,1610612749,MIL,24.0,56,32,0.311,28,61,0.459,0.68,0.01,1,2,0.5,0.301,27,59,0.458,2023-24,Regular Season,6+ Feet - Wide Open
1627780,Gary Payton II,1610612744,GSW,31.0,44,29,0.333,25,61,0.41,0.566,0.044,6,8,0.75,0.29,19,53,0.358,2023-24,Regular Season,6+ Feet - Wide Open
203552,Seth Curry,1610612766,CHA,33.0,44,27,0.296,26,60,0.433,0.608,0.049,5,10,0.5,0.246,21,50,0.42,2023-24,Regular Season,6+ Feet - Wide Open
1629642,Nassir Little,1610612756,PHX,24.0,45,31,0.484,21,60,0.35,0.5,0.032,3,4,0.75,0.452,18,56,0.321,2023-24,Regular Season,6+ Feet - Wide Open
1630596,Evan Mobley,1610612739,CLE,23.0,50,38,0.107,34,59,0.576,0.703,0.04,19,22,0.864,0.067,15,37,0.405,2023-24,Regular Season,6+ Feet - Wide Open
203937,Kyle Anderson,1610612750,MIN,30.0,79,38,0.136,22,59,0.373,0.458,0.046,12,20,0.6,0.09,10,39,0.256,2023-24,Regular Season,6+ Feet - Wide Open
1630572,Sandro Mamukelashvili,1610612759,SAS,25.0,45,25,0.383,21,59,0.356,0.5,0.026,4,4,1.0,0.357,17,55,0.309,2023-24,Regular Season,6+ Feet - Wide Open
203488,Mike Muscala,1610612760,OKC,33.0,53,29,0.381,19,59,0.322,0.458,0.032,3,5,0.6,0.348,16,54,0.296,2023-24,Regular Season,6+ Feet - Wide Open
1629726,Garrison Mathews,1610612737,ATL,27.0,66,35,0.257,30,58,0.517,0.767,0.009,1,2,0.5,0.248,29,56,0.518,2023-24,Regular Season,6+ Feet - Wide Open
1631311,Lester Quinones,1610612744,GSW,23.0,36,25,0.42,25,58,0.431,0.621,0.029,3,4,0.75,0.391,22,54,0.407,2023-24,Regular Season,6+ Feet - Wide Open
202083,Wesley Matthews,1610612737,ATL,37.0,36,29,0.598,24,58,0.414,0.603,0.031,2,3,0.667,0.567,22,55,0.4,2023-24,Regular Season,6+ Feet - Wide Open
1630592,Jalen Wilson,1610612751,BKN,23.0,41,28,0.36,24,58,0.414,0.595,0.025,3,4,0.75,0.335,21,54,0.389,2023-24,Regular Season,6+ Feet - Wide Open
1629003,Shake Milton,1610612752,NYK,27.0,48,34,0.297,19,58,0.328,0.448,0.046,5,9,0.556,0.251,14,49,0.286,2023-24,Regular Season,6+ Feet - Wide Open
1628386,Jarrett Allen,1610612739,CLE,26.0,77,39,0.07,31,57,0.544,0.544,0.064,31,52,0.596,0.006,0,5,0.0,2023-24,Regular Season,6+ Feet - Wide Open
1630699,MarJon Beauchamp,1610612749,MIL,23.0,48,29,0.343,28,57,0.491,0.684,0.054,6,9,0.667,0.289,22,48,0.458,2023-24,Regular Season,6+ Feet - Wide Open
1629111,Jock Landale,1610612745,HOU,28.0,56,29,0.277,24,56,0.429,0.518,0.104,14,21,0.667,0.173,10,35,0.286,2023-24,Regular Season,6+ Feet - Wide Open
1629667,Jalen McDaniels,1610612761,TOR,26.0,49,29,0.301,14,56,0.25,0.339,0.027,4,5,0.8,0.274,10,51,0.196,2023-24,Regular Season,6+ Feet - Wide Open
1629028,Deandre Ayton,1610612757,POR,25.0,54,31,0.076,32,55,0.582,0.591,0.064,31,46,0.674,0.012,1,9,0.111,2023-24,Regular Season,6+ Feet - Wide Open
1630168,Onyeka Okongwu,1610612737,ATL,23.0,55,35,0.152,26,55,0.473,0.618,0.03,10,11,0.909,0.121,16,44,0.364,2023-24,Regular Season,6+ Feet - Wide Open
1628995,Kevin Knox II,1610612757,POR,24.0,31,21,0.29,22,54,0.407,0.574,0.032,4,6,0.667,0.258,18,48,0.375,2023-24,Regular Season,6+ Feet - Wide Open
1631207,Dalen Terry,1610612741,CHI,21.0,58,32,0.358,16,54,0.296,0.398,0.04,5,6,0.833,0.318,11,48,0.229,2023-24,Regular Season,6+ Feet - Wide Open
1631108,Max Christie,1610612747,LAL,21.0,66,29,0.226,23,53,0.434,0.632,0.017,2,4,0.5,0.209,21,49,0.429,2023-24,Regular Season,6+ Feet - Wide Open
1629007,Jontay Porter,1610612765,DET,24.0,25,20,0.51,18,53,0.34,0.5,0.038,1,4,0.25,0.471,17,49,0.347,2023-24,Regular Season,6+ Feet - Wide Open
1631104,Blake Wesley,1610612759,SAS,21.0,60,32,0.245,19,52,0.365,0.471,0.052,8,11,0.727,0.193,11,41,0.268,2023-24,Regular Season,6+ Feet - Wide Open
202722,Davis Bertans,1610612766,CHA,31.0,42,29,0.226,23,51,0.451,0.657,0.022,2,5,0.4,0.204,21,46,0.457,2023-24,Regular Season,6+ Feet - Wide Open
1628964,Mo Bamba,1610612755,PHI,26.0,56,30,0.256,19,50,0.38,0.56,0.015,1,3,0.333,0.241,18,47,0.383,2023-24,Regular Season,6+ Feet - Wide Open
1630590,Scotty Pippen Jr.,1610612763,MEM,23.0,21,19,0.241,28,49,0.571,0.755,0.054,10,11,0.909,0.187,18,38,0.474,2023-24,Regular Season,6+ Feet - Wide Open
1631106,Tari Eason,1610612745,HOU,23.0,22,20,0.259,26,49,0.531,0.694,0.069,10,13,0.769,0.19,16,36,0.444,2023-24,Regular Season,6+ Feet - Wide Open
1641748,Andre Jackson Jr.,1610612749,MIL,22.0,57,28,0.49,23,49,0.469,0.633,0.08,7,8,0.875,0.41,16,41,0.39,2023-24,Regular Season,6+ Feet - Wide Open
1628998,Cody Martin,1610612766,CHA,28.0,28,25,0.228,17,49,0.347,0.49,0.042,3,9,0.333,0.186,14,40,0.35,2023-24,Regular Season,6+ Feet - Wide Open
1641712,Rayan Rupert,1610612757,POR,20.0,38,20,0.304,20,48,0.417,0.604,0.025,2,4,0.5,0.278,18,44,0.409,2023-24,Regular Season,6+ Feet - Wide Open
1630322,Lindy Waters III,1610612760,OKC,26.0,38,22,0.462,20,48,0.417,0.615,0.029,1,3,0.333,0.433,19,45,0.422,2023-24,Regular Season,6+ Feet - Wide Open
1631116,Patrick Baldwin Jr.,1610612764,WAS,21.0,38,23,0.31,17,48,0.354,0.531,0.013,0,2,0.0,0.297,17,46,0.37,2023-24,Regular Season,6+ Feet - Wide Open
201988,Patty Mills,1610612748,MIA,35.0,32,24,0.366,16,48,0.333,0.469,0.031,3,4,0.75,0.336,13,44,0.295,2023-24,Regular Season,6+ Feet - Wide Open
1626153,Delon Wright,1610612748,MIA,32.0,47,30,0.245,21,46,0.457,0.641,0.037,4,7,0.571,0.207,17,39,0.436,2023-24,Regular Season,6+ Feet - Wide Open
1630647,Eugene Omoruyi,1610612764,WAS,27.0,43,26,0.28,18,46,0.391,0.489,0.061,9,10,0.9,0.22,9,36,0.25,2023-24,Regular Season,6+ Feet - Wide Open
201568,Danilo Gallinari,1610612749,MIL,35.0,49,26,0.242,17,46,0.37,0.5,0.032,5,6,0.833,0.211,12,40,0.3,2023-24,Regular Season,6+ Feet - Wide Open
1629052,Oshae Brissett,1610612738,BOS,26.0,55,28,0.301,16,46,0.348,0.478,0.033,4,5,0.8,0.268,12,41,0.293,2023-24,Regular Season,6+ Feet - Wide Open
1628966,Keita Bates-Diop,1610612751,BKN,28.0,52,26,0.288,16,46,0.348,0.5,0.013,2,2,1.0,0.275,14,44,0.318,2023-24,Regular Season,6+ Feet - Wide Open
1629139,Yuta Watanabe,1610612763,MEM,29.0,33,20,0.407,14,46,0.304,0.435,0.018,2,2,1.0,0.389,12,44,0.273,2023-24,Regular Season,6+ Feet - Wide Open
1630531,Jaden Springer,1610612738,BOS,21.0,48,25,0.311,14,46,0.304,0.391,0.047,6,7,0.857,0.264,8,39,0.205,2023-24,Regular Season,6+ Feet - Wide Open
1630205,Lamar Stevens,1610612763,MEM,26.0,38,24,0.183,19,44,0.432,0.534,0.063,10,15,0.667,0.121,9,29,0.31,2023-24,Regular Season,6+ Feet - Wide Open
202694,Marcus Morris Sr.,1610612739,CLE,34.0,49,26,0.167,17,44,0.386,0.58,0.015,0,4,0.0,0.152,17,40,0.425,2023-24,Regular Season,6+ Feet - Wide Open
1630264,Anthony Gill,1610612764,WAS,31.0,50,22,0.275,16,44,0.364,0.455,0.05,8,8,1.0,0.225,8,36,0.222,2023-24,Regular Season,6+ Feet - Wide Open
1629643,Chuma Okeke,1610612753,ORL,25.0,47,23,0.393,11,44,0.25,0.364,0.027,1,3,0.333,0.366,10,41,0.244,2023-24,Regular Season,6+ Feet - Wide Open
1629677,Luka Samanic,1610612762,UTA,24.0,42,21,0.289,7,44,0.159,0.227,0.013,1,2,0.5,0.276,6,42,0.143,2023-24,Regular Season,6+ Feet - Wide Open
1630570,Trendon Watford,1610612751,BKN,23.0,61,27,0.144,27,42,0.643,0.857,0.034,9,10,0.9,0.11,18,32,0.563,2023-24,Regular Season,6+ Feet - Wide Open
1629626,Bol Bol,1610612756,PHX,24.0,41,24,0.296,24,42,0.571,0.762,0.063,8,9,0.889,0.232,16,33,0.485,2023-24,Regular Season,6+ Feet - Wide Open
1630219,Skylar Mays,1610612747,LAL,26.0,38,15,0.264,18,42,0.429,0.595,0.031,4,5,0.8,0.233,14,37,0.378,2023-24,Regular Season,6+ Feet - Wide Open
203493,Reggie Bullock Jr.,1610612745,HOU,33.0,44,28,0.525,16,42,0.381,0.571,0.013,0,1,0.0,0.513,16,41,0.39,2023-24,Regular Season,6+ Feet - Wide Open
1630587,Isaiah Livers,1610612765,DET,25.0,23,19,0.368,14,42,0.333,0.488,0.009,1,1,1.0,0.36,13,41,0.317,2023-24,Regular Season,6+ Feet - Wide Open
1641738,Kobe Brown,1610612746,LAC,24.0,43,23,0.483,12,42,0.286,0.417,0.023,1,2,0.5,0.46,11,40,0.275,2023-24,Regular Season,6+ Feet - Wide Open
203497,Rudy Gobert,1610612750,MIN,32.0,76,32,0.067,27,41,0.659,0.659,0.062,27,38,0.711,0.005,0,3,0.0,2023-24,Regular Season,6+ Feet - Wide Open
1630346,Matt Ryan,1610612740,NOP,27.0,28,19,0.363,22,41,0.537,0.768,0.044,3,5,0.6,0.319,19,36,0.528,2023-24,Regular Season,6+ Feet - Wide Open
1628449,Chris Boucher,1610612761,TOR,31.0,49,29,0.193,20,41,0.488,0.646,0.033,7,7,1.0,0.16,13,34,0.382,2023-24,Regular Season,6+ Feet - Wide Open
1641765,Olivier-Maxence Prosper,1610612742,DAL,21.0,40,19,0.385,14,40,0.35,0.475,0.048,4,5,0.8,0.337,10,35,0.286,2023-24,Regular Season,6+ Feet - Wide Open
1628420,Monte Morris,1610612750,MIN,29.0,33,24,0.261,13,40,0.325,0.45,0.033,3,5,0.6,0.229,10,35,0.286,2023-24,Regular Season,6+ Feet - Wide Open
1629627,Zion Williamson,1610612740,NOP,23.0,69,28,0.036,27,39,0.692,0.769,0.021,21,23,0.913,0.015,6,16,0.375,2023-24,Regular Season,6+ Feet - Wide Open
1629630,Ja Morant,1610612763,MEM,24.0,9,9,0.229,13,39,0.333,0.462,0.041,3,7,0.429,0.188,10,32,0.313,2023-24,Regular Season,6+ Feet - Wide Open
1641716,Jarace Walker,1610612754,IND,20.0,33,21,0.345,17,38,0.447,0.632,0.064,3,7,0.429,0.282,14,31,0.452,2023-24,Regular Season,6+ Feet - Wide Open
1630526,Jeremiah Robinson-Earl,1610612740,NOP,23.0,38,24,0.409,15,38,0.395,0.539,0.065,4,6,0.667,0.344,11,32,0.344,2023-24,Regular Season,6+ Feet - Wide Open
1631098,Johnny Davis,1610612764,WAS,22.0,50,20,0.242,18,37,0.486,0.635,0.085,7,13,0.538,0.157,11,24,0.458,2023-24,Regular Season,6+ Feet - Wide Open
1630639,A.J. Lawson,1610612742,DAL,23.0,41,19,0.308,14,37,0.378,0.486,0.05,6,6,1.0,0.258,8,31,0.258,2023-24,Regular Season,6+ Feet - Wide Open
1629004,Svi Mykhailiuk,1610612738,BOS,27.0,41,23,0.263,13,36,0.361,0.528,0.015,1,2,0.5,0.248,12,34,0.353,2023-24,Regular Season,6+ Feet - Wide Open
1641763,Julian Phillips,1610612741,CHI,20.0,39,20,0.474,12,36,0.333,0.486,0.039,1,3,0.333,0.434,11,33,0.333,2023-24,Regular Season,6+ Feet - Wide Open
1630197,Aleksej Pokusevski,1610612766,CHA,22.0,27,19,0.294,13,35,0.371,0.514,0.042,3,5,0.6,0.252,10,30,0.333,2023-24,Regular Season,6+ Feet - Wide Open
1630548,Johnny Juzang,1610612762,UTA,23.0,19,16,0.318,16,34,0.471,0.706,0.0,0,0,,0.318,16,34,0.471,2023-24,Regular Season,6+ Feet - Wide Open
200782,P.J. Tucker,1610612746,LAC,39.0,31,17,0.66,10,33,0.303,0.439,0.04,1,2,0.5,0.62,9,31,0.29,2023-24,Regular Season,6+ Feet - Wide Open
1630184,Kira Lewis Jr.,1610612762,UTA,23.0,27,18,0.371,6,33,0.182,0.227,0.101,3,9,0.333,0.27,3,24,0.125,2023-24,Regular Season,6+ Feet - Wide Open
1630231,KJ Martin,1610612755,PHI,23.0,60,20,0.177,13,32,0.406,0.516,0.039,6,7,0.857,0.138,7,25,0.28,2023-24,Regular Season,6+ Feet - Wide Open
1630527,Brandon Boston,1610612746,LAC,22.0,32,13,0.203,13,32,0.406,0.547,0.038,4,6,0.667,0.165,9,26,0.346,2023-24,Regular Season,6+ Feet - Wide Open
1631303,Justin Minaya,1610612757,POR,25.0,34,15,0.432,10,32,0.313,0.453,0.014,1,1,1.0,0.419,9,31,0.29,2023-24,Regular Season,6+ Feet - Wide Open
1631221,Collin Gillespie,1610612743,DEN,25.0,24,13,0.449,15,31,0.484,0.694,0.029,2,2,1.0,0.42,13,29,0.448,2023-24,Regular Season,6+ Feet - Wide Open
1641854,Craig Porter Jr.,1610612739,CLE,24.0,51,21,0.133,15,30,0.5,0.6,0.062,9,14,0.643,0.071,6,16,0.375,2023-24,Regular Season,6+ Feet - Wide Open
1627863,Danuel House Jr.,1610612755,PHI,31.0,34,20,0.286,12,30,0.4,0.567,0.029,2,3,0.667,0.257,10,27,0.37,2023-24,Regular Season,6+ Feet - Wide Open
1628963,Marvin Bagley III,1610612764,WAS,25.0,50,20,0.071,17,29,0.586,0.741,0.027,8,11,0.727,0.044,9,18,0.5,2023-24,Regular Season,6+ Feet - Wide Open
1630249,Vít Krejčí,1610612737,ATL,24.0,22,14,0.279,16,29,0.552,0.776,0.029,3,3,1.0,0.25,13,26,0.5,2023-24,Regular Season,6+ Feet - Wide Open
202693,Markieff Morris,1610612742,DAL,34.0,25,11,0.439,11,29,0.379,0.552,0.03,1,2,0.5,0.409,10,27,0.37,2023-24,Regular Season,6+ Feet - Wide Open
1630209,Omer Yurtseven,1610612762,UTA,26.0,47,17,0.158,11,29,0.379,0.466,0.049,6,9,0.667,0.109,5,20,0.25,2023-24,Regular Season,6+ Feet - Wide Open
1641787,Tosan Evbuomwan,1610612765,DET,23.0,17,14,0.408,10,29,0.345,0.517,0.0,0,0,,0.408,10,29,0.345,2023-24,Regular Season,6+ Feet - Wide Open
1629651,Nic Claxton,1610612751,BKN,25.0,68,19,0.05,21,28,0.75,0.75,0.045,21,25,0.84,0.005,0,3,0.0,2023-24,Regular Season,6+ Feet - Wide Open
1631117,Walker Kessler,1610612762,UTA,22.0,63,22,0.082,12,28,0.429,0.5,0.026,8,9,0.889,0.056,4,19,0.211,2023-24,Regular Season,6+ Feet - Wide Open
1628365,Markelle Fultz,1610612753,ORL,26.0,43,18,0.086,12,28,0.429,0.5,0.04,8,13,0.615,0.046,4,15,0.267,2023-24,Regular Season,6+ Feet - Wide Open
1629020,Jarred Vanderbilt,1610612747,LAL,25.0,28,17,0.267,11,28,0.393,0.536,0.029,3,3,1.0,0.238,8,25,0.32,2023-24,Regular Season,6+ Feet - Wide Open
1630551,Justin Champagnie,1610612764,WAS,23.0,15,13,0.359,10,28,0.357,0.518,0.013,1,1,1.0,0.346,9,27,0.333,2023-24,Regular Season,6+ Feet - Wide Open
1629669,Jaylen Nowell,1610612758,SAC,24.0,13,11,0.359,8,28,0.286,0.375,0.064,3,5,0.6,0.295,5,23,0.217,2023-24,Regular Season,6+ Feet - Wide Open
1641741,Ricky Council IV,1610612755,PHI,22.0,31,17,0.245,12,27,0.444,0.611,0.027,3,3,1.0,0.218,9,24,0.375,2023-24,Regular Season,6+ Feet - Wide Open
1630568,Luka Garza,1610612750,MIN,25.0,25,14,0.36,7,27,0.259,0.37,0.013,1,1,1.0,0.347,6,26,0.231,2023-24,Regular Season,6+ Feet - Wide Open
1629750,Javonte Green,1610612741,CHI,30.0,9,8,0.347,11,26,0.423,0.596,0.04,2,3,0.667,0.307,9,23,0.391,2023-24,Regular Season,6+ Feet - Wide Open
1641730,Noah Clowney,1610612751,BKN,19.0,22,12,0.313,10,26,0.385,0.558,0.012,1,1,1.0,0.301,9,25,0.36,2023-24,Regular Season,6+ Feet - Wide Open
1641774,Tristan Vukcevic,1610612764,WAS,21.0,10,7,0.388,6,26,0.231,0.327,0.015,1,1,1.0,0.373,5,25,0.2,2023-24,Regular Season,6+ Feet - Wide Open
203496,Robert Covington,1610612755,PHI,33.0,29,13,0.255,12,25,0.48,0.7,0.01,1,1,1.0,0.245,11,24,0.458,2023-24,Regular Season,6+ Feet - Wide Open
1628418,Thomas Bryant,1610612748,MIA,26.0,37,17,0.175,7,25,0.28,0.34,0.063,4,9,0.444,0.112,3,16,0.188,2023-24,Regular Season,6+ Feet - Wide Open
1631254,Kenneth Lofton Jr.,1610612762,UTA,21.0,21,12,0.329,7,25,0.28,0.4,0.053,1,4,0.25,0.276,6,21,0.286,2023-24,Regular Season,6+ Feet - Wide Open
1629048,Goga Bitadze,1610612753,ORL,24.0,62,19,0.115,12,24,0.5,0.542,0.053,10,11,0.909,0.062,2,13,0.154,2023-24,Regular Season,6+ Feet - Wide Open
1627788,Furkan Korkmaz,1610612755,PHI,26.0,35,13,0.316,12,24,0.5,0.708,0.026,2,2,1.0,0.289,10,22,0.455,2023-24,Regular Season,6+ Feet - Wide Open
202066,Garrett Temple,1610612761,TOR,38.0,27,14,0.308,11,24,0.458,0.646,0.038,2,3,0.667,0.269,9,21,0.429,2023-24,Regular Season,6+ Feet - Wide Open
1630649,Stanley Umude,1610612765,DET,25.0,23,13,0.304,11,24,0.458,0.688,0.025,0,2,0.0,0.278,11,22,0.5,2023-24,Regular Season,6+ Feet - Wide Open
1631230,Dominick Barlow,1610612759,SAS,21.0,32,16,0.233,10,24,0.417,0.458,0.175,8,18,0.444,0.058,2,6,0.333,2023-24,Regular Season,6+ Feet - Wide Open
1631197,Jared Rhoden,1610612765,DET,24.0,17,11,0.364,10,24,0.417,0.542,0.061,4,4,1.0,0.303,6,20,0.3,2023-24,Regular Season,6+ Feet - Wide Open
202709,Cory Joseph,1610612744,GSW,32.0,26,16,0.371,9,23,0.391,0.565,0.016,1,1,1.0,0.355,8,22,0.364,2023-24,Regular Season,6+ Feet - Wide Open
1630177,Theo Maledon,1610612756,PHX,23.0,17,9,0.329,5,23,0.217,0.326,0.0,0,0,,0.329,5,23,0.217,2023-24,Regular Season,6+ Feet - Wide Open
1630611,Gui Santos,1610612744,GSW,22.0,22,14,0.4,11,22,0.5,0.727,0.018,1,1,1.0,0.382,10,21,0.476,2023-24,Regular Season,6+ Feet - Wide Open
1630549,Day'Ron Sharpe,1610612751,BKN,22.0,59,15,0.078,10,22,0.455,0.545,0.025,6,7,0.857,0.053,4,15,0.267,2023-24,Regular Season,6+ Feet - Wide Open
1628984,Devonte' Graham,1610612759,SAS,29.0,22,12,0.212,9,22,0.409,0.568,0.019,2,2,1.0,0.192,7,20,0.35,2023-24,Regular Season,6+ Feet - Wide Open
1641723,Kobe Bufkin,1610612737,ATL,20.0,17,12,0.239,8,22,0.364,0.5,0.033,2,3,0.667,0.207,6,19,0.316,2023-24,Regular Season,6+ Feet - Wide Open
1630192,Zeke Nnaji,1610612743,DEN,23.0,56,17,0.151,7,22,0.318,0.432,0.021,2,3,0.667,0.13,5,19,0.263,2023-24,Regular Season,6+ Feet - Wide Open
203991,Clint Capela,1610612737,ATL,30.0,73,17,0.034,19,21,0.905,0.905,0.034,19,21,0.905,0.0,0,0,,2023-24,Regular Season,6+ Feet - Wide Open
1628392,Isaiah Hartenstein,1610612752,NYK,26.0,75,17,0.058,16,21,0.762,0.786,0.052,15,19,0.789,0.006,1,2,0.5,2023-24,Regular Season,6+ Feet - Wide Open
1630556,Kessler Edwards,1610612758,SAC,23.0,54,17,0.263,8,21,0.381,0.571,0.0,0,0,,0.263,8,21,0.381,2023-24,Regular Season,6+ Feet - Wide Open
1641734,Emoni Bates,1610612739,CLE,20.0,15,8,0.429,6,21,0.286,0.405,0.041,1,2,0.5,0.388,5,19,0.263,2023-24,Regular Season,6+ Feet - Wide Open
1641732,Colby Jones,1610612758,SAC,22.0,30,12,0.296,5,21,0.238,0.286,0.042,3,3,1.0,0.254,2,18,0.111,2023-24,Regular Season,6+ Feet - Wide Open
1627751,Jakob Poeltl,1610612761,TOR,28.0,50,17,0.053,12,20,0.6,0.6,0.053,12,20,0.6,0.0,0,0,,2023-24,Regular Season,6+ Feet - Wide Open
1631105,Jalen Duren,1610612765,DET,20.0,60,19,0.036,10,20,0.5,0.5,0.03,10,17,0.588,0.005,0,3,0.0,2023-24,Regular Season,6+ Feet - Wide Open
1629618,Jalen Pickett,1610612743,DEN,24.0,26,13,0.571,9,20,0.45,0.65,0.057,1,2,0.5,0.514,8,18,0.444,2023-24,Regular Season,6+ Feet - Wide Open
1641931,Onuralp Bitim,1610612741,CHI,25.0,22,10,0.247,7,20,0.35,0.475,0.049,2,4,0.5,0.198,5,16,0.313,2023-24,Regular Season,6+ Feet - Wide Open
1631288,Jamal Cain,1610612748,MIA,25.0,25,10,0.256,6,20,0.3,0.45,0.013,0,1,0.0,0.244,6,19,0.316,2023-24,Regular Season,6+ Feet - Wide Open
1631241,Javon Freeman-Liberty,1610612761,TOR,24.0,21,11,0.165,5,20,0.25,0.325,0.025,2,3,0.667,0.14,3,17,0.176,2023-24,Regular Season,6+ Feet - Wide Open
1629655,Daniel Gafford,1610612742,DAL,25.0,73,16,0.04,16,19,0.842,0.842,0.04,16,19,0.842,0.0,0,0,,2023-24,Regular Season,6+ Feet - Wide Open
1630164,James Wiseman,1610612765,DET,23.0,62,15,0.064,9,19,0.474,0.474,0.061,9,18,0.5,0.003,0,1,0.0,2023-24,Regular Season,6+ Feet - Wide Open
1630696,Dru Smith,1610612748,MIA,26.0,9,7,0.576,9,19,0.474,0.658,0.061,2,2,1.0,0.515,7,17,0.412,2023-24,Regular Season,6+ Feet - Wide Open
1629216,Gabe Vincent,1610612747,LAL,28.0,11,9,0.388,4,19,0.211,0.263,0.082,2,4,0.5,0.306,2,15,0.133,2023-24,Regular Season,6+ Feet - Wide Open
1631173,Terquavion Smith,1610612755,PHI,21.0,15,6,0.419,9,18,0.5,0.722,0.023,1,1,1.0,0.395,8,17,0.471,2023-24,Regular Season,6+ Feet - Wide Open
1641778,Leaky Black,1610612766,CHA,25.0,26,12,0.346,8,18,0.444,0.611,0.058,2,3,0.667,0.288,6,15,0.4,2023-24,Regular Season,6+ Feet - Wide Open
201565,Derrick Rose,1610612763,MEM,35.0,24,12,0.103,9,17,0.529,0.735,0.018,2,3,0.667,0.085,7,14,0.5,2023-24,Regular Season,6+ Feet - Wide Open
1630208,Nick Richards,1610612766,CHA,26.0,66,15,0.046,9,17,0.529,0.529,0.046,9,17,0.529,0.0,0,0,,2023-24,Regular Season,6+ Feet - Wide Open
1630688,Ish Wainright,1610612756,PHX,29.0,11,7,0.708,7,17,0.412,0.618,0.0,0,0,,0.708,7,17,0.412,2023-24,Regular Season,6+ Feet - Wide Open
1630285,Zavier Simpson,1610612765,DET,27.0,7,5,0.315,6,17,0.353,0.5,0.037,1,2,0.5,0.278,5,15,0.333,2023-24,Regular Season,6+ Feet - Wide Open
1631100,AJ Griffin,1610612737,ATL,20.0,20,12,0.274,5,17,0.294,0.412,0.032,1,2,0.5,0.242,4,15,0.267,2023-24,Regular Season,6+ Feet - Wide Open
1626172,Kevon Looney,1610612744,GSW,28.0,74,14,0.069,13,16,0.813,0.813,0.069,13,16,0.813,0.0,0,0,,2023-24,Regular Season,6+ Feet - Wide Open
1631262,Jules Bernard,1610612764,WAS,24.0,19,10,0.25,7,16,0.438,0.594,0.047,2,3,0.667,0.203,5,13,0.385,2023-24,Regular Season,6+ Feet - Wide Open
1627745,Damian Jones,1610612739,CLE,29.0,39,10,0.222,5,16,0.313,0.406,0.042,2,3,0.667,0.181,3,13,0.231,2023-24,Regular Season,6+ Feet - Wide Open
1630186,Jahmi'us Ramsey,1610612761,TOR,23.0,7,7,0.39,3,16,0.188,0.25,0.024,1,1,1.0,0.366,2,15,0.133,2023-24,Regular Season,6+ Feet - Wide Open
1629234,Drew Eubanks,1610612756,PHX,27.0,73,13,0.061,11,15,0.733,0.833,0.049,8,12,0.667,0.012,3,3,1.0,2023-24,Regular Season,6+ Feet - Wide Open
1629685,Dylan Windler,1610612737,ATL,27.0,17,6,0.5,9,15,0.6,0.9,0.0,0,0,,0.5,9,15,0.6,2023-24,Regular Season,6+ Feet - Wide Open
1631115,Orlando Robinson,1610612748,MIA,23.0,36,9,0.208,8,15,0.533,0.767,0.014,1,1,1.0,0.194,7,14,0.5,2023-24,Regular Season,6+ Feet - Wide Open
1630204,Ashton Hagans,1610612757,POR,24.0,19,8,0.211,7,15,0.467,0.667,0.014,1,1,1.0,0.197,6,14,0.429,2023-24,Regular Season,6+ Feet - Wide Open
1630543,Isaiah Jackson,1610612754,IND,22.0,60,14,0.06,11,14,0.786,0.786,0.047,11,11,1.0,0.013,0,3,0.0,2023-24,Regular Season,6+ Feet - Wide Open
203925,Joe Harris,1610612765,DET,32.0,16,7,0.359,8,14,0.571,0.786,0.051,2,2,1.0,0.308,6,12,0.5,2023-24,Regular Season,6+ Feet - Wide Open
1630695,Micah Potter,1610612762,UTA,26.0,16,8,0.35,6,14,0.429,0.643,0.0,0,0,,0.35,6,14,0.429,2023-24,Regular Season,6+ Feet - Wide Open
1630235,Trent Forrest,1610612737,ATL,26.0,38,11,0.156,6,14,0.429,0.5,0.089,4,8,0.5,0.067,2,6,0.333,2023-24,Regular Season,6+ Feet - Wide Open
1629010,Jerome Robinson,1610612744,GSW,27.0,21,9,0.424,4,14,0.286,0.357,0.061,2,2,1.0,0.364,2,12,0.167,2023-24,Regular Season,6+ Feet - Wide Open
1630240,Saben Lee,1610612756,PHX,25.0,22,7,0.269,4,14,0.286,0.357,0.038,2,2,1.0,0.231,2,12,0.167,2023-24,Regular Season,6+ Feet - Wide Open
1627826,Ivica Zubac,1610612746,LAC,27.0,67,11,0.024,11,12,0.917,0.917,0.024,11,12,0.917,0.0,0,0,,2023-24,Regular Season,6+ Feet - Wide Open
1630288,Jeff Dowtin Jr.,1610612755,PHI,27.0,11,7,0.353,8,12,0.667,0.958,0.029,1,1,1.0,0.324,7,11,0.636,2023-24,Regular Season,6+ Feet - Wide Open
203490,Otto Porter Jr.,1610612761,TOR,31.0,15,7,0.364,7,12,0.583,0.833,0.03,1,1,1.0,0.333,6,11,0.545,2023-24,Regular Season,6+ Feet - Wide Open
201580,JaVale McGee,1610612758,SAC,36.0,46,12,0.091,5,12,0.417,0.417,0.045,5,6,0.833,0.045,0,6,0.0,2023-24,Regular Season,6+ Feet - Wide Open
1641724,Jett Howard,1610612753,ORL,20.0,18,9,0.4,3,12,0.25,0.375,0.0,0,0,,0.4,3,12,0.25,2023-24,Regular Season,6+ Feet - Wide Open
1628385,Harry Giles III,1610612747,LAL,26.0,23,11,0.25,3,12,0.25,0.375,0.021,0,1,0.0,0.229,3,11,0.273,2023-24,Regular Season,6+ Feet - Wide Open
1641726,Dereck Lively II,1610612742,DAL,20.0,55,11,0.037,8,11,0.727,0.727,0.03,8,9,0.889,0.007,0,2,0.0,2023-24,Regular Season,6+ Feet - Wide Open
1641970,Maozinha Pereira,1610612763,MEM,23.0,7,6,0.314,4,11,0.364,0.5,0.029,1,1,1.0,0.286,3,10,0.3,2023-24,Regular Season,6+ Feet - Wide Open
1631205,Buddy Boeheim,1610612765,DET,24.0,10,7,0.379,3,11,0.273,0.409,0.0,0,0,,0.379,3,11,0.273,2023-24,Regular Season,6+ Feet - Wide Open
1630227,Daishen Nix,1610612750,MIN,22.0,15,7,0.458,2,11,0.182,0.273,0.0,0,0,,0.458,2,11,0.182,2023-24,Regular Season,6+ Feet - Wide Open
1630547,James Bouknight,1610612766,CHA,23.0,14,7,0.244,7,10,0.7,1.0,0.024,1,1,1.0,0.22,6,9,0.667,2023-24,Regular Season,6+ Feet - Wide Open
1641998,Trey Jemison III,1610612763,MEM,24.0,25,8,0.074,6,10,0.6,0.6,0.074,6,10,0.6,0.0,0,0,,2023-24,Regular Season,6+ Feet - Wide Open
1629678,Admiral Schofield,1610612753,ORL,27.0,23,7,0.385,5,10,0.5,0.65,0.077,2,2,1.0,0.308,3,8,0.375,2023-24,Regular Season,6+ Feet - Wide Open
203933,T.J. Warren,1610612750,MIN,30.0,11,7,0.25,4,10,0.4,0.45,0.075,3,3,1.0,0.175,1,7,0.143,2023-24,Regular Season,6+ Feet - Wide Open
203486,Mason Plumlee,1610612746,LAC,34.0,46,6,0.065,3,10,0.3,0.3,0.026,3,4,0.75,0.039,0,6,0.0,2023-24,Regular Season,6+ Feet - Wide Open
1629637,Jaxson Hayes,1610612747,LAL,24.0,69,8,0.058,3,10,0.3,0.3,0.029,3,5,0.6,0.029,0,5,0.0,2023-24,Regular Season,6+ Feet - Wide Open
1631321,Sidy Cissoko,1610612759,SAS,20.0,12,5,0.303,3,10,0.3,0.35,0.061,2,2,1.0,0.242,1,8,0.125,2023-24,Regular Season,6+ Feet - Wide Open
1631218,Trayce Jackson-Davis,1610612744,GSW,24.0,67,9,0.028,6,9,0.667,0.667,0.028,6,9,0.667,0.0,0,0,,2023-24,Regular Season,6+ Feet - Wide Open
1631306,Cole Swider,1610612748,MIA,25.0,17,6,0.257,5,9,0.556,0.722,0.086,2,3,0.667,0.171,3,6,0.5,2023-24,Regular Season,6+ Feet - Wide Open
202397,Ish Smith,1610612766,CHA,35.0,43,8,0.057,5,9,0.556,0.611,0.051,4,8,0.5,0.006,1,1,1.0,2023-24,Regular Season,6+ Feet - Wide Open
1630314,Brandon Williams,1610612742,DAL,24.0,17,5,0.167,3,9,0.333,0.444,0.037,1,2,0.5,0.13,2,7,0.286,2023-24,Regular Season,6+ Feet - Wide Open
1630610,DeJon Jarreau,1610612763,MEM,26.0,9,5,0.18,3,9,0.333,0.5,0.02,0,1,0.0,0.16,3,8,0.375,2023-24,Regular Season,6+ Feet - Wide Open
1631298,Jack White,1610612760,OKC,26.0,4,4,0.563,1,9,0.111,0.167,0.0,0,0,,0.563,1,9,0.111,2023-24,Regular Season,6+ Feet - Wide Open
1630561,David Duke Jr.,1610612759,SAS,24.0,4,3,0.444,5,8,0.625,0.75,0.167,3,3,1.0,0.278,2,5,0.4,2023-24,Regular Season,6+ Feet - Wide Open
203083,Andre Drummond,1610612741,CHI,30.0,78,7,0.017,5,8,0.625,0.625,0.017,5,8,0.625,0.0,0,0,,2023-24,Regular Season,6+ Feet - Wide Open
1631102,TyTy Washington Jr.,1610612749,MIL,22.0,11,6,0.4,3,8,0.375,0.5,0.15,1,3,0.333,0.25,2,5,0.4,2023-24,Regular Season,6+ Feet - Wide Open
201959,Taj Gibson,1610612765,DET,39.0,20,7,0.235,3,8,0.375,0.5,0.059,1,2,0.5,0.176,2,6,0.333,2023-24,Regular Season,6+ Feet - Wide Open
1631243,Mouhamed Gueye,1610612737,ATL,21.0,6,5,0.348,3,8,0.375,0.563,0.0,0,0,,0.348,3,8,0.375,2023-24,Regular Season,6+ Feet - Wide Open
1631386,Taze Moore,1610612757,POR,26.0,4,3,0.421,2,8,0.25,0.313,0.105,1,2,0.5,0.316,1,6,0.167,2023-24,Regular Season,6+ Feet - Wide Open
1630243,Trevelin Queen,1610612753,ORL,27.0,14,5,0.211,2,8,0.25,0.375,0.0,0,0,,0.211,2,8,0.25,2023-24,Regular Season,6+ Feet - Wide Open
1641775,Jordan Walsh,1610612738,BOS,20.0,9,5,0.533,2,8,0.25,0.375,0.0,0,0,,0.533,2,8,0.25,2023-24,Regular Season,6+ Feet - Wide Open
1629875,Xavier Moon,1610612746,LAC,29.0,14,5,0.174,1,8,0.125,0.188,0.0,0,0,,0.174,1,8,0.125,2023-24,Regular Season,6+ Feet - Wide Open
203939,Dwight Powell,1610612742,DAL,32.0,62,7,0.067,5,7,0.714,0.786,0.038,4,4,1.0,0.029,1,3,0.333,2023-24,Regular Season,6+ Feet - Wide Open
1626158,Richaun Holmes,1610612764,WAS,30.0,40,6,0.048,5,7,0.714,0.786,0.034,4,5,0.8,0.014,1,2,0.5,2023-24,Regular Season,6+ Feet - Wide Open
201152,Thaddeus Young,1610612756,PHX,36.0,33,5,0.065,4,7,0.571,0.571,0.037,4,4,1.0,0.028,0,3,0.0,2023-24,Regular Season,6+ Feet - Wide Open
203458,Alex Len,1610612758,SAC,31.0,48,6,0.086,4,7,0.571,0.571,0.062,4,5,0.8,0.025,0,2,0.0,2023-24,Regular Season,6+ Feet - Wide Open
1628981,Bruno Fernando,1610612737,ATL,25.0,45,6,0.038,3,7,0.429,0.429,0.022,3,4,0.75,0.016,0,3,0.0,2023-24,Regular Season,6+ Feet - Wide Open
1631120,JD Davison,1610612738,BOS,21.0,7,5,0.583,3,7,0.429,0.643,0.0,0,0,,0.583,3,7,0.429,2023-24,Regular Season,6+ Feet - Wide Open
1630564,RaiQuan Gray,1610612759,SAS,24.0,3,2,0.412,3,7,0.429,0.643,0.0,0,0,,0.412,3,7,0.429,2023-24,Regular Season,6+ Feet - Wide Open
1641816,Hunter Tyson,1610612743,DEN,24.0,17,6,0.368,2,7,0.286,0.429,0.0,0,0,,0.368,2,7,0.286,2023-24,Regular Season,6+ Feet - Wide Open
1630562,Matt Hurt,1610612763,MEM,24.0,8,3,0.206,2,7,0.286,0.357,0.029,1,1,1.0,0.176,1,6,0.167,2023-24,Regular Season,6+ Feet - Wide Open
201577,Robin Lopez,1610612749,MIL,36.0,16,7,0.368,2,7,0.286,0.429,0.0,0,0,,0.368,2,7,0.286,2023-24,Regular Season,6+ Feet - Wide Open
1641735,Amari Bailey,1610612766,CHA,20.0,10,5,0.292,2,7,0.286,0.286,0.083,2,2,1.0,0.208,0,5,0.0,2023-24,Regular Season,6+ Feet - Wide Open
1628424,Kobi Simmons,1610612761,TOR,26.0,4,4,0.333,1,7,0.143,0.143,0.095,1,2,0.5,0.238,0,5,0.0,2023-24,Regular Season,6+ Feet - Wide Open
1641720,Jalen Hood-Schifino,1610612747,LAL,21.0,20,5,0.167,1,7,0.143,0.214,0.0,0,0,,0.167,1,7,0.143,2023-24,Regular Season,6+ Feet - Wide Open
1627732,Ben Simmons,1610612751,BKN,27.0,15,6,0.081,6,6,1.0,1.0,0.081,6,6,1.0,0.0,0,0,,2023-24,Regular Season,6+ Feet - Wide Open
1628436,Luke Kornet,1610612738,BOS,28.0,62,6,0.031,6,6,1.0,1.083,0.026,5,5,1.0,0.005,1,1,1.0,2023-24,Regular Season,6+ Feet - Wide Open
1631109,Mark Williams,1610612766,CHA,22.0,19,5,0.04,4,6,0.667,0.667,0.04,4,6,0.667,0.0,0,0,,2023-24,Regular Season,6+ Feet - Wide Open
203469,Cody Zeller,1610612740,NOP,31.0,42,6,0.098,3,6,0.5,0.583,0.049,2,3,0.667,0.049,1,3,0.333,2023-24,Regular Season,6+ Feet - Wide Open
1631169,Josh Minott,1610612750,MIN,21.0,32,5,0.167,3,6,0.5,0.667,0.028,1,1,1.0,0.139,2,5,0.4,2023-24,Regular Season,6+ Feet - Wide Open
1630643,Jay Huff,1610612743,DEN,26.0,19,6,0.429,2,6,0.333,0.5,0.0,0,0,,0.429,2,6,0.333,2023-24,Regular Season,6+ Feet - Wide Open
1630678,Terry Taylor,1610612741,CHI,24.0,30,6,0.154,2,6,0.333,0.5,0.0,0,0,,0.154,2,6,0.333,2023-24,Regular Season,6+ Feet - Wide Open
1630207,Nate Hinton,1610612745,HOU,25.0,15,5,0.231,2,6,0.333,0.5,0.0,0,0,,0.231,2,6,0.333,2023-24,Regular Season,6+ Feet - Wide Open
1629647,Darius Bazley,1610612762,UTA,24.0,9,4,0.2,2,6,0.333,0.5,0.0,0,0,,0.2,2,6,0.333,2023-24,Regular Season,6+ Feet - Wide Open
1629646,Charles Bassey,1610612759,SAS,23.0,19,5,0.154,2,6,0.333,0.333,0.128,2,5,0.4,0.026,0,1,0.0,2023-24,Regular Season,6+ Feet - Wide Open
1628373,Frank Ntilikina,1610612766,CHA,25.0,5,4,0.667,1,6,0.167,0.25,0.0,0,0,,0.667,1,6,0.167,2023-24,Regular Season,6+ Feet - Wide Open
1641793,D'Moi Hodge,1610612747,LAL,25.0,7,4,0.4,1,6,0.167,0.25,0.0,0,0,,0.4,1,6,0.167,2023-24,Regular Season,6+ Feet - Wide Open
1630600,Isaiah Mobley,1610612739,CLE,24.0,10,3,0.25,1,6,0.167,0.25,0.0,0,0,,0.25,1,6,0.167,2023-24,Regular Season,6+ Feet - Wide Open
1642013,Malik Williams,1610612761,TOR,25.0,7,4,0.176,1,6,0.167,0.25,0.029,0,1,0.0,0.147,1,5,0.2,2023-24,Regular Season,6+ Feet - Wide Open
1630181,R.J. Hampton,1610612748,MIA,23.0,7,3,0.429,1,6,0.167,0.167,0.071,1,1,1.0,0.357,0,5,0.0,2023-24,Regular Season,6+ Feet - Wide Open
1631157,Ryan Rollins,1610612749,MIL,21.0,13,4,0.185,4,5,0.8,1.1,0.037,1,1,1.0,0.148,3,4,0.75,2023-24,Regular Season,6+ Feet - Wide Open
1641809,Drew Peterson,1610612738,BOS,24.0,3,3,0.833,3,5,0.6,0.9,0.0,0,0,,0.833,3,5,0.6,2023-24,Regular Season,6+ Feet - Wide Open
1631159,Leonard Miller,1610612750,MIN,20.0,17,4,0.25,2,5,0.4,0.5,0.05,1,1,1.0,0.2,1,4,0.25,2023-24,Regular Season,6+ Feet - Wide Open
1630553,Keon Johnson,1610612751,BKN,22.0,4,4,0.263,2,5,0.4,0.6,0.0,0,0,,0.263,2,5,0.4,2023-24,Regular Season,6+ Feet - Wide Open
1630296,Braxton Key,1610612743,DEN,27.0,20,5,0.294,2,5,0.4,0.5,0.176,1,3,0.333,0.118,1,2,0.5,2023-24,Regular Season,6+ Feet - Wide Open
1629117,Wenyen Gabriel,1610612738,BOS,27.0,5,3,0.227,2,5,0.4,0.5,0.045,1,1,1.0,0.182,1,4,0.25,2023-24,Regular Season,6+ Feet - Wide Open
1641753,Chris Livingston,1610612749,MIL,20.0,21,4,0.227,1,5,0.2,0.3,0.0,0,0,,0.227,1,5,0.2,2023-24,Regular Season,6+ Feet - Wide Open
1630846,Olivier Sarr,1610612760,OKC,25.0,15,3,0.263,1,5,0.2,0.3,0.0,0,0,,0.263,1,5,0.2,2023-24,Regular Season,6+ Feet - Wide Open
1630929,Henri Drell,1610612741,CHI,24.0,4,3,0.5,1,5,0.2,0.3,0.0,0,0,,0.5,1,5,0.2,2023-24,Regular Season,6+ Feet - Wide Open
1629634,Brandon Clarke,1610612763,MEM,27.0,6,5,0.085,1,5,0.2,0.2,0.034,1,2,0.5,0.051,0,3,0.0,2023-24,Regular Season,6+ Feet - Wide Open
1629717,Armoni Brooks,1610612751,BKN,26.0,10,3,0.111,1,5,0.2,0.3,0.0,0,0,,0.111,1,5,0.2,2023-24,Regular Season,6+ Feet - Wide Open
1631111,Wendell Moore Jr.,1610612750,MIN,22.0,25,5,0.278,1,5,0.2,0.2,0.056,1,1,1.0,0.222,0,4,0.0,2023-24,Regular Season,6+ Feet - Wide Open
1631123,Jamaree Bouyea,1610612759,SAS,25.0,9,4,0.179,1,5,0.2,0.2,0.036,1,1,1.0,0.143,0,4,0.0,2023-24,Regular Season,6+ Feet - Wide Open
1641788,Alex Fudge,1610612742,DAL,21.0,6,3,0.333,1,5,0.2,0.3,0.067,0,1,0.0,0.267,1,4,0.25,2023-24,Regular Season,6+ Feet - Wide Open
1641851,Timmy Allen,1610612763,MEM,24.0,5,2,0.217,0,5,0.0,0.0,0.0,0,0,,0.217,0,5,0.0,2023-24,Regular Season,6+ Feet - Wide Open
1629674,Neemias Queta,1610612738,BOS,24.0,28,4,0.038,3,4,0.75,0.75,0.038,3,4,0.75,0.0,0,0,,2023-24,Regular Season,6+ Feet - Wide Open
1629057,Robert Williams III,1610612757,POR,26.0,6,3,0.154,2,4,0.5,0.5,0.154,2,4,0.5,0.0,0,0,,2023-24,Regular Season,6+ Feet - Wide Open
203648,Thanasis Antetokounmpo,1610612749,MIL,31.0,34,4,0.133,2,4,0.5,0.5,0.133,2,4,0.5,0.0,0,0,,2023-24,Regular Season,6+ Feet - Wide Open
1641926,Dexter Dennis,1610612742,DAL,25.0,4,2,0.235,2,4,0.5,0.625,0.059,1,1,1.0,0.176,1,3,0.333,2023-24,Regular Season,6+ Feet - Wide Open
1630222,Mason Jones,1610612758,SAC,25.0,5,3,0.5,2,4,0.5,0.75,0.0,0,0,,0.5,2,4,0.5,2023-24,Regular Season,6+ Feet - Wide Open
1631112,Kendall Brown,1610612754,IND,21.0,15,3,0.267,1,4,0.25,0.25,0.133,1,2,0.5,0.133,0,2,0.0,2023-24,Regular Season,6+ Feet - Wide Open
1630618,D.J. Carton,1610612761,TOR,23.0,4,3,0.5,1,4,0.25,0.375,0.0,0,0,,0.5,1,4,0.25,2023-24,Regular Season,6+ Feet - Wide Open
1631210,Jacob Toppin,1610612752,NYK,24.0,9,2,0.444,1,4,0.25,0.375,0.0,0,0,,0.444,1,4,0.25,2023-24,Regular Season,6+ Feet - Wide Open
1631466,Nate Williams,1610612745,HOU,25.0,22,3,0.08,1,4,0.25,0.375,0.02,0,1,0.0,0.06,1,3,0.333,2023-24,Regular Season,6+ Feet - Wide Open
1627853,Ryan Arcidiacono,1610612752,NYK,30.0,20,4,0.8,0,4,0.0,0.0,0.0,0,0,,0.8,0,4,0.0,2023-24,Regular Season,6+ Feet - Wide Open
1641721,Maxwell Lewis,1610612747,LAL,21.0,33,4,0.235,0,4,0.0,0.0,0.0,0,0,,0.235,0,4,0.0,2023-24,Regular Season,6+ Feet - Wide Open
202684,Tristan Thompson,1610612739,CLE,33.0,49,3,0.025,3,3,1.0,1.0,0.025,3,3,1.0,0.0,0,0,,2023-24,Regular Season,6+ Feet - Wide Open
202687,Bismack Biyombo,1610612760,OKC,31.0,40,3,0.023,3,3,1.0,1.0,0.023,3,3,1.0,0.0,0,0,,2023-24,Regular Season,6+ Feet - Wide Open
1630535,Greg Brown III,1610612742,DAL,22.0,6,2,0.375,1,3,0.333,0.5,0.0,0,0,,0.375,1,3,0.333,2023-24,Regular Season,6+ Feet - Wide Open
1630554,Jason Preston,1610612762,UTA,24.0,7,3,0.158,1,3,0.333,0.333,0.053,1,1,1.0,0.105,0,2,0.0,2023-24,Regular Season,6+ Feet - Wide Open
1629716,Marques Bolden,1610612766,CHA,26.0,11,3,0.12,0,3,0.0,0.0,0.08,0,2,0.0,0.04,0,1,0.0,2023-24,Regular Season,6+ Feet - Wide Open
1629308,Juan Toscano-Anderson,1610612758,SAC,31.0,11,3,0.25,0,3,0.0,0.0,0.0,0,0,,0.25,0,3,0.0,2023-24,Regular Season,6+ Feet - Wide Open
1629610,DaQuan Jeffries,1610612752,NYK,26.0,17,3,0.188,0,3,0.0,0.0,0.0,0,0,,0.188,0,3,0.0,2023-24,Regular Season,6+ Feet - Wide Open
1631338,Mouhamadou Gueye,1610612761,TOR,25.0,11,3,0.079,0,3,0.0,0.0,0.026,0,1,0.0,0.053,0,2,0.0,2023-24,Regular Season,6+ Feet - Wide Open
1628391,D.J. Wilson,1610612753,ORL,28.0,2,1,0.333,2,2,1.0,1.5,0.0,0,0,,0.333,2,2,1.0,2023-24,Regular Season,6+ Feet - Wide Open
1630259,Jordan Ford,1610612758,SAC,26.0,6,2,0.286,2,2,1.0,1.5,0.0,0,0,,0.286,2,2,1.0,2023-24,Regular Season,6+ Feet - Wide Open
1630641,Ibou Badji,1610612757,POR,21.0,22,2,0.091,2,2,1.0,1.0,0.091,2,2,1.0,0.0,0,0,,2023-24,Regular Season,6+ Feet - Wide Open
1630579,Jericho Sims,1610612752,NYK,25.0,45,2,0.039,2,2,1.0,1.0,0.039,2,2,1.0,0.0,0,0,,2023-24,Regular Season,6+ Feet - Wide Open
1629650,Moses Brown,1610612757,POR,24.0,22,2,0.031,2,2,1.0,1.0,0.031,2,2,1.0,0.0,0,0,,2023-24,Regular Season,6+ Feet - Wide Open
202738,Isaiah Thomas,1610612756,PHX,35.0,6,2,0.2,1,2,0.5,0.75,0.0,0,0,,0.2,1,2,0.5,2023-24,Regular Season,6+ Feet - Wide Open
1629718,Charlie Brown Jr.,1610612752,NYK,27.0,8,1,0.2,1,2,0.5,0.75,0.0,0,0,,0.2,1,2,0.5,2023-24,Regular Season,6+ Feet - Wide Open
1631220,Dereon Seabron,1610612740,NOP,24.0,6,1,0.154,1,2,0.5,0.5,0.077,1,1,1.0,0.077,0,1,0.0,2023-24,Regular Season,6+ Feet - Wide Open
1629011,Mitchell Robinson,1610612752,NYK,26.0,31,2,0.016,1,2,0.5,0.5,0.016,1,2,0.5,0.0,0,0,,2023-24,Regular Season,6+ Feet - Wide Open
1631131,Oscar Tshiebwe,1610612754,IND,24.0,8,2,0.1,1,2,0.5,0.5,0.1,1,2,0.5,0.0,0,0,,2023-24,Regular Season,6+ Feet - Wide Open
1641754,Seth Lundy,1610612737,ATL,24.0,9,2,0.118,0,2,0.0,0.0,0.0,0,0,,0.118,0,2,0.0,2023-24,Regular Season,6+ Feet - Wide Open
1641847,Andrew Funk,1610612741,CHI,24.0,5,1,0.5,0,2,0.0,0.0,0.0,0,0,,0.5,0,2,0.0,2023-24,Regular Season,6+ Feet - Wide Open
201949,James Johnson,1610612754,IND,37.0,9,2,0.2,0,2,0.0,0.0,0.1,0,1,0.0,0.1,0,1,0.0,2023-24,Regular Season,6+ Feet - Wide Open
1641745,Adam Flagler,1610612760,OKC,24.0,2,1,0.286,0,2,0.0,0.0,0.0,0,0,,0.286,0,2,0.0,2023-24,Regular Season,6+ Feet - Wide Open
1626246,Boban Marjanovic,1610612745,HOU,35.0,14,2,0.065,0,2,0.0,0.0,0.0,0,0,,0.065,0,2,0.0,2023-24,Regular Season,6+ Feet - Wide Open
1641727,Dariq Whitehead,1610612751,BKN,19.0,2,1,0.4,0,2,0.0,0.0,0.0,0,0,,0.4,0,2,0.0,2023-24,Regular Season,6+ Feet - Wide Open
1641749,Keyontae Johnson,1610612760,OKC,24.0,9,2,0.125,0,2,0.0,0.0,0.0,0,0,,0.125,0,2,0.0,2023-24,Regular Season,6+ Feet - Wide Open
1630586,Usman Garuba,1610612744,GSW,22.0,6,1,0.333,0,2,0.0,0.0,0.167,0,1,0.0,0.167,0,1,0.0,2023-24,Regular Season,6+ Feet - Wide Open
1630284,Kevon Harris,1610612753,ORL,27.0,2,1,0.333,1,1,1.0,1.0,0.333,1,1,1.0,0.0,0,0,,2023-24,Regular Season,6+ Feet - Wide Open
1641757,Jordan Miller,1610612746,LAC,24.0,7,1,0.111,1,1,1.0,1.5,0.0,0,0,,0.111,1,1,1.0,2023-24,Regular Season,6+ Feet - Wide Open
201599,DeAndre Jordan,1610612743,DEN,35.0,35,1,0.011,1,1,1.0,1.0,0.011,1,1,1.0,0.0,0,0,,2023-24,Regular Season,6+ Feet - Wide Open
1631250,Pete Nance,1610612739,CLE,24.0,8,1,0.167,1,1,1.0,1.5,0.0,0,0,,0.167,1,1,1.0,2023-24,Regular Season,6+ Feet - Wide Open
1630658,Colin Castleton,1610612747,LAL,24.0,16,1,0.063,1,1,1.0,1.0,0.063,1,1,1.0,0.0,0,0,,2023-24,Regular Season,6+ Feet - Wide Open
1629660,Ty Jerome,1610612739,CLE,26.0,2,1,0.25,0,1,0.0,0.0,0.0,0,0,,0.25,0,1,0.0,2023-24,Regular Season,6+ Feet - Wide Open
1630311,Pat Spencer,1610612744,GSW,27.0,5,1,0.25,0,1,0.0,0.0,0.0,0,0,,0.25,0,1,0.0,2023-24,Regular Season,6+ Feet - Wide Open
1629232,Kaiser Gates,1610612740,NOP,27.0,1,1,0.25,0,1,0.0,0.0,0.0,0,0,,0.25,0,1,0.0,2023-24,Regular Season,6+ Feet - Wide Open
1630604,E.J. Liddell,1610612740,NOP,23.0,8,1,0.167,0,1,0.0,0.0,0.0,0,0,,0.167,0,1,0.0,2023-24,Regular Season,6+ Feet - Wide Open
1631214,Alondes Williams,1610612748,MIA,25.0,7,1,0.125,0,1,0.0,0.0,0.0,0,0,,0.125,0,1,0.0,2023-24,Regular Season,6+ Feet - Wide Open
1631257,Jermaine Samuels Jr.,1610612745,HOU,25.0,14,1,0.071,0,1,0.0,0.0,0.0,0,0,,0.071,0,1,0.0,2023-24,Regular Season,6+ Feet - Wide Open
1629603,Mamadi Diakite,1610612752,NYK,27.0,6,1,0.167,0,1,0.0,0.0,0.0,0,0,,0.167,0,1,0.0,2023-24,Regular Season,6+ Feet - Wide Open
201980,Danny Green,1610612755,PHI,37.0,2,1,0.5,0,1,0.0,0.0,0.0,0,0,,0.5,0,1,0.0,2023-24,Regular Season,6+ Feet - Wide Open
1631209,Isaiah Wong,1610612754,IND,23.0,1,1,0.333,0,1,0.0,0.0,0.0,0,0,,0.333,0,1,0.0,2023-24,Regular Season,6+ Feet - Wide Open
