PLAYER_ID,PLAYER_NAME,PLAYER_LAST_TEAM_ID,PLAYER_LAST_TEAM_ABBREVIATION,AGE,GP,G,FGA_FREQUENCY,FGM,FGA,FG_PCT,EFG_PCT,FG2A_FREQUENCY,FG2M,FG2A,FG2_PCT,FG3A_FREQUENCY,FG3M,FG3A,FG3_PCT,SEASON,SEASON_TYPE,RANGE_LABEL
1629027,Trae Young,1610612737,ATL,23.0,76,76,1.0,711,1544,0.46,0.536,0.604,478,933,0.512,0.396,233,611,0.381,2021-22,Regular Season,Overall
1628369,Jayson Tatum,1610612738,BOS,24.0,75,75,1.0,696,1543,0.451,0.524,0.585,472,903,0.523,0.415,224,640,0.35,2021-22,Regular Season,Overall
201942,DeMar DeRozan,1610612741,CHI,32.0,76,76,1.0,774,1535,0.504,0.521,0.907,724,1393,0.52,0.093,50,142,0.352,2021-22,Regular Season,Overall
1629029,Luka Doncic,1610612742,DAL,23.0,65,65,1.0,641,1403,0.457,0.529,0.594,440,834,0.528,0.406,201,569,0.353,2021-22,Regular Season,Overall
1626164,Devin Booker,1610612756,PHX,25.0,67,67,1.0,657,1399,0.47,0.535,0.663,474,928,0.511,0.337,183,471,0.389,2021-22,Regular Season,Overall
1628378,Donovan Mitchell,1610612762,UTA,25.0,67,67,1.0,617,1377,0.448,0.532,0.525,385,723,0.533,0.475,232,654,0.355,2021-22,Regular Season,Overall
203954,Joel Embiid,1610612755,PHI,28.0,68,68,1.0,666,1334,0.499,0.534,0.812,573,1083,0.529,0.188,93,251,0.371,2021-22,Regular Season,Overall
203999,Nikola Jokić,1610612743,DEN,27.0,74,74,1.0,764,1311,0.583,0.62,0.78,667,1023,0.652,0.22,97,288,0.337,2021-22,Regular Season,Overall
203507,Giannis Antetokounmpo,1610612749,MIL,27.0,67,67,1.0,689,1244,0.554,0.582,0.805,618,1002,0.617,0.195,71,242,0.293,2021-22,Regular Season,Overall
1630162,Anthony Edwards,1610612750,MIN,20.0,72,72,1.0,549,1244,0.441,0.528,0.516,334,642,0.52,0.484,215,602,0.357,2021-22,Regular Season,Overall
1627749,Dejounte Murray,1610612759,SAS,25.0,68,68,1.0,573,1241,0.462,0.5,0.763,477,947,0.504,0.237,96,294,0.327,2021-22,Regular Season,Overall
1630163,LaMelo Ball,1610612766,CHA,20.0,74,74,1.0,529,1240,0.427,0.514,0.551,313,683,0.458,0.449,216,557,0.388,2021-22,Regular Season,Overall
201566,Russell Westbrook,1610612747,LAL,33.0,78,78,1.0,548,1232,0.445,0.477,0.785,469,967,0.485,0.215,79,265,0.298,2021-22,Regular Season,Overall
203944,Julius Randle,1610612752,NYK,27.0,71,71,1.0,503,1225,0.411,0.458,0.689,386,844,0.457,0.311,117,381,0.307,2021-22,Regular Season,Overall
201939,Stephen Curry,1610612744,GSW,34.0,64,64,1.0,535,1223,0.437,0.554,0.388,250,475,0.526,0.612,285,748,0.381,2021-22,Regular Season,Overall
2544,LeBron James,1610612747,LAL,37.0,56,56,1.0,640,1221,0.524,0.59,0.633,479,773,0.62,0.367,161,448,0.359,2021-22,Regular Season,Overall
1626157,Karl-Anthony Towns,1610612750,MIN,26.0,74,74,1.0,641,1212,0.529,0.591,0.697,491,845,0.581,0.303,150,367,0.409,2021-22,Regular Season,Overall
1627783,Pascal Siakam,1610612761,TOR,28.0,68,68,1.0,596,1207,0.494,0.525,0.819,521,989,0.527,0.181,75,218,0.344,2021-22,Regular Season,Overall
202704,Reggie Jackson,1610612746,LAC,32.0,74,74,1.0,474,1206,0.393,0.461,0.582,309,702,0.44,0.418,165,504,0.327,2021-22,Regular Season,Overall
1627759,Jaylen Brown,1610612738,BOS,25.0,65,65,1.0,570,1203,0.474,0.542,0.621,406,747,0.544,0.379,164,456,0.36,2021-22,Regular Season,Overall
1628970,Miles Bridges,1610612766,CHA,24.0,79,79,1.0,591,1198,0.493,0.557,0.617,438,739,0.593,0.383,153,459,0.333,2021-22,Regular Season,Overall
203897,Zach LaVine,1610612741,CHI,27.0,67,66,1.0,565,1185,0.477,0.555,0.599,380,710,0.535,0.401,185,475,0.389,2021-22,Regular Season,Overall
1629628,RJ Barrett,1610612752,NYK,22.0,69,69,1.0,482,1178,0.409,0.467,0.66,346,778,0.445,0.34,136,400,0.34,2021-22,Regular Season,Overall
1629636,Darius Garland,1610612739,CLE,22.0,68,68,1.0,542,1172,0.462,0.537,0.613,368,719,0.512,0.387,174,453,0.384,2021-22,Regular Season,Overall
203468,CJ McCollum,1610612740,NOP,30.0,62,62,1.0,536,1164,0.46,0.539,0.597,354,695,0.509,0.403,182,469,0.388,2021-22,Regular Season,Overall
1629630,Ja Morant,1610612763,MEM,22.0,56,56,1.0,570,1158,0.492,0.53,0.782,482,905,0.533,0.218,88,253,0.348,2021-22,Regular Season,Overall
202696,Nikola Vucevic,1610612741,CHI,31.0,73,73,1.0,546,1154,0.473,0.518,0.713,442,823,0.537,0.287,104,331,0.314,2021-22,Regular Season,Overall
1626179,Terry Rozier,1610612766,CHA,28.0,72,72,1.0,516,1154,0.447,0.543,0.491,295,567,0.52,0.509,221,587,0.376,2021-22,Regular Season,Overall
1630180,Saddiq Bey,1610612765,DET,23.0,81,81,1.0,449,1127,0.398,0.492,0.466,239,525,0.455,0.534,210,602,0.349,2021-22,Regular Season,Overall
1629639,Tyler Herro,1610612748,MIA,22.0,66,66,1.0,501,1122,0.447,0.525,0.609,326,683,0.477,0.391,175,439,0.399,2021-22,Regular Season,Overall
201142,Kevin Durant,1610612751,BKN,33.0,55,55,1.0,578,1114,0.519,0.57,0.731,463,814,0.569,0.269,115,300,0.383,2021-22,Regular Season,Overall
203903,Jordan Clarkson,1610612762,UTA,30.0,79,79,1.0,466,1113,0.419,0.504,0.464,276,516,0.535,0.536,190,597,0.318,2021-22,Regular Season,Overall
1630217,Desmond Bane,1610612763,MEM,24.0,76,76,1.0,508,1101,0.461,0.565,0.525,280,578,0.484,0.475,228,523,0.436,2021-22,Regular Season,Overall
1627832,Fred VanVleet,1610612761,TOR,28.0,65,65,1.0,442,1097,0.403,0.513,0.415,200,455,0.44,0.585,242,642,0.377,2021-22,Regular Season,Overall
1629018,Gary Trent Jr.,1610612761,TOR,23.0,70,70,1.0,450,1086,0.414,0.511,0.498,241,541,0.445,0.502,209,545,0.383,2021-22,Regular Season,Overall
1627741,Buddy Hield,1610612754,IND,29.0,80,80,1.0,437,1079,0.405,0.523,0.352,183,380,0.482,0.648,254,699,0.363,2021-22,Regular Season,Overall
1628368,De'Aaron Fox,1610612758,SAC,24.0,58,58,1.0,509,1077,0.473,0.507,0.772,435,831,0.523,0.228,74,246,0.301,2021-22,Regular Season,Overall
1628983,Shai Gilgeous-Alexander,1610612760,OKC,23.0,56,56,1.0,476,1050,0.453,0.496,0.717,387,753,0.514,0.283,89,297,0.3,2021-22,Regular Season,Overall
1629673,Jordan Poole,1610612744,GSW,23.0,75,75,1.0,471,1044,0.451,0.551,0.453,262,473,0.554,0.547,209,571,0.366,2021-22,Regular Season,Overall
1628991,Jaren Jackson Jr.,1610612763,MEM,22.0,77,77,1.0,425,1023,0.415,0.478,0.612,298,626,0.476,0.388,127,397,0.32,2021-22,Regular Season,Overall
202699,Tobias Harris,1610612755,PHI,29.0,73,73,1.0,493,1022,0.482,0.532,0.731,392,747,0.525,0.269,101,275,0.367,2021-22,Regular Season,Overall
203114,Khris Middleton,1610612749,MIL,30.0,66,66,1.0,452,1022,0.442,0.522,0.575,290,588,0.493,0.425,162,434,0.373,2021-22,Regular Season,Overall
1630595,Cade Cunningham,1610612765,DET,20.0,63,63,1.0,424,1012,0.419,0.474,0.651,312,659,0.473,0.349,112,353,0.317,2021-22,Regular Season,Overall
1629640,Keldon Johnson,1610612759,SAS,22.0,75,75,1.0,471,1010,0.466,0.545,0.606,312,612,0.51,0.394,159,398,0.399,2021-22,Regular Season,Overall
1628973,Jalen Brunson,1610612742,DAL,25.0,79,79,1.0,506,1008,0.502,0.549,0.75,412,756,0.545,0.25,94,252,0.373,2021-22,Regular Season,Overall
203952,Andrew Wiggins,1610612744,GSW,27.0,72,72,1.0,468,1002,0.467,0.545,0.608,312,609,0.512,0.392,156,393,0.397,2021-22,Regular Season,Overall
1630178,Tyrese Maxey,1610612755,PHI,21.0,75,75,1.0,483,995,0.485,0.552,0.689,351,686,0.512,0.311,132,309,0.427,2021-22,Regular Season,Overall
201935,James Harden,1610612755,PHI,32.0,65,65,1.0,407,992,0.41,0.485,0.548,259,544,0.476,0.452,148,448,0.33,2021-22,Regular Season,Overall
1630532,Franz Wagner,1610612753,ORL,20.0,79,78,1.0,456,975,0.468,0.517,0.723,360,705,0.511,0.277,96,270,0.356,2021-22,Regular Season,Overall
1626156,D'Angelo Russell,1610612750,MIN,26.0,65,65,1.0,401,975,0.411,0.502,0.469,225,457,0.492,0.531,176,518,0.34,2021-22,Regular Season,Overall
1627742,Brandon Ingram,1610612740,NOP,24.0,54,54,1.0,441,962,0.458,0.496,0.769,368,740,0.497,0.231,73,222,0.329,2021-22,Regular Season,Overall
201950,Jrue Holiday,1610612749,MIL,32.0,67,66,1.0,478,954,0.501,0.57,0.664,346,633,0.547,0.336,132,321,0.411,2021-22,Regular Season,Overall
1630224,Jalen Green,1610612745,HOU,20.0,67,67,1.0,406,954,0.426,0.508,0.52,249,496,0.502,0.48,157,458,0.343,2021-22,Regular Season,Overall
203095,Evan Fournier,1610612752,NYK,29.0,79,79,1.0,387,938,0.413,0.536,0.356,156,334,0.467,0.644,231,604,0.382,2021-22,Regular Season,Overall
1628398,Kyle Kuzma,1610612764,WAS,26.0,66,66,1.0,423,936,0.452,0.52,0.599,295,561,0.526,0.401,128,375,0.341,2021-22,Regular Season,Overall
1630567,Scottie Barnes,1610612761,TOR,20.0,74,74,1.0,459,932,0.492,0.524,0.793,401,739,0.543,0.207,58,193,0.301,2021-22,Regular Season,Overall
202685,Jonas Valančiūnas,1610612740,NOP,30.0,73,73,1.0,508,931,0.546,0.576,0.832,451,775,0.582,0.168,57,156,0.365,2021-22,Regular Season,Overall
202711,Bojan Bogdanovic,1610612762,UTA,33.0,69,69,1.0,422,929,0.454,0.552,0.496,241,461,0.523,0.504,181,468,0.387,2021-22,Regular Season,Overall
1626162,Kelly Oubre Jr.,1610612766,CHA,26.0,75,75,1.0,406,923,0.44,0.543,0.406,216,375,0.576,0.594,190,548,0.347,2021-22,Regular Season,Overall
1630175,Cole Anthony,1610612753,ORL,22.0,65,65,1.0,357,912,0.391,0.464,0.571,225,521,0.432,0.429,132,391,0.338,2021-22,Regular Season,Overall
1630169,Tyrese Haliburton,1610612754,IND,22.0,76,76,1.0,424,898,0.472,0.561,0.571,265,513,0.517,0.429,159,385,0.413,2021-22,Regular Season,Overall
203115,Will Barton,1610612743,DEN,31.0,71,71,1.0,392,895,0.438,0.526,0.52,235,465,0.505,0.48,157,430,0.365,2021-22,Regular Season,Overall
1626174,Christian Wood,1610612745,HOU,26.0,68,68,1.0,440,879,0.501,0.575,0.618,309,543,0.569,0.382,131,336,0.39,2021-22,Regular Season,Overall
1626171,Bobby Portis,1610612749,MIL,27.0,72,72,1.0,417,870,0.479,0.556,0.611,284,532,0.534,0.389,133,338,0.393,2021-22,Regular Season,Overall
1627747,Caris LeVert,1610612739,CLE,27.0,58,58,1.0,379,854,0.444,0.492,0.7,297,598,0.497,0.3,82,256,0.32,2021-22,Regular Season,Overall
1627736,Malik Beasley,1610612750,MIN,25.0,79,79,1.0,332,850,0.391,0.532,0.251,92,213,0.432,0.749,240,637,0.377,2021-22,Regular Season,Overall
1628969,Mikal Bridges,1610612756,PHX,25.0,81,81,1.0,454,845,0.537,0.605,0.637,339,538,0.63,0.363,115,307,0.375,2021-22,Regular Season,Overall
203932,Aaron Gordon,1610612743,DEN,26.0,75,75,1.0,434,834,0.52,0.573,0.688,347,574,0.605,0.312,87,260,0.335,2021-22,Regular Season,Overall
1630558,Davion Mitchell,1610612758,SAC,23.0,74,74,1.0,346,833,0.415,0.474,0.622,249,518,0.481,0.378,97,315,0.308,2021-22,Regular Season,Overall
1630596,Evan Mobley,1610612739,CLE,21.0,69,69,1.0,422,830,0.508,0.522,0.889,399,738,0.541,0.111,23,92,0.25,2021-22,Regular Season,Overall
202710,Jimmy Butler III,1610612748,MIA,32.0,57,57,1.0,398,830,0.48,0.496,0.86,371,714,0.52,0.14,27,116,0.233,2021-22,Regular Season,Overall
203484,Kentavious Caldwell-Pope,1610612764,WAS,29.0,77,77,1.0,361,830,0.435,0.531,0.508,202,422,0.479,0.492,159,408,0.39,2021-22,Regular Season,Overall
1628370,Malik Monk,1610612747,LAL,24.0,76,75,1.0,390,825,0.473,0.578,0.464,217,383,0.567,0.536,173,442,0.391,2021-22,Regular Season,Overall
203084,Harrison Barnes,1610612758,SAC,30.0,76,76,1.0,388,825,0.47,0.555,0.571,248,471,0.527,0.429,140,354,0.395,2021-22,Regular Season,Overall
1629645,Kevin Porter Jr.,1610612745,HOU,22.0,61,61,1.0,335,808,0.415,0.511,0.489,180,395,0.456,0.511,155,413,0.375,2021-22,Regular Season,Overall
1628984,Devonte' Graham,1610612740,NOP,27.0,75,75,1.0,293,801,0.366,0.485,0.308,102,247,0.413,0.692,191,554,0.345,2021-22,Regular Season,Overall
1628401,Derrick White,1610612738,BOS,27.0,75,75,1.0,337,800,0.421,0.493,0.539,222,431,0.515,0.461,115,369,0.312,2021-22,Regular Season,Overall
1629014,Anfernee Simons,1610612757,POR,23.0,57,57,1.0,353,796,0.443,0.556,0.445,174,354,0.492,0.555,179,442,0.405,2021-22,Regular Season,Overall
201988,Patty Mills,1610612751,BKN,33.0,81,81,1.0,324,795,0.408,0.55,0.286,97,227,0.427,0.714,227,568,0.4,2021-22,Regular Season,Overall
203992,Bogdan Bogdanović,1610612737,ATL,29.0,63,63,1.0,342,794,0.431,0.537,0.422,173,335,0.516,0.578,169,459,0.368,2021-22,Regular Season,Overall
201144,Mike Conley,1610612762,UTA,34.0,72,72,1.0,343,790,0.434,0.541,0.476,174,376,0.463,0.524,169,414,0.408,2021-22,Regular Season,Overall
1627734,Domantas Sabonis,1610612758,SAC,26.0,62,62,1.0,443,775,0.572,0.597,0.837,404,649,0.622,0.163,39,126,0.31,2021-22,Regular Season,Overall
1628420,Monte Morris,1610612743,DEN,27.0,75,75,1.0,374,773,0.484,0.564,0.594,250,459,0.545,0.406,124,314,0.395,2021-22,Regular Season,Overall
203078,Bradley Beal,1610612764,WAS,29.0,40,40,1.0,348,771,0.451,0.492,0.728,285,561,0.508,0.272,63,210,0.3,2021-22,Regular Season,Overall
204001,Kristaps Porziņģis,1610612764,WAS,26.0,51,51,1.0,352,767,0.459,0.51,0.671,274,515,0.532,0.329,78,252,0.31,2021-22,Regular Season,Overall
1630170,Devin Vassell,1610612759,SAS,21.0,71,71,1.0,326,764,0.427,0.516,0.503,189,384,0.492,0.497,137,380,0.361,2021-22,Regular Season,Overall
1629022,Lonnie Walker IV,1610612759,SAS,23.0,70,70,1.0,311,764,0.407,0.48,0.538,200,411,0.487,0.462,111,353,0.314,2021-22,Regular Season,Overall
201567,Kevin Love,1610612739,CLE,33.0,74,74,1.0,327,761,0.43,0.553,0.373,140,284,0.493,0.627,187,477,0.392,2021-22,Regular Season,Overall
1628989,Kevin Huerter,1610612737,ATL,23.0,74,74,1.0,345,760,0.454,0.559,0.459,185,349,0.53,0.541,160,411,0.389,2021-22,Regular Season,Overall
203552,Seth Curry,1610612751,BKN,31.0,64,64,1.0,360,739,0.487,0.594,0.494,202,365,0.553,0.506,158,374,0.422,2021-22,Regular Season,Overall
203915,Spencer Dinwiddie,1610612742,DAL,29.0,67,67,1.0,306,734,0.417,0.493,0.552,194,405,0.479,0.448,112,329,0.34,2021-22,Regular Season,Overall
1628389,Bam Adebayo,1610612748,MIA,24.0,56,56,1.0,406,729,0.557,0.557,0.992,406,723,0.562,0.008,0,6,0.0,2021-22,Regular Season,Overall
1630256,Jae'Sean Tate,1610612745,HOU,26.0,78,78,1.0,363,729,0.498,0.541,0.723,300,527,0.569,0.277,63,202,0.312,2021-22,Regular Season,Overall
1629652,Luguentz Dort,1610612760,OKC,23.0,51,51,1.0,293,726,0.404,0.493,0.461,163,335,0.487,0.539,130,391,0.332,2021-22,Regular Season,Overall
1629130,Duncan Robinson,1610612748,MIA,28.0,79,79,1.0,290,726,0.399,0.559,0.14,58,102,0.569,0.86,232,624,0.372,2021-22,Regular Season,Overall
2546,Carmelo Anthony,1610612747,LAL,38.0,69,69,1.0,319,723,0.441,0.544,0.451,170,326,0.521,0.549,149,397,0.375,2021-22,Regular Season,Overall
101108,Chris Paul,1610612756,PHX,37.0,64,64,1.0,358,722,0.496,0.538,0.731,297,528,0.563,0.269,61,194,0.314,2021-22,Regular Season,Overall
202692,Alec Burks,1610612752,NYK,30.0,80,80,1.0,284,718,0.396,0.504,0.464,128,333,0.384,0.536,156,385,0.405,2021-22,Regular Season,Overall
1630193,Immanuel Quickley,1610612752,NYK,23.0,77,77,1.0,278,712,0.39,0.485,0.451,144,321,0.449,0.549,134,391,0.343,2021-22,Regular Season,Overall
203471,Dennis Schröder,1610612745,HOU,28.0,63,63,1.0,304,711,0.428,0.487,0.654,220,465,0.473,0.346,84,246,0.341,2021-22,Regular Season,Overall
203935,Marcus Smart,1610612738,BOS,28.0,70,70,1.0,296,705,0.42,0.501,0.504,181,355,0.51,0.496,115,350,0.329,2021-22,Regular Season,Overall
1628374,Lauri Markkanen,1610612739,CLE,25.0,61,61,1.0,313,702,0.446,0.543,0.46,177,323,0.548,0.54,136,379,0.359,2021-22,Regular Season,Overall
203924,Jerami Grant,1610612765,DET,28.0,47,47,1.0,298,699,0.426,0.491,0.637,207,445,0.465,0.363,91,254,0.358,2021-22,Regular Season,Overall
1628384,OG Anunoby,1610612761,TOR,24.0,48,48,1.0,309,698,0.443,0.525,0.546,194,381,0.509,0.454,115,317,0.363,2021-22,Regular Season,Overall
203076,Anthony Davis,1610612747,LAL,29.0,40,40,1.0,370,695,0.532,0.542,0.899,357,625,0.571,0.101,13,70,0.186,2021-22,Regular Season,Overall
1629028,Deandre Ayton,1610612756,PHX,23.0,58,58,1.0,440,693,0.635,0.64,0.973,433,674,0.642,0.027,7,19,0.368,2021-22,Regular Season,Overall
1627827,Dorian Finney-Smith,1610612742,DAL,29.0,80,80,1.0,326,692,0.471,0.595,0.371,154,257,0.599,0.629,172,435,0.395,2021-22,Regular Season,Overall
1629001,De'Anthony Melton,1610612763,MEM,24.0,72,72,1.0,280,688,0.407,0.507,0.468,142,322,0.441,0.532,138,366,0.377,2021-22,Regular Season,Overall
1629611,Terance Mann,1610612746,LAC,25.0,80,80,1.0,331,684,0.484,0.539,0.697,255,477,0.535,0.303,76,207,0.367,2021-22,Regular Season,Overall
1628976,Wendell Carter Jr.,1610612753,ORL,23.0,62,62,1.0,358,682,0.525,0.576,0.688,289,469,0.616,0.312,69,213,0.324,2021-22,Regular Season,Overall
202694,Marcus Morris Sr.,1610612746,LAC,32.0,53,53,1.0,292,674,0.433,0.506,0.601,194,405,0.479,0.399,98,269,0.364,2021-22,Regular Season,Overall
1630581,Josh Giddey,1610612760,OKC,19.0,54,54,1.0,281,670,0.419,0.461,0.682,225,457,0.492,0.318,56,213,0.263,2021-22,Regular Season,Overall
1629638,Nickeil Alexander-Walker,1610612762,UTA,23.0,64,61,1.0,249,670,0.372,0.449,0.501,145,336,0.432,0.499,104,334,0.311,2021-22,Regular Season,Overall
1627751,Jakob Poeltl,1610612759,SAS,26.0,68,68,1.0,410,663,0.618,0.619,0.998,409,662,0.618,0.002,1,1,1.0,2021-22,Regular Season,Overall
203200,Justin Holiday,1610612758,SAC,33.0,74,74,1.0,261,662,0.394,0.528,0.272,84,180,0.467,0.728,177,482,0.367,2021-22,Regular Season,Overall
1629647,Darius Bazley,1610612760,OKC,22.0,69,69,1.0,274,647,0.423,0.485,0.584,194,378,0.513,0.416,80,269,0.297,2021-22,Regular Season,Overall
1629632,Coby White,1610612741,CHI,22.0,61,61,1.0,279,644,0.433,0.539,0.452,143,291,0.491,0.548,136,353,0.385,2021-22,Regular Season,Overall
1628381,John Collins,1610612737,ATL,24.0,54,54,1.0,339,643,0.527,0.577,0.726,275,467,0.589,0.274,64,176,0.364,2021-22,Regular Season,Overall
1628379,Luke Kennard,1610612746,LAC,26.0,70,70,1.0,287,639,0.449,0.598,0.338,97,216,0.449,0.662,190,423,0.449,2021-22,Regular Season,Overall
202331,Paul George,1610612746,LAC,32.0,31,31,1.0,268,637,0.421,0.492,0.597,177,380,0.466,0.403,91,257,0.354,2021-22,Regular Season,Overall
200768,Kyle Lowry,1610612748,MIA,36.0,63,63,1.0,276,627,0.44,0.555,0.391,132,245,0.539,0.609,144,382,0.377,2021-22,Regular Season,Overall
1630537,Chris Duarte,1610612754,IND,25.0,55,55,1.0,268,621,0.432,0.507,0.589,174,366,0.475,0.411,94,255,0.369,2021-22,Regular Season,Overall
1628964,Mo Bamba,1610612753,ORL,24.0,71,70,1.0,296,618,0.479,0.566,0.545,189,337,0.561,0.455,107,281,0.381,2021-22,Regular Season,Overall
202681,Kyrie Irving,1610612751,BKN,30.0,29,29,1.0,289,616,0.469,0.55,0.612,189,377,0.501,0.388,100,239,0.418,2021-22,Regular Season,Overall
1626181,Norman Powell,1610612746,LAC,29.0,45,45,1.0,279,605,0.461,0.549,0.582,173,352,0.491,0.418,106,253,0.419,2021-22,Regular Season,Overall
203991,Clint Capela,1610612737,ATL,28.0,74,74,1.0,370,603,0.614,0.614,0.998,370,602,0.615,0.002,0,1,0.0,2021-22,Regular Season,Overall
1630173,Precious Achiuwa,1610612761,TOR,22.0,73,73,1.0,265,603,0.439,0.486,0.741,209,447,0.468,0.259,56,156,0.359,2021-22,Regular Season,Overall
203994,Jusuf Nurkić,1610612757,POR,27.0,56,56,1.0,321,601,0.534,0.547,0.907,306,545,0.561,0.093,15,56,0.268,2021-22,Regular Season,Overall
202330,Gordon Hayward,1610612766,CHA,32.0,48,48,1.0,273,600,0.455,0.524,0.643,190,386,0.492,0.357,83,214,0.388,2021-22,Regular Season,Overall
201568,Danilo Gallinari,1610612737,ATL,33.0,66,66,1.0,259,597,0.434,0.528,0.508,147,303,0.485,0.492,112,294,0.381,2021-22,Regular Season,Overall
1629661,Cameron Johnson,1610612756,PHX,26.0,65,65,1.0,270,593,0.455,0.592,0.352,108,209,0.517,0.648,162,384,0.422,2021-22,Regular Season,Overall
1630544,Tre Mann,1610612760,OKC,21.0,60,60,1.0,231,588,0.393,0.476,0.537,133,316,0.421,0.463,98,272,0.36,2021-22,Regular Season,Overall
1630166,Deni Avdija,1610612764,WAS,21.0,82,81,1.0,250,579,0.432,0.503,0.553,168,320,0.525,0.447,82,259,0.317,2021-22,Regular Season,Overall
1626166,Cameron Payne,1610612756,PHX,27.0,57,57,1.0,236,578,0.408,0.469,0.637,166,368,0.451,0.363,70,210,0.333,2021-22,Regular Season,Overall
1629643,Chuma Okeke,1610612753,ORL,23.0,70,70,1.0,216,576,0.375,0.477,0.356,98,205,0.478,0.644,118,371,0.318,2021-22,Regular Season,Overall
1628449,Chris Boucher,1610612761,TOR,29.0,80,79,1.0,268,575,0.466,0.525,0.602,200,346,0.578,0.398,68,229,0.297,2021-22,Regular Season,Overall
1629631,De'Andre Hunter,1610612737,ATL,24.0,53,53,1.0,254,575,0.442,0.506,0.661,180,380,0.474,0.339,74,195,0.379,2021-22,Regular Season,Overall
1626224,Cedi Osman,1610612739,CLE,27.0,66,64,1.0,247,573,0.431,0.543,0.373,119,214,0.556,0.627,128,359,0.357,2021-22,Regular Season,Overall
1630538,Bones Hyland,1610612743,DEN,21.0,69,69,1.0,230,571,0.403,0.518,0.373,99,213,0.465,0.627,131,358,0.366,2021-22,Regular Season,Overall
1628960,Grayson Allen,1610612749,MIL,26.0,66,66,1.0,255,569,0.448,0.588,0.316,96,180,0.533,0.684,159,389,0.409,2021-22,Regular Season,Overall
1630529,Herbert Jones,1610612740,NOP,23.0,77,76,1.0,270,568,0.475,0.526,0.702,213,399,0.534,0.298,57,169,0.337,2021-22,Regular Season,Overall
202691,Klay Thompson,1610612744,GSW,32.0,32,32,1.0,245,568,0.431,0.532,0.482,131,274,0.478,0.518,114,294,0.388,2021-22,Regular Season,Overall
201569,Eric Gordon,1610612745,HOU,33.0,57,57,1.0,268,564,0.475,0.585,0.466,144,263,0.548,0.534,124,301,0.412,2021-22,Regular Season,Overall
1629622,Max Strus,1610612748,MIA,26.0,68,67,1.0,249,564,0.441,0.602,0.216,68,122,0.557,0.784,181,442,0.41,2021-22,Regular Season,Overall
1627777,Georges Niang,1610612755,PHI,29.0,76,76,1.0,246,563,0.437,0.575,0.313,90,176,0.511,0.687,156,387,0.403,2021-22,Regular Season,Overall
201143,Al Horford,1610612738,BOS,36.0,68,68,1.0,263,561,0.469,0.547,0.538,175,302,0.579,0.462,88,259,0.34,2021-22,Regular Season,Overall
1628404,Josh Hart,1610612757,POR,27.0,53,53,1.0,283,559,0.506,0.571,0.628,211,351,0.601,0.372,72,208,0.346,2021-22,Regular Season,Overall
1626149,Montrezl Harrell,1610612766,CHA,28.0,71,71,1.0,358,556,0.644,0.647,0.969,354,539,0.657,0.031,4,17,0.235,2021-22,Regular Season,Overall
1630183,Jaden McDaniels,1610612750,MIN,21.0,70,70,1.0,255,555,0.459,0.532,0.546,175,303,0.578,0.454,80,252,0.317,2021-22,Regular Season,Overall
1626168,Trey Lyles,1610612758,SAC,26.0,74,73,1.0,259,554,0.468,0.527,0.632,193,350,0.551,0.368,66,204,0.324,2021-22,Regular Season,Overall
203914,Gary Harris,1610612753,ORL,27.0,61,61,1.0,240,553,0.434,0.539,0.454,124,251,0.494,0.546,116,302,0.384,2021-22,Regular Season,Overall
203082,Terrence Ross,1610612753,ORL,31.0,63,62,1.0,219,553,0.396,0.465,0.524,143,290,0.493,0.476,76,263,0.289,2021-22,Regular Season,Overall
203081,Damian Lillard,1610612757,POR,31.0,29,29,1.0,222,552,0.402,0.486,0.486,130,268,0.485,0.514,92,284,0.324,2021-22,Regular Season,Overall
1630591,Jalen Suggs,1610612753,ORL,21.0,48,48,1.0,197,547,0.36,0.398,0.644,156,352,0.443,0.356,41,195,0.21,2021-22,Regular Season,Overall
1626145,Tyus Jones,1610612763,MEM,26.0,72,72,1.0,243,545,0.446,0.517,0.628,165,342,0.482,0.372,78,203,0.384,2021-22,Regular Season,Overall
203109,Jae Crowder,1610612756,PHX,31.0,67,67,1.0,217,544,0.399,0.516,0.329,90,179,0.503,0.671,127,365,0.348,2021-22,Regular Season,Overall
1628386,Jarrett Allen,1610612739,CLE,24.0,56,56,1.0,367,543,0.676,0.677,0.982,366,533,0.687,0.018,1,10,0.1,2021-22,Regular Season,Overall
1627763,Malcolm Brogdon,1610612754,IND,29.0,36,36,1.0,243,543,0.448,0.501,0.657,185,357,0.518,0.343,58,186,0.312,2021-22,Regular Season,Overall
203463,Ben McLemore,1610612757,POR,29.0,64,62,1.0,216,539,0.401,0.541,0.226,65,122,0.533,0.774,151,417,0.362,2021-22,Regular Season,Overall
1627854,Bryn Forbes,1610612743,DEN,28.0,75,74,1.0,231,538,0.429,0.543,0.452,109,243,0.449,0.548,122,295,0.414,2021-22,Regular Season,Overall
1629659,Talen Horton-Tucker,1610612747,LAL,21.0,60,60,1.0,224,538,0.416,0.462,0.662,175,356,0.492,0.338,49,182,0.269,2021-22,Regular Season,Overall
1630245,Ayo Dosunmu,1610612741,CHI,22.0,77,77,1.0,278,535,0.52,0.585,0.652,208,349,0.596,0.348,70,186,0.376,2021-22,Regular Season,Overall
1629023,P.J. Washington,1610612766,CHA,23.0,65,65,1.0,250,534,0.468,0.571,0.436,140,233,0.601,0.564,110,301,0.365,2021-22,Regular Season,Overall
203501,Tim Hardaway Jr.,1610612742,DAL,30.0,42,42,1.0,209,530,0.394,0.491,0.426,107,226,0.473,0.574,102,304,0.336,2021-22,Regular Season,Overall
201145,Jeff Green,1610612743,DEN,35.0,75,73,1.0,277,529,0.524,0.574,0.682,224,361,0.62,0.318,53,168,0.315,2021-22,Regular Season,Overall
1626196,Josh Richardson,1610612759,SAS,28.0,64,63,1.0,232,527,0.44,0.535,0.539,132,284,0.465,0.461,100,243,0.412,2021-22,Regular Season,Overall
1630578,Alperen Sengun,1610612745,HOU,19.0,72,72,1.0,249,525,0.474,0.502,0.777,220,408,0.539,0.223,29,117,0.248,2021-22,Regular Season,Overall
1630231,KJ Martin,1610612745,HOU,21.0,79,77,1.0,279,522,0.534,0.592,0.68,219,355,0.617,0.32,60,167,0.359,2021-22,Regular Season,Overall
1628977,Hamidou Diallo,1610612765,DET,23.0,57,56,1.0,256,514,0.498,0.52,0.825,233,424,0.55,0.175,23,90,0.256,2021-22,Regular Season,Overall
1630557,Corey Kispert,1610612764,WAS,23.0,77,75,1.0,234,514,0.455,0.564,0.377,122,194,0.629,0.623,112,320,0.35,2021-22,Regular Season,Overall
1629216,Gabe Vincent,1610612748,MIA,26.0,68,63,1.0,214,513,0.417,0.533,0.37,95,190,0.5,0.63,119,323,0.368,2021-22,Regular Season,Overall
1628415,Dillon Brooks,1610612763,MEM,26.0,31,31,1.0,219,509,0.43,0.474,0.715,174,364,0.478,0.285,45,145,0.31,2021-22,Regular Season,Overall
203497,Rudy Gobert,1610612762,UTA,30.0,66,66,1.0,362,508,0.713,0.713,0.992,362,504,0.718,0.008,0,4,0.0,2021-22,Regular Season,Overall
1628971,Bruce Brown,1610612751,BKN,25.0,72,70,1.0,256,506,0.506,0.543,0.814,218,412,0.529,0.186,38,94,0.404,2021-22,Regular Season,Overall
1629052,Oshae Brissett,1610612754,IND,24.0,67,64,1.0,208,506,0.411,0.493,0.532,125,269,0.465,0.468,83,237,0.35,2021-22,Regular Season,Overall
1630560,Cam Thomas,1610612751,BKN,20.0,67,62,1.0,218,503,0.433,0.48,0.654,171,329,0.52,0.346,47,174,0.27,2021-22,Regular Season,Overall
203493,Reggie Bullock Jr.,1610612742,DAL,31.0,68,68,1.0,201,501,0.401,0.542,0.218,60,109,0.55,0.782,141,392,0.36,2021-22,Regular Season,Overall
1630528,Josh Christopher,1610612745,HOU,20.0,74,69,1.0,224,500,0.448,0.504,0.622,168,311,0.54,0.378,56,189,0.296,2021-22,Regular Season,Overall
203496,Robert Covington,1610612746,LAC,31.0,71,70,1.0,209,499,0.419,0.547,0.321,81,160,0.506,0.679,128,339,0.378,2021-22,Regular Season,Overall
1626192,Pat Connaughton,1610612749,MIL,29.0,65,65,1.0,227,496,0.458,0.605,0.254,81,126,0.643,0.746,146,370,0.395,2021-22,Regular Season,Overall
1627826,Ivica Zubac,1610612746,LAC,25.0,76,76,1.0,310,495,0.626,0.626,1.0,310,495,0.626,0.0,0,0,,2021-22,Regular Season,Overall
1630191,Isaiah Stewart,1610612765,DET,21.0,70,69,1.0,247,485,0.509,0.525,0.905,232,439,0.528,0.095,15,46,0.326,2021-22,Regular Season,Overall
1629013,Landry Shamet,1610612756,PHX,25.0,69,69,1.0,191,485,0.394,0.521,0.311,68,151,0.45,0.689,123,334,0.368,2021-22,Regular Season,Overall
1628402,Frank Jackson,1610612765,DET,24.0,53,53,1.0,194,483,0.402,0.491,0.422,108,204,0.529,0.578,86,279,0.308,2021-22,Regular Season,Overall
1629675,Naz Reid,1610612750,MIN,22.0,77,77,1.0,233,477,0.488,0.548,0.652,176,311,0.566,0.348,57,166,0.343,2021-22,Regular Season,Overall
1630167,Obi Toppin,1610612752,NYK,24.0,71,70,1.0,251,472,0.532,0.587,0.642,199,303,0.657,0.358,52,169,0.308,2021-22,Regular Season,Overall
1627788,Furkan Korkmaz,1610612755,PHI,24.0,67,64,1.0,182,470,0.387,0.469,0.434,105,204,0.515,0.566,77,266,0.289,2021-22,Regular Season,Overall
203937,Kyle Anderson,1610612763,MEM,28.0,69,69,1.0,209,469,0.446,0.484,0.768,173,360,0.481,0.232,36,109,0.33,2021-22,Regular Season,Overall
203926,Doug McDermott,1610612759,SAS,30.0,51,51,1.0,214,464,0.461,0.578,0.448,106,208,0.51,0.552,108,256,0.422,2021-22,Regular Season,Overall
1629670,Jordan Nwora,1610612749,MIL,23.0,62,58,1.0,186,462,0.403,0.488,0.509,107,235,0.455,0.491,79,227,0.348,2021-22,Regular Season,Overall
1629726,Garrison Mathews,1610612745,HOU,25.0,65,65,1.0,184,461,0.399,0.55,0.163,45,75,0.6,0.837,139,386,0.36,2021-22,Regular Season,Overall
200746,LaMarcus Aldridge,1610612751,BKN,36.0,47,46,1.0,252,459,0.549,0.564,0.9,238,413,0.576,0.1,14,46,0.304,2021-22,Regular Season,Overall
201580,JaVale McGee,1610612756,PHX,34.0,74,74,1.0,288,458,0.629,0.631,0.98,286,449,0.637,0.02,2,9,0.222,2021-22,Regular Season,Overall
1629599,Amir Coffey,1610612746,LAC,25.0,68,61,1.0,208,458,0.454,0.558,0.454,113,208,0.543,0.546,95,250,0.38,2021-22,Regular Season,Overall
1630181,R.J. Hampton,1610612753,ORL,21.0,64,64,1.0,175,457,0.383,0.453,0.6,111,274,0.405,0.4,64,183,0.35,2021-22,Regular Season,Overall
1630197,Aleksej Pokusevski,1610612760,OKC,20.0,61,61,1.0,186,456,0.408,0.47,0.568,129,259,0.498,0.432,57,197,0.289,2021-22,Regular Season,Overall
202339,Eric Bledsoe,1610612757,POR,32.0,53,53,1.0,193,454,0.425,0.481,0.648,142,294,0.483,0.352,51,160,0.319,2021-22,Regular Season,Overall
1630165,Killian Hayes,1610612765,DET,20.0,65,65,1.0,174,449,0.388,0.435,0.639,131,287,0.456,0.361,43,162,0.265,2021-22,Regular Season,Overall
1629002,Chimezie Metu,1610612758,SAC,25.0,59,59,1.0,202,448,0.451,0.513,0.587,146,263,0.555,0.413,56,185,0.303,2021-22,Regular Season,Overall
1630228,Jonathan Kuminga,1610612744,GSW,19.0,69,64,1.0,230,446,0.516,0.572,0.67,180,299,0.602,0.33,50,147,0.34,2021-22,Regular Season,Overall
1628963,Marvin Bagley III,1610612765,DET,23.0,48,48,1.0,225,446,0.504,0.53,0.783,202,349,0.579,0.217,23,97,0.237,2021-22,Regular Season,Overall
1626220,Royce O'Neale,1610612762,UTA,29.0,77,76,1.0,203,444,0.457,0.591,0.311,84,138,0.609,0.689,119,306,0.389,2021-22,Regular Season,Overall
203526,Raul Neto,1610612764,WAS,30.0,70,67,1.0,204,441,0.463,0.502,0.728,169,321,0.526,0.272,35,120,0.292,2021-22,Regular Season,Overall
1628470,Torrey Craig,1610612756,PHX,31.0,78,75,1.0,200,440,0.455,0.542,0.47,123,207,0.594,0.53,77,233,0.33,2021-22,Regular Season,Overall
1629634,Brandon Clarke,1610612763,MEM,25.0,63,63,1.0,283,438,0.646,0.652,0.95,278,416,0.668,0.05,5,22,0.227,2021-22,Regular Season,Overall
201976,Patrick Beverley,1610612750,MIN,33.0,58,58,1.0,177,436,0.406,0.501,0.445,94,194,0.485,0.555,83,242,0.343,2021-22,Regular Season,Overall
203083,Andre Drummond,1610612751,BKN,28.0,73,71,1.0,247,433,0.57,0.57,0.993,247,430,0.574,0.007,0,3,0.0,2021-22,Regular Season,Overall
1630171,Isaac Okoro,1610612739,CLE,21.0,67,67,1.0,207,431,0.48,0.544,0.636,152,274,0.555,0.364,55,157,0.35,2021-22,Regular Season,Overall
1629684,Grant Williams,1610612738,BOS,23.0,76,76,1.0,205,429,0.478,0.601,0.406,99,174,0.569,0.594,106,255,0.416,2021-22,Regular Season,Overall
200782,P.J. Tucker,1610612748,MIA,37.0,71,71,1.0,207,428,0.484,0.577,0.549,127,235,0.54,0.451,80,193,0.415,2021-22,Regular Season,Overall
1630613,Duane Washington Jr.,1610612754,IND,22.0,48,46,1.0,173,427,0.405,0.5,0.496,92,212,0.434,0.504,81,215,0.377,2021-22,Regular Season,Overall
202397,Ish Smith,1610612764,WAS,33.0,64,60,1.0,182,421,0.432,0.462,0.843,157,355,0.442,0.157,25,66,0.379,2021-22,Regular Season,Overall
1628998,Cody Martin,1610612766,CHA,26.0,70,70,1.0,199,418,0.476,0.549,0.62,138,259,0.533,0.38,61,159,0.384,2021-22,Regular Season,Overall
1630533,Ziaire Williams,1610612763,MEM,20.0,61,61,1.0,186,416,0.447,0.536,0.428,112,178,0.629,0.572,74,238,0.311,2021-22,Regular Season,Overall
1629669,Jaylen Nowell,1610612750,MIN,22.0,62,60,1.0,196,413,0.475,0.551,0.613,133,253,0.526,0.387,63,160,0.394,2021-22,Regular Season,Overall
203490,Otto Porter Jr.,1610612744,GSW,29.0,62,62,1.0,191,411,0.465,0.561,0.482,112,198,0.566,0.518,79,213,0.371,2021-22,Regular Season,Overall
201937,Ricky Rubio,1610612754,IND,31.0,34,34,1.0,149,411,0.363,0.434,0.577,90,237,0.38,0.423,59,174,0.339,2021-22,Regular Season,Overall
1629655,Daniel Gafford,1610612764,WAS,23.0,72,72,1.0,285,410,0.695,0.695,0.998,285,409,0.697,0.002,0,1,0.0,2021-22,Regular Season,Overall
1628997,Caleb Martin,1610612748,MIA,26.0,60,60,1.0,208,410,0.507,0.585,0.622,144,255,0.565,0.378,64,155,0.413,2021-22,Regular Season,Overall
1629629,Cam Reddish,1610612752,NYK,22.0,49,48,1.0,165,408,0.404,0.485,0.549,99,224,0.442,0.451,66,184,0.359,2021-22,Regular Season,Overall
1629003,Shake Milton,1610612755,PHI,25.0,55,52,1.0,173,403,0.429,0.483,0.67,130,270,0.481,0.33,43,133,0.323,2021-22,Regular Season,Overall
203939,Dwight Powell,1610612742,DAL,30.0,82,80,1.0,269,402,0.669,0.685,0.908,256,365,0.701,0.092,13,37,0.351,2021-22,Regular Season,Overall
202709,Cory Joseph,1610612765,DET,30.0,65,64,1.0,178,400,0.445,0.526,0.608,113,243,0.465,0.393,65,157,0.414,2021-22,Regular Season,Overall
1629637,Jaxson Hayes,1610612740,NOP,22.0,69,69,1.0,243,397,0.612,0.637,0.854,223,339,0.658,0.146,20,58,0.345,2021-22,Regular Season,Overall
1629021,Moritz Wagner,1610612753,ORL,25.0,63,60,1.0,197,396,0.497,0.581,0.492,131,195,0.672,0.508,66,201,0.328,2021-22,Regular Season,Overall
1626167,Myles Turner,1610612754,IND,26.0,42,42,1.0,200,394,0.508,0.585,0.533,139,210,0.662,0.467,61,184,0.332,2021-22,Regular Season,Overall
1627752,Taurean Prince,1610612750,MIN,28.0,69,68,1.0,177,391,0.453,0.563,0.414,91,162,0.562,0.586,86,229,0.376,2021-22,Regular Season,Overall
201587,Nicolas Batum,1610612746,LAC,33.0,58,58,1.0,179,384,0.466,0.607,0.305,71,117,0.607,0.695,108,267,0.404,2021-22,Regular Season,Overall
1628366,Lonzo Ball,1610612741,CHI,24.0,35,35,1.0,162,383,0.423,0.567,0.321,52,123,0.423,0.679,110,260,0.423,2021-22,Regular Season,Overall
203500,Steven Adams,1610612763,MEM,28.0,75,75,1.0,210,381,0.551,0.551,0.997,210,380,0.553,0.003,0,1,0.0,2021-22,Regular Season,Overall
1629060,Rui Hachimura,1610612764,WAS,24.0,42,42,1.0,186,379,0.491,0.563,0.675,131,256,0.512,0.325,55,123,0.447,2021-22,Regular Season,Overall
200752,Rudy Gay,1610612762,UTA,35.0,55,55,1.0,157,379,0.414,0.507,0.464,87,176,0.494,0.536,70,203,0.345,2021-22,Regular Season,Overall
1627814,Damion Lee,1610612744,GSW,29.0,62,61,1.0,164,373,0.44,0.523,0.509,102,190,0.537,0.491,62,183,0.339,2021-22,Regular Season,Overall
1630202,Payton Pritchard,1610612738,BOS,24.0,71,67,1.0,160,373,0.429,0.564,0.343,59,128,0.461,0.657,101,245,0.412,2021-22,Regular Season,Overall
1629234,Drew Eubanks,1610612757,POR,25.0,71,66,1.0,222,372,0.597,0.603,0.938,217,349,0.622,0.062,5,23,0.217,2021-22,Regular Season,Overall
202689,Kemba Walker,1610612752,NYK,32.0,37,37,1.0,149,370,0.403,0.501,0.462,76,171,0.444,0.538,73,199,0.367,2021-22,Regular Season,Overall
1628392,Isaiah Hartenstein,1610612746,LAC,24.0,68,67,1.0,229,366,0.626,0.645,0.918,215,336,0.64,0.082,14,30,0.467,2021-22,Regular Season,Overall
1629057,Robert Williams III,1610612738,BOS,24.0,60,60,1.0,268,365,0.734,0.734,0.997,268,364,0.736,0.003,0,1,0.0,2021-22,Regular Season,Overall
1629020,Jarred Vanderbilt,1610612750,MIN,23.0,74,72,1.0,212,361,0.587,0.59,0.961,210,347,0.605,0.039,2,14,0.143,2021-22,Regular Season,Overall
1626172,Kevon Looney,1610612744,GSW,26.0,81,80,1.0,205,357,0.574,0.574,0.997,205,356,0.576,0.003,0,1,0.0,2021-22,Regular Season,Overall
1628467,Maxi Kleber,1610612742,DAL,30.0,59,59,1.0,141,354,0.398,0.516,0.28,58,99,0.586,0.72,83,255,0.325,2021-22,Regular Season,Overall
202340,Avery Bradley,1610612747,LAL,31.0,62,60,1.0,148,350,0.423,0.54,0.4,66,140,0.471,0.6,82,210,0.39,2021-22,Regular Season,Overall
203085,Austin Rivers,1610612743,DEN,29.0,67,67,1.0,146,349,0.418,0.532,0.338,67,118,0.568,0.662,79,231,0.342,2021-22,Regular Season,Overall
203087,Jeremy Lamb,1610612758,SAC,30.0,56,56,1.0,133,347,0.383,0.463,0.51,78,177,0.441,0.49,55,170,0.324,2021-22,Regular Season,Overall
1627780,Gary Payton II,1610612744,GSW,29.0,70,66,1.0,210,341,0.616,0.679,0.651,167,222,0.752,0.349,43,119,0.361,2021-22,Regular Season,Overall
1629011,Mitchell Robinson,1610612752,NYK,24.0,71,70,1.0,258,340,0.759,0.759,1.0,258,340,0.759,0.0,0,0,,2021-22,Regular Season,Overall
1630200,Tre Jones,1610612759,SAS,22.0,69,64,1.0,166,338,0.491,0.506,0.852,156,288,0.542,0.148,10,50,0.2,2021-22,Regular Season,Overall
1628988,Aaron Holiday,1610612756,PHX,25.0,63,60,1.0,151,338,0.447,0.504,0.695,112,235,0.477,0.305,39,103,0.379,2021-22,Regular Season,Overall
1630598,Aaron Wiggins,1610612760,OKC,23.0,50,48,1.0,156,337,0.463,0.525,0.591,114,199,0.573,0.409,42,138,0.304,2021-22,Regular Season,Overall
202357,Nemanja Bjelica,1610612744,GSW,34.0,70,68,1.0,156,336,0.464,0.543,0.565,103,190,0.542,0.435,53,146,0.363,2021-22,Regular Season,Overall
1628978,Donte DiVincenzo,1610612758,SAC,25.0,42,42,1.0,118,336,0.351,0.461,0.351,44,118,0.373,0.649,74,218,0.339,2021-22,Regular Season,Overall
1630188,Jalen Smith,1610612754,IND,22.0,50,46,1.0,167,333,0.502,0.56,0.64,128,213,0.601,0.36,39,120,0.325,2021-22,Regular Season,Overall
202355,Hassan Whiteside,1610612762,UTA,33.0,65,63,1.0,215,330,0.652,0.652,1.0,215,330,0.652,0.0,0,0,,2021-22,Regular Season,Overall
203210,JaMychal Green,1610612743,DEN,32.0,67,66,1.0,159,328,0.485,0.535,0.622,126,204,0.618,0.378,33,124,0.266,2021-22,Regular Season,Overall
1629660,Ty Jerome,1610612760,OKC,24.0,48,48,1.0,124,328,0.378,0.46,0.433,70,142,0.493,0.567,54,186,0.29,2021-22,Regular Season,Overall
1626195,Willy Hernangomez,1610612740,NOP,28.0,50,48,1.0,170,326,0.521,0.528,0.963,166,314,0.529,0.037,4,12,0.333,2021-22,Regular Season,Overall
1629750,Javonte Green,1610612741,CHI,28.0,65,65,1.0,176,325,0.542,0.597,0.689,140,224,0.625,0.311,36,101,0.356,2021-22,Regular Season,Overall
202326,DeMarcus Cousins,1610612743,DEN,31.0,48,47,1.0,149,324,0.46,0.517,0.623,112,202,0.554,0.377,37,122,0.303,2021-22,Regular Season,Overall
1630526,Jeremiah Robinson-Earl,1610612760,OKC,21.0,49,47,1.0,134,324,0.414,0.503,0.491,76,159,0.478,0.509,58,165,0.352,2021-22,Regular Season,Overall
1629676,Isaiah Roby,1610612760,OKC,24.0,45,43,1.0,166,323,0.514,0.582,0.693,122,224,0.545,0.307,44,99,0.444,2021-22,Regular Season,Overall
202362,Lance Stephenson,1610612754,IND,31.0,46,46,1.0,147,323,0.455,0.497,0.721,120,233,0.515,0.279,27,90,0.3,2021-22,Regular Season,Overall
201980,Danny Green,1610612755,PHI,35.0,62,61,1.0,126,320,0.394,0.555,0.153,23,49,0.469,0.847,103,271,0.38,2021-22,Regular Season,Overall
101150,Lou Williams,1610612737,ATL,35.0,56,56,1.0,125,320,0.391,0.448,0.681,88,218,0.404,0.319,37,102,0.363,2021-22,Regular Season,Overall
1630205,Lamar Stevens,1610612739,CLE,24.0,63,61,1.0,156,319,0.489,0.517,0.796,138,254,0.543,0.204,18,65,0.277,2021-22,Regular Season,Overall
203486,Mason Plumlee,1610612766,CHA,32.0,72,72,1.0,203,318,0.638,0.638,0.994,203,316,0.642,0.006,0,2,0.0,2021-22,Regular Season,Overall
1630559,Austin Reaves,1610612747,LAL,24.0,61,59,1.0,146,318,0.459,0.542,0.472,93,150,0.62,0.528,53,168,0.315,2021-22,Regular Season,Overall
1629026,Kenrich Williams,1610612760,OKC,27.0,49,49,1.0,146,317,0.461,0.525,0.618,105,196,0.536,0.382,41,121,0.339,2021-22,Regular Season,Overall
1630177,Theo Maledon,1610612760,OKC,21.0,51,49,1.0,119,317,0.375,0.445,0.527,75,167,0.449,0.473,44,150,0.293,2021-22,Regular Season,Overall
1629642,Nassir Little,1610612757,POR,22.0,42,42,1.0,145,315,0.46,0.541,0.511,94,161,0.584,0.489,51,154,0.331,2021-22,Regular Season,Overall
201933,Blake Griffin,1610612751,BKN,33.0,56,54,1.0,133,312,0.426,0.487,0.535,95,167,0.569,0.465,38,145,0.262,2021-22,Regular Season,Overall
1630527,Brandon Boston,1610612746,LAC,20.0,50,47,1.0,121,308,0.393,0.448,0.649,87,200,0.435,0.351,34,108,0.315,2021-22,Regular Season,Overall
1629604,CJ Elleby,1610612757,POR,22.0,58,55,1.0,121,308,0.393,0.453,0.591,84,182,0.462,0.409,37,126,0.294,2021-22,Regular Season,Overall
201949,James Johnson,1610612751,BKN,35.0,62,60,1.0,144,306,0.471,0.508,0.722,121,221,0.548,0.278,23,85,0.271,2021-22,Regular Season,Overall
1629680,Matisse Thybulle,1610612755,PHI,25.0,66,66,1.0,150,300,0.5,0.575,0.52,105,156,0.673,0.48,45,144,0.313,2021-22,Regular Season,Overall
1630267,Facundo Campazzo,1610612743,DEN,31.0,65,58,1.0,107,296,0.361,0.459,0.348,49,103,0.476,0.652,58,193,0.301,2021-22,Regular Season,Overall
1628464,Daniel Theis,1610612738,BOS,30.0,47,46,1.0,151,291,0.519,0.576,0.632,118,184,0.641,0.368,33,107,0.308,2021-22,Regular Season,Overall
203473,Dewayne Dedmon,1610612748,MIA,32.0,67,63,1.0,164,290,0.566,0.598,0.838,145,243,0.597,0.162,19,47,0.404,2021-22,Regular Season,Overall
1630631,Jose Alvarado,1610612740,NOP,24.0,53,49,1.0,131,290,0.452,0.507,0.628,99,182,0.544,0.372,32,108,0.296,2021-22,Regular Season,Overall
1626158,Richaun Holmes,1610612758,SAC,28.0,44,43,1.0,189,289,0.654,0.657,0.983,187,284,0.658,0.017,2,5,0.4,2021-22,Regular Season,Overall
1628367,Josh Jackson,1610612758,SAC,25.0,50,49,1.0,116,289,0.401,0.458,0.564,83,163,0.509,0.436,33,126,0.262,2021-22,Regular Season,Overall
202066,Garrett Temple,1610612740,NOP,36.0,58,55,1.0,109,289,0.377,0.478,0.377,51,109,0.468,0.623,58,180,0.322,2021-22,Regular Season,Overall
1629717,Armoni Brooks,1610612761,TOR,24.0,54,49,1.0,98,289,0.339,0.467,0.138,24,40,0.6,0.862,74,249,0.297,2021-22,Regular Season,Overall
201586,Serge Ibaka,1610612749,MIL,32.0,53,52,1.0,144,288,0.5,0.564,0.663,107,191,0.56,0.337,37,97,0.381,2021-22,Regular Season,Overall
203482,Kelly Olynyk,1610612765,DET,31.0,40,40,1.0,128,286,0.448,0.517,0.584,88,167,0.527,0.416,40,119,0.336,2021-22,Regular Season,Overall
204060,Joe Ingles,1610612757,POR,34.0,45,45,1.0,115,285,0.404,0.54,0.211,37,60,0.617,0.789,78,225,0.347,2021-22,Regular Season,Overall
1630314,Brandon Williams,1610612757,POR,22.0,24,24,1.0,105,282,0.372,0.427,0.624,74,176,0.42,0.376,31,106,0.292,2021-22,Regular Season,Overall
1630530,Trey Murphy III,1610612740,NOP,22.0,62,57,1.0,109,277,0.394,0.522,0.329,38,91,0.418,0.671,71,186,0.382,2021-22,Regular Season,Overall
201588,George Hill,1610612749,MIL,36.0,54,52,1.0,118,275,0.429,0.504,0.513,77,141,0.546,0.487,41,134,0.306,2021-22,Regular Season,Overall
201565,Derrick Rose,1610612752,NYK,33.0,26,26,1.0,122,274,0.445,0.513,0.664,85,182,0.467,0.336,37,92,0.402,2021-22,Regular Season,Overall
202722,Davis Bertans,1610612742,DAL,29.0,56,55,1.0,98,274,0.358,0.498,0.161,21,44,0.477,0.839,77,230,0.335,2021-22,Regular Season,Overall
201152,Thaddeus Young,1610612761,TOR,34.0,52,50,1.0,141,273,0.516,0.548,0.824,124,225,0.551,0.176,17,48,0.354,2021-22,Regular Season,Overall
1630563,Joshua Primo,1610612759,SAS,19.0,50,46,1.0,101,270,0.374,0.452,0.493,59,133,0.444,0.507,42,137,0.307,2021-22,Regular Season,Overall
1630553,Keon Johnson,1610612757,POR,20.0,36,35,1.0,96,270,0.356,0.419,0.63,62,170,0.365,0.37,34,100,0.34,2021-22,Regular Season,Overall
1626153,Delon Wright,1610612737,ATL,30.0,77,76,1.0,122,269,0.454,0.535,0.569,78,153,0.51,0.431,44,116,0.379,2021-22,Regular Season,Overall
1630230,Naji Marshall,1610612740,NOP,24.0,55,51,1.0,109,269,0.405,0.444,0.61,88,164,0.537,0.39,21,105,0.2,2021-22,Regular Season,Overall
1630570,Trendon Watford,1610612757,POR,21.0,48,47,1.0,142,267,0.532,0.549,0.858,133,229,0.581,0.142,9,38,0.237,2021-22,Regular Season,Overall
1630556,Kessler Edwards,1610612751,BKN,21.0,48,46,1.0,110,267,0.412,0.502,0.491,62,131,0.473,0.509,48,136,0.353,2021-22,Regular Season,Overall
1627745,Damian Jones,1610612758,SAC,27.0,55,51,1.0,175,266,0.658,0.677,0.891,165,237,0.696,0.109,10,29,0.345,2021-22,Regular Season,Overall
1629651,Nic Claxton,1610612751,BKN,23.0,47,46,1.0,178,264,0.674,0.674,1.0,178,264,0.674,0.0,0,0,,2021-22,Regular Season,Overall
202684,Tristan Thompson,1610612741,CHI,31.0,56,52,1.0,140,264,0.53,0.532,0.989,139,261,0.533,0.011,1,3,0.333,2021-22,Regular Season,Overall
1628966,Keita Bates-Diop,1610612759,SAS,26.0,59,55,1.0,136,263,0.517,0.549,0.791,119,208,0.572,0.209,17,55,0.309,2021-22,Regular Season,Overall
1629723,John Konchar,1610612763,MEM,26.0,72,69,1.0,135,262,0.515,0.615,0.519,83,136,0.61,0.481,52,126,0.413,2021-22,Regular Season,Overall
1629056,Terence Davis,1610612758,SAC,25.0,29,28,1.0,109,258,0.422,0.514,0.446,62,115,0.539,0.554,47,143,0.329,2021-22,Regular Season,Overall
1628972,Troy Brown Jr.,1610612741,CHI,22.0,66,63,1.0,108,258,0.419,0.51,0.484,61,125,0.488,0.516,47,133,0.353,2021-22,Regular Season,Overall
203110,Draymond Green,1610612744,GSW,32.0,46,45,1.0,135,257,0.525,0.556,0.79,119,203,0.586,0.21,16,54,0.296,2021-22,Regular Season,Overall
1627936,Alex Caruso,1610612741,CHI,28.0,41,40,1.0,102,257,0.397,0.479,0.506,60,130,0.462,0.494,42,127,0.331,2021-22,Regular Season,Overall
1630182,Josh Green,1610612742,DAL,21.0,67,61,1.0,130,256,0.508,0.563,0.695,102,178,0.573,0.305,28,78,0.359,2021-22,Regular Season,Overall
1626159,Justise Winslow,1610612757,POR,26.0,47,40,1.0,110,256,0.43,0.459,0.742,95,190,0.5,0.258,15,66,0.227,2021-22,Regular Season,Overall
1628975,Jevon Carter,1610612749,MIL,26.0,66,55,1.0,98,253,0.387,0.518,0.328,32,83,0.386,0.672,66,170,0.388,2021-22,Regular Season,Overall
1629048,Goga Bitadze,1610612754,IND,22.0,50,43,1.0,131,252,0.52,0.565,0.683,108,172,0.628,0.317,23,80,0.288,2021-22,Regular Season,Overall
1626169,Stanley Johnson,1610612747,LAL,26.0,48,47,1.0,117,251,0.466,0.532,0.582,84,146,0.575,0.418,33,105,0.314,2021-22,Regular Season,Overall
1629667,Jalen McDaniels,1610612766,CHA,24.0,54,50,1.0,120,249,0.482,0.562,0.578,80,144,0.556,0.422,40,105,0.381,2021-22,Regular Season,Overall
203488,Mike Muscala,1610612760,OKC,30.0,43,43,1.0,113,248,0.456,0.597,0.343,43,85,0.506,0.657,70,163,0.429,2021-22,Regular Season,Overall
1626204,Larry Nance Jr.,1610612740,NOP,29.0,46,46,1.0,129,247,0.522,0.569,0.717,106,177,0.599,0.283,23,70,0.329,2021-22,Regular Season,Overall
1630209,Omer Yurtseven,1610612748,MIA,24.0,56,48,1.0,126,243,0.519,0.521,0.955,125,232,0.539,0.045,1,11,0.091,2021-22,Regular Season,Overall
201961,Wayne Ellington,1610612747,LAL,34.0,43,43,1.0,98,237,0.414,0.586,0.11,16,26,0.615,0.89,82,211,0.389,2021-22,Regular Season,Overall
1629308,Juan Toscano-Anderson,1610612744,GSW,29.0,73,58,1.0,115,235,0.489,0.549,0.63,87,148,0.588,0.37,28,87,0.322,2021-22,Regular Season,Overall
1629672,Eric Paschall,1610612762,UTA,25.0,58,51,1.0,114,235,0.485,0.57,0.54,74,127,0.583,0.46,40,108,0.37,2021-22,Regular Season,Overall
1629656,Quentin Grimes,1610612752,NYK,22.0,45,38,1.0,95,234,0.406,0.56,0.197,23,46,0.5,0.803,72,188,0.383,2021-22,Regular Season,Overall
1629004,Svi Mykhailiuk,1610612761,TOR,25.0,56,52,1.0,91,234,0.389,0.476,0.427,50,100,0.5,0.573,41,134,0.306,2021-22,Regular Season,Overall
1630168,Onyeka Okongwu,1610612737,ATL,21.0,48,47,1.0,156,226,0.69,0.69,1.0,156,226,0.69,0.0,0,0,,2021-22,Regular Season,Overall
1628373,Frank Ntilikina,1610612742,DAL,23.0,58,51,1.0,89,223,0.399,0.484,0.507,51,113,0.451,0.493,38,110,0.345,2021-22,Regular Season,Overall
1627761,DeAndre' Bembry,1610612749,MIL,27.0,56,47,1.0,124,222,0.559,0.592,0.838,109,186,0.586,0.162,15,36,0.417,2021-22,Regular Season,Overall
201571,D.J. Augustin,1610612747,LAL,34.0,55,55,1.0,94,222,0.423,0.577,0.261,26,58,0.448,0.739,68,164,0.415,2021-22,Regular Season,Overall
202083,Wesley Matthews,1610612749,MIL,35.0,49,48,1.0,87,220,0.395,0.516,0.286,34,63,0.54,0.714,53,157,0.338,2021-22,Regular Season,Overall
1630678,Terry Taylor,1610612754,IND,22.0,33,30,1.0,135,219,0.616,0.644,0.826,123,181,0.68,0.174,12,38,0.316,2021-22,Regular Season,Overall
2730,Dwight Howard,1610612747,LAL,36.0,60,57,1.0,134,219,0.612,0.63,0.932,126,204,0.618,0.068,8,15,0.533,2021-22,Regular Season,Overall
203585,Rodney McGruder,1610612765,DET,30.0,50,46,1.0,95,218,0.436,0.567,0.344,38,75,0.507,0.656,57,143,0.399,2021-22,Regular Season,Overall
1629731,Dean Wade,1610612739,CLE,25.0,51,45,1.0,99,217,0.456,0.574,0.346,48,75,0.64,0.654,51,142,0.359,2021-22,Regular Season,Overall
1630214,Xavier Tillman,1610612763,MEM,23.0,53,49,1.0,98,216,0.454,0.477,0.773,88,167,0.527,0.227,10,49,0.204,2021-22,Regular Season,Overall
203504,Trey Burke,1610612742,DAL,29.0,42,38,1.0,84,215,0.391,0.451,0.619,58,133,0.436,0.381,26,82,0.317,2021-22,Regular Season,Overall
204456,T.J. McConnell,1610612754,IND,30.0,27,26,1.0,100,208,0.481,0.505,0.841,90,175,0.514,0.159,10,33,0.303,2021-22,Regular Season,Overall
1630543,Isaiah Jackson,1610612754,IND,20.0,36,32,1.0,116,206,0.563,0.575,0.922,111,190,0.584,0.078,5,16,0.313,2021-22,Regular Season,Overall
1629111,Jock Landale,1610612759,SAS,26.0,54,47,1.0,101,204,0.495,0.566,0.564,72,115,0.626,0.436,29,89,0.326,2021-22,Regular Season,Overall
1630625,Dalano Banton,1610612761,TOR,22.0,64,57,1.0,83,202,0.411,0.443,0.748,70,151,0.464,0.252,13,51,0.255,2021-22,Regular Season,Overall
201577,Robin Lopez,1610612753,ORL,34.0,36,34,1.0,110,200,0.55,0.555,0.97,108,194,0.557,0.03,2,6,0.333,2021-22,Regular Season,Overall
203920,Khem Birch,1610612761,TOR,29.0,55,51,1.0,97,200,0.485,0.485,0.93,97,186,0.522,0.07,0,14,0.0,2021-22,Regular Season,Overall
1629162,Jordan McLaughlin,1610612750,MIN,26.0,62,54,1.0,88,200,0.44,0.508,0.575,61,115,0.53,0.425,27,85,0.318,2021-22,Regular Season,Overall
1627863,Danuel House Jr.,1610612762,UTA,29.0,42,40,1.0,80,198,0.404,0.515,0.409,36,81,0.444,0.591,44,117,0.376,2021-22,Regular Season,Overall
1627884,Derrick Jones Jr.,1610612741,CHI,25.0,51,48,1.0,105,195,0.538,0.59,0.687,85,134,0.634,0.313,20,61,0.328,2021-22,Regular Season,Overall
1629641,Romeo Langford,1610612759,SAS,22.0,48,46,1.0,83,191,0.435,0.51,0.555,54,106,0.509,0.445,29,85,0.341,2021-22,Regular Season,Overall
203107,Tomas Satoransky,1610612764,WAS,30.0,55,51,1.0,72,191,0.377,0.406,0.723,61,138,0.442,0.277,11,53,0.208,2021-22,Regular Season,Overall
1626208,Keifer Sykes,1610612754,IND,28.0,32,28,1.0,69,190,0.363,0.434,0.526,42,100,0.42,0.474,27,90,0.3,2021-22,Regular Season,Overall
1630535,Greg Brown III,1610612757,POR,20.0,48,42,1.0,81,189,0.429,0.479,0.677,62,128,0.484,0.323,19,61,0.311,2021-22,Regular Season,Overall
1628372,Dennis Smith Jr.,1610612757,POR,24.0,37,34,1.0,79,189,0.418,0.434,0.857,73,162,0.451,0.143,6,27,0.222,2021-22,Regular Season,Overall
1629649,Ignas Brazdeikis,1610612753,ORL,23.0,42,37,1.0,81,188,0.431,0.503,0.537,54,101,0.535,0.463,27,87,0.31,2021-22,Regular Season,Overall
1630192,Zeke Nnaji,1610612743,DEN,21.0,41,40,1.0,96,186,0.516,0.616,0.57,59,106,0.557,0.43,37,80,0.463,2021-22,Regular Season,Overall
1627789,Timothe Luwawu-Cabarrot,1610612737,ATL,27.0,52,42,1.0,74,186,0.398,0.516,0.344,30,64,0.469,0.656,44,122,0.361,2021-22,Regular Season,Overall
1630201,Malachi Flynn,1610612761,TOR,24.0,44,36,1.0,72,183,0.393,0.475,0.508,42,93,0.452,0.492,30,90,0.333,2021-22,Regular Season,Overall
202324,Derrick Favors,1610612760,OKC,30.0,39,37,1.0,94,182,0.516,0.522,0.912,92,166,0.554,0.088,2,16,0.125,2021-22,Regular Season,Overall
1630174,Aaron Nesmith,1610612738,BOS,22.0,52,48,1.0,72,182,0.396,0.481,0.368,41,67,0.612,0.632,31,115,0.27,2021-22,Regular Season,Overall
1630541,Moses Moody,1610612744,GSW,20.0,51,41,1.0,77,177,0.435,0.548,0.395,37,70,0.529,0.605,40,107,0.374,2021-22,Regular Season,Overall
200765,Rajon Rondo,1610612739,CLE,36.0,39,38,1.0,68,177,0.384,0.472,0.503,37,89,0.416,0.497,31,88,0.352,2021-22,Regular Season,Overall
1630198,Isaiah Joe,1610612755,PHI,22.0,55,50,1.0,62,177,0.35,0.477,0.237,17,42,0.405,0.763,45,135,0.333,2021-22,Regular Season,Overall
203458,Alex Len,1610612758,SAC,29.0,39,38,1.0,94,176,0.534,0.551,0.881,88,155,0.568,0.119,6,21,0.286,2021-22,Regular Season,Overall
1628021,David Nwaba,1610612745,HOU,29.0,46,42,1.0,85,176,0.483,0.526,0.722,70,127,0.551,0.278,15,49,0.306,2021-22,Regular Season,Overall
1628365,Markelle Fultz,1610612753,ORL,24.0,18,18,1.0,83,175,0.474,0.486,0.903,79,158,0.5,0.097,4,17,0.235,2021-22,Regular Season,Overall
203090,Maurice Harkless,1610612758,SAC,29.0,46,39,1.0,80,175,0.457,0.537,0.451,52,79,0.658,0.549,28,96,0.292,2021-22,Regular Season,Overall
1630322,Lindy Waters III,1610612760,OKC,24.0,25,22,1.0,71,175,0.406,0.557,0.166,18,29,0.621,0.834,53,146,0.363,2021-22,Regular Season,Overall
1629103,Kelan Martin,1610612738,BOS,26.0,30,29,1.0,70,171,0.409,0.474,0.561,48,96,0.5,0.439,22,75,0.293,2021-22,Regular Season,Overall
203503,Tony Snell,1610612740,NOP,30.0,53,49,1.0,69,171,0.404,0.535,0.251,24,43,0.558,0.749,45,128,0.352,2021-22,Regular Season,Overall
1630240,Saben Lee,1610612765,DET,23.0,36,33,1.0,65,170,0.382,0.418,0.659,53,112,0.473,0.341,12,58,0.207,2021-22,Regular Season,Overall
203901,Elfrid Payton,1610612756,PHX,28.0,49,44,1.0,64,168,0.381,0.393,0.893,60,150,0.4,0.107,4,18,0.222,2021-22,Regular Season,Overall
1630249,Vít Krejčí,1610612760,OKC,22.0,30,27,1.0,68,167,0.407,0.503,0.413,36,69,0.522,0.587,32,98,0.327,2021-22,Regular Season,Overall
202738,Isaiah Thomas,1610612766,CHA,33.0,22,22,1.0,67,167,0.401,0.485,0.503,39,84,0.464,0.497,28,83,0.337,2021-22,Regular Season,Overall
201959,Taj Gibson,1610612752,NYK,37.0,51,45,1.0,83,163,0.509,0.555,0.767,68,125,0.544,0.233,15,38,0.395,2021-22,Regular Season,Overall
1628432,Davon Reed,1610612743,DEN,27.0,48,42,1.0,81,161,0.503,0.618,0.466,44,75,0.587,0.534,37,86,0.43,2021-22,Regular Season,Overall
203918,Rodney Hood,1610612746,LAC,29.0,52,49,1.0,58,157,0.369,0.465,0.42,28,66,0.424,0.58,30,91,0.33,2021-22,Regular Season,Overall
1630235,Trent Forrest,1610612762,UTA,24.0,60,46,1.0,76,155,0.49,0.506,0.826,71,128,0.555,0.174,5,27,0.185,2021-22,Regular Season,Overall
1628380,Zach Collins,1610612759,SAS,24.0,28,27,1.0,76,155,0.49,0.535,0.735,62,114,0.544,0.265,14,41,0.341,2021-22,Regular Season,Overall
1628425,Sterling Brown,1610612742,DAL,27.0,49,45,1.0,59,155,0.381,0.471,0.406,31,63,0.492,0.594,28,92,0.304,2021-22,Regular Season,Overall
1629164,Brandon Goodwin,1610612739,CLE,26.0,36,32,1.0,64,154,0.416,0.477,0.643,45,99,0.455,0.357,19,55,0.345,2021-22,Regular Season,Overall
1630215,Jared Butler,1610612762,UTA,21.0,42,35,1.0,61,151,0.404,0.497,0.417,33,63,0.524,0.583,28,88,0.318,2021-22,Regular Season,Overall
201609,Goran Dragic,1610612751,BKN,36.0,21,21,1.0,57,151,0.377,0.43,0.583,41,88,0.466,0.417,16,63,0.254,2021-22,Regular Season,Overall
1630549,Day'Ron Sharpe,1610612751,BKN,20.0,32,30,1.0,86,149,0.577,0.584,0.953,84,142,0.592,0.047,2,7,0.286,2021-22,Regular Season,Overall
1628418,Thomas Bryant,1610612764,WAS,24.0,27,27,1.0,77,148,0.52,0.561,0.716,65,106,0.613,0.284,12,42,0.286,2021-22,Regular Season,Overall
1629012,Collin Sexton,1610612739,CLE,23.0,11,11,1.0,67,148,0.453,0.486,0.709,57,105,0.543,0.291,10,43,0.233,2021-22,Regular Season,Overall
1630184,Kira Lewis Jr.,1610612740,NOP,21.0,24,24,1.0,59,146,0.404,0.449,0.603,46,88,0.523,0.397,13,58,0.224,2021-22,Regular Season,Overall
1630190,Elijah Hughes,1610612757,POR,24.0,36,28,1.0,47,144,0.326,0.413,0.34,22,49,0.449,0.66,25,95,0.263,2021-22,Regular Season,Overall
201599,DeAndre Jordan,1610612755,PHI,33.0,48,43,1.0,92,143,0.643,0.643,1.0,92,143,0.643,0.0,0,0,,2021-22,Regular Season,Overall
202687,Bismack Biyombo,1610612756,PHX,29.0,35,30,1.0,86,143,0.601,0.601,1.0,86,143,0.601,0.0,0,0,,2021-22,Regular Season,Overall
1630568,Luka Garza,1610612765,DET,23.0,31,30,1.0,63,139,0.453,0.507,0.676,48,94,0.511,0.324,15,45,0.333,2021-22,Regular Season,Overall
203145,Kent Bazemore,1610612747,LAL,32.0,39,37,1.0,45,139,0.324,0.428,0.424,16,59,0.271,0.576,29,80,0.363,2021-22,Regular Season,Overall
1629139,Yuta Watanabe,1610612761,TOR,27.0,38,33,1.0,56,138,0.406,0.504,0.428,29,59,0.492,0.572,27,79,0.342,2021-22,Regular Season,Overall
1630547,James Bouknight,1610612766,CHA,21.0,30,25,1.0,49,138,0.355,0.417,0.652,32,90,0.356,0.348,17,48,0.354,2021-22,Regular Season,Overall
1627737,Marquese Chriss,1610612742,DAL,24.0,34,30,1.0,62,134,0.463,0.493,0.813,54,109,0.495,0.187,8,25,0.32,2021-22,Regular Season,Overall
1629744,Matt Thomas,1610612741,CHI,27.0,40,36,1.0,55,134,0.41,0.541,0.321,20,43,0.465,0.679,35,91,0.385,2021-22,Regular Season,Overall
1629633,Jarrett Culver,1610612763,MEM,23.0,36,32,1.0,50,132,0.379,0.424,0.652,38,86,0.442,0.348,12,46,0.261,2021-22,Regular Season,Overall
201572,Brook Lopez,1610612749,MIL,34.0,13,13,1.0,61,131,0.466,0.538,0.595,42,78,0.538,0.405,19,53,0.358,2021-22,Regular Season,Overall
1629678,Admiral Schofield,1610612753,ORL,25.0,38,33,1.0,54,129,0.419,0.519,0.388,28,50,0.56,0.612,26,79,0.329,2021-22,Regular Season,Overall
203648,Thanasis Antetokounmpo,1610612749,MIL,29.0,48,33,1.0,70,128,0.547,0.555,0.891,68,114,0.596,0.109,2,14,0.143,2021-22,Regular Season,Overall
1630583,Santi Aldama,1610612763,MEM,21.0,31,30,1.0,51,128,0.398,0.422,0.641,45,82,0.549,0.359,6,46,0.13,2021-22,Regular Season,Overall
203925,Joe Harris,1610612751,BKN,30.0,14,14,1.0,56,124,0.452,0.617,0.29,15,36,0.417,0.71,41,88,0.466,2021-22,Regular Season,Overall
1628396,Tony Bradley,1610612741,CHI,24.0,55,43,1.0,72,123,0.585,0.585,1.0,72,123,0.585,0.0,0,0,,2021-22,Regular Season,Overall
1629681,Killian Tillie,1610612763,MEM,24.0,35,30,1.0,41,121,0.339,0.446,0.322,15,39,0.385,0.678,26,82,0.317,2021-22,Regular Season,Overall
2738,Andre Iguodala,1610612744,GSW,38.0,30,30,1.0,44,118,0.373,0.441,0.39,28,46,0.609,0.61,16,72,0.222,2021-22,Regular Season,Overall
1630572,Sandro Mamukelashvili,1610612749,MIL,23.0,41,29,1.0,57,115,0.496,0.591,0.548,35,63,0.556,0.452,22,52,0.423,2021-22,Regular Season,Overall
202693,Markieff Morris,1610612748,MIA,32.0,17,17,1.0,54,114,0.474,0.531,0.658,41,75,0.547,0.342,13,39,0.333,2021-22,Regular Season,Overall
200794,Paul Millsap,1610612755,PHI,37.0,33,30,1.0,45,114,0.395,0.43,0.693,37,79,0.468,0.307,8,35,0.229,2021-22,Regular Season,Overall
203476,Gorgui Dieng,1610612737,ATL,32.0,44,39,1.0,53,112,0.473,0.603,0.393,24,44,0.545,0.607,29,68,0.426,2021-22,Regular Season,Overall
1629833,Keljin Blevins,1610612757,POR,26.0,31,27,1.0,34,111,0.306,0.401,0.351,13,39,0.333,0.649,21,72,0.292,2021-22,Regular Season,Overall
1630264,Anthony Gill,1610612764,WAS,29.0,44,31,1.0,62,109,0.569,0.633,0.761,48,83,0.578,0.239,14,26,0.538,2021-22,Regular Season,Overall
1629650,Moses Brown,1610612739,CLE,22.0,40,30,1.0,64,108,0.593,0.593,1.0,64,108,0.593,0.0,0,0,,2021-22,Regular Season,Overall
1629117,Wenyen Gabriel,1610612747,LAL,25.0,25,23,1.0,54,108,0.5,0.537,0.741,46,80,0.575,0.259,8,28,0.286,2021-22,Regular Season,Overall
1630561,David Duke Jr.,1610612751,BKN,22.0,22,18,1.0,39,108,0.361,0.403,0.657,30,71,0.423,0.343,9,37,0.243,2021-22,Regular Season,Overall
1627823,Juancho Hernangomez,1610612762,UTA,26.0,40,30,1.0,44,106,0.415,0.528,0.349,20,37,0.541,0.651,24,69,0.348,2021-22,Regular Season,Overall
1630540,Miles McBride,1610612752,NYK,21.0,40,32,1.0,32,105,0.305,0.386,0.371,15,39,0.385,0.629,17,66,0.258,2021-22,Regular Season,Overall
1629006,Josh Okogie,1610612750,MIN,23.0,49,36,1.0,42,104,0.404,0.471,0.548,28,57,0.491,0.452,14,47,0.298,2021-22,Regular Season,Overall
1629008,Michael Porter Jr.,1610612743,DEN,24.0,9,9,1.0,37,103,0.359,0.408,0.534,27,55,0.491,0.466,10,48,0.208,2021-22,Regular Season,Overall
1630172,Patrick Williams,1610612741,CHI,20.0,17,16,1.0,54,102,0.529,0.603,0.716,39,73,0.534,0.284,15,29,0.517,2021-22,Regular Season,Overall
1627739,Kris Dunn,1610612757,POR,28.0,14,14,1.0,44,102,0.431,0.436,0.892,43,91,0.473,0.108,1,11,0.091,2021-22,Regular Season,Overall
1630846,Olivier Sarr,1610612760,OKC,23.0,22,20,1.0,58,101,0.574,0.639,0.713,45,72,0.625,0.287,13,29,0.448,2021-22,Regular Season,Overall
1630210,Markus Howard,1610612743,DEN,23.0,31,23,1.0,39,101,0.386,0.525,0.307,11,31,0.355,0.693,28,70,0.4,2021-22,Regular Season,Overall
1630688,Ish Wainright,1610612756,PHX,27.0,44,30,1.0,39,100,0.39,0.485,0.42,20,42,0.476,0.58,19,58,0.328,2021-22,Regular Season,Overall
1628408,PJ Dozier,1610612743,DEN,25.0,18,18,1.0,36,99,0.364,0.439,0.515,21,51,0.412,0.485,15,48,0.313,2021-22,Regular Season,Overall
2772,Trevor Ariza,1610612747,LAL,37.0,24,24,1.0,33,99,0.333,0.434,0.253,13,25,0.52,0.747,20,74,0.27,2021-22,Regular Season,Overall
1628400,Semi Ojeleye,1610612746,LAC,27.0,30,27,1.0,30,99,0.303,0.379,0.495,15,49,0.306,0.505,15,50,0.3,2021-22,Regular Season,Overall
1629685,Dylan Windler,1610612739,CLE,25.0,50,34,1.0,37,98,0.378,0.485,0.286,16,28,0.571,0.714,21,70,0.3,2021-22,Regular Season,Overall
202683,Enes Freedom,1610612738,BOS,30.0,34,28,1.0,51,97,0.526,0.536,0.948,49,92,0.533,0.052,2,5,0.4,2021-22,Regular Season,Overall
1630194,Paul Reed,1610612755,PHI,23.0,38,27,1.0,54,96,0.563,0.573,0.917,52,88,0.591,0.083,2,8,0.25,2021-22,Regular Season,Overall
1626147,Justin Anderson,1610612754,IND,28.0,16,16,1.0,36,95,0.379,0.458,0.379,21,36,0.583,0.621,15,59,0.254,2021-22,Regular Season,Overall
1629620,Justin Robinson,1610612765,DET,24.0,24,22,1.0,27,91,0.297,0.39,0.341,10,31,0.323,0.659,17,60,0.283,2021-22,Regular Season,Overall
203469,Cody Zeller,1610612757,POR,29.0,27,25,1.0,51,90,0.567,0.567,0.956,51,86,0.593,0.044,0,4,0.0,2021-22,Regular Season,Overall
1629658,Jaylen Hoard,1610612760,OKC,23.0,7,7,1.0,44,90,0.489,0.539,0.722,35,65,0.538,0.278,9,25,0.36,2021-22,Regular Season,Overall
1630587,Isaiah Livers,1610612765,DET,23.0,19,19,1.0,41,90,0.456,0.606,0.289,14,26,0.538,0.711,27,64,0.422,2021-22,Regular Season,Overall
1630233,Nathan Knight,1610612750,MIN,24.0,37,24,1.0,45,88,0.511,0.534,0.852,41,75,0.547,0.148,4,13,0.308,2021-22,Regular Season,Overall
1630208,Nick Richards,1610612766,CHA,24.0,49,36,1.0,58,85,0.682,0.682,1.0,58,85,0.682,0.0,0,0,,2021-22,Regular Season,Overall
1628995,Kevin Knox II,1610612737,ATL,22.0,30,25,1.0,31,85,0.365,0.453,0.365,16,31,0.516,0.635,15,54,0.278,2021-22,Regular Season,Overall
1629109,Gary Clark,1610612740,NOP,27.0,37,27,1.0,30,84,0.357,0.506,0.226,5,19,0.263,0.774,25,65,0.385,2021-22,Regular Season,Overall
1629617,Reggie Perry,1610612757,POR,22.0,10,10,1.0,40,79,0.506,0.525,0.797,37,63,0.587,0.203,3,16,0.188,2021-22,Regular Season,Overall
1629185,Chris Chiozza,1610612744,GSW,26.0,33,26,1.0,24,79,0.304,0.411,0.329,7,26,0.269,0.671,17,53,0.321,2021-22,Regular Season,Overall
202954,Brad Wanamaker,1610612764,WAS,32.0,23,22,1.0,28,77,0.364,0.39,0.779,24,60,0.4,0.221,4,17,0.235,2021-22,Regular Season,Overall
1628539,Mychal Mulder,1610612748,MIA,28.0,17,16,1.0,24,77,0.312,0.422,0.299,7,23,0.304,0.701,17,54,0.315,2021-22,Regular Season,Overall
203506,Victor Oladipo,1610612748,MIA,30.0,8,8,1.0,35,73,0.479,0.582,0.507,20,37,0.541,0.493,15,36,0.417,2021-22,Regular Season,Overall
1627774,Jake Layman,1610612750,MIN,28.0,34,25,1.0,30,73,0.411,0.466,0.521,22,38,0.579,0.479,8,35,0.229,2021-22,Regular Season,Overall
1630296,Braxton Key,1610612765,DET,25.0,11,11,1.0,33,72,0.458,0.5,0.708,27,51,0.529,0.292,6,21,0.286,2021-22,Regular Season,Overall
1626246,Boban Marjanovic,1610612742,DAL,33.0,23,20,1.0,42,70,0.6,0.607,0.943,41,66,0.621,0.057,1,4,0.25,2021-22,Regular Season,Overall
1629644,KZ Okpala,1610612748,MIA,23.0,21,14,1.0,30,69,0.435,0.5,0.623,21,43,0.488,0.377,9,26,0.346,2021-22,Regular Season,Overall
1630551,Justin Champagnie,1610612761,TOR,21.0,36,26,1.0,31,67,0.463,0.537,0.582,21,39,0.538,0.418,10,28,0.357,2021-22,Regular Season,Overall
1630686,Georgios Kalaitzakis,1610612760,OKC,23.0,13,9,1.0,31,67,0.463,0.537,0.612,21,41,0.512,0.388,10,26,0.385,2021-22,Regular Season,Overall
1630227,Daishen Nix,1610612745,HOU,20.0,24,21,1.0,27,67,0.403,0.455,0.612,20,41,0.488,0.388,7,26,0.269,2021-22,Regular Season,Overall
1627756,Denzel Valentine,1610612762,UTA,28.0,24,18,1.0,25,66,0.379,0.523,0.288,6,19,0.316,0.712,19,47,0.404,2021-22,Regular Season,Overall
1626163,Frank Kaminsky,1610612756,PHX,29.0,9,9,1.0,35,65,0.538,0.577,0.769,30,50,0.6,0.231,5,15,0.333,2021-22,Regular Season,Overall
1629657,Kyle Guy,1610612748,MIA,24.0,19,16,1.0,26,65,0.4,0.508,0.385,12,25,0.48,0.615,14,40,0.35,2021-22,Regular Season,Overall
1630219,Skylar Mays,1610612737,ATL,24.0,28,16,1.0,32,64,0.5,0.563,0.609,24,39,0.615,0.391,8,25,0.32,2021-22,Regular Season,Overall
1629623,Lindell Wigginton,1610612749,MIL,24.0,19,13,1.0,26,61,0.426,0.5,0.574,17,35,0.486,0.426,9,26,0.346,2021-22,Regular Season,Overall
1628035,Alfonzo McKinnie,1610612741,CHI,29.0,17,14,1.0,24,61,0.393,0.467,0.557,15,34,0.441,0.443,9,27,0.333,2021-22,Regular Season,Overall
203457,Nerlens Noel,1610612752,NYK,28.0,25,22,1.0,32,60,0.533,0.533,0.95,32,57,0.561,0.05,0,3,0.0,2021-22,Regular Season,Overall
1630606,Javonte Smart,1610612748,MIA,23.0,17,14,1.0,19,60,0.317,0.383,0.55,11,33,0.333,0.45,8,27,0.296,2021-22,Regular Season,Overall
1630186,Jahmi'us Ramsey,1610612758,SAC,21.0,19,15,1.0,24,58,0.414,0.457,0.69,19,40,0.475,0.31,5,18,0.278,2021-22,Regular Season,Overall
202328,Greg Monroe,1610612750,MIN,32.0,14,14,1.0,32,57,0.561,0.561,1.0,32,57,0.561,0.0,0,0,,2021-22,Regular Season,Overall
1630580,Joe Wieskamp,1610612759,SAS,22.0,29,22,1.0,20,56,0.357,0.482,0.232,6,13,0.462,0.768,14,43,0.326,2021-22,Regular Season,Overall
1628981,Bruno Fernando,1610612745,HOU,23.0,30,15,1.0,36,55,0.655,0.664,0.964,35,53,0.66,0.036,1,2,0.5,2021-22,Regular Season,Overall
1630550,JT Thor,1610612766,CHA,19.0,33,22,1.0,24,55,0.436,0.5,0.509,17,28,0.607,0.491,7,27,0.259,2021-22,Regular Season,Overall
1630579,Jericho Sims,1610612752,NYK,23.0,41,24,1.0,39,54,0.722,0.722,1.0,39,54,0.722,0.0,0,0,,2021-22,Regular Season,Overall
1630195,Leandro Bolmaro,1610612750,MIN,21.0,35,24,1.0,17,54,0.315,0.361,0.667,12,36,0.333,0.333,5,18,0.278,2021-22,Regular Season,Overall
1630792,Malcolm Hill,1610612741,CHI,26.0,19,16,1.0,24,52,0.462,0.587,0.308,11,16,0.688,0.692,13,36,0.361,2021-22,Regular Season,Overall
1630285,Zavier Simpson,1610612760,OKC,25.0,4,4,1.0,19,52,0.365,0.375,0.846,18,44,0.409,0.154,1,8,0.125,2021-22,Regular Season,Overall
1629875,Xavier Moon,1610612746,LAC,27.0,10,8,1.0,25,51,0.49,0.539,0.725,20,37,0.541,0.275,5,14,0.357,2021-22,Regular Season,Overall
1630573,Sam Hauser,1610612738,BOS,24.0,26,22,1.0,23,50,0.46,0.65,0.12,4,6,0.667,0.88,19,44,0.432,2021-22,Regular Season,Overall
1630691,Jamorko Pickett,1610612765,DET,24.0,13,10,1.0,18,50,0.36,0.49,0.22,5,11,0.455,0.78,13,39,0.333,2021-22,Regular Season,Overall
1628962,Udoka Azubuike,1610612762,UTA,22.0,17,14,1.0,37,49,0.755,0.755,1.0,37,49,0.755,0.0,0,0,,2021-22,Regular Season,Overall
1628982,Melvin Frazier Jr.,1610612760,OKC,25.0,3,3,1.0,13,48,0.271,0.281,0.563,12,27,0.444,0.438,1,21,0.048,2021-22,Regular Season,Overall
1629646,Charles Bassey,1610612755,PHI,21.0,23,18,1.0,30,47,0.638,0.638,0.915,30,43,0.698,0.085,0,4,0.0,2021-22,Regular Season,Overall
1629603,Mamadi Diakite,1610612760,OKC,25.0,13,13,1.0,25,47,0.532,0.532,0.894,25,42,0.595,0.106,0,5,0.0,2021-22,Regular Season,Overall
1629663,Louis King,1610612758,SAC,23.0,10,10,1.0,15,47,0.319,0.404,0.426,7,20,0.35,0.574,8,27,0.296,2021-22,Regular Season,Overall
1630199,Cassius Stanley,1610612765,DET,22.0,9,9,1.0,19,46,0.413,0.457,0.63,15,29,0.517,0.37,4,17,0.235,2021-22,Regular Season,Overall
1629312,Haywood Highsmith,1610612748,MIA,25.0,19,13,1.0,16,46,0.348,0.446,0.391,7,18,0.389,0.609,9,28,0.321,2021-22,Regular Season,Overall
1630698,Kevin Pangos,1610612739,CLE,29.0,24,14,1.0,15,46,0.326,0.391,0.435,9,20,0.45,0.565,6,26,0.231,2021-22,Regular Season,Overall
1630206,Jay Scrubb,1610612746,LAC,21.0,17,14,1.0,18,45,0.4,0.467,0.533,12,24,0.5,0.467,6,21,0.286,2021-22,Regular Season,Overall
204025,Tim Frazier,1610612739,CLE,31.0,12,12,1.0,14,45,0.311,0.378,0.622,8,28,0.286,0.378,6,17,0.353,2021-22,Regular Season,Overall
1630586,Usman Garuba,1610612745,HOU,20.0,24,19,1.0,19,44,0.432,0.489,0.545,14,24,0.583,0.455,5,20,0.25,2021-22,Regular Season,Overall
1629962,Devin Cannady,1610612753,ORL,26.0,5,5,1.0,15,44,0.341,0.511,0.159,0,7,0.0,0.841,15,37,0.405,2021-22,Regular Season,Overall
1628427,Vlatko Čančar,1610612743,DEN,25.0,15,14,1.0,23,41,0.561,0.646,0.707,16,29,0.552,0.293,7,12,0.583,2021-22,Regular Season,Overall
1630552,Jalen Johnson,1610612737,ATL,20.0,22,14,1.0,22,41,0.537,0.573,0.683,19,28,0.679,0.317,3,13,0.231,2021-22,Regular Season,Overall
1629033,Theo Pinson,1610612742,DAL,26.0,19,13,1.0,14,39,0.359,0.487,0.231,4,9,0.444,0.769,10,30,0.333,2021-22,Regular Season,Overall
1629718,Charlie Brown Jr.,1610612755,PHI,25.0,22,12,1.0,10,39,0.256,0.269,0.692,9,27,0.333,0.308,1,12,0.083,2021-22,Regular Season,Overall
1629076,Tyler Cook,1610612741,CHI,24.0,20,15,1.0,23,38,0.605,0.605,1.0,23,38,0.605,0.0,0,0,,2021-22,Regular Season,Overall
1629755,Hassani Gravett,1610612753,ORL,25.0,8,8,1.0,18,38,0.474,0.618,0.316,7,12,0.583,0.684,11,26,0.423,2021-22,Regular Season,Overall
203953,Jabari Parker,1610612738,BOS,27.0,12,10,1.0,18,38,0.474,0.579,0.579,10,22,0.455,0.421,8,16,0.5,2021-22,Regular Season,Overall
1628993,Alize Johnson,1610612740,NOP,26.0,23,14,1.0,17,38,0.447,0.447,0.921,17,35,0.486,0.079,0,3,0.0,2021-22,Regular Season,Overall
1629674,Neemias Queta,1610612758,SAC,22.0,15,11,1.0,17,38,0.447,0.447,1.0,17,38,0.447,0.0,0,0,,2021-22,Regular Season,Overall
1626161,Willie Cauley-Stein,1610612755,PHI,28.0,20,12,1.0,16,35,0.457,0.471,0.943,15,33,0.455,0.057,1,2,0.5,2021-22,Regular Season,Overall
1627846,Abdel Nader,1610612756,PHX,28.0,14,12,1.0,12,35,0.343,0.4,0.6,8,21,0.381,0.4,4,14,0.286,2021-22,Regular Season,Overall
1628778,Paul Watson,1610612760,OKC,27.0,9,8,1.0,12,35,0.343,0.429,0.257,6,9,0.667,0.743,6,26,0.231,2021-22,Regular Season,Overall
1630243,Trevelin Queen,1610612745,HOU,25.0,10,9,1.0,15,33,0.455,0.591,0.273,6,9,0.667,0.727,9,24,0.375,2021-22,Regular Season,Overall
1629712,Didi Louzada,1610612757,POR,22.0,9,8,1.0,12,33,0.364,0.5,0.303,3,10,0.3,0.697,9,23,0.391,2021-22,Regular Season,Overall
1630602,Chaundee Brown Jr.,1610612737,ATL,23.0,5,5,1.0,10,32,0.313,0.406,0.438,4,14,0.286,0.563,6,18,0.333,2021-22,Regular Season,Overall
1629719,Devontae Cacok,1610612759,SAS,25.0,15,11,1.0,21,31,0.677,0.677,1.0,21,31,0.677,0.0,0,0,,2021-22,Regular Season,Overall
2617,Udonis Haslem,1610612748,MIA,42.0,13,12,1.0,14,31,0.452,0.468,0.871,13,27,0.481,0.129,1,4,0.25,2021-22,Regular Season,Overall
1629035,Carsen Edwards,1610612765,DET,24.0,4,4,1.0,9,30,0.3,0.367,0.467,5,14,0.357,0.533,4,16,0.25,2021-22,Regular Season,Overall
1629626,Bol Bol,1610612753,ORL,22.0,14,9,1.0,15,27,0.556,0.574,0.852,14,23,0.609,0.148,1,4,0.25,2021-22,Regular Season,Overall
1628436,Luke Kornet,1610612738,BOS,26.0,15,10,1.0,13,27,0.481,0.481,0.815,13,22,0.591,0.185,0,5,0.0,2021-22,Regular Season,Overall
1629607,Jared Harper,1610612740,NOP,24.0,5,5,1.0,14,26,0.538,0.635,0.538,9,14,0.643,0.462,5,12,0.417,2021-22,Regular Season,Overall
1630288,Jeff Dowtin Jr.,1610612753,ORL,25.0,9,8,1.0,8,26,0.308,0.327,0.654,7,17,0.412,0.346,1,9,0.111,2021-22,Regular Season,Overall
1630225,Isaiah Todd,1610612764,WAS,20.0,12,11,1.0,7,26,0.269,0.346,0.385,3,10,0.3,0.615,4,16,0.25,2021-22,Regular Season,Overall
204038,Langston Galloway,1610612749,MIL,30.0,7,7,1.0,6,26,0.231,0.269,0.385,4,10,0.4,0.615,2,16,0.125,2021-22,Regular Season,Overall
1628476,Derrick Walton Jr.,1610612765,DET,27.0,3,3,1.0,6,26,0.231,0.288,0.5,3,13,0.231,0.5,3,13,0.231,2021-22,Regular Season,Overall
1629168,BJ Johnson,1610612753,ORL,26.0,4,4,1.0,11,25,0.44,0.52,0.6,7,15,0.467,0.4,4,10,0.4,2021-22,Regular Season,Overall
202688,Brandon Knight,1610612742,DAL,30.0,5,5,1.0,10,25,0.4,0.48,0.32,6,8,0.75,0.68,4,17,0.235,2021-22,Regular Season,Overall
203516,James Ennis III,1610612743,DEN,31.0,7,6,1.0,11,24,0.458,0.521,0.667,8,16,0.5,0.333,3,8,0.375,2021-22,Regular Season,Overall
1630241,Sam Merrill,1610612763,MEM,26.0,6,6,1.0,8,24,0.333,0.479,0.042,1,1,1.0,0.958,7,23,0.304,2021-22,Regular Season,Overall
1629653,Devon Dotson,1610612741,CHI,22.0,11,8,1.0,11,23,0.478,0.522,0.609,9,14,0.643,0.391,2,9,0.222,2021-22,Regular Season,Overall
1630273,Freddie Gillespie,1610612753,ORL,25.0,9,8,1.0,9,22,0.409,0.409,0.955,9,21,0.429,0.045,0,1,0.0,2021-22,Regular Season,Overall
1629683,Quinndary Weatherspoon,1610612744,GSW,25.0,11,8,1.0,12,21,0.571,0.595,0.762,11,16,0.688,0.238,1,5,0.2,2021-22,Regular Season,Overall
1630585,Marcus Garrett,1610612748,MIA,23.0,12,8,1.0,5,21,0.238,0.262,0.81,4,17,0.235,0.19,1,4,0.25,2021-22,Regular Season,Overall
1627820,Tyrone Wallace,1610612740,NOP,28.0,6,5,1.0,7,20,0.35,0.4,0.6,5,12,0.417,0.4,2,8,0.25,2021-22,Regular Season,Overall
1630758,Aleem Ford,1610612753,ORL,24.0,5,5,1.0,6,20,0.3,0.35,0.25,4,5,0.8,0.75,2,15,0.133,2021-22,Regular Season,Overall
204020,Tyler Johnson,1610612759,SAS,30.0,6,5,1.0,6,20,0.3,0.425,0.35,1,7,0.143,0.65,5,13,0.385,2021-22,Regular Season,Overall
203524,Solomon Hill,1610612737,ATL,31.0,13,10,1.0,3,20,0.15,0.2,0.35,1,7,0.143,0.65,2,13,0.154,2021-22,Regular Season,Overall
1630238,Malik Fitts,1610612738,BOS,24.0,15,8,1.0,8,19,0.421,0.553,0.474,3,9,0.333,0.526,5,10,0.5,2021-22,Regular Season,Overall
1630994,Gabriel Lundberg,1610612756,PHX,27.0,4,3,1.0,5,19,0.263,0.342,0.579,2,11,0.182,0.421,3,8,0.375,2021-22,Regular Season,Overall
1630271,Brodric Thomas,1610612738,BOS,25.0,12,8,1.0,8,18,0.444,0.5,0.5,6,9,0.667,0.5,2,9,0.222,2021-22,Regular Season,Overall
1628411,Wes Iwundu,1610612737,ATL,27.0,3,3,1.0,8,18,0.444,0.528,0.722,5,13,0.385,0.278,3,5,0.6,2021-22,Regular Season,Overall
1630612,Ruben Nembhard Jr.,1610612739,CLE,23.0,14,8,1.0,6,18,0.333,0.333,0.889,6,16,0.375,0.111,0,2,0.0,2021-22,Regular Season,Overall
1629619,Myles Powell,1610612755,PHI,24.0,11,7,1.0,5,17,0.294,0.324,0.647,4,11,0.364,0.353,1,6,0.167,2021-22,Regular Season,Overall
202334,Ed Davis,1610612739,CLE,33.0,31,7,1.0,11,16,0.688,0.688,1.0,11,16,0.688,0.0,0,0,,2021-22,Regular Season,Overall
1630582,Yves Pons,1610612763,MEM,23.0,12,7,1.0,5,16,0.313,0.406,0.438,2,7,0.286,0.563,3,9,0.333,2021-22,Regular Season,Overall
1630218,Robert Woodard II,1610612759,SAS,22.0,12,8,1.0,2,16,0.125,0.156,0.75,1,12,0.083,0.25,1,4,0.25,2021-22,Regular Season,Overall
1628391,D.J. Wilson,1610612761,TOR,26.0,4,3,1.0,11,15,0.733,0.733,0.867,11,13,0.846,0.133,0,2,0.0,2021-22,Regular Season,Overall
1628419,Cameron Oliver,1610612737,ATL,25.0,2,2,1.0,10,15,0.667,0.7,0.8,9,12,0.75,0.2,1,3,0.333,2021-22,Regular Season,Overall
1629735,Chris Silva,1610612748,MIA,25.0,10,7,1.0,8,15,0.533,0.533,1.0,8,15,0.533,0.0,0,0,,2021-22,Regular Season,Overall
1630222,Mason Jones,1610612747,LAL,23.0,4,4,1.0,7,15,0.467,0.5,0.733,6,11,0.545,0.267,1,4,0.25,2021-22,Regular Season,Overall
1627822,Petr Cornelie,1610612743,DEN,26.0,13,9,1.0,5,15,0.333,0.367,0.467,4,7,0.571,0.533,1,8,0.125,2021-22,Regular Season,Overall
1630250,Marko Simonovic,1610612741,CHI,22.0,9,6,1.0,4,15,0.267,0.3,0.667,3,10,0.3,0.333,1,5,0.2,2021-22,Regular Season,Overall
1630539,Kai Jones,1610612766,CHA,21.0,20,11,1.0,9,14,0.643,0.679,0.857,8,12,0.667,0.143,1,2,0.5,2021-22,Regular Season,Overall
1630466,Gabriel Deck,1610612760,OKC,27.0,7,5,1.0,8,14,0.571,0.643,0.714,6,10,0.6,0.286,2,4,0.5,2021-22,Regular Season,Overall
1630787,Cameron McGriff,1610612757,POR,24.0,3,3,1.0,5,14,0.357,0.429,0.571,3,8,0.375,0.429,2,6,0.333,2021-22,Regular Season,Overall
203917,Nik Stauskas,1610612738,BOS,28.0,8,6,1.0,5,14,0.357,0.5,0.286,1,4,0.25,0.714,4,10,0.4,2021-22,Regular Season,Overall
1629682,Tremont Waters,1610612764,WAS,24.0,3,3,1.0,4,14,0.286,0.357,0.357,2,5,0.4,0.643,2,9,0.222,2021-22,Regular Season,Overall
1630536,Sharife Cooper,1610612737,ATL,21.0,13,7,1.0,3,14,0.214,0.25,0.571,2,8,0.25,0.429,1,6,0.167,2021-22,Regular Season,Overall
1630176,Vernon Carey Jr.,1610612764,WAS,21.0,7,3,1.0,7,13,0.538,0.538,1.0,7,13,0.538,0.0,0,0,,2021-22,Regular Season,Overall
1629067,Isaac Bonga,1610612761,TOR,22.0,15,7,1.0,3,13,0.231,0.269,0.692,2,9,0.222,0.308,1,4,0.25,2021-22,Regular Season,Overall
1627853,Ryan Arcidiacono,1610612752,NYK,28.0,10,6,1.0,6,12,0.5,0.667,0.25,2,3,0.667,0.75,4,9,0.444,2021-22,Regular Season,Overall
1629605,Tacko Fall,1610612739,CLE,26.0,11,5,1.0,5,12,0.417,0.417,1.0,5,12,0.417,0.0,0,0,,2021-22,Regular Season,Overall
1630695,Micah Potter,1610612765,DET,24.0,3,2,1.0,5,11,0.455,0.455,0.818,5,9,0.556,0.182,0,2,0.0,2021-22,Regular Season,Overall
1630216,Cassius Winston,1610612764,WAS,24.0,7,6,1.0,4,11,0.364,0.455,0.455,2,5,0.4,0.545,2,6,0.333,2021-22,Regular Season,Overall
1630648,Jordan Schakel,1610612764,WAS,24.0,4,3,1.0,1,11,0.091,0.136,0.455,0,5,0.0,0.545,1,6,0.167,2021-22,Regular Season,Overall
1628382,Justin Jackson,1610612756,PHX,27.0,6,5,1.0,2,10,0.2,0.25,0.5,1,5,0.2,0.5,1,5,0.2,2021-22,Regular Season,Overall
1630270,Xavier Sneed,1610612762,UTA,24.0,9,6,1.0,2,10,0.2,0.25,0.2,1,2,0.5,0.8,1,8,0.125,2021-22,Regular Season,Overall
1629686,Deividas Sirvydis,1610612765,DET,22.0,3,2,1.0,1,10,0.1,0.15,0.3,0,3,0.0,0.7,1,7,0.143,2021-22,Regular Season,Overall
1629730,Rayjon Tucker,1610612749,MIL,24.0,5,3,1.0,6,9,0.667,0.889,0.444,2,4,0.5,0.556,4,5,0.8,2021-22,Regular Season,Overall
1629671,Miye Oni,1610612762,UTA,24.0,16,6,1.0,2,9,0.222,0.278,0.111,1,1,1.0,0.889,1,8,0.125,2021-22,Regular Season,Overall
1630637,Carlik Jones,1610612743,DEN,24.0,5,5,1.0,1,9,0.111,0.111,0.889,1,8,0.125,0.111,0,1,0.0,2021-22,Regular Season,Overall
1629635,Sekou Doumbouya,1610612747,LAL,21.0,2,2,1.0,5,8,0.625,0.688,0.75,4,6,0.667,0.25,1,2,0.5,2021-22,Regular Season,Overall
1627767,Cheick Diallo,1610612765,DET,25.0,3,3,1.0,3,8,0.375,0.375,1.0,3,8,0.375,0.0,0,0,,2021-22,Regular Season,Overall
1628221,Gabe York,1610612754,IND,28.0,2,2,1.0,2,7,0.286,0.357,0.143,1,1,1.0,0.857,1,6,0.167,2021-22,Regular Season,Overall
201954,Darren Collison,1610612747,LAL,34.0,3,3,1.0,2,7,0.286,0.286,0.571,2,4,0.5,0.429,0,3,0.0,2021-22,Regular Season,Overall
1630187,Daniel Oturu,1610612761,TOR,22.0,3,2,1.0,3,6,0.5,0.5,0.833,3,5,0.6,0.167,0,1,0.0,2021-22,Regular Season,Overall
1630286,Trevon Scott,1610612739,CLE,25.0,2,1,1.0,3,6,0.5,0.5,0.833,3,5,0.6,0.167,0,1,0.0,2021-22,Regular Season,Overall
1630644,Mac McClung,1610612747,LAL,23.0,2,2,1.0,3,6,0.5,0.583,0.5,2,3,0.667,0.5,1,3,0.333,2021-22,Regular Season,Overall
1627885,Shaquille Harrison,1610612751,BKN,28.0,2,1,1.0,2,6,0.333,0.333,0.667,2,4,0.5,0.333,0,2,0.0,2021-22,Regular Season,Overall
1630555,Joel Ayayi,1610612764,WAS,22.0,7,2,1.0,1,6,0.167,0.167,0.833,1,5,0.2,0.167,0,1,0.0,2021-22,Regular Season,Overall
1628537,Jaylen Morris,1610612759,SAS,26.0,3,3,1.0,0,6,0.0,0.0,0.667,0,4,0.0,0.333,0,2,0.0,2021-22,Regular Season,Overall
203658,Norvel Pelle,1610612762,UTA,29.0,3,2,1.0,3,5,0.6,0.6,1.0,3,5,0.6,0.0,0,0,,2021-22,Regular Season,Overall
1629005,Malik Newman,1610612739,CLE,25.0,1,1,1.0,3,5,0.6,0.6,0.8,3,4,0.75,0.2,0,1,0.0,2021-22,Regular Season,Overall
1630647,Eugene Omoruyi,1610612742,DAL,25.0,4,2,1.0,2,5,0.4,0.5,0.6,1,3,0.333,0.4,1,2,0.5,2021-22,Regular Season,Overall
1630346,Matt Ryan,1610612738,BOS,25.0,1,1,1.0,1,5,0.2,0.3,0.0,0,0,,1.0,1,5,0.2,2021-22,Regular Season,Overall
1630565,Aaron Henry,1610612755,PHI,22.0,6,4,1.0,1,5,0.2,0.2,0.8,1,4,0.25,0.2,0,1,0.0,2021-22,Regular Season,Overall
1628994,George King,1610612742,DAL,28.0,4,3,1.0,0,5,0.0,0.0,0.2,0,1,0.0,0.8,0,4,0.0,2021-22,Regular Season,Overall
1629150,Emanuel Terry,1610612756,PHX,25.0,3,3,1.0,0,5,0.0,0.0,1.0,0,5,0.0,0.0,0,0,,2021-22,Regular Season,Overall
1628591,Craig Sword,1610612764,WAS,28.0,3,1,1.0,3,4,0.75,0.75,0.75,3,3,1.0,0.25,0,1,0.0,2021-22,Regular Season,Overall
203816,Scotty Hopson,1610612760,OKC,32.0,1,1,1.0,2,4,0.5,0.5,0.75,2,3,0.667,0.25,0,1,0.0,2021-22,Regular Season,Overall
1628422,Damyean Dotson,1610612752,NYK,28.0,2,1,1.0,2,4,0.5,0.5,0.75,2,3,0.667,0.25,0,1,0.0,2021-22,Regular Season,Overall
1628238,Paris Bass,1610612756,PHX,26.0,1,1,1.0,2,4,0.5,0.5,0.75,2,3,0.667,0.25,0,1,0.0,2021-22,Regular Season,Overall
1627782,Wayne Selden,1610612752,NYK,27.0,3,2,1.0,1,4,0.25,0.375,0.5,0,2,0.0,0.5,1,2,0.5,2021-22,Regular Season,Overall
1629783,Shaq Buchanan,1610612763,MEM,25.0,2,2,1.0,1,4,0.25,0.25,0.5,1,2,0.5,0.5,0,2,0.0,2021-22,Regular Season,Overall
1630306,Rob Edwards,1610612760,OKC,25.0,2,2,1.0,1,4,0.25,0.375,0.0,0,0,,1.0,1,4,0.25,2021-22,Regular Season,Overall
1630589,Moses Wright,1610612742,DAL,23.0,4,2,1.0,1,4,0.25,0.25,0.75,1,3,0.333,0.25,0,1,0.0,2021-22,Regular Season,Overall
1630640,MJ Walker,1610612756,PHX,24.0,2,2,1.0,0,4,0.0,0.0,0.5,0,2,0.0,0.5,0,2,0.0,2021-22,Regular Season,Overall
1627760,Cat Barber,1610612737,ATL,27.0,3,2,1.0,0,4,0.0,0.0,1.0,0,4,0.0,0.0,0,0,,2021-22,Regular Season,Overall
1629751,Dakota Mathias,1610612763,MEM,26.0,5,4,1.0,0,4,0.0,0.0,0.0,0,0,,1.0,0,4,0.0,2021-22,Regular Season,Overall
1629203,Jemerrio Jones,1610612747,LAL,27.0,2,2,1.0,2,3,0.667,0.667,1.0,2,3,0.667,0.0,0,0,,2021-22,Regular Season,Overall
1630593,McKinley Wright IV,1610612750,MIN,23.0,5,2,1.0,2,3,0.667,0.833,0.333,1,1,1.0,0.667,1,2,0.5,2021-22,Regular Season,Overall
1629752,Juwan Morgan,1610612738,BOS,25.0,2,1,1.0,2,3,0.667,0.833,0.333,1,1,1.0,0.667,1,2,0.5,2021-22,Regular Season,Overall
1629873,Jaysean Paige,1610612765,DET,27.0,1,1,1.0,0,3,0.0,0.0,0.333,0,1,0.0,0.667,0,2,0.0,2021-22,Regular Season,Overall
1630643,Jay Huff,1610612747,LAL,24.0,4,2,1.0,0,3,0.0,0.0,0.333,0,1,0.0,0.667,0,2,0.0,2021-22,Regular Season,Overall
1629597,Zylan Cheatham,1610612762,UTA,26.0,1,1,1.0,0,3,0.0,0.0,0.333,0,1,0.0,0.667,0,2,0.0,2021-22,Regular Season,Overall
1630692,Jordan Goodwin,1610612764,WAS,23.0,2,2,1.0,0,3,0.0,0.0,0.667,0,2,0.0,0.333,0,1,0.0,2021-22,Regular Season,Overall
1628990,Chandler Hutchison,1610612756,PHX,26.0,6,2,1.0,1,2,0.5,0.5,1.0,1,2,0.5,0.0,0,0,,2021-22,Regular Season,Overall
1629600,Jarron Cumberland,1610612757,POR,24.0,3,2,1.0,1,2,0.5,0.5,0.5,1,1,1.0,0.5,0,1,0.0,2021-22,Regular Season,Overall
1630605,JaQuori McLaughlin,1610612742,DAL,24.0,4,2,1.0,0,2,0.0,0.0,0.5,0,1,0.0,0.5,0,1,0.0,2021-22,Regular Season,Overall
1630237,Anthony Lamb,1610612745,HOU,24.0,2,2,1.0,0,2,0.0,0.0,0.0,0,0,,1.0,0,2,0.0,2021-22,Regular Season,Overall
1626144,Emmanuel Mudiay,1610612758,SAC,26.0,2,1,1.0,0,2,0.0,0.0,1.0,0,2,0.0,0.0,0,0,,2021-22,Regular Season,Overall
1630624,Feron Hunt,1610612752,NYK,22.0,2,1,1.0,0,2,0.0,0.0,1.0,0,2,0.0,0.0,0,0,,2021-22,Regular Season,Overall
2207,Joe Johnson,1610612738,BOS,41.0,1,1,1.0,1,1,1.0,1.0,1.0,1,1,1.0,0.0,0,0,,2021-22,Regular Season,Overall
1629958,Ahmad Caver,1610612754,IND,25.0,1,1,1.0,1,1,1.0,1.0,1.0,1,1,1.0,0.0,0,0,,2021-22,Regular Season,Overall
1630531,Jaden Springer,1610612755,PHI,19.0,2,1,1.0,1,1,1.0,1.0,1.0,1,1,1.0,0.0,0,0,,2021-22,Regular Season,Overall
1630179,Tyrell Terry,1610612763,MEM,21.0,2,1,1.0,1,1,1.0,1.0,1.0,1,1,1.0,0.0,0,0,,2021-22,Regular Season,Overall
1630207,Nate Hinton,1610612754,IND,23.0,2,1,1.0,0,1,0.0,0.0,1.0,0,1,0.0,0.0,0,0,,2021-22,Regular Season,Overall
1629309,Trayvon Palmer,1610612765,DET,27.0,1,1,1.0,0,1,0.0,0.0,1.0,0,1,0.0,0.0,0,0,,2021-22,Regular Season,Overall
1629610,DaQuan Jeffries,1610612763,MEM,24.0,2,1,1.0,0,1,0.0,0.0,0.0,0,0,,1.0,0,1,0.0,2021-22,Regular Season,Overall
1629760,Matt Mooney,1610612752,NYK,27.0,1,1,1.0,0,1,0.0,0.0,0.0,0,0,,1.0,0,1,0.0,2021-22,Regular Season,Overall
1630257,Jon Teske,1610612763,MEM,25.0,2,1,1.0,0,1,0.0,0.0,1.0,0,1,0.0,0.0,0,0,,2021-22,Regular Season,Overall
1630525,David Johnson,1610612761,TOR,21.0,2,1,1.0,0,1,0.0,0.0,0.0,0,0,,1.0,0,1,0.0,2021-22,Regular Season,Overall
1629083,Arnoldas Kulboka,1610612766,CHA,24.0,2,1,1.0,0,1,0.0,0.0,0.0,0,0,,1.0,0,1,0.0,2021-22,Regular Season,Overall
203954,Joel Embiid,1610612755,PHI,28.0,68,68,0.251,173,335,0.516,0.533,0.229,162,305,0.531,0.022,11,30,0.367,2021-22,Regular Season,1 Dribble
1626157,Karl-Anthony Towns,1610612750,MIN,26.0,74,73,0.243,163,295,0.553,0.575,0.217,150,263,0.57,0.026,13,32,0.406,2021-22,Regular Season,1 Dribble
1630217,Desmond Bane,1610612763,MEM,24.0,76,75,0.252,123,277,0.444,0.545,0.136,67,150,0.447,0.115,56,127,0.441,2021-22,Regular Season,1 Dribble
1626164,Devin Booker,1610612756,PHX,25.0,67,67,0.186,130,260,0.5,0.565,0.127,96,178,0.539,0.059,34,82,0.415,2021-22,Regular Season,1 Dribble
1628369,Jayson Tatum,1610612738,BOS,24.0,75,73,0.164,110,253,0.435,0.504,0.092,75,142,0.528,0.072,35,111,0.315,2021-22,Regular Season,1 Dribble
203507,Giannis Antetokounmpo,1610612749,MIL,27.0,67,64,0.181,126,225,0.56,0.576,0.151,119,188,0.633,0.03,7,37,0.189,2021-22,Regular Season,1 Dribble
203944,Julius Randle,1610612752,NYK,27.0,71,63,0.162,88,198,0.444,0.5,0.118,66,144,0.458,0.044,22,54,0.407,2021-22,Regular Season,1 Dribble
203999,Nikola Jokić,1610612743,DEN,27.0,74,68,0.15,118,197,0.599,0.607,0.139,115,182,0.632,0.011,3,15,0.2,2021-22,Regular Season,1 Dribble
1628970,Miles Bridges,1610612766,CHA,24.0,79,68,0.161,95,193,0.492,0.541,0.109,76,131,0.58,0.052,19,62,0.306,2021-22,Regular Season,1 Dribble
1630180,Saddiq Bey,1610612765,DET,23.0,81,75,0.16,64,180,0.356,0.411,0.082,44,92,0.478,0.078,20,88,0.227,2021-22,Regular Season,1 Dribble
1628389,Bam Adebayo,1610612748,MIA,24.0,56,55,0.246,90,179,0.503,0.503,0.243,90,177,0.508,0.003,0,2,0.0,2021-22,Regular Season,1 Dribble
1630596,Evan Mobley,1610612739,CLE,21.0,69,61,0.214,75,178,0.421,0.421,0.21,75,174,0.431,0.005,0,4,0.0,2021-22,Regular Season,1 Dribble
202685,Jonas Valančiūnas,1610612740,NOP,30.0,73,67,0.19,100,177,0.565,0.565,0.19,100,177,0.565,0.0,0,0,,2021-22,Regular Season,1 Dribble
1628969,Mikal Bridges,1610612756,PHX,25.0,81,71,0.206,110,174,0.632,0.649,0.183,104,155,0.671,0.022,6,19,0.316,2021-22,Regular Season,1 Dribble
202696,Nikola Vucevic,1610612741,CHI,31.0,73,70,0.142,99,164,0.604,0.607,0.14,98,161,0.609,0.003,1,3,0.333,2021-22,Regular Season,1 Dribble
1626162,Kelly Oubre Jr.,1610612766,CHA,26.0,75,63,0.17,81,157,0.516,0.602,0.099,54,91,0.593,0.072,27,66,0.409,2021-22,Regular Season,1 Dribble
1626179,Terry Rozier,1610612766,CHA,28.0,72,64,0.136,76,157,0.484,0.573,0.067,48,77,0.623,0.069,28,80,0.35,2021-22,Regular Season,1 Dribble
1627741,Buddy Hield,1610612754,IND,29.0,80,67,0.146,57,157,0.363,0.475,0.041,22,44,0.5,0.105,35,113,0.31,2021-22,Regular Season,1 Dribble
203076,Anthony Davis,1610612747,LAL,29.0,40,39,0.224,67,156,0.429,0.433,0.222,66,154,0.429,0.003,1,2,0.5,2021-22,Regular Season,1 Dribble
203095,Evan Fournier,1610612752,NYK,29.0,79,68,0.166,65,156,0.417,0.551,0.048,23,45,0.511,0.118,42,111,0.378,2021-22,Regular Season,1 Dribble
201942,DeMar DeRozan,1610612741,CHI,32.0,76,62,0.101,78,155,0.503,0.516,0.094,74,145,0.51,0.007,4,10,0.4,2021-22,Regular Season,1 Dribble
201142,Kevin Durant,1610612751,BKN,33.0,55,51,0.136,92,152,0.605,0.645,0.115,80,128,0.625,0.022,12,24,0.5,2021-22,Regular Season,1 Dribble
203994,Jusuf Nurkić,1610612757,POR,27.0,56,53,0.245,89,147,0.605,0.612,0.24,87,144,0.604,0.005,2,3,0.667,2021-22,Regular Season,1 Dribble
1629130,Duncan Robinson,1610612748,MIA,28.0,79,65,0.202,72,147,0.49,0.694,0.03,12,22,0.545,0.172,60,125,0.48,2021-22,Regular Season,1 Dribble
1626174,Christian Wood,1610612745,HOU,26.0,68,58,0.167,66,147,0.449,0.476,0.14,58,123,0.472,0.027,8,24,0.333,2021-22,Regular Season,1 Dribble
1627759,Jaylen Brown,1610612738,BOS,25.0,65,53,0.121,68,145,0.469,0.531,0.076,50,92,0.543,0.044,18,53,0.34,2021-22,Regular Season,1 Dribble
1628991,Jaren Jackson Jr.,1610612763,MEM,22.0,77,62,0.141,58,144,0.403,0.413,0.127,55,130,0.423,0.014,3,14,0.214,2021-22,Regular Season,1 Dribble
1626149,Montrezl Harrell,1610612766,CHA,28.0,71,62,0.257,89,143,0.622,0.629,0.252,87,140,0.621,0.005,2,3,0.667,2021-22,Regular Season,1 Dribble
1630162,Anthony Edwards,1610612750,MIN,20.0,72,64,0.114,53,142,0.373,0.433,0.057,36,71,0.507,0.057,17,71,0.239,2021-22,Regular Season,1 Dribble
1629640,Keldon Johnson,1610612759,SAS,22.0,75,65,0.138,70,139,0.504,0.529,0.113,63,114,0.553,0.025,7,25,0.28,2021-22,Regular Season,1 Dribble
203897,Zach LaVine,1610612741,CHI,27.0,67,53,0.116,59,138,0.428,0.514,0.057,35,67,0.522,0.06,24,71,0.338,2021-22,Regular Season,1 Dribble
2544,LeBron James,1610612747,LAL,37.0,56,51,0.111,79,136,0.581,0.636,0.079,64,97,0.66,0.032,15,39,0.385,2021-22,Regular Season,1 Dribble
1629639,Tyler Herro,1610612748,MIA,22.0,66,52,0.121,67,136,0.493,0.618,0.06,33,67,0.493,0.061,34,69,0.493,2021-22,Regular Season,1 Dribble
201567,Kevin Love,1610612739,CLE,33.0,74,61,0.177,54,135,0.4,0.496,0.089,28,68,0.412,0.088,26,67,0.388,2021-22,Regular Season,1 Dribble
1626171,Bobby Portis,1610612749,MIL,27.0,72,57,0.153,66,133,0.496,0.515,0.143,61,124,0.492,0.01,5,9,0.556,2021-22,Regular Season,1 Dribble
1630178,Tyrese Maxey,1610612755,PHI,21.0,75,65,0.134,66,133,0.496,0.564,0.088,48,88,0.545,0.045,18,45,0.4,2021-22,Regular Season,1 Dribble
1628386,Jarrett Allen,1610612739,CLE,24.0,56,49,0.241,82,131,0.626,0.626,0.239,82,130,0.631,0.002,0,1,0.0,2021-22,Regular Season,1 Dribble
1628398,Kyle Kuzma,1610612764,WAS,26.0,66,57,0.14,61,131,0.466,0.5,0.104,52,97,0.536,0.036,9,34,0.265,2021-22,Regular Season,1 Dribble
1629018,Gary Trent Jr.,1610612761,TOR,23.0,70,59,0.12,53,130,0.408,0.481,0.052,34,57,0.596,0.067,19,73,0.26,2021-22,Regular Season,1 Dribble
1630532,Franz Wagner,1610612753,ORL,20.0,79,56,0.129,67,126,0.532,0.611,0.081,47,79,0.595,0.048,20,47,0.426,2021-22,Regular Season,1 Dribble
203552,Seth Curry,1610612751,BKN,31.0,64,54,0.171,63,126,0.5,0.579,0.111,43,82,0.524,0.06,20,44,0.455,2021-22,Regular Season,1 Dribble
202699,Tobias Harris,1610612755,PHI,29.0,73,62,0.122,68,125,0.544,0.576,0.106,60,108,0.556,0.017,8,17,0.471,2021-22,Regular Season,1 Dribble
203114,Khris Middleton,1610612749,MIL,30.0,66,54,0.122,63,125,0.504,0.584,0.075,43,77,0.558,0.047,20,48,0.417,2021-22,Regular Season,1 Dribble
203468,CJ McCollum,1610612740,NOP,30.0,62,57,0.107,58,125,0.464,0.568,0.054,32,63,0.508,0.053,26,62,0.419,2021-22,Regular Season,1 Dribble
203484,Kentavious Caldwell-Pope,1610612764,WAS,29.0,77,64,0.149,57,124,0.46,0.524,0.101,41,84,0.488,0.048,16,40,0.4,2021-22,Regular Season,1 Dribble
1627742,Brandon Ingram,1610612740,NOP,24.0,54,46,0.128,63,123,0.512,0.52,0.122,61,117,0.521,0.006,2,6,0.333,2021-22,Regular Season,1 Dribble
1630256,Jae'Sean Tate,1610612745,HOU,26.0,78,65,0.169,63,123,0.512,0.533,0.15,58,109,0.532,0.019,5,14,0.357,2021-22,Regular Season,1 Dribble
203200,Justin Holiday,1610612758,SAC,33.0,74,58,0.186,45,123,0.366,0.459,0.077,22,51,0.431,0.109,23,72,0.319,2021-22,Regular Season,1 Dribble
201939,Stephen Curry,1610612744,GSW,34.0,64,54,0.1,55,122,0.451,0.586,0.033,22,40,0.55,0.067,33,82,0.402,2021-22,Regular Season,1 Dribble
1629673,Jordan Poole,1610612744,GSW,23.0,75,61,0.117,49,122,0.402,0.48,0.057,30,60,0.5,0.059,19,62,0.306,2021-22,Regular Season,1 Dribble
1628370,Malik Monk,1610612747,LAL,24.0,76,59,0.147,61,121,0.504,0.628,0.064,31,53,0.585,0.082,30,68,0.441,2021-22,Regular Season,1 Dribble
1630170,Devin Vassell,1610612759,SAS,21.0,71,62,0.158,54,121,0.446,0.467,0.126,49,96,0.51,0.033,5,25,0.2,2021-22,Regular Season,1 Dribble
203932,Aaron Gordon,1610612743,DEN,26.0,75,57,0.144,60,120,0.5,0.508,0.126,58,105,0.552,0.018,2,15,0.133,2021-22,Regular Season,1 Dribble
1629611,Terance Mann,1610612746,LAC,25.0,80,63,0.173,59,118,0.5,0.53,0.136,52,93,0.559,0.037,7,25,0.28,2021-22,Regular Season,1 Dribble
1628381,John Collins,1610612737,ATL,24.0,54,50,0.184,57,118,0.483,0.483,0.18,57,116,0.491,0.003,0,2,0.0,2021-22,Regular Season,1 Dribble
1629636,Darius Garland,1610612739,CLE,22.0,68,55,0.101,53,118,0.449,0.538,0.055,32,65,0.492,0.045,21,53,0.396,2021-22,Regular Season,1 Dribble
202710,Jimmy Butler III,1610612748,MIA,32.0,57,50,0.141,52,117,0.444,0.457,0.116,49,96,0.51,0.025,3,21,0.143,2021-22,Regular Season,1 Dribble
1627734,Domantas Sabonis,1610612758,SAC,26.0,62,54,0.15,77,116,0.664,0.664,0.146,77,113,0.681,0.004,0,3,0.0,2021-22,Regular Season,1 Dribble
1627751,Jakob Poeltl,1610612759,SAS,26.0,68,53,0.175,69,116,0.595,0.599,0.173,68,115,0.591,0.002,1,1,1.0,2021-22,Regular Season,1 Dribble
203084,Harrison Barnes,1610612758,SAC,30.0,76,59,0.138,57,114,0.5,0.557,0.09,44,74,0.595,0.048,13,40,0.325,2021-22,Regular Season,1 Dribble
1630163,LaMelo Ball,1610612766,CHA,20.0,74,54,0.091,54,113,0.478,0.549,0.057,38,71,0.535,0.034,16,42,0.381,2021-22,Regular Season,1 Dribble
203115,Will Barton,1610612743,DEN,31.0,71,61,0.125,55,112,0.491,0.554,0.084,41,75,0.547,0.041,14,37,0.378,2021-22,Regular Season,1 Dribble
1629628,RJ Barrett,1610612752,NYK,22.0,69,61,0.095,47,112,0.42,0.469,0.066,36,78,0.462,0.029,11,34,0.324,2021-22,Regular Season,1 Dribble
1628378,Donovan Mitchell,1610612762,UTA,25.0,67,54,0.08,46,110,0.418,0.523,0.026,23,36,0.639,0.054,23,74,0.311,2021-22,Regular Season,1 Dribble
201988,Patty Mills,1610612751,BKN,33.0,81,58,0.137,45,109,0.413,0.532,0.044,19,35,0.543,0.093,26,74,0.351,2021-22,Regular Season,1 Dribble
202691,Klay Thompson,1610612744,GSW,32.0,32,31,0.19,47,108,0.435,0.537,0.099,25,56,0.446,0.092,22,52,0.423,2021-22,Regular Season,1 Dribble
202711,Bojan Bogdanovic,1610612762,UTA,33.0,69,53,0.115,52,107,0.486,0.589,0.053,30,49,0.612,0.062,22,58,0.379,2021-22,Regular Season,1 Dribble
1629029,Luka Doncic,1610612742,DAL,23.0,65,55,0.076,42,107,0.393,0.495,0.028,20,39,0.513,0.048,22,68,0.324,2021-22,Regular Season,1 Dribble
1629028,Deandre Ayton,1610612756,PHX,23.0,58,41,0.152,54,105,0.514,0.514,0.149,54,103,0.524,0.003,0,2,0.0,2021-22,Regular Season,1 Dribble
1627736,Malik Beasley,1610612750,MIN,25.0,79,57,0.124,43,105,0.41,0.514,0.049,21,42,0.5,0.074,22,63,0.349,2021-22,Regular Season,1 Dribble
1630567,Scottie Barnes,1610612761,TOR,20.0,74,58,0.111,57,103,0.553,0.573,0.1,53,93,0.57,0.011,4,10,0.4,2021-22,Regular Season,1 Dribble
1628989,Kevin Huerter,1610612737,ATL,23.0,74,53,0.134,53,102,0.52,0.593,0.078,38,59,0.644,0.057,15,43,0.349,2021-22,Regular Season,1 Dribble
1628379,Luke Kennard,1610612746,LAC,26.0,70,58,0.158,40,101,0.396,0.49,0.077,21,49,0.429,0.081,19,52,0.365,2021-22,Regular Season,1 Dribble
1627832,Fred VanVleet,1610612761,TOR,28.0,65,50,0.091,39,100,0.39,0.49,0.031,19,34,0.559,0.06,20,66,0.303,2021-22,Regular Season,1 Dribble
1628420,Monte Morris,1610612743,DEN,27.0,75,50,0.128,58,99,0.586,0.646,0.097,46,75,0.613,0.031,12,24,0.5,2021-22,Regular Season,1 Dribble
203952,Andrew Wiggins,1610612744,GSW,27.0,72,54,0.099,53,99,0.535,0.576,0.081,45,81,0.556,0.018,8,18,0.444,2021-22,Regular Season,1 Dribble
1629022,Lonnie Walker IV,1610612759,SAS,23.0,70,51,0.13,38,99,0.384,0.424,0.088,30,67,0.448,0.042,8,32,0.25,2021-22,Regular Season,1 Dribble
203926,Doug McDermott,1610612759,SAS,30.0,51,44,0.211,47,98,0.48,0.556,0.14,32,65,0.492,0.071,15,33,0.455,2021-22,Regular Season,1 Dribble
1629027,Trae Young,1610612737,ATL,23.0,76,53,0.063,43,97,0.443,0.495,0.039,33,60,0.55,0.024,10,37,0.27,2021-22,Regular Season,1 Dribble
203903,Jordan Clarkson,1610612762,UTA,30.0,79,54,0.086,41,96,0.427,0.568,0.024,14,27,0.519,0.062,27,69,0.391,2021-22,Regular Season,1 Dribble
202704,Reggie Jackson,1610612746,LAC,32.0,74,58,0.08,32,96,0.333,0.401,0.036,19,43,0.442,0.044,13,53,0.245,2021-22,Regular Season,1 Dribble
1630191,Isaiah Stewart,1610612765,DET,21.0,70,49,0.196,52,95,0.547,0.547,0.194,52,94,0.553,0.002,0,1,0.0,2021-22,Regular Season,1 Dribble
201566,Russell Westbrook,1610612747,LAL,33.0,78,55,0.077,43,95,0.453,0.484,0.059,37,73,0.507,0.018,6,22,0.273,2021-22,Regular Season,1 Dribble
203924,Jerami Grant,1610612765,DET,28.0,47,44,0.136,41,95,0.432,0.453,0.122,37,85,0.435,0.014,4,10,0.4,2021-22,Regular Season,1 Dribble
1626156,D'Angelo Russell,1610612750,MIN,26.0,65,47,0.096,40,94,0.426,0.516,0.044,23,43,0.535,0.052,17,51,0.333,2021-22,Regular Season,1 Dribble
202694,Marcus Morris Sr.,1610612746,LAC,32.0,53,44,0.139,39,94,0.415,0.457,0.108,31,73,0.425,0.031,8,21,0.381,2021-22,Regular Season,1 Dribble
1629234,Drew Eubanks,1610612757,POR,25.0,71,46,0.25,54,93,0.581,0.581,0.25,54,93,0.581,0.0,0,0,,2021-22,Regular Season,1 Dribble
1630169,Tyrese Haliburton,1610612754,IND,22.0,76,52,0.104,52,93,0.559,0.699,0.039,26,35,0.743,0.065,26,58,0.448,2021-22,Regular Season,1 Dribble
1627783,Pascal Siakam,1610612761,TOR,28.0,68,46,0.077,51,93,0.548,0.57,0.069,47,83,0.566,0.008,4,10,0.4,2021-22,Regular Season,1 Dribble
2546,Carmelo Anthony,1610612747,LAL,38.0,69,49,0.129,47,93,0.505,0.543,0.1,40,72,0.556,0.029,7,21,0.333,2021-22,Regular Season,1 Dribble
1628963,Marvin Bagley III,1610612765,DET,23.0,48,40,0.206,43,92,0.467,0.467,0.202,43,90,0.478,0.004,0,2,0.0,2021-22,Regular Season,1 Dribble
1627826,Ivica Zubac,1610612746,LAC,25.0,76,59,0.184,47,91,0.516,0.516,0.184,47,91,0.516,0.0,0,0,,2021-22,Regular Season,1 Dribble
1630193,Immanuel Quickley,1610612752,NYK,23.0,77,51,0.128,42,91,0.462,0.626,0.035,12,25,0.48,0.093,30,66,0.455,2021-22,Regular Season,1 Dribble
1628368,De'Aaron Fox,1610612758,SAC,24.0,58,47,0.084,39,90,0.433,0.472,0.049,32,53,0.604,0.034,7,37,0.189,2021-22,Regular Season,1 Dribble
1630231,KJ Martin,1610612745,HOU,21.0,79,56,0.17,53,89,0.596,0.601,0.163,52,85,0.612,0.008,1,4,0.25,2021-22,Regular Season,1 Dribble
1628976,Wendell Carter Jr.,1610612753,ORL,23.0,62,45,0.129,54,88,0.614,0.625,0.122,52,83,0.627,0.007,2,5,0.4,2021-22,Regular Season,1 Dribble
202330,Gordon Hayward,1610612766,CHA,32.0,48,40,0.147,39,88,0.443,0.494,0.117,30,70,0.429,0.03,9,18,0.5,2021-22,Regular Season,1 Dribble
1630183,Jaden McDaniels,1610612750,MIN,21.0,70,54,0.157,51,87,0.586,0.615,0.135,46,75,0.613,0.022,5,12,0.417,2021-22,Regular Season,1 Dribble
1626168,Trey Lyles,1610612758,SAC,26.0,74,53,0.157,41,87,0.471,0.483,0.135,39,75,0.52,0.022,2,12,0.167,2021-22,Regular Season,1 Dribble
1630537,Chris Duarte,1610612754,IND,25.0,55,40,0.14,39,87,0.448,0.523,0.087,26,54,0.481,0.053,13,33,0.394,2021-22,Regular Season,1 Dribble
1629659,Talen Horton-Tucker,1610612747,LAL,21.0,60,44,0.162,36,87,0.414,0.448,0.102,30,55,0.545,0.059,6,32,0.188,2021-22,Regular Season,1 Dribble
203463,Ben McLemore,1610612757,POR,29.0,64,45,0.161,34,87,0.391,0.5,0.052,15,28,0.536,0.109,19,59,0.322,2021-22,Regular Season,1 Dribble
203109,Jae Crowder,1610612756,PHX,31.0,67,53,0.16,33,87,0.379,0.414,0.099,27,54,0.5,0.061,6,33,0.182,2021-22,Regular Season,1 Dribble
201580,JaVale McGee,1610612756,PHX,34.0,74,49,0.188,51,86,0.593,0.599,0.183,50,84,0.595,0.004,1,2,0.5,2021-22,Regular Season,1 Dribble
203500,Steven Adams,1610612763,MEM,28.0,75,51,0.223,47,85,0.553,0.553,0.22,47,84,0.56,0.003,0,1,0.0,2021-22,Regular Season,1 Dribble
203083,Andre Drummond,1610612751,BKN,28.0,73,47,0.196,42,85,0.494,0.494,0.192,42,83,0.506,0.005,0,2,0.0,2021-22,Regular Season,1 Dribble
1626181,Norman Powell,1610612746,LAC,29.0,45,37,0.14,41,85,0.482,0.588,0.069,23,42,0.548,0.071,18,43,0.419,2021-22,Regular Season,1 Dribble
1630529,Herbert Jones,1610612740,NOP,23.0,77,51,0.148,48,84,0.571,0.571,0.143,48,81,0.593,0.005,0,3,0.0,2021-22,Regular Season,1 Dribble
1630224,Jalen Green,1610612745,HOU,20.0,67,48,0.088,44,84,0.524,0.601,0.051,31,49,0.633,0.037,13,35,0.371,2021-22,Regular Season,1 Dribble
1629020,Jarred Vanderbilt,1610612750,MIN,23.0,74,45,0.233,44,84,0.524,0.524,0.233,44,84,0.524,0.0,0,0,,2021-22,Regular Season,1 Dribble
1627749,Dejounte Murray,1610612759,SAS,25.0,68,46,0.068,41,84,0.488,0.542,0.048,32,60,0.533,0.019,9,24,0.375,2021-22,Regular Season,1 Dribble
204001,Kristaps Porziņģis,1610612764,WAS,26.0,51,44,0.11,35,84,0.417,0.423,0.094,34,72,0.472,0.016,1,12,0.083,2021-22,Regular Season,1 Dribble
203992,Bogdan Bogdanović,1610612737,ATL,29.0,63,43,0.106,34,84,0.405,0.53,0.042,13,33,0.394,0.064,21,51,0.412,2021-22,Regular Season,1 Dribble
1629630,Ja Morant,1610612763,MEM,22.0,56,43,0.072,38,83,0.458,0.5,0.047,31,54,0.574,0.025,7,29,0.241,2021-22,Regular Season,1 Dribble
202692,Alec Burks,1610612752,NYK,30.0,80,47,0.116,30,83,0.361,0.434,0.063,18,45,0.4,0.053,12,38,0.316,2021-22,Regular Season,1 Dribble
1630173,Precious Achiuwa,1610612761,TOR,22.0,73,52,0.138,28,83,0.337,0.343,0.128,27,77,0.351,0.01,1,6,0.167,2021-22,Regular Season,1 Dribble
203082,Terrence Ross,1610612753,ORL,31.0,63,41,0.148,33,82,0.402,0.463,0.08,23,44,0.523,0.069,10,38,0.263,2021-22,Regular Season,1 Dribble
1627854,Bryn Forbes,1610612743,DEN,28.0,75,44,0.151,34,81,0.42,0.481,0.099,24,53,0.453,0.052,10,28,0.357,2021-22,Regular Season,1 Dribble
1628384,OG Anunoby,1610612761,TOR,24.0,48,41,0.115,44,80,0.55,0.6,0.077,36,54,0.667,0.037,8,26,0.308,2021-22,Regular Season,1 Dribble
1629675,Naz Reid,1610612750,MIN,22.0,77,49,0.168,38,80,0.475,0.475,0.161,38,77,0.494,0.006,0,3,0.0,2021-22,Regular Season,1 Dribble
1628415,Dillon Brooks,1610612763,MEM,26.0,31,29,0.155,40,79,0.506,0.551,0.104,33,53,0.623,0.051,7,26,0.269,2021-22,Regular Season,1 Dribble
1628404,Josh Hart,1610612757,POR,27.0,53,44,0.141,39,79,0.494,0.557,0.102,29,57,0.509,0.039,10,22,0.455,2021-22,Regular Season,1 Dribble
1630578,Alperen Sengun,1610612745,HOU,19.0,72,44,0.15,39,79,0.494,0.5,0.128,38,67,0.567,0.023,1,12,0.083,2021-22,Regular Season,1 Dribble
201144,Mike Conley,1610612762,UTA,34.0,72,51,0.1,39,79,0.494,0.665,0.022,12,17,0.706,0.078,27,62,0.435,2021-22,Regular Season,1 Dribble
201568,Danilo Gallinari,1610612737,ATL,33.0,66,48,0.132,29,79,0.367,0.399,0.084,24,50,0.48,0.049,5,29,0.172,2021-22,Regular Season,1 Dribble
1626172,Kevon Looney,1610612744,GSW,26.0,81,51,0.218,43,78,0.551,0.551,0.218,43,78,0.551,0.0,0,0,,2021-22,Regular Season,1 Dribble
1628971,Bruce Brown,1610612751,BKN,25.0,72,43,0.154,41,78,0.526,0.526,0.154,41,78,0.526,0.0,0,0,,2021-22,Regular Season,1 Dribble
203078,Bradley Beal,1610612764,WAS,29.0,40,35,0.101,40,78,0.513,0.551,0.077,34,59,0.576,0.025,6,19,0.316,2021-22,Regular Season,1 Dribble
1629634,Brandon Clarke,1610612763,MEM,25.0,63,43,0.176,45,77,0.584,0.584,0.176,45,77,0.584,0.0,0,0,,2021-22,Regular Season,1 Dribble
1628984,Devonte' Graham,1610612740,NOP,27.0,75,49,0.096,25,77,0.325,0.39,0.034,15,27,0.556,0.062,10,50,0.2,2021-22,Regular Season,1 Dribble
201950,Jrue Holiday,1610612749,MIL,32.0,67,50,0.08,39,76,0.513,0.599,0.044,26,42,0.619,0.036,13,34,0.382,2021-22,Regular Season,1 Dribble
203991,Clint Capela,1610612737,ATL,28.0,74,47,0.126,37,76,0.487,0.487,0.126,37,76,0.487,0.0,0,0,,2021-22,Regular Season,1 Dribble
201145,Jeff Green,1610612743,DEN,35.0,75,51,0.144,37,76,0.487,0.5,0.13,35,69,0.507,0.013,2,7,0.286,2021-22,Regular Season,1 Dribble
1630245,Ayo Dosunmu,1610612741,CHI,22.0,77,48,0.14,41,75,0.547,0.553,0.135,40,72,0.556,0.006,1,3,0.333,2021-22,Regular Season,1 Dribble
1629631,De'Andre Hunter,1610612737,ATL,24.0,53,39,0.13,34,75,0.453,0.467,0.117,32,67,0.478,0.014,2,8,0.25,2021-22,Regular Season,1 Dribble
1629002,Chimezie Metu,1610612758,SAC,25.0,59,39,0.167,33,75,0.44,0.46,0.138,30,62,0.484,0.029,3,13,0.231,2021-22,Regular Season,1 Dribble
201935,James Harden,1610612755,PHI,32.0,65,44,0.075,28,74,0.378,0.493,0.024,11,24,0.458,0.05,17,50,0.34,2021-22,Regular Season,1 Dribble
1627788,Furkan Korkmaz,1610612755,PHI,24.0,67,44,0.155,34,73,0.466,0.568,0.072,19,34,0.559,0.083,15,39,0.385,2021-22,Regular Season,1 Dribble
1629645,Kevin Porter Jr.,1610612745,HOU,22.0,61,44,0.09,31,73,0.425,0.534,0.037,15,30,0.5,0.053,16,43,0.372,2021-22,Regular Season,1 Dribble
1629001,De'Anthony Melton,1610612763,MEM,24.0,72,40,0.105,28,72,0.389,0.444,0.064,20,44,0.455,0.041,8,28,0.286,2021-22,Regular Season,1 Dribble
201577,Robin Lopez,1610612753,ORL,34.0,36,27,0.355,36,71,0.507,0.507,0.35,36,70,0.514,0.005,0,1,0.0,2021-22,Regular Season,1 Dribble
1629638,Nickeil Alexander-Walker,1610612762,UTA,23.0,64,40,0.106,22,71,0.31,0.373,0.057,13,38,0.342,0.049,9,33,0.273,2021-22,Regular Season,1 Dribble
1628977,Hamidou Diallo,1610612765,DET,23.0,57,35,0.136,43,70,0.614,0.629,0.125,41,64,0.641,0.012,2,6,0.333,2021-22,Regular Season,1 Dribble
200746,LaMarcus Aldridge,1610612751,BKN,36.0,47,35,0.153,37,70,0.529,0.529,0.15,37,69,0.536,0.002,0,1,0.0,2021-22,Regular Season,1 Dribble
200768,Kyle Lowry,1610612748,MIA,36.0,63,41,0.112,34,70,0.486,0.65,0.03,11,19,0.579,0.081,23,51,0.451,2021-22,Regular Season,1 Dribble
1629052,Oshae Brissett,1610612754,IND,24.0,67,37,0.138,31,70,0.443,0.464,0.115,28,58,0.483,0.024,3,12,0.25,2021-22,Regular Season,1 Dribble
203501,Tim Hardaway Jr.,1610612742,DAL,30.0,42,34,0.132,26,70,0.371,0.429,0.074,18,39,0.462,0.058,8,31,0.258,2021-22,Regular Season,1 Dribble
1629014,Anfernee Simons,1610612757,POR,23.0,57,44,0.088,20,70,0.286,0.343,0.038,12,30,0.4,0.05,8,40,0.2,2021-22,Regular Season,1 Dribble
1629023,P.J. Washington,1610612766,CHA,23.0,65,45,0.129,31,69,0.449,0.507,0.081,23,43,0.535,0.049,8,26,0.308,2021-22,Regular Season,1 Dribble
1629643,Chuma Okeke,1610612753,ORL,23.0,70,42,0.12,26,69,0.377,0.457,0.057,15,33,0.455,0.063,11,36,0.306,2021-22,Regular Season,1 Dribble
1627747,Caris LeVert,1610612739,CLE,27.0,58,39,0.081,24,69,0.348,0.362,0.052,22,44,0.5,0.029,2,25,0.08,2021-22,Regular Season,1 Dribble
202684,Tristan Thompson,1610612741,CHI,31.0,56,39,0.258,40,68,0.588,0.588,0.254,40,67,0.597,0.004,0,1,0.0,2021-22,Regular Season,1 Dribble
1628973,Jalen Brunson,1610612742,DAL,25.0,79,49,0.067,29,68,0.426,0.478,0.04,22,40,0.55,0.028,7,28,0.25,2021-22,Regular Season,1 Dribble
1630544,Tre Mann,1610612760,OKC,21.0,60,38,0.116,22,68,0.324,0.397,0.053,12,31,0.387,0.063,10,37,0.27,2021-22,Regular Season,1 Dribble
1630560,Cam Thomas,1610612751,BKN,20.0,67,35,0.133,37,67,0.552,0.59,0.095,32,48,0.667,0.038,5,19,0.263,2021-22,Regular Season,1 Dribble
203471,Dennis Schröder,1610612745,HOU,28.0,63,38,0.094,37,67,0.552,0.597,0.076,31,54,0.574,0.018,6,13,0.462,2021-22,Regular Season,1 Dribble
203914,Gary Harris,1610612753,ORL,27.0,61,41,0.121,34,67,0.507,0.545,0.085,29,47,0.617,0.036,5,20,0.25,2021-22,Regular Season,1 Dribble
1630581,Josh Giddey,1610612760,OKC,19.0,54,35,0.1,33,67,0.493,0.552,0.067,25,45,0.556,0.033,8,22,0.364,2021-22,Regular Season,1 Dribble
1629629,Cam Reddish,1610612752,NYK,22.0,49,32,0.164,27,67,0.403,0.44,0.113,22,46,0.478,0.051,5,21,0.238,2021-22,Regular Season,1 Dribble
1630175,Cole Anthony,1610612753,ORL,22.0,65,43,0.073,26,67,0.388,0.455,0.039,17,36,0.472,0.034,9,31,0.29,2021-22,Regular Season,1 Dribble
1627814,Damion Lee,1610612744,GSW,29.0,62,41,0.177,40,66,0.606,0.667,0.137,32,51,0.627,0.04,8,15,0.533,2021-22,Regular Season,1 Dribble
1626224,Cedi Osman,1610612739,CLE,27.0,66,39,0.115,38,66,0.576,0.674,0.075,25,43,0.581,0.04,13,23,0.565,2021-22,Regular Season,1 Dribble
1630168,Onyeka Okongwu,1610612737,ATL,21.0,48,38,0.288,45,65,0.692,0.692,0.288,45,65,0.692,0.0,0,0,,2021-22,Regular Season,1 Dribble
1628997,Caleb Martin,1610612748,MIA,26.0,60,35,0.159,38,65,0.585,0.638,0.12,31,49,0.633,0.039,7,16,0.438,2021-22,Regular Season,1 Dribble
203937,Kyle Anderson,1610612763,MEM,28.0,69,41,0.139,34,65,0.523,0.538,0.117,32,55,0.582,0.021,2,10,0.2,2021-22,Regular Season,1 Dribble
1628401,Derrick White,1610612738,BOS,27.0,75,45,0.081,28,65,0.431,0.477,0.048,22,38,0.579,0.034,6,27,0.222,2021-22,Regular Season,1 Dribble
1630595,Cade Cunningham,1610612765,DET,20.0,63,39,0.064,26,65,0.4,0.462,0.042,18,42,0.429,0.023,8,23,0.348,2021-22,Regular Season,1 Dribble
1628449,Chris Boucher,1610612761,TOR,29.0,80,44,0.113,25,65,0.385,0.392,0.103,24,59,0.407,0.01,1,6,0.167,2021-22,Regular Season,1 Dribble
1628960,Grayson Allen,1610612749,MIL,26.0,66,42,0.112,32,64,0.5,0.695,0.026,7,15,0.467,0.086,25,49,0.51,2021-22,Regular Season,1 Dribble
1628402,Frank Jackson,1610612765,DET,24.0,53,38,0.133,30,64,0.469,0.555,0.054,19,26,0.731,0.079,11,38,0.289,2021-22,Regular Season,1 Dribble
1629622,Max Strus,1610612748,MIA,26.0,68,40,0.113,28,64,0.438,0.578,0.035,10,20,0.5,0.078,18,44,0.409,2021-22,Regular Season,1 Dribble
1629661,Cameron Johnson,1610612756,PHX,26.0,65,47,0.108,26,64,0.406,0.43,0.086,23,51,0.451,0.022,3,13,0.231,2021-22,Regular Season,1 Dribble
203490,Otto Porter Jr.,1610612744,GSW,29.0,62,41,0.153,31,63,0.492,0.548,0.124,24,51,0.471,0.029,7,12,0.583,2021-22,Regular Season,1 Dribble
1630533,Ziaire Williams,1610612763,MEM,20.0,61,37,0.151,30,63,0.476,0.516,0.115,25,48,0.521,0.036,5,15,0.333,2021-22,Regular Season,1 Dribble
1629726,Garrison Mathews,1610612745,HOU,25.0,65,40,0.137,22,63,0.349,0.468,0.033,7,15,0.467,0.104,15,48,0.313,2021-22,Regular Season,1 Dribble
1630591,Jalen Suggs,1610612753,ORL,21.0,48,36,0.115,21,63,0.333,0.357,0.064,18,35,0.514,0.051,3,28,0.107,2021-22,Regular Season,1 Dribble
1627745,Damian Jones,1610612758,SAC,27.0,55,34,0.233,40,62,0.645,0.645,0.226,40,60,0.667,0.008,0,2,0.0,2021-22,Regular Season,1 Dribble
1629651,Nic Claxton,1610612751,BKN,23.0,47,35,0.235,37,62,0.597,0.597,0.235,37,62,0.597,0.0,0,0,,2021-22,Regular Season,1 Dribble
1626220,Royce O'Neale,1610612762,UTA,29.0,77,43,0.14,36,62,0.581,0.661,0.092,26,41,0.634,0.047,10,21,0.476,2021-22,Regular Season,1 Dribble
1627752,Taurean Prince,1610612750,MIN,28.0,69,40,0.159,34,62,0.548,0.581,0.11,30,43,0.698,0.049,4,19,0.211,2021-22,Regular Season,1 Dribble
203081,Damian Lillard,1610612757,POR,31.0,29,25,0.111,24,61,0.393,0.541,0.024,6,13,0.462,0.087,18,48,0.375,2021-22,Regular Season,1 Dribble
1626195,Willy Hernangomez,1610612740,NOP,28.0,50,33,0.184,37,60,0.617,0.625,0.175,36,57,0.632,0.009,1,3,0.333,2021-22,Regular Season,1 Dribble
203110,Draymond Green,1610612744,GSW,32.0,46,33,0.233,33,60,0.55,0.55,0.233,33,60,0.55,0.0,0,0,,2021-22,Regular Season,1 Dribble
1630228,Jonathan Kuminga,1610612744,GSW,19.0,69,36,0.135,32,60,0.533,0.558,0.11,29,49,0.592,0.025,3,11,0.273,2021-22,Regular Season,1 Dribble
1629670,Jordan Nwora,1610612749,MIL,23.0,62,36,0.13,31,60,0.517,0.567,0.097,25,45,0.556,0.032,6,15,0.4,2021-22,Regular Season,1 Dribble
1628964,Mo Bamba,1610612753,ORL,24.0,71,43,0.097,24,60,0.4,0.4,0.084,24,52,0.462,0.013,0,8,0.0,2021-22,Regular Season,1 Dribble
1629647,Darius Bazley,1610612760,OKC,22.0,69,38,0.091,34,59,0.576,0.61,0.073,30,47,0.638,0.019,4,12,0.333,2021-22,Regular Season,1 Dribble
1629652,Luguentz Dort,1610612760,OKC,23.0,51,37,0.081,32,59,0.542,0.686,0.034,15,25,0.6,0.047,17,34,0.5,2021-22,Regular Season,1 Dribble
203482,Kelly Olynyk,1610612765,DET,31.0,40,29,0.206,21,59,0.356,0.398,0.129,16,37,0.432,0.077,5,22,0.227,2021-22,Regular Season,1 Dribble
1630171,Isaac Okoro,1610612739,CLE,21.0,67,41,0.135,35,58,0.603,0.603,0.123,35,53,0.66,0.012,0,5,0.0,2021-22,Regular Season,1 Dribble
1629684,Grant Williams,1610612738,BOS,23.0,76,39,0.135,31,58,0.534,0.586,0.098,25,42,0.595,0.037,6,16,0.375,2021-22,Regular Season,1 Dribble
1629013,Landry Shamet,1610612756,PHX,25.0,69,39,0.12,20,58,0.345,0.448,0.037,8,18,0.444,0.082,12,40,0.3,2021-22,Regular Season,1 Dribble
1627827,Dorian Finney-Smith,1610612742,DAL,29.0,80,39,0.082,35,57,0.614,0.675,0.061,28,42,0.667,0.022,7,15,0.467,2021-22,Regular Season,1 Dribble
1628374,Lauri Markkanen,1610612739,CLE,25.0,61,33,0.081,24,57,0.421,0.421,0.074,24,52,0.462,0.007,0,5,0.0,2021-22,Regular Season,1 Dribble
202355,Hassan Whiteside,1610612762,UTA,33.0,65,34,0.17,29,56,0.518,0.518,0.17,29,56,0.518,0.0,0,0,,2021-22,Regular Season,1 Dribble
1629632,Coby White,1610612741,CHI,22.0,61,34,0.087,26,56,0.464,0.545,0.045,17,29,0.586,0.042,9,27,0.333,2021-22,Regular Season,1 Dribble
200782,P.J. Tucker,1610612748,MIA,37.0,71,32,0.129,31,55,0.564,0.582,0.119,29,51,0.569,0.009,2,4,0.5,2021-22,Regular Season,1 Dribble
1630166,Deni Avdija,1610612764,WAS,21.0,82,38,0.095,29,55,0.527,0.555,0.085,26,49,0.531,0.01,3,6,0.5,2021-22,Regular Season,1 Dribble
1626158,Richaun Holmes,1610612758,SAC,28.0,44,32,0.19,29,55,0.527,0.527,0.19,29,55,0.527,0.0,0,0,,2021-22,Regular Season,1 Dribble
1629655,Daniel Gafford,1610612764,WAS,23.0,72,36,0.134,28,55,0.509,0.509,0.134,28,55,0.509,0.0,0,0,,2021-22,Regular Season,1 Dribble
1629216,Gabe Vincent,1610612748,MIA,26.0,68,36,0.107,27,55,0.491,0.627,0.037,12,19,0.632,0.07,15,36,0.417,2021-22,Regular Season,1 Dribble
1630557,Corey Kispert,1610612764,WAS,23.0,77,32,0.107,24,55,0.436,0.455,0.084,22,43,0.512,0.023,2,12,0.167,2021-22,Regular Season,1 Dribble
1629060,Rui Hachimura,1610612764,WAS,24.0,42,30,0.145,21,55,0.382,0.391,0.135,20,51,0.392,0.011,1,4,0.25,2021-22,Regular Season,1 Dribble
201143,Al Horford,1610612738,BOS,36.0,68,37,0.096,27,54,0.5,0.528,0.091,24,51,0.471,0.005,3,3,1.0,2021-22,Regular Season,1 Dribble
203493,Reggie Bullock Jr.,1610612742,DAL,31.0,68,36,0.108,24,54,0.444,0.481,0.064,20,32,0.625,0.044,4,22,0.182,2021-22,Regular Season,1 Dribble
200752,Rudy Gay,1610612762,UTA,35.0,55,34,0.142,23,54,0.426,0.472,0.1,18,38,0.474,0.042,5,16,0.313,2021-22,Regular Season,1 Dribble
203935,Marcus Smart,1610612738,BOS,28.0,70,38,0.075,25,53,0.472,0.519,0.05,20,35,0.571,0.026,5,18,0.278,2021-22,Regular Season,1 Dribble
1630527,Brandon Boston,1610612746,LAC,20.0,50,31,0.172,20,53,0.377,0.396,0.127,18,39,0.462,0.045,2,14,0.143,2021-22,Regular Season,1 Dribble
1629717,Armoni Brooks,1610612761,TOR,24.0,54,28,0.183,17,53,0.321,0.462,0.024,2,7,0.286,0.159,15,46,0.326,2021-22,Regular Season,1 Dribble
1629637,Jaxson Hayes,1610612740,NOP,22.0,69,36,0.131,35,52,0.673,0.683,0.126,34,50,0.68,0.005,1,2,0.5,2021-22,Regular Season,1 Dribble
1626145,Tyus Jones,1610612763,MEM,26.0,72,37,0.095,32,52,0.615,0.644,0.083,29,45,0.644,0.013,3,7,0.429,2021-22,Regular Season,1 Dribble
1627777,Georges Niang,1610612755,PHI,29.0,76,38,0.092,28,52,0.538,0.596,0.075,22,42,0.524,0.018,6,10,0.6,2021-22,Regular Season,1 Dribble
1628998,Cody Martin,1610612766,CHA,26.0,70,39,0.124,27,52,0.519,0.538,0.112,25,47,0.532,0.012,2,5,0.4,2021-22,Regular Season,1 Dribble
1630558,Davion Mitchell,1610612758,SAC,23.0,74,37,0.062,18,52,0.346,0.404,0.031,12,26,0.462,0.031,6,26,0.231,2021-22,Regular Season,1 Dribble
203497,Rudy Gobert,1610612762,UTA,30.0,66,36,0.1,31,51,0.608,0.608,0.1,31,51,0.608,0.0,0,0,,2021-22,Regular Season,1 Dribble
1630613,Duane Washington Jr.,1610612754,IND,22.0,48,29,0.119,17,51,0.333,0.412,0.07,9,30,0.3,0.049,8,21,0.381,2021-22,Regular Season,1 Dribble
1630678,Terry Taylor,1610612754,IND,22.0,33,25,0.228,32,50,0.64,0.64,0.219,32,48,0.667,0.009,0,2,0.0,2021-22,Regular Season,1 Dribble
1630167,Obi Toppin,1610612752,NYK,24.0,71,35,0.106,30,50,0.6,0.6,0.097,30,46,0.652,0.008,0,4,0.0,2021-22,Regular Season,1 Dribble
1630538,Bones Hyland,1610612743,DEN,21.0,69,34,0.088,25,50,0.5,0.61,0.039,14,22,0.636,0.049,11,28,0.393,2021-22,Regular Season,1 Dribble
203486,Mason Plumlee,1610612766,CHA,32.0,72,39,0.157,23,50,0.46,0.46,0.154,23,49,0.469,0.003,0,1,0.0,2021-22,Regular Season,1 Dribble
1626166,Cameron Payne,1610612756,PHX,27.0,57,30,0.087,21,50,0.42,0.48,0.048,15,28,0.536,0.038,6,22,0.273,2021-22,Regular Season,1 Dribble
201152,Thaddeus Young,1610612761,TOR,34.0,52,29,0.179,28,49,0.571,0.582,0.168,27,46,0.587,0.011,1,3,0.333,2021-22,Regular Season,1 Dribble
203473,Dewayne Dedmon,1610612748,MIA,32.0,67,30,0.169,26,49,0.531,0.531,0.162,26,47,0.553,0.007,0,2,0.0,2021-22,Regular Season,1 Dribble
202326,DeMarcus Cousins,1610612743,DEN,31.0,48,28,0.148,24,48,0.5,0.51,0.13,23,42,0.548,0.019,1,6,0.167,2021-22,Regular Season,1 Dribble
1630200,Tre Jones,1610612759,SAS,22.0,69,36,0.142,24,48,0.5,0.5,0.133,24,45,0.533,0.009,0,3,0.0,2021-22,Regular Season,1 Dribble
1628392,Isaiah Hartenstein,1610612746,LAC,24.0,68,35,0.131,23,48,0.479,0.49,0.123,22,45,0.489,0.008,1,3,0.333,2021-22,Regular Season,1 Dribble
1628983,Shai Gilgeous-Alexander,1610612760,OKC,23.0,56,36,0.046,22,48,0.458,0.521,0.022,16,23,0.696,0.024,6,25,0.24,2021-22,Regular Season,1 Dribble
1629750,Javonte Green,1610612741,CHI,28.0,65,34,0.145,29,47,0.617,0.628,0.138,28,45,0.622,0.006,1,2,0.5,2021-22,Regular Season,1 Dribble
1629021,Moritz Wagner,1610612753,ORL,25.0,63,32,0.119,28,47,0.596,0.606,0.101,27,40,0.675,0.018,1,7,0.143,2021-22,Regular Season,1 Dribble
1626167,Myles Turner,1610612754,IND,26.0,42,26,0.119,28,47,0.596,0.628,0.094,25,37,0.676,0.025,3,10,0.3,2021-22,Regular Season,1 Dribble
1629599,Amir Coffey,1610612746,LAC,25.0,68,30,0.103,27,47,0.574,0.585,0.081,26,37,0.703,0.022,1,10,0.1,2021-22,Regular Season,1 Dribble
202331,Paul George,1610612746,LAC,32.0,31,22,0.074,19,47,0.404,0.447,0.05,15,32,0.469,0.024,4,15,0.267,2021-22,Regular Season,1 Dribble
1630205,Lamar Stevens,1610612739,CLE,24.0,63,27,0.144,27,46,0.587,0.587,0.141,27,45,0.6,0.003,0,1,0.0,2021-22,Regular Season,1 Dribble
1629669,Jaylen Nowell,1610612750,MIN,22.0,62,31,0.111,25,46,0.543,0.598,0.077,20,32,0.625,0.034,5,14,0.357,2021-22,Regular Season,1 Dribble
203915,Spencer Dinwiddie,1610612742,DAL,29.0,67,33,0.063,23,46,0.5,0.587,0.027,15,20,0.75,0.035,8,26,0.308,2021-22,Regular Season,1 Dribble
201937,Ricky Rubio,1610612754,IND,31.0,34,23,0.112,13,46,0.283,0.37,0.044,5,18,0.278,0.068,8,28,0.286,2021-22,Regular Season,1 Dribble
1629676,Isaiah Roby,1610612760,OKC,24.0,45,28,0.139,29,45,0.644,0.711,0.111,23,36,0.639,0.028,6,9,0.667,2021-22,Regular Season,1 Dribble
1627761,DeAndre' Bembry,1610612749,MIL,27.0,56,28,0.203,24,45,0.533,0.533,0.203,24,45,0.533,0.0,0,0,,2021-22,Regular Season,1 Dribble
1630214,Xavier Tillman,1610612763,MEM,23.0,53,30,0.208,24,45,0.533,0.533,0.194,24,42,0.571,0.014,0,3,0.0,2021-22,Regular Season,1 Dribble
1630559,Austin Reaves,1610612747,LAL,24.0,61,29,0.142,21,45,0.467,0.511,0.079,17,25,0.68,0.063,4,20,0.2,2021-22,Regular Season,1 Dribble
1629004,Svi Mykhailiuk,1610612761,TOR,25.0,56,28,0.192,21,45,0.467,0.578,0.085,11,20,0.55,0.107,10,25,0.4,2021-22,Regular Season,1 Dribble
1629026,Kenrich Williams,1610612760,OKC,27.0,49,30,0.142,18,45,0.4,0.456,0.091,13,29,0.448,0.05,5,16,0.313,2021-22,Regular Season,1 Dribble
201961,Wayne Ellington,1610612747,LAL,34.0,43,25,0.19,16,45,0.356,0.478,0.03,5,7,0.714,0.16,11,38,0.289,2021-22,Regular Season,1 Dribble
202689,Kemba Walker,1610612752,NYK,32.0,37,27,0.122,15,45,0.333,0.444,0.035,5,13,0.385,0.086,10,32,0.313,2021-22,Regular Season,1 Dribble
1630188,Jalen Smith,1610612754,IND,22.0,50,25,0.132,22,44,0.5,0.5,0.126,22,42,0.524,0.006,0,2,0.0,2021-22,Regular Season,1 Dribble
1626204,Larry Nance Jr.,1610612740,NOP,29.0,46,28,0.174,23,43,0.535,0.535,0.17,23,42,0.548,0.004,0,1,0.0,2021-22,Regular Season,1 Dribble
1629003,Shake Milton,1610612755,PHI,25.0,55,33,0.107,22,43,0.512,0.605,0.069,14,28,0.5,0.037,8,15,0.533,2021-22,Regular Season,1 Dribble
202339,Eric Bledsoe,1610612757,POR,32.0,53,26,0.095,21,43,0.488,0.5,0.081,20,37,0.541,0.013,1,6,0.167,2021-22,Regular Season,1 Dribble
1630528,Josh Christopher,1610612745,HOU,20.0,74,35,0.086,19,43,0.442,0.465,0.07,17,35,0.486,0.016,2,8,0.25,2021-22,Regular Season,1 Dribble
101108,Chris Paul,1610612756,PHX,37.0,64,32,0.06,18,43,0.419,0.488,0.032,12,23,0.522,0.028,6,20,0.3,2021-22,Regular Season,1 Dribble
203087,Jeremy Lamb,1610612758,SAC,30.0,56,27,0.124,15,43,0.349,0.453,0.063,6,22,0.273,0.061,9,21,0.429,2021-22,Regular Season,1 Dribble
1629308,Juan Toscano-Anderson,1610612744,GSW,29.0,73,27,0.179,23,42,0.548,0.548,0.162,23,38,0.605,0.017,0,4,0.0,2021-22,Regular Season,1 Dribble
201949,James Johnson,1610612751,BKN,35.0,62,27,0.137,17,42,0.405,0.405,0.114,17,35,0.486,0.023,0,7,0.0,2021-22,Regular Season,1 Dribble
203496,Robert Covington,1610612746,LAC,31.0,71,31,0.084,14,42,0.333,0.369,0.062,11,31,0.355,0.022,3,11,0.273,2021-22,Regular Season,1 Dribble
201933,Blake Griffin,1610612751,BKN,33.0,56,32,0.131,23,41,0.561,0.61,0.096,19,30,0.633,0.035,4,11,0.364,2021-22,Regular Season,1 Dribble
201586,Serge Ibaka,1610612749,MIL,32.0,53,27,0.142,22,41,0.537,0.561,0.132,20,38,0.526,0.01,2,3,0.667,2021-22,Regular Season,1 Dribble
1630181,R.J. Hampton,1610612753,ORL,21.0,64,33,0.09,19,41,0.463,0.5,0.061,16,28,0.571,0.028,3,13,0.231,2021-22,Regular Season,1 Dribble
1629642,Nassir Little,1610612757,POR,22.0,42,26,0.127,19,40,0.475,0.513,0.092,16,29,0.552,0.035,3,11,0.273,2021-22,Regular Season,1 Dribble
1630570,Trendon Watford,1610612757,POR,21.0,48,26,0.15,19,40,0.475,0.475,0.15,19,40,0.475,0.0,0,0,,2021-22,Regular Season,1 Dribble
1630197,Aleksej Pokusevski,1610612760,OKC,20.0,61,31,0.088,16,40,0.4,0.413,0.064,15,29,0.517,0.024,1,11,0.091,2021-22,Regular Season,1 Dribble
203939,Dwight Powell,1610612742,DAL,30.0,82,33,0.097,19,39,0.487,0.487,0.09,19,36,0.528,0.007,0,3,0.0,2021-22,Regular Season,1 Dribble
202357,Nemanja Bjelica,1610612744,GSW,34.0,70,31,0.116,18,39,0.462,0.487,0.092,16,31,0.516,0.024,2,8,0.25,2021-22,Regular Season,1 Dribble
1630182,Josh Green,1610612742,DAL,21.0,67,28,0.152,15,39,0.385,0.397,0.141,14,36,0.389,0.012,1,3,0.333,2021-22,Regular Season,1 Dribble
1628366,Lonzo Ball,1610612741,CHI,24.0,35,25,0.102,13,39,0.333,0.449,0.031,4,12,0.333,0.07,9,27,0.333,2021-22,Regular Season,1 Dribble
1630165,Killian Hayes,1610612765,DET,20.0,65,24,0.087,13,39,0.333,0.346,0.06,12,27,0.444,0.027,1,12,0.083,2021-22,Regular Season,1 Dribble
1627780,Gary Payton II,1610612744,GSW,29.0,70,29,0.111,27,38,0.711,0.711,0.111,27,38,0.711,0.0,0,0,,2021-22,Regular Season,1 Dribble
1626196,Josh Richardson,1610612759,SAS,28.0,64,25,0.072,17,38,0.447,0.487,0.059,14,31,0.452,0.013,3,7,0.429,2021-22,Regular Season,1 Dribble
1628966,Keita Bates-Diop,1610612759,SAS,26.0,59,29,0.144,15,38,0.395,0.395,0.137,15,36,0.417,0.008,0,2,0.0,2021-22,Regular Season,1 Dribble
204060,Joe Ingles,1610612757,POR,34.0,45,30,0.133,12,38,0.316,0.355,0.056,9,16,0.563,0.077,3,22,0.136,2021-22,Regular Season,1 Dribble
202681,Kyrie Irving,1610612751,BKN,30.0,29,20,0.06,18,37,0.486,0.581,0.029,11,18,0.611,0.031,7,19,0.368,2021-22,Regular Season,1 Dribble
1628367,Josh Jackson,1610612758,SAC,25.0,50,25,0.128,16,37,0.432,0.473,0.087,13,25,0.52,0.042,3,12,0.25,2021-22,Regular Season,1 Dribble
203085,Austin Rivers,1610612743,DEN,29.0,67,30,0.106,16,37,0.432,0.514,0.037,10,13,0.769,0.069,6,24,0.25,2021-22,Regular Season,1 Dribble
1626159,Justise Winslow,1610612757,POR,26.0,47,24,0.145,16,37,0.432,0.446,0.141,15,36,0.417,0.004,1,1,1.0,2021-22,Regular Season,1 Dribble
1629680,Matisse Thybulle,1610612755,PHI,25.0,66,25,0.12,18,36,0.5,0.542,0.093,15,28,0.536,0.027,3,8,0.375,2021-22,Regular Season,1 Dribble
101150,Lou Williams,1610612737,ATL,35.0,56,28,0.113,18,36,0.5,0.625,0.069,9,22,0.409,0.044,9,14,0.643,2021-22,Regular Season,1 Dribble
1626169,Stanley Johnson,1610612747,LAL,26.0,48,24,0.143,18,36,0.5,0.542,0.124,15,31,0.484,0.02,3,5,0.6,2021-22,Regular Season,1 Dribble
1629056,Terence Davis,1610612758,SAC,25.0,29,19,0.14,15,36,0.417,0.514,0.062,8,16,0.5,0.078,7,20,0.35,2021-22,Regular Season,1 Dribble
1630543,Isaiah Jackson,1610612754,IND,20.0,36,21,0.175,13,36,0.361,0.375,0.165,12,34,0.353,0.01,1,2,0.5,2021-22,Regular Season,1 Dribble
203458,Alex Len,1610612758,SAC,29.0,39,22,0.205,12,36,0.333,0.333,0.205,12,36,0.333,0.0,0,0,,2021-22,Regular Season,1 Dribble
1628021,David Nwaba,1610612745,HOU,29.0,46,24,0.199,19,35,0.543,0.557,0.193,18,34,0.529,0.006,1,1,1.0,2021-22,Regular Season,1 Dribble
1628470,Torrey Craig,1610612756,PHX,31.0,78,31,0.08,17,35,0.486,0.514,0.059,15,26,0.577,0.02,2,9,0.222,2021-22,Regular Season,1 Dribble
201569,Eric Gordon,1610612745,HOU,33.0,57,24,0.062,16,35,0.457,0.586,0.027,7,15,0.467,0.035,9,20,0.45,2021-22,Regular Season,1 Dribble
1629604,CJ Elleby,1610612757,POR,22.0,58,24,0.114,16,35,0.457,0.457,0.097,16,30,0.533,0.016,0,5,0.0,2021-22,Regular Season,1 Dribble
1630209,Omer Yurtseven,1610612748,MIA,24.0,56,24,0.14,12,34,0.353,0.353,0.14,12,34,0.353,0.0,0,0,,2021-22,Regular Season,1 Dribble
1629744,Matt Thomas,1610612741,CHI,27.0,40,18,0.246,17,33,0.515,0.636,0.112,9,15,0.6,0.134,8,18,0.444,2021-22,Regular Season,1 Dribble
202340,Avery Bradley,1610612747,LAL,31.0,62,24,0.094,11,33,0.333,0.47,0.04,2,14,0.143,0.054,9,19,0.474,2021-22,Regular Season,1 Dribble
1630314,Brandon Williams,1610612757,POR,22.0,24,17,0.117,11,33,0.333,0.364,0.06,9,17,0.529,0.057,2,16,0.125,2021-22,Regular Season,1 Dribble
1629111,Jock Landale,1610612759,SAS,26.0,54,24,0.157,21,32,0.656,0.672,0.142,20,29,0.69,0.015,1,3,0.333,2021-22,Regular Season,1 Dribble
1630174,Aaron Nesmith,1610612738,BOS,22.0,52,23,0.176,17,32,0.531,0.563,0.115,15,21,0.714,0.06,2,11,0.182,2021-22,Regular Season,1 Dribble
1629048,Goga Bitadze,1610612754,IND,22.0,50,19,0.127,17,32,0.531,0.531,0.115,17,29,0.586,0.012,0,3,0.0,2021-22,Regular Season,1 Dribble
1630177,Theo Maledon,1610612760,OKC,21.0,51,20,0.101,16,32,0.5,0.609,0.047,9,15,0.6,0.054,7,17,0.412,2021-22,Regular Season,1 Dribble
203210,JaMychal Green,1610612743,DEN,32.0,67,24,0.098,16,32,0.5,0.5,0.095,16,31,0.516,0.003,0,1,0.0,2021-22,Regular Season,1 Dribble
1630202,Payton Pritchard,1610612738,BOS,24.0,71,27,0.086,15,32,0.469,0.609,0.029,6,11,0.545,0.056,9,21,0.429,2021-22,Regular Season,1 Dribble
1628380,Zach Collins,1610612759,SAS,24.0,28,17,0.206,15,32,0.469,0.469,0.206,15,32,0.469,0.0,0,0,,2021-22,Regular Season,1 Dribble
202066,Garrett Temple,1610612740,NOP,36.0,58,21,0.111,14,32,0.438,0.5,0.062,10,18,0.556,0.048,4,14,0.286,2021-22,Regular Season,1 Dribble
202397,Ish Smith,1610612764,WAS,33.0,64,22,0.076,10,32,0.313,0.359,0.04,7,17,0.412,0.036,3,15,0.2,2021-22,Regular Season,1 Dribble
202709,Cory Joseph,1610612765,DET,30.0,65,26,0.08,10,32,0.313,0.344,0.055,8,22,0.364,0.025,2,10,0.2,2021-22,Regular Season,1 Dribble
201976,Patrick Beverley,1610612750,MIN,33.0,58,21,0.073,9,32,0.281,0.328,0.025,6,11,0.545,0.048,3,21,0.143,2021-22,Regular Season,1 Dribble
201587,Nicolas Batum,1610612746,LAC,33.0,58,24,0.081,11,31,0.355,0.435,0.039,6,15,0.4,0.042,5,16,0.313,2021-22,Regular Season,1 Dribble
201980,Danny Green,1610612755,PHI,35.0,62,25,0.097,6,31,0.194,0.242,0.028,3,9,0.333,0.069,3,22,0.136,2021-22,Regular Season,1 Dribble
1629117,Wenyen Gabriel,1610612747,LAL,25.0,25,17,0.278,17,30,0.567,0.583,0.269,16,29,0.552,0.009,1,1,1.0,2021-22,Regular Season,1 Dribble
1626153,Delon Wright,1610612737,ATL,30.0,77,19,0.112,16,30,0.533,0.633,0.059,10,16,0.625,0.052,6,14,0.429,2021-22,Regular Season,1 Dribble
202738,Isaiah Thomas,1610612766,CHA,33.0,22,16,0.18,13,30,0.433,0.517,0.102,8,17,0.471,0.078,5,13,0.385,2021-22,Regular Season,1 Dribble
1629649,Ignas Brazdeikis,1610612753,ORL,23.0,42,21,0.154,17,29,0.586,0.603,0.112,16,21,0.762,0.043,1,8,0.125,2021-22,Regular Season,1 Dribble
1629672,Eric Paschall,1610612762,UTA,25.0,58,19,0.123,16,29,0.552,0.552,0.119,16,28,0.571,0.004,0,1,0.0,2021-22,Regular Season,1 Dribble
1628975,Jevon Carter,1610612749,MIL,26.0,66,25,0.115,12,29,0.414,0.552,0.032,4,8,0.5,0.083,8,21,0.381,2021-22,Regular Season,1 Dribble
1628972,Troy Brown Jr.,1610612741,CHI,22.0,66,19,0.112,12,29,0.414,0.431,0.097,11,25,0.44,0.016,1,4,0.25,2021-22,Regular Season,1 Dribble
1627763,Malcolm Brogdon,1610612754,IND,29.0,36,17,0.053,9,29,0.31,0.379,0.02,5,11,0.455,0.033,4,18,0.222,2021-22,Regular Season,1 Dribble
1628467,Maxi Kleber,1610612742,DAL,30.0,59,23,0.082,8,29,0.276,0.293,0.068,7,24,0.292,0.014,1,5,0.2,2021-22,Regular Season,1 Dribble
1628432,Davon Reed,1610612743,DEN,27.0,48,23,0.174,13,28,0.464,0.536,0.118,9,19,0.474,0.056,4,9,0.444,2021-22,Regular Season,1 Dribble
1630563,Joshua Primo,1610612759,SAS,19.0,50,20,0.104,9,28,0.321,0.321,0.089,9,24,0.375,0.015,0,4,0.0,2021-22,Regular Season,1 Dribble
1630598,Aaron Wiggins,1610612760,OKC,23.0,50,22,0.08,18,27,0.667,0.704,0.062,16,21,0.762,0.018,2,6,0.333,2021-22,Regular Season,1 Dribble
1630230,Naji Marshall,1610612740,NOP,24.0,55,20,0.1,17,27,0.63,0.63,0.097,17,26,0.654,0.004,0,1,0.0,2021-22,Regular Season,1 Dribble
203648,Thanasis Antetokounmpo,1610612749,MIL,29.0,48,18,0.211,16,27,0.593,0.593,0.195,16,25,0.64,0.016,0,2,0.0,2021-22,Regular Season,1 Dribble
203920,Khem Birch,1610612761,TOR,29.0,55,20,0.135,14,27,0.519,0.519,0.135,14,27,0.519,0.0,0,0,,2021-22,Regular Season,1 Dribble
1626192,Pat Connaughton,1610612749,MIL,29.0,65,21,0.054,10,27,0.37,0.389,0.042,9,21,0.429,0.012,1,6,0.167,2021-22,Regular Season,1 Dribble
1630556,Kessler Edwards,1610612751,BKN,21.0,48,18,0.101,7,27,0.259,0.259,0.101,7,27,0.259,0.0,0,0,,2021-22,Regular Season,1 Dribble
1629011,Mitchell Robinson,1610612752,NYK,24.0,71,23,0.076,17,26,0.654,0.654,0.076,17,26,0.654,0.0,0,0,,2021-22,Regular Season,1 Dribble
1629723,John Konchar,1610612763,MEM,26.0,72,21,0.099,16,26,0.615,0.635,0.092,15,24,0.625,0.008,1,2,0.5,2021-22,Regular Season,1 Dribble
1630264,Anthony Gill,1610612764,WAS,29.0,44,19,0.239,14,26,0.538,0.538,0.239,14,26,0.538,0.0,0,0,,2021-22,Regular Season,1 Dribble
201959,Taj Gibson,1610612752,NYK,37.0,51,20,0.16,14,26,0.538,0.538,0.147,14,24,0.583,0.012,0,2,0.0,2021-22,Regular Season,1 Dribble
1629641,Romeo Langford,1610612759,SAS,22.0,48,19,0.136,13,26,0.5,0.558,0.105,10,20,0.5,0.031,3,6,0.5,2021-22,Regular Season,1 Dribble
1627863,Danuel House Jr.,1610612762,UTA,29.0,42,17,0.131,11,26,0.423,0.5,0.076,7,15,0.467,0.056,4,11,0.364,2021-22,Regular Season,1 Dribble
1630184,Kira Lewis Jr.,1610612740,NOP,21.0,24,15,0.178,11,26,0.423,0.481,0.103,8,15,0.533,0.075,3,11,0.273,2021-22,Regular Season,1 Dribble
1630625,Dalano Banton,1610612761,TOR,22.0,64,20,0.129,10,26,0.385,0.442,0.104,7,21,0.333,0.025,3,5,0.6,2021-22,Regular Season,1 Dribble
1629660,Ty Jerome,1610612760,OKC,24.0,48,18,0.079,8,26,0.308,0.404,0.024,3,8,0.375,0.055,5,18,0.278,2021-22,Regular Season,1 Dribble
1630549,Day'Ron Sharpe,1610612751,BKN,20.0,32,17,0.168,15,25,0.6,0.6,0.168,15,25,0.6,0.0,0,0,,2021-22,Regular Season,1 Dribble
203476,Gorgui Dieng,1610612737,ATL,32.0,44,16,0.223,15,25,0.6,0.7,0.143,10,16,0.625,0.08,5,9,0.556,2021-22,Regular Season,1 Dribble
202722,Davis Bertans,1610612742,DAL,29.0,56,20,0.091,9,25,0.36,0.5,0.022,2,6,0.333,0.069,7,19,0.368,2021-22,Regular Season,1 Dribble
202083,Wesley Matthews,1610612749,MIL,35.0,49,19,0.114,8,25,0.32,0.36,0.055,6,12,0.5,0.059,2,13,0.154,2021-22,Regular Season,1 Dribble
1627737,Marquese Chriss,1610612742,DAL,24.0,34,18,0.187,7,25,0.28,0.3,0.157,6,21,0.286,0.03,1,4,0.25,2021-22,Regular Season,1 Dribble
1628978,Donte DiVincenzo,1610612758,SAC,25.0,42,20,0.074,6,25,0.24,0.28,0.042,4,14,0.286,0.033,2,11,0.182,2021-22,Regular Season,1 Dribble
1628464,Daniel Theis,1610612738,BOS,30.0,47,18,0.082,15,24,0.625,0.625,0.082,15,24,0.625,0.0,0,0,,2021-22,Regular Season,1 Dribble
1627884,Derrick Jones Jr.,1610612741,CHI,25.0,51,22,0.123,14,24,0.583,0.604,0.113,13,22,0.591,0.01,1,2,0.5,2021-22,Regular Season,1 Dribble
203526,Raul Neto,1610612764,WAS,30.0,70,20,0.054,12,24,0.5,0.563,0.039,9,17,0.529,0.016,3,7,0.429,2021-22,Regular Season,1 Dribble
201572,Brook Lopez,1610612749,MIL,34.0,13,11,0.183,11,24,0.458,0.5,0.137,9,18,0.5,0.046,2,6,0.333,2021-22,Regular Season,1 Dribble
1629656,Quentin Grimes,1610612752,NYK,22.0,45,16,0.103,9,24,0.375,0.458,0.038,5,9,0.556,0.064,4,15,0.267,2021-22,Regular Season,1 Dribble
1629103,Kelan Martin,1610612738,BOS,26.0,30,17,0.14,9,24,0.375,0.417,0.111,7,19,0.368,0.029,2,5,0.4,2021-22,Regular Season,1 Dribble
1628373,Frank Ntilikina,1610612742,DAL,23.0,58,19,0.108,7,24,0.292,0.333,0.063,5,14,0.357,0.045,2,10,0.2,2021-22,Regular Season,1 Dribble
1628988,Aaron Holiday,1610612756,PHX,25.0,63,19,0.068,14,23,0.609,0.717,0.041,9,14,0.643,0.027,5,9,0.556,2021-22,Regular Season,1 Dribble
204456,T.J. McConnell,1610612754,IND,30.0,27,15,0.111,14,23,0.609,0.63,0.101,13,21,0.619,0.01,1,2,0.5,2021-22,Regular Season,1 Dribble
201565,Derrick Rose,1610612752,NYK,33.0,26,13,0.084,12,23,0.522,0.609,0.051,8,14,0.571,0.033,4,9,0.444,2021-22,Regular Season,1 Dribble
1630530,Trey Murphy III,1610612740,NOP,22.0,62,19,0.083,10,23,0.435,0.457,0.058,9,16,0.563,0.025,1,7,0.143,2021-22,Regular Season,1 Dribble
1630631,Jose Alvarado,1610612740,NOP,24.0,53,18,0.079,10,23,0.435,0.457,0.055,9,16,0.563,0.024,1,7,0.143,2021-22,Regular Season,1 Dribble
2730,Dwight Howard,1610612747,LAL,36.0,60,17,0.105,9,23,0.391,0.413,0.096,8,21,0.381,0.009,1,2,0.5,2021-22,Regular Season,1 Dribble
203585,Rodney McGruder,1610612765,DET,30.0,50,18,0.101,9,22,0.409,0.523,0.055,4,12,0.333,0.046,5,10,0.5,2021-22,Regular Season,1 Dribble
1630553,Keon Johnson,1610612757,POR,20.0,36,17,0.081,8,22,0.364,0.386,0.052,7,14,0.5,0.03,1,8,0.125,2021-22,Regular Season,1 Dribble
1629650,Moses Brown,1610612739,CLE,22.0,40,14,0.194,11,21,0.524,0.524,0.194,11,21,0.524,0.0,0,0,,2021-22,Regular Season,1 Dribble
1630541,Moses Moody,1610612744,GSW,20.0,51,13,0.119,11,21,0.524,0.619,0.09,7,16,0.438,0.028,4,5,0.8,2021-22,Regular Season,1 Dribble
1628396,Tony Bradley,1610612741,CHI,24.0,55,17,0.171,10,21,0.476,0.476,0.171,10,21,0.476,0.0,0,0,,2021-22,Regular Season,1 Dribble
1629644,KZ Okpala,1610612748,MIA,23.0,21,10,0.304,8,21,0.381,0.381,0.29,8,20,0.4,0.014,0,1,0.0,2021-22,Regular Season,1 Dribble
1630535,Greg Brown III,1610612757,POR,20.0,48,19,0.111,7,21,0.333,0.381,0.09,5,17,0.294,0.021,2,4,0.5,2021-22,Regular Season,1 Dribble
1630240,Saben Lee,1610612765,DET,23.0,36,13,0.124,2,21,0.095,0.095,0.047,2,8,0.25,0.076,0,13,0.0,2021-22,Regular Season,1 Dribble
1629667,Jalen McDaniels,1610612766,CHA,24.0,54,16,0.08,13,20,0.65,0.675,0.072,12,18,0.667,0.008,1,2,0.5,2021-22,Regular Season,1 Dribble
1629008,Michael Porter Jr.,1610612743,DEN,24.0,9,9,0.194,10,20,0.5,0.575,0.117,7,12,0.583,0.078,3,8,0.375,2021-22,Regular Season,1 Dribble
1629633,Jarrett Culver,1610612763,MEM,23.0,36,13,0.152,10,20,0.5,0.525,0.129,9,17,0.529,0.023,1,3,0.333,2021-22,Regular Season,1 Dribble
1630194,Paul Reed,1610612755,PHI,23.0,38,13,0.208,9,20,0.45,0.45,0.208,9,20,0.45,0.0,0,0,,2021-22,Regular Season,1 Dribble
1629139,Yuta Watanabe,1610612761,TOR,27.0,38,13,0.145,8,20,0.4,0.4,0.123,8,17,0.471,0.022,0,3,0.0,2021-22,Regular Season,1 Dribble
1627936,Alex Caruso,1610612741,CHI,28.0,41,16,0.078,8,20,0.4,0.425,0.054,7,14,0.5,0.023,1,6,0.167,2021-22,Regular Season,1 Dribble
1629617,Reggie Perry,1610612757,POR,22.0,10,10,0.253,8,20,0.4,0.4,0.228,8,18,0.444,0.025,0,2,0.0,2021-22,Regular Season,1 Dribble
203918,Rodney Hood,1610612746,LAC,29.0,52,14,0.127,8,20,0.4,0.45,0.083,6,13,0.462,0.045,2,7,0.286,2021-22,Regular Season,1 Dribble
1626208,Keifer Sykes,1610612754,IND,28.0,32,14,0.105,7,20,0.35,0.375,0.053,6,10,0.6,0.053,1,10,0.1,2021-22,Regular Season,1 Dribble
202693,Markieff Morris,1610612748,MIA,32.0,17,14,0.175,6,20,0.3,0.3,0.158,6,18,0.333,0.018,0,2,0.0,2021-22,Regular Season,1 Dribble
202687,Bismack Biyombo,1610612756,PHX,29.0,35,12,0.133,15,19,0.789,0.789,0.133,15,19,0.789,0.0,0,0,,2021-22,Regular Season,1 Dribble
1630568,Luka Garza,1610612765,DET,23.0,31,13,0.137,10,19,0.526,0.526,0.137,10,19,0.526,0.0,0,0,,2021-22,Regular Season,1 Dribble
203107,Tomas Satoransky,1610612764,WAS,30.0,55,13,0.099,9,19,0.474,0.5,0.084,8,16,0.5,0.016,1,3,0.333,2021-22,Regular Season,1 Dribble
201571,D.J. Augustin,1610612747,LAL,34.0,55,13,0.086,9,19,0.474,0.632,0.023,3,5,0.6,0.063,6,14,0.429,2021-22,Regular Season,1 Dribble
202362,Lance Stephenson,1610612754,IND,31.0,46,17,0.059,7,19,0.368,0.447,0.046,4,15,0.267,0.012,3,4,0.75,2021-22,Regular Season,1 Dribble
1630201,Malachi Flynn,1610612761,TOR,24.0,44,16,0.104,5,19,0.263,0.316,0.033,3,6,0.5,0.071,2,13,0.154,2021-22,Regular Season,1 Dribble
1630267,Facundo Campazzo,1610612743,DEN,31.0,65,15,0.061,12,18,0.667,0.75,0.034,9,10,0.9,0.027,3,8,0.375,2021-22,Regular Season,1 Dribble
1628418,Thomas Bryant,1610612764,WAS,24.0,27,13,0.122,11,18,0.611,0.611,0.115,11,17,0.647,0.007,0,1,0.0,2021-22,Regular Season,1 Dribble
1630322,Lindy Waters III,1610612760,OKC,24.0,25,12,0.103,10,18,0.556,0.75,0.029,3,5,0.6,0.074,7,13,0.538,2021-22,Regular Season,1 Dribble
1628981,Bruno Fernando,1610612745,HOU,23.0,30,9,0.327,10,18,0.556,0.556,0.327,10,18,0.556,0.0,0,0,,2021-22,Regular Season,1 Dribble
1629012,Collin Sexton,1610612739,CLE,23.0,11,9,0.122,8,18,0.444,0.472,0.088,7,13,0.538,0.034,1,5,0.2,2021-22,Regular Season,1 Dribble
203901,Elfrid Payton,1610612756,PHX,28.0,49,16,0.107,8,18,0.444,0.444,0.107,8,18,0.444,0.0,0,0,,2021-22,Regular Season,1 Dribble
1630172,Patrick Williams,1610612741,CHI,20.0,17,11,0.167,11,17,0.647,0.676,0.147,10,15,0.667,0.02,1,2,0.5,2021-22,Regular Season,1 Dribble
1628372,Dennis Smith Jr.,1610612757,POR,24.0,37,11,0.09,11,17,0.647,0.676,0.074,10,14,0.714,0.016,1,3,0.333,2021-22,Regular Season,1 Dribble
1629162,Jordan McLaughlin,1610612750,MIN,26.0,62,14,0.085,11,17,0.647,0.706,0.065,9,13,0.692,0.02,2,4,0.5,2021-22,Regular Season,1 Dribble
203145,Kent Bazemore,1610612747,LAL,32.0,39,11,0.122,9,17,0.529,0.706,0.043,3,6,0.5,0.079,6,11,0.545,2021-22,Regular Season,1 Dribble
1630526,Jeremiah Robinson-Earl,1610612760,OKC,21.0,49,16,0.052,9,17,0.529,0.529,0.049,9,16,0.563,0.003,0,1,0.0,2021-22,Regular Season,1 Dribble
203504,Trey Burke,1610612742,DAL,29.0,42,13,0.079,9,17,0.529,0.647,0.047,5,10,0.5,0.033,4,7,0.571,2021-22,Regular Season,1 Dribble
1630547,James Bouknight,1610612766,CHA,21.0,30,12,0.123,7,17,0.412,0.529,0.058,3,8,0.375,0.065,4,9,0.444,2021-22,Regular Season,1 Dribble
1628425,Sterling Brown,1610612742,DAL,27.0,49,14,0.11,7,17,0.412,0.412,0.09,7,14,0.5,0.019,0,3,0.0,2021-22,Regular Season,1 Dribble
1626246,Boban Marjanovic,1610612742,DAL,33.0,23,14,0.229,10,16,0.625,0.625,0.229,10,16,0.625,0.0,0,0,,2021-22,Regular Season,1 Dribble
1630192,Zeke Nnaji,1610612743,DEN,21.0,41,13,0.086,10,16,0.625,0.625,0.086,10,16,0.625,0.0,0,0,,2021-22,Regular Season,1 Dribble
1630210,Markus Howard,1610612743,DEN,23.0,31,7,0.158,9,16,0.563,0.75,0.03,3,3,1.0,0.129,6,13,0.462,2021-22,Regular Season,1 Dribble
1628365,Markelle Fultz,1610612753,ORL,24.0,18,10,0.091,8,16,0.5,0.5,0.091,8,16,0.5,0.0,0,0,,2021-22,Regular Season,1 Dribble
1630190,Elijah Hughes,1610612757,POR,24.0,36,11,0.111,5,16,0.313,0.406,0.042,2,6,0.333,0.069,3,10,0.3,2021-22,Regular Season,1 Dribble
1630215,Jared Butler,1610612762,UTA,21.0,42,12,0.106,4,16,0.25,0.344,0.02,1,3,0.333,0.086,3,13,0.231,2021-22,Regular Season,1 Dribble
201609,Goran Dragic,1610612751,BKN,36.0,21,10,0.106,4,16,0.25,0.281,0.066,3,10,0.3,0.04,1,6,0.167,2021-22,Regular Season,1 Dribble
1630296,Braxton Key,1610612765,DET,25.0,11,7,0.208,10,15,0.667,0.667,0.181,10,13,0.769,0.028,0,2,0.0,2021-22,Regular Season,1 Dribble
203469,Cody Zeller,1610612757,POR,29.0,27,13,0.167,10,15,0.667,0.667,0.156,10,14,0.714,0.011,0,1,0.0,2021-22,Regular Season,1 Dribble
1630233,Nathan Knight,1610612750,MIN,24.0,37,11,0.17,8,15,0.533,0.533,0.159,8,14,0.571,0.011,0,1,0.0,2021-22,Regular Season,1 Dribble
1629006,Josh Okogie,1610612750,MIN,23.0,49,13,0.144,7,15,0.467,0.5,0.135,6,14,0.429,0.01,1,1,1.0,2021-22,Regular Season,1 Dribble
1629731,Dean Wade,1610612739,CLE,25.0,51,12,0.069,6,15,0.4,0.4,0.06,6,13,0.462,0.009,0,2,0.0,2021-22,Regular Season,1 Dribble
1629678,Admiral Schofield,1610612753,ORL,25.0,38,14,0.116,6,15,0.4,0.467,0.062,4,8,0.5,0.054,2,7,0.286,2021-22,Regular Season,1 Dribble
1630540,Miles McBride,1610612752,NYK,21.0,40,12,0.143,5,15,0.333,0.433,0.057,2,6,0.333,0.086,3,9,0.333,2021-22,Regular Season,1 Dribble
203090,Maurice Harkless,1610612758,SAC,29.0,46,12,0.08,9,14,0.643,0.679,0.057,8,10,0.8,0.023,1,4,0.25,2021-22,Regular Season,1 Dribble
1629057,Robert Williams III,1610612738,BOS,24.0,60,11,0.038,9,14,0.643,0.643,0.038,9,14,0.643,0.0,0,0,,2021-22,Regular Season,1 Dribble
203457,Nerlens Noel,1610612752,NYK,28.0,25,12,0.233,8,14,0.571,0.571,0.233,8,14,0.571,0.0,0,0,,2021-22,Regular Season,1 Dribble
202683,Enes Freedom,1610612738,BOS,30.0,34,12,0.144,5,14,0.357,0.393,0.134,4,13,0.308,0.01,1,1,1.0,2021-22,Regular Season,1 Dribble
203488,Mike Muscala,1610612760,OKC,30.0,43,12,0.052,11,13,0.846,0.885,0.044,10,11,0.909,0.008,1,2,0.5,2021-22,Regular Season,1 Dribble
202324,Derrick Favors,1610612760,OKC,30.0,39,12,0.071,8,13,0.615,0.615,0.071,8,13,0.615,0.0,0,0,,2021-22,Regular Season,1 Dribble
1630583,Santi Aldama,1610612763,MEM,21.0,31,9,0.102,8,13,0.615,0.615,0.102,8,13,0.615,0.0,0,0,,2021-22,Regular Season,1 Dribble
202328,Greg Monroe,1610612750,MIN,32.0,14,8,0.228,7,13,0.538,0.538,0.228,7,13,0.538,0.0,0,0,,2021-22,Regular Season,1 Dribble
1630846,Olivier Sarr,1610612760,OKC,23.0,22,10,0.129,6,13,0.462,0.462,0.129,6,13,0.462,0.0,0,0,,2021-22,Regular Season,1 Dribble
1630235,Trent Forrest,1610612762,UTA,24.0,60,12,0.084,6,13,0.462,0.5,0.065,5,10,0.5,0.019,1,3,0.333,2021-22,Regular Season,1 Dribble
2772,Trevor Ariza,1610612747,LAL,37.0,24,10,0.131,5,13,0.385,0.423,0.071,4,7,0.571,0.061,1,6,0.167,2021-22,Regular Season,1 Dribble
201588,George Hill,1610612749,MIL,36.0,54,12,0.047,5,13,0.385,0.423,0.033,4,9,0.444,0.015,1,4,0.25,2021-22,Regular Season,1 Dribble
2738,Andre Iguodala,1610612744,GSW,38.0,30,10,0.11,4,13,0.308,0.308,0.085,4,10,0.4,0.025,0,3,0.0,2021-22,Regular Season,1 Dribble
1629164,Brandon Goodwin,1610612739,CLE,26.0,36,12,0.084,3,13,0.231,0.269,0.045,2,7,0.286,0.039,1,6,0.167,2021-22,Regular Season,1 Dribble
1628993,Alize Johnson,1610612740,NOP,26.0,23,8,0.316,6,12,0.5,0.5,0.316,6,12,0.5,0.0,0,0,,2021-22,Regular Season,1 Dribble
200794,Paul Millsap,1610612755,PHI,37.0,33,11,0.105,6,12,0.5,0.5,0.096,6,11,0.545,0.009,0,1,0.0,2021-22,Regular Season,1 Dribble
1628408,PJ Dozier,1610612743,DEN,25.0,18,9,0.121,6,12,0.5,0.583,0.081,4,8,0.5,0.04,2,4,0.5,2021-22,Regular Season,1 Dribble
1630249,Vít Krejčí,1610612760,OKC,22.0,30,10,0.072,6,12,0.5,0.542,0.042,5,7,0.714,0.03,1,5,0.2,2021-22,Regular Season,1 Dribble
1629658,Jaylen Hoard,1610612760,OKC,23.0,7,5,0.133,4,12,0.333,0.375,0.089,3,8,0.375,0.044,1,4,0.25,2021-22,Regular Season,1 Dribble
1630198,Isaiah Joe,1610612755,PHI,22.0,55,12,0.068,3,12,0.25,0.333,0.028,1,5,0.2,0.04,2,7,0.286,2021-22,Regular Season,1 Dribble
200765,Rajon Rondo,1610612739,CLE,36.0,39,10,0.068,3,12,0.25,0.25,0.028,3,5,0.6,0.04,0,7,0.0,2021-22,Regular Season,1 Dribble
1630572,Sandro Mamukelashvili,1610612749,MIL,23.0,41,10,0.104,3,12,0.25,0.292,0.078,2,9,0.222,0.026,1,3,0.333,2021-22,Regular Season,1 Dribble
1630208,Nick Richards,1610612766,CHA,24.0,49,11,0.129,9,11,0.818,0.818,0.129,9,11,0.818,0.0,0,0,,2021-22,Regular Season,1 Dribble
203953,Jabari Parker,1610612738,BOS,27.0,12,6,0.289,7,11,0.636,0.636,0.263,7,10,0.7,0.026,0,1,0.0,2021-22,Regular Season,1 Dribble
1626147,Justin Anderson,1610612754,IND,28.0,16,8,0.116,7,11,0.636,0.773,0.063,4,6,0.667,0.053,3,5,0.6,2021-22,Regular Season,1 Dribble
203503,Tony Snell,1610612740,NOP,30.0,53,9,0.064,5,11,0.455,0.5,0.035,4,6,0.667,0.029,1,5,0.2,2021-22,Regular Season,1 Dribble
1630579,Jericho Sims,1610612752,NYK,23.0,41,10,0.204,5,11,0.455,0.455,0.204,5,11,0.455,0.0,0,0,,2021-22,Regular Season,1 Dribble
1628400,Semi Ojeleye,1610612746,LAC,27.0,30,8,0.111,5,11,0.455,0.5,0.071,4,7,0.571,0.04,1,4,0.25,2021-22,Regular Season,1 Dribble
1629833,Keljin Blevins,1610612757,POR,26.0,31,8,0.099,4,11,0.364,0.455,0.036,2,4,0.5,0.063,2,7,0.286,2021-22,Regular Season,1 Dribble
1627789,Timothe Luwawu-Cabarrot,1610612737,ATL,27.0,52,9,0.059,4,11,0.364,0.409,0.043,3,8,0.375,0.016,1,3,0.333,2021-22,Regular Season,1 Dribble
1628035,Alfonzo McKinnie,1610612741,CHI,29.0,17,9,0.18,4,11,0.364,0.364,0.164,4,10,0.4,0.016,0,1,0.0,2021-22,Regular Season,1 Dribble
1630580,Joe Wieskamp,1610612759,SAS,22.0,29,9,0.196,4,11,0.364,0.455,0.036,2,2,1.0,0.161,2,9,0.222,2021-22,Regular Season,1 Dribble
1630561,David Duke Jr.,1610612751,BKN,22.0,22,7,0.102,3,11,0.273,0.273,0.074,3,8,0.375,0.028,0,3,0.0,2021-22,Regular Season,1 Dribble
1628427,Vlatko Čančar,1610612743,DEN,25.0,15,8,0.244,7,10,0.7,0.75,0.22,6,9,0.667,0.024,1,1,1.0,2021-22,Regular Season,1 Dribble
1629109,Gary Clark,1610612740,NOP,27.0,37,8,0.119,6,10,0.6,0.75,0.048,3,4,0.75,0.071,3,6,0.5,2021-22,Regular Season,1 Dribble
203925,Joe Harris,1610612751,BKN,30.0,14,8,0.081,6,10,0.6,0.75,0.04,3,5,0.6,0.04,3,5,0.6,2021-22,Regular Season,1 Dribble
1629719,Devontae Cacok,1610612759,SAS,25.0,15,7,0.323,6,10,0.6,0.6,0.323,6,10,0.6,0.0,0,0,,2021-22,Regular Season,1 Dribble
1629623,Lindell Wigginton,1610612749,MIL,24.0,19,8,0.164,5,10,0.5,0.55,0.115,4,7,0.571,0.049,1,3,0.333,2021-22,Regular Season,1 Dribble
1628539,Mychal Mulder,1610612748,MIA,28.0,17,7,0.13,4,10,0.4,0.5,0.091,2,7,0.286,0.039,2,3,0.667,2021-22,Regular Season,1 Dribble
1629626,Bol Bol,1610612753,ORL,22.0,14,4,0.333,6,9,0.667,0.667,0.333,6,9,0.667,0.0,0,0,,2021-22,Regular Season,1 Dribble
1626163,Frank Kaminsky,1610612756,PHX,29.0,9,5,0.138,5,9,0.556,0.556,0.138,5,9,0.556,0.0,0,0,,2021-22,Regular Season,1 Dribble
1629674,Neemias Queta,1610612758,SAC,22.0,15,5,0.237,4,9,0.444,0.444,0.237,4,9,0.444,0.0,0,0,,2021-22,Regular Season,1 Dribble
1629681,Killian Tillie,1610612763,MEM,24.0,35,6,0.074,4,9,0.444,0.444,0.058,4,7,0.571,0.017,0,2,0.0,2021-22,Regular Season,1 Dribble
1630227,Daishen Nix,1610612745,HOU,20.0,24,6,0.134,4,9,0.444,0.5,0.06,3,4,0.75,0.075,1,5,0.2,2021-22,Regular Season,1 Dribble
1629875,Xavier Moon,1610612746,LAC,27.0,10,3,0.176,4,9,0.444,0.444,0.137,4,7,0.571,0.039,0,2,0.0,2021-22,Regular Season,1 Dribble
1630606,Javonte Smart,1610612748,MIA,23.0,17,5,0.15,4,9,0.444,0.556,0.067,2,4,0.5,0.083,2,5,0.4,2021-22,Regular Season,1 Dribble
1630552,Jalen Johnson,1610612737,ATL,20.0,22,7,0.195,5,8,0.625,0.625,0.195,5,8,0.625,0.0,0,0,,2021-22,Regular Season,1 Dribble
1630219,Skylar Mays,1610612737,ATL,24.0,28,6,0.125,4,8,0.5,0.5,0.109,4,7,0.571,0.016,0,1,0.0,2021-22,Regular Season,1 Dribble
1630550,JT Thor,1610612766,CHA,19.0,33,7,0.145,4,8,0.5,0.5,0.127,4,7,0.571,0.018,0,1,0.0,2021-22,Regular Season,1 Dribble
1629683,Quinndary Weatherspoon,1610612744,GSW,25.0,11,4,0.381,4,8,0.5,0.5,0.286,4,6,0.667,0.095,0,2,0.0,2021-22,Regular Season,1 Dribble
202954,Brad Wanamaker,1610612764,WAS,32.0,23,7,0.104,4,8,0.5,0.5,0.078,4,6,0.667,0.026,0,2,0.0,2021-22,Regular Season,1 Dribble
1630285,Zavier Simpson,1610612760,OKC,25.0,4,3,0.154,3,8,0.375,0.375,0.135,3,7,0.429,0.019,0,1,0.0,2021-22,Regular Season,1 Dribble
1630688,Ish Wainright,1610612756,PHX,27.0,44,7,0.08,3,8,0.375,0.375,0.08,3,8,0.375,0.0,0,0,,2021-22,Regular Season,1 Dribble
1629185,Chris Chiozza,1610612744,GSW,26.0,33,8,0.101,0,8,0.0,0.0,0.051,0,4,0.0,0.051,0,4,0.0,2021-22,Regular Season,1 Dribble
1630551,Justin Champagnie,1610612761,TOR,21.0,36,5,0.104,4,7,0.571,0.571,0.104,4,7,0.571,0.0,0,0,,2021-22,Regular Season,1 Dribble
1629603,Mamadi Diakite,1610612760,OKC,25.0,13,5,0.149,4,7,0.571,0.571,0.149,4,7,0.571,0.0,0,0,,2021-22,Regular Season,1 Dribble
1628995,Kevin Knox II,1610612737,ATL,22.0,30,6,0.082,4,7,0.571,0.643,0.035,3,3,1.0,0.047,1,4,0.25,2021-22,Regular Season,1 Dribble
1627739,Kris Dunn,1610612757,POR,28.0,14,5,0.069,3,7,0.429,0.429,0.059,3,6,0.5,0.01,0,1,0.0,2021-22,Regular Season,1 Dribble
2617,Udonis Haslem,1610612748,MIA,42.0,13,6,0.226,1,7,0.143,0.143,0.226,1,7,0.143,0.0,0,0,,2021-22,Regular Season,1 Dribble
1627774,Jake Layman,1610612750,MIN,28.0,34,4,0.082,4,6,0.667,0.667,0.068,4,5,0.8,0.014,0,1,0.0,2021-22,Regular Season,1 Dribble
1628982,Melvin Frazier Jr.,1610612760,OKC,25.0,3,3,0.125,3,6,0.5,0.5,0.125,3,6,0.5,0.0,0,0,,2021-22,Regular Season,1 Dribble
1629076,Tyler Cook,1610612741,CHI,24.0,20,6,0.158,3,6,0.5,0.5,0.158,3,6,0.5,0.0,0,0,,2021-22,Regular Season,1 Dribble
1630573,Sam Hauser,1610612738,BOS,24.0,26,5,0.12,3,6,0.5,0.75,0.0,0,0,,0.12,3,6,0.5,2021-22,Regular Season,1 Dribble
1630186,Jahmi'us Ramsey,1610612758,SAC,21.0,19,5,0.103,2,6,0.333,0.333,0.086,2,5,0.4,0.017,0,1,0.0,2021-22,Regular Season,1 Dribble
1629663,Louis King,1610612758,SAC,23.0,10,4,0.128,2,6,0.333,0.417,0.064,1,3,0.333,0.064,1,3,0.333,2021-22,Regular Season,1 Dribble
1629685,Dylan Windler,1610612739,CLE,25.0,50,5,0.061,2,6,0.333,0.333,0.041,2,4,0.5,0.02,0,2,0.0,2021-22,Regular Season,1 Dribble
1629657,Kyle Guy,1610612748,MIA,24.0,19,5,0.092,1,6,0.167,0.167,0.031,1,2,0.5,0.062,0,4,0.0,2021-22,Regular Season,1 Dribble
1629035,Carsen Edwards,1610612765,DET,24.0,4,3,0.2,1,6,0.167,0.167,0.167,1,5,0.2,0.033,0,1,0.0,2021-22,Regular Season,1 Dribble
1630195,Leandro Bolmaro,1610612750,MIN,21.0,35,6,0.111,1,6,0.167,0.167,0.093,1,5,0.2,0.019,0,1,0.0,2021-22,Regular Season,1 Dribble
1630587,Isaiah Livers,1610612765,DET,23.0,19,4,0.056,3,5,0.6,0.6,0.044,3,4,0.75,0.011,0,1,0.0,2021-22,Regular Season,1 Dribble
1630238,Malik Fitts,1610612738,BOS,24.0,15,3,0.263,3,5,0.6,0.6,0.263,3,5,0.6,0.0,0,0,,2021-22,Regular Season,1 Dribble
1627823,Juancho Hernangomez,1610612762,UTA,26.0,40,4,0.047,2,5,0.4,0.4,0.038,2,4,0.5,0.009,0,1,0.0,2021-22,Regular Season,1 Dribble
1630686,Georgios Kalaitzakis,1610612760,OKC,23.0,13,2,0.075,2,5,0.4,0.4,0.075,2,5,0.4,0.0,0,0,,2021-22,Regular Season,1 Dribble
1630792,Malcolm Hill,1610612741,CHI,26.0,19,5,0.096,2,5,0.4,0.4,0.077,2,4,0.5,0.019,0,1,0.0,2021-22,Regular Season,1 Dribble
1630243,Trevelin Queen,1610612745,HOU,25.0,10,4,0.152,1,5,0.2,0.3,0.03,0,1,0.0,0.121,1,4,0.25,2021-22,Regular Season,1 Dribble
1627756,Denzel Valentine,1610612762,UTA,28.0,24,4,0.076,1,5,0.2,0.2,0.03,1,2,0.5,0.045,0,3,0.0,2021-22,Regular Season,1 Dribble
1626161,Willie Cauley-Stein,1610612755,PHI,28.0,20,4,0.143,1,5,0.2,0.2,0.143,1,5,0.2,0.0,0,0,,2021-22,Regular Season,1 Dribble
1629620,Justin Robinson,1610612765,DET,24.0,24,5,0.055,1,5,0.2,0.2,0.011,1,1,1.0,0.044,0,4,0.0,2021-22,Regular Season,1 Dribble
1630994,Gabriel Lundberg,1610612756,PHX,27.0,4,3,0.263,0,5,0.0,0.0,0.211,0,4,0.0,0.053,0,1,0.0,2021-22,Regular Season,1 Dribble
204025,Tim Frazier,1610612739,CLE,31.0,12,3,0.089,3,4,0.75,1.0,0.044,1,2,0.5,0.044,2,2,1.0,2021-22,Regular Season,1 Dribble
1629646,Charles Bassey,1610612755,PHI,21.0,23,4,0.085,3,4,0.75,0.75,0.085,3,4,0.75,0.0,0,0,,2021-22,Regular Season,1 Dribble
1628391,D.J. Wilson,1610612761,TOR,26.0,4,3,0.267,3,4,0.75,0.75,0.2,3,3,1.0,0.067,0,1,0.0,2021-22,Regular Season,1 Dribble
1629607,Jared Harper,1610612740,NOP,24.0,5,2,0.154,3,4,0.75,0.875,0.077,2,2,1.0,0.077,1,2,0.5,2021-22,Regular Season,1 Dribble
201599,DeAndre Jordan,1610612755,PHI,33.0,48,4,0.028,2,4,0.5,0.5,0.028,2,4,0.5,0.0,0,0,,2021-22,Regular Season,1 Dribble
1629712,Didi Louzada,1610612757,POR,22.0,9,4,0.121,2,4,0.5,0.75,0.03,0,1,0.0,0.091,2,3,0.667,2021-22,Regular Season,1 Dribble
1630222,Mason Jones,1610612747,LAL,23.0,4,3,0.267,2,4,0.5,0.625,0.133,1,2,0.5,0.133,1,2,0.5,2021-22,Regular Season,1 Dribble
1630586,Usman Garuba,1610612745,HOU,20.0,24,4,0.091,2,4,0.5,0.5,0.068,2,3,0.667,0.023,0,1,0.0,2021-22,Regular Season,1 Dribble
1630691,Jamorko Pickett,1610612765,DET,24.0,13,2,0.08,2,4,0.5,0.625,0.06,1,3,0.333,0.02,1,1,1.0,2021-22,Regular Season,1 Dribble
204038,Langston Galloway,1610612749,MIL,30.0,7,4,0.154,2,4,0.5,0.5,0.154,2,4,0.5,0.0,0,0,,2021-22,Regular Season,1 Dribble
1630199,Cassius Stanley,1610612765,DET,22.0,9,2,0.087,2,4,0.5,0.5,0.065,2,3,0.667,0.022,0,1,0.0,2021-22,Regular Season,1 Dribble
1629755,Hassani Gravett,1610612753,ORL,25.0,8,4,0.105,1,4,0.25,0.25,0.026,1,1,1.0,0.079,0,3,0.0,2021-22,Regular Season,1 Dribble
1630225,Isaiah Todd,1610612764,WAS,20.0,12,4,0.154,1,4,0.25,0.25,0.154,1,4,0.25,0.0,0,0,,2021-22,Regular Season,1 Dribble
1630612,Ruben Nembhard Jr.,1610612739,CLE,23.0,14,3,0.222,1,4,0.25,0.25,0.167,1,3,0.333,0.056,0,1,0.0,2021-22,Regular Season,1 Dribble
1630206,Jay Scrubb,1610612746,LAC,21.0,17,2,0.089,1,4,0.25,0.25,0.067,1,3,0.333,0.022,0,1,0.0,2021-22,Regular Season,1 Dribble
1629962,Devin Cannady,1610612753,ORL,26.0,5,3,0.091,1,4,0.25,0.375,0.045,0,2,0.0,0.045,1,2,0.5,2021-22,Regular Season,1 Dribble
1628411,Wes Iwundu,1610612737,ATL,27.0,3,2,0.222,1,4,0.25,0.25,0.222,1,4,0.25,0.0,0,0,,2021-22,Regular Season,1 Dribble
202688,Brandon Knight,1610612742,DAL,30.0,5,4,0.16,0,4,0.0,0.0,0.0,0,0,,0.16,0,4,0.0,2021-22,Regular Season,1 Dribble
1628778,Paul Watson,1610612760,OKC,27.0,9,3,0.114,0,4,0.0,0.0,0.029,0,1,0.0,0.086,0,3,0.0,2021-22,Regular Season,1 Dribble
203506,Victor Oladipo,1610612748,MIA,30.0,8,4,0.055,0,4,0.0,0.0,0.041,0,3,0.0,0.014,0,1,0.0,2021-22,Regular Season,1 Dribble
1629653,Devon Dotson,1610612741,CHI,22.0,11,3,0.13,3,3,1.0,1.0,0.13,3,3,1.0,0.0,0,0,,2021-22,Regular Season,1 Dribble
1630271,Brodric Thomas,1610612738,BOS,25.0,12,3,0.167,3,3,1.0,1.0,0.167,3,3,1.0,0.0,0,0,,2021-22,Regular Season,1 Dribble
202334,Ed Davis,1610612739,CLE,33.0,31,3,0.188,2,3,0.667,0.667,0.188,2,3,0.667,0.0,0,0,,2021-22,Regular Season,1 Dribble
1629635,Sekou Doumbouya,1610612747,LAL,21.0,2,2,0.375,2,3,0.667,0.667,0.375,2,3,0.667,0.0,0,0,,2021-22,Regular Season,1 Dribble
1630466,Gabriel Deck,1610612760,OKC,27.0,7,3,0.214,2,3,0.667,0.667,0.214,2,3,0.667,0.0,0,0,,2021-22,Regular Season,1 Dribble
1629730,Rayjon Tucker,1610612749,MIL,24.0,5,3,0.333,2,3,0.667,1.0,0.0,0,0,,0.333,2,3,0.667,2021-22,Regular Season,1 Dribble
1630288,Jeff Dowtin Jr.,1610612753,ORL,25.0,9,3,0.115,1,3,0.333,0.333,0.115,1,3,0.333,0.0,0,0,,2021-22,Regular Season,1 Dribble
201954,Darren Collison,1610612747,LAL,34.0,3,2,0.429,1,3,0.333,0.333,0.429,1,3,0.333,0.0,0,0,,2021-22,Regular Season,1 Dribble
1629312,Haywood Highsmith,1610612748,MIA,25.0,19,2,0.065,1,3,0.333,0.333,0.043,1,2,0.5,0.022,0,1,0.0,2021-22,Regular Season,1 Dribble
1629033,Theo Pinson,1610612742,DAL,26.0,19,3,0.077,1,3,0.333,0.333,0.051,1,2,0.5,0.026,0,1,0.0,2021-22,Regular Season,1 Dribble
1630241,Sam Merrill,1610612763,MEM,26.0,6,3,0.125,1,3,0.333,0.333,0.042,1,1,1.0,0.083,0,2,0.0,2021-22,Regular Season,1 Dribble
203524,Solomon Hill,1610612737,ATL,31.0,13,3,0.15,0,3,0.0,0.0,0.1,0,2,0.0,0.05,0,1,0.0,2021-22,Regular Season,1 Dribble
1627767,Cheick Diallo,1610612765,DET,25.0,3,2,0.375,0,3,0.0,0.0,0.375,0,3,0.0,0.0,0,0,,2021-22,Regular Season,1 Dribble
1628419,Cameron Oliver,1610612737,ATL,25.0,2,2,0.133,2,2,1.0,1.0,0.133,2,2,1.0,0.0,0,0,,2021-22,Regular Season,1 Dribble
1627820,Tyrone Wallace,1610612740,NOP,28.0,6,1,0.1,2,2,1.0,1.0,0.1,2,2,1.0,0.0,0,0,,2021-22,Regular Season,1 Dribble
1628591,Craig Sword,1610612764,WAS,28.0,3,1,0.5,2,2,1.0,1.0,0.5,2,2,1.0,0.0,0,0,,2021-22,Regular Season,1 Dribble
1630787,Cameron McGriff,1610612757,POR,24.0,3,2,0.143,1,2,0.5,0.5,0.143,1,2,0.5,0.0,0,0,,2021-22,Regular Season,1 Dribble
1627822,Petr Cornelie,1610612743,DEN,26.0,13,2,0.133,1,2,0.5,0.5,0.067,1,1,1.0,0.067,0,1,0.0,2021-22,Regular Season,1 Dribble
1630536,Sharife Cooper,1610612737,ATL,21.0,13,2,0.143,1,2,0.5,0.75,0.0,0,0,,0.143,1,2,0.5,2021-22,Regular Season,1 Dribble
1629735,Chris Silva,1610612748,MIA,25.0,10,2,0.133,1,2,0.5,0.5,0.133,1,2,0.5,0.0,0,0,,2021-22,Regular Season,1 Dribble
1630602,Chaundee Brown Jr.,1610612737,ATL,23.0,5,1,0.063,1,2,0.5,0.75,0.0,0,0,,0.063,1,2,0.5,2021-22,Regular Season,1 Dribble
1627846,Abdel Nader,1610612756,PHX,28.0,14,2,0.057,1,2,0.5,0.5,0.029,1,1,1.0,0.029,0,1,0.0,2021-22,Regular Season,1 Dribble
1629168,BJ Johnson,1610612753,ORL,26.0,4,2,0.08,1,2,0.5,0.5,0.08,1,2,0.5,0.0,0,0,,2021-22,Regular Season,1 Dribble
1630187,Daniel Oturu,1610612761,TOR,22.0,3,2,0.333,1,2,0.5,0.5,0.333,1,2,0.5,0.0,0,0,,2021-22,Regular Season,1 Dribble
1628962,Udoka Azubuike,1610612762,UTA,22.0,17,2,0.041,1,2,0.5,0.5,0.041,1,2,0.5,0.0,0,0,,2021-22,Regular Season,1 Dribble
1630176,Vernon Carey Jr.,1610612764,WAS,21.0,7,1,0.154,1,2,0.5,0.5,0.154,1,2,0.5,0.0,0,0,,2021-22,Regular Season,1 Dribble
1629605,Tacko Fall,1610612739,CLE,26.0,11,2,0.167,1,2,0.5,0.5,0.167,1,2,0.5,0.0,0,0,,2021-22,Regular Season,1 Dribble
1630565,Aaron Henry,1610612755,PHI,22.0,6,2,0.4,0,2,0.0,0.0,0.2,0,1,0.0,0.2,0,1,0.0,2021-22,Regular Season,1 Dribble
1630539,Kai Jones,1610612766,CHA,21.0,20,2,0.143,0,2,0.0,0.0,0.143,0,2,0.0,0.0,0,0,,2021-22,Regular Season,1 Dribble
1628382,Justin Jackson,1610612756,PHX,27.0,6,2,0.2,0,2,0.0,0.0,0.2,0,2,0.0,0.0,0,0,,2021-22,Regular Season,1 Dribble
1630585,Marcus Garrett,1610612748,MIA,23.0,12,2,0.095,0,2,0.0,0.0,0.095,0,2,0.0,0.0,0,0,,2021-22,Regular Season,1 Dribble
1630589,Moses Wright,1610612742,DAL,23.0,4,1,0.5,0,2,0.0,0.0,0.5,0,2,0.0,0.0,0,0,,2021-22,Regular Season,1 Dribble
1629718,Charlie Brown Jr.,1610612755,PHI,25.0,22,2,0.051,0,2,0.0,0.0,0.051,0,2,0.0,0.0,0,0,,2021-22,Regular Season,1 Dribble
1629686,Deividas Sirvydis,1610612765,DET,22.0,3,2,0.2,0,2,0.0,0.0,0.1,0,1,0.0,0.1,0,1,0.0,2021-22,Regular Season,1 Dribble
1629783,Shaq Buchanan,1610612763,MEM,25.0,2,2,0.5,0,2,0.0,0.0,0.25,0,1,0.0,0.25,0,1,0.0,2021-22,Regular Season,1 Dribble
1630695,Micah Potter,1610612765,DET,24.0,3,1,0.091,1,1,1.0,1.0,0.091,1,1,1.0,0.0,0,0,,2021-22,Regular Season,1 Dribble
1630758,Aleem Ford,1610612753,ORL,24.0,5,1,0.05,1,1,1.0,1.0,0.05,1,1,1.0,0.0,0,0,,2021-22,Regular Season,1 Dribble
1629203,Jemerrio Jones,1610612747,LAL,27.0,2,1,0.333,1,1,1.0,1.0,0.333,1,1,1.0,0.0,0,0,,2021-22,Regular Season,1 Dribble
1628436,Luke Kornet,1610612738,BOS,26.0,15,1,0.037,1,1,1.0,1.0,0.037,1,1,1.0,0.0,0,0,,2021-22,Regular Season,1 Dribble
1628422,Damyean Dotson,1610612752,NYK,28.0,2,1,0.25,1,1,1.0,1.0,0.25,1,1,1.0,0.0,0,0,,2021-22,Regular Season,1 Dribble
1627853,Ryan Arcidiacono,1610612752,NYK,28.0,10,1,0.083,1,1,1.0,1.5,0.0,0,0,,0.083,1,1,1.0,2021-22,Regular Season,1 Dribble
1630286,Trevon Scott,1610612739,CLE,25.0,2,1,0.167,1,1,1.0,1.0,0.167,1,1,1.0,0.0,0,0,,2021-22,Regular Season,1 Dribble
1627782,Wayne Selden,1610612752,NYK,27.0,3,1,0.25,1,1,1.0,1.5,0.0,0,0,,0.25,1,1,1.0,2021-22,Regular Season,1 Dribble
1628238,Paris Bass,1610612756,PHX,26.0,1,1,0.25,1,1,1.0,1.0,0.25,1,1,1.0,0.0,0,0,,2021-22,Regular Season,1 Dribble
203516,James Ennis III,1610612743,DEN,31.0,7,1,0.042,1,1,1.0,1.0,0.042,1,1,1.0,0.0,0,0,,2021-22,Regular Season,1 Dribble
1630644,Mac McClung,1610612747,LAL,23.0,2,1,0.167,1,1,1.0,1.0,0.167,1,1,1.0,0.0,0,0,,2021-22,Regular Season,1 Dribble
1627885,Shaquille Harrison,1610612751,BKN,28.0,2,1,0.167,0,1,0.0,0.0,0.167,0,1,0.0,0.0,0,0,,2021-22,Regular Season,1 Dribble
1628221,Gabe York,1610612754,IND,28.0,2,1,0.143,0,1,0.0,0.0,0.0,0,0,,0.143,0,1,0.0,2021-22,Regular Season,1 Dribble
203658,Norvel Pelle,1610612762,UTA,29.0,3,1,0.2,0,1,0.0,0.0,0.2,0,1,0.0,0.0,0,0,,2021-22,Regular Season,1 Dribble
1629671,Miye Oni,1610612762,UTA,24.0,16,1,0.111,0,1,0.0,0.0,0.0,0,0,,0.111,0,1,0.0,2021-22,Regular Season,1 Dribble
1630698,Kevin Pangos,1610612739,CLE,29.0,24,1,0.022,0,1,0.0,0.0,0.0,0,0,,0.022,0,1,0.0,2021-22,Regular Season,1 Dribble
203917,Nik Stauskas,1610612738,BOS,28.0,8,1,0.071,0,1,0.0,0.0,0.0,0,0,,0.071,0,1,0.0,2021-22,Regular Season,1 Dribble
1630648,Jordan Schakel,1610612764,WAS,24.0,4,1,0.091,0,1,0.0,0.0,0.091,0,1,0.0,0.0,0,0,,2021-22,Regular Season,1 Dribble
1630624,Feron Hunt,1610612752,NYK,22.0,2,1,0.5,0,1,0.0,0.0,0.5,0,1,0.0,0.0,0,0,,2021-22,Regular Season,1 Dribble
1628537,Jaylen Morris,1610612759,SAS,26.0,3,1,0.167,0,1,0.0,0.0,0.0,0,0,,0.167,0,1,0.0,2021-22,Regular Season,1 Dribble
204020,Tyler Johnson,1610612759,SAS,30.0,6,1,0.05,0,1,0.0,0.0,0.05,0,1,0.0,0.0,0,0,,2021-22,Regular Season,1 Dribble
1630218,Robert Woodard II,1610612759,SAS,22.0,12,1,0.063,0,1,0.0,0.0,0.0,0,0,,0.063,0,1,0.0,2021-22,Regular Season,1 Dribble
1630306,Rob Edwards,1610612760,OKC,25.0,2,1,0.25,0,1,0.0,0.0,0.0,0,0,,0.25,0,1,0.0,2021-22,Regular Season,1 Dribble
1630555,Joel Ayayi,1610612764,WAS,22.0,7,1,0.167,0,1,0.0,0.0,0.167,0,1,0.0,0.0,0,0,,2021-22,Regular Season,1 Dribble
1629150,Emanuel Terry,1610612756,PHX,25.0,3,1,0.2,0,1,0.0,0.0,0.2,0,1,0.0,0.0,0,0,,2021-22,Regular Season,1 Dribble
1630270,Xavier Sneed,1610612762,UTA,24.0,9,1,0.1,0,1,0.0,0.0,0.0,0,0,,0.1,0,1,0.0,2021-22,Regular Season,1 Dribble
1629067,Isaac Bonga,1610612761,TOR,22.0,15,1,0.077,0,1,0.0,0.0,0.077,0,1,0.0,0.0,0,0,,2021-22,Regular Season,1 Dribble
1630250,Marko Simonovic,1610612741,CHI,22.0,9,1,0.067,0,1,0.0,0.0,0.067,0,1,0.0,0.0,0,0,,2021-22,Regular Season,1 Dribble
1628369,Jayson Tatum,1610612738,BOS,24.0,75,71,0.13,99,201,0.493,0.522,0.101,87,156,0.558,0.029,12,45,0.267,2021-22,Regular Season,2 Dribbles
1630178,Tyrese Maxey,1610612755,PHI,21.0,75,72,0.199,92,198,0.465,0.495,0.162,80,161,0.497,0.037,12,37,0.324,2021-22,Regular Season,2 Dribbles
1628970,Miles Bridges,1610612766,CHA,24.0,79,76,0.163,87,195,0.446,0.477,0.13,75,156,0.481,0.033,12,39,0.308,2021-22,Regular Season,2 Dribbles
201942,DeMar DeRozan,1610612741,CHI,32.0,76,70,0.122,95,188,0.505,0.511,0.12,93,184,0.505,0.003,2,4,0.5,2021-22,Regular Season,2 Dribbles
201142,Kevin Durant,1610612751,BKN,33.0,55,54,0.167,90,186,0.484,0.505,0.152,82,169,0.485,0.015,8,17,0.471,2021-22,Regular Season,2 Dribbles
1630217,Desmond Bane,1610612763,MEM,24.0,76,70,0.169,76,186,0.409,0.446,0.138,62,152,0.408,0.031,14,34,0.412,2021-22,Regular Season,2 Dribbles
203944,Julius Randle,1610612752,NYK,27.0,71,66,0.152,73,186,0.392,0.417,0.127,64,155,0.413,0.025,9,31,0.29,2021-22,Regular Season,2 Dribbles
1629640,Keldon Johnson,1610612759,SAS,22.0,75,68,0.181,77,183,0.421,0.421,0.173,77,175,0.44,0.008,0,8,0.0,2021-22,Regular Season,2 Dribbles
203507,Giannis Antetokounmpo,1610612749,MIL,27.0,67,64,0.146,99,182,0.544,0.569,0.124,90,154,0.584,0.023,9,28,0.321,2021-22,Regular Season,2 Dribbles
203954,Joel Embiid,1610612755,PHI,28.0,68,57,0.136,94,181,0.519,0.539,0.119,87,159,0.547,0.016,7,22,0.318,2021-22,Regular Season,2 Dribbles
1629628,RJ Barrett,1610612752,NYK,22.0,69,63,0.151,83,178,0.466,0.48,0.136,78,160,0.488,0.015,5,18,0.278,2021-22,Regular Season,2 Dribbles
1626164,Devin Booker,1610612756,PHX,25.0,67,63,0.127,79,177,0.446,0.472,0.101,70,141,0.496,0.026,9,36,0.25,2021-22,Regular Season,2 Dribbles
1626157,Karl-Anthony Towns,1610612750,MIN,26.0,74,67,0.141,101,171,0.591,0.602,0.135,97,164,0.591,0.006,4,7,0.571,2021-22,Regular Season,2 Dribbles
1627759,Jaylen Brown,1610612738,BOS,25.0,65,61,0.14,72,168,0.429,0.446,0.119,66,143,0.462,0.021,6,25,0.24,2021-22,Regular Season,2 Dribbles
202699,Tobias Harris,1610612755,PHI,29.0,73,70,0.163,82,167,0.491,0.491,0.159,82,163,0.503,0.004,0,4,0.0,2021-22,Regular Season,2 Dribbles
1628991,Jaren Jackson Jr.,1610612763,MEM,22.0,77,65,0.163,69,167,0.413,0.419,0.157,67,161,0.416,0.006,2,6,0.333,2021-22,Regular Season,2 Dribbles
1630532,Franz Wagner,1610612753,ORL,20.0,79,63,0.171,68,167,0.407,0.416,0.147,65,143,0.455,0.025,3,24,0.125,2021-22,Regular Season,2 Dribbles
203999,Nikola Jokić,1610612743,DEN,27.0,74,64,0.125,100,164,0.61,0.613,0.122,99,160,0.619,0.003,1,4,0.25,2021-22,Regular Season,2 Dribbles
1629018,Gary Trent Jr.,1610612761,TOR,23.0,70,63,0.149,61,162,0.377,0.426,0.117,45,127,0.354,0.032,16,35,0.457,2021-22,Regular Season,2 Dribbles
1626179,Terry Rozier,1610612766,CHA,28.0,72,67,0.135,68,156,0.436,0.462,0.111,60,128,0.469,0.024,8,28,0.286,2021-22,Regular Season,2 Dribbles
203084,Harrison Barnes,1610612758,SAC,30.0,76,63,0.181,64,149,0.43,0.456,0.158,56,130,0.431,0.023,8,19,0.421,2021-22,Regular Season,2 Dribbles
203897,Zach LaVine,1610612741,CHI,27.0,67,62,0.126,63,149,0.423,0.49,0.087,43,103,0.417,0.039,20,46,0.435,2021-22,Regular Season,2 Dribbles
1630163,LaMelo Ball,1610612766,CHA,20.0,74,59,0.119,64,148,0.432,0.47,0.096,53,119,0.445,0.023,11,29,0.379,2021-22,Regular Season,2 Dribbles
203952,Andrew Wiggins,1610612744,GSW,27.0,72,62,0.145,70,145,0.483,0.503,0.128,64,128,0.5,0.017,6,17,0.353,2021-22,Regular Season,2 Dribbles
1627742,Brandon Ingram,1610612740,NOP,24.0,54,51,0.151,63,145,0.434,0.445,0.14,60,135,0.444,0.01,3,10,0.3,2021-22,Regular Season,2 Dribbles
202711,Bojan Bogdanovic,1610612762,UTA,33.0,69,61,0.15,70,139,0.504,0.518,0.136,66,126,0.524,0.014,4,13,0.308,2021-22,Regular Season,2 Dribbles
1630162,Anthony Edwards,1610612750,MIN,20.0,72,59,0.111,70,138,0.507,0.572,0.08,52,100,0.52,0.031,18,38,0.474,2021-22,Regular Season,2 Dribbles
1629636,Darius Garland,1610612739,CLE,22.0,68,59,0.117,65,137,0.474,0.529,0.084,50,99,0.505,0.032,15,38,0.395,2021-22,Regular Season,2 Dribbles
203468,CJ McCollum,1610612740,NOP,30.0,62,56,0.113,68,132,0.515,0.568,0.081,54,94,0.574,0.033,14,38,0.368,2021-22,Regular Season,2 Dribbles
1629673,Jordan Poole,1610612744,GSW,23.0,75,65,0.125,68,131,0.519,0.557,0.092,58,96,0.604,0.034,10,35,0.286,2021-22,Regular Season,2 Dribbles
1629639,Tyler Herro,1610612748,MIA,22.0,66,55,0.116,49,130,0.377,0.423,0.084,37,94,0.394,0.032,12,36,0.333,2021-22,Regular Season,2 Dribbles
1630180,Saddiq Bey,1610612765,DET,23.0,81,65,0.114,60,129,0.465,0.496,0.095,52,107,0.486,0.02,8,22,0.364,2021-22,Regular Season,2 Dribbles
1628368,De'Aaron Fox,1610612758,SAC,24.0,58,50,0.117,63,126,0.5,0.536,0.094,54,101,0.535,0.023,9,25,0.36,2021-22,Regular Season,2 Dribbles
1629027,Trae Young,1610612737,ATL,23.0,76,61,0.081,64,125,0.512,0.592,0.054,44,83,0.53,0.027,20,42,0.476,2021-22,Regular Season,2 Dribbles
203095,Evan Fournier,1610612752,NYK,29.0,79,59,0.133,54,125,0.432,0.484,0.093,41,87,0.471,0.041,13,38,0.342,2021-22,Regular Season,2 Dribbles
1628398,Kyle Kuzma,1610612764,WAS,26.0,66,52,0.132,58,124,0.468,0.48,0.123,55,115,0.478,0.01,3,9,0.333,2021-22,Regular Season,2 Dribbles
1628378,Donovan Mitchell,1610612762,UTA,25.0,67,56,0.09,57,124,0.46,0.548,0.054,35,74,0.473,0.036,22,50,0.44,2021-22,Regular Season,2 Dribbles
202710,Jimmy Butler III,1610612748,MIA,32.0,57,50,0.148,58,123,0.472,0.48,0.141,56,117,0.479,0.007,2,6,0.333,2021-22,Regular Season,2 Dribbles
1630170,Devin Vassell,1610612759,SAS,21.0,71,60,0.158,64,121,0.529,0.533,0.152,63,116,0.543,0.007,1,5,0.2,2021-22,Regular Season,2 Dribbles
1627783,Pascal Siakam,1610612761,TOR,28.0,68,56,0.097,57,117,0.487,0.491,0.092,56,111,0.505,0.005,1,6,0.167,2021-22,Regular Season,2 Dribbles
203114,Khris Middleton,1610612749,MIL,30.0,66,54,0.114,54,117,0.462,0.5,0.085,45,87,0.517,0.029,9,30,0.3,2021-22,Regular Season,2 Dribbles
1630224,Jalen Green,1610612745,HOU,20.0,67,54,0.123,52,117,0.444,0.466,0.094,47,90,0.522,0.028,5,27,0.185,2021-22,Regular Season,2 Dribbles
1630169,Tyrese Haliburton,1610612754,IND,22.0,76,61,0.128,54,115,0.47,0.53,0.092,40,83,0.482,0.036,14,32,0.438,2021-22,Regular Season,2 Dribbles
203484,Kentavious Caldwell-Pope,1610612764,WAS,29.0,77,63,0.139,42,115,0.365,0.383,0.118,38,98,0.388,0.02,4,17,0.235,2021-22,Regular Season,2 Dribbles
1628969,Mikal Bridges,1610612756,PHX,25.0,81,57,0.135,61,114,0.535,0.544,0.127,59,107,0.551,0.008,2,7,0.286,2021-22,Regular Season,2 Dribbles
1626162,Kelly Oubre Jr.,1610612766,CHA,26.0,75,58,0.121,50,112,0.446,0.478,0.094,43,87,0.494,0.027,7,25,0.28,2021-22,Regular Season,2 Dribbles
204001,Kristaps Porziņģis,1610612764,WAS,26.0,51,45,0.145,54,111,0.486,0.491,0.142,53,109,0.486,0.003,1,2,0.5,2021-22,Regular Season,2 Dribbles
1630537,Chris Duarte,1610612754,IND,25.0,55,49,0.179,43,111,0.387,0.405,0.147,39,91,0.429,0.032,4,20,0.2,2021-22,Regular Season,2 Dribbles
1628973,Jalen Brunson,1610612742,DAL,25.0,79,60,0.109,64,110,0.582,0.595,0.099,61,100,0.61,0.01,3,10,0.3,2021-22,Regular Season,2 Dribbles
203078,Bradley Beal,1610612764,WAS,29.0,40,39,0.143,51,110,0.464,0.477,0.119,48,92,0.522,0.023,3,18,0.167,2021-22,Regular Season,2 Dribbles
1629029,Luka Doncic,1610612742,DAL,23.0,65,56,0.078,47,110,0.427,0.477,0.053,36,74,0.486,0.026,11,36,0.306,2021-22,Regular Season,2 Dribbles
203552,Seth Curry,1610612751,BKN,31.0,64,53,0.147,55,109,0.505,0.523,0.118,51,87,0.586,0.03,4,22,0.182,2021-22,Regular Season,2 Dribbles
1626168,Trey Lyles,1610612758,SAC,26.0,74,57,0.195,55,108,0.509,0.509,0.191,55,106,0.519,0.004,0,2,0.0,2021-22,Regular Season,2 Dribbles
1628977,Hamidou Diallo,1610612765,DET,23.0,57,46,0.21,49,108,0.454,0.454,0.208,49,107,0.458,0.002,0,1,0.0,2021-22,Regular Season,2 Dribbles
203115,Will Barton,1610612743,DEN,31.0,71,55,0.121,49,108,0.454,0.5,0.086,39,77,0.506,0.035,10,31,0.323,2021-22,Regular Season,2 Dribbles
1629022,Lonnie Walker IV,1610612759,SAS,23.0,70,57,0.141,48,108,0.444,0.458,0.128,45,98,0.459,0.013,3,10,0.3,2021-22,Regular Season,2 Dribbles
203903,Jordan Clarkson,1610612762,UTA,30.0,79,61,0.096,47,107,0.439,0.519,0.053,30,59,0.508,0.043,17,48,0.354,2021-22,Regular Season,2 Dribbles
1626181,Norman Powell,1610612746,LAC,29.0,45,40,0.177,47,107,0.439,0.458,0.149,43,90,0.478,0.028,4,17,0.235,2021-22,Regular Season,2 Dribbles
1627741,Buddy Hield,1610612754,IND,29.0,80,59,0.098,43,106,0.406,0.462,0.064,31,69,0.449,0.034,12,37,0.324,2021-22,Regular Season,2 Dribbles
1627832,Fred VanVleet,1610612761,TOR,28.0,65,46,0.097,25,106,0.236,0.278,0.051,16,56,0.286,0.046,9,50,0.18,2021-22,Regular Season,2 Dribbles
1630596,Evan Mobley,1610612739,CLE,21.0,69,56,0.127,43,105,0.41,0.41,0.123,43,102,0.422,0.004,0,3,0.0,2021-22,Regular Season,2 Dribbles
1629631,De'Andre Hunter,1610612737,ATL,24.0,53,46,0.181,43,104,0.413,0.418,0.179,42,103,0.408,0.002,1,1,1.0,2021-22,Regular Season,2 Dribbles
202685,Jonas Valančiūnas,1610612740,NOP,30.0,73,56,0.111,53,103,0.515,0.515,0.111,53,103,0.515,0.0,0,0,,2021-22,Regular Season,2 Dribbles
1628415,Dillon Brooks,1610612763,MEM,26.0,31,31,0.202,48,103,0.466,0.485,0.175,44,89,0.494,0.028,4,14,0.286,2021-22,Regular Season,2 Dribbles
203992,Bogdan Bogdanović,1610612737,ATL,29.0,63,50,0.13,47,103,0.456,0.495,0.089,39,71,0.549,0.04,8,32,0.25,2021-22,Regular Season,2 Dribbles
1627747,Caris LeVert,1610612739,CLE,27.0,58,48,0.121,44,103,0.427,0.466,0.089,36,76,0.474,0.032,8,27,0.296,2021-22,Regular Season,2 Dribbles
1626174,Christian Wood,1610612745,HOU,26.0,68,52,0.114,52,100,0.52,0.565,0.093,43,82,0.524,0.02,9,18,0.5,2021-22,Regular Season,2 Dribbles
1630595,Cade Cunningham,1610612765,DET,20.0,63,51,0.099,47,100,0.47,0.5,0.082,41,83,0.494,0.017,6,17,0.353,2021-22,Regular Season,2 Dribbles
201566,Russell Westbrook,1610612747,LAL,33.0,78,55,0.08,46,99,0.465,0.48,0.071,43,87,0.494,0.01,3,12,0.25,2021-22,Regular Season,2 Dribbles
1628370,Malik Monk,1610612747,LAL,24.0,76,54,0.12,44,99,0.444,0.485,0.081,36,67,0.537,0.039,8,32,0.25,2021-22,Regular Season,2 Dribbles
1628401,Derrick White,1610612738,BOS,27.0,75,53,0.123,46,98,0.469,0.5,0.106,40,85,0.471,0.016,6,13,0.462,2021-22,Regular Season,2 Dribbles
201939,Stephen Curry,1610612744,GSW,34.0,64,51,0.08,42,98,0.429,0.464,0.062,35,76,0.461,0.018,7,22,0.318,2021-22,Regular Season,2 Dribbles
1629652,Luguentz Dort,1610612760,OKC,23.0,51,40,0.135,38,98,0.388,0.434,0.103,29,75,0.387,0.032,9,23,0.391,2021-22,Regular Season,2 Dribbles
202704,Reggie Jackson,1610612746,LAC,32.0,74,55,0.08,42,96,0.438,0.505,0.051,29,61,0.475,0.029,13,35,0.371,2021-22,Regular Season,2 Dribbles
203924,Jerami Grant,1610612765,DET,28.0,47,43,0.136,44,95,0.463,0.463,0.132,44,92,0.478,0.004,0,3,0.0,2021-22,Regular Season,2 Dribbles
1627854,Bryn Forbes,1610612743,DEN,28.0,75,47,0.177,41,95,0.432,0.458,0.151,36,81,0.444,0.026,5,14,0.357,2021-22,Regular Season,2 Dribbles
2546,Carmelo Anthony,1610612747,LAL,38.0,69,51,0.129,44,93,0.473,0.5,0.111,39,80,0.488,0.018,5,13,0.385,2021-22,Regular Season,2 Dribbles
1628389,Bam Adebayo,1610612748,MIA,24.0,56,44,0.125,48,91,0.527,0.527,0.123,48,90,0.533,0.001,0,1,0.0,2021-22,Regular Season,2 Dribbles
1627749,Dejounte Murray,1610612759,SAS,25.0,68,48,0.073,44,91,0.484,0.505,0.061,40,76,0.526,0.012,4,15,0.267,2021-22,Regular Season,2 Dribbles
201144,Mike Conley,1610612762,UTA,34.0,72,48,0.115,43,91,0.473,0.577,0.062,24,49,0.49,0.053,19,42,0.452,2021-22,Regular Season,2 Dribbles
1628989,Kevin Huerter,1610612737,ATL,23.0,74,53,0.12,41,91,0.451,0.473,0.101,37,77,0.481,0.018,4,14,0.286,2021-22,Regular Season,2 Dribbles
1629630,Ja Morant,1610612763,MEM,22.0,56,42,0.077,45,89,0.506,0.511,0.066,44,76,0.579,0.011,1,13,0.077,2021-22,Regular Season,2 Dribbles
202696,Nikola Vucevic,1610612741,CHI,31.0,73,51,0.077,43,89,0.483,0.483,0.077,43,89,0.483,0.0,0,0,,2021-22,Regular Season,2 Dribbles
201935,James Harden,1610612755,PHI,32.0,65,47,0.09,37,89,0.416,0.444,0.068,32,67,0.478,0.022,5,22,0.227,2021-22,Regular Season,2 Dribbles
203082,Terrence Ross,1610612753,ORL,31.0,63,41,0.159,37,88,0.42,0.443,0.128,33,71,0.465,0.031,4,17,0.235,2021-22,Regular Season,2 Dribbles
1629001,De'Anthony Melton,1610612763,MEM,24.0,72,51,0.128,36,88,0.409,0.443,0.105,30,72,0.417,0.023,6,16,0.375,2021-22,Regular Season,2 Dribbles
1630173,Precious Achiuwa,1610612761,TOR,22.0,73,49,0.146,33,88,0.375,0.375,0.143,33,86,0.384,0.003,0,2,0.0,2021-22,Regular Season,2 Dribbles
202694,Marcus Morris Sr.,1610612746,LAC,32.0,53,39,0.129,44,87,0.506,0.517,0.122,42,82,0.512,0.007,2,5,0.4,2021-22,Regular Season,2 Dribbles
1628983,Shai Gilgeous-Alexander,1610612760,OKC,23.0,56,45,0.083,43,87,0.494,0.54,0.055,35,58,0.603,0.028,8,29,0.276,2021-22,Regular Season,2 Dribbles
1628984,Devonte' Graham,1610612740,NOP,27.0,75,54,0.109,31,87,0.356,0.402,0.066,23,53,0.434,0.042,8,34,0.235,2021-22,Regular Season,2 Dribbles
1628976,Wendell Carter Jr.,1610612753,ORL,23.0,62,43,0.125,46,85,0.541,0.541,0.123,46,84,0.548,0.001,0,1,0.0,2021-22,Regular Season,2 Dribbles
201569,Eric Gordon,1610612745,HOU,33.0,57,44,0.151,45,85,0.529,0.565,0.126,39,71,0.549,0.025,6,14,0.429,2021-22,Regular Season,2 Dribbles
1626156,D'Angelo Russell,1610612750,MIN,26.0,65,51,0.087,37,85,0.435,0.518,0.049,23,48,0.479,0.038,14,37,0.378,2021-22,Regular Season,2 Dribbles
1630581,Josh Giddey,1610612760,OKC,19.0,54,42,0.127,37,85,0.435,0.471,0.104,31,70,0.443,0.022,6,15,0.4,2021-22,Regular Season,2 Dribbles
1626171,Bobby Portis,1610612749,MIL,27.0,72,46,0.097,38,84,0.452,0.458,0.093,37,81,0.457,0.003,1,3,0.333,2021-22,Regular Season,2 Dribbles
1630193,Immanuel Quickley,1610612752,NYK,23.0,77,46,0.118,33,84,0.393,0.452,0.072,23,51,0.451,0.046,10,33,0.303,2021-22,Regular Season,2 Dribbles
1629638,Nickeil Alexander-Walker,1610612762,UTA,23.0,64,45,0.125,29,84,0.345,0.369,0.103,25,69,0.362,0.022,4,15,0.267,2021-22,Regular Season,2 Dribbles
202692,Alec Burks,1610612752,NYK,30.0,80,50,0.114,41,82,0.5,0.604,0.068,24,49,0.49,0.046,17,33,0.515,2021-22,Regular Season,2 Dribbles
1629611,Terance Mann,1610612746,LAC,25.0,80,53,0.12,40,82,0.488,0.524,0.092,34,63,0.54,0.028,6,19,0.316,2021-22,Regular Season,2 Dribbles
1629629,Cam Reddish,1610612752,NYK,22.0,49,37,0.201,29,82,0.354,0.372,0.172,26,70,0.371,0.029,3,12,0.25,2021-22,Regular Season,2 Dribbles
1630256,Jae'Sean Tate,1610612745,HOU,26.0,78,53,0.111,40,81,0.494,0.506,0.108,38,79,0.481,0.003,2,2,1.0,2021-22,Regular Season,2 Dribbles
201950,Jrue Holiday,1610612749,MIL,32.0,67,45,0.085,31,81,0.383,0.432,0.052,23,50,0.46,0.032,8,31,0.258,2021-22,Regular Season,2 Dribbles
1628404,Josh Hart,1610612757,POR,27.0,53,44,0.143,45,80,0.563,0.569,0.125,44,70,0.629,0.018,1,10,0.1,2021-22,Regular Season,2 Dribbles
1628420,Monte Morris,1610612743,DEN,27.0,75,56,0.103,39,80,0.488,0.519,0.088,34,68,0.5,0.016,5,12,0.417,2021-22,Regular Season,2 Dribbles
1628384,OG Anunoby,1610612761,TOR,24.0,48,39,0.113,34,79,0.43,0.456,0.096,30,67,0.448,0.017,4,12,0.333,2021-22,Regular Season,2 Dribbles
1630558,Davion Mitchell,1610612758,SAC,23.0,74,47,0.094,31,78,0.397,0.429,0.074,26,62,0.419,0.019,5,16,0.313,2021-22,Regular Season,2 Dribbles
203501,Tim Hardaway Jr.,1610612742,DAL,30.0,42,37,0.145,41,77,0.532,0.584,0.111,33,59,0.559,0.034,8,18,0.444,2021-22,Regular Season,2 Dribbles
1630183,Jaden McDaniels,1610612750,MIN,21.0,70,46,0.139,37,77,0.481,0.487,0.132,36,73,0.493,0.007,1,4,0.25,2021-22,Regular Season,2 Dribbles
1630529,Herbert Jones,1610612740,NOP,23.0,77,48,0.136,34,77,0.442,0.442,0.134,34,76,0.447,0.002,0,1,0.0,2021-22,Regular Season,2 Dribbles
201988,Patty Mills,1610612751,BKN,33.0,81,51,0.097,27,77,0.351,0.37,0.072,24,57,0.421,0.025,3,20,0.15,2021-22,Regular Season,2 Dribbles
203914,Gary Harris,1610612753,ORL,27.0,61,46,0.139,24,77,0.312,0.331,0.108,21,60,0.35,0.031,3,17,0.176,2021-22,Regular Season,2 Dribbles
203915,Spencer Dinwiddie,1610612742,DAL,29.0,67,46,0.104,31,76,0.408,0.461,0.074,23,54,0.426,0.03,8,22,0.364,2021-22,Regular Season,2 Dribbles
202691,Klay Thompson,1610612744,GSW,32.0,32,30,0.132,40,75,0.533,0.58,0.113,33,64,0.516,0.019,7,11,0.636,2021-22,Regular Season,2 Dribbles
203471,Dennis Schröder,1610612745,HOU,28.0,63,39,0.105,39,75,0.52,0.54,0.093,36,66,0.545,0.013,3,9,0.333,2021-22,Regular Season,2 Dribbles
1628379,Luke Kennard,1610612746,LAC,26.0,70,47,0.117,34,75,0.453,0.493,0.092,28,59,0.475,0.025,6,16,0.375,2021-22,Regular Season,2 Dribbles
1629647,Darius Bazley,1610612760,OKC,22.0,69,42,0.114,39,74,0.527,0.541,0.099,37,64,0.578,0.015,2,10,0.2,2021-22,Regular Season,2 Dribbles
1629014,Anfernee Simons,1610612757,POR,23.0,57,41,0.093,35,74,0.473,0.541,0.063,25,50,0.5,0.03,10,24,0.417,2021-22,Regular Season,2 Dribbles
1630567,Scottie Barnes,1610612761,TOR,20.0,74,46,0.079,32,74,0.432,0.439,0.068,31,63,0.492,0.012,1,11,0.091,2021-22,Regular Season,2 Dribbles
1630166,Deni Avdija,1610612764,WAS,21.0,82,50,0.126,34,73,0.466,0.473,0.116,33,67,0.493,0.01,1,6,0.167,2021-22,Regular Season,2 Dribbles
1630578,Alperen Sengun,1610612745,HOU,19.0,72,47,0.139,34,73,0.466,0.466,0.133,34,70,0.486,0.006,0,3,0.0,2021-22,Regular Season,2 Dribbles
1628402,Frank Jackson,1610612765,DET,24.0,53,39,0.151,34,73,0.466,0.493,0.128,30,62,0.484,0.023,4,11,0.364,2021-22,Regular Season,2 Dribbles
1630175,Cole Anthony,1610612753,ORL,22.0,65,42,0.08,32,73,0.438,0.466,0.063,28,57,0.491,0.018,4,16,0.25,2021-22,Regular Season,2 Dribbles
2544,LeBron James,1610612747,LAL,37.0,56,46,0.059,45,72,0.625,0.667,0.048,39,58,0.672,0.011,6,14,0.429,2021-22,Regular Season,2 Dribbles
1630560,Cam Thomas,1610612751,BKN,20.0,67,36,0.143,34,72,0.472,0.486,0.119,32,60,0.533,0.024,2,12,0.167,2021-22,Regular Season,2 Dribbles
203935,Marcus Smart,1610612738,BOS,28.0,70,43,0.102,34,72,0.472,0.479,0.094,33,66,0.5,0.009,1,6,0.167,2021-22,Regular Season,2 Dribbles
1630591,Jalen Suggs,1610612753,ORL,21.0,48,38,0.132,31,72,0.431,0.438,0.108,30,59,0.508,0.024,1,13,0.077,2021-22,Regular Season,2 Dribbles
1629670,Jordan Nwora,1610612749,MIL,23.0,62,38,0.156,30,72,0.417,0.438,0.128,27,59,0.458,0.028,3,13,0.231,2021-22,Regular Season,2 Dribbles
1629060,Rui Hachimura,1610612764,WAS,24.0,42,35,0.187,35,71,0.493,0.493,0.187,35,71,0.493,0.0,0,0,,2021-22,Regular Season,2 Dribbles
1626145,Tyus Jones,1610612763,MEM,26.0,72,45,0.13,33,71,0.465,0.486,0.121,30,66,0.455,0.009,3,5,0.6,2021-22,Regular Season,2 Dribbles
1628963,Marvin Bagley III,1610612765,DET,23.0,48,35,0.159,32,71,0.451,0.458,0.155,31,69,0.449,0.004,1,2,0.5,2021-22,Regular Season,2 Dribbles
1627734,Domantas Sabonis,1610612758,SAC,26.0,62,39,0.09,36,70,0.514,0.514,0.09,36,70,0.514,0.0,0,0,,2021-22,Regular Season,2 Dribbles
203932,Aaron Gordon,1610612743,DEN,26.0,75,50,0.084,34,70,0.486,0.493,0.078,33,65,0.508,0.006,1,5,0.2,2021-22,Regular Season,2 Dribbles
201568,Danilo Gallinari,1610612737,ATL,33.0,66,38,0.117,33,70,0.471,0.471,0.114,33,68,0.485,0.003,0,2,0.0,2021-22,Regular Season,2 Dribbles
200768,Kyle Lowry,1610612748,MIA,36.0,63,42,0.11,34,69,0.493,0.565,0.072,24,45,0.533,0.038,10,24,0.417,2021-22,Regular Season,2 Dribbles
203526,Raul Neto,1610612764,WAS,30.0,70,41,0.154,37,68,0.544,0.574,0.136,33,60,0.55,0.018,4,8,0.5,2021-22,Regular Season,2 Dribbles
202331,Paul George,1610612746,LAC,32.0,31,29,0.107,34,68,0.5,0.574,0.069,24,44,0.545,0.038,10,24,0.417,2021-22,Regular Season,2 Dribbles
1627736,Malik Beasley,1610612750,MIN,25.0,79,48,0.08,22,68,0.324,0.338,0.064,20,54,0.37,0.016,2,14,0.143,2021-22,Regular Season,2 Dribbles
1627763,Malcolm Brogdon,1610612754,IND,29.0,36,31,0.123,34,67,0.507,0.522,0.107,32,58,0.552,0.017,2,9,0.222,2021-22,Regular Season,2 Dribbles
203937,Kyle Anderson,1610612763,MEM,28.0,69,44,0.143,32,67,0.478,0.485,0.139,31,65,0.477,0.004,1,2,0.5,2021-22,Regular Season,2 Dribbles
1626224,Cedi Osman,1610612739,CLE,27.0,66,40,0.117,28,67,0.418,0.455,0.082,23,47,0.489,0.035,5,20,0.25,2021-22,Regular Season,2 Dribbles
202330,Gordon Hayward,1610612766,CHA,32.0,48,37,0.112,28,67,0.418,0.418,0.103,28,62,0.452,0.008,0,5,0.0,2021-22,Regular Season,2 Dribbles
1629645,Kevin Porter Jr.,1610612745,HOU,22.0,61,41,0.083,22,67,0.328,0.418,0.032,10,26,0.385,0.051,12,41,0.293,2021-22,Regular Season,2 Dribbles
1629659,Talen Horton-Tucker,1610612747,LAL,21.0,60,41,0.123,33,66,0.5,0.538,0.095,28,51,0.549,0.028,5,15,0.333,2021-22,Regular Season,2 Dribbles
1629632,Coby White,1610612741,CHI,22.0,61,44,0.102,30,66,0.455,0.47,0.092,28,59,0.475,0.011,2,7,0.286,2021-22,Regular Season,2 Dribbles
1629052,Oshae Brissett,1610612754,IND,24.0,67,37,0.13,25,66,0.379,0.379,0.125,25,63,0.397,0.006,0,3,0.0,2021-22,Regular Season,2 Dribbles
1629599,Amir Coffey,1610612746,LAC,25.0,68,34,0.142,35,65,0.538,0.562,0.12,32,55,0.582,0.022,3,10,0.3,2021-22,Regular Season,2 Dribbles
1628960,Grayson Allen,1610612749,MIL,26.0,66,39,0.114,25,65,0.385,0.392,0.1,24,57,0.421,0.014,1,8,0.125,2021-22,Regular Season,2 Dribbles
1628374,Lauri Markkanen,1610612739,CLE,25.0,61,37,0.091,30,64,0.469,0.469,0.087,30,61,0.492,0.004,0,3,0.0,2021-22,Regular Season,2 Dribbles
1626196,Josh Richardson,1610612759,SAS,28.0,64,42,0.121,23,64,0.359,0.375,0.116,21,61,0.344,0.006,2,3,0.667,2021-22,Regular Season,2 Dribbles
203076,Anthony Davis,1610612747,LAL,29.0,40,30,0.091,31,63,0.492,0.492,0.089,31,62,0.5,0.001,0,1,0.0,2021-22,Regular Season,2 Dribbles
1630171,Isaac Okoro,1610612739,CLE,21.0,67,37,0.144,26,62,0.419,0.419,0.139,26,60,0.433,0.005,0,2,0.0,2021-22,Regular Season,2 Dribbles
1626166,Cameron Payne,1610612756,PHX,27.0,57,36,0.107,25,62,0.403,0.419,0.088,23,51,0.451,0.019,2,11,0.182,2021-22,Regular Season,2 Dribbles
1630197,Aleksej Pokusevski,1610612760,OKC,20.0,61,38,0.136,24,62,0.387,0.403,0.121,22,55,0.4,0.015,2,7,0.286,2021-22,Regular Season,2 Dribbles
1629003,Shake Milton,1610612755,PHI,25.0,55,29,0.151,23,61,0.377,0.393,0.132,21,53,0.396,0.02,2,8,0.25,2021-22,Regular Season,2 Dribbles
1630613,Duane Washington Jr.,1610612754,IND,22.0,48,33,0.143,23,61,0.377,0.393,0.117,21,50,0.42,0.026,2,11,0.182,2021-22,Regular Season,2 Dribbles
1630177,Theo Maledon,1610612760,OKC,21.0,51,32,0.192,22,61,0.361,0.385,0.174,19,55,0.345,0.019,3,6,0.5,2021-22,Regular Season,2 Dribbles
1630181,R.J. Hampton,1610612753,ORL,21.0,64,40,0.133,18,61,0.295,0.303,0.114,17,52,0.327,0.02,1,9,0.111,2021-22,Regular Season,2 Dribbles
1630245,Ayo Dosunmu,1610612741,CHI,22.0,77,42,0.112,35,60,0.583,0.583,0.108,35,58,0.603,0.004,0,2,0.0,2021-22,Regular Season,2 Dribbles
1627752,Taurean Prince,1610612750,MIN,28.0,69,38,0.151,33,59,0.559,0.576,0.136,31,53,0.585,0.015,2,6,0.333,2021-22,Regular Season,2 Dribbles
1630528,Josh Christopher,1610612745,HOU,20.0,74,37,0.118,32,59,0.542,0.559,0.1,30,50,0.6,0.018,2,9,0.222,2021-22,Regular Season,2 Dribbles
1627827,Dorian Finney-Smith,1610612742,DAL,29.0,80,41,0.085,29,59,0.492,0.492,0.079,29,55,0.527,0.006,0,4,0.0,2021-22,Regular Season,2 Dribbles
203200,Justin Holiday,1610612758,SAC,33.0,74,44,0.089,27,59,0.458,0.5,0.079,22,52,0.423,0.011,5,7,0.714,2021-22,Regular Season,2 Dribbles
1629661,Cameron Johnson,1610612756,PHX,26.0,65,41,0.099,21,59,0.356,0.364,0.096,20,57,0.351,0.003,1,2,0.5,2021-22,Regular Season,2 Dribbles
101108,Chris Paul,1610612756,PHX,37.0,64,38,0.08,29,58,0.5,0.543,0.062,24,45,0.533,0.018,5,13,0.385,2021-22,Regular Season,2 Dribbles
1627777,Georges Niang,1610612755,PHI,29.0,76,40,0.103,28,58,0.483,0.483,0.099,28,56,0.5,0.004,0,2,0.0,2021-22,Regular Season,2 Dribbles
1630544,Tre Mann,1610612760,OKC,21.0,60,35,0.099,24,58,0.414,0.491,0.058,15,34,0.441,0.041,9,24,0.375,2021-22,Regular Season,2 Dribbles
1629643,Chuma Okeke,1610612753,ORL,23.0,70,41,0.101,17,58,0.293,0.319,0.076,14,44,0.318,0.024,3,14,0.214,2021-22,Regular Season,2 Dribbles
1627814,Damion Lee,1610612744,GSW,29.0,62,39,0.153,26,57,0.456,0.456,0.153,26,57,0.456,0.0,0,0,,2021-22,Regular Season,2 Dribbles
202681,Kyrie Irving,1610612751,BKN,30.0,29,26,0.091,32,56,0.571,0.634,0.063,25,39,0.641,0.028,7,17,0.412,2021-22,Regular Season,2 Dribbles
203926,Doug McDermott,1610612759,SAS,30.0,51,32,0.121,27,56,0.482,0.5,0.108,25,50,0.5,0.013,2,6,0.333,2021-22,Regular Season,2 Dribbles
203994,Jusuf Nurkić,1610612757,POR,27.0,56,32,0.093,26,56,0.464,0.464,0.092,26,55,0.473,0.002,0,1,0.0,2021-22,Regular Season,2 Dribbles
101150,Lou Williams,1610612737,ATL,35.0,56,33,0.175,23,56,0.411,0.429,0.147,21,47,0.447,0.028,2,9,0.222,2021-22,Regular Season,2 Dribbles
1629669,Jaylen Nowell,1610612750,MIN,22.0,62,33,0.131,31,54,0.574,0.602,0.123,28,51,0.549,0.007,3,3,1.0,2021-22,Regular Season,2 Dribbles
1630165,Killian Hayes,1610612765,DET,20.0,65,38,0.12,21,54,0.389,0.389,0.1,21,45,0.467,0.02,0,9,0.0,2021-22,Regular Season,2 Dribbles
201976,Patrick Beverley,1610612750,MIN,33.0,58,35,0.124,17,54,0.315,0.324,0.108,16,47,0.34,0.016,1,7,0.143,2021-22,Regular Season,2 Dribbles
201567,Kevin Love,1610612739,CLE,33.0,74,40,0.07,24,53,0.453,0.472,0.059,22,45,0.489,0.011,2,8,0.25,2021-22,Regular Season,2 Dribbles
1629002,Chimezie Metu,1610612758,SAC,25.0,59,37,0.118,23,53,0.434,0.434,0.112,23,50,0.46,0.007,0,3,0.0,2021-22,Regular Season,2 Dribbles
202709,Cory Joseph,1610612765,DET,30.0,65,38,0.13,29,52,0.558,0.567,0.118,28,47,0.596,0.013,1,5,0.2,2021-22,Regular Season,2 Dribbles
1630598,Aaron Wiggins,1610612760,OKC,23.0,50,27,0.154,27,52,0.519,0.519,0.145,27,49,0.551,0.009,0,3,0.0,2021-22,Regular Season,2 Dribbles
1629642,Nassir Little,1610612757,POR,22.0,42,30,0.165,26,52,0.5,0.519,0.146,24,46,0.522,0.019,2,6,0.333,2021-22,Regular Season,2 Dribbles
1630205,Lamar Stevens,1610612739,CLE,24.0,63,33,0.163,22,52,0.423,0.423,0.163,22,52,0.423,0.0,0,0,,2021-22,Regular Season,2 Dribbles
200752,Rudy Gay,1610612762,UTA,35.0,55,33,0.137,22,52,0.423,0.452,0.127,19,48,0.396,0.011,3,4,0.75,2021-22,Regular Season,2 Dribbles
1630200,Tre Jones,1610612759,SAS,22.0,69,34,0.154,22,52,0.423,0.423,0.145,22,49,0.449,0.009,0,3,0.0,2021-22,Regular Season,2 Dribbles
1630228,Jonathan Kuminga,1610612744,GSW,19.0,69,33,0.114,28,51,0.549,0.549,0.103,28,46,0.609,0.011,0,5,0.0,2021-22,Regular Season,2 Dribbles
1628998,Cody Martin,1610612766,CHA,26.0,70,33,0.122,27,51,0.529,0.559,0.115,24,48,0.5,0.007,3,3,1.0,2021-22,Regular Season,2 Dribbles
1629216,Gabe Vincent,1610612748,MIA,26.0,68,33,0.097,20,50,0.4,0.44,0.066,16,34,0.471,0.031,4,16,0.25,2021-22,Regular Season,2 Dribbles
1628971,Bruce Brown,1610612751,BKN,25.0,72,36,0.097,26,49,0.531,0.531,0.097,26,49,0.531,0.0,0,0,,2021-22,Regular Season,2 Dribbles
1629675,Naz Reid,1610612750,MIN,22.0,77,36,0.103,24,49,0.49,0.5,0.099,23,47,0.489,0.004,1,2,0.5,2021-22,Regular Season,2 Dribbles
1626149,Montrezl Harrell,1610612766,CHA,28.0,71,30,0.088,21,49,0.429,0.429,0.083,21,46,0.457,0.005,0,3,0.0,2021-22,Regular Season,2 Dribbles
202339,Eric Bledsoe,1610612757,POR,32.0,53,31,0.108,21,49,0.429,0.439,0.093,20,42,0.476,0.015,1,7,0.143,2021-22,Regular Season,2 Dribbles
202397,Ish Smith,1610612764,WAS,33.0,64,31,0.116,19,49,0.388,0.439,0.09,14,38,0.368,0.026,5,11,0.455,2021-22,Regular Season,2 Dribbles
1629013,Landry Shamet,1610612756,PHX,25.0,69,29,0.101,15,49,0.306,0.327,0.076,13,37,0.351,0.025,2,12,0.167,2021-22,Regular Season,2 Dribbles
1630527,Brandon Boston,1610612746,LAC,20.0,50,29,0.159,13,49,0.265,0.265,0.133,13,41,0.317,0.026,0,8,0.0,2021-22,Regular Season,2 Dribbles
1629023,P.J. Washington,1610612766,CHA,23.0,65,31,0.09,28,48,0.583,0.604,0.084,26,45,0.578,0.006,2,3,0.667,2021-22,Regular Season,2 Dribbles
1630557,Corey Kispert,1610612764,WAS,23.0,77,34,0.093,25,48,0.521,0.521,0.089,25,46,0.543,0.004,0,2,0.0,2021-22,Regular Season,2 Dribbles
1630231,KJ Martin,1610612745,HOU,21.0,79,40,0.092,21,48,0.438,0.448,0.09,20,47,0.426,0.002,1,1,1.0,2021-22,Regular Season,2 Dribbles
1630167,Obi Toppin,1610612752,NYK,24.0,71,31,0.1,25,47,0.532,0.532,0.095,25,45,0.556,0.004,0,2,0.0,2021-22,Regular Season,2 Dribbles
1629622,Max Strus,1610612748,MIA,26.0,68,34,0.083,23,47,0.489,0.564,0.051,16,29,0.552,0.032,7,18,0.389,2021-22,Regular Season,2 Dribbles
203496,Robert Covington,1610612746,LAC,31.0,71,33,0.094,19,47,0.404,0.426,0.086,17,43,0.395,0.008,2,4,0.5,2021-22,Regular Season,2 Dribbles
203109,Jae Crowder,1610612756,PHX,31.0,67,31,0.085,25,46,0.543,0.587,0.066,21,36,0.583,0.018,4,10,0.4,2021-22,Regular Season,2 Dribbles
1628988,Aaron Holiday,1610612756,PHX,25.0,63,31,0.136,22,46,0.478,0.489,0.13,21,44,0.477,0.006,1,2,0.5,2021-22,Regular Season,2 Dribbles
1629676,Isaiah Roby,1610612760,OKC,24.0,45,25,0.142,19,46,0.413,0.435,0.13,17,42,0.405,0.012,2,4,0.5,2021-22,Regular Season,2 Dribbles
203083,Andre Drummond,1610612751,BKN,28.0,73,34,0.104,29,45,0.644,0.644,0.104,29,45,0.644,0.0,0,0,,2021-22,Regular Season,2 Dribbles
202326,DeMarcus Cousins,1610612743,DEN,31.0,48,25,0.139,24,45,0.533,0.533,0.139,24,45,0.533,0.0,0,0,,2021-22,Regular Season,2 Dribbles
1628997,Caleb Martin,1610612748,MIA,26.0,60,31,0.107,22,44,0.5,0.523,0.095,20,39,0.513,0.012,2,5,0.4,2021-22,Regular Season,2 Dribbles
1629660,Ty Jerome,1610612760,OKC,24.0,48,31,0.134,21,44,0.477,0.5,0.107,19,35,0.543,0.027,2,9,0.222,2021-22,Regular Season,2 Dribbles
1627788,Furkan Korkmaz,1610612755,PHI,24.0,67,32,0.094,17,44,0.386,0.398,0.081,16,38,0.421,0.013,1,6,0.167,2021-22,Regular Season,2 Dribbles
1627751,Jakob Poeltl,1610612759,SAS,26.0,68,32,0.065,26,43,0.605,0.605,0.065,26,43,0.605,0.0,0,0,,2021-22,Regular Season,2 Dribbles
203085,Austin Rivers,1610612743,DEN,29.0,67,29,0.123,22,43,0.512,0.523,0.103,21,36,0.583,0.02,1,7,0.143,2021-22,Regular Season,2 Dribbles
201145,Jeff Green,1610612743,DEN,35.0,75,30,0.079,27,42,0.643,0.655,0.078,26,41,0.634,0.002,1,1,1.0,2021-22,Regular Season,2 Dribbles
201937,Ricky Rubio,1610612754,IND,31.0,34,26,0.102,15,42,0.357,0.417,0.063,10,26,0.385,0.039,5,16,0.313,2021-22,Regular Season,2 Dribbles
1629028,Deandre Ayton,1610612756,PHX,23.0,58,29,0.059,24,41,0.585,0.585,0.059,24,41,0.585,0.0,0,0,,2021-22,Regular Season,2 Dribbles
1628470,Torrey Craig,1610612756,PHX,31.0,78,33,0.093,21,41,0.512,0.549,0.077,18,34,0.529,0.016,3,7,0.429,2021-22,Regular Season,2 Dribbles
1629604,CJ Elleby,1610612757,POR,22.0,58,23,0.133,15,41,0.366,0.366,0.13,15,40,0.375,0.003,0,1,0.0,2021-22,Regular Season,2 Dribbles
1628381,John Collins,1610612737,ATL,24.0,54,27,0.062,20,40,0.5,0.5,0.062,20,40,0.5,0.0,0,0,,2021-22,Regular Season,2 Dribbles
203463,Ben McLemore,1610612757,POR,29.0,64,33,0.074,17,40,0.425,0.45,0.059,15,32,0.469,0.015,2,8,0.25,2021-22,Regular Season,2 Dribbles
201565,Derrick Rose,1610612752,NYK,33.0,26,20,0.146,17,40,0.425,0.425,0.131,17,36,0.472,0.015,0,4,0.0,2021-22,Regular Season,2 Dribbles
203087,Jeremy Lamb,1610612758,SAC,30.0,56,26,0.115,16,40,0.4,0.425,0.098,14,34,0.412,0.017,2,6,0.333,2021-22,Regular Season,2 Dribbles
200746,LaMarcus Aldridge,1610612751,BKN,36.0,47,27,0.085,26,39,0.667,0.667,0.085,26,39,0.667,0.0,0,0,,2021-22,Regular Season,2 Dribbles
1626167,Myles Turner,1610612754,IND,26.0,42,27,0.099,18,39,0.462,0.462,0.096,18,38,0.474,0.003,0,1,0.0,2021-22,Regular Season,2 Dribbles
203081,Damian Lillard,1610612757,POR,31.0,29,21,0.071,13,39,0.333,0.385,0.042,9,23,0.391,0.029,4,16,0.25,2021-22,Regular Season,2 Dribbles
202362,Lance Stephenson,1610612754,IND,31.0,46,22,0.118,20,38,0.526,0.553,0.102,18,33,0.545,0.015,2,5,0.4,2021-22,Regular Season,2 Dribbles
1630538,Bones Hyland,1610612743,DEN,21.0,69,25,0.067,15,38,0.395,0.487,0.03,8,17,0.471,0.037,7,21,0.333,2021-22,Regular Season,2 Dribbles
1630314,Brandon Williams,1610612757,POR,22.0,24,19,0.135,10,38,0.263,0.263,0.103,10,29,0.345,0.032,0,9,0.0,2021-22,Regular Season,2 Dribbles
1630553,Keon Johnson,1610612757,POR,20.0,36,21,0.141,10,38,0.263,0.303,0.119,7,32,0.219,0.022,3,6,0.5,2021-22,Regular Season,2 Dribbles
201143,Al Horford,1610612738,BOS,36.0,68,32,0.066,24,37,0.649,0.662,0.064,23,36,0.639,0.002,1,1,1.0,2021-22,Regular Season,2 Dribbles
1626169,Stanley Johnson,1610612747,LAL,26.0,48,20,0.147,22,37,0.595,0.608,0.139,21,35,0.6,0.008,1,2,0.5,2021-22,Regular Season,2 Dribbles
201949,James Johnson,1610612751,BKN,35.0,62,21,0.121,19,37,0.514,0.541,0.108,17,33,0.515,0.013,2,4,0.5,2021-22,Regular Season,2 Dribbles
1630533,Ziaire Williams,1610612763,MEM,20.0,61,27,0.087,19,36,0.528,0.528,0.079,19,33,0.576,0.007,0,3,0.0,2021-22,Regular Season,2 Dribbles
201580,JaVale McGee,1610612756,PHX,34.0,74,32,0.079,12,36,0.333,0.333,0.079,12,36,0.333,0.0,0,0,,2021-22,Regular Season,2 Dribbles
1629056,Terence Davis,1610612758,SAC,25.0,29,17,0.136,23,35,0.657,0.729,0.097,18,25,0.72,0.039,5,10,0.5,2021-22,Regular Season,2 Dribbles
201152,Thaddeus Young,1610612761,TOR,34.0,52,26,0.128,17,35,0.486,0.486,0.125,17,34,0.5,0.004,0,1,0.0,2021-22,Regular Season,2 Dribbles
202684,Tristan Thompson,1610612741,CHI,31.0,56,25,0.133,16,35,0.457,0.457,0.133,16,35,0.457,0.0,0,0,,2021-22,Regular Season,2 Dribbles
203490,Otto Porter Jr.,1610612744,GSW,29.0,62,22,0.085,15,35,0.429,0.429,0.083,15,34,0.441,0.002,0,1,0.0,2021-22,Regular Season,2 Dribbles
1627826,Ivica Zubac,1610612746,LAC,25.0,76,24,0.069,27,34,0.794,0.794,0.069,27,34,0.794,0.0,0,0,,2021-22,Regular Season,2 Dribbles
1628386,Jarrett Allen,1610612739,CLE,24.0,56,23,0.063,19,34,0.559,0.574,0.061,18,33,0.545,0.002,1,1,1.0,2021-22,Regular Season,2 Dribbles
1626172,Kevon Looney,1610612744,GSW,26.0,81,29,0.095,16,34,0.471,0.471,0.095,16,34,0.471,0.0,0,0,,2021-22,Regular Season,2 Dribbles
202340,Avery Bradley,1610612747,LAL,31.0,62,26,0.097,12,34,0.353,0.368,0.086,11,30,0.367,0.011,1,4,0.25,2021-22,Regular Season,2 Dribbles
1629103,Kelan Martin,1610612738,BOS,26.0,30,20,0.193,16,33,0.485,0.485,0.17,16,29,0.552,0.023,0,4,0.0,2021-22,Regular Season,2 Dribbles
202689,Kemba Walker,1610612752,NYK,32.0,37,24,0.089,12,33,0.364,0.424,0.057,8,21,0.381,0.032,4,12,0.333,2021-22,Regular Season,2 Dribbles
1630559,Austin Reaves,1610612747,LAL,24.0,61,25,0.104,12,33,0.364,0.364,0.085,12,27,0.444,0.019,0,6,0.0,2021-22,Regular Season,2 Dribbles
1626220,Royce O'Neale,1610612762,UTA,29.0,77,25,0.072,20,32,0.625,0.656,0.059,18,26,0.692,0.014,2,6,0.333,2021-22,Regular Season,2 Dribbles
1627761,DeAndre' Bembry,1610612749,MIL,27.0,56,25,0.144,20,32,0.625,0.625,0.144,20,32,0.625,0.0,0,0,,2021-22,Regular Season,2 Dribbles
200782,P.J. Tucker,1610612748,MIA,37.0,71,24,0.075,19,32,0.594,0.594,0.075,19,32,0.594,0.0,0,0,,2021-22,Regular Season,2 Dribbles
203486,Mason Plumlee,1610612766,CHA,32.0,72,26,0.101,17,32,0.531,0.531,0.101,17,32,0.531,0.0,0,0,,2021-22,Regular Season,2 Dribbles
203482,Kelly Olynyk,1610612765,DET,31.0,40,22,0.112,12,32,0.375,0.391,0.084,11,24,0.458,0.028,1,8,0.125,2021-22,Regular Season,2 Dribbles
1628966,Keita Bates-Diop,1610612759,SAS,26.0,59,23,0.122,11,32,0.344,0.344,0.118,11,31,0.355,0.004,0,1,0.0,2021-22,Regular Season,2 Dribbles
202357,Nemanja Bjelica,1610612744,GSW,34.0,70,24,0.092,15,31,0.484,0.5,0.086,14,29,0.483,0.006,1,2,0.5,2021-22,Regular Season,2 Dribbles
1629026,Kenrich Williams,1610612760,OKC,27.0,49,23,0.098,15,31,0.484,0.5,0.091,14,29,0.483,0.006,1,2,0.5,2021-22,Regular Season,2 Dribbles
1630570,Trendon Watford,1610612757,POR,21.0,48,21,0.116,14,31,0.452,0.452,0.116,14,31,0.452,0.0,0,0,,2021-22,Regular Season,2 Dribbles
1628367,Josh Jackson,1610612758,SAC,25.0,50,21,0.107,13,31,0.419,0.419,0.107,13,31,0.419,0.0,0,0,,2021-22,Regular Season,2 Dribbles
1630563,Joshua Primo,1610612759,SAS,19.0,50,20,0.115,12,31,0.387,0.419,0.093,10,25,0.4,0.022,2,6,0.333,2021-22,Regular Season,2 Dribbles
1629130,Duncan Robinson,1610612748,MIA,28.0,79,24,0.043,11,31,0.355,0.387,0.026,9,19,0.474,0.017,2,12,0.167,2021-22,Regular Season,2 Dribbles
1627936,Alex Caruso,1610612741,CHI,28.0,41,24,0.121,10,31,0.323,0.323,0.097,10,25,0.4,0.023,0,6,0.0,2021-22,Regular Season,2 Dribbles
202066,Garrett Temple,1610612740,NOP,36.0,58,23,0.107,6,31,0.194,0.21,0.093,5,27,0.185,0.014,1,4,0.25,2021-22,Regular Season,2 Dribbles
1629634,Brandon Clarke,1610612763,MEM,25.0,63,21,0.068,19,30,0.633,0.633,0.068,19,30,0.633,0.0,0,0,,2021-22,Regular Season,2 Dribbles
1629021,Moritz Wagner,1610612753,ORL,25.0,63,21,0.076,18,30,0.6,0.6,0.076,18,30,0.6,0.0,0,0,,2021-22,Regular Season,2 Dribbles
1626153,Delon Wright,1610612737,ATL,30.0,77,24,0.112,18,30,0.6,0.617,0.1,17,27,0.63,0.011,1,3,0.333,2021-22,Regular Season,2 Dribbles
1628972,Troy Brown Jr.,1610612741,CHI,22.0,66,23,0.116,13,30,0.433,0.433,0.109,13,28,0.464,0.008,0,2,0.0,2021-22,Regular Season,2 Dribbles
203110,Draymond Green,1610612744,GSW,32.0,46,18,0.113,16,29,0.552,0.552,0.105,16,27,0.593,0.008,0,2,0.0,2021-22,Regular Season,2 Dribbles
1629717,Armoni Brooks,1610612761,TOR,24.0,54,16,0.1,14,29,0.483,0.552,0.048,10,14,0.714,0.052,4,15,0.267,2021-22,Regular Season,2 Dribbles
201577,Robin Lopez,1610612753,ORL,34.0,36,20,0.145,13,29,0.448,0.448,0.145,13,29,0.448,0.0,0,0,,2021-22,Regular Season,2 Dribbles
204060,Joe Ingles,1610612757,POR,34.0,45,19,0.102,12,29,0.414,0.466,0.053,9,15,0.6,0.049,3,14,0.214,2021-22,Regular Season,2 Dribbles
1629684,Grant Williams,1610612738,BOS,23.0,76,24,0.065,17,28,0.607,0.607,0.063,17,27,0.63,0.002,0,1,0.0,2021-22,Regular Season,2 Dribbles
1630631,Jose Alvarado,1610612740,NOP,24.0,53,21,0.097,14,28,0.5,0.5,0.086,14,25,0.56,0.01,0,3,0.0,2021-22,Regular Season,2 Dribbles
1630202,Payton Pritchard,1610612738,BOS,24.0,71,20,0.075,13,28,0.464,0.536,0.043,9,16,0.563,0.032,4,12,0.333,2021-22,Regular Season,2 Dribbles
1629649,Ignas Brazdeikis,1610612753,ORL,23.0,42,18,0.149,13,28,0.464,0.5,0.122,11,23,0.478,0.027,2,5,0.4,2021-22,Regular Season,2 Dribbles
201587,Nicolas Batum,1610612746,LAC,33.0,58,21,0.073,13,28,0.464,0.5,0.057,11,22,0.5,0.016,2,6,0.333,2021-22,Regular Season,2 Dribbles
1629641,Romeo Langford,1610612759,SAS,22.0,48,21,0.141,18,27,0.667,0.667,0.141,18,27,0.667,0.0,0,0,,2021-22,Regular Season,2 Dribbles
1626159,Justise Winslow,1610612757,POR,26.0,47,22,0.105,14,27,0.519,0.519,0.102,14,26,0.538,0.004,0,1,0.0,2021-22,Regular Season,2 Dribbles
203500,Steven Adams,1610612763,MEM,28.0,75,24,0.071,12,27,0.444,0.444,0.071,12,27,0.444,0.0,0,0,,2021-22,Regular Season,2 Dribbles
1628373,Frank Ntilikina,1610612742,DAL,23.0,58,21,0.121,10,27,0.37,0.389,0.094,9,21,0.429,0.027,1,6,0.167,2021-22,Regular Season,2 Dribbles
201588,George Hill,1610612749,MIL,36.0,54,22,0.098,7,27,0.259,0.259,0.091,7,25,0.28,0.007,0,2,0.0,2021-22,Regular Season,2 Dribbles
1629723,John Konchar,1610612763,MEM,26.0,72,24,0.099,17,26,0.654,0.692,0.092,15,24,0.625,0.008,2,2,1.0,2021-22,Regular Season,2 Dribbles
1629667,Jalen McDaniels,1610612766,CHA,24.0,54,20,0.104,16,26,0.615,0.615,0.104,16,26,0.615,0.0,0,0,,2021-22,Regular Season,2 Dribbles
1626192,Pat Connaughton,1610612749,MIL,29.0,65,19,0.052,16,26,0.615,0.615,0.048,16,24,0.667,0.004,0,2,0.0,2021-22,Regular Season,2 Dribbles
1630182,Josh Green,1610612742,DAL,21.0,67,24,0.098,16,25,0.64,0.64,0.098,16,25,0.64,0.0,0,0,,2021-22,Regular Season,2 Dribbles
1626195,Willy Hernangomez,1610612740,NOP,28.0,50,20,0.077,12,25,0.48,0.48,0.074,12,24,0.5,0.003,0,1,0.0,2021-22,Regular Season,2 Dribbles
1628372,Dennis Smith Jr.,1610612757,POR,24.0,37,13,0.132,10,25,0.4,0.4,0.122,10,23,0.435,0.011,0,2,0.0,2021-22,Regular Season,2 Dribbles
203493,Reggie Bullock Jr.,1610612742,DAL,31.0,68,20,0.05,10,25,0.4,0.42,0.04,9,20,0.45,0.01,1,5,0.2,2021-22,Regular Season,2 Dribbles
1629162,Jordan McLaughlin,1610612750,MIN,26.0,62,19,0.125,10,25,0.4,0.42,0.075,9,15,0.6,0.05,1,10,0.1,2021-22,Regular Season,2 Dribbles
1629164,Brandon Goodwin,1610612739,CLE,26.0,36,16,0.162,10,25,0.4,0.46,0.13,7,20,0.35,0.032,3,5,0.6,2021-22,Regular Season,2 Dribbles
1629726,Garrison Mathews,1610612745,HOU,25.0,65,15,0.052,14,24,0.583,0.625,0.043,12,20,0.6,0.009,2,4,0.5,2021-22,Regular Season,2 Dribbles
1629651,Nic Claxton,1610612751,BKN,23.0,47,20,0.087,15,23,0.652,0.652,0.087,15,23,0.652,0.0,0,0,,2021-22,Regular Season,2 Dribbles
1629750,Javonte Green,1610612741,CHI,28.0,65,18,0.071,12,23,0.522,0.522,0.071,12,23,0.522,0.0,0,0,,2021-22,Regular Season,2 Dribbles
1628366,Lonzo Ball,1610612741,CHI,24.0,35,17,0.06,10,23,0.435,0.478,0.05,8,19,0.421,0.01,2,4,0.5,2021-22,Regular Season,2 Dribbles
1629637,Jaxson Hayes,1610612740,NOP,22.0,69,18,0.058,10,23,0.435,0.435,0.05,10,20,0.5,0.008,0,3,0.0,2021-22,Regular Season,2 Dribbles
1628449,Chris Boucher,1610612761,TOR,29.0,80,19,0.04,7,23,0.304,0.304,0.038,7,22,0.318,0.002,0,1,0.0,2021-22,Regular Season,2 Dribbles
1630191,Isaiah Stewart,1610612765,DET,21.0,70,22,0.047,6,23,0.261,0.261,0.047,6,23,0.261,0.0,0,0,,2021-22,Regular Season,2 Dribbles
203901,Elfrid Payton,1610612756,PHX,28.0,49,17,0.137,3,23,0.13,0.13,0.131,3,22,0.136,0.006,0,1,0.0,2021-22,Regular Season,2 Dribbles
202738,Isaiah Thomas,1610612766,CHA,33.0,22,16,0.132,13,22,0.591,0.659,0.096,10,16,0.625,0.036,3,6,0.5,2021-22,Regular Season,2 Dribbles
1628964,Mo Bamba,1610612753,ORL,24.0,71,19,0.036,12,22,0.545,0.568,0.034,11,21,0.524,0.002,1,1,1.0,2021-22,Regular Season,2 Dribbles
203090,Maurice Harkless,1610612758,SAC,29.0,46,16,0.126,12,22,0.545,0.545,0.114,12,20,0.6,0.011,0,2,0.0,2021-22,Regular Season,2 Dribbles
1630174,Aaron Nesmith,1610612738,BOS,22.0,52,19,0.121,11,22,0.5,0.5,0.11,11,20,0.55,0.011,0,2,0.0,2021-22,Regular Season,2 Dribbles
1630678,Terry Taylor,1610612754,IND,22.0,33,17,0.1,11,22,0.5,0.5,0.096,11,21,0.524,0.005,0,1,0.0,2021-22,Regular Season,2 Dribbles
1628392,Isaiah Hartenstein,1610612746,LAC,24.0,68,19,0.06,9,22,0.409,0.409,0.057,9,21,0.429,0.003,0,1,0.0,2021-22,Regular Season,2 Dribbles
1630214,Xavier Tillman,1610612763,MEM,23.0,53,15,0.102,8,22,0.364,0.364,0.102,8,22,0.364,0.0,0,0,,2021-22,Regular Season,2 Dribbles
1629308,Juan Toscano-Anderson,1610612744,GSW,29.0,73,17,0.094,7,22,0.318,0.341,0.085,6,20,0.3,0.009,1,2,0.5,2021-22,Regular Season,2 Dribbles
1630267,Facundo Campazzo,1610612743,DEN,31.0,65,18,0.074,6,22,0.273,0.295,0.034,5,10,0.5,0.041,1,12,0.083,2021-22,Regular Season,2 Dribbles
1628432,Davon Reed,1610612743,DEN,27.0,48,18,0.13,11,21,0.524,0.524,0.118,11,19,0.579,0.012,0,2,0.0,2021-22,Regular Season,2 Dribbles
1630230,Naji Marshall,1610612740,NOP,24.0,55,17,0.078,10,21,0.476,0.5,0.071,9,19,0.474,0.007,1,2,0.5,2021-22,Regular Season,2 Dribbles
204456,T.J. McConnell,1610612754,IND,30.0,27,16,0.101,10,21,0.476,0.5,0.087,9,18,0.5,0.014,1,3,0.333,2021-22,Regular Season,2 Dribbles
1630556,Kessler Edwards,1610612751,BKN,21.0,48,16,0.079,9,21,0.429,0.429,0.075,9,20,0.45,0.004,0,1,0.0,2021-22,Regular Season,2 Dribbles
1626208,Keifer Sykes,1610612754,IND,28.0,32,15,0.111,7,21,0.333,0.357,0.079,6,15,0.4,0.032,1,6,0.167,2021-22,Regular Season,2 Dribbles
203504,Trey Burke,1610612742,DAL,29.0,42,16,0.098,7,21,0.333,0.333,0.074,7,16,0.438,0.023,0,5,0.0,2021-22,Regular Season,2 Dribbles
1629731,Dean Wade,1610612739,CLE,25.0,51,12,0.092,12,20,0.6,0.625,0.088,11,19,0.579,0.005,1,1,1.0,2021-22,Regular Season,2 Dribbles
1630240,Saben Lee,1610612765,DET,23.0,36,14,0.118,12,20,0.6,0.6,0.1,12,17,0.706,0.018,0,3,0.0,2021-22,Regular Season,2 Dribbles
1630541,Moses Moody,1610612744,GSW,20.0,51,16,0.113,11,20,0.55,0.55,0.102,11,18,0.611,0.011,0,2,0.0,2021-22,Regular Season,2 Dribbles
203210,JaMychal Green,1610612743,DEN,32.0,67,17,0.061,11,20,0.55,0.55,0.058,11,19,0.579,0.003,0,1,0.0,2021-22,Regular Season,2 Dribbles
1630547,James Bouknight,1610612766,CHA,21.0,30,11,0.145,8,20,0.4,0.4,0.13,8,18,0.444,0.014,0,2,0.0,2021-22,Regular Season,2 Dribbles
203107,Tomas Satoransky,1610612764,WAS,30.0,55,19,0.105,8,20,0.4,0.425,0.089,7,17,0.412,0.016,1,3,0.333,2021-22,Regular Season,2 Dribbles
1630188,Jalen Smith,1610612754,IND,22.0,50,15,0.06,8,20,0.4,0.4,0.06,8,20,0.4,0.0,0,0,,2021-22,Regular Season,2 Dribbles
200765,Rajon Rondo,1610612739,CLE,36.0,39,15,0.113,7,20,0.35,0.45,0.073,3,13,0.231,0.04,4,7,0.571,2021-22,Regular Season,2 Dribbles
203991,Clint Capela,1610612737,ATL,28.0,74,16,0.032,11,19,0.579,0.579,0.032,11,19,0.579,0.0,0,0,,2021-22,Regular Season,2 Dribbles
1629656,Quentin Grimes,1610612752,NYK,22.0,45,14,0.081,9,19,0.474,0.5,0.064,8,15,0.533,0.017,1,4,0.25,2021-22,Regular Season,2 Dribbles
1628978,Donte DiVincenzo,1610612758,SAC,25.0,42,13,0.057,9,19,0.474,0.553,0.039,6,13,0.462,0.018,3,6,0.5,2021-22,Regular Season,2 Dribbles
1629672,Eric Paschall,1610612762,UTA,25.0,58,15,0.081,9,19,0.474,0.474,0.077,9,18,0.5,0.004,0,1,0.0,2021-22,Regular Season,2 Dribbles
1630625,Dalano Banton,1610612761,TOR,22.0,64,14,0.094,8,19,0.421,0.447,0.089,7,18,0.389,0.005,1,1,1.0,2021-22,Regular Season,2 Dribbles
202083,Wesley Matthews,1610612749,MIL,35.0,49,16,0.086,8,19,0.421,0.421,0.077,8,17,0.471,0.009,0,2,0.0,2021-22,Regular Season,2 Dribbles
1629744,Matt Thomas,1610612741,CHI,27.0,40,15,0.142,7,19,0.368,0.368,0.119,7,16,0.438,0.022,0,3,0.0,2021-22,Regular Season,2 Dribbles
1627863,Danuel House Jr.,1610612762,UTA,29.0,42,17,0.096,7,19,0.368,0.395,0.086,6,17,0.353,0.01,1,2,0.5,2021-22,Regular Season,2 Dribbles
203925,Joe Harris,1610612751,BKN,30.0,14,11,0.153,5,19,0.263,0.263,0.137,5,17,0.294,0.016,0,2,0.0,2021-22,Regular Season,2 Dribbles
203918,Rodney Hood,1610612746,LAC,29.0,52,15,0.115,10,18,0.556,0.611,0.083,8,13,0.615,0.032,2,5,0.4,2021-22,Regular Season,2 Dribbles
1628425,Sterling Brown,1610612742,DAL,27.0,49,15,0.116,9,18,0.5,0.5,0.11,9,17,0.529,0.006,0,1,0.0,2021-22,Regular Season,2 Dribbles
1628975,Jevon Carter,1610612749,MIL,26.0,66,16,0.071,9,18,0.5,0.556,0.051,7,13,0.538,0.02,2,5,0.4,2021-22,Regular Season,2 Dribbles
1630264,Anthony Gill,1610612764,WAS,29.0,44,14,0.165,9,18,0.5,0.5,0.165,9,18,0.5,0.0,0,0,,2021-22,Regular Season,2 Dribbles
1630172,Patrick Williams,1610612741,CHI,20.0,17,10,0.176,7,18,0.389,0.389,0.176,7,18,0.389,0.0,0,0,,2021-22,Regular Season,2 Dribbles
1629004,Svi Mykhailiuk,1610612761,TOR,25.0,56,15,0.077,6,18,0.333,0.361,0.051,5,12,0.417,0.026,1,6,0.167,2021-22,Regular Season,2 Dribbles
1630583,Santi Aldama,1610612763,MEM,21.0,31,12,0.141,5,18,0.278,0.278,0.117,5,15,0.333,0.023,0,3,0.0,2021-22,Regular Season,2 Dribbles
1630235,Trent Forrest,1610612762,UTA,24.0,60,13,0.11,8,17,0.471,0.471,0.103,8,16,0.5,0.006,0,1,0.0,2021-22,Regular Season,2 Dribbles
1627789,Timothe Luwawu-Cabarrot,1610612737,ATL,27.0,52,14,0.091,8,17,0.471,0.559,0.07,5,13,0.385,0.022,3,4,0.75,2021-22,Regular Season,2 Dribbles
1629234,Drew Eubanks,1610612757,POR,25.0,71,13,0.046,7,17,0.412,0.412,0.046,7,17,0.412,0.0,0,0,,2021-22,Regular Season,2 Dribbles
201980,Danny Green,1610612755,PHI,35.0,62,16,0.053,7,17,0.412,0.471,0.038,5,12,0.417,0.016,2,5,0.4,2021-22,Regular Season,2 Dribbles
201571,D.J. Augustin,1610612747,LAL,34.0,55,16,0.077,6,17,0.353,0.412,0.054,4,12,0.333,0.023,2,5,0.4,2021-22,Regular Season,2 Dribbles
1630530,Trey Murphy III,1610612740,NOP,22.0,62,12,0.061,4,17,0.235,0.265,0.051,3,14,0.214,0.011,1,3,0.333,2021-22,Regular Season,2 Dribbles
1630535,Greg Brown III,1610612757,POR,20.0,48,14,0.09,4,17,0.235,0.235,0.085,4,16,0.25,0.005,0,1,0.0,2021-22,Regular Season,2 Dribbles
201586,Serge Ibaka,1610612749,MIL,32.0,53,14,0.056,10,16,0.625,0.625,0.056,10,16,0.625,0.0,0,0,,2021-22,Regular Season,2 Dribbles
1629012,Collin Sexton,1610612739,CLE,23.0,11,8,0.108,10,16,0.625,0.656,0.095,9,14,0.643,0.014,1,2,0.5,2021-22,Regular Season,2 Dribbles
1628021,David Nwaba,1610612745,HOU,29.0,46,12,0.091,10,16,0.625,0.625,0.091,10,16,0.625,0.0,0,0,,2021-22,Regular Season,2 Dribbles
1628464,Daniel Theis,1610612738,BOS,30.0,47,13,0.055,8,16,0.5,0.5,0.052,8,15,0.533,0.003,0,1,0.0,2021-22,Regular Season,2 Dribbles
201933,Blake Griffin,1610612751,BKN,33.0,56,14,0.051,7,16,0.438,0.438,0.045,7,14,0.5,0.006,0,2,0.0,2021-22,Regular Season,2 Dribbles
1630249,Vít Krejčí,1610612760,OKC,22.0,30,10,0.096,6,16,0.375,0.438,0.072,4,12,0.333,0.024,2,4,0.5,2021-22,Regular Season,2 Dribbles
203145,Kent Bazemore,1610612747,LAL,32.0,39,13,0.115,5,16,0.313,0.344,0.108,4,15,0.267,0.007,1,1,1.0,2021-22,Regular Season,2 Dribbles
1628467,Maxi Kleber,1610612742,DAL,30.0,59,15,0.045,3,16,0.188,0.188,0.045,3,16,0.188,0.0,0,0,,2021-22,Regular Season,2 Dribbles
1627780,Gary Payton II,1610612744,GSW,29.0,70,13,0.044,9,15,0.6,0.6,0.041,9,14,0.643,0.003,0,1,0.0,2021-22,Regular Season,2 Dribbles
1630190,Elijah Hughes,1610612757,POR,24.0,36,11,0.104,9,15,0.6,0.667,0.083,7,12,0.583,0.021,2,3,0.667,2021-22,Regular Season,2 Dribbles
203585,Rodney McGruder,1610612765,DET,30.0,50,13,0.069,7,15,0.467,0.467,0.055,7,12,0.583,0.014,0,3,0.0,2021-22,Regular Season,2 Dribbles
201609,Goran Dragic,1610612751,BKN,36.0,21,12,0.099,7,15,0.467,0.5,0.079,6,12,0.5,0.02,1,3,0.333,2021-22,Regular Season,2 Dribbles
1630198,Isaiah Joe,1610612755,PHI,22.0,55,13,0.085,5,15,0.333,0.333,0.062,5,11,0.455,0.023,0,4,0.0,2021-22,Regular Season,2 Dribbles
1629680,Matisse Thybulle,1610612755,PHI,25.0,66,11,0.047,9,14,0.643,0.643,0.047,9,14,0.643,0.0,0,0,,2021-22,Regular Season,2 Dribbles
1630209,Omer Yurtseven,1610612748,MIA,24.0,56,8,0.058,9,14,0.643,0.643,0.058,9,14,0.643,0.0,0,0,,2021-22,Regular Season,2 Dribbles
201961,Wayne Ellington,1610612747,LAL,34.0,43,12,0.059,7,14,0.5,0.607,0.034,4,8,0.5,0.025,3,6,0.5,2021-22,Regular Season,2 Dribbles
1629117,Wenyen Gabriel,1610612747,LAL,25.0,25,7,0.13,7,14,0.5,0.5,0.13,7,14,0.5,0.0,0,0,,2021-22,Regular Season,2 Dribbles
1630194,Paul Reed,1610612755,PHI,23.0,38,11,0.146,6,14,0.429,0.429,0.146,6,14,0.429,0.0,0,0,,2021-22,Regular Season,2 Dribbles
1628365,Markelle Fultz,1610612753,ORL,24.0,18,10,0.08,6,14,0.429,0.429,0.08,6,14,0.429,0.0,0,0,,2021-22,Regular Season,2 Dribbles
1630184,Kira Lewis Jr.,1610612740,NOP,21.0,24,10,0.096,6,14,0.429,0.429,0.089,6,13,0.462,0.007,0,1,0.0,2021-22,Regular Season,2 Dribbles
200794,Paul Millsap,1610612755,PHI,37.0,33,10,0.123,5,14,0.357,0.357,0.123,5,14,0.357,0.0,0,0,,2021-22,Regular Season,2 Dribbles
203473,Dewayne Dedmon,1610612748,MIA,32.0,67,12,0.048,4,14,0.286,0.286,0.048,4,14,0.286,0.0,0,0,,2021-22,Regular Season,2 Dribbles
202954,Brad Wanamaker,1610612764,WAS,32.0,23,9,0.169,7,13,0.538,0.538,0.156,7,12,0.583,0.013,0,1,0.0,2021-22,Regular Season,2 Dribbles
1630201,Malachi Flynn,1610612761,TOR,24.0,44,9,0.071,6,13,0.462,0.538,0.044,4,8,0.5,0.027,2,5,0.4,2021-22,Regular Season,2 Dribbles
1629139,Yuta Watanabe,1610612761,TOR,27.0,38,9,0.094,5,13,0.385,0.385,0.094,5,13,0.385,0.0,0,0,,2021-22,Regular Season,2 Dribbles
203648,Thanasis Antetokounmpo,1610612749,MIL,29.0,48,10,0.102,5,13,0.385,0.385,0.102,5,13,0.385,0.0,0,0,,2021-22,Regular Season,2 Dribbles
1626204,Larry Nance Jr.,1610612740,NOP,29.0,46,10,0.053,4,13,0.308,0.308,0.045,4,11,0.364,0.008,0,2,0.0,2021-22,Regular Season,2 Dribbles
1627745,Damian Jones,1610612758,SAC,27.0,55,11,0.049,4,13,0.308,0.308,0.049,4,13,0.308,0.0,0,0,,2021-22,Regular Season,2 Dribbles
1630526,Jeremiah Robinson-Earl,1610612760,OKC,21.0,49,10,0.04,4,13,0.308,0.308,0.037,4,12,0.333,0.003,0,1,0.0,2021-22,Regular Season,2 Dribbles
1629681,Killian Tillie,1610612763,MEM,24.0,35,9,0.107,2,13,0.154,0.154,0.107,2,13,0.154,0.0,0,0,,2021-22,Regular Season,2 Dribbles
203939,Dwight Powell,1610612742,DAL,30.0,82,11,0.03,8,12,0.667,0.667,0.03,8,12,0.667,0.0,0,0,,2021-22,Regular Season,2 Dribbles
1630572,Sandro Mamukelashvili,1610612749,MIL,23.0,41,6,0.104,7,12,0.583,0.583,0.104,7,12,0.583,0.0,0,0,,2021-22,Regular Season,2 Dribbles
1630192,Zeke Nnaji,1610612743,DEN,21.0,41,10,0.065,6,12,0.5,0.5,0.065,6,12,0.5,0.0,0,0,,2021-22,Regular Season,2 Dribbles
1629833,Keljin Blevins,1610612757,POR,26.0,31,9,0.108,5,12,0.417,0.5,0.072,3,8,0.375,0.036,2,4,0.5,2021-22,Regular Season,2 Dribbles
1629008,Michael Porter Jr.,1610612743,DEN,24.0,9,6,0.117,5,12,0.417,0.417,0.078,5,8,0.625,0.039,0,4,0.0,2021-22,Regular Season,2 Dribbles
1629617,Reggie Perry,1610612757,POR,22.0,10,6,0.152,5,12,0.417,0.417,0.152,5,12,0.417,0.0,0,0,,2021-22,Regular Season,2 Dribbles
1630210,Markus Howard,1610612743,DEN,23.0,31,12,0.119,3,12,0.25,0.333,0.05,1,5,0.2,0.069,2,7,0.286,2021-22,Regular Season,2 Dribbles
202355,Hassan Whiteside,1610612762,UTA,33.0,65,9,0.033,8,11,0.727,0.727,0.033,8,11,0.727,0.0,0,0,,2021-22,Regular Season,2 Dribbles
203497,Rudy Gobert,1610612762,UTA,30.0,66,11,0.022,8,11,0.727,0.727,0.022,8,11,0.727,0.0,0,0,,2021-22,Regular Season,2 Dribbles
202693,Markieff Morris,1610612748,MIA,32.0,17,8,0.096,7,11,0.636,0.636,0.096,7,11,0.636,0.0,0,0,,2021-22,Regular Season,2 Dribbles
1630543,Isaiah Jackson,1610612754,IND,20.0,36,9,0.053,7,11,0.636,0.636,0.053,7,11,0.636,0.0,0,0,,2021-22,Regular Season,2 Dribbles
1626163,Frank Kaminsky,1610612756,PHX,29.0,9,7,0.169,6,11,0.545,0.545,0.169,6,11,0.545,0.0,0,0,,2021-22,Regular Season,2 Dribbles
203503,Tony Snell,1610612740,NOP,30.0,53,11,0.064,6,11,0.545,0.591,0.053,5,9,0.556,0.012,1,2,0.5,2021-22,Regular Season,2 Dribbles
203458,Alex Len,1610612758,SAC,29.0,39,11,0.063,6,11,0.545,0.545,0.063,6,11,0.545,0.0,0,0,,2021-22,Regular Season,2 Dribbles
1629020,Jarred Vanderbilt,1610612750,MIN,23.0,74,10,0.03,5,11,0.455,0.455,0.03,5,11,0.455,0.0,0,0,,2021-22,Regular Season,2 Dribbles
1629633,Jarrett Culver,1610612763,MEM,23.0,36,10,0.083,3,11,0.273,0.273,0.083,3,11,0.273,0.0,0,0,,2021-22,Regular Season,2 Dribbles
202722,Davis Bertans,1610612742,DAL,29.0,56,8,0.04,3,11,0.273,0.273,0.033,3,9,0.333,0.007,0,2,0.0,2021-22,Regular Season,2 Dribbles
1630233,Nathan Knight,1610612750,MIN,24.0,37,7,0.125,2,11,0.182,0.182,0.125,2,11,0.182,0.0,0,0,,2021-22,Regular Season,2 Dribbles
1627846,Abdel Nader,1610612756,PHX,28.0,14,8,0.314,2,11,0.182,0.182,0.314,2,11,0.182,0.0,0,0,,2021-22,Regular Season,2 Dribbles
1626158,Richaun Holmes,1610612758,SAC,28.0,44,9,0.035,9,10,0.9,0.9,0.035,9,10,0.9,0.0,0,0,,2021-22,Regular Season,2 Dribbles
1629655,Daniel Gafford,1610612764,WAS,23.0,72,8,0.024,8,10,0.8,0.8,0.024,8,10,0.8,0.0,0,0,,2021-22,Regular Season,2 Dribbles
1630549,Day'Ron Sharpe,1610612751,BKN,20.0,32,8,0.067,5,10,0.5,0.5,0.067,5,10,0.5,0.0,0,0,,2021-22,Regular Season,2 Dribbles
1629685,Dylan Windler,1610612739,CLE,25.0,50,9,0.102,5,10,0.5,0.5,0.092,5,9,0.556,0.01,0,1,0.0,2021-22,Regular Season,2 Dribbles
1629658,Jaylen Hoard,1610612760,OKC,23.0,7,5,0.111,5,10,0.5,0.5,0.111,5,10,0.5,0.0,0,0,,2021-22,Regular Season,2 Dribbles
1627739,Kris Dunn,1610612757,POR,28.0,14,9,0.098,4,10,0.4,0.4,0.098,4,10,0.4,0.0,0,0,,2021-22,Regular Season,2 Dribbles
1630215,Jared Butler,1610612762,UTA,21.0,42,8,0.066,4,10,0.4,0.5,0.04,2,6,0.333,0.026,2,4,0.5,2021-22,Regular Season,2 Dribbles
1626147,Justin Anderson,1610612754,IND,28.0,16,7,0.105,4,10,0.4,0.4,0.095,4,9,0.444,0.011,0,1,0.0,2021-22,Regular Season,2 Dribbles
1628995,Kevin Knox II,1610612737,ATL,22.0,30,9,0.118,1,10,0.1,0.1,0.094,1,8,0.125,0.024,0,2,0.0,2021-22,Regular Season,2 Dribbles
1630688,Ish Wainright,1610612756,PHX,27.0,44,6,0.09,7,9,0.778,0.778,0.09,7,9,0.778,0.0,0,0,,2021-22,Regular Season,2 Dribbles
1629657,Kyle Guy,1610612748,MIA,24.0,19,7,0.138,6,9,0.667,0.722,0.108,5,7,0.714,0.031,1,2,0.5,2021-22,Regular Season,2 Dribbles
1626246,Boban Marjanovic,1610612742,DAL,33.0,23,7,0.129,6,9,0.667,0.667,0.129,6,9,0.667,0.0,0,0,,2021-22,Regular Season,2 Dribbles
1629006,Josh Okogie,1610612750,MIN,23.0,49,7,0.087,6,9,0.667,0.667,0.087,6,9,0.667,0.0,0,0,,2021-22,Regular Season,2 Dribbles
201572,Brook Lopez,1610612749,MIL,34.0,13,6,0.069,3,9,0.333,0.333,0.069,3,9,0.333,0.0,0,0,,2021-22,Regular Season,2 Dribbles
202328,Greg Monroe,1610612750,MIN,32.0,14,6,0.158,3,9,0.333,0.333,0.158,3,9,0.333,0.0,0,0,,2021-22,Regular Season,2 Dribbles
203469,Cody Zeller,1610612757,POR,29.0,27,8,0.1,3,9,0.333,0.333,0.1,3,9,0.333,0.0,0,0,,2021-22,Regular Season,2 Dribbles
1630186,Jahmi'us Ramsey,1610612758,SAC,21.0,19,8,0.155,3,9,0.333,0.333,0.155,3,9,0.333,0.0,0,0,,2021-22,Regular Season,2 Dribbles
1630168,Onyeka Okongwu,1610612737,ATL,21.0,48,9,0.04,3,9,0.333,0.333,0.04,3,9,0.333,0.0,0,0,,2021-22,Regular Season,2 Dribbles
203506,Victor Oladipo,1610612748,MIA,30.0,8,5,0.123,3,9,0.333,0.389,0.096,2,7,0.286,0.027,1,2,0.5,2021-22,Regular Season,2 Dribbles
1630322,Lindy Waters III,1610612760,OKC,24.0,25,6,0.051,1,9,0.111,0.167,0.029,0,5,0.0,0.023,1,4,0.25,2021-22,Regular Season,2 Dribbles
1628539,Mychal Mulder,1610612748,MIA,28.0,17,7,0.117,1,9,0.111,0.111,0.104,1,8,0.125,0.013,0,1,0.0,2021-22,Regular Season,2 Dribbles
1628380,Zach Collins,1610612759,SAS,24.0,28,7,0.052,6,8,0.75,0.75,0.052,6,8,0.75,0.0,0,0,,2021-22,Regular Season,2 Dribbles
1630540,Miles McBride,1610612752,NYK,21.0,40,7,0.076,4,8,0.5,0.563,0.038,3,4,0.75,0.038,1,4,0.25,2021-22,Regular Season,2 Dribbles
1630296,Braxton Key,1610612765,DET,25.0,11,5,0.111,3,8,0.375,0.375,0.097,3,7,0.429,0.014,0,1,0.0,2021-22,Regular Season,2 Dribbles
1629875,Xavier Moon,1610612746,LAC,27.0,10,5,0.157,3,8,0.375,0.375,0.137,3,7,0.429,0.02,0,1,0.0,2021-22,Regular Season,2 Dribbles
1630199,Cassius Stanley,1610612765,DET,22.0,9,5,0.174,3,8,0.375,0.375,0.174,3,8,0.375,0.0,0,0,,2021-22,Regular Season,2 Dribbles
1628035,Alfonzo McKinnie,1610612741,CHI,29.0,17,5,0.131,2,8,0.25,0.25,0.115,2,7,0.286,0.016,0,1,0.0,2021-22,Regular Season,2 Dribbles
1630606,Javonte Smart,1610612748,MIA,23.0,17,7,0.133,2,8,0.25,0.25,0.117,2,7,0.286,0.017,0,1,0.0,2021-22,Regular Season,2 Dribbles
1627884,Derrick Jones Jr.,1610612741,CHI,25.0,51,7,0.041,2,8,0.25,0.25,0.041,2,8,0.25,0.0,0,0,,2021-22,Regular Season,2 Dribbles
202683,Enes Freedom,1610612738,BOS,30.0,34,6,0.072,5,7,0.714,0.714,0.072,5,7,0.714,0.0,0,0,,2021-22,Regular Season,2 Dribbles
1629623,Lindell Wigginton,1610612749,MIL,24.0,19,4,0.115,5,7,0.714,0.786,0.098,4,6,0.667,0.016,1,1,1.0,2021-22,Regular Season,2 Dribbles
1627774,Jake Layman,1610612750,MIN,28.0,34,6,0.096,3,7,0.429,0.429,0.096,3,7,0.429,0.0,0,0,,2021-22,Regular Season,2 Dribbles
1629048,Goga Bitadze,1610612754,IND,22.0,50,6,0.028,3,7,0.429,0.429,0.028,3,7,0.429,0.0,0,0,,2021-22,Regular Season,2 Dribbles
1630568,Luka Garza,1610612765,DET,23.0,31,5,0.05,3,7,0.429,0.429,0.043,3,6,0.5,0.007,0,1,0.0,2021-22,Regular Season,2 Dribbles
1628408,PJ Dozier,1610612743,DEN,25.0,18,5,0.071,2,7,0.286,0.286,0.04,2,4,0.5,0.03,0,3,0.0,2021-22,Regular Season,2 Dribbles
202687,Bismack Biyombo,1610612756,PHX,29.0,35,4,0.049,2,7,0.286,0.286,0.049,2,7,0.286,0.0,0,0,,2021-22,Regular Season,2 Dribbles
204025,Tim Frazier,1610612739,CLE,31.0,12,6,0.156,1,7,0.143,0.143,0.156,1,7,0.143,0.0,0,0,,2021-22,Regular Season,2 Dribbles
1628400,Semi Ojeleye,1610612746,LAC,27.0,30,6,0.071,1,7,0.143,0.143,0.071,1,7,0.143,0.0,0,0,,2021-22,Regular Season,2 Dribbles
1627737,Marquese Chriss,1610612742,DAL,24.0,34,6,0.045,5,6,0.833,0.833,0.045,5,6,0.833,0.0,0,0,,2021-22,Regular Season,2 Dribbles
1628981,Bruno Fernando,1610612745,HOU,23.0,30,3,0.109,5,6,0.833,0.833,0.109,5,6,0.833,0.0,0,0,,2021-22,Regular Season,2 Dribbles
1629755,Hassani Gravett,1610612753,ORL,25.0,8,4,0.158,4,6,0.667,0.833,0.053,2,2,1.0,0.105,2,4,0.5,2021-22,Regular Season,2 Dribbles
201959,Taj Gibson,1610612752,NYK,37.0,51,5,0.037,4,6,0.667,0.667,0.037,4,6,0.667,0.0,0,0,,2021-22,Regular Season,2 Dribbles
1629678,Admiral Schofield,1610612753,ORL,25.0,38,6,0.047,3,6,0.5,0.5,0.047,3,6,0.5,0.0,0,0,,2021-22,Regular Season,2 Dribbles
1630586,Usman Garuba,1610612745,HOU,20.0,24,5,0.136,3,6,0.5,0.5,0.114,3,5,0.6,0.023,0,1,0.0,2021-22,Regular Season,2 Dribbles
1630206,Jay Scrubb,1610612746,LAC,21.0,17,4,0.133,3,6,0.5,0.5,0.111,3,5,0.6,0.022,0,1,0.0,2021-22,Regular Season,2 Dribbles
2738,Andre Iguodala,1610612744,GSW,38.0,30,5,0.051,3,6,0.5,0.5,0.042,3,5,0.6,0.008,0,1,0.0,2021-22,Regular Season,2 Dribbles
1630195,Leandro Bolmaro,1610612750,MIN,21.0,35,4,0.111,3,6,0.5,0.5,0.111,3,6,0.5,0.0,0,0,,2021-22,Regular Season,2 Dribbles
1630285,Zavier Simpson,1610612760,OKC,25.0,4,4,0.115,2,6,0.333,0.333,0.096,2,5,0.4,0.019,0,1,0.0,2021-22,Regular Season,2 Dribbles
1628982,Melvin Frazier Jr.,1610612760,OKC,25.0,3,3,0.125,2,6,0.333,0.333,0.104,2,5,0.4,0.021,0,1,0.0,2021-22,Regular Season,2 Dribbles
1630227,Daishen Nix,1610612745,HOU,20.0,24,6,0.09,2,6,0.333,0.333,0.09,2,6,0.333,0.0,0,0,,2021-22,Regular Season,2 Dribbles
203920,Khem Birch,1610612761,TOR,29.0,55,5,0.03,2,6,0.333,0.333,0.03,2,6,0.333,0.0,0,0,,2021-22,Regular Season,2 Dribbles
1629620,Justin Robinson,1610612765,DET,24.0,24,6,0.066,2,6,0.333,0.333,0.055,2,5,0.4,0.011,0,1,0.0,2021-22,Regular Season,2 Dribbles
2772,Trevor Ariza,1610612747,LAL,37.0,24,6,0.061,1,6,0.167,0.167,0.061,1,6,0.167,0.0,0,0,,2021-22,Regular Season,2 Dribbles
1627823,Juancho Hernangomez,1610612762,UTA,26.0,40,6,0.057,1,6,0.167,0.167,0.057,1,6,0.167,0.0,0,0,,2021-22,Regular Season,2 Dribbles
202688,Brandon Knight,1610612742,DAL,30.0,5,3,0.2,4,5,0.8,0.8,0.16,4,4,1.0,0.04,0,1,0.0,2021-22,Regular Season,2 Dribbles
1629719,Devontae Cacok,1610612759,SAS,25.0,15,4,0.161,4,5,0.8,0.8,0.161,4,5,0.8,0.0,0,0,,2021-22,Regular Season,2 Dribbles
1629663,Louis King,1610612758,SAC,23.0,10,5,0.106,3,5,0.6,0.6,0.106,3,5,0.6,0.0,0,0,,2021-22,Regular Season,2 Dribbles
1630686,Georgios Kalaitzakis,1610612760,OKC,23.0,13,2,0.075,3,5,0.6,0.6,0.075,3,5,0.6,0.0,0,0,,2021-22,Regular Season,2 Dribbles
1629109,Gary Clark,1610612740,NOP,27.0,37,5,0.06,2,5,0.4,0.4,0.06,2,5,0.4,0.0,0,0,,2021-22,Regular Season,2 Dribbles
1629650,Moses Brown,1610612739,CLE,22.0,40,4,0.046,2,5,0.4,0.4,0.046,2,5,0.4,0.0,0,0,,2021-22,Regular Season,2 Dribbles
203488,Mike Muscala,1610612760,OKC,30.0,43,5,0.02,2,5,0.4,0.4,0.02,2,5,0.4,0.0,0,0,,2021-22,Regular Season,2 Dribbles
203917,Nik Stauskas,1610612738,BOS,28.0,8,3,0.357,2,5,0.4,0.5,0.214,1,3,0.333,0.143,1,2,0.5,2021-22,Regular Season,2 Dribbles
1629718,Charlie Brown Jr.,1610612755,PHI,25.0,22,4,0.128,2,5,0.4,0.4,0.128,2,5,0.4,0.0,0,0,,2021-22,Regular Season,2 Dribbles
1630552,Jalen Johnson,1610612737,ATL,20.0,22,3,0.122,2,5,0.4,0.4,0.122,2,5,0.4,0.0,0,0,,2021-22,Regular Season,2 Dribbles
1630587,Isaiah Livers,1610612765,DET,23.0,19,5,0.056,2,5,0.4,0.4,0.056,2,5,0.4,0.0,0,0,,2021-22,Regular Season,2 Dribbles
203457,Nerlens Noel,1610612752,NYK,28.0,25,5,0.083,2,5,0.4,0.4,0.083,2,5,0.4,0.0,0,0,,2021-22,Regular Season,2 Dribbles
203516,James Ennis III,1610612743,DEN,31.0,7,4,0.208,2,5,0.4,0.4,0.208,2,5,0.4,0.0,0,0,,2021-22,Regular Season,2 Dribbles
203476,Gorgui Dieng,1610612737,ATL,32.0,44,5,0.045,2,5,0.4,0.5,0.027,1,3,0.333,0.018,1,2,0.5,2021-22,Regular Season,2 Dribbles
1630561,David Duke Jr.,1610612751,BKN,22.0,22,4,0.046,1,5,0.2,0.2,0.028,1,3,0.333,0.019,0,2,0.0,2021-22,Regular Season,2 Dribbles
1629185,Chris Chiozza,1610612744,GSW,26.0,33,5,0.063,0,5,0.0,0.0,0.025,0,2,0.0,0.038,0,3,0.0,2021-22,Regular Season,2 Dribbles
1629057,Robert Williams III,1610612738,BOS,24.0,60,4,0.011,3,4,0.75,0.75,0.011,3,4,0.75,0.0,0,0,,2021-22,Regular Season,2 Dribbles
1630219,Skylar Mays,1610612737,ATL,24.0,28,3,0.063,2,4,0.5,0.5,0.063,2,4,0.5,0.0,0,0,,2021-22,Regular Season,2 Dribbles
202324,Derrick Favors,1610612760,OKC,30.0,39,4,0.022,2,4,0.5,0.5,0.022,2,4,0.5,0.0,0,0,,2021-22,Regular Season,2 Dribbles
1629626,Bol Bol,1610612753,ORL,22.0,14,4,0.148,2,4,0.5,0.5,0.148,2,4,0.5,0.0,0,0,,2021-22,Regular Season,2 Dribbles
1630222,Mason Jones,1610612747,LAL,23.0,4,2,0.267,2,4,0.5,0.5,0.267,2,4,0.5,0.0,0,0,,2021-22,Regular Season,2 Dribbles
1630550,JT Thor,1610612766,CHA,19.0,33,4,0.073,2,4,0.5,0.5,0.073,2,4,0.5,0.0,0,0,,2021-22,Regular Season,2 Dribbles
1629035,Carsen Edwards,1610612765,DET,24.0,4,3,0.133,2,4,0.5,0.625,0.033,1,1,1.0,0.1,1,3,0.333,2021-22,Regular Season,2 Dribbles
1629005,Malik Newman,1610612739,CLE,25.0,1,1,0.8,2,4,0.5,0.5,0.6,2,3,0.667,0.2,0,1,0.0,2021-22,Regular Season,2 Dribbles
1628427,Vlatko Čančar,1610612743,DEN,25.0,15,4,0.098,1,4,0.25,0.25,0.098,1,4,0.25,0.0,0,0,,2021-22,Regular Season,2 Dribbles
1629111,Jock Landale,1610612759,SAS,26.0,54,4,0.02,1,4,0.25,0.25,0.02,1,4,0.25,0.0,0,0,,2021-22,Regular Season,2 Dribbles
203953,Jabari Parker,1610612738,BOS,27.0,12,3,0.105,1,4,0.25,0.375,0.079,0,3,0.0,0.026,1,1,1.0,2021-22,Regular Season,2 Dribbles
1629682,Tremont Waters,1610612764,WAS,24.0,3,3,0.286,1,4,0.25,0.25,0.071,1,1,1.0,0.214,0,3,0.0,2021-22,Regular Season,2 Dribbles
1628993,Alize Johnson,1610612740,NOP,26.0,23,4,0.105,0,4,0.0,0.0,0.105,0,4,0.0,0.0,0,0,,2021-22,Regular Season,2 Dribbles
1628418,Thomas Bryant,1610612764,WAS,24.0,27,4,0.027,0,4,0.0,0.0,0.027,0,4,0.0,0.0,0,0,,2021-22,Regular Season,2 Dribbles
1627820,Tyrone Wallace,1610612740,NOP,28.0,6,4,0.2,0,4,0.0,0.0,0.15,0,3,0.0,0.05,0,1,0.0,2021-22,Regular Season,2 Dribbles
1630580,Joe Wieskamp,1610612759,SAS,22.0,29,4,0.071,0,4,0.0,0.0,0.054,0,3,0.0,0.018,0,1,0.0,2021-22,Regular Season,2 Dribbles
1629653,Devon Dotson,1610612741,CHI,22.0,11,3,0.13,3,3,1.0,1.0,0.13,3,3,1.0,0.0,0,0,,2021-22,Regular Season,2 Dribbles
2730,Dwight Howard,1610612747,LAL,36.0,60,3,0.014,3,3,1.0,1.0,0.014,3,3,1.0,0.0,0,0,,2021-22,Regular Season,2 Dribbles
1629011,Mitchell Robinson,1610612752,NYK,24.0,71,3,0.009,2,3,0.667,0.667,0.009,2,3,0.667,0.0,0,0,,2021-22,Regular Season,2 Dribbles
1630243,Trevelin Queen,1610612745,HOU,25.0,10,2,0.091,2,3,0.667,0.833,0.03,1,1,1.0,0.061,1,2,0.5,2021-22,Regular Season,2 Dribbles
1629683,Quinndary Weatherspoon,1610612744,GSW,25.0,11,3,0.143,2,3,0.667,0.667,0.143,2,3,0.667,0.0,0,0,,2021-22,Regular Season,2 Dribbles
1628411,Wes Iwundu,1610612737,ATL,27.0,3,2,0.167,2,3,0.667,0.667,0.167,2,3,0.667,0.0,0,0,,2021-22,Regular Season,2 Dribbles
1630994,Gabriel Lundberg,1610612756,PHX,27.0,4,2,0.158,2,3,0.667,0.833,0.053,1,1,1.0,0.105,1,2,0.5,2021-22,Regular Season,2 Dribbles
1628382,Justin Jackson,1610612756,PHX,27.0,6,3,0.3,1,3,0.333,0.333,0.3,1,3,0.333,0.0,0,0,,2021-22,Regular Season,2 Dribbles
1629674,Neemias Queta,1610612758,SAC,22.0,15,2,0.079,1,3,0.333,0.333,0.079,1,3,0.333,0.0,0,0,,2021-22,Regular Season,2 Dribbles
1629312,Haywood Highsmith,1610612748,MIA,25.0,19,2,0.065,1,3,0.333,0.333,0.065,1,3,0.333,0.0,0,0,,2021-22,Regular Season,2 Dribbles
1627756,Denzel Valentine,1610612762,UTA,28.0,24,3,0.045,1,3,0.333,0.333,0.045,1,3,0.333,0.0,0,0,,2021-22,Regular Season,2 Dribbles
1630691,Jamorko Pickett,1610612765,DET,24.0,13,3,0.06,1,3,0.333,0.5,0.04,0,2,0.0,0.02,1,1,1.0,2021-22,Regular Season,2 Dribbles
1630602,Chaundee Brown Jr.,1610612737,ATL,23.0,5,2,0.094,0,3,0.0,0.0,0.094,0,3,0.0,0.0,0,0,,2021-22,Regular Season,2 Dribbles
1630612,Ruben Nembhard Jr.,1610612739,CLE,23.0,14,3,0.167,0,3,0.0,0.0,0.167,0,3,0.0,0.0,0,0,,2021-22,Regular Season,2 Dribbles
1629168,BJ Johnson,1610612753,ORL,26.0,4,2,0.12,0,3,0.0,0.0,0.12,0,3,0.0,0.0,0,0,,2021-22,Regular Season,2 Dribbles
1630238,Malik Fitts,1610612738,BOS,24.0,15,1,0.158,0,3,0.0,0.0,0.158,0,3,0.0,0.0,0,0,,2021-22,Regular Season,2 Dribbles
1630758,Aleem Ford,1610612753,ORL,24.0,5,2,0.1,2,2,1.0,1.0,0.1,2,2,1.0,0.0,0,0,,2021-22,Regular Season,2 Dribbles
1629603,Mamadi Diakite,1610612760,OKC,25.0,13,2,0.043,2,2,1.0,1.0,0.043,2,2,1.0,0.0,0,0,,2021-22,Regular Season,2 Dribbles
1629607,Jared Harper,1610612740,NOP,24.0,5,2,0.077,2,2,1.0,1.0,0.077,2,2,1.0,0.0,0,0,,2021-22,Regular Season,2 Dribbles
1630466,Gabriel Deck,1610612760,OKC,27.0,7,2,0.143,1,2,0.5,0.5,0.143,1,2,0.5,0.0,0,0,,2021-22,Regular Season,2 Dribbles
1628396,Tony Bradley,1610612741,CHI,24.0,55,2,0.016,1,2,0.5,0.5,0.016,1,2,0.5,0.0,0,0,,2021-22,Regular Season,2 Dribbles
1630698,Kevin Pangos,1610612739,CLE,29.0,24,2,0.043,1,2,0.5,0.5,0.043,1,2,0.5,0.0,0,0,,2021-22,Regular Season,2 Dribbles
2617,Udonis Haslem,1610612748,MIA,42.0,13,2,0.065,1,2,0.5,0.5,0.065,1,2,0.5,0.0,0,0,,2021-22,Regular Season,2 Dribbles
1626161,Willie Cauley-Stein,1610612755,PHI,28.0,20,2,0.057,1,2,0.5,0.5,0.057,1,2,0.5,0.0,0,0,,2021-22,Regular Season,2 Dribbles
1630792,Malcolm Hill,1610612741,CHI,26.0,19,2,0.038,1,2,0.5,0.5,0.038,1,2,0.5,0.0,0,0,,2021-22,Regular Season,2 Dribbles
1629644,KZ Okpala,1610612748,MIA,23.0,21,2,0.029,1,2,0.5,0.5,0.029,1,2,0.5,0.0,0,0,,2021-22,Regular Season,2 Dribbles
1630644,Mac McClung,1610612747,LAL,23.0,2,2,0.333,1,2,0.5,0.5,0.167,1,1,1.0,0.167,0,1,0.0,2021-22,Regular Season,2 Dribbles
1630270,Xavier Sneed,1610612762,UTA,24.0,9,2,0.2,1,2,0.5,0.5,0.2,1,2,0.5,0.0,0,0,,2021-22,Regular Season,2 Dribbles
1630288,Jeff Dowtin Jr.,1610612753,ORL,25.0,9,1,0.077,0,2,0.0,0.0,0.077,0,2,0.0,0.0,0,0,,2021-22,Regular Season,2 Dribbles
1630647,Eugene Omoruyi,1610612742,DAL,25.0,4,2,0.4,0,2,0.0,0.0,0.4,0,2,0.0,0.0,0,0,,2021-22,Regular Season,2 Dribbles
1630846,Olivier Sarr,1610612760,OKC,23.0,22,2,0.02,0,2,0.0,0.0,0.02,0,2,0.0,0.0,0,0,,2021-22,Regular Season,2 Dribbles
1630585,Marcus Garrett,1610612748,MIA,23.0,12,2,0.095,0,2,0.0,0.0,0.095,0,2,0.0,0.0,0,0,,2021-22,Regular Season,2 Dribbles
1629712,Didi Louzada,1610612757,POR,22.0,9,2,0.061,0,2,0.0,0.0,0.061,0,2,0.0,0.0,0,0,,2021-22,Regular Season,2 Dribbles
1630208,Nick Richards,1610612766,CHA,24.0,49,2,0.024,0,2,0.0,0.0,0.024,0,2,0.0,0.0,0,0,,2021-22,Regular Season,2 Dribbles
1629962,Devin Cannady,1610612753,ORL,26.0,5,2,0.045,0,2,0.0,0.0,0.045,0,2,0.0,0.0,0,0,,2021-22,Regular Season,2 Dribbles
204038,Langston Galloway,1610612749,MIL,30.0,7,2,0.077,0,2,0.0,0.0,0.077,0,2,0.0,0.0,0,0,,2021-22,Regular Season,2 Dribbles
1630218,Robert Woodard II,1610612759,SAS,22.0,12,2,0.125,0,2,0.0,0.0,0.125,0,2,0.0,0.0,0,0,,2021-22,Regular Season,2 Dribbles
1628391,D.J. Wilson,1610612761,TOR,26.0,4,2,0.133,0,2,0.0,0.0,0.133,0,2,0.0,0.0,0,0,,2021-22,Regular Season,2 Dribbles
1630273,Freddie Gillespie,1610612753,ORL,25.0,9,1,0.045,1,1,1.0,1.0,0.045,1,1,1.0,0.0,0,0,,2021-22,Regular Season,2 Dribbles
1629635,Sekou Doumbouya,1610612747,LAL,21.0,2,1,0.125,1,1,1.0,1.0,0.125,1,1,1.0,0.0,0,0,,2021-22,Regular Season,2 Dribbles
1627885,Shaquille Harrison,1610612751,BKN,28.0,2,1,0.167,1,1,1.0,1.0,0.167,1,1,1.0,0.0,0,0,,2021-22,Regular Season,2 Dribbles
1630787,Cameron McGriff,1610612757,POR,24.0,3,1,0.071,1,1,1.0,1.0,0.071,1,1,1.0,0.0,0,0,,2021-22,Regular Season,2 Dribbles
201954,Darren Collison,1610612747,LAL,34.0,3,1,0.143,1,1,1.0,1.0,0.143,1,1,1.0,0.0,0,0,,2021-22,Regular Season,2 Dribbles
1630179,Tyrell Terry,1610612763,MEM,21.0,2,1,1.0,1,1,1.0,1.0,1.0,1,1,1.0,0.0,0,0,,2021-22,Regular Season,2 Dribbles
201599,DeAndre Jordan,1610612755,PHI,33.0,48,1,0.007,1,1,1.0,1.0,0.007,1,1,1.0,0.0,0,0,,2021-22,Regular Season,2 Dribbles
1630271,Brodric Thomas,1610612738,BOS,25.0,12,1,0.056,1,1,1.0,1.0,0.056,1,1,1.0,0.0,0,0,,2021-22,Regular Season,2 Dribbles
1628422,Damyean Dotson,1610612752,NYK,28.0,2,1,0.25,1,1,1.0,1.0,0.25,1,1,1.0,0.0,0,0,,2021-22,Regular Season,2 Dribbles
1629958,Ahmad Caver,1610612754,IND,25.0,1,1,1.0,1,1,1.0,1.0,1.0,1,1,1.0,0.0,0,0,,2021-22,Regular Season,2 Dribbles
1629600,Jarron Cumberland,1610612757,POR,24.0,3,1,0.5,1,1,1.0,1.0,0.5,1,1,1.0,0.0,0,0,,2021-22,Regular Season,2 Dribbles
1628591,Craig Sword,1610612764,WAS,28.0,3,1,0.25,1,1,1.0,1.0,0.25,1,1,1.0,0.0,0,0,,2021-22,Regular Season,2 Dribbles
1630176,Vernon Carey Jr.,1610612764,WAS,21.0,7,1,0.077,1,1,1.0,1.0,0.077,1,1,1.0,0.0,0,0,,2021-22,Regular Season,2 Dribbles
203816,Scotty Hopson,1610612760,OKC,32.0,1,1,0.25,1,1,1.0,1.0,0.25,1,1,1.0,0.0,0,0,,2021-22,Regular Season,2 Dribbles
1630565,Aaron Henry,1610612755,PHI,22.0,6,1,0.2,0,1,0.0,0.0,0.2,0,1,0.0,0.0,0,0,,2021-22,Regular Season,2 Dribbles
1630207,Nate Hinton,1610612754,IND,23.0,2,1,1.0,0,1,0.0,0.0,1.0,0,1,0.0,0.0,0,0,,2021-22,Regular Season,2 Dribbles
1629619,Myles Powell,1610612755,PHI,24.0,11,1,0.059,0,1,0.0,0.0,0.059,0,1,0.0,0.0,0,0,,2021-22,Regular Season,2 Dribbles
1630536,Sharife Cooper,1610612737,ATL,21.0,13,1,0.071,0,1,0.0,0.0,0.071,0,1,0.0,0.0,0,0,,2021-22,Regular Season,2 Dribbles
1629076,Tyler Cook,1610612741,CHI,24.0,20,1,0.026,0,1,0.0,0.0,0.026,0,1,0.0,0.0,0,0,,2021-22,Regular Season,2 Dribbles
1630637,Carlik Jones,1610612743,DEN,24.0,5,1,0.111,0,1,0.0,0.0,0.111,0,1,0.0,0.0,0,0,,2021-22,Regular Season,2 Dribbles
1628436,Luke Kornet,1610612738,BOS,26.0,15,1,0.037,0,1,0.0,0.0,0.037,0,1,0.0,0.0,0,0,,2021-22,Regular Season,2 Dribbles
1630605,JaQuori McLaughlin,1610612742,DAL,24.0,4,1,0.5,0,1,0.0,0.0,0.0,0,0,,0.5,0,1,0.0,2021-22,Regular Season,2 Dribbles
1629033,Theo Pinson,1610612742,DAL,26.0,19,1,0.026,0,1,0.0,0.0,0.0,0,0,,0.026,0,1,0.0,2021-22,Regular Season,2 Dribbles
1627853,Ryan Arcidiacono,1610612752,NYK,28.0,10,1,0.083,0,1,0.0,0.0,0.0,0,0,,0.083,0,1,0.0,2021-22,Regular Season,2 Dribbles
1628994,George King,1610612742,DAL,28.0,4,1,0.2,0,1,0.0,0.0,0.2,0,1,0.0,0.0,0,0,,2021-22,Regular Season,2 Dribbles
1630648,Jordan Schakel,1610612764,WAS,24.0,4,1,0.091,0,1,0.0,0.0,0.091,0,1,0.0,0.0,0,0,,2021-22,Regular Season,2 Dribbles
1630286,Trevon Scott,1610612739,CLE,25.0,2,1,0.167,0,1,0.0,0.0,0.167,0,1,0.0,0.0,0,0,,2021-22,Regular Season,2 Dribbles
1627782,Wayne Selden,1610612752,NYK,27.0,3,1,0.25,0,1,0.0,0.0,0.25,0,1,0.0,0.0,0,0,,2021-22,Regular Season,2 Dribbles
1628778,Paul Watson,1610612760,OKC,27.0,9,1,0.029,0,1,0.0,0.0,0.029,0,1,0.0,0.0,0,0,,2021-22,Regular Season,2 Dribbles
1628962,Udoka Azubuike,1610612762,UTA,22.0,17,1,0.02,0,1,0.0,0.0,0.02,0,1,0.0,0.0,0,0,,2021-22,Regular Season,2 Dribbles
1630643,Jay Huff,1610612747,LAL,24.0,4,1,0.333,0,1,0.0,0.0,0.333,0,1,0.0,0.0,0,0,,2021-22,Regular Season,2 Dribbles
1630555,Joel Ayayi,1610612764,WAS,22.0,7,1,0.167,0,1,0.0,0.0,0.0,0,0,,0.167,0,1,0.0,2021-22,Regular Season,2 Dribbles
1630216,Cassius Winston,1610612764,WAS,24.0,7,1,0.091,0,1,0.0,0.0,0.0,0,0,,0.091,0,1,0.0,2021-22,Regular Season,2 Dribbles
1630250,Marko Simonovic,1610612741,CHI,22.0,9,1,0.067,0,1,0.0,0.0,0.067,0,1,0.0,0.0,0,0,,2021-22,Regular Season,2 Dribbles
201942,DeMar DeRozan,1610612741,CHI,32.0,76,76,0.329,278,505,0.55,0.55,0.326,278,501,0.555,0.003,0,4,0.0,2021-22,Regular Season,3-6 Dribbles
1629027,Trae Young,1610612737,ATL,23.0,76,75,0.312,224,481,0.466,0.534,0.199,158,307,0.515,0.113,66,174,0.379,2021-22,Regular Season,3-6 Dribbles
1628368,De'Aaron Fox,1610612758,SAC,24.0,58,58,0.404,216,435,0.497,0.518,0.349,197,376,0.524,0.055,19,59,0.322,2021-22,Regular Season,3-6 Dribbles
1628378,Donovan Mitchell,1610612762,UTA,25.0,67,67,0.314,195,433,0.45,0.52,0.194,135,267,0.506,0.121,60,166,0.361,2021-22,Regular Season,3-6 Dribbles
1628369,Jayson Tatum,1610612738,BOS,24.0,75,75,0.278,183,429,0.427,0.479,0.196,138,302,0.457,0.082,45,127,0.354,2021-22,Regular Season,3-6 Dribbles
1628983,Shai Gilgeous-Alexander,1610612760,OKC,23.0,56,56,0.388,180,407,0.442,0.473,0.296,155,311,0.498,0.091,25,96,0.26,2021-22,Regular Season,3-6 Dribbles
203468,CJ McCollum,1610612740,NOP,30.0,62,61,0.342,177,398,0.445,0.484,0.253,146,295,0.495,0.088,31,103,0.301,2021-22,Regular Season,3-6 Dribbles
201566,Russell Westbrook,1610612747,LAL,33.0,78,78,0.321,180,396,0.455,0.471,0.291,167,359,0.465,0.03,13,37,0.351,2021-22,Regular Season,3-6 Dribbles
1627749,Dejounte Murray,1610612759,SAS,25.0,68,68,0.317,188,394,0.477,0.497,0.273,172,339,0.507,0.044,16,55,0.291,2021-22,Regular Season,3-6 Dribbles
1629630,Ja Morant,1610612763,MEM,22.0,56,55,0.339,200,392,0.51,0.536,0.293,180,339,0.531,0.046,20,53,0.377,2021-22,Regular Season,3-6 Dribbles
1629029,Luka Doncic,1610612742,DAL,23.0,65,65,0.279,186,391,0.476,0.543,0.175,133,246,0.541,0.103,53,145,0.366,2021-22,Regular Season,3-6 Dribbles
203507,Giannis Antetokounmpo,1610612749,MIL,27.0,67,67,0.301,190,374,0.508,0.545,0.231,162,287,0.564,0.07,28,87,0.322,2021-22,Regular Season,3-6 Dribbles
203903,Jordan Clarkson,1610612762,UTA,30.0,79,78,0.327,167,364,0.459,0.508,0.22,131,245,0.535,0.107,36,119,0.303,2021-22,Regular Season,3-6 Dribbles
1626164,Devin Booker,1610612756,PHX,25.0,67,66,0.259,162,362,0.448,0.493,0.194,129,271,0.476,0.065,33,91,0.363,2021-22,Regular Season,3-6 Dribbles
1627783,Pascal Siakam,1610612761,TOR,28.0,68,68,0.296,177,357,0.496,0.497,0.287,176,347,0.507,0.008,1,10,0.1,2021-22,Regular Season,3-6 Dribbles
1628973,Jalen Brunson,1610612742,DAL,25.0,79,78,0.342,177,345,0.513,0.526,0.319,168,322,0.522,0.023,9,23,0.391,2021-22,Regular Season,3-6 Dribbles
202704,Reggie Jackson,1610612746,LAC,32.0,74,73,0.283,133,341,0.39,0.43,0.213,106,257,0.412,0.07,27,84,0.321,2021-22,Regular Season,3-6 Dribbles
1629628,RJ Barrett,1610612752,NYK,22.0,69,68,0.287,137,338,0.405,0.413,0.264,132,311,0.424,0.023,5,27,0.185,2021-22,Regular Season,3-6 Dribbles
1627759,Jaylen Brown,1610612738,BOS,25.0,65,61,0.273,164,328,0.5,0.534,0.225,142,271,0.524,0.047,22,57,0.386,2021-22,Regular Season,3-6 Dribbles
1630162,Anthony Edwards,1610612750,MIN,20.0,72,72,0.264,152,328,0.463,0.53,0.166,108,207,0.522,0.097,44,121,0.364,2021-22,Regular Season,3-6 Dribbles
203897,Zach LaVine,1610612741,CHI,27.0,67,64,0.277,143,328,0.436,0.468,0.202,122,239,0.51,0.075,21,89,0.236,2021-22,Regular Season,3-6 Dribbles
1629639,Tyler Herro,1610612748,MIA,22.0,66,66,0.288,135,323,0.418,0.447,0.23,116,258,0.45,0.058,19,65,0.292,2021-22,Regular Season,3-6 Dribbles
203944,Julius Randle,1610612752,NYK,27.0,71,66,0.26,126,318,0.396,0.415,0.224,114,275,0.415,0.035,12,43,0.279,2021-22,Regular Season,3-6 Dribbles
1629018,Gary Trent Jr.,1610612761,TOR,23.0,70,69,0.289,142,314,0.452,0.5,0.22,112,239,0.469,0.069,30,75,0.4,2021-22,Regular Season,3-6 Dribbles
1629636,Darius Garland,1610612739,CLE,22.0,68,66,0.253,137,296,0.463,0.525,0.172,100,202,0.495,0.08,37,94,0.394,2021-22,Regular Season,3-6 Dribbles
1630163,LaMelo Ball,1610612766,CHA,20.0,74,74,0.238,105,295,0.356,0.392,0.167,84,207,0.406,0.071,21,88,0.239,2021-22,Regular Season,3-6 Dribbles
1627747,Caris LeVert,1610612739,CLE,27.0,58,58,0.344,126,294,0.429,0.457,0.267,109,228,0.478,0.077,17,66,0.258,2021-22,Regular Season,3-6 Dribbles
201939,Stephen Curry,1610612744,GSW,34.0,64,61,0.24,127,293,0.433,0.527,0.108,72,132,0.545,0.132,55,161,0.342,2021-22,Regular Season,3-6 Dribbles
201935,James Harden,1610612755,PHI,32.0,65,64,0.291,120,289,0.415,0.483,0.181,81,180,0.45,0.11,39,109,0.358,2021-22,Regular Season,3-6 Dribbles
2544,LeBron James,1610612747,LAL,37.0,56,55,0.235,141,287,0.491,0.54,0.165,113,201,0.562,0.07,28,86,0.326,2021-22,Regular Season,3-6 Dribbles
1630178,Tyrese Maxey,1610612755,PHI,21.0,75,74,0.287,139,286,0.486,0.516,0.252,122,251,0.486,0.035,17,35,0.486,2021-22,Regular Season,3-6 Dribbles
1628970,Miles Bridges,1610612766,CHA,24.0,79,78,0.239,138,286,0.483,0.503,0.197,126,236,0.534,0.042,12,50,0.24,2021-22,Regular Season,3-6 Dribbles
1627832,Fred VanVleet,1610612761,TOR,28.0,65,65,0.259,125,284,0.44,0.523,0.145,78,159,0.491,0.114,47,125,0.376,2021-22,Regular Season,3-6 Dribbles
201950,Jrue Holiday,1610612749,MIL,32.0,67,64,0.291,140,278,0.504,0.57,0.202,103,193,0.534,0.089,37,85,0.435,2021-22,Regular Season,3-6 Dribbles
201142,Kevin Durant,1610612751,BKN,33.0,55,54,0.25,139,278,0.5,0.545,0.194,114,216,0.528,0.056,25,62,0.403,2021-22,Regular Season,3-6 Dribbles
202699,Tobias Harris,1610612755,PHI,29.0,73,71,0.27,130,276,0.471,0.487,0.253,121,259,0.467,0.017,9,17,0.529,2021-22,Regular Season,3-6 Dribbles
1630595,Cade Cunningham,1610612765,DET,20.0,63,63,0.272,125,275,0.455,0.473,0.229,115,232,0.496,0.042,10,43,0.233,2021-22,Regular Season,3-6 Dribbles
203114,Khris Middleton,1610612749,MIL,30.0,66,65,0.26,107,266,0.402,0.457,0.177,78,181,0.431,0.083,29,85,0.341,2021-22,Regular Season,3-6 Dribbles
1629645,Kevin Porter Jr.,1610612745,HOU,22.0,61,61,0.325,110,263,0.418,0.506,0.184,64,149,0.43,0.141,46,114,0.404,2021-22,Regular Season,3-6 Dribbles
201144,Mike Conley,1610612762,UTA,34.0,72,71,0.327,112,258,0.434,0.508,0.203,74,160,0.463,0.124,38,98,0.388,2021-22,Regular Season,3-6 Dribbles
1630224,Jalen Green,1610612745,HOU,20.0,67,67,0.27,108,258,0.419,0.475,0.187,79,178,0.444,0.084,29,80,0.363,2021-22,Regular Season,3-6 Dribbles
1626156,D'Angelo Russell,1610612750,MIN,26.0,65,63,0.265,97,258,0.376,0.424,0.167,72,163,0.442,0.097,25,95,0.263,2021-22,Regular Season,3-6 Dribbles
1627742,Brandon Ingram,1610612740,NOP,24.0,54,53,0.267,116,257,0.451,0.459,0.243,112,234,0.479,0.024,4,23,0.174,2021-22,Regular Season,3-6 Dribbles
1630558,Davion Mitchell,1610612758,SAC,23.0,74,71,0.307,115,256,0.449,0.48,0.232,99,193,0.513,0.076,16,63,0.254,2021-22,Regular Season,3-6 Dribbles
1630169,Tyrese Haliburton,1610612754,IND,22.0,76,71,0.284,108,255,0.424,0.476,0.204,81,183,0.443,0.08,27,72,0.375,2021-22,Regular Season,3-6 Dribbles
1626179,Terry Rozier,1610612766,CHA,28.0,72,70,0.22,120,254,0.472,0.51,0.177,101,204,0.495,0.043,19,50,0.38,2021-22,Regular Season,3-6 Dribbles
1630532,Franz Wagner,1610612753,ORL,20.0,79,74,0.254,116,248,0.468,0.484,0.23,108,224,0.482,0.025,8,24,0.333,2021-22,Regular Season,3-6 Dribbles
203954,Joel Embiid,1610612755,PHI,28.0,68,67,0.181,109,242,0.45,0.479,0.153,95,204,0.466,0.028,14,38,0.368,2021-22,Regular Season,3-6 Dribbles
1630175,Cole Anthony,1610612753,ORL,22.0,65,64,0.262,81,239,0.339,0.37,0.2,66,182,0.363,0.063,15,57,0.263,2021-22,Regular Season,3-6 Dribbles
1630544,Tre Mann,1610612760,OKC,21.0,60,56,0.393,96,231,0.416,0.474,0.274,69,161,0.429,0.119,27,70,0.386,2021-22,Regular Season,3-6 Dribbles
203078,Bradley Beal,1610612764,WAS,29.0,40,40,0.296,99,228,0.434,0.461,0.25,87,193,0.451,0.045,12,35,0.343,2021-22,Regular Season,3-6 Dribbles
1627741,Buddy Hield,1610612754,IND,29.0,80,72,0.208,95,224,0.424,0.471,0.143,74,154,0.481,0.065,21,70,0.3,2021-22,Regular Season,3-6 Dribbles
203952,Andrew Wiggins,1610612744,GSW,27.0,72,70,0.224,85,224,0.379,0.393,0.198,79,198,0.399,0.026,6,26,0.231,2021-22,Regular Season,3-6 Dribbles
1629673,Jordan Poole,1610612744,GSW,23.0,75,70,0.213,99,222,0.446,0.516,0.138,68,144,0.472,0.075,31,78,0.397,2021-22,Regular Season,3-6 Dribbles
203915,Spencer Dinwiddie,1610612742,DAL,29.0,67,65,0.302,97,222,0.437,0.482,0.211,77,155,0.497,0.091,20,67,0.299,2021-22,Regular Season,3-6 Dribbles
1630193,Immanuel Quickley,1610612752,NYK,23.0,77,72,0.31,92,221,0.416,0.471,0.191,68,136,0.5,0.119,24,85,0.282,2021-22,Regular Season,3-6 Dribbles
203115,Will Barton,1610612743,DEN,31.0,71,69,0.242,93,217,0.429,0.486,0.165,68,148,0.459,0.077,25,69,0.362,2021-22,Regular Season,3-6 Dribbles
1628401,Derrick White,1610612738,BOS,27.0,75,69,0.264,102,211,0.483,0.507,0.224,92,179,0.514,0.04,10,32,0.313,2021-22,Regular Season,3-6 Dribbles
1630567,Scottie Barnes,1610612761,TOR,20.0,74,71,0.226,96,211,0.455,0.464,0.217,92,202,0.455,0.01,4,9,0.444,2021-22,Regular Season,3-6 Dribbles
1630180,Saddiq Bey,1610612765,DET,23.0,81,73,0.186,71,210,0.338,0.352,0.159,65,179,0.363,0.028,6,31,0.194,2021-22,Regular Season,3-6 Dribbles
1628398,Kyle Kuzma,1610612764,WAS,26.0,66,62,0.216,92,202,0.455,0.475,0.179,84,168,0.5,0.036,8,34,0.235,2021-22,Regular Season,3-6 Dribbles
202331,Paul George,1610612746,LAC,32.0,31,31,0.311,86,198,0.434,0.487,0.221,65,141,0.461,0.089,21,57,0.368,2021-22,Regular Season,3-6 Dribbles
1630217,Desmond Bane,1610612763,MEM,24.0,76,69,0.179,95,197,0.482,0.541,0.13,72,143,0.503,0.049,23,54,0.426,2021-22,Regular Season,3-6 Dribbles
202681,Kyrie Irving,1610612751,BKN,30.0,29,28,0.312,99,192,0.516,0.578,0.242,75,149,0.503,0.07,24,43,0.558,2021-22,Regular Season,3-6 Dribbles
202711,Bojan Bogdanovic,1610612762,UTA,33.0,69,64,0.206,80,191,0.419,0.442,0.185,71,172,0.413,0.02,9,19,0.474,2021-22,Regular Season,3-6 Dribbles
202710,Jimmy Butler III,1610612748,MIA,32.0,57,55,0.229,83,190,0.437,0.442,0.217,81,180,0.45,0.012,2,10,0.2,2021-22,Regular Season,3-6 Dribbles
203992,Bogdan Bogdanović,1610612737,ATL,29.0,63,59,0.234,86,186,0.462,0.511,0.166,68,132,0.515,0.068,18,54,0.333,2021-22,Regular Season,3-6 Dribbles
1628370,Malik Monk,1610612747,LAL,24.0,76,67,0.224,75,185,0.405,0.451,0.154,58,127,0.457,0.07,17,58,0.293,2021-22,Regular Season,3-6 Dribbles
202694,Marcus Morris Sr.,1610612746,LAC,32.0,53,50,0.273,82,184,0.446,0.451,0.246,80,166,0.482,0.027,2,18,0.111,2021-22,Regular Season,3-6 Dribbles
1629022,Lonnie Walker IV,1610612759,SAS,23.0,70,64,0.241,76,184,0.413,0.44,0.192,66,147,0.449,0.048,10,37,0.27,2021-22,Regular Season,3-6 Dribbles
1627763,Malcolm Brogdon,1610612754,IND,29.0,36,35,0.333,78,181,0.431,0.453,0.267,70,145,0.483,0.066,8,36,0.222,2021-22,Regular Season,3-6 Dribbles
101108,Chris Paul,1610612756,PHX,37.0,64,61,0.249,98,180,0.544,0.594,0.183,80,132,0.606,0.066,18,48,0.375,2021-22,Regular Season,3-6 Dribbles
1629652,Luguentz Dort,1610612760,OKC,23.0,51,51,0.241,73,175,0.417,0.443,0.2,64,145,0.441,0.041,9,30,0.3,2021-22,Regular Season,3-6 Dribbles
1629611,Terance Mann,1610612746,LAC,25.0,80,70,0.254,72,174,0.414,0.431,0.222,66,152,0.434,0.032,6,22,0.273,2021-22,Regular Season,3-6 Dribbles
203924,Jerami Grant,1610612765,DET,28.0,47,46,0.246,77,172,0.448,0.453,0.237,75,166,0.452,0.009,2,6,0.333,2021-22,Regular Season,3-6 Dribbles
1629640,Keldon Johnson,1610612759,SAS,22.0,75,68,0.17,76,172,0.442,0.445,0.166,75,168,0.446,0.004,1,4,0.25,2021-22,Regular Season,3-6 Dribbles
1630581,Josh Giddey,1610612760,OKC,19.0,54,53,0.257,74,172,0.43,0.436,0.243,72,163,0.442,0.013,2,9,0.222,2021-22,Regular Season,3-6 Dribbles
1626181,Norman Powell,1610612746,LAC,29.0,45,43,0.283,79,171,0.462,0.482,0.243,72,147,0.49,0.04,7,24,0.292,2021-22,Regular Season,3-6 Dribbles
1628420,Monte Morris,1610612743,DEN,27.0,75,62,0.22,91,170,0.535,0.541,0.197,89,152,0.586,0.023,2,18,0.111,2021-22,Regular Season,3-6 Dribbles
1629014,Anfernee Simons,1610612757,POR,23.0,57,52,0.212,71,169,0.42,0.485,0.129,49,103,0.476,0.083,22,66,0.333,2021-22,Regular Season,3-6 Dribbles
203999,Nikola Jokić,1610612743,DEN,27.0,74,63,0.128,103,168,0.613,0.634,0.117,96,154,0.623,0.011,7,14,0.5,2021-22,Regular Season,3-6 Dribbles
1628415,Dillon Brooks,1610612763,MEM,26.0,31,30,0.33,66,168,0.393,0.402,0.291,63,148,0.426,0.039,3,20,0.15,2021-22,Regular Season,3-6 Dribbles
203935,Marcus Smart,1610612738,BOS,28.0,70,64,0.237,72,167,0.431,0.449,0.206,66,145,0.455,0.031,6,22,0.273,2021-22,Regular Season,3-6 Dribbles
1628384,OG Anunoby,1610612761,TOR,24.0,48,48,0.239,56,167,0.335,0.356,0.198,49,138,0.355,0.042,7,29,0.241,2021-22,Regular Season,3-6 Dribbles
203095,Evan Fournier,1610612752,NYK,29.0,79,63,0.177,69,166,0.416,0.47,0.126,51,118,0.432,0.051,18,48,0.375,2021-22,Regular Season,3-6 Dribbles
1628404,Josh Hart,1610612757,POR,27.0,53,48,0.295,96,165,0.582,0.609,0.256,87,143,0.608,0.039,9,22,0.409,2021-22,Regular Season,3-6 Dribbles
1629659,Talen Horton-Tucker,1610612747,LAL,21.0,60,51,0.307,76,165,0.461,0.476,0.277,71,149,0.477,0.03,5,16,0.313,2021-22,Regular Season,3-6 Dribbles
1630537,Chris Duarte,1610612754,IND,25.0,55,54,0.266,67,165,0.406,0.439,0.2,56,124,0.452,0.066,11,41,0.268,2021-22,Regular Season,3-6 Dribbles
202692,Alec Burks,1610612752,NYK,30.0,80,67,0.228,53,164,0.323,0.378,0.16,35,115,0.304,0.068,18,49,0.367,2021-22,Regular Season,3-6 Dribbles
1628991,Jaren Jackson Jr.,1610612763,MEM,22.0,77,64,0.156,75,160,0.469,0.472,0.152,74,156,0.474,0.004,1,4,0.25,2021-22,Regular Season,3-6 Dribbles
1630560,Cam Thomas,1610612751,BKN,20.0,67,52,0.316,66,159,0.415,0.437,0.249,59,125,0.472,0.068,7,34,0.206,2021-22,Regular Season,3-6 Dribbles
203471,Dennis Schröder,1610612745,HOU,28.0,63,58,0.219,68,156,0.436,0.446,0.191,65,136,0.478,0.028,3,20,0.15,2021-22,Regular Season,3-6 Dribbles
1630591,Jalen Suggs,1610612753,ORL,21.0,48,43,0.285,59,156,0.378,0.404,0.23,51,126,0.405,0.055,8,30,0.267,2021-22,Regular Season,3-6 Dribbles
1626166,Cameron Payne,1610612756,PHX,27.0,57,53,0.266,73,154,0.474,0.513,0.202,61,117,0.521,0.064,12,37,0.324,2021-22,Regular Season,3-6 Dribbles
203081,Damian Lillard,1610612757,POR,31.0,29,29,0.279,63,154,0.409,0.464,0.165,46,91,0.505,0.114,17,63,0.27,2021-22,Regular Season,3-6 Dribbles
200768,Kyle Lowry,1610612748,MIA,36.0,63,57,0.244,66,153,0.431,0.5,0.139,45,87,0.517,0.105,21,66,0.318,2021-22,Regular Season,3-6 Dribbles
1628984,Devonte' Graham,1610612740,NOP,27.0,75,64,0.191,46,153,0.301,0.369,0.09,25,72,0.347,0.101,21,81,0.259,2021-22,Regular Season,3-6 Dribbles
203552,Seth Curry,1610612751,BKN,31.0,64,57,0.206,71,152,0.467,0.51,0.147,58,109,0.532,0.058,13,43,0.302,2021-22,Regular Season,3-6 Dribbles
1629001,De'Anthony Melton,1610612763,MEM,24.0,72,64,0.217,58,149,0.389,0.44,0.161,43,111,0.387,0.055,15,38,0.395,2021-22,Regular Season,3-6 Dribbles
202397,Ish Smith,1610612764,WAS,33.0,64,51,0.352,75,148,0.507,0.517,0.328,72,138,0.522,0.024,3,10,0.3,2021-22,Regular Season,3-6 Dribbles
1630256,Jae'Sean Tate,1610612745,HOU,26.0,78,67,0.202,79,147,0.537,0.541,0.196,78,143,0.545,0.005,1,4,0.25,2021-22,Regular Season,3-6 Dribbles
203084,Harrison Barnes,1610612758,SAC,30.0,76,61,0.178,71,147,0.483,0.497,0.158,67,130,0.515,0.021,4,17,0.235,2021-22,Regular Season,3-6 Dribbles
203484,Kentavious Caldwell-Pope,1610612764,WAS,29.0,77,72,0.177,67,147,0.456,0.473,0.145,62,120,0.517,0.033,5,27,0.185,2021-22,Regular Season,3-6 Dribbles
1630528,Josh Christopher,1610612745,HOU,20.0,74,60,0.29,69,145,0.476,0.507,0.226,60,113,0.531,0.064,9,32,0.281,2021-22,Regular Season,3-6 Dribbles
1629632,Coby White,1610612741,CHI,22.0,61,54,0.224,63,144,0.438,0.472,0.182,53,117,0.453,0.042,10,27,0.37,2021-22,Regular Season,3-6 Dribbles
1628989,Kevin Huerter,1610612737,ATL,23.0,74,61,0.187,63,142,0.444,0.475,0.146,54,111,0.486,0.041,9,31,0.29,2021-22,Regular Season,3-6 Dribbles
1629638,Nickeil Alexander-Walker,1610612762,UTA,23.0,64,56,0.209,61,140,0.436,0.461,0.173,54,116,0.466,0.036,7,24,0.292,2021-22,Regular Season,3-6 Dribbles
1630538,Bones Hyland,1610612743,DEN,21.0,69,61,0.242,49,138,0.355,0.42,0.149,31,85,0.365,0.093,18,53,0.34,2021-22,Regular Season,3-6 Dribbles
203526,Raul Neto,1610612764,WAS,30.0,70,55,0.311,75,137,0.547,0.562,0.283,71,125,0.568,0.027,4,12,0.333,2021-22,Regular Season,3-6 Dribbles
1626157,Karl-Anthony Towns,1610612750,MIN,26.0,74,60,0.111,68,134,0.507,0.534,0.098,61,119,0.513,0.012,7,15,0.467,2021-22,Regular Season,3-6 Dribbles
201569,Eric Gordon,1610612745,HOU,33.0,57,51,0.232,63,131,0.481,0.519,0.17,53,96,0.552,0.062,10,35,0.286,2021-22,Regular Season,3-6 Dribbles
1630181,R.J. Hampton,1610612753,ORL,21.0,64,57,0.284,52,130,0.4,0.412,0.256,49,117,0.419,0.028,3,13,0.231,2021-22,Regular Season,3-6 Dribbles
203082,Terrence Ross,1610612753,ORL,31.0,63,51,0.233,53,129,0.411,0.438,0.19,46,105,0.438,0.043,7,24,0.292,2021-22,Regular Season,3-6 Dribbles
1626174,Christian Wood,1610612745,HOU,26.0,68,58,0.146,60,128,0.469,0.512,0.108,49,95,0.516,0.038,11,33,0.333,2021-22,Regular Season,3-6 Dribbles
1629647,Darius Bazley,1610612760,OKC,22.0,69,54,0.198,38,128,0.297,0.301,0.184,37,119,0.311,0.014,1,9,0.111,2021-22,Regular Season,3-6 Dribbles
203932,Aaron Gordon,1610612743,DEN,26.0,75,59,0.152,61,127,0.48,0.52,0.122,51,102,0.5,0.03,10,25,0.4,2021-22,Regular Season,3-6 Dribbles
202339,Eric Bledsoe,1610612757,POR,32.0,53,44,0.278,55,126,0.437,0.452,0.238,51,108,0.472,0.04,4,18,0.222,2021-22,Regular Season,3-6 Dribbles
203501,Tim Hardaway Jr.,1610612742,DAL,30.0,42,40,0.226,42,120,0.35,0.392,0.158,32,84,0.381,0.068,10,36,0.278,2021-22,Regular Season,3-6 Dribbles
1628389,Bam Adebayo,1610612748,MIA,24.0,56,52,0.162,56,118,0.475,0.475,0.16,56,117,0.479,0.001,0,1,0.0,2021-22,Regular Season,3-6 Dribbles
202330,Gordon Hayward,1610612766,CHA,32.0,48,42,0.197,52,118,0.441,0.466,0.173,46,104,0.442,0.023,6,14,0.429,2021-22,Regular Season,3-6 Dribbles
202362,Lance Stephenson,1610612754,IND,31.0,46,40,0.362,59,117,0.504,0.517,0.334,56,108,0.519,0.028,3,9,0.333,2021-22,Regular Season,3-6 Dribbles
1626162,Kelly Oubre Jr.,1610612766,CHA,26.0,75,53,0.127,52,117,0.444,0.47,0.101,46,93,0.495,0.026,6,24,0.25,2021-22,Regular Season,3-6 Dribbles
1630578,Alperen Sengun,1610612745,HOU,19.0,72,52,0.221,51,116,0.44,0.444,0.219,50,115,0.435,0.002,1,1,1.0,2021-22,Regular Season,3-6 Dribbles
201937,Ricky Rubio,1610612754,IND,31.0,34,32,0.275,38,113,0.336,0.367,0.236,31,97,0.32,0.039,7,16,0.438,2021-22,Regular Season,3-6 Dribbles
1630613,Duane Washington Jr.,1610612754,IND,22.0,48,40,0.26,46,111,0.414,0.432,0.213,42,91,0.462,0.047,4,20,0.2,2021-22,Regular Season,3-6 Dribbles
1626145,Tyus Jones,1610612763,MEM,26.0,72,61,0.204,45,111,0.405,0.419,0.171,42,93,0.452,0.033,3,18,0.167,2021-22,Regular Season,3-6 Dribbles
1626196,Josh Richardson,1610612759,SAS,28.0,64,49,0.209,50,110,0.455,0.459,0.201,49,106,0.462,0.008,1,4,0.25,2021-22,Regular Season,3-6 Dribbles
1630166,Deni Avdija,1610612764,WAS,21.0,82,54,0.188,51,109,0.468,0.486,0.168,47,97,0.485,0.021,4,12,0.333,2021-22,Regular Season,3-6 Dribbles
1630165,Killian Hayes,1610612765,DET,20.0,65,54,0.238,49,107,0.458,0.467,0.22,47,99,0.475,0.018,2,8,0.25,2021-22,Regular Season,3-6 Dribbles
202696,Nikola Vucevic,1610612741,CHI,31.0,73,56,0.093,45,107,0.421,0.421,0.093,45,107,0.421,0.0,0,0,,2021-22,Regular Season,3-6 Dribbles
1629669,Jaylen Nowell,1610612750,MIN,22.0,62,46,0.257,51,106,0.481,0.524,0.203,42,84,0.5,0.053,9,22,0.409,2021-22,Regular Season,3-6 Dribbles
1630596,Evan Mobley,1610612739,CLE,21.0,69,52,0.128,48,106,0.453,0.453,0.128,48,106,0.453,0.0,0,0,,2021-22,Regular Season,3-6 Dribbles
203937,Kyle Anderson,1610612763,MEM,28.0,69,59,0.226,43,106,0.406,0.406,0.224,43,105,0.41,0.002,0,1,0.0,2021-22,Regular Season,3-6 Dribbles
1629003,Shake Milton,1610612755,PHI,25.0,55,38,0.263,42,106,0.396,0.396,0.238,42,96,0.438,0.025,0,10,0.0,2021-22,Regular Season,3-6 Dribbles
202709,Cory Joseph,1610612765,DET,30.0,65,50,0.265,39,106,0.368,0.392,0.228,34,91,0.374,0.038,5,15,0.333,2021-22,Regular Season,3-6 Dribbles
1628988,Aaron Holiday,1610612756,PHX,25.0,63,46,0.311,48,105,0.457,0.476,0.278,44,94,0.468,0.033,4,11,0.364,2021-22,Regular Season,3-6 Dribbles
1627734,Domantas Sabonis,1610612758,SAC,26.0,62,48,0.133,51,103,0.495,0.5,0.129,50,100,0.5,0.004,1,3,0.333,2021-22,Regular Season,3-6 Dribbles
1628969,Mikal Bridges,1610612756,PHX,25.0,81,53,0.12,56,101,0.554,0.559,0.116,55,98,0.561,0.004,1,3,0.333,2021-22,Regular Season,3-6 Dribbles
1630200,Tre Jones,1610612759,SAS,22.0,69,43,0.293,54,99,0.545,0.556,0.272,52,92,0.565,0.021,2,7,0.286,2021-22,Regular Season,3-6 Dribbles
202689,Kemba Walker,1610612752,NYK,32.0,37,33,0.262,42,97,0.433,0.495,0.168,30,62,0.484,0.095,12,35,0.343,2021-22,Regular Season,3-6 Dribbles
1629631,De'Andre Hunter,1610612737,ATL,24.0,53,48,0.169,37,97,0.381,0.392,0.158,35,91,0.385,0.01,2,6,0.333,2021-22,Regular Season,3-6 Dribbles
202691,Klay Thompson,1610612744,GSW,32.0,32,31,0.167,42,95,0.442,0.479,0.141,35,80,0.438,0.026,7,15,0.467,2021-22,Regular Season,3-6 Dribbles
1630170,Devin Vassell,1610612759,SAS,21.0,71,54,0.124,36,95,0.379,0.395,0.11,33,84,0.393,0.014,3,11,0.273,2021-22,Regular Season,3-6 Dribbles
1628977,Hamidou Diallo,1610612765,DET,23.0,57,43,0.183,53,94,0.564,0.574,0.179,51,92,0.554,0.004,2,2,1.0,2021-22,Regular Season,3-6 Dribbles
1630529,Herbert Jones,1610612740,NOP,23.0,77,52,0.165,42,94,0.447,0.447,0.162,42,92,0.457,0.004,0,2,0.0,2021-22,Regular Season,3-6 Dribbles
1629216,Gabe Vincent,1610612748,MIA,26.0,68,48,0.181,35,93,0.376,0.43,0.111,25,57,0.439,0.07,10,36,0.278,2021-22,Regular Season,3-6 Dribbles
201988,Patty Mills,1610612751,BKN,33.0,81,49,0.117,35,93,0.376,0.43,0.088,25,70,0.357,0.029,10,23,0.435,2021-22,Regular Season,3-6 Dribbles
203087,Jeremy Lamb,1610612758,SAC,30.0,56,48,0.268,34,93,0.366,0.398,0.196,28,68,0.412,0.072,6,25,0.24,2021-22,Regular Season,3-6 Dribbles
201568,Danilo Gallinari,1610612737,ATL,33.0,66,49,0.154,39,92,0.424,0.446,0.129,35,77,0.455,0.025,4,15,0.267,2021-22,Regular Season,3-6 Dribbles
101150,Lou Williams,1610612737,ATL,35.0,56,41,0.288,32,92,0.348,0.37,0.244,28,78,0.359,0.044,4,14,0.286,2021-22,Regular Season,3-6 Dribbles
1630245,Ayo Dosunmu,1610612741,CHI,22.0,77,50,0.17,54,91,0.593,0.599,0.168,53,90,0.589,0.002,1,1,1.0,2021-22,Regular Season,3-6 Dribbles
1627736,Malik Beasley,1610612750,MIN,25.0,79,47,0.107,38,91,0.418,0.511,0.067,21,57,0.368,0.04,17,34,0.5,2021-22,Regular Season,3-6 Dribbles
203914,Gary Harris,1610612753,ORL,27.0,61,41,0.165,38,91,0.418,0.44,0.139,34,77,0.442,0.025,4,14,0.286,2021-22,Regular Season,3-6 Dribbles
1628402,Frank Jackson,1610612765,DET,24.0,53,43,0.182,32,88,0.364,0.369,0.157,31,76,0.408,0.025,1,12,0.083,2021-22,Regular Season,3-6 Dribbles
1627788,Furkan Korkmaz,1610612755,PHI,24.0,67,44,0.181,30,85,0.353,0.376,0.126,26,59,0.441,0.055,4,26,0.154,2021-22,Regular Season,3-6 Dribbles
1628379,Luke Kennard,1610612746,LAC,26.0,70,47,0.131,38,84,0.452,0.512,0.102,28,65,0.431,0.03,10,19,0.526,2021-22,Regular Season,3-6 Dribbles
1629599,Amir Coffey,1610612746,LAC,25.0,68,41,0.183,37,84,0.44,0.458,0.159,34,73,0.466,0.024,3,11,0.273,2021-22,Regular Season,3-6 Dribbles
203994,Jusuf Nurkić,1610612757,POR,27.0,56,37,0.138,40,83,0.482,0.482,0.138,40,83,0.482,0.0,0,0,,2021-22,Regular Season,3-6 Dribbles
1628960,Grayson Allen,1610612749,MIL,26.0,66,43,0.142,42,81,0.519,0.568,0.107,34,61,0.557,0.035,8,20,0.4,2021-22,Regular Season,3-6 Dribbles
1630228,Jonathan Kuminga,1610612744,GSW,19.0,69,44,0.179,41,80,0.513,0.513,0.179,41,80,0.513,0.0,0,0,,2021-22,Regular Season,3-6 Dribbles
201565,Derrick Rose,1610612752,NYK,33.0,26,24,0.292,40,80,0.5,0.544,0.245,33,67,0.493,0.047,7,13,0.538,2021-22,Regular Season,3-6 Dribbles
1626224,Cedi Osman,1610612739,CLE,27.0,66,41,0.14,33,80,0.413,0.475,0.094,23,54,0.426,0.045,10,26,0.385,2021-22,Regular Season,3-6 Dribbles
1630527,Brandon Boston,1610612746,LAC,20.0,50,34,0.256,35,79,0.443,0.5,0.188,26,58,0.448,0.068,9,21,0.429,2021-22,Regular Season,3-6 Dribbles
1627854,Bryn Forbes,1610612743,DEN,28.0,75,44,0.145,35,78,0.449,0.468,0.132,32,71,0.451,0.013,3,7,0.429,2021-22,Regular Season,3-6 Dribbles
1629670,Jordan Nwora,1610612749,MIL,23.0,62,36,0.169,23,78,0.295,0.34,0.121,16,56,0.286,0.048,7,22,0.318,2021-22,Regular Season,3-6 Dribbles
1630173,Precious Achiuwa,1610612761,TOR,22.0,73,43,0.128,29,77,0.377,0.383,0.124,28,75,0.373,0.003,1,2,0.5,2021-22,Regular Season,3-6 Dribbles
1630202,Payton Pritchard,1610612738,BOS,24.0,71,46,0.206,28,77,0.364,0.422,0.142,19,53,0.358,0.064,9,24,0.375,2021-22,Regular Season,3-6 Dribbles
1630177,Theo Maledon,1610612760,OKC,21.0,51,32,0.24,37,76,0.487,0.5,0.211,35,67,0.522,0.028,2,9,0.222,2021-22,Regular Season,3-6 Dribbles
2546,Carmelo Anthony,1610612747,LAL,38.0,69,46,0.105,34,76,0.447,0.487,0.089,28,64,0.438,0.017,6,12,0.5,2021-22,Regular Season,3-6 Dribbles
1629643,Chuma Okeke,1610612753,ORL,23.0,70,45,0.132,34,76,0.447,0.461,0.115,32,66,0.485,0.017,2,10,0.2,2021-22,Regular Season,3-6 Dribbles
1630553,Keon Johnson,1610612757,POR,20.0,36,29,0.278,30,75,0.4,0.48,0.207,18,56,0.321,0.07,12,19,0.632,2021-22,Regular Season,3-6 Dribbles
1629629,Cam Reddish,1610612752,NYK,22.0,49,37,0.181,33,74,0.446,0.48,0.15,28,61,0.459,0.032,5,13,0.385,2021-22,Regular Season,3-6 Dribbles
1630171,Isaac Okoro,1610612739,CLE,21.0,67,47,0.172,31,74,0.419,0.419,0.169,31,73,0.425,0.002,0,1,0.0,2021-22,Regular Season,3-6 Dribbles
1628998,Cody Martin,1610612766,CHA,26.0,70,46,0.172,35,72,0.486,0.507,0.156,32,65,0.492,0.017,3,7,0.429,2021-22,Regular Season,3-6 Dribbles
201976,Patrick Beverley,1610612750,MIN,33.0,58,41,0.165,35,72,0.486,0.535,0.117,28,51,0.549,0.048,7,21,0.333,2021-22,Regular Season,3-6 Dribbles
1630314,Brandon Williams,1610612757,POR,22.0,24,23,0.252,25,71,0.352,0.387,0.22,20,62,0.323,0.032,5,9,0.556,2021-22,Regular Season,3-6 Dribbles
1630267,Facundo Campazzo,1610612743,DEN,31.0,65,39,0.24,25,71,0.352,0.394,0.159,19,47,0.404,0.081,6,24,0.25,2021-22,Regular Season,3-6 Dribbles
1626171,Bobby Portis,1610612749,MIL,27.0,72,45,0.079,36,69,0.522,0.522,0.079,36,69,0.522,0.0,0,0,,2021-22,Regular Season,3-6 Dribbles
1629660,Ty Jerome,1610612760,OKC,24.0,48,32,0.21,30,69,0.435,0.457,0.174,27,57,0.474,0.037,3,12,0.25,2021-22,Regular Season,3-6 Dribbles
1629026,Kenrich Williams,1610612760,OKC,27.0,49,38,0.218,28,69,0.406,0.42,0.199,26,63,0.413,0.019,2,6,0.333,2021-22,Regular Season,3-6 Dribbles
201949,James Johnson,1610612751,BKN,35.0,62,40,0.222,34,68,0.5,0.5,0.209,34,64,0.531,0.013,0,4,0.0,2021-22,Regular Season,3-6 Dribbles
1630197,Aleksej Pokusevski,1610612760,OKC,20.0,61,43,0.149,27,68,0.397,0.412,0.134,25,61,0.41,0.015,2,7,0.286,2021-22,Regular Season,3-6 Dribbles
1629013,Landry Shamet,1610612756,PHX,25.0,69,42,0.136,29,66,0.439,0.47,0.109,25,53,0.472,0.027,4,13,0.308,2021-22,Regular Season,3-6 Dribbles
1630205,Lamar Stevens,1610612739,CLE,24.0,63,35,0.197,32,63,0.508,0.508,0.194,32,62,0.516,0.003,0,1,0.0,2021-22,Regular Season,3-6 Dribbles
1628997,Caleb Martin,1610612748,MIA,26.0,60,31,0.151,33,62,0.532,0.556,0.134,30,55,0.545,0.017,3,7,0.429,2021-22,Regular Season,3-6 Dribbles
1628367,Josh Jackson,1610612758,SAC,25.0,50,32,0.215,26,62,0.419,0.435,0.187,24,54,0.444,0.028,2,8,0.25,2021-22,Regular Season,3-6 Dribbles
1628374,Lauri Markkanen,1610612739,CLE,25.0,61,34,0.088,26,62,0.419,0.419,0.083,26,58,0.448,0.006,0,4,0.0,2021-22,Regular Season,3-6 Dribbles
203504,Trey Burke,1610612742,DAL,29.0,42,28,0.288,25,62,0.403,0.419,0.256,23,55,0.418,0.033,2,7,0.286,2021-22,Regular Season,3-6 Dribbles
1630230,Naji Marshall,1610612740,NOP,24.0,55,35,0.227,26,61,0.426,0.434,0.208,25,56,0.446,0.019,1,5,0.2,2021-22,Regular Season,3-6 Dribbles
1628366,Lonzo Ball,1610612741,CHI,24.0,35,26,0.159,25,61,0.41,0.484,0.102,16,39,0.41,0.057,9,22,0.409,2021-22,Regular Season,3-6 Dribbles
1630631,Jose Alvarado,1610612740,NOP,24.0,53,30,0.203,27,59,0.458,0.466,0.179,26,52,0.5,0.024,1,7,0.143,2021-22,Regular Season,3-6 Dribbles
1628365,Markelle Fultz,1610612753,ORL,24.0,18,17,0.337,24,59,0.407,0.407,0.32,24,56,0.429,0.017,0,3,0.0,2021-22,Regular Season,3-6 Dribbles
203076,Anthony Davis,1610612747,LAL,29.0,40,30,0.083,32,58,0.552,0.56,0.082,31,57,0.544,0.001,1,1,1.0,2021-22,Regular Season,3-6 Dribbles
1630598,Aaron Wiggins,1610612760,OKC,23.0,50,27,0.172,27,58,0.466,0.466,0.169,27,57,0.474,0.003,0,1,0.0,2021-22,Regular Season,3-6 Dribbles
204001,Kristaps Porziņģis,1610612764,WAS,26.0,51,29,0.074,24,57,0.421,0.421,0.07,24,54,0.444,0.004,0,3,0.0,2021-22,Regular Season,3-6 Dribbles
1628372,Dennis Smith Jr.,1610612757,POR,24.0,37,27,0.296,25,56,0.446,0.464,0.27,23,51,0.451,0.026,2,5,0.4,2021-22,Regular Season,3-6 Dribbles
1626149,Montrezl Harrell,1610612766,CHA,28.0,71,32,0.099,25,55,0.455,0.455,0.097,25,54,0.463,0.002,0,1,0.0,2021-22,Regular Season,3-6 Dribbles
1629056,Terence Davis,1610612758,SAC,25.0,29,22,0.213,19,55,0.345,0.382,0.143,15,37,0.405,0.07,4,18,0.222,2021-22,Regular Season,3-6 Dribbles
1628971,Bruce Brown,1610612751,BKN,25.0,72,37,0.107,30,54,0.556,0.565,0.101,29,51,0.569,0.006,1,3,0.333,2021-22,Regular Season,3-6 Dribbles
1630201,Malachi Flynn,1610612761,TOR,24.0,44,25,0.295,27,54,0.5,0.519,0.257,25,47,0.532,0.038,2,7,0.286,2021-22,Regular Season,3-6 Dribbles
203085,Austin Rivers,1610612743,DEN,29.0,67,36,0.155,21,54,0.389,0.426,0.106,17,37,0.459,0.049,4,17,0.235,2021-22,Regular Season,3-6 Dribbles
1628978,Donte DiVincenzo,1610612758,SAC,25.0,42,27,0.161,13,54,0.241,0.278,0.092,9,31,0.29,0.068,4,23,0.174,2021-22,Regular Season,3-6 Dribbles
1630570,Trendon Watford,1610612757,POR,21.0,48,23,0.199,31,53,0.585,0.585,0.191,31,51,0.608,0.007,0,2,0.0,2021-22,Regular Season,3-6 Dribbles
201145,Jeff Green,1610612743,DEN,35.0,75,37,0.1,24,53,0.453,0.453,0.098,24,52,0.462,0.002,0,1,0.0,2021-22,Regular Season,3-6 Dribbles
1629060,Rui Hachimura,1610612764,WAS,24.0,42,28,0.14,23,53,0.434,0.434,0.135,23,51,0.451,0.005,0,2,0.0,2021-22,Regular Season,3-6 Dribbles
203107,Tomas Satoransky,1610612764,WAS,30.0,55,33,0.277,21,53,0.396,0.396,0.267,21,51,0.412,0.01,0,2,0.0,2021-22,Regular Season,3-6 Dribbles
1629162,Jordan McLaughlin,1610612750,MIN,26.0,62,32,0.26,25,52,0.481,0.5,0.225,23,45,0.511,0.035,2,7,0.286,2021-22,Regular Season,3-6 Dribbles
1627777,Georges Niang,1610612755,PHI,29.0,76,36,0.092,24,52,0.462,0.471,0.085,23,48,0.479,0.007,1,4,0.25,2021-22,Regular Season,3-6 Dribbles
1626153,Delon Wright,1610612737,ATL,30.0,77,35,0.193,17,52,0.327,0.346,0.164,15,44,0.341,0.03,2,8,0.25,2021-22,Regular Season,3-6 Dribbles
1630183,Jaden McDaniels,1610612750,MIN,21.0,70,38,0.092,27,51,0.529,0.529,0.09,27,50,0.54,0.002,0,1,0.0,2021-22,Regular Season,3-6 Dribbles
1629642,Nassir Little,1610612757,POR,22.0,42,30,0.162,25,51,0.49,0.51,0.143,23,45,0.511,0.019,2,6,0.333,2021-22,Regular Season,3-6 Dribbles
203901,Elfrid Payton,1610612756,PHX,28.0,49,29,0.298,22,50,0.44,0.44,0.292,22,49,0.449,0.006,0,1,0.0,2021-22,Regular Season,3-6 Dribbles
1629634,Brandon Clarke,1610612763,MEM,25.0,63,38,0.112,27,49,0.551,0.551,0.112,27,49,0.551,0.0,0,0,,2021-22,Regular Season,3-6 Dribbles
1627739,Kris Dunn,1610612757,POR,28.0,14,14,0.48,23,49,0.469,0.469,0.461,23,47,0.489,0.02,0,2,0.0,2021-22,Regular Season,3-6 Dribbles
1626208,Keifer Sykes,1610612754,IND,28.0,32,24,0.258,18,49,0.367,0.388,0.221,16,42,0.381,0.037,2,7,0.286,2021-22,Regular Season,3-6 Dribbles
1630559,Austin Reaves,1610612747,LAL,24.0,61,31,0.151,25,48,0.521,0.531,0.129,24,41,0.585,0.022,1,7,0.143,2021-22,Regular Season,3-6 Dribbles
1630240,Saben Lee,1610612765,DET,23.0,36,22,0.282,21,48,0.438,0.479,0.224,17,38,0.447,0.059,4,10,0.4,2021-22,Regular Season,3-6 Dribbles
1628470,Torrey Craig,1610612756,PHX,31.0,78,29,0.109,19,48,0.396,0.406,0.102,18,45,0.4,0.007,1,3,0.333,2021-22,Regular Season,3-6 Dribbles
1630231,KJ Martin,1610612745,HOU,21.0,79,34,0.09,26,47,0.553,0.553,0.09,26,47,0.553,0.0,0,0,,2021-22,Regular Season,3-6 Dribbles
202685,Jonas Valančiūnas,1610612740,NOP,30.0,73,35,0.05,20,47,0.426,0.426,0.05,20,47,0.426,0.0,0,0,,2021-22,Regular Season,3-6 Dribbles
204456,T.J. McConnell,1610612754,IND,30.0,27,22,0.226,19,47,0.404,0.415,0.221,18,46,0.391,0.005,1,1,1.0,2021-22,Regular Season,3-6 Dribbles
1626168,Trey Lyles,1610612758,SAC,26.0,74,34,0.083,25,46,0.543,0.543,0.079,25,44,0.568,0.004,0,2,0.0,2021-22,Regular Season,3-6 Dribbles
1629661,Cameron Johnson,1610612756,PHX,26.0,65,31,0.076,26,45,0.578,0.6,0.066,24,39,0.615,0.01,2,6,0.333,2021-22,Regular Season,3-6 Dribbles
1630182,Josh Green,1610612742,DAL,21.0,67,31,0.176,22,45,0.489,0.489,0.176,22,45,0.489,0.0,0,0,,2021-22,Regular Season,3-6 Dribbles
1629002,Chimezie Metu,1610612758,SAC,25.0,59,29,0.1,21,45,0.467,0.478,0.096,20,43,0.465,0.004,1,2,0.5,2021-22,Regular Season,3-6 Dribbles
1630563,Joshua Primo,1610612759,SAS,19.0,50,30,0.167,18,45,0.4,0.4,0.163,18,44,0.409,0.004,0,1,0.0,2021-22,Regular Season,3-6 Dribbles
201609,Goran Dragic,1610612751,BKN,36.0,21,19,0.298,17,45,0.378,0.378,0.265,17,40,0.425,0.033,0,5,0.0,2021-22,Regular Season,3-6 Dribbles
200746,LaMarcus Aldridge,1610612751,BKN,36.0,47,26,0.096,19,44,0.432,0.432,0.096,19,44,0.432,0.0,0,0,,2021-22,Regular Season,3-6 Dribbles
1628976,Wendell Carter Jr.,1610612753,ORL,23.0,62,30,0.065,19,44,0.432,0.432,0.063,19,43,0.442,0.001,0,1,0.0,2021-22,Regular Season,3-6 Dribbles
1630625,Dalano Banton,1610612761,TOR,22.0,64,30,0.218,19,44,0.432,0.443,0.203,18,41,0.439,0.015,1,3,0.333,2021-22,Regular Season,3-6 Dribbles
1627936,Alex Caruso,1610612741,CHI,28.0,41,28,0.171,18,44,0.409,0.443,0.144,15,37,0.405,0.027,3,7,0.429,2021-22,Regular Season,3-6 Dribbles
1626159,Justise Winslow,1610612757,POR,26.0,47,26,0.172,15,44,0.341,0.341,0.168,15,43,0.349,0.004,0,1,0.0,2021-22,Regular Season,3-6 Dribbles
201143,Al Horford,1610612738,BOS,36.0,68,31,0.077,18,43,0.419,0.419,0.077,18,43,0.419,0.0,0,0,,2021-22,Regular Season,3-6 Dribbles
1629052,Oshae Brissett,1610612754,IND,24.0,67,30,0.085,18,43,0.419,0.442,0.075,16,38,0.421,0.01,2,5,0.4,2021-22,Regular Season,3-6 Dribbles
1628373,Frank Ntilikina,1610612742,DAL,23.0,58,27,0.193,17,43,0.395,0.395,0.179,17,40,0.425,0.013,0,3,0.0,2021-22,Regular Season,3-6 Dribbles
1629667,Jalen McDaniels,1610612766,CHA,24.0,54,27,0.169,21,42,0.5,0.5,0.165,21,41,0.512,0.004,0,1,0.0,2021-22,Regular Season,3-6 Dribbles
200752,Rudy Gay,1610612762,UTA,35.0,55,26,0.111,12,42,0.286,0.333,0.077,8,29,0.276,0.034,4,13,0.308,2021-22,Regular Season,3-6 Dribbles
200765,Rajon Rondo,1610612739,CLE,36.0,39,24,0.232,12,41,0.293,0.305,0.192,11,34,0.324,0.04,1,7,0.143,2021-22,Regular Season,3-6 Dribbles
1626169,Stanley Johnson,1610612747,LAL,26.0,48,25,0.159,24,40,0.6,0.613,0.155,23,39,0.59,0.004,1,1,1.0,2021-22,Regular Season,3-6 Dribbles
1629012,Collin Sexton,1610612739,CLE,23.0,11,10,0.27,21,40,0.525,0.525,0.257,21,38,0.553,0.014,0,2,0.0,2021-22,Regular Season,3-6 Dribbles
201152,Thaddeus Young,1610612761,TOR,34.0,52,25,0.147,21,40,0.525,0.525,0.143,21,39,0.538,0.004,0,1,0.0,2021-22,Regular Season,3-6 Dribbles
1629672,Eric Paschall,1610612762,UTA,25.0,58,20,0.17,21,40,0.525,0.525,0.17,21,40,0.525,0.0,0,0,,2021-22,Regular Season,3-6 Dribbles
1628975,Jevon Carter,1610612749,MIL,26.0,66,26,0.158,17,40,0.425,0.575,0.083,5,21,0.238,0.075,12,19,0.632,2021-22,Regular Season,3-6 Dribbles
1629675,Naz Reid,1610612750,MIN,22.0,77,31,0.082,20,39,0.513,0.513,0.082,20,39,0.513,0.0,0,0,,2021-22,Regular Season,3-6 Dribbles
1630184,Kira Lewis Jr.,1610612740,NOP,21.0,24,19,0.267,18,39,0.462,0.474,0.233,17,34,0.5,0.034,1,5,0.2,2021-22,Regular Season,3-6 Dribbles
201588,George Hill,1610612749,MIL,36.0,54,24,0.142,17,39,0.436,0.462,0.095,15,26,0.577,0.047,2,13,0.154,2021-22,Regular Season,3-6 Dribbles
1629004,Svi Mykhailiuk,1610612761,TOR,25.0,56,27,0.167,14,39,0.359,0.359,0.137,14,32,0.438,0.03,0,7,0.0,2021-22,Regular Season,3-6 Dribbles
201571,D.J. Augustin,1610612747,LAL,34.0,55,28,0.176,13,39,0.333,0.397,0.086,8,19,0.421,0.09,5,20,0.25,2021-22,Regular Season,3-6 Dribbles
1627827,Dorian Finney-Smith,1610612742,DAL,29.0,80,29,0.056,13,39,0.333,0.346,0.046,12,32,0.375,0.01,1,7,0.143,2021-22,Regular Season,3-6 Dribbles
202340,Avery Bradley,1610612747,LAL,31.0,62,28,0.109,15,38,0.395,0.434,0.086,12,30,0.4,0.023,3,8,0.375,2021-22,Regular Season,3-6 Dribbles
1629164,Brandon Goodwin,1610612739,CLE,26.0,36,22,0.24,15,37,0.405,0.446,0.208,12,32,0.375,0.032,3,5,0.6,2021-22,Regular Season,3-6 Dribbles
202738,Isaiah Thomas,1610612766,CHA,33.0,22,18,0.222,13,37,0.351,0.392,0.168,10,28,0.357,0.054,3,9,0.333,2021-22,Regular Season,3-6 Dribbles
1629604,CJ Elleby,1610612757,POR,22.0,58,24,0.12,12,37,0.324,0.324,0.117,12,36,0.333,0.003,0,1,0.0,2021-22,Regular Season,3-6 Dribbles
1630235,Trent Forrest,1610612762,UTA,24.0,60,19,0.232,20,36,0.556,0.556,0.232,20,36,0.556,0.0,0,0,,2021-22,Regular Season,3-6 Dribbles
1628021,David Nwaba,1610612745,HOU,29.0,46,22,0.205,15,36,0.417,0.417,0.199,15,35,0.429,0.006,0,1,0.0,2021-22,Regular Season,3-6 Dribbles
203926,Doug McDermott,1610612759,SAS,30.0,51,22,0.078,12,36,0.333,0.361,0.067,10,31,0.323,0.011,2,5,0.4,2021-22,Regular Season,3-6 Dribbles
1630215,Jared Butler,1610612762,UTA,21.0,42,16,0.238,11,36,0.306,0.347,0.132,8,20,0.4,0.106,3,16,0.188,2021-22,Regular Season,3-6 Dribbles
1627752,Taurean Prince,1610612750,MIN,28.0,69,27,0.09,16,35,0.457,0.5,0.074,13,29,0.448,0.015,3,6,0.5,2021-22,Regular Season,3-6 Dribbles
204060,Joe Ingles,1610612757,POR,34.0,45,21,0.123,14,35,0.4,0.486,0.042,8,12,0.667,0.081,6,23,0.261,2021-22,Regular Season,3-6 Dribbles
1630547,James Bouknight,1610612766,CHA,21.0,30,17,0.254,12,35,0.343,0.386,0.21,9,29,0.31,0.043,3,6,0.5,2021-22,Regular Season,3-6 Dribbles
202357,Nemanja Bjelica,1610612744,GSW,34.0,70,23,0.104,12,35,0.343,0.357,0.101,11,34,0.324,0.003,1,1,1.0,2021-22,Regular Season,3-6 Dribbles
1629622,Max Strus,1610612748,MIA,26.0,68,28,0.062,10,35,0.286,0.314,0.044,8,25,0.32,0.018,2,10,0.2,2021-22,Regular Season,3-6 Dribbles
1629308,Juan Toscano-Anderson,1610612744,GSW,29.0,73,26,0.145,20,34,0.588,0.632,0.119,17,28,0.607,0.026,3,6,0.5,2021-22,Regular Season,3-6 Dribbles
1629649,Ignas Brazdeikis,1610612753,ORL,23.0,42,19,0.181,17,34,0.5,0.5,0.176,17,33,0.515,0.005,0,1,0.0,2021-22,Regular Season,3-6 Dribbles
1629103,Kelan Martin,1610612738,BOS,26.0,30,20,0.199,14,34,0.412,0.412,0.175,14,30,0.467,0.023,0,4,0.0,2021-22,Regular Season,3-6 Dribbles
1630533,Ziaire Williams,1610612763,MEM,20.0,61,25,0.082,11,34,0.324,0.324,0.07,11,29,0.379,0.012,0,5,0.0,2021-22,Regular Season,3-6 Dribbles
1629717,Armoni Brooks,1610612761,TOR,24.0,54,25,0.118,9,34,0.265,0.338,0.038,4,11,0.364,0.08,5,23,0.217,2021-22,Regular Season,3-6 Dribbles
203496,Robert Covington,1610612746,LAC,31.0,71,23,0.066,21,33,0.636,0.758,0.042,13,21,0.619,0.024,8,12,0.667,2021-22,Regular Season,3-6 Dribbles
1626192,Pat Connaughton,1610612749,MIL,29.0,65,24,0.067,18,33,0.545,0.591,0.056,15,28,0.536,0.01,3,5,0.6,2021-22,Regular Season,3-6 Dribbles
1629676,Isaiah Roby,1610612760,OKC,24.0,45,20,0.099,19,32,0.594,0.625,0.093,17,30,0.567,0.006,2,2,1.0,2021-22,Regular Season,3-6 Dribbles
201577,Robin Lopez,1610612753,ORL,34.0,36,17,0.155,15,31,0.484,0.484,0.155,15,31,0.484,0.0,0,0,,2021-22,Regular Season,3-6 Dribbles
1628381,John Collins,1610612737,ATL,24.0,54,23,0.048,14,31,0.452,0.468,0.047,13,30,0.433,0.002,1,1,1.0,2021-22,Regular Season,3-6 Dribbles
1629684,Grant Williams,1610612738,BOS,23.0,76,21,0.072,11,31,0.355,0.371,0.07,10,30,0.333,0.002,1,1,1.0,2021-22,Regular Season,3-6 Dribbles
203110,Draymond Green,1610612744,GSW,32.0,46,20,0.117,18,30,0.6,0.6,0.117,18,30,0.6,0.0,0,0,,2021-22,Regular Season,3-6 Dribbles
203200,Justin Holiday,1610612758,SAC,33.0,74,26,0.045,15,30,0.5,0.55,0.035,12,23,0.522,0.011,3,7,0.429,2021-22,Regular Season,3-6 Dribbles
202066,Garrett Temple,1610612740,NOP,36.0,58,21,0.104,13,30,0.433,0.433,0.09,13,26,0.5,0.014,0,4,0.0,2021-22,Regular Season,3-6 Dribbles
202954,Brad Wanamaker,1610612764,WAS,32.0,23,16,0.39,9,30,0.3,0.3,0.325,9,25,0.36,0.065,0,5,0.0,2021-22,Regular Season,3-6 Dribbles
1630210,Markus Howard,1610612743,DEN,23.0,31,15,0.297,8,30,0.267,0.317,0.158,5,16,0.313,0.139,3,14,0.214,2021-22,Regular Season,3-6 Dribbles
1629641,Romeo Langford,1610612759,SAS,22.0,48,22,0.157,8,30,0.267,0.283,0.147,7,28,0.25,0.01,1,2,0.5,2021-22,Regular Season,3-6 Dribbles
1627814,Damion Lee,1610612744,GSW,29.0,62,22,0.078,11,29,0.379,0.379,0.072,11,27,0.407,0.005,0,2,0.0,2021-22,Regular Season,3-6 Dribbles
1627863,Danuel House Jr.,1610612762,UTA,29.0,42,21,0.146,8,29,0.276,0.293,0.116,7,23,0.304,0.03,1,6,0.167,2021-22,Regular Season,3-6 Dribbles
1627826,Ivica Zubac,1610612746,LAC,25.0,76,18,0.057,13,28,0.464,0.464,0.057,13,28,0.464,0.0,0,0,,2021-22,Regular Season,3-6 Dribbles
1627761,DeAndre' Bembry,1610612749,MIL,27.0,56,18,0.122,14,27,0.519,0.519,0.122,14,27,0.519,0.0,0,0,,2021-22,Regular Season,3-6 Dribbles
1630249,Vít Krejčí,1610612760,OKC,22.0,30,14,0.162,13,27,0.481,0.519,0.126,11,21,0.524,0.036,2,6,0.333,2021-22,Regular Season,3-6 Dribbles
203109,Jae Crowder,1610612756,PHX,31.0,67,22,0.05,12,27,0.444,0.519,0.031,8,17,0.471,0.018,4,10,0.4,2021-22,Regular Season,3-6 Dribbles
203486,Mason Plumlee,1610612766,CHA,32.0,72,23,0.082,17,26,0.654,0.654,0.082,17,26,0.654,0.0,0,0,,2021-22,Regular Season,3-6 Dribbles
1626220,Royce O'Neale,1610612762,UTA,29.0,77,23,0.059,16,26,0.615,0.635,0.054,15,24,0.625,0.005,1,2,0.5,2021-22,Regular Season,3-6 Dribbles
201567,Kevin Love,1610612739,CLE,33.0,74,21,0.034,12,26,0.462,0.481,0.029,11,22,0.5,0.005,1,4,0.25,2021-22,Regular Season,3-6 Dribbles
1629633,Jarrett Culver,1610612763,MEM,23.0,36,19,0.197,11,26,0.423,0.442,0.167,10,22,0.455,0.03,1,4,0.25,2021-22,Regular Season,3-6 Dribbles
200782,P.J. Tucker,1610612748,MIA,37.0,71,20,0.061,7,26,0.269,0.288,0.058,6,25,0.24,0.002,1,1,1.0,2021-22,Regular Season,3-6 Dribbles
203083,Andre Drummond,1610612751,BKN,28.0,73,21,0.06,7,26,0.269,0.269,0.06,7,26,0.269,0.0,0,0,,2021-22,Regular Season,3-6 Dribbles
1626167,Myles Turner,1610612754,IND,26.0,42,18,0.063,14,25,0.56,0.56,0.063,14,25,0.56,0.0,0,0,,2021-22,Regular Season,3-6 Dribbles
1628963,Marvin Bagley III,1610612765,DET,23.0,48,22,0.056,13,25,0.52,0.52,0.056,13,25,0.52,0.0,0,0,,2021-22,Regular Season,3-6 Dribbles
1628425,Sterling Brown,1610612742,DAL,27.0,49,20,0.161,12,25,0.48,0.56,0.123,8,19,0.421,0.039,4,6,0.667,2021-22,Regular Season,3-6 Dribbles
1630167,Obi Toppin,1610612752,NYK,24.0,71,20,0.053,8,25,0.32,0.32,0.053,8,25,0.32,0.0,0,0,,2021-22,Regular Season,3-6 Dribbles
1629130,Duncan Robinson,1610612748,MIA,28.0,79,23,0.033,11,24,0.458,0.521,0.023,8,17,0.471,0.01,3,7,0.429,2021-22,Regular Season,3-6 Dribbles
1629656,Quentin Grimes,1610612752,NYK,22.0,45,13,0.103,8,24,0.333,0.417,0.043,4,10,0.4,0.06,4,14,0.286,2021-22,Regular Season,3-6 Dribbles
1628972,Troy Brown Jr.,1610612741,CHI,22.0,66,18,0.089,9,23,0.391,0.413,0.081,8,21,0.381,0.008,1,2,0.5,2021-22,Regular Season,3-6 Dribbles
1629023,P.J. Washington,1610612766,CHA,23.0,65,16,0.043,8,23,0.348,0.391,0.034,6,18,0.333,0.009,2,5,0.4,2021-22,Regular Season,3-6 Dribbles
203918,Rodney Hood,1610612746,LAC,29.0,52,21,0.146,6,23,0.261,0.304,0.121,4,19,0.211,0.025,2,4,0.5,2021-22,Regular Season,3-6 Dribbles
1629020,Jarred Vanderbilt,1610612750,MIN,23.0,74,18,0.061,15,22,0.682,0.682,0.058,15,21,0.714,0.003,0,1,0.0,2021-22,Regular Season,3-6 Dribbles
203585,Rodney McGruder,1610612765,DET,30.0,50,14,0.101,11,22,0.5,0.5,0.078,11,17,0.647,0.023,0,5,0.0,2021-22,Regular Season,3-6 Dribbles
1630190,Elijah Hughes,1610612757,POR,24.0,36,17,0.153,9,22,0.409,0.455,0.125,7,18,0.389,0.028,2,4,0.5,2021-22,Regular Season,3-6 Dribbles
203145,Kent Bazemore,1610612747,LAL,32.0,39,19,0.158,5,22,0.227,0.25,0.122,4,17,0.235,0.036,1,5,0.2,2021-22,Regular Season,3-6 Dribbles
1627780,Gary Payton II,1610612744,GSW,29.0,70,18,0.062,15,21,0.714,0.714,0.062,15,21,0.714,0.0,0,0,,2021-22,Regular Season,3-6 Dribbles
203648,Thanasis Antetokounmpo,1610612749,MIL,29.0,48,13,0.164,11,21,0.524,0.524,0.156,11,20,0.55,0.008,0,1,0.0,2021-22,Regular Season,3-6 Dribbles
1629750,Javonte Green,1610612741,CHI,28.0,65,15,0.065,11,21,0.524,0.524,0.065,11,21,0.524,0.0,0,0,,2021-22,Regular Season,3-6 Dribbles
201933,Blake Griffin,1610612751,BKN,33.0,56,18,0.067,10,21,0.476,0.5,0.048,9,15,0.6,0.019,1,6,0.167,2021-22,Regular Season,3-6 Dribbles
1628449,Chris Boucher,1610612761,TOR,29.0,80,16,0.037,8,21,0.381,0.405,0.03,7,17,0.412,0.007,1,4,0.25,2021-22,Regular Season,3-6 Dribbles
1629658,Jaylen Hoard,1610612760,OKC,23.0,7,6,0.233,8,21,0.381,0.381,0.233,8,21,0.381,0.0,0,0,,2021-22,Regular Season,3-6 Dribbles
1630557,Corey Kispert,1610612764,WAS,23.0,77,18,0.041,8,21,0.381,0.381,0.037,8,19,0.421,0.004,0,2,0.0,2021-22,Regular Season,3-6 Dribbles
1629680,Matisse Thybulle,1610612755,PHI,25.0,66,16,0.067,14,20,0.7,0.75,0.06,12,18,0.667,0.007,2,2,1.0,2021-22,Regular Season,3-6 Dribbles
203506,Victor Oladipo,1610612748,MIA,30.0,8,6,0.274,14,20,0.7,0.8,0.164,10,12,0.833,0.11,4,8,0.5,2021-22,Regular Season,3-6 Dribbles
1628432,Davon Reed,1610612743,DEN,27.0,48,15,0.124,12,20,0.6,0.65,0.093,10,15,0.667,0.031,2,5,0.4,2021-22,Regular Season,3-6 Dribbles
1630322,Lindy Waters III,1610612760,OKC,24.0,25,12,0.114,11,20,0.55,0.675,0.051,6,9,0.667,0.063,5,11,0.455,2021-22,Regular Season,3-6 Dribbles
202326,DeMarcus Cousins,1610612743,DEN,31.0,48,16,0.062,11,20,0.55,0.55,0.062,11,20,0.55,0.0,0,0,,2021-22,Regular Season,3-6 Dribbles
1630191,Isaiah Stewart,1610612765,DET,21.0,70,18,0.041,10,20,0.5,0.525,0.039,9,19,0.474,0.002,1,1,1.0,2021-22,Regular Season,3-6 Dribbles
203500,Steven Adams,1610612763,MEM,28.0,75,18,0.052,9,20,0.45,0.45,0.052,9,20,0.45,0.0,0,0,,2021-22,Regular Season,3-6 Dribbles
1629185,Chris Chiozza,1610612744,GSW,26.0,33,13,0.253,8,20,0.4,0.475,0.177,5,14,0.357,0.076,3,6,0.5,2021-22,Regular Season,3-6 Dribbles
1630198,Isaiah Joe,1610612755,PHI,22.0,55,17,0.113,7,20,0.35,0.35,0.079,7,14,0.5,0.034,0,6,0.0,2021-22,Regular Season,3-6 Dribbles
1630540,Miles McBride,1610612752,NYK,21.0,40,14,0.19,6,20,0.3,0.3,0.143,6,15,0.4,0.048,0,5,0.0,2021-22,Regular Season,3-6 Dribbles
201980,Danny Green,1610612755,PHI,35.0,62,15,0.063,5,20,0.25,0.3,0.022,3,7,0.429,0.041,2,13,0.154,2021-22,Regular Season,3-6 Dribbles
1629833,Keljin Blevins,1610612757,POR,26.0,31,15,0.18,3,20,0.15,0.175,0.135,2,15,0.133,0.045,1,5,0.2,2021-22,Regular Season,3-6 Dribbles
1630530,Trey Murphy III,1610612740,NOP,22.0,62,17,0.072,3,20,0.15,0.15,0.072,3,20,0.15,0.0,0,0,,2021-22,Regular Season,3-6 Dribbles
1630172,Patrick Williams,1610612741,CHI,20.0,17,9,0.186,12,19,0.632,0.658,0.167,11,17,0.647,0.02,1,2,0.5,2021-22,Regular Season,3-6 Dribbles
1630285,Zavier Simpson,1610612760,OKC,25.0,4,4,0.365,8,19,0.421,0.421,0.365,8,19,0.421,0.0,0,0,,2021-22,Regular Season,3-6 Dribbles
1626204,Larry Nance Jr.,1610612740,NOP,29.0,46,13,0.077,7,19,0.368,0.368,0.073,7,18,0.389,0.004,0,1,0.0,2021-22,Regular Season,3-6 Dribbles
1628964,Mo Bamba,1610612753,ORL,24.0,71,19,0.031,6,19,0.316,0.316,0.029,6,18,0.333,0.002,0,1,0.0,2021-22,Regular Season,3-6 Dribbles
203463,Ben McLemore,1610612757,POR,29.0,64,15,0.035,6,19,0.316,0.342,0.019,5,10,0.5,0.017,1,9,0.111,2021-22,Regular Season,3-6 Dribbles
1630561,David Duke Jr.,1610612751,BKN,22.0,22,11,0.176,4,19,0.211,0.211,0.176,4,19,0.211,0.0,0,0,,2021-22,Regular Season,3-6 Dribbles
203482,Kelly Olynyk,1610612765,DET,31.0,40,16,0.063,9,18,0.5,0.583,0.045,6,13,0.462,0.017,3,5,0.6,2021-22,Regular Season,3-6 Dribbles
1626172,Kevon Looney,1610612744,GSW,26.0,81,14,0.05,8,18,0.444,0.444,0.05,8,18,0.444,0.0,0,0,,2021-22,Regular Season,3-6 Dribbles
1627789,Timothe Luwawu-Cabarrot,1610612737,ATL,27.0,52,15,0.097,8,18,0.444,0.472,0.091,7,17,0.412,0.005,1,1,1.0,2021-22,Regular Season,3-6 Dribbles
1628408,PJ Dozier,1610612743,DEN,25.0,18,13,0.182,7,18,0.389,0.417,0.141,6,14,0.429,0.04,1,4,0.25,2021-22,Regular Season,3-6 Dribbles
201587,Nicolas Batum,1610612746,LAC,33.0,58,13,0.044,10,17,0.588,0.647,0.034,8,13,0.615,0.01,2,4,0.5,2021-22,Regular Season,3-6 Dribbles
1630556,Kessler Edwards,1610612751,BKN,21.0,48,13,0.064,8,17,0.471,0.471,0.06,8,16,0.5,0.004,0,1,0.0,2021-22,Regular Season,3-6 Dribbles
1630227,Daishen Nix,1610612745,HOU,20.0,24,10,0.254,8,17,0.471,0.471,0.224,8,15,0.533,0.03,0,2,0.0,2021-22,Regular Season,3-6 Dribbles
1630186,Jahmi'us Ramsey,1610612758,SAC,21.0,19,9,0.293,7,17,0.412,0.412,0.293,7,17,0.412,0.0,0,0,,2021-22,Regular Season,3-6 Dribbles
200794,Paul Millsap,1610612755,PHI,37.0,33,10,0.149,5,17,0.294,0.294,0.14,5,16,0.313,0.009,0,1,0.0,2021-22,Regular Season,3-6 Dribbles
1629008,Michael Porter Jr.,1610612743,DEN,24.0,9,8,0.165,4,17,0.235,0.265,0.126,3,13,0.231,0.039,1,4,0.25,2021-22,Regular Season,3-6 Dribbles
1629021,Moritz Wagner,1610612753,ORL,25.0,63,12,0.04,9,16,0.563,0.563,0.04,9,16,0.563,0.0,0,0,,2021-22,Regular Season,3-6 Dribbles
201580,JaVale McGee,1610612756,PHX,34.0,74,14,0.035,8,16,0.5,0.5,0.035,8,16,0.5,0.0,0,0,,2021-22,Regular Season,3-6 Dribbles
1629234,Drew Eubanks,1610612757,POR,25.0,71,11,0.043,7,16,0.438,0.438,0.043,7,16,0.438,0.0,0,0,,2021-22,Regular Season,3-6 Dribbles
2738,Andre Iguodala,1610612744,GSW,38.0,30,11,0.136,7,16,0.438,0.469,0.085,6,10,0.6,0.051,1,6,0.167,2021-22,Regular Season,3-6 Dribbles
1629723,John Konchar,1610612763,MEM,26.0,72,13,0.061,5,16,0.313,0.313,0.05,5,13,0.385,0.011,0,3,0.0,2021-22,Regular Season,3-6 Dribbles
1630535,Greg Brown III,1610612757,POR,20.0,48,12,0.085,4,16,0.25,0.25,0.085,4,16,0.25,0.0,0,0,,2021-22,Regular Season,3-6 Dribbles
202693,Markieff Morris,1610612748,MIA,32.0,17,10,0.132,9,15,0.6,0.6,0.132,9,15,0.6,0.0,0,0,,2021-22,Regular Season,3-6 Dribbles
1629637,Jaxson Hayes,1610612740,NOP,22.0,69,13,0.038,9,15,0.6,0.6,0.038,9,15,0.6,0.0,0,0,,2021-22,Regular Season,3-6 Dribbles
202684,Tristan Thompson,1610612741,CHI,31.0,56,12,0.057,9,15,0.6,0.6,0.057,9,15,0.6,0.0,0,0,,2021-22,Regular Season,3-6 Dribbles
203490,Otto Porter Jr.,1610612744,GSW,29.0,62,13,0.036,8,15,0.533,0.6,0.032,6,13,0.462,0.005,2,2,1.0,2021-22,Regular Season,3-6 Dribbles
202083,Wesley Matthews,1610612749,MIL,35.0,49,12,0.068,7,15,0.467,0.467,0.055,7,12,0.583,0.014,0,3,0.0,2021-22,Regular Season,3-6 Dribbles
1628392,Isaiah Hartenstein,1610612746,LAC,24.0,68,14,0.041,6,15,0.4,0.4,0.041,6,15,0.4,0.0,0,0,,2021-22,Regular Season,3-6 Dribbles
1626195,Willy Hernangomez,1610612740,NOP,28.0,50,13,0.046,6,15,0.4,0.4,0.046,6,15,0.4,0.0,0,0,,2021-22,Regular Season,3-6 Dribbles
1628400,Semi Ojeleye,1610612746,LAC,27.0,30,13,0.152,5,15,0.333,0.4,0.131,3,13,0.231,0.02,2,2,1.0,2021-22,Regular Season,3-6 Dribbles
1630606,Javonte Smart,1610612748,MIA,23.0,17,7,0.25,4,15,0.267,0.267,0.183,4,11,0.364,0.067,0,4,0.0,2021-22,Regular Season,3-6 Dribbles
1629678,Admiral Schofield,1610612753,ORL,25.0,38,14,0.109,10,14,0.714,0.714,0.109,10,14,0.714,0.0,0,0,,2021-22,Regular Season,3-6 Dribbles
1629731,Dean Wade,1610612739,CLE,25.0,51,12,0.065,8,14,0.571,0.571,0.06,8,13,0.615,0.005,0,1,0.0,2021-22,Regular Season,3-6 Dribbles
1630219,Skylar Mays,1610612737,ATL,24.0,28,8,0.219,8,14,0.571,0.571,0.219,8,14,0.571,0.0,0,0,,2021-22,Regular Season,3-6 Dribbles
1629139,Yuta Watanabe,1610612761,TOR,27.0,38,9,0.101,8,14,0.571,0.571,0.101,8,14,0.571,0.0,0,0,,2021-22,Regular Season,3-6 Dribbles
1628966,Keita Bates-Diop,1610612759,SAS,26.0,59,11,0.053,7,14,0.5,0.536,0.046,6,12,0.5,0.008,1,2,0.5,2021-22,Regular Season,3-6 Dribbles
1630296,Braxton Key,1610612765,DET,25.0,11,6,0.194,6,14,0.429,0.464,0.181,5,13,0.385,0.014,1,1,1.0,2021-22,Regular Season,3-6 Dribbles
203090,Maurice Harkless,1610612758,SAC,29.0,46,13,0.08,5,14,0.357,0.357,0.074,5,13,0.385,0.006,0,1,0.0,2021-22,Regular Season,3-6 Dribbles
1627751,Jakob Poeltl,1610612759,SAS,26.0,68,11,0.021,5,14,0.357,0.357,0.021,5,14,0.357,0.0,0,0,,2021-22,Regular Season,3-6 Dribbles
1629006,Josh Okogie,1610612750,MIN,23.0,49,10,0.135,5,14,0.357,0.357,0.135,5,14,0.357,0.0,0,0,,2021-22,Regular Season,3-6 Dribbles
1630206,Jay Scrubb,1610612746,LAC,21.0,17,11,0.289,8,13,0.615,0.692,0.244,6,11,0.545,0.044,2,2,1.0,2021-22,Regular Season,3-6 Dribbles
203493,Reggie Bullock Jr.,1610612742,DAL,31.0,68,12,0.026,6,13,0.462,0.5,0.02,5,10,0.5,0.006,1,3,0.333,2021-22,Regular Season,3-6 Dribbles
1629028,Deandre Ayton,1610612756,PHX,23.0,58,10,0.017,9,12,0.75,0.75,0.017,9,12,0.75,0.0,0,0,,2021-22,Regular Season,3-6 Dribbles
1630233,Nathan Knight,1610612750,MIN,24.0,37,9,0.136,8,12,0.667,0.667,0.136,8,12,0.667,0.0,0,0,,2021-22,Regular Season,3-6 Dribbles
1630214,Xavier Tillman,1610612763,MEM,23.0,53,10,0.056,8,12,0.667,0.667,0.056,8,12,0.667,0.0,0,0,,2021-22,Regular Season,3-6 Dribbles
1630678,Terry Taylor,1610612754,IND,22.0,33,10,0.055,7,12,0.583,0.625,0.05,6,11,0.545,0.005,1,1,1.0,2021-22,Regular Season,3-6 Dribbles
1630686,Georgios Kalaitzakis,1610612760,OKC,23.0,13,5,0.179,5,12,0.417,0.458,0.149,4,10,0.4,0.03,1,2,0.5,2021-22,Regular Season,3-6 Dribbles
1629663,Louis King,1610612758,SAC,23.0,10,8,0.255,4,12,0.333,0.375,0.191,3,9,0.333,0.064,1,3,0.333,2021-22,Regular Season,3-6 Dribbles
1630174,Aaron Nesmith,1610612738,BOS,22.0,52,11,0.066,3,12,0.25,0.25,0.049,3,9,0.333,0.016,0,3,0.0,2021-22,Regular Season,3-6 Dribbles
1629875,Xavier Moon,1610612746,LAC,27.0,10,7,0.216,6,11,0.545,0.636,0.176,4,9,0.444,0.039,2,2,1.0,2021-22,Regular Season,3-6 Dribbles
1626147,Justin Anderson,1610612754,IND,28.0,16,8,0.116,6,11,0.545,0.545,0.116,6,11,0.545,0.0,0,0,,2021-22,Regular Season,3-6 Dribbles
1627774,Jake Layman,1610612750,MIN,28.0,34,7,0.151,4,11,0.364,0.364,0.123,4,9,0.444,0.027,0,2,0.0,2021-22,Regular Season,3-6 Dribbles
1630188,Jalen Smith,1610612754,IND,22.0,50,9,0.033,4,11,0.364,0.364,0.033,4,11,0.364,0.0,0,0,,2021-22,Regular Season,3-6 Dribbles
203497,Rudy Gobert,1610612762,UTA,30.0,66,11,0.022,4,11,0.364,0.364,0.022,4,11,0.364,0.0,0,0,,2021-22,Regular Season,3-6 Dribbles
1630526,Jeremiah Robinson-Earl,1610612760,OKC,21.0,49,10,0.034,4,11,0.364,0.364,0.031,4,10,0.4,0.003,0,1,0.0,2021-22,Regular Season,3-6 Dribbles
204025,Tim Frazier,1610612739,CLE,31.0,12,8,0.244,3,11,0.273,0.318,0.133,2,6,0.333,0.111,1,5,0.2,2021-22,Regular Season,3-6 Dribbles
201961,Wayne Ellington,1610612747,LAL,34.0,43,11,0.046,2,11,0.182,0.227,0.017,1,4,0.25,0.03,1,7,0.143,2021-22,Regular Season,3-6 Dribbles
1629726,Garrison Mathews,1610612745,HOU,25.0,65,9,0.024,2,11,0.182,0.227,0.017,1,8,0.125,0.007,1,3,0.333,2021-22,Regular Season,3-6 Dribbles
1629117,Wenyen Gabriel,1610612747,LAL,25.0,25,9,0.093,7,10,0.7,0.7,0.093,7,10,0.7,0.0,0,0,,2021-22,Regular Season,3-6 Dribbles
202355,Hassan Whiteside,1610612762,UTA,33.0,65,10,0.03,5,10,0.5,0.5,0.03,5,10,0.5,0.0,0,0,,2021-22,Regular Season,3-6 Dribbles
1628982,Melvin Frazier Jr.,1610612760,OKC,25.0,3,3,0.208,5,10,0.5,0.5,0.208,5,10,0.5,0.0,0,0,,2021-22,Regular Season,3-6 Dribbles
1630587,Isaiah Livers,1610612765,DET,23.0,19,6,0.111,5,10,0.5,0.55,0.089,4,8,0.5,0.022,1,2,0.5,2021-22,Regular Season,3-6 Dribbles
1630698,Kevin Pangos,1610612739,CLE,29.0,24,6,0.217,3,10,0.3,0.35,0.152,2,7,0.286,0.065,1,3,0.333,2021-22,Regular Season,3-6 Dribbles
1629657,Kyle Guy,1610612748,MIA,24.0,19,7,0.154,3,10,0.3,0.35,0.108,2,7,0.286,0.046,1,3,0.333,2021-22,Regular Season,3-6 Dribbles
1629111,Jock Landale,1610612759,SAS,26.0,54,9,0.049,3,10,0.3,0.3,0.049,3,10,0.3,0.0,0,0,,2021-22,Regular Season,3-6 Dribbles
1629755,Hassani Gravett,1610612753,ORL,25.0,8,6,0.237,4,9,0.444,0.444,0.184,4,7,0.571,0.053,0,2,0.0,2021-22,Regular Season,3-6 Dribbles
1629620,Justin Robinson,1610612765,DET,24.0,24,8,0.099,4,9,0.444,0.5,0.066,3,6,0.5,0.033,1,3,0.333,2021-22,Regular Season,3-6 Dribbles
203939,Dwight Powell,1610612742,DAL,30.0,82,9,0.022,4,9,0.444,0.444,0.022,4,9,0.444,0.0,0,0,,2021-22,Regular Season,3-6 Dribbles
1630541,Moses Moody,1610612744,GSW,20.0,51,8,0.051,2,9,0.222,0.222,0.045,2,8,0.25,0.006,0,1,0.0,2021-22,Regular Season,3-6 Dribbles
1627756,Denzel Valentine,1610612762,UTA,28.0,24,8,0.136,2,9,0.222,0.222,0.121,2,8,0.25,0.015,0,1,0.0,2021-22,Regular Season,3-6 Dribbles
1630195,Leandro Bolmaro,1610612750,MIN,21.0,35,8,0.167,2,9,0.222,0.278,0.148,1,8,0.125,0.019,1,1,1.0,2021-22,Regular Season,3-6 Dribbles
1626158,Richaun Holmes,1610612758,SAC,28.0,44,8,0.028,6,8,0.75,0.75,0.028,6,8,0.75,0.0,0,0,,2021-22,Regular Season,3-6 Dribbles
1626246,Boban Marjanovic,1610612742,DAL,33.0,23,7,0.114,5,8,0.625,0.625,0.114,5,8,0.625,0.0,0,0,,2021-22,Regular Season,3-6 Dribbles
1630199,Cassius Stanley,1610612765,DET,22.0,9,5,0.174,4,8,0.5,0.5,0.152,4,7,0.571,0.022,0,1,0.0,2021-22,Regular Season,3-6 Dribbles
1630288,Jeff Dowtin Jr.,1610612753,ORL,25.0,9,5,0.308,3,8,0.375,0.375,0.231,3,6,0.5,0.077,0,2,0.0,2021-22,Regular Season,3-6 Dribbles
1629744,Matt Thomas,1610612741,CHI,27.0,40,6,0.06,3,8,0.375,0.5,0.03,1,4,0.25,0.03,2,4,0.5,2021-22,Regular Season,3-6 Dribbles
1630602,Chaundee Brown Jr.,1610612737,ATL,23.0,5,4,0.25,3,8,0.375,0.375,0.25,3,8,0.375,0.0,0,0,,2021-22,Regular Season,3-6 Dribbles
203925,Joe Harris,1610612751,BKN,30.0,14,7,0.065,3,8,0.375,0.375,0.065,3,8,0.375,0.0,0,0,,2021-22,Regular Season,3-6 Dribbles
1628539,Mychal Mulder,1610612748,MIA,28.0,17,6,0.104,3,8,0.375,0.375,0.078,3,6,0.5,0.026,0,2,0.0,2021-22,Regular Season,3-6 Dribbles
1629655,Daniel Gafford,1610612764,WAS,23.0,72,8,0.02,2,8,0.25,0.25,0.02,2,8,0.25,0.0,0,0,,2021-22,Regular Season,3-6 Dribbles
203503,Tony Snell,1610612740,NOP,30.0,53,8,0.047,2,8,0.25,0.25,0.047,2,8,0.25,0.0,0,0,,2021-22,Regular Season,3-6 Dribbles
1629617,Reggie Perry,1610612757,POR,22.0,10,4,0.089,6,7,0.857,0.857,0.089,6,7,0.857,0.0,0,0,,2021-22,Regular Season,3-6 Dribbles
1630549,Day'Ron Sharpe,1610612751,BKN,20.0,32,7,0.047,5,7,0.714,0.714,0.047,5,7,0.714,0.0,0,0,,2021-22,Regular Season,3-6 Dribbles
1630243,Trevelin Queen,1610612745,HOU,25.0,10,4,0.212,4,7,0.571,0.786,0.061,1,2,0.5,0.152,3,5,0.6,2021-22,Regular Season,3-6 Dribbles
1629033,Theo Pinson,1610612742,DAL,26.0,19,4,0.179,4,7,0.571,0.643,0.128,3,5,0.6,0.051,1,2,0.5,2021-22,Regular Season,3-6 Dribbles
1628418,Thomas Bryant,1610612764,WAS,24.0,27,6,0.047,4,7,0.571,0.571,0.047,4,7,0.571,0.0,0,0,,2021-22,Regular Season,3-6 Dribbles
1630194,Paul Reed,1610612755,PHI,23.0,38,5,0.073,3,7,0.429,0.429,0.073,3,7,0.429,0.0,0,0,,2021-22,Regular Season,3-6 Dribbles
1629681,Killian Tillie,1610612763,MEM,24.0,35,6,0.058,3,7,0.429,0.5,0.041,2,5,0.4,0.017,1,2,0.5,2021-22,Regular Season,3-6 Dribbles
1630583,Santi Aldama,1610612763,MEM,21.0,31,5,0.055,3,7,0.429,0.429,0.055,3,7,0.429,0.0,0,0,,2021-22,Regular Season,3-6 Dribbles
203476,Gorgui Dieng,1610612737,ATL,32.0,44,5,0.063,3,7,0.429,0.571,0.045,1,5,0.2,0.018,2,2,1.0,2021-22,Regular Season,3-6 Dribbles
1629035,Carsen Edwards,1610612765,DET,24.0,4,2,0.233,2,7,0.286,0.286,0.167,2,5,0.4,0.067,0,2,0.0,2021-22,Regular Season,3-6 Dribbles
1628380,Zach Collins,1610612759,SAS,24.0,28,7,0.045,2,7,0.286,0.286,0.045,2,7,0.286,0.0,0,0,,2021-22,Regular Season,3-6 Dribbles
1629109,Gary Clark,1610612740,NOP,27.0,37,7,0.083,1,7,0.143,0.214,0.06,0,5,0.0,0.024,1,2,0.5,2021-22,Regular Season,3-6 Dribbles
1629619,Myles Powell,1610612755,PHI,24.0,11,5,0.412,1,7,0.143,0.214,0.235,0,4,0.0,0.176,1,3,0.333,2021-22,Regular Season,3-6 Dribbles
1630585,Marcus Garrett,1610612748,MIA,23.0,12,6,0.333,1,7,0.143,0.143,0.333,1,7,0.143,0.0,0,0,,2021-22,Regular Season,3-6 Dribbles
1628778,Paul Watson,1610612760,OKC,27.0,9,3,0.171,5,6,0.833,0.833,0.171,5,6,0.833,0.0,0,0,,2021-22,Regular Season,3-6 Dribbles
1628386,Jarrett Allen,1610612739,CLE,24.0,56,6,0.011,4,6,0.667,0.667,0.011,4,6,0.667,0.0,0,0,,2021-22,Regular Season,3-6 Dribbles
202687,Bismack Biyombo,1610612756,PHX,29.0,35,5,0.042,4,6,0.667,0.667,0.042,4,6,0.667,0.0,0,0,,2021-22,Regular Season,3-6 Dribbles
1630568,Luka Garza,1610612765,DET,23.0,31,5,0.043,4,6,0.667,0.667,0.043,4,6,0.667,0.0,0,0,,2021-22,Regular Season,3-6 Dribbles
1630536,Sharife Cooper,1610612737,ATL,21.0,13,5,0.429,2,6,0.333,0.333,0.357,2,5,0.4,0.071,0,1,0.0,2021-22,Regular Season,3-6 Dribbles
1630550,JT Thor,1610612766,CHA,19.0,33,6,0.109,2,6,0.333,0.333,0.073,2,4,0.5,0.036,0,2,0.0,2021-22,Regular Season,3-6 Dribbles
1627823,Juancho Hernangomez,1610612762,UTA,26.0,40,5,0.057,2,6,0.333,0.333,0.057,2,6,0.333,0.0,0,0,,2021-22,Regular Season,3-6 Dribbles
1628476,Derrick Walton Jr.,1610612765,DET,27.0,3,3,0.231,2,6,0.333,0.333,0.231,2,6,0.333,0.0,0,0,,2021-22,Regular Season,3-6 Dribbles
1627846,Abdel Nader,1610612756,PHX,28.0,14,4,0.171,1,6,0.167,0.167,0.114,1,4,0.25,0.057,0,2,0.0,2021-22,Regular Season,3-6 Dribbles
202683,Enes Freedom,1610612738,BOS,30.0,34,5,0.052,4,5,0.8,0.8,0.052,4,5,0.8,0.0,0,0,,2021-22,Regular Season,3-6 Dribbles
1630792,Malcolm Hill,1610612741,CHI,26.0,19,3,0.096,4,5,0.8,1.0,0.038,2,2,1.0,0.058,2,3,0.667,2021-22,Regular Season,3-6 Dribbles
203991,Clint Capela,1610612737,ATL,28.0,74,5,0.008,3,5,0.6,0.6,0.008,3,5,0.6,0.0,0,0,,2021-22,Regular Season,3-6 Dribbles
204038,Langston Galloway,1610612749,MIL,30.0,7,4,0.192,3,5,0.6,0.7,0.154,2,4,0.5,0.038,1,1,1.0,2021-22,Regular Season,3-6 Dribbles
1627884,Derrick Jones Jr.,1610612741,CHI,25.0,51,5,0.026,3,5,0.6,0.6,0.026,3,5,0.6,0.0,0,0,,2021-22,Regular Season,3-6 Dribbles
203210,JaMychal Green,1610612743,DEN,32.0,67,5,0.015,3,5,0.6,0.6,0.015,3,5,0.6,0.0,0,0,,2021-22,Regular Season,3-6 Dribbles
1629607,Jared Harper,1610612740,NOP,24.0,5,3,0.192,3,5,0.6,0.6,0.192,3,5,0.6,0.0,0,0,,2021-22,Regular Season,3-6 Dribbles
1630264,Anthony Gill,1610612764,WAS,29.0,44,3,0.046,2,5,0.4,0.4,0.046,2,5,0.4,0.0,0,0,,2021-22,Regular Season,3-6 Dribbles
1629651,Nic Claxton,1610612751,BKN,23.0,47,5,0.019,2,5,0.4,0.4,0.019,2,5,0.4,0.0,0,0,,2021-22,Regular Season,3-6 Dribbles
1629653,Devon Dotson,1610612741,CHI,22.0,11,4,0.217,2,5,0.4,0.4,0.217,2,5,0.4,0.0,0,0,,2021-22,Regular Season,3-6 Dribbles
203458,Alex Len,1610612758,SAC,29.0,39,4,0.028,2,5,0.4,0.4,0.028,2,5,0.4,0.0,0,0,,2021-22,Regular Season,3-6 Dribbles
1630216,Cassius Winston,1610612764,WAS,24.0,7,4,0.455,2,5,0.4,0.4,0.364,2,4,0.5,0.091,0,1,0.0,2021-22,Regular Season,3-6 Dribbles
1630612,Ruben Nembhard Jr.,1610612739,CLE,23.0,14,3,0.278,1,5,0.2,0.2,0.278,1,5,0.2,0.0,0,0,,2021-22,Regular Season,3-6 Dribbles
1629682,Tremont Waters,1610612764,WAS,24.0,3,2,0.357,1,5,0.2,0.3,0.143,0,2,0.0,0.214,1,3,0.333,2021-22,Regular Season,3-6 Dribbles
1629048,Goga Bitadze,1610612754,IND,22.0,50,4,0.016,4,4,1.0,1.0,0.016,4,4,1.0,0.0,0,0,,2021-22,Regular Season,3-6 Dribbles
1630580,Joe Wieskamp,1610612759,SAS,22.0,29,4,0.071,3,4,0.75,0.875,0.054,2,3,0.667,0.018,1,1,1.0,2021-22,Regular Season,3-6 Dribbles
1630787,Cameron McGriff,1610612757,POR,24.0,3,2,0.286,2,4,0.5,0.75,0.143,0,2,0.0,0.143,2,2,1.0,2021-22,Regular Season,3-6 Dribbles
203473,Dewayne Dedmon,1610612748,MIA,32.0,67,4,0.014,2,4,0.5,0.5,0.014,2,4,0.5,0.0,0,0,,2021-22,Regular Season,3-6 Dribbles
1629168,BJ Johnson,1610612753,ORL,26.0,4,4,0.16,2,4,0.5,0.5,0.12,2,3,0.667,0.04,0,1,0.0,2021-22,Regular Season,3-6 Dribbles
1628995,Kevin Knox II,1610612737,ATL,22.0,30,4,0.047,2,4,0.5,0.5,0.047,2,4,0.5,0.0,0,0,,2021-22,Regular Season,3-6 Dribbles
202722,Davis Bertans,1610612742,DAL,29.0,56,4,0.015,2,4,0.5,0.625,0.007,1,2,0.5,0.007,1,2,0.5,2021-22,Regular Season,3-6 Dribbles
1630241,Sam Merrill,1610612763,MEM,26.0,6,4,0.167,2,4,0.5,0.75,0.0,0,0,,0.167,2,4,0.5,2021-22,Regular Season,3-6 Dribbles
1629712,Didi Louzada,1610612757,POR,22.0,9,3,0.121,1,4,0.25,0.25,0.121,1,4,0.25,0.0,0,0,,2021-22,Regular Season,3-6 Dribbles
203920,Khem Birch,1610612761,TOR,29.0,55,4,0.02,1,4,0.25,0.25,0.02,1,4,0.25,0.0,0,0,,2021-22,Regular Season,3-6 Dribbles
1629623,Lindell Wigginton,1610612749,MIL,24.0,19,4,0.066,1,4,0.25,0.25,0.049,1,3,0.333,0.016,0,1,0.0,2021-22,Regular Season,3-6 Dribbles
1630572,Sandro Mamukelashvili,1610612749,MIL,23.0,41,3,0.035,1,4,0.25,0.25,0.035,1,4,0.25,0.0,0,0,,2021-22,Regular Season,3-6 Dribbles
1629719,Devontae Cacok,1610612759,SAS,25.0,15,3,0.097,3,3,1.0,1.0,0.097,3,3,1.0,0.0,0,0,,2021-22,Regular Season,3-6 Dribbles
1630593,McKinley Wright IV,1610612750,MIN,23.0,5,2,1.0,2,3,0.667,0.833,0.333,1,1,1.0,0.667,1,2,0.5,2021-22,Regular Season,3-6 Dribbles
1627853,Ryan Arcidiacono,1610612752,NYK,28.0,10,3,0.25,2,3,0.667,0.667,0.25,2,3,0.667,0.0,0,0,,2021-22,Regular Season,3-6 Dribbles
203516,James Ennis III,1610612743,DEN,31.0,7,2,0.125,2,3,0.667,0.667,0.125,2,3,0.667,0.0,0,0,,2021-22,Regular Season,3-6 Dribbles
1628993,Alize Johnson,1610612740,NOP,26.0,23,3,0.079,1,3,0.333,0.333,0.079,1,3,0.333,0.0,0,0,,2021-22,Regular Season,3-6 Dribbles
1626163,Frank Kaminsky,1610612756,PHX,29.0,9,1,0.046,1,3,0.333,0.333,0.046,1,3,0.333,0.0,0,0,,2021-22,Regular Season,3-6 Dribbles
1628396,Tony Bradley,1610612741,CHI,24.0,55,3,0.024,1,3,0.333,0.333,0.024,1,3,0.333,0.0,0,0,,2021-22,Regular Season,3-6 Dribbles
202328,Greg Monroe,1610612750,MIN,32.0,14,3,0.053,1,3,0.333,0.333,0.053,1,3,0.333,0.0,0,0,,2021-22,Regular Season,3-6 Dribbles
1629076,Tyler Cook,1610612741,CHI,24.0,20,3,0.079,1,3,0.333,0.333,0.079,1,3,0.333,0.0,0,0,,2021-22,Regular Season,3-6 Dribbles
1630637,Carlik Jones,1610612743,DEN,24.0,5,3,0.333,1,3,0.333,0.333,0.333,1,3,0.333,0.0,0,0,,2021-22,Regular Season,3-6 Dribbles
1629685,Dylan Windler,1610612739,CLE,25.0,50,3,0.031,1,3,0.333,0.5,0.02,0,2,0.0,0.01,1,1,1.0,2021-22,Regular Season,3-6 Dribbles
204020,Tyler Johnson,1610612759,SAS,30.0,6,3,0.15,1,3,0.333,0.333,0.15,1,3,0.333,0.0,0,0,,2021-22,Regular Season,3-6 Dribbles
1628411,Wes Iwundu,1610612737,ATL,27.0,3,2,0.167,1,3,0.333,0.333,0.167,1,3,0.333,0.0,0,0,,2021-22,Regular Season,3-6 Dribbles
1630555,Joel Ayayi,1610612764,WAS,22.0,7,1,0.5,1,3,0.333,0.333,0.5,1,3,0.333,0.0,0,0,,2021-22,Regular Season,3-6 Dribbles
201959,Taj Gibson,1610612752,NYK,37.0,51,3,0.018,1,3,0.333,0.333,0.018,1,3,0.333,0.0,0,0,,2021-22,Regular Season,3-6 Dribbles
1627737,Marquese Chriss,1610612742,DAL,24.0,34,3,0.022,0,3,0.0,0.0,0.022,0,3,0.0,0.0,0,0,,2021-22,Regular Season,3-6 Dribbles
1630209,Omer Yurtseven,1610612748,MIA,24.0,56,3,0.012,0,3,0.0,0.0,0.012,0,3,0.0,0.0,0,0,,2021-22,Regular Season,3-6 Dribbles
1627760,Cat Barber,1610612737,ATL,27.0,3,2,0.75,0,3,0.0,0.0,0.75,0,3,0.0,0.0,0,0,,2021-22,Regular Season,3-6 Dribbles
1630552,Jalen Johnson,1610612737,ATL,20.0,22,2,0.073,0,3,0.0,0.0,0.049,0,2,0.0,0.024,0,1,0.0,2021-22,Regular Season,3-6 Dribbles
202688,Brandon Knight,1610612742,DAL,30.0,5,2,0.12,0,3,0.0,0.0,0.08,0,2,0.0,0.04,0,1,0.0,2021-22,Regular Season,3-6 Dribbles
1628035,Alfonzo McKinnie,1610612741,CHI,29.0,17,3,0.049,0,3,0.0,0.0,0.049,0,3,0.0,0.0,0,0,,2021-22,Regular Season,3-6 Dribbles
1627820,Tyrone Wallace,1610612740,NOP,28.0,6,3,0.15,0,3,0.0,0.0,0.15,0,3,0.0,0.0,0,0,,2021-22,Regular Season,3-6 Dribbles
1630218,Robert Woodard II,1610612759,SAS,22.0,12,2,0.188,0,3,0.0,0.0,0.188,0,3,0.0,0.0,0,0,,2021-22,Regular Season,3-6 Dribbles
1630994,Gabriel Lundberg,1610612756,PHX,27.0,4,1,0.158,0,3,0.0,0.0,0.158,0,3,0.0,0.0,0,0,,2021-22,Regular Season,3-6 Dribbles
1629067,Isaac Bonga,1610612761,TOR,22.0,15,3,0.231,0,3,0.0,0.0,0.231,0,3,0.0,0.0,0,0,,2021-22,Regular Season,3-6 Dribbles
1629011,Mitchell Robinson,1610612752,NYK,24.0,71,2,0.006,2,2,1.0,1.0,0.006,2,2,1.0,0.0,0,0,,2021-22,Regular Season,3-6 Dribbles
1629674,Neemias Queta,1610612758,SAC,22.0,15,2,0.053,2,2,1.0,1.0,0.053,2,2,1.0,0.0,0,0,,2021-22,Regular Season,3-6 Dribbles
1629718,Charlie Brown Jr.,1610612755,PHI,25.0,22,2,0.051,2,2,1.0,1.0,0.051,2,2,1.0,0.0,0,0,,2021-22,Regular Season,3-6 Dribbles
1630208,Nick Richards,1610612766,CHA,24.0,49,2,0.024,2,2,1.0,1.0,0.024,2,2,1.0,0.0,0,0,,2021-22,Regular Season,3-6 Dribbles
1628981,Bruno Fernando,1610612745,HOU,23.0,30,2,0.036,2,2,1.0,1.0,0.036,2,2,1.0,0.0,0,0,,2021-22,Regular Season,3-6 Dribbles
1630286,Trevon Scott,1610612739,CLE,25.0,2,1,0.333,2,2,1.0,1.0,0.333,2,2,1.0,0.0,0,0,,2021-22,Regular Season,3-6 Dribbles
1628391,D.J. Wilson,1610612761,TOR,26.0,4,1,0.133,2,2,1.0,1.0,0.133,2,2,1.0,0.0,0,0,,2021-22,Regular Season,3-6 Dribbles
1629644,KZ Okpala,1610612748,MIA,23.0,21,2,0.029,2,2,1.0,1.0,0.029,2,2,1.0,0.0,0,0,,2021-22,Regular Season,3-6 Dribbles
201586,Serge Ibaka,1610612749,MIL,32.0,53,2,0.007,1,2,0.5,0.5,0.007,1,2,0.5,0.0,0,0,,2021-22,Regular Season,3-6 Dribbles
203469,Cody Zeller,1610612757,POR,29.0,27,2,0.022,1,2,0.5,0.5,0.022,1,2,0.5,0.0,0,0,,2021-22,Regular Season,3-6 Dribbles
1630222,Mason Jones,1610612747,LAL,23.0,4,2,0.133,1,2,0.5,0.5,0.133,1,2,0.5,0.0,0,0,,2021-22,Regular Season,3-6 Dribbles
1629730,Rayjon Tucker,1610612749,MIL,24.0,5,1,0.222,1,2,0.5,0.5,0.222,1,2,0.5,0.0,0,0,,2021-22,Regular Season,3-6 Dribbles
1627745,Damian Jones,1610612758,SAC,27.0,55,2,0.008,1,2,0.5,0.5,0.008,1,2,0.5,0.0,0,0,,2021-22,Regular Season,3-6 Dribbles
1629603,Mamadi Diakite,1610612760,OKC,25.0,13,2,0.043,1,2,0.5,0.5,0.043,1,2,0.5,0.0,0,0,,2021-22,Regular Season,3-6 Dribbles
1630168,Onyeka Okongwu,1610612737,ATL,21.0,48,2,0.009,1,2,0.5,0.5,0.009,1,2,0.5,0.0,0,0,,2021-22,Regular Season,3-6 Dribbles
203953,Jabari Parker,1610612738,BOS,27.0,12,1,0.053,1,2,0.5,0.5,0.053,1,2,0.5,0.0,0,0,,2021-22,Regular Season,3-6 Dribbles
1629646,Charles Bassey,1610612755,PHI,21.0,23,2,0.043,1,2,0.5,0.5,0.021,1,1,1.0,0.021,0,1,0.0,2021-22,Regular Season,3-6 Dribbles
1630187,Daniel Oturu,1610612761,TOR,22.0,3,1,0.333,1,2,0.5,0.5,0.333,1,2,0.5,0.0,0,0,,2021-22,Regular Season,3-6 Dribbles
203816,Scotty Hopson,1610612760,OKC,32.0,1,1,0.5,1,2,0.5,0.5,0.5,1,2,0.5,0.0,0,0,,2021-22,Regular Season,3-6 Dribbles
1630688,Ish Wainright,1610612756,PHX,27.0,44,1,0.02,1,2,0.5,0.5,0.02,1,2,0.5,0.0,0,0,,2021-22,Regular Season,3-6 Dribbles
201572,Brook Lopez,1610612749,MIL,34.0,13,2,0.015,0,2,0.0,0.0,0.015,0,2,0.0,0.0,0,0,,2021-22,Regular Season,3-6 Dribbles
1630225,Isaiah Todd,1610612764,WAS,20.0,12,2,0.077,0,2,0.0,0.0,0.077,0,2,0.0,0.0,0,0,,2021-22,Regular Season,3-6 Dribbles
203488,Mike Muscala,1610612760,OKC,30.0,43,2,0.008,0,2,0.0,0.0,0.008,0,2,0.0,0.0,0,0,,2021-22,Regular Season,3-6 Dribbles
1629626,Bol Bol,1610612753,ORL,22.0,14,2,0.074,0,2,0.0,0.0,0.074,0,2,0.0,0.0,0,0,,2021-22,Regular Season,3-6 Dribbles
1630551,Justin Champagnie,1610612761,TOR,21.0,36,2,0.03,0,2,0.0,0.0,0.03,0,2,0.0,0.0,0,0,,2021-22,Regular Season,3-6 Dribbles
1628537,Jaylen Morris,1610612759,SAS,26.0,3,1,0.333,0,2,0.0,0.0,0.333,0,2,0.0,0.0,0,0,,2021-22,Regular Season,3-6 Dribbles
2730,Dwight Howard,1610612747,LAL,36.0,60,2,0.009,0,2,0.0,0.0,0.009,0,2,0.0,0.0,0,0,,2021-22,Regular Season,3-6 Dribbles
1626144,Emmanuel Mudiay,1610612758,SAC,26.0,2,1,1.0,0,2,0.0,0.0,1.0,0,2,0.0,0.0,0,0,,2021-22,Regular Season,3-6 Dribbles
1630640,MJ Walker,1610612756,PHX,24.0,2,2,0.5,0,2,0.0,0.0,0.5,0,2,0.0,0.0,0,0,,2021-22,Regular Season,3-6 Dribbles
202324,Derrick Favors,1610612760,OKC,30.0,39,1,0.005,1,1,1.0,1.0,0.005,1,1,1.0,0.0,0,0,,2021-22,Regular Season,3-6 Dribbles
1627885,Shaquille Harrison,1610612751,BKN,28.0,2,1,0.167,1,1,1.0,1.0,0.167,1,1,1.0,0.0,0,0,,2021-22,Regular Season,3-6 Dribbles
1628221,Gabe York,1610612754,IND,28.0,2,1,0.143,1,1,1.0,1.0,0.143,1,1,1.0,0.0,0,0,,2021-22,Regular Season,3-6 Dribbles
1630647,Eugene Omoruyi,1610612742,DAL,25.0,4,1,0.2,1,1,1.0,1.0,0.2,1,1,1.0,0.0,0,0,,2021-22,Regular Season,3-6 Dribbles
1628467,Maxi Kleber,1610612742,DAL,30.0,59,1,0.003,1,1,1.0,1.0,0.003,1,1,1.0,0.0,0,0,,2021-22,Regular Season,3-6 Dribbles
1629312,Haywood Highsmith,1610612748,MIA,25.0,19,1,0.022,1,1,1.0,1.0,0.022,1,1,1.0,0.0,0,0,,2021-22,Regular Season,3-6 Dribbles
1629671,Miye Oni,1610612762,UTA,24.0,16,1,0.111,1,1,1.0,1.0,0.111,1,1,1.0,0.0,0,0,,2021-22,Regular Season,3-6 Dribbles
2207,Joe Johnson,1610612738,BOS,41.0,1,1,1.0,1,1,1.0,1.0,1.0,1,1,1.0,0.0,0,0,,2021-22,Regular Season,3-6 Dribbles
1628464,Daniel Theis,1610612738,BOS,30.0,47,1,0.003,1,1,1.0,1.0,0.003,1,1,1.0,0.0,0,0,,2021-22,Regular Season,3-6 Dribbles
1627767,Cheick Diallo,1610612765,DET,25.0,3,1,0.125,1,1,1.0,1.0,0.125,1,1,1.0,0.0,0,0,,2021-22,Regular Season,3-6 Dribbles
1629005,Malik Newman,1610612739,CLE,25.0,1,1,0.2,1,1,1.0,1.0,0.2,1,1,1.0,0.0,0,0,,2021-22,Regular Season,3-6 Dribbles
1628962,Udoka Azubuike,1610612762,UTA,22.0,17,1,0.02,1,1,1.0,1.0,0.02,1,1,1.0,0.0,0,0,,2021-22,Regular Season,3-6 Dribbles
1630306,Rob Edwards,1610612760,OKC,25.0,2,1,0.25,1,1,1.0,1.5,0.0,0,0,,0.25,1,1,1.0,2021-22,Regular Season,3-6 Dribbles
1629057,Robert Williams III,1610612738,BOS,24.0,60,1,0.003,1,1,1.0,1.0,0.003,1,1,1.0,0.0,0,0,,2021-22,Regular Season,3-6 Dribbles
1630758,Aleem Ford,1610612753,ORL,24.0,5,1,0.05,0,1,0.0,0.0,0.05,0,1,0.0,0.0,0,0,,2021-22,Regular Season,3-6 Dribbles
1630565,Aaron Henry,1610612755,PHI,22.0,6,1,0.2,0,1,0.0,0.0,0.2,0,1,0.0,0.0,0,0,,2021-22,Regular Season,3-6 Dribbles
1630539,Kai Jones,1610612766,CHA,21.0,20,1,0.071,0,1,0.0,0.0,0.071,0,1,0.0,0.0,0,0,,2021-22,Regular Season,3-6 Dribbles
1629873,Jaysean Paige,1610612765,DET,27.0,1,1,0.333,0,1,0.0,0.0,0.333,0,1,0.0,0.0,0,0,,2021-22,Regular Season,3-6 Dribbles
1630846,Olivier Sarr,1610612760,OKC,23.0,22,1,0.01,0,1,0.0,0.0,0.01,0,1,0.0,0.0,0,0,,2021-22,Regular Season,3-6 Dribbles
203917,Nik Stauskas,1610612738,BOS,28.0,8,1,0.071,0,1,0.0,0.0,0.0,0,0,,0.071,0,1,0.0,2021-22,Regular Season,3-6 Dribbles
2772,Trevor Ariza,1610612747,LAL,37.0,24,1,0.01,0,1,0.0,0.0,0.01,0,1,0.0,0.0,0,0,,2021-22,Regular Season,3-6 Dribbles
1630579,Jericho Sims,1610612752,NYK,23.0,41,1,0.019,0,1,0.0,0.0,0.019,0,1,0.0,0.0,0,0,,2021-22,Regular Season,3-6 Dribbles
1630271,Brodric Thomas,1610612738,BOS,25.0,12,1,0.056,0,1,0.0,0.0,0.056,0,1,0.0,0.0,0,0,,2021-22,Regular Season,3-6 Dribbles
1628422,Damyean Dotson,1610612752,NYK,28.0,2,1,0.25,0,1,0.0,0.0,0.25,0,1,0.0,0.0,0,0,,2021-22,Regular Season,3-6 Dribbles
1630586,Usman Garuba,1610612745,HOU,20.0,24,1,0.023,0,1,0.0,0.0,0.023,0,1,0.0,0.0,0,0,,2021-22,Regular Season,3-6 Dribbles
1630648,Jordan Schakel,1610612764,WAS,24.0,4,1,0.091,0,1,0.0,0.0,0.091,0,1,0.0,0.0,0,0,,2021-22,Regular Season,3-6 Dribbles
1629962,Devin Cannady,1610612753,ORL,26.0,5,1,0.023,0,1,0.0,0.0,0.0,0,0,,0.023,0,1,0.0,2021-22,Regular Season,3-6 Dribbles
1629686,Deividas Sirvydis,1610612765,DET,22.0,3,1,0.1,0,1,0.0,0.0,0.1,0,1,0.0,0.0,0,0,,2021-22,Regular Season,3-6 Dribbles
1629683,Quinndary Weatherspoon,1610612744,GSW,25.0,11,1,0.048,0,1,0.0,0.0,0.048,0,1,0.0,0.0,0,0,,2021-22,Regular Season,3-6 Dribbles
1630238,Malik Fitts,1610612738,BOS,24.0,15,1,0.053,0,1,0.0,0.0,0.053,0,1,0.0,0.0,0,0,,2021-22,Regular Season,3-6 Dribbles
1630573,Sam Hauser,1610612738,BOS,24.0,26,1,0.02,0,1,0.0,0.0,0.0,0,0,,0.02,0,1,0.0,2021-22,Regular Season,3-6 Dribbles
203524,Solomon Hill,1610612737,ATL,31.0,13,1,0.05,0,1,0.0,0.0,0.05,0,1,0.0,0.0,0,0,,2021-22,Regular Season,3-6 Dribbles
1627782,Wayne Selden,1610612752,NYK,27.0,3,1,0.25,0,1,0.0,0.0,0.25,0,1,0.0,0.0,0,0,,2021-22,Regular Season,3-6 Dribbles
1629751,Dakota Mathias,1610612763,MEM,26.0,5,1,0.25,0,1,0.0,0.0,0.0,0,0,,0.25,0,1,0.0,2021-22,Regular Season,3-6 Dribbles
1630692,Jordan Goodwin,1610612764,WAS,23.0,2,1,0.333,0,1,0.0,0.0,0.333,0,1,0.0,0.0,0,0,,2021-22,Regular Season,3-6 Dribbles
203457,Nerlens Noel,1610612752,NYK,28.0,25,1,0.017,0,1,0.0,0.0,0.0,0,0,,0.017,0,1,0.0,2021-22,Regular Season,3-6 Dribbles
1628238,Paris Bass,1610612756,PHX,26.0,1,1,0.25,0,1,0.0,0.0,0.25,0,1,0.0,0.0,0,0,,2021-22,Regular Season,3-6 Dribbles
1630644,Mac McClung,1610612747,LAL,23.0,2,1,0.167,0,1,0.0,0.0,0.167,0,1,0.0,0.0,0,0,,2021-22,Regular Season,3-6 Dribbles
1630192,Zeke Nnaji,1610612743,DEN,21.0,41,1,0.005,0,1,0.0,0.0,0.005,0,1,0.0,0.0,0,0,,2021-22,Regular Season,3-6 Dribbles
1629027,Trae Young,1610612737,ATL,23.0,76,76,0.473,323,731,0.442,0.509,0.297,225,459,0.49,0.176,98,272,0.36,2021-22,Regular Season,7+ Dribbles
1629029,Luka Doncic,1610612742,DAL,23.0,65,65,0.478,310,670,0.463,0.53,0.304,220,427,0.515,0.173,90,243,0.37,2021-22,Regular Season,7+ Dribbles
201942,DeMar DeRozan,1610612741,CHI,32.0,76,76,0.296,218,455,0.479,0.48,0.293,217,450,0.482,0.003,1,5,0.2,2021-22,Regular Season,7+ Dribbles
1628378,Donovan Mitchell,1610612762,UTA,25.0,67,67,0.317,211,437,0.483,0.531,0.228,169,314,0.538,0.089,42,123,0.341,2021-22,Regular Season,7+ Dribbles
201935,James Harden,1610612755,PHI,32.0,65,65,0.438,176,434,0.406,0.479,0.241,112,239,0.469,0.197,64,195,0.328,2021-22,Regular Season,7+ Dribbles
1628983,Shai Gilgeous-Alexander,1610612760,OKC,23.0,56,56,0.41,191,431,0.443,0.476,0.32,163,336,0.485,0.09,28,95,0.295,2021-22,Regular Season,7+ Dribbles
1627749,Dejounte Murray,1610612759,SAS,25.0,68,66,0.341,194,423,0.459,0.463,0.322,190,399,0.476,0.019,4,24,0.167,2021-22,Regular Season,7+ Dribbles
1629630,Ja Morant,1610612763,MEM,22.0,56,55,0.343,186,397,0.469,0.491,0.307,168,356,0.472,0.035,18,41,0.439,2021-22,Regular Season,7+ Dribbles
201566,Russell Westbrook,1610612747,LAL,33.0,78,77,0.313,169,385,0.439,0.453,0.282,158,347,0.455,0.031,11,38,0.289,2021-22,Regular Season,7+ Dribbles
101108,Chris Paul,1610612756,PHX,37.0,64,64,0.524,188,378,0.497,0.515,0.443,175,320,0.547,0.08,13,58,0.224,2021-22,Regular Season,7+ Dribbles
1629636,Darius Garland,1610612739,CLE,22.0,68,68,0.319,181,374,0.484,0.527,0.256,149,300,0.497,0.063,32,74,0.432,2021-22,Regular Season,7+ Dribbles
202704,Reggie Jackson,1610612746,LAC,32.0,74,73,0.299,154,360,0.428,0.463,0.247,129,298,0.433,0.051,25,62,0.403,2021-22,Regular Season,7+ Dribbles
201950,Jrue Holiday,1610612749,MIL,32.0,67,66,0.371,184,354,0.52,0.566,0.294,151,280,0.539,0.078,33,74,0.446,2021-22,Regular Season,7+ Dribbles
1630162,Anthony Edwards,1610612750,MIN,20.0,72,69,0.264,133,328,0.405,0.466,0.154,93,192,0.484,0.109,40,136,0.294,2021-22,Regular Season,7+ Dribbles
201939,Stephen Curry,1610612744,GSW,34.0,64,62,0.254,141,311,0.453,0.551,0.13,80,159,0.503,0.124,61,152,0.401,2021-22,Regular Season,7+ Dribbles
1628368,De'Aaron Fox,1610612758,SAC,24.0,58,57,0.283,141,305,0.462,0.474,0.252,134,271,0.494,0.032,7,34,0.206,2021-22,Regular Season,7+ Dribbles
203897,Zach LaVine,1610612741,CHI,27.0,67,65,0.252,141,299,0.472,0.523,0.183,110,217,0.507,0.069,31,82,0.378,2021-22,Regular Season,7+ Dribbles
1630163,LaMelo Ball,1610612766,CHA,20.0,74,71,0.235,136,292,0.466,0.515,0.181,107,225,0.476,0.054,29,67,0.433,2021-22,Regular Season,7+ Dribbles
1628973,Jalen Brunson,1610612742,DAL,25.0,79,77,0.286,152,288,0.528,0.538,0.267,146,269,0.543,0.019,6,19,0.316,2021-22,Regular Season,7+ Dribbles
1627832,Fred VanVleet,1610612761,TOR,28.0,65,65,0.254,113,279,0.405,0.468,0.169,78,185,0.422,0.086,35,94,0.372,2021-22,Regular Season,7+ Dribbles
1630595,Cade Cunningham,1610612765,DET,20.0,63,58,0.274,124,277,0.448,0.473,0.231,110,234,0.47,0.042,14,43,0.326,2021-22,Regular Season,7+ Dribbles
1626164,Devin Booker,1610612756,PHX,25.0,67,65,0.192,128,268,0.478,0.506,0.159,113,222,0.509,0.033,15,46,0.326,2021-22,Regular Season,7+ Dribbles
203468,CJ McCollum,1610612740,NOP,30.0,62,62,0.226,120,263,0.456,0.492,0.18,101,209,0.483,0.046,19,54,0.352,2021-22,Regular Season,7+ Dribbles
1627783,Pascal Siakam,1610612761,TOR,28.0,68,61,0.216,125,261,0.479,0.485,0.209,122,252,0.484,0.007,3,9,0.333,2021-22,Regular Season,7+ Dribbles
1630175,Cole Anthony,1610612753,ORL,22.0,65,65,0.282,108,257,0.42,0.453,0.225,91,205,0.444,0.057,17,52,0.327,2021-22,Regular Season,7+ Dribbles
2544,LeBron James,1610612747,LAL,37.0,56,55,0.209,116,255,0.455,0.506,0.14,90,171,0.526,0.069,26,84,0.31,2021-22,Regular Season,7+ Dribbles
1630558,Davion Mitchell,1610612758,SAC,23.0,74,71,0.305,115,254,0.453,0.478,0.262,102,218,0.468,0.043,13,36,0.361,2021-22,Regular Season,7+ Dribbles
1630169,Tyrese Haliburton,1610612754,IND,22.0,76,71,0.282,122,253,0.482,0.538,0.2,94,180,0.522,0.081,28,73,0.384,2021-22,Regular Season,7+ Dribbles
1628369,Jayson Tatum,1610612738,BOS,24.0,75,73,0.164,115,253,0.455,0.526,0.099,79,153,0.516,0.065,36,100,0.36,2021-22,Regular Season,7+ Dribbles
1629639,Tyler Herro,1610612748,MIA,22.0,66,63,0.221,108,248,0.435,0.474,0.173,89,194,0.459,0.048,19,54,0.352,2021-22,Regular Season,7+ Dribbles
1629645,Kevin Porter Jr.,1610612745,HOU,22.0,61,59,0.298,83,241,0.344,0.392,0.182,60,147,0.408,0.116,23,94,0.245,2021-22,Regular Season,7+ Dribbles
1629014,Anfernee Simons,1610612757,POR,23.0,57,54,0.298,110,237,0.464,0.527,0.2,80,159,0.503,0.098,30,78,0.385,2021-22,Regular Season,7+ Dribbles
1627747,Caris LeVert,1610612739,CLE,27.0,58,55,0.273,109,233,0.468,0.494,0.237,97,202,0.48,0.036,12,31,0.387,2021-22,Regular Season,7+ Dribbles
201144,Mike Conley,1610612762,UTA,34.0,72,68,0.281,93,222,0.419,0.486,0.184,63,145,0.434,0.097,30,77,0.39,2021-22,Regular Season,7+ Dribbles
1626156,D'Angelo Russell,1610612750,MIN,26.0,65,62,0.227,101,221,0.457,0.514,0.162,76,158,0.481,0.065,25,63,0.397,2021-22,Regular Season,7+ Dribbles
203915,Spencer Dinwiddie,1610612742,DAL,29.0,67,59,0.3,89,220,0.405,0.45,0.214,69,157,0.439,0.086,20,63,0.317,2021-22,Regular Season,7+ Dribbles
203114,Khris Middleton,1610612749,MIL,30.0,66,63,0.211,99,216,0.458,0.505,0.159,79,163,0.485,0.052,20,53,0.377,2021-22,Regular Season,7+ Dribbles
203471,Dennis Schröder,1610612745,HOU,28.0,63,58,0.283,82,201,0.408,0.428,0.255,74,181,0.409,0.028,8,20,0.4,2021-22,Regular Season,7+ Dribbles
203903,Jordan Clarkson,1610612762,UTA,30.0,79,73,0.18,96,200,0.48,0.515,0.137,82,153,0.536,0.042,14,47,0.298,2021-22,Regular Season,7+ Dribbles
203081,Damian Lillard,1610612757,POR,31.0,29,29,0.359,84,198,0.424,0.485,0.214,60,118,0.508,0.145,24,80,0.3,2021-22,Regular Season,7+ Dribbles
202681,Kyrie Irving,1610612751,BKN,30.0,29,29,0.305,80,188,0.426,0.449,0.258,71,159,0.447,0.047,9,29,0.31,2021-22,Regular Season,7+ Dribbles
203078,Bradley Beal,1610612764,WAS,29.0,40,40,0.237,80,183,0.437,0.464,0.201,70,155,0.452,0.036,10,28,0.357,2021-22,Regular Season,7+ Dribbles
1626166,Cameron Payne,1610612756,PHX,27.0,57,55,0.311,66,180,0.367,0.392,0.265,57,153,0.373,0.047,9,27,0.333,2021-22,Regular Season,7+ Dribbles
1630178,Tyrese Maxey,1610612755,PHI,21.0,75,63,0.179,86,178,0.483,0.514,0.152,75,151,0.497,0.027,11,27,0.407,2021-22,Regular Season,7+ Dribbles
202331,Paul George,1610612746,LAC,32.0,31,31,0.278,62,177,0.35,0.395,0.182,46,116,0.397,0.096,16,61,0.262,2021-22,Regular Season,7+ Dribbles
201142,Kevin Durant,1610612751,BKN,33.0,55,52,0.157,80,175,0.457,0.506,0.111,63,124,0.508,0.046,17,51,0.333,2021-22,Regular Season,7+ Dribbles
1630193,Immanuel Quickley,1610612752,NYK,23.0,77,63,0.244,67,174,0.385,0.463,0.139,40,99,0.404,0.105,27,75,0.36,2021-22,Regular Season,7+ Dribbles
1630224,Jalen Green,1610612745,HOU,20.0,67,60,0.177,63,169,0.373,0.435,0.117,42,112,0.375,0.06,21,57,0.368,2021-22,Regular Season,7+ Dribbles
1629628,RJ Barrett,1610612752,NYK,22.0,69,57,0.14,64,165,0.388,0.394,0.13,62,153,0.405,0.01,2,12,0.167,2021-22,Regular Season,7+ Dribbles
203507,Giannis Antetokounmpo,1610612749,MIL,27.0,67,60,0.13,78,162,0.481,0.497,0.109,73,136,0.537,0.021,5,26,0.192,2021-22,Regular Season,7+ Dribbles
1629673,Jordan Poole,1610612744,GSW,23.0,75,62,0.151,82,158,0.519,0.566,0.109,67,114,0.588,0.042,15,44,0.341,2021-22,Regular Season,7+ Dribbles
202397,Ish Smith,1610612764,WAS,33.0,64,52,0.354,60,149,0.403,0.406,0.342,59,144,0.41,0.012,1,5,0.2,2021-22,Regular Season,7+ Dribbles
1627763,Malcolm Brogdon,1610612754,IND,29.0,36,36,0.273,78,148,0.527,0.574,0.215,64,117,0.547,0.057,14,31,0.452,2021-22,Regular Season,7+ Dribbles
202710,Jimmy Butler III,1610612748,MIA,32.0,57,52,0.175,67,145,0.462,0.466,0.169,66,140,0.471,0.006,1,5,0.2,2021-22,Regular Season,7+ Dribbles
1626145,Tyus Jones,1610612763,MEM,26.0,72,57,0.255,60,139,0.432,0.45,0.226,55,123,0.447,0.029,5,16,0.313,2021-22,Regular Season,7+ Dribbles
1627759,Jaylen Brown,1610612738,BOS,25.0,65,53,0.111,61,134,0.455,0.493,0.09,51,108,0.472,0.022,10,26,0.385,2021-22,Regular Season,7+ Dribbles
1630532,Franz Wagner,1610612753,ORL,20.0,79,53,0.133,49,130,0.377,0.388,0.123,46,120,0.383,0.01,3,10,0.3,2021-22,Regular Season,7+ Dribbles
1627742,Brandon Ingram,1610612740,NOP,24.0,54,46,0.134,65,129,0.504,0.508,0.126,64,121,0.529,0.008,1,8,0.125,2021-22,Regular Season,7+ Dribbles
1628984,Devonte' Graham,1610612740,NOP,27.0,75,53,0.155,48,124,0.387,0.452,0.094,32,75,0.427,0.061,16,49,0.327,2021-22,Regular Season,7+ Dribbles
202689,Kemba Walker,1610612752,NYK,32.0,37,33,0.327,51,121,0.421,0.504,0.184,31,68,0.456,0.143,20,53,0.377,2021-22,Regular Season,7+ Dribbles
1626179,Terry Rozier,1610612766,CHA,28.0,72,56,0.101,54,117,0.462,0.496,0.08,46,92,0.5,0.022,8,25,0.32,2021-22,Regular Season,7+ Dribbles
202692,Alec Burks,1610612752,NYK,30.0,80,53,0.159,43,114,0.377,0.417,0.124,34,89,0.382,0.035,9,25,0.36,2021-22,Regular Season,7+ Dribbles
1630567,Scottie Barnes,1610612761,TOR,20.0,74,48,0.12,54,112,0.482,0.487,0.118,53,110,0.482,0.002,1,2,0.5,2021-22,Regular Season,7+ Dribbles
1628401,Derrick White,1610612738,BOS,27.0,75,55,0.14,52,112,0.464,0.478,0.121,49,97,0.505,0.019,3,15,0.2,2021-22,Regular Season,7+ Dribbles
1629018,Gary Trent Jr.,1610612761,TOR,23.0,70,58,0.101,41,110,0.373,0.409,0.076,33,82,0.402,0.026,8,28,0.286,2021-22,Regular Season,7+ Dribbles
1628420,Monte Morris,1610612743,DEN,27.0,75,53,0.141,42,109,0.385,0.404,0.119,38,92,0.413,0.022,4,17,0.235,2021-22,Regular Season,7+ Dribbles
203944,Julius Randle,1610612752,NYK,27.0,71,51,0.087,47,107,0.439,0.458,0.077,43,94,0.457,0.011,4,13,0.308,2021-22,Regular Season,7+ Dribbles
203526,Raul Neto,1610612764,WAS,30.0,70,50,0.243,45,107,0.421,0.444,0.209,40,92,0.435,0.034,5,15,0.333,2021-22,Regular Season,7+ Dribbles
200768,Kyle Lowry,1610612748,MIA,36.0,63,49,0.169,53,106,0.5,0.571,0.105,38,66,0.576,0.064,15,40,0.375,2021-22,Regular Season,7+ Dribbles
1630581,Josh Giddey,1610612760,OKC,19.0,54,46,0.155,45,104,0.433,0.433,0.151,45,101,0.446,0.004,0,3,0.0,2021-22,Regular Season,7+ Dribbles
1630538,Bones Hyland,1610612743,DEN,21.0,69,54,0.182,44,104,0.423,0.5,0.114,28,65,0.431,0.068,16,39,0.41,2021-22,Regular Season,7+ Dribbles
201569,Eric Gordon,1610612745,HOU,33.0,57,48,0.183,52,103,0.505,0.578,0.115,37,65,0.569,0.067,15,38,0.395,2021-22,Regular Season,7+ Dribbles
202699,Tobias Harris,1610612755,PHI,29.0,73,55,0.101,50,103,0.485,0.49,0.098,49,100,0.49,0.003,1,3,0.333,2021-22,Regular Season,7+ Dribbles
201937,Ricky Rubio,1610612754,IND,31.0,34,33,0.251,46,103,0.447,0.49,0.2,37,82,0.451,0.051,9,21,0.429,2021-22,Regular Season,7+ Dribbles
202339,Eric Bledsoe,1610612757,POR,32.0,53,44,0.225,44,102,0.431,0.431,0.209,44,95,0.463,0.015,0,7,0.0,2021-22,Regular Season,7+ Dribbles
1630591,Jalen Suggs,1610612753,ORL,21.0,48,38,0.186,33,102,0.324,0.343,0.163,29,89,0.326,0.024,4,13,0.308,2021-22,Regular Season,7+ Dribbles
203115,Will Barton,1610612743,DEN,31.0,71,49,0.108,35,97,0.361,0.387,0.083,30,74,0.405,0.026,5,23,0.217,2021-22,Regular Season,7+ Dribbles
1630560,Cam Thomas,1610612751,BKN,20.0,67,39,0.187,43,94,0.457,0.489,0.159,37,80,0.463,0.028,6,14,0.429,2021-22,Regular Season,7+ Dribbles
1630544,Tre Mann,1610612760,OKC,21.0,60,40,0.155,34,91,0.374,0.407,0.119,28,70,0.4,0.036,6,21,0.286,2021-22,Regular Season,7+ Dribbles
203552,Seth Curry,1610612751,BKN,31.0,64,44,0.12,48,89,0.539,0.596,0.085,38,63,0.603,0.035,10,26,0.385,2021-22,Regular Season,7+ Dribbles
1629216,Gabe Vincent,1610612748,MIA,26.0,68,44,0.172,38,88,0.432,0.489,0.109,28,56,0.5,0.062,10,32,0.313,2021-22,Regular Season,7+ Dribbles
203935,Marcus Smart,1610612738,BOS,28.0,70,42,0.122,38,86,0.442,0.448,0.104,37,73,0.507,0.018,1,13,0.077,2021-22,Regular Season,7+ Dribbles
202362,Lance Stephenson,1610612754,IND,31.0,46,35,0.26,40,84,0.476,0.494,0.214,37,69,0.536,0.046,3,15,0.2,2021-22,Regular Season,7+ Dribbles
1629611,Terance Mann,1610612746,LAC,25.0,80,40,0.117,34,80,0.425,0.438,0.099,32,68,0.471,0.018,2,12,0.167,2021-22,Regular Season,7+ Dribbles
1627741,Buddy Hield,1610612754,IND,29.0,80,44,0.074,30,80,0.375,0.419,0.054,23,58,0.397,0.02,7,22,0.318,2021-22,Regular Season,7+ Dribbles
1630165,Killian Hayes,1610612765,DET,20.0,65,43,0.178,26,80,0.325,0.331,0.171,25,77,0.325,0.007,1,3,0.333,2021-22,Regular Season,7+ Dribbles
201976,Patrick Beverley,1610612750,MIN,33.0,58,40,0.179,34,78,0.436,0.481,0.126,27,55,0.491,0.053,7,23,0.304,2021-22,Regular Season,7+ Dribbles
1628988,Aaron Holiday,1610612756,PHX,25.0,63,37,0.231,34,78,0.436,0.455,0.21,31,71,0.437,0.021,3,7,0.429,2021-22,Regular Season,7+ Dribbles
1629638,Nickeil Alexander-Walker,1610612762,UTA,23.0,64,39,0.116,32,78,0.41,0.436,0.101,28,68,0.412,0.015,4,10,0.4,2021-22,Regular Season,7+ Dribbles
1629003,Shake Milton,1610612755,PHI,25.0,55,34,0.189,36,76,0.474,0.48,0.176,35,71,0.493,0.012,1,5,0.2,2021-22,Regular Season,7+ Dribbles
1630631,Jose Alvarado,1610612740,NOP,24.0,53,33,0.259,38,75,0.507,0.507,0.241,38,70,0.543,0.017,0,5,0.0,2021-22,Regular Season,7+ Dribbles
1629632,Coby White,1610612741,CHI,22.0,61,39,0.116,30,75,0.4,0.413,0.096,28,62,0.452,0.02,2,13,0.154,2021-22,Regular Season,7+ Dribbles
203952,Andrew Wiggins,1610612744,GSW,27.0,72,46,0.074,34,74,0.459,0.486,0.064,30,64,0.469,0.01,4,10,0.4,2021-22,Regular Season,7+ Dribbles
1629659,Talen Horton-Tucker,1610612747,LAL,21.0,60,37,0.136,27,73,0.37,0.39,0.121,24,65,0.369,0.015,3,8,0.375,2021-22,Regular Season,7+ Dribbles
204456,T.J. McConnell,1610612754,IND,30.0,27,23,0.346,39,72,0.542,0.542,0.337,39,70,0.557,0.01,0,2,0.0,2021-22,Regular Season,7+ Dribbles
1628365,Markelle Fultz,1610612753,ORL,24.0,18,17,0.406,39,71,0.549,0.563,0.383,37,67,0.552,0.023,2,4,0.5,2021-22,Regular Season,7+ Dribbles
203992,Bogdan Bogdanović,1610612737,ATL,29.0,63,38,0.089,32,71,0.451,0.514,0.064,23,51,0.451,0.025,9,20,0.45,2021-22,Regular Season,7+ Dribbles
1630528,Josh Christopher,1610612745,HOU,20.0,74,46,0.142,29,71,0.408,0.437,0.118,25,59,0.424,0.024,4,12,0.333,2021-22,Regular Season,7+ Dribbles
1629669,Jaylen Nowell,1610612750,MIN,22.0,62,36,0.167,28,69,0.406,0.42,0.15,26,62,0.419,0.017,2,7,0.286,2021-22,Regular Season,7+ Dribbles
1630181,R.J. Hampton,1610612753,ORL,21.0,64,38,0.151,19,69,0.275,0.297,0.123,16,56,0.286,0.028,3,13,0.231,2021-22,Regular Season,7+ Dribbles
202709,Cory Joseph,1610612765,DET,30.0,65,37,0.17,32,68,0.471,0.493,0.158,29,63,0.46,0.013,3,5,0.6,2021-22,Regular Season,7+ Dribbles
1628398,Kyle Kuzma,1610612764,WAS,26.0,66,39,0.073,31,68,0.456,0.478,0.065,28,61,0.459,0.007,3,7,0.429,2021-22,Regular Season,7+ Dribbles
1630314,Brandon Williams,1610612757,POR,22.0,24,21,0.241,28,68,0.412,0.434,0.202,25,57,0.439,0.039,3,11,0.273,2021-22,Regular Season,7+ Dribbles
1628370,Malik Monk,1610612747,LAL,24.0,76,36,0.081,34,67,0.507,0.537,0.065,30,54,0.556,0.016,4,13,0.308,2021-22,Regular Season,7+ Dribbles
203932,Aaron Gordon,1610612743,DEN,26.0,75,45,0.08,33,67,0.493,0.507,0.074,31,62,0.5,0.006,2,5,0.4,2021-22,Regular Season,7+ Dribbles
203095,Evan Fournier,1610612752,NYK,29.0,79,40,0.071,26,67,0.388,0.41,0.049,23,46,0.5,0.022,3,21,0.143,2021-22,Regular Season,7+ Dribbles
101150,Lou Williams,1610612737,ATL,35.0,56,39,0.209,23,67,0.343,0.358,0.175,21,56,0.375,0.034,2,11,0.182,2021-22,Regular Season,7+ Dribbles
201565,Derrick Rose,1610612752,NYK,33.0,26,24,0.241,25,66,0.379,0.394,0.212,23,58,0.397,0.029,2,8,0.25,2021-22,Regular Season,7+ Dribbles
1630245,Ayo Dosunmu,1610612741,CHI,22.0,77,35,0.12,34,64,0.531,0.531,0.114,34,61,0.557,0.006,0,3,0.0,2021-22,Regular Season,7+ Dribbles
1630200,Tre Jones,1610612759,SAS,22.0,69,36,0.189,29,64,0.453,0.453,0.183,29,62,0.468,0.006,0,2,0.0,2021-22,Regular Season,7+ Dribbles
1628372,Dennis Smith Jr.,1610612757,POR,24.0,37,27,0.317,22,60,0.367,0.367,0.312,22,59,0.373,0.005,0,1,0.0,2021-22,Regular Season,7+ Dribbles
1630235,Trent Forrest,1610612762,UTA,24.0,60,35,0.381,33,59,0.559,0.559,0.374,33,58,0.569,0.006,0,1,0.0,2021-22,Regular Season,7+ Dribbles
1629001,De'Anthony Melton,1610612763,MEM,24.0,72,36,0.086,19,59,0.322,0.339,0.058,17,40,0.425,0.028,2,19,0.105,2021-22,Regular Season,7+ Dribbles
203954,Joel Embiid,1610612755,PHI,28.0,68,32,0.043,27,57,0.474,0.474,0.043,27,57,0.474,0.0,0,0,,2021-22,Regular Season,7+ Dribbles
1628970,Miles Bridges,1610612766,CHA,24.0,79,38,0.047,25,56,0.446,0.464,0.038,23,46,0.5,0.008,2,10,0.2,2021-22,Regular Season,7+ Dribbles
1630215,Jared Butler,1610612762,UTA,21.0,42,27,0.351,28,53,0.528,0.613,0.205,19,31,0.613,0.146,9,22,0.409,2021-22,Regular Season,7+ Dribbles
1629022,Lonnie Walker IV,1610612759,SAS,23.0,70,35,0.069,27,53,0.509,0.519,0.063,26,48,0.542,0.007,1,5,0.2,2021-22,Regular Season,7+ Dribbles
201588,George Hill,1610612749,MIL,36.0,54,27,0.193,22,53,0.415,0.415,0.164,22,45,0.489,0.029,0,8,0.0,2021-22,Regular Season,7+ Dribbles
1630180,Saddiq Bey,1610612765,DET,23.0,81,39,0.046,21,52,0.404,0.442,0.038,17,43,0.395,0.008,4,9,0.444,2021-22,Regular Season,7+ Dribbles
203504,Trey Burke,1610612742,DAL,29.0,42,27,0.242,20,52,0.385,0.394,0.205,19,44,0.432,0.037,1,8,0.125,2021-22,Regular Season,7+ Dribbles
1630537,Chris Duarte,1610612754,IND,25.0,55,31,0.081,25,50,0.5,0.56,0.058,19,36,0.528,0.023,6,14,0.429,2021-22,Regular Season,7+ Dribbles
1630202,Payton Pritchard,1610612738,BOS,24.0,71,31,0.134,23,50,0.46,0.53,0.088,16,33,0.485,0.046,7,17,0.412,2021-22,Regular Season,7+ Dribbles
1630217,Desmond Bane,1610612763,MEM,24.0,76,33,0.045,22,50,0.44,0.48,0.036,18,40,0.45,0.009,4,10,0.4,2021-22,Regular Season,7+ Dribbles
1627788,Furkan Korkmaz,1610612755,PHI,24.0,67,28,0.106,20,50,0.4,0.42,0.081,18,38,0.474,0.026,2,12,0.167,2021-22,Regular Season,7+ Dribbles
1628415,Dillon Brooks,1610612763,MEM,26.0,31,24,0.098,20,50,0.4,0.45,0.086,15,44,0.341,0.012,5,6,0.833,2021-22,Regular Season,7+ Dribbles
1629652,Luguentz Dort,1610612760,OKC,23.0,51,29,0.067,24,49,0.49,0.52,0.055,21,40,0.525,0.012,3,9,0.333,2021-22,Regular Season,7+ Dribbles
201988,Patty Mills,1610612751,BKN,33.0,81,30,0.06,14,48,0.292,0.333,0.045,10,36,0.278,0.015,4,12,0.333,2021-22,Regular Season,7+ Dribbles
1630553,Keon Johnson,1610612757,POR,20.0,36,23,0.178,13,48,0.271,0.281,0.144,12,39,0.308,0.033,1,9,0.111,2021-22,Regular Season,7+ Dribbles
203082,Terrence Ross,1610612753,ORL,31.0,63,25,0.085,21,47,0.447,0.479,0.063,18,35,0.514,0.022,3,12,0.25,2021-22,Regular Season,7+ Dribbles
202694,Marcus Morris Sr.,1610612746,LAC,32.0,53,29,0.07,19,47,0.404,0.415,0.065,18,44,0.409,0.004,1,3,0.333,2021-22,Regular Season,7+ Dribbles
1629670,Jordan Nwora,1610612749,MIL,23.0,62,30,0.1,19,46,0.413,0.478,0.074,13,34,0.382,0.026,6,12,0.5,2021-22,Regular Season,7+ Dribbles
1626153,Delon Wright,1610612737,ATL,30.0,77,32,0.167,22,45,0.489,0.533,0.134,18,36,0.5,0.033,4,9,0.444,2021-22,Regular Season,7+ Dribbles
1626181,Norman Powell,1610612746,LAC,29.0,45,26,0.073,20,44,0.455,0.477,0.066,18,40,0.45,0.007,2,4,0.5,2021-22,Regular Season,7+ Dribbles
203901,Elfrid Payton,1610612756,PHX,28.0,49,25,0.262,18,44,0.409,0.42,0.256,17,43,0.395,0.006,1,1,1.0,2021-22,Regular Season,7+ Dribbles
1630527,Brandon Boston,1610612746,LAC,20.0,50,29,0.143,15,44,0.341,0.409,0.104,9,32,0.281,0.039,6,12,0.5,2021-22,Regular Season,7+ Dribbles
1629164,Brandon Goodwin,1610612739,CLE,26.0,36,21,0.279,21,43,0.488,0.5,0.227,20,35,0.571,0.052,1,8,0.125,2021-22,Regular Season,7+ Dribbles
1628989,Kevin Huerter,1610612737,ATL,23.0,74,36,0.057,12,43,0.279,0.291,0.045,11,34,0.324,0.012,1,9,0.111,2021-22,Regular Season,7+ Dribbles
202330,Gordon Hayward,1610612766,CHA,32.0,48,21,0.07,19,42,0.452,0.476,0.065,17,39,0.436,0.005,2,3,0.667,2021-22,Regular Season,7+ Dribbles
202711,Bojan Bogdanovic,1610612762,UTA,33.0,69,34,0.045,19,42,0.452,0.476,0.037,17,34,0.5,0.009,2,8,0.25,2021-22,Regular Season,7+ Dribbles
1630267,Facundo Campazzo,1610612743,DEN,31.0,65,25,0.142,16,42,0.381,0.464,0.074,9,22,0.409,0.068,7,20,0.35,2021-22,Regular Season,7+ Dribbles
1628977,Hamidou Diallo,1610612765,DET,23.0,57,26,0.08,19,41,0.463,0.463,0.08,19,41,0.463,0.0,0,0,,2021-22,Regular Season,7+ Dribbles
1628384,OG Anunoby,1610612761,TOR,24.0,48,28,0.059,16,41,0.39,0.402,0.047,15,33,0.455,0.011,1,8,0.125,2021-22,Regular Season,7+ Dribbles
203484,Kentavious Caldwell-Pope,1610612764,WAS,29.0,77,30,0.048,15,40,0.375,0.425,0.037,11,31,0.355,0.011,4,9,0.444,2021-22,Regular Season,7+ Dribbles
1629660,Ty Jerome,1610612760,OKC,24.0,48,24,0.122,15,40,0.375,0.4,0.091,13,30,0.433,0.03,2,10,0.2,2021-22,Regular Season,7+ Dribbles
1628975,Jevon Carter,1610612749,MIL,26.0,66,18,0.158,13,40,0.325,0.35,0.126,11,32,0.344,0.032,2,8,0.25,2021-22,Regular Season,7+ Dribbles
201571,D.J. Augustin,1610612747,LAL,34.0,55,29,0.18,12,40,0.3,0.375,0.072,6,16,0.375,0.108,6,24,0.25,2021-22,Regular Season,7+ Dribbles
1630201,Malachi Flynn,1610612761,TOR,24.0,44,24,0.213,9,39,0.231,0.244,0.164,8,30,0.267,0.049,1,9,0.111,2021-22,Regular Season,7+ Dribbles
200765,Rajon Rondo,1610612739,CLE,36.0,39,21,0.209,19,37,0.514,0.527,0.186,18,33,0.545,0.023,1,4,0.25,2021-22,Regular Season,7+ Dribbles
203084,Harrison Barnes,1610612758,SAC,30.0,76,31,0.045,14,37,0.378,0.392,0.038,13,31,0.419,0.007,1,6,0.167,2021-22,Regular Season,7+ Dribbles
1628978,Donte DiVincenzo,1610612758,SAC,25.0,42,26,0.11,13,37,0.351,0.432,0.068,7,23,0.304,0.042,6,14,0.429,2021-22,Regular Season,7+ Dribbles
1628366,Lonzo Ball,1610612741,CHI,24.0,35,19,0.094,12,36,0.333,0.417,0.068,6,26,0.231,0.026,6,10,0.6,2021-22,Regular Season,7+ Dribbles
1628404,Josh Hart,1610612757,POR,27.0,53,24,0.061,18,34,0.529,0.588,0.043,14,24,0.583,0.018,4,10,0.4,2021-22,Regular Season,7+ Dribbles
203937,Kyle Anderson,1610612763,MEM,28.0,69,28,0.07,9,33,0.273,0.273,0.07,9,33,0.273,0.0,0,0,,2021-22,Regular Season,7+ Dribbles
1630256,Jae'Sean Tate,1610612745,HOU,26.0,78,27,0.044,17,32,0.531,0.531,0.044,17,32,0.531,0.0,0,0,,2021-22,Regular Season,7+ Dribbles
1629640,Keldon Johnson,1610612759,SAS,22.0,75,23,0.032,14,32,0.438,0.438,0.032,14,32,0.438,0.0,0,0,,2021-22,Regular Season,7+ Dribbles
203087,Jeremy Lamb,1610612758,SAC,30.0,56,23,0.089,15,31,0.484,0.5,0.081,14,28,0.5,0.009,1,3,0.333,2021-22,Regular Season,7+ Dribbles
1629056,Terence Davis,1610612758,SAC,25.0,29,18,0.116,14,30,0.467,0.55,0.074,9,19,0.474,0.043,5,11,0.455,2021-22,Regular Season,7+ Dribbles
203085,Austin Rivers,1610612743,DEN,29.0,67,23,0.083,13,29,0.448,0.466,0.066,12,23,0.522,0.017,1,6,0.167,2021-22,Regular Season,7+ Dribbles
1626196,Josh Richardson,1610612759,SAS,28.0,64,24,0.055,12,29,0.414,0.414,0.053,12,28,0.429,0.002,0,1,0.0,2021-22,Regular Season,7+ Dribbles
203924,Jerami Grant,1610612765,DET,28.0,47,25,0.041,9,29,0.31,0.31,0.04,9,28,0.321,0.001,0,1,0.0,2021-22,Regular Season,7+ Dribbles
1630625,Dalano Banton,1610612761,TOR,22.0,64,18,0.139,12,28,0.429,0.429,0.119,12,24,0.5,0.02,0,4,0.0,2021-22,Regular Season,7+ Dribbles
1630613,Duane Washington Jr.,1610612754,IND,22.0,48,22,0.066,12,28,0.429,0.464,0.054,10,23,0.435,0.012,2,5,0.4,2021-22,Regular Season,7+ Dribbles
203107,Tomas Satoransky,1610612764,WAS,30.0,55,21,0.147,9,28,0.321,0.321,0.141,9,27,0.333,0.005,0,1,0.0,2021-22,Regular Season,7+ Dribbles
1629631,De'Andre Hunter,1610612737,ATL,24.0,53,20,0.047,11,27,0.407,0.407,0.042,11,24,0.458,0.005,0,3,0.0,2021-22,Regular Season,7+ Dribbles
1629633,Jarrett Culver,1610612763,MEM,23.0,36,19,0.205,9,27,0.333,0.352,0.167,8,22,0.364,0.038,1,5,0.2,2021-22,Regular Season,7+ Dribbles
1626208,Keifer Sykes,1610612754,IND,28.0,32,15,0.142,7,27,0.259,0.278,0.116,6,22,0.273,0.026,1,5,0.2,2021-22,Regular Season,7+ Dribbles
204060,Joe Ingles,1610612757,POR,34.0,45,18,0.091,18,26,0.692,0.885,0.039,8,11,0.727,0.053,10,15,0.667,2021-22,Regular Season,7+ Dribbles
201568,Danilo Gallinari,1610612737,ATL,33.0,66,22,0.044,8,26,0.308,0.327,0.034,7,20,0.35,0.01,1,6,0.167,2021-22,Regular Season,7+ Dribbles
1630166,Deni Avdija,1610612764,WAS,21.0,82,23,0.043,10,25,0.4,0.42,0.038,9,22,0.409,0.005,1,3,0.333,2021-22,Regular Season,7+ Dribbles
1627734,Domantas Sabonis,1610612758,SAC,26.0,62,17,0.032,10,25,0.4,0.4,0.032,10,25,0.4,0.0,0,0,,2021-22,Regular Season,7+ Dribbles
1629162,Jordan McLaughlin,1610612750,MIN,26.0,62,19,0.125,7,25,0.28,0.32,0.11,5,22,0.227,0.015,2,3,0.667,2021-22,Regular Season,7+ Dribbles
201949,James Johnson,1610612751,BKN,35.0,62,15,0.078,13,24,0.542,0.563,0.069,12,21,0.571,0.01,1,3,0.333,2021-22,Regular Season,7+ Dribbles
1630177,Theo Maledon,1610612760,OKC,21.0,51,14,0.076,9,24,0.375,0.417,0.06,7,19,0.368,0.016,2,5,0.4,2021-22,Regular Season,7+ Dribbles
1629647,Darius Bazley,1610612760,OKC,22.0,69,20,0.037,9,24,0.375,0.375,0.032,9,21,0.429,0.005,0,3,0.0,2021-22,Regular Season,7+ Dribbles
1630540,Miles McBride,1610612752,NYK,21.0,40,14,0.229,7,24,0.292,0.354,0.114,4,12,0.333,0.114,3,12,0.25,2021-22,Regular Season,7+ Dribbles
1628389,Bam Adebayo,1610612748,MIA,24.0,56,21,0.032,13,23,0.565,0.565,0.032,13,23,0.565,0.0,0,0,,2021-22,Regular Season,7+ Dribbles
1626224,Cedi Osman,1610612739,CLE,27.0,66,18,0.04,12,23,0.522,0.565,0.03,10,17,0.588,0.01,2,6,0.333,2021-22,Regular Season,7+ Dribbles
1629012,Collin Sexton,1610612739,CLE,23.0,11,10,0.155,7,23,0.304,0.326,0.135,6,20,0.3,0.02,1,3,0.333,2021-22,Regular Season,7+ Dribbles
203999,Nikola Jokić,1610612743,DEN,27.0,74,21,0.017,15,22,0.682,0.682,0.016,15,21,0.714,0.001,0,1,0.0,2021-22,Regular Season,7+ Dribbles
1627739,Kris Dunn,1610612757,POR,28.0,14,10,0.216,11,22,0.5,0.5,0.216,11,22,0.5,0.0,0,0,,2021-22,Regular Season,7+ Dribbles
1627936,Alex Caruso,1610612741,CHI,28.0,41,16,0.086,9,22,0.409,0.432,0.07,8,18,0.444,0.016,1,4,0.25,2021-22,Regular Season,7+ Dribbles
202738,Isaiah Thomas,1610612766,CHA,33.0,22,13,0.132,8,22,0.364,0.364,0.102,8,17,0.471,0.03,0,5,0.0,2021-22,Regular Season,7+ Dribbles
1630184,Kira Lewis Jr.,1610612740,NOP,21.0,24,13,0.151,8,22,0.364,0.364,0.123,8,18,0.444,0.027,0,4,0.0,2021-22,Regular Season,7+ Dribbles
1626174,Christian Wood,1610612745,HOU,26.0,68,19,0.025,7,22,0.318,0.364,0.019,5,17,0.294,0.006,2,5,0.4,2021-22,Regular Season,7+ Dribbles
1629620,Justin Robinson,1610612765,DET,24.0,24,13,0.242,5,22,0.227,0.273,0.198,3,18,0.167,0.044,2,4,0.5,2021-22,Regular Season,7+ Dribbles
1630240,Saben Lee,1610612765,DET,23.0,36,18,0.129,5,22,0.227,0.227,0.118,5,20,0.25,0.012,0,2,0.0,2021-22,Regular Season,7+ Dribbles
1630230,Naji Marshall,1610612740,NOP,24.0,55,15,0.078,13,21,0.619,0.643,0.074,12,20,0.6,0.004,1,1,1.0,2021-22,Regular Season,7+ Dribbles
201609,Goran Dragic,1610612751,BKN,36.0,21,10,0.139,12,21,0.571,0.571,0.139,12,21,0.571,0.0,0,0,,2021-22,Regular Season,7+ Dribbles
1628373,Frank Ntilikina,1610612742,DAL,23.0,58,15,0.094,11,21,0.524,0.571,0.085,9,19,0.474,0.009,2,2,1.0,2021-22,Regular Season,7+ Dribbles
1629599,Amir Coffey,1610612746,LAC,25.0,68,15,0.046,10,21,0.476,0.548,0.037,7,17,0.412,0.009,3,4,0.75,2021-22,Regular Season,7+ Dribbles
1630563,Joshua Primo,1610612759,SAS,19.0,50,12,0.078,9,21,0.429,0.5,0.059,6,16,0.375,0.019,3,5,0.6,2021-22,Regular Season,7+ Dribbles
1630559,Austin Reaves,1610612747,LAL,24.0,61,12,0.063,11,20,0.55,0.55,0.06,11,19,0.579,0.003,0,1,0.0,2021-22,Regular Season,7+ Dribbles
1629629,Cam Reddish,1610612752,NYK,22.0,49,17,0.049,10,20,0.5,0.525,0.037,9,15,0.6,0.012,1,5,0.2,2021-22,Regular Season,7+ Dribbles
202691,Klay Thompson,1610612744,GSW,32.0,32,13,0.035,9,20,0.45,0.5,0.025,7,14,0.5,0.011,2,6,0.333,2021-22,Regular Season,7+ Dribbles
203076,Anthony Davis,1610612747,LAL,29.0,40,12,0.029,9,20,0.45,0.45,0.029,9,20,0.45,0.0,0,0,,2021-22,Regular Season,7+ Dribbles
203914,Gary Harris,1610612753,ORL,27.0,61,16,0.036,7,20,0.35,0.35,0.031,7,17,0.412,0.005,0,3,0.0,2021-22,Regular Season,7+ Dribbles
1628998,Cody Martin,1610612766,CHA,26.0,70,18,0.048,5,20,0.25,0.25,0.043,5,18,0.278,0.005,0,2,0.0,2021-22,Regular Season,7+ Dribbles
1630596,Evan Mobley,1610612739,CLE,21.0,69,15,0.023,10,19,0.526,0.553,0.022,9,18,0.5,0.001,1,1,1.0,2021-22,Regular Season,7+ Dribbles
1630228,Jonathan Kuminga,1610612744,GSW,19.0,69,16,0.04,10,18,0.556,0.556,0.04,10,18,0.556,0.0,0,0,,2021-22,Regular Season,7+ Dribbles
203506,Victor Oladipo,1610612748,MIA,30.0,8,7,0.247,8,18,0.444,0.5,0.178,6,13,0.462,0.068,2,5,0.4,2021-22,Regular Season,7+ Dribbles
1629013,Landry Shamet,1610612756,PHX,25.0,69,15,0.037,6,18,0.333,0.333,0.037,6,18,0.333,0.0,0,0,,2021-22,Regular Season,7+ Dribbles
1626162,Kelly Oubre Jr.,1610612766,CHA,26.0,75,16,0.018,9,17,0.529,0.529,0.017,9,16,0.563,0.001,0,1,0.0,2021-22,Regular Season,7+ Dribbles
1630698,Kevin Pangos,1610612739,CLE,29.0,24,8,0.37,9,17,0.529,0.618,0.239,6,11,0.545,0.13,3,6,0.5,2021-22,Regular Season,7+ Dribbles
1628367,Josh Jackson,1610612758,SAC,25.0,50,13,0.059,5,17,0.294,0.294,0.055,5,16,0.313,0.003,0,1,0.0,2021-22,Regular Season,7+ Dribbles
1629643,Chuma Okeke,1610612753,ORL,23.0,70,14,0.03,5,17,0.294,0.294,0.028,5,16,0.313,0.002,0,1,0.0,2021-22,Regular Season,7+ Dribbles
1627736,Malik Beasley,1610612750,MIN,25.0,79,16,0.02,4,17,0.235,0.294,0.008,2,7,0.286,0.012,2,10,0.2,2021-22,Regular Season,7+ Dribbles
1630547,James Bouknight,1610612766,CHA,21.0,30,11,0.123,3,17,0.176,0.206,0.087,2,12,0.167,0.036,1,5,0.2,2021-22,Regular Season,7+ Dribbles
1630170,Devin Vassell,1610612759,SAS,21.0,71,13,0.021,7,16,0.438,0.438,0.021,7,16,0.438,0.0,0,0,,2021-22,Regular Season,7+ Dribbles
203501,Tim Hardaway Jr.,1610612742,DAL,30.0,42,12,0.03,6,16,0.375,0.469,0.019,3,10,0.3,0.011,3,6,0.5,2021-22,Regular Season,7+ Dribbles
1630173,Precious Achiuwa,1610612761,TOR,22.0,73,14,0.025,3,15,0.2,0.2,0.023,3,14,0.214,0.002,0,1,0.0,2021-22,Regular Season,7+ Dribbles
1626157,Karl-Anthony Towns,1610612750,MIN,26.0,74,12,0.012,10,14,0.714,0.75,0.011,9,13,0.692,0.001,1,1,1.0,2021-22,Regular Season,7+ Dribbles
1629717,Armoni Brooks,1610612761,TOR,24.0,54,12,0.048,6,14,0.429,0.571,0.007,2,2,1.0,0.042,4,12,0.333,2021-22,Regular Season,7+ Dribbles
1630285,Zavier Simpson,1610612760,OKC,25.0,4,4,0.269,5,14,0.357,0.357,0.25,5,13,0.385,0.019,0,1,0.0,2021-22,Regular Season,7+ Dribbles
202954,Brad Wanamaker,1610612764,WAS,32.0,23,10,0.182,2,14,0.143,0.143,0.169,2,13,0.154,0.013,0,1,0.0,2021-22,Regular Season,7+ Dribbles
1630205,Lamar Stevens,1610612739,CLE,24.0,63,12,0.041,8,13,0.615,0.615,0.041,8,13,0.615,0.0,0,0,,2021-22,Regular Season,7+ Dribbles
1629026,Kenrich Williams,1610612760,OKC,27.0,49,13,0.041,6,13,0.462,0.462,0.041,6,13,0.462,0.0,0,0,,2021-22,Regular Season,7+ Dribbles
1628971,Bruce Brown,1610612751,BKN,25.0,72,12,0.026,2,13,0.154,0.154,0.026,2,13,0.154,0.0,0,0,,2021-22,Regular Season,7+ Dribbles
1629875,Xavier Moon,1610612746,LAC,27.0,10,5,0.235,9,12,0.75,0.75,0.235,9,12,0.75,0.0,0,0,,2021-22,Regular Season,7+ Dribbles
1626171,Bobby Portis,1610612749,MIL,27.0,72,11,0.014,6,12,0.5,0.5,0.014,6,12,0.5,0.0,0,0,,2021-22,Regular Season,7+ Dribbles
1628997,Caleb Martin,1610612748,MIA,26.0,60,9,0.029,5,12,0.417,0.417,0.029,5,12,0.417,0.0,0,0,,2021-22,Regular Season,7+ Dribbles
1630227,Daishen Nix,1610612745,HOU,20.0,24,10,0.179,5,12,0.417,0.5,0.119,3,8,0.375,0.06,2,4,0.5,2021-22,Regular Season,7+ Dribbles
1628991,Jaren Jackson Jr.,1610612763,MEM,22.0,77,12,0.012,5,12,0.417,0.417,0.012,5,12,0.417,0.0,0,0,,2021-22,Regular Season,7+ Dribbles
1630197,Aleksej Pokusevski,1610612760,OKC,20.0,61,9,0.026,3,12,0.25,0.25,0.024,3,11,0.273,0.002,0,1,0.0,2021-22,Regular Season,7+ Dribbles
1629308,Juan Toscano-Anderson,1610612744,GSW,29.0,73,9,0.047,7,11,0.636,0.682,0.043,6,10,0.6,0.004,1,1,1.0,2021-22,Regular Season,7+ Dribbles
201933,Blake Griffin,1610612751,BKN,33.0,56,11,0.035,5,11,0.455,0.5,0.032,4,10,0.4,0.003,1,1,1.0,2021-22,Regular Season,7+ Dribbles
1628960,Grayson Allen,1610612749,MIL,26.0,66,9,0.019,4,11,0.364,0.409,0.012,3,7,0.429,0.007,1,4,0.25,2021-22,Regular Season,7+ Dribbles
1629623,Lindell Wigginton,1610612749,MIL,24.0,19,6,0.18,3,11,0.273,0.273,0.148,3,9,0.333,0.033,0,2,0.0,2021-22,Regular Season,7+ Dribbles
203918,Rodney Hood,1610612746,LAC,29.0,52,9,0.07,3,11,0.273,0.318,0.045,2,7,0.286,0.025,1,4,0.25,2021-22,Regular Season,7+ Dribbles
1630578,Alperen Sengun,1610612745,HOU,19.0,72,9,0.019,8,10,0.8,0.8,0.019,8,10,0.8,0.0,0,0,,2021-22,Regular Season,7+ Dribbles
1628969,Mikal Bridges,1610612756,PHX,25.0,81,10,0.012,6,10,0.6,0.6,0.012,6,10,0.6,0.0,0,0,,2021-22,Regular Season,7+ Dribbles
2546,Carmelo Anthony,1610612747,LAL,38.0,69,10,0.014,6,10,0.6,0.6,0.012,6,9,0.667,0.001,0,1,0.0,2021-22,Regular Season,7+ Dribbles
1630533,Ziaire Williams,1610612763,MEM,20.0,61,7,0.024,6,10,0.6,0.65,0.019,5,8,0.625,0.005,1,2,0.5,2021-22,Regular Season,7+ Dribbles
200752,Rudy Gay,1610612762,UTA,35.0,55,9,0.026,2,10,0.2,0.2,0.018,2,7,0.286,0.008,0,3,0.0,2021-22,Regular Season,7+ Dribbles
1629649,Ignas Brazdeikis,1610612753,ORL,23.0,42,9,0.053,2,10,0.2,0.25,0.048,1,9,0.111,0.005,1,1,1.0,2021-22,Regular Season,7+ Dribbles
1628408,PJ Dozier,1610612743,DEN,25.0,18,6,0.101,1,10,0.1,0.1,0.071,1,7,0.143,0.03,0,3,0.0,2021-22,Regular Season,7+ Dribbles
1630171,Isaac Okoro,1610612739,CLE,21.0,67,9,0.021,4,9,0.444,0.444,0.016,4,7,0.571,0.005,0,2,0.0,2021-22,Regular Season,7+ Dribbles
1630529,Herbert Jones,1610612740,NOP,23.0,77,8,0.016,3,9,0.333,0.333,0.016,3,9,0.333,0.0,0,0,,2021-22,Regular Season,7+ Dribbles
1626149,Montrezl Harrell,1610612766,CHA,28.0,71,9,0.016,3,9,0.333,0.333,0.016,3,9,0.333,0.0,0,0,,2021-22,Regular Season,7+ Dribbles
1627814,Damion Lee,1610612744,GSW,29.0,62,9,0.024,2,9,0.222,0.222,0.021,2,8,0.25,0.003,0,1,0.0,2021-22,Regular Season,7+ Dribbles
1630249,Vít Krejčí,1610612760,OKC,22.0,30,7,0.054,2,9,0.222,0.278,0.042,1,7,0.143,0.012,1,2,0.5,2021-22,Regular Season,7+ Dribbles
1629004,Svi Mykhailiuk,1610612761,TOR,25.0,56,9,0.038,2,9,0.222,0.222,0.038,2,9,0.222,0.0,0,0,,2021-22,Regular Season,7+ Dribbles
1629723,John Konchar,1610612763,MEM,26.0,72,9,0.034,2,9,0.222,0.278,0.019,1,5,0.2,0.015,1,4,0.25,2021-22,Regular Season,7+ Dribbles
1628402,Frank Jackson,1610612765,DET,24.0,53,7,0.019,1,9,0.111,0.111,0.012,1,6,0.167,0.006,0,3,0.0,2021-22,Regular Season,7+ Dribbles
1628432,Davon Reed,1610612743,DEN,27.0,48,3,0.05,4,8,0.5,0.5,0.043,4,7,0.571,0.006,0,1,0.0,2021-22,Regular Season,7+ Dribbles
1629661,Cameron Johnson,1610612756,PHX,26.0,65,7,0.013,4,8,0.5,0.563,0.008,3,5,0.6,0.005,1,3,0.333,2021-22,Regular Season,7+ Dribbles
203994,Jusuf Nurkić,1610612757,POR,27.0,56,8,0.013,4,8,0.5,0.5,0.013,4,8,0.5,0.0,0,0,,2021-22,Regular Season,7+ Dribbles
1629657,Kyle Guy,1610612748,MIA,24.0,19,5,0.123,3,8,0.375,0.375,0.108,3,7,0.429,0.015,0,1,0.0,2021-22,Regular Season,7+ Dribbles
201152,Thaddeus Young,1610612761,TOR,34.0,52,6,0.029,3,8,0.375,0.375,0.026,3,7,0.429,0.004,0,1,0.0,2021-22,Regular Season,7+ Dribbles
1630598,Aaron Wiggins,1610612760,OKC,23.0,50,7,0.024,3,8,0.375,0.375,0.024,3,8,0.375,0.0,0,0,,2021-22,Regular Season,7+ Dribbles
1630190,Elijah Hughes,1610612757,POR,24.0,36,7,0.056,3,8,0.375,0.438,0.042,2,6,0.333,0.014,1,2,0.5,2021-22,Regular Season,7+ Dribbles
203648,Thanasis Antetokounmpo,1610612749,MIL,29.0,48,8,0.063,2,8,0.25,0.313,0.047,1,6,0.167,0.016,1,2,0.5,2021-22,Regular Season,7+ Dribbles
1630561,David Duke Jr.,1610612751,BKN,22.0,22,6,0.074,2,8,0.25,0.25,0.074,2,8,0.25,0.0,0,0,,2021-22,Regular Season,7+ Dribbles
1630210,Markus Howard,1610612743,DEN,23.0,31,7,0.079,2,8,0.25,0.313,0.04,1,4,0.25,0.04,1,4,0.25,2021-22,Regular Season,7+ Dribbles
1630606,Javonte Smart,1610612748,MIA,23.0,17,5,0.133,2,8,0.25,0.25,0.133,2,8,0.25,0.0,0,0,,2021-22,Regular Season,7+ Dribbles
1628379,Luke Kennard,1610612746,LAC,26.0,70,8,0.013,2,8,0.25,0.313,0.006,1,4,0.25,0.006,1,4,0.25,2021-22,Regular Season,7+ Dribbles
1630195,Leandro Bolmaro,1610612750,MIN,21.0,35,7,0.148,2,8,0.25,0.25,0.13,2,7,0.286,0.019,0,1,0.0,2021-22,Regular Season,7+ Dribbles
1628476,Derrick Walton Jr.,1610612765,DET,27.0,3,3,0.308,1,8,0.125,0.125,0.231,1,6,0.167,0.077,0,2,0.0,2021-22,Regular Season,7+ Dribbles
1628972,Troy Brown Jr.,1610612741,CHI,22.0,66,7,0.031,0,8,0.0,0.0,0.031,0,8,0.0,0.0,0,0,,2021-22,Regular Season,7+ Dribbles
1630219,Skylar Mays,1610612737,ATL,24.0,28,5,0.109,4,7,0.571,0.571,0.094,4,6,0.667,0.016,0,1,0.0,2021-22,Regular Season,7+ Dribbles
1629672,Eric Paschall,1610612762,UTA,25.0,58,6,0.03,4,7,0.571,0.571,0.03,4,7,0.571,0.0,0,0,,2021-22,Regular Season,7+ Dribbles
1629619,Myles Powell,1610612755,PHI,24.0,11,3,0.412,3,7,0.429,0.429,0.294,3,5,0.6,0.118,0,2,0.0,2021-22,Regular Season,7+ Dribbles
1629607,Jared Harper,1610612740,NOP,24.0,5,2,0.269,3,7,0.429,0.5,0.192,2,5,0.4,0.077,1,2,0.5,2021-22,Regular Season,7+ Dribbles
204025,Tim Frazier,1610612739,CLE,31.0,12,7,0.156,2,7,0.286,0.286,0.156,2,7,0.286,0.0,0,0,,2021-22,Regular Season,7+ Dribbles
1629060,Rui Hachimura,1610612764,WAS,24.0,42,6,0.018,2,7,0.286,0.286,0.018,2,7,0.286,0.0,0,0,,2021-22,Regular Season,7+ Dribbles
1629185,Chris Chiozza,1610612744,GSW,26.0,33,5,0.089,2,7,0.286,0.286,0.076,2,6,0.333,0.013,0,1,0.0,2021-22,Regular Season,7+ Dribbles
1627854,Bryn Forbes,1610612743,DEN,28.0,75,6,0.011,5,6,0.833,0.917,0.009,4,5,0.8,0.002,1,1,1.0,2021-22,Regular Season,7+ Dribbles
1629604,CJ Elleby,1610612757,POR,22.0,58,5,0.019,4,6,0.667,0.667,0.019,4,6,0.667,0.0,0,0,,2021-22,Regular Season,7+ Dribbles
1629667,Jalen McDaniels,1610612766,CHA,24.0,54,5,0.024,4,6,0.667,0.667,0.024,4,6,0.667,0.0,0,0,,2021-22,Regular Season,7+ Dribbles
1630541,Moses Moody,1610612744,GSW,20.0,51,5,0.034,3,6,0.5,0.5,0.023,3,4,0.75,0.011,0,2,0.0,2021-22,Regular Season,7+ Dribbles
1629035,Carsen Edwards,1610612765,DET,24.0,4,3,0.2,3,6,0.5,0.667,0.1,1,3,0.333,0.1,2,3,0.667,2021-22,Regular Season,7+ Dribbles
1630570,Trendon Watford,1610612757,POR,21.0,48,6,0.022,2,6,0.333,0.333,0.022,2,6,0.333,0.0,0,0,,2021-22,Regular Season,7+ Dribbles
1626168,Trey Lyles,1610612758,SAC,26.0,74,6,0.011,2,6,0.333,0.333,0.011,2,6,0.333,0.0,0,0,,2021-22,Regular Season,7+ Dribbles
1628470,Torrey Craig,1610612756,PHX,31.0,78,4,0.014,2,6,0.333,0.333,0.011,2,5,0.4,0.002,0,1,0.0,2021-22,Regular Season,7+ Dribbles
1630686,Georgios Kalaitzakis,1610612760,OKC,23.0,13,4,0.09,2,6,0.333,0.333,0.075,2,5,0.4,0.015,0,1,0.0,2021-22,Regular Season,7+ Dribbles
202066,Garrett Temple,1610612740,NOP,36.0,58,5,0.021,2,6,0.333,0.333,0.017,2,5,0.4,0.003,0,1,0.0,2021-22,Regular Season,7+ Dribbles
1630172,Patrick Williams,1610612741,CHI,20.0,17,2,0.059,1,6,0.167,0.167,0.059,1,6,0.167,0.0,0,0,,2021-22,Regular Season,7+ Dribbles
202340,Avery Bradley,1610612747,LAL,31.0,62,6,0.017,1,6,0.167,0.167,0.017,1,6,0.167,0.0,0,0,,2021-22,Regular Season,7+ Dribbles
1627752,Taurean Prince,1610612750,MIN,28.0,69,4,0.013,4,5,0.8,0.9,0.01,3,4,0.75,0.003,1,1,1.0,2021-22,Regular Season,7+ Dribbles
201145,Jeff Green,1610612743,DEN,35.0,75,5,0.009,4,5,0.8,0.8,0.009,4,5,0.8,0.0,0,0,,2021-22,Regular Season,7+ Dribbles
1629642,Nassir Little,1610612757,POR,22.0,42,5,0.016,3,5,0.6,0.8,0.006,1,2,0.5,0.01,2,3,0.667,2021-22,Regular Season,7+ Dribbles
1627777,Georges Niang,1610612755,PHI,29.0,76,5,0.009,3,5,0.6,0.7,0.007,2,4,0.5,0.002,1,1,1.0,2021-22,Regular Season,7+ Dribbles
202696,Nikola Vucevic,1610612741,CHI,31.0,73,4,0.004,2,5,0.4,0.4,0.004,2,5,0.4,0.0,0,0,,2021-22,Regular Season,7+ Dribbles
1626159,Justise Winslow,1610612757,POR,26.0,47,5,0.02,2,5,0.4,0.4,0.02,2,5,0.4,0.0,0,0,,2021-22,Regular Season,7+ Dribbles
1630167,Obi Toppin,1610612752,NYK,24.0,71,5,0.011,1,5,0.2,0.2,0.011,1,5,0.2,0.0,0,0,,2021-22,Regular Season,7+ Dribbles
1627761,DeAndre' Bembry,1610612749,MIL,27.0,56,5,0.023,1,5,0.2,0.2,0.023,1,5,0.2,0.0,0,0,,2021-22,Regular Season,7+ Dribbles
1627756,Denzel Valentine,1610612762,UTA,28.0,24,4,0.076,1,5,0.2,0.3,0.03,0,2,0.0,0.045,1,3,0.333,2021-22,Regular Season,7+ Dribbles
1630198,Isaiah Joe,1610612755,PHI,22.0,55,5,0.028,0,5,0.0,0.0,0.028,0,5,0.0,0.0,0,0,,2021-22,Regular Season,7+ Dribbles
1630556,Kessler Edwards,1610612751,BKN,21.0,48,3,0.015,4,4,1.0,1.0,0.015,4,4,1.0,0.0,0,0,,2021-22,Regular Season,7+ Dribbles
1627827,Dorian Finney-Smith,1610612742,DAL,29.0,80,4,0.006,2,4,0.5,0.5,0.003,2,2,1.0,0.003,0,2,0.0,2021-22,Regular Season,7+ Dribbles
203110,Draymond Green,1610612744,GSW,32.0,46,4,0.016,2,4,0.5,0.5,0.016,2,4,0.5,0.0,0,0,,2021-22,Regular Season,7+ Dribbles
1630199,Cassius Stanley,1610612765,DET,22.0,9,3,0.087,2,4,0.5,0.5,0.087,2,4,0.5,0.0,0,0,,2021-22,Regular Season,7+ Dribbles
1630535,Greg Brown III,1610612757,POR,20.0,48,4,0.021,1,4,0.25,0.25,0.021,1,4,0.25,0.0,0,0,,2021-22,Regular Season,7+ Dribbles
1629663,Louis King,1610612758,SAC,23.0,10,3,0.085,1,4,0.25,0.375,0.043,0,2,0.0,0.043,1,2,0.5,2021-22,Regular Season,7+ Dribbles
1630271,Brodric Thomas,1610612738,BOS,25.0,12,3,0.222,1,4,0.25,0.375,0.056,0,1,0.0,0.167,1,3,0.333,2021-22,Regular Season,7+ Dribbles
1630583,Santi Aldama,1610612763,MEM,21.0,31,4,0.031,1,4,0.25,0.25,0.031,1,4,0.25,0.0,0,0,,2021-22,Regular Season,7+ Dribbles
1628021,David Nwaba,1610612745,HOU,29.0,46,4,0.023,1,4,0.25,0.25,0.023,1,4,0.25,0.0,0,0,,2021-22,Regular Season,7+ Dribbles
1629682,Tremont Waters,1610612764,WAS,24.0,3,1,0.286,1,4,0.25,0.25,0.143,1,2,0.5,0.143,0,2,0.0,2021-22,Regular Season,7+ Dribbles
1628374,Lauri Markkanen,1610612739,CLE,25.0,61,3,0.004,3,3,1.0,1.0,0.004,3,3,1.0,0.0,0,0,,2021-22,Regular Season,7+ Dribbles
1630288,Jeff Dowtin Jr.,1610612753,ORL,25.0,9,2,0.115,2,3,0.667,0.667,0.115,2,3,0.667,0.0,0,0,,2021-22,Regular Season,7+ Dribbles
1630186,Jahmi'us Ramsey,1610612758,SAC,21.0,19,1,0.052,2,3,0.667,0.833,0.034,1,2,0.5,0.017,1,1,1.0,2021-22,Regular Season,7+ Dribbles
1630231,KJ Martin,1610612745,HOU,21.0,79,3,0.006,2,3,0.667,0.667,0.006,2,3,0.667,0.0,0,0,,2021-22,Regular Season,7+ Dribbles
202688,Brandon Knight,1610612742,DAL,30.0,5,2,0.12,2,3,0.667,0.833,0.04,1,1,1.0,0.08,1,2,0.5,2021-22,Regular Season,7+ Dribbles
1630214,Xavier Tillman,1610612763,MEM,23.0,53,2,0.014,2,3,0.667,0.833,0.009,1,2,0.5,0.005,1,1,1.0,2021-22,Regular Season,7+ Dribbles
1629676,Isaiah Roby,1610612760,OKC,24.0,45,3,0.009,2,3,0.667,0.667,0.009,2,3,0.667,0.0,0,0,,2021-22,Regular Season,7+ Dribbles
1630557,Corey Kispert,1610612764,WAS,23.0,77,3,0.006,2,3,0.667,0.833,0.002,1,1,1.0,0.004,1,2,0.5,2021-22,Regular Season,7+ Dribbles
1628392,Isaiah Hartenstein,1610612746,LAC,24.0,68,3,0.008,1,3,0.333,0.5,0.005,0,2,0.0,0.003,1,1,1.0,2021-22,Regular Season,7+ Dribbles
1629833,Keljin Blevins,1610612757,POR,26.0,31,3,0.027,1,3,0.333,0.333,0.009,1,1,1.0,0.018,0,2,0.0,2021-22,Regular Season,7+ Dribbles
1629021,Moritz Wagner,1610612753,ORL,25.0,63,3,0.008,1,3,0.333,0.333,0.008,1,3,0.333,0.0,0,0,,2021-22,Regular Season,7+ Dribbles
203463,Ben McLemore,1610612757,POR,29.0,64,3,0.006,1,3,0.333,0.333,0.002,1,1,1.0,0.004,0,2,0.0,2021-22,Regular Season,7+ Dribbles
201143,Al Horford,1610612738,BOS,36.0,68,3,0.005,1,3,0.333,0.333,0.005,1,3,0.333,0.0,0,0,,2021-22,Regular Season,7+ Dribbles
1626169,Stanley Johnson,1610612747,LAL,26.0,48,3,0.012,1,3,0.333,0.333,0.012,1,3,0.333,0.0,0,0,,2021-22,Regular Season,7+ Dribbles
204001,Kristaps Porziņģis,1610612764,WAS,26.0,51,3,0.004,1,3,0.333,0.333,0.004,1,3,0.333,0.0,0,0,,2021-22,Regular Season,7+ Dribbles
1630994,Gabriel Lundberg,1610612756,PHX,27.0,4,1,0.158,1,3,0.333,0.333,0.105,1,2,0.5,0.053,0,1,0.0,2021-22,Regular Season,7+ Dribbles
203585,Rodney McGruder,1610612765,DET,30.0,50,3,0.014,0,3,0.0,0.0,0.014,0,3,0.0,0.0,0,0,,2021-22,Regular Season,7+ Dribbles
1629755,Hassani Gravett,1610612753,ORL,25.0,8,2,0.079,0,3,0.0,0.0,0.026,0,1,0.0,0.053,0,2,0.0,2021-22,Regular Season,7+ Dribbles
1629656,Quentin Grimes,1610612752,NYK,22.0,45,3,0.013,0,3,0.0,0.0,0.004,0,1,0.0,0.009,0,2,0.0,2021-22,Regular Season,7+ Dribbles
1628982,Melvin Frazier Jr.,1610612760,OKC,25.0,3,2,0.063,0,3,0.0,0.0,0.063,0,3,0.0,0.0,0,0,,2021-22,Regular Season,7+ Dribbles
1629033,Theo Pinson,1610612742,DAL,26.0,19,2,0.077,0,3,0.0,0.0,0.026,0,1,0.0,0.051,0,2,0.0,2021-22,Regular Season,7+ Dribbles
1629103,Kelan Martin,1610612738,BOS,26.0,30,3,0.018,0,3,0.0,0.0,0.006,0,1,0.0,0.012,0,2,0.0,2021-22,Regular Season,7+ Dribbles
1628400,Semi Ojeleye,1610612746,LAC,27.0,30,3,0.03,0,3,0.0,0.0,0.02,0,2,0.0,0.01,0,1,0.0,2021-22,Regular Season,7+ Dribbles
1630182,Josh Green,1610612742,DAL,21.0,67,3,0.012,0,3,0.0,0.0,0.012,0,3,0.0,0.0,0,0,,2021-22,Regular Season,7+ Dribbles
1629641,Romeo Langford,1610612759,SAS,22.0,48,3,0.016,0,3,0.0,0.0,0.01,0,2,0.0,0.005,0,1,0.0,2021-22,Regular Season,7+ Dribbles
202685,Jonas Valančiūnas,1610612740,NOP,30.0,73,2,0.002,2,2,1.0,1.0,0.002,2,2,1.0,0.0,0,0,,2021-22,Regular Season,7+ Dribbles
1630552,Jalen Johnson,1610612737,ATL,20.0,22,1,0.049,2,2,1.0,1.0,0.049,2,2,1.0,0.0,0,0,,2021-22,Regular Season,7+ Dribbles
1628976,Wendell Carter Jr.,1610612753,ORL,23.0,62,2,0.003,2,2,1.0,1.0,0.003,2,2,1.0,0.0,0,0,,2021-22,Regular Season,7+ Dribbles
1630174,Aaron Nesmith,1610612738,BOS,22.0,52,2,0.011,1,2,0.5,0.75,0.005,0,1,0.0,0.005,1,1,1.0,2021-22,Regular Season,7+ Dribbles
1628966,Keita Bates-Diop,1610612759,SAS,26.0,59,2,0.008,1,2,0.5,0.5,0.008,1,2,0.5,0.0,0,0,,2021-22,Regular Season,7+ Dribbles
1630530,Trey Murphy III,1610612740,NOP,22.0,62,2,0.007,1,2,0.5,0.75,0.004,0,1,0.0,0.004,1,1,1.0,2021-22,Regular Season,7+ Dribbles
1629008,Michael Porter Jr.,1610612743,DEN,24.0,9,2,0.019,1,2,0.5,0.5,0.019,1,2,0.5,0.0,0,0,,2021-22,Regular Season,7+ Dribbles
1629653,Devon Dotson,1610612741,CHI,22.0,11,2,0.087,1,2,0.5,0.5,0.087,1,2,0.5,0.0,0,0,,2021-22,Regular Season,7+ Dribbles
1630222,Mason Jones,1610612747,LAL,23.0,4,2,0.133,1,2,0.5,0.5,0.067,1,1,1.0,0.067,0,1,0.0,2021-22,Regular Season,7+ Dribbles
1630550,JT Thor,1610612766,CHA,19.0,33,2,0.036,1,2,0.5,0.5,0.036,1,2,0.5,0.0,0,0,,2021-22,Regular Season,7+ Dribbles
1630206,Jay Scrubb,1610612746,LAC,21.0,17,1,0.044,1,2,0.5,0.5,0.022,1,1,1.0,0.022,0,1,0.0,2021-22,Regular Season,7+ Dribbles
1629622,Max Strus,1610612748,MIA,26.0,68,2,0.004,1,2,0.5,0.75,0.002,0,1,0.0,0.002,1,1,1.0,2021-22,Regular Season,7+ Dribbles
201580,JaVale McGee,1610612756,PHX,34.0,74,2,0.004,1,2,0.5,0.5,0.004,1,2,0.5,0.0,0,0,,2021-22,Regular Season,7+ Dribbles
1626220,Royce O'Neale,1610612762,UTA,29.0,77,2,0.005,0,2,0.0,0.0,0.005,0,2,0.0,0.0,0,0,,2021-22,Regular Season,7+ Dribbles
1627863,Danuel House Jr.,1610612762,UTA,29.0,42,1,0.01,0,2,0.0,0.0,0.01,0,2,0.0,0.0,0,0,,2021-22,Regular Season,7+ Dribbles
1630536,Sharife Cooper,1610612737,ATL,21.0,13,2,0.143,0,2,0.0,0.0,0.143,0,2,0.0,0.0,0,0,,2021-22,Regular Season,7+ Dribbles
200794,Paul Millsap,1610612755,PHI,37.0,33,2,0.018,0,2,0.0,0.0,0.018,0,2,0.0,0.0,0,0,,2021-22,Regular Season,7+ Dribbles
1630637,Carlik Jones,1610612743,DEN,24.0,5,2,0.222,0,2,0.0,0.0,0.222,0,2,0.0,0.0,0,0,,2021-22,Regular Season,7+ Dribbles
202357,Nemanja Bjelica,1610612744,GSW,34.0,70,2,0.006,0,2,0.0,0.0,0.006,0,2,0.0,0.0,0,0,,2021-22,Regular Season,7+ Dribbles
1628427,Vlatko Čančar,1610612743,DEN,25.0,15,2,0.049,0,2,0.0,0.0,0.049,0,2,0.0,0.0,0,0,,2021-22,Regular Season,7+ Dribbles
203109,Jae Crowder,1610612756,PHX,31.0,67,2,0.004,0,2,0.0,0.0,0.004,0,2,0.0,0.0,0,0,,2021-22,Regular Season,7+ Dribbles
1629962,Devin Cannady,1610612753,ORL,26.0,5,2,0.045,0,2,0.0,0.0,0.023,0,1,0.0,0.023,0,1,0.0,2021-22,Regular Season,7+ Dribbles
204020,Tyler Johnson,1610612759,SAS,30.0,6,2,0.1,0,2,0.0,0.0,0.05,0,1,0.0,0.05,0,1,0.0,2021-22,Regular Season,7+ Dribbles
203953,Jabari Parker,1610612738,BOS,27.0,12,2,0.053,0,2,0.0,0.0,0.053,0,2,0.0,0.0,0,0,,2021-22,Regular Season,7+ Dribbles
1630241,Sam Merrill,1610612763,MEM,26.0,6,2,0.083,0,2,0.0,0.0,0.0,0,0,,0.083,0,2,0.0,2021-22,Regular Season,7+ Dribbles
203497,Rudy Gobert,1610612762,UTA,30.0,66,2,0.004,0,2,0.0,0.0,0.004,0,2,0.0,0.0,0,0,,2021-22,Regular Season,7+ Dribbles
1630466,Gabriel Deck,1610612760,OKC,27.0,7,1,0.071,1,1,1.0,1.0,0.071,1,1,1.0,0.0,0,0,,2021-22,Regular Season,7+ Dribbles
1630194,Paul Reed,1610612755,PHI,23.0,38,1,0.01,1,1,1.0,1.0,0.01,1,1,1.0,0.0,0,0,,2021-22,Regular Season,7+ Dribbles
1629744,Matt Thomas,1610612741,CHI,27.0,40,1,0.007,1,1,1.0,1.0,0.007,1,1,1.0,0.0,0,0,,2021-22,Regular Season,7+ Dribbles
1629028,Deandre Ayton,1610612756,PHX,23.0,58,1,0.001,1,1,1.0,1.0,0.001,1,1,1.0,0.0,0,0,,2021-22,Regular Season,7+ Dribbles
1630585,Marcus Garrett,1610612748,MIA,23.0,12,1,0.048,1,1,1.0,1.0,0.048,1,1,1.0,0.0,0,0,,2021-22,Regular Season,7+ Dribbles
1628381,John Collins,1610612737,ATL,24.0,54,1,0.002,1,1,1.0,1.0,0.002,1,1,1.0,0.0,0,0,,2021-22,Regular Season,7+ Dribbles
203493,Reggie Bullock Jr.,1610612742,DAL,31.0,68,1,0.002,1,1,1.0,1.0,0.002,1,1,1.0,0.0,0,0,,2021-22,Regular Season,7+ Dribbles
203486,Mason Plumlee,1610612766,CHA,32.0,72,1,0.003,1,1,1.0,1.0,0.003,1,1,1.0,0.0,0,0,,2021-22,Regular Season,7+ Dribbles
1629684,Grant Williams,1610612738,BOS,23.0,76,1,0.002,1,1,1.0,1.0,0.002,1,1,1.0,0.0,0,0,,2021-22,Regular Season,7+ Dribbles
1630612,Ruben Nembhard Jr.,1610612739,CLE,23.0,14,1,0.056,1,1,1.0,1.0,0.056,1,1,1.0,0.0,0,0,,2021-22,Regular Season,7+ Dribbles
1629634,Brandon Clarke,1610612763,MEM,25.0,63,1,0.002,1,1,1.0,1.0,0.002,1,1,1.0,0.0,0,0,,2021-22,Regular Season,7+ Dribbles
203083,Andre Drummond,1610612751,BKN,28.0,73,1,0.002,1,1,1.0,1.0,0.002,1,1,1.0,0.0,0,0,,2021-22,Regular Season,7+ Dribbles
202722,Davis Bertans,1610612742,DAL,29.0,56,1,0.004,1,1,1.0,1.0,0.004,1,1,1.0,0.0,0,0,,2021-22,Regular Season,7+ Dribbles
1626192,Pat Connaughton,1610612749,MIL,29.0,65,1,0.002,1,1,1.0,1.0,0.002,1,1,1.0,0.0,0,0,,2021-22,Regular Season,7+ Dribbles
1627826,Ivica Zubac,1610612746,LAC,25.0,76,1,0.002,1,1,1.0,1.0,0.002,1,1,1.0,0.0,0,0,,2021-22,Regular Season,7+ Dribbles
1630580,Joe Wieskamp,1610612759,SAS,22.0,29,1,0.018,1,1,1.0,1.0,0.018,1,1,1.0,0.0,0,0,,2021-22,Regular Season,7+ Dribbles
201587,Nicolas Batum,1610612746,LAC,33.0,58,1,0.003,1,1,1.0,1.0,0.003,1,1,1.0,0.0,0,0,,2021-22,Regular Season,7+ Dribbles
203926,Doug McDermott,1610612759,SAS,30.0,51,1,0.002,1,1,1.0,1.0,0.002,1,1,1.0,0.0,0,0,,2021-22,Regular Season,7+ Dribbles
202083,Wesley Matthews,1610612749,MIL,35.0,49,1,0.005,1,1,1.0,1.0,0.005,1,1,1.0,0.0,0,0,,2021-22,Regular Season,7+ Dribbles
1630322,Lindy Waters III,1610612760,OKC,24.0,25,1,0.006,0,1,0.0,0.0,0.0,0,0,,0.006,0,1,0.0,2021-22,Regular Season,7+ Dribbles
1629139,Yuta Watanabe,1610612761,TOR,27.0,38,1,0.007,0,1,0.0,0.0,0.007,0,1,0.0,0.0,0,0,,2021-22,Regular Season,7+ Dribbles
1629635,Sekou Doumbouya,1610612747,LAL,21.0,2,1,0.125,0,1,0.0,0.0,0.125,0,1,0.0,0.0,0,0,,2021-22,Regular Season,7+ Dribbles
1626195,Willy Hernangomez,1610612740,NOP,28.0,50,1,0.003,0,1,0.0,0.0,0.003,0,1,0.0,0.0,0,0,,2021-22,Regular Season,7+ Dribbles
1628964,Mo Bamba,1610612753,ORL,24.0,71,1,0.002,0,1,0.0,0.0,0.002,0,1,0.0,0.0,0,0,,2021-22,Regular Season,7+ Dribbles
1627760,Cat Barber,1610612737,ATL,27.0,3,1,0.25,0,1,0.0,0.0,0.25,0,1,0.0,0.0,0,0,,2021-22,Regular Season,7+ Dribbles
1627774,Jake Layman,1610612750,MIN,28.0,34,1,0.014,0,1,0.0,0.0,0.0,0,0,,0.014,0,1,0.0,2021-22,Regular Season,7+ Dribbles
1628449,Chris Boucher,1610612761,TOR,29.0,80,1,0.002,0,1,0.0,0.0,0.002,0,1,0.0,0.0,0,0,,2021-22,Regular Season,7+ Dribbles
1629651,Nic Claxton,1610612751,BKN,23.0,47,1,0.004,0,1,0.0,0.0,0.004,0,1,0.0,0.0,0,0,,2021-22,Regular Season,7+ Dribbles
200782,P.J. Tucker,1610612748,MIA,37.0,71,1,0.002,0,1,0.0,0.0,0.002,0,1,0.0,0.0,0,0,,2021-22,Regular Season,7+ Dribbles
1629675,Naz Reid,1610612750,MIN,22.0,77,1,0.002,0,1,0.0,0.0,0.002,0,1,0.0,0.0,0,0,,2021-22,Regular Season,7+ Dribbles
1629626,Bol Bol,1610612753,ORL,22.0,14,1,0.037,0,1,0.0,0.0,0.037,0,1,0.0,0.0,0,0,,2021-22,Regular Season,7+ Dribbles
1630191,Isaiah Stewart,1610612765,DET,21.0,70,1,0.002,0,1,0.0,0.0,0.002,0,1,0.0,0.0,0,0,,2021-22,Regular Season,7+ Dribbles
1630605,JaQuori McLaughlin,1610612742,DAL,24.0,4,1,0.5,0,1,0.0,0.0,0.5,0,1,0.0,0.0,0,0,,2021-22,Regular Season,7+ Dribbles
202326,DeMarcus Cousins,1610612743,DEN,31.0,48,1,0.003,0,1,0.0,0.0,0.003,0,1,0.0,0.0,0,0,,2021-22,Regular Season,7+ Dribbles
1626204,Larry Nance Jr.,1610612740,NOP,29.0,46,1,0.004,0,1,0.0,0.0,0.004,0,1,0.0,0.0,0,0,,2021-22,Regular Season,7+ Dribbles
1629730,Rayjon Tucker,1610612749,MIL,24.0,5,1,0.111,0,1,0.0,0.0,0.111,0,1,0.0,0.0,0,0,,2021-22,Regular Season,7+ Dribbles
1627789,Timothe Luwawu-Cabarrot,1610612737,ATL,27.0,52,1,0.005,0,1,0.0,0.0,0.005,0,1,0.0,0.0,0,0,,2021-22,Regular Season,7+ Dribbles
2738,Andre Iguodala,1610612744,GSW,38.0,30,1,0.008,0,1,0.0,0.0,0.0,0,0,,0.008,0,1,0.0,2021-22,Regular Season,7+ Dribbles
1628537,Jaylen Morris,1610612759,SAS,26.0,3,1,0.167,0,1,0.0,0.0,0.167,0,1,0.0,0.0,0,0,,2021-22,Regular Season,7+ Dribbles
201577,Robin Lopez,1610612753,ORL,34.0,36,1,0.005,0,1,0.0,0.0,0.005,0,1,0.0,0.0,0,0,,2021-22,Regular Season,7+ Dribbles
1629052,Oshae Brissett,1610612754,IND,24.0,67,1,0.002,0,1,0.0,0.0,0.0,0,0,,0.002,0,1,0.0,2021-22,Regular Season,7+ Dribbles
1629637,Jaxson Hayes,1610612740,NOP,22.0,69,1,0.003,0,1,0.0,0.0,0.003,0,1,0.0,0.0,0,0,,2021-22,Regular Season,7+ Dribbles
1629726,Garrison Mathews,1610612745,HOU,25.0,65,1,0.002,0,1,0.0,0.0,0.002,0,1,0.0,0.0,0,0,,2021-22,Regular Season,7+ Dribbles
1629646,Charles Bassey,1610612755,PHI,21.0,23,1,0.021,0,1,0.0,0.0,0.021,0,1,0.0,0.0,0,0,,2021-22,Regular Season,7+ Dribbles
1630692,Jordan Goodwin,1610612764,WAS,23.0,2,1,0.333,0,1,0.0,0.0,0.333,0,1,0.0,0.0,0,0,,2021-22,Regular Season,7+ Dribbles
1630218,Robert Woodard II,1610612759,SAS,22.0,12,1,0.063,0,1,0.0,0.0,0.063,0,1,0.0,0.0,0,0,,2021-22,Regular Season,7+ Dribbles
1630555,Joel Ayayi,1610612764,WAS,22.0,7,1,0.167,0,1,0.0,0.0,0.167,0,1,0.0,0.0,0,0,,2021-22,Regular Season,7+ Dribbles
203490,Otto Porter Jr.,1610612744,GSW,29.0,62,1,0.002,0,1,0.0,0.0,0.0,0,0,,0.002,0,1,0.0,2021-22,Regular Season,7+ Dribbles
1629006,Josh Okogie,1610612750,MIN,23.0,49,1,0.01,0,1,0.0,0.0,0.01,0,1,0.0,0.0,0,0,,2021-22,Regular Season,7+ Dribbles
202684,Tristan Thompson,1610612741,CHI,31.0,56,1,0.004,0,1,0.0,0.0,0.004,0,1,0.0,0.0,0,0,,2021-22,Regular Season,7+ Dribbles
1630216,Cassius Winston,1610612764,WAS,24.0,7,1,0.091,0,1,0.0,0.0,0.091,0,1,0.0,0.0,0,0,,2021-22,Regular Season,7+ Dribbles
