PLAYER_ID,PLAYER_NAME,NICKNAME,TEAM_ID,TEAM_ABBREVIATION,AGE,GP,W,L,W_PCT,MIN,PCT_FGA_2PT,PCT_FGA_3PT,PCT_PTS_2PT,PCT_PTS_2PT_MR,PCT_PTS_3PT,PCT_PTS_FB,PCT_PTS_FT,PCT_PTS_OFF_TOV,PCT_PTS_PAINT,PCT_AST_2PM,PCT_UAST_2PM,PCT_AST_3PM,PCT_UAST_3PM,PCT_AST_FGM,PCT_UAST_FGM,FGM,FGA,FG_PCT,GP_RANK,W_RANK,L_RANK,W_PCT_RANK,MIN_RANK,PCT_FGA_2PT_RANK,PCT_FGA_3PT_RANK,PCT_PTS_2PT_RANK,PCT_PTS_2PT_MR_RANK,PCT_PTS_3PT_RANK,PCT_PTS_FB_RANK,PCT_PTS_FT_RANK,PCT_PTS_OFF_TOV_RANK,PCT_PTS_PAINT_RANK,PCT_AST_2PM_RANK,PCT_UAST_2PM_RANK,PCT_AST_3PM_RANK,PCT_UAST_3PM_RANK,PCT_AST_FGM_RANK,PCT_UAST_FGM_RANK,FGM_RANK,FGA_RANK,FG_PCT_RANK,TEAM_COUNT,SEASON,SEASON_TYPE,MEASURE_TYPE
1630639,A.J. Lawson,A.J.,1610612761,TOR,25.0,20,9,11,0.45,9.4,0.429,0.571,0.302,0.0,0.558,0.209,0.14,0.256,0.302,0.923,0.077,1.0,0.0,0.966,0.034,29,63,0.46,443,418,150,356,475,424,153,484,439,99,67,305,39,438,24,540,1,357,29,540,448,448,269,1,2025-26,Regular Season,Scoring
1631260,AJ Green,AJ,1610612749,MIL,26.0,74,30,44,0.405,28.7,0.103,0.897,0.078,0.022,0.856,0.097,0.066,0.116,0.055,0.714,0.286,0.927,0.073,0.902,0.098,234,562,0.416,41,188,538,380,115,568,9,561,335,4,382,491,457,560,148,411,279,225,48,521,167,142,419,1,2025-26,Regular Season,Scoring
1642358,AJ Johnson,AJ,1610612742,DAL,21.0,44,8,36,0.182,8.8,0.662,0.338,0.574,0.0,0.27,0.352,0.156,0.164,0.574,0.371,0.629,0.818,0.182,0.478,0.522,46,142,0.324,324,433,482,532,481,175,402,185,439,374,14,242,245,149,476,88,385,117,497,72,404,381,536,2,2025-26,Regular Season,Scoring
203932,Aaron Gordon,Aaron,1610612743,DEN,30.0,35,26,9,0.743,28.1,0.605,0.395,0.469,0.069,0.318,0.089,0.213,0.097,0.399,0.644,0.356,0.852,0.148,0.709,0.291,196,392,0.5,379,221,125,52,125,237,340,315,141,321,406,96,505,321,233,331,364,140,281,288,210,222,150,1,2025-26,Regular Season,Scoring
1628988,Aaron Holiday,Aaron,1610612745,HOU,29.0,53,35,18,0.66,13.6,0.329,0.671,0.238,0.028,0.65,0.129,0.112,0.15,0.21,0.235,0.765,0.935,0.065,0.688,0.313,96,237,0.405,261,146,231,111,406,509,68,515,307,53,291,387,307,509,542,22,263,239,310,259,332,318,450,1,2025-26,Regular Season,Scoring
1630174,Aaron Nesmith,Aaron,1610612754,IND,26.0,45,10,35,0.222,29.7,0.459,0.541,0.345,0.077,0.507,0.132,0.148,0.098,0.267,0.804,0.196,0.971,0.029,0.887,0.113,212,512,0.414,316,407,469,509,97,407,170,445,127,138,284,268,504,469,58,506,193,310,61,508,193,166,425,1,2025-26,Regular Season,Scoring
1630598,Aaron Wiggins,Aaron,1610612760,OKC,27.0,61,48,13,0.787,21.9,0.496,0.504,0.443,0.027,0.468,0.166,0.089,0.228,0.415,0.566,0.434,0.868,0.132,0.691,0.309,220,510,0.431,193,33,168,30,240,364,213,354,311,170,171,444,70,306,317,247,350,154,304,265,185,167,367,1,2025-26,Regular Season,Scoring
1642846,Ace Bailey,Ace,1610612762,UTA,19.0,70,18,52,0.257,27.6,0.552,0.448,0.513,0.14,0.418,0.112,0.069,0.132,0.373,0.706,0.294,0.902,0.098,0.775,0.225,378,852,0.444,80,315,566,480,135,297,280,253,37,223,346,482,403,344,160,404,321,183,200,369,73,55,331,1,2025-26,Regular Season,Scoring
1642380,Adama Bal,Adama,1610612763,MEM,22.0,6,1,5,0.167,27.3,0.348,0.652,0.226,0.0,0.736,0.17,0.038,0.208,0.226,0.667,0.333,0.923,0.077,0.842,0.158,19,46,0.413,516,540,76,537,138,498,79,522,439,23,163,534,100,497,193,353,287,212,106,463,466,466,427,1,2025-26,Regular Season,Scoring
1641737,Adem Bona,Adem,1610612755,PHI,23.0,68,39,29,0.574,17.4,0.972,0.028,0.752,0.0,0.018,0.09,0.23,0.182,0.752,0.587,0.413,1.0,0.0,0.594,0.406,128,213,0.601,104,100,391,207,331,57,520,78,439,492,405,76,166,64,295,269,1,357,412,157,289,331,46,1,2025-26,Regular Season,Scoring
1642876,Adou Thiero,Adou,1610612747,LAL,21.0,21,12,9,0.571,5.1,0.955,0.045,0.69,0.0,0.0,0.207,0.31,0.241,0.69,0.8,0.2,0.0,0.0,0.8,0.2,10,22,0.455,435,389,125,210,536,62,515,105,439,504,71,25,53,90,59,501,504,357,155,408,494,500,291,1,2025-26,Regular Season,Scoring
1642349,Ajay Mitchell,Ajay,1610612760,OKC,23.0,55,48,7,0.873,25.9,0.701,0.299,0.58,0.034,0.237,0.124,0.183,0.216,0.546,0.327,0.673,0.767,0.233,0.421,0.579,280,575,0.487,239,33,103,9,169,141,436,176,269,402,307,168,86,168,504,60,419,85,528,41,132,136,184,1,2025-26,Regular Season,Scoring
201143,Al Horford,Al,1610612744,GSW,39.0,43,22,21,0.512,21.7,0.367,0.633,0.342,0.039,0.597,0.053,0.061,0.101,0.303,0.705,0.295,0.986,0.014,0.856,0.144,132,311,0.424,326,267,268,290,245,482,95,447,240,75,493,501,498,437,162,402,157,347,99,470,282,268,383,1,2025-26,Regular Season,Scoring
1630828,Alex Antetokounmpo,Alex,1610612749,MIL,24.0,4,2,2,0.5,3.1,0.25,0.75,0.333,0.333,0.0,0.0,0.667,0.0,0.0,1.0,0.0,0.0,0.0,1.0,0.0,1,4,0.25,539,512,31,300,568,536,38,456,2,504,534,5,545,562,1,541,504,357,1,543,554,557,553,1,2025-26,Regular Season,Scoring
1627936,Alex Caruso,Alex,1610612760,OKC,32.0,54,45,9,0.833,18.5,0.401,0.599,0.429,0.035,0.45,0.203,0.121,0.279,0.394,0.699,0.301,0.98,0.02,0.815,0.185,124,294,0.422,250,45,125,14,311,453,124,368,266,193,76,360,30,328,169,395,169,334,142,427,299,278,399,1,2025-26,Regular Season,Scoring
1631457,Alex Morales,Alex,1610612753,ORL,28.0,2,1,1,0.5,6.9,1.0,0.0,1.0,0.0,0.0,1.0,0.0,0.0,1.0,0.0,1.0,0.0,0.0,0.0,1.0,1,3,0.333,563,540,9,300,509,1,537,1,439,504,1,548,545,1,557,1,504,357,565,1,554,563,524,1,2025-26,Regular Season,Scoring
1642259,Alex Sarr,Alex,1610612764,WAS,20.0,48,11,37,0.229,27.2,0.771,0.229,0.679,0.059,0.192,0.051,0.129,0.121,0.621,0.677,0.323,0.9,0.1,0.712,0.288,316,656,0.482,299,402,492,505,144,112,465,109,168,429,496,332,439,115,186,378,323,179,276,293,107,104,196,1,2025-26,Regular Season,Scoring
1642918,Alijah Martin,Alijah,1610612761,TOR,24.0,21,9,12,0.429,6.2,0.545,0.455,0.458,0.0,0.25,0.208,0.292,0.083,0.458,0.545,0.455,1.0,0.0,0.667,0.333,15,44,0.341,435,418,158,369,521,305,271,330,439,387,68,32,528,259,338,225,1,357,331,228,478,469,521,1,2025-26,Regular Season,Scoring
1631214,Alondes Williams,Alondes,1610612764,WAS,26.0,4,2,2,0.5,25.2,0.462,0.538,0.5,0.0,0.341,0.341,0.159,0.227,0.5,0.727,0.273,1.0,0.0,0.813,0.188,16,26,0.615,539,512,31,300,183,403,174,268,439,298,16,231,72,213,133,428,1,357,145,424,473,492,41,1,2025-26,Regular Season,Scoring
1630578,Alperen Sengun,Alperen,1610612745,HOU,23.0,69,44,25,0.638,33.4,0.881,0.119,0.736,0.055,0.084,0.042,0.18,0.14,0.681,0.426,0.574,0.825,0.175,0.454,0.546,564,1081,0.522,89,50,334,134,28,80,497,86,183,470,505,174,363,93,442,122,380,124,505,64,16,27,109,1,2025-26,Regular Season,Scoring
1642873,Amari Williams,Amari,1610612738,BOS,24.0,21,14,7,0.667,6.5,1.0,0.0,0.643,0.0,0.0,0.143,0.357,0.071,0.643,0.778,0.222,0.0,0.0,0.778,0.222,9,19,0.474,435,368,103,94,517,1,537,123,439,504,232,18,532,107,71,490,504,357,195,371,501,507,221,1,2025-26,Regular Season,Scoring
1641708,Amen Thompson,Amen,1610612745,HOU,23.0,76,47,29,0.618,37.3,0.887,0.113,0.732,0.041,0.055,0.172,0.213,0.167,0.691,0.532,0.468,0.96,0.04,0.553,0.447,523,992,0.527,25,37,391,158,2,79,498,88,231,479,155,97,233,89,350,214,213,290,448,121,24,39,104,1,2025-26,Regular Season,Scoring
1629599,Amir Coffey,Amir,1610612756,PHX,28.0,43,18,25,0.419,10.2,0.559,0.441,0.512,0.144,0.312,0.168,0.176,0.272,0.368,0.563,0.438,1.0,0.0,0.689,0.311,45,93,0.484,326,315,334,374,463,280,297,255,34,326,168,186,33,349,319,244,1,357,307,262,408,418,190,2,2025-26,Regular Season,Scoring
1643158,Andersson Garcia,Andersson,1610612762,UTA,25.0,5,1,4,0.2,33.8,0.552,0.448,0.615,0.0,0.115,0.308,0.27,0.231,0.615,0.625,0.375,1.0,0.0,0.667,0.333,9,29,0.31,527,540,59,520,25,296,281,136,439,461,20,41,68,117,253,305,1,357,331,228,501,487,542,1,2025-26,Regular Season,Scoring
203083,Andre Drummond,Andre,1610612755,PHI,32.0,60,31,29,0.517,19.2,0.727,0.273,0.628,0.0,0.239,0.029,0.133,0.112,0.628,0.517,0.483,1.0,0.0,0.615,0.385,148,315,0.47,203,177,391,286,300,129,448,130,439,400,522,318,475,113,365,199,1,357,396,173,265,266,240,1,2025-26,Regular Season,Scoring
1641748,Andre Jackson Jr.,Andre,1610612749,MIL,24.0,44,11,33,0.25,7.8,0.48,0.52,0.392,0.0,0.464,0.134,0.144,0.237,0.392,0.632,0.368,0.8,0.2,0.706,0.294,34,102,0.333,324,402,446,481,497,385,192,407,439,177,273,285,58,330,248,316,398,103,284,285,430,405,524,1,2025-26,Regular Season,Scoring
1629614,Andrew Nembhard,Andrew,1610612754,IND,26.0,57,13,44,0.228,31.3,0.607,0.393,0.468,0.149,0.332,0.084,0.2,0.12,0.319,0.354,0.646,0.664,0.336,0.453,0.547,333,753,0.442,221,379,538,507,58,234,343,316,31,311,423,129,445,417,486,78,469,35,506,63,92,82,336,1,2025-26,Regular Season,Scoring
203952,Andrew Wiggins,Andrew,1610612748,MIA,31.0,64,33,31,0.516,30.6,0.601,0.399,0.49,0.08,0.393,0.178,0.117,0.173,0.41,0.461,0.539,0.939,0.061,0.628,0.372,376,787,0.478,153,165,422,287,74,242,335,284,122,248,137,374,200,314,419,145,256,248,379,190,75,71,213,1,2025-26,Regular Season,Scoring
1629014,Anfernee Simons,Anfernee,1610612741,CHI,26.0,55,31,24,0.564,24.9,0.415,0.585,0.354,0.102,0.558,0.118,0.088,0.122,0.252,0.216,0.784,0.658,0.342,0.442,0.558,285,648,0.44,239,177,318,219,188,435,142,440,76,100,326,448,438,482,548,16,471,33,516,53,128,107,338,2,2025-26,Regular Season,Scoring
1641710,Anthony Black,Anthony,1610612753,ORL,22.0,61,34,27,0.557,30.4,0.616,0.384,0.513,0.037,0.313,0.223,0.174,0.205,0.477,0.598,0.402,0.814,0.186,0.661,0.339,336,747,0.45,193,158,358,226,80,226,351,252,261,325,55,197,103,236,287,277,389,115,344,225,90,84,311,1,2025-26,Regular Season,Scoring
203076,Anthony Davis,Anthony,1610612764,WAS,33.0,20,10,10,0.5,31.3,0.889,0.111,0.781,0.138,0.074,0.074,0.145,0.177,0.644,0.56,0.44,0.9,0.1,0.58,0.42,169,334,0.506,443,407,139,300,60,76,501,63,38,474,447,282,183,106,324,240,323,179,424,145,243,256,141,1,2025-26,Regular Season,Scoring
1630162,Anthony Edwards,Anthony,1610612750,MIN,24.0,60,36,24,0.6,35.2,0.583,0.417,0.453,0.118,0.349,0.116,0.198,0.135,0.335,0.303,0.697,0.564,0.436,0.392,0.608,595,1217,0.489,203,129,318,172,9,259,318,338,55,289,334,132,389,389,514,50,487,17,539,30,11,10,179,1,2025-26,Regular Season,Scoring
1630264,Anthony Gill,Anthony,1610612764,WAS,33.0,51,6,45,0.118,16.3,0.785,0.215,0.771,0.036,0.142,0.124,0.087,0.087,0.735,0.736,0.264,1.0,0.0,0.765,0.235,119,191,0.623,277,456,541,554,356,108,469,65,262,450,309,451,523,71,120,444,1,357,211,358,305,350,38,1,2025-26,Regular Season,Scoring
1641810,Antonio Reeves,Antonio,1610612766,CHA,25.0,10,4,6,0.4,6.8,0.35,0.65,0.222,0.074,0.778,0.111,0.0,0.0,0.148,0.667,0.333,1.0,0.0,0.9,0.1,10,20,0.5,489,477,86,385,512,492,84,525,132,12,347,548,545,536,193,353,1,357,49,517,494,503,150,1,2025-26,Regular Season,Scoring
1630574,Ariel Hukporti,Ariel,1610612752,NYK,23.0,52,34,18,0.654,8.8,0.941,0.059,0.713,0.0,0.03,0.04,0.257,0.099,0.713,0.889,0.111,1.0,0.0,0.892,0.108,37,68,0.544,268,158,231,117,483,67,510,95,439,487,506,50,501,84,26,538,1,357,56,513,424,442,89,1,2025-26,Regular Season,Scoring
1642854,Asa Newell,Asa,1610612737,ATL,20.0,42,22,20,0.524,10.8,0.539,0.461,0.529,0.0,0.404,0.139,0.067,0.288,0.529,0.673,0.327,1.0,0.0,0.783,0.217,83,154,0.539,332,267,260,280,447,313,264,235,439,233,248,488,23,181,189,375,1,357,185,384,352,372,94,1,2025-26,Regular Season,Scoring
1641709,Ausar Thompson,Ausar,1610612765,DET,23.0,70,50,20,0.714,26.1,0.959,0.041,0.824,0.029,0.026,0.198,0.15,0.233,0.795,0.614,0.386,0.833,0.167,0.619,0.381,291,559,0.521,80,23,260,65,167,60,517,42,302,488,89,260,63,48,271,293,372,130,392,177,122,143,110,1,2025-26,Regular Season,Scoring
1630559,Austin Reaves,Austin,1610612747,LAL,27.0,51,36,15,0.706,34.5,0.57,0.43,0.43,0.034,0.298,0.095,0.272,0.145,0.396,0.318,0.682,0.703,0.297,0.44,0.56,373,762,0.49,277,129,193,74,15,276,301,367,272,349,392,39,336,326,509,55,454,50,518,51,76,77,177,1,2025-26,Regular Season,Scoring
1630245,Ayo Dosunmu,Ayo,1610612750,MIN,26.0,67,34,33,0.507,27.2,0.621,0.379,0.507,0.031,0.369,0.257,0.124,0.158,0.476,0.518,0.482,0.917,0.083,0.649,0.351,370,720,0.514,117,158,446,294,143,223,354,262,290,275,37,347,268,240,364,200,302,202,358,210,78,88,126,2,2025-26,Regular Season,Scoring
1628389,Bam Adebayo,Bam,1610612748,MIA,28.0,69,35,34,0.507,32.2,0.651,0.349,0.513,0.065,0.259,0.116,0.228,0.177,0.448,0.611,0.389,0.958,0.042,0.698,0.302,477,1086,0.439,89,146,460,296,45,188,389,254,153,381,335,78,184,270,273,291,218,283,295,274,37,25,340,1,2025-26,Regular Season,Scoring
1631248,Baylor Scheierman,Baylor,1610612738,BOS,25.0,73,51,22,0.699,18.2,0.276,0.724,0.274,0.066,0.674,0.112,0.052,0.115,0.208,0.68,0.32,0.976,0.024,0.864,0.136,132,297,0.444,54,16,284,77,318,527,50,499,152,46,344,514,467,510,182,381,182,322,85,483,282,276,326,1,2025-26,Regular Season,Scoring
1642879,Ben Saraf,Ben,1610612751,BKN,19.0,40,9,31,0.225,19.6,0.703,0.297,0.598,0.0,0.182,0.117,0.22,0.216,0.598,0.354,0.646,0.813,0.188,0.432,0.568,95,249,0.382,350,418,422,508,292,138,439,151,439,434,329,85,88,130,484,80,390,112,520,49,334,310,492,1,2025-26,Regular Season,Scoring
1641767,Ben Sheppard,Ben,1610612754,IND,24.0,65,16,49,0.246,21.4,0.401,0.599,0.366,0.039,0.549,0.216,0.085,0.185,0.327,0.75,0.25,0.976,0.024,0.863,0.137,168,387,0.434,145,341,558,492,253,455,122,430,240,106,65,459,153,402,94,456,180,323,87,482,245,224,361,1,2025-26,Regular Season,Scoring
1631097,Bennedict Mathurin,Bennedict,1610612746,LAC,23.0,50,20,30,0.4,30.6,0.646,0.354,0.455,0.105,0.241,0.173,0.304,0.174,0.349,0.56,0.44,0.712,0.288,0.6,0.4,280,642,0.436,286,292,407,385,73,194,383,334,68,398,154,28,198,369,322,242,450,53,406,162,132,110,353,2,2025-26,Regular Season,Scoring
1643016,Bez Mbeng,Bez,1610612762,UTA,22.0,12,1,11,0.083,29.8,0.623,0.377,0.655,0.0,0.164,0.218,0.181,0.255,0.655,0.778,0.222,0.667,0.333,0.762,0.238,21,53,0.396,474,540,150,558,91,221,356,119,439,439,62,169,42,103,71,490,461,36,217,352,463,458,471,1,2025-26,Regular Season,Scoring
1641731,Bilal Coulibaly,Bilal,1610612764,WAS,21.0,54,14,40,0.259,26.3,0.616,0.384,0.499,0.033,0.299,0.178,0.202,0.188,0.467,0.425,0.575,0.902,0.098,0.561,0.439,214,515,0.416,250,368,510,478,161,227,350,273,279,347,138,121,144,250,443,121,322,182,439,130,191,162,420,1,2025-26,Regular Season,Scoring
202687,Bismack Biyombo,Bismack,1610612759,SAS,33.0,24,20,4,0.833,5.7,1.0,0.0,0.762,0.0,0.0,0.0,0.238,0.143,0.762,0.75,0.25,0.0,0.0,0.75,0.25,8,14,0.571,425,292,59,14,531,1,537,75,439,504,534,65,347,61,94,456,504,357,226,330,508,519,66,1,2025-26,Regular Season,Scoring
1642396,Blake Hinson,Blake,1610612762,UTA,26.0,11,3,8,0.273,19.4,0.26,0.74,0.188,0.034,0.744,0.205,0.068,0.231,0.154,0.818,0.182,0.966,0.034,0.925,0.075,40,77,0.519,480,491,114,468,297,534,43,540,270,21,74,485,68,532,48,515,201,301,35,533,418,432,113,1,2025-26,Regular Season,Scoring
1631104,Blake Wesley,Blake,1610612757,POR,23.0,28,18,10,0.643,12.6,0.708,0.292,0.621,0.041,0.207,0.228,0.172,0.172,0.579,0.378,0.622,1.0,0.0,0.491,0.509,55,120,0.458,408,315,139,129,419,137,440,132,228,422,51,200,202,144,472,92,1,357,488,81,391,393,274,1,2025-26,Regular Season,Scoring
1626171,Bobby Portis,Bobby,1610612749,MIL,31.0,67,26,41,0.388,24.2,0.605,0.395,0.505,0.221,0.443,0.051,0.052,0.145,0.284,0.623,0.377,0.985,0.015,0.757,0.243,366,750,0.488,117,221,517,394,198,235,342,264,9,196,495,513,334,453,260,304,160,344,224,345,80,83,181,1,2025-26,Regular Season,Scoring
1641752,Bobi Klintman,Bobi,1610612765,DET,23.0,12,8,4,0.667,5.9,0.519,0.481,0.455,0.0,0.545,0.091,0.0,0.409,0.455,0.8,0.2,1.0,0.0,0.889,0.111,9,27,0.333,474,433,59,94,527,337,240,335,439,110,400,548,10,262,59,501,1,357,59,510,501,490,524,1,2025-26,Regular Season,Scoring
203992,Bogdan Bogdanović,Bogdan,1610612746,LAC,33.0,22,7,15,0.318,19.6,0.392,0.608,0.325,0.104,0.545,0.097,0.13,0.071,0.221,0.2,0.8,0.607,0.393,0.415,0.585,53,143,0.371,429,441,193,435,293,462,115,467,72,110,380,329,532,499,550,12,481,23,529,40,395,379,502,1,2025-26,Regular Season,Scoring
1630538,Bones Hyland,Bones,1610612750,MIN,25.0,69,41,28,0.594,16.4,0.368,0.632,0.33,0.056,0.568,0.188,0.102,0.21,0.274,0.326,0.674,0.78,0.22,0.569,0.431,204,451,0.452,89,79,372,182,353,481,96,461,179,91,118,408,96,464,505,59,411,93,432,137,204,200,298,1,2025-26,Regular Season,Scoring
203078,Bradley Beal,Bradley,1610612746,LAC,32.0,6,2,4,0.333,20.2,0.604,0.396,0.449,0.082,0.429,0.122,0.122,0.184,0.367,0.727,0.273,1.0,0.0,0.833,0.167,18,48,0.375,516,512,59,420,276,238,339,343,117,205,313,357,159,350,133,428,1,357,114,453,469,465,498,1,2025-26,Regular Season,Scoring
1642382,Branden Carlson,Branden,1610612760,OKC,26.0,39,31,8,0.795,10.3,0.556,0.444,0.595,0.0,0.357,0.07,0.048,0.151,0.595,0.818,0.182,1.0,0.0,0.87,0.13,77,144,0.535,357,177,114,28,461,286,289,154,439,282,457,520,297,131,48,515,1,357,77,492,362,378,100,1,2025-26,Regular Season,Scoring
1641764,Brandin Podziemski,Brandin,1610612744,GSW,23.0,78,36,42,0.462,28.5,0.524,0.476,0.43,0.081,0.406,0.136,0.164,0.184,0.348,0.546,0.454,0.811,0.189,0.649,0.351,370,815,0.454,10,129,528,346,118,330,247,366,119,228,263,217,158,371,337,227,393,111,358,210,78,64,293,1,2025-26,Regular Season,Scoring
1629634,Brandon Clarke,Brandon,1610612763,MEM,29.0,2,1,1,0.5,10.2,1.0,0.0,0.75,0.0,0.0,0.0,0.25,0.25,0.75,0.667,0.333,0.0,0.0,0.667,0.333,3,9,0.333,563,540,9,300,462,1,537,79,439,504,534,53,47,66,193,353,504,357,331,228,541,535,524,1,2025-26,Regular Season,Scoring
1627742,Brandon Ingram,Brandon,1610612761,TOR,28.0,73,40,33,0.548,33.8,0.724,0.276,0.58,0.238,0.245,0.126,0.175,0.164,0.341,0.436,0.564,0.937,0.063,0.546,0.454,577,1224,0.471,54,91,446,245,23,130,447,179,6,394,300,189,243,379,435,129,260,244,453,116,13,9,236,1,2025-26,Regular Season,Scoring
1641706,Brandon Miller,Brandon,1610612766,CHA,23.0,62,40,22,0.645,30.3,0.489,0.511,0.376,0.064,0.473,0.13,0.151,0.16,0.312,0.477,0.523,0.817,0.183,0.632,0.368,432,996,0.434,176,91,284,127,82,371,206,423,155,167,290,256,260,423,407,157,388,116,376,193,48,38,362,1,2025-26,Regular Season,Scoring
1630314,Brandon Williams,Brandon,1610612742,DAL,26.0,66,23,43,0.348,22.2,0.749,0.251,0.594,0.068,0.126,0.2,0.28,0.151,0.526,0.306,0.694,0.917,0.083,0.381,0.619,291,617,0.472,132,257,531,412,235,119,458,157,144,457,80,35,298,187,513,51,303,196,541,28,122,123,233,1,2025-26,Regular Season,Scoring
1641729,Brice Sensabaugh,Brice,1610612762,UTA,22.0,73,18,55,0.247,23.6,0.487,0.513,0.419,0.065,0.435,0.177,0.146,0.148,0.355,0.626,0.374,0.879,0.121,0.729,0.271,384,830,0.463,54,315,573,490,205,375,202,380,154,201,139,278,320,365,252,312,343,161,255,312,65,62,259,1,2025-26,Regular Season,Scoring
1642355,Bronny James,Bronny,1610612747,LAL,21.0,38,21,17,0.553,7.9,0.533,0.467,0.426,0.106,0.511,0.085,0.063,0.181,0.319,0.55,0.45,0.75,0.25,0.639,0.361,36,90,0.4,363,278,219,235,496,323,253,374,66,136,418,499,169,416,336,228,428,70,371,198,428,420,456,1,2025-26,Regular Season,Scoring
201572,Brook Lopez,Brook,1610612746,LAC,38.0,71,39,32,0.549,21.4,0.411,0.589,0.368,0.045,0.537,0.024,0.095,0.148,0.324,0.626,0.374,1.0,0.0,0.81,0.19,211,499,0.423,74,100,434,243,251,440,137,426,213,123,525,428,317,410,251,313,1,357,146,423,195,174,391,1,2025-26,Regular Season,Scoring
1642964,Brooks Barnhizer,Brooks,1610612760,OKC,24.0,37,28,9,0.757,7.7,0.667,0.333,0.596,0.085,0.319,0.128,0.085,0.085,0.511,0.643,0.357,1.0,0.0,0.737,0.263,19,51,0.373,367,204,125,45,499,167,405,153,107,319,296,457,526,205,235,328,1,357,248,321,466,462,501,1,2025-26,Regular Season,Scoring
1628971,Bruce Brown,Bruce,1610612743,DEN,29.0,79,51,28,0.646,24.3,0.713,0.287,0.578,0.026,0.27,0.232,0.152,0.16,0.552,0.571,0.429,0.927,0.073,0.655,0.345,232,498,0.466,1,16,372,125,196,136,441,182,319,376,47,250,259,165,313,251,278,226,350,219,169,175,247,1,2025-26,Regular Season,Scoring
1631121,Bryce McGowens,Bryce,1610612740,NOP,23.0,42,14,28,0.333,21.0,0.608,0.392,0.447,0.024,0.335,0.188,0.218,0.182,0.424,0.605,0.395,0.921,0.079,0.711,0.289,114,237,0.481,332,368,372,420,262,232,345,345,331,305,117,89,165,294,276,288,296,207,277,290,312,318,202,1,2025-26,Regular Season,Scoring
1642267,Bub Carrington,Bub,1610612764,WAS,20.0,78,17,61,0.218,27.5,0.437,0.563,0.334,0.182,0.572,0.14,0.094,0.133,0.152,0.299,0.701,0.693,0.307,0.509,0.491,287,686,0.418,10,324,578,513,136,421,156,455,17,87,245,433,396,534,520,44,457,47,471,98,127,97,412,1,2025-26,Regular Season,Scoring
1631205,Buddy Boeheim,Buddy,1610612760,OKC,26.0,4,2,2,0.5,3.8,0.0,1.0,0.0,0.0,1.0,0.0,0.0,0.0,0.0,0.0,0.0,1.0,0.0,1.0,0.0,2,6,0.333,539,512,31,300,557,572,1,564,439,1,534,548,545,562,557,541,1,357,1,543,548,543,524,1,2025-26,Regular Season,Scoring
1627741,Buddy Hield,Buddy,1610612737,ATL,33.0,50,25,25,0.5,16.0,0.35,0.65,0.357,0.039,0.56,0.162,0.083,0.234,0.318,0.594,0.406,0.925,0.075,0.763,0.237,131,309,0.424,286,230,334,300,364,494,83,438,244,97,182,460,60,419,289,275,285,219,213,356,287,269,388,2,2025-26,Regular Season,Scoring
1643047,CJ Huntley,CJ,1610612756,PHX,24.0,2,2,0,1.0,3.5,1.0,0.0,1.0,0.0,0.0,0.0,0.0,0.0,1.0,1.0,0.0,0.0,0.0,1.0,0.0,1,2,0.5,563,512,1,1,562,1,537,1,439,504,534,548,545,1,1,541,504,357,1,543,554,570,150,1,2025-26,Regular Season,Scoring
203468,CJ McCollum,CJ,1610612737,ATL,34.0,74,36,38,0.486,29.8,0.555,0.445,0.467,0.134,0.401,0.121,0.132,0.147,0.333,0.344,0.656,0.67,0.33,0.463,0.537,508,1122,0.453,41,129,498,328,92,289,288,320,42,236,317,324,326,394,491,73,460,44,500,69,26,20,295,2,2025-26,Regular Season,Scoring
1630595,Cade Cunningham,Cade,1610612765,DET,24.0,61,44,17,0.721,34.4,0.692,0.308,0.546,0.114,0.246,0.144,0.208,0.18,0.433,0.284,0.716,0.48,0.52,0.329,0.671,532,1153,0.461,193,50,219,61,18,147,430,218,58,393,227,110,173,288,525,39,499,5,551,18,20,19,267,1,2025-26,Regular Season,Scoring
1631216,Caleb Houstan,Caleb,1610612737,ATL,23.0,18,12,6,0.667,4.2,0.192,0.808,0.143,0.048,0.786,0.19,0.071,0.19,0.095,1.0,0.0,1.0,0.0,1.0,0.0,14,26,0.538,455,389,86,94,548,556,21,549,204,11,102,478,136,551,1,541,1,357,1,543,480,492,95,1,2025-26,Regular Season,Scoring
1631126,Caleb Love,Caleb,1610612757,POR,24.0,47,23,24,0.489,21.5,0.405,0.595,0.381,0.071,0.548,0.136,0.071,0.167,0.31,0.412,0.588,0.828,0.172,0.616,0.384,190,489,0.389,308,257,318,327,248,449,128,417,138,109,268,479,232,424,452,112,378,126,395,174,219,178,483,1,2025-26,Regular Season,Scoring
1628997,Caleb Martin,Caleb,1610612742,DAL,30.0,58,20,38,0.345,14.8,0.698,0.302,0.573,0.079,0.264,0.238,0.163,0.163,0.493,0.554,0.446,1.0,0.0,0.659,0.341,85,189,0.45,216,292,498,415,385,143,434,186,124,378,44,222,248,220,331,233,1,357,345,223,349,351,312,1,2025-26,Regular Season,Scoring
1642353,Cam Christie,Cam,1610612746,LAC,20.0,52,25,27,0.481,9.0,0.64,0.36,0.519,0.078,0.234,0.182,0.247,0.26,0.442,0.725,0.275,1.0,0.0,0.788,0.212,52,136,0.382,268,230,358,331,478,203,374,247,126,404,130,58,36,276,138,426,1,357,176,393,398,386,491,1,2025-26,Regular Season,Scoring
1642285,Cam Spencer,Cam,1610612763,MEM,26.0,72,23,49,0.319,23.8,0.415,0.585,0.293,0.105,0.549,0.1,0.158,0.158,0.188,0.436,0.564,0.76,0.24,0.616,0.384,263,556,0.473,65,257,558,434,203,434,143,494,69,107,377,234,266,518,432,131,422,82,393,176,144,145,226,1,2025-26,Regular Season,Scoring
1630560,Cam Thomas,Cam,1610612749,MIL,24.0,42,12,30,0.286,21.0,0.636,0.364,0.483,0.155,0.275,0.09,0.242,0.106,0.328,0.336,0.664,0.558,0.442,0.397,0.603,189,461,0.41,332,389,407,451,260,208,369,292,26,369,404,63,488,398,495,69,489,15,535,34,221,194,435,2,2025-26,Regular Season,Scoring
1641715,Cam Whitmore,Cam,1610612764,WAS,21.0,21,3,18,0.143,16.9,0.669,0.331,0.632,0.041,0.249,0.394,0.119,0.233,0.591,0.59,0.41,0.625,0.375,0.597,0.403,77,169,0.456,435,491,231,548,342,165,412,126,227,391,11,369,62,135,293,271,478,26,409,160,362,363,288,1,2025-26,Regular Season,Scoring
1629661,Cameron Johnson,Cameron,1610612743,DEN,30.0,53,36,17,0.679,30.5,0.456,0.544,0.349,0.05,0.505,0.206,0.146,0.131,0.299,0.714,0.286,0.944,0.056,0.827,0.173,220,463,0.475,261,129,219,87,77,410,167,442,199,142,73,274,408,439,148,411,249,254,124,445,185,190,218,1,2025-26,Regular Season,Scoring
1626166,Cameron Payne,Cameron,1610612755,PHI,31.0,22,12,10,0.545,17.0,0.349,0.651,0.294,0.037,0.589,0.166,0.117,0.147,0.258,0.25,0.75,0.531,0.469,0.411,0.589,56,149,0.376,429,389,139,248,340,495,82,492,258,80,173,376,321,478,534,28,493,11,531,38,389,376,497,1,2025-26,Regular Season,Scoring
1627747,Caris LeVert,Caris,1610612765,DET,31.0,57,41,16,0.719,19.4,0.533,0.467,0.472,0.057,0.41,0.151,0.118,0.167,0.415,0.46,0.54,0.741,0.259,0.563,0.437,158,377,0.419,221,79,205,63,298,325,252,311,175,227,209,373,228,306,420,144,438,66,436,133,256,229,408,1,2025-26,Regular Season,Scoring
1642868,Carter Bryant,Carter,1610612759,SAS,20.0,68,54,14,0.794,10.8,0.416,0.584,0.383,0.016,0.504,0.16,0.113,0.145,0.367,0.694,0.306,0.977,0.023,0.826,0.174,92,238,0.387,104,7,180,29,446,433,144,414,365,143,185,384,339,351,171,393,177,326,125,444,342,317,484,1,2025-26,Regular Season,Scoring
1641717,Cason Wallace,Cason,1610612760,OKC,22.0,75,59,16,0.787,26.7,0.51,0.49,0.463,0.025,0.456,0.183,0.081,0.198,0.439,0.503,0.497,0.96,0.04,0.684,0.316,250,574,0.436,32,3,205,31,152,342,235,323,326,186,128,465,121,281,381,183,215,289,313,256,154,138,356,1,2025-26,Regular Season,Scoring
1642907,Cedric Coward,Cedric,1610612763,MEM,22.0,61,20,41,0.328,25.8,0.575,0.425,0.502,0.034,0.331,0.174,0.167,0.131,0.468,0.507,0.493,0.878,0.122,0.62,0.38,295,631,0.468,193,292,517,427,171,266,311,266,268,312,150,210,407,248,377,187,344,160,390,179,118,115,245,1,2025-26,Regular Season,Scoring
1643052,Chaney Johnson,Chaney,1610612751,BKN,23.0,15,3,12,0.2,20.2,0.662,0.338,0.593,0.085,0.203,0.127,0.204,0.186,0.508,0.514,0.486,0.75,0.25,0.558,0.442,43,77,0.558,460,491,158,520,275,174,403,159,110,424,297,116,147,208,371,192,428,70,441,128,411,432,76,1,2025-26,Regular Season,Scoring
1629646,Charles Bassey,Charles,1610612744,GSW,25.0,9,3,6,0.333,6.9,1.0,0.0,0.857,0.0,0.0,0.143,0.143,0.107,0.857,0.75,0.25,0.0,0.0,0.75,0.25,12,18,0.667,492,491,86,420,510,1,537,27,439,504,232,289,486,20,94,456,504,357,226,330,485,512,15,4,2025-26,Regular Season,Scoring
1642404,Chaz Lanier,Chaz,1610612765,DET,24.0,31,25,6,0.806,8.0,0.247,0.753,0.213,0.133,0.72,0.0,0.067,0.147,0.08,0.75,0.25,0.944,0.056,0.885,0.115,26,85,0.306,399,230,86,23,495,541,36,528,43,30,534,489,327,555,94,456,249,254,65,504,450,425,544,1,2025-26,Regular Season,Scoring
1631096,Chet Holmgren,Chet,1610612760,OKC,23.0,67,54,13,0.806,29.0,0.688,0.312,0.588,0.053,0.222,0.073,0.19,0.188,0.535,0.62,0.38,0.964,0.036,0.689,0.311,418,756,0.553,117,7,168,24,108,154,423,169,189,412,450,153,142,175,266,298,205,298,306,263,52,80,80,1,2025-26,Regular Season,Scoring
1628449,Chris Boucher,Chris,1610612738,BOS,33.0,9,4,5,0.444,10.5,0.4,0.6,0.571,0.0,0.286,0.286,0.143,0.095,0.571,0.667,0.333,1.0,0.0,0.75,0.25,8,25,0.32,492,477,76,359,456,456,121,189,439,358,24,289,510,150,193,353,1,357,226,330,508,495,539,1,2025-26,Regular Season,Scoring
1641753,Chris Livingston,Chris,1610612739,CLE,22.0,3,2,1,0.667,5.8,0.571,0.429,0.889,0.0,0.0,0.222,0.111,0.333,0.889,0.75,0.25,0.0,0.0,0.75,0.25,4,7,0.571,552,512,9,94,530,271,302,16,439,504,58,390,17,13,94,456,504,357,226,330,531,539,66,1,2025-26,Regular Season,Scoring
1643024,Chris Mañon,Chris,1610612747,LAL,24.0,6,2,4,0.333,4.2,0.0,1.0,0.0,0.0,0.0,0.0,1.0,1.0,0.0,0.0,0.0,0.0,0.0,0.0,0.0,0,2,0.0,516,512,59,420,549,572,1,564,439,504,534,1,1,562,557,541,504,357,565,543,569,570,569,1,2025-26,Regular Season,Scoring
101108,Chris Paul,Chris,1610612746,LAC,40.0,16,4,12,0.25,14.2,0.464,0.536,0.34,0.128,0.638,0.064,0.022,0.17,0.213,0.125,0.875,0.5,0.5,0.333,0.667,18,56,0.321,458,477,158,481,395,399,178,450,46,58,473,543,210,504,554,10,496,7,548,19,469,454,537,1,2025-26,Regular Season,Scoring
1642959,Chris Youngblood,Chris,1610612757,POR,24.0,33,28,5,0.848,5.6,0.143,0.857,0.113,0.028,0.761,0.155,0.126,0.183,0.085,0.75,0.25,1.0,0.0,0.955,0.045,22,63,0.349,390,204,76,13,532,565,12,557,306,13,201,338,161,554,94,456,1,357,31,538,457,448,516,2,2025-26,Regular Season,Scoring
1631128,Christian Braun,Christian,1610612743,DEN,24.0,43,28,15,0.651,31.9,0.628,0.372,0.594,0.02,0.252,0.314,0.154,0.174,0.574,0.822,0.178,0.907,0.093,0.841,0.159,195,379,0.515,326,204,193,121,50,214,363,156,350,385,19,246,196,148,44,520,314,189,107,462,212,228,124,1,2025-26,Regular Season,Scoring
1631132,Christian Koloko,Christian,1610612737,ATL,25.0,26,16,10,0.615,12.9,0.899,0.101,0.841,0.058,0.043,0.174,0.116,0.159,0.783,0.828,0.172,1.0,0.0,0.833,0.167,30,69,0.435,419,341,139,161,414,73,504,38,170,485,151,380,262,55,40,524,1,357,114,453,441,441,360,3,2025-26,Regular Season,Scoring
1642935,Chucky Hepburn,Chucky,1610612761,TOR,23.0,2,0,2,0.0,6.6,0.167,0.833,0.0,0.0,0.0,0.0,1.0,0.0,0.0,0.0,0.0,0.0,0.0,0.0,0.0,0,6,0.0,563,560,31,560,513,562,15,564,439,504,534,548,545,562,557,541,504,357,565,543,569,543,569,1,2025-26,Regular Season,Scoring
203991,Clint Capela,Clint,1610612745,HOU,31.0,71,44,27,0.62,12.3,1.0,0.0,0.841,0.0,0.0,0.079,0.159,0.099,0.841,0.632,0.368,0.0,0.0,0.632,0.368,106,207,0.512,74,50,358,155,425,1,537,36,439,504,434,232,500,25,247,317,504,357,375,194,321,336,131,1,2025-26,Regular Season,Scoring
1629632,Coby White,Coby,1610612766,CHA,26.0,48,28,20,0.583,25.4,0.49,0.51,0.379,0.057,0.394,0.181,0.227,0.112,0.322,0.296,0.704,0.791,0.209,0.498,0.502,269,606,0.444,299,204,260,194,182,369,208,418,172,246,131,79,474,411,521,43,408,96,484,85,141,126,330,2,2025-26,Regular Season,Scoring
1628998,Cody Martin,Cody,1610612754,IND,30.0,4,0,4,0.0,13.8,0.5,0.5,0.571,0.0,0.0,0.571,0.429,0.286,0.571,0.5,0.5,0.0,0.0,0.5,0.5,2,10,0.2,539,560,59,560,400,354,216,189,439,504,5,11,24,150,382,169,504,357,473,86,548,531,560,1,2025-26,Regular Season,Scoring
1642262,Cody Williams,Cody,1610612762,UTA,21.0,64,15,49,0.234,23.8,0.744,0.256,0.713,0.096,0.144,0.224,0.143,0.172,0.617,0.731,0.269,1.0,0.0,0.763,0.237,219,461,0.475,153,357,558,498,204,121,456,94,87,449,54,296,203,116,129,435,1,357,216,353,188,194,219,1,2025-26,Regular Season,Scoring
1641732,Colby Jones,Colby,1610612765,DET,23.0,1,0,1,0.0,6.8,0.333,0.667,1.0,0.0,0.0,0.0,0.0,0.0,1.0,0.0,1.0,0.0,0.0,0.0,1.0,1,3,0.333,577,560,9,560,511,502,69,1,439,504,534,548,545,1,557,1,504,357,565,1,554,563,524,1,2025-26,Regular Season,Scoring
1630175,Cole Anthony,Cole,1610612749,MIL,25.0,35,12,23,0.343,15.0,0.688,0.312,0.65,0.128,0.282,0.085,0.068,0.115,0.521,0.211,0.789,0.727,0.273,0.327,0.673,98,231,0.424,379,389,303,416,379,153,424,120,45,360,416,485,466,193,549,15,443,60,552,17,330,324,385,1,2025-26,Regular Season,Scoring
1630658,Colin Castleton,Colin,1610612753,ORL,25.0,2,1,1,0.5,6.1,1.0,0.0,1.0,0.0,0.0,0.0,0.0,0.0,1.0,1.0,0.0,0.0,0.0,1.0,0.0,1,3,0.333,563,540,9,300,526,1,537,1,439,504,534,548,545,1,1,541,504,357,1,543,554,563,524,1,2025-26,Regular Season,Scoring
1631221,Collin Gillespie,Collin,1610612756,PHX,26.0,77,42,35,0.545,28.8,0.313,0.687,0.231,0.072,0.694,0.121,0.075,0.17,0.159,0.374,0.626,0.748,0.252,0.623,0.377,345,822,0.42,23,72,469,248,112,514,63,519,134,37,318,477,211,529,474,90,435,69,386,183,85,63,406,1,2025-26,Regular Season,Scoring
1642867,Collin Murray-Boyles,Collin,1610612761,TOR,20.0,54,28,26,0.519,22.0,0.848,0.152,0.745,0.022,0.111,0.2,0.144,0.181,0.723,0.842,0.158,1.0,0.0,0.856,0.144,188,328,0.573,250,204,344,285,238,89,488,81,337,462,79,287,170,80,33,531,1,357,98,471,222,258,65,1,2025-26,Regular Season,Scoring
1629012,Collin Sexton,Collin,1610612741,CHI,27.0,64,23,41,0.359,23.3,0.608,0.392,0.452,0.049,0.335,0.157,0.213,0.133,0.403,0.367,0.633,0.798,0.202,0.509,0.491,330,678,0.487,153,257,517,405,211,231,346,339,202,306,196,98,399,317,479,85,402,102,470,99,97,99,185,2,2025-26,Regular Season,Scoring
1642843,Cooper Flagg,Cooper,1610612742,DAL,19.0,66,21,45,0.318,33.9,0.795,0.205,0.661,0.122,0.146,0.165,0.193,0.138,0.539,0.401,0.599,0.735,0.265,0.444,0.556,529,1118,0.473,132,278,541,435,22,104,473,115,53,448,177,145,379,171,458,106,442,62,514,55,22,21,225,1,2025-26,Regular Season,Scoring
1630557,Corey Kispert,Corey,1610612737,ATL,27.0,55,26,29,0.473,18.8,0.406,0.594,0.378,0.004,0.477,0.175,0.145,0.197,0.374,0.758,0.242,0.975,0.025,0.857,0.143,175,377,0.464,239,221,391,338,304,448,129,422,432,161,146,281,124,343,90,474,184,320,95,472,238,229,253,2,2025-26,Regular Season,Scoring
1642504,Cormac Ryan,Cormac,1610612749,MIL,27.0,7,1,6,0.143,20.0,0.409,0.591,0.286,0.0,0.506,0.078,0.208,0.286,0.286,0.364,0.636,0.923,0.077,0.667,0.333,24,44,0.545,506,540,86,548,279,442,135,495,439,140,436,105,24,450,480,83,287,212,331,228,453,469,87,1,2025-26,Regular Season,Scoring
1641854,Craig Porter Jr.,Craig,1610612739,CLE,26.0,62,42,20,0.677,17.8,0.632,0.368,0.572,0.058,0.348,0.13,0.08,0.199,0.514,0.532,0.468,0.813,0.188,0.613,0.387,111,250,0.444,176,72,260,88,324,211,366,187,170,294,288,468,118,201,351,213,390,112,398,171,315,307,329,1,2025-26,Regular Season,Scoring
1642938,Curtis Jones,Curtis,1610612743,DEN,24.0,7,5,2,0.714,4.7,0.357,0.643,0.667,0.0,0.333,0.333,0.0,0.0,0.667,0.667,0.333,1.0,0.0,0.75,0.25,4,14,0.286,506,467,31,65,541,488,89,111,439,308,17,548,545,97,193,353,1,357,226,330,531,519,549,1,2025-26,Regular Season,Scoring
1626156,D'Angelo Russell,D'Angelo,1610612764,WAS,30.0,26,9,17,0.346,19.0,0.517,0.483,0.462,0.136,0.375,0.133,0.163,0.152,0.326,0.295,0.705,0.758,0.242,0.457,0.543,94,232,0.405,419,418,219,414,302,339,238,325,39,270,280,224,295,404,522,42,424,80,503,66,338,323,448,1,2025-26,Regular Season,Scoring
1629610,DaQuan Jeffries,DaQuan,1610612758,SAC,28.0,3,0,3,0.0,20.0,0.526,0.474,0.452,0.0,0.387,0.161,0.161,0.258,0.452,0.857,0.143,1.0,0.0,0.909,0.091,11,19,0.579,552,560,49,560,281,328,249,341,439,254,183,228,38,266,29,533,1,357,41,527,489,507,61,1,2025-26,Regular Season,Scoring
1641747,DaRon Holmes II,DaRon,1610612743,DEN,23.0,22,14,8,0.636,9.1,0.276,0.724,0.25,0.045,0.648,0.068,0.102,0.091,0.205,1.0,0.0,1.0,0.0,1.0,0.0,30,58,0.517,429,368,114,136,477,528,49,509,210,54,467,409,518,512,1,541,1,357,1,543,441,453,118,1,2025-26,Regular Season,Scoring
1631342,Daeqwon Plowden,Daeqwon,1610612758,SAC,27.0,29,8,21,0.276,26.2,0.335,0.665,0.341,0.007,0.541,0.177,0.118,0.144,0.334,0.769,0.231,0.945,0.055,0.86,0.14,107,251,0.426,405,433,268,464,164,501,76,448,424,119,140,372,341,391,78,485,247,257,91,478,320,305,377,1,2025-26,Regular Season,Scoring
1630625,Dalano Banton,Dalano,1610612738,BOS,26.0,5,3,2,0.6,5.0,1.0,0.0,0.8,0.4,0.0,0.4,0.2,0.2,0.4,0.25,0.75,0.0,0.0,0.25,0.75,4,9,0.444,527,491,31,172,537,1,537,48,1,504,9,125,110,319,534,28,504,357,560,8,531,535,326,2,2025-26,Regular Season,Scoring
1631207,Dalen Terry,Dalen,1610612755,PHI,23.0,47,21,26,0.447,11.6,0.571,0.429,0.494,0.011,0.414,0.19,0.092,0.247,0.483,0.488,0.512,0.958,0.042,0.657,0.343,67,154,0.435,308,278,344,358,435,271,302,278,390,226,110,437,49,229,398,166,218,283,349,220,374,372,358,2,2025-26,Regular Season,Scoring
1642261,Dalton Knecht,Dalton,1610612747,LAL,24.0,50,31,19,0.62,10.3,0.417,0.583,0.468,0.05,0.463,0.229,0.069,0.139,0.418,0.681,0.319,0.968,0.032,0.795,0.205,78,175,0.446,286,177,243,154,460,432,145,317,200,179,49,480,366,303,181,383,196,308,167,402,361,361,323,1,2025-26,Regular Season,Scoring
1629655,Daniel Gafford,Daniel,1610612742,DAL,27.0,55,12,43,0.218,21.7,1.0,0.0,0.79,0.008,0.0,0.092,0.21,0.141,0.782,0.643,0.357,0.0,0.0,0.643,0.357,207,316,0.655,239,389,531,512,244,1,537,57,414,504,398,102,355,56,237,327,504,357,369,200,202,265,24,1,2025-26,Regular Season,Scoring
1642450,Daniss Jenkins,Daniss,1610612765,DET,24.0,69,51,18,0.739,20.3,0.656,0.344,0.477,0.122,0.33,0.147,0.193,0.15,0.355,0.314,0.686,0.861,0.139,0.487,0.513,228,546,0.418,89,16,231,54,273,183,394,301,52,313,219,143,310,364,511,53,355,149,493,76,173,153,417,1,2025-26,Regular Season,Scoring
1642874,Danny Wolf,Danny,1610612751,BKN,21.0,57,14,43,0.246,20.8,0.52,0.48,0.433,0.008,0.402,0.144,0.165,0.152,0.425,0.591,0.409,0.941,0.059,0.725,0.275,178,440,0.405,221,368,531,493,263,336,241,362,413,235,226,214,294,291,290,273,252,250,264,305,234,206,451,1,2025-26,Regular Season,Scoring
203967,Dario Saric,Dario,1610612758,SAC,31.0,5,1,4,0.2,8.2,0.5,0.5,0.0,0.0,0.6,0.0,0.4,0.4,0.0,0.0,0.0,1.0,0.0,1.0,0.0,1,6,0.167,527,540,59,520,490,354,216,564,439,71,534,14,11,562,557,541,1,357,1,543,554,543,565,1,2025-26,Regular Season,Scoring
1641727,Dariq Whitehead,Dariq,1610612763,MEM,21.0,3,0,3,0.0,30.6,0.341,0.659,0.273,0.0,0.682,0.091,0.045,0.091,0.273,0.833,0.167,1.0,0.0,0.938,0.063,16,44,0.364,552,560,49,560,76,499,78,500,439,45,400,526,518,466,35,528,1,357,34,535,473,469,509,1,2025-26,Regular Season,Scoring
1642468,Darius Brown,Darius,1610612739,CLE,26.0,1,1,0,1.0,2.7,1.0,0.0,0.0,0.0,0.0,0.0,1.0,0.0,0.0,0.0,0.0,0.0,0.0,0.0,0.0,0,1,0.0,577,540,1,1,574,1,537,564,439,504,534,548,545,562,557,541,504,357,565,543,569,574,569,1,2025-26,Regular Season,Scoring
1629636,Darius Garland,Darius,1610612746,LAC,26.0,42,24,18,0.571,29.7,0.535,0.465,0.434,0.071,0.443,0.112,0.123,0.14,0.364,0.302,0.698,0.547,0.453,0.401,0.599,289,621,0.465,332,241,231,210,95,322,255,360,139,195,343,356,364,355,515,49,491,13,534,35,125,120,250,2,2025-26,Regular Season,Scoring
1642357,David Jones Garcia,David,1610612759,SAS,24.0,11,7,4,0.636,6.2,0.8,0.2,0.625,0.0,0.281,0.063,0.094,0.125,0.625,0.1,0.9,0.667,0.333,0.231,0.769,13,25,0.52,480,441,59,136,524,102,475,131,439,362,475,432,425,114,556,8,461,36,563,6,484,495,112,1,2025-26,Regular Season,Scoring
1631223,David Roddy,David,1610612743,DEN,25.0,3,2,1,0.667,4.6,0.2,0.8,0.5,0.0,0.0,0.0,0.5,0.0,0.5,0.0,1.0,0.0,0.0,0.0,1.0,1,5,0.2,552,512,9,94,542,553,23,268,439,504,534,8,545,213,557,1,504,357,565,1,554,552,560,1,2025-26,Regular Season,Scoring
1630558,Davion Mitchell,Davion,1610612748,MIA,27.0,67,36,31,0.537,28.6,0.566,0.434,0.511,0.042,0.422,0.11,0.067,0.146,0.469,0.316,0.684,0.862,0.138,0.51,0.49,245,507,0.483,117,129,422,261,117,277,300,256,226,214,351,493,333,247,510,54,353,151,469,100,157,169,193,1,2025-26,Regular Season,Scoring
1630549,Day'Ron Sharpe,Day'Ron,1610612751,BKN,24.0,62,17,45,0.274,18.7,0.89,0.11,0.759,0.0,0.05,0.035,0.191,0.157,0.759,0.537,0.463,1.0,0.0,0.556,0.444,214,356,0.601,176,324,541,466,307,75,502,77,439,482,513,151,272,63,346,218,1,357,442,127,191,241,45,1,2025-26,Regular Season,Scoring
1628368,De'Aaron Fox,De'Aaron,1610612759,SAS,28.0,69,53,16,0.768,31.0,0.626,0.374,0.571,0.093,0.288,0.142,0.141,0.119,0.478,0.301,0.699,0.705,0.295,0.403,0.597,484,992,0.488,89,11,205,40,70,218,359,195,95,356,234,298,450,234,517,47,453,51,533,36,33,39,182,1,2025-26,Regular Season,Scoring
1629631,De'Andre Hunter,De'Andre,1610612758,SAC,28.0,45,24,21,0.533,26.1,0.509,0.491,0.433,0.114,0.366,0.114,0.201,0.151,0.319,0.662,0.338,0.853,0.147,0.731,0.269,208,501,0.415,316,241,268,267,166,346,231,364,57,280,340,123,300,418,212,352,363,141,253,316,201,172,422,2,2025-26,Regular Season,Scoring
1629001,De'Anthony Melton,De'Anthony,1610612744,GSW,27.0,45,21,24,0.467,23.0,0.542,0.458,0.487,0.039,0.349,0.125,0.164,0.163,0.448,0.419,0.581,0.862,0.138,0.562,0.438,201,496,0.405,316,278,318,344,216,311,266,287,238,288,301,220,247,271,447,117,354,150,437,132,207,176,447,1,2025-26,Regular Season,Scoring
201599,DeAndre Jordan,DeAndre,1610612740,NOP,37.0,12,6,6,0.5,16.6,1.0,0.0,0.792,0.0,0.0,0.038,0.208,0.038,0.792,0.619,0.381,0.0,0.0,0.619,0.381,21,32,0.656,474,456,86,300,346,1,537,54,439,504,511,107,543,49,267,297,504,357,391,178,463,484,23,1,2025-26,Regular Season,Scoring
1630610,DeJon Jarreau,DeJon,1610612763,MEM,28.0,11,2,9,0.182,21.0,0.639,0.361,0.659,0.045,0.136,0.08,0.205,0.091,0.614,0.552,0.448,1.0,0.0,0.606,0.394,33,83,0.398,480,512,125,532,259,204,373,118,210,454,433,113,518,121,333,230,1,357,403,166,431,426,463,1,2025-26,Regular Season,Scoring
201942,DeMar DeRozan,DeMar,1610612758,SAC,36.0,77,20,57,0.26,31.2,0.854,0.146,0.637,0.328,0.099,0.05,0.264,0.11,0.309,0.42,0.58,0.894,0.106,0.465,0.535,499,1005,0.497,23,292,575,477,61,87,490,125,3,466,497,47,481,428,446,118,329,175,499,70,30,36,162,1,2025-26,Regular Season,Scoring
1629731,Dean Wade,Dean,1610612739,CLE,29.0,57,35,22,0.614,22.4,0.297,0.703,0.302,0.018,0.616,0.178,0.082,0.121,0.284,0.74,0.26,0.985,0.015,0.881,0.119,118,273,0.432,221,146,284,164,230,517,60,486,355,64,135,464,442,455,114,450,159,345,67,502,306,291,366,1,2025-26,Regular Season,Scoring
1629028,Deandre Ayton,Deandre,1610612747,LAL,27.0,68,43,25,0.632,27.2,1.0,0.0,0.901,0.033,0.0,0.073,0.099,0.164,0.868,0.807,0.193,0.0,0.0,0.807,0.193,379,564,0.672,104,57,334,140,142,1,537,14,274,504,452,419,244,18,55,509,504,357,150,419,71,141,14,1,2025-26,Regular Season,Scoring
1627749,Dejounte Murray,Dejounte,1610612740,NOP,29.0,14,5,9,0.357,27.8,0.659,0.341,0.59,0.103,0.244,0.145,0.166,0.145,0.487,0.217,0.783,0.684,0.316,0.318,0.682,88,182,0.484,464,467,125,406,129,178,399,166,75,395,223,210,335,224,546,18,458,46,553,16,346,353,191,1,2025-26,Regular Season,Scoring
1630166,Deni Avdija,Deni,1610612757,POR,25.0,63,33,30,0.524,33.2,0.627,0.373,0.452,0.028,0.235,0.138,0.313,0.143,0.424,0.39,0.61,0.797,0.203,0.495,0.505,459,1005,0.457,168,165,407,280,35,216,361,340,308,403,255,24,344,292,464,100,403,101,486,83,41,36,281,1,2025-26,Regular Season,Scoring
203471,Dennis Schröder,Dennis,1610612739,CLE,32.0,68,28,40,0.412,24.5,0.635,0.365,0.476,0.121,0.298,0.086,0.226,0.12,0.355,0.26,0.74,0.757,0.243,0.406,0.594,251,617,0.407,104,204,510,377,194,209,368,303,54,348,413,81,446,363,532,32,425,79,532,37,153,123,443,2,2025-26,Regular Season,Scoring
1641726,Dereck Lively II,Dereck,1610612742,DAL,22.0,7,3,4,0.429,16.5,1.0,0.0,0.733,0.0,0.0,0.0,0.267,0.2,0.733,0.727,0.273,0.0,0.0,0.727,0.273,11,18,0.611,506,491,59,369,351,1,537,87,439,504,534,45,110,72,133,428,504,357,258,309,489,512,43,1,2025-26,Regular Season,Scoring
1642852,Derik Queen,Derik,1610612740,NOP,21.0,78,25,53,0.321,24.4,0.879,0.121,0.699,0.066,0.075,0.081,0.226,0.119,0.632,0.405,0.595,0.909,0.091,0.439,0.561,328,697,0.471,10,230,569,433,195,82,495,100,148,473,430,80,451,111,456,108,311,191,519,50,98,93,238,1,2025-26,Regular Season,Scoring
1627884,Derrick Jones Jr.,Derrick,1610612746,LAC,29.0,46,24,22,0.522,27.2,0.595,0.405,0.542,0.008,0.318,0.189,0.14,0.203,0.534,0.734,0.266,0.98,0.02,0.803,0.197,178,351,0.507,313,241,284,282,140,249,328,221,409,320,116,303,105,177,122,442,171,332,154,415,234,247,138,1,2025-26,Regular Season,Scoring
1628401,Derrick White,Derrick,1610612738,BOS,31.0,74,50,24,0.676,34.3,0.428,0.572,0.365,0.103,0.489,0.082,0.146,0.125,0.262,0.469,0.531,0.713,0.287,0.584,0.416,428,1084,0.395,41,23,318,89,20,425,152,432,74,149,427,279,424,474,411,153,449,55,419,150,50,26,474,1,2025-26,Regular Season,Scoring
1630217,Desmond Bane,Desmond,1610612753,ORL,27.0,79,43,36,0.544,34.1,0.645,0.355,0.503,0.086,0.306,0.125,0.191,0.151,0.416,0.531,0.469,0.794,0.206,0.607,0.393,572,1180,0.485,1,57,482,250,21,197,380,265,105,335,305,148,303,305,352,212,407,97,402,167,15,15,188,1,2025-26,Regular Season,Scoring
1626164,Devin Booker,Devin,1610612756,PHX,29.0,62,36,26,0.581,33.4,0.69,0.31,0.51,0.18,0.221,0.123,0.269,0.174,0.33,0.346,0.654,0.644,0.356,0.413,0.587,526,1155,0.455,176,129,344,197,31,151,426,259,18,413,311,42,197,396,489,75,474,30,530,39,23,17,289,1,2025-26,Regular Season,Scoring
1642269,Devin Carter,Devin,1610612758,SAC,24.0,35,7,28,0.2,17.4,0.608,0.392,0.541,0.014,0.243,0.189,0.216,0.166,0.527,0.338,0.663,0.708,0.292,0.423,0.577,104,255,0.408,379,441,372,520,329,230,347,222,379,396,111,92,239,184,493,71,452,52,526,43,324,301,439,1,2025-26,Regular Season,Scoring
1630170,Devin Vassell,Devin,1610612759,SAS,25.0,64,50,14,0.781,30.5,0.428,0.572,0.349,0.172,0.537,0.19,0.114,0.141,0.177,0.673,0.327,0.963,0.037,0.82,0.18,316,722,0.438,153,23,180,35,78,426,151,441,21,124,106,382,357,524,188,376,207,297,132,437,107,86,349,1,2025-26,Regular Season,Scoring
1628415,Dillon Brooks,Dillon,1610612756,PHX,30.0,53,31,22,0.585,30.5,0.613,0.387,0.511,0.165,0.339,0.068,0.15,0.151,0.346,0.275,0.725,0.779,0.221,0.43,0.57,398,911,0.437,261,177,284,192,79,229,348,258,22,303,466,259,302,373,528,36,412,92,522,47,58,48,352,1,2025-26,Regular Season,Scoring
1641794,Dillon Jones,Dillon,1610612752,NYK,24.0,6,5,1,0.833,4.5,0.333,0.667,0.0,0.0,0.429,0.0,0.571,0.0,0.0,0.0,0.0,1.0,0.0,1.0,0.0,1,6,0.167,516,467,9,14,545,502,69,564,439,205,534,7,545,562,557,541,1,357,1,543,554,543,565,1,2025-26,Regular Season,Scoring
1627734,Domantas Sabonis,Domantas,1610612758,SAC,29.0,19,3,16,0.158,29.7,0.878,0.122,0.764,0.04,0.05,0.033,0.186,0.086,0.724,0.678,0.322,1.0,0.0,0.692,0.308,120,221,0.543,450,491,205,544,98,84,493,74,236,483,518,161,525,79,185,379,1,357,303,266,302,328,91,1,2025-26,Regular Season,Scoring
1631230,Dominick Barlow,Dominick,1610612755,PHI,22.0,68,38,30,0.559,23.9,0.789,0.211,0.712,0.011,0.118,0.23,0.17,0.202,0.7,0.668,0.332,1.0,0.0,0.701,0.299,211,388,0.544,104,113,407,222,202,107,470,96,394,458,48,203,107,86,192,372,1,357,291,278,195,223,90,1,2025-26,Regular Season,Scoring
1642270,Donovan Clingan,Donovan,1610612757,POR,22.0,74,39,35,0.527,27.2,0.646,0.354,0.59,0.011,0.259,0.035,0.151,0.167,0.578,0.578,0.422,0.935,0.065,0.659,0.341,340,655,0.519,41,100,469,277,141,196,381,167,396,380,516,255,231,145,302,262,266,238,345,223,88,106,115,1,2025-26,Regular Season,Scoring
1628378,Donovan Mitchell,Donovan,1610612739,CLE,29.0,69,44,25,0.638,33.4,0.558,0.442,0.461,0.084,0.348,0.142,0.191,0.156,0.377,0.275,0.725,0.61,0.39,0.387,0.613,666,1384,0.481,89,50,334,134,29,284,293,328,112,293,236,152,278,339,527,37,480,24,540,29,6,5,201,1,2025-26,Regular Season,Scoring
1628978,Donte DiVincenzo,Donte,1610612750,MIN,29.0,78,46,32,0.59,30.8,0.232,0.768,0.19,0.025,0.731,0.135,0.079,0.144,0.165,0.615,0.385,0.906,0.094,0.824,0.176,324,799,0.406,10,40,434,186,71,545,32,539,323,26,270,471,340,527,269,294,317,187,127,442,101,69,445,1,2025-26,Regular Season,Scoring
1627827,Dorian Finney-Smith,Dorian,1610612745,HOU,32.0,36,22,14,0.611,16.6,0.234,0.766,0.263,0.0,0.684,0.061,0.053,0.132,0.263,0.6,0.4,0.923,0.077,0.805,0.195,41,124,0.331,373,267,180,167,344,543,34,503,439,44,482,511,404,472,278,278,287,212,151,418,417,390,534,1,2025-26,Regular Season,Scoring
203926,Doug McDermott,Doug,1610612758,SAC,34.0,26,7,19,0.269,14.3,0.086,0.914,0.072,0.014,0.913,0.043,0.015,0.188,0.058,0.6,0.4,1.0,0.0,0.957,0.043,47,116,0.405,419,441,243,472,394,570,7,562,372,3,502,545,141,559,278,278,1,357,30,539,402,397,448,1,2025-26,Regular Season,Scoring
1642962,Drake Powell,Drake,1610612751,BKN,20.0,60,15,45,0.25,20.6,0.483,0.517,0.444,0.098,0.388,0.147,0.168,0.171,0.346,0.43,0.57,0.88,0.12,0.596,0.404,136,325,0.418,203,357,541,481,267,380,197,349,81,253,218,206,208,372,438,126,340,162,411,158,276,260,411,1,2025-26,Regular Season,Scoring
203110,Draymond Green,Draymond,1610612744,GSW,36.0,65,30,35,0.462,27.6,0.372,0.628,0.368,0.014,0.536,0.05,0.096,0.104,0.354,0.835,0.165,0.99,0.01,0.911,0.089,203,484,0.419,145,188,469,346,132,476,101,428,374,125,498,422,495,366,34,530,151,353,40,529,206,181,407,1,2025-26,Regular Season,Scoring
1629234,Drew Eubanks,Drew,1610612758,SAC,29.0,42,10,32,0.238,13.1,0.955,0.045,0.84,0.018,0.014,0.132,0.146,0.164,0.822,0.826,0.174,1.0,0.0,0.828,0.172,93,156,0.596,332,407,434,496,409,61,516,39,354,498,281,276,242,35,41,523,1,357,122,447,341,371,56,1,2025-26,Regular Season,Scoring
1641809,Drew Peterson,Drew,1610612766,CHA,26.0,6,1,5,0.167,10.7,0.25,0.75,0.8,0.0,0.0,0.4,0.2,0.4,0.8,0.5,0.5,0.0,0.0,0.5,0.5,2,16,0.125,516,540,76,537,450,536,38,48,439,504,9,125,11,41,382,169,504,357,473,86,548,517,568,1,2025-26,Regular Season,Scoring
1631166,Drew Timme,Drew,1610612747,LAL,25.0,23,15,8,0.652,8.1,0.627,0.373,0.611,0.083,0.333,0.167,0.056,0.125,0.528,0.591,0.409,1.0,0.0,0.7,0.3,30,51,0.588,427,357,114,118,493,215,362,139,114,308,170,507,425,182,290,273,1,357,292,276,441,462,58,1,2025-26,Regular Season,Scoring
1630696,Dru Smith,Dru,1610612748,MIA,28.0,70,38,32,0.543,16.3,0.603,0.397,0.491,0.035,0.289,0.185,0.22,0.2,0.456,0.464,0.536,0.921,0.079,0.593,0.407,135,325,0.415,80,113,434,252,357,240,337,283,265,355,122,84,110,260,416,148,296,207,413,156,277,260,421,1,2025-26,Regular Season,Scoring
1629130,Duncan Robinson,Duncan,1610612765,DET,31.0,74,55,19,0.743,27.6,0.224,0.776,0.198,0.011,0.714,0.135,0.088,0.155,0.186,0.739,0.261,0.976,0.024,0.907,0.093,300,669,0.448,41,5,243,50,134,549,28,537,395,31,271,446,281,519,118,446,179,325,43,526,115,100,315,1,2025-26,Regular Season,Scoring
1641871,Duop Reath,Duop,1610612757,POR,29.0,32,16,16,0.5,8.1,0.257,0.743,0.213,0.0,0.734,0.085,0.053,0.202,0.213,0.7,0.3,0.957,0.043,0.879,0.121,33,74,0.446,395,341,205,300,494,535,42,529,439,24,418,510,108,504,166,397,223,279,69,499,431,435,322,1,2025-26,Regular Season,Scoring
203939,Dwight Powell,Dwight,1610612742,DAL,34.0,59,18,41,0.305,13.9,0.966,0.034,0.597,0.01,0.016,0.084,0.387,0.162,0.586,0.825,0.175,1.0,0.0,0.828,0.172,58,88,0.659,212,315,517,442,397,59,518,152,403,496,424,16,252,139,42,522,1,357,123,446,387,422,21,1,2025-26,Regular Season,Scoring
1642928,Dylan Cardwell,Dylan,1610612758,SAC,24.0,41,12,29,0.293,20.4,0.988,0.012,0.866,0.037,0.014,0.055,0.12,0.138,0.829,0.745,0.255,1.0,0.0,0.747,0.253,95,162,0.586,344,389,391,447,272,49,528,23,257,497,491,363,376,32,111,453,1,357,240,329,334,365,59,1,2025-26,Regular Season,Scoring
1642844,Dylan Harper,Dylan,1610612759,SAS,20.0,66,51,15,0.773,22.4,0.721,0.279,0.661,0.072,0.231,0.189,0.108,0.17,0.589,0.354,0.646,0.917,0.083,0.461,0.539,317,624,0.508,132,16,193,39,229,133,444,116,135,405,114,398,215,136,485,79,303,196,502,67,105,117,136,1,2025-26,Regular Season,Scoring
1630700,Dyson Daniels,Dyson,1610612737,ATL,23.0,74,43,31,0.581,33.2,0.851,0.149,0.845,0.016,0.072,0.169,0.083,0.167,0.829,0.576,0.424,1.0,0.0,0.598,0.402,391,756,0.517,41,57,422,196,37,88,489,35,363,475,166,461,234,34,306,258,1,357,408,161,62,80,119,1,2025-26,Regular Season,Scoring
1630604,E.J. Liddell,E.J.,1610612751,BKN,25.0,22,4,18,0.182,10.6,0.453,0.547,0.514,0.029,0.386,0.171,0.1,0.071,0.486,0.278,0.722,1.0,0.0,0.519,0.481,27,64,0.422,429,477,231,532,452,413,164,249,304,255,158,414,532,227,526,38,1,357,466,103,449,445,397,1,2025-26,Regular Season,Scoring
1642856,Egor Dëmin,Egor,1610612751,BKN,20.0,52,14,38,0.269,25.2,0.283,0.717,0.205,0.03,0.694,0.093,0.101,0.106,0.175,0.509,0.491,0.823,0.177,0.726,0.274,179,449,0.399,268,368,498,472,185,525,52,535,294,38,395,411,487,526,375,189,382,122,261,308,233,203,461,1,2025-26,Regular Season,Scoring
1641989,Elijah Harkless,Elijah,1610612762,UTA,26.0,26,5,21,0.192,21.0,0.453,0.547,0.371,0.034,0.354,0.242,0.275,0.242,0.337,0.424,0.576,0.952,0.048,0.63,0.37,54,161,0.335,419,467,268,530,261,412,165,425,271,286,40,37,52,387,444,120,230,274,378,191,393,366,523,1,2025-26,Regular Season,Scoring
1641801,Emanuel Miller,Emanuel,1610612759,SAS,25.0,5,0,5,0.0,6.6,0.538,0.462,0.533,0.133,0.4,0.0,0.067,0.133,0.4,1.0,0.0,1.0,0.0,1.0,0.0,6,13,0.462,527,560,76,560,514,315,262,233,43,238,534,489,397,319,1,541,1,357,1,543,520,522,264,1,2025-26,Regular Season,Scoring
1642402,Enrique Freeman,Enrique,1610612750,MIN,25.0,2,1,1,0.5,4.0,0.0,0.0,0.0,0.0,0.0,0.0,1.0,0.0,0.0,0.0,0.0,0.0,0.0,0.0,0.0,0,0,0.0,563,540,9,300,554,572,537,564,439,504,534,548,545,562,557,541,504,357,565,543,569,577,569,1,2025-26,Regular Season,Scoring
201569,Eric Gordon,Eric,1610612755,PHI,37.0,6,3,3,0.5,12.3,0.333,0.667,0.242,0.0,0.727,0.0,0.031,0.121,0.242,0.75,0.25,1.0,0.0,0.917,0.083,12,21,0.571,516,491,49,300,424,502,69,511,439,27,534,537,440,485,94,456,1,357,38,531,485,502,66,1,2025-26,Regular Season,Scoring
1630679,Ethan Thompson,Ethan,1610612754,IND,26.0,28,7,21,0.25,18.5,0.388,0.612,0.316,0.038,0.57,0.19,0.114,0.089,0.278,0.68,0.32,0.967,0.033,0.836,0.164,55,152,0.362,408,441,268,481,310,465,112,473,253,90,109,383,522,459,182,381,198,305,110,459,391,374,513,1,2025-26,Regular Season,Scoring
1630596,Evan Mobley,Evan,1610612739,CLE,24.0,63,39,24,0.619,32.0,0.752,0.248,0.686,0.038,0.162,0.077,0.152,0.121,0.648,0.655,0.345,0.887,0.113,0.686,0.314,456,832,0.548,168,100,318,156,49,115,462,107,251,440,439,252,441,104,220,344,335,169,311,258,42,61,84,1,2025-26,Regular Season,Scoring
1630532,Franz Wagner,Franz,1610612753,ORL,24.0,31,18,13,0.581,30.6,0.73,0.27,0.565,0.041,0.198,0.174,0.237,0.168,0.524,0.506,0.494,0.762,0.238,0.554,0.446,222,463,0.479,399,315,168,197,75,128,449,200,233,427,149,68,226,189,379,185,420,84,446,123,181,190,206,1,2025-26,Regular Season,Scoring
1641713,GG Jackson,GG,1610612763,MEM,21.0,55,16,39,0.291,21.4,0.625,0.375,0.557,0.015,0.28,0.175,0.163,0.157,0.542,0.576,0.424,0.859,0.141,0.647,0.353,255,514,0.496,239,341,507,448,252,220,357,205,371,364,147,219,271,170,305,259,357,147,362,205,148,164,163,1,2025-26,Regular Season,Scoring
1629216,Gabe Vincent,Gabe,1610612737,ATL,29.0,51,35,16,0.686,16.7,0.205,0.795,0.156,0.037,0.757,0.06,0.087,0.101,0.119,0.353,0.647,0.855,0.145,0.736,0.264,72,210,0.343,277,146,205,83,343,552,25,546,259,15,485,452,497,546,487,77,362,142,249,320,365,333,519,2,2025-26,Regular Season,Scoring
202066,Garrett Temple,Garrett,1610612761,TOR,39.0,21,9,12,0.429,3.3,0.214,0.786,0.143,0.143,0.429,0.0,0.428,0.286,0.0,0.0,1.0,1.0,0.0,0.667,0.333,3,14,0.214,435,418,158,369,567,551,26,549,35,205,534,11,24,562,557,1,1,357,331,228,541,519,559,1,2025-26,Regular Season,Scoring
1629726,Garrison Mathews,Garrison,1610612754,IND,29.0,15,4,11,0.267,13.1,0.115,0.885,0.103,0.026,0.654,0.128,0.243,0.141,0.077,1.0,0.0,1.0,0.0,1.0,0.0,21,52,0.404,460,477,150,476,410,567,10,558,320,51,295,60,356,556,1,541,1,357,1,543,463,459,453,1,2025-26,Regular Season,Scoring
203914,Gary Harris,Gary,1610612749,MIL,31.0,46,15,31,0.326,13.7,0.326,0.674,0.264,0.05,0.669,0.091,0.067,0.198,0.215,0.625,0.375,1.0,0.0,0.86,0.14,43,95,0.453,313,357,422,428,403,510,67,501,201,48,400,496,119,503,253,305,1,357,90,479,411,416,296,1,2025-26,Regular Season,Scoring
1627780,Gary Payton II,Gary,1610612744,GSW,33.0,69,32,37,0.464,15.6,0.684,0.316,0.741,0.004,0.216,0.14,0.043,0.228,0.737,0.811,0.189,0.946,0.054,0.833,0.167,227,396,0.573,89,170,492,345,371,156,421,84,434,415,241,529,71,70,53,511,245,258,117,452,176,221,64,1,2025-26,Regular Season,Scoring
1629018,Gary Trent Jr.,Gary,1610612749,MIL,27.0,64,24,40,0.375,21.2,0.275,0.725,0.218,0.092,0.707,0.153,0.075,0.136,0.126,0.544,0.456,0.886,0.114,0.778,0.222,180,461,0.39,153,241,510,399,256,529,48,526,97,33,206,476,383,539,340,224,337,167,195,371,228,194,478,1,2025-26,Regular Season,Scoring
203507,Giannis Antetokounmpo,Giannis,1610612749,MIL,31.0,36,17,19,0.472,28.9,0.925,0.075,0.721,0.044,0.045,0.198,0.234,0.147,0.677,0.475,0.525,0.867,0.133,0.491,0.509,373,598,0.624,373,324,243,339,111,69,508,91,216,484,88,72,324,94,409,155,352,152,489,80,76,130,37,1,2025-26,Regular Season,Scoring
1629048,Goga Bitadze,Goga,1610612753,ORL,26.0,61,32,29,0.525,15.0,0.946,0.054,0.798,0.0,0.018,0.073,0.184,0.196,0.798,0.706,0.294,1.0,0.0,0.71,0.29,138,205,0.673,193,170,391,279,380,65,512,53,439,493,448,164,125,47,161,403,1,357,280,289,273,338,13,1,2025-26,Regular Season,Scoring
1641711,Gradey Dick,Gradey,1610612761,TOR,22.0,72,40,32,0.556,14.5,0.505,0.495,0.458,0.082,0.374,0.279,0.168,0.252,0.376,0.832,0.168,1.0,0.0,0.891,0.109,156,374,0.417,65,91,434,228,390,349,228,332,117,271,27,207,45,340,38,526,1,357,57,512,258,233,418,1,2025-26,Regular Season,Scoring
1641761,Grant Nelson,Grant,1610612751,BKN,24.0,4,0,4,0.0,8.8,1.0,0.0,0.588,0.0,0.0,0.235,0.412,0.412,0.588,1.0,0.0,0.0,0.0,1.0,0.0,5,9,0.556,539,560,59,560,484,1,537,168,439,504,45,13,8,137,1,541,504,357,1,543,526,535,78,1,2025-26,Regular Season,Scoring
1629684,Grant Williams,Grant,1610612766,CHA,27.0,33,24,9,0.727,19.5,0.271,0.729,0.206,0.052,0.605,0.15,0.189,0.099,0.155,0.792,0.208,0.936,0.064,0.887,0.113,71,166,0.428,390,241,125,55,296,532,45,532,195,68,210,157,503,531,64,500,262,242,60,509,366,364,375,1,2025-26,Regular Season,Scoring
1628960,Grayson Allen,Grayson,1610612756,PHX,30.0,49,26,23,0.531,29.2,0.317,0.683,0.262,0.019,0.575,0.107,0.163,0.207,0.242,0.454,0.546,0.785,0.215,0.65,0.35,266,656,0.405,293,221,303,271,107,513,64,505,351,84,356,218,101,485,423,141,410,94,354,215,142,104,446,1,2025-26,Regular Season,Scoring
1627824,Guerschon Yabusele,Guerschon,1610612741,CHI,30.0,65,30,35,0.462,14.8,0.371,0.629,0.295,0.017,0.56,0.072,0.145,0.17,0.279,0.679,0.321,0.985,0.015,0.85,0.15,120,299,0.401,145,188,469,346,384,477,100,491,360,97,453,283,213,458,184,380,161,343,102,466,302,273,455,2,2025-26,Regular Season,Scoring
1630611,Gui Santos,Gui,1610612744,GSW,23.0,66,29,37,0.439,20.5,0.507,0.493,0.481,0.007,0.378,0.072,0.141,0.196,0.475,0.653,0.347,1.0,0.0,0.772,0.228,224,444,0.505,132,196,492,365,270,348,229,295,425,265,455,300,126,242,223,341,1,357,205,364,177,205,144,1,2025-26,Regular Season,Scoring
203084,Harrison Barnes,Harrison,1610612759,SAS,33.0,74,55,19,0.743,25.8,0.37,0.63,0.313,0.016,0.556,0.091,0.131,0.118,0.296,0.623,0.377,0.978,0.022,0.815,0.185,249,551,0.452,41,5,243,50,174,478,99,475,361,101,403,323,453,440,261,303,176,328,139,430,156,150,301,1,2025-26,Regular Season,Scoring
1631127,Harrison Ingram,Harrison,1610612759,SAS,23.0,6,5,1,0.833,3.4,0.833,0.167,0.727,0.0,0.273,0.273,0.0,0.455,0.727,0.75,0.25,1.0,0.0,0.8,0.2,5,6,0.833,516,467,9,14,564,92,483,89,439,370,29,548,6,76,94,456,1,357,155,408,526,543,2,1,2025-26,Regular Season,Scoring
1629312,Haywood Highsmith,Haywood,1610612756,PHX,29.0,6,3,3,0.5,13.4,0.35,0.65,0.121,0.0,0.727,0.061,0.152,0.303,0.121,1.0,0.0,0.875,0.125,0.9,0.1,10,20,0.5,516,491,49,300,407,492,84,556,439,27,483,253,20,543,1,541,345,158,49,517,494,503,150,1,2025-26,Regular Season,Scoring
1630529,Herbert Jones,Herbert,1610612740,NOP,27.0,56,22,34,0.393,28.4,0.458,0.542,0.415,0.044,0.484,0.125,0.101,0.147,0.371,0.544,0.456,0.938,0.063,0.716,0.284,183,478,0.383,230,267,460,391,120,408,169,383,215,153,302,410,322,346,341,223,257,245,272,297,227,187,489,1,2025-26,Regular Season,Scoring
1642864,Hugo González,Hugo,1610612738,BOS,20.0,73,50,23,0.685,14.5,0.531,0.469,0.523,0.007,0.43,0.143,0.047,0.222,0.516,0.658,0.342,1.0,0.0,0.779,0.221,113,239,0.473,54,23,303,84,389,326,251,243,420,204,228,525,77,199,217,346,1,357,194,375,314,316,227,1,2025-26,Regular Season,Scoring
1630621,Hunter Dickinson,Hunter,1610612740,NOP,25.0,2,0,2,0.0,4.6,0.667,0.333,1.0,0.0,0.0,0.0,0.0,0.0,1.0,1.0,0.0,0.0,0.0,1.0,0.0,1,3,0.333,563,560,31,560,544,167,405,1,439,504,534,548,545,1,1,541,504,357,1,543,554,563,524,1,2025-26,Regular Season,Scoring
1642282,Hunter Sallis,Hunter,1610612755,PHI,23.0,7,3,4,0.429,3.7,1.0,0.0,0.857,0.0,0.0,0.0,0.143,0.0,0.857,0.333,0.667,0.0,0.0,0.333,0.667,3,5,0.6,506,491,59,369,559,1,537,27,439,504,534,289,545,20,496,66,504,357,548,19,541,552,47,1,2025-26,Regular Season,Scoring
1641816,Hunter Tyson,Hunter,1610612743,DEN,25.0,21,15,6,0.714,7.7,0.365,0.635,0.304,0.043,0.457,0.174,0.239,0.043,0.261,0.714,0.286,0.857,0.143,0.786,0.214,14,52,0.269,435,357,86,65,498,485,92,482,220,185,151,64,542,475,148,411,359,143,182,386,480,459,552,1,2025-26,Regular Season,Scoring
1630193,Immanuel Quickley,Immanuel,1610612761,TOR,26.0,67,38,29,0.567,32.4,0.475,0.525,0.389,0.062,0.461,0.189,0.15,0.141,0.327,0.423,0.577,0.874,0.126,0.622,0.378,394,886,0.445,117,113,391,216,43,393,184,411,159,180,112,261,354,401,445,119,347,157,388,181,60,50,325,1,2025-26,Regular Season,Scoring
1642403,Isaac Jones,Isaac,1610612765,DET,25.0,6,4,2,0.667,4.4,0.667,0.333,0.857,0.0,0.0,0.0,0.143,0.143,0.857,0.333,0.667,0.0,0.0,0.333,0.667,3,6,0.5,516,477,31,94,547,167,405,27,439,504,534,289,347,20,496,66,504,357,548,19,541,543,150,2,2025-26,Regular Season,Scoring
1630171,Isaac Okoro,Isaac,1610612741,CHI,25.0,62,25,37,0.403,27.1,0.518,0.482,0.471,0.0,0.377,0.183,0.152,0.129,0.471,0.696,0.304,0.917,0.083,0.773,0.227,207,452,0.458,176,230,492,383,147,338,239,312,439,266,125,251,417,244,170,394,303,196,203,366,202,199,275,1,2025-26,Regular Season,Scoring
1642268,Isaiah Collier,Isaiah,1610612762,UTA,21.0,59,16,43,0.271,25.7,0.806,0.194,0.663,0.029,0.118,0.24,0.219,0.212,0.634,0.32,0.68,0.667,0.333,0.357,0.643,255,515,0.495,212,341,531,470,175,100,477,114,301,459,41,87,93,110,508,56,461,36,545,24,148,162,166,1,2025-26,Regular Season,Scoring
1642384,Isaiah Crawford,Isaiah,1610612745,HOU,24.0,13,7,6,0.538,5.9,0.444,0.556,0.471,0.235,0.353,0.294,0.176,0.118,0.235,0.75,0.25,1.0,0.0,0.833,0.167,6,18,0.333,469,441,86,257,529,417,160,313,7,287,22,181,454,494,94,456,1,357,114,453,520,512,524,1,2025-26,Regular Season,Scoring
1628392,Isaiah Hartenstein,Isaiah,1610612760,OKC,27.0,45,37,8,0.822,24.6,0.976,0.024,0.853,0.033,0.0,0.043,0.147,0.152,0.82,0.778,0.222,0.0,0.0,0.778,0.222,180,290,0.621,316,123,114,19,192,55,522,31,276,504,504,272,293,36,71,490,504,357,195,371,228,282,39,1,2025-26,Regular Season,Scoring
1630543,Isaiah Jackson,Isaiah,1610612746,LAC,24.0,55,20,35,0.364,16.5,0.987,0.013,0.816,0.0,0.0,0.114,0.184,0.216,0.816,0.616,0.384,0.0,0.0,0.616,0.384,151,237,0.637,239,292,469,403,348,50,527,43,439,504,341,166,87,37,268,296,504,357,394,175,262,318,32,2,2025-26,Regular Season,Scoring
1630198,Isaiah Joe,Isaiah,1610612760,OKC,26.0,69,54,15,0.783,21.3,0.215,0.785,0.172,0.046,0.688,0.141,0.14,0.21,0.126,0.781,0.219,0.953,0.047,0.906,0.094,235,525,0.448,89,7,193,34,255,550,27,542,209,43,240,301,95,540,70,494,228,276,44,525,166,157,320,1,2025-26,Regular Season,Scoring
1630587,Isaiah Livers,Isaiah,1610612756,PHX,27.0,36,21,15,0.583,9.6,0.375,0.625,0.308,0.031,0.554,0.077,0.138,0.138,0.277,0.5,0.5,1.0,0.0,0.773,0.227,22,64,0.344,373,278,193,194,470,475,102,480,289,104,438,309,374,461,382,169,1,357,204,365,457,445,518,1,2025-26,Regular Season,Scoring
1641815,Isaiah Stevens,Isaiah,1610612758,SAC,25.0,3,0,3,0.0,14.3,0.857,0.143,0.6,0.0,0.0,0.2,0.4,0.0,0.6,0.667,0.333,0.0,0.0,0.667,0.333,3,7,0.429,552,560,49,560,393,85,491,144,439,504,81,14,545,124,193,353,504,357,331,228,541,539,373,1,2025-26,Regular Season,Scoring
1630191,Isaiah Stewart,Isaiah,1610612765,DET,24.0,55,39,16,0.709,23.2,0.697,0.303,0.616,0.007,0.212,0.082,0.172,0.167,0.609,0.724,0.276,1.0,0.0,0.775,0.225,209,386,0.541,239,100,205,72,214,144,433,134,419,419,428,201,234,122,140,424,1,357,201,368,199,225,92,1,2025-26,Regular Season,Scoring
1627826,Ivica Zubac,Ivica,1610612754,IND,29.0,48,17,31,0.354,30.1,1.0,0.0,0.851,0.015,0.0,0.022,0.149,0.123,0.836,0.667,0.333,0.0,0.0,0.667,0.333,288,482,0.598,299,324,422,409,86,1,537,32,370,504,526,265,437,27,193,353,504,357,331,228,126,183,55,2,2025-26,Regular Season,Scoring
1631120,JD Davison,JD,1610612745,HOU,23.0,27,22,5,0.815,7.1,0.491,0.509,0.467,0.033,0.4,0.183,0.133,0.2,0.433,0.429,0.571,1.0,0.0,0.636,0.364,22,55,0.4,413,267,76,22,507,368,209,321,273,238,124,316,110,287,439,124,1,357,372,197,457,455,456,1,2025-26,Regular Season,Scoring
1629630,Ja Morant,Ja,1610612763,MEM,26.0,20,7,13,0.35,28.4,0.736,0.264,0.576,0.077,0.154,0.139,0.27,0.162,0.499,0.241,0.759,0.7,0.3,0.311,0.689,132,322,0.41,443,441,168,411,119,125,452,184,128,446,251,40,255,218,539,25,455,48,555,14,282,262,436,1,2025-26,Regular Season,Scoring
1642266,Ja'Kobe Walter,Ja'Kobe,1610612761,TOR,21.0,68,38,30,0.559,20.1,0.353,0.647,0.277,0.012,0.589,0.18,0.134,0.248,0.265,0.739,0.261,0.99,0.01,0.886,0.114,167,377,0.443,104,113,407,222,277,490,87,498,387,79,134,315,48,470,115,447,152,352,62,507,248,229,333,1,2025-26,Regular Season,Scoring
1631095,Jabari Smith Jr.,Jabari,1610612745,HOU,22.0,74,46,28,0.622,35.0,0.503,0.497,0.433,0.093,0.437,0.159,0.13,0.128,0.34,0.661,0.339,0.964,0.036,0.783,0.217,420,930,0.452,41,40,372,151,10,353,224,363,91,198,187,327,421,382,213,351,204,300,184,385,51,46,303,1,2025-26,Regular Season,Scoring
1631133,Jabari Walker,Jabari,1610612755,PHI,23.0,62,35,27,0.565,12.1,0.552,0.448,0.472,0.007,0.348,0.101,0.18,0.195,0.464,0.508,0.492,1.0,0.0,0.67,0.33,94,210,0.448,176,146,358,218,430,295,282,309,416,292,374,174,131,253,376,188,1,357,326,243,338,333,320,1,2025-26,Regular Season,Scoring
1631210,Jacob Toppin,Jacob,1610612737,ATL,25.0,5,3,2,0.6,3.4,1.0,0.0,1.0,0.0,0.0,0.0,0.0,0.0,1.0,0.5,0.5,0.0,0.0,0.5,0.5,4,6,0.667,527,491,31,172,565,1,537,1,439,504,534,548,545,1,382,169,504,357,473,86,531,543,15,1,2025-26,Regular Season,Scoring
1630702,Jaden Hardy,Jaden,1610612764,WAS,23.0,56,13,43,0.232,15.7,0.39,0.61,0.302,0.066,0.592,0.145,0.106,0.137,0.236,0.385,0.615,0.824,0.176,0.633,0.367,180,423,0.426,230,379,531,500,369,464,113,487,151,77,224,401,380,493,466,96,381,123,374,195,228,215,379,2,2025-26,Regular Season,Scoring
1631093,Jaden Ivey,Jaden,1610612741,CHI,24.0,37,23,14,0.622,18.1,0.477,0.523,0.405,0.114,0.475,0.228,0.12,0.168,0.291,0.578,0.422,0.88,0.12,0.711,0.289,114,256,0.445,367,257,180,151,319,392,185,392,56,162,50,361,227,447,301,263,340,162,277,290,312,300,324,2,2025-26,Regular Season,Scoring
1630183,Jaden McDaniels,Jaden,1610612750,MIN,25.0,71,43,28,0.606,31.9,0.687,0.313,0.57,0.093,0.291,0.175,0.139,0.169,0.476,0.659,0.341,0.922,0.078,0.726,0.274,401,774,0.518,74,57,372,169,51,155,422,196,90,353,144,306,223,237,215,349,295,209,262,307,57,74,117,1,2025-26,Regular Season,Scoring
1630256,Jae'Sean Tate,Jae'Sean,1610612745,HOU,30.0,43,31,12,0.721,8.5,0.691,0.309,0.696,0.036,0.241,0.018,0.063,0.036,0.661,0.538,0.462,0.889,0.111,0.604,0.396,48,97,0.495,326,177,158,62,488,150,427,102,263,397,529,500,544,101,342,220,332,171,405,164,401,412,167,1,2025-26,Regular Season,Scoring
1642942,Jahmai Mashack,Jahmai,1610612763,MEM,23.0,28,10,18,0.357,19.8,0.62,0.38,0.591,0.0,0.302,0.119,0.107,0.182,0.591,0.766,0.234,1.0,0.0,0.825,0.175,63,158,0.399,408,407,231,406,286,224,353,163,439,338,323,399,164,134,84,479,1,357,126,443,381,367,459,1,2025-26,Regular Season,Scoring
1642443,Jahmir Young,Jahmir,1610612748,MIA,25.0,11,8,3,0.727,4.6,0.636,0.364,0.6,0.0,0.3,0.25,0.1,0.1,0.6,0.667,0.333,1.0,0.0,0.75,0.25,8,22,0.364,480,433,49,55,543,206,371,144,439,340,38,414,499,124,193,353,1,357,226,330,508,500,509,1,2025-26,Regular Season,Scoring
1643141,Jahmyl Telfort,Jahmyl,1610612746,LAC,24.0,8,2,6,0.25,4.0,0.0,1.0,0.0,0.0,0.0,1.0,1.0,0.0,0.0,0.0,0.0,0.0,0.0,0.0,0.0,0,4,0.0,503,512,86,481,553,572,1,564,439,504,1,1,545,562,557,541,504,357,565,543,569,557,569,1,2025-26,Regular Season,Scoring
1631170,Jaime Jaquez Jr.,Jaime,1610612748,MIA,25.0,71,39,32,0.549,28.3,0.806,0.194,0.706,0.061,0.142,0.175,0.152,0.166,0.644,0.436,0.564,0.961,0.039,0.498,0.502,432,863,0.501,74,100,434,243,123,99,478,98,160,451,145,249,238,105,434,130,210,294,485,84,48,53,149,1,2025-26,Regular Season,Scoring
1631222,Jake LaRavia,Jake,1610612747,LAL,24.0,78,50,28,0.641,25.1,0.539,0.461,0.482,0.003,0.34,0.176,0.178,0.186,0.479,0.707,0.293,0.986,0.014,0.797,0.203,231,505,0.457,10,23,372,131,187,314,263,294,436,299,142,179,151,232,159,405,156,348,165,404,170,171,279,1,2025-26,Regular Season,Scoring
1627751,Jakob Poeltl,Jakob,1610612761,TOR,30.0,42,23,19,0.548,25.4,1.0,0.0,0.875,0.044,0.0,0.112,0.125,0.163,0.831,0.789,0.211,0.0,0.0,0.789,0.211,199,285,0.698,332,257,243,246,181,1,537,20,217,504,345,342,251,30,65,499,504,357,175,394,208,283,11,1,2025-26,Regular Season,Scoring
1628973,Jalen Brunson,Jalen,1610612752,NYK,29.0,72,48,24,0.667,35.0,0.641,0.359,0.508,0.162,0.306,0.097,0.186,0.134,0.346,0.216,0.784,0.565,0.435,0.316,0.684,667,1438,0.464,65,33,318,94,11,201,376,261,24,334,386,163,393,374,547,17,485,19,554,15,5,4,254,1,2025-26,Regular Season,Scoring
1631105,Jalen Duren,Jalen,1610612765,DET,22.0,68,48,20,0.706,28.3,1.0,0.0,0.764,0.018,0.0,0.103,0.236,0.138,0.746,0.646,0.354,0.0,0.0,0.646,0.354,506,783,0.646,104,33,260,74,121,1,537,73,355,504,369,69,377,67,232,332,504,357,365,204,27,72,27,1,2025-26,Regular Season,Scoring
1630224,Jalen Green,Jalen,1610612756,PHX,24.0,30,16,14,0.533,26.4,0.552,0.448,0.506,0.145,0.385,0.101,0.109,0.148,0.362,0.329,0.671,0.606,0.394,0.422,0.578,211,496,0.425,401,341,180,267,157,294,283,263,33,257,373,396,314,357,502,62,482,22,527,42,195,176,380,1,2025-26,Regular Season,Scoring
1630552,Jalen Johnson,Jalen,1610612737,ATL,24.0,70,41,29,0.586,35.3,0.723,0.278,0.593,0.077,0.223,0.176,0.184,0.182,0.517,0.485,0.515,0.831,0.169,0.554,0.446,590,1200,0.492,80,79,391,191,7,131,446,158,129,411,143,165,168,198,400,164,376,128,445,124,12,12,172,1,2025-26,Regular Season,Scoring
1629618,Jalen Pickett,Jalen,1610612743,DEN,26.0,47,31,16,0.66,15.8,0.444,0.556,0.372,0.087,0.571,0.069,0.057,0.13,0.286,0.535,0.465,0.818,0.182,0.678,0.322,87,205,0.424,308,177,205,112,368,418,159,424,103,88,461,506,413,450,348,216,385,117,322,247,348,338,384,1,2025-26,Regular Season,Scoring
1641771,Jalen Slawson,Jalen,1610612754,IND,26.0,9,2,7,0.222,22.8,0.426,0.574,0.277,0.0,0.6,0.062,0.123,0.108,0.277,0.667,0.333,1.0,0.0,0.864,0.136,22,54,0.407,492,512,103,509,221,427,150,497,439,71,481,351,484,461,193,353,1,357,85,483,457,456,440,1,2025-26,Regular Season,Scoring
1630188,Jalen Smith,Jalen,1610612741,CHI,26.0,53,26,27,0.491,20.7,0.455,0.545,0.418,0.011,0.455,0.105,0.127,0.118,0.407,0.77,0.23,1.0,0.0,0.867,0.133,195,404,0.483,261,221,358,326,266,411,166,381,397,187,360,336,452,315,77,487,1,357,79,490,212,219,194,1,2025-26,Regular Season,Scoring
1630591,Jalen Suggs,Jalen,1610612753,ORL,24.0,54,32,22,0.593,27.6,0.462,0.538,0.427,0.092,0.438,0.154,0.135,0.182,0.335,0.38,0.62,0.796,0.204,0.549,0.451,266,615,0.433,250,170,284,183,133,402,175,369,98,197,203,314,163,390,470,94,404,100,451,118,142,125,364,1,2025-26,Regular Season,Scoring
1631114,Jalen Williams,Jalen,1610612760,OKC,24.0,32,24,8,0.75,28.2,0.825,0.175,0.683,0.099,0.127,0.143,0.19,0.194,0.583,0.349,0.651,0.739,0.261,0.392,0.608,209,434,0.482,395,241,114,46,124,95,482,108,78,455,231,150,133,141,488,76,441,63,538,31,199,208,198,1,2025-26,Regular Season,Scoring
1630592,Jalen Wilson,Jalen,1610612751,BKN,25.0,50,9,41,0.18,14.8,0.413,0.587,0.297,0.02,0.505,0.086,0.198,0.142,0.277,0.556,0.444,0.98,0.02,0.781,0.219,96,242,0.397,286,418,517,536,383,437,140,490,347,141,414,131,351,460,327,236,169,334,189,379,332,315,467,1,2025-26,Regular Season,Scoring
1631288,Jamal Cain,Jamal,1610612753,ORL,27.0,37,20,17,0.541,11.6,0.508,0.492,0.4,0.054,0.405,0.168,0.195,0.238,0.346,0.784,0.216,0.92,0.08,0.839,0.161,62,132,0.47,367,292,219,255,437,347,230,395,184,229,169,139,57,375,68,496,299,205,108,461,382,389,242,1,2025-26,Regular Season,Scoring
1627750,Jamal Murray,Jamal,1610612743,DEN,29.0,74,47,27,0.635,35.4,0.588,0.412,0.435,0.126,0.383,0.096,0.182,0.092,0.31,0.337,0.663,0.571,0.429,0.424,0.576,649,1343,0.483,41,37,358,139,6,256,321,358,48,261,387,170,516,426,494,70,484,20,525,44,8,6,192,1,2025-26,Regular Season,Scoring
1642347,Jamal Shead,Jamal,1610612761,TOR,23.0,78,43,35,0.551,22.6,0.478,0.522,0.367,0.015,0.459,0.138,0.174,0.231,0.352,0.302,0.698,0.888,0.113,0.568,0.432,176,481,0.366,10,57,469,239,225,389,188,429,368,184,257,198,66,367,516,48,334,170,434,135,237,184,507,1,2025-26,Regular Season,Scoring
1631123,Jamaree Bouyea,Jamaree,1610612756,PHX,26.0,42,21,21,0.5,13.6,0.672,0.328,0.647,0.103,0.259,0.259,0.094,0.272,0.543,0.467,0.533,0.65,0.35,0.505,0.495,95,204,0.466,332,278,268,300,405,163,414,122,73,381,36,427,34,169,413,150,473,31,472,97,334,341,249,1,2025-26,Regular Season,Scoring
201935,James Harden,James,1610612739,CLE,36.0,68,39,29,0.574,35.0,0.488,0.512,0.33,0.046,0.389,0.101,0.281,0.108,0.284,0.113,0.887,0.411,0.589,0.244,0.756,475,1087,0.437,104,100,391,207,12,373,204,459,208,251,376,34,483,452,555,9,500,4,562,7,38,24,351,2,2025-26,Regular Season,Scoring
1630164,James Wiseman,James,1610612754,IND,25.0,4,0,4,0.0,14.6,1.0,0.0,0.923,0.0,0.0,0.154,0.077,0.154,0.923,0.667,0.333,0.0,0.0,0.667,0.333,6,10,0.6,539,560,59,560,387,1,537,13,439,504,204,474,284,12,193,353,504,357,331,228,520,531,47,1,2025-26,Regular Season,Scoring
1642364,Jamir Watkins,Jamir,1610612764,WAS,24.0,46,10,36,0.217,19.9,0.48,0.52,0.489,0.013,0.371,0.181,0.14,0.171,0.476,0.519,0.481,0.949,0.051,0.664,0.336,116,252,0.46,313,407,482,514,282,386,191,285,383,274,133,304,204,237,362,202,237,266,342,227,307,303,269,1,2025-26,Regular Season,Scoring
1642419,Jamison Battle,Jamison,1610612761,TOR,24.0,57,32,25,0.561,8.8,0.399,0.601,0.383,0.033,0.574,0.066,0.043,0.126,0.35,0.886,0.114,1.0,0.0,0.943,0.057,70,138,0.507,221,170,334,220,482,457,120,415,278,85,470,527,423,368,27,537,1,357,32,537,369,385,137,1,2025-26,Regular Season,Scoring
1641716,Jarace Walker,Jarace,1610612754,IND,22.0,73,15,58,0.205,25.6,0.512,0.488,0.392,0.059,0.452,0.138,0.156,0.135,0.333,0.642,0.358,0.929,0.071,0.767,0.233,292,693,0.421,54,357,576,519,178,341,236,406,165,188,256,243,386,395,238,326,272,232,209,360,120,95,400,1,2025-26,Regular Season,Scoring
1642272,Jared McCain,Jared,1610612760,OKC,22.0,63,44,19,0.698,17.3,0.461,0.539,0.365,0.058,0.542,0.14,0.093,0.138,0.307,0.415,0.585,0.849,0.151,0.631,0.369,187,445,0.42,168,50,243,78,333,404,173,434,169,118,244,435,378,431,450,114,366,138,377,192,223,204,404,2,2025-26,Regular Season,Scoring
1628991,Jaren Jackson Jr.,Jaren,1610612762,UTA,26.0,48,19,29,0.396,30.3,0.673,0.327,0.554,0.052,0.271,0.044,0.175,0.139,0.503,0.581,0.419,0.976,0.024,0.678,0.322,342,719,0.476,299,308,391,390,81,161,416,211,193,372,501,190,373,212,300,264,180,323,320,249,86,89,216,2,2025-26,Regular Season,Scoring
1629020,Jarred Vanderbilt,Jarred,1610612747,LAL,27.0,61,36,25,0.59,17.4,0.591,0.409,0.571,0.007,0.308,0.136,0.121,0.198,0.564,0.667,0.333,0.964,0.036,0.745,0.255,106,225,0.471,193,129,334,185,330,252,325,189,418,332,269,359,122,159,193,353,205,298,241,328,321,326,237,1,2025-26,Regular Season,Scoring
1628386,Jarrett Allen,Jarrett,1610612739,CLE,27.0,55,36,19,0.655,27.1,0.981,0.019,0.787,0.036,0.004,0.076,0.209,0.169,0.751,0.816,0.184,1.0,0.0,0.817,0.183,333,519,0.642,239,129,243,115,146,54,523,58,264,502,443,103,217,65,50,514,1,357,137,432,92,159,28,1,2025-26,Regular Season,Scoring
1642859,Jase Richardson,Jase,1610612753,ORL,20.0,52,24,28,0.462,11.1,0.571,0.429,0.494,0.052,0.364,0.16,0.142,0.221,0.442,0.561,0.439,0.929,0.071,0.682,0.318,85,182,0.467,268,241,372,346,443,271,302,279,191,281,184,289,81,276,321,243,274,227,315,254,349,353,246,1,2025-26,Regular Season,Scoring
1642914,Javon Small,Javon,1610612763,MEM,23.0,40,13,27,0.325,20.1,0.509,0.491,0.365,0.032,0.46,0.193,0.175,0.188,0.333,0.391,0.609,0.517,0.483,0.449,0.551,127,269,0.472,350,379,358,429,278,345,232,433,284,183,95,193,143,392,463,101,495,9,510,59,292,293,232,1,2025-26,Regular Season,Scoring
1631451,Javonte Cooke,Javonte,1610612757,POR,26.0,19,6,13,0.316,4.9,0.439,0.561,0.522,0.0,0.391,0.217,0.087,0.304,0.522,0.5,0.5,0.667,0.333,0.556,0.444,9,41,0.22,450,456,168,439,539,420,157,246,439,250,63,453,19,192,382,169,461,36,443,125,501,475,558,1,2025-26,Regular Season,Scoring
1629750,Javonte Green,Javonte,1610612765,DET,32.0,79,57,22,0.722,17.8,0.406,0.594,0.328,0.011,0.492,0.226,0.18,0.251,0.317,0.767,0.233,0.956,0.044,0.861,0.139,180,406,0.443,1,4,284,60,326,447,130,464,398,146,52,173,46,420,82,482,226,278,88,481,228,218,332,1,2025-26,Regular Season,Scoring
1629637,Jaxson Hayes,Jaxson,1610612747,LAL,25.0,66,43,23,0.652,18.3,0.989,0.011,0.785,0.0,0.018,0.105,0.197,0.141,0.785,0.81,0.19,1.0,0.0,0.813,0.187,198,262,0.756,132,57,303,120,315,48,529,60,439,491,364,136,359,52,54,510,1,357,144,425,209,298,6,1,2025-26,Regular Season,Scoring
1630643,Jay Huff,Jay,1610612754,IND,28.0,78,18,60,0.231,20.8,0.383,0.617,0.435,0.016,0.461,0.102,0.104,0.114,0.418,0.819,0.181,0.991,0.009,0.89,0.11,273,579,0.472,10,315,577,502,265,472,105,359,362,181,371,403,470,302,47,517,150,354,58,511,136,134,234,1,2025-26,Regular Season,Scoring
1627759,Jaylen Brown,Jaylen,1610612738,BOS,29.0,69,45,24,0.652,34.4,0.74,0.26,0.586,0.149,0.205,0.121,0.209,0.134,0.436,0.322,0.678,0.548,0.452,0.365,0.635,715,1501,0.476,89,45,318,118,17,122,455,171,30,423,319,104,391,282,507,57,490,14,544,25,1,1,215,1,2025-26,Regular Season,Scoring
1641740,Jaylen Clark,Jaylen,1610612750,MIN,24.0,64,37,27,0.578,12.4,0.571,0.429,0.478,0.016,0.347,0.139,0.175,0.219,0.462,0.517,0.483,0.966,0.034,0.663,0.337,89,203,0.438,153,123,358,201,422,271,302,299,364,295,246,187,83,256,366,198,201,301,343,226,345,342,344,1,2025-26,Regular Season,Scoring
1642377,Jaylen Wells,Jaylen,1610612763,MEM,22.0,69,24,45,0.348,26.4,0.477,0.523,0.398,0.111,0.447,0.145,0.155,0.148,0.287,0.64,0.36,0.961,0.039,0.777,0.223,301,698,0.431,89,241,541,413,159,391,186,397,61,194,225,244,318,449,241,323,209,295,199,370,114,92,368,1,2025-26,Regular Season,Scoring
1631119,Jaylin Williams,Jaylin,1610612760,OKC,23.0,63,52,11,0.825,19.8,0.273,0.727,0.216,0.039,0.627,0.08,0.157,0.155,0.177,0.92,0.08,0.99,0.01,0.966,0.034,147,348,0.422,168,13,150,18,283,531,46,527,246,59,432,238,280,525,25,539,153,351,28,541,267,251,393,1,2025-26,Regular Season,Scoring
1642281,Jaylon Tyson,Jaylon,1610612739,CLE,23.0,64,40,24,0.625,27.0,0.552,0.448,0.446,0.029,0.465,0.145,0.089,0.151,0.417,0.711,0.289,0.985,0.015,0.823,0.177,317,639,0.496,153,91,318,147,149,293,284,346,303,175,222,443,296,304,154,410,162,342,128,441,105,111,164,1,2025-26,Regular Season,Scoring
1643257,Jayson Kent,Jayson,1610612757,POR,24.0,3,2,1,0.667,6.5,0.5,0.5,0.6,0.0,0.3,0.2,0.1,0.5,0.6,0.667,0.333,1.0,0.0,0.75,0.25,4,6,0.667,552,512,9,94,519,354,216,144,439,340,81,414,3,124,193,353,1,357,226,330,531,543,15,1,2025-26,Regular Season,Scoring
1628369,Jayson Tatum,Jayson,1610612738,BOS,28.0,14,12,2,0.857,31.7,0.496,0.504,0.405,0.066,0.419,0.076,0.176,0.136,0.339,0.262,0.738,0.524,0.476,0.369,0.631,103,250,0.412,464,389,31,10,54,365,212,391,147,220,440,185,382,384,531,33,494,10,543,26,326,307,429,1,2025-26,Regular Season,Scoring
201145,Jeff Green,Jeff,1610612745,HOU,39.0,29,21,8,0.724,5.2,0.333,0.667,0.361,0.098,0.59,0.115,0.049,0.18,0.262,0.636,0.364,0.917,0.083,0.783,0.217,23,60,0.383,405,278,114,58,535,502,69,437,80,78,338,518,171,473,245,319,303,196,186,382,454,451,488,1,2025-26,Regular Season,Scoring
203924,Jerami Grant,Jerami,1610612757,POR,32.0,57,27,30,0.474,29.7,0.521,0.479,0.368,0.03,0.385,0.109,0.247,0.15,0.338,0.462,0.538,0.993,0.007,0.68,0.32,331,730,0.453,221,216,407,336,94,335,242,427,291,259,353,57,308,385,417,146,148,356,318,251,96,85,294,1,2025-26,Regular Season,Scoring
1642847,Jeremiah Fears,Jeremiah,1610612740,NOP,19.0,79,25,54,0.316,25.2,0.691,0.309,0.564,0.055,0.275,0.223,0.161,0.17,0.509,0.372,0.628,0.68,0.32,0.448,0.552,395,920,0.429,1,230,571,438,184,148,429,202,182,367,56,229,209,206,475,89,459,45,511,58,59,47,372,1,2025-26,Regular Season,Scoring
1630526,Jeremiah Robinson-Earl,Jeremiah,1610612742,DAL,25.0,22,8,14,0.364,16.4,0.59,0.41,0.535,0.059,0.297,0.079,0.168,0.178,0.475,0.481,0.519,1.0,0.0,0.622,0.378,37,100,0.37,429,433,180,403,354,254,323,231,164,350,435,204,179,241,403,161,1,357,389,180,424,406,504,2,2025-26,Regular Season,Scoring
1631110,Jeremy Sochan,Jeremy,1610612752,NYK,22.0,42,29,13,0.69,10.5,0.675,0.325,0.699,0.0,0.185,0.103,0.116,0.226,0.699,0.784,0.216,1.0,0.0,0.817,0.183,60,120,0.5,332,196,168,81,453,160,417,100,439,432,368,377,76,87,67,497,1,357,138,431,384,393,150,2,2025-26,Regular Season,Scoring
1630579,Jericho Sims,Jericho,1610612749,MIL,27.0,63,24,39,0.381,18.7,1.0,0.0,0.877,0.0,0.0,0.046,0.123,0.109,0.877,0.832,0.168,0.0,0.0,0.832,0.168,125,157,0.796,168,241,507,396,305,1,537,18,439,504,499,354,482,15,37,527,504,357,118,451,298,369,4,1,2025-26,Regular Season,Scoring
1641724,Jett Howard,Jett,1610612753,ORL,22.0,55,28,27,0.509,12.6,0.422,0.578,0.339,0.033,0.538,0.113,0.123,0.096,0.306,0.667,0.333,0.926,0.074,0.8,0.2,105,251,0.418,239,204,358,292,418,429,148,451,275,122,342,352,507,432,193,353,283,220,155,408,323,305,413,1,2025-26,Regular Season,Scoring
1628975,Jevon Carter,Jevon,1610612753,ORL,30.0,50,24,26,0.48,16.3,0.295,0.705,0.264,0.151,0.689,0.101,0.047,0.148,0.113,0.476,0.524,0.795,0.205,0.678,0.322,115,295,0.39,286,241,344,332,355,519,58,502,28,42,375,524,319,548,408,156,405,99,321,248,310,277,479,2,2025-26,Regular Season,Scoring
202710,Jimmy Butler III,Jimmy,1610612744,GSW,36.0,38,23,15,0.605,31.1,0.816,0.184,0.547,0.061,0.126,0.132,0.327,0.176,0.487,0.505,0.495,0.719,0.281,0.533,0.467,240,462,0.519,363,257,193,170,65,97,480,216,162,456,287,22,188,225,380,184,448,56,460,109,160,193,113,1,2025-26,Regular Season,Scoring
1642866,Joan Beringer,Joan,1610612750,MIN,19.0,36,19,17,0.528,6.4,1.0,0.0,0.86,0.0,0.0,0.187,0.14,0.093,0.86,0.761,0.239,0.0,0.0,0.761,0.239,46,70,0.657,373,308,219,276,520,1,537,26,439,504,119,302,513,19,89,475,504,357,218,351,404,440,22,1,2025-26,Regular Season,Scoring
1629111,Jock Landale,Jock,1610612737,ATL,30.0,68,36,32,0.529,22.1,0.648,0.352,0.579,0.022,0.309,0.056,0.112,0.134,0.557,0.702,0.298,0.959,0.041,0.77,0.23,282,548,0.515,104,129,434,273,236,192,385,180,334,329,488,388,394,161,164,400,216,288,206,363,131,151,123,2,2025-26,Regular Season,Scoring
204060,Joe Ingles,Joe,1610612750,MIN,38.0,25,12,13,0.48,4.1,0.385,0.615,0.421,0.211,0.474,0.0,0.105,0.105,0.211,0.75,0.25,1.0,0.0,0.857,0.143,7,13,0.538,424,389,168,332,551,468,107,378,11,163,534,402,489,508,94,456,1,357,95,472,516,522,95,1,2025-26,Regular Season,Scoring
203954,Joel Embiid,Joel,1610612755,PHI,32.0,38,24,14,0.632,31.6,0.772,0.228,0.564,0.194,0.156,0.015,0.28,0.096,0.37,0.608,0.392,0.868,0.132,0.648,0.352,341,697,0.489,363,241,180,141,55,111,466,201,15,445,531,36,509,347,275,289,351,153,361,208,87,93,178,1,2025-26,Regular Season,Scoring
1628381,John Collins,John,1610612746,LAC,28.0,65,30,35,0.462,27.4,0.666,0.334,0.58,0.067,0.292,0.149,0.128,0.176,0.513,0.714,0.286,1.0,0.0,0.786,0.214,346,622,0.556,145,188,469,346,137,173,404,178,146,352,212,335,190,203,148,411,1,357,181,388,84,119,77,1,2025-26,Regular Season,Scoring
1629723,John Konchar,John,1610612762,UTA,30.0,53,17,36,0.321,19.1,0.492,0.508,0.534,0.027,0.339,0.357,0.127,0.226,0.507,0.661,0.339,0.96,0.04,0.75,0.25,84,179,0.469,261,324,482,432,301,367,210,232,315,302,13,339,75,210,214,350,213,290,226,330,351,357,244,2,2025-26,Regular Season,Scoring
1642967,John Poulakidas,John,1610612742,DAL,23.0,9,2,7,0.222,15.5,0.136,0.864,0.163,0.041,0.796,0.224,0.041,0.245,0.122,1.0,0.0,0.923,0.077,0.941,0.059,17,44,0.386,492,512,103,509,372,566,11,543,233,9,53,531,51,542,1,541,287,212,33,536,471,469,485,1,2025-26,Regular Season,Scoring
1642910,John Tonje,John,1610612738,BOS,24.0,5,4,1,0.8,2.5,0.0,1.0,0.0,0.0,0.0,0.0,1.0,0.0,0.0,0.0,0.0,0.0,0.0,0.0,0.0,0,2,0.0,527,477,9,25,575,572,1,564,439,504,534,1,545,562,557,541,504,357,565,543,569,570,569,1,2025-26,Regular Season,Scoring
1641780,Johni Broome,Johni,1610612755,PHI,23.0,11,5,6,0.455,5.0,0.792,0.208,0.8,0.0,0.0,0.2,0.2,0.2,0.8,0.25,0.75,0.0,0.0,0.25,0.75,4,24,0.167,480,467,86,354,538,105,472,48,439,504,81,125,110,41,534,28,504,357,560,8,531,499,565,1,2025-26,Regular Season,Scoring
1642277,Johnny Furphy,Johnny,1610612754,IND,21.0,35,10,25,0.286,18.4,0.523,0.477,0.522,0.0,0.383,0.233,0.095,0.2,0.522,0.766,0.234,0.957,0.043,0.829,0.171,70,149,0.47,379,407,334,451,314,332,245,245,439,260,46,430,110,191,84,479,223,279,120,449,369,376,241,1,2025-26,Regular Season,Scoring
1630548,Johnny Juzang,Johnny,1610612750,MIN,25.0,21,13,8,0.619,4.2,0.368,0.632,0.465,0.093,0.419,0.093,0.116,0.116,0.372,0.2,0.8,0.667,0.333,0.375,0.625,16,38,0.421,435,379,114,156,550,480,97,322,93,220,396,379,458,345,550,12,461,36,542,27,473,477,401,1,2025-26,Regular Season,Scoring
202685,Jonas Valančiūnas,Jonas,1610612743,DEN,33.0,62,39,23,0.629,13.0,0.938,0.062,0.767,0.109,0.041,0.016,0.192,0.06,0.658,0.574,0.426,0.857,0.143,0.583,0.417,204,354,0.576,176,100,303,144,412,68,509,70,63,486,530,144,538,102,309,255,359,143,420,147,204,243,63,1,2025-26,Regular Season,Scoring
1628371,Jonathan Isaac,Jonathan,1610612753,ORL,28.0,52,29,23,0.558,10.0,0.651,0.349,0.582,0.03,0.157,0.097,0.261,0.157,0.552,0.641,0.359,1.0,0.0,0.696,0.304,46,109,0.422,268,196,303,225,465,187,390,173,294,444,381,48,274,166,239,325,1,357,297,271,404,402,395,1,2025-26,Regular Season,Scoring
1630228,Jonathan Kuminga,Jonathan,1610612737,ATL,23.0,34,21,13,0.618,22.8,0.7,0.3,0.546,0.035,0.248,0.148,0.206,0.153,0.511,0.468,0.532,0.909,0.091,0.57,0.43,142,307,0.463,387,278,168,159,219,142,435,219,267,392,215,112,290,204,412,152,311,191,430,139,269,270,260,2,2025-26,Regular Season,Scoring
1642367,Jonathan Mogbo,Jonathan,1610612761,TOR,24.0,36,17,19,0.472,6.1,0.976,0.024,0.868,0.038,0.0,0.17,0.132,0.17,0.83,0.739,0.261,0.0,0.0,0.739,0.261,23,41,0.561,373,324,243,339,525,56,521,22,254,504,163,321,214,31,115,447,504,357,245,323,454,475,75,1,2025-26,Regular Season,Scoring
203903,Jordan Clarkson,Jordan,1610612752,NYK,33.0,69,43,26,0.623,17.8,0.583,0.417,0.525,0.06,0.349,0.158,0.126,0.131,0.465,0.513,0.487,0.957,0.043,0.649,0.351,228,506,0.451,89,57,344,150,322,260,317,241,163,290,192,340,405,251,374,190,222,282,356,213,173,170,308,1,2025-26,Regular Season,Scoring
1630692,Jordan Goodwin,Jordan,1610612756,PHX,27.0,68,38,30,0.559,22.6,0.46,0.54,0.394,0.037,0.54,0.153,0.066,0.209,0.357,0.414,0.586,0.896,0.104,0.644,0.356,222,541,0.41,104,113,407,222,226,405,172,405,255,120,207,495,98,362,451,113,327,177,367,202,181,155,433,1,2025-26,Regular Season,Scoring
1641722,Jordan Hawkins,Jordan,1610612740,NOP,23.0,48,12,36,0.25,12.8,0.413,0.587,0.3,0.18,0.615,0.165,0.085,0.16,0.12,0.667,0.333,0.927,0.073,0.817,0.183,71,208,0.341,299,389,482,481,416,436,141,488,18,65,176,458,260,544,193,353,281,222,136,433,366,335,520,1,2025-26,Regular Season,Scoring
1629162,Jordan McLaughlin,Jordan,1610612759,SAS,29.0,41,35,6,0.854,6.5,0.48,0.52,0.366,0.024,0.585,0.134,0.049,0.341,0.341,0.333,0.667,0.875,0.125,0.613,0.387,31,75,0.413,344,146,86,12,518,387,190,431,327,81,272,519,16,378,496,66,345,158,397,172,439,434,426,1,2025-26,Regular Season,Scoring
1641757,Jordan Miller,Jordan,1610612746,LAC,26.0,56,34,22,0.607,21.7,0.731,0.269,0.59,0.022,0.186,0.086,0.224,0.186,0.568,0.451,0.549,1.0,0.0,0.546,0.454,196,372,0.527,230,158,284,168,243,127,450,165,336,431,415,82,150,157,424,140,1,357,454,115,210,234,105,1,2025-26,Regular Season,Scoring
1629673,Jordan Poole,Jordan,1610612740,NOP,26.0,37,15,22,0.405,23.6,0.35,0.65,0.263,0.025,0.545,0.14,0.192,0.123,0.238,0.397,0.603,0.724,0.276,0.587,0.413,150,411,0.365,367,357,284,380,207,491,86,504,324,115,243,146,434,491,462,102,446,58,416,153,263,217,508,1,2025-26,Regular Season,Scoring
1641775,Jordan Walsh,Jordan,1610612738,BOS,22.0,64,43,21,0.672,17.5,0.545,0.455,0.496,0.006,0.385,0.14,0.119,0.239,0.49,0.59,0.41,1.0,0.0,0.73,0.27,126,246,0.512,153,57,268,91,328,308,269,277,426,258,242,367,56,222,292,272,1,357,254,315,295,313,130,1,2025-26,Regular Season,Scoring
1630631,Jose Alvarado,Jose,1610612752,NYK,27.0,67,27,40,0.403,19.7,0.356,0.644,0.336,0.012,0.598,0.187,0.066,0.143,0.324,0.519,0.481,0.75,0.25,0.644,0.356,177,427,0.415,117,216,510,384,290,489,88,454,385,74,120,492,343,409,363,201,428,70,368,201,236,212,423,2,2025-26,Regular Season,Scoring
1630581,Josh Giddey,Josh,1610612741,CHI,23.0,54,21,33,0.389,32.1,0.605,0.395,0.474,0.022,0.336,0.156,0.19,0.151,0.453,0.326,0.674,0.806,0.194,0.48,0.52,321,717,0.448,250,278,446,393,47,236,341,307,338,304,200,156,299,265,506,58,395,109,496,73,102,90,319,1,2025-26,Regular Season,Scoring
1630182,Josh Green,Josh,1610612766,CHA,25.0,55,36,19,0.655,16.0,0.243,0.757,0.206,0.008,0.691,0.156,0.103,0.169,0.198,0.72,0.28,1.0,0.0,0.914,0.086,81,177,0.458,239,129,243,115,362,542,35,534,410,40,197,407,222,514,143,421,1,357,39,530,354,358,277,1,2025-26,Regular Season,Scoring
1628404,Josh Hart,Josh,1610612752,NYK,31.0,64,42,22,0.656,30.1,0.593,0.407,0.514,0.052,0.374,0.19,0.112,0.189,0.461,0.689,0.311,0.8,0.2,0.725,0.275,291,575,0.506,153,72,284,113,85,251,326,251,190,272,108,385,139,257,175,389,398,103,263,306,122,136,140,1,2025-26,Regular Season,Scoring
1631169,Josh Minott,Josh,1610612751,BKN,23.0,49,23,26,0.469,17.0,0.393,0.607,0.341,0.0,0.527,0.162,0.132,0.173,0.341,0.629,0.371,0.953,0.047,0.794,0.206,126,252,0.5,293,257,344,341,341,459,118,449,439,128,180,322,199,380,249,315,229,275,168,401,295,303,150,2,2025-26,Regular Season,Scoring
1629006,Josh Okogie,Josh,1610612745,HOU,27.0,74,46,28,0.622,17.2,0.449,0.551,0.355,0.03,0.533,0.166,0.112,0.189,0.325,0.6,0.4,1.0,0.0,0.8,0.2,120,274,0.438,41,40,372,151,338,416,161,439,298,126,172,386,138,406,278,278,1,357,155,408,302,290,347,1,2025-26,Regular Season,Scoring
201950,Jrue Holiday,Jrue,1610612757,POR,35.0,50,26,24,0.52,29.3,0.485,0.515,0.415,0.051,0.49,0.087,0.095,0.151,0.363,0.329,0.671,0.56,0.44,0.431,0.569,304,668,0.455,286,221,318,284,104,378,199,384,196,148,411,426,300,356,501,63,488,16,521,48,112,101,290,1,2025-26,Regular Season,Scoring
1630577,Julian Champagnie,Julian,1610612759,SAS,24.0,79,60,19,0.759,27.7,0.249,0.751,0.223,0.011,0.652,0.173,0.125,0.15,0.212,0.707,0.293,0.974,0.026,0.884,0.116,292,668,0.437,1,1,243,42,131,540,37,524,393,52,153,343,312,507,158,406,187,317,66,503,120,101,350,1,2025-26,Regular Season,Scoring
1641763,Julian Phillips,Julian,1610612750,MIN,22.0,45,17,28,0.378,8.3,0.46,0.54,0.441,0.017,0.432,0.136,0.127,0.186,0.424,0.654,0.346,1.0,0.0,0.791,0.209,43,100,0.43,316,324,372,398,489,406,171,356,359,203,267,337,147,293,221,342,1,357,169,400,411,406,370,2,2025-26,Regular Season,Scoring
1642882,Julian Reese,Julian,1610612764,WAS,22.0,9,1,8,0.111,30.2,1.0,0.0,0.825,0.021,0.0,0.062,0.175,0.155,0.804,0.625,0.375,0.0,0.0,0.625,0.375,40,73,0.548,492,540,114,555,84,1,537,41,344,504,479,188,282,40,253,305,504,357,381,186,418,437,85,1,2025-26,Regular Season,Scoring
1631124,Julian Strawther,Julian,1610612743,DEN,23.0,54,35,19,0.648,14.4,0.523,0.477,0.449,0.039,0.404,0.154,0.147,0.146,0.41,0.638,0.363,0.958,0.042,0.758,0.242,128,277,0.462,250,146,243,124,391,333,244,342,239,230,202,277,330,313,243,321,218,283,223,346,289,288,263,1,2025-26,Regular Season,Scoring
203944,Julius Randle,Julius,1610612750,MIN,31.0,78,46,32,0.59,33.1,0.716,0.284,0.569,0.081,0.193,0.114,0.238,0.136,0.488,0.439,0.561,0.849,0.151,0.515,0.485,575,1194,0.482,10,40,434,186,40,135,442,197,120,428,339,67,384,223,430,134,367,137,467,102,14,13,197,1,2025-26,Regular Season,Scoring
1630551,Justin Champagnie,Justin,1610612764,WAS,24.0,66,13,53,0.197,19.7,0.657,0.343,0.606,0.004,0.254,0.139,0.14,0.185,0.602,0.564,0.436,0.938,0.063,0.645,0.355,220,428,0.514,132,379,569,529,289,181,396,141,435,384,249,299,154,123,318,246,257,245,366,203,185,211,125,1,2025-26,Regular Season,Scoring
1642348,Justin Edwards,Justin,1610612755,PHI,22.0,61,35,26,0.574,15.2,0.43,0.57,0.397,0.039,0.512,0.132,0.091,0.209,0.358,0.528,0.472,0.903,0.097,0.701,0.299,134,298,0.45,193,146,344,206,378,423,154,400,248,134,282,439,97,361,354,210,320,184,289,279,279,274,313,1,2025-26,Regular Season,Scoring
203994,Jusuf Nurkić,Jusuf,1610612762,UTA,31.0,41,14,27,0.341,26.4,0.802,0.198,0.694,0.018,0.168,0.038,0.138,0.087,0.676,0.71,0.29,1.0,0.0,0.75,0.25,180,358,0.503,344,368,358,418,158,101,476,103,357,436,510,308,524,95,155,409,1,357,226,330,228,239,147,1,2025-26,Regular Season,Scoring
1642354,KJ Simpson,KJ,1610612743,DEN,23.0,18,8,10,0.444,13.8,0.588,0.412,0.472,0.022,0.404,0.067,0.124,0.124,0.449,0.286,0.714,0.75,0.25,0.455,0.545,33,97,0.34,455,433,139,359,402,257,320,309,332,230,469,349,431,268,524,40,428,70,504,65,431,412,522,2,2025-26,Regular Season,Scoring
1642955,Kadary Richmond,Kadary,1610612764,WAS,24.0,3,2,1,0.667,22.3,0.75,0.25,0.64,0.0,0.24,0.16,0.12,0.28,0.64,0.5,0.5,1.0,0.0,0.6,0.4,10,16,0.625,552,512,9,94,233,116,459,124,439,399,186,362,29,108,382,169,1,357,406,162,494,517,36,1,2025-26,Regular Season,Scoring
1642880,Kam Jones,Kam,1610612754,IND,24.0,33,5,28,0.152,16.1,0.545,0.455,0.567,0.043,0.404,0.071,0.029,0.085,0.525,0.4,0.6,0.789,0.211,0.525,0.475,59,143,0.413,390,467,372,545,360,305,271,199,225,232,456,539,526,188,459,103,409,95,461,108,385,379,428,1,2025-26,Regular Season,Scoring
1626157,Karl-Anthony Towns,Karl-Anthony,1610612752,NYK,30.0,73,47,26,0.644,31.0,0.702,0.298,0.535,0.031,0.227,0.07,0.238,0.139,0.503,0.571,0.429,0.946,0.054,0.654,0.346,503,1008,0.499,54,37,344,128,69,139,438,230,285,409,460,66,367,211,310,252,245,258,351,218,28,35,160,1,2025-26,Regular Season,Scoring
1631255,Karlo Matković,Karlo,1610612740,NOP,25.0,62,24,38,0.387,14.7,0.617,0.383,0.591,0.006,0.324,0.19,0.085,0.145,0.585,0.731,0.269,0.974,0.026,0.796,0.204,142,235,0.604,176,241,498,395,386,225,352,164,427,317,103,456,337,140,127,436,188,315,166,403,269,322,44,1,2025-26,Regular Season,Scoring
1642857,Kasparas Jakučionis,Kasparas,1610612748,MIA,19.0,49,26,23,0.531,17.8,0.348,0.652,0.224,0.007,0.602,0.141,0.174,0.211,0.217,0.412,0.588,0.984,0.016,0.779,0.221,95,224,0.424,293,221,303,271,323,497,80,523,423,70,237,195,94,501,453,111,163,340,193,376,334,327,386,1,2025-26,Regular Season,Scoring
202695,Kawhi Leonard,Kawhi,1610612746,LAC,34.0,62,36,26,0.581,32.1,0.646,0.354,0.511,0.136,0.282,0.17,0.207,0.188,0.375,0.332,0.668,0.564,0.436,0.394,0.606,606,1201,0.505,176,129,344,197,48,195,382,257,40,361,162,108,140,342,499,65,486,18,536,33,10,11,143,1,2025-26,Regular Season,Scoring
1630811,Keaton Wallace,Keaton,1610612737,ATL,27.0,51,30,21,0.588,9.7,0.408,0.592,0.326,0.067,0.624,0.084,0.05,0.112,0.258,0.379,0.621,0.892,0.108,0.667,0.333,66,157,0.42,277,188,268,188,468,445,132,465,145,61,421,517,473,477,471,93,330,174,331,228,376,369,403,1,2025-26,Regular Season,Scoring
1631099,Keegan Murray,Keegan,1610612758,SAC,25.0,23,5,18,0.217,34.5,0.627,0.373,0.592,0.125,0.29,0.184,0.118,0.187,0.467,0.537,0.463,0.935,0.065,0.635,0.365,126,300,0.42,427,467,231,514,16,217,360,161,49,354,123,370,145,249,345,219,263,239,373,196,295,272,405,1,2025-26,Regular Season,Scoring
1642276,Kel'el Ware,Kel'el,1610612748,MIA,21.0,73,37,36,0.507,22.3,0.647,0.353,0.602,0.007,0.311,0.088,0.087,0.127,0.594,0.676,0.324,1.0,0.0,0.759,0.241,328,620,0.529,54,123,482,298,234,193,384,143,417,328,410,449,422,132,187,377,1,357,221,348,98,121,103,1,2025-26,Regular Season,Scoring
1629640,Keldon Johnson,Keldon,1610612759,SAS,26.0,79,60,19,0.759,23.3,0.657,0.343,0.581,0.014,0.281,0.126,0.138,0.171,0.567,0.567,0.433,0.906,0.094,0.65,0.35,394,757,0.52,1,1,243,42,212,182,395,174,378,363,299,311,207,158,316,248,316,188,355,214,60,78,111,1,2025-26,Regular Season,Scoring
203482,Kelly Olynyk,Kelly,1610612759,SAS,34.0,42,33,9,0.786,8.6,0.51,0.49,0.526,0.03,0.271,0.045,0.203,0.15,0.496,0.429,0.571,1.0,0.0,0.574,0.426,47,96,0.49,332,165,125,32,487,343,234,237,293,372,500,119,306,219,439,124,1,357,427,142,402,414,176,1,2025-26,Regular Season,Scoring
1626162,Kelly Oubre Jr.,Kelly,1610612755,PHI,30.0,47,25,22,0.532,31.8,0.553,0.447,0.462,0.027,0.376,0.143,0.162,0.167,0.434,0.516,0.484,0.952,0.048,0.669,0.331,236,510,0.463,308,230,284,269,52,291,285,327,315,269,230,223,229,286,367,197,231,273,327,242,165,167,258,1,2025-26,Regular Season,Scoring
1631113,Kennedy Chandler,Kennedy,1610612762,UTA,23.0,9,0,9,0.0,30.1,0.717,0.283,0.556,0.019,0.25,0.222,0.194,0.213,0.537,0.4,0.6,0.778,0.222,0.487,0.513,39,99,0.394,492,560,125,560,87,134,443,207,353,387,58,140,92,173,459,103,413,91,491,78,420,410,475,1,2025-26,Regular Season,Scoring
1629026,Kenrich Williams,Kenrich,1610612760,OKC,31.0,52,39,13,0.75,14.9,0.553,0.447,0.48,0.078,0.423,0.129,0.097,0.231,0.402,0.525,0.475,0.915,0.085,0.669,0.331,127,255,0.498,268,100,168,46,381,291,285,296,125,213,293,424,67,318,359,205,309,194,328,241,292,301,161,1,2025-26,Regular Season,Scoring
203484,Kentavious Caldwell-Pope,Kentavious,1610612763,MEM,33.0,51,20,31,0.392,21.3,0.525,0.475,0.444,0.173,0.386,0.171,0.17,0.131,0.271,0.726,0.274,0.873,0.127,0.78,0.22,150,366,0.41,277,292,422,392,254,329,248,352,20,256,160,202,408,468,137,427,348,155,191,378,263,237,437,1,2025-26,Regular Season,Scoring
1631165,Keon Ellis,Keon,1610612739,CLE,26.0,70,30,40,0.429,20.5,0.348,0.652,0.326,0.021,0.571,0.199,0.103,0.233,0.304,0.766,0.234,0.967,0.033,0.874,0.126,167,376,0.444,80,188,510,369,268,496,81,466,341,89,87,406,64,434,83,481,198,305,74,495,248,232,328,2,2025-26,Regular Season,Scoring
1642352,Keshad Johnson,Keshad,1610612748,MIA,24.0,28,14,14,0.5,7.5,0.537,0.463,0.475,0.02,0.356,0.208,0.169,0.198,0.455,0.708,0.292,0.917,0.083,0.778,0.222,36,82,0.439,408,368,180,300,500,316,261,305,347,283,70,204,120,261,156,407,303,196,195,371,428,429,342,1,2025-26,Regular Season,Scoring
1642933,Keshon Gilbert,Keshon,1610612737,ATL,22.0,3,0,3,0.0,16.1,0.5,0.5,0.333,0.0,0.0,0.0,0.667,0.333,0.333,0.0,1.0,0.0,0.0,0.0,1.0,1,4,0.25,552,560,49,560,359,354,216,456,439,504,534,5,17,392,557,1,504,357,565,1,554,557,553,1,2025-26,Regular Season,Scoring
201142,Kevin Durant,Kevin,1610612745,HOU,37.0,75,46,29,0.613,36.4,0.671,0.329,0.523,0.202,0.275,0.104,0.202,0.141,0.321,0.477,0.523,0.725,0.275,0.542,0.458,685,1320,0.519,32,40,391,165,3,164,413,244,13,368,367,122,361,414,406,158,445,59,457,112,4,7,116,1,2025-26,Regular Season,Scoring
1628989,Kevin Huerter,Kevin,1610612765,DET,27.0,67,38,29,0.567,22.6,0.458,0.542,0.493,0.03,0.428,0.19,0.079,0.132,0.464,0.699,0.301,0.948,0.052,0.79,0.21,262,581,0.451,117,113,391,216,224,409,168,280,297,211,105,470,402,255,168,396,239,265,170,399,146,132,305,2,2025-26,Regular Season,Scoring
201567,Kevin Love,Kevin,1610612762,UTA,37.0,37,10,27,0.27,16.6,0.286,0.714,0.21,0.032,0.641,0.069,0.149,0.185,0.177,0.654,0.346,1.0,0.0,0.886,0.114,79,199,0.397,367,407,358,471,347,523,54,531,281,57,465,264,152,523,221,342,1,357,63,505,358,348,466,1,2025-26,Regular Season,Scoring
1641755,Kevin McCullar Jr.,Kevin,1610612752,NYK,25.0,20,11,9,0.55,6.5,0.5,0.5,0.444,0.0,0.5,0.139,0.056,0.139,0.444,0.75,0.25,0.833,0.167,0.786,0.214,14,36,0.389,443,402,125,242,515,354,216,349,439,144,250,507,371,274,94,456,372,130,182,386,480,479,480,1,2025-26,Regular Season,Scoring
1629645,Kevin Porter Jr.,Kevin,1610612749,MIL,25.0,38,18,20,0.474,33.2,0.722,0.278,0.584,0.148,0.209,0.076,0.207,0.171,0.436,0.228,0.772,0.63,0.37,0.305,0.695,239,514,0.465,363,315,260,336,38,132,445,172,32,421,444,109,205,283,543,21,476,28,556,13,162,164,252,1,2025-26,Regular Season,Scoring
1626172,Kevon Looney,Kevon,1610612740,NOP,30.0,19,2,17,0.105,13.4,0.833,0.167,0.846,0.038,0.058,0.115,0.096,0.154,0.808,0.273,0.727,1.0,0.0,0.304,0.696,23,54,0.426,450,512,219,556,408,92,483,34,249,477,336,423,284,38,529,35,1,357,557,12,454,456,378,1,2025-26,Regular Season,Scoring
1641718,Keyonte George,Keyonte,1610612762,UTA,22.0,54,16,38,0.296,33.1,0.59,0.41,0.42,0.094,0.315,0.118,0.265,0.147,0.326,0.515,0.485,0.724,0.276,0.585,0.415,402,881,0.456,250,341,498,445,41,253,324,379,88,322,328,46,327,403,370,194,447,57,418,151,56,51,285,1,2025-26,Regular Season,Scoring
1642863,Khaman Maluach,Khaman,1610612756,PHX,19.0,42,20,22,0.476,8.2,0.817,0.183,0.726,0.0,0.08,0.062,0.194,0.15,0.726,0.732,0.268,1.0,0.0,0.75,0.25,44,82,0.537,332,292,284,335,492,96,481,90,439,472,478,138,305,78,126,438,1,357,226,330,409,429,99,1,2025-26,Regular Season,Scoring
203114,Khris Middleton,Khris,1610612742,DAL,34.0,59,17,42,0.288,23.2,0.659,0.341,0.51,0.268,0.309,0.07,0.181,0.096,0.242,0.417,0.583,0.825,0.175,0.534,0.466,219,519,0.422,212,324,528,449,213,179,398,260,5,330,458,171,506,489,449,115,379,125,459,110,188,159,396,2,2025-26,Regular Season,Scoring
1630165,Killian Hayes,Killian,1610612758,SAC,24.0,20,9,11,0.45,16.5,0.535,0.465,0.426,0.085,0.415,0.064,0.159,0.138,0.34,0.3,0.7,0.769,0.231,0.485,0.515,33,114,0.289,443,418,150,356,352,319,258,374,107,225,473,230,375,381,518,45,416,88,494,75,431,399,548,1,2025-26,Regular Season,Scoring
202691,Klay Thompson,Klay,1610612742,DAL,36.0,67,20,47,0.299,21.8,0.275,0.725,0.206,0.099,0.751,0.132,0.043,0.13,0.107,0.815,0.185,0.929,0.071,0.896,0.104,278,701,0.397,117,292,550,444,242,530,47,533,77,17,283,528,415,549,52,512,273,231,53,516,134,91,468,1,2025-26,Regular Season,Scoring
1641738,Kobe Brown,Kobe,1610612754,IND,26.0,58,17,41,0.293,15.3,0.49,0.51,0.426,0.012,0.435,0.093,0.139,0.167,0.414,0.551,0.449,0.915,0.085,0.698,0.302,116,249,0.466,216,324,517,446,377,370,207,371,386,200,397,307,234,309,335,229,309,194,294,275,307,310,247,2,2025-26,Regular Season,Scoring
1641723,Kobe Bufkin,Kobe,1610612747,LAL,22.0,14,9,5,0.643,7.0,0.452,0.548,0.514,0.0,0.257,0.2,0.229,0.114,0.514,0.444,0.556,0.667,0.333,0.5,0.5,12,42,0.286,464,418,76,129,508,414,163,249,439,383,81,77,469,202,425,137,461,36,473,86,485,474,549,1,2025-26,Regular Season,Scoring
1642920,Kobe Sanders,Kobe,1610612746,LAC,23.0,64,34,30,0.531,19.8,0.497,0.503,0.407,0.071,0.485,0.124,0.108,0.146,0.336,0.554,0.446,0.973,0.027,0.739,0.261,165,356,0.463,153,158,407,270,284,363,214,388,137,152,308,397,331,388,329,235,190,314,244,325,251,241,256,1,2025-26,Regular Season,Scoring
1642886,Koby Brea,Koby,1610612756,PHX,23.0,9,4,5,0.444,4.4,0.176,0.824,0.091,0.0,0.818,0.136,0.091,0.273,0.091,0.0,1.0,1.0,0.0,0.857,0.143,7,17,0.412,492,477,76,359,546,558,19,560,439,8,263,439,31,552,557,1,1,357,95,472,516,516,430,1,2025-26,Regular Season,Scoring
1642851,Kon Knueppel,Kon,1610612766,CHA,20.0,78,43,35,0.551,31.5,0.409,0.591,0.323,0.03,0.544,0.146,0.133,0.111,0.293,0.589,0.411,0.921,0.079,0.764,0.236,501,1042,0.481,10,57,469,239,56,443,134,468,292,116,221,319,480,444,294,270,298,206,212,357,29,32,203,1,2025-26,Regular Season,Scoring
1627739,Kris Dunn,Kris,1610612746,LAC,32.0,78,40,38,0.513,27.3,0.555,0.445,0.491,0.014,0.402,0.141,0.107,0.196,0.478,0.462,0.538,1.0,0.0,0.652,0.348,221,458,0.483,10,91,498,289,139,290,287,282,377,234,239,400,128,233,417,146,1,357,353,216,183,198,195,1,2025-26,Regular Season,Scoring
1631200,Kris Murray,Kris,1610612757,POR,25.0,54,26,28,0.481,23.5,0.558,0.442,0.581,0.0,0.3,0.106,0.119,0.174,0.581,0.656,0.344,1.0,0.0,0.744,0.256,121,265,0.457,250,221,372,330,209,281,296,175,439,340,357,368,194,143,219,345,1,357,243,326,301,296,282,1,2025-26,Regular Season,Scoring
204001,Kristaps Porziņģis,Kristaps,1610612744,GSW,30.0,30,13,17,0.433,24.0,0.584,0.416,0.443,0.106,0.312,0.039,0.245,0.143,0.337,0.575,0.425,0.981,0.019,0.705,0.295,166,368,0.451,401,379,219,367,201,258,319,353,67,327,507,59,345,386,307,257,167,337,285,284,250,235,304,2,2025-26,Regular Season,Scoring
203937,Kyle Anderson,Kyle,1610612750,MIN,32.0,40,13,27,0.325,19.5,0.944,0.056,0.766,0.051,0.051,0.085,0.183,0.123,0.715,0.467,0.533,1.0,0.0,0.489,0.511,94,180,0.522,350,379,358,429,295,66,511,71,197,481,418,167,432,83,413,150,1,357,490,79,338,356,108,3,2025-26,Regular Season,Scoring
1642271,Kyle Filipowski,Kyle,1610612762,UTA,22.0,76,21,55,0.276,23.5,0.654,0.346,0.568,0.014,0.252,0.106,0.18,0.157,0.554,0.644,0.356,0.959,0.041,0.716,0.284,320,648,0.494,25,278,573,463,210,184,393,198,376,386,359,172,270,164,234,330,217,287,273,296,103,107,168,1,2025-26,Regular Season,Scoring
1628398,Kyle Kuzma,Kyle,1610612749,MIL,30.0,68,30,38,0.441,26.2,0.653,0.347,0.572,0.052,0.277,0.164,0.151,0.149,0.52,0.634,0.366,0.939,0.061,0.708,0.292,336,685,0.491,104,188,498,364,162,185,392,188,192,366,178,258,313,195,246,318,255,249,282,287,90,98,174,1,2025-26,Regular Season,Scoring
200768,Kyle Lowry,Kyle,1610612755,PHI,40.0,13,8,5,0.615,8.7,0.0,1.0,0.0,0.0,0.706,0.176,0.294,0.0,0.0,0.0,0.0,1.0,0.0,1.0,0.0,4,20,0.2,469,433,76,161,485,572,1,564,439,34,141,31,545,562,557,541,1,357,1,543,531,503,560,1,2025-26,Regular Season,Scoring
1642273,Kyshawn George,Kyshawn,1610612764,WAS,22.0,48,10,38,0.208,29.0,0.549,0.451,0.434,0.113,0.418,0.134,0.148,0.111,0.321,0.331,0.669,0.818,0.182,0.522,0.478,253,577,0.438,299,407,498,517,109,300,277,361,59,222,274,270,476,412,500,64,385,117,464,105,150,135,343,1,2025-26,Regular Season,Scoring
1643018,LJ Cryer,LJ,1610612744,GSW,24.0,17,6,11,0.353,16.3,0.198,0.802,0.129,0.043,0.75,0.107,0.121,0.129,0.086,0.556,0.444,0.771,0.229,0.727,0.273,44,111,0.396,457,456,150,410,358,555,22,554,223,18,354,358,419,553,327,236,414,90,258,309,409,401,470,1,2025-26,Regular Season,Scoring
1630163,LaMelo Ball,LaMelo,1610612766,CHA,24.0,69,40,29,0.58,27.8,0.413,0.587,0.33,0.038,0.561,0.07,0.109,0.125,0.292,0.24,0.76,0.624,0.376,0.444,0.556,480,1181,0.406,89,91,391,200,130,438,139,460,252,95,459,395,429,445,541,23,479,25,515,54,35,14,444,1,2025-26,Regular Season,Scoring
1642950,Lachlan Olbrich,Lachlan,1610612741,CHI,22.0,33,7,26,0.212,7.4,0.765,0.235,0.719,0.031,0.094,0.125,0.187,0.125,0.688,0.739,0.261,1.0,0.0,0.76,0.24,25,51,0.49,390,441,344,516,501,113,464,92,286,467,302,160,425,92,115,447,1,357,219,350,452,462,175,1,2025-26,Regular Season,Scoring
1629013,Landry Shamet,Landry,1610612752,NYK,29.0,49,33,16,0.673,22.9,0.278,0.722,0.237,0.043,0.647,0.138,0.116,0.168,0.194,0.764,0.236,0.98,0.02,0.903,0.097,155,353,0.439,293,165,205,90,217,526,51,516,222,55,254,378,225,515,87,477,171,332,46,523,260,244,341,1,2025-26,Regular Season,Scoring
1626204,Larry Nance Jr.,Larry,1610612739,CLE,33.0,33,24,9,0.727,12.5,0.483,0.517,0.444,0.0,0.513,0.12,0.043,0.222,0.444,0.731,0.269,1.0,0.0,0.848,0.152,46,116,0.397,390,241,125,55,421,381,195,349,439,133,322,530,77,274,127,436,1,357,105,464,404,397,469,1,2025-26,Regular Season,Scoring
1628374,Lauri Markkanen,Lauri,1610612762,UTA,28.0,42,17,25,0.405,34.3,0.598,0.402,0.479,0.039,0.307,0.125,0.214,0.147,0.44,0.717,0.283,0.948,0.052,0.786,0.214,384,805,0.477,332,324,334,382,19,247,330,298,243,333,306,95,325,280,144,420,240,264,179,390,65,68,214,1,2025-26,Regular Season,Scoring
1643133,Lawson Lovering,Lawson,1610612763,MEM,22.0,2,1,1,0.5,24.6,1.0,0.0,0.857,0.0,0.0,0.214,0.143,0.143,0.857,0.667,0.333,0.0,0.0,0.667,0.333,6,10,0.6,563,540,9,300,191,1,537,27,439,504,66,289,347,20,193,353,504,357,331,228,520,531,47,1,2025-26,Regular Season,Scoring
2544,LeBron James,LeBron,1610612747,LAL,41.0,57,36,21,0.632,33.5,0.732,0.268,0.632,0.098,0.182,0.273,0.186,0.215,0.534,0.524,0.476,0.667,0.333,0.547,0.453,446,871,0.512,221,129,268,141,27,126,451,127,82,433,28,162,89,178,360,204,461,36,452,117,43,52,132,1,2025-26,Regular Season,Scoring
1641778,Leaky Black,Leaky,1610612764,WAS,26.0,11,1,10,0.091,29.7,0.521,0.479,0.395,0.123,0.519,0.086,0.086,0.111,0.272,0.563,0.438,0.929,0.071,0.733,0.267,30,71,0.423,480,540,139,557,93,334,243,403,50,132,412,455,477,467,319,244,274,227,252,317,441,439,392,1,2025-26,Regular Season,Scoring
1631159,Leonard Miller,Leonard,1610612741,CHI,22.0,42,16,26,0.381,13.8,0.614,0.386,0.621,0.007,0.269,0.293,0.11,0.162,0.614,0.7,0.3,0.962,0.038,0.759,0.241,116,215,0.54,332,341,344,396,399,228,349,132,422,377,23,394,254,120,166,397,208,296,222,347,307,329,93,2,2025-26,Regular Season,Scoring
1642862,Liam McNeeley,Liam,1610612766,CHA,20.0,30,11,19,0.367,12.1,0.362,0.638,0.212,0.0,0.545,0.106,0.243,0.182,0.212,0.714,0.286,0.958,0.042,0.868,0.132,38,94,0.404,401,402,243,402,429,486,91,530,439,110,358,62,167,506,148,411,218,283,78,491,422,417,452,1,2025-26,Regular Season,Scoring
1630322,Lindy Waters III,Lindy,1610612759,SAS,28.0,40,31,9,0.775,7.1,0.102,0.898,0.126,0.063,0.853,0.137,0.021,0.179,0.063,0.667,0.333,0.926,0.074,0.879,0.121,33,88,0.375,350,177,125,38,506,569,8,555,157,5,260,544,176,558,193,353,283,220,69,499,431,422,498,1,2025-26,Regular Season,Scoring
1628366,Lonzo Ball,Lonzo,1610612739,CLE,28.0,35,19,16,0.543,20.8,0.165,0.835,0.163,0.013,0.75,0.138,0.087,0.206,0.15,0.538,0.462,0.85,0.15,0.774,0.226,53,176,0.301,379,308,205,252,264,563,14,544,384,18,258,450,102,535,342,220,365,139,202,367,395,360,546,1,2025-26,Regular Season,Scoring
1631351,Lucas Williamson,Lucas,1610612763,MEM,27.0,4,0,4,0.0,26.0,0.267,0.733,0.138,0.0,0.724,0.069,0.138,0.241,0.138,1.0,0.0,1.0,0.0,1.0,0.0,9,30,0.3,539,560,59,560,168,533,44,551,439,29,463,312,53,538,1,541,1,357,1,543,501,485,547,1,2025-26,Regular Season,Scoring
1629652,Luguentz Dort,Luguentz,1610612760,OKC,26.0,65,51,14,0.785,27.2,0.293,0.707,0.261,0.044,0.659,0.122,0.08,0.178,0.218,0.708,0.292,0.983,0.017,0.881,0.119,193,501,0.385,145,16,180,33,145,520,57,506,219,50,315,467,180,500,156,407,165,339,68,501,214,172,486,1,2025-26,Regular Season,Scoring
1629029,Luka Dončić,Luka,1610612747,LAL,27.0,64,43,21,0.672,35.8,0.524,0.476,0.41,0.097,0.356,0.088,0.234,0.133,0.313,0.219,0.781,0.382,0.618,0.278,0.722,693,1457,0.476,153,57,268,91,4,331,246,387,84,285,409,71,400,422,545,19,501,3,558,11,3,2,217,1,2025-26,Regular Season,Scoring
1630568,Luka Garza,Luka,1610612738,BOS,27.0,67,45,22,0.672,15.9,0.638,0.362,0.535,0.016,0.302,0.039,0.163,0.116,0.519,0.609,0.391,0.981,0.019,0.711,0.289,190,326,0.583,117,45,284,93,366,205,372,229,366,337,509,225,458,196,274,290,168,336,277,290,219,259,60,1,2025-26,Regular Season,Scoring
1628379,Luke Kennard,Luke,1610612747,LAL,29.0,74,42,32,0.568,21.4,0.425,0.575,0.347,0.092,0.564,0.132,0.089,0.195,0.254,0.733,0.267,0.974,0.026,0.858,0.142,219,412,0.532,41,72,434,215,250,428,149,444,96,93,285,445,132,481,123,439,188,315,94,475,188,216,102,2,2025-26,Regular Season,Scoring
1628436,Luke Kornet,Luke,1610612759,SAS,30.0,66,50,16,0.758,21.0,1.0,0.0,0.782,0.009,0.0,0.063,0.218,0.076,0.773,0.763,0.237,0.0,0.0,0.763,0.237,169,264,0.64,132,23,205,44,258,1,537,62,407,504,475,90,531,57,88,476,504,357,214,355,243,297,29,1,2025-26,Regular Season,Scoring
1631247,Luke Travers,Luke,1610612739,CLE,24.0,12,6,6,0.5,8.6,0.556,0.444,0.571,0.0,0.107,0.286,0.322,0.286,0.571,0.625,0.375,1.0,0.0,0.667,0.333,9,36,0.25,474,456,86,300,486,286,289,189,439,463,24,23,24,150,253,305,1,357,331,228,501,479,553,1,2025-26,Regular Season,Scoring
1630644,Mac McClung,Mac,1610612741,CHI,27.0,7,0,7,0.0,10.5,0.556,0.444,0.6,0.0,0.15,0.075,0.25,0.05,0.6,0.5,0.5,0.5,0.5,0.5,0.5,14,36,0.389,506,560,103,560,455,286,289,144,439,447,446,53,540,124,382,169,496,7,473,86,480,479,480,2,2025-26,Regular Season,Scoring
1641869,Malachi Smith,Malachi,1610612751,BKN,26.0,11,2,9,0.182,18.5,0.574,0.426,0.48,0.027,0.48,0.28,0.04,0.227,0.453,0.389,0.611,0.833,0.167,0.567,0.433,30,61,0.492,480,512,125,532,312,269,308,297,317,156,26,532,74,264,465,99,372,130,435,134,441,450,171,1,2025-26,Regular Season,Scoring
1631103,Malaki Branham,Malaki,1610612764,WAS,22.0,28,7,21,0.25,9.8,0.593,0.407,0.453,0.047,0.328,0.172,0.219,0.195,0.406,0.552,0.448,0.929,0.071,0.674,0.326,43,91,0.473,408,441,268,481,467,250,327,337,205,315,156,88,130,316,333,230,274,227,324,245,411,419,231,1,2025-26,Regular Season,Scoring
1642502,Malevy Leons,Malevy,1610612744,GSW,26.0,21,6,15,0.286,9.7,0.75,0.25,0.704,0.037,0.167,0.111,0.129,0.259,0.667,0.526,0.474,1.0,0.0,0.591,0.409,22,52,0.423,435,456,193,451,469,116,459,99,256,437,347,331,37,97,356,207,1,357,414,155,457,459,389,1,2025-26,Regular Season,Scoring
1628370,Malik Monk,Malik,1610612758,SAC,28.0,60,17,43,0.283,22.4,0.504,0.496,0.396,0.069,0.48,0.197,0.124,0.169,0.328,0.487,0.513,0.752,0.248,0.605,0.395,271,623,0.435,203,324,531,457,231,351,226,402,142,157,90,346,218,399,399,165,427,77,404,165,138,118,359,1,2025-26,Regular Season,Scoring
1630699,MarJon Beauchamp,MarJon,1610612755,PHI,25.0,13,6,7,0.462,14.9,0.378,0.622,0.348,0.043,0.522,0.348,0.13,0.239,0.304,0.75,0.25,0.813,0.188,0.781,0.219,32,74,0.432,469,456,103,346,382,474,103,443,220,130,15,326,55,435,94,456,390,112,189,379,438,435,365,1,2025-26,Regular Season,Scoring
1631204,Marcus Sasser,Marcus,1610612765,DET,25.0,35,25,10,0.714,12.6,0.412,0.588,0.258,0.052,0.665,0.201,0.077,0.191,0.206,0.56,0.44,0.837,0.163,0.735,0.265,68,170,0.4,379,230,139,65,417,439,138,508,194,49,78,473,135,511,323,241,371,133,250,319,373,362,456,1,2025-26,Regular Season,Scoring
203935,Marcus Smart,Marcus,1610612747,LAL,32.0,60,39,21,0.65,28.7,0.384,0.616,0.313,0.056,0.507,0.072,0.18,0.093,0.257,0.506,0.494,0.917,0.083,0.719,0.281,185,464,0.399,203,100,268,123,113,471,106,474,176,139,454,176,514,479,378,186,303,196,267,302,225,189,460,1,2025-26,Regular Season,Scoring
1641813,Mark Sears,Mark,1610612749,MIL,24.0,7,1,6,0.143,3.7,0.385,0.615,0.182,0.0,0.545,0.0,0.273,0.364,0.182,0.0,1.0,0.75,0.25,0.5,0.5,6,13,0.462,506,540,86,548,558,468,107,541,439,110,534,38,14,521,557,1,428,70,473,86,520,522,264,1,2025-26,Regular Season,Scoring
1631109,Mark Williams,Mark,1610612756,PHX,24.0,58,34,24,0.586,23.6,0.998,0.002,0.807,0.015,0.004,0.157,0.189,0.217,0.792,0.688,0.313,1.0,0.0,0.689,0.311,273,427,0.639,216,158,318,190,208,41,536,47,369,501,193,159,85,50,177,387,1,357,309,260,136,212,31,1,2025-26,Regular Season,Scoring
1628365,Markelle Fultz,Markelle,1610612761,TOR,27.0,5,3,2,0.6,7.2,1.0,0.0,1.0,0.0,0.0,0.0,0.0,0.0,1.0,0.5,0.5,0.0,0.0,0.5,0.5,2,11,0.182,527,491,31,172,505,1,537,1,439,504,534,548,545,1,382,169,504,357,473,86,548,529,564,1,2025-26,Regular Season,Scoring
1628963,Marvin Bagley III,Marvin,1610612742,DAL,27.0,57,16,41,0.281,20.0,0.888,0.112,0.743,0.01,0.103,0.043,0.154,0.128,0.733,0.627,0.373,1.0,0.0,0.658,0.342,237,385,0.616,221,341,517,460,280,78,499,82,405,465,503,247,420,73,250,314,1,357,347,222,164,226,40,2,2025-26,Regular Season,Scoring
203486,Mason Plumlee,Mason,1610612759,SAS,36.0,19,10,9,0.526,8.2,1.0,0.0,0.69,0.0,0.0,0.069,0.31,0.069,0.69,0.8,0.2,0.0,0.0,0.8,0.2,10,13,0.769,450,407,125,278,491,1,537,105,439,504,463,25,535,90,59,501,504,357,155,408,494,522,5,2,2025-26,Regular Season,Scoring
1641824,Matas Buzelis,Matas,1610612741,CHI,21.0,76,28,48,0.368,29.2,0.486,0.514,0.431,0.011,0.419,0.166,0.15,0.091,0.42,0.554,0.446,0.925,0.075,0.7,0.3,440,946,0.465,25,204,552,400,105,377,200,365,392,217,174,262,517,301,330,234,286,218,292,276,45,45,251,1,2025-26,Regular Season,Scoring
1629680,Matisse Thybulle,Matisse,1610612757,POR,29.0,27,15,12,0.556,15.9,0.292,0.708,0.233,0.0,0.644,0.264,0.123,0.344,0.233,0.526,0.474,0.971,0.029,0.815,0.185,54,120,0.45,413,357,158,228,365,521,56,518,439,56,34,355,15,495,356,207,193,310,141,428,393,393,309,1,2025-26,Regular Season,Scoring
1631108,Max Christie,Max,1610612742,DAL,23.0,73,23,50,0.315,29.3,0.387,0.613,0.302,0.043,0.575,0.203,0.123,0.123,0.259,0.56,0.44,0.918,0.082,0.76,0.24,304,687,0.443,54,257,562,440,103,466,111,485,224,83,77,353,436,476,325,239,301,203,220,349,112,96,334,1,2025-26,Regular Season,Scoring
1642917,Max Shulga,Max,1610612738,BOS,23.0,9,6,3,0.667,1.4,0.75,0.25,0.5,0.0,0.0,0.0,0.5,0.0,0.5,1.0,0.0,0.0,0.0,1.0,0.0,1,4,0.25,492,456,49,94,577,116,459,268,439,504,534,8,545,213,1,541,504,357,1,543,554,557,553,1,2025-26,Regular Season,Scoring
1629622,Max Strus,Max,1610612739,CLE,30.0,9,7,2,0.778,25.1,0.173,0.827,0.158,0.0,0.789,0.158,0.053,0.061,0.158,0.444,0.556,0.933,0.067,0.821,0.179,39,81,0.481,492,441,31,36,186,559,18,545,439,10,190,511,536,530,425,137,267,235,130,439,420,431,199,1,2025-26,Regular Season,Scoring
1628467,Maxi Kleber,Maxi,1610612747,LAL,34.0,39,17,22,0.436,10.7,0.631,0.369,0.6,0.025,0.225,0.063,0.175,0.05,0.575,1.0,0.0,1.0,0.0,1.0,0.0,30,65,0.462,357,324,284,366,451,212,365,144,325,410,475,191,540,147,1,541,1,357,1,543,441,444,264,1,2025-26,Regular Season,Scoring
1642875,Maxime Raynaud,Maxime,1610612758,SAC,23.0,71,20,51,0.282,26.2,0.898,0.102,0.792,0.049,0.066,0.088,0.142,0.123,0.743,0.824,0.176,0.947,0.053,0.831,0.169,360,635,0.567,74,292,563,458,163,74,503,55,203,476,407,297,435,68,43,521,241,263,119,450,81,112,74,1,2025-26,Regular Season,Scoring
1642877,Micah Peavy,Micah,1610612740,NOP,24.0,58,16,42,0.276,13.8,0.597,0.403,0.603,0.027,0.329,0.178,0.068,0.301,0.575,0.621,0.379,1.0,0.0,0.722,0.278,90,243,0.37,216,341,528,464,401,248,329,142,312,314,136,484,21,146,264,299,1,357,265,304,344,314,503,1,2025-26,Regular Season,Scoring
1630695,Micah Potter,Micah,1610612754,IND,28.0,43,10,33,0.233,18.7,0.42,0.58,0.329,0.01,0.471,0.032,0.2,0.105,0.319,0.758,0.242,1.0,0.0,0.876,0.124,129,250,0.516,326,407,446,499,306,431,146,462,406,168,521,130,492,415,91,472,1,357,71,498,288,307,121,1,2025-26,Regular Season,Scoring
1629008,Michael Porter Jr.,Michael,1610612751,BKN,27.0,52,14,38,0.269,32.5,0.494,0.506,0.426,0.083,0.419,0.097,0.155,0.146,0.343,0.653,0.347,0.858,0.142,0.734,0.266,444,958,0.463,268,368,498,472,42,366,211,372,115,216,383,245,329,377,224,340,358,146,251,318,44,43,257,1,2025-26,Regular Season,Scoring
1628969,Mikal Bridges,Mikal,1610612752,NYK,29.0,79,51,28,0.646,33.3,0.566,0.434,0.537,0.126,0.394,0.22,0.069,0.174,0.411,0.688,0.312,0.987,0.013,0.786,0.214,463,949,0.488,1,16,372,125,34,278,299,227,47,247,61,483,193,311,176,388,155,349,180,389,40,44,183,1,2025-26,Regular Season,Scoring
201144,Mike Conley,Mike,1610612750,MIN,38.0,52,31,21,0.596,18.2,0.228,0.772,0.132,0.018,0.671,0.11,0.197,0.145,0.114,0.733,0.267,0.941,0.059,0.894,0.106,66,206,0.32,268,177,268,181,316,547,30,552,358,47,352,134,338,547,123,439,252,250,55,514,376,337,538,1,2025-26,Regular Season,Scoring
1628970,Miles Bridges,Miles,1610612766,CHA,28.0,74,41,33,0.554,31.2,0.573,0.427,0.502,0.02,0.341,0.118,0.157,0.132,0.481,0.528,0.472,0.932,0.068,0.654,0.346,468,1018,0.46,41,79,446,233,63,270,307,267,346,297,327,239,401,231,353,211,271,233,352,217,39,33,271,1,2025-26,Regular Season,Scoring
1642939,Miles Kelly,Miles,1610612742,DAL,23.0,14,7,7,0.5,9.6,0.25,0.75,0.279,0.093,0.698,0.186,0.023,0.116,0.186,0.833,0.167,0.9,0.1,0.875,0.125,16,44,0.364,464,441,103,300,474,536,38,496,93,36,121,542,458,520,35,528,323,179,72,496,473,469,509,1,2025-26,Regular Season,Scoring
1630540,Miles McBride,Miles,1610612752,NYK,25.0,39,24,15,0.615,26.6,0.323,0.677,0.236,0.112,0.689,0.15,0.075,0.148,0.124,0.418,0.582,0.822,0.178,0.685,0.315,162,384,0.422,357,241,193,161,154,512,65,517,60,41,210,475,315,541,448,116,383,121,312,257,252,227,397,1,2025-26,Regular Season,Scoring
1629011,Mitchell Robinson,Mitchell,1610612752,NYK,28.0,59,39,20,0.661,19.6,1.0,0.0,0.877,0.0,0.0,0.036,0.123,0.168,0.877,0.568,0.432,0.0,0.0,0.568,0.432,146,202,0.723,212,100,260,110,294,1,537,19,439,504,512,350,224,16,314,250,504,357,433,136,268,343,8,1,2025-26,Regular Season,Scoring
1628964,Mo Bamba,Mo,1610612762,UTA,27.0,4,3,1,0.75,11.0,1.0,0.0,1.0,0.2,0.0,0.0,0.0,0.0,0.8,0.8,0.2,0.0,0.0,0.8,0.2,5,11,0.455,539,491,9,46,444,1,537,1,14,504,534,548,545,41,59,501,504,357,155,408,526,529,291,2,2025-26,Regular Season,Scoring
1642885,Mohamed Diawara,Mohamed,1610612752,NYK,20.0,67,41,26,0.612,8.8,0.391,0.609,0.336,0.084,0.605,0.097,0.059,0.197,0.252,0.625,0.375,0.979,0.021,0.818,0.182,88,202,0.436,117,79,344,166,480,463,114,453,113,69,385,503,123,483,253,305,174,330,133,435,346,343,355,1,2025-26,Regular Season,Scoring
1628420,Monte Morris,Monte,1610612754,IND,30.0,6,0,6,0.0,10.8,0.6,0.4,0.556,0.0,0.333,0.111,0.111,0.222,0.556,0.6,0.4,1.0,0.0,0.714,0.286,7,20,0.35,516,560,86,560,448,243,331,207,439,308,347,390,77,162,278,278,1,357,274,294,516,503,515,1,2025-26,Regular Season,Scoring
1629021,Moritz Wagner,Moritz,1610612753,ORL,28.0,35,20,15,0.571,12.0,0.64,0.36,0.486,0.008,0.272,0.062,0.242,0.119,0.477,0.847,0.153,0.909,0.091,0.864,0.136,81,189,0.429,379,292,193,210,431,202,375,290,410,371,480,61,448,235,32,532,311,191,84,485,354,351,373,1,2025-26,Regular Season,Scoring
1630541,Moses Moody,Moses,1610612744,GSW,23.0,60,30,30,0.5,25.7,0.323,0.677,0.258,0.033,0.622,0.117,0.12,0.13,0.225,0.638,0.362,0.96,0.04,0.837,0.163,245,557,0.44,203,188,407,300,176,511,66,507,277,62,333,365,411,498,242,322,212,292,109,460,157,144,337,1,2025-26,Regular Season,Scoring
1631243,Mouhamed Gueye,Mouhamed,1610612737,ATL,23.0,75,43,32,0.573,15.3,0.558,0.442,0.539,0.024,0.341,0.147,0.12,0.219,0.515,0.722,0.278,1.0,0.0,0.805,0.195,128,283,0.452,32,57,434,209,374,282,295,225,328,296,220,364,84,200,141,423,1,357,152,417,289,285,299,1,2025-26,Regular Season,Scoring
1630619,Moussa Cisse,Moussa,1610612742,DAL,23.0,35,10,25,0.286,12.8,1.0,0.0,0.785,0.0,0.0,0.148,0.215,0.141,0.785,0.717,0.283,0.0,0.0,0.717,0.283,53,90,0.589,379,407,334,451,415,1,537,59,439,504,214,93,360,51,145,418,504,357,270,298,395,420,57,1,2025-26,Regular Season,Scoring
1631217,Moussa Diabaté,Moussa,1610612766,CHA,24.0,70,39,31,0.557,25.9,0.994,0.006,0.791,0.007,0.005,0.107,0.204,0.18,0.784,0.622,0.378,1.0,0.0,0.623,0.377,223,353,0.632,80,100,422,227,170,45,532,56,421,500,355,117,172,53,263,301,1,357,385,184,178,244,34,1,2025-26,Regular Season,Scoring
1626167,Myles Turner,Myles,1610612749,MIL,30.0,70,29,41,0.414,26.9,0.403,0.597,0.317,0.053,0.526,0.035,0.157,0.133,0.264,0.727,0.273,1.0,0.0,0.871,0.129,278,635,0.438,80,196,517,376,151,451,126,472,188,129,515,240,398,471,133,428,1,357,76,493,134,112,348,1,2025-26,Regular Season,Scoring
1642066,Myron Gardner,Myron,1610612748,MIA,24.0,41,22,19,0.537,9.6,0.462,0.538,0.39,0.0,0.491,0.17,0.119,0.119,0.39,0.516,0.484,0.923,0.077,0.702,0.298,57,119,0.479,344,267,243,263,471,400,177,409,439,147,163,366,447,332,368,196,287,212,288,281,388,396,208,1,2025-26,Regular Season,Scoring
1642368,N'Faly Dante,N'Faly,1610612737,ATL,24.0,4,3,1,0.75,3.9,1.0,0.0,0.667,0.0,0.0,0.667,0.333,0.667,0.667,1.0,0.0,0.0,0.0,1.0,0.0,1,4,0.25,539,491,9,46,556,1,537,111,439,504,3,20,2,97,1,541,504,357,1,543,554,557,553,1,2025-26,Regular Season,Scoring
1641772,Nae'Qwan Tomlin,Nae'Qwan,1610612739,CLE,25.0,62,41,21,0.661,15.3,0.636,0.364,0.674,0.0,0.201,0.195,0.125,0.253,0.674,0.672,0.328,0.957,0.043,0.719,0.281,139,294,0.473,176,79,268,109,376,207,370,110,439,425,93,343,44,96,190,374,223,279,266,303,272,278,229,1,2025-26,Regular Season,Scoring
1630230,Naji Marshall,Naji,1610612742,DAL,28.0,73,25,48,0.342,29.6,0.739,0.261,0.631,0.039,0.166,0.189,0.203,0.142,0.592,0.492,0.508,0.952,0.048,0.56,0.44,416,811,0.513,54,230,552,417,100,123,454,128,240,438,113,117,352,133,397,167,232,272,440,129,53,65,128,1,2025-26,Regular Season,Scoring
1631466,Nate Williams,Nate,1610612744,GSW,27.0,12,2,10,0.167,16.0,0.691,0.309,0.558,0.0,0.314,0.267,0.128,0.256,0.558,0.625,0.375,0.889,0.111,0.697,0.303,33,68,0.485,474,512,139,537,361,149,428,204,439,323,32,334,39,160,253,305,332,171,296,273,431,442,187,1,2025-26,Regular Season,Scoring
1629675,Naz Reid,Naz,1610612750,MIN,26.0,75,45,30,0.6,26.1,0.485,0.515,0.446,0.024,0.467,0.123,0.087,0.173,0.422,0.584,0.416,0.937,0.063,0.729,0.271,384,850,0.452,32,45,407,172,165,379,198,347,329,171,310,454,201,296,297,267,261,243,255,312,65,57,302,1,2025-26,Regular Season,Scoring
1629674,Neemias Queta,Neemias,1610612738,BOS,26.0,73,50,23,0.685,25.5,0.986,0.014,0.838,0.003,0.0,0.033,0.162,0.131,0.835,0.754,0.246,0.0,0.0,0.754,0.246,313,483,0.648,54,23,303,84,180,51,526,40,437,504,517,227,406,28,93,471,504,357,225,344,110,182,26,1,2025-26,Regular Season,Scoring
1629651,Nic Claxton,Nic,1610612751,BKN,26.0,69,17,52,0.246,27.8,0.967,0.033,0.815,0.032,0.011,0.094,0.174,0.156,0.783,0.621,0.379,1.0,0.0,0.625,0.375,333,583,0.571,89,324,566,491,128,58,519,44,282,499,394,196,279,54,264,299,1,357,384,185,92,131,71,1,2025-26,Regular Season,Scoring
1630208,Nick Richards,Nick,1610612741,CHI,28.0,48,20,28,0.417,14.6,0.91,0.09,0.71,0.014,0.054,0.083,0.236,0.134,0.696,0.724,0.276,1.0,0.0,0.738,0.262,103,201,0.512,299,292,372,375,388,72,505,97,372,480,425,70,392,88,139,425,1,357,247,322,326,345,129,2,2025-26,Regular Season,Scoring
1641733,Nick Smith Jr.,Nick,1610612747,LAL,21.0,26,12,14,0.462,12.3,0.478,0.522,0.397,0.082,0.555,0.082,0.048,0.247,0.315,0.241,0.759,0.63,0.37,0.429,0.571,56,134,0.418,419,389,180,346,423,390,187,398,116,103,426,521,50,421,538,26,477,27,523,46,389,387,415,1,2025-26,Regular Season,Scoring
1629638,Nickeil Alexander-Walker,Nickeil,1610612737,ATL,27.0,76,42,34,0.553,33.3,0.474,0.526,0.363,0.056,0.463,0.193,0.174,0.175,0.307,0.526,0.474,0.922,0.078,0.708,0.292,531,1163,0.457,25,72,460,235,33,395,182,435,178,178,96,199,192,430,358,206,293,211,283,286,21,16,283,1,2025-26,Regular Season,Scoring
201587,Nicolas Batum,Nicolas,1610612746,LAC,37.0,71,38,33,0.535,17.8,0.043,0.957,0.028,0.021,0.94,0.06,0.032,0.157,0.007,0.75,0.25,1.0,0.0,0.989,0.011,92,231,0.398,74,113,446,266,325,571,6,563,340,2,484,536,275,561,94,456,1,357,27,542,342,324,462,1,2025-26,Regular Season,Scoring
1628502,Nigel Hayes-Davis,Nigel,1610612756,PHX,31.0,27,15,12,0.556,7.2,0.652,0.348,0.765,0.059,0.176,0.0,0.059,0.059,0.706,0.385,0.615,1.0,0.0,0.467,0.533,15,46,0.326,413,357,158,228,503,186,391,72,166,435,534,503,539,85,466,96,1,357,498,71,478,466,535,1,2025-26,Regular Season,Scoring
203999,Nikola Jokić,Nikola,1610612743,DEN,31.0,63,41,22,0.651,35.2,0.737,0.263,0.591,0.074,0.189,0.033,0.22,0.094,0.518,0.568,0.432,0.802,0.198,0.609,0.391,632,1112,0.568,168,79,284,122,8,124,453,162,133,430,520,86,512,197,315,249,397,107,400,169,9,22,73,1,2025-26,Regular Season,Scoring
1631107,Nikola Jović,Nikola,1610612748,MIA,22.0,47,24,23,0.511,17.2,0.468,0.532,0.407,0.012,0.392,0.192,0.201,0.183,0.395,0.686,0.314,0.933,0.067,0.783,0.217,115,314,0.366,308,241,303,291,336,397,180,389,388,249,97,124,160,327,178,386,267,235,186,382,310,267,506,1,2025-26,Regular Season,Scoring
1642260,Nikola Topić,Nikola,1610612760,OKC,20.0,7,5,2,0.714,10.4,0.684,0.316,0.6,0.0,0.3,0.2,0.1,0.0,0.6,0.5,0.5,1.0,0.0,0.625,0.375,8,19,0.421,506,467,31,65,457,157,419,144,439,340,81,414,545,124,382,169,1,357,381,186,508,507,401,1,2025-26,Regular Season,Scoring
202696,Nikola Vučević,Nikola,1610612738,BOS,35.0,61,33,28,0.541,28.7,0.668,0.332,0.616,0.066,0.304,0.029,0.08,0.129,0.55,0.768,0.232,0.979,0.021,0.82,0.18,384,775,0.495,193,165,372,254,114,166,411,135,149,336,523,466,418,167,81,483,175,329,131,438,65,73,165,2,2025-26,Regular Season,Scoring
1642363,Nique Clifford,Nique,1610612758,SAC,24.0,72,20,52,0.278,24.6,0.604,0.396,0.53,0.098,0.377,0.19,0.093,0.187,0.431,0.596,0.404,0.905,0.095,0.696,0.304,230,555,0.414,65,292,566,462,193,239,338,234,79,268,107,434,146,290,288,276,318,186,297,271,171,146,424,1,2025-26,Regular Season,Scoring
1642855,Noa Essengue,Noa,1610612741,CHI,19.0,2,1,1,0.5,3.0,0.333,0.667,0.0,0.0,0.0,0.0,1.0,0.0,0.0,0.0,0.0,0.0,0.0,0.0,0.0,0,3,0.0,563,540,9,300,569,502,69,564,439,504,534,548,545,562,557,541,504,357,565,543,569,563,569,1,2025-26,Regular Season,Scoring
1641730,Noah Clowney,Noah,1610612751,BKN,21.0,66,17,49,0.258,27.0,0.379,0.621,0.299,0.02,0.478,0.122,0.223,0.141,0.279,0.612,0.388,0.992,0.008,0.808,0.192,250,631,0.396,132,324,558,479,150,473,104,489,349,160,314,83,358,457,272,292,149,355,149,420,154,115,472,1,2025-26,Regular Season,Scoring
1642869,Noah Penda,Noah,1610612753,ORL,21.0,57,28,29,0.491,13.0,0.545,0.455,0.458,0.026,0.396,0.137,0.146,0.15,0.432,0.442,0.558,0.933,0.067,0.622,0.378,82,200,0.41,221,204,391,325,411,307,270,331,318,244,261,280,311,289,428,136,267,235,387,182,353,347,434,1,2025-26,Regular Season,Scoring
1642849,Nolan Traore,Nolan,1610612751,BKN,19.0,54,13,41,0.241,22.6,0.607,0.393,0.483,0.029,0.369,0.098,0.148,0.115,0.454,0.405,0.595,0.898,0.102,0.571,0.429,175,463,0.378,250,379,517,495,227,233,344,291,300,277,379,269,468,263,457,107,326,178,428,141,238,190,495,1,2025-26,Regular Season,Scoring
1641807,Norchad Omier,Norchad,1610612746,LAC,24.0,4,4,0,1.0,4.8,0.833,0.167,0.769,0.0,0.0,0.385,0.231,0.154,0.769,1.0,0.0,0.0,0.0,1.0,0.0,5,6,0.833,539,477,1,1,540,92,483,66,439,504,12,74,284,58,1,541,504,357,1,543,526,543,2,1,2025-26,Regular Season,Scoring
1626181,Norman Powell,Norman,1610612748,MIA,32.0,55,28,27,0.509,30.1,0.544,0.456,0.421,0.056,0.373,0.156,0.206,0.162,0.365,0.574,0.426,0.861,0.139,0.681,0.319,407,861,0.473,239,204,358,292,88,309,268,377,177,273,197,111,253,352,308,256,356,148,317,252,54,54,230,1,2025-26,Regular Season,Scoring
1628384,OG Anunoby,OG,1610612752,NYK,28.0,65,43,22,0.662,33.4,0.497,0.503,0.417,0.027,0.419,0.133,0.164,0.141,0.39,0.67,0.33,0.968,0.032,0.789,0.211,384,790,0.486,145,57,284,108,30,362,215,382,314,218,277,216,353,333,191,373,197,307,174,395,65,70,186,1,2025-26,Regular Season,Scoring
1630167,Obi Toppin,Obi,1610612754,IND,28.0,20,3,17,0.15,17.3,0.441,0.559,0.445,0.057,0.398,0.137,0.157,0.09,0.389,0.702,0.298,1.0,0.0,0.813,0.187,75,152,0.493,443,491,219,546,334,419,158,348,174,241,259,241,521,335,163,401,1,357,143,426,364,374,169,1,2025-26,Regular Season,Scoring
1630534,Ochai Agbaji,Ochai,1610612751,BKN,25.0,62,28,34,0.452,15.7,0.543,0.457,0.561,0.025,0.325,0.268,0.114,0.169,0.535,0.83,0.17,0.941,0.059,0.861,0.139,122,280,0.436,176,204,460,355,370,310,267,203,322,316,31,381,221,176,39,525,252,250,89,480,300,286,354,2,2025-26,Regular Season,Scoring
1630846,Olivier Sarr,Olivier,1610612739,CLE,27.0,2,2,0,1.0,2.7,0.0,0.0,0.0,0.0,0.0,0.0,1.0,0.0,0.0,0.0,0.0,0.0,0.0,0.0,0.0,0,0,0.0,563,512,1,1,573,572,537,564,439,504,534,1,545,562,557,541,504,357,565,543,569,577,569,1,2025-26,Regular Season,Scoring
1641765,Olivier-Maxence Prosper,Olivier-Maxence,1610612763,MEM,23.0,53,16,37,0.302,18.6,0.577,0.423,0.498,0.008,0.34,0.217,0.162,0.196,0.491,0.758,0.242,0.95,0.05,0.818,0.182,192,350,0.549,261,341,492,443,309,265,312,275,415,301,64,226,127,221,91,472,234,270,135,434,216,248,83,1,2025-26,Regular Season,Scoring
1630209,Omer Yurtseven,Omer,1610612744,GSW,27.0,9,3,6,0.333,11.6,0.846,0.154,0.647,0.059,0.0,0.0,0.353,0.176,0.588,0.545,0.455,0.0,0.0,0.545,0.455,11,26,0.423,492,491,86,420,438,90,487,121,166,504,534,19,186,137,338,225,504,357,455,114,489,492,389,1,2025-26,Regular Season,Scoring
1630168,Onyeka Okongwu,Onyeka,1610612737,ATL,25.0,72,40,32,0.556,31.1,0.551,0.449,0.475,0.005,0.389,0.077,0.136,0.139,0.47,0.744,0.256,1.0,0.0,0.835,0.165,405,845,0.479,65,91,434,228,66,298,279,306,428,252,437,313,372,246,112,452,1,357,112,457,55,59,207,1,2025-26,Regular Season,Scoring
1631115,Orlando Robinson,Orlando,1610612753,ORL,25.0,4,2,2,0.5,6.2,0.6,0.4,0.571,0.0,0.429,0.0,0.0,0.429,0.571,1.0,0.0,1.0,0.0,1.0,0.0,3,5,0.6,539,512,31,300,523,243,331,189,439,205,534,548,7,150,1,541,1,357,1,543,541,552,47,1,2025-26,Regular Season,Scoring
1631131,Oscar Tshiebwe,Oscar,1610612762,UTA,26.0,24,2,22,0.083,15.3,1.0,0.0,0.87,0.039,0.0,0.221,0.13,0.13,0.831,0.701,0.299,0.0,0.0,0.701,0.299,67,107,0.626,425,512,284,558,375,1,537,21,245,504,60,329,413,29,165,399,504,357,289,279,374,404,35,1,2025-26,Regular Season,Scoring
1642345,Oso Ighodaro,Oso,1610612756,PHX,23.0,78,43,35,0.551,22.3,0.997,0.003,0.9,0.024,0.0,0.073,0.1,0.116,0.876,0.769,0.231,0.0,0.0,0.769,0.231,229,350,0.654,10,57,469,239,232,42,535,15,330,504,451,413,463,17,80,484,504,357,208,361,172,248,25,1,2025-26,Regular Season,Scoring
1631172,Ousmane Dieng,Ousmane,1610612749,MIL,22.0,53,32,21,0.604,18.2,0.536,0.464,0.467,0.142,0.465,0.102,0.068,0.165,0.325,0.371,0.629,0.746,0.254,0.52,0.48,148,349,0.424,261,170,268,171,317,317,260,318,36,176,370,487,240,405,477,87,436,68,465,104,265,250,387,2,2025-26,Regular Season,Scoring
1629023,P.J. Washington,P.J.,1610612742,DAL,27.0,56,16,40,0.286,31.0,0.644,0.356,0.555,0.028,0.288,0.165,0.157,0.116,0.527,0.586,0.414,0.961,0.039,0.682,0.318,296,658,0.45,230,341,510,451,68,198,379,210,309,357,175,236,462,183,296,268,211,293,314,255,117,103,310,1,2025-26,Regular Season,Scoring
1641790,PJ Hall,PJ,1610612766,CHA,24.0,19,7,12,0.368,11.2,0.915,0.085,0.628,0.0,0.105,0.035,0.267,0.233,0.628,0.741,0.259,1.0,0.0,0.767,0.233,30,59,0.508,450,441,158,400,441,70,507,129,439,464,514,43,64,112,113,451,1,357,210,359,441,452,135,2,2025-26,Regular Season,Scoring
1642359,Pacôme Dadiet,Pacôme,1610612752,NYK,20.0,27,17,10,0.63,3.9,0.286,0.714,0.294,0.0,0.529,0.471,0.177,0.294,0.294,0.8,0.2,1.0,0.0,0.909,0.091,11,35,0.314,413,324,139,143,555,524,53,493,439,127,8,181,22,441,59,501,1,357,41,527,489,482,541,1,2025-26,Regular Season,Scoring
1631094,Paolo Banchero,Paolo,1610612753,ORL,23.0,69,36,33,0.522,34.9,0.761,0.239,0.554,0.089,0.16,0.128,0.286,0.156,0.464,0.438,0.562,0.768,0.232,0.491,0.509,509,1109,0.459,89,129,446,282,14,114,463,212,101,442,294,33,277,254,431,133,417,87,487,82,25,23,273,1,2025-26,Regular Season,Scoring
1627783,Pascal Siakam,Pascal,1610612754,IND,32.0,62,17,45,0.274,33.2,0.746,0.254,0.611,0.09,0.212,0.12,0.177,0.123,0.521,0.482,0.518,0.857,0.143,0.553,0.447,559,1155,0.484,176,324,541,466,39,120,457,138,99,418,321,183,433,194,401,163,359,143,447,122,17,17,189,1,2025-26,Regular Season,Scoring
1626192,Pat Connaughton,Pat,1610612766,CHA,33.0,40,25,15,0.625,7.3,0.386,0.614,0.309,0.0,0.573,0.191,0.118,0.082,0.309,0.765,0.235,1.0,0.0,0.895,0.105,38,83,0.458,350,230,193,147,502,467,110,479,439,86,100,371,529,427,86,478,1,357,54,515,422,426,276,1,2025-26,Regular Season,Scoring
1630311,Pat Spencer,Pat,1610612744,GSW,29.0,62,29,33,0.468,18.0,0.622,0.378,0.535,0.086,0.367,0.084,0.098,0.159,0.449,0.314,0.686,0.741,0.259,0.448,0.552,172,397,0.433,176,196,446,342,320,222,355,228,106,279,422,421,263,269,512,52,439,65,512,57,241,220,363,1,2025-26,Regular Season,Scoring
1631116,Patrick Baldwin Jr.,Patrick,1610612758,SAC,23.0,9,3,6,0.333,11.4,0.481,0.519,0.303,0.061,0.545,0.121,0.152,0.061,0.242,0.4,0.6,1.0,0.0,0.727,0.273,11,27,0.407,492,491,86,420,439,384,193,483,161,110,316,253,537,485,459,103,1,357,258,309,489,490,440,3,2025-26,Regular Season,Scoring
1630172,Patrick Williams,Patrick,1610612741,CHI,24.0,68,22,46,0.324,19.7,0.431,0.569,0.339,0.045,0.561,0.12,0.1,0.116,0.294,0.408,0.592,0.905,0.095,0.669,0.331,160,434,0.369,104,267,548,431,288,422,155,452,214,96,320,412,464,442,454,109,319,185,329,240,254,208,505,1,2025-26,Regular Season,Scoring
202331,Paul George,Paul,1610612755,PHI,35.0,34,20,14,0.588,31.1,0.505,0.495,0.379,0.163,0.478,0.081,0.143,0.135,0.216,0.368,0.632,0.771,0.229,0.552,0.448,210,479,0.438,387,292,180,188,67,350,227,419,23,158,429,289,390,502,478,86,415,89,449,120,198,186,345,1,2025-26,Regular Season,Scoring
1630194,Paul Reed,Paul,1610612765,DET,26.0,62,44,18,0.71,13.9,0.878,0.122,0.772,0.039,0.084,0.075,0.144,0.179,0.733,0.715,0.285,0.923,0.077,0.729,0.271,192,320,0.6,176,50,231,71,398,83,494,64,246,471,445,284,177,74,147,417,287,212,255,312,216,263,47,1,2025-26,Regular Season,Scoring
1630202,Payton Pritchard,Payton,1610612738,BOS,28.0,76,52,24,0.684,32.4,0.487,0.513,0.442,0.093,0.465,0.076,0.093,0.116,0.349,0.246,0.754,0.74,0.26,0.449,0.551,485,1049,0.462,25,13,318,86,44,374,203,355,92,174,442,436,456,370,537,27,440,64,508,61,32,31,262,1,2025-26,Regular Season,Scoring
1642362,Payton Sandfort,Payton,1610612760,OKC,23.0,2,2,0,1.0,3.5,0.2,0.8,0.0,0.0,0.75,0.0,0.25,0.0,0.0,0.0,0.0,1.0,0.0,1.0,0.0,1,5,0.2,563,512,1,1,563,553,23,564,439,18,534,53,545,562,557,541,1,357,1,543,554,552,560,1,2025-26,Regular Season,Scoring
1641796,Pelle Larsson,Pelle,1610612748,MIA,25.0,67,37,30,0.552,26.3,0.658,0.342,0.54,0.008,0.229,0.196,0.231,0.17,0.532,0.649,0.351,0.966,0.034,0.719,0.281,263,526,0.5,117,123,407,238,160,180,397,223,412,408,91,75,212,180,230,334,201,301,269,300,144,156,150,1,2025-26,Regular Season,Scoring
1631250,Pete Nance,Pete,1610612749,MIL,26.0,45,14,31,0.311,15.4,0.385,0.615,0.39,0.0,0.598,0.069,0.012,0.114,0.39,0.729,0.271,0.98,0.02,0.856,0.144,97,182,0.533,316,368,422,441,373,468,107,408,439,73,462,546,471,331,130,432,173,331,100,469,331,353,101,1,2025-26,Regular Season,Scoring
1631212,Peyton Watson,Peyton,1610612743,DEN,23.0,54,36,18,0.667,29.6,0.661,0.339,0.517,0.066,0.308,0.152,0.175,0.141,0.451,0.652,0.348,0.975,0.025,0.744,0.256,285,581,0.491,250,129,231,94,101,176,401,248,150,331,208,192,362,267,225,339,183,321,242,327,128,132,173,1,2025-26,Regular Season,Scoring
1630173,Precious Achiuwa,Precious,1610612758,SAC,26.0,70,19,51,0.271,23.6,0.841,0.159,0.784,0.02,0.117,0.136,0.099,0.195,0.764,0.535,0.465,1.0,0.0,0.577,0.423,298,554,0.538,80,308,563,469,206,91,486,61,345,460,266,420,129,60,347,217,1,357,425,144,116,149,97,1,2025-26,Regular Season,Scoring
1629656,Quentin Grimes,Quentin,1610612755,PHI,25.0,72,40,32,0.556,29.7,0.488,0.512,0.422,0.04,0.38,0.194,0.198,0.184,0.383,0.576,0.424,0.885,0.115,0.692,0.308,325,721,0.451,65,91,434,228,99,372,205,376,237,264,94,133,156,338,304,260,338,166,301,267,100,87,307,1,2025-26,Regular Season,Scoring
1631245,Quenton Jackson,Quenton,1610612754,IND,27.0,45,9,36,0.2,17.5,0.629,0.371,0.487,0.041,0.3,0.174,0.213,0.179,0.446,0.558,0.442,0.949,0.051,0.672,0.328,134,280,0.479,316,418,482,520,327,213,364,288,232,340,148,99,174,273,326,238,237,266,325,244,279,286,211,1,2025-26,Regular Season,Scoring
1642366,Quinten Post,Quinten,1610612744,GSW,26.0,67,32,35,0.478,17.3,0.369,0.631,0.39,0.031,0.544,0.033,0.066,0.107,0.359,0.69,0.31,0.989,0.011,0.834,0.166,193,439,0.44,117,170,469,334,332,479,98,410,288,117,519,494,485,360,172,392,154,350,113,456,214,207,339,1,2025-26,Regular Season,Scoring
1629628,RJ Barrett,RJ,1610612761,TOR,25.0,54,31,23,0.574,30.2,0.649,0.351,0.553,0.015,0.27,0.206,0.177,0.176,0.538,0.605,0.395,0.946,0.054,0.689,0.311,379,770,0.492,250,177,303,205,83,190,386,213,367,375,72,180,189,172,277,287,244,260,308,261,71,75,170,1,2025-26,Regular Season,Scoring
1642853,Rasheer Fleming,Rasheer,1610612756,PHX,21.0,51,27,24,0.529,11.7,0.402,0.598,0.361,0.0,0.556,0.208,0.083,0.204,0.361,0.769,0.231,1.0,0.0,0.886,0.114,79,194,0.407,277,216,318,273,434,452,125,436,439,101,68,461,104,358,78,485,1,357,63,505,358,349,442,1,2025-26,Regular Season,Scoring
1642484,RayJ Dennis,RayJ,1610612737,ATL,25.0,16,3,13,0.188,11.2,0.466,0.534,0.313,0.031,0.563,0.125,0.124,0.234,0.281,0.6,0.4,0.75,0.25,0.682,0.318,22,73,0.301,458,491,168,531,442,398,179,477,286,94,302,343,59,456,278,278,428,70,316,253,457,437,545,3,2025-26,Regular Season,Scoring
1641712,Rayan Rupert,Rayan,1610612763,MEM,21.0,62,29,33,0.468,16.0,0.56,0.44,0.454,0.041,0.417,0.163,0.129,0.234,0.414,0.478,0.522,0.927,0.073,0.648,0.352,108,273,0.396,176,196,446,342,363,279,298,336,235,224,179,333,61,310,405,159,281,222,360,209,317,291,473,2,2025-26,Regular Season,Scoring
1642263,Reed Sheppard,Reed,1610612745,HOU,21.0,78,49,29,0.628,26.5,0.392,0.608,0.322,0.085,0.614,0.141,0.064,0.16,0.238,0.363,0.637,0.756,0.244,0.582,0.418,388,900,0.431,10,31,391,146,156,460,117,469,109,66,238,498,258,492,482,82,426,78,423,146,63,49,369,1,2025-26,Regular Season,Scoring
1642434,Riley Minix,Riley,1610612739,CLE,25.0,7,6,1,0.857,3.6,0.5,0.5,0.526,0.0,0.474,0.105,0.0,0.105,0.526,0.2,0.8,1.0,0.0,0.5,0.5,8,12,0.667,506,456,9,10,561,354,216,237,439,163,361,548,489,185,550,12,1,357,473,86,508,528,15,2,2025-26,Regular Season,Scoring
1642265,Rob Dillingham,Rob,1610612741,CHI,21.0,61,27,34,0.443,14.1,0.69,0.31,0.606,0.135,0.3,0.088,0.094,0.129,0.471,0.34,0.66,0.794,0.206,0.453,0.547,137,358,0.383,193,216,460,362,396,152,425,140,41,340,408,431,416,245,492,72,406,98,507,62,274,239,490,2,2025-26,Regular Season,Scoring
1629057,Robert Williams III,Robert,1610612757,POR,28.0,56,28,28,0.5,17.1,0.911,0.089,0.861,0.032,0.056,0.064,0.083,0.139,0.829,0.689,0.311,1.0,0.0,0.702,0.298,168,236,0.712,230,204,372,300,339,71,506,24,283,478,472,463,369,33,174,390,1,357,287,282,245,321,9,1,2025-26,Regular Season,Scoring
1642911,Rocco Zikarsky,Rocco,1610612750,MIN,19.0,4,0,4,0.0,4.1,1.0,0.0,1.0,0.0,0.0,0.333,0.0,0.0,1.0,1.0,0.0,0.0,0.0,1.0,0.0,3,5,0.6,539,560,59,560,552,1,537,1,439,504,17,548,545,1,1,541,504,357,1,543,541,552,47,1,2025-26,Regular Season,Scoring
1631199,Ron Harper Jr.,Ron,1610612738,BOS,25.0,27,20,7,0.741,10.0,0.229,0.771,0.247,0.0,0.742,0.191,0.011,0.079,0.247,0.364,0.636,1.0,0.0,0.788,0.212,33,83,0.398,413,292,103,53,466,546,31,510,439,22,99,547,530,484,480,83,1,357,177,391,431,426,463,1,2025-26,Regular Season,Scoring
1641842,Ronald Holland II,Ronald,1610612765,DET,20.0,75,53,22,0.707,19.8,0.644,0.356,0.594,0.013,0.213,0.267,0.193,0.285,0.581,0.622,0.378,1.0,0.0,0.695,0.305,223,519,0.43,32,11,284,73,285,199,378,155,381,417,33,142,28,142,262,302,1,357,299,270,178,159,371,1,2025-26,Regular Season,Scoring
1626220,Royce O'Neale,Royce,1610612756,PHX,32.0,75,42,33,0.56,28.7,0.167,0.833,0.13,0.011,0.834,0.183,0.036,0.163,0.119,0.583,0.417,0.932,0.068,0.866,0.134,253,604,0.419,32,72,446,221,116,561,16,553,399,6,126,535,250,545,298,265,270,234,80,489,150,127,409,1,2025-26,Regular Season,Scoring
203497,Rudy Gobert,Rudy,1610612750,MIN,33.0,75,45,30,0.6,31.3,0.99,0.01,0.808,0.002,0.0,0.091,0.192,0.148,0.806,0.658,0.342,0.0,0.0,0.658,0.342,333,486,0.685,32,45,407,172,59,47,530,46,438,504,399,147,316,39,216,348,504,357,348,221,92,179,12,1,2025-26,Regular Season,Scoring
1629060,Rui Hachimura,Rui,1610612747,LAL,28.0,64,44,20,0.688,28.3,0.551,0.449,0.487,0.203,0.451,0.136,0.062,0.167,0.284,0.783,0.217,0.981,0.019,0.859,0.141,283,555,0.51,153,50,260,82,122,299,278,286,12,190,262,502,230,454,69,495,166,338,93,476,130,146,134,1,2025-26,Regular Season,Scoring
201566,Russell Westbrook,Russell,1610612758,SAC,37.0,64,16,48,0.25,28.9,0.548,0.452,0.474,0.084,0.395,0.115,0.131,0.139,0.389,0.226,0.774,0.828,0.172,0.441,0.559,358,839,0.427,153,341,552,481,110,302,275,308,111,245,337,325,370,334,544,20,377,127,517,52,83,60,376,1,2025-26,Regular Season,Scoring
1642346,Ryan Dunn,Ryan,1610612756,PHX,23.0,66,38,28,0.576,19.3,0.533,0.467,0.528,0.005,0.42,0.192,0.052,0.199,0.523,0.637,0.363,1.0,0.0,0.763,0.237,156,345,0.452,132,113,372,202,299,323,253,236,430,215,98,515,117,190,244,320,1,357,215,354,258,253,300,1,2025-26,Regular Season,Scoring
1641750,Ryan Kalkbrenner,Ryan,1610612766,CHA,24.0,66,38,28,0.576,21.5,0.982,0.018,0.841,0.004,0.0,0.012,0.159,0.093,0.837,0.717,0.283,0.0,0.0,0.717,0.283,212,284,0.746,132,113,372,202,247,52,525,36,433,504,532,232,515,26,145,418,504,357,270,298,193,284,7,1,2025-26,Regular Season,Scoring
1642948,Ryan Nembhard,Ryan,1610612742,DAL,23.0,56,19,37,0.339,18.7,0.635,0.365,0.546,0.218,0.397,0.129,0.057,0.161,0.328,0.263,0.737,0.761,0.239,0.426,0.574,141,345,0.409,230,308,492,419,308,210,367,220,10,243,292,505,256,400,530,34,421,83,524,45,271,253,438,1,2025-26,Regular Season,Scoring
1631157,Ryan Rollins,Ryan,1610612749,MIL,23.0,73,29,44,0.397,32.1,0.558,0.442,0.469,0.108,0.436,0.104,0.095,0.121,0.361,0.241,0.759,0.639,0.361,0.393,0.607,478,1011,0.473,54,196,538,389,46,283,294,314,64,199,366,429,443,359,540,24,475,29,537,32,36,34,228,1,2025-26,Regular Season,Scoring
1630180,Saddiq Bey,Saddiq,1610612740,NOP,26.0,72,24,48,0.333,31.2,0.574,0.426,0.448,0.028,0.356,0.133,0.196,0.153,0.42,0.442,0.558,0.927,0.073,0.61,0.39,436,967,0.451,65,241,552,420,64,268,309,344,305,284,279,137,289,300,429,135,280,224,399,170,46,42,306,1,2025-26,Regular Season,Scoring
1630573,Sam Hauser,Sam,1610612738,BOS,28.0,75,52,23,0.693,24.8,0.162,0.838,0.155,0.056,0.82,0.142,0.025,0.143,0.099,0.774,0.226,0.968,0.032,0.925,0.075,240,574,0.418,32,13,303,79,190,564,13,547,179,7,235,540,342,550,75,488,195,309,35,533,160,138,414,1,2025-26,Regular Season,Scoring
1630241,Sam Merrill,Sam,1610612739,CLE,29.0,51,36,15,0.706,26.5,0.227,0.773,0.198,0.037,0.712,0.105,0.09,0.12,0.161,0.815,0.185,0.942,0.058,0.905,0.095,221,481,0.459,277,129,193,74,155,548,29,536,260,32,363,441,444,528,51,513,251,253,45,524,183,184,272,1,2025-26,Regular Season,Scoring
1630572,Sandro Mamukelashvili,Sandro,1610612761,TOR,26.0,76,41,35,0.539,21.9,0.535,0.465,0.486,0.005,0.381,0.143,0.133,0.174,0.482,0.749,0.251,1.0,0.0,0.835,0.165,315,602,0.523,25,79,469,256,239,320,256,289,431,263,229,320,195,230,109,455,1,357,111,458,109,128,107,1,2025-26,Regular Season,Scoring
1630583,Santi Aldama,Santi,1610612763,MEM,25.0,43,19,24,0.442,27.9,0.58,0.42,0.525,0.053,0.349,0.136,0.126,0.158,0.472,0.804,0.196,0.986,0.014,0.86,0.14,228,476,0.479,326,308,318,363,127,263,314,241,186,290,265,340,267,243,57,507,158,346,92,477,173,188,208,1,2025-26,Regular Season,Scoring
1630703,Scoot Henderson,Scoot,1610612757,POR,22.0,27,16,11,0.593,24.1,0.53,0.47,0.397,0.094,0.399,0.073,0.204,0.178,0.303,0.408,0.592,0.745,0.255,0.543,0.457,127,304,0.418,413,341,150,183,199,327,250,399,89,240,449,115,181,436,454,109,437,67,456,113,292,271,416,1,2025-26,Regular Season,Scoring
1630567,Scottie Barnes,Scottie,1610612761,TOR,24.0,76,42,34,0.553,33.7,0.797,0.203,0.693,0.123,0.139,0.139,0.168,0.157,0.569,0.553,0.447,0.922,0.078,0.597,0.403,541,1077,0.502,25,72,460,235,26,103,474,104,50,452,247,208,273,156,332,232,294,210,410,159,18,28,148,1,2025-26,Regular Season,Scoring
1630590,Scotty Pippen Jr.,Scotty,1610612763,MEM,25.0,10,2,8,0.2,21.2,0.667,0.333,0.579,0.07,0.263,0.263,0.158,0.219,0.509,0.455,0.545,0.8,0.2,0.535,0.465,43,96,0.448,489,512,114,520,257,167,405,181,140,379,35,234,82,207,422,142,398,103,458,111,411,414,317,1,2025-26,Regular Season,Scoring
1642951,Sean Pedulla,Sean,1610612746,LAC,23.0,5,3,2,0.6,5.3,0.308,0.692,0.308,0.0,0.692,0.0,0.0,0.154,0.308,0.5,0.5,1.0,0.0,0.8,0.2,5,13,0.385,527,491,31,172,534,515,62,480,439,39,534,548,284,429,382,169,1,357,155,408,526,522,487,1,2025-26,Regular Season,Scoring
203552,Seth Curry,Seth,1610612744,GSW,35.0,7,0,7,0.0,11.6,0.483,0.517,0.4,0.222,0.467,0.0,0.133,0.111,0.178,0.778,0.222,1.0,0.0,0.875,0.125,16,29,0.552,506,560,103,560,436,381,195,395,8,173,534,316,477,522,71,490,1,357,72,496,473,487,82,1,2025-26,Regular Season,Scoring
1631101,Shaedon Sharpe,Shaedon,1610612757,POR,22.0,48,22,26,0.458,30.0,0.649,0.351,0.556,0.098,0.296,0.172,0.148,0.177,0.459,0.432,0.568,0.545,0.455,0.461,0.539,386,847,0.456,299,267,344,353,89,190,386,206,83,351,157,267,185,258,437,127,492,12,501,68,64,58,287,1,2025-26,Regular Season,Scoring
1628983,Shai Gilgeous-Alexander,Shai,1610612760,OKC,27.0,66,54,12,0.818,33.3,0.775,0.225,0.58,0.183,0.161,0.096,0.259,0.153,0.397,0.183,0.817,0.27,0.73,0.197,0.803,712,1289,0.552,132,7,158,20,32,110,467,177,16,441,389,49,291,323,553,11,502,2,564,5,2,8,81,1,2025-26,Regular Season,Scoring
1630536,Sharife Cooper,Sharife,1610612764,WAS,24.0,37,6,31,0.162,16.5,0.695,0.305,0.587,0.08,0.25,0.101,0.163,0.203,0.507,0.259,0.741,0.652,0.348,0.346,0.654,104,213,0.488,367,456,422,543,349,145,432,170,123,387,372,221,106,209,533,31,472,32,546,23,324,331,180,1,2025-26,Regular Season,Scoring
1631321,Sidy Cissoko,Sidy,1610612757,POR,22.0,72,37,35,0.514,19.7,0.407,0.593,0.385,0.011,0.467,0.169,0.148,0.169,0.375,0.658,0.342,0.949,0.051,0.788,0.212,132,332,0.398,65,123,469,288,287,446,131,413,402,172,167,271,219,341,217,346,235,268,177,391,282,257,463,1,2025-26,Regular Season,Scoring
1631323,Simone Fontecchio,Simone,1610612748,MIA,30.0,69,35,34,0.507,16.6,0.306,0.694,0.241,0.01,0.613,0.154,0.146,0.14,0.23,0.681,0.319,0.974,0.026,0.866,0.134,186,461,0.403,89,146,460,296,345,516,61,513,403,67,205,273,365,496,180,384,186,318,81,488,224,194,454,1,2025-26,Regular Season,Scoring
1642883,Sion James,Sion,1610612766,CHA,23.0,79,43,36,0.544,22.6,0.365,0.635,0.242,0.0,0.566,0.096,0.192,0.179,0.242,0.538,0.462,0.951,0.049,0.789,0.211,133,353,0.377,1,57,482,250,222,484,93,511,439,92,390,149,174,485,342,220,233,271,171,396,281,244,496,1,2025-26,Regular Season,Scoring
1627746,Skal Labissiere,Skal,1610612764,WAS,30.0,3,2,1,0.667,12.5,0.5,0.5,0.769,0.154,0.231,0.0,0.0,0.0,0.615,1.0,0.0,1.0,0.0,1.0,0.0,6,10,0.6,552,512,9,94,420,354,216,66,27,406,534,548,545,117,1,541,1,357,1,543,520,531,47,1,2025-26,Regular Season,Scoring
1642461,Spencer Jones,Spencer,1610612743,DEN,24.0,64,41,23,0.641,22.1,0.45,0.55,0.426,0.011,0.486,0.134,0.088,0.134,0.415,0.733,0.267,1.0,0.0,0.848,0.152,132,262,0.504,153,79,303,133,237,415,162,370,391,151,275,447,395,308,123,439,1,357,104,465,282,298,145,1,2025-26,Regular Season,Scoring
1630649,Stanley Umude,Stanley,1610612759,SAS,26.0,2,2,0,1.0,3.3,0.5,0.5,1.0,0.0,0.0,0.0,0.0,0.0,1.0,1.0,0.0,0.0,0.0,1.0,0.0,1,2,0.5,563,512,1,1,566,354,216,1,439,504,534,548,545,1,1,541,504,357,1,543,554,570,150,1,2025-26,Regular Season,Scoring
201939,Stephen Curry,Stephen,1610612744,GSW,38.0,40,23,17,0.575,31.2,0.401,0.599,0.328,0.09,0.495,0.068,0.177,0.169,0.239,0.514,0.486,0.7,0.3,0.607,0.393,359,765,0.469,350,257,219,204,62,454,123,463,100,145,468,184,220,490,373,191,455,48,401,168,82,76,243,1,2025-26,Regular Season,Scoring
1642264,Stephon Castle,Stephon,1610612759,SAS,21.0,67,51,16,0.761,30.0,0.701,0.299,0.54,0.055,0.211,0.162,0.249,0.163,0.484,0.36,0.64,0.975,0.025,0.487,0.513,382,807,0.473,117,16,205,41,90,140,437,224,181,420,181,56,249,228,483,81,185,319,492,77,70,66,224,1,2025-26,Regular Season,Scoring
203500,Steven Adams,Steven,1610612745,HOU,32.0,32,21,11,0.656,22.8,1.0,0.0,0.749,0.011,0.0,0.011,0.251,0.096,0.738,0.514,0.486,0.0,0.0,0.514,0.486,70,139,0.504,395,278,150,113,220,1,537,80,401,504,533,52,508,69,371,192,504,357,468,101,369,383,146,1,2025-26,Regular Season,Scoring
1629004,Svi Mykhailiuk,Svi,1610612762,UTA,28.0,50,14,36,0.28,23.1,0.337,0.663,0.32,0.03,0.627,0.181,0.053,0.147,0.29,0.64,0.36,0.929,0.071,0.803,0.197,173,362,0.478,286,368,482,461,215,500,77,471,294,60,132,509,323,448,240,324,274,227,153,416,240,238,212,1,2025-26,Regular Season,Scoring
204456,T.J. McConnell,T.J.,1610612754,IND,34.0,56,15,41,0.268,17.2,0.889,0.111,0.861,0.328,0.091,0.076,0.048,0.116,0.533,0.292,0.708,0.938,0.063,0.335,0.665,242,450,0.538,230,357,517,475,337,77,500,25,4,468,441,523,461,179,523,41,257,245,547,22,159,202,98,1,2025-26,Regular Season,Scoring
1643007,Taelon Peter,Taelon,1610612754,IND,24.0,34,5,29,0.147,12.1,0.187,0.813,0.192,0.0,0.76,0.24,0.048,0.151,0.192,0.857,0.143,0.919,0.081,0.902,0.098,51,134,0.381,387,467,391,547,428,557,20,538,439,14,42,521,304,517,29,533,300,204,47,522,399,387,494,1,2025-26,Regular Season,Scoring
201959,Taj Gibson,Taj,1610612763,MEM,40.0,8,1,7,0.125,9.1,0.684,0.316,0.5,0.0,0.321,0.0,0.179,0.214,0.5,0.857,0.143,1.0,0.0,0.9,0.1,10,19,0.526,503,540,103,552,476,157,419,268,439,318,534,177,90,213,29,533,1,357,49,517,494,507,106,1,2025-26,Regular Season,Scoring
1631106,Tari Eason,Tari,1610612745,HOU,24.0,56,35,21,0.625,25.8,0.549,0.451,0.462,0.028,0.46,0.2,0.078,0.186,0.434,0.47,0.53,0.966,0.034,0.668,0.332,223,543,0.411,230,146,268,147,173,301,276,326,310,182,81,472,149,285,410,154,200,304,330,239,178,154,432,1,2025-26,Regular Season,Scoring
1627752,Taurean Prince,Taurean,1610612749,MIL,32.0,22,9,13,0.409,21.8,0.288,0.712,0.239,0.045,0.733,0.148,0.028,0.131,0.193,0.571,0.429,0.907,0.093,0.797,0.203,64,139,0.46,429,418,168,379,241,522,55,514,210,25,217,538,410,516,310,252,314,189,163,405,379,383,268,1,2025-26,Regular Season,Scoring
1641707,Taylor Hendricks,Taylor,1610612763,MEM,22.0,58,12,46,0.207,18.9,0.478,0.522,0.455,0.014,0.434,0.085,0.111,0.164,0.441,0.729,0.271,0.984,0.016,0.828,0.172,157,347,0.452,216,389,548,518,303,388,189,333,375,202,417,389,246,279,130,432,163,340,121,448,257,252,297,2,2025-26,Regular Season,Scoring
1629611,Terance Mann,Terance,1610612751,BKN,29.0,63,15,48,0.238,24.3,0.582,0.418,0.492,0.057,0.369,0.171,0.139,0.143,0.435,0.455,0.545,0.839,0.161,0.583,0.417,168,368,0.457,168,357,552,496,197,261,316,281,173,276,158,309,347,284,421,143,370,134,420,147,245,235,284,1,2025-26,Regular Season,Scoring
1630545,Terrence Shannon Jr.,Terrence,1610612750,MIN,25.0,39,21,18,0.538,11.3,0.556,0.444,0.382,0.013,0.401,0.223,0.217,0.185,0.369,0.533,0.467,0.81,0.19,0.647,0.353,51,124,0.411,357,278,231,257,440,285,292,416,382,237,57,91,155,348,349,215,394,110,362,205,399,390,431,1,2025-26,Regular Season,Scoring
203648,Thanasis Antetokounmpo,Thanasis,1610612749,MIL,33.0,32,9,23,0.281,3.6,0.88,0.12,0.615,0.0,0.0,0.205,0.385,0.41,0.615,0.583,0.417,0.0,0.0,0.583,0.417,12,25,0.48,395,418,303,459,560,81,496,136,439,504,74,17,9,117,298,265,504,357,420,147,485,495,204,1,2025-26,Regular Season,Scoring
1628418,Thomas Bryant,Thomas,1610612739,CLE,28.0,60,37,23,0.617,12.2,0.509,0.491,0.476,0.011,0.381,0.057,0.143,0.178,0.465,0.807,0.193,1.0,0.0,0.874,0.126,135,267,0.506,203,123,303,160,426,344,233,304,400,262,487,288,178,252,56,508,1,357,75,494,277,294,142,1,2025-26,Regular Season,Scoring
1642275,Tidjane Salaün,Tidjane,1610612766,CHA,20.0,36,18,18,0.5,15.9,0.475,0.525,0.396,0.0,0.486,0.126,0.118,0.158,0.396,0.75,0.25,0.972,0.028,0.85,0.15,80,158,0.506,373,315,231,300,367,394,183,401,439,150,298,375,269,324,94,456,191,313,102,466,357,367,139,1,2025-26,Regular Season,Scoring
203501,Tim Hardaway Jr.,Tim,1610612743,DEN,34.0,78,50,28,0.641,26.7,0.296,0.704,0.23,0.089,0.621,0.182,0.149,0.113,0.141,0.785,0.215,0.894,0.106,0.855,0.145,339,757,0.448,10,23,372,131,153,518,59,521,102,63,129,266,472,537,66,498,328,176,101,468,89,78,318,1,2025-26,Regular Season,Scoring
202699,Tobias Harris,Tobias,1610612765,DET,33.0,60,43,17,0.717,27.9,0.661,0.339,0.552,0.159,0.283,0.139,0.165,0.159,0.393,0.516,0.484,0.947,0.053,0.626,0.374,294,634,0.464,203,57,219,64,126,177,400,214,25,359,252,215,264,329,369,195,243,261,380,189,119,114,255,1,2025-26,Regular Season,Scoring
1643253,Toby Okani,Toby,1610612763,MEM,24.0,3,0,3,0.0,33.8,0.571,0.429,0.526,0.105,0.474,0.105,0.0,0.0,0.421,0.6,0.4,1.0,0.0,0.75,0.25,8,28,0.286,552,560,49,560,24,271,302,237,69,163,361,548,545,298,278,278,1,357,226,330,508,489,549,1,2025-26,Regular Season,Scoring
1642449,Tolu Smith,Tolu,1610612765,DET,25.0,13,9,4,0.692,10.0,1.0,0.0,0.667,0.0,0.0,0.039,0.333,0.176,0.667,0.647,0.353,0.0,0.0,0.647,0.353,17,33,0.515,469,418,59,80,464,1,537,111,439,504,507,20,186,97,231,333,504,357,362,205,471,483,122,1,2025-26,Regular Season,Scoring
1628396,Tony Bradley,Tony,1610612737,ATL,28.0,39,9,30,0.231,10.8,0.981,0.019,0.768,0.053,0.02,0.159,0.212,0.119,0.715,0.69,0.31,1.0,0.0,0.695,0.305,59,108,0.546,357,418,407,502,449,53,524,69,187,490,188,101,449,82,173,391,1,357,300,269,385,403,86,2,2025-26,Regular Season,Scoring
1641787,Tosan Evbuomwan,Tosan,1610612766,CHA,25.0,5,4,1,0.8,1.5,1.0,0.0,0.0,0.0,0.0,0.0,1.0,0.0,0.0,0.0,0.0,0.0,0.0,0.0,0.0,0,1,0.0,527,477,9,25,576,1,537,564,439,504,534,548,545,562,557,541,504,357,565,543,569,574,569,1,2025-26,Regular Season,Scoring
1641739,Toumani Camara,Toumani,1610612757,POR,25.0,79,40,39,0.506,33.2,0.333,0.667,0.313,0.019,0.596,0.117,0.091,0.154,0.294,0.651,0.349,0.882,0.118,0.78,0.22,377,852,0.442,1,91,507,299,36,502,69,476,352,76,332,438,283,443,227,337,339,165,192,377,74,55,335,1,2025-26,Regular Season,Scoring
1629027,Trae Young,Trae,1610612764,WAS,27.0,15,2,13,0.133,25.6,0.548,0.452,0.401,0.097,0.301,0.123,0.298,0.104,0.305,0.426,0.574,0.481,0.519,0.444,0.556,81,177,0.458,460,512,168,551,177,303,274,393,85,339,312,29,493,433,441,123,498,6,513,56,354,358,277,2,2025-26,Regular Season,Scoring
1631218,Trayce Jackson-Davis,Trayce,1610612761,TOR,26.0,51,27,24,0.529,9.6,0.992,0.008,0.768,0.0,0.017,0.13,0.215,0.169,0.768,0.735,0.265,1.0,0.0,0.739,0.261,69,121,0.57,277,216,318,273,473,46,531,68,439,495,289,94,216,59,121,443,1,357,245,323,372,392,72,2,2025-26,Regular Season,Scoring
1642848,Tre Johnson,Tre,1610612764,WAS,20.0,60,12,48,0.2,24.0,0.504,0.496,0.426,0.15,0.471,0.157,0.103,0.139,0.276,0.436,0.564,0.8,0.2,0.59,0.41,271,647,0.419,203,389,552,520,200,352,225,373,29,169,194,405,367,463,432,131,398,103,415,154,138,109,410,1,2025-26,Regular Season,Scoring
1630200,Tre Jones,Tre,1610612741,CHI,26.0,61,25,36,0.41,27.1,0.789,0.211,0.659,0.022,0.137,0.191,0.204,0.158,0.638,0.48,0.52,0.842,0.158,0.524,0.476,313,565,0.554,193,230,482,378,148,106,471,117,339,453,101,114,265,109,404,160,368,136,463,106,110,140,79,1,2025-26,Regular Season,Scoring
1630544,Tre Mann,Tre,1610612766,CHA,25.0,51,29,22,0.569,13.0,0.487,0.513,0.401,0.076,0.519,0.097,0.08,0.104,0.325,0.328,0.672,0.66,0.34,0.481,0.519,108,298,0.362,277,196,284,214,413,376,201,394,131,131,384,469,494,407,503,61,470,34,495,74,317,274,512,1,2025-26,Regular Season,Scoring
1630570,Trendon Watford,Trendon,1610612755,PHI,25.0,52,26,26,0.5,16.5,0.813,0.187,0.738,0.012,0.087,0.148,0.175,0.099,0.727,0.528,0.472,1.0,0.0,0.562,0.438,137,267,0.513,268,221,344,300,350,98,479,85,388,469,213,194,502,77,355,209,1,357,438,131,274,294,127,1,2025-26,Regular Season,Scoring
1642280,Trentyn Flowers,Trentyn,1610612741,CHI,21.0,2,0,2,0.0,2.8,0.667,0.333,1.0,0.0,0.0,0.5,0.0,0.5,1.0,0.5,0.5,0.0,0.0,0.5,0.5,2,3,0.667,563,560,31,560,572,167,405,1,439,504,6,548,3,1,382,169,504,357,473,86,548,563,15,1,2025-26,Regular Season,Scoring
1630286,Trevon Scott,Trevon,1610612751,BKN,29.0,2,1,1,0.5,17.9,0.625,0.375,0.6,0.0,0.3,0.3,0.1,0.2,0.6,0.667,0.333,1.0,0.0,0.75,0.25,4,8,0.5,563,540,9,300,321,219,358,144,439,340,21,414,110,124,193,353,1,357,226,330,531,538,150,1,2025-26,Regular Season,Scoring
1631211,Trevor Keels,Trevor,1610612748,MIA,22.0,4,4,0,1.0,1.2,0.25,0.75,0.0,0.0,0.0,0.0,1.0,0.0,0.0,0.0,0.0,0.0,0.0,0.0,0.0,0,4,0.0,539,477,1,1,578,536,38,564,439,504,534,548,545,562,557,541,504,357,565,543,569,557,569,1,2025-26,Regular Season,Scoring
1641725,Trey Alexander,Trey,1610612740,NOP,22.0,6,1,5,0.167,8.8,0.692,0.308,0.526,0.105,0.474,0.158,0.0,0.105,0.421,0.6,0.4,1.0,0.0,0.75,0.25,8,13,0.615,516,540,76,537,479,146,431,237,69,163,190,548,489,298,278,278,1,357,226,330,508,522,41,1,2025-26,Regular Season,Scoring
1641998,Trey Jemison III,Trey,1610612752,NYK,26.0,11,9,2,0.818,5.5,1.0,0.0,0.889,0.0,0.0,0.0,0.111,0.222,0.889,1.0,0.0,0.0,0.0,1.0,0.0,4,7,0.571,480,418,31,20,533,1,537,16,439,504,534,390,77,13,1,541,504,357,1,543,531,539,66,1,2025-26,Regular Season,Scoring
1630530,Trey Murphy III,Trey,1610612740,NOP,25.0,66,21,45,0.318,35.5,0.462,0.538,0.394,0.03,0.452,0.156,0.154,0.184,0.365,0.721,0.279,0.832,0.168,0.769,0.231,494,1050,0.47,132,278,541,435,5,401,176,404,299,189,199,248,157,354,142,422,375,129,207,362,31,30,239,1,2025-26,Regular Season,Scoring
1642400,Tristan Enaruna,Tristan,1610612739,CLE,24.0,7,7,0,1.0,6.5,0.667,0.333,0.8,0.0,0.2,0.133,0.0,0.267,0.8,0.667,0.333,1.0,0.0,0.714,0.286,7,18,0.389,506,441,1,1,516,167,405,48,439,426,276,548,35,41,193,353,1,357,274,294,516,512,480,1,2025-26,Regular Season,Scoring
1641774,Tristan Vukcevic,Tristan,1610612764,WAS,23.0,49,8,41,0.163,13.7,0.546,0.454,0.463,0.063,0.34,0.1,0.197,0.125,0.399,0.745,0.255,0.88,0.12,0.789,0.211,152,317,0.479,293,433,517,542,404,304,273,324,156,300,378,135,430,322,110,454,340,162,171,396,261,264,205,1,2025-26,Regular Season,Scoring
1641783,Tristan da Silva,Tristan,1610612753,ORL,24.0,74,41,33,0.554,24.8,0.483,0.517,0.411,0.046,0.478,0.157,0.111,0.15,0.365,0.651,0.349,0.949,0.051,0.781,0.219,270,601,0.449,41,79,446,233,189,383,194,386,207,159,195,393,308,353,226,338,235,268,188,381,140,129,314,1,2025-26,Regular Season,Scoring
1629660,Ty Jerome,Ty,1610612763,MEM,28.0,15,3,12,0.2,22.6,0.535,0.465,0.407,0.068,0.427,0.095,0.166,0.136,0.339,0.3,0.7,0.238,0.762,0.275,0.725,102,215,0.474,460,491,158,520,223,320,256,390,143,212,393,213,385,383,518,45,503,1,559,10,329,329,220,1,2025-26,Regular Season,Scoring
1631102,TyTy Washington Jr.,TyTy,1610612746,LAC,24.0,13,7,6,0.538,5.9,0.579,0.421,0.571,0.0,0.429,0.095,0.0,0.19,0.571,0.5,0.5,0.667,0.333,0.556,0.444,9,19,0.474,469,441,86,257,528,264,313,189,439,205,391,548,136,150,382,169,461,36,443,125,501,507,221,1,2025-26,Regular Season,Scoring
1631174,Tyler Burton,Tyler,1610612763,MEM,26.0,12,2,10,0.167,25.6,0.411,0.589,0.31,0.0,0.512,0.171,0.178,0.202,0.31,0.65,0.35,0.955,0.045,0.81,0.19,42,112,0.375,474,512,139,537,179,441,136,478,439,135,161,178,109,425,228,336,227,277,147,422,416,400,498,1,2025-26,Regular Season,Scoring
1629639,Tyler Herro,Tyler,1610612748,MIA,26.0,30,13,17,0.433,31.7,0.574,0.426,0.482,0.072,0.369,0.148,0.149,0.152,0.411,0.497,0.503,0.759,0.241,0.585,0.415,234,486,0.481,401,379,219,367,53,267,310,293,136,278,216,263,292,312,396,168,423,81,417,152,167,179,199,1,2025-26,Regular Season,Scoring
1642278,Tyler Kolek,Tyler,1610612752,NYK,25.0,62,39,23,0.629,11.7,0.54,0.46,0.467,0.044,0.482,0.117,0.051,0.135,0.423,0.344,0.656,0.727,0.273,0.5,0.5,108,248,0.435,176,100,303,144,433,312,265,319,218,155,331,516,388,295,490,74,443,60,473,86,317,312,357,1,2025-26,Regular Season,Scoring
1641890,Tyler Smith,Tyler,1610612742,DAL,21.0,8,1,7,0.125,9.6,0.36,0.64,0.476,0.0,0.429,0.238,0.095,0.095,0.476,0.6,0.4,1.0,0.0,0.75,0.25,8,25,0.32,503,540,103,552,472,487,90,302,439,205,43,425,510,237,278,278,1,357,226,330,508,495,539,1,2025-26,Regular Season,Scoring
1631213,Tyrese Martin,Tyrese,1610612755,PHI,27.0,45,11,34,0.244,17.2,0.404,0.596,0.386,0.041,0.548,0.159,0.066,0.183,0.345,0.482,0.518,0.887,0.113,0.679,0.321,109,277,0.394,316,402,460,494,335,450,127,412,228,108,189,497,162,376,402,162,336,168,319,250,316,288,476,2,2025-26,Regular Season,Scoring
1630178,Tyrese Maxey,Tyrese,1610612755,PHI,25.0,67,36,31,0.537,38.2,0.601,0.399,0.477,0.081,0.334,0.196,0.189,0.194,0.396,0.381,0.619,0.594,0.406,0.449,0.551,666,1440,0.463,117,129,422,261,1,241,336,300,121,307,92,158,134,325,469,95,483,21,509,60,6,3,261,1,2025-26,Regular Season,Scoring
1642878,Tyrese Proctor,Tyrese,1610612739,CLE,22.0,48,32,16,0.667,10.4,0.408,0.592,0.332,0.077,0.511,0.132,0.157,0.255,0.255,0.385,0.615,0.75,0.25,0.57,0.43,79,201,0.393,299,170,205,94,458,444,133,458,130,136,286,237,41,480,466,96,428,70,431,138,358,345,477,1,2025-26,Regular Season,Scoring
1630623,Tyson Etienne,Tyson,1610612751,BKN,26.0,20,4,16,0.2,12.2,0.172,0.828,0.098,0.033,0.756,0.138,0.146,0.171,0.065,0.5,0.5,0.935,0.065,0.865,0.135,37,87,0.425,443,477,205,520,427,560,17,559,280,16,253,275,206,557,382,169,263,239,82,486,424,424,381,1,2025-26,Regular Season,Scoring
1626145,Tyus Jones,Tyus,1610612743,DEN,29.0,65,35,30,0.538,14.4,0.366,0.634,0.378,0.086,0.584,0.054,0.038,0.135,0.292,0.571,0.429,0.806,0.194,0.69,0.31,71,205,0.346,145,146,407,257,392,483,94,421,104,82,492,533,387,446,310,252,396,108,305,264,366,338,517,3,2025-26,Regular Season,Scoring
1642845,VJ Edgecombe,VJ,1610612755,PHI,20.0,72,41,31,0.569,34.9,0.589,0.411,0.499,0.111,0.377,0.189,0.124,0.165,0.388,0.444,0.556,0.821,0.179,0.57,0.43,433,988,0.438,65,79,422,213,13,255,322,274,62,267,115,348,241,336,425,137,384,120,429,140,47,41,346,1,2025-26,Regular Season,Scoring
1641705,Victor Wembanyama,Victor,1610612759,SAS,22.0,63,49,14,0.778,29.2,0.675,0.325,0.537,0.096,0.231,0.096,0.232,0.125,0.441,0.649,0.351,0.892,0.108,0.703,0.297,539,1057,0.51,168,31,180,36,106,159,418,226,86,406,388,73,425,278,229,335,331,173,286,283,19,29,133,1,2025-26,Regular Season,Scoring
1631246,Vince Williams Jr.,Vince,1610612762,UTA,25.0,40,16,24,0.4,20.5,0.394,0.606,0.32,0.047,0.55,0.08,0.13,0.137,0.273,0.375,0.625,0.873,0.127,0.641,0.359,103,292,0.353,350,341,318,385,269,458,119,470,206,105,431,328,381,465,473,91,348,155,370,199,326,281,514,2,2025-26,Regular Season,Scoring
1642884,Vladislav Goldin,Vladislav,1610612748,MIA,24.0,5,3,2,0.6,2.8,1.0,0.0,1.0,0.0,0.0,0.0,0.0,0.0,1.0,1.0,0.0,0.0,0.0,1.0,0.0,2,3,0.667,527,491,31,172,571,1,537,1,439,504,534,548,545,1,1,541,504,357,1,543,548,563,15,1,2025-26,Regular Season,Scoring
1630249,Vít Krejčí,Vít,1610612757,POR,25.0,64,31,33,0.484,21.7,0.232,0.768,0.23,0.026,0.701,0.133,0.069,0.177,0.204,0.873,0.127,0.945,0.055,0.921,0.079,191,426,0.448,153,177,446,329,246,544,33,520,321,35,278,481,182,513,28,536,248,256,37,532,218,214,316,2,2025-26,Regular Season,Scoring
1631117,Walker Kessler,Walker,1610612762,UTA,24.0,5,2,3,0.4,30.8,0.784,0.216,0.556,0.0,0.25,0.056,0.194,0.208,0.556,0.6,0.4,1.0,0.0,0.692,0.308,26,37,0.703,527,512,49,385,72,109,468,207,439,387,490,140,99,162,278,278,1,357,301,267,450,478,10,1,2025-26,Regular Season,Scoring
1642383,Walter Clayton Jr.,Walter,1610612763,MEM,23.0,68,17,51,0.25,20.4,0.47,0.53,0.379,0.054,0.419,0.111,0.202,0.111,0.325,0.434,0.566,0.712,0.288,0.552,0.448,172,451,0.381,104,324,563,481,271,396,181,420,185,219,350,120,479,408,436,128,450,53,450,119,241,200,493,2,2025-26,Regular Season,Scoring
1628976,Wendell Carter Jr.,Wendell,1610612753,ORL,26.0,75,41,34,0.547,29.5,0.642,0.358,0.549,0.062,0.239,0.065,0.212,0.117,0.487,0.738,0.262,1.0,0.0,0.797,0.203,320,620,0.516,32,79,460,247,102,200,377,215,158,401,471,100,455,226,119,445,1,357,163,405,103,121,120,1,2025-26,Regular Season,Scoring
1631111,Wendell Moore Jr.,Wendell,1610612765,DET,24.0,5,4,1,0.8,10.9,0.857,0.143,0.8,0.0,0.0,0.6,0.2,0.4,0.8,0.5,0.5,0.0,0.0,0.5,0.5,4,7,0.571,527,477,9,25,445,85,491,48,439,504,4,125,11,41,382,169,504,357,473,86,531,539,66,1,2025-26,Regular Season,Scoring
1642954,Will Richard,Will,1610612744,GSW,23.0,67,34,33,0.507,20.2,0.392,0.608,0.413,0.027,0.483,0.243,0.104,0.272,0.385,0.681,0.319,0.972,0.028,0.809,0.191,162,342,0.474,117,158,446,294,274,461,116,385,313,154,39,404,32,337,179,385,192,312,148,421,252,255,221,1,2025-26,Regular Season,Scoring
1642860,Will Riley,Will,1610612764,WAS,20.0,70,16,54,0.229,21.4,0.6,0.4,0.497,0.05,0.314,0.105,0.189,0.16,0.446,0.466,0.534,0.84,0.16,0.577,0.423,253,555,0.456,80,341,571,506,249,243,331,276,198,324,365,155,257,272,415,149,369,135,426,143,150,146,286,1,2025-26,Regular Season,Scoring
1630214,Xavier Tillman,Xavier,1610612766,CHA,27.0,29,21,8,0.724,6.2,0.6,0.4,0.762,0.0,0.214,0.119,0.024,0.214,0.762,0.75,0.25,1.0,0.0,0.789,0.211,19,45,0.422,405,278,114,58,522,243,331,75,439,416,324,541,90,61,94,456,1,357,171,396,466,468,394,2,2025-26,Regular Season,Scoring
1642905,Yang Hansen,ang Hansen,1610612757,POR,20.0,41,22,19,0.537,7.2,0.58,0.42,0.547,0.021,0.158,0.021,0.295,0.116,0.526,0.615,0.385,1.0,0.0,0.677,0.323,31,100,0.31,344,267,243,263,504,262,315,216,342,443,527,30,465,185,269,294,1,357,323,246,439,406,543,1,2025-26,Regular Season,Scoring
1642949,Yanic Konan Niederhäuser,Yanic Konan,1610612746,LAC,23.0,41,22,19,0.537,10.3,0.95,0.05,0.716,0.0,0.017,0.057,0.267,0.102,0.716,0.714,0.286,1.0,0.0,0.719,0.281,64,100,0.64,344,267,243,263,459,63,514,93,439,494,486,44,496,81,148,411,1,357,268,301,379,406,30,1,2025-26,Regular Season,Scoring
1642530,Yuki Kawamura,Yuki,1610612741,CHI,24.0,14,4,10,0.286,10.5,0.333,0.667,0.154,0.0,0.538,0.026,0.308,0.154,0.154,0.667,0.333,1.0,0.0,0.9,0.1,10,30,0.333,464,477,139,451,454,502,69,548,439,121,524,27,284,532,193,353,1,357,49,517,494,485,524,1,2025-26,Regular Season,Scoring
1642274,Yves Missi,Yves,1610612740,NOP,21.0,66,19,47,0.288,19.7,0.997,0.003,0.849,0.005,0.0,0.056,0.151,0.13,0.844,0.625,0.375,0.0,0.0,0.625,0.375,160,294,0.544,132,308,550,450,291,43,534,33,429,504,489,257,412,24,253,305,504,357,381,186,254,278,88,1,2025-26,Regular Season,Scoring
1642258,Zaccharie Risacher,Zaccharie,1610612737,ATL,20.0,65,38,27,0.585,22.5,0.516,0.484,0.46,0.038,0.45,0.27,0.09,0.227,0.422,0.729,0.271,0.947,0.053,0.815,0.185,238,521,0.457,145,113,358,193,228,340,237,329,250,191,30,442,73,297,130,432,242,262,140,429,163,158,280,1,2025-26,Regular Season,Scoring
1628380,Zach Collins,Zach,1610612741,CHI,28.0,10,6,4,0.6,18.4,0.672,0.328,0.577,0.041,0.278,0.052,0.145,0.175,0.536,0.821,0.179,1.0,0.0,0.865,0.135,37,64,0.578,489,456,59,172,313,162,415,183,230,365,494,285,191,174,45,519,1,357,82,486,424,445,62,1,2025-26,Regular Season,Scoring
1641744,Zach Edey,Zach,1610612763,MEM,23.0,11,7,4,0.636,25.8,0.949,0.051,0.813,0.013,0.02,0.02,0.167,0.167,0.8,0.82,0.18,1.0,0.0,0.823,0.177,62,98,0.633,480,441,59,136,172,64,513,45,380,489,528,210,234,41,46,518,1,357,129,440,382,411,33,1,2025-26,Regular Season,Scoring
203897,Zach LaVine,Zach,1610612758,SAC,31.0,39,9,30,0.231,31.4,0.536,0.464,0.436,0.107,0.397,0.183,0.167,0.143,0.329,0.577,0.423,0.768,0.232,0.649,0.351,262,547,0.479,357,418,407,502,57,318,259,357,65,242,127,209,346,397,303,261,418,86,357,212,146,152,210,1,2025-26,Regular Season,Scoring
1630192,Zeke Nnaji,Zeke,1610612743,DEN,25.0,49,35,14,0.714,11.9,0.65,0.35,0.592,0.022,0.218,0.117,0.19,0.156,0.57,0.774,0.226,1.0,0.0,0.818,0.182,66,140,0.471,293,146,180,65,432,189,388,160,333,414,330,154,276,155,75,488,1,357,133,435,376,382,235,1,2025-26,Regular Season,Scoring
1630533,Ziaire Williams,Ziaire,1610612751,BKN,24.0,56,13,43,0.232,22.9,0.42,0.58,0.342,0.021,0.45,0.19,0.208,0.253,0.321,0.643,0.357,0.977,0.023,0.799,0.201,184,433,0.425,230,379,531,500,218,430,147,446,343,192,104,106,43,413,235,328,177,326,162,407,226,210,382,1,2025-26,Regular Season,Scoring
1629627,Zion Williamson,Zion,1610612740,NOP,25.0,62,22,40,0.355,29.7,0.995,0.005,0.742,0.009,0.002,0.119,0.256,0.146,0.733,0.524,0.476,1.0,0.0,0.525,0.475,484,807,0.6,176,267,510,408,96,44,533,83,408,503,324,51,332,75,361,203,1,357,462,107,33,66,54,1,2025-26,Regular Season,Scoring
1642389,Zyon Pullin,Zyon,1610612750,MIN,25.0,3,2,1,0.667,2.8,1.0,0.0,0.5,0.0,0.0,0.5,0.5,0.5,0.5,1.0,0.0,0.0,0.0,1.0,0.0,1,1,1.0,552,512,9,94,570,1,537,268,439,504,6,8,3,213,1,541,504,357,1,543,554,574,1,1,2025-26,Regular Season,Scoring
