GROUP_SET,PLAYER_ID,PLAYER_NAME,NICKNAME,TEAM_ID,TEAM_ABBREVIATION,AGE,GP,W,L,W_PCT,MIN,E_OFF_RATING,OFF_RATING,sp_work_OFF_RATING,E_DEF_RATING,DEF_RATING,sp_work_DEF_RATING,E_NET_RATING,NET_RATING,sp_work_NET_RATING,AST_PCT,AST_TO,AST_RATIO,OREB_PCT,DREB_PCT,REB_PCT,TM_TOV_PCT,E_TOV_PCT,EFG_PCT,TS_PCT,USG_PCT,E_USG_PCT,E_PACE,PACE,PACE_PER40,sp_work_PACE,PIE,POSS,FGM,FGA,FGM_PG,FGA_PG,FG_PCT,GP_RANK,W_RANK,L_RANK,W_PCT_RANK,MIN_RANK,E_OFF_RATING_RANK,OFF_RATING_RANK,sp_work_OFF_RATING_RANK,E_DEF_RATING_RANK,DEF_RATING_RANK,sp_work_DEF_RATING_RANK,E_NET_RATING_RANK,NET_RATING_RANK,sp_work_NET_RATING_RANK,AST_PCT_RANK,AST_TO_RANK,AST_RATIO_RANK,OREB_PCT_RANK,DREB_PCT_RANK,REB_PCT_RANK,TM_TOV_PCT_RANK,E_TOV_PCT_RANK,EFG_PCT_RANK,TS_PCT_RANK,USG_PCT_RANK,E_USG_PCT_RANK,E_PACE_RANK,PACE_RANK,sp_work_PACE_RANK,PIE_RANK,FGM_RANK,FGA_RANK,FGM_PG_RANK,FGA_PG_RANK,FG_PCT_RANK,TEAM_COUNT,SEASON,SEASON_TYPE,MEASURE_TYPE
Players,1630639,A.J. Lawson,A.J.,1610612761,TOR,25.0,2,1,1,0.5,0.3,106.4,100.0,100.0,69.4,50.0,50.0,36.9,50.0,50.0,0.0,0.0,0.0,0.0,0.0,0.0,0.0,0.0,0.0,0.0,0.0,0.0,132.8,160.0,133.33,160.0,0.0,2,0,0,0.0,0.0,0.0,412,383,36,213,459,296,301,301,41,33,33,55,40,40,334,257,334,289,366,385,1,1,356,379,418,418,23,22,22,367,356,406,356,406,356,1,2025-26,Regular Season,Advanced
Players,1631260,AJ Green,AJ,1610612749,MIL,26.0,27,14,13,0.519,3.4,115.1,115.9,115.9,109.4,108.6,108.6,5.7,7.3,7.3,0.014,0.5,3.3,0.011,0.021,0.016,6.7,6.7,0.354,0.394,0.132,0.135,97.09,97.16,80.97,97.16,-0.024,189,6,24,0.2,0.9,0.25,72,80,397,206,100,198,132,132,217,253,253,185,164,164,333,222,332,281,365,383,263,265,300,329,266,280,356,411,411,433,164,97,267,165,323,1,2025-26,Regular Season,Advanced
Players,1642358,AJ Johnson,AJ,1610612742,DAL,21.0,2,1,1,0.5,3.0,197.1,172.7,172.7,122.2,108.3,108.3,74.9,64.4,64.4,0.333,0.0,66.7,0.0,0.0,0.0,0.0,0.0,0.0,0.0,0.077,0.086,81.35,92.26,76.88,92.26,0.036,11,0,1,0.0,0.5,0.0,412,383,36,213,165,16,17,17,344,248,248,35,36,36,29,257,11,289,366,385,1,1,356,379,365,369,467,454,454,320,356,362,356,280,356,2,2025-26,Regular Season,Advanced
Players,203932,Aaron Gordon,Aaron,1610612743,DEN,30.0,14,9,5,0.643,5.2,123.9,124.8,124.8,119.3,120.4,120.4,4.6,4.4,4.4,0.128,2.0,14.3,0.0,0.153,0.078,7.1,7.1,0.724,0.719,0.202,0.222,98.89,98.07,81.72,98.07,0.128,157,17,29,1.2,2.1,0.586,217,151,183,95,7,123,76,76,321,375,375,192,186,186,183,70,202,289,127,212,271,271,60,76,119,114,311,395,395,124,48,75,14,31,81,1,2025-26,Regular Season,Advanced
Players,1628988,Aaron Holiday,Aaron,1610612745,HOU,29.0,17,9,8,0.529,1.4,102.2,86.9,86.9,138.9,127.4,127.4,-36.7,-40.5,-40.5,0.231,3.0,18.8,0.095,0.0,0.051,6.3,6.8,0.333,0.418,0.203,0.214,110.93,125.46,104.55,125.46,0.02,61,2,9,0.1,0.5,0.222,186,151,279,194,380,336,393,393,423,407,407,413,429,429,88,35,139,61,366,307,253,267,309,317,118,120,64,56,56,349,265,214,330,278,340,1,2025-26,Regular Season,Advanced
Players,1630174,Aaron Nesmith,Aaron,1610612754,IND,26.0,20,8,12,0.4,3.5,107.4,104.0,104.0,100.7,101.9,101.9,6.7,2.2,2.2,0.091,2.0,12.5,0.07,0.16,0.118,6.3,6.3,0.478,0.488,0.161,0.171,105.64,106.61,88.84,106.61,0.082,149,9,23,0.5,1.2,0.391,147,180,373,330,91,288,272,272,123,168,168,181,207,207,229,70,232,99,111,99,253,255,225,269,194,197,117,194,194,219,108,105,145,117,238,1,2025-26,Regular Season,Advanced
Players,1630598,Aaron Wiggins,Aaron,1610612760,OKC,27.0,17,11,6,0.647,2.0,112.7,104.3,104.3,108.9,100.0,100.0,3.8,4.3,4.3,0.105,2.0,16.7,0.057,0.067,0.063,8.3,8.1,0.563,0.536,0.127,0.142,92.59,100.43,83.69,100.43,0.035,69,3,8,0.2,0.5,0.375,186,115,225,92,322,224,269,269,212,127,127,201,188,188,216,70,164,120,315,265,294,292,135,221,275,270,414,350,350,324,231,229,298,307,245,1,2025-26,Regular Season,Advanced
Players,1642846,Ace Bailey,Ace,1610612762,UTA,19.0,21,6,15,0.286,2.8,107.8,107.0,107.0,124.0,120.3,120.3,-16.2,-13.3,-13.3,0.108,1.0,15.4,0.015,0.134,0.074,15.4,15.1,0.5,0.488,0.147,0.159,105.51,107.53,89.61,107.53,0.051,129,8,18,0.4,0.9,0.444,137,233,424,385,201,282,234,234,363,374,374,344,334,334,214,159,190,268,162,225,408,406,175,267,233,226,121,174,174,287,124,139,175,170,180,1,2025-26,Regular Season,Advanced
Players,1642380,Adama Bal,Adama,1610612763,MEM,22.0,1,1,0,1.0,5.3,125.4,123.1,123.1,102.8,100.0,100.0,22.5,23.1,23.1,0.25,0.0,50.0,0.0,0.25,0.143,0.0,0.0,1.5,1.5,0.077,0.078,115.02,117.74,98.11,117.74,0.16,13,1,1,1.0,1.0,1.0,442,383,1,1,6,110,81,81,138,127,127,97,76,76,69,257,12,289,24,59,1,1,1,1,365,380,51,78,78,75,309,362,21,130,1,1,2025-26,Regular Season,Advanced
Players,1641737,Adem Bona,Adem,1610612755,PHI,23.0,16,9,7,0.563,3.3,119.6,117.1,117.1,101.6,106.5,106.5,18.0,10.6,10.6,0.054,1.0,18.2,0.085,0.063,0.073,18.2,18.6,0.6,0.592,0.069,0.071,100.06,98.76,82.3,98.76,0.033,111,3,5,0.2,0.3,0.6,193,151,251,161,118,151,126,126,127,230,230,115,138,138,288,159,145,73,322,232,433,437,115,171,376,386,272,385,385,330,231,268,289,355,68,1,2025-26,Regular Season,Advanced
Players,1642349,Ajay Mitchell,Ajay,1610612760,OKC,23.0,20,15,5,0.75,2.8,134.2,126.3,126.3,103.5,99.2,99.2,30.7,27.1,27.1,0.048,0.0,7.7,0.0,0.061,0.032,0.0,0.0,0.526,0.659,0.159,0.174,102.09,107.56,89.63,107.56,0.134,133,9,19,0.5,1.0,0.474,147,63,183,43,191,74,69,69,147,122,122,75,65,65,302,257,284,289,326,356,1,1,160,116,203,191,205,172,172,114,108,128,145,156,161,1,2025-26,Regular Season,Advanced
Players,201143,Al Horford,Al,1610612744,GSW,39.0,16,7,9,0.438,2.8,103.5,97.8,97.8,92.1,89.4,89.4,11.4,8.4,8.4,0.259,3.5,28.0,0.146,0.104,0.125,8.0,7.9,0.313,0.335,0.17,0.192,94.01,98.18,81.82,98.18,0.092,89,4,16,0.3,1.0,0.25,193,204,303,301,198,324,343,343,70,75,75,147,150,150,60,29,76,32,229,83,291,289,326,349,172,150,400,392,392,198,206,155,247,130,323,1,2025-26,Regular Season,Advanced
Players,1627936,Alex Caruso,Alex,1610612760,OKC,32.0,19,14,5,0.737,3.3,127.5,121.1,121.1,93.5,96.9,96.9,34.0,24.1,24.1,0.128,2.5,17.9,0.091,0.125,0.109,7.1,7.1,0.405,0.405,0.149,0.159,100.73,101.43,84.53,101.43,0.094,133,6,21,0.3,1.1,0.286,163,80,183,54,125,103,97,97,73,109,109,63,71,71,182,56,152,67,183,122,271,273,274,323,225,224,256,325,325,195,164,116,216,120,310,1,2025-26,Regular Season,Advanced
Players,1642259,Alex Sarr,Alex,1610612764,WAS,20.0,14,7,7,0.5,4.3,96.2,97.6,97.6,109.6,111.2,111.2,-13.4,-13.6,-13.6,0.069,0.67,6.9,0.041,0.134,0.09,10.3,10.5,0.55,0.574,0.182,0.186,102.59,101.06,84.22,101.06,0.119,127,10,20,0.7,1.4,0.5,217,204,251,213,28,370,345,345,218,287,287,331,339,339,266,215,300,170,163,174,334,336,142,185,147,167,191,334,334,141,93,121,60,76,119,1,2025-26,Regular Season,Advanced
Players,1642918,Alijah Martin,Alijah,1610612761,TOR,24.0,1,1,0,1.0,9.8,107.8,115.8,115.8,93.2,90.0,90.0,14.7,25.8,25.8,0.0,0.0,0.0,0.0,0.125,0.048,0.0,0.0,0.0,0.129,0.148,0.153,97.27,95.51,79.59,95.51,-0.021,19,0,3,0.0,3.0,0.0,442,383,1,1,1,281,133,133,72,76,76,127,68,68,334,257,334,289,183,318,1,1,356,375,228,245,354,426,426,431,356,306,356,5,356,1,2025-26,Regular Season,Advanced
Players,1631214,Alondes Williams,Alondes,1610612764,WAS,26.0,2,2,0,1.0,1.2,155.3,142.9,142.9,0.0,0.0,0.0,155.3,142.9,142.9,0.333,0.0,50.0,0.0,0.0,0.0,0.0,0.0,1.0,1.0,0.125,0.134,93.52,100.35,83.62,100.35,0.375,7,1,1,0.5,0.5,1.0,412,346,1,1,403,33,32,32,1,1,1,12,12,12,29,257,12,289,366,385,1,1,16,26,277,282,403,354,354,7,309,362,106,280,1,1,2025-26,Regular Season,Advanced
Players,1630578,Alperen Sengun,Alperen,1610612745,HOU,23.0,36,18,18,0.5,4.2,109.5,111.8,111.8,119.6,113.2,113.2,-10.2,-1.4,-1.4,0.205,1.0,13.6,0.104,0.132,0.116,13.6,13.5,0.439,0.472,0.291,0.306,97.76,99.24,82.7,99.24,0.082,323,36,82,1.0,2.3,0.439,13,27,462,213,37,256,175,175,326,314,314,314,255,255,108,159,219,56,167,103,385,384,252,280,45,51,344,374,374,217,9,8,21,23,189,1,2025-26,Regular Season,Advanced
Players,1642873,Amari Williams,Amari,1610612738,BOS,24.0,3,3,0,1.0,1.7,134.5,130.8,130.8,57.1,50.0,50.0,77.4,80.8,80.8,0.25,0.0,50.0,0.0,0.0,0.0,0.0,0.0,1.0,1.042,0.077,0.114,123.87,134.84,112.37,134.84,0.191,13,1,1,0.3,0.3,1.0,390,308,1,1,353,73,60,60,35,33,33,33,24,24,69,257,12,289,366,385,1,1,16,20,365,320,32,42,42,41,309,362,191,335,1,1,2025-26,Regular Season,Advanced
Players,1641708,Amen Thompson,Amen,1610612745,HOU,23.0,40,18,22,0.45,4.2,106.1,107.7,107.7,122.8,118.1,118.1,-16.8,-10.4,-10.4,0.135,1.0,15.6,0.061,0.145,0.1,15.6,15.5,0.51,0.585,0.178,0.187,98.96,100.11,83.42,100.11,0.098,352,26,51,0.7,1.3,0.51,5,27,477,283,34,301,223,223,354,355,355,346,316,316,175,159,189,109,142,144,413,412,169,179,157,163,309,360,360,185,20,27,71,95,118,1,2025-26,Regular Season,Advanced
Players,1629599,Amir Coffey,Amir,1610612756,PHX,28.0,3,2,1,0.667,1.1,101.7,77.8,77.8,65.1,53.8,53.8,36.7,23.9,23.9,0.0,0.0,0.0,0.0,0.0,0.0,0.0,0.0,0.0,0.568,0.111,0.128,127.2,158.64,132.2,158.64,-0.4,9,0,0,0.0,0.0,0.0,390,346,36,72,407,339,411,411,37,37,37,57,72,72,334,257,334,289,366,385,1,1,356,191,300,290,27,25,25,475,356,406,356,406,356,2,2025-26,Regular Season,Advanced
Players,1643158,Andersson Garcia,Andersson,1610612762,UTA,25.0,2,0,2,0.0,2.0,58.1,57.1,57.1,104.2,100.0,100.0,-46.0,-42.9,-42.9,0.0,0.0,0.0,0.0,0.143,0.1,0.0,0.0,0.0,0.0,0.0,0.0,92.73,95.6,79.67,95.6,0.0,7,0,0,0.0,0.0,0.0,412,438,86,438,318,453,448,448,159,127,127,427,430,430,334,257,334,289,145,138,1,1,356,379,418,418,411,424,424,367,356,406,356,406,356,1,2025-26,Regular Season,Advanced
Players,203083,Andre Drummond,Andre,1610612755,PHI,32.0,12,7,5,0.583,2.6,137.5,129.7,129.7,103.5,106.3,106.3,34.0,23.4,23.4,0.0,0.0,0.0,0.16,0.244,0.212,10.0,9.8,0.429,0.543,0.141,0.154,95.28,96.77,80.64,96.77,0.101,64,3,7,0.3,0.6,0.429,247,204,183,140,227,61,63,63,148,223,223,64,74,74,334,257,334,27,27,20,325,323,259,216,249,242,380,415,415,175,231,240,247,258,198,1,2025-26,Regular Season,Advanced
Players,1641748,Andre Jackson Jr.,Andre,1610612749,MIL,24.0,1,0,1,0.0,0.8,0.0,0.0,0.0,0.0,0.0,0.0,0.0,0.0,0.0,0.0,0.0,0.0,0.0,0.0,0.0,0.0,0.0,0.0,0.0,0.0,0.0,125.22,125.22,104.35,125.22,0.0,2,0,0,0.0,0.0,0.0,442,438,36,438,436,466,466,466,1,1,1,227,227,227,334,257,334,289,366,385,1,1,356,379,418,418,29,57,57,367,356,406,356,406,356,1,2025-26,Regular Season,Advanced
Players,1629614,Andrew Nembhard,Andrew,1610612754,IND,26.0,22,8,14,0.364,3.5,95.7,94.9,94.9,105.3,103.6,103.6,-9.6,-8.7,-8.7,0.282,1.1,20.0,0.0,0.081,0.043,18.2,18.1,0.484,0.497,0.249,0.264,100.72,102.0,85.0,102.0,0.042,157,14,32,0.6,1.5,0.438,128,180,411,353,93,372,362,362,172,188,188,309,305,305,54,156,118,289,282,330,433,432,219,261,80,79,257,308,308,303,62,65,74,75,191,1,2025-26,Regular Season,Advanced
Players,203952,Andrew Wiggins,Andrew,1610612748,MIA,31.0,25,13,12,0.52,3.3,114.0,110.2,110.2,118.5,119.8,119.8,-4.6,-9.6,-9.6,0.067,3.0,8.6,0.022,0.129,0.076,2.9,2.8,0.75,0.762,0.162,0.174,103.19,104.38,86.99,104.38,0.145,177,14,24,0.6,1.0,0.583,96,91,373,203,128,208,196,196,312,368,368,271,312,312,269,35,278,240,175,221,201,201,51,61,190,194,170,252,252,96,62,97,93,153,82,1,2025-26,Regular Season,Advanced
Players,1629014,Anfernee Simons,Anfernee,1610612741,CHI,26.0,20,8,12,0.4,1.3,109.6,107.2,107.2,119.6,101.8,101.8,-10.1,5.5,5.5,0.111,2.0,12.5,0.0,0.083,0.031,6.3,6.4,0.444,0.599,0.167,0.17,108.65,117.93,98.28,117.93,0.078,69,3,9,0.2,0.5,0.333,147,180,373,330,391,254,229,229,327,167,167,313,180,180,206,70,232,289,276,358,253,258,247,163,175,200,82,76,76,229,231,214,309,308,273,2,2025-26,Regular Season,Advanced
Players,1641710,Anthony Black,Anthony,1610612753,ORL,22.0,25,17,8,0.68,4.3,103.0,105.0,105.0,103.8,106.4,106.4,-0.9,-1.4,-1.4,0.119,2.0,17.0,0.016,0.07,0.043,8.5,8.3,0.531,0.536,0.148,0.161,99.26,97.09,80.9,97.09,0.092,218,16,32,0.6,1.3,0.5,96,41,279,68,26,329,258,258,154,229,229,243,254,254,200,70,161,264,312,333,301,296,155,223,229,221,300,412,412,199,51,65,72,94,119,1,2025-26,Regular Season,Advanced
Players,203076,Anthony Davis,Anthony,1610612764,WAS,33.0,12,7,5,0.583,2.8,106.5,101.5,101.5,106.3,104.7,104.7,0.2,-3.1,-3.1,0.1,2.0,11.1,0.108,0.167,0.137,5.6,5.4,0.467,0.486,0.211,0.232,89.25,92.1,76.75,92.1,0.096,65,7,15,0.6,1.3,0.467,247,204,183,140,196,295,291,291,183,204,204,223,263,263,220,70,251,55,98,69,240,235,236,273,108,101,446,456,456,189,146,163,85,100,164,1,2025-26,Regular Season,Advanced
Players,1630162,Anthony Edwards,Anthony,1610612750,MIN,24.0,23,14,9,0.609,4.0,114.8,112.6,112.6,112.1,110.4,110.4,2.7,2.2,2.2,0.242,1.6,7.2,0.02,0.207,0.11,4.5,4.5,0.637,0.679,0.414,0.435,106.78,108.62,90.52,108.62,0.321,214,47,84,2.0,3.7,0.56,117,80,303,114,47,199,165,165,250,276,276,207,205,205,84,119,294,244,51,119,223,223,94,100,7,7,101,153,153,15,3,6,3,2,92,1,2025-26,Regular Season,Advanced
Players,1630264,Anthony Gill,Anthony,1610612764,WAS,33.0,9,4,5,0.444,2.5,146.8,134.7,134.7,146.4,136.7,136.7,0.4,-2.0,-2.0,0.091,0.0,50.0,0.0,0.056,0.029,0.0,0.0,1.0,1.0,0.038,0.042,95.79,103.48,86.23,103.48,0.038,49,2,2,0.2,0.2,1.0,284,279,183,292,248,42,44,44,437,438,438,221,258,258,229,257,12,289,334,363,1,1,16,26,412,412,373,273,273,314,265,330,267,374,1,1,2025-26,Regular Season,Advanced
Players,1630574,Ariel Hukporti,Ariel,1610612752,NYK,23.0,7,4,3,0.571,1.3,75.6,65.0,65.0,113.4,91.3,91.3,-37.8,-26.3,-26.3,0.0,0.0,0.0,0.0,0.0,0.0,0.0,0.0,0.0,0.0,0.0,0.0,96.58,116.26,96.88,116.26,0.036,20,0,0,0.0,0.0,0.0,309,279,123,153,393,436,441,441,260,84,84,415,378,378,334,257,334,289,366,385,1,1,356,379,418,418,361,85,85,317,356,406,356,406,356,1,2025-26,Regular Season,Advanced
Players,1642854,Asa Newell,Asa,1610612737,ATL,20.0,2,0,2,0.0,0.1,200.0,100.0,100.0,227.3,50.0,50.0,-27.3,50.0,50.0,0.0,0.0,0.0,0.0,1.0,0.5,0.0,0.0,0.0,0.0,0.0,0.0,172.8,480.0,400.0,480.0,0.333,2,0,0,0.0,0.0,0.0,412,438,86,438,470,14,301,301,476,33,33,378,40,40,334,257,334,289,1,1,1,1,356,379,418,418,11,11,11,11,356,406,356,406,356,1,2025-26,Regular Season,Advanced
Players,1641709,Ausar Thompson,Ausar,1610612765,DET,23.0,36,24,12,0.667,2.6,117.5,108.0,108.0,99.9,100.5,100.5,17.6,7.5,7.5,0.127,2.0,23.5,0.079,0.138,0.11,11.8,11.7,0.55,0.563,0.106,0.12,102.41,106.33,88.61,106.33,0.114,201,11,20,0.3,0.6,0.55,13,4,373,72,235,174,219,219,113,155,155,119,161,161,184,70,99,91,159,120,361,360,142,199,316,309,194,199,199,154,85,121,221,270,98,1,2025-26,Regular Season,Advanced
Players,1630559,Austin Reaves,Austin,1610612747,LAL,27.0,19,14,5,0.737,3.4,119.9,118.7,118.7,101.0,98.4,98.4,18.9,20.3,20.3,0.044,0.4,5.1,0.014,0.185,0.097,12.8,13.4,0.34,0.446,0.23,0.234,95.75,97.51,81.26,97.51,0.053,134,8,25,0.4,1.3,0.32,163,80,183,54,110,148,119,119,125,118,118,108,91,91,307,240,313,270,77,150,374,379,307,300,95,98,374,405,405,285,124,91,155,89,294,1,2025-26,Regular Season,Advanced
Players,1630245,Ayo Dosunmu,Ayo,1610612750,MIN,26.0,26,14,12,0.538,2.3,99.0,97.0,97.0,129.0,124.4,124.4,-30.0,-27.5,-27.5,0.233,1.75,19.4,0.0,0.075,0.036,11.1,10.7,0.548,0.628,0.188,0.211,102.18,105.15,87.63,105.15,0.102,132,9,21,0.3,0.8,0.429,89,80,373,184,282,361,350,350,387,397,397,393,386,386,85,109,131,289,300,352,345,342,147,143,139,127,201,233,233,171,108,116,187,190,198,2,2025-26,Regular Season,Advanced
Players,1628389,Bam Adebayo,Bam,1610612748,MIA,28.0,29,13,16,0.448,2.8,115.4,111.2,111.2,123.6,121.6,121.6,-8.2,-10.4,-10.4,0.061,3.0,5.8,0.079,0.152,0.113,1.9,2.0,0.319,0.457,0.245,0.255,103.24,105.99,88.32,105.99,0.062,178,10,36,0.3,1.2,0.278,49,91,437,288,190,194,183,183,359,382,382,302,315,315,278,35,306,92,130,110,197,197,324,292,84,89,168,208,208,265,93,52,188,106,318,1,2025-26,Regular Season,Advanced
Players,1631248,Baylor Scheierman,Baylor,1610612738,BOS,25.0,12,7,5,0.583,2.3,124.0,117.7,117.7,116.9,112.9,112.9,7.1,4.8,4.8,0.143,0.0,50.0,0.033,0.075,0.057,0.0,0.0,0.0,0.0,0.043,0.048,103.11,107.66,89.71,107.66,0.026,62,0,3,0.0,0.3,0.0,247,204,183,140,284,122,124,124,298,309,309,178,185,185,162,257,12,194,298,285,1,1,356,379,410,409,173,167,167,343,356,306,356,368,356,1,2025-26,Regular Season,Advanced
Players,1642879,Ben Saraf,Ben,1610612751,BKN,19.0,7,0,7,0.0,2.6,81.9,80.0,80.0,147.5,132.6,132.6,-65.6,-52.6,-52.6,0.286,0.0,22.2,0.0,0.143,0.056,0.0,0.0,0.571,0.538,0.175,0.2,95.85,102.64,85.53,102.64,0.079,35,4,7,0.6,1.0,0.571,309,438,251,438,231,428,407,407,441,428,428,446,439,439,48,257,102,289,145,293,1,1,131,219,163,141,371,289,289,226,206,240,89,130,87,1,2025-26,Regular Season,Advanced
Players,1641767,Ben Sheppard,Ben,1610612754,IND,24.0,17,4,13,0.235,2.7,86.3,83.7,83.7,126.7,123.1,123.1,-40.4,-39.5,-39.5,0.0,0.0,0.0,0.082,0.186,0.13,10.0,10.2,0.286,0.342,0.092,0.096,101.94,104.96,87.47,104.96,-0.007,92,2,7,0.1,0.4,0.286,186,279,397,413,217,409,399,399,378,391,391,420,423,423,334,257,334,88,74,78,325,329,331,347,346,351,210,238,238,423,265,240,330,321,310,1,2025-26,Regular Season,Advanced
Players,1631097,Bennedict Mathurin,Bennedict,1610612746,LAC,23.0,22,8,14,0.364,4.2,97.8,101.6,101.6,105.5,107.9,107.9,-7.7,-6.2,-6.2,0.111,1.0,11.1,0.021,0.115,0.07,11.1,11.4,0.321,0.527,0.224,0.227,100.74,97.78,81.49,97.78,0.09,187,9,28,0.4,1.3,0.321,128,180,411,353,33,364,288,288,175,242,242,297,280,280,206,159,251,243,209,241,345,356,322,234,97,106,255,397,397,206,108,83,161,96,292,2,2025-26,Regular Season,Advanced
Players,1643016,Bez Mbeng,Bez,1610612762,UTA,22.0,5,0,5,0.0,2.3,46.0,45.5,45.5,145.6,153.8,153.8,-99.6,-108.4,-108.4,0.333,0.0,50.0,0.077,0.133,0.107,0.0,0.0,0.0,0.0,0.043,0.044,103.32,100.71,83.93,100.71,-0.044,22,0,1,0.0,0.2,0.0,350,438,183,438,285,457,455,455,434,458,458,465,470,470,29,257,12,95,165,124,1,1,356,379,410,410,165,340,340,445,356,362,356,380,356,1,2025-26,Regular Season,Advanced
Players,1641731,Bilal Coulibaly,Bilal,1610612764,WAS,21.0,13,8,5,0.615,2.7,121.6,120.0,120.0,105.2,106.6,106.6,16.4,13.4,13.4,0.125,1.5,17.6,0.029,0.19,0.117,11.8,11.3,0.773,0.823,0.161,0.182,101.4,101.4,84.5,101.4,0.175,75,7,11,0.5,0.8,0.636,234,180,183,109,210,133,106,106,171,231,231,122,124,124,186,121,154,215,65,102,361,352,48,47,194,174,228,326,326,57,146,196,98,175,62,1,2025-26,Regular Season,Advanced
Players,1642396,Blake Hinson,Blake,1610612762,UTA,26.0,1,1,0,1.0,5.4,102.8,100.0,100.0,108.0,107.7,107.7,-5.2,-7.7,-7.7,0.0,0.0,0.0,0.0,0.0,0.0,0.0,0.0,1.5,1.5,0.154,0.158,114.84,116.64,97.2,116.64,0.324,13,2,2,2.0,2.0,1.0,442,383,1,1,4,331,301,301,196,241,241,277,296,296,334,257,334,289,366,385,1,1,1,1,215,228,53,83,83,14,265,330,4,35,1,1,2025-26,Regular Season,Advanced
Players,1626171,Bobby Portis,Bobby,1610612749,MIL,31.0,19,10,9,0.526,1.8,108.7,107.0,107.0,107.6,105.2,105.2,1.1,1.8,1.8,0.087,2.0,22.2,0.026,0.152,0.095,11.1,11.1,0.75,0.75,0.086,0.092,101.09,103.04,85.86,103.04,0.08,71,4,6,0.2,0.3,0.667,163,132,303,200,339,268,232,232,192,212,212,217,209,209,238,70,102,227,129,158,345,349,51,67,357,360,242,283,283,225,206,252,276,354,48,1,2025-26,Regular Season,Advanced
Players,203992,Bogdan Bogdanović,Bogdan,1610612746,LAC,33.0,6,1,5,0.167,3.8,112.1,109.4,109.4,103.1,93.9,93.9,8.9,15.6,15.6,0.143,2.0,40.0,0.0,0.0,0.0,20.0,20.0,0.5,0.5,0.052,0.055,102.16,108.14,90.11,108.14,0.0,53,1,2,0.2,0.3,0.5,334,383,183,429,62,229,204,204,143,94,94,168,114,114,162,70,37,289,366,385,442,442,175,253,401,402,202,159,159,367,309,330,301,335,119,1,2025-26,Regular Season,Advanced
Players,1630538,Bones Hyland,Bones,1610612750,MIN,25.0,12,5,7,0.417,1.4,96.3,97.3,97.3,119.8,102.3,102.3,-23.6,-5.0,-5.0,0.231,0.0,37.5,0.0,0.063,0.028,0.0,0.0,0.375,0.434,0.111,0.136,109.24,118.04,98.37,118.04,0.0,37,1,4,0.1,0.3,0.25,247,256,251,322,381,369,348,348,329,171,171,370,271,271,88,257,41,289,323,368,1,1,286,310,300,277,74,74,74,367,309,286,341,335,323,1,2025-26,Regular Season,Advanced
Players,1641764,Brandin Podziemski,Brandin,1610612744,GSW,23.0,31,13,18,0.419,3.0,113.9,109.7,109.7,116.0,108.8,108.8,-2.1,0.8,0.8,0.172,3.67,24.4,0.039,0.128,0.08,6.7,6.8,0.577,0.592,0.14,0.148,101.27,106.52,88.76,106.52,0.114,207,13,26,0.4,0.8,0.5,36,91,462,321,167,209,203,203,286,256,256,254,221,221,128,28,97,175,179,203,263,266,127,170,253,253,232,196,196,151,73,88,156,179,119,1,2025-26,Regular Season,Advanced
Players,1629634,Brandon Clarke,Brandon,1610612763,MEM,29.0,1,1,0,1.0,0.0,0.0,0.0,0.0,0.0,0.0,0.0,0.0,0.0,0.0,0.0,0.0,0.0,0.0,0.0,0.0,0.0,0.0,0.0,0.0,0.0,0.0,0.0,3600.0,3000.0,3600.0,0.0,1,0,0,0.0,0.0,0.0,442,383,1,1,482,466,466,466,1,1,1,227,227,227,334,257,334,289,366,385,1,1,356,379,418,418,479,1,1,367,356,406,356,406,356,1,2025-26,Regular Season,Advanced
Players,1627742,Brandon Ingram,Brandon,1610612761,TOR,28.0,32,19,13,0.594,3.2,105.7,104.7,104.7,96.3,96.0,96.0,9.4,8.8,8.8,0.182,2.5,11.9,0.016,0.119,0.065,4.8,4.8,0.439,0.46,0.295,0.302,94.23,94.84,79.03,94.84,0.118,212,26,66,0.8,2.1,0.394,29,15,397,135,131,304,264,264,85,105,105,165,148,148,123,56,241,260,199,257,228,228,251,287,43,53,394,437,437,144,20,14,47,33,236,1,2025-26,Regular Season,Advanced
Players,1641706,Brandon Miller,Brandon,1610612766,CHA,23.0,20,10,10,0.5,3.3,108.9,106.4,106.4,116.4,114.1,114.1,-7.6,-7.7,-7.7,0.105,1.0,10.3,0.027,0.181,0.102,10.3,10.5,0.25,0.414,0.215,0.225,99.71,101.91,84.93,101.91,0.053,141,5,24,0.3,1.2,0.208,147,132,327,213,117,266,243,243,289,323,323,296,297,297,216,159,262,225,86,135,333,335,338,319,105,108,286,312,312,284,180,97,247,108,344,1,2025-26,Regular Season,Advanced
Players,1630314,Brandon Williams,Brandon,1610612742,DAL,26.0,22,11,11,0.5,3.3,116.7,114.8,114.8,109.1,104.0,104.0,7.7,10.9,10.9,0.208,3.33,20.8,0.014,0.091,0.053,6.3,6.3,0.357,0.448,0.218,0.225,99.28,102.48,85.4,102.48,0.061,155,9,28,0.4,1.3,0.321,128,115,352,213,127,180,143,143,214,196,196,174,135,135,103,33,112,272,261,303,253,254,295,299,100,109,299,295,295,267,108,83,161,96,292,1,2025-26,Regular Season,Advanced
Players,1641729,Brice Sensabaugh,Brice,1610612762,UTA,22.0,16,8,8,0.5,3.1,108.4,106.5,106.5,104.5,100.9,100.9,3.8,5.6,5.6,0.033,0.5,5.6,0.022,0.13,0.08,11.1,10.7,0.885,0.895,0.144,0.157,102.74,105.45,87.88,105.45,0.171,107,9,13,0.6,0.8,0.692,193,180,279,213,153,273,240,240,162,161,161,200,179,179,320,222,310,240,174,198,345,342,37,39,238,235,186,222,222,63,108,179,92,189,46,1,2025-26,Regular Season,Advanced
Players,1642355,Bronny James,Bronny,1610612747,LAL,21.0,1,1,0,1.0,1.2,100.0,66.7,66.7,0.0,0.0,0.0,100.0,66.7,66.7,0.0,0.0,0.0,0.0,0.0,0.0,0.0,0.0,0.0,0.0,0.25,0.333,80.0,80.0,66.67,80.0,-1.0,3,0,1,0.0,1.0,0.0,442,383,1,1,402,352,433,433,1,1,1,21,33,33,334,257,334,289,366,385,1,1,356,379,73,32,470,479,479,480,356,362,356,130,356,1,2025-26,Regular Season,Advanced
Players,201572,Brook Lopez,Brook,1610612746,LAC,38.0,11,6,5,0.545,3.6,107.6,111.9,111.9,111.4,111.9,111.9,-3.8,0.0,0.0,0.08,2.0,11.8,0.025,0.231,0.127,5.9,5.9,0.5,0.468,0.163,0.165,105.58,103.25,86.04,103.25,0.089,84,6,13,0.5,1.2,0.462,265,233,183,177,83,287,173,173,239,297,297,265,227,227,248,70,243,233,33,81,245,246,175,284,188,214,118,278,278,209,164,179,97,112,168,1,2025-26,Regular Season,Advanced
Players,1628971,Bruce Brown,Bruce,1610612743,DEN,29.0,34,18,16,0.529,2.1,109.7,105.9,105.9,121.8,114.1,114.1,-12.1,-8.2,-8.2,0.051,0.0,11.8,0.069,0.11,0.091,0.0,0.0,0.5,0.493,0.083,0.095,100.58,105.78,88.15,105.78,0.065,153,5,13,0.1,0.4,0.385,22,27,437,194,309,253,249,249,341,324,324,324,300,300,298,257,243,101,220,169,1,1,175,264,360,354,264,212,212,258,180,179,313,326,242,1,2025-26,Regular Season,Advanced
Players,1631121,Bryce McGowens,Bryce,1610612740,NOP,23.0,7,3,4,0.429,1.8,110.5,92.9,92.9,124.4,117.9,117.9,-13.9,-25.0,-25.0,0.167,1.0,25.0,0.0,0.0,0.0,25.0,25.0,1.25,1.25,0.103,0.122,97.84,109.49,91.24,109.49,0.126,28,2,2,0.3,0.3,1.0,309,308,151,306,349,242,372,372,367,352,352,335,372,372,130,159,89,289,366,385,460,463,6,6,320,302,342,137,137,126,265,330,226,359,1,1,2025-26,Regular Season,Advanced
Players,1642267,Bub Carrington,Bub,1610612764,WAS,20.0,18,8,10,0.444,2.8,105.3,105.5,105.5,118.8,116.5,116.5,-13.5,-11.1,-11.1,0.138,1.33,15.4,0.016,0.095,0.056,11.5,11.5,0.5,0.573,0.171,0.18,104.7,105.64,88.03,105.64,0.094,110,7,17,0.4,0.9,0.412,172,180,327,292,206,306,255,255,315,344,344,332,320,320,173,138,190,261,251,292,357,357,175,186,169,179,131,217,217,193,146,144,172,158,220,1,2025-26,Regular Season,Advanced
Players,1627741,Buddy Hield,Buddy,1610612737,ATL,33.0,7,3,4,0.429,1.7,89.7,92.0,92.0,125.4,110.7,110.7,-35.7,-18.7,-18.7,0.286,0.0,28.6,0.0,0.167,0.074,0.0,0.0,0.25,0.205,0.172,0.183,99.5,104.72,87.27,104.72,0.058,25,1,4,0.1,0.6,0.25,309,308,151,306,352,401,377,377,373,278,278,411,360,360,48,257,73,289,98,225,1,1,338,367,164,171,292,243,243,276,309,286,314,262,323,1,2025-26,Regular Season,Advanced
Players,203468,CJ McCollum,CJ,1610612737,ATL,34.0,26,14,12,0.538,3.9,99.1,101.4,101.4,99.4,101.0,101.0,-0.3,0.4,0.4,0.216,2.2,13.4,0.04,0.038,0.039,6.1,6.0,0.475,0.502,0.282,0.295,100.03,98.1,81.75,98.1,0.114,214,24,61,0.9,2.3,0.393,89,80,373,184,52,360,293,293,106,162,162,239,224,224,101,66,221,173,354,344,252,249,229,251,50,57,275,394,394,153,23,19,32,21,237,2,2025-26,Regular Season,Advanced
Players,1630595,Cade Cunningham,Cade,1610612765,DET,24.0,31,21,10,0.677,3.4,115.8,116.0,116.0,104.8,100.8,100.8,11.0,15.2,15.2,0.4,2.0,15.0,0.042,0.13,0.086,7.5,7.6,0.506,0.597,0.396,0.406,107.01,108.94,90.78,108.94,0.256,243,39,78,1.3,2.5,0.5,36,7,327,71,104,188,131,131,166,160,160,149,117,117,17,70,199,167,172,183,283,283,173,164,11,11,94,145,145,19,7,11,11,12,119,1,2025-26,Regular Season,Advanced
Players,1631126,Caleb Love,Caleb,1610612757,POR,24.0,12,7,5,0.583,2.8,104.7,101.3,101.3,111.8,106.4,106.4,-7.1,-5.1,-5.1,0.0,0.0,0.0,0.029,0.053,0.042,5.6,5.7,0.607,0.601,0.212,0.216,107.1,111.63,93.02,111.63,0.095,76,6,14,0.5,1.2,0.429,247,204,183,140,207,314,294,294,245,228,228,287,272,272,334,257,334,208,338,338,240,241,112,162,107,116,93,119,119,190,164,172,106,115,198,1,2025-26,Regular Season,Advanced
Players,1628997,Caleb Martin,Caleb,1610612742,DAL,30.0,13,5,8,0.385,0.5,74.3,50.0,50.0,130.9,120.8,120.8,-56.5,-70.8,-70.8,0.0,0.0,0.0,0.0,0.111,0.063,0.0,0.0,0.0,0.0,0.063,0.093,124.36,151.1,125.92,151.1,-0.105,16,0,1,0.0,0.1,0.0,234,256,279,343,449,439,453,453,393,377,377,439,458,458,334,257,334,289,212,265,1,1,356,379,387,358,31,31,31,459,356,362,356,404,356,1,2025-26,Regular Season,Advanced
Players,1642285,Cam Spencer,Cam,1610612763,MEM,26.0,28,11,17,0.393,1.9,100.2,95.6,95.6,128.6,120.7,120.7,-28.4,-25.1,-25.1,0.407,2.2,31.4,0.058,0.213,0.121,14.3,13.9,0.684,0.704,0.167,0.186,98.65,104.27,86.89,104.27,0.166,114,10,19,0.4,0.7,0.526,61,115,452,339,331,350,356,356,383,376,376,384,373,373,16,66,65,118,45,95,391,389,75,84,175,164,315,255,255,70,93,128,181,228,108,1,2025-26,Regular Season,Advanced
Players,1630560,Cam Thomas,Cam,1610612749,MIL,24.0,6,1,5,0.167,2.1,128.1,131.8,131.8,117.6,103.7,103.7,10.4,28.1,28.1,0.2,1.0,7.7,0.0,0.083,0.038,7.7,7.7,0.455,0.455,0.414,0.419,86.96,91.76,76.46,91.76,0.058,22,4,11,0.7,1.8,0.364,334,383,183,429,302,98,56,56,303,192,192,153,63,63,110,159,284,289,276,346,285,286,241,294,6,9,455,458,458,276,206,196,64,47,256,2,2025-26,Regular Season,Advanced
Players,1641715,Cam Whitmore,Cam,1610612764,WAS,21.0,4,1,3,0.25,3.2,79.4,76.9,76.9,112.3,120.0,120.0,-32.9,-43.1,-43.1,0.0,0.0,0.0,0.0,0.118,0.057,25.0,23.1,0.5,0.602,0.129,0.148,97.31,95.59,79.66,95.59,0.03,26,1,2,0.3,0.5,0.5,371,383,123,402,138,431,416,416,252,370,370,405,431,431,334,257,334,289,201,285,460,460,175,161,270,250,353,425,425,334,309,330,247,280,119,1,2025-26,Regular Season,Advanced
Players,1629661,Cameron Johnson,Cameron,1610612743,DEN,30.0,23,11,12,0.478,4.3,117.9,119.5,119.5,119.8,120.0,120.0,-1.9,-0.5,-0.5,0.054,0.0,16.0,0.0,0.099,0.051,0.0,0.0,0.412,0.525,0.089,0.095,101.2,100.39,83.66,100.39,0.039,210,5,17,0.2,0.7,0.294,117,115,373,262,30,169,109,109,328,370,370,251,247,247,288,257,180,289,243,309,1,1,270,236,353,353,236,352,352,310,180,144,272,210,307,1,2025-26,Regular Season,Advanced
Players,1626166,Cameron Payne,Cameron,1610612755,PHI,31.0,1,1,0,1.0,0.0,227.3,200.0,200.0,0.0,0.0,0.0,227.3,200.0,200.0,0.0,0.0,0.0,0.0,0.0,0.0,0.0,0.0,0.0,0.0,0.0,0.0,633.6,720.0,600.0,720.0,0.0,1,0,0,0.0,0.0,0.0,442,383,1,1,478,7,7,7,1,1,1,6,6,6,334,257,334,289,366,385,1,1,356,379,418,418,3,5,5,367,356,406,356,406,356,1,2025-26,Regular Season,Advanced
Players,1627747,Caris LeVert,Caris,1610612765,DET,31.0,15,8,7,0.533,2.6,89.2,95.5,95.5,107.6,102.4,102.4,-18.4,-6.9,-6.9,0.048,0.5,4.8,0.018,0.132,0.063,9.5,9.7,0.433,0.454,0.175,0.18,105.02,103.59,86.32,103.59,0.092,89,5,15,0.3,1.0,0.333,211,180,251,192,229,402,357,357,191,173,173,352,286,286,302,222,316,258,168,261,314,317,257,296,162,180,128,269,269,200,180,163,191,130,273,1,2025-26,Regular Season,Advanced
Players,1642868,Carter Bryant,Carter,1610612759,SAS,20.0,3,2,1,0.667,0.8,166.7,100.0,100.0,88.8,100.0,100.0,77.9,0.0,0.0,0.0,0.0,0.0,0.0,0.0,0.0,0.0,0.0,1.5,1.5,0.2,0.333,99.11,111.71,93.09,111.71,0.364,5,1,1,0.3,0.3,1.0,390,346,36,72,433,22,301,301,63,127,127,32,227,227,334,257,334,289,366,385,1,1,1,1,120,32,305,116,116,9,309,362,191,335,1,1,2025-26,Regular Season,Advanced
Players,1641717,Cason Wallace,Cason,1610612760,OKC,22.0,27,18,9,0.667,3.0,129.0,120.1,120.1,98.9,98.3,98.3,30.1,21.8,21.8,0.094,0.83,18.5,0.065,0.033,0.048,22.2,22.3,0.633,0.661,0.108,0.118,102.11,106.06,88.38,106.06,0.066,179,8,15,0.3,0.6,0.533,72,27,303,72,164,96,105,105,103,117,117,76,84,84,223,208,143,105,357,316,455,457,97,114,312,314,203,206,206,255,124,163,224,270,104,1,2025-26,Regular Season,Advanced
Players,1642907,Cedric Coward,Cedric,1610612763,MEM,22.0,28,12,16,0.429,3.2,109.7,106.8,106.8,110.4,111.0,111.0,-0.7,-4.2,-4.2,0.151,1.0,13.1,0.052,0.154,0.104,13.1,13.4,0.487,0.515,0.232,0.241,101.45,102.57,85.47,102.57,0.082,192,15,38,0.5,1.4,0.395,61,103,437,306,139,252,238,238,227,280,280,241,269,269,155,159,225,135,122,129,378,378,216,244,93,96,227,291,291,218,56,47,101,85,234,1,2025-26,Regular Season,Advanced
Players,1643052,Chaney Johnson,Chaney,1610612751,BKN,23.0,4,0,4,0.0,2.3,137.1,123.5,123.5,142.4,138.1,138.1,-5.4,-14.6,-14.6,0.25,0.0,33.3,0.182,0.182,0.182,0.0,0.0,0.0,0.129,0.2,0.212,91.55,97.51,81.25,97.51,-0.026,17,0,3,0.0,0.8,0.0,371,438,151,438,278,64,79,79,431,440,440,279,344,344,69,257,46,20,80,34,1,1,356,375,120,126,427,406,406,435,356,306,356,207,356,1,2025-26,Regular Season,Advanced
Players,1642404,Chaz Lanier,Chaz,1610612765,DET,24.0,2,2,0,1.0,0.1,266.0,250.0,250.0,0.0,0.0,0.0,266.0,250.0,250.0,0.0,0.0,0.0,0.0,0.0,0.0,0.0,0.0,0.0,0.0,0.0,0.0,291.1,464.52,387.1,464.52,0.0,2,0,0,0.0,0.0,0.0,412,346,1,1,473,2,2,2,1,1,1,2,2,2,334,257,334,289,366,385,1,1,356,379,418,418,6,12,12,367,356,406,356,406,356,1,2025-26,Regular Season,Advanced
Players,1631096,Chet Holmgren,Chet,1610612760,OKC,23.0,27,20,7,0.741,3.7,133.0,128.5,128.5,104.1,106.1,106.1,28.8,22.4,22.4,0.041,0.0,7.0,0.126,0.198,0.163,0.0,0.0,0.621,0.683,0.161,0.167,99.41,100.27,83.56,100.27,0.149,214,16,29,0.6,1.1,0.552,72,10,251,51,72,78,65,65,158,222,222,79,80,80,313,257,299,42,59,45,1,1,106,98,192,209,293,356,356,85,51,75,83,124,97,1,2025-26,Regular Season,Advanced
Players,1628449,Chris Boucher,Chris,1610612738,BOS,33.0,1,0,1,0.0,0.5,0.0,0.0,0.0,100.0,100.0,100.0,-100.0,-100.0,-100.0,0.0,0.0,0.0,0.0,0.0,0.0,0.0,0.0,0.0,0.0,0.0,0.0,135.0,135.0,112.5,135.0,0.0,1,0,0,0.0,0.0,0.0,442,438,36,438,445,466,466,466,115,127,127,466,468,468,334,257,334,289,366,385,1,1,356,379,418,418,17,41,41,367,356,406,356,406,356,1,2025-26,Regular Season,Advanced
Players,1641753,Chris Livingston,Chris,1610612739,CLE,22.0,1,0,1,0.0,0.0,0.0,0.0,0.0,0.0,0.0,0.0,0.0,0.0,0.0,0.0,0.0,0.0,0.0,0.0,0.0,0.0,0.0,0.0,0.0,0.0,0.0,0.0,720.0,600.0,720.0,0.0,0,0,0,0.0,0.0,0.0,442,438,36,438,478,466,466,466,1,1,1,227,227,227,334,257,334,289,366,385,1,1,356,379,418,418,479,5,5,367,356,406,356,406,356,1,2025-26,Regular Season,Advanced
Players,1631128,Christian Braun,Christian,1610612743,DEN,24.0,21,10,11,0.476,5.0,109.1,109.7,109.7,129.2,127.6,127.6,-20.1,-17.9,-17.9,0.042,1.0,14.3,0.029,0.096,0.063,14.3,14.5,0.25,0.376,0.073,0.077,98.64,98.94,82.45,98.94,0.013,216,2,12,0.1,0.6,0.167,137,132,352,264,11,264,202,202,388,409,409,358,355,355,311,159,202,213,249,265,391,400,338,340,374,381,316,380,380,359,265,188,337,262,351,1,2025-26,Regular Season,Advanced
Players,1631132,Christian Koloko,Christian,1610612737,ATL,25.0,2,1,1,0.5,1.1,125.0,125.0,125.0,138.9,160.0,160.0,-13.9,-35.0,-35.0,0.0,0.0,0.0,0.0,0.0,0.0,0.0,0.0,0.0,0.0,0.0,0.0,107.29,98.93,82.44,98.93,-0.091,4,0,0,0.0,0.0,0.0,412,383,36,213,411,114,73,73,423,462,462,334,412,412,334,257,334,289,366,385,1,1,356,379,418,418,92,382,382,456,356,406,356,406,356,2,2025-26,Regular Season,Advanced
Players,203991,Clint Capela,Clint,1610612745,HOU,31.0,6,2,4,0.333,0.5,125.0,100.0,100.0,50.0,33.3,33.3,75.0,66.7,66.7,0.0,0.0,0.0,0.0,0.0,0.0,0.0,0.0,0.0,0.568,0.111,0.122,99.19,132.84,110.7,132.84,0.0,9,0,0,0.0,0.0,0.0,334,346,151,365,453,114,301,301,30,28,28,34,33,33,334,257,334,289,366,385,1,1,356,191,300,303,303,45,45,367,356,406,356,406,356,1,2025-26,Regular Season,Advanced
Players,1629632,Coby White,Coby,1610612766,CHA,26.0,16,10,6,0.625,3.9,120.4,117.5,117.5,106.9,101.4,101.4,13.5,16.1,16.1,0.256,1.25,14.7,0.015,0.068,0.043,11.8,11.9,0.526,0.612,0.358,0.366,108.22,112.48,93.74,112.48,0.119,143,17,38,1.1,2.4,0.447,193,132,225,100,57,143,125,125,185,165,165,136,110,110,65,149,201,265,314,331,361,367,160,157,18,20,84,110,110,140,48,47,18,19,178,1,2025-26,Regular Season,Advanced
Players,1642262,Cody Williams,Cody,1610612762,UTA,21.0,14,3,11,0.214,2.2,104.3,106.3,106.3,118.3,111.4,111.4,-14.0,-5.2,-5.2,0.2,3.0,17.6,0.0,0.0,0.0,5.9,6.0,0.273,0.392,0.187,0.191,103.45,105.73,88.1,105.73,-0.04,64,3,11,0.2,0.8,0.273,217,308,352,418,297,320,245,245,310,291,291,336,273,273,110,35,154,289,366,385,245,248,335,331,141,154,163,214,214,443,231,196,273,197,319,1,2025-26,Regular Season,Advanced
Players,1630175,Cole Anthony,Cole,1610612749,MIL,25.0,3,3,0,1.0,1.9,147.9,131.3,131.3,67.3,58.3,58.3,80.6,72.9,72.9,0.25,1.0,16.7,0.0,0.0,0.0,16.7,16.7,0.75,0.75,0.263,0.291,104.87,119.36,99.47,119.36,0.171,16,3,4,1.0,1.3,0.75,390,308,1,1,333,41,58,58,39,39,39,30,28,28,69,159,164,289,366,385,414,415,51,67,62,60,129,70,70,60,231,286,21,86,37,1,2025-26,Regular Season,Advanced
Players,1631221,Collin Gillespie,Collin,1610612756,PHX,26.0,29,13,16,0.448,3.0,111.3,106.4,106.4,117.9,113.7,113.7,-6.6,-7.2,-7.2,0.136,2.67,19.0,0.009,0.09,0.043,7.1,7.2,0.431,0.471,0.145,0.154,104.68,108.99,90.83,108.99,0.063,202,10,29,0.3,1.0,0.345,49,91,437,288,169,234,242,242,306,320,320,285,291,291,174,50,136,285,267,334,271,274,258,282,237,241,133,143,143,262,93,75,188,130,272,1,2025-26,Regular Season,Advanced
Players,1642867,Collin Murray-Boyles,Collin,1610612761,TOR,20.0,13,7,6,0.538,3.1,88.6,90.8,90.8,94.0,94.9,94.9,-5.4,-4.1,-4.1,0.056,0.5,6.7,0.16,0.122,0.143,13.3,13.3,0.333,0.414,0.149,0.155,94.8,93.21,77.68,93.21,0.093,76,3,9,0.2,0.7,0.333,234,204,225,184,154,403,381,381,76,100,100,280,267,267,287,222,302,27,195,59,381,376,309,320,227,240,387,450,450,197,231,214,263,225,273,1,2025-26,Regular Season,Advanced
Players,1629012,Collin Sexton,Collin,1610612741,CHI,27.0,18,5,13,0.278,2.4,96.8,90.1,90.1,98.8,90.7,90.7,-2.0,-0.6,-0.6,0.08,0.5,9.1,0.044,0.0,0.023,18.2,18.0,0.464,0.525,0.185,0.213,92.51,100.09,83.41,100.09,0.009,91,5,14,0.3,0.8,0.357,172,256,397,398,275,367,383,383,102,79,79,252,248,248,248,222,271,160,366,378,433,431,237,237,142,125,417,361,361,364,180,172,237,199,264,2,2025-26,Regular Season,Advanced
Players,1642843,Cooper Flagg,Cooper,1610612742,DAL,19.0,38,15,23,0.395,4.0,108.0,103.5,103.5,115.2,112.5,112.5,-7.2,-9.1,-9.1,0.231,2.0,16.8,0.055,0.182,0.118,8.4,8.5,0.468,0.564,0.248,0.259,97.42,100.7,83.92,100.7,0.16,318,28,63,0.7,1.7,0.444,7,63,479,338,48,278,278,278,280,305,305,291,308,308,88,70,163,128,79,100,300,299,235,196,81,84,352,341,341,75,14,17,58,58,180,1,2025-26,Regular Season,Advanced
Players,1630557,Corey Kispert,Corey,1610612737,ATL,27.0,6,1,5,0.167,1.2,74.6,70.0,70.0,143.3,122.7,122.7,-68.7,-52.7,-52.7,0.2,0.0,100.0,0.0,0.143,0.05,0.0,0.0,0.0,0.0,0.0,0.0,121.37,135.57,112.98,135.57,0.031,20,0,0,0.0,0.0,0.0,334,383,183,429,397,437,428,428,433,387,387,451,440,440,110,257,1,289,145,310,1,1,356,379,418,418,35,39,39,332,356,406,356,406,356,2,2025-26,Regular Season,Advanced
Players,1642504,Cormac Ryan,Cormac,1610612749,MIL,27.0,1,0,1,0.0,1.5,34.7,25.0,25.0,124.1,116.7,116.7,-89.4,-91.7,-91.7,0.0,0.0,0.0,0.0,0.0,0.0,0.0,0.0,0.0,0.0,0.25,0.347,132.64,155.68,129.73,155.68,-1.0,4,0,1,0.0,1.0,0.0,442,438,36,438,366,463,463,463,366,345,345,462,466,466,334,257,334,289,366,385,1,1,356,379,73,27,24,26,26,480,356,362,356,130,356,1,2025-26,Regular Season,Advanced
Players,1641854,Craig Porter Jr.,Craig,1610612739,CLE,26.0,5,3,2,0.6,1.9,85.6,80.8,80.8,112.2,108.7,108.7,-26.6,-27.9,-27.9,0.125,0.0,14.3,0.083,0.182,0.13,0.0,0.0,0.0,0.174,0.2,0.209,120.19,125.84,104.87,125.84,-0.018,26,0,4,0.0,0.8,0.0,350,308,86,116,334,412,405,405,251,254,254,377,388,388,186,257,202,75,80,78,1,1,356,372,120,129,37,53,53,429,356,286,356,193,356,1,2025-26,Regular Season,Advanced
Players,1626156,D'Angelo Russell,D'Angelo,1610612764,WAS,30.0,7,2,5,0.286,3.4,90.0,82.7,82.7,122.6,112.0,112.0,-32.6,-29.3,-29.3,0.286,0.67,7.1,0.0,0.05,0.023,10.7,10.7,0.342,0.414,0.464,0.501,93.36,101.87,84.89,101.87,0.016,52,6,19,0.9,2.7,0.316,309,346,183,385,102,400,404,404,350,299,299,403,395,395,48,215,295,289,345,377,341,342,305,321,4,2,405,315,315,355,164,128,37,10,298,1,2025-26,Regular Season,Advanced
Players,1641747,DaRon Holmes II,DaRon,1610612743,DEN,23.0,2,1,1,0.5,4.4,31.5,33.3,33.3,78.7,72.2,72.2,-47.2,-38.9,-38.9,0.0,0.0,0.0,0.0,0.0,0.0,33.3,33.3,0.0,0.0,0.176,0.178,88.33,89.97,74.97,89.97,-1.125,15,0,2,0.0,1.0,0.0,412,383,36,213,22,464,459,459,48,50,50,430,422,422,334,257,334,289,366,385,474,474,356,379,158,186,449,467,467,483,356,330,356,130,356,1,2025-26,Regular Season,Advanced
Players,1631342,Daeqwon Plowden,Daeqwon,1610612758,SAC,27.0,9,5,4,0.556,3.0,148.9,145.0,145.0,114.3,106.9,106.9,34.6,38.1,38.1,0.042,1.0,12.5,0.136,0.067,0.096,12.5,10.7,1.083,1.093,0.101,0.125,100.61,105.36,87.8,105.36,0.112,60,5,6,0.6,0.7,0.833,284,256,151,166,168,39,28,28,269,233,233,62,54,54,311,159,232,35,315,152,370,342,14,18,325,296,260,226,226,158,180,252,95,230,32,1,2025-26,Regular Season,Advanced
Players,1631207,Dalen Terry,Dalen,1610612755,PHI,23.0,1,1,0,1.0,2.5,187.1,183.3,183.3,155.3,166.7,166.7,31.8,16.7,16.7,0.0,0.0,0.0,0.0,0.0,0.0,0.0,0.0,0.0,0.0,0.0,0.0,119.15,116.05,96.71,116.05,0.0,6,0,0,0.0,0.0,0.0,442,383,1,1,252,17,12,12,449,465,465,72,108,108,334,257,334,289,366,385,1,1,356,379,418,418,41,88,88,367,356,406,356,406,356,1,2025-26,Regular Season,Advanced
Players,1642261,Dalton Knecht,Dalton,1610612747,LAL,24.0,3,2,1,0.667,0.8,40.0,33.3,33.3,206.2,160.0,160.0,-166.2,-126.7,-126.7,0.0,0.0,0.0,0.0,0.0,0.0,0.0,0.0,0.0,0.0,0.0,0.0,85.25,105.6,88.0,105.6,-0.143,6,0,0,0.0,0.0,0.0,390,346,36,72,428,460,459,459,472,462,462,475,472,472,334,257,334,289,366,385,1,1,356,379,418,418,460,218,218,465,356,406,356,406,356,1,2025-26,Regular Season,Advanced
Players,1629655,Daniel Gafford,Daniel,1610612742,DAL,27.0,27,7,20,0.259,2.9,107.2,101.2,101.2,111.9,104.2,104.2,-4.7,-3.0,-3.0,0.064,1.5,11.1,0.131,0.181,0.156,7.4,7.1,0.706,0.756,0.128,0.143,95.24,101.55,84.63,101.55,0.149,164,12,17,0.4,0.6,0.706,72,204,474,401,181,289,295,295,247,199,199,274,262,262,272,121,251,38,85,52,279,272,64,64,274,266,381,323,323,86,80,144,147,241,43,1,2025-26,Regular Season,Advanced
Players,1642450,Daniss Jenkins,Daniss,1610612765,DET,24.0,24,16,8,0.667,3.0,101.9,102.4,102.4,103.7,98.1,98.1,-1.9,4.4,4.4,0.122,1.0,9.3,0.021,0.088,0.051,9.3,9.5,0.417,0.585,0.234,0.243,104.54,107.07,89.23,107.07,0.143,166,11,30,0.5,1.3,0.367,105,49,279,72,166,338,284,284,150,114,114,250,187,187,197,159,268,242,271,308,313,313,265,178,91,93,136,184,184,100,85,72,140,100,255,1,2025-26,Regular Season,Advanced
Players,1642874,Danny Wolf,Danny,1610612751,BKN,21.0,13,4,9,0.308,1.7,104.8,97.8,97.8,134.9,126.7,126.7,-30.1,-28.8,-28.8,0.3,0.0,21.4,0.091,0.053,0.073,0.0,0.0,0.25,0.376,0.216,0.227,93.25,99.64,83.04,99.64,-0.013,46,2,8,0.2,0.6,0.25,234,279,303,382,358,313,341,341,413,404,404,394,392,392,45,257,107,67,338,229,1,1,338,339,104,104,407,366,366,426,265,229,308,250,323,1,2025-26,Regular Season,Advanced
Players,203967,Dario Saric,Dario,1610612758,SAC,31.0,1,1,0,1.0,1.5,166.7,166.7,166.7,0.0,0.0,0.0,166.7,166.7,166.7,0.5,0.0,100.0,0.0,0.0,0.0,0.0,0.0,0.0,0.0,0.0,0.0,82.76,99.31,82.76,99.31,0.2,3,0,0,0.0,0.0,0.0,442,383,1,1,373,22,18,18,1,1,1,10,9,9,6,257,1,289,366,385,1,1,356,379,418,418,465,372,372,39,356,406,356,406,356,1,2025-26,Regular Season,Advanced
Players,1629636,Darius Garland,Darius,1610612746,LAC,26.0,18,7,11,0.389,3.1,114.4,108.0,108.0,108.1,108.7,108.7,6.3,-0.7,-0.7,0.29,1.29,17.0,0.015,0.104,0.06,13.2,13.5,0.563,0.612,0.303,0.323,103.57,106.27,88.55,106.27,0.163,125,15,32,0.8,1.8,0.469,172,204,352,341,145,203,218,218,199,255,255,182,250,250,47,148,162,266,228,277,380,381,135,158,35,36,160,201,201,73,56,65,44,50,163,2,2025-26,Regular Season,Advanced
Players,1630558,Davion Mitchell,Davion,1610612748,MIA,27.0,24,12,12,0.5,2.8,109.1,104.8,104.8,117.3,117.7,117.7,-8.3,-12.9,-12.9,0.282,2.2,36.7,0.0,0.078,0.042,16.7,17.1,0.458,0.488,0.12,0.123,102.28,104.14,86.78,104.14,0.047,145,5,12,0.2,0.5,0.417,105,103,373,213,195,263,262,262,300,351,351,304,333,333,54,66,43,289,291,337,414,425,240,268,290,300,197,260,260,294,180,188,278,280,215,1,2025-26,Regular Season,Advanced
Players,1630549,Day'Ron Sharpe,Day'Ron,1610612751,BKN,24.0,7,2,5,0.286,2.5,116.3,108.3,108.3,107.0,102.4,102.4,9.3,5.9,5.9,0.182,2.0,33.3,0.059,0.111,0.086,16.7,16.7,0.667,0.667,0.098,0.113,100.84,106.72,88.93,106.72,0.123,36,2,3,0.3,0.4,0.667,309,346,183,385,254,182,212,212,188,173,173,167,175,175,123,70,46,112,212,184,414,415,78,109,335,321,249,190,190,135,265,306,226,313,48,1,2025-26,Regular Season,Advanced
Players,1628368,De'Aaron Fox,De'Aaron,1610612759,SAS,28.0,29,19,10,0.655,3.5,124.1,121.9,121.9,115.9,111.1,111.1,8.2,10.8,10.8,0.333,2.86,19.4,0.008,0.102,0.054,6.8,7.0,0.469,0.546,0.301,0.306,101.94,105.01,87.51,105.01,0.147,233,27,64,0.9,2.2,0.422,49,15,327,91,85,119,94,94,285,281,281,171,136,136,29,48,133,287,235,298,269,269,234,215,38,50,209,235,235,89,18,15,31,24,210,1,2025-26,Regular Season,Advanced
Players,1629631,De'Andre Hunter,De'Andre,1610612758,SAC,28.0,18,8,10,0.444,2.7,114.7,111.8,111.8,119.6,114.7,114.7,-4.9,-2.9,-2.9,0.074,1.0,7.4,0.035,0.13,0.078,7.4,7.5,0.444,0.569,0.198,0.208,101.87,105.43,87.86,105.43,0.071,102,8,18,0.4,1.0,0.444,172,180,327,292,222,201,175,175,324,329,329,275,261,261,261,159,291,188,171,214,279,279,247,190,128,131,213,223,223,245,124,139,147,130,180,2,2025-26,Regular Season,Advanced
Players,1629001,De'Anthony Melton,De'Anthony,1610612744,GSW,27.0,19,9,10,0.474,2.4,131.6,127.6,127.6,118.6,116.2,116.2,13.0,11.4,11.4,0.031,0.5,3.0,0.065,0.154,0.106,6.1,5.7,0.463,0.534,0.274,0.316,103.92,106.64,88.86,106.64,0.112,98,11,27,0.6,1.4,0.407,163,151,327,266,264,82,67,67,313,341,341,138,134,134,325,222,333,104,122,127,249,244,238,227,57,42,149,193,193,157,85,86,88,79,223,1,2025-26,Regular Season,Advanced
Players,1630610,DeJon Jarreau,DeJon,1610612763,MEM,28.0,2,1,1,0.5,0.8,67.6,60.0,60.0,163.9,133.3,133.3,-96.4,-73.3,-73.3,1.0,0.0,50.0,0.25,0.0,0.2,0.0,0.0,0.0,0.0,0.167,0.184,97.9,113.83,94.86,113.83,0.143,5,0,1,0.0,0.5,0.0,412,383,36,213,427,444,445,445,454,429,429,464,459,459,1,257,12,14,366,24,1,1,356,379,175,170,341,102,102,100,356,362,356,280,356,1,2025-26,Regular Season,Advanced
Players,201942,DeMar DeRozan,DeMar,1610612758,SAC,36.0,29,13,16,0.448,3.5,111.5,107.3,107.3,114.1,108.9,108.9,-2.6,-1.6,-1.6,0.313,5.0,17.6,0.027,0.102,0.06,3.5,3.6,0.51,0.651,0.278,0.295,101.71,106.12,88.43,106.12,0.218,220,22,48,0.8,1.7,0.458,49,91,437,288,95,232,227,227,264,258,258,259,256,256,41,13,154,226,233,277,210,210,168,120,53,56,218,204,204,30,30,32,54,59,170,1,2025-26,Regular Season,Advanced
Players,1629731,Dean Wade,Dean,1610612739,CLE,29.0,15,7,8,0.467,2.5,91.6,85.1,85.1,94.5,93.0,93.0,-2.9,-8.0,-8.0,0.158,0.0,33.3,0.02,0.094,0.058,0.0,0.0,0.417,0.466,0.057,0.069,104.14,108.92,90.77,108.92,0.063,87,2,6,0.1,0.4,0.333,211,204,279,272,243,394,396,396,77,89,89,261,298,298,149,257,46,245,256,281,1,1,265,285,394,389,144,146,146,264,265,252,323,322,273,1,2025-26,Regular Season,Advanced
Players,1629028,Deandre Ayton,Deandre,1610612747,LAL,27.0,18,15,3,0.833,3.4,129.6,129.8,129.8,96.5,100.0,100.0,33.2,29.8,29.8,0.045,2.0,11.8,0.2,0.159,0.179,5.9,6.1,0.778,0.821,0.102,0.103,92.5,90.88,75.73,90.88,0.158,121,7,9,0.4,0.5,0.778,172,63,123,38,109,92,62,62,86,127,127,70,61,61,305,70,243,18,114,37,245,252,47,48,324,340,418,461,461,78,146,214,172,280,36,1,2025-26,Regular Season,Advanced
Players,1627749,Dejounte Murray,Dejounte,1610612740,NOP,29.0,7,1,6,0.143,2.7,78.9,73.3,73.3,114.1,106.0,106.0,-35.2,-32.7,-32.7,0.2,0.25,5.0,0.0,0.286,0.14,20.0,20.2,0.308,0.373,0.413,0.438,111.26,119.78,99.82,119.78,-0.035,45,4,13,0.6,1.9,0.308,309,383,225,434,215,432,423,423,267,221,221,409,404,404,110,251,314,289,19,66,442,446,327,343,8,6,62,67,67,439,206,179,89,45,301,1,2025-26,Regular Season,Advanced
Players,1630166,Deni Avdija,Deni,1610612757,POR,25.0,36,19,17,0.528,3.7,117.0,115.6,115.6,116.9,115.3,115.3,0.1,0.3,0.3,0.343,1.64,19.2,0.032,0.128,0.084,11.7,11.6,0.548,0.64,0.289,0.302,107.39,108.77,90.64,108.77,0.147,295,31,62,0.9,1.7,0.5,13,15,452,198,68,178,135,135,297,335,335,225,226,226,26,118,134,199,180,186,360,359,146,131,47,54,90,150,150,88,11,18,36,55,119,1,2025-26,Regular Season,Advanced
Players,203471,Dennis Schröder,Dennis,1610612739,CLE,32.0,22,10,12,0.455,3.1,96.1,95.2,95.2,114.1,111.8,111.8,-18.0,-16.6,-16.6,0.167,0.67,8.5,0.024,0.094,0.054,12.8,13.0,0.533,0.622,0.254,0.266,101.8,103.34,86.12,103.34,0.153,146,14,30,0.6,1.4,0.467,128,132,373,280,146,371,360,360,266,295,295,350,350,350,130,215,279,235,257,299,373,373,153,149,69,78,216,275,275,84,62,72,74,84,164,2,2025-26,Regular Season,Advanced
Players,1641726,Dereck Lively II,Dereck,1610612742,DAL,22.0,3,2,1,0.667,1.8,173.8,161.5,161.5,109.3,123.1,123.1,64.6,38.5,38.5,0.0,0.0,0.0,0.0,0.0,0.0,0.0,0.0,0.0,0.0,0.0,0.0,117.34,114.18,95.15,114.18,-0.015,13,0,0,0.0,0.0,0.0,390,346,36,72,338,21,20,20,215,390,390,38,52,52,334,257,334,289,366,385,1,1,356,379,418,418,44,100,100,428,356,406,356,406,356,1,2025-26,Regular Season,Advanced
Players,1642852,Derik Queen,Derik,1610612740,NOP,21.0,25,7,18,0.28,3.2,104.5,103.7,103.7,121.4,118.9,118.9,-17.0,-15.2,-15.2,0.159,0.7,14.0,0.041,0.184,0.114,20.0,20.4,0.38,0.484,0.234,0.245,98.54,99.99,83.32,99.99,0.062,162,9,25,0.4,1.0,0.36,96,204,462,397,134,317,276,276,339,358,358,348,346,346,148,214,214,170,78,106,442,447,284,274,92,92,318,362,362,266,108,91,180,130,262,1,2025-26,Regular Season,Advanced
Players,1627884,Derrick Jones Jr.,Derrick,1610612746,LAC,29.0,16,8,8,0.5,4.6,104.4,106.6,106.6,111.9,108.4,108.4,-7.4,-1.8,-1.8,0.05,1.0,6.7,0.042,0.07,0.056,6.7,6.5,0.571,0.636,0.167,0.178,99.91,100.44,83.7,100.44,0.091,151,11,21,0.7,1.3,0.524,193,180,279,213,19,319,239,239,246,252,252,294,257,257,300,159,302,165,310,290,263,260,131,135,175,182,279,348,348,204,85,116,62,90,111,1,2025-26,Regular Season,Advanced
Players,1628401,Derrick White,Derrick,1610612738,BOS,31.0,27,13,14,0.481,3.0,113.4,111.3,111.3,109.3,108.3,108.3,4.1,3.0,3.0,0.163,1.75,11.9,0.036,0.022,0.028,6.8,6.7,0.573,0.634,0.256,0.278,100.47,101.9,84.92,101.9,0.147,177,18,41,0.7,1.5,0.439,72,91,411,261,163,216,182,182,216,248,248,197,199,199,145,109,242,186,363,366,267,264,130,136,67,72,266,313,313,87,44,41,64,68,189,1,2025-26,Regular Season,Advanced
Players,1630217,Desmond Bane,Desmond,1610612753,ORL,27.0,41,27,14,0.659,3.9,110.3,110.6,110.6,107.8,107.3,107.3,2.5,3.3,3.3,0.202,1.8,14.0,0.038,0.116,0.077,7.8,7.9,0.416,0.514,0.271,0.281,102.68,102.78,85.65,102.78,0.117,349,31,83,0.8,2.0,0.373,2,1,411,89,51,244,191,191,194,237,237,210,197,197,109,107,215,181,207,218,289,288,269,246,59,66,188,285,285,146,11,7,55,34,251,1,2025-26,Regular Season,Advanced
Players,1626164,Devin Booker,Devin,1610612756,PHX,29.0,29,13,16,0.448,3.5,113.6,109.8,109.8,116.9,115.4,115.4,-3.3,-5.6,-5.6,0.304,1.4,13.9,0.038,0.104,0.07,9.9,9.7,0.492,0.608,0.339,0.371,105.85,108.34,90.28,108.34,0.155,225,26,60,0.9,2.1,0.433,49,91,437,288,98,214,200,200,296,338,338,263,277,277,43,135,216,180,229,241,324,321,214,159,22,19,111,156,156,82,20,20,34,32,196,1,2025-26,Regular Season,Advanced
Players,1642269,Devin Carter,Devin,1610612758,SAC,24.0,8,5,3,0.625,3.1,142.0,136.7,136.7,102.4,98.2,98.2,39.6,38.5,38.5,0.316,6.0,27.3,0.05,0.148,0.106,4.5,4.6,0.773,0.792,0.239,0.236,109.54,113.98,94.98,113.98,0.239,60,7,11,0.9,1.4,0.636,300,256,123,100,157,52,41,41,135,116,116,51,53,53,40,9,79,139,140,125,224,225,48,52,88,97,71,101,101,22,146,196,35,82,62,1,2025-26,Regular Season,Advanced
Players,1630170,Devin Vassell,Devin,1610612759,SAS,25.0,27,19,8,0.704,2.8,120.4,118.4,118.4,118.3,111.8,111.8,2.2,6.5,6.5,0.0,0.0,0.0,0.023,0.051,0.036,7.7,7.9,0.556,0.666,0.126,0.13,100.79,104.39,86.99,104.39,0.07,174,8,18,0.3,0.7,0.444,72,15,279,63,203,141,120,120,309,295,295,212,171,171,334,257,334,237,344,353,285,291,139,112,276,286,253,251,251,247,124,139,224,230,180,1,2025-26,Regular Season,Advanced
Players,1628415,Dillon Brooks,Dillon,1610612756,PHX,30.0,26,15,11,0.577,3.2,116.7,112.9,112.9,108.8,108.0,108.0,7.8,4.9,4.9,0.075,0.8,8.3,0.0,0.13,0.063,10.4,10.5,0.441,0.502,0.211,0.224,101.71,103.81,86.51,103.81,0.056,186,13,34,0.5,1.3,0.382,89,63,352,150,137,181,161,161,210,245,245,173,184,184,259,209,280,289,173,260,336,333,249,252,108,110,219,267,267,280,73,56,106,91,244,1,2025-26,Regular Season,Advanced
Players,1627734,Domantas Sabonis,Domantas,1610612758,SAC,29.0,7,2,5,0.286,3.5,70.9,72.1,72.1,133.0,128.8,128.8,-62.1,-56.8,-56.8,0.0,0.0,0.0,0.111,0.261,0.18,25.0,24.0,0.4,0.396,0.167,0.178,91.03,91.92,76.6,91.92,0.043,43,2,5,0.3,0.7,0.4,309,346,183,385,84,440,425,425,406,416,416,444,445,445,334,257,334,51,23,36,460,461,275,328,175,185,432,457,457,300,265,268,226,218,226,1,2025-26,Regular Season,Advanced
Players,1631230,Dominick Barlow,Dominick,1610612755,PHI,22.0,12,7,5,0.583,4.3,118.7,119.0,119.0,111.7,115.2,115.2,7.0,3.8,3.8,0.029,0.5,7.1,0.083,0.082,0.083,14.3,13.8,0.375,0.477,0.107,0.115,99.1,97.42,81.18,97.42,0.036,105,3,8,0.3,0.7,0.375,247,204,183,140,25,160,114,114,243,334,334,180,191,191,327,222,295,75,280,188,391,385,286,276,315,317,306,408,408,319,231,229,247,230,245,1,2025-26,Regular Season,Advanced
Players,1642270,Donovan Clingan,Donovan,1610612757,POR,22.0,32,17,15,0.531,2.5,108.8,107.3,107.3,108.7,102.2,102.2,0.1,5.0,5.0,0.122,1.2,20.7,0.149,0.188,0.17,17.2,17.0,0.727,0.649,0.11,0.117,102.57,106.45,88.71,106.45,0.138,179,8,11,0.3,0.3,0.727,29,41,424,193,249,267,228,228,208,170,170,226,182,182,196,151,113,31,69,40,428,424,59,123,309,315,192,198,198,109,124,196,247,334,41,1,2025-26,Regular Season,Advanced
Players,1628378,Donovan Mitchell,Donovan,1610612739,CLE,29.0,33,19,14,0.576,2.8,126.9,121.2,121.2,103.0,102.0,102.0,23.9,19.2,19.2,0.22,2.75,11.7,0.058,0.128,0.094,4.3,4.2,0.471,0.531,0.333,0.359,104.68,107.64,89.7,107.64,0.176,212,28,69,0.8,2.1,0.406,24,15,411,152,197,106,95,95,141,169,169,91,97,97,99,49,248,119,178,162,219,218,232,232,23,23,132,168,168,55,14,12,42,29,225,1,2025-26,Regular Season,Advanced
Players,1628978,Donte DiVincenzo,Donte,1610612750,MIN,29.0,28,15,13,0.536,3.4,109.3,107.8,107.8,114.7,111.2,111.2,-5.3,-3.5,-3.5,0.162,1.33,24.0,0.029,0.086,0.058,18.0,18.3,0.52,0.57,0.141,0.148,112.04,114.59,95.49,114.59,0.049,232,9,25,0.3,0.9,0.36,61,63,397,189,106,259,220,220,273,288,288,278,265,265,146,138,98,209,273,281,432,434,164,188,248,252,59,96,96,291,108,91,214,164,262,1,2025-26,Regular Season,Advanced
Players,1627827,Dorian Finney-Smith,Dorian,1610612745,HOU,32.0,12,7,5,0.583,0.8,90.1,70.4,70.4,103.2,88.5,88.5,-13.1,-18.1,-18.1,0.0,0.0,0.0,0.0,0.0,0.0,0.0,0.0,0.0,0.0,0.0,0.0,105.79,129.31,107.76,129.31,-0.136,27,0,0,0.0,0.0,0.0,247,204,183,140,430,398,427,427,145,72,72,329,356,356,334,257,334,289,366,385,1,1,356,379,418,418,112,47,47,464,356,406,356,406,356,1,2025-26,Regular Season,Advanced
Players,203926,Doug McDermott,Doug,1610612758,SAC,34.0,4,4,0,1.0,0.4,122.7,100.0,100.0,0.0,0.0,0.0,122.7,100.0,100.0,0.0,0.0,0.0,0.0,0.0,0.0,0.0,0.0,0.0,0.0,0.0,0.0,134.23,173.3,144.42,173.3,0.0,8,0,0,0.0,0.0,0.0,371,279,1,1,456,130,301,301,1,1,1,17,17,17,334,257,334,289,366,385,1,1,356,379,418,418,20,19,19,367,356,406,356,406,356,1,2025-26,Regular Season,Advanced
Players,1642962,Drake Powell,Drake,1610612751,BKN,20.0,14,2,12,0.143,2.1,117.9,114.5,114.5,146.5,140.3,140.3,-28.6,-25.8,-25.8,0.0,0.0,0.0,0.0,0.037,0.017,0.0,0.0,0.75,0.751,0.1,0.112,105.14,109.05,90.87,109.05,0.061,62,4,6,0.3,0.4,0.667,217,346,373,434,307,170,147,147,438,444,444,387,376,376,334,257,334,289,355,382,1,1,51,66,326,323,127,142,142,268,206,252,226,313,48,1,2025-26,Regular Season,Advanced
Players,203110,Draymond Green,Draymond,1610612744,GSW,36.0,27,11,16,0.407,3.5,115.9,111.6,111.6,123.1,118.1,118.1,-7.2,-6.6,-6.6,0.25,2.67,41.0,0.051,0.186,0.114,15.4,15.4,0.808,0.825,0.098,0.105,98.46,102.43,85.36,102.43,0.09,199,9,13,0.3,0.5,0.692,72,115,437,328,90,187,180,180,357,356,356,290,283,283,69,50,36,136,74,105,408,411,43,46,331,336,321,297,297,205,108,179,191,304,46,1,2025-26,Regular Season,Advanced
Players,1629234,Drew Eubanks,Drew,1610612758,SAC,29.0,4,4,0,1.0,0.7,160.0,133.3,133.3,0.0,0.0,0.0,160.0,133.3,133.3,0.0,0.0,0.0,0.0,0.2,0.125,0.0,0.0,0.0,0.0,0.0,0.0,75.52,109.09,90.91,109.09,0.167,6,0,0,0.0,0.0,0.0,371,279,1,1,438,29,47,47,1,1,1,11,13,13,334,257,334,289,52,83,1,1,356,379,418,418,472,140,140,68,356,406,356,406,356,1,2025-26,Regular Season,Advanced
Players,1641809,Drew Peterson,Drew,1610612766,CHA,26.0,1,0,1,0.0,1.0,41.0,33.3,33.3,100.0,100.0,100.0,-59.0,-66.7,-66.7,0.0,0.0,0.0,0.333,0.0,0.333,0.0,0.0,0.0,0.0,0.25,0.291,112.17,126.32,105.26,126.32,-0.143,3,0,1,0.0,1.0,0.0,442,438,36,438,423,458,459,459,115,127,127,441,452,452,334,257,334,9,366,7,1,1,356,379,73,60,57,52,52,465,356,362,356,130,356,1,2025-26,Regular Season,Advanced
Players,1630696,Dru Smith,Dru,1610612748,MIA,28.0,9,4,5,0.444,1.1,153.7,125.0,125.0,115.5,108.3,108.3,38.2,16.7,16.7,0.25,0.0,50.0,0.083,0.077,0.08,0.0,0.0,0.5,0.5,0.069,0.085,102.28,116.78,97.31,116.78,0.063,24,1,2,0.1,0.2,0.5,284,279,183,292,409,35,73,73,282,248,248,53,108,108,69,257,12,75,292,198,1,1,175,253,377,372,198,82,82,261,309,330,332,374,119,1,2025-26,Regular Season,Advanced
Players,1629130,Duncan Robinson,Duncan,1610612765,DET,31.0,35,25,10,0.714,2.6,115.8,115.4,115.4,113.4,104.9,104.9,2.4,10.4,10.4,0.08,2.0,16.7,0.029,0.071,0.048,8.3,8.6,0.391,0.46,0.113,0.114,101.25,104.99,87.49,104.99,0.034,221,7,23,0.2,0.7,0.304,19,2,327,57,230,189,137,137,262,208,208,211,139,139,248,70,164,213,304,317,294,301,279,288,298,319,234,236,236,325,146,105,281,240,303,1,2025-26,Regular Season,Advanced
Players,1641871,Duop Reath,Duop,1610612757,POR,29.0,1,1,0,1.0,2.0,180.4,175.0,175.0,69.4,66.7,66.7,111.0,108.3,108.3,0.5,0.0,100.0,0.5,0.333,0.4,0.0,0.0,0.0,0.0,0.0,0.0,82.29,85.21,71.01,85.21,0.333,4,0,0,0.0,0.0,0.0,442,383,1,1,323,20,15,15,41,43,43,19,15,15,6,257,1,4,8,4,1,1,356,379,418,418,466,477,477,11,356,406,356,406,356,1,2025-26,Regular Season,Advanced
Players,203939,Dwight Powell,Dwight,1610612742,DAL,34.0,9,3,6,0.333,1.6,113.3,110.7,110.7,120.3,110.3,110.3,-7.0,0.4,0.4,0.167,0.0,20.0,0.067,0.125,0.097,0.0,0.0,0.0,0.469,0.129,0.109,88.47,93.45,77.88,93.45,0.014,28,0,1,0.0,0.1,0.0,284,308,225,365,360,218,187,187,335,275,275,286,225,225,130,257,118,102,183,151,1,1,356,283,270,330,448,444,444,357,356,362,356,398,356,1,2025-26,Regular Season,Advanced
Players,1642928,Dylan Cardwell,Dylan,1610612758,SAC,24.0,14,4,10,0.286,2.5,93.8,100.0,100.0,107.0,97.7,97.7,-13.2,2.3,2.3,0.0,0.0,0.0,0.039,0.194,0.103,0.0,0.0,0.667,0.637,0.096,0.093,110.04,111.66,93.05,111.66,0.101,78,4,6,0.3,0.4,0.667,217,279,327,385,239,383,301,301,186,113,113,330,203,203,334,257,334,175,63,131,1,1,78,133,338,359,68,118,118,173,206,252,226,313,48,1,2025-26,Regular Season,Advanced
Players,1642844,Dylan Harper,Dylan,1610612759,SAS,20.0,12,8,4,0.667,2.1,104.7,98.1,98.1,134.0,125.0,125.0,-29.3,-26.9,-26.9,0.083,0.33,6.3,0.08,0.08,0.08,18.8,19.0,0.55,0.553,0.242,0.26,92.65,99.06,82.55,99.06,0.061,53,5,10,0.4,0.8,0.5,247,180,151,72,304,315,339,339,410,398,398,390,383,383,243,242,305,89,283,198,438,439,142,208,85,82,413,378,378,269,180,209,157,181,119,1,2025-26,Regular Season,Advanced
Players,1630700,Dyson Daniels,Dyson,1610612737,ATL,23.0,32,16,16,0.5,3.8,115.5,114.3,114.3,105.1,107.0,107.0,10.4,7.3,7.3,0.177,3.5,29.2,0.085,0.157,0.125,8.3,8.2,0.517,0.536,0.123,0.132,101.62,101.18,84.32,101.18,0.1,245,15,29,0.5,0.9,0.517,29,49,437,213,58,193,148,148,168,235,235,154,165,165,126,29,72,72,117,88,294,295,165,222,287,284,222,330,330,179,56,75,135,162,115,1,2025-26,Regular Season,Advanced
Players,1630604,E.J. Liddell,E.J.,1610612751,BKN,25.0,5,1,4,0.2,2.2,156.5,157.1,157.1,137.2,133.3,133.3,19.4,23.8,23.8,0.1,0.0,25.0,0.1,0.3,0.2,0.0,0.0,1.25,1.042,0.115,0.115,104.05,105.54,87.95,105.54,0.106,21,2,2,0.4,0.4,1.0,350,383,151,420,296,32,22,22,418,429,429,106,73,73,220,257,89,57,17,24,1,1,6,20,294,318,147,221,221,166,265,330,165,322,1,1,2025-26,Regular Season,Advanced
Players,1642856,Egor Dëmin,Egor,1610612751,BKN,20.0,16,3,13,0.188,2.5,81.9,85.3,85.3,132.1,121.0,121.0,-50.2,-35.7,-35.7,0.083,1.0,4.0,0.0,0.057,0.024,4.0,4.0,0.545,0.546,0.273,0.28,92.53,94.74,78.95,94.74,0.058,75,8,22,0.5,1.4,0.364,193,308,397,427,255,427,395,395,401,379,379,432,415,415,243,159,321,289,331,376,214,214,148,214,58,67,416,439,439,274,124,111,106,82,256,1,2025-26,Regular Season,Advanced
Players,1641989,Elijah Harkless,Elijah,1610612762,UTA,26.0,8,2,6,0.25,2.7,103.1,100.0,100.0,129.5,128.8,128.8,-26.4,-28.8,-28.8,0.143,0.5,14.3,0.0,0.071,0.047,28.6,29.1,0.25,0.387,0.231,0.233,109.78,111.76,93.13,111.76,-0.074,50,1,6,0.1,0.8,0.167,300,346,225,402,211,328,301,301,391,416,416,376,393,393,162,222,202,289,304,325,472,473,338,334,94,100,69,115,115,453,309,252,325,207,351,1,2025-26,Regular Season,Advanced
Players,1630679,Ethan Thompson,Ethan,1610612754,IND,26.0,5,1,4,0.2,1.1,107.6,108.3,108.3,44.2,41.7,41.7,63.4,66.7,66.7,0.0,0.0,0.0,0.6,0.0,0.25,0.0,0.0,0.0,0.758,0.063,0.082,102.61,105.24,87.7,105.24,0.214,12,0,0,0.0,0.0,0.0,350,383,151,420,410,286,212,212,29,31,31,39,33,33,334,257,334,3,366,14,1,1,356,63,387,375,190,230,230,33,356,406,356,406,356,1,2025-26,Regular Season,Advanced
Players,1630596,Evan Mobley,Evan,1610612739,CLE,24.0,34,19,15,0.559,2.8,124.1,118.1,118.1,105.8,102.8,102.8,18.3,15.3,15.3,0.116,1.33,16.0,0.112,0.241,0.178,12.0,12.2,0.646,0.671,0.158,0.167,107.38,111.69,93.08,111.69,0.167,227,14,24,0.4,0.7,0.583,22,15,424,165,199,121,122,122,179,179,179,112,115,115,202,138,180,50,28,38,366,370,91,105,204,206,91,117,117,67,62,97,160,222,82,1,2025-26,Regular Season,Advanced
Players,1630532,Franz Wagner,Franz,1610612753,ORL,24.0,15,9,6,0.6,4.2,118.1,119.0,119.0,110.1,111.7,111.7,8.0,7.3,7.3,0.054,2.0,4.7,0.038,0.118,0.075,2.3,2.3,0.5,0.589,0.24,0.254,106.94,105.77,88.14,105.77,0.141,142,14,32,0.9,2.1,0.438,211,151,225,116,32,168,116,116,224,294,294,172,163,163,288,70,319,178,201,222,199,200,175,173,87,90,96,213,213,105,62,65,29,27,191,1,2025-26,Regular Season,Advanced
Players,1641713,GG Jackson,GG,1610612763,MEM,21.0,11,4,7,0.364,2.3,87.3,91.4,91.4,133.4,131.6,131.6,-46.1,-40.2,-40.2,0.0,0.0,0.0,0.03,0.238,0.111,10.0,10.1,0.375,0.45,0.143,0.148,111.84,109.97,91.64,109.97,0.059,58,3,8,0.3,0.7,0.375,265,279,251,353,286,405,379,379,407,425,425,429,427,427,334,257,334,205,29,111,325,327,286,298,241,249,61,133,133,273,231,229,240,213,245,1,2025-26,Regular Season,Advanced
Players,1629216,Gabe Vincent,Gabe,1610612737,ATL,29.0,3,2,1,0.667,0.6,86.8,71.4,71.4,128.9,100.0,100.0,-42.1,-28.6,-28.6,0.0,0.0,0.0,0.0,0.0,0.0,0.0,0.0,0.0,0.0,0.0,0.0,134.25,167.12,139.26,167.12,0.0,7,0,0,0.0,0.0,0.0,390,346,36,72,444,407,426,426,385,127,127,425,389,389,334,257,334,289,366,385,1,1,356,379,418,418,19,20,20,367,356,406,356,406,356,1,2025-26,Regular Season,Advanced
Players,1629726,Garrison Mathews,Garrison,1610612754,IND,29.0,2,0,2,0.0,1.2,0.0,0.0,0.0,210.1,200.0,200.0,-210.1,-200.0,-200.0,0.0,0.0,0.0,0.0,0.0,0.0,0.0,0.0,0.0,0.0,0.0,0.0,86.76,89.13,74.28,89.13,-0.118,4,0,0,0.0,0.0,0.0,412,438,86,438,401,466,466,466,474,473,473,480,478,478,334,257,334,289,366,385,1,1,356,379,418,418,457,468,468,460,356,406,356,406,356,1,2025-26,Regular Season,Advanced
Players,203914,Gary Harris,Gary,1610612749,MIL,31.0,5,3,2,0.6,0.6,214.3,187.5,187.5,177.5,171.4,171.4,36.8,16.1,16.1,0.167,0.0,100.0,0.0,0.0,0.0,0.0,0.0,0.0,0.0,0.0,0.0,107.45,117.14,97.61,117.14,0.0,8,0,0,0.0,0.0,0.0,350,308,86,116,442,10,11,11,465,469,469,56,112,112,130,257,1,289,366,385,1,1,356,379,418,418,89,81,81,367,356,406,356,406,356,1,2025-26,Regular Season,Advanced
Players,1627780,Gary Payton II,Gary,1610612744,GSW,33.0,24,12,12,0.5,1.9,127.9,109.0,109.0,116.5,111.1,111.1,11.4,-2.1,-2.1,0.133,4.0,20.0,0.0,0.19,0.093,5.0,5.0,0.7,0.7,0.147,0.175,98.39,108.7,90.58,108.7,0.12,100,10,15,0.4,0.6,0.667,105,103,373,213,328,101,206,206,290,281,281,148,259,259,176,18,118,289,65,164,229,230,66,86,232,190,325,152,152,139,93,163,157,243,48,1,2025-26,Regular Season,Advanced
Players,1629018,Gary Trent Jr.,Gary,1610612749,MIL,27.0,14,7,7,0.5,3.3,108.0,106.9,106.9,118.5,116.3,116.3,-10.4,-9.4,-9.4,0.0,0.0,0.0,0.0,0.043,0.02,16.7,17.4,0.5,0.528,0.155,0.155,103.01,104.48,87.07,104.48,-0.013,101,4,12,0.3,0.9,0.333,217,204,251,213,126,276,236,236,311,342,342,317,309,309,334,257,334,289,350,379,414,428,175,233,214,239,179,247,247,425,206,188,226,170,273,1,2025-26,Regular Season,Advanced
Players,203507,Giannis Antetokounmpo,Giannis,1610612749,MIL,31.0,20,11,9,0.55,3.5,124.3,119.3,119.3,114.7,116.0,116.0,9.6,3.3,3.3,0.256,1.1,15.3,0.141,0.224,0.184,13.9,14.0,0.436,0.506,0.347,0.366,100.79,102.28,85.23,102.28,0.145,150,17,39,0.9,2.0,0.436,147,115,303,173,87,117,111,111,275,340,340,163,195,195,66,156,196,34,36,33,387,390,255,250,19,21,252,301,301,95,48,46,41,42,194,1,2025-26,Regular Season,Advanced
Players,1629048,Goga Bitadze,Goga,1610612753,ORL,26.0,14,8,6,0.571,0.9,106.9,100.0,100.0,119.6,107.1,107.1,-12.7,-7.1,-7.1,0.0,0.0,0.0,0.154,0.091,0.125,0.0,0.0,0.5,0.5,0.077,0.085,90.11,98.62,82.18,98.62,0.046,23,1,2,0.1,0.1,0.5,217,180,225,153,426,294,301,301,325,236,236,327,289,289,334,257,334,29,261,83,1,1,175,253,365,372,441,387,387,295,309,330,345,393,119,1,2025-26,Regular Season,Advanced
Players,1641711,Gradey Dick,Gradey,1610612761,TOR,22.0,4,3,1,0.75,1.4,129.9,133.3,133.3,70.0,63.6,63.6,59.9,69.7,69.7,0.167,0.0,100.0,0.0,0.333,0.154,0.0,0.0,0.0,0.0,0.0,0.0,94.87,97.76,81.46,97.76,0.182,12,0,0,0.0,0.0,0.0,371,308,36,43,378,91,47,47,43,41,41,42,32,32,130,257,1,289,8,53,1,1,356,379,418,418,385,399,399,51,356,406,356,406,356,1,2025-26,Regular Season,Advanced
Players,1641761,Grant Nelson,Grant,1610612751,BKN,24.0,1,0,1,0.0,0.0,0.0,0.0,0.0,170.5,150.0,150.0,-170.5,-150.0,-150.0,0.0,0.0,0.0,0.0,0.0,0.0,0.0,0.0,0.0,0.0,0.0,0.0,974.77,1661.54,1384.62,1661.54,0.0,1,0,0,0.0,0.0,0.0,442,438,36,438,475,466,466,466,463,454,454,477,474,474,334,257,334,289,366,385,1,1,356,379,418,418,2,2,2,367,356,406,356,406,356,1,2025-26,Regular Season,Advanced
Players,1629684,Grant Williams,Grant,1610612766,CHA,27.0,7,2,5,0.286,1.8,85.0,76.9,76.9,141.0,133.3,133.3,-56.0,-56.4,-56.4,0.0,0.0,0.0,0.15,0.077,0.121,0.0,0.0,0.0,0.145,0.094,0.121,100.37,108.34,90.29,108.34,-0.058,26,0,3,0.0,0.4,0.0,309,346,183,385,345,414,416,416,426,429,429,438,443,443,334,257,334,30,292,94,1,1,356,374,342,306,268,155,155,450,356,306,356,313,356,1,2025-26,Regular Season,Advanced
Players,1628960,Grayson Allen,Grayson,1610612756,PHX,30.0,25,13,12,0.52,3.3,95.5,93.4,93.4,102.9,103.5,103.5,-7.4,-10.0,-10.0,0.351,2.6,19.1,0.019,0.082,0.047,7.4,7.5,0.425,0.523,0.251,0.26,101.28,102.16,85.14,102.16,0.133,183,14,40,0.6,1.6,0.35,96,91,373,203,112,375,367,367,140,187,187,293,314,314,24,55,135,252,279,324,278,281,262,238,72,83,231,305,305,118,62,43,93,62,268,1,2025-26,Regular Season,Advanced
Players,1627824,Guerschon Yabusele,Guerschon,1610612741,CHI,30.0,6,3,3,0.5,2.0,105.1,92.3,92.3,137.8,129.6,129.6,-32.7,-37.3,-37.3,0.0,0.0,0.0,0.133,0.2,0.16,25.0,25.0,0.833,0.833,0.129,0.149,96.17,105.66,88.05,105.66,0.135,26,2,3,0.3,0.5,0.667,334,308,123,213,319,310,374,374,422,418,418,404,418,418,334,257,334,37,52,49,460,463,39,44,270,248,368,216,216,113,265,306,191,280,48,2,2025-26,Regular Season,Advanced
Players,1630611,Gui Santos,Gui,1610612744,GSW,23.0,17,8,9,0.471,4.0,118.2,114.3,114.3,96.2,93.7,93.7,22.1,20.6,20.6,0.143,1.2,15.8,0.057,0.137,0.098,13.2,13.5,0.625,0.669,0.19,0.201,96.16,99.1,82.58,99.1,0.126,140,12,20,0.7,1.2,0.6,186,180,303,270,45,167,148,148,82,93,93,100,90,90,162,151,184,120,160,148,379,380,100,107,136,140,369,377,377,128,80,121,61,113,68,1,2025-26,Regular Season,Advanced
Players,203084,Harrison Barnes,Harrison,1610612759,SAS,33.0,28,19,9,0.679,2.5,142.3,133.9,133.9,116.7,111.9,111.9,25.6,22.0,22.0,0.073,4.0,13.3,0.056,0.08,0.068,3.3,3.4,0.5,0.638,0.136,0.143,99.02,104.34,86.95,104.34,0.091,165,8,19,0.3,0.7,0.421,61,15,303,70,257,50,45,45,294,298,298,86,83,83,262,18,222,124,283,247,207,207,175,132,258,267,307,254,254,201,124,128,226,228,211,1,2025-26,Regular Season,Advanced
Players,1629312,Haywood Highsmith,Haywood,1610612756,PHX,29.0,3,1,2,0.333,3.0,53.6,58.8,58.8,131.3,127.8,127.8,-77.6,-69.0,-69.0,0.0,0.0,0.0,0.0,0.167,0.063,0.0,0.0,0.0,0.0,0.158,0.161,98.02,94.88,79.07,94.88,-0.258,17,0,3,0.0,1.0,0.0,390,383,86,365,174,454,447,447,396,410,410,458,454,454,334,257,334,289,98,265,1,1,356,379,205,220,338,436,436,473,356,306,356,130,356,1,2025-26,Regular Season,Advanced
Players,1630529,Herbert Jones,Herbert,1610612740,NOP,27.0,27,9,18,0.333,3.2,103.0,98.9,98.9,108.5,105.4,105.4,-5.6,-6.5,-6.5,0.12,6.0,33.3,0.0,0.093,0.049,5.6,5.7,0.5,0.527,0.063,0.064,103.49,107.1,89.25,107.1,0.041,179,5,10,0.2,0.4,0.5,72,151,462,365,142,330,334,334,207,216,216,281,282,282,199,9,46,289,259,314,240,243,175,235,385,395,162,182,182,308,180,209,292,330,119,1,2025-26,Regular Season,Advanced
Players,1642864,Hugo González,Hugo,1610612738,BOS,20.0,9,4,5,0.444,1.5,116.1,106.3,106.3,112.3,114.7,114.7,3.8,-8.5,-8.5,0.0,0.0,0.0,0.182,0.105,0.133,25.0,25.0,0.833,0.833,0.111,0.128,112.1,115.61,96.34,115.61,0.077,32,2,3,0.2,0.3,0.667,284,279,183,292,367,184,245,245,253,330,330,202,301,301,334,257,334,20,224,73,460,463,39,44,300,291,58,91,91,234,265,306,267,335,48,1,2025-26,Regular Season,Advanced
Players,1630193,Immanuel Quickley,Immanuel,1610612761,TOR,26.0,29,18,11,0.621,3.0,108.6,107.0,107.0,102.9,100.6,100.6,5.8,6.4,6.4,0.145,4.0,13.8,0.018,0.151,0.076,3.4,3.5,0.5,0.535,0.223,0.227,95.63,97.42,81.19,97.42,0.146,186,16,41,0.6,1.4,0.39,49,27,352,106,158,270,233,233,139,156,156,184,173,173,161,18,217,255,133,219,208,208,175,226,98,103,376,407,407,92,51,41,96,80,240,1,2025-26,Regular Season,Advanced
Players,1630171,Isaac Okoro,Isaac,1610612741,CHI,25.0,26,12,14,0.462,2.8,111.0,105.6,105.6,122.8,123.8,123.8,-11.8,-18.2,-18.2,0.058,1.5,15.8,0.03,0.077,0.056,10.5,10.5,0.429,0.429,0.092,0.099,106.29,108.33,90.28,108.33,0.007,161,6,14,0.2,0.5,0.429,89,103,411,277,189,237,254,254,352,393,393,322,357,357,283,121,184,205,292,293,337,338,259,313,344,349,107,157,157,365,164,172,263,277,198,1,2025-26,Regular Season,Advanced
Players,1642268,Isaiah Collier,Isaiah,1610612762,UTA,21.0,15,6,9,0.4,4.4,100.6,101.4,101.4,102.4,100.0,100.0,-1.8,1.4,1.4,0.25,1.25,25.6,0.028,0.127,0.079,20.5,20.4,0.474,0.495,0.18,0.189,101.0,101.76,84.8,101.76,0.071,138,9,19,0.6,1.3,0.474,211,233,303,330,23,348,292,292,134,127,127,246,214,214,69,149,88,218,182,204,453,448,231,263,152,158,243,320,320,244,108,128,80,98,161,1,2025-26,Regular Season,Advanced
Players,1628392,Isaiah Hartenstein,Isaiah,1610612760,OKC,27.0,14,10,4,0.714,3.3,123.4,112.7,112.7,91.8,91.0,91.0,31.6,21.7,21.7,0.032,0.0,11.1,0.127,0.209,0.16,0.0,0.0,0.667,0.644,0.064,0.069,99.96,105.03,87.53,105.03,0.141,102,4,6,0.3,0.4,0.667,217,132,151,57,124,126,164,164,69,82,82,73,86,86,321,257,251,41,46,48,1,1,78,127,384,390,277,234,234,104,206,252,226,313,48,1,2025-26,Regular Season,Advanced
Players,1630543,Isaiah Jackson,Isaiah,1610612746,LAC,24.0,11,3,8,0.273,2.5,125.3,119.1,119.1,99.6,105.5,105.5,25.7,13.7,13.7,0.071,1.0,16.7,0.048,0.156,0.113,16.7,17.4,1.0,1.064,0.089,0.094,91.52,90.71,75.59,90.71,0.122,47,2,2,0.2,0.2,1.0,265,308,279,399,258,111,113,113,110,217,217,83,122,122,263,159,164,149,119,109,414,426,16,19,352,357,431,462,462,136,265,330,293,387,1,2,2025-26,Regular Season,Advanced
Players,1630198,Isaiah Joe,Isaiah,1610612760,OKC,26.0,18,12,6,0.667,1.7,121.4,115.6,115.6,96.6,91.0,91.0,24.7,24.5,24.5,0.0,0.0,0.0,0.0,0.139,0.077,6.7,6.6,0.667,0.704,0.179,0.194,104.46,110.25,91.88,110.25,0.123,77,6,12,0.3,0.7,0.5,172,103,225,72,351,134,136,136,88,83,83,88,70,70,334,257,334,289,157,216,263,262,78,84,155,148,138,128,128,133,164,188,191,230,119,1,2025-26,Regular Season,Advanced
Players,1630587,Isaiah Livers,Isaiah,1610612756,PHX,27.0,1,0,1,0.0,0.1,113.6,100.0,100.0,0.0,0.0,0.0,113.6,100.0,100.0,0.0,0.0,0.0,0.0,0.0,0.0,0.0,0.0,0.0,0.0,0.0,0.0,243.69,276.92,230.77,276.92,0.0,1,0,0,0.0,0.0,0.0,442,438,36,438,471,212,301,301,1,1,1,18,17,17,334,257,334,289,366,385,1,1,356,379,418,418,9,13,13,367,356,406,356,406,356,1,2025-26,Regular Season,Advanced
Players,1641815,Isaiah Stevens,Isaiah,1610612758,SAC,25.0,1,0,1,0.0,5.0,127.3,110.0,110.0,205.5,180.0,180.0,-78.2,-70.0,-70.0,0.0,0.0,0.0,0.0,0.0,0.0,0.0,0.0,0.0,1.136,0.083,0.091,82.97,95.36,79.47,95.36,0.073,10,0,0,0.0,0.0,0.0,442,438,36,438,9,105,197,197,471,471,471,459,455,455,334,257,334,289,366,385,1,1,356,12,360,364,463,428,428,243,356,406,356,406,356,1,2025-26,Regular Season,Advanced
Players,1630191,Isaiah Stewart,Isaiah,1610612765,DET,24.0,18,12,6,0.667,1.8,118.5,103.7,103.7,104.6,95.0,95.0,13.8,8.7,8.7,0.037,0.0,16.7,0.027,0.079,0.053,0.0,0.0,0.25,0.307,0.053,0.059,108.92,122.19,101.83,122.19,0.017,82,1,4,0.1,0.2,0.25,172,103,225,72,347,163,277,277,164,101,101,130,149,149,317,257,164,222,289,302,1,1,338,358,399,398,78,63,63,354,309,286,350,374,323,1,2025-26,Regular Season,Advanced
Players,1627826,Ivica Zubac,Ivica,1610612754,IND,29.0,18,7,11,0.389,4.1,113.2,112.9,112.9,116.5,111.1,111.1,-3.3,1.8,1.8,0.167,2.0,17.1,0.056,0.221,0.142,8.6,8.7,0.563,0.681,0.164,0.173,98.33,100.77,83.97,100.77,0.146,155,9,16,0.5,0.9,0.563,172,204,352,341,42,219,161,161,291,281,281,264,211,211,130,70,159,123,43,64,303,304,135,99,186,195,330,339,339,94,108,155,106,165,90,2,2025-26,Regular Season,Advanced
Players,1631120,JD Davison,JD,1610612745,HOU,23.0,2,2,0,1.0,2.4,184.4,180.0,180.0,85.7,85.7,85.7,98.7,94.3,94.3,0.333,0.0,100.0,0.0,0.0,0.0,0.0,0.0,0.0,0.0,0.0,0.0,84.36,85.56,71.3,85.56,0.077,10,0,0,0.0,0.0,0.0,412,346,1,1,271,18,13,13,57,66,66,23,22,22,29,257,1,289,366,385,1,1,356,379,418,418,461,476,476,234,356,406,356,406,356,1,2025-26,Regular Season,Advanced
Players,1629630,Ja Morant,Ja,1610612763,MEM,26.0,10,2,8,0.2,3.3,83.3,87.3,87.3,114.2,112.8,112.8,-30.9,-25.5,-25.5,0.5,0.8,10.8,0.0,0.025,0.012,13.5,13.5,0.46,0.516,0.363,0.401,109.34,107.55,89.63,107.55,0.161,71,11,25,1.1,2.5,0.44,278,346,279,420,119,423,391,391,268,306,306,397,374,374,6,209,259,289,359,384,384,383,239,241,15,14,72,173,173,74,85,91,16,13,188,1,2025-26,Regular Season,Advanced
Players,1642266,Ja'Kobe Walter,Ja'Kobe,1610612761,TOR,21.0,12,7,5,0.583,3.0,116.3,113.6,113.6,83.1,84.3,84.3,33.3,29.4,29.4,0.04,1.0,10.0,0.05,0.095,0.073,10.0,10.6,0.357,0.403,0.107,0.109,91.78,92.1,76.75,92.1,0.0,66,2,7,0.2,0.6,0.286,247,204,183,140,173,183,156,156,53,63,63,68,62,62,314,159,263,139,251,229,325,340,295,324,313,331,424,455,455,367,265,240,301,258,310,1,2025-26,Regular Season,Advanced
Players,1631095,Jabari Smith Jr.,Jabari,1610612745,HOU,22.0,37,18,19,0.486,4.7,105.8,108.3,108.3,122.5,119.1,119.1,-16.7,-10.9,-10.9,0.052,1.2,8.7,0.031,0.192,0.102,7.2,7.3,0.48,0.516,0.141,0.145,98.82,98.99,82.49,98.99,0.071,363,19,51,0.5,1.4,0.373,9,27,472,257,15,302,215,215,348,361,361,345,318,318,297,151,275,202,64,136,277,277,222,242,251,261,312,379,379,246,39,27,105,81,252,1,2025-26,Regular Season,Advanced
Players,1631133,Jabari Walker,Jabari,1610612755,PHI,23.0,5,3,2,0.6,1.8,118.4,112.5,112.5,89.5,85.0,85.0,28.9,27.5,27.5,0.0,0.0,0.0,0.0,0.462,0.333,0.0,0.0,0.0,1.136,0.059,0.054,92.85,97.74,81.45,97.74,0.25,16,0,0,0.0,0.0,0.0,350,308,86,116,346,164,167,167,66,65,65,77,64,64,334,257,334,289,5,7,1,1,356,12,392,405,410,400,400,20,356,406,356,406,356,1,2025-26,Regular Season,Advanced
Players,1630702,Jaden Hardy,Jaden,1610612764,WAS,23.0,6,1,5,0.167,1.0,97.2,100.0,100.0,189.5,140.0,140.0,-92.4,-40.0,-40.0,0.5,2.0,50.0,0.0,0.0,0.0,25.0,25.8,0.0,0.568,0.167,0.166,91.92,106.7,88.91,106.7,0.036,11,0,0,0.0,0.0,0.0,334,383,183,429,421,365,301,301,467,442,442,463,425,425,6,70,12,289,366,385,460,467,356,191,175,210,419,191,191,320,356,406,356,406,356,2,2025-26,Regular Season,Advanced
Players,1631093,Jaden Ivey,Jaden,1610612741,CHI,24.0,3,1,2,0.333,1.0,85.0,83.3,83.3,75.2,80.0,80.0,9.8,3.3,3.3,0.0,0.0,0.0,0.25,0.0,0.143,33.3,33.3,0.0,0.0,0.375,0.381,90.56,88.94,74.12,88.94,-0.556,6,0,2,0.0,0.7,0.0,390,383,86,365,418,414,400,400,47,55,55,158,195,195,334,257,334,14,366,59,474,474,356,379,14,17,439,469,469,477,356,330,356,230,356,1,2025-26,Regular Season,Advanced
Players,1630183,Jaden McDaniels,Jaden,1610612750,MIN,25.0,27,14,13,0.519,3.9,110.3,108.2,108.2,114.7,111.5,111.5,-4.4,-3.3,-3.3,0.054,0.8,9.3,0.044,0.082,0.063,11.6,11.8,0.483,0.539,0.136,0.143,108.3,110.89,92.41,110.89,0.051,244,13,29,0.5,1.1,0.448,72,80,397,206,54,245,216,216,274,293,293,269,264,264,288,209,266,161,281,263,359,363,220,218,256,268,83,122,122,288,73,75,129,124,174,1,2025-26,Regular Season,Advanced
Players,1630256,Jae'Sean Tate,Jae'Sean,1610612745,HOU,30.0,6,3,3,0.5,1.8,118.6,92.0,92.0,126.3,126.1,126.1,-7.7,-34.1,-34.1,0.0,0.0,0.0,0.1,0.0,0.053,0.0,0.0,1.0,1.0,0.065,0.089,95.13,107.8,89.83,107.8,0.09,25,2,2,0.3,0.3,1.0,334,308,123,213,344,162,377,377,377,403,403,298,411,411,334,257,334,57,366,304,1,1,16,26,383,367,383,163,163,207,265,330,191,335,1,1,2025-26,Regular Season,Advanced
Players,1642942,Jahmai Mashack,Jahmai,1610612763,MEM,23.0,5,3,2,0.6,3.3,99.4,105.9,105.9,99.5,100.0,100.0,-0.1,5.9,5.9,0.273,1.5,33.3,0.0,0.0,0.0,22.2,22.2,0.5,0.5,0.15,0.153,100.98,97.54,81.29,97.54,0.091,34,2,4,0.4,0.8,0.5,350,308,86,116,123,357,249,249,108,127,127,236,176,176,58,121,46,289,366,385,455,455,175,253,222,244,244,404,404,202,265,286,165,193,119,1,2025-26,Regular Season,Advanced
Players,1631170,Jaime Jaquez Jr.,Jaime,1610612748,MIA,25.0,21,12,9,0.571,3.2,118.4,116.2,116.2,113.2,113.2,113.2,5.2,3.0,3.0,0.37,17.0,39.5,0.04,0.148,0.096,2.3,2.3,0.475,0.593,0.15,0.16,103.9,104.9,87.42,104.9,0.158,154,9,20,0.4,1.0,0.45,137,103,303,153,130,165,130,130,259,315,315,188,198,198,21,1,39,174,140,152,199,199,230,167,221,223,151,241,241,79,108,121,149,155,173,1,2025-26,Regular Season,Advanced
Players,1631222,Jake LaRavia,Jake,1610612747,LAL,24.0,22,15,7,0.682,1.9,150.1,144.9,144.9,101.0,101.2,101.2,49.0,43.7,43.7,0.086,1.5,14.3,0.135,0.119,0.127,9.5,10.1,0.654,0.711,0.167,0.164,94.31,95.94,79.95,95.94,0.115,89,7,13,0.3,0.6,0.538,128,63,251,67,326,36,29,29,126,163,163,44,47,47,241,121,202,36,200,81,314,327,89,81,175,215,393,422,422,150,146,179,215,257,103,1,2025-26,Regular Season,Advanced
Players,1627751,Jakob Poeltl,Jakob,1610612761,TOR,30.0,14,8,6,0.571,3.0,109.2,104.8,104.8,122.0,116.5,116.5,-12.7,-11.6,-11.6,0.043,0.0,7.7,0.115,0.162,0.135,0.0,0.0,0.7,0.712,0.121,0.135,89.98,94.0,78.33,94.0,0.134,83,7,10,0.5,0.7,0.7,217,180,225,153,172,262,263,263,343,343,343,326,322,322,308,257,284,47,109,70,1,1,66,79,289,279,442,442,442,115,146,209,106,218,45,1,2025-26,Regular Season,Advanced
Players,1628973,Jalen Brunson,Jalen,1610612752,NYK,29.0,31,20,11,0.645,3.7,123.8,122.9,122.9,106.0,105.2,105.2,17.8,17.7,17.7,0.339,1.73,15.3,0.009,0.134,0.071,8.9,8.9,0.556,0.603,0.387,0.402,97.49,98.23,81.85,98.23,0.191,236,39,81,1.3,2.6,0.481,36,10,352,94,69,125,84,84,180,214,214,117,104,104,27,111,195,286,164,238,306,307,139,160,12,13,350,390,390,42,7,9,11,11,159,1,2025-26,Regular Season,Advanced
Players,1631105,Jalen Duren,Jalen,1610612765,DET,22.0,32,21,11,0.656,3.6,111.7,112.1,112.1,99.6,98.8,98.8,12.1,13.4,13.4,0.039,0.43,5.8,0.13,0.195,0.162,13.5,13.9,0.448,0.556,0.158,0.159,104.44,104.65,87.21,104.65,0.111,256,13,29,0.4,0.9,0.448,29,7,352,90,80,231,170,170,109,120,120,144,125,125,315,239,306,39,60,46,383,387,245,203,211,225,139,245,245,159,73,75,163,162,174,1,2025-26,Regular Season,Advanced
Players,1630224,Jalen Green,Jalen,1610612756,PHX,24.0,10,4,6,0.4,4.1,83.8,85.5,85.5,114.4,112.2,112.2,-30.6,-26.7,-26.7,0.25,4.0,14.3,0.054,0.111,0.076,3.6,3.6,0.275,0.287,0.238,0.242,97.74,97.62,81.35,97.62,0.045,83,5,20,0.5,2.0,0.25,278,279,225,330,44,419,394,394,270,302,302,395,382,382,69,18,202,131,212,220,211,211,334,359,89,95,345,402,402,297,180,121,106,35,323,1,2025-26,Regular Season,Advanced
Players,1630552,Jalen Johnson,Jalen,1610612737,ATL,24.0,33,17,16,0.515,3.9,113.1,111.3,111.3,105.7,106.3,106.3,7.4,5.0,5.0,0.358,1.71,20.7,0.031,0.149,0.093,12.1,12.1,0.57,0.631,0.299,0.314,103.85,104.4,87.0,104.4,0.206,274,33,64,1.0,1.9,0.516,24,41,437,212,53,220,181,181,178,226,226,176,181,181,22,112,113,203,139,163,369,369,134,141,41,44,153,250,250,37,10,15,21,43,116,1,2025-26,Regular Season,Advanced
Players,1629618,Jalen Pickett,Jalen,1610612743,DEN,26.0,6,6,0,1.0,3.4,95.6,100.0,100.0,103.8,100.0,100.0,-8.2,0.0,0.0,0.182,0.67,13.3,0.0,0.059,0.027,20.0,20.2,0.333,0.354,0.26,0.263,95.93,95.13,79.28,95.13,-0.015,44,2,9,0.3,1.5,0.222,334,233,1,1,105,374,301,301,153,127,127,303,227,227,123,215,222,289,328,371,442,445,309,345,63,81,370,432,432,427,265,214,191,69,340,1,2025-26,Regular Season,Advanced
Players,1641771,Jalen Slawson,Jalen,1610612754,IND,26.0,2,0,2,0.0,0.6,0.0,0.0,0.0,166.7,166.7,166.7,-166.7,-166.7,-166.7,0.0,0.0,0.0,0.0,0.0,0.0,0.0,0.0,0.0,0.0,0.0,0.0,81.01,81.01,67.51,81.01,0.0,1,0,0,0.0,0.0,0.0,412,438,86,438,443,466,466,466,459,465,465,476,476,476,334,257,334,289,366,385,1,1,356,379,418,418,468,478,478,367,356,406,356,406,356,1,2025-26,Regular Season,Advanced
Players,1630188,Jalen Smith,Jalen,1610612741,CHI,26.0,15,9,6,0.6,2.8,115.9,114.0,114.0,104.2,102.3,102.3,11.7,11.7,11.7,0.094,1.5,15.8,0.116,0.167,0.143,10.5,10.7,0.318,0.477,0.162,0.164,98.15,99.92,83.26,99.92,0.066,86,3,11,0.2,0.7,0.273,211,151,225,116,200,186,154,154,160,171,171,146,132,132,224,121,184,45,98,59,337,342,325,277,190,216,335,364,364,256,231,196,281,211,319,1,2025-26,Regular Season,Advanced
Players,1630591,Jalen Suggs,Jalen,1610612753,ORL,24.0,23,16,7,0.696,3.4,120.0,120.3,120.3,101.8,100.6,100.6,18.2,19.7,19.7,0.231,2.4,26.7,0.022,0.151,0.086,11.1,11.3,0.591,0.66,0.153,0.158,106.72,107.19,89.33,107.19,0.146,182,11,22,0.5,1.0,0.5,117,49,251,66,99,146,103,103,128,156,156,113,95,95,88,62,85,239,133,184,345,354,122,115,218,232,102,179,179,93,85,111,131,154,119,1,2025-26,Regular Season,Advanced
Players,1631114,Jalen Williams,Jalen,1610612760,OKC,24.0,10,7,3,0.7,3.6,141.1,134.9,134.9,107.6,108.2,108.2,33.5,26.7,26.7,0.276,8.0,22.9,0.047,0.098,0.071,2.9,2.9,0.391,0.437,0.27,0.278,101.83,103.94,86.61,103.94,0.117,83,8,23,0.8,2.3,0.348,278,204,123,64,76,54,43,43,190,247,247,66,66,66,57,3,101,151,244,233,201,202,279,307,60,71,215,265,265,147,124,105,48,22,271,1,2025-26,Regular Season,Advanced
Players,1630592,Jalen Wilson,Jalen,1610612751,BKN,25.0,4,2,2,0.5,2.4,139.8,131.6,131.6,119.6,115.8,115.8,20.3,15.8,15.8,0.222,0.0,50.0,0.0,0.25,0.125,0.0,0.0,0.75,0.75,0.095,0.101,90.86,95.17,79.3,95.17,0.098,19,1,2,0.3,0.5,0.5,371,346,86,213,268,56,57,57,323,339,339,104,113,113,96,257,12,289,24,83,1,1,51,67,339,346,435,431,431,186,309,330,247,280,119,1,2025-26,Regular Season,Advanced
Players,1631288,Jamal Cain,Jamal,1610612753,ORL,27.0,8,4,4,0.5,1.0,100.3,87.5,87.5,110.7,104.8,104.8,-10.4,-17.3,-17.3,0.0,0.0,0.0,0.0,0.143,0.071,0.0,0.0,0.0,0.0,0.0,0.0,97.93,107.07,89.23,107.07,0.0,16,0,0,0.0,0.0,0.0,300,279,151,213,414,349,390,390,231,206,206,316,353,353,334,257,334,289,145,233,1,1,356,379,418,418,340,183,183,367,356,406,356,406,356,1,2025-26,Regular Season,Advanced
Players,1627750,Jamal Murray,Jamal,1610612743,DEN,29.0,38,20,18,0.526,4.7,122.6,123.0,123.0,125.1,122.1,122.1,-2.5,0.9,0.9,0.337,1.88,18.1,0.012,0.097,0.057,9.6,9.6,0.603,0.686,0.317,0.341,99.77,100.81,84.01,100.81,0.182,378,48,92,1.3,2.4,0.522,7,10,462,200,16,131,83,83,370,385,385,256,218,218,28,105,149,279,246,288,317,315,114,95,29,28,285,338,338,50,2,4,10,17,114,1,2025-26,Regular Season,Advanced
Players,1642347,Jamal Shead,Jamal,1610612761,TOR,23.0,31,18,13,0.581,2.5,113.1,113.3,113.3,103.2,101.3,101.3,9.9,12.0,12.0,0.259,7.0,32.6,0.011,0.054,0.031,4.7,4.7,0.354,0.394,0.158,0.161,90.88,91.61,76.34,91.61,0.064,150,7,24,0.2,0.8,0.292,36,27,397,148,241,221,158,158,144,164,164,157,131,131,60,7,64,280,337,360,226,226,300,329,210,218,434,459,459,260,146,97,266,201,309,1,2025-26,Regular Season,Advanced
Players,1631123,Jamaree Bouyea,Jamaree,1610612756,PHX,26.0,1,1,0,1.0,2.4,158.2,142.9,142.9,51.5,33.3,33.3,106.7,109.5,109.5,0.0,0.0,0.0,0.0,0.0,0.0,0.0,0.0,0.0,0.0,0.111,0.12,103.07,131.37,109.47,131.37,0.0,7,0,1,0.0,1.0,0.0,442,383,1,1,274,31,32,32,33,28,28,20,14,14,334,257,334,289,366,385,1,1,356,379,300,307,175,46,46,367,356,362,356,130,356,1,2025-26,Regular Season,Advanced
Players,201935,James Harden,James,1610612739,CLE,36.0,30,18,12,0.6,3.5,127.6,124.7,124.7,108.4,103.1,103.1,19.2,21.6,21.6,0.302,1.78,15.2,0.041,0.14,0.095,8.6,8.6,0.55,0.673,0.331,0.355,102.71,106.53,88.78,106.53,0.239,239,28,60,0.9,2.0,0.467,44,27,373,116,88,102,77,77,205,182,182,107,87,87,44,108,197,169,154,160,303,301,142,104,27,26,187,195,195,21,14,20,29,35,164,2,2025-26,Regular Season,Advanced
Players,1642364,Jamir Watkins,Jamir,1610612764,WAS,24.0,7,3,4,0.429,1.9,119.0,107.7,107.7,154.8,148.1,148.1,-35.8,-40.5,-40.5,0.0,0.0,0.0,0.143,0.077,0.111,16.7,16.7,0.7,0.7,0.2,0.218,86.83,93.23,77.69,93.23,0.042,26,3,5,0.4,0.7,0.6,309,308,151,306,325,157,221,221,448,452,452,412,428,428,334,257,334,33,292,111,414,415,66,86,120,115,456,449,449,304,231,268,149,218,68,1,2025-26,Regular Season,Advanced
Players,1642419,Jamison Battle,Jamison,1610612761,TOR,24.0,4,2,2,0.5,1.4,124.2,114.3,114.3,39.7,44.4,44.4,84.5,69.8,69.8,0.0,0.0,0.0,0.0,0.0,0.0,0.0,0.0,1.25,1.25,0.133,0.144,97.44,97.61,81.34,97.61,0.435,14,2,2,0.5,0.5,1.0,371,346,86,213,377,118,148,148,28,32,32,28,31,31,334,257,334,289,366,385,1,1,6,6,262,264,351,403,403,5,265,330,106,280,1,1,2025-26,Regular Season,Advanced
Players,1641716,Jarace Walker,Jarace,1610612754,IND,22.0,21,6,15,0.286,2.4,101.0,96.1,96.1,122.5,117.2,117.2,-21.6,-21.1,-21.1,0.16,1.33,17.4,0.036,0.125,0.08,13.0,13.0,0.423,0.56,0.161,0.177,105.51,110.56,92.13,110.56,0.069,103,5,13,0.2,0.6,0.385,137,233,424,385,269,343,354,354,349,350,350,363,367,367,147,138,157,187,183,196,376,373,264,202,193,188,122,126,126,249,180,179,260,248,242,1,2025-26,Regular Season,Advanced
Players,1642272,Jared McCain,Jared,1610612760,OKC,22.0,10,7,3,0.7,2.3,109.5,103.9,103.9,106.9,106.3,106.3,2.6,-2.3,-2.3,0.063,0.33,9.1,0.0,0.094,0.056,27.3,28.7,0.917,0.932,0.185,0.187,100.08,103.08,85.9,103.08,0.112,51,4,6,0.4,0.6,0.667,278,204,123,64,283,255,274,274,184,223,223,209,260,260,273,242,271,289,257,293,470,472,36,37,142,162,271,282,282,156,206,252,165,254,48,2,2025-26,Regular Season,Advanced
Players,1628991,Jaren Jackson Jr.,Jaren,1610612762,UTA,26.0,26,9,17,0.346,3.3,92.9,92.8,92.8,108.8,106.3,106.3,-15.8,-13.5,-13.5,0.08,0.44,6.8,0.037,0.175,0.103,15.3,15.2,0.23,0.357,0.255,0.271,101.22,102.53,85.44,102.53,0.02,180,8,37,0.3,1.4,0.216,89,151,452,364,111,388,373,373,209,223,223,343,336,336,248,238,301,182,90,132,407,409,347,344,68,76,235,293,293,350,124,51,220,78,343,1,2025-26,Regular Season,Advanced
Players,1629020,Jarred Vanderbilt,Jarred,1610612747,LAL,27.0,7,5,2,0.714,1.6,117.8,108.3,108.3,110.2,104.8,104.8,7.5,3.6,3.6,0.143,0.0,33.3,0.0,0.1,0.042,0.0,0.0,1.25,1.25,0.067,0.074,91.82,98.29,81.91,98.29,0.146,24,2,2,0.3,0.3,1.0,309,256,86,57,363,171,212,212,225,206,206,175,193,193,162,257,46,289,238,338,1,1,6,6,380,385,422,389,389,91,265,330,226,359,1,1,2025-26,Regular Season,Advanced
Players,1628386,Jarrett Allen,Jarrett,1610612739,CLE,27.0,21,13,8,0.619,2.7,125.1,120.6,120.6,112.5,107.6,107.6,12.6,13.0,13.0,0.077,0.0,12.0,0.085,0.141,0.114,0.0,0.0,0.417,0.614,0.148,0.147,100.58,104.7,87.25,104.7,0.104,126,5,12,0.2,0.6,0.417,137,91,279,108,224,113,101,101,255,240,240,140,127,127,254,257,240,74,153,107,1,1,265,155,230,255,262,244,244,169,180,188,260,262,215,1,2025-26,Regular Season,Advanced
Players,1642859,Jase Richardson,Jase,1610612753,ORL,20.0,2,0,2,0.0,1.2,138.9,150.0,150.0,147.9,142.9,142.9,-9.0,7.1,7.1,0.0,0.0,0.0,0.0,0.0,0.0,0.0,0.0,0.0,0.0,0.0,0.0,115.37,114.53,95.44,114.53,0.0,4,0,0,0.0,0.0,0.0,412,438,86,438,404,59,24,24,443,448,448,306,167,167,334,257,334,289,366,385,1,1,356,379,418,418,49,98,98,367,356,406,356,406,356,1,2025-26,Regular Season,Advanced
Players,1642914,Javon Small,Javon,1610612763,MEM,23.0,8,3,5,0.375,1.8,70.3,69.0,69.0,122.4,120.0,120.0,-52.1,-51.0,-51.0,0.5,0.0,33.3,0.045,0.0,0.029,0.0,0.0,0.5,0.551,0.158,0.158,96.68,98.62,82.18,98.62,0.103,29,2,5,0.3,0.6,0.4,300,308,183,346,340,442,431,431,346,370,370,435,438,438,6,257,46,155,366,365,1,1,175,209,205,231,359,386,386,170,265,268,247,243,226,1,2025-26,Regular Season,Advanced
Players,1629750,Javonte Green,Javonte,1610612765,DET,32.0,30,19,11,0.633,1.9,107.6,107.7,107.7,104.1,96.9,96.9,3.6,10.7,10.7,0.125,2.5,18.5,0.082,0.121,0.099,7.4,7.6,0.294,0.391,0.133,0.137,108.79,112.62,93.85,112.62,0.08,130,4,17,0.1,0.6,0.235,44,15,352,99,335,285,221,221,157,109,109,204,137,137,186,56,143,85,197,145,279,284,329,332,262,274,79,108,108,224,206,144,323,268,337,1,2025-26,Regular Season,Advanced
Players,1629637,Jaxson Hayes,Jaxson,1610612747,LAL,25.0,13,8,5,0.615,1.3,115.8,105.7,105.7,102.0,100.0,100.0,13.7,5.7,5.7,0.0,0.0,0.0,0.05,0.111,0.079,0.0,0.0,0.5,0.615,0.049,0.068,89.67,94.99,79.16,94.99,0.079,35,1,2,0.1,0.2,0.5,234,180,183,109,394,190,253,253,130,127,127,133,178,178,334,257,334,139,212,207,1,1,175,153,405,392,443,434,434,228,309,330,342,392,119,1,2025-26,Regular Season,Advanced
Players,1630643,Jay Huff,Jay,1610612754,IND,28.0,20,9,11,0.45,2.4,93.0,94.1,94.1,103.9,94.3,94.3,-10.8,-0.3,-0.3,0.029,0.33,7.7,0.06,0.102,0.081,23.1,22.7,0.5,0.489,0.103,0.108,99.85,104.18,86.81,104.18,0.04,101,3,7,0.2,0.4,0.429,147,151,352,283,270,387,365,365,155,98,98,320,243,243,327,242,284,110,234,194,459,458,175,266,322,334,283,258,258,309,231,240,309,332,198,1,2025-26,Regular Season,Advanced
Players,1627759,Jaylen Brown,Jaylen,1610612738,BOS,29.0,27,14,13,0.519,3.5,115.6,114.9,114.9,110.6,110.0,110.0,5.0,4.9,4.9,0.233,0.67,9.3,0.04,0.209,0.131,13.9,13.9,0.493,0.549,0.41,0.433,102.1,102.69,85.57,102.69,0.182,208,30,67,1.1,2.5,0.448,72,80,397,206,86,192,142,142,229,267,267,191,183,183,86,215,268,172,49,77,387,388,213,212,9,8,204,287,287,49,13,13,15,15,177,1,2025-26,Regular Season,Advanced
Players,1641740,Jaylen Clark,Jaylen,1610612750,MIN,24.0,11,5,6,0.455,0.2,100.0,22.2,22.2,109.8,92.9,92.9,-9.8,-70.6,-70.6,0.0,0.0,0.0,0.333,0.0,0.1,0.0,0.0,1.0,1.0,0.1,0.333,161.77,268.83,224.03,268.83,0.6,9,1,1,0.1,0.1,1.0,265,256,225,280,467,352,464,464,221,87,87,311,457,457,334,257,334,9,366,138,1,1,16,26,326,32,12,15,15,4,309,362,338,401,1,1,2025-26,Regular Season,Advanced
Players,1642377,Jaylen Wells,Jaylen,1610612763,MEM,22.0,30,12,18,0.4,3.2,94.0,94.0,94.0,115.0,113.1,113.1,-20.9,-19.1,-19.1,0.057,0.75,7.3,0.018,0.056,0.036,9.8,9.7,0.344,0.38,0.159,0.168,101.4,102.27,85.22,102.27,0.0,200,10,32,0.3,1.1,0.313,44,103,462,330,133,379,366,366,279,312,312,361,361,361,285,212,293,256,334,350,322,319,304,336,202,204,229,302,302,367,93,65,191,126,299,1,2025-26,Regular Season,Advanced
Players,1631119,Jaylin Williams,Jaylin,1610612760,OKC,23.0,18,11,7,0.611,2.1,143.7,133.8,133.8,81.2,80.0,80.0,62.6,53.8,53.8,0.063,1.0,20.0,0.043,0.265,0.194,20.0,19.4,0.8,0.87,0.098,0.11,96.36,100.67,83.89,100.67,0.147,80,3,5,0.2,0.3,0.6,172,115,251,113,311,45,46,46,51,55,55,40,39,39,273,159,118,162,22,29,442,441,44,41,335,326,363,342,342,90,231,268,301,365,68,1,2025-26,Regular Season,Advanced
Players,1642281,Jaylon Tyson,Jaylon,1610612739,CLE,23.0,20,11,9,0.55,3.2,98.1,96.2,96.2,110.0,108.0,108.0,-11.8,-11.7,-11.7,0.121,1.0,11.4,0.082,0.127,0.103,11.4,11.7,0.45,0.535,0.2,0.207,99.9,101.81,84.84,101.81,0.075,133,7,20,0.4,1.0,0.35,147,115,303,173,141,362,353,353,223,244,244,323,323,323,198,159,249,85,181,132,355,361,243,225,120,133,280,317,317,236,146,121,184,130,268,1,2025-26,Regular Season,Advanced
Players,1628369,Jayson Tatum,Jayson,1610612738,BOS,28.0,4,3,1,0.75,2.4,136.6,136.8,136.8,52.3,56.3,56.3,84.2,80.6,80.6,0.0,0.0,0.0,0.0,0.091,0.048,0.0,0.0,0.5,0.678,0.32,0.288,88.78,85.74,71.45,85.74,0.636,19,2,4,0.5,1.0,0.5,371,308,36,43,260,66,40,40,34,38,38,29,25,25,334,257,334,289,261,318,1,1,175,101,28,64,447,475,475,3,265,286,106,130,119,1,2025-26,Regular Season,Advanced
Players,203924,Jerami Grant,Jerami,1610612757,POR,32.0,29,12,17,0.414,2.9,119.8,116.4,116.4,124.0,121.1,121.1,-4.2,-4.6,-4.6,0.043,0.25,3.7,0.025,0.067,0.047,14.8,14.4,0.721,0.781,0.236,0.259,112.32,115.31,96.09,115.31,0.123,195,19,34,0.7,1.2,0.559,49,103,452,327,180,150,129,129,364,380,380,268,270,270,308,251,328,231,315,323,402,397,61,56,90,85,56,92,92,134,39,56,70,114,93,1,2025-26,Regular Season,Advanced
Players,1642847,Jeremiah Fears,Jeremiah,1610612740,NOP,19.0,24,5,19,0.208,2.7,93.9,93.0,93.0,133.9,129.8,129.8,-40.0,-36.8,-36.8,0.152,1.67,17.9,0.059,0.089,0.071,10.7,10.5,0.265,0.39,0.15,0.167,99.31,101.37,84.47,101.37,0.017,129,4,17,0.2,0.7,0.235,105,256,472,419,223,381,370,370,408,419,419,418,417,417,154,113,152,112,268,238,341,336,336,333,220,208,297,327,327,353,206,144,301,221,337,1,2025-26,Regular Season,Advanced
Players,1630526,Jeremiah Robinson-Earl,Jeremiah,1610612742,DAL,25.0,2,0,2,0.0,1.3,128.9,100.0,100.0,119.0,116.7,116.7,9.8,-16.7,-16.7,0.0,0.0,0.0,0.5,0.0,0.2,0.0,0.0,0.0,0.0,0.167,0.205,90.97,102.52,85.44,102.52,-0.063,5,0,1,0.0,0.5,0.0,412,438,86,438,388,97,301,301,319,345,345,159,351,351,334,257,334,4,366,24,1,1,356,379,175,137,433,294,294,452,356,362,356,280,356,1,2025-26,Regular Season,Advanced
Players,1631110,Jeremy Sochan,Jeremy,1610612752,NYK,22.0,7,5,2,0.714,1.5,90.6,77.3,77.3,118.8,112.5,112.5,-28.2,-35.2,-35.2,0.167,1.0,20.0,0.0,0.308,0.182,20.0,20.5,0.5,0.347,0.182,0.207,96.19,106.67,88.89,106.67,0.03,22,1,2,0.1,0.3,0.5,309,256,86,57,372,395,414,414,316,303,303,383,413,413,130,159,118,289,16,34,442,449,175,346,148,134,367,192,192,334,309,330,314,359,119,2,2025-26,Regular Season,Advanced
Players,1630579,Jericho Sims,Jericho,1610612749,MIL,27.0,12,8,4,0.667,2.2,139.9,122.0,122.0,99.9,100.0,100.0,39.9,22.0,22.0,0.048,0.0,20.0,0.111,0.152,0.137,0.0,0.0,1.0,0.94,0.061,0.094,100.81,107.63,89.69,107.63,0.116,59,4,4,0.3,0.3,1.0,247,180,151,72,293,55,91,91,114,127,127,50,82,82,302,257,118,51,131,68,1,1,16,36,390,356,251,169,169,149,206,286,191,335,1,1,2025-26,Regular Season,Advanced
Players,1641724,Jett Howard,Jett,1610612753,ORL,22.0,4,1,3,0.25,0.2,123.0,100.0,100.0,200.0,66.7,66.7,-77.0,33.3,33.3,0.0,0.0,0.0,0.0,0.0,0.0,0.0,0.0,0.0,0.0,0.125,0.17,152.56,233.51,194.59,233.51,-0.133,6,0,1,0.0,0.3,0.0,371,383,123,402,465,129,301,301,468,43,43,457,57,57,334,257,334,289,366,385,1,1,356,379,277,199,13,17,17,463,356,362,356,368,356,1,2025-26,Regular Season,Advanced
Players,1628975,Jevon Carter,Jevon,1610612753,ORL,30.0,7,3,4,0.429,2.2,90.2,87.9,87.9,114.9,100.0,100.0,-24.7,-12.1,-12.1,0.0,0.0,0.0,0.0,0.053,0.026,25.0,25.0,0.5,0.5,0.1,0.105,96.26,104.36,86.97,104.36,0.039,33,1,3,0.1,0.4,0.333,309,308,151,306,298,397,389,389,278,127,127,372,329,329,334,257,334,289,338,372,460,463,175,253,326,337,366,253,253,312,309,306,314,313,273,2,2025-26,Regular Season,Advanced
Players,202710,Jimmy Butler III,Jimmy,1610612744,GSW,36.0,16,7,9,0.438,3.5,124.1,123.6,123.6,139.0,130.9,130.9,-14.9,-7.3,-7.3,0.222,10.0,30.3,0.083,0.021,0.056,3.0,3.0,0.5,0.555,0.158,0.169,104.71,108.03,90.02,108.03,0.089,127,8,19,0.5,1.2,0.421,193,204,303,301,94,120,78,78,425,423,423,340,292,292,96,2,68,75,364,291,204,204,175,207,212,202,130,161,161,211,124,128,106,109,211,1,2025-26,Regular Season,Advanced
Players,1642866,Joan Beringer,Joan,1610612750,MIN,19.0,1,0,1,0.0,4.1,146.4,144.4,144.4,176.3,170.0,170.0,-30.0,-25.6,-25.6,0.25,0.0,50.0,0.0,0.0,0.0,0.0,0.0,0.0,0.0,0.091,0.101,109.3,112.13,93.44,112.13,0.0,9,0,1,0.0,1.0,0.0,442,438,36,438,43,43,30,30,464,468,468,392,375,375,69,257,12,289,366,385,1,1,356,379,347,344,73,113,113,367,356,362,356,130,356,1,2025-26,Regular Season,Advanced
Players,1629111,Jock Landale,Jock,1610612737,ATL,30.0,24,8,16,0.333,2.2,95.7,94.4,94.4,117.4,115.4,115.4,-21.8,-21.0,-21.0,0.222,0.0,25.0,0.179,0.15,0.165,0.0,0.0,0.7,0.652,0.134,0.139,98.37,99.93,83.27,99.93,0.169,107,8,15,0.3,0.6,0.533,105,180,437,365,288,373,364,364,302,336,336,364,366,366,96,257,89,22,135,44,1,1,66,119,261,272,327,363,363,64,124,163,191,243,104,2,2025-26,Regular Season,Advanced
Players,204060,Joe Ingles,Joe,1610612750,MIN,38.0,5,3,2,0.6,0.1,136.4,100.0,100.0,0.0,0.0,0.0,136.4,100.0,100.0,0.0,0.0,0.0,0.0,0.0,0.0,0.0,0.0,0.0,0.0,0.0,0.0,355.96,485.39,404.49,485.39,0.0,6,0,0,0.0,0.0,0.0,350,308,86,116,474,67,301,301,1,1,1,16,17,17,334,257,334,289,366,385,1,1,356,379,418,418,5,9,9,367,356,406,356,406,356,1,2025-26,Regular Season,Advanced
Players,203954,Joel Embiid,Joel,1610612755,PHI,32.0,20,9,11,0.45,4.3,105.2,103.9,103.9,91.5,90.3,90.3,13.7,13.6,13.6,0.208,0.91,15.9,0.05,0.163,0.106,17.5,17.4,0.45,0.462,0.26,0.276,98.5,99.77,83.14,99.77,0.106,179,16,40,0.8,2.0,0.4,147,151,352,283,31,308,275,275,68,77,77,134,123,123,103,205,183,139,108,126,429,427,243,286,64,73,320,365,365,165,51,43,48,35,226,1,2025-26,Regular Season,Advanced
Players,1628381,John Collins,John,1610612746,LAC,28.0,19,9,10,0.474,2.7,117.0,115.4,115.4,126.7,123.9,123.9,-9.7,-8.5,-8.5,0.071,0.0,15.4,0.0,0.149,0.071,0.0,0.0,0.667,0.759,0.081,0.09,106.82,108.79,90.66,108.79,0.073,117,5,9,0.3,0.5,0.556,163,151,327,266,220,177,137,137,379,394,394,310,304,304,263,257,190,289,138,240,1,1,78,62,362,366,99,148,148,241,180,214,245,306,94,1,2025-26,Regular Season,Advanced
Players,1629723,John Konchar,John,1610612762,UTA,30.0,14,2,12,0.143,1.9,82.4,80.4,80.4,146.7,142.2,142.2,-64.3,-61.8,-61.8,0.231,0.0,50.0,0.0,0.185,0.096,0.0,0.0,0.333,0.333,0.051,0.053,105.66,108.7,90.58,108.7,0.038,56,1,3,0.1,0.2,0.333,217,346,373,434,330,425,406,406,439,447,447,445,450,450,88,257,12,289,76,152,1,1,309,350,402,407,116,151,151,315,309,306,345,379,273,2,2025-26,Regular Season,Advanced
Players,1642277,Johnny Furphy,Johnny,1610612754,IND,21.0,7,3,4,0.429,1.2,106.1,84.2,84.2,136.7,130.0,130.0,-30.6,-45.8,-45.8,0.0,0.0,0.0,0.0,0.333,0.188,0.0,0.0,0.0,1.136,0.045,0.055,120.72,135.67,113.06,135.67,0.099,19,0,0,0.0,0.0,0.0,309,308,151,306,398,299,398,398,416,420,420,396,435,435,334,257,334,289,8,32,1,1,356,12,408,404,36,38,38,181,356,406,356,406,356,1,2025-26,Regular Season,Advanced
Players,1630548,Johnny Juzang,Johnny,1610612750,MIN,25.0,1,0,1,0.0,0.0,0.0,0.0,0.0,0.0,0.0,0.0,0.0,0.0,0.0,0.0,0.0,0.0,0.0,0.0,0.0,0.0,0.0,0.0,0.0,0.0,0.0,0.0,600.0,500.0,600.0,0.0,0,0,0,0.0,0.0,0.0,442,438,36,438,476,466,466,466,1,1,1,227,227,227,334,257,334,289,366,385,1,1,356,379,418,418,479,7,7,367,356,406,356,406,356,1,2025-26,Regular Season,Advanced
Players,202685,Jonas Valančiūnas,Jonas,1610612743,DEN,33.0,11,4,7,0.364,1.0,165.3,157.7,157.7,132.1,103.7,103.7,33.2,54.0,54.0,0.125,0.0,16.7,0.0,0.167,0.1,0.0,0.0,0.667,0.84,0.179,0.192,99.85,115.04,95.87,115.04,0.116,26,2,3,0.2,0.3,0.667,265,279,251,353,417,25,21,21,401,192,192,69,38,38,186,257,164,289,98,138,1,1,78,43,155,151,282,94,94,148,265,306,293,366,48,1,2025-26,Regular Season,Advanced
Players,1628371,Jonathan Isaac,Jonathan,1610612753,ORL,28.0,12,9,3,0.75,0.5,83.6,69.2,69.2,79.5,75.0,75.0,4.1,-5.8,-5.8,0.0,0.0,0.0,0.111,0.0,0.042,0.0,0.0,1.0,0.694,0.167,0.195,129.33,143.26,119.39,143.26,0.174,13,2,2,0.2,0.2,1.0,247,151,123,43,446,420,430,430,50,53,53,196,278,278,334,257,334,51,366,338,1,1,16,89,175,147,26,36,36,59,265,330,301,390,1,1,2025-26,Regular Season,Advanced
Players,1630228,Jonathan Kuminga,Jonathan,1610612737,ATL,23.0,8,4,4,0.5,2.0,94.3,90.0,90.0,129.6,123.5,123.5,-35.4,-33.5,-33.5,0.0,0.0,0.0,0.056,0.067,0.061,16.7,16.7,0.2,0.2,0.176,0.19,91.55,95.99,79.99,95.99,-0.025,30,1,5,0.1,0.6,0.2,300,279,151,213,321,378,384,384,392,392,392,410,410,410,334,257,334,124,315,274,414,415,349,370,158,156,428,421,421,434,309,268,325,243,345,2,2025-26,Regular Season,Advanced
Players,203903,Jordan Clarkson,Jordan,1610612752,NYK,33.0,9,6,3,0.667,1.3,126.0,100.0,100.0,135.9,117.9,117.9,-9.9,-17.9,-17.9,0.111,0.0,33.3,0.0,0.0,0.0,0.0,0.0,0.0,0.0,0.067,0.081,91.67,110.2,91.84,110.2,-0.058,26,0,2,0.0,0.2,0.0,284,233,123,72,387,108,301,301,415,352,352,312,354,354,206,257,46,289,366,385,1,1,356,379,380,376,426,130,130,451,356,330,356,374,356,1,2025-26,Regular Season,Advanced
Players,1630692,Jordan Goodwin,Jordan,1610612756,PHX,27.0,24,9,15,0.375,2.5,97.8,93.3,93.3,123.2,119.3,119.3,-25.4,-26.0,-26.0,0.057,2.0,8.7,0.042,0.102,0.069,4.3,4.5,0.533,0.541,0.138,0.147,106.53,110.78,92.32,110.78,0.03,135,6,15,0.3,0.6,0.4,105,151,424,346,247,363,368,368,358,363,363,373,377,377,284,70,275,165,235,243,220,222,153,217,255,256,104,123,123,336,164,163,247,243,226,1,2025-26,Regular Season,Advanced
Players,1641722,Jordan Hawkins,Jordan,1610612740,NOP,23.0,6,1,5,0.167,1.2,83.0,78.9,78.9,158.7,133.3,133.3,-75.8,-54.4,-54.4,0.0,0.0,0.0,0.0,0.0,0.0,33.3,33.3,0.0,0.0,0.12,0.13,99.3,110.05,91.71,110.05,-0.229,19,0,2,0.0,0.3,0.0,334,383,183,429,399,424,410,410,451,429,429,456,441,441,334,257,334,289,366,385,474,474,356,379,291,289,298,132,132,472,356,330,356,335,356,1,2025-26,Regular Season,Advanced
Players,1641757,Jordan Miller,Jordan,1610612746,LAC,26.0,12,6,6,0.5,2.8,109.2,104.5,104.5,115.5,113.0,113.0,-6.3,-8.5,-8.5,0.063,0.0,8.3,0.031,0.083,0.059,0.0,0.0,0.438,0.564,0.145,0.158,92.68,95.74,79.78,95.74,0.089,66,3,8,0.3,0.7,0.375,247,233,225,213,193,261,266,266,284,311,311,283,303,303,273,257,280,201,276,279,1,1,253,197,236,227,412,423,423,208,231,229,247,230,245,1,2025-26,Regular Season,Advanced
Players,1629673,Jordan Poole,Jordan,1610612740,NOP,26.0,12,5,7,0.417,2.4,108.6,104.5,104.5,145.6,133.8,133.8,-37.0,-29.3,-29.3,0.167,3.0,15.0,0.029,0.091,0.053,5.0,5.0,0.333,0.378,0.213,0.227,105.73,112.46,93.72,112.46,0.028,67,5,15,0.4,1.3,0.333,247,256,251,322,265,269,267,267,435,436,436,414,396,396,130,35,200,215,261,304,229,231,309,338,106,105,115,111,111,340,180,163,157,100,273,1,2025-26,Regular Season,Advanced
Players,1641775,Jordan Walsh,Jordan,1610612738,BOS,22.0,12,7,5,0.583,2.2,135.8,116.7,116.7,123.8,122.8,122.8,12.0,-6.1,-6.1,0.167,0.0,50.0,0.05,0.125,0.096,0.0,0.0,1.25,1.23,0.046,0.044,99.85,108.05,90.04,108.05,0.106,60,2,2,0.2,0.2,1.0,247,204,183,140,299,70,128,128,361,388,388,145,279,279,130,257,12,139,183,152,1,1,6,10,407,411,284,160,160,168,265,330,301,390,1,1,2025-26,Regular Season,Advanced
Players,1630631,Jose Alvarado,Jose,1610612752,NYK,27.0,18,9,9,0.5,2.9,92.4,89.0,89.0,99.7,96.5,96.5,-7.3,-7.5,-7.5,0.259,3.5,26.9,0.019,0.057,0.038,7.7,7.6,0.406,0.433,0.16,0.174,98.28,101.79,84.82,101.79,0.043,109,5,16,0.3,0.9,0.313,172,151,303,213,175,390,386,386,112,106,106,292,294,294,60,29,84,247,332,347,285,282,273,311,200,192,331,318,318,302,180,155,237,165,299,2,2025-26,Regular Season,Advanced
Players,1630581,Josh Giddey,Josh,1610612741,CHI,23.0,28,16,12,0.571,4.2,112.5,110.2,110.2,109.8,106.6,106.6,2.7,3.6,3.6,0.348,2.67,28.2,0.049,0.224,0.138,10.6,10.6,0.535,0.589,0.21,0.222,102.61,105.17,87.64,105.17,0.166,254,21,43,0.8,1.5,0.488,61,49,373,153,39,225,194,194,220,232,232,208,192,192,25,50,75,147,35,67,340,341,151,172,111,113,189,232,232,69,32,40,56,67,156,1,2025-26,Regular Season,Advanced
Players,1630182,Josh Green,Josh,1610612766,CHA,25.0,8,2,6,0.25,0.4,136.1,100.0,100.0,159.6,128.6,128.6,-23.5,-28.6,-28.6,0.0,0.0,0.0,0.0,0.0,0.0,0.0,0.0,0.0,0.0,0.0,0.0,89.28,116.25,96.88,116.25,0.0,8,0,0,0.0,0.0,0.0,300,346,225,402,454,68,301,301,452,412,412,369,389,389,334,257,334,289,366,385,1,1,356,379,418,418,445,86,86,367,356,406,356,406,356,1,2025-26,Regular Season,Advanced
Players,1628404,Josh Hart,Josh,1610612752,NYK,31.0,20,11,9,0.55,2.7,117.7,115.3,115.3,110.4,105.7,105.7,7.3,9.5,9.5,0.229,4.0,38.1,0.082,0.235,0.152,9.5,9.4,0.4,0.442,0.095,0.103,102.01,105.37,87.81,105.37,0.097,118,4,10,0.2,0.5,0.4,147,115,303,173,213,172,140,140,226,220,220,177,143,143,93,18,40,87,30,56,314,312,275,305,341,339,206,224,224,188,206,209,281,280,226,1,2025-26,Regular Season,Advanced
Players,1631169,Josh Minott,Josh,1610612751,BKN,23.0,9,4,5,0.444,1.4,83.3,73.3,73.3,115.3,103.0,103.0,-32.0,-29.7,-29.7,0.0,0.0,0.0,0.056,0.067,0.061,20.0,20.5,0.0,0.0,0.152,0.178,103.1,116.23,96.86,116.23,-0.167,30,0,3,0.0,0.3,0.0,284,279,183,292,374,422,423,423,281,181,181,402,398,398,334,257,334,124,315,274,442,449,356,379,219,183,174,87,87,467,356,306,356,335,356,2,2025-26,Regular Season,Advanced
Players,1629006,Josh Okogie,Josh,1610612745,HOU,27.0,27,16,11,0.593,1.4,125.2,97.8,97.8,100.2,94.2,94.2,25.0,3.5,3.5,0.0,0.0,0.0,0.097,0.093,0.095,0.0,0.0,0.0,0.532,0.063,0.075,106.04,122.38,101.98,122.38,0.044,89,0,3,0.0,0.1,0.0,72,49,352,136,379,112,343,343,121,96,96,87,194,194,334,257,334,60,259,161,1,1,356,229,385,384,110,62,62,299,356,306,356,398,356,1,2025-26,Regular Season,Advanced
Players,201950,Jrue Holiday,Jrue,1610612757,POR,35.0,23,10,13,0.435,2.8,103.2,102.9,102.9,118.9,114.9,114.9,-15.7,-12.1,-12.1,0.306,1.83,21.6,0.03,0.116,0.074,11.8,11.9,0.345,0.419,0.252,0.258,105.57,107.6,89.67,107.6,0.054,139,7,29,0.3,1.3,0.241,117,132,397,305,188,326,280,280,317,332,332,341,326,326,42,106,106,205,208,225,361,366,303,316,70,86,119,171,171,282,146,75,222,99,336,1,2025-26,Regular Season,Advanced
Players,1630577,Julian Champagnie,Julian,1610612759,SAS,24.0,29,18,11,0.621,3.3,124.9,122.2,122.2,120.9,114.2,114.2,4.0,8.0,8.0,0.079,6.0,18.8,0.034,0.162,0.092,3.1,3.1,0.5,0.459,0.097,0.103,101.54,105.55,87.96,105.55,0.053,221,8,22,0.3,0.8,0.364,49,27,352,106,116,116,90,90,338,326,326,198,156,156,252,9,139,193,110,167,206,206,175,291,337,338,224,220,220,286,124,111,239,205,256,1,2025-26,Regular Season,Advanced
Players,1641763,Julian Phillips,Julian,1610612750,MIN,22.0,1,0,1,0.0,1.0,53.2,50.0,50.0,250.0,250.0,250.0,-196.8,-200.0,-200.0,0.0,0.0,0.0,0.0,0.0,0.0,0.0,0.0,0.0,0.0,0.0,0.0,96.33,99.31,82.76,99.31,0.0,2,0,0,0.0,0.0,0.0,442,438,36,438,422,455,453,453,481,481,481,478,478,478,334,257,334,289,366,385,1,1,356,379,418,418,364,372,372,367,356,406,356,406,356,1,2025-26,Regular Season,Advanced
Players,1642882,Julian Reese,Julian,1610612764,WAS,22.0,2,0,2,0.0,2.1,114.2,112.5,112.5,202.7,200.0,200.0,-88.5,-87.5,-87.5,0.333,0.0,50.0,0.0,0.333,0.167,0.0,0.0,0.0,0.0,0.125,0.127,98.11,99.51,82.93,99.51,0.034,8,0,1,0.0,0.5,0.0,412,438,86,438,312,205,167,167,470,473,473,461,465,465,29,257,12,289,8,42,1,1,356,379,277,293,337,367,367,326,356,362,356,280,356,1,2025-26,Regular Season,Advanced
Players,1631124,Julian Strawther,Julian,1610612743,DEN,23.0,7,3,4,0.429,1.5,119.5,122.7,122.7,165.5,161.1,161.1,-46.1,-38.4,-38.4,0.2,0.0,16.7,0.0,0.143,0.067,0.0,0.0,0.25,0.41,0.217,0.216,91.67,91.4,76.17,91.4,0.021,22,1,4,0.1,0.6,0.25,309,308,151,306,368,153,86,86,457,464,464,428,419,419,110,257,164,289,145,249,1,1,338,322,101,118,425,460,460,347,309,286,314,262,323,1,2025-26,Regular Season,Advanced
Players,203944,Julius Randle,Julius,1610612750,MIN,31.0,31,17,14,0.548,3.5,114.0,111.6,111.6,114.6,110.1,110.1,-0.5,1.5,1.5,0.171,0.93,19.4,0.078,0.096,0.087,20.8,20.9,0.424,0.562,0.195,0.206,109.54,112.89,94.07,112.89,0.067,258,14,33,0.5,1.1,0.424,36,41,411,176,96,207,178,178,272,273,273,240,213,213,129,204,131,94,248,180,454,453,263,200,130,135,70,105,105,254,62,60,144,127,209,1,2025-26,Regular Season,Advanced
Players,1630551,Justin Champagnie,Justin,1610612764,WAS,24.0,12,3,9,0.25,1.0,119.3,95.2,95.2,142.4,128.1,128.1,-23.0,-32.9,-32.9,0.0,0.0,0.0,0.0,0.077,0.048,0.0,0.0,0.0,0.0,0.045,0.056,93.11,108.32,90.26,108.32,-0.037,21,0,1,0.0,0.1,0.0,247,308,303,402,419,155,359,359,430,411,411,366,407,407,334,257,334,289,292,318,1,1,356,379,408,400,409,158,158,440,356,362,356,402,356,1,2025-26,Regular Season,Advanced
Players,1642348,Justin Edwards,Justin,1610612755,PHI,22.0,7,7,0,1.0,3.4,142.9,140.4,140.4,92.3,95.0,95.0,50.6,45.4,45.4,0.077,0.0,8.3,0.053,0.115,0.089,0.0,0.0,0.636,0.636,0.19,0.2,93.26,93.01,77.51,93.01,0.19,52,6,11,0.9,1.6,0.545,309,204,1,1,107,48,38,38,71,101,101,43,43,43,254,257,280,132,209,176,1,1,95,134,138,142,406,451,451,43,164,196,37,66,99,1,2025-26,Regular Season,Advanced
Players,203994,Jusuf Nurkić,Jusuf,1610612762,UTA,31.0,15,7,8,0.467,2.5,102.5,96.5,96.5,99.5,100.0,100.0,3.0,-3.5,-3.5,0.0,0.0,0.0,0.119,0.175,0.146,17.6,18.5,0.364,0.417,0.172,0.176,103.36,106.22,88.52,106.22,0.03,86,4,11,0.3,0.7,0.364,211,204,279,272,240,332,351,351,107,127,127,206,266,266,334,257,334,43,91,57,430,436,294,318,167,189,164,202,202,337,206,196,244,211,256,1,2025-26,Regular Season,Advanced
Players,1642955,Kadary Richmond,Kadary,1610612764,WAS,24.0,2,2,0,1.0,1.5,142.2,150.0,150.0,0.0,0.0,0.0,142.2,150.0,150.0,0.2,0.0,100.0,0.0,0.0,0.0,0.0,0.0,0.0,0.0,0.0,0.0,99.39,96.81,80.67,96.81,0.333,8,0,0,0.0,0.0,0.0,412,346,1,1,369,51,24,24,1,1,1,15,11,11,110,257,1,289,366,385,1,1,356,379,418,418,294,414,414,11,356,406,356,406,356,1,2025-26,Regular Season,Advanced
Players,1642880,Kam Jones,Kam,1610612754,IND,24.0,4,1,3,0.25,2.9,93.3,95.5,95.5,132.4,128.6,128.6,-39.1,-33.1,-33.1,0.5,1.0,16.7,0.0,0.125,0.048,16.7,16.8,0.5,0.444,0.385,0.387,104.05,104.64,87.2,104.64,0.042,22,3,7,0.8,1.8,0.429,371,383,123,402,185,384,358,358,403,412,412,416,408,408,6,159,164,289,183,318,414,422,175,301,13,15,146,246,246,305,231,240,56,51,198,1,2025-26,Regular Season,Advanced
Players,1626157,Karl-Anthony Towns,Karl-Anthony,1610612752,NYK,30.0,28,15,13,0.536,2.9,117.6,122.0,122.0,108.2,105.1,105.1,9.4,16.9,16.9,0.093,2.5,13.5,0.118,0.22,0.168,5.4,5.5,0.478,0.532,0.17,0.168,93.66,93.26,77.72,93.26,0.078,159,10,23,0.4,0.8,0.435,61,63,397,189,179,173,92,92,200,210,210,164,107,107,228,56,220,44,44,41,238,240,225,231,170,203,402,447,447,231,93,105,181,185,195,1,2025-26,Regular Season,Advanced
Players,1631255,Karlo Matković,Karlo,1610612740,NOP,25.0,7,4,3,0.571,1.7,134.6,111.1,111.1,93.6,93.1,93.1,41.0,18.0,18.0,0.0,0.0,0.0,0.0,0.167,0.095,0.0,0.0,0.0,0.568,0.034,0.036,102.78,112.59,93.83,112.59,0.027,27,0,0,0.0,0.0,0.0,309,279,123,153,357,72,185,185,74,90,90,49,102,102,334,257,334,289,98,158,1,1,356,191,413,414,185,109,109,342,356,406,356,406,356,1,2025-26,Regular Season,Advanced
Players,1642857,Kasparas Jakučionis,Kasparas,1610612748,MIA,19.0,6,3,3,0.5,2.8,108.0,105.3,105.3,142.1,136.1,136.1,-34.1,-30.8,-30.8,0.083,1.0,16.7,0.083,0.071,0.079,16.7,16.7,0.375,0.375,0.111,0.119,101.73,105.25,87.71,105.25,-0.031,38,1,4,0.2,0.7,0.25,334,308,123,213,194,277,256,256,429,437,437,408,401,401,243,159,164,75,304,207,414,415,286,341,300,311,217,229,229,438,309,286,301,230,323,1,2025-26,Regular Season,Advanced
Players,202695,Kawhi Leonard,Kawhi,1610612746,LAC,34.0,18,10,8,0.556,3.3,120.2,120.9,120.9,110.9,108.3,108.3,9.4,12.5,12.5,0.25,4.5,16.7,0.0,0.152,0.078,3.7,3.7,0.417,0.511,0.292,0.309,108.66,109.59,91.33,109.59,0.159,139,14,36,0.8,2.0,0.389,172,132,279,166,122,144,98,98,235,248,248,166,128,128,69,17,164,289,131,211,212,212,265,247,44,48,81,136,136,77,62,52,50,35,241,1,2025-26,Regular Season,Advanced
Players,1630811,Keaton Wallace,Keaton,1610612737,ATL,27.0,1,0,1,0.0,4.0,37.5,33.3,33.3,141.3,144.4,144.4,-103.8,-111.1,-111.1,0.0,0.0,0.0,0.0,0.0,0.0,0.0,0.0,0.0,0.0,0.0,0.0,103.76,108.59,90.49,108.59,0.0,9,0,0,0.0,0.0,0.0,442,438,36,438,49,461,459,459,427,449,449,467,471,471,334,257,334,289,366,385,1,1,356,379,418,418,154,154,154,367,356,406,356,406,356,1,2025-26,Regular Season,Advanced
Players,1631099,Keegan Murray,Keegan,1610612758,SAC,25.0,7,3,4,0.429,5.3,110.3,104.9,104.9,96.6,95.4,95.4,13.8,9.5,9.5,0.0,0.0,0.0,0.047,0.025,0.036,7.1,7.2,0.292,0.311,0.147,0.158,105.79,109.07,90.89,109.07,0.009,82,3,12,0.4,1.7,0.25,309,308,151,306,5,243,260,260,87,103,103,131,144,144,334,257,334,151,359,351,271,275,330,357,231,233,113,141,141,363,231,188,149,56,323,1,2025-26,Regular Season,Advanced
Players,1642276,Kel'el Ware,Kel'el,1610612748,MIA,21.0,11,6,5,0.545,2.4,120.8,110.9,110.9,104.4,108.0,108.0,16.4,2.9,2.9,0.0,0.0,0.0,0.13,0.195,0.172,0.0,0.0,0.688,0.688,0.133,0.144,93.85,96.42,80.35,96.42,0.169,55,5,8,0.5,0.7,0.625,265,233,183,177,273,137,186,186,161,245,245,121,200,200,334,257,334,39,61,39,1,1,73,94,262,263,401,416,416,66,180,229,141,213,66,1,2025-26,Regular Season,Advanced
Players,1629640,Keldon Johnson,Keldon,1610612759,SAS,26.0,23,14,9,0.609,2.0,131.3,126.2,126.2,121.5,114.7,114.7,9.8,11.5,11.5,0.111,4.0,16.0,0.043,0.2,0.124,4.0,4.1,0.708,0.77,0.169,0.178,97.8,102.63,85.53,102.63,0.179,103,7,12,0.3,0.5,0.583,117,80,303,114,317,85,70,70,340,331,331,160,133,133,206,18,180,163,52,89,214,215,63,57,174,184,343,290,290,52,146,188,222,279,82,1,2025-26,Regular Season,Advanced
Players,203482,Kelly Olynyk,Kelly,1610612759,SAS,34.0,2,1,1,0.5,0.8,105.0,100.0,100.0,100.0,100.0,100.0,5.0,0.0,0.0,0.0,0.0,0.0,0.667,0.0,0.4,0.0,0.0,1.0,0.798,0.25,0.278,119.77,123.47,102.89,123.47,6.0,5,1,1,0.5,0.5,1.0,412,383,36,213,434,311,301,301,115,127,127,190,227,227,334,257,334,1,366,4,1,1,16,50,73,70,39,61,61,1,309,362,106,280,1,1,2025-26,Regular Season,Advanced
Players,1626162,Kelly Oubre Jr.,Kelly,1610612755,PHI,30.0,22,12,10,0.545,3.7,126.6,120.3,120.3,87.6,90.4,90.4,39.1,30.0,30.0,0.035,1.0,8.7,0.054,0.058,0.056,8.7,8.8,0.594,0.671,0.11,0.118,98.56,99.5,82.92,99.5,0.073,172,8,16,0.4,0.7,0.5,128,103,327,177,67,107,102,102,59,78,78,52,60,60,318,159,275,129,329,289,305,305,118,106,310,313,317,369,369,240,124,155,179,213,119,1,2025-26,Regular Season,Advanced
Players,1631113,Kennedy Chandler,Kennedy,1610612762,UTA,23.0,3,0,3,0.0,2.5,40.3,40.0,40.0,164.5,182.4,182.4,-124.2,-142.4,-142.4,0.0,0.0,0.0,0.0,0.0,0.0,0.0,0.0,0.0,0.102,0.313,0.307,109.04,103.48,86.23,103.48,-0.192,15,0,4,0.0,1.3,0.0,390,438,123,438,253,459,457,457,455,472,472,470,473,473,334,257,334,289,366,385,1,1,356,378,30,49,76,272,272,470,356,286,356,86,356,1,2025-26,Regular Season,Advanced
Players,1629026,Kenrich Williams,Kenrich,1610612760,OKC,31.0,9,5,4,0.556,1.4,109.4,91.3,91.3,109.0,103.4,103.4,0.4,-12.1,-12.1,0.167,0.0,20.0,0.0,0.0,0.0,0.0,0.0,0.375,0.375,0.16,0.189,87.85,97.78,81.48,97.78,0.022,23,1,4,0.1,0.4,0.25,284,256,151,166,376,258,380,380,213,185,185,222,330,330,130,257,118,289,366,385,1,1,286,341,197,160,453,398,398,346,309,286,332,310,323,1,2025-26,Regular Season,Advanced
Players,203484,Kentavious Caldwell-Pope,Kentavious,1610612763,MEM,33.0,21,9,12,0.429,1.3,84.2,74.1,74.1,124.7,114.1,114.1,-40.4,-39.9,-39.9,0.0,0.0,0.0,0.0,0.154,0.067,22.2,22.8,0.2,0.444,0.143,0.156,98.67,109.83,91.53,109.83,0.011,58,1,5,0.0,0.2,0.2,137,151,373,306,392,417,421,421,368,322,322,421,424,424,334,257,334,289,122,249,455,459,349,303,241,237,314,135,135,361,309,268,353,372,345,1,2025-26,Regular Season,Advanced
Players,1631165,Keon Ellis,Keon,1610612739,CLE,26.0,18,10,8,0.556,1.7,141.5,122.7,122.7,120.3,115.4,115.4,21.2,7.3,7.3,0.087,0.0,33.3,0.038,0.075,0.061,0.0,0.0,0.5,0.5,0.047,0.055,108.7,118.89,99.08,118.89,0.021,75,2,4,0.1,0.2,0.5,172,132,279,166,354,53,87,87,332,336,336,101,166,166,238,257,46,178,298,274,1,1,175,253,406,403,80,72,72,348,265,286,332,374,119,2,2025-26,Regular Season,Advanced
Players,201142,Kevin Durant,Kevin,1610612745,HOU,37.0,41,19,22,0.463,4.5,105.4,107.0,107.0,122.3,119.4,119.4,-16.8,-12.3,-12.3,0.255,1.09,15.8,0.01,0.097,0.05,14.5,14.4,0.593,0.666,0.276,0.289,98.46,98.85,82.38,98.85,0.164,383,45,86,1.1,2.1,0.523,2,15,477,276,21,305,231,231,345,364,364,347,332,332,68,158,184,283,247,313,401,394,120,113,55,63,323,383,383,71,5,5,17,28,113,1,2025-26,Regular Season,Advanced
Players,1628989,Kevin Huerter,Kevin,1610612765,DET,27.0,27,16,11,0.593,2.1,106.2,105.9,105.9,110.6,96.9,96.9,-4.5,9.0,9.0,0.111,1.33,12.9,0.015,0.189,0.091,9.7,9.8,0.357,0.423,0.172,0.18,104.46,111.34,92.78,111.34,0.048,136,6,21,0.2,0.8,0.286,72,49,352,136,305,298,249,249,230,107,107,270,147,147,206,138,227,268,68,169,319,322,295,314,165,177,137,121,121,292,164,116,267,199,310,2,2025-26,Regular Season,Advanced
Players,201567,Kevin Love,Kevin,1610612762,UTA,37.0,2,1,1,0.5,5.4,136.8,133.3,133.3,111.0,113.6,113.6,25.7,19.7,19.7,0.0,0.0,0.0,0.0,0.071,0.04,0.0,0.0,0.5,0.46,0.185,0.214,102.49,102.67,85.55,102.67,-0.027,24,2,5,1.0,2.5,0.4,412,383,36,213,3,65,47,47,236,318,318,84,96,96,334,257,334,289,304,343,1,1,175,289,142,122,193,288,288,436,265,268,21,13,226,1,2025-26,Regular Season,Advanced
Players,1641755,Kevin McCullar Jr.,Kevin,1610612752,NYK,25.0,5,3,2,0.6,0.2,227.3,133.3,133.3,84.0,88.9,88.9,143.2,44.4,44.4,0.0,0.0,0.0,0.0,0.0,0.0,0.0,0.0,0.0,0.0,0.0,0.0,254.6,270.85,225.71,270.85,-0.333,3,0,0,0.0,0.0,0.0,350,308,86,116,466,7,47,47,55,74,74,14,44,44,334,257,334,289,366,385,1,1,356,379,418,418,8,14,14,474,356,406,356,406,356,1,2025-26,Regular Season,Advanced
Players,1629645,Kevin Porter Jr.,Kevin,1610612749,MIL,25.0,17,11,6,0.647,3.7,119.2,118.3,118.3,99.2,99.2,99.2,20.0,19.1,19.1,0.256,5.5,27.5,0.035,0.095,0.069,5.0,5.0,0.477,0.587,0.192,0.202,101.5,101.84,84.87,101.84,0.155,131,10,22,0.6,1.3,0.455,186,115,225,92,71,156,121,121,105,124,124,105,99,99,66,12,77,188,254,245,229,229,228,175,135,138,225,316,316,83,93,111,84,92,171,1,2025-26,Regular Season,Advanced
Players,1626172,Kevon Looney,Kevon,1610612740,NOP,30.0,1,0,1,0.0,1.1,212.8,200.0,200.0,208.3,200.0,200.0,4.4,0.0,0.0,0.0,0.0,0.0,0.0,0.0,0.0,0.0,0.0,0.0,0.0,0.0,0.0,100.95,106.04,88.37,106.04,0.0,2,0,0,0.0,0.0,0.0,442,438,36,438,406,11,7,7,473,473,473,193,227,227,334,257,334,289,366,385,1,1,356,379,418,418,246,207,207,367,356,406,356,406,356,1,2025-26,Regular Season,Advanced
Players,1641718,Keyonte George,Keyonte,1610612762,UTA,22.0,23,11,12,0.478,4.1,118.7,114.0,114.0,108.3,104.4,104.4,10.3,9.6,9.6,0.226,1.2,12.6,0.01,0.105,0.058,10.5,10.6,0.509,0.633,0.34,0.362,102.9,106.93,89.11,106.93,0.185,214,24,56,1.0,2.4,0.429,117,115,373,262,41,161,153,153,203,203,203,155,142,142,95,151,231,284,227,280,337,339,172,138,21,22,183,188,188,46,23,22,20,16,198,1,2025-26,Regular Season,Advanced
Players,1642863,Khaman Maluach,Khaman,1610612756,PHX,19.0,4,1,3,0.25,0.0,0.0,0.0,0.0,0.0,0.0,0.0,0.0,0.0,0.0,0.0,0.0,0.0,0.0,0.0,0.0,0.0,0.0,0.0,0.0,0.0,0.0,-161.8,485.39,404.49,485.39,0.0,1,0,0,0.0,0.0,0.0,371,383,123,402,477,466,466,466,1,1,1,227,227,227,334,257,334,289,366,385,1,1,356,379,418,418,484,9,9,367,356,406,356,406,356,1,2025-26,Regular Season,Advanced
Players,203114,Khris Middleton,Khris,1610612742,DAL,34.0,16,8,8,0.5,3.3,108.4,108.8,108.8,117.7,120.2,120.2,-9.3,-11.3,-11.3,0.185,1.67,16.1,0.034,0.108,0.073,9.7,9.6,0.632,0.705,0.198,0.214,101.85,100.62,83.85,100.62,0.144,113,10,19,0.6,1.2,0.526,193,180,279,213,121,272,209,209,304,373,373,307,321,321,122,113,179,190,222,229,319,314,98,83,127,123,214,343,343,97,93,128,77,109,108,2,2025-26,Regular Season,Advanced
Players,1630165,Killian Hayes,Killian,1610612758,SAC,24.0,2,2,0,1.0,3.9,154.4,144.4,144.4,81.9,86.7,86.7,72.5,57.8,57.8,0.0,0.0,0.0,0.0,0.1,0.067,0.0,0.0,0.0,0.0,0.0,0.0,101.33,102.19,85.16,102.19,0.033,18,0,0,0.0,0.0,0.0,412,346,1,1,55,34,30,30,52,68,68,36,37,37,334,257,334,289,238,249,1,1,356,379,418,418,230,304,304,329,356,406,356,406,356,1,2025-26,Regular Season,Advanced
Players,202691,Klay Thompson,Klay,1610612742,DAL,36.0,23,6,17,0.261,2.2,106.4,100.9,100.9,104.5,93.2,93.2,1.9,7.6,7.6,0.029,1.0,5.3,0.0,0.051,0.026,5.3,5.3,0.375,0.385,0.136,0.147,101.71,110.57,92.14,110.57,-0.044,117,4,16,0.2,0.7,0.25,117,233,452,400,291,296,296,296,162,92,92,214,158,158,327,159,312,289,343,373,234,234,286,335,256,257,220,124,124,444,206,155,299,224,323,1,2025-26,Regular Season,Advanced
Players,1641738,Kobe Brown,Kobe,1610612754,IND,26.0,9,2,7,0.222,1.8,88.0,80.0,80.0,116.5,112.8,112.8,-28.5,-32.8,-32.8,0.143,1.0,33.3,0.091,0.19,0.156,33.3,33.3,0.0,0.0,0.063,0.068,94.81,100.59,83.82,100.59,0.035,30,0,1,0.0,0.1,0.0,284,346,251,415,337,404,407,407,292,306,306,386,406,406,162,159,46,67,65,51,474,474,356,379,387,391,386,345,345,323,356,362,356,398,356,2,2025-26,Regular Season,Advanced
Players,1642920,Kobe Sanders,Kobe,1610612746,LAC,23.0,8,4,4,0.5,2.6,120.7,108.7,108.7,128.8,123.9,123.9,-8.2,-15.2,-15.2,0.0,0.0,0.0,0.0,0.1,0.05,11.1,11.7,0.0,0.399,0.17,0.188,100.05,107.43,89.52,107.43,-0.038,46,0,4,0.0,0.5,0.0,300,279,151,213,234,139,211,211,384,395,395,301,347,347,334,257,334,289,238,310,345,362,356,326,172,161,274,176,176,441,356,286,356,280,356,1,2025-26,Regular Season,Advanced
Players,1642851,Kon Knueppel,Kon,1610612766,CHA,20.0,27,10,17,0.37,3.8,99.4,100.0,100.0,117.9,114.2,114.2,-18.5,-14.2,-14.2,0.115,1.5,9.8,0.041,0.123,0.079,6.6,6.6,0.386,0.474,0.217,0.229,99.51,100.84,84.03,100.84,0.068,215,14,44,0.5,1.6,0.318,72,132,452,351,59,358,301,301,307,325,325,353,341,341,203,121,265,168,193,205,260,263,282,278,103,102,291,337,337,250,62,38,103,61,297,1,2025-26,Regular Season,Advanced
Players,1627739,Kris Dunn,Kris,1610612746,LAC,32.0,29,14,15,0.483,2.9,104.2,102.4,102.4,122.5,120.9,120.9,-18.3,-18.5,-18.5,0.114,5.0,26.3,0.013,0.06,0.037,5.3,5.5,0.409,0.487,0.073,0.076,98.91,100.42,83.68,100.42,0.037,168,4,11,0.1,0.4,0.364,49,80,424,260,184,322,285,285,347,378,378,351,359,359,205,13,86,275,327,348,234,237,272,270,375,382,310,351,351,316,206,196,322,327,256,1,2025-26,Regular Season,Advanced
Players,1631200,Kris Murray,Kris,1610612757,POR,25.0,18,8,10,0.444,2.6,116.9,115.4,115.4,121.9,113.6,113.6,-5.0,1.7,1.7,0.061,0.67,11.8,0.06,0.023,0.043,17.6,17.4,0.7,0.656,0.123,0.133,106.79,111.35,92.79,111.35,0.024,104,6,10,0.3,0.6,0.6,172,180,327,292,236,179,137,137,342,318,318,276,212,212,279,215,243,110,362,336,430,428,66,117,288,283,100,120,120,344,164,209,191,270,68,1,2025-26,Regular Season,Advanced
Players,204001,Kristaps Porziņģis,Kristaps,1610612744,GSW,30.0,12,5,7,0.417,2.8,110.0,104.2,104.2,116.3,112.9,112.9,-6.3,-8.7,-8.7,0.059,0.33,3.7,0.094,0.042,0.071,11.1,11.1,0.368,0.479,0.31,0.336,96.44,100.61,83.84,100.61,0.073,72,7,19,0.6,1.6,0.368,247,256,251,322,192,250,270,270,288,308,308,284,306,306,281,242,328,66,351,233,345,351,293,275,33,29,362,344,344,242,146,128,85,65,253,2,2025-26,Regular Season,Advanced
Players,203937,Kyle Anderson,Kyle,1610612750,MIN,32.0,5,3,2,0.6,2.3,109.4,100.0,100.0,94.0,93.1,93.1,15.4,6.9,6.9,0.091,0.0,50.0,0.0,0.188,0.111,0.0,0.0,0.0,0.0,0.034,0.04,110.53,115.84,96.53,115.84,0.099,26,0,1,0.0,0.2,0.0,350,308,86,116,287,257,301,301,75,90,90,124,169,169,229,257,12,289,70,111,1,1,356,379,413,413,65,89,89,183,356,362,356,380,356,3,2025-26,Regular Season,Advanced
Players,1642271,Kyle Filipowski,Kyle,1610612762,UTA,22.0,20,10,10,0.5,2.5,121.3,120.7,120.7,110.9,100.0,100.0,10.5,20.7,20.7,0.15,2.0,20.7,0.086,0.175,0.132,10.3,10.3,0.321,0.496,0.163,0.174,106.48,112.18,93.48,112.18,0.081,121,4,14,0.2,0.7,0.286,147,132,327,213,246,135,100,100,234,127,127,152,89,89,156,70,113,71,92,75,334,332,322,262,187,193,106,112,112,220,206,172,281,223,310,1,2025-26,Regular Season,Advanced
Players,1628398,Kyle Kuzma,Kyle,1610612749,MIL,30.0,25,13,12,0.52,2.8,114.1,111.2,111.2,116.6,112.2,112.2,-2.4,-1.0,-1.0,0.093,2.0,11.4,0.029,0.125,0.078,5.7,5.7,0.648,0.651,0.19,0.206,100.77,104.1,86.75,104.1,0.106,143,16,27,0.6,1.1,0.593,96,91,373,203,209,206,184,184,293,301,301,255,252,252,227,70,249,210,183,212,243,242,90,121,137,136,254,262,262,167,51,86,72,122,77,1,2025-26,Regular Season,Advanced
Players,200768,Kyle Lowry,Kyle,1610612755,PHI,40.0,2,1,1,0.5,0.2,0.0,0.0,0.0,300.0,300.0,300.0,-300.0,-300.0,-300.0,0.0,0.0,0.0,0.0,0.0,0.0,0.0,0.0,0.0,0.0,0.0,0.0,133.95,133.95,111.63,133.95,0.0,1,0,0,0.0,0.0,0.0,412,383,36,213,468,466,466,466,483,483,483,483,483,483,334,257,334,289,366,385,1,1,356,379,418,418,21,43,43,367,356,406,356,406,356,1,2025-26,Regular Season,Advanced
Players,1642273,Kyshawn George,Kyshawn,1610612764,WAS,22.0,13,5,8,0.385,4.0,101.4,102.7,102.7,119.0,117.0,117.0,-17.6,-14.3,-14.3,0.214,1.5,12.8,0.029,0.1,0.062,8.5,8.6,0.339,0.454,0.301,0.31,101.47,101.69,84.75,101.69,0.079,112,8,28,0.6,2.2,0.286,234,256,279,343,50,341,282,282,319,348,348,349,343,343,102,121,230,210,238,271,301,303,308,295,36,47,226,321,321,227,124,83,79,26,310,1,2025-26,Regular Season,Advanced
Players,1643018,LJ Cryer,LJ,1610612744,GSW,24.0,7,3,4,0.429,2.1,129.3,114.7,114.7,96.2,75.0,75.0,33.2,39.7,39.7,0.091,0.0,16.7,0.071,0.188,0.133,0.0,0.0,0.5,0.63,0.125,0.135,89.51,107.18,89.32,107.18,0.133,34,1,3,0.1,0.4,0.333,309,308,151,306,306,93,145,145,82,53,53,71,51,51,229,257,164,98,70,73,1,1,175,142,277,278,444,180,180,119,309,306,314,313,273,1,2025-26,Regular Season,Advanced
Players,1630163,LaMelo Ball,LaMelo,1610612766,CHA,24.0,22,8,14,0.364,2.7,104.3,105.0,105.0,125.0,119.1,119.1,-20.7,-14.2,-14.2,0.318,1.4,13.7,0.013,0.118,0.056,9.8,9.9,0.486,0.519,0.301,0.32,95.19,97.07,80.89,97.07,0.1,121,14,35,0.6,1.6,0.4,128,180,411,353,226,321,259,259,369,360,360,360,342,342,39,135,218,273,201,293,323,324,218,240,37,38,382,413,413,177,62,54,74,64,226,1,2025-26,Regular Season,Advanced
Players,1629013,Landry Shamet,Landry,1610612752,NYK,29.0,13,8,5,0.615,3.6,113.0,108.9,108.9,96.3,94.2,94.2,16.7,14.7,14.7,0.077,0.0,7.4,0.016,0.057,0.034,0.0,0.0,0.526,0.535,0.203,0.214,102.3,105.32,87.77,105.32,0.095,101,7,19,0.5,1.5,0.368,234,180,183,109,77,222,208,208,84,96,96,120,118,118,254,257,291,262,332,354,1,1,160,224,117,121,196,227,227,191,146,128,98,73,253,1,2025-26,Regular Season,Advanced
Players,1626204,Larry Nance Jr.,Larry,1610612739,CLE,33.0,1,1,0,1.0,0.0,227.3,100.0,100.0,0.0,0.0,0.0,227.3,100.0,100.0,0.0,0.0,0.0,0.0,0.0,0.0,0.0,0.0,0.0,0.0,0.0,0.0,452.57,1028.57,857.14,1028.57,0.0,1,0,0,0.0,0.0,0.0,442,383,1,1,480,7,301,301,1,1,1,6,17,17,334,257,334,289,366,385,1,1,356,379,418,418,4,4,4,367,356,406,356,406,356,1,2025-26,Regular Season,Advanced
Players,1628374,Lauri Markkanen,Lauri,1610612762,UTA,28.0,16,10,6,0.625,4.4,117.3,112.6,112.6,98.7,97.3,97.3,18.6,15.2,15.2,0.053,0.5,3.8,0.07,0.145,0.11,7.7,7.8,0.592,0.644,0.275,0.287,103.31,106.2,88.5,106.2,0.202,159,20,38,1.3,2.4,0.526,193,132,225,100,24,176,166,166,100,112,112,109,116,116,293,222,326,99,143,118,285,287,121,129,56,65,166,203,203,38,38,47,13,19,108,1,2025-26,Regular Season,Advanced
Players,1643133,Lawson Lovering,Lawson,1610612763,MEM,22.0,1,0,1,0.0,5.1,111.3,110.0,110.0,137.5,145.5,145.5,-26.1,-35.5,-35.5,0.0,0.0,0.0,0.0,0.0,0.0,0.0,0.0,1.0,0.798,0.182,0.173,100.58,98.15,81.79,98.15,0.14,10,1,1,1.0,1.0,1.0,442,438,36,438,8,233,197,197,419,451,451,374,414,414,334,257,334,289,366,385,1,1,16,50,148,196,263,393,393,106,309,362,21,130,1,1,2025-26,Regular Season,Advanced
Players,2544,LeBron James,LeBron,1610612747,LAL,41.0,25,17,8,0.68,2.7,135.5,133.1,133.1,110.9,110.1,110.1,24.6,23.0,23.0,0.217,2.5,18.9,0.079,0.164,0.125,7.5,7.5,0.606,0.631,0.251,0.274,100.06,101.29,84.41,101.29,0.178,148,19,33,0.8,1.3,0.576,96,41,279,68,216,71,54,54,233,274,274,89,77,77,100,56,138,90,107,83,284,280,113,140,71,74,273,328,328,53,39,60,53,88,85,1,2025-26,Regular Season,Advanced
Players,1641778,Leaky Black,Leaky,1610612764,WAS,26.0,3,0,3,0.0,4.7,120.1,110.3,110.3,167.5,158.8,158.8,-47.4,-48.5,-48.5,0.125,0.0,14.3,0.0,0.091,0.05,0.0,0.0,0.667,0.667,0.207,0.225,100.66,107.71,89.75,107.71,0.068,29,3,6,1.0,2.0,0.5,390,438,123,438,14,145,193,193,461,461,461,431,437,437,186,257,202,289,261,310,1,1,78,109,115,107,259,165,165,251,231,252,21,35,119,1,2025-26,Regular Season,Advanced
Players,1631159,Leonard Miller,Leonard,1610612741,CHI,22.0,6,2,4,0.333,3.1,120.7,115.0,115.0,108.4,107.3,107.3,12.3,7.7,7.7,0.0,0.0,0.0,0.0,0.053,0.028,0.0,0.0,0.5,0.509,0.159,0.167,101.99,104.95,87.46,104.95,0.041,40,3,6,0.5,1.0,0.5,334,346,151,365,151,138,141,141,204,238,238,142,157,157,334,257,334,289,338,368,1,1,175,248,201,207,208,239,239,306,231,252,106,130,119,1,2025-26,Regular Season,Advanced
Players,1642862,Liam McNeeley,Liam,1610612766,CHA,20.0,2,1,1,0.5,0.8,250.0,250.0,250.0,0.0,0.0,0.0,250.0,250.0,250.0,0.0,0.0,0.0,0.0,0.0,0.0,0.0,0.0,0.0,0.0,0.0,0.0,46.45,77.42,64.52,77.42,0.0,2,0,0,0.0,0.0,0.0,412,383,36,213,435,4,2,2,1,1,1,4,2,2,334,257,334,289,366,385,1,1,356,379,418,418,478,480,480,367,356,406,356,406,356,1,2025-26,Regular Season,Advanced
Players,1628366,Lonzo Ball,Lonzo,1610612739,CLE,28.0,13,6,7,0.462,2.0,107.6,104.7,104.7,89.9,84.5,84.5,17.7,20.2,20.2,0.158,3.0,27.3,0.028,0.118,0.071,9.1,9.3,0.3,0.444,0.103,0.109,105.46,110.23,91.86,110.23,0.102,64,1,5,0.1,0.4,0.2,234,233,251,277,313,284,265,265,67,64,64,118,92,92,149,35,79,218,201,233,307,311,328,303,322,332,124,129,129,172,309,268,342,325,345,1,2025-26,Regular Season,Advanced
Players,1629652,Luguentz Dort,Luguentz,1610612760,OKC,26.0,26,19,7,0.731,3.8,128.0,121.2,121.2,102.3,103.5,103.5,25.7,17.8,17.8,0.051,2.0,16.7,0.018,0.144,0.08,8.3,8.5,0.167,0.283,0.08,0.085,98.27,100.43,83.69,100.43,0.016,212,2,15,0.1,0.6,0.133,89,15,251,56,61,100,95,95,133,186,186,85,103,103,298,70,164,253,144,202,294,298,353,361,364,371,332,349,349,356,265,163,342,261,353,1,2025-26,Regular Season,Advanced
Players,1629029,Luka Dončić,Luka,1610612747,LAL,27.0,23,17,6,0.739,3.4,134.2,133.1,133.1,98.8,100.6,100.6,35.4,32.5,32.5,0.38,6.33,25.0,0.012,0.153,0.083,3.9,4.0,0.534,0.62,0.285,0.296,98.37,97.87,81.56,97.87,0.233,166,19,44,0.8,1.9,0.432,117,41,225,53,103,75,53,53,101,158,158,60,58,58,20,8,89,278,126,187,213,213,152,152,49,55,326,396,396,25,39,38,46,44,197,1,2025-26,Regular Season,Advanced
Players,1630568,Luka Garza,Luka,1610612738,BOS,27.0,9,5,4,0.556,2.0,110.1,102.7,102.7,120.4,111.4,111.4,-10.3,-8.7,-8.7,0.077,1.0,20.0,0.095,0.042,0.067,20.0,20.0,0.333,0.333,0.089,0.096,90.75,97.64,81.36,97.64,-0.019,37,1,3,0.1,0.3,0.333,284,256,151,166,324,248,281,281,336,291,291,315,307,307,254,159,118,61,351,249,442,442,309,350,355,352,438,401,401,430,309,306,332,335,273,1,2025-26,Regular Season,Advanced
Players,1628379,Luke Kennard,Luke,1610612747,LAL,29.0,21,10,11,0.476,0.8,108.0,97.8,97.8,95.2,90.7,90.7,12.8,7.1,7.1,0.091,0.0,16.7,0.0,0.087,0.047,0.0,0.0,0.5,0.769,0.093,0.109,115.66,124.56,103.8,124.56,0.132,46,1,3,0.0,0.1,0.333,137,132,352,264,431,279,341,341,79,79,79,139,168,168,229,257,164,289,272,325,1,1,175,58,343,329,47,58,58,120,309,306,353,393,273,2,2025-26,Regular Season,Advanced
Players,1628436,Luke Kornet,Luke,1610612759,SAS,30.0,24,15,9,0.625,2.4,137.9,128.6,128.6,112.0,102.5,102.5,25.9,26.0,26.0,0.167,0.0,30.4,0.188,0.074,0.129,0.0,0.0,0.75,0.783,0.103,0.112,94.76,102.57,85.47,102.57,0.144,126,9,12,0.4,0.5,0.75,105,63,303,100,272,60,64,64,249,175,175,81,67,67,130,257,67,19,302,80,1,1,51,55,321,324,389,292,292,98,108,188,176,280,37,1,2025-26,Regular Season,Advanced
Players,1630644,Mac McClung,Mac,1610612741,CHI,27.0,1,0,1,0.0,2.5,133.3,100.0,100.0,100.0,80.0,80.0,33.3,20.0,20.0,0.0,0.0,0.0,0.0,0.0,0.0,0.0,0.0,0.0,0.0,0.0,0.0,68.57,88.16,73.47,88.16,0.0,4,0,0,0.0,0.0,0.0,442,438,36,438,259,76,301,301,115,55,55,67,93,93,334,257,334,289,366,385,1,1,356,379,418,418,475,471,471,367,356,406,356,406,356,1,2025-26,Regular Season,Advanced
Players,1641869,Malachi Smith,Malachi,1610612751,BKN,26.0,5,1,4,0.2,2.2,110.2,100.0,100.0,151.3,138.5,138.5,-41.1,-38.5,-38.5,0.286,0.0,33.3,0.0,0.125,0.056,0.0,0.0,0.625,0.625,0.16,0.183,97.96,107.43,89.52,107.43,0.136,23,2,4,0.4,0.8,0.5,350,383,151,420,295,246,301,301,444,441,441,422,420,420,48,257,46,289,183,293,1,1,100,146,197,172,339,175,175,112,265,286,165,193,119,1,2025-26,Regular Season,Advanced
Players,1631103,Malaki Branham,Malaki,1610612764,WAS,22.0,1,1,0,1.0,0.5,0.0,0.0,0.0,151.5,100.0,100.0,-151.5,-100.0,-100.0,0.0,0.0,0.0,0.0,0.0,0.0,0.0,0.0,0.0,0.0,0.0,0.0,119.31,154.29,128.57,154.29,0.0,1,0,0,0.0,0.0,0.0,442,383,1,1,452,466,466,466,445,127,127,473,468,468,334,257,334,289,366,385,1,1,356,379,418,418,40,27,27,367,356,406,356,406,356,1,2025-26,Regular Season,Advanced
Players,1642502,Malevy Leons,Malevy,1610612744,GSW,26.0,1,0,1,0.0,0.3,200.0,200.0,200.0,227.3,200.0,200.0,-27.3,0.0,0.0,0.0,0.0,0.0,0.0,0.0,0.0,0.0,0.0,0.0,0.0,0.0,0.0,150.4,160.0,133.33,160.0,0.0,1,0,0,0.0,0.0,0.0,442,438,36,438,459,14,7,7,476,473,473,378,227,227,334,257,334,289,366,385,1,1,356,379,418,418,15,22,22,367,356,406,356,406,356,1,2025-26,Regular Season,Advanced
Players,1628370,Malik Monk,Malik,1610612758,SAC,28.0,13,7,6,0.538,2.4,115.3,113.3,113.3,96.9,90.8,90.8,18.4,22.5,22.5,0.158,1.5,10.3,0.026,0.08,0.048,6.9,7.0,0.342,0.491,0.306,0.319,110.15,114.77,95.65,114.77,0.12,75,5,19,0.4,1.5,0.263,234,204,225,184,262,196,158,158,90,81,81,111,79,79,149,121,260,227,283,318,270,270,305,265,34,40,67,95,95,138,180,128,174,73,322,1,2025-26,Regular Season,Advanced
Players,1631204,Marcus Sasser,Marcus,1610612765,DET,25.0,5,2,3,0.4,1.3,113.6,114.3,114.3,84.7,82.4,82.4,28.9,31.9,31.9,0.25,0.5,25.0,0.0,0.0,0.0,50.0,50.0,0.0,0.0,0.15,0.157,115.05,116.55,97.13,116.55,-0.174,14,0,1,0.0,0.2,0.0,350,346,123,330,389,212,148,148,56,60,60,78,59,59,69,222,89,289,366,385,480,480,356,379,222,234,50,84,84,468,356,362,356,380,356,1,2025-26,Regular Season,Advanced
Players,203935,Marcus Smart,Marcus,1610612747,LAL,32.0,23,18,5,0.783,2.5,143.0,141.9,141.9,100.7,100.0,100.0,42.3,41.9,41.9,0.125,2.0,18.2,0.052,0.077,0.065,9.1,9.3,0.5,0.556,0.18,0.186,99.67,100.37,83.64,100.37,0.094,124,8,19,0.3,0.8,0.421,117,27,183,42,250,47,35,35,122,127,127,48,50,50,186,70,145,134,292,255,307,310,175,204,153,166,287,353,353,194,124,128,186,184,211,1,2025-26,Regular Season,Advanced
Players,1631109,Mark Williams,Mark,1610612756,PHX,24.0,25,15,10,0.6,2.4,119.8,115.8,115.8,105.2,103.3,103.3,14.7,12.5,12.5,0.0,0.0,0.0,0.164,0.209,0.189,14.3,14.5,0.706,0.763,0.184,0.192,99.32,101.99,84.99,101.99,0.214,133,12,17,0.5,0.7,0.706,96,63,327,116,266,149,133,133,170,183,183,128,129,129,334,257,334,26,48,31,391,399,64,60,145,149,296,310,310,35,80,144,130,227,43,1,2025-26,Regular Season,Advanced
Players,1628963,Marvin Bagley III,Marvin,1610612742,DAL,27.0,16,6,10,0.375,1.5,105.1,100.0,100.0,123.6,113.5,113.5,-18.5,-13.5,-13.5,0.167,1.0,15.4,0.207,0.182,0.196,15.4,15.4,0.556,0.556,0.183,0.198,96.31,103.1,85.92,103.1,0.125,50,5,9,0.3,0.6,0.556,193,233,327,346,371,309,301,301,360,317,317,354,335,335,130,159,190,17,80,28,408,410,139,204,146,144,365,281,281,129,180,214,217,269,94,2,2025-26,Regular Season,Advanced
Players,203486,Mason Plumlee,Mason,1610612759,SAS,36.0,1,0,1,0.0,0.1,0.0,0.0,0.0,0.0,0.0,0.0,0.0,0.0,0.0,0.0,0.0,0.0,0.0,0.0,0.0,0.0,0.0,0.0,0.0,0.0,0.0,282.35,564.71,470.59,564.71,0.0,1,0,0,0.0,0.0,0.0,442,438,36,438,472,466,466,466,1,1,1,227,227,227,334,257,334,289,366,385,1,1,356,379,418,418,7,8,8,367,356,406,356,406,356,1,2025-26,Regular Season,Advanced
Players,1641824,Matas Buzelis,Matas,1610612741,CHI,21.0,32,16,16,0.5,3.2,107.7,105.7,105.7,108.8,104.7,104.7,-1.2,1.0,1.0,0.045,1.0,5.8,0.019,0.133,0.078,5.8,5.9,0.487,0.533,0.193,0.201,102.98,105.94,88.28,105.94,0.077,227,15,38,0.5,1.2,0.395,29,49,437,213,129,283,252,252,211,205,205,244,217,217,306,159,306,247,166,210,244,245,216,228,132,139,181,209,209,232,56,47,135,109,234,1,2025-26,Regular Season,Advanced
Players,1629680,Matisse Thybulle,Matisse,1610612757,POR,29.0,5,2,3,0.4,1.9,62.8,61.1,61.1,131.6,121.7,121.7,-68.8,-60.6,-60.6,0.333,1.0,50.0,0.0,0.0,0.0,50.0,50.0,0.0,0.0,0.05,0.054,96.71,102.2,85.17,102.2,0.0,18,0,0,0.0,0.0,0.0,350,346,123,330,327,447,444,444,397,383,383,452,448,448,29,159,12,289,366,385,480,480,356,379,403,406,358,303,303,367,356,406,356,406,356,1,2025-26,Regular Season,Advanced
Players,1631108,Max Christie,Max,1610612742,DAL,23.0,37,13,24,0.351,3.1,106.9,101.6,101.6,114.1,109.8,109.8,-7.2,-8.2,-8.2,0.141,2.25,18.0,0.025,0.094,0.061,8.0,8.1,0.613,0.675,0.143,0.151,101.63,106.3,88.59,106.3,0.108,257,15,31,0.4,0.8,0.484,9,91,481,363,148,293,290,290,265,266,266,289,299,299,172,65,150,232,255,273,291,292,109,103,240,247,221,200,200,161,56,70,164,180,157,1,2025-26,Regular Season,Advanced
Players,1629622,Max Strus,Max,1610612739,CLE,30.0,6,6,0,1.0,2.7,161.1,146.3,146.3,68.0,66.7,66.7,93.1,79.7,79.7,0.0,0.0,0.0,0.083,0.095,0.091,0.0,0.0,1.1,1.1,0.114,0.124,97.58,103.97,86.64,103.97,0.177,41,4,5,0.7,0.8,0.8,334,233,1,1,214,28,27,27,40,43,43,27,26,26,334,257,334,75,251,169,1,1,13,17,297,299,348,264,264,54,206,268,64,181,35,1,2025-26,Regular Season,Advanced
Players,1628467,Maxi Kleber,Maxi,1610612747,LAL,34.0,5,3,2,0.6,0.5,85.4,70.0,70.0,100.0,100.0,100.0,-14.6,-30.0,-30.0,1.0,0.0,50.0,0.0,0.0,0.0,0.0,0.0,1.0,1.0,0.091,0.122,133.86,152.11,126.76,152.11,0.429,10,1,1,0.2,0.2,1.0,350,308,86,116,451,413,428,428,115,127,127,339,399,399,1,257,12,289,366,385,1,1,16,26,347,304,22,29,29,6,309,362,281,380,1,1,2025-26,Regular Season,Advanced
Players,1642875,Maxime Raynaud,Maxime,1610612758,SAC,23.0,17,9,8,0.529,3.0,127.4,120.2,120.2,103.8,102.6,102.6,23.6,17.6,17.6,0.029,0.33,4.8,0.043,0.14,0.096,14.3,14.3,0.615,0.649,0.157,0.171,104.06,107.69,89.74,107.69,0.087,114,8,13,0.5,0.8,0.615,186,151,279,194,161,104,104,104,152,176,176,93,105,105,327,242,316,163,154,152,391,393,107,125,213,198,145,166,166,213,124,179,134,204,67,1,2025-26,Regular Season,Advanced
Players,1642877,Micah Peavy,Micah,1610612740,NOP,24.0,6,0,6,0.0,0.9,76.5,64.3,64.3,120.3,87.5,87.5,-43.7,-23.2,-23.2,0.0,0.0,0.0,0.0,0.0,0.0,0.0,0.0,0.0,0.0,0.0,0.0,99.63,127.74,106.45,127.74,0.074,14,0,0,0.0,0.0,0.0,334,438,225,438,424,435,442,442,334,70,70,426,370,370,334,257,334,289,366,385,1,1,356,379,418,418,289,49,49,237,356,406,356,406,356,1,2025-26,Regular Season,Advanced
Players,1630695,Micah Potter,Micah,1610612754,IND,28.0,9,3,6,0.333,2.7,105.3,98.1,98.1,98.2,103.6,103.6,7.0,-5.5,-5.5,0.083,0.0,11.1,0.0,0.172,0.1,0.0,0.0,0.7,0.785,0.14,0.146,106.86,107.37,89.48,107.37,0.194,52,3,5,0.3,0.6,0.6,284,308,225,365,219,307,340,340,97,188,188,179,275,275,243,257,251,289,96,138,1,1,66,54,252,258,98,178,178,40,231,268,191,270,68,1,2025-26,Regular Season,Advanced
Players,1629008,Michael Porter Jr.,Michael,1610612751,BKN,27.0,23,5,18,0.217,3.1,100.1,100.7,100.7,129.2,127.1,127.1,-29.1,-26.4,-26.4,0.069,0.5,3.9,0.012,0.169,0.082,7.8,7.9,0.35,0.435,0.299,0.311,95.5,96.03,80.03,96.03,0.056,137,12,40,0.5,1.7,0.3,117,256,462,417,156,351,298,298,389,406,406,389,379,379,266,222,325,276,97,190,290,290,302,309,40,46,377,420,420,278,80,43,102,54,305,1,2025-26,Regular Season,Advanced
Players,1628969,Mikal Bridges,Mikal,1610612752,NYK,29.0,30,18,12,0.6,3.3,123.8,122.8,122.8,102.8,102.8,102.8,21.0,20.0,20.0,0.056,1.33,12.9,0.019,0.063,0.041,9.7,9.7,0.63,0.649,0.113,0.117,100.54,100.94,84.12,100.94,0.066,206,11,23,0.4,0.8,0.478,44,27,373,116,120,124,85,85,137,180,180,103,94,94,286,138,227,251,323,342,319,320,99,124,299,316,265,336,336,257,85,105,178,203,160,1,2025-26,Regular Season,Advanced
Players,201144,Mike Conley,Mike,1610612750,MIN,38.0,11,6,5,0.545,1.6,129.1,110.4,110.4,131.0,117.9,117.9,-1.8,-7.5,-7.5,0.286,4.0,44.4,0.0,0.071,0.031,11.1,10.9,1.5,1.31,0.098,0.121,104.02,118.83,99.02,118.83,0.114,48,2,2,0.2,0.2,1.0,265,233,183,177,361,95,192,192,395,354,354,249,295,295,48,18,33,289,304,358,345,348,1,5,334,305,148,73,73,152,265,330,293,387,1,1,2025-26,Regular Season,Advanced
Players,1628970,Miles Bridges,Miles,1610612766,CHA,28.0,20,9,11,0.45,4.8,104.9,106.4,106.4,107.5,106.4,106.4,-2.6,0.0,0.0,0.149,3.5,10.3,0.046,0.158,0.1,2.9,3.0,0.49,0.585,0.256,0.267,97.5,97.24,81.03,97.24,0.171,204,21,48,1.1,2.4,0.438,147,151,352,283,12,312,244,244,189,227,227,258,242,242,157,29,261,153,116,137,203,203,215,177,66,77,349,410,410,61,32,32,19,18,191,1,2025-26,Regular Season,Advanced
Players,1630540,Miles McBride,Miles,1610612752,NYK,25.0,13,7,6,0.538,2.6,125.9,122.2,122.2,109.6,107.9,107.9,16.4,14.3,14.3,0.2,0.0,20.0,0.026,0.063,0.043,0.0,0.0,0.643,0.721,0.193,0.214,104.57,106.95,89.12,106.95,0.189,72,7,14,0.5,1.1,0.5,234,204,225,184,237,109,88,88,219,243,243,123,119,119,110,257,118,227,323,332,1,1,92,75,133,124,135,186,186,45,146,172,98,123,119,1,2025-26,Regular Season,Advanced
Players,1629011,Mitchell Robinson,Mitchell,1610612752,NYK,28.0,16,12,4,0.75,1.4,131.5,109.8,109.8,70.3,67.9,67.9,61.1,41.9,41.9,0.059,0.5,12.5,0.235,0.31,0.283,25.0,25.8,0.333,0.21,0.125,0.145,101.89,112.81,94.01,112.81,0.078,51,1,3,0.1,0.2,0.333,193,103,151,43,375,83,199,199,46,47,47,41,49,49,281,222,232,16,15,12,460,467,309,366,277,259,212,106,106,229,309,306,347,385,273,1,2025-26,Regular Season,Advanced
Players,1628964,Mo Bamba,Mo,1610612762,UTA,27.0,1,0,1,0.0,0.0,0.0,0.0,0.0,0.0,0.0,0.0,0.0,0.0,0.0,0.0,0.0,0.0,0.0,0.0,0.0,0.0,0.0,0.0,0.0,0.0,0.0,0.0,0.0,0.0,0.0,0.0,0,0,0,0.0,0.0,0.0,442,438,36,438,483,466,466,466,1,1,1,227,227,227,334,257,334,289,366,385,1,1,356,379,418,418,479,483,483,367,356,406,356,406,356,1,2025-26,Regular Season,Advanced
Players,1642885,Mohamed Diawara,Mohamed,1610612752,NYK,20.0,5,4,1,0.8,1.1,101.5,61.5,61.5,79.1,71.4,71.4,22.4,-9.9,-9.9,0.0,0.0,0.0,0.0,0.375,0.214,0.0,0.0,0.0,0.0,0.0,0.0,90.84,119.52,99.6,119.52,0.214,13,0,0,0.0,0.0,0.0,350,279,36,39,412,340,443,443,49,48,48,98,313,313,334,257,334,289,6,18,1,1,356,379,418,418,436,69,69,33,356,406,356,406,356,1,2025-26,Regular Season,Advanced
Players,1629021,Moritz Wagner,Moritz,1610612753,ORL,28.0,1,1,0,1.0,0.3,0.0,0.0,0.0,300.0,300.0,300.0,-300.0,-300.0,-300.0,0.0,0.0,0.0,0.0,0.0,0.0,0.0,0.0,0.0,0.0,0.0,0.0,72.0,144.0,120.0,144.0,0.0,1,0,0,0.0,0.0,0.0,442,383,1,1,457,466,466,466,483,483,483,483,483,483,334,257,334,289,366,385,1,1,356,379,418,418,473,34,34,367,356,406,356,406,356,1,2025-26,Regular Season,Advanced
Players,1630541,Moses Moody,Moses,1610612744,GSW,23.0,16,7,9,0.438,2.2,109.0,96.5,96.5,108.2,94.6,94.6,0.8,1.8,1.8,0.25,5.0,26.3,0.0,0.195,0.105,5.3,5.5,0.545,0.568,0.143,0.158,105.57,120.06,100.05,120.06,0.093,85,5,11,0.3,0.7,0.455,193,204,303,301,290,265,352,352,201,99,99,219,210,210,69,13,86,289,61,128,234,237,148,191,241,230,120,66,66,196,180,196,217,226,171,1,2025-26,Regular Season,Advanced
Players,1631243,Mouhamed Gueye,Mouhamed,1610612737,ATL,23.0,12,6,6,0.5,0.5,91.7,75.0,75.0,110.5,104.3,104.3,-18.8,-29.3,-29.3,0.0,0.0,0.0,0.0,0.2,0.111,0.0,0.0,0.0,0.0,0.056,0.071,143.92,161.29,134.41,161.29,-0.045,16,0,1,0.0,0.1,0.0,247,233,225,213,450,392,418,418,228,200,200,356,397,397,334,257,334,289,52,111,1,1,356,379,395,387,16,21,21,446,356,362,356,402,356,1,2025-26,Regular Season,Advanced
Players,1630619,Moussa Cisse,Moussa,1610612742,DAL,23.0,7,3,4,0.429,0.4,67.2,55.6,55.6,135.5,100.0,100.0,-68.3,-44.4,-44.4,0.0,0.0,0.0,0.0,0.0,0.0,0.0,0.0,0.0,0.0,0.0,0.0,124.85,159.61,133.0,159.61,-0.174,9,0,0,0.0,0.0,0.0,309,308,151,306,455,445,450,450,414,127,127,450,432,432,334,257,334,289,366,385,1,1,356,379,418,418,30,24,24,468,356,406,356,406,356,1,2025-26,Regular Season,Advanced
Players,1631217,Moussa Diabaté,Moussa,1610612766,CHA,24.0,21,9,12,0.429,3.4,102.3,98.6,98.6,99.1,99.3,99.3,3.1,-0.7,-0.7,0.053,1.0,18.2,0.028,0.159,0.098,18.2,18.6,1.0,0.962,0.055,0.059,91.81,93.43,77.86,93.43,0.119,141,5,5,0.2,0.2,1.0,137,151,373,306,101,333,336,336,104,125,125,205,249,249,293,159,145,217,115,146,433,437,16,35,397,397,423,445,445,142,180,268,260,372,1,1,2025-26,Regular Season,Advanced
Players,1626167,Myles Turner,Myles,1610612749,MIL,30.0,29,17,12,0.586,2.9,119.5,114.8,114.8,105.7,101.7,101.7,13.7,13.2,13.2,0.069,1.0,12.5,0.051,0.187,0.124,12.5,12.6,0.864,0.863,0.135,0.143,98.11,102.04,85.03,102.04,0.128,182,14,22,0.5,0.8,0.636,49,41,373,139,177,154,144,144,176,166,166,132,126,126,266,159,232,138,73,91,370,371,38,42,260,265,336,307,307,125,62,111,128,205,62,1,2025-26,Regular Season,Advanced
Players,1641772,Nae'Qwan Tomlin,Nae'Qwan,1610612739,CLE,25.0,3,1,2,0.333,0.5,150.0,150.0,150.0,232.0,225.0,225.0,-82.0,-75.0,-75.0,0.0,0.0,0.0,0.0,0.0,0.0,0.0,0.0,0.0,0.0,0.0,0.0,91.54,93.41,77.84,93.41,0.0,2,0,0,0.0,0.0,0.0,390,383,86,365,447,37,24,24,480,480,480,460,461,461,334,257,334,289,366,385,1,1,356,379,418,418,430,446,446,367,356,406,356,406,356,1,2025-26,Regular Season,Advanced
Players,1630230,Naji Marshall,Naji,1610612742,DAL,28.0,42,17,25,0.405,2.9,108.5,101.6,101.6,113.1,110.0,110.0,-4.7,-8.5,-8.5,0.127,1.14,12.9,0.024,0.178,0.104,11.3,11.5,0.621,0.656,0.187,0.197,98.23,102.88,85.74,102.88,0.129,256,18,33,0.4,0.8,0.545,1,41,482,329,178,271,289,289,258,270,270,272,302,302,184,155,227,234,88,130,354,358,105,118,140,145,333,284,284,123,44,60,149,197,99,1,2025-26,Regular Season,Advanced
Players,1631466,Nate Williams,Nate,1610612744,GSW,27.0,1,0,1,0.0,0.0,0.0,0.0,0.0,227.3,200.0,200.0,-227.3,-200.0,-200.0,0.0,0.0,0.0,0.0,0.0,0.0,0.0,0.0,0.0,0.0,0.0,0.0,1267.2,1440.0,1200.0,1440.0,0.0,0,0,0,0.0,0.0,0.0,442,438,36,438,481,466,466,466,476,473,473,481,478,478,334,257,334,289,366,385,1,1,356,379,418,418,1,3,3,367,356,406,356,406,356,1,2025-26,Regular Season,Advanced
Players,1629675,Naz Reid,Naz,1610612750,MIN,26.0,25,15,10,0.6,1.7,95.4,88.7,88.7,119.4,110.1,110.1,-24.1,-21.4,-21.4,0.032,0.33,5.0,0.019,0.098,0.054,15.0,15.1,0.233,0.252,0.145,0.161,116.45,125.75,104.79,125.75,-0.039,115,3,15,0.1,0.6,0.2,96,63,327,116,356,376,387,387,322,271,271,371,368,368,321,242,314,247,244,300,404,405,346,365,235,219,46,54,54,442,231,163,329,254,345,1,2025-26,Regular Season,Advanced
Players,1629674,Neemias Queta,Neemias,1610612738,BOS,26.0,24,10,14,0.417,2.5,105.7,100.0,100.0,99.7,99.2,99.2,6.0,0.8,0.8,0.032,0.25,4.8,0.034,0.273,0.161,19.0,20.7,0.667,0.735,0.146,0.148,90.83,93.61,78.01,93.61,0.139,119,6,9,0.3,0.4,0.667,105,132,411,322,242,303,301,301,111,121,121,183,220,220,321,251,316,190,21,47,440,452,78,72,234,251,437,443,443,108,164,214,247,328,48,1,2025-26,Regular Season,Advanced
Players,1629651,Nic Claxton,Nic,1610612751,BKN,26.0,24,6,18,0.25,2.8,92.8,93.0,93.0,132.8,131.7,131.7,-40.1,-38.7,-38.7,0.258,8.0,33.3,0.099,0.075,0.088,4.2,4.2,0.357,0.403,0.105,0.109,95.8,96.15,80.12,96.15,0.051,128,5,14,0.2,0.6,0.357,105,233,462,402,202,389,371,371,405,427,427,419,421,421,63,3,46,59,300,179,216,217,295,324,318,333,372,418,418,289,180,172,278,258,264,1,2025-26,Regular Season,Advanced
Players,1630208,Nick Richards,Nick,1610612741,CHI,28.0,7,2,5,0.286,1.9,74.5,67.9,67.9,88.9,81.5,81.5,-14.4,-13.6,-13.6,0.0,0.0,0.0,0.0,0.375,0.207,0.0,0.0,0.0,0.266,0.067,0.071,91.55,100.14,83.45,100.14,0.113,28,0,1,0.0,0.1,0.0,309,346,183,385,332,438,432,432,64,59,59,337,340,340,334,257,334,289,6,23,1,1,356,363,380,388,429,359,359,155,356,362,356,393,356,2,2025-26,Regular Season,Advanced
Players,1641733,Nick Smith Jr.,Nick,1610612747,LAL,21.0,1,1,0,1.0,0.7,100.0,100.0,100.0,0.0,0.0,0.0,100.0,100.0,100.0,0.0,0.0,0.0,0.0,0.0,0.0,0.0,0.0,0.0,0.0,0.5,0.5,105.37,105.37,87.8,105.37,-0.667,2,0,1,0.0,1.0,0.0,442,383,1,1,441,352,301,301,1,1,1,21,17,17,334,257,334,289,366,385,1,1,356,379,2,3,125,225,225,479,356,362,356,130,356,1,2025-26,Regular Season,Advanced
Players,1629638,Nickeil Alexander-Walker,Nickeil,1610612737,ATL,27.0,33,16,17,0.485,3.8,112.1,110.2,110.2,108.3,108.9,108.9,3.9,1.3,1.3,0.054,1.33,5.6,0.016,0.041,0.029,4.2,4.1,0.509,0.581,0.228,0.242,103.63,104.21,86.84,104.21,0.085,265,22,54,0.7,1.6,0.407,24,49,452,258,60,226,195,195,202,257,257,199,216,216,288,138,310,263,353,364,216,216,171,182,96,94,158,256,256,216,30,24,64,60,223,1,2025-26,Regular Season,Advanced
Players,201587,Nicolas Batum,Nicolas,1610612746,LAC,37.0,19,7,12,0.368,1.5,104.6,97.4,97.4,111.8,109.5,109.5,-7.1,-12.1,-12.1,0.111,1.0,22.2,0.027,0.029,0.028,22.2,22.2,0.2,0.2,0.081,0.091,121.77,127.55,106.3,127.55,-0.047,76,1,5,0.1,0.3,0.2,163,204,373,352,370,316,346,346,244,265,265,288,328,328,206,159,102,222,358,367,455,455,349,370,363,365,34,50,50,448,309,268,352,367,345,1,2025-26,Regular Season,Advanced
Players,1628502,Nigel Hayes-Davis,Nigel,1610612756,PHX,31.0,1,0,1,0.0,0.2,0.0,0.0,0.0,227.3,200.0,200.0,-227.3,-200.0,-200.0,0.0,0.0,0.0,0.0,0.0,0.0,0.0,0.0,0.0,0.0,0.0,0.0,134.81,153.19,127.66,153.19,-1.0,0,0,0,0.0,0.0,0.0,442,438,36,438,469,466,466,466,476,473,473,481,478,478,334,257,334,289,366,385,1,1,356,379,418,418,18,28,28,480,356,406,356,406,356,1,2025-26,Regular Season,Advanced
Players,203999,Nikola Jokić,Nikola,1610612743,DEN,31.0,32,15,17,0.469,4.8,118.7,119.7,119.7,126.7,125.2,125.2,-8.0,-5.5,-5.5,0.357,3.13,15.7,0.072,0.235,0.153,5.0,5.1,0.516,0.622,0.359,0.379,100.96,101.16,84.3,101.16,0.222,325,45,93,1.4,2.9,0.484,29,63,452,271,13,159,107,107,380,400,400,300,274,274,23,34,188,97,32,55,233,232,166,151,17,18,245,331,331,28,5,3,8,8,157,1,2025-26,Regular Season,Advanced
Players,1631107,Nikola Jović,Nikola,1610612748,MIA,22.0,4,3,1,0.75,1.3,142.5,133.3,133.3,94.9,85.7,85.7,47.6,47.6,47.6,0.333,0.0,40.0,0.0,0.167,0.091,0.0,0.0,0.0,0.205,0.158,0.145,131.1,142.31,118.59,142.31,0.019,18,0,2,0.0,0.5,0.0,371,308,36,43,382,49,47,47,78,66,66,45,42,42,29,257,37,289,98,169,1,1,356,367,205,260,25,37,37,351,356,330,356,280,356,1,2025-26,Regular Season,Advanced
Players,202696,Nikola Vučević,Nikola,1610612738,BOS,35.0,29,16,13,0.552,3.7,110.1,108.8,108.8,112.6,109.2,109.2,-2.5,-0.5,-0.5,0.164,2.5,15.2,0.063,0.175,0.119,6.1,6.1,0.561,0.581,0.208,0.216,103.85,106.08,88.4,106.08,0.134,239,24,49,0.8,1.7,0.49,49,49,397,172,63,247,210,210,256,262,262,257,246,246,144,56,198,108,89,98,249,251,138,181,113,119,152,205,205,116,23,30,45,57,155,2,2025-26,Regular Season,Advanced
Players,1642363,Nique Clifford,Nique,1610612758,SAC,24.0,11,7,4,0.636,3.0,139.1,133.3,133.3,102.1,98.6,98.6,37.0,34.7,34.7,0.207,2.0,30.0,0.065,0.156,0.111,15.0,15.2,0.611,0.651,0.161,0.166,103.5,107.6,89.67,107.6,0.118,75,5,9,0.5,0.8,0.556,265,204,151,98,170,58,47,47,131,119,119,54,55,55,107,70,70,106,119,111,404,408,110,122,194,211,161,170,170,143,180,214,141,186,94,1,2025-26,Regular Season,Advanced
Players,1641730,Noah Clowney,Noah,1610612751,BKN,21.0,21,6,15,0.286,2.6,99.5,98.2,98.2,127.2,125.6,125.6,-27.6,-27.5,-27.5,0.133,2.0,18.2,0.034,0.105,0.069,9.1,8.9,0.385,0.515,0.144,0.156,98.97,100.24,83.54,100.24,0.06,110,4,13,0.2,0.6,0.308,137,233,424,385,232,356,338,338,381,402,402,380,387,387,176,70,145,192,224,244,307,306,283,245,239,238,308,357,357,271,206,179,288,248,301,1,2025-26,Regular Season,Advanced
Players,1642869,Noah Penda,Noah,1610612753,ORL,21.0,7,6,1,0.857,3.1,86.6,77.3,77.3,105.7,104.3,104.3,-19.2,-27.1,-27.1,0.091,0.0,14.3,0.115,0.2,0.157,0.0,0.0,0.333,0.333,0.115,0.127,93.48,99.35,82.79,99.35,0.122,44,2,6,0.3,0.9,0.333,309,233,36,37,150,408,414,414,177,200,200,357,385,385,229,257,202,47,52,50,1,1,309,350,294,293,404,371,371,137,265,252,226,170,273,1,2025-26,Regular Season,Advanced
Players,1642849,Nolan Traore,Nolan,1610612751,BKN,19.0,13,3,10,0.231,3.6,100.8,99.0,99.0,128.9,127.6,127.6,-28.1,-28.6,-28.6,0.261,0.86,14.3,0.016,0.116,0.058,16.7,16.9,0.479,0.563,0.298,0.316,105.48,106.96,89.13,106.96,0.058,101,10,24,0.8,1.8,0.417,234,308,327,414,81,345,333,333,386,408,408,382,391,391,59,207,202,259,206,281,414,423,223,198,42,43,123,185,185,275,93,97,52,46,215,1,2025-26,Regular Season,Advanced
Players,1626181,Norman Powell,Norman,1610612748,MIA,32.0,21,11,10,0.524,3.0,110.8,104.9,104.9,117.1,116.7,116.7,-6.3,-11.8,-11.8,0.067,0.29,4.0,0.0,0.051,0.028,14.0,13.8,0.435,0.577,0.31,0.334,106.12,109.23,91.02,109.23,0.107,144,13,31,0.6,1.5,0.419,137,115,327,202,162,240,261,261,299,345,345,282,325,325,269,249,321,289,342,368,389,386,256,184,32,31,109,138,138,163,73,70,78,72,214,1,2025-26,Regular Season,Advanced
Players,1628384,OG Anunoby,OG,1610612752,NYK,28.0,28,18,10,0.643,3.2,130.3,126.0,126.0,102.3,102.6,102.6,28.0,23.4,23.4,0.062,2.0,9.3,0.058,0.122,0.092,4.7,4.7,0.615,0.725,0.176,0.185,99.54,101.04,84.2,101.04,0.157,192,13,26,0.5,0.9,0.5,61,27,327,95,135,87,71,71,132,177,177,80,75,75,277,70,266,117,194,166,226,227,107,74,161,169,290,335,335,80,73,88,137,159,119,1,2025-26,Regular Season,Advanced
Players,1630167,Obi Toppin,Obi,1610612754,IND,28.0,2,0,2,0.0,9.6,93.0,95.0,95.0,124.1,114.3,114.3,-31.0,-19.3,-19.3,0.1,1.0,11.1,0.045,0.174,0.111,11.1,11.1,0.786,0.786,0.17,0.178,99.25,102.35,85.29,102.35,0.215,40,5,7,2.5,3.5,0.714,412,438,86,438,2,386,361,361,365,327,327,398,362,362,220,159,251,155,95,111,345,349,46,53,170,181,301,298,298,32,180,240,2,3,42,1,2025-26,Regular Season,Advanced
Players,1630534,Ochai Agbaji,Ochai,1610612751,BKN,25.0,4,1,3,0.25,2.0,61.0,56.3,56.3,89.1,87.5,87.5,-28.1,-31.3,-31.3,0.0,0.0,0.0,0.0,0.222,0.1,0.0,0.0,0.0,0.205,0.278,0.291,90.27,94.78,78.98,94.78,-0.118,16,0,4,0.0,1.0,0.0,371,383,123,402,316,449,449,449,65,70,70,381,402,402,334,257,334,289,37,138,1,1,356,367,53,59,440,438,438,460,356,286,356,130,356,2,2025-26,Regular Season,Advanced
Players,1641765,Olivier-Maxence Prosper,Olivier-Maxence,1610612763,MEM,23.0,9,4,5,0.444,1.3,131.1,110.7,110.7,129.3,124.2,124.2,1.9,-13.5,-13.5,0.0,0.0,0.0,0.0,0.154,0.08,0.0,0.0,0.0,1.136,0.033,0.034,110.28,121.51,101.26,121.51,0.033,28,0,0,0.0,0.0,0.0,284,279,183,292,383,86,187,187,390,396,396,213,338,338,334,257,334,289,122,198,1,1,356,12,415,415,66,65,65,328,356,406,356,406,356,1,2025-26,Regular Season,Advanced
Players,1630209,Omer Yurtseven,Omer,1610612744,GSW,27.0,1,0,1,0.0,0.0,0.0,0.0,0.0,0.0,0.0,0.0,0.0,0.0,0.0,0.0,0.0,0.0,0.0,0.0,0.0,0.0,0.0,0.0,0.0,0.0,0.0,0.0,0.0,0.0,0.0,0.0,0,0,0,0.0,0.0,0.0,442,438,36,438,483,466,466,466,1,1,1,227,227,227,334,257,334,289,366,385,1,1,356,379,418,418,479,483,483,367,356,406,356,406,356,1,2025-26,Regular Season,Advanced
Players,1630168,Onyeka Okongwu,Onyeka,1610612737,ATL,25.0,28,15,13,0.536,3.4,114.7,111.9,111.9,104.0,103.8,103.8,10.7,8.1,8.1,0.094,2.0,21.4,0.011,0.174,0.098,10.7,10.5,0.529,0.586,0.098,0.107,103.15,104.44,87.03,104.44,0.047,201,7,17,0.3,0.6,0.412,61,63,397,189,108,202,172,172,156,195,195,150,154,154,224,70,107,282,94,146,341,334,156,176,332,335,172,249,249,293,146,144,247,253,220,1,2025-26,Regular Season,Advanced
Players,1631131,Oscar Tshiebwe,Oscar,1610612762,UTA,26.0,3,0,3,0.0,3.2,60.7,66.7,66.7,134.5,133.3,133.3,-73.8,-66.7,-66.7,0.0,0.0,0.0,0.067,0.125,0.087,50.0,50.0,1.0,1.0,0.077,0.081,94.16,90.16,75.13,90.16,0.106,18,1,1,0.3,0.3,1.0,390,438,123,438,140,450,433,433,411,429,429,455,452,452,334,257,334,102,183,181,480,480,16,26,365,377,396,465,465,164,309,362,191,335,1,1,2025-26,Regular Season,Advanced
Players,1642345,Oso Ighodaro,Oso,1610612756,PHX,23.0,24,8,16,0.333,2.9,96.5,92.0,92.0,122.8,119.0,119.0,-26.3,-26.9,-26.9,0.0,0.0,0.0,0.083,0.175,0.122,0.0,0.0,0.833,0.644,0.049,0.052,96.67,100.53,83.78,100.53,0.063,138,5,6,0.2,0.3,0.833,105,180,437,365,182,368,376,376,353,359,359,375,384,384,334,257,334,75,92,93,1,1,39,127,404,408,360,347,347,263,180,252,278,368,32,1,2025-26,Regular Season,Advanced
Players,1631172,Ousmane Dieng,Ousmane,1610612749,MIL,22.0,6,3,3,0.5,1.6,128.1,119.0,119.0,132.7,128.6,128.6,-4.7,-9.5,-9.5,0.143,0.0,33.3,0.0,0.0,0.0,0.0,0.0,1.0,1.025,0.095,0.125,118.37,124.36,103.63,124.36,0.14,21,2,2,0.3,0.3,1.0,334,308,123,213,362,99,114,114,404,412,412,273,310,310,162,257,46,289,366,385,1,1,16,24,339,297,42,59,59,106,265,330,191,335,1,2,2025-26,Regular Season,Advanced
Players,1629023,P.J. Washington,P.J.,1610612742,DAL,27.0,31,10,21,0.323,3.6,104.1,100.4,100.4,113.5,111.1,111.1,-9.4,-10.7,-10.7,0.032,0.4,4.0,0.039,0.118,0.077,10.0,10.0,0.324,0.421,0.171,0.182,101.18,104.13,86.77,104.13,0.041,244,10,34,0.3,1.1,0.294,36,132,475,381,74,323,300,300,263,281,281,308,317,317,321,240,321,177,201,217,325,326,321,315,168,175,237,261,261,307,93,56,213,121,307,1,2025-26,Regular Season,Advanced
Players,1641790,PJ Hall,PJ,1610612766,CHA,24.0,3,0,3,0.0,1.3,147.9,142.9,142.9,83.3,71.4,71.4,64.6,71.4,71.4,0.0,0.0,0.0,0.0,0.333,0.222,0.0,0.0,1.0,0.906,0.25,0.356,80.94,88.81,74.01,88.81,0.371,7,1,1,0.3,0.3,1.0,390,438,123,438,395,40,32,32,54,48,48,37,29,29,334,257,334,289,8,16,1,1,16,38,73,25,469,470,470,8,309,362,191,335,1,1,2025-26,Regular Season,Advanced
Players,1631094,Paolo Banchero,Paolo,1610612753,ORL,23.0,36,24,12,0.667,4.2,104.4,104.1,104.1,105.2,104.4,104.4,-0.7,-0.3,-0.3,0.207,1.89,14.0,0.018,0.159,0.088,7.4,7.4,0.278,0.38,0.28,0.294,101.91,102.47,85.39,102.47,0.077,319,21,79,0.6,2.2,0.266,13,4,373,72,38,318,271,271,169,202,202,242,244,244,106,104,213,257,113,177,282,278,333,337,51,58,211,296,296,233,32,10,85,25,321,1,2025-26,Regular Season,Advanced
Players,1627783,Pascal Siakam,Pascal,1610612754,IND,32.0,28,10,18,0.357,3.7,97.1,95.8,95.8,100.2,100.0,100.0,-3.1,-4.2,-4.2,0.149,1.4,9.2,0.027,0.123,0.078,6.6,6.4,0.446,0.472,0.278,0.303,102.0,102.78,85.65,102.78,0.136,214,24,56,0.9,2.0,0.429,61,132,462,361,64,366,355,355,120,127,127,262,268,268,157,135,270,221,192,215,262,257,246,281,52,52,207,286,286,110,23,22,37,35,198,1,2025-26,Regular Season,Advanced
Players,1626192,Pat Connaughton,Pat,1610612766,CHA,33.0,1,0,1,0.0,0.3,0.0,0.0,0.0,0.0,0.0,0.0,0.0,0.0,0.0,0.0,0.0,0.0,0.0,0.0,0.0,0.0,0.0,0.0,0.0,0.0,0.0,94.12,188.24,156.86,188.24,0.0,1,0,0,0.0,0.0,0.0,442,438,36,438,462,466,466,466,1,1,1,227,227,227,334,257,334,289,366,385,1,1,356,379,418,418,397,18,18,367,356,406,356,406,356,1,2025-26,Regular Season,Advanced
Players,1630311,Pat Spencer,Pat,1610612744,GSW,29.0,12,5,7,0.417,2.0,106.1,106.3,106.3,106.2,104.1,104.1,-0.1,2.2,2.2,0.143,1.0,12.5,0.0,0.12,0.061,12.5,12.6,0.682,0.715,0.259,0.272,94.09,94.95,79.12,94.95,0.164,48,6,11,0.5,0.9,0.545,247,256,251,322,314,300,245,245,181,198,198,237,206,206,162,159,232,289,198,272,370,371,77,78,65,75,398,435,435,72,164,196,106,160,99,1,2025-26,Regular Season,Advanced
Players,1631116,Patrick Baldwin Jr.,Patrick,1610612758,SAC,23.0,1,1,0,1.0,0.3,0.0,0.0,0.0,200.0,200.0,200.0,-200.0,-200.0,-200.0,0.0,0.0,0.0,0.0,0.0,0.0,0.0,0.0,0.0,0.0,0.0,0.0,151.58,151.58,126.32,151.58,0.0,1,0,0,0.0,0.0,0.0,442,383,1,1,458,466,466,466,468,473,473,479,478,478,334,257,334,289,366,385,1,1,356,379,418,418,14,30,30,367,356,406,356,406,356,1,2025-26,Regular Season,Advanced
Players,1630172,Patrick Williams,Patrick,1610612741,CHI,24.0,17,9,8,0.529,1.2,112.1,104.0,104.0,96.7,95.9,95.9,15.4,8.1,8.1,0.105,1.0,28.6,0.0,0.034,0.02,28.6,28.6,0.333,0.333,0.091,0.099,108.13,112.69,93.91,112.69,-0.022,50,1,3,0.1,0.2,0.333,186,151,279,194,396,228,273,273,89,104,104,125,155,155,216,159,73,289,356,380,472,471,309,350,347,348,85,107,107,432,309,306,349,389,273,1,2025-26,Regular Season,Advanced
Players,202331,Paul George,Paul,1610612755,PHI,35.0,14,7,7,0.5,4.7,109.3,105.2,105.2,86.8,86.8,86.8,22.6,18.5,18.5,0.233,5.0,30.3,0.014,0.222,0.123,6.1,6.1,0.471,0.573,0.149,0.161,97.64,99.5,82.92,99.5,0.175,134,6,17,0.4,1.2,0.353,217,204,251,213,17,260,257,257,58,69,69,96,101,101,86,13,68,271,37,92,249,250,233,187,225,222,347,368,368,58,164,144,149,107,267,1,2025-26,Regular Season,Advanced
Players,1630194,Paul Reed,Paul,1610612765,DET,26.0,13,8,5,0.615,1.5,84.1,88.6,88.6,123.9,107.0,107.0,-39.9,-18.3,-18.3,0.0,0.0,0.0,0.176,0.222,0.192,6.3,6.4,0.545,0.551,0.267,0.28,100.0,104.17,86.8,104.17,0.222,44,6,11,0.5,0.8,0.545,234,180,183,109,365,418,388,388,362,234,234,417,358,358,334,257,334,23,37,30,253,258,148,211,61,68,276,259,259,27,164,196,139,175,99,1,2025-26,Regular Season,Advanced
Players,1630202,Payton Pritchard,Payton,1610612738,BOS,28.0,29,15,14,0.517,3.1,113.8,111.8,111.8,113.1,112.2,112.2,0.7,-0.4,-0.4,0.109,0.0,17.1,0.033,0.096,0.067,0.0,0.0,0.521,0.632,0.129,0.14,100.42,101.79,84.82,101.79,0.125,195,10,24,0.3,0.8,0.417,49,63,411,209,155,210,174,174,257,300,300,220,245,245,213,257,159,196,249,249,1,1,163,139,268,271,267,319,319,130,93,97,188,183,215,1,2025-26,Regular Season,Advanced
Players,1641796,Pelle Larsson,Pelle,1610612748,MIA,25.0,19,11,8,0.579,2.8,113.4,106.8,106.8,115.5,113.1,113.1,-2.1,-6.3,-6.3,0.133,1.33,15.4,0.019,0.14,0.078,11.5,11.3,0.625,0.64,0.172,0.19,104.61,108.82,90.68,108.82,0.099,117,9,16,0.5,0.8,0.563,163,115,279,149,204,217,237,237,283,313,313,253,281,281,176,138,190,247,156,209,357,355,100,130,166,155,134,147,147,180,108,155,132,178,90,1,2025-26,Regular Season,Advanced
Players,1631250,Pete Nance,Pete,1610612749,MIL,26.0,4,2,2,0.5,1.8,112.7,94.4,94.4,114.5,114.3,114.3,-1.8,-19.8,-19.8,0.167,1.0,50.0,0.0,0.333,0.214,50.0,50.0,0.0,0.0,0.056,0.066,117.82,127.49,106.24,127.49,0.1,18,0,0,0.0,0.0,0.0,371,346,86,213,336,223,363,363,271,327,327,247,363,363,130,159,12,289,8,18,480,480,356,379,395,393,43,51,51,177,356,406,356,406,356,1,2025-26,Regular Season,Advanced
Players,1631212,Peyton Watson,Peyton,1610612743,DEN,23.0,22,12,10,0.545,3.7,120.6,119.2,119.2,116.2,115.0,115.0,4.4,4.2,4.2,0.018,0.25,3.6,0.027,0.091,0.064,14.3,14.4,0.265,0.396,0.136,0.142,103.75,104.92,87.43,104.92,0.013,177,4,17,0.2,0.8,0.235,128,103,327,177,65,140,112,112,287,333,333,194,190,190,331,251,331,222,261,259,391,397,336,327,259,269,156,240,240,360,206,144,293,202,337,1,2025-26,Regular Season,Advanced
Players,1630173,Precious Achiuwa,Precious,1610612758,SAC,26.0,14,10,4,0.714,2.2,143.0,136.5,136.5,97.8,92.3,92.3,45.2,44.2,44.2,0.077,0.0,33.3,0.037,0.179,0.109,0.0,0.0,0.5,0.5,0.055,0.059,96.82,102.05,85.05,102.05,0.055,63,2,4,0.1,0.3,0.5,217,132,151,57,301,46,42,42,93,86,86,46,45,45,254,257,46,183,87,121,1,1,175,253,398,399,357,306,306,281,265,286,314,359,119,1,2025-26,Regular Season,Advanced
Players,1629656,Quentin Grimes,Quentin,1610612755,PHI,25.0,30,14,16,0.467,4.2,111.1,109.4,109.4,98.0,100.4,100.4,13.1,9.1,9.1,0.078,2.0,10.9,0.024,0.065,0.046,5.5,5.5,0.529,0.647,0.163,0.17,101.62,101.19,84.32,101.19,0.109,265,15,35,0.5,1.2,0.429,44,80,437,272,35,236,204,204,96,154,154,137,145,145,253,70,257,236,321,328,239,239,158,126,189,201,223,329,329,160,56,54,106,115,198,1,2025-26,Regular Season,Advanced
Players,1631245,Quenton Jackson,Quenton,1610612754,IND,27.0,11,4,7,0.364,2.2,115.3,102.0,102.0,101.0,107.5,107.5,14.3,-5.5,-5.5,0.091,1.0,10.0,0.0,0.129,0.074,10.0,10.2,1.083,1.031,0.167,0.185,99.37,101.56,84.64,101.56,0.221,49,5,6,0.5,0.5,0.833,265,279,251,353,294,195,286,286,124,239,239,129,276,276,229,159,263,289,175,225,325,329,14,23,175,168,295,322,322,29,180,252,141,275,32,1,2025-26,Regular Season,Advanced
Players,1642366,Quinten Post,Quinten,1610612744,GSW,26.0,14,4,10,0.286,1.9,130.0,131.0,131.0,117.8,108.9,108.9,12.2,22.1,22.1,0.125,1.5,27.3,0.05,0.103,0.082,18.2,18.2,0.583,0.583,0.125,0.13,99.88,103.25,86.04,103.25,0.039,58,3,6,0.2,0.4,0.5,217,279,327,385,329,89,59,59,305,259,259,143,81,81,186,121,79,139,231,190,433,433,125,180,277,287,281,277,277,313,231,252,273,313,119,1,2025-26,Regular Season,Advanced
Players,1629628,RJ Barrett,RJ,1610612761,TOR,25.0,19,9,10,0.474,2.7,107.9,104.4,104.4,108.1,103.6,103.6,-0.2,0.8,0.8,0.031,0.2,3.8,0.037,0.088,0.063,19.2,19.1,0.528,0.569,0.2,0.209,100.93,104.75,87.29,104.75,0.056,113,9,18,0.5,0.9,0.5,163,151,327,266,218,280,268,268,197,191,191,238,222,222,325,256,326,183,270,262,441,440,159,189,120,129,247,242,242,279,108,139,132,157,119,1,2025-26,Regular Season,Advanced
Players,1642853,Rasheer Fleming,Rasheer,1610612756,PHX,21.0,2,0,2,0.0,1.3,51.5,40.0,40.0,103.1,80.0,80.0,-51.5,-40.0,-40.0,0.0,0.0,0.0,0.0,0.0,0.0,0.0,0.0,0.0,0.0,0.286,0.32,70.37,90.68,75.57,90.68,-6.0,5,0,1,0.0,0.5,0.0,412,438,86,438,384,456,457,457,142,55,55,434,425,425,334,257,334,289,366,385,1,1,356,379,48,39,474,463,463,484,356,362,356,280,356,1,2025-26,Regular Season,Advanced
Players,1642484,RayJ Dennis,RayJ,1610612737,ATL,25.0,2,0,2,0.0,2.5,70.4,66.7,66.7,111.9,100.0,100.0,-41.5,-33.3,-33.3,1.0,0.0,33.3,0.0,0.0,0.0,0.0,0.0,0.0,0.266,0.154,0.163,105.74,115.78,96.48,115.78,0.0,9,0,1,0.0,0.5,0.0,412,438,86,438,251,441,433,433,248,127,127,423,409,409,1,257,46,289,366,385,1,1,356,363,215,217,114,90,90,367,356,362,356,280,356,1,2025-26,Regular Season,Advanced
Players,1641712,Rayan Rupert,Rayan,1610612763,MEM,21.0,5,4,1,0.8,0.9,161.6,141.7,141.7,125.4,133.3,133.3,36.2,8.3,8.3,0.0,0.0,0.0,0.0,0.25,0.2,0.0,0.0,0.0,0.0,0.0,0.0,120.03,123.74,103.11,123.74,0.0,12,0,0,0.0,0.0,0.0,350,279,36,39,425,27,36,36,372,429,429,58,151,151,334,257,334,289,24,24,1,1,356,379,418,418,38,60,60,367,356,406,356,406,356,2,2025-26,Regular Season,Advanced
Players,1642263,Reed Sheppard,Reed,1610612745,HOU,21.0,33,16,17,0.485,2.9,110.6,113.4,113.4,114.7,105.2,105.2,-4.2,8.2,8.2,0.107,8.0,17.4,0.0,0.044,0.02,2.2,2.2,0.4,0.451,0.141,0.147,100.61,103.15,85.95,103.15,0.031,224,9,30,0.3,0.9,0.3,24,49,452,258,176,241,157,157,276,213,213,266,153,153,215,3,157,289,349,381,198,198,275,297,250,254,261,279,279,333,108,72,240,161,305,1,2025-26,Regular Season,Advanced
Players,1642265,Rob Dillingham,Rob,1610612741,CHI,21.0,2,2,0,1.0,0.7,145.3,166.7,166.7,0.0,0.0,0.0,145.3,166.7,166.7,0.0,0.0,0.0,0.0,0.0,0.0,0.0,0.0,0.0,0.0,0.333,0.291,95.42,105.24,87.7,105.24,-0.2,3,0,1,0.0,0.5,0.0,412,346,1,1,440,44,18,18,1,1,1,13,9,9,334,257,334,289,366,385,1,1,356,379,23,60,378,230,230,471,356,362,356,280,356,2,2025-26,Regular Season,Advanced
Players,1629057,Robert Williams III,Robert,1610612757,POR,28.0,19,9,10,0.474,1.6,114.4,106.3,106.3,137.7,119.7,119.7,-23.3,-13.5,-13.5,0.0,0.0,0.0,0.091,0.29,0.208,10.0,10.2,0.571,0.628,0.143,0.151,101.26,112.94,94.12,112.94,0.126,64,4,7,0.2,0.4,0.571,163,151,327,266,364,204,245,245,421,366,366,367,337,337,334,257,334,67,18,22,325,329,131,143,241,246,233,104,104,127,206,240,276,331,87,1,2025-26,Regular Season,Advanced
Players,1631199,Ron Harper Jr.,Ron,1610612738,BOS,25.0,3,1,2,0.333,0.3,100.0,66.7,66.7,266.0,250.0,250.0,-166.0,-183.3,-183.3,0.0,0.0,0.0,0.0,0.0,0.0,0.0,0.0,0.0,0.0,0.0,0.0,113.79,146.64,122.2,146.64,0.0,3,0,0,0.0,0.0,0.0,390,383,86,365,461,352,433,433,482,481,481,474,477,477,334,257,334,289,366,385,1,1,356,379,418,418,54,33,33,367,356,406,356,406,356,1,2025-26,Regular Season,Advanced
Players,1641842,Ronald Holland II,Ronald,1610612765,DET,20.0,11,5,6,0.455,2.2,102.1,101.9,101.9,97.9,92.9,92.9,4.2,9.0,9.0,0.0,0.0,0.0,0.0,0.333,0.14,7.1,7.6,0.389,0.455,0.209,0.211,104.26,107.18,89.32,107.18,0.089,54,3,9,0.3,0.8,0.333,265,256,225,280,289,337,287,287,94,87,87,195,146,146,334,257,334,289,8,65,271,285,281,293,112,128,143,181,181,210,231,214,240,186,273,1,2025-26,Regular Season,Advanced
Players,1626220,Royce O'Neale,Royce,1610612756,PHX,32.0,31,16,15,0.516,3.3,103.3,99.6,99.6,110.8,109.1,109.1,-7.5,-9.6,-9.6,0.115,2.33,18.9,0.057,0.157,0.102,8.1,8.2,0.44,0.486,0.111,0.119,101.12,103.82,86.51,103.82,0.099,229,8,25,0.3,0.8,0.32,36,49,424,210,113,325,331,331,232,261,261,295,311,311,204,63,137,122,118,134,293,294,250,272,300,312,240,266,266,182,124,91,246,192,294,1,2025-26,Regular Season,Advanced
Players,203497,Rudy Gobert,Rudy,1610612750,MIN,33.0,27,16,11,0.593,3.1,109.9,108.9,108.9,104.8,102.7,102.7,5.2,6.2,6.2,0.034,0.67,7.1,0.11,0.156,0.134,10.7,10.8,0.588,0.594,0.118,0.123,104.31,105.83,88.2,105.83,0.081,190,10,17,0.4,0.6,0.588,72,49,352,136,144,251,207,207,165,178,178,189,174,174,319,215,295,54,121,72,341,347,124,166,293,301,141,211,211,222,93,144,177,241,78,1,2025-26,Regular Season,Advanced
Players,1629060,Rui Hachimura,Rui,1610612747,LAL,28.0,20,15,5,0.75,2.4,132.4,126.0,126.0,107.9,105.2,105.2,24.5,20.8,20.8,0.0,0.0,0.0,0.0,0.058,0.032,0.0,0.0,0.765,0.764,0.15,0.165,98.45,102.3,85.25,102.3,0.098,104,10,17,0.5,0.9,0.588,147,63,183,43,276,79,72,72,195,211,211,90,88,88,334,257,334,289,330,357,1,1,50,59,222,213,324,300,300,184,93,144,106,174,78,1,2025-26,Regular Season,Advanced
Players,201566,Russell Westbrook,Russell,1610612758,SAC,37.0,20,9,11,0.45,3.0,113.8,107.4,107.4,103.8,100.7,100.7,10.0,6.7,6.7,0.229,1.33,20.0,0.046,0.136,0.092,15.0,15.1,0.37,0.429,0.208,0.222,103.16,107.73,89.78,107.73,0.074,135,7,23,0.4,1.2,0.304,147,151,352,283,159,211,226,226,151,159,159,156,170,170,93,138,118,154,161,168,404,407,292,312,114,111,171,164,164,239,146,105,184,117,303,1,2025-26,Regular Season,Advanced
Players,1642346,Ryan Dunn,Ryan,1610612756,PHX,23.0,18,9,9,0.5,0.8,130.2,102.5,102.5,108.1,100.0,100.0,22.1,2.5,2.5,0.0,0.0,0.0,0.083,0.08,0.081,0.0,0.0,1.0,1.0,0.023,0.029,123.69,143.34,119.45,143.34,0.029,40,1,1,0.1,0.1,1.0,172,151,303,213,429,88,283,283,198,127,127,99,201,201,334,257,334,75,283,192,1,1,16,26,417,416,33,35,35,338,309,362,350,405,1,1,2025-26,Regular Season,Advanced
Players,1641750,Ryan Kalkbrenner,Ryan,1610612766,CHA,24.0,14,6,8,0.429,1.3,81.9,73.9,73.9,154.6,140.5,140.5,-72.7,-66.6,-66.6,0.0,0.0,0.0,0.037,0.0,0.024,0.0,0.0,0.75,0.75,0.074,0.086,103.71,114.54,95.45,114.54,0.068,46,3,4,0.2,0.3,0.75,217,233,279,306,385,426,422,422,447,445,445,454,451,451,334,257,334,183,366,375,1,1,51,67,372,368,157,97,97,251,231,286,273,359,37,1,2025-26,Regular Season,Advanced
Players,1642948,Ryan Nembhard,Ryan,1610612742,DAL,23.0,9,4,5,0.444,3.6,91.7,90.3,90.3,125.1,122.8,122.8,-33.3,-32.5,-32.5,0.0,0.0,0.0,0.0,0.08,0.03,0.0,0.0,0.125,0.125,0.105,0.11,85.92,87.39,72.83,87.39,-0.028,62,1,8,0.1,0.9,0.125,284,279,183,292,73,392,382,382,371,388,388,406,403,403,334,257,334,289,283,362,1,1,354,377,317,328,459,473,473,437,309,229,332,165,354,1,2025-26,Regular Season,Advanced
Players,1631157,Ryan Rollins,Ryan,1610612749,MIL,23.0,33,18,15,0.545,3.5,119.5,116.8,116.8,109.8,109.3,109.3,9.7,7.5,7.5,0.243,2.13,20.5,0.064,0.209,0.143,9.6,9.6,0.684,0.695,0.24,0.255,100.14,101.53,84.61,101.53,0.217,238,28,49,0.8,1.5,0.571,24,27,424,177,92,152,127,127,222,263,263,161,160,160,83,69,116,107,46,59,317,316,76,88,86,88,270,324,324,31,14,30,42,71,87,1,2025-26,Regular Season,Advanced
Players,1630180,Saddiq Bey,Saddiq,1610612740,NOP,26.0,36,11,25,0.306,3.6,99.3,97.3,97.3,118.0,113.8,113.8,-18.7,-16.5,-16.5,0.091,1.67,7.7,0.032,0.208,0.12,4.6,4.6,0.6,0.686,0.205,0.216,100.82,103.76,86.46,103.76,0.169,263,24,45,0.7,1.3,0.533,13,115,482,383,82,359,347,347,308,321,321,355,349,349,229,113,284,198,50,97,225,224,115,96,116,117,250,268,268,65,23,37,64,100,104,1,2025-26,Regular Season,Advanced
Players,1630573,Sam Hauser,Sam,1610612738,BOS,28.0,22,11,11,0.5,2.6,115.7,114.0,114.0,102.0,100.0,100.0,13.7,14.0,14.0,0.075,3.0,25.0,0.032,0.07,0.052,8.3,8.4,0.357,0.444,0.059,0.063,100.19,101.92,84.93,101.92,0.036,129,2,7,0.1,0.3,0.286,128,115,352,213,228,191,154,154,129,127,127,135,120,120,260,35,89,199,310,306,294,297,295,301,391,396,269,311,311,322,265,240,338,353,310,1,2025-26,Regular Season,Advanced
Players,1630241,Sam Merrill,Sam,1610612739,CLE,29.0,24,15,9,0.625,3.1,131.4,126.5,126.5,107.7,103.6,103.6,23.7,22.9,22.9,0.017,1.0,4.2,0.012,0.073,0.043,4.2,4.3,0.611,0.688,0.109,0.111,107.62,111.85,93.21,111.85,0.067,181,8,18,0.3,0.8,0.444,105,63,303,100,149,84,68,68,193,190,190,92,78,78,332,159,320,276,303,335,216,219,110,93,311,325,88,114,114,253,124,139,191,207,180,1,2025-26,Regular Season,Advanced
Players,1630572,Sandro Mamukelashvili,Sandro,1610612761,TOR,26.0,16,9,7,0.563,1.7,111.2,106.5,106.5,102.8,100.0,100.0,8.4,6.5,6.5,0.19,2.0,30.8,0.032,0.16,0.089,15.4,14.9,0.5,0.538,0.123,0.136,91.91,95.34,79.45,95.34,0.081,62,3,7,0.2,0.4,0.429,193,151,251,161,355,235,241,241,136,127,127,170,172,172,120,70,66,197,112,175,408,403,175,219,286,276,420,430,430,223,231,240,289,312,198,1,2025-26,Regular Season,Advanced
Players,1630583,Santi Aldama,Santi,1610612763,MEM,25.0,23,9,14,0.391,2.4,100.6,98.2,98.2,111.4,105.5,105.5,-10.8,-7.2,-7.2,0.091,3.0,18.8,0.029,0.167,0.093,6.3,6.1,0.455,0.487,0.092,0.102,101.1,105.26,87.71,105.26,0.061,114,4,11,0.2,0.5,0.364,117,151,411,340,267,347,337,337,241,218,218,319,290,290,229,35,139,210,98,164,253,253,241,270,345,343,241,228,228,270,206,196,299,305,256,1,2025-26,Regular Season,Advanced
Players,1630703,Scoot Henderson,Scoot,1610612757,POR,22.0,8,3,5,0.375,1.8,86.2,84.6,84.6,147.6,131.4,131.4,-61.4,-46.8,-46.8,0.333,2.0,33.3,0.0,0.182,0.087,16.7,15.5,0.5,0.436,0.143,0.167,95.08,102.33,85.27,102.33,0.019,26,1,3,0.1,0.4,0.333,300,308,183,346,341,410,397,397,442,424,424,443,436,436,29,70,46,289,80,181,414,413,175,308,241,205,384,299,299,352,309,306,325,328,273,1,2025-26,Regular Season,Advanced
Players,1630567,Scottie Barnes,Scottie,1610612761,TOR,24.0,35,21,14,0.6,3.3,108.3,107.1,107.1,98.6,96.9,96.9,9.6,10.2,10.2,0.194,1.56,20.3,0.116,0.11,0.113,13.0,13.2,0.529,0.622,0.192,0.196,94.16,95.5,79.59,95.5,0.176,239,18,34,0.5,1.0,0.529,19,7,411,116,114,274,230,230,99,108,108,162,140,140,119,120,117,46,219,108,376,375,156,150,134,146,395,427,427,56,44,56,104,152,107,1,2025-26,Regular Season,Advanced
Players,1630590,Scotty Pippen Jr.,Scotty,1610612763,MEM,25.0,1,0,1,0.0,4.0,101.4,100.0,100.0,134.9,144.4,144.4,-33.5,-44.4,-44.4,1.0,2.0,33.3,0.0,0.0,0.0,16.7,16.7,0.667,0.667,0.4,0.405,111.07,107.96,89.96,107.96,0.065,9,2,3,2.0,3.0,0.667,442,438,36,438,46,342,301,301,412,449,449,407,432,432,1,70,46,289,366,385,414,415,78,109,10,12,63,162,162,259,265,306,4,5,48,1,2025-26,Regular Season,Advanced
Players,203552,Seth Curry,Seth,1610612744,GSW,35.0,3,0,3,0.0,1.0,17.0,16.7,16.7,166.7,166.7,166.7,-149.7,-150.0,-150.0,0.0,0.0,0.0,0.0,0.0,0.0,0.0,0.0,0.0,0.0,0.0,0.0,93.13,94.07,78.39,94.07,0.0,6,0,0,0.0,0.0,0.0,390,438,123,438,416,465,465,465,459,465,465,472,474,474,334,257,334,289,366,385,1,1,356,379,418,418,408,441,441,367,356,406,356,406,356,1,2025-26,Regular Season,Advanced
Players,1631101,Shaedon Sharpe,Shaedon,1610612757,POR,22.0,28,13,15,0.464,2.7,106.9,106.9,106.9,122.7,121.6,121.6,-15.8,-14.6,-14.6,0.053,0.29,4.0,0.013,0.046,0.031,14.0,14.3,0.483,0.588,0.247,0.25,116.65,117.19,97.66,117.19,0.059,173,13,29,0.5,1.0,0.448,61,91,424,275,225,292,235,235,351,381,381,342,345,345,293,249,321,274,347,361,389,392,220,174,83,91,45,80,80,272,73,75,137,129,174,1,2025-26,Regular Season,Advanced
Players,1628983,Shai Gilgeous-Alexander,Shai,1610612760,OKC,27.0,27,20,7,0.741,4.6,129.1,124.9,124.9,97.9,99.2,99.2,31.2,25.7,25.7,0.396,3.0,13.1,0.007,0.107,0.057,4.4,4.4,0.579,0.668,0.438,0.457,99.21,100.3,83.59,100.3,0.309,273,52,101,1.9,3.7,0.515,72,10,251,51,18,94,75,75,95,123,123,74,69,69,18,35,224,288,223,285,222,221,126,108,5,5,302,355,355,16,1,1,6,1,117,1,2025-26,Regular Season,Advanced
Players,1630536,Sharife Cooper,Sharife,1610612764,WAS,24.0,5,4,1,0.8,1.7,182.3,175.0,175.0,87.9,73.3,73.3,94.4,101.7,101.7,0.3,3.0,27.3,0.286,0.286,0.286,9.1,9.7,0.6,0.633,0.333,0.33,87.07,96.07,80.06,96.07,0.228,20,3,5,0.6,1.0,0.6,350,279,36,39,350,19,15,15,60,51,51,26,16,16,45,35,79,12,19,10,307,317,115,137,23,35,454,419,419,26,231,268,80,130,68,1,2025-26,Regular Season,Advanced
Players,1631321,Sidy Cissoko,Sidy,1610612757,POR,22.0,16,10,6,0.625,1.8,131.8,119.4,119.4,108.5,105.5,105.5,23.4,13.9,13.9,0.176,1.5,37.5,0.045,0.071,0.063,25.0,24.0,0.5,0.753,0.068,0.08,111.89,118.96,99.13,118.96,0.045,67,1,2,0.1,0.1,0.5,193,132,225,100,348,81,110,110,206,219,219,94,121,121,127,121,41,155,304,265,460,461,175,65,379,378,60,71,71,297,309,330,347,396,119,1,2025-26,Regular Season,Advanced
Players,1631323,Simone Fontecchio,Simone,1610612748,MIA,30.0,5,2,3,0.4,1.1,136.1,123.1,123.1,164.6,140.0,140.0,-28.5,-16.9,-16.9,0.0,0.0,0.0,0.0,0.0,0.0,0.0,0.0,1.25,1.25,0.143,0.157,106.71,121.85,101.54,121.85,0.118,13,2,2,0.4,0.4,1.0,350,346,123,330,408,68,81,81,456,442,442,385,352,352,334,257,334,289,366,385,1,1,6,6,241,236,103,64,64,145,265,330,165,322,1,1,2025-26,Regular Season,Advanced
Players,1642883,Sion James,Sion,1610612766,CHA,23.0,27,9,18,0.333,2.3,102.2,100.8,100.8,116.8,113.0,113.0,-14.6,-12.3,-12.3,0.158,3.0,42.9,0.015,0.139,0.079,14.3,14.4,0.2,0.34,0.052,0.056,103.2,105.72,88.1,105.72,0.022,132,1,5,0.0,0.2,0.2,72,151,462,365,279,335,297,297,295,310,310,338,331,331,149,35,34,266,157,206,391,394,349,348,400,401,169,215,215,345,309,268,355,386,345,1,2025-26,Regular Season,Advanced
Players,1627746,Skal Labissiere,Skal,1610612764,WAS,30.0,1,1,0,1.0,5.0,205.5,180.0,180.0,127.3,110.0,110.0,78.2,70.0,70.0,0.333,0.0,25.0,0.0,0.0,0.0,0.0,0.0,1.167,1.167,0.25,0.279,82.97,95.36,79.47,95.36,0.291,10,3,3,3.0,3.0,1.0,442,383,1,1,9,13,13,13,382,267,267,31,30,30,29,257,89,289,366,385,1,1,12,11,73,69,463,428,428,17,231,306,1,5,1,1,2025-26,Regular Season,Advanced
Players,1642461,Spencer Jones,Spencer,1610612743,DEN,24.0,20,10,10,0.5,2.8,110.0,107.6,107.6,123.0,119.7,119.7,-13.0,-12.1,-12.1,0.0,0.0,0.0,0.051,0.056,0.053,20.0,20.5,0.667,0.709,0.074,0.078,106.13,108.78,90.65,108.78,-0.002,118,3,6,0.2,0.3,0.5,147,132,327,213,208,249,224,224,355,365,365,328,327,327,334,257,334,137,334,301,442,449,78,82,372,379,108,149,149,422,231,252,309,358,119,1,2025-26,Regular Season,Advanced
Players,201939,Stephen Curry,Stephen,1610612744,GSW,38.0,16,6,10,0.375,3.5,123.1,123.1,123.1,136.9,130.6,130.6,-13.9,-7.4,-7.4,0.148,0.5,5.7,0.0,0.111,0.049,11.4,11.3,0.577,0.627,0.475,0.5,101.15,103.51,86.26,103.51,0.143,121,23,52,1.4,3.3,0.442,193,233,327,346,89,127,80,80,417,421,421,333,293,293,159,222,309,289,212,315,355,352,127,145,3,3,239,271,271,99,28,25,7,4,186,1,2025-26,Regular Season,Advanced
Players,1642264,Stephon Castle,Stephon,1610612759,SAS,21.0,28,16,12,0.571,2.7,115.2,112.8,112.8,126.0,119.9,119.9,-10.8,-7.1,-7.1,0.28,2.33,27.5,0.095,0.067,0.082,11.8,11.9,0.479,0.556,0.179,0.189,102.22,105.87,88.22,105.87,0.069,172,10,24,0.4,0.9,0.417,61,49,373,153,212,197,163,163,376,369,369,321,288,288,56,63,78,64,315,189,361,364,223,204,154,159,200,210,210,248,93,97,181,170,215,1,2025-26,Regular Season,Advanced
Players,203500,Steven Adams,Steven,1610612745,HOU,32.0,14,6,8,0.429,2.9,79.7,83.1,83.1,133.9,128.6,128.6,-54.1,-45.4,-45.4,0.13,1.5,21.4,0.172,0.105,0.146,14.3,14.4,0.25,0.282,0.098,0.099,95.36,95.05,79.21,95.05,0.028,83,2,8,0.1,0.6,0.25,217,233,279,306,183,430,402,402,409,412,412,437,434,434,179,121,107,25,224,58,391,394,338,362,332,347,379,433,433,341,265,229,314,262,323,1,2025-26,Regular Season,Advanced
Players,1629004,Svi Mykhailiuk,Svi,1610612762,UTA,28.0,13,5,8,0.385,3.0,110.9,103.4,103.4,118.7,110.1,110.1,-7.8,-6.7,-6.7,0.125,0.0,27.3,0.048,0.045,0.047,0.0,0.0,0.438,0.438,0.077,0.084,102.84,110.56,92.14,110.56,0.031,88,3,8,0.2,0.6,0.375,234,256,279,343,171,238,279,279,314,272,272,299,284,284,186,257,79,149,348,325,1,1,253,306,365,374,184,125,125,331,231,229,263,250,245,1,2025-26,Regular Season,Advanced
Players,204456,T.J. McConnell,T.J.,1610612754,IND,34.0,5,3,2,0.6,2.8,93.2,93.1,93.1,70.3,74.2,74.2,22.9,18.9,18.9,0.0,0.0,0.0,0.077,0.143,0.118,10.0,10.0,0.333,0.333,0.313,0.323,103.91,101.08,84.23,101.08,0.237,29,3,9,0.6,1.8,0.333,350,308,86,116,187,385,369,369,45,52,52,95,100,100,334,257,334,95,145,101,325,325,309,350,30,37,150,332,332,24,231,214,80,48,273,1,2025-26,Regular Season,Advanced
Players,1643007,Taelon Peter,Taelon,1610612754,IND,24.0,5,1,4,0.2,2.4,68.2,66.7,66.7,125.8,126.7,126.7,-57.6,-60.0,-60.0,0.25,0.5,16.7,0.0,0.0,0.0,33.3,33.3,0.0,0.0,0.217,0.222,99.65,100.2,83.5,100.2,-0.127,21,0,3,0.0,0.6,0.0,350,383,151,420,261,443,433,433,375,404,404,440,447,447,69,222,164,289,366,385,474,474,356,379,101,112,288,358,358,462,356,306,356,254,356,1,2025-26,Regular Season,Advanced
Players,1631106,Tari Eason,Tari,1610612745,HOU,24.0,24,11,13,0.458,2.9,108.1,100.7,100.7,120.4,117.0,117.0,-12.3,-16.3,-16.3,0.125,1.67,20.0,0.113,0.129,0.12,12.0,12.1,0.594,0.592,0.115,0.127,94.6,99.45,82.87,99.45,0.097,144,8,16,0.3,0.7,0.5,105,115,397,279,186,275,299,299,337,349,349,325,348,348,186,113,118,49,175,96,366,368,118,169,296,292,392,370,370,187,124,155,191,230,119,1,2025-26,Regular Season,Advanced
Players,1627752,Taurean Prince,Taurean,1610612749,MIL,32.0,3,1,2,0.333,2.5,139.6,122.2,122.2,103.6,105.0,105.0,36.0,17.2,17.2,0.125,0.0,33.3,0.0,0.0,0.0,0.0,0.0,0.0,0.0,0.091,0.101,113.49,119.66,99.72,119.66,-0.087,18,0,2,0.0,0.7,0.0,390,383,86,365,245,57,88,88,149,209,209,59,106,106,186,257,46,289,366,385,1,1,356,379,347,344,55,68,68,455,356,330,356,230,356,1,2025-26,Regular Season,Advanced
Players,1641707,Taylor Hendricks,Taylor,1610612763,MEM,22.0,11,4,7,0.364,1.3,85.9,77.8,77.8,152.2,148.1,148.1,-66.3,-70.4,-70.4,0.143,0.0,14.3,0.095,0.0,0.071,0.0,0.0,0.333,0.333,0.167,0.191,86.7,92.31,76.92,92.31,0.01,27,2,6,0.2,0.5,0.333,265,279,251,353,390,411,411,411,446,452,452,448,456,456,162,257,202,61,366,233,1,1,309,350,175,153,458,453,453,362,265,252,293,275,273,2,2025-26,Regular Season,Advanced
Players,1629611,Terance Mann,Terance,1610612751,BKN,29.0,20,5,15,0.25,2.3,93.8,92.0,92.0,125.6,122.4,122.4,-31.8,-30.4,-30.4,0.13,1.0,18.8,0.056,0.111,0.081,18.8,17.4,0.5,0.625,0.124,0.144,94.07,96.18,80.15,96.18,0.074,88,4,9,0.2,0.5,0.444,147,256,424,402,280,382,375,375,374,386,386,401,400,400,179,159,139,124,212,194,438,428,175,146,285,262,399,417,417,238,206,214,281,308,180,1,2025-26,Regular Season,Advanced
Players,1630545,Terrence Shannon Jr.,Terrence,1610612750,MIN,25.0,4,4,0,1.0,1.8,149.0,127.8,127.8,50.5,50.0,50.0,98.5,77.8,77.8,0.0,0.0,0.0,0.0,0.222,0.154,33.3,33.3,0.0,0.0,0.158,0.182,105.24,114.39,95.33,114.39,-0.1,18,0,2,0.0,0.5,0.0,371,279,1,1,342,38,66,66,32,33,33,24,27,27,334,257,334,289,37,53,474,474,356,379,205,173,126,99,99,457,356,330,356,280,356,1,2025-26,Regular Season,Advanced
Players,1628418,Thomas Bryant,Thomas,1610612739,CLE,28.0,4,2,2,0.5,0.2,208.3,200.0,200.0,0.0,0.0,0.0,208.3,200.0,200.0,0.5,0.0,100.0,0.0,0.5,0.5,0.0,0.0,0.0,0.0,0.0,0.0,125.49,128.57,107.14,128.57,0.286,3,0,0,0.0,0.0,0.0,371,346,86,213,464,12,7,7,1,1,1,8,6,6,6,257,1,289,3,1,1,1,356,379,418,418,28,48,48,18,356,406,356,406,356,1,2025-26,Regular Season,Advanced
Players,1642275,Tidjane Salaün,Tidjane,1610612766,CHA,20.0,8,1,7,0.125,0.8,159.8,130.8,130.8,141.7,131.6,131.6,18.1,-0.8,-0.8,0.0,0.0,0.0,0.0,0.0,0.0,0.0,0.0,0.0,0.532,0.154,0.177,104.26,117.97,98.31,117.97,0.028,13,0,1,0.0,0.1,0.0,300,383,251,437,432,30,60,60,428,425,425,114,251,251,334,257,334,289,366,385,1,1,356,229,215,187,142,75,75,339,356,362,356,396,356,1,2025-26,Regular Season,Advanced
Players,203501,Tim Hardaway Jr.,Tim,1610612743,DEN,34.0,36,19,17,0.528,3.6,118.9,119.6,119.6,120.3,118.7,118.7,-1.4,0.9,0.9,0.049,4.0,12.1,0.0,0.048,0.025,3.0,3.1,0.577,0.612,0.089,0.094,103.07,103.45,86.21,103.45,0.05,281,12,26,0.3,0.7,0.462,13,15,452,198,79,158,108,108,333,357,357,245,219,219,301,18,238,289,346,374,204,205,127,156,354,355,176,274,274,290,80,88,191,217,168,1,2025-26,Regular Season,Advanced
Players,202699,Tobias Harris,Tobias,1610612765,DET,33.0,27,18,9,0.667,3.7,111.9,113.0,113.0,103.5,103.4,103.4,8.5,9.6,9.6,0.067,2.0,7.0,0.033,0.084,0.057,3.5,3.6,0.511,0.549,0.193,0.199,103.76,103.3,86.08,103.3,0.131,223,21,47,0.8,1.7,0.447,72,27,303,72,66,230,160,160,146,184,184,169,141,141,269,70,298,194,275,284,209,209,167,213,131,143,155,276,276,122,32,34,50,53,179,1,2025-26,Regular Season,Advanced
Players,1642449,Tolu Smith,Tolu,1610612765,DET,25.0,2,0,2,0.0,2.1,79.9,77.8,77.8,111.4,100.0,100.0,-31.5,-22.2,-22.2,0.0,0.0,0.0,0.667,0.0,0.286,50.0,50.0,0.0,0.0,0.182,0.186,98.22,104.98,87.48,104.98,-0.6,9,0,1,0.0,0.5,0.0,412,438,86,438,310,429,411,411,240,127,127,400,369,369,334,257,334,1,366,10,480,480,356,379,148,165,334,237,237,478,356,362,356,280,356,1,2025-26,Regular Season,Advanced
Players,1628396,Tony Bradley,Tony,1610612737,ATL,28.0,6,3,3,0.5,1.0,37.2,44.4,44.4,146.0,130.8,130.8,-108.9,-86.3,-86.3,0.0,0.0,0.0,0.0,0.0,0.0,0.0,0.0,0.0,0.0,0.0,0.0,91.85,90.21,75.17,90.21,-0.1,9,0,0,0.0,0.0,0.0,334,308,123,213,420,462,456,456,436,422,422,469,463,463,334,257,334,289,366,385,1,1,356,379,418,418,421,464,464,457,356,406,356,406,356,1,2025-26,Regular Season,Advanced
Players,1641739,Toumani Camara,Toumani,1610612757,POR,25.0,41,20,21,0.488,3.1,113.5,111.6,111.6,111.7,109.3,109.3,1.8,2.2,2.2,0.118,1.67,22.2,0.031,0.113,0.074,13.3,13.5,0.38,0.473,0.107,0.11,106.89,108.96,90.8,108.96,0.036,285,8,25,0.2,0.6,0.32,2,10,475,256,147,215,179,179,242,264,264,216,204,204,201,113,102,203,211,224,381,382,284,279,314,327,97,144,144,318,124,91,287,252,294,1,2025-26,Regular Season,Advanced
Players,1629027,Trae Young,Trae,1610612764,WAS,27.0,5,1,4,0.2,4.3,117.4,110.6,110.6,137.6,137.3,137.3,-20.1,-26.6,-26.6,0.25,4.0,21.1,0.0,0.0,0.0,5.3,5.4,0.222,0.522,0.3,0.318,106.96,110.16,91.8,110.16,0.088,47,2,9,0.4,1.8,0.222,350,383,151,420,29,175,189,189,420,439,439,359,381,381,69,18,111,289,366,385,234,236,348,239,39,41,95,131,131,212,265,214,165,48,340,1,2025-26,Regular Season,Advanced
Players,1631218,Trayce Jackson-Davis,Trayce,1610612761,TOR,26.0,4,1,3,0.25,0.5,87.2,60.0,60.0,147.1,133.3,133.3,-59.8,-73.3,-73.3,0.0,0.0,0.0,0.0,0.667,0.4,0.0,0.0,1.0,1.042,0.2,0.419,109.01,135.04,112.53,135.04,0.348,5,1,1,0.3,0.3,1.0,371,383,123,402,448,406,445,445,440,429,429,442,459,459,334,257,334,289,2,4,1,1,16,20,120,10,77,40,40,10,309,362,247,368,1,2,2025-26,Regular Season,Advanced
Players,1642848,Tre Johnson,Tre,1610612764,WAS,20.0,11,4,7,0.364,3.0,94.7,97.3,97.3,105.3,104.0,104.0,-10.7,-6.7,-6.7,0.143,3.0,21.4,0.045,0.023,0.034,7.1,7.2,0.111,0.152,0.131,0.131,107.7,106.95,89.12,106.95,-0.046,73,1,9,0.1,0.8,0.111,265,279,251,353,160,377,349,349,174,197,197,318,285,285,162,35,107,155,361,354,271,275,355,373,267,285,87,186,186,447,309,214,338,186,355,1,2025-26,Regular Season,Advanced
Players,1630200,Tre Jones,Tre,1610612741,CHI,26.0,31,16,15,0.516,3.6,116.0,112.1,112.1,112.3,110.7,110.7,3.7,1.4,1.4,0.208,3.75,23.4,0.026,0.101,0.064,6.3,6.4,0.636,0.712,0.176,0.181,103.0,105.58,87.99,105.58,0.142,248,21,33,0.7,1.1,0.636,36,49,424,210,75,185,171,171,254,277,277,203,215,215,103,27,100,227,237,258,253,256,95,80,160,176,180,219,219,103,32,60,63,127,62,1,2025-26,Regular Season,Advanced
Players,1630544,Tre Mann,Tre,1610612766,CHA,25.0,4,0,4,0.0,3.1,65.7,65.4,65.4,131.8,125.0,125.0,-66.1,-59.6,-59.6,0.167,0.33,9.1,0.059,0.222,0.115,27.3,27.3,0.286,0.286,0.333,0.335,94.71,97.36,81.14,97.36,-0.012,26,2,7,0.5,1.8,0.286,371,438,151,438,152,446,440,440,398,398,398,447,446,446,130,242,271,112,37,104,470,470,331,360,23,30,390,409,409,424,265,240,106,51,310,1,2025-26,Regular Season,Advanced
Players,1630570,Trendon Watford,Trendon,1610612755,PHI,25.0,6,6,0,1.0,2.5,166.1,156.8,156.8,70.2,64.5,64.5,95.9,92.2,92.2,0.158,0.0,75.0,0.0,0.15,0.1,0.0,0.0,0.0,1.136,0.024,0.022,102.96,110.43,92.03,110.43,0.101,37,0,0,0.0,0.0,0.0,334,233,1,1,256,24,23,23,44,42,42,25,23,23,149,257,10,289,135,138,1,1,356,12,416,417,182,127,127,176,356,406,356,406,356,1,2025-26,Regular Season,Advanced
Players,1630286,Trevon Scott,Trevon,1610612751,BKN,29.0,1,1,0,1.0,2.6,238.1,233.3,233.3,60.0,60.0,60.0,178.1,173.3,173.3,0.2,0.0,100.0,0.5,0.0,0.25,0.0,0.0,0.0,0.0,0.0,0.0,102.4,103.53,86.27,103.53,0.086,6,0,0,0.0,0.0,0.0,442,383,1,1,238,5,5,5,36,40,40,9,8,8,110,257,1,4,366,14,1,1,356,379,418,418,195,270,270,214,356,406,356,406,356,1,2025-26,Regular Season,Advanced
Players,1641725,Trey Alexander,Trey,1610612740,NOP,22.0,1,0,1,0.0,1.8,77.3,75.0,75.0,66.7,66.7,66.7,10.7,8.3,8.3,0.0,0.0,0.0,0.0,0.0,0.0,0.0,0.0,1.0,1.0,0.25,0.258,92.59,94.21,78.5,94.21,1.0,4,1,1,1.0,1.0,1.0,442,438,36,438,342,433,418,418,38,43,43,151,151,151,334,257,334,289,366,385,1,1,16,26,73,87,415,440,440,2,309,362,21,130,1,1,2025-26,Regular Season,Advanced
Players,1641998,Trey Jemison III,Trey,1610612752,NYK,26.0,2,2,0,1.0,0.2,266.0,250.0,250.0,0.0,0.0,0.0,266.0,250.0,250.0,0.0,0.0,0.0,0.0,0.0,0.0,0.0,0.0,0.0,0.0,0.0,0.0,195.36,251.75,209.79,251.75,0.0,2,0,0,0.0,0.0,0.0,412,346,1,1,463,2,2,2,1,1,1,2,2,2,334,257,334,289,366,385,1,1,356,379,418,418,10,16,16,367,356,406,356,406,356,1,2025-26,Regular Season,Advanced
Players,1630530,Trey Murphy III,Trey,1610612740,NOP,25.0,37,11,26,0.297,3.9,100.8,99.3,99.3,123.1,119.7,119.7,-22.2,-20.4,-20.4,0.104,2.0,11.8,0.028,0.102,0.063,5.9,5.9,0.478,0.579,0.181,0.19,100.92,103.11,85.93,103.11,0.081,294,18,46,0.5,1.2,0.391,9,115,484,384,56,344,332,332,356,367,367,365,364,364,219,70,243,218,232,264,245,247,225,183,151,157,248,280,280,221,44,35,127,104,238,1,2025-26,Regular Season,Advanced
Players,1641774,Tristan Vukcevic,Tristan,1610612764,WAS,23.0,3,1,2,0.333,2.0,90.1,80.0,80.0,158.0,141.7,141.7,-67.9,-61.7,-61.7,0.0,0.0,0.0,0.0,0.0,0.0,0.0,0.0,0.0,0.0,0.1,0.113,78.32,87.73,73.11,87.73,-0.049,10,0,1,0.0,0.3,0.0,390,383,86,365,320,399,407,407,450,446,446,449,449,449,334,257,334,289,366,385,1,1,356,379,326,321,471,472,472,449,356,362,356,335,356,1,2025-26,Regular Season,Advanced
Players,1641783,Tristan da Silva,Tristan,1610612753,ORL,24.0,26,15,11,0.577,3.5,107.1,108.0,108.0,106.2,103.8,103.8,0.9,4.2,4.2,0.038,0.5,6.5,0.05,0.108,0.08,12.9,13.3,0.643,0.685,0.132,0.135,98.46,99.15,82.63,99.15,0.131,187,11,21,0.4,0.8,0.524,89,63,352,150,97,290,217,217,182,194,194,218,189,189,316,222,304,146,221,197,375,377,92,97,265,281,322,376,376,121,85,116,154,190,111,1,2025-26,Regular Season,Advanced
Players,1629660,Ty Jerome,Ty,1610612763,MEM,28.0,2,0,2,0.0,1.3,133.3,100.0,100.0,186.2,175.0,175.0,-52.8,-75.0,-75.0,1.0,0.0,25.0,0.0,0.0,0.0,0.0,0.0,0.333,0.333,0.6,0.75,61.61,72.91,60.76,72.91,0.0,4,1,3,0.5,1.5,0.333,412,438,86,438,386,76,301,301,466,470,470,436,461,461,1,257,89,289,366,385,1,1,309,350,1,1,477,481,481,367,309,306,106,69,273,1,2025-26,Regular Season,Advanced
Players,1631174,Tyler Burton,Tyler,1610612763,MEM,26.0,3,2,1,0.667,1.2,60.1,55.6,55.6,130.9,111.1,111.1,-70.8,-55.6,-55.6,0.0,0.0,0.0,0.0,0.0,0.0,0.0,0.0,0.0,0.0,0.111,0.12,104.37,117.71,98.09,117.71,-0.429,9,0,1,0.0,0.3,0.0,390,346,36,72,400,452,450,450,394,281,281,453,442,442,334,257,334,289,366,385,1,1,356,379,300,307,140,79,79,476,356,362,356,335,356,1,2025-26,Regular Season,Advanced
Players,1629639,Tyler Herro,Tyler,1610612748,MIA,26.0,14,6,8,0.429,2.7,123.0,114.6,114.6,117.4,112.5,112.5,5.6,2.1,2.1,0.087,1.0,9.1,0.0,0.068,0.039,9.1,9.2,0.625,0.676,0.22,0.234,103.27,109.2,91.0,109.2,0.124,82,8,16,0.6,1.1,0.5,217,233,279,306,221,128,146,146,301,303,303,186,208,208,238,159,271,289,313,345,307,308,100,102,99,99,167,139,139,131,124,155,89,119,119,1,2025-26,Regular Season,Advanced
Players,1642278,Tyler Kolek,Tyler,1610612752,NYK,25.0,7,4,3,0.571,2.1,129.9,132.4,132.4,95.3,88.6,88.6,34.6,43.9,43.9,0.2,0.0,42.9,0.059,0.1,0.081,0.0,0.0,0.625,0.625,0.089,0.091,114.86,117.74,98.11,117.74,0.108,37,2,4,0.3,0.6,0.5,309,279,123,153,308,90,55,55,80,73,73,61,46,46,110,257,34,112,238,192,1,1,100,146,355,362,52,77,77,162,265,286,226,262,119,1,2025-26,Regular Season,Advanced
Players,1631213,Tyrese Martin,Tyrese,1610612755,PHI,27.0,7,2,5,0.286,1.0,62.7,66.7,66.7,168.6,153.3,153.3,-105.9,-86.7,-86.7,0.0,0.0,0.0,0.083,0.167,0.111,0.0,0.0,0.75,0.75,0.125,0.127,88.14,90.15,75.12,90.15,0.091,12,1,2,0.1,0.3,0.5,309,346,183,385,415,448,433,433,462,457,457,468,464,464,334,257,334,75,98,111,1,1,51,67,277,293,451,466,466,202,309,330,314,359,119,2,2025-26,Regular Season,Advanced
Players,1630178,Tyrese Maxey,Tyrese,1610612755,PHI,25.0,35,19,16,0.543,4.5,114.8,111.7,111.7,97.0,99.4,99.4,17.8,12.3,12.3,0.387,2.64,17.9,0.0,0.079,0.044,6.8,6.8,0.505,0.593,0.362,0.384,98.71,98.79,82.33,98.79,0.211,324,46,99,1.3,2.8,0.465,19,15,437,183,20,200,177,177,91,126,126,116,130,130,19,54,151,289,288,329,268,268,174,168,16,16,313,384,384,36,4,2,9,9,167,1,2025-26,Regular Season,Advanced
Players,1642878,Tyrese Proctor,Tyrese,1610612739,CLE,22.0,3,1,2,0.333,0.7,94.0,83.3,83.3,50.0,40.0,40.0,44.0,43.3,43.3,0.0,0.0,0.0,0.333,0.0,0.167,0.0,0.0,0.0,0.0,0.143,0.158,106.51,125.71,104.76,125.71,-0.077,6,0,1,0.0,0.3,0.0,390,383,86,365,439,380,400,400,30,30,30,47,48,48,334,257,334,9,366,42,1,1,356,379,241,228,105,55,55,454,356,362,356,335,356,1,2025-26,Regular Season,Advanced
Players,1630623,Tyson Etienne,Tyson,1610612751,BKN,26.0,2,0,2,0.0,2.4,132.2,137.5,137.5,162.1,158.3,158.3,-29.9,-20.8,-20.8,0.0,0.0,0.0,0.0,0.2,0.091,0.0,0.0,1.5,1.5,0.1,0.097,99.13,98.94,82.45,98.94,0.143,8,1,1,0.5,0.5,1.0,412,438,86,438,263,80,39,39,453,459,459,391,365,365,334,257,334,289,52,169,1,1,1,1,326,350,304,381,381,100,309,362,106,280,1,1,2025-26,Regular Season,Advanced
Players,1626145,Tyus Jones,Tyus,1610612743,DEN,29.0,10,5,5,0.5,1.7,83.6,74.2,74.2,107.0,110.0,110.0,-23.4,-35.8,-35.8,0.286,0.0,50.0,0.0,0.2,0.088,0.0,0.0,0.0,0.0,0.059,0.066,83.49,87.26,72.72,87.26,0.043,31,0,2,0.0,0.2,0.0,278,256,183,213,359,421,420,420,187,267,267,368,416,416,48,257,12,289,52,177,1,1,356,379,392,394,462,474,474,300,356,330,356,380,356,2,2025-26,Regular Season,Advanced
Players,1642845,VJ Edgecombe,VJ,1610612755,PHI,20.0,37,22,15,0.595,4.1,121.3,118.8,118.8,95.4,97.1,97.1,25.9,21.7,21.7,0.085,1.33,12.1,0.054,0.131,0.095,9.1,9.3,0.717,0.718,0.16,0.166,98.35,98.55,82.13,98.55,0.136,319,27,46,0.7,1.2,0.587,9,6,424,134,40,136,118,118,81,111,111,82,85,85,242,138,238,130,170,157,307,309,62,77,199,212,328,388,388,111,18,35,59,104,80,1,2025-26,Regular Season,Advanced
Players,1641705,Victor Wembanyama,Victor,1610612759,SAS,22.0,25,15,10,0.6,3.2,120.0,118.9,118.9,119.8,111.3,111.3,0.2,7.6,7.6,0.146,1.5,7.5,0.053,0.226,0.134,5.0,5.1,0.51,0.56,0.344,0.356,99.92,103.97,86.64,103.97,0.185,180,23,52,0.9,2.1,0.442,96,63,327,116,136,147,117,117,330,289,289,224,159,159,160,121,290,132,34,71,229,233,170,201,20,24,278,263,263,47,28,25,33,30,186,1,2025-26,Regular Season,Advanced
Players,1631246,Vince Williams Jr.,Vince,1610612762,UTA,25.0,10,6,4,0.6,3.2,103.2,100.0,100.0,97.8,94.2,94.2,5.4,5.8,5.8,0.421,2.67,36.4,0.059,0.132,0.097,13.6,14.2,0.688,0.735,0.197,0.191,97.66,101.07,84.22,101.07,0.184,64,4,8,0.4,0.8,0.5,278,233,151,116,143,327,301,301,92,95,95,187,177,177,15,50,44,112,168,149,385,391,73,72,129,152,346,333,333,48,206,229,165,193,119,1,2025-26,Regular Season,Advanced
Players,1630249,Vít Krejčí,Vít,1610612757,POR,25.0,16,7,9,0.438,2.5,120.4,114.1,114.1,105.3,98.1,98.1,15.1,16.1,16.1,0.094,1.5,30.0,0.049,0.085,0.068,20.0,20.0,0.8,0.8,0.069,0.075,108.07,115.11,95.92,115.11,0.045,92,3,5,0.2,0.3,0.6,193,204,303,301,244,142,152,152,173,115,115,126,111,111,224,121,70,148,274,246,442,442,44,49,378,383,86,93,93,296,231,268,289,355,68,2,2025-26,Regular Season,Advanced
Players,1631117,Walker Kessler,Walker,1610612762,UTA,24.0,3,1,2,0.333,4.3,137.4,120.7,120.7,118.9,113.3,113.3,18.5,7.4,7.4,0.0,0.0,0.0,0.385,0.188,0.276,0.0,0.0,0.5,0.694,0.086,0.091,100.68,109.84,91.53,109.84,0.157,29,1,2,0.3,0.7,0.5,390,383,86,365,27,62,99,99,318,316,316,110,162,162,334,257,334,8,70,13,1,1,175,89,358,363,258,134,134,81,309,330,191,230,119,1,2025-26,Regular Season,Advanced
Players,1642383,Walter Clayton Jr.,Walter,1610612763,MEM,23.0,16,9,7,0.563,2.8,118.4,112.1,112.1,120.2,119.1,119.1,-1.8,-7.0,-7.0,0.258,8.0,34.8,0.02,0.143,0.075,4.3,4.3,0.5,0.5,0.128,0.139,101.17,104.46,87.05,104.46,0.095,99,5,14,0.3,0.9,0.357,193,151,251,161,205,166,169,169,331,362,362,248,287,287,63,3,45,245,145,223,220,220,175,253,273,273,238,248,248,192,180,172,217,169,264,2,2025-26,Regular Season,Advanced
Players,1628976,Wendell Carter Jr.,Wendell,1610612753,ORL,26.0,39,25,14,0.641,4.2,106.9,107.5,107.5,105.1,105.2,105.2,1.8,2.3,2.3,0.081,2.0,13.1,0.095,0.153,0.124,6.6,6.5,0.591,0.69,0.129,0.137,102.23,101.88,84.9,101.88,0.123,346,19,33,0.5,0.8,0.576,6,2,411,97,36,291,225,225,167,215,215,215,202,202,247,70,225,64,128,90,260,261,122,91,269,275,199,314,314,132,39,60,126,175,85,1,2025-26,Regular Season,Advanced
Players,1631111,Wendell Moore Jr.,Wendell,1610612765,DET,24.0,1,1,0,1.0,0.7,300.0,300.0,300.0,0.0,0.0,0.0,300.0,300.0,300.0,0.0,0.0,0.0,0.0,0.0,0.0,0.0,0.0,0.0,0.0,0.0,0.0,66.98,66.98,55.81,66.98,0.0,2,0,0,0.0,0.0,0.0,442,383,1,1,437,1,1,1,1,1,1,1,1,1,334,257,334,289,366,385,1,1,356,379,418,418,476,482,482,367,356,406,356,406,356,1,2025-26,Regular Season,Advanced
Players,1642954,Will Richard,Will,1610612744,GSW,23.0,16,9,7,0.563,2.4,112.1,109.8,109.8,114.9,109.0,109.0,-2.8,0.8,0.8,0.061,1.0,20.0,0.0,0.079,0.042,20.0,21.2,0.5,0.551,0.084,0.085,98.35,102.0,85.0,102.0,0.007,82,2,5,0.1,0.3,0.4,193,151,251,161,277,227,201,201,277,260,260,260,223,223,279,159,118,289,289,338,442,454,175,209,359,370,329,309,309,366,265,268,325,355,226,1,2025-26,Regular Season,Advanced
Players,1642860,Will Riley,Will,1610612764,WAS,20.0,9,2,7,0.222,2.2,137.4,122.0,122.0,166.3,151.1,151.1,-29.0,-29.2,-29.2,0.071,1.0,14.3,0.083,0.0,0.037,14.3,14.5,1.0,1.025,0.14,0.153,95.7,106.5,88.75,106.5,0.039,41,3,4,0.3,0.4,0.75,284,346,251,415,300,62,93,93,458,455,455,388,394,394,263,159,202,75,366,348,391,400,16,24,254,243,375,197,197,311,231,286,191,310,37,1,2025-26,Regular Season,Advanced
Players,1630214,Xavier Tillman,Xavier,1610612766,CHA,27.0,3,2,1,0.667,1.1,77.3,66.7,66.7,219.9,158.3,158.3,-142.6,-91.7,-91.7,0.5,0.0,50.0,0.286,0.0,0.222,0.0,0.0,0.0,0.0,0.091,0.102,115.48,147.87,123.23,147.87,0.0,9,0,1,0.0,0.3,0.0,390,346,36,72,405,433,433,433,475,459,459,471,466,466,6,257,12,12,366,16,1,1,356,379,347,342,48,32,32,367,356,362,356,335,356,1,2025-26,Regular Season,Advanced
Players,1642949,Yanic Konan Niederhäuser,Yanic Konan,1610612746,LAC,23.0,2,1,1,0.5,2.6,60.7,54.5,54.5,111.1,111.1,111.1,-50.4,-56.6,-56.6,0.0,0.0,0.0,0.0,0.0,0.0,0.0,0.0,0.0,0.0,0.077,0.092,88.01,93.23,77.7,93.23,0.0,11,0,1,0.0,0.5,0.0,412,383,36,213,233,450,452,452,237,281,281,433,444,444,334,257,334,289,366,385,1,1,356,379,365,361,452,448,448,367,356,362,356,280,356,1,2025-26,Regular Season,Advanced
Players,1642530,Yuki Kawamura,Yuki,1610612741,CHI,24.0,1,1,0,1.0,1.1,233.3,233.3,233.3,0.0,0.0,0.0,233.3,233.3,233.3,0.0,0.0,0.0,0.0,0.5,0.5,0.0,0.0,0.0,0.0,0.0,0.0,98.51,133.13,110.94,133.13,0.133,3,0,0,0.0,0.0,0.0,442,383,1,1,413,6,5,5,1,1,1,5,5,5,334,257,334,289,3,1,1,1,356,379,418,418,319,44,44,117,356,406,356,406,356,1,2025-26,Regular Season,Advanced
Players,1642274,Yves Missi,Yves,1610612740,NOP,21.0,20,4,16,0.2,2.3,92.2,87.0,87.0,113.4,111.3,111.3,-21.2,-24.4,-24.4,0.13,0.75,20.0,0.078,0.143,0.108,26.7,26.9,0.429,0.508,0.11,0.119,94.61,98.22,81.85,98.22,0.054,92,3,7,0.2,0.4,0.429,147,279,437,420,281,391,392,392,261,290,290,362,371,371,179,212,118,93,145,123,469,469,259,249,308,310,391,391,391,283,231,240,309,332,198,1,2025-26,Regular Season,Advanced
Players,1642258,Zaccharie Risacher,Zaccharie,1610612737,ATL,20.0,9,5,4,0.556,2.2,110.8,110.6,110.6,98.4,91.5,91.5,12.5,19.1,19.1,0.0,0.0,0.0,0.0,0.15,0.067,14.3,14.5,0.7,0.595,0.125,0.13,109.11,113.16,94.3,113.16,0.034,47,3,5,0.3,0.6,0.6,284,256,151,166,292,239,189,189,98,85,85,141,98,98,334,257,334,289,135,249,391,400,66,165,277,288,75,103,103,327,231,268,191,270,68,1,2025-26,Regular Season,Advanced
Players,1628380,Zach Collins,Zach,1610612741,CHI,28.0,4,3,1,0.75,2.0,163.9,141.2,141.2,142.9,152.9,152.9,21.1,-11.8,-11.8,0.429,3.0,50.0,0.5,0.222,0.308,16.7,16.7,1.0,1.0,0.158,0.18,97.1,100.53,83.78,100.53,0.171,17,2,2,0.5,0.5,1.0,371,308,36,43,315,26,37,37,432,456,456,102,324,324,14,35,12,4,37,9,414,415,16,26,205,178,355,346,346,62,265,330,106,280,1,1,2025-26,Regular Season,Advanced
Players,1641744,Zach Edey,Zach,1610612763,MEM,23.0,7,5,2,0.714,3.7,122.5,118.0,118.0,88.7,83.7,83.7,33.8,34.3,34.3,0.063,0.5,7.7,0.174,0.235,0.211,15.4,16.1,0.667,0.689,0.211,0.207,88.27,92.61,77.18,92.61,0.189,50,6,9,0.9,1.3,0.667,309,256,86,57,70,132,123,123,62,61,61,65,56,56,273,222,284,24,30,21,408,414,78,92,108,132,450,452,452,44,164,214,37,93,48,1,2025-26,Regular Season,Advanced
Players,203897,Zach LaVine,Zach,1610612758,SAC,31.0,14,5,9,0.357,3.3,90.3,89.2,89.2,131.9,122.0,122.0,-41.7,-32.8,-32.8,0.053,0.25,3.7,0.018,0.122,0.063,14.8,14.9,0.4,0.46,0.248,0.263,94.78,99.18,82.65,99.18,0.014,93,7,20,0.5,1.4,0.35,217,256,303,361,115,396,385,385,400,384,384,424,405,405,293,251,328,254,195,265,402,404,275,289,82,80,388,375,375,358,146,121,106,76,268,1,2025-26,Regular Season,Advanced
Players,1630192,Zeke Nnaji,Zeke,1610612743,DEN,25.0,9,8,1,0.889,2.1,84.4,82.9,82.9,88.6,84.1,84.1,-4.2,-1.2,-1.2,0.111,1.0,16.7,0.05,0.182,0.132,16.7,18.4,0.833,0.872,0.104,0.103,103.05,106.77,88.97,106.77,0.238,41,2,3,0.2,0.3,0.667,284,180,36,36,303,416,403,403,61,62,62,267,253,253,206,159,164,139,80,76,414,435,39,40,319,341,177,189,189,23,265,306,267,335,48,1,2025-26,Regular Season,Advanced
Players,1630533,Ziaire Williams,Ziaire,1610612751,BKN,24.0,11,2,9,0.182,3.6,102.2,100.0,100.0,111.2,111.0,111.0,-8.9,-11.0,-11.0,0.043,1.0,8.3,0.023,0.111,0.067,8.3,8.5,0.5,0.615,0.12,0.125,103.02,104.19,86.82,104.19,0.101,80,3,8,0.3,0.7,0.375,265,346,303,428,78,334,301,301,238,279,279,305,319,319,308,159,280,237,212,248,294,299,175,153,292,298,178,257,257,174,231,229,240,213,245,1,2025-26,Regular Season,Advanced
Players,1629627,Zion Williamson,Zion,1610612740,NOP,25.0,32,9,23,0.281,3.2,100.7,98.7,98.7,131.8,125.2,125.2,-31.1,-26.5,-26.5,0.188,0.9,10.8,0.045,0.089,0.065,12.0,11.9,0.412,0.515,0.289,0.312,103.58,107.41,89.51,107.41,0.085,226,21,51,0.7,1.6,0.412,29,151,479,396,132,346,335,335,399,401,401,399,380,380,121,206,258,159,268,256,368,365,270,243,46,45,159,177,177,215,32,27,69,63,220,1,2025-26,Regular Season,Advanced
