PLAYER_ID,PLAYER_NAME_LAST_FIRST,SORT_ORDER,GP,G,TOUCH_TIME_RANGE,FGA_FREQUENCY,FGM,FGA,FG_PCT,EFG_PCT,FG2A_FREQUENCY,FG2M,FG2A,FG2_PCT,FG3A_FREQUENCY,FG3M,FG3A,FG3_PCT,SEASON,SEASON_TYPE
1630639,"Lawson, A.J.",1,19,12,Touch < 2 Seconds,0.821,23,46,0.5,0.663,0.232,8,13,0.615,0.589,15,33,0.455,2025-26,Regular Season
1630639,"Lawson, A.J.",2,19,9,Touch 2-6 Seconds,0.179,3,10,0.3,0.3,0.179,3,10,0.3,0.0,0,0,,2025-26,Regular Season
1631260,"Green, AJ",1,73,72,Touch < 2 Seconds,0.811,181,443,0.409,0.599,0.038,12,21,0.571,0.773,169,422,0.4,2025-26,Regular Season
1631260,"Green, AJ",2,73,50,Touch 2-6 Seconds,0.176,43,96,0.448,0.599,0.059,14,32,0.438,0.117,29,64,0.453,2025-26,Regular Season
1631260,"Green, AJ",3,73,6,Touch 6+ Seconds,0.013,3,7,0.429,0.5,0.009,2,5,0.4,0.004,1,2,0.5,2025-26,Regular Season
1642358,"Johnson, AJ",1,44,12,Touch < 2 Seconds,0.414,8,24,0.333,0.396,0.103,5,6,0.833,0.31,3,18,0.167,2025-26,Regular Season
1642358,"Johnson, AJ",2,44,10,Touch 2-6 Seconds,0.431,6,25,0.24,0.26,0.379,5,22,0.227,0.052,1,3,0.333,2025-26,Regular Season
1642358,"Johnson, AJ",3,44,6,Touch 6+ Seconds,0.155,4,9,0.444,0.444,0.121,4,7,0.571,0.034,0,2,0.0,2025-26,Regular Season
203932,"Gordon, Aaron",1,33,32,Touch < 2 Seconds,0.546,122,200,0.61,0.71,0.309,82,113,0.726,0.238,40,87,0.46,2025-26,Regular Season
203932,"Gordon, Aaron",2,33,27,Touch 2-6 Seconds,0.265,39,97,0.402,0.469,0.158,26,58,0.448,0.107,13,39,0.333,2025-26,Regular Season
203932,"Gordon, Aaron",3,33,31,Touch 6+ Seconds,0.189,20,69,0.29,0.312,0.145,17,53,0.321,0.044,3,16,0.188,2025-26,Regular Season
1628988,"Holiday, Aaron",1,52,42,Touch < 2 Seconds,0.62,56,142,0.394,0.585,0.031,2,7,0.286,0.59,54,135,0.4,2025-26,Regular Season
1628988,"Holiday, Aaron",2,52,33,Touch 2-6 Seconds,0.218,20,50,0.4,0.42,0.183,18,42,0.429,0.035,2,8,0.25,2025-26,Regular Season
1628988,"Holiday, Aaron",3,52,20,Touch 6+ Seconds,0.162,16,37,0.432,0.459,0.122,14,28,0.5,0.039,2,9,0.222,2025-26,Regular Season
1630174,"Nesmith, Aaron",1,45,44,Touch < 2 Seconds,0.561,123,287,0.429,0.598,0.09,26,46,0.565,0.471,97,241,0.402,2025-26,Regular Season
1630174,"Nesmith, Aaron",2,45,45,Touch 2-6 Seconds,0.424,86,217,0.396,0.415,0.357,78,183,0.426,0.066,8,34,0.235,2025-26,Regular Season
1630174,"Nesmith, Aaron",3,45,7,Touch 6+ Seconds,0.016,3,8,0.375,0.375,0.012,3,6,0.5,0.004,0,2,0.0,2025-26,Regular Season
1630598,"Wiggins, Aaron",1,60,58,Touch < 2 Seconds,0.538,119,273,0.436,0.573,0.134,44,68,0.647,0.404,75,205,0.366,2025-26,Regular Season
1630598,"Wiggins, Aaron",2,60,52,Touch 2-6 Seconds,0.353,84,179,0.469,0.5,0.282,73,143,0.51,0.071,11,36,0.306,2025-26,Regular Season
1630598,"Wiggins, Aaron",3,60,32,Touch 6+ Seconds,0.108,17,55,0.309,0.355,0.081,12,41,0.293,0.028,5,14,0.357,2025-26,Regular Season
1642846,"Bailey, Ace",1,69,66,Touch < 2 Seconds,0.653,236,531,0.444,0.546,0.277,128,225,0.569,0.376,108,306,0.353,2025-26,Regular Season
1642846,"Bailey, Ace",2,69,65,Touch 2-6 Seconds,0.304,108,247,0.437,0.468,0.242,93,197,0.472,0.062,15,50,0.3,2025-26,Regular Season
1642846,"Bailey, Ace",3,69,23,Touch 6+ Seconds,0.043,15,35,0.429,0.486,0.034,11,28,0.393,0.009,4,7,0.571,2025-26,Regular Season
1642380,"Bal, Adama",1,4,3,Touch < 2 Seconds,0.762,7,16,0.438,0.594,0.19,2,4,0.5,0.571,5,12,0.417,2025-26,Regular Season
1642380,"Bal, Adama",2,4,2,Touch 2-6 Seconds,0.238,1,5,0.2,0.2,0.19,1,4,0.25,0.048,0,1,0.0,2025-26,Regular Season
1641737,"Bona, Adem",1,67,61,Touch < 2 Seconds,0.796,101,164,0.616,0.622,0.767,99,158,0.627,0.029,2,6,0.333,2025-26,Regular Season
1641737,"Bona, Adem",2,67,30,Touch 2-6 Seconds,0.194,20,40,0.5,0.5,0.194,20,40,0.5,0.0,0,0,,2025-26,Regular Season
1641737,"Bona, Adem",3,67,2,Touch 6+ Seconds,0.01,1,2,0.5,0.5,0.01,1,2,0.5,0.0,0,0,,2025-26,Regular Season
1642876,"Thiero, Adou",1,21,7,Touch < 2 Seconds,0.455,4,10,0.4,0.4,0.409,4,9,0.444,0.045,0,1,0.0,2025-26,Regular Season
1642876,"Thiero, Adou",2,21,7,Touch 2-6 Seconds,0.545,6,12,0.5,0.5,0.545,6,12,0.5,0.0,0,0,,2025-26,Regular Season
1642349,"Mitchell, Ajay",1,54,53,Touch < 2 Seconds,0.322,76,182,0.418,0.536,0.094,33,53,0.623,0.228,43,129,0.333,2025-26,Regular Season
1642349,"Mitchell, Ajay",2,54,53,Touch 2-6 Seconds,0.399,120,226,0.531,0.553,0.366,110,207,0.531,0.034,10,19,0.526,2025-26,Regular Season
1642349,"Mitchell, Ajay",3,54,51,Touch 6+ Seconds,0.279,81,158,0.513,0.532,0.244,75,138,0.543,0.035,6,20,0.3,2025-26,Regular Season
201143,"Horford, Al",1,43,43,Touch < 2 Seconds,0.819,102,245,0.416,0.551,0.197,36,59,0.61,0.622,66,186,0.355,2025-26,Regular Season
201143,"Horford, Al",2,43,29,Touch 2-6 Seconds,0.151,21,45,0.467,0.489,0.13,19,39,0.487,0.02,2,6,0.333,2025-26,Regular Season
201143,"Horford, Al",3,43,9,Touch 6+ Seconds,0.03,3,9,0.333,0.333,0.03,3,9,0.333,0.0,0,0,,2025-26,Regular Season
1630828,"Antetokounmpo, Alex",1,3,1,Touch < 2 Seconds,1.0,0,1,0.0,0.0,0.0,0,0,,1.0,0,1,0.0,2025-26,Regular Season
1627936,"Caruso, Alex",1,53,52,Touch < 2 Seconds,0.734,85,213,0.399,0.509,0.186,38,54,0.704,0.548,47,159,0.296,2025-26,Regular Season
1627936,"Caruso, Alex",2,53,33,Touch 2-6 Seconds,0.228,33,66,0.5,0.523,0.183,30,53,0.566,0.045,3,13,0.231,2025-26,Regular Season
1627936,"Caruso, Alex",3,53,8,Touch 6+ Seconds,0.038,4,11,0.364,0.364,0.034,4,10,0.4,0.003,0,1,0.0,2025-26,Regular Season
1631457,"Morales, Alex",2,1,1,Touch 2-6 Seconds,1.0,1,2,0.5,0.5,1.0,1,2,0.5,0.0,0,0,,2025-26,Regular Season
1642259,"Sarr, Alex",1,48,48,Touch < 2 Seconds,0.58,192,377,0.509,0.569,0.38,147,247,0.595,0.2,45,130,0.346,2025-26,Regular Season
1642259,"Sarr, Alex",2,48,48,Touch 2-6 Seconds,0.375,111,244,0.455,0.459,0.358,109,233,0.468,0.017,2,11,0.182,2025-26,Regular Season
1642259,"Sarr, Alex",3,48,22,Touch 6+ Seconds,0.045,9,29,0.31,0.345,0.035,7,23,0.304,0.009,2,6,0.333,2025-26,Regular Season
1642918,"Martin, Alijah",1,20,7,Touch < 2 Seconds,0.524,9,22,0.409,0.5,0.167,5,7,0.714,0.357,4,15,0.267,2025-26,Regular Season
1642918,"Martin, Alijah",2,20,7,Touch 2-6 Seconds,0.333,5,14,0.357,0.357,0.262,5,11,0.455,0.071,0,3,0.0,2025-26,Regular Season
1642918,"Martin, Alijah",3,20,4,Touch 6+ Seconds,0.143,1,6,0.167,0.167,0.119,1,5,0.2,0.024,0,1,0.0,2025-26,Regular Season
1631214,"Williams, Alondes",1,4,4,Touch < 2 Seconds,0.808,12,21,0.571,0.69,0.308,7,8,0.875,0.5,5,13,0.385,2025-26,Regular Season
1631214,"Williams, Alondes",2,4,2,Touch 2-6 Seconds,0.154,3,4,0.75,0.75,0.115,3,3,1.0,0.038,0,1,0.0,2025-26,Regular Season
1631214,"Williams, Alondes",3,4,1,Touch 6+ Seconds,0.038,1,1,1.0,1.0,0.038,1,1,1.0,0.0,0,0,,2025-26,Regular Season
1630578,"Sengun, Alperen",1,68,66,Touch < 2 Seconds,0.357,197,370,0.532,0.573,0.265,167,274,0.609,0.093,30,96,0.313,2025-26,Regular Season
1630578,"Sengun, Alperen",2,68,66,Touch 2-6 Seconds,0.407,221,421,0.525,0.532,0.39,215,404,0.532,0.016,6,17,0.353,2025-26,Regular Season
1630578,"Sengun, Alperen",3,68,64,Touch 6+ Seconds,0.236,122,244,0.5,0.506,0.23,119,238,0.5,0.006,3,6,0.5,2025-26,Regular Season
1642873,"Williams, Amari",1,21,8,Touch < 2 Seconds,0.842,8,16,0.5,0.5,0.842,8,16,0.5,0.0,0,0,,2025-26,Regular Season
1642873,"Williams, Amari",2,21,3,Touch 2-6 Seconds,0.158,1,3,0.333,0.333,0.158,1,3,0.333,0.0,0,0,,2025-26,Regular Season
1641708,"Thompson, Amen",1,75,73,Touch < 2 Seconds,0.468,253,447,0.566,0.591,0.365,231,349,0.662,0.103,22,98,0.224,2025-26,Regular Season
1641708,"Thompson, Amen",2,75,71,Touch 2-6 Seconds,0.272,119,260,0.458,0.462,0.261,117,249,0.47,0.012,2,11,0.182,2025-26,Regular Season
1641708,"Thompson, Amen",3,75,70,Touch 6+ Seconds,0.26,127,248,0.512,0.512,0.259,127,247,0.514,0.001,0,1,0.0,2025-26,Regular Season
1629599,"Coffey, Amir",1,43,9,Touch < 2 Seconds,0.514,9,19,0.474,0.632,0.108,3,4,0.75,0.405,6,15,0.4,2025-26,Regular Season
1629599,"Coffey, Amir",2,43,8,Touch 2-6 Seconds,0.486,9,18,0.5,0.5,0.459,9,17,0.529,0.027,0,1,0.0,2025-26,Regular Season
1643158,"Garcia, Andersson",1,5,5,Touch < 2 Seconds,0.724,5,21,0.238,0.262,0.276,4,8,0.5,0.448,1,13,0.077,2025-26,Regular Season
1643158,"Garcia, Andersson",2,5,4,Touch 2-6 Seconds,0.276,4,8,0.5,0.5,0.276,4,8,0.5,0.0,0,0,,2025-26,Regular Season
203083,"Drummond, Andre",1,58,55,Touch < 2 Seconds,0.852,128,260,0.492,0.548,0.59,99,180,0.55,0.262,29,80,0.363,2025-26,Regular Season
203083,"Drummond, Andre",2,58,27,Touch 2-6 Seconds,0.141,15,43,0.349,0.36,0.131,14,40,0.35,0.01,1,3,0.333,2025-26,Regular Season
203083,"Drummond, Andre",3,58,2,Touch 6+ Seconds,0.007,0,2,0.0,0.0,0.007,0,2,0.0,0.0,0,0,,2025-26,Regular Season
1641748,"Jackson Jr., Andre",1,44,26,Touch < 2 Seconds,0.638,20,60,0.333,0.425,0.223,9,21,0.429,0.415,11,39,0.282,2025-26,Regular Season
1641748,"Jackson Jr., Andre",2,44,16,Touch 2-6 Seconds,0.298,9,28,0.321,0.357,0.202,7,19,0.368,0.096,2,9,0.222,2025-26,Regular Season
1641748,"Jackson Jr., Andre",3,44,5,Touch 6+ Seconds,0.064,2,6,0.333,0.417,0.043,1,4,0.25,0.021,1,2,0.5,2025-26,Regular Season
1629614,"Nembhard, Andrew",1,57,56,Touch < 2 Seconds,0.286,87,215,0.405,0.547,0.054,26,41,0.634,0.231,61,174,0.351,2025-26,Regular Season
1629614,"Nembhard, Andrew",2,57,57,Touch 2-6 Seconds,0.469,167,353,0.473,0.521,0.355,133,267,0.498,0.114,34,86,0.395,2025-26,Regular Season
1629614,"Nembhard, Andrew",3,57,56,Touch 6+ Seconds,0.246,79,185,0.427,0.459,0.198,67,149,0.45,0.048,12,36,0.333,2025-26,Regular Season
203952,"Wiggins, Andrew",1,63,63,Touch < 2 Seconds,0.537,203,417,0.487,0.616,0.191,95,148,0.642,0.347,108,269,0.401,2025-26,Regular Season
203952,"Wiggins, Andrew",2,63,63,Touch 2-6 Seconds,0.39,150,303,0.495,0.526,0.348,131,270,0.485,0.043,19,33,0.576,2025-26,Regular Season
203952,"Wiggins, Andrew",3,63,32,Touch 6+ Seconds,0.072,16,56,0.286,0.286,0.063,16,49,0.327,0.009,0,7,0.0,2025-26,Regular Season
1629014,"Simons, Anfernee",1,55,6,Touch < 2 Seconds,0.463,13,37,0.351,0.5,0.025,2,2,1.0,0.438,11,35,0.314,2025-26,Regular Season
1629014,"Simons, Anfernee",2,55,6,Touch 2-6 Seconds,0.288,12,23,0.522,0.587,0.175,9,14,0.643,0.113,3,9,0.333,2025-26,Regular Season
1629014,"Simons, Anfernee",3,55,6,Touch 6+ Seconds,0.25,10,20,0.5,0.55,0.175,8,14,0.571,0.075,2,6,0.333,2025-26,Regular Season
1641710,"Black, Anthony",1,60,58,Touch < 2 Seconds,0.466,162,341,0.475,0.581,0.194,90,142,0.634,0.272,72,199,0.362,2025-26,Regular Season
1641710,"Black, Anthony",2,60,59,Touch 2-6 Seconds,0.416,140,304,0.461,0.492,0.321,121,235,0.515,0.094,19,69,0.275,2025-26,Regular Season
1641710,"Black, Anthony",3,60,42,Touch 6+ Seconds,0.118,29,86,0.337,0.366,0.097,24,71,0.338,0.021,5,15,0.333,2025-26,Regular Season
1630162,"Edwards, Anthony",1,60,57,Touch < 2 Seconds,0.21,127,249,0.51,0.681,0.056,42,67,0.627,0.153,85,182,0.467,2025-26,Regular Season
1630162,"Edwards, Anthony",2,60,58,Touch 2-6 Seconds,0.412,244,490,0.498,0.563,0.258,180,306,0.588,0.155,64,184,0.348,2025-26,Regular Season
1630162,"Edwards, Anthony",3,60,58,Touch 6+ Seconds,0.378,213,449,0.474,0.528,0.273,165,324,0.509,0.105,48,125,0.384,2025-26,Regular Season
1630264,"Gill, Anthony",1,49,36,Touch < 2 Seconds,0.714,76,125,0.608,0.656,0.497,64,87,0.736,0.217,12,38,0.316,2025-26,Regular Season
1630264,"Gill, Anthony",2,49,27,Touch 2-6 Seconds,0.28,31,49,0.633,0.643,0.269,30,47,0.638,0.011,1,2,0.5,2025-26,Regular Season
1630264,"Gill, Anthony",3,49,1,Touch 6+ Seconds,0.006,1,1,1.0,1.0,0.006,1,1,1.0,0.0,0,0,,2025-26,Regular Season
1641810,"Reeves, Antonio",1,10,6,Touch < 2 Seconds,0.8,8,16,0.5,0.719,0.15,1,3,0.333,0.65,7,13,0.538,2025-26,Regular Season
1641810,"Reeves, Antonio",2,10,3,Touch 2-6 Seconds,0.2,2,4,0.5,0.5,0.2,2,4,0.5,0.0,0,0,,2025-26,Regular Season
1630574,"Hukporti, Ariel",1,52,25,Touch < 2 Seconds,0.818,33,54,0.611,0.62,0.758,32,50,0.64,0.061,1,4,0.25,2025-26,Regular Season
1630574,"Hukporti, Ariel",2,52,12,Touch 2-6 Seconds,0.182,2,12,0.167,0.167,0.182,2,12,0.167,0.0,0,0,,2025-26,Regular Season
1642854,"Newell, Asa",1,42,35,Touch < 2 Seconds,0.807,63,121,0.521,0.632,0.347,36,52,0.692,0.46,27,69,0.391,2025-26,Regular Season
1642854,"Newell, Asa",2,42,16,Touch 2-6 Seconds,0.193,18,29,0.621,0.621,0.193,18,29,0.621,0.0,0,0,,2025-26,Regular Season
1641709,"Thompson, Ausar",1,68,67,Touch < 2 Seconds,0.497,155,270,0.574,0.583,0.459,150,249,0.602,0.039,5,21,0.238,2025-26,Regular Season
1641709,"Thompson, Ausar",2,68,62,Touch 2-6 Seconds,0.392,102,213,0.479,0.481,0.389,101,211,0.479,0.004,1,2,0.5,2025-26,Regular Season
1641709,"Thompson, Ausar",3,68,40,Touch 6+ Seconds,0.11,23,60,0.383,0.383,0.11,23,60,0.383,0.0,0,0,,2025-26,Regular Season
1630559,"Reaves, Austin",1,51,49,Touch < 2 Seconds,0.272,100,207,0.483,0.645,0.054,33,41,0.805,0.218,67,166,0.404,2025-26,Regular Season
1630559,"Reaves, Austin",2,51,51,Touch 2-6 Seconds,0.342,142,260,0.546,0.6,0.233,114,177,0.644,0.109,28,83,0.337,2025-26,Regular Season
1630559,"Reaves, Austin",3,51,50,Touch 6+ Seconds,0.386,131,294,0.446,0.485,0.283,108,215,0.502,0.104,23,79,0.291,2025-26,Regular Season
1630245,"Dosunmu, Ayo",1,66,19,Touch < 2 Seconds,0.475,46,94,0.489,0.628,0.167,20,33,0.606,0.308,26,61,0.426,2025-26,Regular Season
1630245,"Dosunmu, Ayo",2,66,19,Touch 2-6 Seconds,0.439,48,87,0.552,0.563,0.404,46,80,0.575,0.035,2,7,0.286,2025-26,Regular Season
1630245,"Dosunmu, Ayo",3,66,10,Touch 6+ Seconds,0.086,10,17,0.588,0.618,0.076,9,15,0.6,0.01,1,2,0.5,2025-26,Regular Season
1628389,"Adebayo, Bam",1,68,68,Touch < 2 Seconds,0.539,259,579,0.447,0.537,0.228,155,245,0.633,0.311,104,334,0.311,2025-26,Regular Season
1628389,"Adebayo, Bam",2,68,68,Touch 2-6 Seconds,0.372,182,400,0.455,0.47,0.34,170,366,0.464,0.032,12,34,0.353,2025-26,Regular Season
1628389,"Adebayo, Bam",3,68,49,Touch 6+ Seconds,0.089,31,96,0.323,0.328,0.085,30,91,0.33,0.005,1,5,0.2,2025-26,Regular Season
1631248,"Scheierman, Baylor",1,72,61,Touch < 2 Seconds,0.692,84,198,0.424,0.601,0.063,14,18,0.778,0.629,70,180,0.389,2025-26,Regular Season
1631248,"Scheierman, Baylor",2,72,42,Touch 2-6 Seconds,0.29,43,83,0.518,0.584,0.196,32,56,0.571,0.094,11,27,0.407,2025-26,Regular Season
1631248,"Scheierman, Baylor",3,72,5,Touch 6+ Seconds,0.017,2,5,0.4,0.4,0.014,2,4,0.5,0.003,0,1,0.0,2025-26,Regular Season
1642879,"Saraf, Ben",1,40,35,Touch < 2 Seconds,0.38,31,93,0.333,0.403,0.131,18,32,0.563,0.249,13,61,0.213,2025-26,Regular Season
1642879,"Saraf, Ben",2,40,31,Touch 2-6 Seconds,0.31,33,76,0.434,0.447,0.273,31,67,0.463,0.037,2,9,0.222,2025-26,Regular Season
1642879,"Saraf, Ben",3,40,29,Touch 6+ Seconds,0.31,30,76,0.395,0.401,0.294,29,72,0.403,0.016,1,4,0.25,2025-26,Regular Season
1641767,"Sheppard, Ben",1,65,64,Touch < 2 Seconds,0.747,121,284,0.426,0.565,0.176,42,67,0.627,0.571,79,217,0.364,2025-26,Regular Season
1641767,"Sheppard, Ben",2,65,44,Touch 2-6 Seconds,0.221,40,84,0.476,0.494,0.192,37,73,0.507,0.029,3,11,0.273,2025-26,Regular Season
1641767,"Sheppard, Ben",3,65,10,Touch 6+ Seconds,0.032,5,12,0.417,0.458,0.029,4,11,0.364,0.003,1,1,1.0,2025-26,Regular Season
1631097,"Mathurin, Bennedict",1,49,21,Touch < 2 Seconds,0.275,43,77,0.558,0.584,0.182,39,51,0.765,0.093,4,26,0.154,2025-26,Regular Season
1631097,"Mathurin, Bennedict",2,49,21,Touch 2-6 Seconds,0.479,54,134,0.403,0.433,0.368,46,103,0.447,0.111,8,31,0.258,2025-26,Regular Season
1631097,"Mathurin, Bennedict",3,49,21,Touch 6+ Seconds,0.246,26,69,0.377,0.391,0.204,24,57,0.421,0.043,2,12,0.167,2025-26,Regular Season
203078,"Beal, Bradley",1,6,6,Touch < 2 Seconds,0.542,13,26,0.5,0.635,0.25,6,12,0.5,0.292,7,14,0.5,2025-26,Regular Season
203078,"Beal, Bradley",2,6,6,Touch 2-6 Seconds,0.375,4,18,0.222,0.222,0.271,4,13,0.308,0.104,0,5,0.0,2025-26,Regular Season
203078,"Beal, Bradley",3,6,3,Touch 6+ Seconds,0.083,1,4,0.25,0.25,0.083,1,4,0.25,0.0,0,0,,2025-26,Regular Season
1642382,"Carlson, Branden",1,38,34,Touch < 2 Seconds,0.899,67,124,0.54,0.621,0.457,47,63,0.746,0.442,20,61,0.328,2025-26,Regular Season
1642382,"Carlson, Branden",2,38,11,Touch 2-6 Seconds,0.101,5,14,0.357,0.393,0.094,4,13,0.308,0.007,1,1,1.0,2025-26,Regular Season
1641764,"Podziemski, Brandin",1,77,77,Touch < 2 Seconds,0.466,167,368,0.454,0.594,0.136,64,107,0.598,0.331,103,261,0.395,2025-26,Regular Season
1641764,"Podziemski, Brandin",2,77,76,Touch 2-6 Seconds,0.374,133,295,0.451,0.495,0.272,107,215,0.498,0.101,26,80,0.325,2025-26,Regular Season
1641764,"Podziemski, Brandin",3,77,63,Touch 6+ Seconds,0.16,56,126,0.444,0.48,0.117,47,92,0.511,0.043,9,34,0.265,2025-26,Regular Season
1629634,"Clarke, Brandon",1,2,2,Touch < 2 Seconds,0.667,3,6,0.5,0.5,0.667,3,6,0.5,0.0,0,0,,2025-26,Regular Season
1629634,"Clarke, Brandon",2,2,2,Touch 2-6 Seconds,0.333,0,3,0.0,0.0,0.333,0,3,0.0,0.0,0,0,,2025-26,Regular Season
1627742,"Ingram, Brandon",1,72,70,Touch < 2 Seconds,0.375,202,444,0.455,0.578,0.14,93,166,0.56,0.235,109,278,0.392,2025-26,Regular Season
1627742,"Ingram, Brandon",2,72,70,Touch 2-6 Seconds,0.422,238,500,0.476,0.489,0.382,225,452,0.498,0.041,13,48,0.271,2025-26,Regular Season
1627742,"Ingram, Brandon",3,72,67,Touch 6+ Seconds,0.203,120,240,0.5,0.506,0.197,117,233,0.502,0.006,3,7,0.429,2025-26,Regular Season
1641706,"Miller, Brandon",1,61,60,Touch < 2 Seconds,0.493,217,475,0.457,0.609,0.118,72,114,0.632,0.374,145,361,0.402,2025-26,Regular Season
1641706,"Miller, Brandon",2,61,60,Touch 2-6 Seconds,0.341,137,329,0.416,0.473,0.239,100,230,0.435,0.103,37,99,0.374,2025-26,Regular Season
1641706,"Miller, Brandon",3,61,56,Touch 6+ Seconds,0.166,66,160,0.413,0.444,0.133,56,128,0.438,0.033,10,32,0.313,2025-26,Regular Season
1630314,"Williams, Brandon",1,65,61,Touch < 2 Seconds,0.277,60,165,0.364,0.452,0.077,31,46,0.674,0.2,29,119,0.244,2025-26,Regular Season
1630314,"Williams, Brandon",2,65,62,Touch 2-6 Seconds,0.388,124,231,0.537,0.55,0.356,118,212,0.557,0.032,6,19,0.316,2025-26,Regular Season
1630314,"Williams, Brandon",3,65,60,Touch 6+ Seconds,0.334,96,199,0.482,0.485,0.313,95,186,0.511,0.022,1,13,0.077,2025-26,Regular Season
1641729,"Sensabaugh, Brice",1,72,68,Touch < 2 Seconds,0.538,178,428,0.416,0.554,0.128,60,102,0.588,0.41,118,326,0.362,2025-26,Regular Season
1641729,"Sensabaugh, Brice",2,72,68,Touch 2-6 Seconds,0.375,153,298,0.513,0.55,0.289,131,230,0.57,0.086,22,68,0.324,2025-26,Regular Season
1641729,"Sensabaugh, Brice",3,72,32,Touch 6+ Seconds,0.087,35,69,0.507,0.572,0.067,26,53,0.491,0.02,9,16,0.563,2025-26,Regular Season
1642355,"James, Bronny",1,37,20,Touch < 2 Seconds,0.425,16,37,0.432,0.554,0.149,7,13,0.538,0.276,9,24,0.375,2025-26,Regular Season
1642355,"James, Bronny",2,37,20,Touch 2-6 Seconds,0.379,11,33,0.333,0.409,0.23,6,20,0.3,0.149,5,13,0.385,2025-26,Regular Season
1642355,"James, Bronny",3,37,9,Touch 6+ Seconds,0.195,7,17,0.412,0.441,0.161,6,14,0.429,0.034,1,3,0.333,2025-26,Regular Season
201572,"Lopez, Brook",1,70,67,Touch < 2 Seconds,0.706,146,349,0.418,0.553,0.18,52,89,0.584,0.526,94,260,0.362,2025-26,Regular Season
201572,"Lopez, Brook",2,70,55,Touch 2-6 Seconds,0.269,57,133,0.429,0.462,0.209,48,103,0.466,0.061,9,30,0.3,2025-26,Regular Season
201572,"Lopez, Brook",3,70,9,Touch 6+ Seconds,0.024,6,12,0.5,0.5,0.022,6,11,0.545,0.002,0,1,0.0,2025-26,Regular Season
1642964,"Barnhizer, Brooks",1,37,17,Touch < 2 Seconds,0.667,14,34,0.412,0.485,0.333,9,17,0.529,0.333,5,17,0.294,2025-26,Regular Season
1642964,"Barnhizer, Brooks",2,37,12,Touch 2-6 Seconds,0.294,5,15,0.333,0.333,0.294,5,15,0.333,0.0,0,0,,2025-26,Regular Season
1642964,"Barnhizer, Brooks",3,37,2,Touch 6+ Seconds,0.039,0,2,0.0,0.0,0.039,0,2,0.0,0.0,0,0,,2025-26,Regular Season
1628971,"Brown, Bruce",1,77,75,Touch < 2 Seconds,0.616,146,299,0.488,0.574,0.351,95,170,0.559,0.266,51,129,0.395,2025-26,Regular Season
1628971,"Brown, Bruce",2,77,62,Touch 2-6 Seconds,0.282,61,137,0.445,0.453,0.272,59,132,0.447,0.01,2,5,0.4,2025-26,Regular Season
1628971,"Brown, Bruce",3,77,35,Touch 6+ Seconds,0.101,22,49,0.449,0.459,0.093,21,45,0.467,0.008,1,4,0.25,2025-26,Regular Season
1631121,"McGowens, Bryce",1,42,35,Touch < 2 Seconds,0.477,54,113,0.478,0.633,0.118,19,28,0.679,0.359,35,85,0.412,2025-26,Regular Season
1631121,"McGowens, Bryce",2,42,31,Touch 2-6 Seconds,0.414,45,98,0.459,0.464,0.401,44,95,0.463,0.013,1,3,0.333,2025-26,Regular Season
1631121,"McGowens, Bryce",3,42,21,Touch 6+ Seconds,0.11,15,26,0.577,0.615,0.089,13,21,0.619,0.021,2,5,0.4,2025-26,Regular Season
1642267,"Carrington, Bub",1,76,69,Touch < 2 Seconds,0.336,88,223,0.395,0.563,0.048,13,32,0.406,0.288,75,191,0.393,2025-26,Regular Season
1642267,"Carrington, Bub",2,76,74,Touch 2-6 Seconds,0.438,131,291,0.45,0.552,0.23,72,153,0.471,0.208,59,138,0.428,2025-26,Regular Season
1642267,"Carrington, Bub",3,76,65,Touch 6+ Seconds,0.226,58,150,0.387,0.437,0.155,43,103,0.417,0.071,15,47,0.319,2025-26,Regular Season
1631205,"Boeheim, Buddy",1,4,2,Touch < 2 Seconds,1.0,2,6,0.333,0.5,0.0,0,0,,1.0,2,6,0.333,2025-26,Regular Season
1627741,"Hield, Buddy",1,50,4,Touch < 2 Seconds,0.714,1,5,0.2,0.2,0.143,1,1,1.0,0.571,0,4,0.0,2025-26,Regular Season
1627741,"Hield, Buddy",2,50,1,Touch 2-6 Seconds,0.143,0,1,0.0,0.0,0.0,0,0,,0.143,0,1,0.0,2025-26,Regular Season
1627741,"Hield, Buddy",3,50,1,Touch 6+ Seconds,0.143,0,1,0.0,0.0,0.0,0,0,,0.143,0,1,0.0,2025-26,Regular Season
1643047,"Huntley, CJ",1,2,1,Touch < 2 Seconds,1.0,1,2,0.5,0.5,1.0,1,2,0.5,0.0,0,0,,2025-26,Regular Season
203468,"McCollum, CJ",1,73,37,Touch < 2 Seconds,0.315,73,177,0.412,0.551,0.068,24,38,0.632,0.247,49,139,0.353,2025-26,Regular Season
203468,"McCollum, CJ",2,73,37,Touch 2-6 Seconds,0.399,110,224,0.491,0.542,0.292,87,164,0.53,0.107,23,60,0.383,2025-26,Regular Season
203468,"McCollum, CJ",3,73,37,Touch 6+ Seconds,0.286,70,161,0.435,0.466,0.214,60,120,0.5,0.073,10,41,0.244,2025-26,Regular Season
1630595,"Cunningham, Cade",1,61,59,Touch < 2 Seconds,0.201,95,227,0.419,0.513,0.074,52,84,0.619,0.126,43,143,0.301,2025-26,Regular Season
1630595,"Cunningham, Cade",2,61,61,Touch 2-6 Seconds,0.423,241,478,0.504,0.551,0.321,196,363,0.54,0.102,45,115,0.391,2025-26,Regular Season
1630595,"Cunningham, Cade",3,61,60,Touch 6+ Seconds,0.377,189,426,0.444,0.482,0.295,156,334,0.467,0.081,33,92,0.359,2025-26,Regular Season
1631216,"Houstan, Caleb",1,18,11,Touch < 2 Seconds,0.96,13,24,0.542,0.771,0.12,2,3,0.667,0.84,11,21,0.524,2025-26,Regular Season
1631216,"Houstan, Caleb",2,18,1,Touch 2-6 Seconds,0.04,0,1,0.0,0.0,0.04,0,1,0.0,0.0,0,0,,2025-26,Regular Season
1631126,"Love, Caleb",1,47,45,Touch < 2 Seconds,0.484,86,236,0.364,0.513,0.057,16,28,0.571,0.426,70,208,0.337,2025-26,Regular Season
1631126,"Love, Caleb",2,47,43,Touch 2-6 Seconds,0.324,61,158,0.386,0.43,0.219,47,107,0.439,0.105,14,51,0.275,2025-26,Regular Season
1631126,"Love, Caleb",3,47,39,Touch 6+ Seconds,0.193,43,94,0.457,0.505,0.129,34,63,0.54,0.064,9,31,0.29,2025-26,Regular Season
1628997,"Martin, Caleb",1,58,43,Touch < 2 Seconds,0.505,39,95,0.411,0.511,0.239,20,45,0.444,0.266,19,50,0.38,2025-26,Regular Season
1628997,"Martin, Caleb",2,58,36,Touch 2-6 Seconds,0.335,33,63,0.524,0.532,0.303,32,57,0.561,0.032,1,6,0.167,2025-26,Regular Season
1628997,"Martin, Caleb",3,58,18,Touch 6+ Seconds,0.16,13,30,0.433,0.433,0.16,13,30,0.433,0.0,0,0,,2025-26,Regular Season
1642353,"Christie, Cam",1,51,37,Touch < 2 Seconds,0.553,30,73,0.411,0.493,0.258,18,34,0.529,0.295,12,39,0.308,2025-26,Regular Season
1642353,"Christie, Cam",2,51,27,Touch 2-6 Seconds,0.356,18,47,0.383,0.383,0.311,18,41,0.439,0.045,0,6,0.0,2025-26,Regular Season
1642353,"Christie, Cam",3,51,9,Touch 6+ Seconds,0.091,3,12,0.25,0.25,0.061,3,8,0.375,0.03,0,4,0.0,2025-26,Regular Season
1642285,"Spencer, Cam",1,71,68,Touch < 2 Seconds,0.436,119,240,0.496,0.675,0.102,33,56,0.589,0.335,86,184,0.467,2025-26,Regular Season
1642285,"Spencer, Cam",2,71,68,Touch 2-6 Seconds,0.415,107,228,0.469,0.575,0.224,59,123,0.48,0.191,48,105,0.457,2025-26,Regular Season
1642285,"Spencer, Cam",3,71,50,Touch 6+ Seconds,0.149,33,82,0.402,0.463,0.087,23,48,0.479,0.062,10,34,0.294,2025-26,Regular Season
1630560,"Thomas, Cam",1,42,13,Touch < 2 Seconds,0.209,11,32,0.344,0.406,0.085,7,13,0.538,0.124,4,19,0.211,2025-26,Regular Season
1630560,"Thomas, Cam",2,42,17,Touch 2-6 Seconds,0.497,28,76,0.368,0.388,0.373,25,57,0.439,0.124,3,19,0.158,2025-26,Regular Season
1630560,"Thomas, Cam",3,42,12,Touch 6+ Seconds,0.294,27,45,0.6,0.678,0.209,20,32,0.625,0.085,7,13,0.538,2025-26,Regular Season
1641715,"Whitmore, Cam",1,21,19,Touch < 2 Seconds,0.408,39,69,0.565,0.63,0.266,30,45,0.667,0.142,9,24,0.375,2025-26,Regular Season
1641715,"Whitmore, Cam",2,21,21,Touch 2-6 Seconds,0.515,36,87,0.414,0.448,0.361,30,61,0.492,0.154,6,26,0.231,2025-26,Regular Season
1641715,"Whitmore, Cam",3,21,8,Touch 6+ Seconds,0.077,2,13,0.154,0.192,0.041,1,7,0.143,0.036,1,6,0.167,2025-26,Regular Season
1629661,"Johnson, Cameron",1,51,51,Touch < 2 Seconds,0.717,149,317,0.47,0.615,0.219,57,97,0.588,0.498,92,220,0.418,2025-26,Regular Season
1629661,"Johnson, Cameron",2,51,41,Touch 2-6 Seconds,0.247,51,109,0.468,0.509,0.208,42,92,0.457,0.038,9,17,0.529,2025-26,Regular Season
1629661,"Johnson, Cameron",3,51,13,Touch 6+ Seconds,0.036,8,16,0.5,0.563,0.029,6,13,0.462,0.007,2,3,0.667,2025-26,Regular Season
1626166,"Payne, Cameron",1,21,14,Touch < 2 Seconds,0.322,18,47,0.383,0.543,0.041,3,6,0.5,0.281,15,41,0.366,2025-26,Regular Season
1626166,"Payne, Cameron",2,21,17,Touch 2-6 Seconds,0.377,20,55,0.364,0.464,0.137,9,20,0.45,0.24,11,35,0.314,2025-26,Regular Season
1626166,"Payne, Cameron",3,21,19,Touch 6+ Seconds,0.301,17,44,0.386,0.455,0.171,11,25,0.44,0.13,6,19,0.316,2025-26,Regular Season
1627747,"LeVert, Caris",1,56,53,Touch < 2 Seconds,0.423,67,155,0.432,0.565,0.104,26,38,0.684,0.32,41,117,0.35,2025-26,Regular Season
1627747,"LeVert, Caris",2,56,49,Touch 2-6 Seconds,0.383,61,140,0.436,0.468,0.292,52,107,0.486,0.09,9,33,0.273,2025-26,Regular Season
1627747,"LeVert, Caris",3,56,37,Touch 6+ Seconds,0.194,27,71,0.38,0.43,0.131,20,48,0.417,0.063,7,23,0.304,2025-26,Regular Season
1642868,"Bryant, Carter",1,66,54,Touch < 2 Seconds,0.73,67,170,0.394,0.509,0.189,28,44,0.636,0.541,39,126,0.31,2025-26,Regular Season
1642868,"Bryant, Carter",2,66,37,Touch 2-6 Seconds,0.258,21,60,0.35,0.375,0.219,18,51,0.353,0.039,3,9,0.333,2025-26,Regular Season
1642868,"Bryant, Carter",3,66,3,Touch 6+ Seconds,0.013,2,3,0.667,0.667,0.013,2,3,0.667,0.0,0,0,,2025-26,Regular Season
1641717,"Wallace, Cason",1,74,74,Touch < 2 Seconds,0.544,132,306,0.431,0.569,0.117,48,66,0.727,0.426,84,240,0.35,2025-26,Regular Season
1641717,"Wallace, Cason",2,74,70,Touch 2-6 Seconds,0.298,81,168,0.482,0.503,0.256,74,144,0.514,0.043,7,24,0.292,2025-26,Regular Season
1641717,"Wallace, Cason",3,74,43,Touch 6+ Seconds,0.158,31,89,0.348,0.371,0.139,27,78,0.346,0.02,4,11,0.364,2025-26,Regular Season
1642907,"Coward, Cedric",1,60,59,Touch < 2 Seconds,0.52,139,319,0.436,0.544,0.171,70,105,0.667,0.349,69,214,0.322,2025-26,Regular Season
1642907,"Coward, Cedric",2,60,57,Touch 2-6 Seconds,0.362,114,222,0.514,0.543,0.313,101,192,0.526,0.049,13,30,0.433,2025-26,Regular Season
1642907,"Coward, Cedric",3,60,39,Touch 6+ Seconds,0.117,31,72,0.431,0.451,0.096,28,59,0.475,0.021,3,13,0.231,2025-26,Regular Season
1643052,"Johnson, Chaney",1,14,13,Touch < 2 Seconds,0.662,19,43,0.442,0.5,0.323,14,21,0.667,0.338,5,22,0.227,2025-26,Regular Season
1643052,"Johnson, Chaney",2,14,12,Touch 2-6 Seconds,0.292,14,19,0.737,0.789,0.246,12,16,0.75,0.046,2,3,0.667,2025-26,Regular Season
1643052,"Johnson, Chaney",3,14,2,Touch 6+ Seconds,0.046,2,3,0.667,0.667,0.046,2,3,0.667,0.0,0,0,,2025-26,Regular Season
1629646,"Bassey, Charles",1,8,3,Touch < 2 Seconds,1.0,3,4,0.75,0.75,1.0,3,4,0.75,0.0,0,0,,2025-26,Regular Season
1642404,"Lanier, Chaz",1,29,22,Touch < 2 Seconds,0.818,21,63,0.333,0.476,0.104,3,8,0.375,0.714,18,55,0.327,2025-26,Regular Season
1642404,"Lanier, Chaz",2,29,10,Touch 2-6 Seconds,0.143,4,11,0.364,0.364,0.117,4,9,0.444,0.026,0,2,0.0,2025-26,Regular Season
1642404,"Lanier, Chaz",3,29,3,Touch 6+ Seconds,0.039,0,3,0.0,0.0,0.013,0,1,0.0,0.026,0,2,0.0,2025-26,Regular Season
1631096,"Holmgren, Chet",1,66,66,Touch < 2 Seconds,0.599,260,445,0.584,0.658,0.345,194,256,0.758,0.254,66,189,0.349,2025-26,Regular Season
1631096,"Holmgren, Chet",2,66,65,Touch 2-6 Seconds,0.318,117,236,0.496,0.523,0.265,104,197,0.528,0.052,13,39,0.333,2025-26,Regular Season
1631096,"Holmgren, Chet",3,66,43,Touch 6+ Seconds,0.083,31,62,0.5,0.5,0.081,31,60,0.517,0.003,0,2,0.0,2025-26,Regular Season
1629632,"White, Coby",1,47,17,Touch < 2 Seconds,0.328,25,64,0.391,0.555,0.036,4,7,0.571,0.292,21,57,0.368,2025-26,Regular Season
1629632,"White, Coby",2,47,17,Touch 2-6 Seconds,0.39,34,76,0.447,0.52,0.251,23,49,0.469,0.138,11,27,0.407,2025-26,Regular Season
1629632,"White, Coby",3,47,17,Touch 6+ Seconds,0.282,30,55,0.545,0.564,0.231,28,45,0.622,0.051,2,10,0.2,2025-26,Regular Season
1628998,"Martin, Cody",1,4,3,Touch < 2 Seconds,0.6,0,6,0.0,0.0,0.1,0,1,0.0,0.5,0,5,0.0,2025-26,Regular Season
1628998,"Martin, Cody",2,4,2,Touch 2-6 Seconds,0.3,2,3,0.667,0.667,0.3,2,3,0.667,0.0,0,0,,2025-26,Regular Season
1628998,"Martin, Cody",3,4,1,Touch 6+ Seconds,0.1,0,1,0.0,0.0,0.1,0,1,0.0,0.0,0,0,,2025-26,Regular Season
1642262,"Williams, Cody",1,63,55,Touch < 2 Seconds,0.659,149,286,0.521,0.566,0.408,123,177,0.695,0.251,26,109,0.239,2025-26,Regular Season
1642262,"Williams, Cody",2,63,45,Touch 2-6 Seconds,0.263,44,114,0.386,0.386,0.253,44,110,0.4,0.009,0,4,0.0,2025-26,Regular Season
1642262,"Williams, Cody",3,63,17,Touch 6+ Seconds,0.078,13,34,0.382,0.382,0.076,13,33,0.394,0.002,0,1,0.0,2025-26,Regular Season
1641732,"Jones, Colby",1,1,1,Touch < 2 Seconds,0.667,0,2,0.0,0.0,0.0,0,0,,0.667,0,2,0.0,2025-26,Regular Season
1641732,"Jones, Colby",2,1,1,Touch 2-6 Seconds,0.333,1,1,1.0,1.0,0.333,1,1,1.0,0.0,0,0,,2025-26,Regular Season
1630175,"Anthony, Cole",1,35,25,Touch < 2 Seconds,0.247,19,57,0.333,0.465,0.043,4,10,0.4,0.203,15,47,0.319,2025-26,Regular Season
1630175,"Anthony, Cole",2,35,28,Touch 2-6 Seconds,0.342,37,79,0.468,0.5,0.281,32,65,0.492,0.061,5,14,0.357,2025-26,Regular Season
1630175,"Anthony, Cole",3,35,29,Touch 6+ Seconds,0.411,42,95,0.442,0.453,0.368,40,85,0.471,0.043,2,10,0.2,2025-26,Regular Season
1630658,"Castleton, Colin",1,1,1,Touch < 2 Seconds,1.0,1,3,0.333,0.333,1.0,1,3,0.333,0.0,0,0,,2025-26,Regular Season
1631221,"Gillespie, Collin",1,76,75,Touch < 2 Seconds,0.478,175,383,0.457,0.659,0.047,20,38,0.526,0.431,155,345,0.449,2025-26,Regular Season
1631221,"Gillespie, Collin",2,76,73,Touch 2-6 Seconds,0.312,103,250,0.412,0.5,0.159,59,127,0.465,0.154,44,123,0.358,2025-26,Regular Season
1631221,"Gillespie, Collin",3,76,66,Touch 6+ Seconds,0.21,61,168,0.363,0.44,0.109,35,87,0.402,0.101,26,81,0.321,2025-26,Regular Season
1642867,"Murray-Boyles, Collin",1,53,51,Touch < 2 Seconds,0.865,154,268,0.575,0.606,0.703,137,218,0.628,0.161,17,50,0.34,2025-26,Regular Season
1642867,"Murray-Boyles, Collin",2,53,29,Touch 2-6 Seconds,0.135,22,42,0.524,0.524,0.135,22,42,0.524,0.0,0,0,,2025-26,Regular Season
1629012,"Sexton, Collin",1,63,20,Touch < 2 Seconds,0.48,47,106,0.443,0.59,0.131,16,29,0.552,0.348,31,77,0.403,2025-26,Regular Season
1629012,"Sexton, Collin",2,63,18,Touch 2-6 Seconds,0.376,41,83,0.494,0.542,0.294,33,65,0.508,0.081,8,18,0.444,2025-26,Regular Season
1629012,"Sexton, Collin",3,63,17,Touch 6+ Seconds,0.145,19,32,0.594,0.656,0.109,15,24,0.625,0.036,4,8,0.5,2025-26,Regular Season
1642843,"Flagg, Cooper",1,65,63,Touch < 2 Seconds,0.241,134,255,0.525,0.584,0.142,104,150,0.693,0.099,30,105,0.286,2025-26,Regular Season
1642843,"Flagg, Cooper",2,65,64,Touch 2-6 Seconds,0.459,230,485,0.474,0.497,0.39,208,412,0.505,0.069,22,73,0.301,2025-26,Regular Season
1642843,"Flagg, Cooper",3,65,64,Touch 6+ Seconds,0.299,131,316,0.415,0.427,0.263,123,278,0.442,0.036,8,38,0.211,2025-26,Regular Season
1630557,"Kispert, Corey",1,55,35,Touch < 2 Seconds,0.7,72,177,0.407,0.534,0.166,27,42,0.643,0.534,45,135,0.333,2025-26,Regular Season
1630557,"Kispert, Corey",2,55,27,Touch 2-6 Seconds,0.289,38,73,0.521,0.534,0.253,36,64,0.563,0.036,2,9,0.222,2025-26,Regular Season
1630557,"Kispert, Corey",3,55,3,Touch 6+ Seconds,0.012,2,3,0.667,0.667,0.012,2,3,0.667,0.0,0,0,,2025-26,Regular Season
1642504,"Ryan, Cormac",1,6,5,Touch < 2 Seconds,0.793,9,23,0.391,0.543,0.207,2,6,0.333,0.586,7,17,0.412,2025-26,Regular Season
1642504,"Ryan, Cormac",2,6,3,Touch 2-6 Seconds,0.207,6,6,1.0,1.083,0.172,5,5,1.0,0.034,1,1,1.0,2025-26,Regular Season
1641854,"Porter Jr., Craig",1,60,41,Touch < 2 Seconds,0.364,42,87,0.483,0.586,0.155,24,37,0.649,0.209,18,50,0.36,2025-26,Regular Season
1641854,"Porter Jr., Craig",2,60,48,Touch 2-6 Seconds,0.481,50,115,0.435,0.478,0.356,40,85,0.471,0.126,10,30,0.333,2025-26,Regular Season
1641854,"Porter Jr., Craig",3,60,26,Touch 6+ Seconds,0.155,13,37,0.351,0.378,0.126,11,30,0.367,0.029,2,7,0.286,2025-26,Regular Season
1642938,"Jones, Curtis",1,7,5,Touch < 2 Seconds,0.643,3,9,0.333,0.389,0.143,2,2,1.0,0.5,1,7,0.143,2025-26,Regular Season
1642938,"Jones, Curtis",2,7,2,Touch 2-6 Seconds,0.214,1,3,0.333,0.333,0.071,1,1,1.0,0.143,0,2,0.0,2025-26,Regular Season
1642938,"Jones, Curtis",3,7,2,Touch 6+ Seconds,0.143,0,2,0.0,0.0,0.143,0,2,0.0,0.0,0,0,,2025-26,Regular Season
1629610,"Jeffries, DaQuan",1,3,2,Touch < 2 Seconds,0.579,7,11,0.636,0.818,0.158,3,3,1.0,0.421,4,8,0.5,2025-26,Regular Season
1629610,"Jeffries, DaQuan",2,3,3,Touch 2-6 Seconds,0.421,4,8,0.5,0.5,0.368,4,7,0.571,0.053,0,1,0.0,2025-26,Regular Season
1641747,"Holmes II, DaRon",1,22,16,Touch < 2 Seconds,0.914,26,53,0.491,0.67,0.19,7,11,0.636,0.724,19,42,0.452,2025-26,Regular Season
1641747,"Holmes II, DaRon",2,22,3,Touch 2-6 Seconds,0.086,4,5,0.8,0.8,0.086,4,5,0.8,0.0,0,0,,2025-26,Regular Season
1631342,"Plowden, Daeqwon",1,28,27,Touch < 2 Seconds,0.832,78,188,0.415,0.543,0.19,30,43,0.698,0.642,48,145,0.331,2025-26,Regular Season
1631342,"Plowden, Daeqwon",2,28,17,Touch 2-6 Seconds,0.155,18,35,0.514,0.543,0.137,16,31,0.516,0.018,2,4,0.5,2025-26,Regular Season
1631342,"Plowden, Daeqwon",3,28,3,Touch 6+ Seconds,0.013,1,3,0.333,0.333,0.009,1,2,0.5,0.004,0,1,0.0,2025-26,Regular Season
1630625,"Banton, Dalano",2,5,1,Touch 2-6 Seconds,0.6,1,3,0.333,0.333,0.6,1,3,0.333,0.0,0,0,,2025-26,Regular Season
1630625,"Banton, Dalano",3,5,2,Touch 6+ Seconds,0.4,0,2,0.0,0.0,0.4,0,2,0.0,0.0,0,0,,2025-26,Regular Season
1631207,"Terry, Dalen",1,47,9,Touch < 2 Seconds,0.346,4,18,0.222,0.278,0.058,2,3,0.667,0.288,2,15,0.133,2025-26,Regular Season
1631207,"Terry, Dalen",2,47,12,Touch 2-6 Seconds,0.5,14,26,0.538,0.596,0.423,11,22,0.5,0.077,3,4,0.75,2025-26,Regular Season
1631207,"Terry, Dalen",3,47,5,Touch 6+ Seconds,0.154,4,8,0.5,0.5,0.135,4,7,0.571,0.019,0,1,0.0,2025-26,Regular Season
1642261,"Knecht, Dalton",1,50,38,Touch < 2 Seconds,0.647,45,112,0.402,0.531,0.127,16,22,0.727,0.52,29,90,0.322,2025-26,Regular Season
1642261,"Knecht, Dalton",2,50,26,Touch 2-6 Seconds,0.26,26,45,0.578,0.589,0.214,25,37,0.676,0.046,1,8,0.125,2025-26,Regular Season
1642261,"Knecht, Dalton",3,50,10,Touch 6+ Seconds,0.092,6,16,0.375,0.406,0.075,5,13,0.385,0.017,1,3,0.333,2025-26,Regular Season
1629655,"Gafford, Daniel",1,54,47,Touch < 2 Seconds,0.721,157,222,0.707,0.707,0.721,157,222,0.707,0.0,0,0,,2025-26,Regular Season
1629655,"Gafford, Daniel",2,54,39,Touch 2-6 Seconds,0.279,45,86,0.523,0.523,0.279,45,86,0.523,0.0,0,0,,2025-26,Regular Season
1642450,"Jenkins, Daniss",1,67,53,Touch < 2 Seconds,0.315,73,163,0.448,0.604,0.083,22,43,0.512,0.232,51,120,0.425,2025-26,Regular Season
1642450,"Jenkins, Daniss",2,67,61,Touch 2-6 Seconds,0.45,91,233,0.391,0.421,0.365,77,189,0.407,0.085,14,44,0.318,2025-26,Regular Season
1642450,"Jenkins, Daniss",3,67,46,Touch 6+ Seconds,0.236,54,122,0.443,0.459,0.208,50,108,0.463,0.027,4,14,0.286,2025-26,Regular Season
1642874,"Wolf, Danny",1,57,53,Touch < 2 Seconds,0.564,99,248,0.399,0.522,0.145,38,64,0.594,0.418,61,184,0.332,2025-26,Regular Season
1642874,"Wolf, Danny",2,57,49,Touch 2-6 Seconds,0.364,68,160,0.425,0.447,0.309,61,136,0.449,0.055,7,24,0.292,2025-26,Regular Season
1642874,"Wolf, Danny",3,57,24,Touch 6+ Seconds,0.073,11,32,0.344,0.344,0.066,11,29,0.379,0.007,0,3,0.0,2025-26,Regular Season
203967,"Saric, Dario",1,5,4,Touch < 2 Seconds,0.833,1,5,0.2,0.3,0.333,0,2,0.0,0.5,1,3,0.333,2025-26,Regular Season
203967,"Saric, Dario",2,5,1,Touch 2-6 Seconds,0.167,0,1,0.0,0.0,0.167,0,1,0.0,0.0,0,0,,2025-26,Regular Season
1642468,"Brown, Darius",2,1,1,Touch 2-6 Seconds,1.0,0,1,0.0,0.0,1.0,0,1,0.0,0.0,0,0,,2025-26,Regular Season
1629636,"Garland, Darius",1,41,14,Touch < 2 Seconds,0.226,26,52,0.5,0.692,0.043,6,10,0.6,0.183,20,42,0.476,2025-26,Regular Season
1629636,"Garland, Darius",2,41,14,Touch 2-6 Seconds,0.335,36,77,0.468,0.591,0.165,17,38,0.447,0.17,19,39,0.487,2025-26,Regular Season
1629636,"Garland, Darius",3,41,15,Touch 6+ Seconds,0.439,50,101,0.495,0.579,0.278,33,64,0.516,0.161,17,37,0.459,2025-26,Regular Season
1642357,"Jones Garcia, David",1,11,3,Touch < 2 Seconds,0.16,2,4,0.5,0.625,0.08,1,2,0.5,0.08,1,2,0.5,2025-26,Regular Season
1642357,"Jones Garcia, David",2,11,7,Touch 2-6 Seconds,0.48,7,12,0.583,0.667,0.36,5,9,0.556,0.12,2,3,0.667,2025-26,Regular Season
1642357,"Jones Garcia, David",3,11,4,Touch 6+ Seconds,0.36,4,9,0.444,0.444,0.36,4,9,0.444,0.0,0,0,,2025-26,Regular Season
1631223,"Roddy, David",1,3,2,Touch < 2 Seconds,0.4,0,2,0.0,0.0,0.0,0,0,,0.4,0,2,0.0,2025-26,Regular Season
1631223,"Roddy, David",2,3,2,Touch 2-6 Seconds,0.4,0,2,0.0,0.0,0.0,0,0,,0.4,0,2,0.0,2025-26,Regular Season
1631223,"Roddy, David",3,3,1,Touch 6+ Seconds,0.2,1,1,1.0,1.0,0.2,1,1,1.0,0.0,0,0,,2025-26,Regular Season
1630558,"Mitchell, Davion",1,66,62,Touch < 2 Seconds,0.392,83,195,0.426,0.608,0.036,12,18,0.667,0.356,71,177,0.401,2025-26,Regular Season
1630558,"Mitchell, Davion",2,66,65,Touch 2-6 Seconds,0.398,103,198,0.52,0.545,0.34,93,169,0.55,0.058,10,29,0.345,2025-26,Regular Season
1630558,"Mitchell, Davion",3,66,48,Touch 6+ Seconds,0.209,54,104,0.519,0.538,0.193,50,96,0.521,0.016,4,8,0.5,2025-26,Regular Season
1630549,"Sharpe, Day'Ron",1,62,62,Touch < 2 Seconds,0.699,157,249,0.631,0.647,0.601,149,214,0.696,0.098,8,35,0.229,2025-26,Regular Season
1630549,"Sharpe, Day'Ron",2,62,51,Touch 2-6 Seconds,0.27,50,96,0.521,0.526,0.258,49,92,0.533,0.011,1,4,0.25,2025-26,Regular Season
1630549,"Sharpe, Day'Ron",3,62,10,Touch 6+ Seconds,0.031,7,11,0.636,0.636,0.031,7,11,0.636,0.0,0,0,,2025-26,Regular Season
1628368,"Fox, De'Aaron",1,67,65,Touch < 2 Seconds,0.304,130,287,0.453,0.584,0.084,55,79,0.696,0.221,75,208,0.361,2025-26,Regular Season
1628368,"Fox, De'Aaron",2,67,67,Touch 2-6 Seconds,0.416,195,392,0.497,0.536,0.313,165,295,0.559,0.103,30,97,0.309,2025-26,Regular Season
1628368,"Fox, De'Aaron",3,67,62,Touch 6+ Seconds,0.28,136,264,0.515,0.54,0.23,123,217,0.567,0.05,13,47,0.277,2025-26,Regular Season
1629631,"Hunter, De'Andre",1,45,2,Touch < 2 Seconds,0.684,3,13,0.231,0.308,0.263,1,5,0.2,0.421,2,8,0.25,2025-26,Regular Season
1629631,"Hunter, De'Andre",2,45,2,Touch 2-6 Seconds,0.316,1,6,0.167,0.167,0.263,1,5,0.2,0.053,0,1,0.0,2025-26,Regular Season
1629001,"Melton, De'Anthony",1,44,44,Touch < 2 Seconds,0.455,80,215,0.372,0.493,0.108,28,51,0.549,0.347,52,164,0.317,2025-26,Regular Season
1629001,"Melton, De'Anthony",2,44,42,Touch 2-6 Seconds,0.349,75,165,0.455,0.479,0.275,67,130,0.515,0.074,8,35,0.229,2025-26,Regular Season
1629001,"Melton, De'Anthony",3,44,38,Touch 6+ Seconds,0.197,35,93,0.376,0.382,0.159,34,75,0.453,0.038,1,18,0.056,2025-26,Regular Season
201599,"Jordan, DeAndre",1,12,11,Touch < 2 Seconds,0.906,19,29,0.655,0.655,0.906,19,29,0.655,0.0,0,0,,2025-26,Regular Season
201599,"Jordan, DeAndre",2,12,3,Touch 2-6 Seconds,0.094,2,3,0.667,0.667,0.094,2,3,0.667,0.0,0,0,,2025-26,Regular Season
1630610,"Jarreau, DeJon",1,11,10,Touch < 2 Seconds,0.578,15,48,0.313,0.354,0.253,11,21,0.524,0.325,4,27,0.148,2025-26,Regular Season
1630610,"Jarreau, DeJon",2,11,9,Touch 2-6 Seconds,0.301,14,25,0.56,0.56,0.265,14,22,0.636,0.036,0,3,0.0,2025-26,Regular Season
1630610,"Jarreau, DeJon",3,11,6,Touch 6+ Seconds,0.12,4,10,0.4,0.4,0.12,4,10,0.4,0.0,0,0,,2025-26,Regular Season
201942,"DeRozan, DeMar",1,76,70,Touch < 2 Seconds,0.288,139,285,0.488,0.558,0.169,99,167,0.593,0.119,40,118,0.339,2025-26,Regular Season
201942,"DeRozan, DeMar",2,76,75,Touch 2-6 Seconds,0.482,244,477,0.512,0.516,0.459,240,454,0.529,0.023,4,23,0.174,2025-26,Regular Season
201942,"DeRozan, DeMar",3,76,68,Touch 6+ Seconds,0.23,105,227,0.463,0.467,0.224,103,222,0.464,0.005,2,5,0.4,2025-26,Regular Season
1629731,"Wade, Dean",1,57,56,Touch < 2 Seconds,0.872,99,238,0.416,0.557,0.183,32,50,0.64,0.689,67,188,0.356,2025-26,Regular Season
1629731,"Wade, Dean",2,57,30,Touch 2-6 Seconds,0.128,19,35,0.543,0.557,0.114,18,31,0.581,0.015,1,4,0.25,2025-26,Regular Season
1629028,"Ayton, Deandre",1,67,66,Touch < 2 Seconds,0.831,320,457,0.7,0.7,0.831,320,457,0.7,0.0,0,0,,2025-26,Regular Season
1629028,"Ayton, Deandre",2,67,49,Touch 2-6 Seconds,0.169,52,93,0.559,0.559,0.169,52,93,0.559,0.0,0,0,,2025-26,Regular Season
1627749,"Murray, Dejounte",1,14,13,Touch < 2 Seconds,0.242,16,44,0.364,0.5,0.049,4,9,0.444,0.192,12,35,0.343,2025-26,Regular Season
1627749,"Murray, Dejounte",2,14,14,Touch 2-6 Seconds,0.291,29,53,0.547,0.557,0.264,28,48,0.583,0.027,1,5,0.2,2025-26,Regular Season
1627749,"Murray, Dejounte",3,14,14,Touch 6+ Seconds,0.467,43,85,0.506,0.541,0.346,37,63,0.587,0.121,6,22,0.273,2025-26,Regular Season
1630166,"Avdija, Deni",1,62,61,Touch < 2 Seconds,0.367,167,363,0.46,0.576,0.128,83,126,0.659,0.24,84,237,0.354,2025-26,Regular Season
1630166,"Avdija, Deni",2,62,61,Touch 2-6 Seconds,0.374,180,370,0.486,0.515,0.303,159,299,0.532,0.072,21,71,0.296,2025-26,Regular Season
1630166,"Avdija, Deni",3,62,59,Touch 6+ Seconds,0.258,105,255,0.412,0.435,0.197,93,195,0.477,0.061,12,60,0.2,2025-26,Regular Season
203471,"Schröder, Dennis",1,66,24,Touch < 2 Seconds,0.277,15,49,0.306,0.429,0.034,3,6,0.5,0.243,12,43,0.279,2025-26,Regular Season
203471,"Schröder, Dennis",2,66,23,Touch 2-6 Seconds,0.424,29,75,0.387,0.4,0.367,27,65,0.415,0.056,2,10,0.2,2025-26,Regular Season
203471,"Schröder, Dennis",3,66,22,Touch 6+ Seconds,0.299,25,53,0.472,0.491,0.282,23,50,0.46,0.017,2,3,0.667,2025-26,Regular Season
1641726,"Lively II, Dereck",1,7,7,Touch < 2 Seconds,1.0,11,18,0.611,0.611,1.0,11,18,0.611,0.0,0,0,,2025-26,Regular Season
1642852,"Queen, Derik",1,77,73,Touch < 2 Seconds,0.378,133,258,0.516,0.552,0.274,114,187,0.61,0.104,19,71,0.268,2025-26,Regular Season
1642852,"Queen, Derik",2,77,70,Touch 2-6 Seconds,0.375,110,256,0.43,0.434,0.366,108,250,0.432,0.009,2,6,0.333,2025-26,Regular Season
1642852,"Queen, Derik",3,77,64,Touch 6+ Seconds,0.247,81,169,0.479,0.482,0.242,80,165,0.485,0.006,1,4,0.25,2025-26,Regular Season
1627884,"Jones Jr., Derrick",1,45,45,Touch < 2 Seconds,0.746,135,259,0.521,0.616,0.354,86,123,0.699,0.392,49,136,0.36,2025-26,Regular Season
1627884,"Jones Jr., Derrick",2,45,37,Touch 2-6 Seconds,0.251,40,87,0.46,0.466,0.233,39,81,0.481,0.017,1,6,0.167,2025-26,Regular Season
1627884,"Jones Jr., Derrick",3,45,1,Touch 6+ Seconds,0.003,0,1,0.0,0.0,0.003,0,1,0.0,0.0,0,0,,2025-26,Regular Season
1628401,"White, Derrick",1,73,72,Touch < 2 Seconds,0.396,162,422,0.384,0.526,0.058,42,62,0.677,0.338,120,360,0.333,2025-26,Regular Season
1628401,"White, Derrick",2,73,70,Touch 2-6 Seconds,0.372,170,397,0.428,0.481,0.246,128,262,0.489,0.127,42,135,0.311,2025-26,Regular Season
1628401,"White, Derrick",3,73,66,Touch 6+ Seconds,0.232,86,247,0.348,0.415,0.126,53,134,0.396,0.106,33,113,0.292,2025-26,Regular Season
1630217,"Bane, Desmond",1,77,76,Touch < 2 Seconds,0.379,210,427,0.492,0.615,0.157,105,177,0.593,0.222,105,250,0.42,2025-26,Regular Season
1630217,"Bane, Desmond",2,77,76,Touch 2-6 Seconds,0.448,241,505,0.477,0.517,0.345,201,388,0.518,0.104,40,117,0.342,2025-26,Regular Season
1630217,"Bane, Desmond",3,77,63,Touch 6+ Seconds,0.172,93,194,0.479,0.505,0.144,83,162,0.512,0.028,10,32,0.313,2025-26,Regular Season
1626164,"Booker, Devin",1,61,59,Touch < 2 Seconds,0.223,112,249,0.45,0.558,0.092,58,103,0.563,0.131,54,146,0.37,2025-26,Regular Season
1626164,"Booker, Devin",2,61,61,Touch 2-6 Seconds,0.459,248,513,0.483,0.526,0.345,204,385,0.53,0.115,44,128,0.344,2025-26,Regular Season
1626164,"Booker, Devin",3,61,61,Touch 6+ Seconds,0.318,150,355,0.423,0.445,0.252,134,282,0.475,0.065,16,73,0.219,2025-26,Regular Season
1642269,"Carter, Devin",1,34,27,Touch < 2 Seconds,0.411,34,95,0.358,0.421,0.156,22,36,0.611,0.255,12,59,0.203,2025-26,Regular Season
1642269,"Carter, Devin",2,34,25,Touch 2-6 Seconds,0.364,40,84,0.476,0.512,0.277,34,64,0.531,0.087,6,20,0.3,2025-26,Regular Season
1642269,"Carter, Devin",3,34,20,Touch 6+ Seconds,0.225,19,52,0.365,0.404,0.182,15,42,0.357,0.043,4,10,0.4,2025-26,Regular Season
1630170,"Vassell, Devin",1,62,61,Touch < 2 Seconds,0.662,194,458,0.424,0.579,0.134,52,93,0.559,0.527,142,365,0.389,2025-26,Regular Season
1630170,"Vassell, Devin",2,62,59,Touch 2-6 Seconds,0.292,97,202,0.48,0.51,0.25,85,173,0.491,0.042,12,29,0.414,2025-26,Regular Season
1630170,"Vassell, Devin",3,62,21,Touch 6+ Seconds,0.046,12,32,0.375,0.391,0.042,11,29,0.379,0.004,1,3,0.333,2025-26,Regular Season
1628415,"Brooks, Dillon",1,52,52,Touch < 2 Seconds,0.34,113,305,0.37,0.51,0.057,28,51,0.549,0.283,85,254,0.335,2025-26,Regular Season
1628415,"Brooks, Dillon",2,52,52,Touch 2-6 Seconds,0.427,187,383,0.488,0.525,0.349,159,313,0.508,0.078,28,70,0.4,2025-26,Regular Season
1628415,"Brooks, Dillon",3,52,49,Touch 6+ Seconds,0.232,92,208,0.442,0.462,0.204,84,183,0.459,0.028,8,25,0.32,2025-26,Regular Season
1641794,"Jones, Dillon",1,6,3,Touch < 2 Seconds,0.5,1,3,0.333,0.5,0.0,0,0,,0.5,1,3,0.333,2025-26,Regular Season
1641794,"Jones, Dillon",2,6,1,Touch 2-6 Seconds,0.167,0,1,0.0,0.0,0.167,0,1,0.0,0.0,0,0,,2025-26,Regular Season
1641794,"Jones, Dillon",3,6,2,Touch 6+ Seconds,0.333,0,2,0.0,0.0,0.167,0,1,0.0,0.167,0,1,0.0,2025-26,Regular Season
1627734,"Sabonis, Domantas",1,19,19,Touch < 2 Seconds,0.665,81,147,0.551,0.568,0.543,76,120,0.633,0.122,5,27,0.185,2025-26,Regular Season
1627734,"Sabonis, Domantas",2,19,19,Touch 2-6 Seconds,0.312,38,69,0.551,0.551,0.312,38,69,0.551,0.0,0,0,,2025-26,Regular Season
1627734,"Sabonis, Domantas",3,19,5,Touch 6+ Seconds,0.023,1,5,0.2,0.2,0.023,1,5,0.2,0.0,0,0,,2025-26,Regular Season
1631230,"Barlow, Dominick",1,66,61,Touch < 2 Seconds,0.657,133,245,0.543,0.586,0.448,112,167,0.671,0.209,21,78,0.269,2025-26,Regular Season
1631230,"Barlow, Dominick",2,66,52,Touch 2-6 Seconds,0.33,67,123,0.545,0.545,0.33,67,123,0.545,0.0,0,0,,2025-26,Regular Season
1631230,"Barlow, Dominick",3,66,5,Touch 6+ Seconds,0.013,3,5,0.6,0.6,0.013,3,5,0.6,0.0,0,0,,2025-26,Regular Season
1642270,"Clingan, Donovan",1,73,73,Touch < 2 Seconds,0.852,288,546,0.527,0.587,0.538,223,345,0.646,0.314,65,201,0.323,2025-26,Regular Season
1642270,"Clingan, Donovan",2,73,53,Touch 2-6 Seconds,0.147,46,94,0.489,0.537,0.108,37,69,0.536,0.039,9,25,0.36,2025-26,Regular Season
1642270,"Clingan, Donovan",3,73,1,Touch 6+ Seconds,0.002,0,1,0.0,0.0,0.002,0,1,0.0,0.0,0,0,,2025-26,Regular Season
1628378,"Mitchell, Donovan",1,68,68,Touch < 2 Seconds,0.281,178,381,0.467,0.614,0.073,66,99,0.667,0.208,112,282,0.397,2025-26,Regular Season
1628378,"Mitchell, Donovan",2,68,68,Touch 2-6 Seconds,0.373,245,506,0.484,0.543,0.244,185,331,0.559,0.129,60,175,0.343,2025-26,Regular Season
1628378,"Mitchell, Donovan",3,68,68,Touch 6+ Seconds,0.346,227,470,0.483,0.535,0.237,178,322,0.553,0.109,49,148,0.331,2025-26,Regular Season
1628978,"DiVincenzo, Donte",1,77,76,Touch < 2 Seconds,0.735,233,574,0.406,0.578,0.07,35,55,0.636,0.665,198,519,0.382,2025-26,Regular Season
1628978,"DiVincenzo, Donte",2,77,69,Touch 2-6 Seconds,0.233,73,182,0.401,0.456,0.149,53,116,0.457,0.085,20,66,0.303,2025-26,Regular Season
1628978,"DiVincenzo, Donte",3,77,21,Touch 6+ Seconds,0.032,11,25,0.44,0.6,0.015,3,12,0.25,0.017,8,13,0.615,2025-26,Regular Season
1627827,"Finney-Smith, Dorian",1,36,35,Touch < 2 Seconds,0.919,37,114,0.325,0.439,0.169,11,21,0.524,0.75,26,93,0.28,2025-26,Regular Season
1627827,"Finney-Smith, Dorian",2,36,7,Touch 2-6 Seconds,0.081,4,10,0.4,0.4,0.065,4,8,0.5,0.016,0,2,0.0,2025-26,Regular Season
203926,"McDermott, Doug",1,25,24,Touch < 2 Seconds,0.929,43,105,0.41,0.605,0.027,2,3,0.667,0.903,41,102,0.402,2025-26,Regular Season
203926,"McDermott, Doug",2,25,6,Touch 2-6 Seconds,0.071,3,8,0.375,0.375,0.062,3,7,0.429,0.009,0,1,0.0,2025-26,Regular Season
1642962,"Powell, Drake",1,59,48,Touch < 2 Seconds,0.521,54,164,0.329,0.448,0.089,15,28,0.536,0.432,39,136,0.287,2025-26,Regular Season
1642962,"Powell, Drake",2,59,49,Touch 2-6 Seconds,0.39,68,123,0.553,0.585,0.308,60,97,0.619,0.083,8,26,0.308,2025-26,Regular Season
1642962,"Powell, Drake",3,59,21,Touch 6+ Seconds,0.089,9,28,0.321,0.357,0.079,7,25,0.28,0.01,2,3,0.667,2025-26,Regular Season
203110,"Green, Draymond",1,64,63,Touch < 2 Seconds,0.871,168,413,0.407,0.523,0.249,72,118,0.61,0.622,96,295,0.325,2025-26,Regular Season
203110,"Green, Draymond",2,64,31,Touch 2-6 Seconds,0.095,21,45,0.467,0.489,0.084,19,40,0.475,0.011,2,5,0.4,2025-26,Regular Season
203110,"Green, Draymond",3,64,16,Touch 6+ Seconds,0.034,7,16,0.438,0.438,0.034,7,16,0.438,0.0,0,0,,2025-26,Regular Season
1629234,"Eubanks, Drew",1,42,39,Touch < 2 Seconds,0.827,80,129,0.62,0.624,0.788,79,123,0.642,0.038,1,6,0.167,2025-26,Regular Season
1629234,"Eubanks, Drew",2,42,19,Touch 2-6 Seconds,0.173,13,27,0.481,0.481,0.167,13,26,0.5,0.006,0,1,0.0,2025-26,Regular Season
1641809,"Peterson, Drew",1,6,5,Touch < 2 Seconds,0.75,0,12,0.0,0.0,0.0,0,0,,0.75,0,12,0.0,2025-26,Regular Season
1641809,"Peterson, Drew",2,6,3,Touch 2-6 Seconds,0.25,2,4,0.5,0.5,0.25,2,4,0.5,0.0,0,0,,2025-26,Regular Season
1631166,"Timme, Drew",1,23,13,Touch < 2 Seconds,0.627,19,32,0.594,0.719,0.275,11,14,0.786,0.353,8,18,0.444,2025-26,Regular Season
1631166,"Timme, Drew",2,23,7,Touch 2-6 Seconds,0.275,7,14,0.5,0.5,0.255,7,13,0.538,0.02,0,1,0.0,2025-26,Regular Season
1631166,"Timme, Drew",3,23,5,Touch 6+ Seconds,0.098,4,5,0.8,0.8,0.098,4,5,0.8,0.0,0,0,,2025-26,Regular Season
1630696,"Smith, Dru",1,70,62,Touch < 2 Seconds,0.516,62,165,0.376,0.479,0.166,28,53,0.528,0.35,34,112,0.304,2025-26,Regular Season
1630696,"Smith, Dru",2,70,56,Touch 2-6 Seconds,0.359,56,115,0.487,0.496,0.325,54,104,0.519,0.034,2,11,0.182,2025-26,Regular Season
1630696,"Smith, Dru",3,70,30,Touch 6+ Seconds,0.125,15,40,0.375,0.4,0.116,13,37,0.351,0.009,2,3,0.667,2025-26,Regular Season
1629130,"Robinson, Duncan",1,73,73,Touch < 2 Seconds,0.784,223,514,0.434,0.615,0.076,37,50,0.74,0.707,186,464,0.401,2025-26,Regular Season
1629130,"Robinson, Duncan",2,73,59,Touch 2-6 Seconds,0.206,68,135,0.504,0.578,0.14,48,92,0.522,0.066,20,43,0.465,2025-26,Regular Season
1629130,"Robinson, Duncan",3,73,7,Touch 6+ Seconds,0.011,2,7,0.286,0.357,0.008,1,5,0.2,0.003,1,2,0.5,2025-26,Regular Season
1641871,"Reath, Duop",1,32,24,Touch < 2 Seconds,0.878,28,65,0.431,0.592,0.162,7,12,0.583,0.716,21,53,0.396,2025-26,Regular Season
1641871,"Reath, Duop",2,32,6,Touch 2-6 Seconds,0.122,5,9,0.556,0.667,0.095,3,7,0.429,0.027,2,2,1.0,2025-26,Regular Season
203939,"Powell, Dwight",1,58,34,Touch < 2 Seconds,0.884,48,76,0.632,0.638,0.849,47,73,0.644,0.035,1,3,0.333,2025-26,Regular Season
203939,"Powell, Dwight",2,58,6,Touch 2-6 Seconds,0.116,9,10,0.9,0.9,0.116,9,10,0.9,0.0,0,0,,2025-26,Regular Season
1642928,"Cardwell, Dylan",1,40,39,Touch < 2 Seconds,0.903,84,139,0.604,0.604,0.896,84,138,0.609,0.006,0,1,0.0,2025-26,Regular Season
1642928,"Cardwell, Dylan",2,40,12,Touch 2-6 Seconds,0.097,4,15,0.267,0.267,0.097,4,15,0.267,0.0,0,0,,2025-26,Regular Season
1642844,"Harper, Dylan",1,64,60,Touch < 2 Seconds,0.339,89,204,0.436,0.559,0.115,39,69,0.565,0.225,50,135,0.37,2025-26,Regular Season
1642844,"Harper, Dylan",2,64,63,Touch 2-6 Seconds,0.444,146,267,0.547,0.547,0.413,146,248,0.589,0.032,0,19,0.0,2025-26,Regular Season
1642844,"Harper, Dylan",3,64,55,Touch 6+ Seconds,0.216,67,130,0.515,0.531,0.196,63,118,0.534,0.02,4,12,0.333,2025-26,Regular Season
1630700,"Daniels, Dyson",1,73,73,Touch < 2 Seconds,0.534,217,398,0.545,0.57,0.399,197,297,0.663,0.136,20,101,0.198,2025-26,Regular Season
1630700,"Daniels, Dyson",2,73,73,Touch 2-6 Seconds,0.361,129,269,0.48,0.48,0.353,129,263,0.49,0.008,0,6,0.0,2025-26,Regular Season
1630700,"Daniels, Dyson",3,73,46,Touch 6+ Seconds,0.105,41,78,0.526,0.526,0.101,41,75,0.547,0.004,0,3,0.0,2025-26,Regular Season
1630604,"Liddell, E.J.",1,21,17,Touch < 2 Seconds,0.754,15,43,0.349,0.43,0.175,8,10,0.8,0.579,7,33,0.212,2025-26,Regular Season
1630604,"Liddell, E.J.",2,21,6,Touch 2-6 Seconds,0.158,5,9,0.556,0.556,0.158,5,9,0.556,0.0,0,0,,2025-26,Regular Season
1630604,"Liddell, E.J.",3,21,4,Touch 6+ Seconds,0.088,2,5,0.4,0.4,0.088,2,5,0.4,0.0,0,0,,2025-26,Regular Season
1642856,"Dëmin, Egor",1,52,51,Touch < 2 Seconds,0.579,111,260,0.427,0.61,0.053,16,24,0.667,0.526,95,236,0.403,2025-26,Regular Season
1642856,"Dëmin, Egor",2,52,45,Touch 2-6 Seconds,0.256,43,115,0.374,0.439,0.14,28,63,0.444,0.116,15,52,0.288,2025-26,Regular Season
1642856,"Dëmin, Egor",3,52,38,Touch 6+ Seconds,0.165,25,74,0.338,0.432,0.089,11,40,0.275,0.076,14,34,0.412,2025-26,Regular Season
1641989,"Harkless, Elijah",1,26,21,Touch < 2 Seconds,0.559,26,90,0.289,0.394,0.068,7,11,0.636,0.491,19,79,0.241,2025-26,Regular Season
1641989,"Harkless, Elijah",2,26,21,Touch 2-6 Seconds,0.366,22,59,0.373,0.381,0.335,21,54,0.389,0.031,1,5,0.2,2025-26,Regular Season
1641989,"Harkless, Elijah",3,26,6,Touch 6+ Seconds,0.075,6,12,0.5,0.542,0.05,5,8,0.625,0.025,1,4,0.25,2025-26,Regular Season
201569,"Gordon, Eric",1,6,5,Touch < 2 Seconds,0.571,7,12,0.583,0.875,0.0,0,0,,0.571,7,12,0.583,2025-26,Regular Season
201569,"Gordon, Eric",2,6,4,Touch 2-6 Seconds,0.429,5,9,0.556,0.611,0.333,4,7,0.571,0.095,1,2,0.5,2025-26,Regular Season
1630679,"Thompson, Ethan",1,27,20,Touch < 2 Seconds,0.657,32,92,0.348,0.489,0.093,6,13,0.462,0.564,26,79,0.329,2025-26,Regular Season
1630679,"Thompson, Ethan",2,27,18,Touch 2-6 Seconds,0.321,21,45,0.467,0.511,0.271,17,38,0.447,0.05,4,7,0.571,2025-26,Regular Season
1630679,"Thompson, Ethan",3,27,2,Touch 6+ Seconds,0.021,1,3,0.333,0.333,0.014,1,2,0.5,0.007,0,1,0.0,2025-26,Regular Season
1630596,"Mobley, Evan",1,62,62,Touch < 2 Seconds,0.566,271,465,0.583,0.638,0.363,220,298,0.738,0.203,51,167,0.305,2025-26,Regular Season
1630596,"Mobley, Evan",2,62,61,Touch 2-6 Seconds,0.324,130,266,0.489,0.506,0.29,121,238,0.508,0.034,9,28,0.321,2025-26,Regular Season
1630596,"Mobley, Evan",3,62,47,Touch 6+ Seconds,0.11,46,90,0.511,0.517,0.099,45,81,0.556,0.011,1,9,0.111,2025-26,Regular Season
1630532,"Wagner, Franz",1,30,30,Touch < 2 Seconds,0.386,86,174,0.494,0.572,0.224,59,101,0.584,0.162,27,73,0.37,2025-26,Regular Season
1630532,"Wagner, Franz",2,30,30,Touch 2-6 Seconds,0.432,90,195,0.462,0.492,0.348,78,157,0.497,0.084,12,38,0.316,2025-26,Regular Season
1630532,"Wagner, Franz",3,30,28,Touch 6+ Seconds,0.182,41,82,0.5,0.518,0.155,38,70,0.543,0.027,3,12,0.25,2025-26,Regular Season
1641713,"Jackson, GG",1,54,50,Touch < 2 Seconds,0.444,103,224,0.46,0.567,0.152,55,77,0.714,0.291,48,147,0.327,2025-26,Regular Season
1641713,"Jackson, GG",2,54,49,Touch 2-6 Seconds,0.471,126,238,0.529,0.557,0.392,113,198,0.571,0.079,13,40,0.325,2025-26,Regular Season
1641713,"Jackson, GG",3,54,31,Touch 6+ Seconds,0.085,23,43,0.535,0.558,0.079,21,40,0.525,0.006,2,3,0.667,2025-26,Regular Season
1629216,"Vincent, Gabe",1,50,21,Touch < 2 Seconds,0.57,15,45,0.333,0.456,0.063,4,5,0.8,0.506,11,40,0.275,2025-26,Regular Season
1629216,"Vincent, Gabe",2,50,12,Touch 2-6 Seconds,0.291,8,23,0.348,0.457,0.076,3,6,0.5,0.215,5,17,0.294,2025-26,Regular Season
1629216,"Vincent, Gabe",3,50,9,Touch 6+ Seconds,0.139,4,11,0.364,0.409,0.063,3,5,0.6,0.076,1,6,0.167,2025-26,Regular Season
202066,"Temple, Garrett",1,21,9,Touch < 2 Seconds,0.714,2,10,0.2,0.3,0.071,0,1,0.0,0.643,2,9,0.222,2025-26,Regular Season
202066,"Temple, Garrett",2,21,2,Touch 2-6 Seconds,0.143,0,2,0.0,0.0,0.071,0,1,0.0,0.071,0,1,0.0,2025-26,Regular Season
202066,"Temple, Garrett",3,21,2,Touch 6+ Seconds,0.143,1,2,0.5,0.5,0.071,1,1,1.0,0.071,0,1,0.0,2025-26,Regular Season
1629726,"Mathews, Garrison",1,15,12,Touch < 2 Seconds,0.885,18,46,0.391,0.576,0.019,1,1,1.0,0.865,17,45,0.378,2025-26,Regular Season
1629726,"Mathews, Garrison",2,15,5,Touch 2-6 Seconds,0.115,3,6,0.5,0.5,0.096,3,5,0.6,0.019,0,1,0.0,2025-26,Regular Season
203914,"Harris, Gary",1,46,34,Touch < 2 Seconds,0.674,32,64,0.5,0.703,0.074,6,7,0.857,0.6,26,57,0.456,2025-26,Regular Season
203914,"Harris, Gary",2,46,21,Touch 2-6 Seconds,0.316,11,30,0.367,0.383,0.242,10,23,0.435,0.074,1,7,0.143,2025-26,Regular Season
203914,"Harris, Gary",3,46,1,Touch 6+ Seconds,0.011,0,1,0.0,0.0,0.011,0,1,0.0,0.0,0,0,,2025-26,Regular Season
1627780,"Payton II, Gary",1,68,61,Touch < 2 Seconds,0.888,197,342,0.576,0.624,0.584,164,225,0.729,0.304,33,117,0.282,2025-26,Regular Season
1627780,"Payton II, Gary",2,68,27,Touch 2-6 Seconds,0.106,24,41,0.585,0.634,0.094,20,36,0.556,0.013,4,5,0.8,2025-26,Regular Season
1627780,"Payton II, Gary",3,68,2,Touch 6+ Seconds,0.005,0,2,0.0,0.0,0.005,0,2,0.0,0.0,0,0,,2025-26,Regular Season
1629018,"Trent Jr., Gary",1,64,63,Touch < 2 Seconds,0.659,118,304,0.388,0.563,0.048,12,22,0.545,0.612,106,282,0.376,2025-26,Regular Season
1629018,"Trent Jr., Gary",2,64,56,Touch 2-6 Seconds,0.312,59,144,0.41,0.465,0.208,43,96,0.448,0.104,16,48,0.333,2025-26,Regular Season
1629018,"Trent Jr., Gary",3,64,10,Touch 6+ Seconds,0.028,3,13,0.231,0.269,0.02,2,9,0.222,0.009,1,4,0.25,2025-26,Regular Season
203507,"Antetokounmpo, Giannis",1,36,34,Touch < 2 Seconds,0.304,132,182,0.725,0.753,0.263,122,157,0.777,0.042,10,25,0.4,2025-26,Regular Season
203507,"Antetokounmpo, Giannis",2,36,35,Touch 2-6 Seconds,0.446,157,267,0.588,0.594,0.426,154,255,0.604,0.02,3,12,0.25,2025-26,Regular Season
203507,"Antetokounmpo, Giannis",3,36,35,Touch 6+ Seconds,0.249,84,149,0.564,0.57,0.236,82,141,0.582,0.013,2,8,0.25,2025-26,Regular Season
1629048,"Bitadze, Goga",1,59,53,Touch < 2 Seconds,0.788,104,152,0.684,0.691,0.731,102,141,0.723,0.057,2,11,0.182,2025-26,Regular Season
1629048,"Bitadze, Goga",2,59,32,Touch 2-6 Seconds,0.212,27,41,0.659,0.659,0.212,27,41,0.659,0.0,0,0,,2025-26,Regular Season
1641711,"Dick, Gradey",1,71,64,Touch < 2 Seconds,0.697,110,260,0.423,0.517,0.255,61,95,0.642,0.442,49,165,0.297,2025-26,Regular Season
1641711,"Dick, Gradey",2,71,54,Touch 2-6 Seconds,0.3,45,112,0.402,0.429,0.249,39,93,0.419,0.051,6,19,0.316,2025-26,Regular Season
1641711,"Dick, Gradey",3,71,1,Touch 6+ Seconds,0.003,1,1,1.0,1.0,0.003,1,1,1.0,0.0,0,0,,2025-26,Regular Season
1641761,"Nelson, Grant",1,4,2,Touch < 2 Seconds,0.778,5,7,0.714,0.714,0.778,5,7,0.714,0.0,0,0,,2025-26,Regular Season
1641761,"Nelson, Grant",2,4,2,Touch 2-6 Seconds,0.222,0,2,0.0,0.0,0.222,0,2,0.0,0.0,0,0,,2025-26,Regular Season
1629684,"Williams, Grant",1,32,32,Touch < 2 Seconds,0.773,55,126,0.437,0.599,0.135,14,22,0.636,0.638,41,104,0.394,2025-26,Regular Season
1629684,"Williams, Grant",2,32,18,Touch 2-6 Seconds,0.221,14,36,0.389,0.444,0.135,10,22,0.455,0.086,4,14,0.286,2025-26,Regular Season
1629684,"Williams, Grant",3,32,1,Touch 6+ Seconds,0.006,0,1,0.0,0.0,0.006,0,1,0.0,0.0,0,0,,2025-26,Regular Season
1628960,"Allen, Grayson",1,48,48,Touch < 2 Seconds,0.454,117,289,0.405,0.585,0.036,13,23,0.565,0.418,104,266,0.391,2025-26,Regular Season
1628960,"Allen, Grayson",2,48,47,Touch 2-6 Seconds,0.362,92,230,0.4,0.472,0.182,59,116,0.509,0.179,33,114,0.289,2025-26,Regular Season
1628960,"Allen, Grayson",3,48,43,Touch 6+ Seconds,0.184,51,117,0.436,0.504,0.104,35,66,0.53,0.08,16,51,0.314,2025-26,Regular Season
1627824,"Yabusele, Guerschon",1,64,23,Touch < 2 Seconds,0.75,52,129,0.403,0.566,0.14,10,24,0.417,0.61,42,105,0.4,2025-26,Regular Season
1627824,"Yabusele, Guerschon",2,64,18,Touch 2-6 Seconds,0.244,19,42,0.452,0.464,0.221,18,38,0.474,0.023,1,4,0.25,2025-26,Regular Season
1627824,"Yabusele, Guerschon",3,64,1,Touch 6+ Seconds,0.006,0,1,0.0,0.0,0.006,0,1,0.0,0.0,0,0,,2025-26,Regular Season
1630611,"Santos, Gui",1,65,60,Touch < 2 Seconds,0.689,144,288,0.5,0.623,0.225,73,94,0.777,0.464,71,194,0.366,2025-26,Regular Season
1630611,"Santos, Gui",2,65,40,Touch 2-6 Seconds,0.254,55,106,0.519,0.538,0.225,51,94,0.543,0.029,4,12,0.333,2025-26,Regular Season
1630611,"Santos, Gui",3,65,16,Touch 6+ Seconds,0.057,14,24,0.583,0.583,0.055,14,23,0.609,0.002,0,1,0.0,2025-26,Regular Season
203084,"Barnes, Harrison",1,72,72,Touch < 2 Seconds,0.655,158,357,0.443,0.616,0.079,34,43,0.791,0.576,124,314,0.395,2025-26,Regular Season
203084,"Barnes, Harrison",2,72,65,Touch 2-6 Seconds,0.294,76,160,0.475,0.503,0.246,67,134,0.5,0.048,9,26,0.346,2025-26,Regular Season
203084,"Barnes, Harrison",3,72,18,Touch 6+ Seconds,0.051,12,28,0.429,0.429,0.048,12,26,0.462,0.004,0,2,0.0,2025-26,Regular Season
1631127,"Ingram, Harrison",1,6,4,Touch < 2 Seconds,0.833,4,5,0.8,0.9,0.667,3,4,0.75,0.167,1,1,1.0,2025-26,Regular Season
1631127,"Ingram, Harrison",2,6,1,Touch 2-6 Seconds,0.167,1,1,1.0,1.0,0.167,1,1,1.0,0.0,0,0,,2025-26,Regular Season
1629312,"Highsmith, Haywood",1,6,5,Touch < 2 Seconds,0.75,7,15,0.467,0.7,0.15,0,3,0.0,0.6,7,12,0.583,2025-26,Regular Season
1629312,"Highsmith, Haywood",2,6,4,Touch 2-6 Seconds,0.25,3,5,0.6,0.7,0.2,2,4,0.5,0.05,1,1,1.0,2025-26,Regular Season
1630529,"Jones, Herbert",1,55,55,Touch < 2 Seconds,0.608,106,288,0.368,0.491,0.141,35,67,0.522,0.466,71,221,0.321,2025-26,Regular Season
1630529,"Jones, Herbert",2,55,50,Touch 2-6 Seconds,0.323,58,153,0.379,0.395,0.262,53,124,0.427,0.061,5,29,0.172,2025-26,Regular Season
1630529,"Jones, Herbert",3,55,20,Touch 6+ Seconds,0.07,17,33,0.515,0.561,0.057,14,27,0.519,0.013,3,6,0.5,2025-26,Regular Season
1642864,"González, Hugo",1,72,60,Touch < 2 Seconds,0.766,84,183,0.459,0.568,0.31,44,74,0.595,0.456,40,109,0.367,2025-26,Regular Season
1642864,"González, Hugo",2,72,36,Touch 2-6 Seconds,0.218,26,52,0.5,0.5,0.205,26,49,0.531,0.013,0,3,0.0,2025-26,Regular Season
1642864,"González, Hugo",3,72,4,Touch 6+ Seconds,0.017,3,4,0.75,0.75,0.017,3,4,0.75,0.0,0,0,,2025-26,Regular Season
1630621,"Dickinson, Hunter",1,1,1,Touch < 2 Seconds,1.0,1,2,0.5,0.5,1.0,1,2,0.5,0.0,0,0,,2025-26,Regular Season
1642282,"Sallis, Hunter",1,7,1,Touch < 2 Seconds,0.2,1,1,1.0,1.0,0.2,1,1,1.0,0.0,0,0,,2025-26,Regular Season
1642282,"Sallis, Hunter",2,7,1,Touch 2-6 Seconds,0.4,1,2,0.5,0.5,0.4,1,2,0.5,0.0,0,0,,2025-26,Regular Season
1642282,"Sallis, Hunter",3,7,2,Touch 6+ Seconds,0.4,1,2,0.5,0.5,0.4,1,2,0.5,0.0,0,0,,2025-26,Regular Season
1641816,"Tyson, Hunter",1,21,17,Touch < 2 Seconds,0.769,10,40,0.25,0.325,0.154,4,8,0.5,0.615,6,32,0.188,2025-26,Regular Season
1641816,"Tyson, Hunter",2,21,7,Touch 2-6 Seconds,0.192,4,10,0.4,0.45,0.173,3,9,0.333,0.019,1,1,1.0,2025-26,Regular Season
1641816,"Tyson, Hunter",3,21,2,Touch 6+ Seconds,0.038,0,2,0.0,0.0,0.038,0,2,0.0,0.0,0,0,,2025-26,Regular Season
1630193,"Quickley, Immanuel",1,67,66,Touch < 2 Seconds,0.503,193,441,0.438,0.6,0.096,50,84,0.595,0.408,143,357,0.401,2025-26,Regular Season
1630193,"Quickley, Immanuel",2,67,64,Touch 2-6 Seconds,0.329,135,288,0.469,0.502,0.253,116,222,0.523,0.075,19,66,0.288,2025-26,Regular Season
1630193,"Quickley, Immanuel",3,67,61,Touch 6+ Seconds,0.168,60,147,0.408,0.442,0.124,50,109,0.459,0.043,10,38,0.263,2025-26,Regular Season
1642403,"Jones, Isaac",1,6,1,Touch < 2 Seconds,0.5,1,2,0.5,0.5,0.25,1,1,1.0,0.25,0,1,0.0,2025-26,Regular Season
1642403,"Jones, Isaac",2,6,2,Touch 2-6 Seconds,0.5,1,2,0.5,0.5,0.5,1,2,0.5,0.0,0,0,,2025-26,Regular Season
1630171,"Okoro, Isaac",1,61,59,Touch < 2 Seconds,0.698,138,303,0.455,0.566,0.242,71,105,0.676,0.456,67,198,0.338,2025-26,Regular Season
1630171,"Okoro, Isaac",2,61,53,Touch 2-6 Seconds,0.293,60,127,0.472,0.488,0.265,56,115,0.487,0.028,4,12,0.333,2025-26,Regular Season
1630171,"Okoro, Isaac",3,61,4,Touch 6+ Seconds,0.009,1,4,0.25,0.375,0.007,0,3,0.0,0.002,1,1,1.0,2025-26,Regular Season
1642268,"Collier, Isaiah",1,59,49,Touch < 2 Seconds,0.239,59,122,0.484,0.549,0.102,43,52,0.827,0.137,16,70,0.229,2025-26,Regular Season
1642268,"Collier, Isaiah",2,59,53,Touch 2-6 Seconds,0.384,102,196,0.52,0.538,0.346,95,177,0.537,0.037,7,19,0.368,2025-26,Regular Season
1642268,"Collier, Isaiah",3,59,57,Touch 6+ Seconds,0.378,93,193,0.482,0.492,0.358,89,183,0.486,0.02,4,10,0.4,2025-26,Regular Season
1642384,"Crawford, Isaiah",1,13,7,Touch < 2 Seconds,0.611,2,11,0.182,0.273,0.111,0,2,0.0,0.5,2,9,0.222,2025-26,Regular Season
1642384,"Crawford, Isaiah",2,13,5,Touch 2-6 Seconds,0.389,4,7,0.571,0.571,0.333,4,6,0.667,0.056,0,1,0.0,2025-26,Regular Season
1628392,"Hartenstein, Isaiah",1,44,43,Touch < 2 Seconds,0.87,157,248,0.633,0.633,0.846,157,241,0.651,0.025,0,7,0.0,2025-26,Regular Season
1628392,"Hartenstein, Isaiah",2,44,19,Touch 2-6 Seconds,0.123,18,35,0.514,0.514,0.123,18,35,0.514,0.0,0,0,,2025-26,Regular Season
1628392,"Hartenstein, Isaiah",3,44,2,Touch 6+ Seconds,0.007,1,2,0.5,0.5,0.007,1,2,0.5,0.0,0,0,,2025-26,Regular Season
1630543,"Jackson, Isaiah",1,55,16,Touch < 2 Seconds,0.847,47,61,0.77,0.77,0.819,47,59,0.797,0.028,0,2,0.0,2025-26,Regular Season
1630543,"Jackson, Isaiah",2,55,10,Touch 2-6 Seconds,0.139,8,10,0.8,0.8,0.139,8,10,0.8,0.0,0,0,,2025-26,Regular Season
1630543,"Jackson, Isaiah",3,55,1,Touch 6+ Seconds,0.014,0,1,0.0,0.0,0.014,0,1,0.0,0.0,0,0,,2025-26,Regular Season
1630198,"Joe, Isaiah",1,68,68,Touch < 2 Seconds,0.779,181,405,0.447,0.638,0.079,26,41,0.634,0.7,155,364,0.426,2025-26,Regular Season
1630198,"Joe, Isaiah",2,68,48,Touch 2-6 Seconds,0.202,46,105,0.438,0.5,0.123,33,64,0.516,0.079,13,41,0.317,2025-26,Regular Season
1630198,"Joe, Isaiah",3,68,8,Touch 6+ Seconds,0.019,5,10,0.5,0.55,0.013,4,7,0.571,0.006,1,3,0.333,2025-26,Regular Season
1630587,"Livers, Isaiah",1,36,24,Touch < 2 Seconds,0.781,18,50,0.36,0.47,0.25,7,16,0.438,0.531,11,34,0.324,2025-26,Regular Season
1630587,"Livers, Isaiah",2,36,10,Touch 2-6 Seconds,0.172,3,11,0.273,0.318,0.094,2,6,0.333,0.078,1,5,0.2,2025-26,Regular Season
1630587,"Livers, Isaiah",3,36,3,Touch 6+ Seconds,0.047,1,3,0.333,0.333,0.031,1,2,0.5,0.016,0,1,0.0,2025-26,Regular Season
1641815,"Stevens, Isaiah",1,3,2,Touch < 2 Seconds,0.429,1,3,0.333,0.333,0.286,1,2,0.5,0.143,0,1,0.0,2025-26,Regular Season
1641815,"Stevens, Isaiah",2,3,2,Touch 2-6 Seconds,0.429,2,3,0.667,0.667,0.429,2,3,0.667,0.0,0,0,,2025-26,Regular Season
1641815,"Stevens, Isaiah",3,3,1,Touch 6+ Seconds,0.143,0,1,0.0,0.0,0.143,0,1,0.0,0.0,0,0,,2025-26,Regular Season
1630191,"Stewart, Isaiah",1,55,54,Touch < 2 Seconds,0.765,162,289,0.561,0.621,0.481,127,182,0.698,0.283,35,107,0.327,2025-26,Regular Season
1630191,"Stewart, Isaiah",2,55,42,Touch 2-6 Seconds,0.225,41,85,0.482,0.488,0.212,40,80,0.5,0.013,1,5,0.2,2025-26,Regular Season
1630191,"Stewart, Isaiah",3,55,4,Touch 6+ Seconds,0.011,2,4,0.5,0.5,0.011,2,4,0.5,0.0,0,0,,2025-26,Regular Season
1627826,"Zubac, Ivica",1,48,5,Touch < 2 Seconds,0.472,16,25,0.64,0.64,0.472,16,25,0.64,0.0,0,0,,2025-26,Regular Season
1627826,"Zubac, Ivica",2,48,5,Touch 2-6 Seconds,0.472,7,25,0.28,0.28,0.472,7,25,0.28,0.0,0,0,,2025-26,Regular Season
1627826,"Zubac, Ivica",3,48,3,Touch 6+ Seconds,0.057,2,3,0.667,0.667,0.057,2,3,0.667,0.0,0,0,,2025-26,Regular Season
1631120,"Davison, JD",1,27,14,Touch < 2 Seconds,0.455,10,25,0.4,0.56,0.055,2,3,0.667,0.4,8,22,0.364,2025-26,Regular Season
1631120,"Davison, JD",2,27,8,Touch 2-6 Seconds,0.255,8,14,0.571,0.571,0.236,8,13,0.615,0.018,0,1,0.0,2025-26,Regular Season
1631120,"Davison, JD",3,27,10,Touch 6+ Seconds,0.291,4,16,0.25,0.25,0.2,4,11,0.364,0.091,0,5,0.0,2025-26,Regular Season
1629630,"Morant, Ja",1,20,19,Touch < 2 Seconds,0.171,22,55,0.4,0.5,0.065,11,21,0.524,0.106,11,34,0.324,2025-26,Regular Season
1629630,"Morant, Ja",2,20,19,Touch 2-6 Seconds,0.419,64,135,0.474,0.5,0.326,57,105,0.543,0.093,7,30,0.233,2025-26,Regular Season
1629630,"Morant, Ja",3,20,20,Touch 6+ Seconds,0.41,46,132,0.348,0.356,0.345,44,111,0.396,0.065,2,21,0.095,2025-26,Regular Season
1642266,"Walter, Ja'Kobe",1,67,65,Touch < 2 Seconds,0.822,136,301,0.452,0.605,0.199,44,73,0.603,0.623,92,228,0.404,2025-26,Regular Season
1642266,"Walter, Ja'Kobe",2,67,40,Touch 2-6 Seconds,0.164,25,60,0.417,0.433,0.137,23,50,0.46,0.027,2,10,0.2,2025-26,Regular Season
1642266,"Walter, Ja'Kobe",3,67,5,Touch 6+ Seconds,0.014,0,5,0.0,0.0,0.014,0,5,0.0,0.0,0,0,,2025-26,Regular Season
1631095,"Smith Jr., Jabari",1,73,73,Touch < 2 Seconds,0.67,275,610,0.451,0.575,0.219,124,199,0.623,0.452,151,411,0.367,2025-26,Regular Season
1631095,"Smith Jr., Jabari",2,73,71,Touch 2-6 Seconds,0.285,127,259,0.49,0.514,0.244,115,222,0.518,0.041,12,37,0.324,2025-26,Regular Season
1631095,"Smith Jr., Jabari",3,73,34,Touch 6+ Seconds,0.045,9,41,0.22,0.232,0.04,8,36,0.222,0.005,1,5,0.2,2025-26,Regular Season
1631133,"Walker, Jabari",1,61,51,Touch < 2 Seconds,0.852,80,179,0.447,0.534,0.41,49,86,0.57,0.443,31,93,0.333,2025-26,Regular Season
1631133,"Walker, Jabari",2,61,22,Touch 2-6 Seconds,0.143,13,30,0.433,0.433,0.138,13,29,0.448,0.005,0,1,0.0,2025-26,Regular Season
1631133,"Walker, Jabari",3,61,1,Touch 6+ Seconds,0.005,1,1,1.0,1.0,0.005,1,1,1.0,0.0,0,0,,2025-26,Regular Season
1631210,"Toppin, Jacob",1,5,3,Touch < 2 Seconds,0.667,3,4,0.75,0.75,0.667,3,4,0.75,0.0,0,0,,2025-26,Regular Season
1631210,"Toppin, Jacob",2,5,2,Touch 2-6 Seconds,0.333,1,2,0.5,0.5,0.333,1,2,0.5,0.0,0,0,,2025-26,Regular Season
1630702,"Hardy, Jaden",1,55,19,Touch < 2 Seconds,0.447,40,92,0.435,0.641,0.019,2,4,0.5,0.427,38,88,0.432,2025-26,Regular Season
1630702,"Hardy, Jaden",2,55,19,Touch 2-6 Seconds,0.35,35,72,0.486,0.549,0.243,26,50,0.52,0.107,9,22,0.409,2025-26,Regular Season
1630702,"Hardy, Jaden",3,55,17,Touch 6+ Seconds,0.204,18,42,0.429,0.464,0.155,15,32,0.469,0.049,3,10,0.3,2025-26,Regular Season
1631093,"Ivey, Jaden",1,37,4,Touch < 2 Seconds,0.528,8,19,0.421,0.605,0.083,1,3,0.333,0.444,7,16,0.438,2025-26,Regular Season
1631093,"Ivey, Jaden",2,37,4,Touch 2-6 Seconds,0.389,5,14,0.357,0.393,0.25,4,9,0.444,0.139,1,5,0.2,2025-26,Regular Season
1631093,"Ivey, Jaden",3,37,3,Touch 6+ Seconds,0.083,2,3,0.667,0.667,0.083,2,3,0.667,0.0,0,0,,2025-26,Regular Season
1630183,"McDaniels, Jaden",1,71,70,Touch < 2 Seconds,0.425,187,325,0.575,0.706,0.186,102,142,0.718,0.239,85,183,0.464,2025-26,Regular Season
1630183,"McDaniels, Jaden",2,71,70,Touch 2-6 Seconds,0.541,194,414,0.469,0.487,0.475,179,363,0.493,0.067,15,51,0.294,2025-26,Regular Season
1630183,"McDaniels, Jaden",3,71,20,Touch 6+ Seconds,0.034,15,26,0.577,0.596,0.029,14,22,0.636,0.005,1,4,0.25,2025-26,Regular Season
1630256,"Tate, Jae'Sean",1,42,26,Touch < 2 Seconds,0.531,28,51,0.549,0.627,0.25,20,24,0.833,0.281,8,27,0.296,2025-26,Regular Season
1630256,"Tate, Jae'Sean",2,42,24,Touch 2-6 Seconds,0.385,17,37,0.459,0.473,0.354,16,34,0.471,0.031,1,3,0.333,2025-26,Regular Season
1630256,"Tate, Jae'Sean",3,42,6,Touch 6+ Seconds,0.083,3,8,0.375,0.375,0.083,3,8,0.375,0.0,0,0,,2025-26,Regular Season
1642942,"Mashack, Jahmai",1,28,24,Touch < 2 Seconds,0.589,36,93,0.387,0.473,0.247,20,39,0.513,0.342,16,54,0.296,2025-26,Regular Season
1642942,"Mashack, Jahmai",2,28,24,Touch 2-6 Seconds,0.386,25,61,0.41,0.41,0.348,25,55,0.455,0.038,0,6,0.0,2025-26,Regular Season
1642942,"Mashack, Jahmai",3,28,4,Touch 6+ Seconds,0.025,2,4,0.5,0.5,0.025,2,4,0.5,0.0,0,0,,2025-26,Regular Season
1642443,"Young, Jahmir",1,11,6,Touch < 2 Seconds,0.409,2,9,0.222,0.333,0.091,0,2,0.0,0.318,2,7,0.286,2025-26,Regular Season
1642443,"Young, Jahmir",2,11,7,Touch 2-6 Seconds,0.5,5,11,0.455,0.455,0.455,5,10,0.5,0.045,0,1,0.0,2025-26,Regular Season
1642443,"Young, Jahmir",3,11,2,Touch 6+ Seconds,0.091,1,2,0.5,0.5,0.091,1,2,0.5,0.0,0,0,,2025-26,Regular Season
1643141,"Telfort, Jahmyl",1,8,3,Touch < 2 Seconds,0.75,0,3,0.0,0.0,0.0,0,0,,0.75,0,3,0.0,2025-26,Regular Season
1643141,"Telfort, Jahmyl",2,8,1,Touch 2-6 Seconds,0.25,0,1,0.0,0.0,0.0,0,0,,0.25,0,1,0.0,2025-26,Regular Season
1631170,"Jaquez Jr., Jaime",1,71,69,Touch < 2 Seconds,0.36,151,304,0.497,0.576,0.175,103,148,0.696,0.185,48,156,0.308,2025-26,Regular Season
1631170,"Jaquez Jr., Jaime",2,71,70,Touch 2-6 Seconds,0.448,193,378,0.511,0.513,0.438,191,370,0.516,0.009,2,8,0.25,2025-26,Regular Season
1631170,"Jaquez Jr., Jaime",3,71,62,Touch 6+ Seconds,0.192,76,162,0.469,0.469,0.191,76,161,0.472,0.001,0,1,0.0,2025-26,Regular Season
1631222,"LaRavia, Jake",1,77,74,Touch < 2 Seconds,0.694,163,343,0.475,0.577,0.259,93,128,0.727,0.435,70,215,0.326,2025-26,Regular Season
1631222,"LaRavia, Jake",2,77,58,Touch 2-6 Seconds,0.275,61,136,0.449,0.46,0.249,58,123,0.472,0.026,3,13,0.231,2025-26,Regular Season
1631222,"LaRavia, Jake",3,77,14,Touch 6+ Seconds,0.03,4,15,0.267,0.267,0.03,4,15,0.267,0.0,0,0,,2025-26,Regular Season
1627751,"Poeltl, Jakob",1,41,40,Touch < 2 Seconds,0.945,182,256,0.711,0.711,0.945,182,256,0.711,0.0,0,0,,2025-26,Regular Season
1627751,"Poeltl, Jakob",2,41,13,Touch 2-6 Seconds,0.055,6,15,0.4,0.4,0.055,6,15,0.4,0.0,0,0,,2025-26,Regular Season
1628973,"Brunson, Jalen",1,71,68,Touch < 2 Seconds,0.208,130,294,0.442,0.607,0.043,33,61,0.541,0.165,97,233,0.416,2025-26,Regular Season
1628973,"Brunson, Jalen",2,71,71,Touch 2-6 Seconds,0.358,231,505,0.457,0.497,0.248,191,350,0.546,0.11,40,155,0.258,2025-26,Regular Season
1628973,"Brunson, Jalen",3,71,71,Touch 6+ Seconds,0.434,295,613,0.481,0.523,0.349,244,493,0.495,0.085,51,120,0.425,2025-26,Regular Season
1631105,"Duren, Jalen",1,66,65,Touch < 2 Seconds,0.606,325,460,0.707,0.707,0.606,325,460,0.707,0.0,0,0,,2025-26,Regular Season
1631105,"Duren, Jalen",2,66,63,Touch 2-6 Seconds,0.344,145,261,0.556,0.556,0.344,145,261,0.556,0.0,0,0,,2025-26,Regular Season
1631105,"Duren, Jalen",3,66,29,Touch 6+ Seconds,0.05,21,38,0.553,0.553,0.05,21,38,0.553,0.0,0,0,,2025-26,Regular Season
1630224,"Green, Jalen",1,29,29,Touch < 2 Seconds,0.288,53,133,0.398,0.538,0.054,16,25,0.64,0.234,37,108,0.343,2025-26,Regular Season
1630224,"Green, Jalen",2,29,29,Touch 2-6 Seconds,0.342,71,158,0.449,0.509,0.223,52,103,0.505,0.119,19,55,0.345,2025-26,Regular Season
1630224,"Green, Jalen",3,29,28,Touch 6+ Seconds,0.37,73,171,0.427,0.462,0.271,61,125,0.488,0.1,12,46,0.261,2025-26,Regular Season
1630552,"Johnson, Jalen",1,69,69,Touch < 2 Seconds,0.376,245,444,0.552,0.65,0.19,158,224,0.705,0.186,87,220,0.395,2025-26,Regular Season
1630552,"Johnson, Jalen",2,69,69,Touch 2-6 Seconds,0.417,229,493,0.465,0.487,0.352,207,416,0.498,0.065,22,77,0.286,2025-26,Regular Season
1630552,"Johnson, Jalen",3,69,63,Touch 6+ Seconds,0.207,108,244,0.443,0.455,0.18,102,213,0.479,0.026,6,31,0.194,2025-26,Regular Season
1629618,"Pickett, Jalen",1,47,35,Touch < 2 Seconds,0.522,46,107,0.43,0.584,0.127,13,26,0.5,0.395,33,81,0.407,2025-26,Regular Season
1629618,"Pickett, Jalen",2,47,24,Touch 2-6 Seconds,0.293,25,60,0.417,0.467,0.21,19,43,0.442,0.083,6,17,0.353,2025-26,Regular Season
1629618,"Pickett, Jalen",3,47,19,Touch 6+ Seconds,0.185,16,38,0.421,0.487,0.107,11,22,0.5,0.078,5,16,0.313,2025-26,Regular Season
1641771,"Slawson, Jalen",1,8,7,Touch < 2 Seconds,0.698,12,30,0.4,0.533,0.14,4,6,0.667,0.558,8,24,0.333,2025-26,Regular Season
1641771,"Slawson, Jalen",2,8,5,Touch 2-6 Seconds,0.302,3,13,0.231,0.231,0.302,3,13,0.231,0.0,0,0,,2025-26,Regular Season
1630188,"Smith, Jalen",1,53,52,Touch < 2 Seconds,0.832,159,336,0.473,0.592,0.307,79,124,0.637,0.525,80,212,0.377,2025-26,Regular Season
1630188,"Smith, Jalen",2,53,36,Touch 2-6 Seconds,0.163,35,66,0.53,0.545,0.144,33,58,0.569,0.02,2,8,0.25,2025-26,Regular Season
1630188,"Smith, Jalen",3,53,1,Touch 6+ Seconds,0.005,1,2,0.5,0.5,0.005,1,2,0.5,0.0,0,0,,2025-26,Regular Season
1630591,"Suggs, Jalen",1,52,51,Touch < 2 Seconds,0.441,109,258,0.422,0.574,0.084,31,49,0.633,0.357,78,209,0.373,2025-26,Regular Season
1630591,"Suggs, Jalen",2,52,52,Touch 2-6 Seconds,0.398,112,233,0.481,0.517,0.285,95,167,0.569,0.113,17,66,0.258,2025-26,Regular Season
1630591,"Suggs, Jalen",3,52,38,Touch 6+ Seconds,0.161,37,94,0.394,0.436,0.092,29,54,0.537,0.068,8,40,0.2,2025-26,Regular Season
1631114,"Williams, Jalen",1,31,30,Touch < 2 Seconds,0.246,50,104,0.481,0.563,0.13,33,55,0.6,0.116,17,49,0.347,2025-26,Regular Season
1631114,"Williams, Jalen",2,31,31,Touch 2-6 Seconds,0.41,87,173,0.503,0.506,0.382,86,161,0.534,0.028,1,12,0.083,2025-26,Regular Season
1631114,"Williams, Jalen",3,31,31,Touch 6+ Seconds,0.344,66,145,0.455,0.469,0.315,62,133,0.466,0.028,4,12,0.333,2025-26,Regular Season
1630592,"Wilson, Jalen",1,49,45,Touch < 2 Seconds,0.635,56,148,0.378,0.534,0.069,10,16,0.625,0.567,46,132,0.348,2025-26,Regular Season
1630592,"Wilson, Jalen",2,49,30,Touch 2-6 Seconds,0.283,28,66,0.424,0.447,0.262,25,61,0.41,0.021,3,5,0.6,2025-26,Regular Season
1630592,"Wilson, Jalen",3,49,15,Touch 6+ Seconds,0.082,6,19,0.316,0.316,0.077,6,18,0.333,0.004,0,1,0.0,2025-26,Regular Season
1631288,"Cain, Jamal",1,35,25,Touch < 2 Seconds,0.669,41,83,0.494,0.614,0.242,21,30,0.7,0.427,20,53,0.377,2025-26,Regular Season
1631288,"Cain, Jamal",2,35,20,Touch 2-6 Seconds,0.306,16,38,0.421,0.474,0.242,12,30,0.4,0.065,4,8,0.5,2025-26,Regular Season
1631288,"Cain, Jamal",3,35,3,Touch 6+ Seconds,0.024,1,3,0.333,0.333,0.024,1,3,0.333,0.0,0,0,,2025-26,Regular Season
1627750,"Murray, Jamal",1,72,71,Touch < 2 Seconds,0.234,158,307,0.515,0.687,0.061,52,80,0.65,0.173,106,227,0.467,2025-26,Regular Season
1627750,"Murray, Jamal",2,72,71,Touch 2-6 Seconds,0.385,241,505,0.477,0.546,0.256,172,336,0.512,0.129,69,169,0.408,2025-26,Regular Season
1627750,"Murray, Jamal",3,72,72,Touch 6+ Seconds,0.381,235,499,0.471,0.528,0.275,178,360,0.494,0.106,57,139,0.41,2025-26,Regular Season
1642347,"Shead, Jamal",1,77,74,Touch < 2 Seconds,0.548,92,256,0.359,0.49,0.103,25,48,0.521,0.445,67,208,0.322,2025-26,Regular Season
1642347,"Shead, Jamal",2,77,60,Touch 2-6 Seconds,0.246,43,115,0.374,0.409,0.199,35,93,0.376,0.047,8,22,0.364,2025-26,Regular Season
1642347,"Shead, Jamal",3,77,49,Touch 6+ Seconds,0.206,39,96,0.406,0.427,0.171,35,80,0.438,0.034,4,16,0.25,2025-26,Regular Season
1631123,"Bouyea, Jamaree",1,42,28,Touch < 2 Seconds,0.27,25,55,0.455,0.545,0.078,15,16,0.938,0.191,10,39,0.256,2025-26,Regular Season
1631123,"Bouyea, Jamaree",2,42,34,Touch 2-6 Seconds,0.51,51,104,0.49,0.514,0.426,46,87,0.529,0.083,5,17,0.294,2025-26,Regular Season
1631123,"Bouyea, Jamaree",3,42,24,Touch 6+ Seconds,0.221,19,45,0.422,0.478,0.167,14,34,0.412,0.054,5,11,0.455,2025-26,Regular Season
201935,"Harden, James",1,67,19,Touch < 2 Seconds,0.224,28,67,0.418,0.612,0.02,2,6,0.333,0.204,26,61,0.426,2025-26,Regular Season
201935,"Harden, James",2,67,21,Touch 2-6 Seconds,0.294,38,88,0.432,0.534,0.154,20,46,0.435,0.14,18,42,0.429,2025-26,Regular Season
201935,"Harden, James",3,67,23,Touch 6+ Seconds,0.482,78,144,0.542,0.628,0.301,53,90,0.589,0.181,25,54,0.463,2025-26,Regular Season
1630164,"Wiseman, James",1,4,4,Touch < 2 Seconds,0.7,4,7,0.571,0.571,0.7,4,7,0.571,0.0,0,0,,2025-26,Regular Season
1630164,"Wiseman, James",2,4,2,Touch 2-6 Seconds,0.3,2,3,0.667,0.667,0.3,2,3,0.667,0.0,0,0,,2025-26,Regular Season
1642364,"Watkins, Jamir",1,45,39,Touch < 2 Seconds,0.704,70,164,0.427,0.53,0.227,36,53,0.679,0.476,34,111,0.306,2025-26,Regular Season
1642364,"Watkins, Jamir",2,45,30,Touch 2-6 Seconds,0.288,32,67,0.478,0.485,0.24,31,56,0.554,0.047,1,11,0.091,2025-26,Regular Season
1642364,"Watkins, Jamir",3,45,2,Touch 6+ Seconds,0.009,2,2,1.0,1.0,0.009,2,2,1.0,0.0,0,0,,2025-26,Regular Season
1642419,"Battle, Jamison",1,56,44,Touch < 2 Seconds,0.838,58,114,0.509,0.649,0.301,26,41,0.634,0.537,32,73,0.438,2025-26,Regular Season
1642419,"Battle, Jamison",2,56,18,Touch 2-6 Seconds,0.162,11,22,0.5,0.568,0.096,8,13,0.615,0.066,3,9,0.333,2025-26,Regular Season
1641716,"Walker, Jarace",1,73,73,Touch < 2 Seconds,0.53,169,367,0.46,0.608,0.144,61,100,0.61,0.385,108,267,0.404,2025-26,Regular Season
1641716,"Walker, Jarace",2,73,70,Touch 2-6 Seconds,0.427,113,296,0.382,0.41,0.336,96,233,0.412,0.091,17,63,0.27,2025-26,Regular Season
1641716,"Walker, Jarace",3,73,21,Touch 6+ Seconds,0.043,10,30,0.333,0.367,0.032,8,22,0.364,0.012,2,8,0.25,2025-26,Regular Season
1642272,"McCain, Jared",1,62,25,Touch < 2 Seconds,0.481,46,101,0.455,0.649,0.038,7,8,0.875,0.443,39,93,0.419,2025-26,Regular Season
1642272,"McCain, Jared",2,62,24,Touch 2-6 Seconds,0.4,44,84,0.524,0.565,0.319,37,67,0.552,0.081,7,17,0.412,2025-26,Regular Season
1642272,"McCain, Jared",3,62,17,Touch 6+ Seconds,0.119,7,25,0.28,0.3,0.086,6,18,0.333,0.033,1,7,0.143,2025-26,Regular Season
1628991,"Jackson Jr., Jaren",1,48,3,Touch < 2 Seconds,0.469,10,23,0.435,0.543,0.163,5,8,0.625,0.306,5,15,0.333,2025-26,Regular Season
1628991,"Jackson Jr., Jaren",2,48,3,Touch 2-6 Seconds,0.469,13,23,0.565,0.565,0.469,13,23,0.565,0.0,0,0,,2025-26,Regular Season
1628991,"Jackson Jr., Jaren",3,48,3,Touch 6+ Seconds,0.061,1,3,0.333,0.333,0.061,1,3,0.333,0.0,0,0,,2025-26,Regular Season
1629020,"Vanderbilt, Jarred",1,60,54,Touch < 2 Seconds,0.821,84,183,0.459,0.533,0.413,57,92,0.62,0.408,27,91,0.297,2025-26,Regular Season
1629020,"Vanderbilt, Jarred",2,60,24,Touch 2-6 Seconds,0.161,17,36,0.472,0.472,0.161,17,36,0.472,0.0,0,0,,2025-26,Regular Season
1629020,"Vanderbilt, Jarred",3,60,2,Touch 6+ Seconds,0.018,3,4,0.75,0.75,0.018,3,4,0.75,0.0,0,0,,2025-26,Regular Season
1628386,"Allen, Jarrett",1,54,54,Touch < 2 Seconds,0.782,262,398,0.658,0.66,0.768,261,391,0.668,0.014,1,7,0.143,2025-26,Regular Season
1628386,"Allen, Jarrett",2,54,45,Touch 2-6 Seconds,0.214,64,109,0.587,0.587,0.208,64,106,0.604,0.006,0,3,0.0,2025-26,Regular Season
1628386,"Allen, Jarrett",3,54,2,Touch 6+ Seconds,0.004,1,2,0.5,0.5,0.004,1,2,0.5,0.0,0,0,,2025-26,Regular Season
1642859,"Richardson, Jase",1,51,37,Touch < 2 Seconds,0.475,39,86,0.453,0.587,0.144,16,26,0.615,0.331,23,60,0.383,2025-26,Regular Season
1642859,"Richardson, Jase",2,51,31,Touch 2-6 Seconds,0.442,41,80,0.513,0.544,0.354,36,64,0.563,0.088,5,16,0.313,2025-26,Regular Season
1642859,"Richardson, Jase",3,51,13,Touch 6+ Seconds,0.083,4,15,0.267,0.267,0.072,4,13,0.308,0.011,0,2,0.0,2025-26,Regular Season
1642914,"Small, Javon",1,40,35,Touch < 2 Seconds,0.349,46,94,0.489,0.628,0.138,20,37,0.541,0.212,26,57,0.456,2025-26,Regular Season
1642914,"Small, Javon",2,40,34,Touch 2-6 Seconds,0.472,58,127,0.457,0.531,0.294,39,79,0.494,0.178,19,48,0.396,2025-26,Regular Season
1642914,"Small, Javon",3,40,24,Touch 6+ Seconds,0.178,23,48,0.479,0.615,0.078,10,21,0.476,0.1,13,27,0.481,2025-26,Regular Season
1631451,"Cooke, Javonte",1,19,13,Touch < 2 Seconds,0.683,7,28,0.25,0.286,0.195,5,8,0.625,0.488,2,20,0.1,2025-26,Regular Season
1631451,"Cooke, Javonte",2,19,6,Touch 2-6 Seconds,0.195,1,8,0.125,0.125,0.146,1,6,0.167,0.049,0,2,0.0,2025-26,Regular Season
1631451,"Cooke, Javonte",3,19,5,Touch 6+ Seconds,0.122,1,5,0.2,0.3,0.098,0,4,0.0,0.024,1,1,1.0,2025-26,Regular Season
1629750,"Green, Javonte",1,77,75,Touch < 2 Seconds,0.869,150,337,0.445,0.57,0.284,66,110,0.6,0.585,84,227,0.37,2025-26,Regular Season
1629750,"Green, Javonte",2,77,31,Touch 2-6 Seconds,0.129,21,50,0.42,0.44,0.119,19,46,0.413,0.01,2,4,0.5,2025-26,Regular Season
1629750,"Green, Javonte",3,77,1,Touch 6+ Seconds,0.003,0,1,0.0,0.0,0.003,0,1,0.0,0.0,0,0,,2025-26,Regular Season
1629637,"Hayes, Jaxson",1,65,63,Touch < 2 Seconds,0.913,173,230,0.752,0.759,0.901,170,227,0.749,0.012,3,3,1.0,2025-26,Regular Season
1629637,"Hayes, Jaxson",2,65,18,Touch 2-6 Seconds,0.087,17,22,0.773,0.773,0.087,17,22,0.773,0.0,0,0,,2025-26,Regular Season
1630643,"Huff, Jay",1,77,75,Touch < 2 Seconds,0.822,204,471,0.433,0.549,0.22,95,126,0.754,0.602,109,345,0.316,2025-26,Regular Season
1630643,"Huff, Jay",2,77,50,Touch 2-6 Seconds,0.178,66,102,0.647,0.667,0.159,62,91,0.681,0.019,4,11,0.364,2025-26,Regular Season
1627759,"Brown, Jaylen",1,68,65,Touch < 2 Seconds,0.189,120,280,0.429,0.539,0.063,58,94,0.617,0.126,62,186,0.333,2025-26,Regular Season
1627759,"Brown, Jaylen",2,68,68,Touch 2-6 Seconds,0.492,356,728,0.489,0.521,0.4,309,592,0.522,0.092,47,136,0.346,2025-26,Regular Season
1627759,"Brown, Jaylen",3,68,68,Touch 6+ Seconds,0.319,228,473,0.482,0.508,0.275,203,407,0.499,0.045,25,66,0.379,2025-26,Regular Season
1641740,"Clark, Jaylen",1,63,57,Touch < 2 Seconds,0.722,64,143,0.448,0.535,0.308,39,61,0.639,0.414,25,82,0.305,2025-26,Regular Season
1641740,"Clark, Jaylen",2,63,33,Touch 2-6 Seconds,0.258,22,51,0.431,0.441,0.253,21,50,0.42,0.005,1,1,1.0,2025-26,Regular Season
1641740,"Clark, Jaylen",3,63,4,Touch 6+ Seconds,0.02,0,4,0.0,0.0,0.02,0,4,0.0,0.0,0,0,,2025-26,Regular Season
1642377,"Wells, Jaylen",1,69,69,Touch < 2 Seconds,0.645,186,450,0.413,0.541,0.186,71,130,0.546,0.458,115,320,0.359,2025-26,Regular Season
1642377,"Wells, Jaylen",2,69,67,Touch 2-6 Seconds,0.308,98,215,0.456,0.484,0.251,86,175,0.491,0.057,12,40,0.3,2025-26,Regular Season
1642377,"Wells, Jaylen",3,69,28,Touch 6+ Seconds,0.047,17,33,0.515,0.545,0.04,15,28,0.536,0.007,2,5,0.4,2025-26,Regular Season
1631119,"Williams, Jaylin",1,62,62,Touch < 2 Seconds,0.857,123,294,0.418,0.575,0.155,31,53,0.585,0.703,92,241,0.382,2025-26,Regular Season
1631119,"Williams, Jaylin",2,62,31,Touch 2-6 Seconds,0.137,22,47,0.468,0.5,0.114,19,39,0.487,0.023,3,8,0.375,2025-26,Regular Season
1631119,"Williams, Jaylin",3,62,2,Touch 6+ Seconds,0.006,0,2,0.0,0.0,0.006,0,2,0.0,0.0,0,0,,2025-26,Regular Season
1642281,"Tyson, Jaylon",1,64,64,Touch < 2 Seconds,0.75,236,479,0.493,0.625,0.315,109,201,0.542,0.435,127,278,0.457,2025-26,Regular Season
1642281,"Tyson, Jaylon",2,64,52,Touch 2-6 Seconds,0.222,76,142,0.535,0.542,0.213,74,136,0.544,0.009,2,6,0.333,2025-26,Regular Season
1642281,"Tyson, Jaylon",3,64,15,Touch 6+ Seconds,0.028,5,18,0.278,0.306,0.025,4,16,0.25,0.003,1,2,0.5,2025-26,Regular Season
1643257,"Kent, Jayson",1,3,3,Touch < 2 Seconds,0.833,3,5,0.6,0.7,0.333,2,2,1.0,0.5,1,3,0.333,2025-26,Regular Season
1643257,"Kent, Jayson",2,3,1,Touch 2-6 Seconds,0.167,1,1,1.0,1.0,0.167,1,1,1.0,0.0,0,0,,2025-26,Regular Season
1628369,"Tatum, Jayson",1,13,13,Touch < 2 Seconds,0.251,24,59,0.407,0.525,0.077,10,18,0.556,0.174,14,41,0.341,2025-26,Regular Season
1628369,"Tatum, Jayson",2,13,13,Touch 2-6 Seconds,0.387,37,91,0.407,0.467,0.23,26,54,0.481,0.157,11,37,0.297,2025-26,Regular Season
1628369,"Tatum, Jayson",3,13,13,Touch 6+ Seconds,0.362,35,85,0.412,0.5,0.183,20,43,0.465,0.179,15,42,0.357,2025-26,Regular Season
201145,"Green, Jeff",1,29,23,Touch < 2 Seconds,0.75,17,45,0.378,0.5,0.133,6,8,0.75,0.617,11,37,0.297,2025-26,Regular Season
201145,"Green, Jeff",2,29,10,Touch 2-6 Seconds,0.233,6,14,0.429,0.464,0.183,5,11,0.455,0.05,1,3,0.333,2025-26,Regular Season
201145,"Green, Jeff",3,29,1,Touch 6+ Seconds,0.017,0,1,0.0,0.0,0.017,0,1,0.0,0.0,0,0,,2025-26,Regular Season
203924,"Grant, Jerami",1,57,56,Touch < 2 Seconds,0.547,175,398,0.44,0.602,0.091,46,66,0.697,0.456,129,332,0.389,2025-26,Regular Season
203924,"Grant, Jerami",2,57,56,Touch 2-6 Seconds,0.334,123,243,0.506,0.519,0.313,117,228,0.513,0.021,6,15,0.4,2025-26,Regular Season
203924,"Grant, Jerami",3,57,44,Touch 6+ Seconds,0.12,33,87,0.379,0.385,0.115,32,84,0.381,0.004,1,3,0.333,2025-26,Regular Season
1642847,"Fears, Jeremiah",1,78,74,Touch < 2 Seconds,0.325,127,294,0.432,0.539,0.118,64,107,0.598,0.206,63,187,0.337,2025-26,Regular Season
1642847,"Fears, Jeremiah",2,78,77,Touch 2-6 Seconds,0.419,164,380,0.432,0.454,0.363,147,329,0.447,0.056,17,51,0.333,2025-26,Regular Season
1642847,"Fears, Jeremiah",3,78,76,Touch 6+ Seconds,0.256,100,232,0.431,0.463,0.213,85,193,0.44,0.043,15,39,0.385,2025-26,Regular Season
1630526,"Robinson-Earl, Jeremiah",1,22,4,Touch < 2 Seconds,0.824,6,14,0.429,0.5,0.353,4,6,0.667,0.471,2,8,0.25,2025-26,Regular Season
1630526,"Robinson-Earl, Jeremiah",2,22,3,Touch 2-6 Seconds,0.176,2,3,0.667,0.667,0.176,2,3,0.667,0.0,0,0,,2025-26,Regular Season
1631110,"Sochan, Jeremy",1,42,11,Touch < 2 Seconds,0.857,12,18,0.667,0.667,0.667,12,14,0.857,0.19,0,4,0.0,2025-26,Regular Season
1631110,"Sochan, Jeremy",2,42,3,Touch 2-6 Seconds,0.143,1,3,0.333,0.333,0.143,1,3,0.333,0.0,0,0,,2025-26,Regular Season
1630579,"Sims, Jericho",1,62,50,Touch < 2 Seconds,0.893,108,134,0.806,0.806,0.893,108,134,0.806,0.0,0,0,,2025-26,Regular Season
1630579,"Sims, Jericho",2,62,13,Touch 2-6 Seconds,0.107,11,16,0.688,0.688,0.107,11,16,0.688,0.0,0,0,,2025-26,Regular Season
1641724,"Howard, Jett",1,55,52,Touch < 2 Seconds,0.61,65,153,0.425,0.572,0.12,20,30,0.667,0.49,45,123,0.366,2025-26,Regular Season
1641724,"Howard, Jett",2,55,39,Touch 2-6 Seconds,0.343,37,86,0.43,0.477,0.271,29,68,0.426,0.072,8,18,0.444,2025-26,Regular Season
1641724,"Howard, Jett",3,55,11,Touch 6+ Seconds,0.048,3,12,0.25,0.292,0.032,2,8,0.25,0.016,1,4,0.25,2025-26,Regular Season
1628975,"Carter, Jevon",1,48,25,Touch < 2 Seconds,0.582,33,103,0.32,0.461,0.045,4,8,0.5,0.537,29,95,0.305,2025-26,Regular Season
1628975,"Carter, Jevon",2,48,23,Touch 2-6 Seconds,0.305,27,54,0.5,0.583,0.198,18,35,0.514,0.107,9,19,0.474,2025-26,Regular Season
1628975,"Carter, Jevon",3,48,14,Touch 6+ Seconds,0.113,8,20,0.4,0.425,0.068,7,12,0.583,0.045,1,8,0.125,2025-26,Regular Season
202710,"Butler III, Jimmy",1,38,37,Touch < 2 Seconds,0.469,121,216,0.56,0.609,0.347,100,160,0.625,0.121,21,56,0.375,2025-26,Regular Season
202710,"Butler III, Jimmy",2,38,38,Touch 2-6 Seconds,0.325,72,150,0.48,0.507,0.275,64,127,0.504,0.05,8,23,0.348,2025-26,Regular Season
202710,"Butler III, Jimmy",3,38,34,Touch 6+ Seconds,0.206,47,95,0.495,0.511,0.193,44,89,0.494,0.013,3,6,0.5,2025-26,Regular Season
1642866,"Beringer, Joan",1,35,26,Touch < 2 Seconds,0.942,41,65,0.631,0.631,0.942,41,65,0.631,0.0,0,0,,2025-26,Regular Season
1642866,"Beringer, Joan",2,35,4,Touch 2-6 Seconds,0.058,4,4,1.0,1.0,0.058,4,4,1.0,0.0,0,0,,2025-26,Regular Season
1629111,"Landale, Jock",1,68,23,Touch < 2 Seconds,0.887,74,141,0.525,0.613,0.497,49,79,0.62,0.39,25,62,0.403,2025-26,Regular Season
1629111,"Landale, Jock",2,68,12,Touch 2-6 Seconds,0.113,8,18,0.444,0.444,0.101,8,16,0.5,0.013,0,2,0.0,2025-26,Regular Season
204060,"Ingles, Joe",1,25,5,Touch < 2 Seconds,0.538,4,7,0.571,0.786,0.077,1,1,1.0,0.462,3,6,0.5,2025-26,Regular Season
204060,"Ingles, Joe",2,25,4,Touch 2-6 Seconds,0.308,3,4,0.75,0.75,0.231,3,3,1.0,0.077,0,1,0.0,2025-26,Regular Season
204060,"Ingles, Joe",3,25,2,Touch 6+ Seconds,0.154,0,2,0.0,0.0,0.077,0,1,0.0,0.077,0,1,0.0,2025-26,Regular Season
203954,"Embiid, Joel",1,37,37,Touch < 2 Seconds,0.471,158,319,0.495,0.56,0.294,117,199,0.588,0.177,41,120,0.342,2025-26,Regular Season
203954,"Embiid, Joel",2,37,37,Touch 2-6 Seconds,0.434,143,294,0.486,0.498,0.389,136,264,0.515,0.044,7,30,0.233,2025-26,Regular Season
203954,"Embiid, Joel",3,37,27,Touch 6+ Seconds,0.096,32,65,0.492,0.515,0.091,29,62,0.468,0.004,3,3,1.0,2025-26,Regular Season
1628381,"Collins, John",1,64,64,Touch < 2 Seconds,0.678,237,408,0.581,0.683,0.349,154,210,0.733,0.329,83,198,0.419,2025-26,Regular Season
1628381,"Collins, John",2,64,58,Touch 2-6 Seconds,0.304,97,183,0.53,0.53,0.299,97,180,0.539,0.005,0,3,0.0,2025-26,Regular Season
1628381,"Collins, John",3,64,10,Touch 6+ Seconds,0.018,3,11,0.273,0.273,0.017,3,10,0.3,0.002,0,1,0.0,2025-26,Regular Season
1629723,"Konchar, John",1,52,22,Touch < 2 Seconds,0.82,33,82,0.402,0.47,0.35,22,35,0.629,0.47,11,47,0.234,2025-26,Regular Season
1629723,"Konchar, John",2,52,13,Touch 2-6 Seconds,0.18,11,18,0.611,0.639,0.15,10,15,0.667,0.03,1,3,0.333,2025-26,Regular Season
1642967,"Poulakidas, John",1,8,8,Touch < 2 Seconds,0.825,10,33,0.303,0.455,0.05,0,2,0.0,0.775,10,31,0.323,2025-26,Regular Season
1642967,"Poulakidas, John",2,8,5,Touch 2-6 Seconds,0.175,5,7,0.714,0.857,0.075,3,3,1.0,0.1,2,4,0.5,2025-26,Regular Season
1642910,"Tonje, John",1,5,2,Touch < 2 Seconds,1.0,0,2,0.0,0.0,0.0,0,0,,1.0,0,2,0.0,2025-26,Regular Season
1641780,"Broome, Johni",1,11,5,Touch < 2 Seconds,0.833,2,20,0.1,0.1,0.625,2,15,0.133,0.208,0,5,0.0,2025-26,Regular Season
1641780,"Broome, Johni",2,11,3,Touch 2-6 Seconds,0.167,2,4,0.5,0.5,0.167,2,4,0.5,0.0,0,0,,2025-26,Regular Season
1642277,"Furphy, Johnny",1,35,32,Touch < 2 Seconds,0.779,55,116,0.474,0.569,0.322,33,48,0.688,0.456,22,68,0.324,2025-26,Regular Season
1642277,"Furphy, Johnny",2,35,18,Touch 2-6 Seconds,0.215,15,32,0.469,0.484,0.195,14,29,0.483,0.02,1,3,0.333,2025-26,Regular Season
1642277,"Furphy, Johnny",3,35,1,Touch 6+ Seconds,0.007,0,1,0.0,0.0,0.007,0,1,0.0,0.0,0,0,,2025-26,Regular Season
1630548,"Juzang, Johnny",1,21,13,Touch < 2 Seconds,0.526,6,20,0.3,0.4,0.053,2,2,1.0,0.474,4,18,0.222,2025-26,Regular Season
1630548,"Juzang, Johnny",2,21,9,Touch 2-6 Seconds,0.316,7,12,0.583,0.625,0.211,6,8,0.75,0.105,1,4,0.25,2025-26,Regular Season
1630548,"Juzang, Johnny",3,21,5,Touch 6+ Seconds,0.158,3,6,0.5,0.583,0.105,2,4,0.5,0.053,1,2,0.5,2025-26,Regular Season
202685,"Valančiūnas, Jonas",1,60,57,Touch < 2 Seconds,0.607,120,207,0.58,0.589,0.56,116,191,0.607,0.047,4,16,0.25,2025-26,Regular Season
202685,"Valančiūnas, Jonas",2,60,51,Touch 2-6 Seconds,0.328,61,112,0.545,0.554,0.32,59,109,0.541,0.009,2,3,0.667,2025-26,Regular Season
202685,"Valančiūnas, Jonas",3,60,18,Touch 6+ Seconds,0.065,14,22,0.636,0.636,0.062,14,21,0.667,0.003,0,1,0.0,2025-26,Regular Season
1628371,"Isaac, Jonathan",1,52,41,Touch < 2 Seconds,0.835,41,91,0.451,0.489,0.486,34,53,0.642,0.349,7,38,0.184,2025-26,Regular Season
1628371,"Isaac, Jonathan",2,52,17,Touch 2-6 Seconds,0.165,5,18,0.278,0.278,0.165,5,18,0.278,0.0,0,0,,2025-26,Regular Season
1630228,"Kuminga, Jonathan",1,33,12,Touch < 2 Seconds,0.421,26,45,0.578,0.722,0.168,13,18,0.722,0.252,13,27,0.481,2025-26,Regular Season
1630228,"Kuminga, Jonathan",2,33,13,Touch 2-6 Seconds,0.477,23,51,0.451,0.48,0.402,20,43,0.465,0.075,3,8,0.375,2025-26,Regular Season
1630228,"Kuminga, Jonathan",3,33,8,Touch 6+ Seconds,0.103,3,11,0.273,0.273,0.103,3,11,0.273,0.0,0,0,,2025-26,Regular Season
1642367,"Mogbo, Jonathan",1,35,18,Touch < 2 Seconds,0.805,19,33,0.576,0.576,0.78,19,32,0.594,0.024,0,1,0.0,2025-26,Regular Season
1642367,"Mogbo, Jonathan",2,35,8,Touch 2-6 Seconds,0.195,4,8,0.5,0.5,0.195,4,8,0.5,0.0,0,0,,2025-26,Regular Season
203903,"Clarkson, Jordan",1,68,65,Touch < 2 Seconds,0.536,120,270,0.444,0.561,0.179,57,90,0.633,0.357,63,180,0.35,2025-26,Regular Season
203903,"Clarkson, Jordan",2,68,61,Touch 2-6 Seconds,0.331,78,167,0.467,0.488,0.282,71,142,0.5,0.05,7,25,0.28,2025-26,Regular Season
203903,"Clarkson, Jordan",3,68,38,Touch 6+ Seconds,0.133,29,67,0.433,0.433,0.123,29,62,0.468,0.01,0,5,0.0,2025-26,Regular Season
1630692,"Goodwin, Jordan",1,67,65,Touch < 2 Seconds,0.659,142,353,0.402,0.53,0.19,52,102,0.51,0.468,90,251,0.359,2025-26,Regular Season
1630692,"Goodwin, Jordan",2,67,59,Touch 2-6 Seconds,0.287,66,154,0.429,0.464,0.231,55,124,0.444,0.056,11,30,0.367,2025-26,Regular Season
1630692,"Goodwin, Jordan",3,67,21,Touch 6+ Seconds,0.054,9,29,0.31,0.362,0.037,6,20,0.3,0.017,3,9,0.333,2025-26,Regular Season
1641722,"Hawkins, Jordan",1,47,42,Touch < 2 Seconds,0.617,41,124,0.331,0.464,0.154,8,31,0.258,0.463,33,93,0.355,2025-26,Regular Season
1641722,"Hawkins, Jordan",2,47,33,Touch 2-6 Seconds,0.338,25,68,0.368,0.397,0.244,21,49,0.429,0.095,4,19,0.211,2025-26,Regular Season
1641722,"Hawkins, Jordan",3,47,8,Touch 6+ Seconds,0.045,3,9,0.333,0.444,0.025,1,5,0.2,0.02,2,4,0.5,2025-26,Regular Season
1629162,"McLaughlin, Jordan",1,41,22,Touch < 2 Seconds,0.52,17,39,0.436,0.615,0.053,3,4,0.75,0.467,14,35,0.4,2025-26,Regular Season
1629162,"McLaughlin, Jordan",2,41,21,Touch 2-6 Seconds,0.36,10,27,0.37,0.37,0.333,10,25,0.4,0.027,0,2,0.0,2025-26,Regular Season
1629162,"McLaughlin, Jordan",3,41,7,Touch 6+ Seconds,0.12,4,9,0.444,0.556,0.093,2,7,0.286,0.027,2,2,1.0,2025-26,Regular Season
1641757,"Miller, Jordan",1,55,48,Touch < 2 Seconds,0.413,69,151,0.457,0.553,0.178,40,65,0.615,0.235,29,86,0.337,2025-26,Regular Season
1641757,"Miller, Jordan",2,55,47,Touch 2-6 Seconds,0.396,88,145,0.607,0.614,0.374,86,137,0.628,0.022,2,8,0.25,2025-26,Regular Season
1641757,"Miller, Jordan",3,55,39,Touch 6+ Seconds,0.191,34,70,0.486,0.486,0.183,34,67,0.507,0.008,0,3,0.0,2025-26,Regular Season
1629673,"Poole, Jordan",1,37,36,Touch < 2 Seconds,0.436,64,179,0.358,0.503,0.049,12,20,0.6,0.387,52,159,0.327,2025-26,Regular Season
1629673,"Poole, Jordan",2,37,34,Touch 2-6 Seconds,0.338,58,139,0.417,0.507,0.173,33,71,0.465,0.165,25,68,0.368,2025-26,Regular Season
1629673,"Poole, Jordan",3,37,32,Touch 6+ Seconds,0.226,28,93,0.301,0.355,0.129,18,53,0.34,0.097,10,40,0.25,2025-26,Regular Season
1641775,"Walsh, Jordan",1,63,53,Touch < 2 Seconds,0.715,89,173,0.514,0.639,0.281,46,68,0.676,0.434,43,105,0.41,2025-26,Regular Season
1641775,"Walsh, Jordan",2,63,45,Touch 2-6 Seconds,0.281,34,68,0.5,0.5,0.26,34,63,0.54,0.021,0,5,0.0,2025-26,Regular Season
1641775,"Walsh, Jordan",3,63,1,Touch 6+ Seconds,0.004,1,1,1.0,1.0,0.004,1,1,1.0,0.0,0,0,,2025-26,Regular Season
1630631,"Alvarado, Jose",1,67,19,Touch < 2 Seconds,0.456,31,67,0.463,0.627,0.088,9,13,0.692,0.367,22,54,0.407,2025-26,Regular Season
1630631,"Alvarado, Jose",2,67,21,Touch 2-6 Seconds,0.299,17,44,0.386,0.409,0.184,15,27,0.556,0.116,2,17,0.118,2025-26,Regular Season
1630631,"Alvarado, Jose",3,67,20,Touch 6+ Seconds,0.245,12,36,0.333,0.361,0.17,10,25,0.4,0.075,2,11,0.182,2025-26,Regular Season
1630581,"Giddey, Josh",1,54,54,Touch < 2 Seconds,0.382,123,274,0.449,0.584,0.112,49,80,0.613,0.271,74,194,0.381,2025-26,Regular Season
1630581,"Giddey, Josh",2,54,54,Touch 2-6 Seconds,0.45,145,323,0.449,0.489,0.346,119,248,0.48,0.105,26,75,0.347,2025-26,Regular Season
1630581,"Giddey, Josh",3,54,44,Touch 6+ Seconds,0.167,53,120,0.442,0.454,0.148,50,106,0.472,0.02,3,14,0.214,2025-26,Regular Season
1630182,"Green, Josh",1,54,49,Touch < 2 Seconds,0.83,68,146,0.466,0.658,0.091,12,16,0.75,0.739,56,130,0.431,2025-26,Regular Season
1630182,"Green, Josh",2,54,22,Touch 2-6 Seconds,0.17,13,30,0.433,0.433,0.153,13,27,0.481,0.017,0,3,0.0,2025-26,Regular Season
1628404,"Hart, Josh",1,63,61,Touch < 2 Seconds,0.479,137,274,0.5,0.62,0.178,71,102,0.696,0.301,66,172,0.384,2025-26,Regular Season
1628404,"Hart, Josh",2,63,61,Touch 2-6 Seconds,0.453,135,259,0.521,0.568,0.365,111,209,0.531,0.087,24,50,0.48,2025-26,Regular Season
1628404,"Hart, Josh",3,63,28,Touch 6+ Seconds,0.068,18,39,0.462,0.526,0.051,13,29,0.448,0.017,5,10,0.5,2025-26,Regular Season
1631169,"Minott, Josh",1,48,14,Touch < 2 Seconds,0.676,34,71,0.479,0.655,0.095,9,10,0.9,0.581,25,61,0.41,2025-26,Regular Season
1631169,"Minott, Josh",2,48,10,Touch 2-6 Seconds,0.267,16,28,0.571,0.643,0.181,12,19,0.632,0.086,4,9,0.444,2025-26,Regular Season
1631169,"Minott, Josh",3,48,4,Touch 6+ Seconds,0.057,1,6,0.167,0.167,0.048,1,5,0.2,0.01,0,1,0.0,2025-26,Regular Season
1629006,"Okogie, Josh",1,73,61,Touch < 2 Seconds,0.757,89,202,0.441,0.579,0.221,33,59,0.559,0.536,56,143,0.392,2025-26,Regular Season
1629006,"Okogie, Josh",2,73,39,Touch 2-6 Seconds,0.236,28,63,0.444,0.452,0.225,27,60,0.45,0.011,1,3,0.333,2025-26,Regular Season
1629006,"Okogie, Josh",3,73,2,Touch 6+ Seconds,0.007,0,2,0.0,0.0,0.007,0,2,0.0,0.0,0,0,,2025-26,Regular Season
201950,"Holiday, Jrue",1,49,47,Touch < 2 Seconds,0.287,89,186,0.478,0.634,0.074,31,48,0.646,0.213,58,138,0.42,2025-26,Regular Season
201950,"Holiday, Jrue",2,49,49,Touch 2-6 Seconds,0.403,115,261,0.441,0.521,0.224,73,145,0.503,0.179,42,116,0.362,2025-26,Regular Season
201950,"Holiday, Jrue",3,49,47,Touch 6+ Seconds,0.309,93,200,0.465,0.538,0.19,64,123,0.52,0.119,29,77,0.377,2025-26,Regular Season
1630577,"Champagnie, Julian",1,77,77,Touch < 2 Seconds,0.846,242,545,0.444,0.608,0.123,63,79,0.797,0.724,179,466,0.384,2025-26,Regular Season
1630577,"Champagnie, Julian",2,77,52,Touch 2-6 Seconds,0.152,39,98,0.398,0.429,0.123,33,79,0.418,0.03,6,19,0.316,2025-26,Regular Season
1630577,"Champagnie, Julian",3,77,1,Touch 6+ Seconds,0.002,0,1,0.0,0.0,0.002,0,1,0.0,0.0,0,0,,2025-26,Regular Season
1641763,"Phillips, Julian",1,44,5,Touch < 2 Seconds,0.545,2,6,0.333,0.417,0.091,1,1,1.0,0.455,1,5,0.2,2025-26,Regular Season
1641763,"Phillips, Julian",2,44,3,Touch 2-6 Seconds,0.364,2,4,0.5,0.5,0.364,2,4,0.5,0.0,0,0,,2025-26,Regular Season
1641763,"Phillips, Julian",3,44,1,Touch 6+ Seconds,0.091,1,1,1.0,1.0,0.091,1,1,1.0,0.0,0,0,,2025-26,Regular Season
1642882,"Reese, Julian",1,8,7,Touch < 2 Seconds,0.691,25,38,0.658,0.658,0.691,25,38,0.658,0.0,0,0,,2025-26,Regular Season
1642882,"Reese, Julian",2,8,6,Touch 2-6 Seconds,0.291,7,16,0.438,0.438,0.291,7,16,0.438,0.0,0,0,,2025-26,Regular Season
1642882,"Reese, Julian",3,8,1,Touch 6+ Seconds,0.018,0,1,0.0,0.0,0.018,0,1,0.0,0.0,0,0,,2025-26,Regular Season
1631124,"Strawther, Julian",1,52,41,Touch < 2 Seconds,0.581,70,155,0.452,0.59,0.165,27,44,0.614,0.416,43,111,0.387,2025-26,Regular Season
1631124,"Strawther, Julian",2,52,37,Touch 2-6 Seconds,0.337,43,90,0.478,0.483,0.307,42,82,0.512,0.03,1,8,0.125,2025-26,Regular Season
1631124,"Strawther, Julian",3,52,18,Touch 6+ Seconds,0.082,9,22,0.409,0.432,0.056,8,15,0.533,0.026,1,7,0.143,2025-26,Regular Season
203944,"Randle, Julius",1,77,76,Touch < 2 Seconds,0.36,204,419,0.487,0.572,0.173,133,201,0.662,0.187,71,218,0.326,2025-26,Regular Season
203944,"Randle, Julius",2,77,76,Touch 2-6 Seconds,0.439,238,512,0.465,0.493,0.36,209,419,0.499,0.08,29,93,0.312,2025-26,Regular Season
203944,"Randle, Julius",3,77,70,Touch 6+ Seconds,0.201,119,234,0.509,0.519,0.184,114,214,0.533,0.017,5,20,0.25,2025-26,Regular Season
1630551,"Champagnie, Justin",1,66,59,Touch < 2 Seconds,0.763,177,318,0.557,0.624,0.446,134,186,0.72,0.317,43,132,0.326,2025-26,Regular Season
1630551,"Champagnie, Justin",2,66,43,Touch 2-6 Seconds,0.23,37,96,0.385,0.406,0.199,33,83,0.398,0.031,4,13,0.308,2025-26,Regular Season
1630551,"Champagnie, Justin",3,66,3,Touch 6+ Seconds,0.007,1,3,0.333,0.333,0.007,1,3,0.333,0.0,0,0,,2025-26,Regular Season
1642348,"Edwards, Justin",1,59,50,Touch < 2 Seconds,0.616,71,181,0.392,0.541,0.105,17,31,0.548,0.51,54,150,0.36,2025-26,Regular Season
1642348,"Edwards, Justin",2,59,40,Touch 2-6 Seconds,0.347,54,102,0.529,0.554,0.299,49,88,0.557,0.048,5,14,0.357,2025-26,Regular Season
1642348,"Edwards, Justin",3,59,7,Touch 6+ Seconds,0.037,8,11,0.727,0.864,0.024,5,7,0.714,0.014,3,4,0.75,2025-26,Regular Season
203994,"Nurkić, Jusuf",1,41,41,Touch < 2 Seconds,0.793,149,283,0.527,0.567,0.608,126,217,0.581,0.185,23,66,0.348,2025-26,Regular Season
203994,"Nurkić, Jusuf",2,41,31,Touch 2-6 Seconds,0.193,30,69,0.435,0.449,0.179,28,64,0.438,0.014,2,5,0.4,2025-26,Regular Season
203994,"Nurkić, Jusuf",3,41,5,Touch 6+ Seconds,0.014,1,5,0.2,0.2,0.014,1,5,0.2,0.0,0,0,,2025-26,Regular Season
1642354,"Simpson, KJ",1,18,1,Touch < 2 Seconds,0.125,0,1,0.0,0.0,0.125,0,1,0.0,0.0,0,0,,2025-26,Regular Season
1642354,"Simpson, KJ",2,18,3,Touch 2-6 Seconds,0.75,2,6,0.333,0.333,0.625,2,5,0.4,0.125,0,1,0.0,2025-26,Regular Season
1642354,"Simpson, KJ",3,18,1,Touch 6+ Seconds,0.125,0,1,0.0,0.0,0.125,0,1,0.0,0.0,0,0,,2025-26,Regular Season
1642955,"Richmond, Kadary",1,3,3,Touch < 2 Seconds,0.563,7,9,0.778,0.889,0.313,5,5,1.0,0.25,2,4,0.5,2025-26,Regular Season
1642955,"Richmond, Kadary",2,3,2,Touch 2-6 Seconds,0.375,2,6,0.333,0.333,0.375,2,6,0.333,0.0,0,0,,2025-26,Regular Season
1642955,"Richmond, Kadary",3,3,1,Touch 6+ Seconds,0.063,1,1,1.0,1.0,0.063,1,1,1.0,0.0,0,0,,2025-26,Regular Season
1642880,"Jones, Kam",1,32,22,Touch < 2 Seconds,0.434,21,59,0.356,0.466,0.066,8,9,0.889,0.368,13,50,0.26,2025-26,Regular Season
1642880,"Jones, Kam",2,32,23,Touch 2-6 Seconds,0.36,23,49,0.469,0.52,0.287,18,39,0.462,0.074,5,10,0.5,2025-26,Regular Season
1642880,"Jones, Kam",3,32,13,Touch 6+ Seconds,0.206,14,28,0.5,0.518,0.199,13,27,0.481,0.007,1,1,1.0,2025-26,Regular Season
1626157,"Towns, Karl-Anthony",1,72,72,Touch < 2 Seconds,0.567,291,565,0.515,0.604,0.301,190,300,0.633,0.266,101,265,0.381,2025-26,Regular Season
1626157,"Towns, Karl-Anthony",2,72,72,Touch 2-6 Seconds,0.372,177,371,0.477,0.488,0.343,169,342,0.494,0.029,8,29,0.276,2025-26,Regular Season
1626157,"Towns, Karl-Anthony",3,72,39,Touch 6+ Seconds,0.06,26,60,0.433,0.433,0.058,26,58,0.448,0.002,0,2,0.0,2025-26,Regular Season
1631255,"Matković, Karlo",1,62,61,Touch < 2 Seconds,0.906,132,213,0.62,0.709,0.523,94,123,0.764,0.383,38,90,0.422,2025-26,Regular Season
1631255,"Matković, Karlo",2,62,20,Touch 2-6 Seconds,0.089,10,21,0.476,0.476,0.089,10,21,0.476,0.0,0,0,,2025-26,Regular Season
1631255,"Matković, Karlo",3,62,1,Touch 6+ Seconds,0.004,0,1,0.0,0.0,0.004,0,1,0.0,0.0,0,0,,2025-26,Regular Season
1642857,"Jakučionis, Kasparas",1,49,43,Touch < 2 Seconds,0.721,73,155,0.471,0.655,0.135,16,29,0.552,0.586,57,126,0.452,2025-26,Regular Season
1642857,"Jakučionis, Kasparas",2,49,27,Touch 2-6 Seconds,0.191,11,41,0.268,0.28,0.135,10,29,0.345,0.056,1,12,0.083,2025-26,Regular Season
1642857,"Jakučionis, Kasparas",3,49,15,Touch 6+ Seconds,0.088,7,19,0.368,0.395,0.074,6,16,0.375,0.014,1,3,0.333,2025-26,Regular Season
202695,"Leonard, Kawhi",1,61,61,Touch < 2 Seconds,0.255,150,302,0.497,0.611,0.101,81,119,0.681,0.155,69,183,0.377,2025-26,Regular Season
202695,"Leonard, Kawhi",2,61,61,Touch 2-6 Seconds,0.416,255,492,0.518,0.577,0.292,197,346,0.569,0.123,58,146,0.397,2025-26,Regular Season
202695,"Leonard, Kawhi",3,61,60,Touch 6+ Seconds,0.329,192,389,0.494,0.536,0.255,159,302,0.526,0.074,33,87,0.379,2025-26,Regular Season
1630811,"Wallace, Keaton",1,51,32,Touch < 2 Seconds,0.478,36,75,0.48,0.693,0.025,4,4,1.0,0.452,32,71,0.451,2025-26,Regular Season
1630811,"Wallace, Keaton",2,51,29,Touch 2-6 Seconds,0.35,19,55,0.345,0.382,0.242,15,38,0.395,0.108,4,17,0.235,2025-26,Regular Season
1630811,"Wallace, Keaton",3,51,21,Touch 6+ Seconds,0.172,11,27,0.407,0.426,0.14,10,22,0.455,0.032,1,5,0.2,2025-26,Regular Season
1631099,"Murray, Keegan",1,23,22,Touch < 2 Seconds,0.56,64,168,0.381,0.467,0.243,35,73,0.479,0.317,29,95,0.305,2025-26,Regular Season
1631099,"Murray, Keegan",2,23,23,Touch 2-6 Seconds,0.343,46,103,0.447,0.456,0.29,44,87,0.506,0.053,2,16,0.125,2025-26,Regular Season
1631099,"Murray, Keegan",3,23,17,Touch 6+ Seconds,0.097,16,29,0.552,0.552,0.093,16,28,0.571,0.003,0,1,0.0,2025-26,Regular Season
1642276,"Ware, Kel'el",1,73,70,Touch < 2 Seconds,0.846,285,512,0.557,0.635,0.511,205,309,0.663,0.336,80,203,0.394,2025-26,Regular Season
1642276,"Ware, Kel'el",2,73,49,Touch 2-6 Seconds,0.147,33,89,0.371,0.376,0.132,32,80,0.4,0.015,1,9,0.111,2025-26,Regular Season
1642276,"Ware, Kel'el",3,73,3,Touch 6+ Seconds,0.007,0,4,0.0,0.0,0.005,0,3,0.0,0.002,0,1,0.0,2025-26,Regular Season
1629640,"Johnson, Keldon",1,77,76,Touch < 2 Seconds,0.545,197,397,0.496,0.605,0.231,111,168,0.661,0.315,86,229,0.376,2025-26,Regular Season
1629640,"Johnson, Keldon",2,77,74,Touch 2-6 Seconds,0.379,158,276,0.572,0.587,0.356,150,259,0.579,0.023,8,17,0.471,2025-26,Regular Season
1629640,"Johnson, Keldon",3,77,37,Touch 6+ Seconds,0.076,30,55,0.545,0.555,0.074,29,54,0.537,0.001,1,1,1.0,2025-26,Regular Season
203482,"Olynyk, Kelly",1,42,31,Touch < 2 Seconds,0.698,32,67,0.478,0.567,0.229,20,22,0.909,0.469,12,45,0.267,2025-26,Regular Season
203482,"Olynyk, Kelly",2,42,16,Touch 2-6 Seconds,0.25,14,24,0.583,0.583,0.229,14,22,0.636,0.021,0,2,0.0,2025-26,Regular Season
203482,"Olynyk, Kelly",3,42,5,Touch 6+ Seconds,0.052,1,5,0.2,0.2,0.052,1,5,0.2,0.0,0,0,,2025-26,Regular Season
1626162,"Oubre Jr., Kelly",1,45,45,Touch < 2 Seconds,0.569,136,284,0.479,0.618,0.164,57,82,0.695,0.405,79,202,0.391,2025-26,Regular Season
1626162,"Oubre Jr., Kelly",2,45,44,Touch 2-6 Seconds,0.315,78,157,0.497,0.506,0.281,75,140,0.536,0.034,3,17,0.176,2025-26,Regular Season
1626162,"Oubre Jr., Kelly",3,45,31,Touch 6+ Seconds,0.116,19,58,0.328,0.328,0.11,19,55,0.345,0.006,0,3,0.0,2025-26,Regular Season
1631113,"Chandler, Kennedy",1,8,8,Touch < 2 Seconds,0.347,13,33,0.394,0.485,0.137,7,13,0.538,0.211,6,20,0.3,2025-26,Regular Season
1631113,"Chandler, Kennedy",2,8,8,Touch 2-6 Seconds,0.453,16,43,0.372,0.384,0.411,15,39,0.385,0.042,1,4,0.25,2025-26,Regular Season
1631113,"Chandler, Kennedy",3,8,7,Touch 6+ Seconds,0.2,8,19,0.421,0.447,0.168,7,16,0.438,0.032,1,3,0.333,2025-26,Regular Season
1629026,"Williams, Kenrich",1,51,44,Touch < 2 Seconds,0.587,78,148,0.527,0.662,0.202,38,51,0.745,0.385,40,97,0.412,2025-26,Regular Season
1629026,"Williams, Kenrich",2,51,33,Touch 2-6 Seconds,0.298,34,75,0.453,0.473,0.258,31,65,0.477,0.04,3,10,0.3,2025-26,Regular Season
1629026,"Williams, Kenrich",3,51,19,Touch 6+ Seconds,0.115,12,29,0.414,0.448,0.095,10,24,0.417,0.02,2,5,0.4,2025-26,Regular Season
203484,"Caldwell-Pope, Kentavious",1,51,50,Touch < 2 Seconds,0.49,70,179,0.391,0.508,0.126,28,46,0.609,0.364,42,133,0.316,2025-26,Regular Season
203484,"Caldwell-Pope, Kentavious",2,51,46,Touch 2-6 Seconds,0.441,68,161,0.422,0.45,0.356,59,130,0.454,0.085,9,31,0.29,2025-26,Regular Season
203484,"Caldwell-Pope, Kentavious",3,51,21,Touch 6+ Seconds,0.068,12,25,0.48,0.56,0.044,8,16,0.5,0.025,4,9,0.444,2025-26,Regular Season
1631165,"Ellis, Keon",1,68,24,Touch < 2 Seconds,0.769,49,113,0.434,0.558,0.211,21,31,0.677,0.558,28,82,0.341,2025-26,Regular Season
1631165,"Ellis, Keon",2,68,21,Touch 2-6 Seconds,0.231,23,34,0.676,0.721,0.184,20,27,0.741,0.048,3,7,0.429,2025-26,Regular Season
1642352,"Johnson, Keshad",1,28,18,Touch < 2 Seconds,0.741,27,60,0.45,0.55,0.284,15,23,0.652,0.457,12,37,0.324,2025-26,Regular Season
1642352,"Johnson, Keshad",2,28,12,Touch 2-6 Seconds,0.21,6,17,0.353,0.353,0.21,6,17,0.353,0.0,0,0,,2025-26,Regular Season
1642352,"Johnson, Keshad",3,28,4,Touch 6+ Seconds,0.049,2,4,0.5,0.5,0.037,2,3,0.667,0.012,0,1,0.0,2025-26,Regular Season
201142,"Durant, Kevin",1,74,73,Touch < 2 Seconds,0.351,224,451,0.497,0.624,0.13,109,167,0.653,0.221,115,284,0.405,2025-26,Regular Season
201142,"Durant, Kevin",2,74,73,Touch 2-6 Seconds,0.393,284,506,0.561,0.594,0.334,251,430,0.584,0.059,33,76,0.434,2025-26,Regular Season
201142,"Durant, Kevin",3,74,72,Touch 6+ Seconds,0.256,159,329,0.483,0.521,0.208,134,267,0.502,0.048,25,62,0.403,2025-26,Regular Season
1628989,"Huerter, Kevin",1,65,21,Touch < 2 Seconds,0.669,45,101,0.446,0.54,0.225,26,34,0.765,0.444,19,67,0.284,2025-26,Regular Season
1628989,"Huerter, Kevin",2,65,14,Touch 2-6 Seconds,0.305,21,46,0.457,0.478,0.238,19,36,0.528,0.066,2,10,0.2,2025-26,Regular Season
1628989,"Huerter, Kevin",3,65,3,Touch 6+ Seconds,0.026,1,4,0.25,0.25,0.026,1,4,0.25,0.0,0,0,,2025-26,Regular Season
201567,"Love, Kevin",1,37,36,Touch < 2 Seconds,0.894,72,178,0.404,0.545,0.236,22,47,0.468,0.658,50,131,0.382,2025-26,Regular Season
201567,"Love, Kevin",2,37,17,Touch 2-6 Seconds,0.106,7,21,0.333,0.405,0.05,4,10,0.4,0.055,3,11,0.273,2025-26,Regular Season
1641755,"McCullar Jr., Kevin",1,20,11,Touch < 2 Seconds,0.583,10,21,0.476,0.595,0.222,5,8,0.625,0.361,5,13,0.385,2025-26,Regular Season
1641755,"McCullar Jr., Kevin",2,20,8,Touch 2-6 Seconds,0.361,4,13,0.308,0.346,0.222,3,8,0.375,0.139,1,5,0.2,2025-26,Regular Season
1641755,"McCullar Jr., Kevin",3,20,2,Touch 6+ Seconds,0.056,0,2,0.0,0.0,0.056,0,2,0.0,0.0,0,0,,2025-26,Regular Season
1629645,"Porter Jr., Kevin",1,38,35,Touch < 2 Seconds,0.206,43,106,0.406,0.524,0.064,18,33,0.545,0.142,25,73,0.342,2025-26,Regular Season
1629645,"Porter Jr., Kevin",2,38,38,Touch 2-6 Seconds,0.418,108,215,0.502,0.533,0.34,95,175,0.543,0.078,13,40,0.325,2025-26,Regular Season
1629645,"Porter Jr., Kevin",3,38,38,Touch 6+ Seconds,0.375,88,193,0.456,0.477,0.317,80,163,0.491,0.058,8,30,0.267,2025-26,Regular Season
1626172,"Looney, Kevon",1,19,16,Touch < 2 Seconds,0.741,19,40,0.475,0.488,0.611,18,33,0.545,0.13,1,7,0.143,2025-26,Regular Season
1626172,"Looney, Kevon",2,19,11,Touch 2-6 Seconds,0.259,4,14,0.286,0.286,0.222,4,12,0.333,0.037,0,2,0.0,2025-26,Regular Season
1641718,"George, Keyonte",1,54,53,Touch < 2 Seconds,0.368,164,324,0.506,0.637,0.136,79,120,0.658,0.232,85,204,0.417,2025-26,Regular Season
1641718,"George, Keyonte",2,54,54,Touch 2-6 Seconds,0.338,132,298,0.443,0.478,0.245,111,216,0.514,0.093,21,82,0.256,2025-26,Regular Season
1641718,"George, Keyonte",3,54,52,Touch 6+ Seconds,0.294,106,259,0.409,0.463,0.209,78,184,0.424,0.085,28,75,0.373,2025-26,Regular Season
1642863,"Maluach, Khaman",1,42,28,Touch < 2 Seconds,0.938,40,76,0.526,0.546,0.753,37,61,0.607,0.185,3,15,0.2,2025-26,Regular Season
1642863,"Maluach, Khaman",2,42,5,Touch 2-6 Seconds,0.062,3,5,0.6,0.6,0.062,3,5,0.6,0.0,0,0,,2025-26,Regular Season
203114,"Middleton, Khris",1,58,24,Touch < 2 Seconds,0.352,35,74,0.473,0.615,0.138,14,29,0.483,0.214,21,45,0.467,2025-26,Regular Season
203114,"Middleton, Khris",2,58,24,Touch 2-6 Seconds,0.495,40,104,0.385,0.409,0.381,35,80,0.438,0.114,5,24,0.208,2025-26,Regular Season
203114,"Middleton, Khris",3,58,17,Touch 6+ Seconds,0.152,10,32,0.313,0.328,0.129,9,27,0.333,0.024,1,5,0.2,2025-26,Regular Season
1630165,"Hayes, Killian",1,19,15,Touch < 2 Seconds,0.342,10,38,0.263,0.368,0.054,2,6,0.333,0.288,8,32,0.25,2025-26,Regular Season
1630165,"Hayes, Killian",2,19,17,Touch 2-6 Seconds,0.324,11,36,0.306,0.347,0.243,8,27,0.296,0.081,3,9,0.333,2025-26,Regular Season
1630165,"Hayes, Killian",3,19,16,Touch 6+ Seconds,0.333,11,37,0.297,0.324,0.243,9,27,0.333,0.09,2,10,0.2,2025-26,Regular Season
202691,"Thompson, Klay",1,66,66,Touch < 2 Seconds,0.736,200,508,0.394,0.555,0.109,36,75,0.48,0.628,164,433,0.379,2025-26,Regular Season
202691,"Thompson, Klay",2,66,58,Touch 2-6 Seconds,0.23,65,159,0.409,0.491,0.152,39,105,0.371,0.078,26,54,0.481,2025-26,Regular Season
202691,"Thompson, Klay",3,66,19,Touch 6+ Seconds,0.033,8,23,0.348,0.413,0.016,5,11,0.455,0.017,3,12,0.25,2025-26,Regular Season
1641738,"Brown, Kobe",1,57,23,Touch < 2 Seconds,0.69,52,107,0.486,0.617,0.265,24,41,0.585,0.426,28,66,0.424,2025-26,Regular Season
1641738,"Brown, Kobe",2,57,22,Touch 2-6 Seconds,0.277,24,43,0.558,0.57,0.258,23,40,0.575,0.019,1,3,0.333,2025-26,Regular Season
1641738,"Brown, Kobe",3,57,4,Touch 6+ Seconds,0.032,4,5,0.8,1.0,0.019,2,3,0.667,0.013,2,2,1.0,2025-26,Regular Season
1641723,"Bufkin, Kobe",1,13,10,Touch < 2 Seconds,0.488,4,20,0.2,0.25,0.122,2,5,0.4,0.366,2,15,0.133,2025-26,Regular Season
1641723,"Bufkin, Kobe",2,13,7,Touch 2-6 Seconds,0.195,2,8,0.25,0.25,0.146,2,6,0.333,0.049,0,2,0.0,2025-26,Regular Season
1641723,"Bufkin, Kobe",3,13,7,Touch 6+ Seconds,0.317,6,13,0.462,0.5,0.195,5,8,0.625,0.122,1,5,0.2,2025-26,Regular Season
1642920,"Sanders, Kobe",1,63,56,Touch < 2 Seconds,0.612,98,213,0.46,0.62,0.135,30,47,0.638,0.477,68,166,0.41,2025-26,Regular Season
1642920,"Sanders, Kobe",2,63,50,Touch 2-6 Seconds,0.282,46,98,0.469,0.48,0.264,44,92,0.478,0.017,2,6,0.333,2025-26,Regular Season
1642920,"Sanders, Kobe",3,63,26,Touch 6+ Seconds,0.106,16,37,0.432,0.432,0.101,16,35,0.457,0.006,0,2,0.0,2025-26,Regular Season
1642886,"Brea, Koby",1,9,7,Touch < 2 Seconds,0.706,6,12,0.5,0.75,0.059,0,1,0.0,0.647,6,11,0.545,2025-26,Regular Season
1642886,"Brea, Koby",2,9,2,Touch 2-6 Seconds,0.176,1,3,0.333,0.333,0.118,1,2,0.5,0.059,0,1,0.0,2025-26,Regular Season
1642886,"Brea, Koby",3,9,2,Touch 6+ Seconds,0.118,0,2,0.0,0.0,0.0,0,0,,0.118,0,2,0.0,2025-26,Regular Season
1642851,"Knueppel, Kon",1,77,77,Touch < 2 Seconds,0.595,284,612,0.464,0.65,0.085,56,87,0.644,0.511,228,525,0.434,2025-26,Regular Season
1642851,"Knueppel, Kon",2,77,76,Touch 2-6 Seconds,0.332,169,341,0.496,0.538,0.259,140,266,0.526,0.073,29,75,0.387,2025-26,Regular Season
1642851,"Knueppel, Kon",3,77,46,Touch 6+ Seconds,0.073,44,75,0.587,0.633,0.061,37,63,0.587,0.012,7,12,0.583,2025-26,Regular Season
1627739,"Dunn, Kris",1,77,72,Touch < 2 Seconds,0.619,126,280,0.45,0.58,0.188,53,85,0.624,0.431,73,195,0.374,2025-26,Regular Season
1627739,"Dunn, Kris",2,77,59,Touch 2-6 Seconds,0.27,63,122,0.516,0.525,0.259,61,117,0.521,0.011,2,5,0.4,2025-26,Regular Season
1627739,"Dunn, Kris",3,77,33,Touch 6+ Seconds,0.111,27,50,0.54,0.54,0.111,27,50,0.54,0.0,0,0,,2025-26,Regular Season
1631200,"Murray, Kris",1,53,49,Touch < 2 Seconds,0.714,78,187,0.417,0.5,0.279,47,73,0.644,0.435,31,114,0.272,2025-26,Regular Season
1631200,"Murray, Kris",2,53,36,Touch 2-6 Seconds,0.244,34,64,0.531,0.531,0.237,34,62,0.548,0.008,0,2,0.0,2025-26,Regular Season
1631200,"Murray, Kris",3,53,11,Touch 6+ Seconds,0.042,7,11,0.636,0.636,0.042,7,11,0.636,0.0,0,0,,2025-26,Regular Season
204001,"Porziņģis, Kristaps",1,29,12,Touch < 2 Seconds,0.664,43,99,0.434,0.54,0.255,22,38,0.579,0.409,21,61,0.344,2025-26,Regular Season
204001,"Porziņģis, Kristaps",2,29,11,Touch 2-6 Seconds,0.302,22,45,0.489,0.5,0.282,21,42,0.5,0.02,1,3,0.333,2025-26,Regular Season
204001,"Porziņģis, Kristaps",3,29,4,Touch 6+ Seconds,0.034,2,5,0.4,0.4,0.034,2,5,0.4,0.0,0,0,,2025-26,Regular Season
203937,"Anderson, Kyle",1,39,8,Touch < 2 Seconds,0.333,6,15,0.4,0.4,0.244,6,11,0.545,0.089,0,4,0.0,2025-26,Regular Season
203937,"Anderson, Kyle",2,39,12,Touch 2-6 Seconds,0.489,11,22,0.5,0.5,0.489,11,22,0.5,0.0,0,0,,2025-26,Regular Season
203937,"Anderson, Kyle",3,39,6,Touch 6+ Seconds,0.178,2,8,0.25,0.25,0.178,2,8,0.25,0.0,0,0,,2025-26,Regular Season
1642271,"Filipowski, Kyle",1,75,75,Touch < 2 Seconds,0.625,187,386,0.484,0.573,0.29,119,179,0.665,0.335,68,207,0.329,2025-26,Regular Season
1642271,"Filipowski, Kyle",2,75,71,Touch 2-6 Seconds,0.346,108,214,0.505,0.509,0.337,106,208,0.51,0.01,2,6,0.333,2025-26,Regular Season
1642271,"Filipowski, Kyle",3,75,16,Touch 6+ Seconds,0.029,11,18,0.611,0.667,0.021,9,13,0.692,0.008,2,5,0.4,2025-26,Regular Season
1628398,"Kuzma, Kyle",1,67,65,Touch < 2 Seconds,0.573,186,391,0.476,0.568,0.27,114,184,0.62,0.304,72,207,0.348,2025-26,Regular Season
1628398,"Kuzma, Kyle",2,67,63,Touch 2-6 Seconds,0.34,120,232,0.517,0.532,0.302,113,206,0.549,0.038,7,26,0.269,2025-26,Regular Season
1628398,"Kuzma, Kyle",3,67,33,Touch 6+ Seconds,0.087,28,59,0.475,0.5,0.079,25,54,0.463,0.007,3,5,0.6,2025-26,Regular Season
200768,"Lowry, Kyle",1,13,10,Touch < 2 Seconds,0.9,4,18,0.222,0.333,0.0,0,0,,0.9,4,18,0.222,2025-26,Regular Season
200768,"Lowry, Kyle",2,13,2,Touch 2-6 Seconds,0.1,0,2,0.0,0.0,0.0,0,0,,0.1,0,2,0.0,2025-26,Regular Season
1642273,"George, Kyshawn",1,48,48,Touch < 2 Seconds,0.374,102,216,0.472,0.644,0.075,28,43,0.651,0.3,74,173,0.428,2025-26,Regular Season
1642273,"George, Kyshawn",2,48,48,Touch 2-6 Seconds,0.426,102,246,0.415,0.445,0.326,87,188,0.463,0.101,15,58,0.259,2025-26,Regular Season
1642273,"George, Kyshawn",3,48,41,Touch 6+ Seconds,0.199,49,115,0.426,0.47,0.149,39,86,0.453,0.05,10,29,0.345,2025-26,Regular Season
1643018,"Cryer, LJ",1,17,15,Touch < 2 Seconds,0.65,25,67,0.373,0.53,0.058,4,6,0.667,0.592,21,61,0.344,2025-26,Regular Season
1643018,"Cryer, LJ",2,17,11,Touch 2-6 Seconds,0.262,11,27,0.407,0.556,0.117,3,12,0.25,0.146,8,15,0.533,2025-26,Regular Season
1643018,"Cryer, LJ",3,17,6,Touch 6+ Seconds,0.087,5,9,0.556,0.722,0.029,2,3,0.667,0.058,3,6,0.5,2025-26,Regular Season
1630163,"Ball, LaMelo",1,68,68,Touch < 2 Seconds,0.322,147,373,0.394,0.56,0.035,23,40,0.575,0.287,124,333,0.372,2025-26,Regular Season
1630163,"Ball, LaMelo",2,68,68,Touch 2-6 Seconds,0.343,162,397,0.408,0.497,0.172,91,199,0.457,0.171,71,198,0.359,2025-26,Regular Season
1630163,"Ball, LaMelo",3,68,68,Touch 6+ Seconds,0.336,158,389,0.406,0.474,0.208,105,241,0.436,0.128,53,148,0.358,2025-26,Regular Season
1642950,"Olbrich, Lachlan",1,32,17,Touch < 2 Seconds,0.795,20,35,0.571,0.586,0.568,19,25,0.76,0.227,1,10,0.1,2025-26,Regular Season
1642950,"Olbrich, Lachlan",2,32,8,Touch 2-6 Seconds,0.205,3,9,0.333,0.389,0.159,2,7,0.286,0.045,1,2,0.5,2025-26,Regular Season
1629013,"Shamet, Landry",1,48,46,Touch < 2 Seconds,0.758,118,266,0.444,0.617,0.111,26,39,0.667,0.647,92,227,0.405,2025-26,Regular Season
1629013,"Shamet, Landry",2,48,37,Touch 2-6 Seconds,0.222,33,78,0.423,0.468,0.151,26,53,0.491,0.071,7,25,0.28,2025-26,Regular Season
1629013,"Shamet, Landry",3,48,4,Touch 6+ Seconds,0.02,4,7,0.571,0.643,0.014,3,5,0.6,0.006,1,2,0.5,2025-26,Regular Season
1626204,"Nance Jr., Larry",1,31,28,Touch < 2 Seconds,0.882,35,90,0.389,0.494,0.343,16,35,0.457,0.539,19,55,0.345,2025-26,Regular Season
1626204,"Nance Jr., Larry",2,31,10,Touch 2-6 Seconds,0.118,4,12,0.333,0.333,0.118,4,12,0.333,0.0,0,0,,2025-26,Regular Season
1628374,"Markkanen, Lauri",1,42,42,Touch < 2 Seconds,0.677,265,545,0.486,0.587,0.301,155,242,0.64,0.376,110,303,0.363,2025-26,Regular Season
1628374,"Markkanen, Lauri",2,42,40,Touch 2-6 Seconds,0.293,109,236,0.462,0.47,0.272,105,219,0.479,0.021,4,17,0.235,2025-26,Regular Season
1628374,"Markkanen, Lauri",3,42,15,Touch 6+ Seconds,0.03,10,24,0.417,0.438,0.025,9,20,0.45,0.005,1,4,0.25,2025-26,Regular Season
1643133,"Lovering, Lawson",1,2,2,Touch < 2 Seconds,1.0,6,10,0.6,0.6,1.0,6,10,0.6,0.0,0,0,,2025-26,Regular Season
2544,"James, LeBron",1,56,56,Touch < 2 Seconds,0.385,180,327,0.55,0.616,0.232,137,197,0.695,0.153,43,130,0.331,2025-26,Regular Season
2544,"James, LeBron",2,56,56,Touch 2-6 Seconds,0.37,159,314,0.506,0.527,0.298,146,253,0.577,0.072,13,61,0.213,2025-26,Regular Season
2544,"James, LeBron",3,56,53,Touch 6+ Seconds,0.245,95,208,0.457,0.493,0.203,80,172,0.465,0.042,15,36,0.417,2025-26,Regular Season
1641778,"Black, Leaky",1,10,9,Touch < 2 Seconds,0.593,15,32,0.469,0.609,0.185,6,10,0.6,0.407,9,22,0.409,2025-26,Regular Season
1641778,"Black, Leaky",2,10,8,Touch 2-6 Seconds,0.333,8,18,0.444,0.472,0.315,7,17,0.412,0.019,1,1,1.0,2025-26,Regular Season
1641778,"Black, Leaky",3,10,4,Touch 6+ Seconds,0.074,1,4,0.25,0.25,0.074,1,4,0.25,0.0,0,0,,2025-26,Regular Season
1631159,"Miller, Leonard",1,41,20,Touch < 2 Seconds,0.719,63,115,0.548,0.639,0.363,42,58,0.724,0.356,21,57,0.368,2025-26,Regular Season
1631159,"Miller, Leonard",2,41,17,Touch 2-6 Seconds,0.269,23,43,0.535,0.558,0.238,21,38,0.553,0.031,2,5,0.4,2025-26,Regular Season
1631159,"Miller, Leonard",3,41,2,Touch 6+ Seconds,0.013,2,2,1.0,1.0,0.013,2,2,1.0,0.0,0,0,,2025-26,Regular Season
1642862,"McNeeley, Liam",1,30,25,Touch < 2 Seconds,0.681,26,64,0.406,0.594,0.053,2,5,0.4,0.628,24,59,0.407,2025-26,Regular Season
1642862,"McNeeley, Liam",2,30,15,Touch 2-6 Seconds,0.298,11,28,0.393,0.393,0.287,11,27,0.407,0.011,0,1,0.0,2025-26,Regular Season
1642862,"McNeeley, Liam",3,30,2,Touch 6+ Seconds,0.021,1,2,0.5,0.5,0.021,1,2,0.5,0.0,0,0,,2025-26,Regular Season
1630322,"Waters III, Lindy",1,39,30,Touch < 2 Seconds,0.826,25,71,0.352,0.514,0.023,2,2,1.0,0.802,23,69,0.333,2025-26,Regular Season
1630322,"Waters III, Lindy",2,39,12,Touch 2-6 Seconds,0.151,6,13,0.462,0.538,0.081,4,7,0.571,0.07,2,6,0.333,2025-26,Regular Season
1630322,"Waters III, Lindy",3,39,2,Touch 6+ Seconds,0.023,1,2,0.5,0.75,0.0,0,0,,0.023,1,2,0.5,2025-26,Regular Season
1628366,"Ball, Lonzo",1,35,34,Touch < 2 Seconds,0.754,37,132,0.28,0.398,0.069,6,12,0.5,0.686,31,120,0.258,2025-26,Regular Season
1628366,"Ball, Lonzo",2,35,19,Touch 2-6 Seconds,0.183,13,32,0.406,0.516,0.063,6,11,0.545,0.12,7,21,0.333,2025-26,Regular Season
1628366,"Ball, Lonzo",3,35,9,Touch 6+ Seconds,0.063,3,11,0.273,0.364,0.034,1,6,0.167,0.029,2,5,0.4,2025-26,Regular Season
1631351,"Williamson, Lucas",1,2,2,Touch < 2 Seconds,1.0,2,6,0.333,0.417,0.333,1,2,0.5,0.667,1,4,0.25,2025-26,Regular Season
1629652,"Dort, Luguentz",1,64,64,Touch < 2 Seconds,0.731,134,361,0.371,0.524,0.077,24,38,0.632,0.654,110,323,0.341,2025-26,Regular Season
1629652,"Dort, Luguentz",2,64,53,Touch 2-6 Seconds,0.235,49,116,0.422,0.457,0.188,41,93,0.441,0.047,8,23,0.348,2025-26,Regular Season
1629652,"Dort, Luguentz",3,64,16,Touch 6+ Seconds,0.034,5,17,0.294,0.294,0.028,5,14,0.357,0.006,0,3,0.0,2025-26,Regular Season
1629029,"Dončić, Luka",1,64,64,Touch < 2 Seconds,0.168,106,244,0.434,0.578,0.04,36,58,0.621,0.128,70,186,0.376,2025-26,Regular Season
1629029,"Dončić, Luka",2,64,64,Touch 2-6 Seconds,0.338,239,492,0.486,0.561,0.194,165,283,0.583,0.144,74,209,0.354,2025-26,Regular Season
1629029,"Dončić, Luka",3,64,64,Touch 6+ Seconds,0.495,348,720,0.483,0.56,0.29,238,422,0.564,0.205,110,298,0.369,2025-26,Regular Season
1630568,"Garza, Luka",1,67,64,Touch < 2 Seconds,0.92,176,300,0.587,0.672,0.561,125,183,0.683,0.359,51,117,0.436,2025-26,Regular Season
1630568,"Garza, Luka",2,67,23,Touch 2-6 Seconds,0.08,14,26,0.538,0.558,0.077,13,25,0.52,0.003,1,1,1.0,2025-26,Regular Season
1628379,"Kennard, Luke",1,73,25,Touch < 2 Seconds,0.613,50,95,0.526,0.705,0.148,16,23,0.696,0.465,34,72,0.472,2025-26,Regular Season
1628379,"Kennard, Luke",2,73,25,Touch 2-6 Seconds,0.342,30,53,0.566,0.604,0.284,26,44,0.591,0.058,4,9,0.444,2025-26,Regular Season
1628379,"Kennard, Luke",3,73,6,Touch 6+ Seconds,0.045,5,7,0.714,0.786,0.032,4,5,0.8,0.013,1,2,0.5,2025-26,Regular Season
1628436,"Kornet, Luke",1,64,60,Touch < 2 Seconds,0.957,157,246,0.638,0.638,0.957,157,246,0.638,0.0,0,0,,2025-26,Regular Season
1628436,"Kornet, Luke",2,64,10,Touch 2-6 Seconds,0.043,7,11,0.636,0.636,0.043,7,11,0.636,0.0,0,0,,2025-26,Regular Season
1631247,"Travers, Luke",1,12,9,Touch < 2 Seconds,0.639,5,23,0.217,0.239,0.194,4,7,0.571,0.444,1,16,0.063,2025-26,Regular Season
1631247,"Travers, Luke",2,12,7,Touch 2-6 Seconds,0.361,4,13,0.308,0.308,0.361,4,13,0.308,0.0,0,0,,2025-26,Regular Season
1630644,"McClung, Mac",1,6,2,Touch < 2 Seconds,0.429,2,6,0.333,0.333,0.214,2,3,0.667,0.214,0,3,0.0,2025-26,Regular Season
1630644,"McClung, Mac",2,6,3,Touch 2-6 Seconds,0.429,1,6,0.167,0.167,0.357,1,5,0.2,0.071,0,1,0.0,2025-26,Regular Season
1630644,"McClung, Mac",3,6,2,Touch 6+ Seconds,0.143,2,2,1.0,1.0,0.143,2,2,1.0,0.0,0,0,,2025-26,Regular Season
1641869,"Smith, Malachi",1,10,9,Touch < 2 Seconds,0.382,12,21,0.571,0.81,0.073,2,4,0.5,0.309,10,17,0.588,2025-26,Regular Season
1641869,"Smith, Malachi",2,10,10,Touch 2-6 Seconds,0.491,13,27,0.481,0.519,0.418,11,23,0.478,0.073,2,4,0.5,2025-26,Regular Season
1641869,"Smith, Malachi",3,10,5,Touch 6+ Seconds,0.127,4,7,0.571,0.571,0.109,4,6,0.667,0.018,0,1,0.0,2025-26,Regular Season
1631103,"Branham, Malaki",1,28,20,Touch < 2 Seconds,0.44,23,40,0.575,0.738,0.132,10,12,0.833,0.308,13,28,0.464,2025-26,Regular Season
1631103,"Branham, Malaki",2,28,15,Touch 2-6 Seconds,0.451,16,41,0.39,0.402,0.374,15,34,0.441,0.077,1,7,0.143,2025-26,Regular Season
1631103,"Branham, Malaki",3,28,7,Touch 6+ Seconds,0.11,4,10,0.4,0.4,0.088,4,8,0.5,0.022,0,2,0.0,2025-26,Regular Season
1642502,"Leons, Malevy",1,21,13,Touch < 2 Seconds,0.596,14,31,0.452,0.5,0.346,11,18,0.611,0.25,3,13,0.231,2025-26,Regular Season
1642502,"Leons, Malevy",2,21,11,Touch 2-6 Seconds,0.385,8,20,0.4,0.4,0.385,8,20,0.4,0.0,0,0,,2025-26,Regular Season
1642502,"Leons, Malevy",3,21,1,Touch 6+ Seconds,0.019,0,1,0.0,0.0,0.019,0,1,0.0,0.0,0,0,,2025-26,Regular Season
1628370,"Monk, Malik",1,59,57,Touch < 2 Seconds,0.383,121,237,0.511,0.684,0.081,39,50,0.78,0.303,82,187,0.439,2025-26,Regular Season
1628370,"Monk, Malik",2,59,56,Touch 2-6 Seconds,0.4,95,247,0.385,0.433,0.267,71,165,0.43,0.133,24,82,0.293,2025-26,Regular Season
1628370,"Monk, Malik",3,59,48,Touch 6+ Seconds,0.217,52,134,0.388,0.44,0.157,38,97,0.392,0.06,14,37,0.378,2025-26,Regular Season
1630699,"Beauchamp, MarJon",1,12,11,Touch < 2 Seconds,0.635,18,47,0.383,0.511,0.135,6,10,0.6,0.5,12,37,0.324,2025-26,Regular Season
1630699,"Beauchamp, MarJon",2,12,9,Touch 2-6 Seconds,0.351,14,26,0.538,0.615,0.23,10,17,0.588,0.122,4,9,0.444,2025-26,Regular Season
1630699,"Beauchamp, MarJon",3,12,1,Touch 6+ Seconds,0.014,0,1,0.0,0.0,0.014,0,1,0.0,0.0,0,0,,2025-26,Regular Season
1631204,"Sasser, Marcus",1,33,26,Touch < 2 Seconds,0.51,40,80,0.5,0.706,0.07,7,11,0.636,0.439,33,69,0.478,2025-26,Regular Season
1631204,"Sasser, Marcus",2,33,21,Touch 2-6 Seconds,0.357,17,56,0.304,0.348,0.248,12,39,0.308,0.108,5,17,0.294,2025-26,Regular Season
1631204,"Sasser, Marcus",3,33,15,Touch 6+ Seconds,0.134,7,21,0.333,0.405,0.07,4,11,0.364,0.064,3,10,0.3,2025-26,Regular Season
203935,"Smart, Marcus",1,60,59,Touch < 2 Seconds,0.642,114,298,0.383,0.527,0.091,28,42,0.667,0.552,86,256,0.336,2025-26,Regular Season
203935,"Smart, Marcus",2,60,49,Touch 2-6 Seconds,0.235,42,109,0.385,0.408,0.192,37,89,0.416,0.043,5,20,0.25,2025-26,Regular Season
203935,"Smart, Marcus",3,60,32,Touch 6+ Seconds,0.123,29,57,0.509,0.553,0.101,24,47,0.511,0.022,5,10,0.5,2025-26,Regular Season
1641813,"Sears, Mark",1,7,4,Touch < 2 Seconds,0.385,3,5,0.6,0.9,0.0,0,0,,0.385,3,5,0.6,2025-26,Regular Season
1641813,"Sears, Mark",2,7,4,Touch 2-6 Seconds,0.462,2,6,0.333,0.333,0.385,2,5,0.4,0.077,0,1,0.0,2025-26,Regular Season
1641813,"Sears, Mark",3,7,2,Touch 6+ Seconds,0.154,1,2,0.5,0.75,0.0,0,0,,0.154,1,2,0.5,2025-26,Regular Season
1631109,"Williams, Mark",1,57,57,Touch < 2 Seconds,0.845,236,354,0.667,0.668,0.842,235,353,0.666,0.002,1,1,1.0,2025-26,Regular Season
1631109,"Williams, Mark",2,57,36,Touch 2-6 Seconds,0.15,30,63,0.476,0.476,0.15,30,63,0.476,0.0,0,0,,2025-26,Regular Season
1631109,"Williams, Mark",3,57,2,Touch 6+ Seconds,0.005,1,2,0.5,0.5,0.005,1,2,0.5,0.0,0,0,,2025-26,Regular Season
1628365,"Fultz, Markelle",1,5,1,Touch < 2 Seconds,0.273,1,3,0.333,0.333,0.273,1,3,0.333,0.0,0,0,,2025-26,Regular Season
1628365,"Fultz, Markelle",2,5,3,Touch 2-6 Seconds,0.273,0,3,0.0,0.0,0.273,0,3,0.0,0.0,0,0,,2025-26,Regular Season
1628365,"Fultz, Markelle",3,5,3,Touch 6+ Seconds,0.455,1,5,0.2,0.2,0.455,1,5,0.2,0.0,0,0,,2025-26,Regular Season
1628963,"Bagley III, Marvin",1,56,18,Touch < 2 Seconds,0.765,60,101,0.594,0.644,0.598,50,79,0.633,0.167,10,22,0.455,2025-26,Regular Season
1628963,"Bagley III, Marvin",2,56,14,Touch 2-6 Seconds,0.212,17,28,0.607,0.625,0.205,16,27,0.593,0.008,1,1,1.0,2025-26,Regular Season
1628963,"Bagley III, Marvin",3,56,3,Touch 6+ Seconds,0.023,2,3,0.667,0.667,0.023,2,3,0.667,0.0,0,0,,2025-26,Regular Season
203486,"Plumlee, Mason",1,19,1,Touch < 2 Seconds,1.0,1,1,1.0,1.0,1.0,1,1,1.0,0.0,0,0,,2025-26,Regular Season
1641824,"Buzelis, Matas",1,76,76,Touch < 2 Seconds,0.579,255,548,0.465,0.599,0.165,108,156,0.692,0.414,147,392,0.375,2025-26,Regular Season
1641824,"Buzelis, Matas",2,76,76,Touch 2-6 Seconds,0.33,149,312,0.478,0.514,0.245,126,232,0.543,0.085,23,80,0.288,2025-26,Regular Season
1641824,"Buzelis, Matas",3,76,53,Touch 6+ Seconds,0.091,36,86,0.419,0.436,0.076,33,72,0.458,0.015,3,14,0.214,2025-26,Regular Season
1629680,"Thybulle, Matisse",1,26,25,Touch < 2 Seconds,0.69,31,78,0.397,0.571,0.062,4,7,0.571,0.628,27,71,0.38,2025-26,Regular Season
1629680,"Thybulle, Matisse",2,26,20,Touch 2-6 Seconds,0.31,18,35,0.514,0.571,0.239,14,27,0.519,0.071,4,8,0.5,2025-26,Regular Season
1631108,"Christie, Max",1,72,69,Touch < 2 Seconds,0.553,174,375,0.464,0.645,0.09,38,61,0.623,0.463,136,314,0.433,2025-26,Regular Season
1631108,"Christie, Max",2,72,68,Touch 2-6 Seconds,0.327,98,222,0.441,0.502,0.224,71,152,0.467,0.103,27,70,0.386,2025-26,Regular Season
1631108,"Christie, Max",3,72,39,Touch 6+ Seconds,0.119,28,81,0.346,0.364,0.078,25,53,0.472,0.041,3,28,0.107,2025-26,Regular Season
1642917,"Shulga, Max",1,9,1,Touch < 2 Seconds,0.25,0,1,0.0,0.0,0.0,0,0,,0.25,0,1,0.0,2025-26,Regular Season
1642917,"Shulga, Max",2,9,3,Touch 2-6 Seconds,0.75,1,3,0.333,0.333,0.75,1,3,0.333,0.0,0,0,,2025-26,Regular Season
1629622,"Strus, Max",1,8,8,Touch < 2 Seconds,0.817,32,58,0.552,0.776,0.113,6,8,0.75,0.704,26,50,0.52,2025-26,Regular Season
1629622,"Strus, Max",2,8,6,Touch 2-6 Seconds,0.169,6,12,0.5,0.625,0.056,3,4,0.75,0.113,3,8,0.375,2025-26,Regular Season
1629622,"Strus, Max",3,8,1,Touch 6+ Seconds,0.014,0,1,0.0,0.0,0.014,0,1,0.0,0.0,0,0,,2025-26,Regular Season
1628467,"Kleber, Maxi",1,38,23,Touch < 2 Seconds,0.762,19,48,0.396,0.458,0.397,13,25,0.52,0.365,6,23,0.261,2025-26,Regular Season
1628467,"Kleber, Maxi",2,38,12,Touch 2-6 Seconds,0.238,10,15,0.667,0.667,0.238,10,15,0.667,0.0,0,0,,2025-26,Regular Season
1642875,"Raynaud, Maxime",1,70,70,Touch < 2 Seconds,0.819,301,510,0.59,0.608,0.721,283,449,0.63,0.098,18,61,0.295,2025-26,Regular Season
1642875,"Raynaud, Maxime",2,70,49,Touch 2-6 Seconds,0.178,53,111,0.477,0.482,0.173,52,108,0.481,0.005,1,3,0.333,2025-26,Regular Season
1642875,"Raynaud, Maxime",3,70,2,Touch 6+ Seconds,0.003,1,2,0.5,0.5,0.003,1,2,0.5,0.0,0,0,,2025-26,Regular Season
1642877,"Peavy, Micah",1,57,48,Touch < 2 Seconds,0.65,61,154,0.396,0.468,0.266,39,63,0.619,0.384,22,91,0.242,2025-26,Regular Season
1642877,"Peavy, Micah",2,57,41,Touch 2-6 Seconds,0.35,28,83,0.337,0.343,0.338,27,80,0.338,0.013,1,3,0.333,2025-26,Regular Season
1630695,"Potter, Micah",1,42,41,Touch < 2 Seconds,0.854,104,205,0.507,0.651,0.275,45,66,0.682,0.579,59,139,0.424,2025-26,Regular Season
1630695,"Potter, Micah",2,42,20,Touch 2-6 Seconds,0.146,19,35,0.543,0.557,0.142,18,34,0.529,0.004,1,1,1.0,2025-26,Regular Season
1629008,"Porter Jr., Michael",1,52,52,Touch < 2 Seconds,0.597,268,572,0.469,0.589,0.206,130,197,0.66,0.391,138,375,0.368,2025-26,Regular Season
1629008,"Porter Jr., Michael",2,52,52,Touch 2-6 Seconds,0.366,159,351,0.453,0.499,0.265,127,254,0.5,0.101,32,97,0.33,2025-26,Regular Season
1629008,"Porter Jr., Michael",3,52,25,Touch 6+ Seconds,0.037,17,35,0.486,0.571,0.023,11,22,0.5,0.014,6,13,0.462,2025-26,Regular Season
1628969,"Bridges, Mikal",1,78,78,Touch < 2 Seconds,0.682,308,638,0.483,0.6,0.257,159,241,0.66,0.424,149,397,0.375,2025-26,Regular Season
1628969,"Bridges, Mikal",2,78,71,Touch 2-6 Seconds,0.251,116,235,0.494,0.5,0.239,113,224,0.504,0.012,3,11,0.273,2025-26,Regular Season
1628969,"Bridges, Mikal",3,78,37,Touch 6+ Seconds,0.067,32,63,0.508,0.508,0.065,32,61,0.525,0.002,0,2,0.0,2025-26,Regular Season
201144,"Conley, Mike",1,51,48,Touch < 2 Seconds,0.645,47,129,0.364,0.523,0.055,6,11,0.545,0.59,41,118,0.347,2025-26,Regular Season
201144,"Conley, Mike",2,51,32,Touch 2-6 Seconds,0.28,13,56,0.232,0.286,0.14,7,28,0.25,0.14,6,28,0.214,2025-26,Regular Season
201144,"Conley, Mike",3,51,14,Touch 6+ Seconds,0.075,3,15,0.2,0.233,0.035,2,7,0.286,0.04,1,8,0.125,2025-26,Regular Season
1628970,"Bridges, Miles",1,73,73,Touch < 2 Seconds,0.469,221,472,0.468,0.596,0.142,100,143,0.699,0.327,121,329,0.368,2025-26,Regular Season
1628970,"Bridges, Miles",2,73,72,Touch 2-6 Seconds,0.441,196,444,0.441,0.464,0.353,176,355,0.496,0.088,20,89,0.225,2025-26,Regular Season
1628970,"Bridges, Miles",3,73,47,Touch 6+ Seconds,0.089,41,90,0.456,0.461,0.077,40,77,0.519,0.013,1,13,0.077,2025-26,Regular Season
1642939,"Kelly, Miles",1,14,9,Touch < 2 Seconds,0.955,16,42,0.381,0.5,0.205,6,9,0.667,0.75,10,33,0.303,2025-26,Regular Season
1642939,"Kelly, Miles",2,14,2,Touch 2-6 Seconds,0.045,0,2,0.0,0.0,0.045,0,2,0.0,0.0,0,0,,2025-26,Regular Season
1630540,"McBride, Miles",1,38,38,Touch < 2 Seconds,0.571,90,216,0.417,0.604,0.05,9,19,0.474,0.521,81,197,0.411,2025-26,Regular Season
1630540,"McBride, Miles",2,38,35,Touch 2-6 Seconds,0.323,49,122,0.402,0.471,0.201,32,76,0.421,0.122,17,46,0.37,2025-26,Regular Season
1630540,"McBride, Miles",3,38,24,Touch 6+ Seconds,0.106,21,40,0.525,0.613,0.074,14,28,0.5,0.032,7,12,0.583,2025-26,Regular Season
1629011,"Robinson, Mitchell",1,58,54,Touch < 2 Seconds,0.964,139,189,0.735,0.735,0.964,139,189,0.735,0.0,0,0,,2025-26,Regular Season
1629011,"Robinson, Mitchell",2,58,7,Touch 2-6 Seconds,0.036,3,7,0.429,0.429,0.036,3,7,0.429,0.0,0,0,,2025-26,Regular Season
1628964,"Bamba, Mo",1,4,2,Touch < 2 Seconds,0.889,5,8,0.625,0.625,0.889,5,8,0.625,0.0,0,0,,2025-26,Regular Season
1628964,"Bamba, Mo",2,4,1,Touch 2-6 Seconds,0.111,0,1,0.0,0.0,0.111,0,1,0.0,0.0,0,0,,2025-26,Regular Season
1642885,"Diawara, Mohamed",1,67,48,Touch < 2 Seconds,0.713,63,144,0.438,0.59,0.163,19,33,0.576,0.55,44,111,0.396,2025-26,Regular Season
1642885,"Diawara, Mohamed",2,67,32,Touch 2-6 Seconds,0.243,21,49,0.429,0.469,0.188,17,38,0.447,0.054,4,11,0.364,2025-26,Regular Season
1642885,"Diawara, Mohamed",3,67,7,Touch 6+ Seconds,0.045,4,9,0.444,0.444,0.04,4,8,0.5,0.005,0,1,0.0,2025-26,Regular Season
1628420,"Morris, Monte",1,6,5,Touch < 2 Seconds,0.5,4,10,0.4,0.5,0.15,2,3,0.667,0.35,2,7,0.286,2025-26,Regular Season
1628420,"Morris, Monte",2,6,5,Touch 2-6 Seconds,0.35,3,7,0.429,0.429,0.35,3,7,0.429,0.0,0,0,,2025-26,Regular Season
1628420,"Morris, Monte",3,6,2,Touch 6+ Seconds,0.15,0,3,0.0,0.0,0.1,0,2,0.0,0.05,0,1,0.0,2025-26,Regular Season
1629021,"Wagner, Moritz",1,34,33,Touch < 2 Seconds,0.656,50,122,0.41,0.488,0.312,31,58,0.534,0.344,19,64,0.297,2025-26,Regular Season
1629021,"Wagner, Moritz",2,34,27,Touch 2-6 Seconds,0.328,27,61,0.443,0.459,0.312,25,58,0.431,0.016,2,3,0.667,2025-26,Regular Season
1629021,"Wagner, Moritz",3,34,3,Touch 6+ Seconds,0.016,1,3,0.333,0.333,0.016,1,3,0.333,0.0,0,0,,2025-26,Regular Season
1630541,"Moody, Moses",1,60,60,Touch < 2 Seconds,0.743,185,414,0.447,0.622,0.111,40,62,0.645,0.632,145,352,0.412,2025-26,Regular Season
1630541,"Moody, Moses",2,60,51,Touch 2-6 Seconds,0.215,50,120,0.417,0.433,0.181,46,101,0.455,0.034,4,19,0.211,2025-26,Regular Season
1630541,"Moody, Moses",3,60,21,Touch 6+ Seconds,0.041,10,23,0.435,0.478,0.031,8,17,0.471,0.011,2,6,0.333,2025-26,Regular Season
1631243,"Gueye, Mouhamed",1,74,67,Touch < 2 Seconds,0.862,106,243,0.436,0.512,0.429,69,121,0.57,0.433,37,122,0.303,2025-26,Regular Season
1631243,"Gueye, Mouhamed",2,74,28,Touch 2-6 Seconds,0.131,22,37,0.595,0.608,0.124,21,35,0.6,0.007,1,2,0.5,2025-26,Regular Season
1631243,"Gueye, Mouhamed",3,74,2,Touch 6+ Seconds,0.007,0,2,0.0,0.0,0.007,0,2,0.0,0.0,0,0,,2025-26,Regular Season
1630619,"Cisse, Moussa",1,35,26,Touch < 2 Seconds,0.878,48,79,0.608,0.608,0.878,48,79,0.608,0.0,0,0,,2025-26,Regular Season
1630619,"Cisse, Moussa",2,35,10,Touch 2-6 Seconds,0.122,5,11,0.455,0.455,0.122,5,11,0.455,0.0,0,0,,2025-26,Regular Season
1631217,"Diabaté, Moussa",1,69,68,Touch < 2 Seconds,0.782,182,273,0.667,0.668,0.777,181,271,0.668,0.006,1,2,0.5,2025-26,Regular Season
1631217,"Diabaté, Moussa",2,69,47,Touch 2-6 Seconds,0.209,37,73,0.507,0.507,0.209,37,73,0.507,0.0,0,0,,2025-26,Regular Season
1631217,"Diabaté, Moussa",3,69,3,Touch 6+ Seconds,0.009,1,3,0.333,0.333,0.009,1,3,0.333,0.0,0,0,,2025-26,Regular Season
1626167,"Turner, Myles",1,69,69,Touch < 2 Seconds,0.797,224,495,0.453,0.59,0.24,88,149,0.591,0.557,136,346,0.393,2025-26,Regular Season
1626167,"Turner, Myles",2,69,57,Touch 2-6 Seconds,0.188,46,117,0.393,0.432,0.143,37,89,0.416,0.045,9,28,0.321,2025-26,Regular Season
1626167,"Turner, Myles",3,69,9,Touch 6+ Seconds,0.014,2,9,0.222,0.222,0.013,2,8,0.25,0.002,0,1,0.0,2025-26,Regular Season
1642066,"Gardner, Myron",1,41,30,Touch < 2 Seconds,0.689,34,82,0.415,0.555,0.185,11,22,0.5,0.504,23,60,0.383,2025-26,Regular Season
1642066,"Gardner, Myron",2,41,21,Touch 2-6 Seconds,0.294,22,35,0.629,0.671,0.261,19,31,0.613,0.034,3,4,0.75,2025-26,Regular Season
1642066,"Gardner, Myron",3,41,2,Touch 6+ Seconds,0.017,1,2,0.5,0.5,0.017,1,2,0.5,0.0,0,0,,2025-26,Regular Season
1642368,"Dante, N'Faly",1,4,2,Touch < 2 Seconds,1.0,1,4,0.25,0.25,1.0,1,4,0.25,0.0,0,0,,2025-26,Regular Season
1641772,"Tomlin, Nae'Qwan",1,60,54,Touch < 2 Seconds,0.796,104,227,0.458,0.5,0.456,85,130,0.654,0.34,19,97,0.196,2025-26,Regular Season
1641772,"Tomlin, Nae'Qwan",2,60,32,Touch 2-6 Seconds,0.179,26,51,0.51,0.529,0.158,24,45,0.533,0.021,2,6,0.333,2025-26,Regular Season
1641772,"Tomlin, Nae'Qwan",3,60,7,Touch 6+ Seconds,0.025,4,7,0.571,0.571,0.025,4,7,0.571,0.0,0,0,,2025-26,Regular Season
1630230,"Marshall, Naji",1,72,70,Touch < 2 Seconds,0.409,154,327,0.471,0.557,0.179,98,143,0.685,0.23,56,184,0.304,2025-26,Regular Season
1630230,"Marshall, Naji",2,72,72,Touch 2-6 Seconds,0.428,188,342,0.55,0.558,0.398,182,318,0.572,0.03,6,24,0.25,2025-26,Regular Season
1630230,"Marshall, Naji",3,72,58,Touch 6+ Seconds,0.164,68,131,0.519,0.519,0.163,68,130,0.523,0.001,0,1,0.0,2025-26,Regular Season
1631466,"Williams, Nate",1,12,9,Touch < 2 Seconds,0.625,21,40,0.525,0.638,0.297,12,19,0.632,0.328,9,21,0.429,2025-26,Regular Season
1631466,"Williams, Nate",2,12,9,Touch 2-6 Seconds,0.375,11,24,0.458,0.458,0.375,11,24,0.458,0.0,0,0,,2025-26,Regular Season
1629675,"Reid, Naz",1,74,72,Touch < 2 Seconds,0.592,215,488,0.441,0.583,0.143,76,118,0.644,0.449,139,370,0.376,2025-26,Regular Season
1629675,"Reid, Naz",2,74,73,Touch 2-6 Seconds,0.374,144,308,0.468,0.494,0.305,128,251,0.51,0.069,16,57,0.281,2025-26,Regular Season
1629675,"Reid, Naz",3,74,25,Touch 6+ Seconds,0.034,17,28,0.607,0.643,0.032,15,26,0.577,0.002,2,2,1.0,2025-26,Regular Season
1629674,"Queta, Neemias",1,72,72,Touch < 2 Seconds,0.829,265,392,0.676,0.676,0.816,265,386,0.687,0.013,0,6,0.0,2025-26,Regular Season
1629674,"Queta, Neemias",2,72,48,Touch 2-6 Seconds,0.169,39,80,0.488,0.488,0.167,39,79,0.494,0.002,0,1,0.0,2025-26,Regular Season
1629674,"Queta, Neemias",3,72,1,Touch 6+ Seconds,0.002,0,1,0.0,0.0,0.002,0,1,0.0,0.0,0,0,,2025-26,Regular Season
1629651,"Claxton, Nic",1,69,67,Touch < 2 Seconds,0.504,196,294,0.667,0.672,0.479,193,279,0.692,0.026,3,15,0.2,2025-26,Regular Season
1629651,"Claxton, Nic",2,69,68,Touch 2-6 Seconds,0.419,115,244,0.471,0.471,0.412,115,240,0.479,0.007,0,4,0.0,2025-26,Regular Season
1629651,"Claxton, Nic",3,69,33,Touch 6+ Seconds,0.077,22,45,0.489,0.489,0.077,22,45,0.489,0.0,0,0,,2025-26,Regular Season
1630208,"Richards, Nick",1,48,19,Touch < 2 Seconds,0.828,55,106,0.519,0.542,0.695,50,89,0.562,0.133,5,17,0.294,2025-26,Regular Season
1630208,"Richards, Nick",2,48,14,Touch 2-6 Seconds,0.172,11,22,0.5,0.5,0.164,11,21,0.524,0.008,0,1,0.0,2025-26,Regular Season
1641733,"Smith Jr., Nick",1,25,22,Touch < 2 Seconds,0.377,20,49,0.408,0.571,0.054,4,7,0.571,0.323,16,42,0.381,2025-26,Regular Season
1641733,"Smith Jr., Nick",2,25,14,Touch 2-6 Seconds,0.238,15,31,0.484,0.532,0.146,12,19,0.632,0.092,3,12,0.25,2025-26,Regular Season
1641733,"Smith Jr., Nick",3,25,19,Touch 6+ Seconds,0.385,18,50,0.36,0.42,0.285,12,37,0.324,0.1,6,13,0.462,2025-26,Regular Season
1629638,"Alexander-Walker, Nickeil",1,75,75,Touch < 2 Seconds,0.492,253,563,0.449,0.623,0.077,57,88,0.648,0.415,196,475,0.413,2025-26,Regular Season
1629638,"Alexander-Walker, Nickeil",2,75,75,Touch 2-6 Seconds,0.413,221,472,0.468,0.507,0.317,184,363,0.507,0.095,37,109,0.339,2025-26,Regular Season
1629638,"Alexander-Walker, Nickeil",3,75,56,Touch 6+ Seconds,0.095,45,109,0.413,0.431,0.08,41,92,0.446,0.015,4,17,0.235,2025-26,Regular Season
201587,"Batum, Nicolas",1,71,63,Touch < 2 Seconds,0.987,92,228,0.404,0.596,0.043,4,10,0.4,0.944,88,218,0.404,2025-26,Regular Season
201587,"Batum, Nicolas",2,71,2,Touch 2-6 Seconds,0.009,0,2,0.0,0.0,0.0,0,0,,0.009,0,2,0.0,2025-26,Regular Season
201587,"Batum, Nicolas",3,71,1,Touch 6+ Seconds,0.004,0,1,0.0,0.0,0.0,0,0,,0.004,0,1,0.0,2025-26,Regular Season
1628502,"Hayes-Davis, Nigel",1,27,16,Touch < 2 Seconds,0.652,8,30,0.267,0.3,0.326,6,15,0.4,0.326,2,15,0.133,2025-26,Regular Season
1628502,"Hayes-Davis, Nigel",2,27,10,Touch 2-6 Seconds,0.326,7,15,0.467,0.467,0.304,7,14,0.5,0.022,0,1,0.0,2025-26,Regular Season
1628502,"Hayes-Davis, Nigel",3,27,1,Touch 6+ Seconds,0.022,0,1,0.0,0.0,0.022,0,1,0.0,0.0,0,0,,2025-26,Regular Season
203999,"Jokić, Nikola",1,61,61,Touch < 2 Seconds,0.541,337,569,0.592,0.662,0.355,258,373,0.692,0.186,79,196,0.403,2025-26,Regular Season
203999,"Jokić, Nikola",2,61,59,Touch 2-6 Seconds,0.32,189,336,0.563,0.592,0.266,169,280,0.604,0.053,20,56,0.357,2025-26,Regular Season
203999,"Jokić, Nikola",3,61,52,Touch 6+ Seconds,0.139,75,146,0.514,0.548,0.111,65,117,0.556,0.028,10,29,0.345,2025-26,Regular Season
1631107,"Jović, Nikola",1,47,42,Touch < 2 Seconds,0.682,71,210,0.338,0.436,0.182,30,56,0.536,0.5,41,154,0.266,2025-26,Regular Season
1631107,"Jović, Nikola",2,47,36,Touch 2-6 Seconds,0.276,38,85,0.447,0.459,0.26,36,80,0.45,0.016,2,5,0.4,2025-26,Regular Season
1631107,"Jović, Nikola",3,47,11,Touch 6+ Seconds,0.042,4,13,0.308,0.346,0.029,3,9,0.333,0.013,1,4,0.25,2025-26,Regular Season
1642260,"Topić, Nikola",1,6,6,Touch < 2 Seconds,0.444,3,8,0.375,0.438,0.222,2,4,0.5,0.222,1,4,0.25,2025-26,Regular Season
1642260,"Topić, Nikola",2,6,5,Touch 2-6 Seconds,0.333,3,6,0.5,0.583,0.222,2,4,0.5,0.111,1,2,0.5,2025-26,Regular Season
1642260,"Topić, Nikola",3,6,3,Touch 6+ Seconds,0.222,2,4,0.5,0.5,0.222,2,4,0.5,0.0,0,0,,2025-26,Regular Season
202696,"Vučević, Nikola",1,60,11,Touch < 2 Seconds,0.845,44,93,0.473,0.543,0.518,31,57,0.544,0.327,13,36,0.361,2025-26,Regular Season
202696,"Vučević, Nikola",2,60,10,Touch 2-6 Seconds,0.145,5,16,0.313,0.313,0.136,5,15,0.333,0.009,0,1,0.0,2025-26,Regular Season
202696,"Vučević, Nikola",3,60,1,Touch 6+ Seconds,0.009,0,1,0.0,0.0,0.009,0,1,0.0,0.0,0,0,,2025-26,Regular Season
1642363,"Clifford, Nique",1,71,63,Touch < 2 Seconds,0.473,109,255,0.427,0.539,0.178,52,96,0.542,0.295,57,159,0.358,2025-26,Regular Season
1642363,"Clifford, Nique",2,71,62,Touch 2-6 Seconds,0.401,92,216,0.426,0.454,0.323,80,174,0.46,0.078,12,42,0.286,2025-26,Regular Season
1642363,"Clifford, Nique",3,71,38,Touch 6+ Seconds,0.126,21,68,0.309,0.331,0.104,18,56,0.321,0.022,3,12,0.25,2025-26,Regular Season
1642855,"Essengue, Noa",1,2,2,Touch < 2 Seconds,1.0,0,3,0.0,0.0,0.333,0,1,0.0,0.667,0,2,0.0,2025-26,Regular Season
1641730,"Clowney, Noah",1,66,66,Touch < 2 Seconds,0.662,151,418,0.361,0.507,0.078,29,49,0.592,0.585,122,369,0.331,2025-26,Regular Season
1641730,"Clowney, Noah",2,66,60,Touch 2-6 Seconds,0.306,88,193,0.456,0.474,0.271,81,171,0.474,0.035,7,22,0.318,2025-26,Regular Season
1641730,"Clowney, Noah",3,66,17,Touch 6+ Seconds,0.032,11,20,0.55,0.55,0.03,11,19,0.579,0.002,0,1,0.0,2025-26,Regular Season
1642869,"Penda, Noah",1,56,39,Touch < 2 Seconds,0.553,46,110,0.418,0.527,0.181,22,36,0.611,0.372,24,74,0.324,2025-26,Regular Season
1642869,"Penda, Noah",2,56,36,Touch 2-6 Seconds,0.417,32,83,0.386,0.422,0.337,26,67,0.388,0.08,6,16,0.375,2025-26,Regular Season
1642869,"Penda, Noah",3,56,6,Touch 6+ Seconds,0.03,4,6,0.667,0.667,0.03,4,6,0.667,0.0,0,0,,2025-26,Regular Season
1642849,"Traore, Nolan",1,53,49,Touch < 2 Seconds,0.391,59,174,0.339,0.468,0.067,14,30,0.467,0.324,45,144,0.313,2025-26,Regular Season
1642849,"Traore, Nolan",2,53,50,Touch 2-6 Seconds,0.425,72,189,0.381,0.392,0.382,68,170,0.4,0.043,4,19,0.211,2025-26,Regular Season
1642849,"Traore, Nolan",3,53,36,Touch 6+ Seconds,0.184,37,82,0.451,0.482,0.166,32,74,0.432,0.018,5,8,0.625,2025-26,Regular Season
1641807,"Omier, Norchad",1,3,2,Touch < 2 Seconds,0.6,2,3,0.667,0.667,0.4,2,2,1.0,0.2,0,1,0.0,2025-26,Regular Season
1641807,"Omier, Norchad",2,3,2,Touch 2-6 Seconds,0.4,2,2,1.0,1.0,0.4,2,2,1.0,0.0,0,0,,2025-26,Regular Season
1626181,"Powell, Norman",1,55,55,Touch < 2 Seconds,0.453,165,390,0.423,0.571,0.111,50,96,0.521,0.341,115,294,0.391,2025-26,Regular Season
1626181,"Powell, Norman",2,55,55,Touch 2-6 Seconds,0.476,212,410,0.517,0.556,0.38,180,327,0.55,0.096,32,83,0.386,2025-26,Regular Season
1626181,"Powell, Norman",3,55,35,Touch 6+ Seconds,0.071,30,61,0.492,0.525,0.052,26,45,0.578,0.019,4,16,0.25,2025-26,Regular Season
1628384,"Anunoby, OG",1,64,64,Touch < 2 Seconds,0.615,239,477,0.501,0.648,0.178,99,138,0.717,0.437,140,339,0.413,2025-26,Regular Season
1628384,"Anunoby, OG",2,64,63,Touch 2-6 Seconds,0.34,125,264,0.473,0.492,0.28,115,217,0.53,0.061,10,47,0.213,2025-26,Regular Season
1628384,"Anunoby, OG",3,64,22,Touch 6+ Seconds,0.045,13,35,0.371,0.371,0.044,13,34,0.382,0.001,0,1,0.0,2025-26,Regular Season
1630167,"Toppin, Obi",1,19,19,Touch < 2 Seconds,0.739,55,105,0.524,0.643,0.261,30,37,0.811,0.479,25,68,0.368,2025-26,Regular Season
1630167,"Toppin, Obi",2,19,15,Touch 2-6 Seconds,0.239,15,34,0.441,0.441,0.169,15,24,0.625,0.07,0,10,0.0,2025-26,Regular Season
1630167,"Toppin, Obi",3,19,2,Touch 6+ Seconds,0.021,1,3,0.333,0.333,0.021,1,3,0.333,0.0,0,0,,2025-26,Regular Season
1630534,"Agbaji, Ochai",1,61,18,Touch < 2 Seconds,0.697,27,69,0.391,0.514,0.162,10,16,0.625,0.535,17,53,0.321,2025-26,Regular Season
1630534,"Agbaji, Ochai",2,61,13,Touch 2-6 Seconds,0.293,18,29,0.621,0.672,0.242,15,24,0.625,0.051,3,5,0.6,2025-26,Regular Season
1630534,"Agbaji, Ochai",3,61,1,Touch 6+ Seconds,0.01,0,1,0.0,0.0,0.0,0,0,,0.01,0,1,0.0,2025-26,Regular Season
1641765,"Prosper, Olivier-Maxence",1,51,46,Touch < 2 Seconds,0.704,124,231,0.537,0.656,0.293,69,96,0.719,0.412,55,135,0.407,2025-26,Regular Season
1641765,"Prosper, Olivier-Maxence",2,51,40,Touch 2-6 Seconds,0.28,52,92,0.565,0.565,0.271,52,89,0.584,0.009,0,3,0.0,2025-26,Regular Season
1641765,"Prosper, Olivier-Maxence",3,51,5,Touch 6+ Seconds,0.015,1,5,0.2,0.2,0.015,1,5,0.2,0.0,0,0,,2025-26,Regular Season
1630209,"Yurtseven, Omer",1,9,6,Touch < 2 Seconds,0.885,10,23,0.435,0.435,0.731,10,19,0.526,0.154,0,4,0.0,2025-26,Regular Season
1630209,"Yurtseven, Omer",2,9,3,Touch 2-6 Seconds,0.115,1,3,0.333,0.333,0.115,1,3,0.333,0.0,0,0,,2025-26,Regular Season
1630168,"Okongwu, Onyeka",1,71,71,Touch < 2 Seconds,0.749,304,623,0.488,0.601,0.315,163,262,0.622,0.434,141,361,0.391,2025-26,Regular Season
1630168,"Okongwu, Onyeka",2,71,66,Touch 2-6 Seconds,0.249,96,207,0.464,0.464,0.236,96,196,0.49,0.013,0,11,0.0,2025-26,Regular Season
1630168,"Okongwu, Onyeka",3,71,2,Touch 6+ Seconds,0.002,1,2,0.5,0.5,0.002,1,2,0.5,0.0,0,0,,2025-26,Regular Season
1631115,"Robinson, Orlando",1,4,2,Touch < 2 Seconds,1.0,3,5,0.6,0.7,0.6,2,3,0.667,0.4,1,2,0.5,2025-26,Regular Season
1631131,"Tshiebwe, Oscar",1,23,22,Touch < 2 Seconds,0.845,53,87,0.609,0.609,0.845,53,87,0.609,0.0,0,0,,2025-26,Regular Season
1631131,"Tshiebwe, Oscar",2,23,13,Touch 2-6 Seconds,0.155,12,16,0.75,0.75,0.155,12,16,0.75,0.0,0,0,,2025-26,Regular Season
1642345,"Ighodaro, Oso",1,77,71,Touch < 2 Seconds,0.756,175,257,0.681,0.681,0.753,175,256,0.684,0.003,0,1,0.0,2025-26,Regular Season
1642345,"Ighodaro, Oso",2,77,39,Touch 2-6 Seconds,0.176,33,60,0.55,0.55,0.176,33,60,0.55,0.0,0,0,,2025-26,Regular Season
1642345,"Ighodaro, Oso",3,77,20,Touch 6+ Seconds,0.068,11,23,0.478,0.478,0.068,11,23,0.478,0.0,0,0,,2025-26,Regular Season
1631172,"Dieng, Ousmane",1,52,24,Touch < 2 Seconds,0.317,35,77,0.455,0.643,0.049,6,12,0.5,0.267,29,65,0.446,2025-26,Regular Season
1631172,"Dieng, Ousmane",2,52,25,Touch 2-6 Seconds,0.469,46,114,0.404,0.439,0.317,38,77,0.494,0.152,8,37,0.216,2025-26,Regular Season
1631172,"Dieng, Ousmane",3,52,16,Touch 6+ Seconds,0.214,23,52,0.442,0.471,0.185,20,45,0.444,0.029,3,7,0.429,2025-26,Regular Season
1629023,"Washington, P.J.",1,55,55,Touch < 2 Seconds,0.57,170,369,0.461,0.554,0.252,101,163,0.62,0.318,69,206,0.335,2025-26,Regular Season
1629023,"Washington, P.J.",2,55,52,Touch 2-6 Seconds,0.355,100,230,0.435,0.439,0.329,98,213,0.46,0.026,2,17,0.118,2025-26,Regular Season
1629023,"Washington, P.J.",3,55,29,Touch 6+ Seconds,0.074,19,48,0.396,0.406,0.068,18,44,0.409,0.006,1,4,0.25,2025-26,Regular Season
1641790,"Hall, PJ",1,19,12,Touch < 2 Seconds,0.88,23,44,0.523,0.545,0.84,21,42,0.5,0.04,2,2,1.0,2025-26,Regular Season
1641790,"Hall, PJ",2,19,5,Touch 2-6 Seconds,0.12,2,6,0.333,0.333,0.12,2,6,0.333,0.0,0,0,,2025-26,Regular Season
1642359,"Dadiet, Pacôme",1,27,12,Touch < 2 Seconds,0.857,9,30,0.3,0.4,0.171,3,6,0.5,0.686,6,24,0.25,2025-26,Regular Season
1642359,"Dadiet, Pacôme",2,27,4,Touch 2-6 Seconds,0.114,2,4,0.5,0.5,0.114,2,4,0.5,0.0,0,0,,2025-26,Regular Season
1642359,"Dadiet, Pacôme",3,27,1,Touch 6+ Seconds,0.029,0,1,0.0,0.0,0.0,0,0,,0.029,0,1,0.0,2025-26,Regular Season
1631094,"Banchero, Paolo",1,67,66,Touch < 2 Seconds,0.281,162,302,0.536,0.626,0.153,108,165,0.655,0.127,54,137,0.394,2025-26,Regular Season
1631094,"Banchero, Paolo",2,67,67,Touch 2-6 Seconds,0.453,210,487,0.431,0.449,0.372,193,400,0.483,0.081,17,87,0.195,2025-26,Regular Season
1631094,"Banchero, Paolo",3,67,65,Touch 6+ Seconds,0.267,119,287,0.415,0.432,0.233,109,251,0.434,0.033,10,36,0.278,2025-26,Regular Season
1627783,"Siakam, Pascal",1,62,62,Touch < 2 Seconds,0.358,198,414,0.478,0.579,0.156,115,180,0.639,0.203,83,234,0.355,2025-26,Regular Season
1627783,"Siakam, Pascal",2,62,62,Touch 2-6 Seconds,0.508,288,587,0.491,0.508,0.462,268,534,0.502,0.046,20,53,0.377,2025-26,Regular Season
1627783,"Siakam, Pascal",3,62,56,Touch 6+ Seconds,0.133,73,154,0.474,0.481,0.128,71,148,0.48,0.005,2,6,0.333,2025-26,Regular Season
1626192,"Connaughton, Pat",1,39,26,Touch < 2 Seconds,0.723,26,60,0.433,0.6,0.133,6,11,0.545,0.59,20,49,0.408,2025-26,Regular Season
1626192,"Connaughton, Pat",2,39,17,Touch 2-6 Seconds,0.277,12,23,0.522,0.543,0.253,11,21,0.524,0.024,1,2,0.5,2025-26,Regular Season
1630311,"Spencer, Pat",1,61,44,Touch < 2 Seconds,0.354,63,137,0.46,0.588,0.127,28,49,0.571,0.227,35,88,0.398,2025-26,Regular Season
1630311,"Spencer, Pat",2,61,46,Touch 2-6 Seconds,0.346,55,134,0.41,0.451,0.253,44,98,0.449,0.093,11,36,0.306,2025-26,Regular Season
1630311,"Spencer, Pat",3,61,45,Touch 6+ Seconds,0.3,49,116,0.422,0.453,0.243,42,94,0.447,0.057,7,22,0.318,2025-26,Regular Season
1631116,"Baldwin Jr., Patrick",1,9,5,Touch < 2 Seconds,0.826,7,19,0.368,0.474,0.348,3,8,0.375,0.478,4,11,0.364,2025-26,Regular Season
1631116,"Baldwin Jr., Patrick",2,9,4,Touch 2-6 Seconds,0.174,1,4,0.25,0.25,0.174,1,4,0.25,0.0,0,0,,2025-26,Regular Season
1630172,"Williams, Patrick",1,67,63,Touch < 2 Seconds,0.554,83,236,0.352,0.5,0.085,13,36,0.361,0.469,70,200,0.35,2025-26,Regular Season
1630172,"Williams, Patrick",2,67,64,Touch 2-6 Seconds,0.425,72,181,0.398,0.436,0.329,58,140,0.414,0.096,14,41,0.341,2025-26,Regular Season
1630172,"Williams, Patrick",3,67,9,Touch 6+ Seconds,0.021,3,9,0.333,0.333,0.019,3,8,0.375,0.002,0,1,0.0,2025-26,Regular Season
202331,"George, Paul",1,32,32,Touch < 2 Seconds,0.429,81,193,0.42,0.583,0.082,18,37,0.486,0.347,63,156,0.404,2025-26,Regular Season
202331,"George, Paul",2,32,32,Touch 2-6 Seconds,0.353,68,159,0.428,0.481,0.247,51,111,0.459,0.107,17,48,0.354,2025-26,Regular Season
202331,"George, Paul",3,32,30,Touch 6+ Seconds,0.218,49,98,0.5,0.546,0.167,40,75,0.533,0.051,9,23,0.391,2025-26,Regular Season
1630194,"Reed, Paul",1,60,54,Touch < 2 Seconds,0.655,123,199,0.618,0.646,0.546,112,166,0.675,0.109,11,33,0.333,2025-26,Regular Season
1630194,"Reed, Paul",2,60,43,Touch 2-6 Seconds,0.309,51,94,0.543,0.548,0.303,50,92,0.543,0.007,1,2,0.5,2025-26,Regular Season
1630194,"Reed, Paul",3,60,10,Touch 6+ Seconds,0.036,7,11,0.636,0.636,0.033,7,10,0.7,0.003,0,1,0.0,2025-26,Regular Season
1630202,"Pritchard, Payton",1,75,72,Touch < 2 Seconds,0.363,161,376,0.428,0.605,0.043,28,45,0.622,0.319,133,331,0.402,2025-26,Regular Season
1630202,"Pritchard, Payton",2,75,74,Touch 2-6 Seconds,0.379,183,393,0.466,0.52,0.251,140,260,0.538,0.128,43,133,0.323,2025-26,Regular Season
1630202,"Pritchard, Payton",3,75,70,Touch 6+ Seconds,0.258,134,268,0.5,0.543,0.19,111,197,0.563,0.068,23,71,0.324,2025-26,Regular Season
1642362,"Sandfort, Payton",1,2,2,Touch < 2 Seconds,1.0,1,5,0.2,0.3,0.2,0,1,0.0,0.8,1,4,0.25,2025-26,Regular Season
1641796,"Larsson, Pelle",1,67,65,Touch < 2 Seconds,0.586,147,302,0.487,0.579,0.26,91,134,0.679,0.326,56,168,0.333,2025-26,Regular Season
1641796,"Larsson, Pelle",2,67,57,Touch 2-6 Seconds,0.377,99,194,0.51,0.515,0.361,97,186,0.522,0.016,2,8,0.25,2025-26,Regular Season
1641796,"Larsson, Pelle",3,67,15,Touch 6+ Seconds,0.037,11,19,0.579,0.579,0.033,11,17,0.647,0.004,0,2,0.0,2025-26,Regular Season
1631250,"Nance, Pete",1,44,37,Touch < 2 Seconds,0.888,86,158,0.544,0.696,0.281,38,50,0.76,0.607,48,108,0.444,2025-26,Regular Season
1631250,"Nance, Pete",2,44,15,Touch 2-6 Seconds,0.107,9,19,0.474,0.5,0.09,8,16,0.5,0.017,1,3,0.333,2025-26,Regular Season
1631250,"Nance, Pete",3,44,1,Touch 6+ Seconds,0.006,0,1,0.0,0.0,0.006,0,1,0.0,0.0,0,0,,2025-26,Regular Season
1631212,"Watson, Peyton",1,54,52,Touch < 2 Seconds,0.546,175,317,0.552,0.669,0.27,101,157,0.643,0.275,74,160,0.463,2025-26,Regular Season
1631212,"Watson, Peyton",2,54,48,Touch 2-6 Seconds,0.298,73,173,0.422,0.439,0.255,67,148,0.453,0.043,6,25,0.24,2025-26,Regular Season
1631212,"Watson, Peyton",3,54,28,Touch 6+ Seconds,0.157,37,91,0.407,0.412,0.136,36,79,0.456,0.021,1,12,0.083,2025-26,Regular Season
1630173,"Achiuwa, Precious",1,69,68,Touch < 2 Seconds,0.6,179,329,0.544,0.585,0.443,152,243,0.626,0.157,27,86,0.314,2025-26,Regular Season
1630173,"Achiuwa, Precious",2,69,62,Touch 2-6 Seconds,0.349,104,191,0.545,0.545,0.345,104,189,0.55,0.004,0,2,0.0,2025-26,Regular Season
1630173,"Achiuwa, Precious",3,69,20,Touch 6+ Seconds,0.051,12,28,0.429,0.429,0.051,12,28,0.429,0.0,0,0,,2025-26,Regular Season
1629656,"Grimes, Quentin",1,70,69,Touch < 2 Seconds,0.508,163,361,0.452,0.589,0.123,64,87,0.736,0.386,99,274,0.361,2025-26,Regular Season
1629656,"Grimes, Quentin",2,70,67,Touch 2-6 Seconds,0.406,130,288,0.451,0.483,0.296,112,210,0.533,0.11,18,78,0.231,2025-26,Regular Season
1629656,"Grimes, Quentin",3,70,36,Touch 6+ Seconds,0.086,30,61,0.492,0.525,0.07,26,50,0.52,0.015,4,11,0.364,2025-26,Regular Season
1631245,"Jackson, Quenton",1,44,36,Touch < 2 Seconds,0.425,58,113,0.513,0.637,0.147,30,39,0.769,0.278,28,74,0.378,2025-26,Regular Season
1631245,"Jackson, Quenton",2,44,42,Touch 2-6 Seconds,0.466,52,124,0.419,0.456,0.38,43,101,0.426,0.086,9,23,0.391,2025-26,Regular Season
1631245,"Jackson, Quenton",3,44,16,Touch 6+ Seconds,0.109,19,29,0.655,0.672,0.098,18,26,0.692,0.011,1,3,0.333,2025-26,Regular Season
1642366,"Post, Quinten",1,67,61,Touch < 2 Seconds,0.858,164,375,0.437,0.559,0.247,73,108,0.676,0.611,91,267,0.341,2025-26,Regular Season
1642366,"Post, Quinten",2,67,33,Touch 2-6 Seconds,0.137,29,60,0.483,0.5,0.117,27,51,0.529,0.021,2,9,0.222,2025-26,Regular Season
1642366,"Post, Quinten",3,67,2,Touch 6+ Seconds,0.005,0,2,0.0,0.0,0.005,0,2,0.0,0.0,0,0,,2025-26,Regular Season
1629628,"Barrett, RJ",1,53,52,Touch < 2 Seconds,0.541,199,400,0.498,0.603,0.204,115,151,0.762,0.337,84,249,0.337,2025-26,Regular Season
1629628,"Barrett, RJ",2,53,52,Touch 2-6 Seconds,0.382,137,282,0.486,0.491,0.368,134,272,0.493,0.014,3,10,0.3,2025-26,Regular Season
1629628,"Barrett, RJ",3,53,30,Touch 6+ Seconds,0.077,28,57,0.491,0.5,0.074,27,55,0.491,0.003,1,2,0.5,2025-26,Regular Season
1642853,"Fleming, Rasheer",1,51,44,Touch < 2 Seconds,0.862,68,163,0.417,0.537,0.259,29,49,0.592,0.603,39,114,0.342,2025-26,Regular Season
1642853,"Fleming, Rasheer",2,51,17,Touch 2-6 Seconds,0.132,9,25,0.36,0.36,0.127,9,24,0.375,0.005,0,1,0.0,2025-26,Regular Season
1642853,"Fleming, Rasheer",3,51,1,Touch 6+ Seconds,0.005,0,1,0.0,0.0,0.005,0,1,0.0,0.0,0,0,,2025-26,Regular Season
1642484,"Dennis, RayJ",1,16,1,Touch < 2 Seconds,1.0,0,1,0.0,0.0,0.0,0,0,,1.0,0,1,0.0,2025-26,Regular Season
1641712,"Rupert, Rayan",1,61,13,Touch < 2 Seconds,0.514,24,55,0.436,0.573,0.15,9,16,0.563,0.364,15,39,0.385,2025-26,Regular Season
1641712,"Rupert, Rayan",2,61,13,Touch 2-6 Seconds,0.467,20,50,0.4,0.42,0.43,18,46,0.391,0.037,2,4,0.5,2025-26,Regular Season
1641712,"Rupert, Rayan",3,61,2,Touch 6+ Seconds,0.019,2,2,1.0,1.0,0.019,2,2,1.0,0.0,0,0,,2025-26,Regular Season
1642263,"Sheppard, Reed",1,77,77,Touch < 2 Seconds,0.494,183,431,0.425,0.608,0.049,25,43,0.581,0.444,158,388,0.407,2025-26,Regular Season
1642263,"Sheppard, Reed",2,77,73,Touch 2-6 Seconds,0.257,92,224,0.411,0.464,0.175,68,153,0.444,0.081,24,71,0.338,2025-26,Regular Season
1642263,"Sheppard, Reed",3,77,71,Touch 6+ Seconds,0.25,97,218,0.445,0.509,0.166,69,145,0.476,0.084,28,73,0.384,2025-26,Regular Season
1642434,"Minix, Riley",1,6,2,Touch < 2 Seconds,0.667,3,4,0.75,1.0,0.167,1,1,1.0,0.5,2,3,0.667,2025-26,Regular Season
1642434,"Minix, Riley",2,6,1,Touch 2-6 Seconds,0.167,0,1,0.0,0.0,0.167,0,1,0.0,0.0,0,0,,2025-26,Regular Season
1642434,"Minix, Riley",3,6,1,Touch 6+ Seconds,0.167,1,1,1.0,1.0,0.167,1,1,1.0,0.0,0,0,,2025-26,Regular Season
1642265,"Dillingham, Rob",1,60,22,Touch < 2 Seconds,0.323,24,64,0.375,0.508,0.066,7,13,0.538,0.258,17,51,0.333,2025-26,Regular Season
1642265,"Dillingham, Rob",2,60,22,Touch 2-6 Seconds,0.49,38,97,0.392,0.402,0.414,36,82,0.439,0.076,2,15,0.133,2025-26,Regular Season
1642265,"Dillingham, Rob",3,60,20,Touch 6+ Seconds,0.187,19,37,0.514,0.527,0.172,18,34,0.529,0.015,1,3,0.333,2025-26,Regular Season
1629057,"Williams III, Robert",1,55,53,Touch < 2 Seconds,0.961,159,222,0.716,0.732,0.87,152,201,0.756,0.091,7,21,0.333,2025-26,Regular Season
1629057,"Williams III, Robert",2,55,8,Touch 2-6 Seconds,0.039,6,9,0.667,0.667,0.039,6,9,0.667,0.0,0,0,,2025-26,Regular Season
1642911,"Zikarsky, Rocco",1,4,3,Touch < 2 Seconds,1.0,3,5,0.6,0.6,1.0,3,5,0.6,0.0,0,0,,2025-26,Regular Season
1631199,"Harper Jr., Ron",1,26,20,Touch < 2 Seconds,0.783,24,65,0.369,0.523,0.072,4,6,0.667,0.711,20,59,0.339,2025-26,Regular Season
1631199,"Harper Jr., Ron",2,26,13,Touch 2-6 Seconds,0.169,6,14,0.429,0.5,0.12,4,10,0.4,0.048,2,4,0.5,2025-26,Regular Season
1631199,"Harper Jr., Ron",3,26,4,Touch 6+ Seconds,0.048,3,4,0.75,0.75,0.036,3,3,1.0,0.012,0,1,0.0,2025-26,Regular Season
1641842,"Holland II, Ronald",1,73,70,Touch < 2 Seconds,0.61,118,303,0.389,0.454,0.272,79,135,0.585,0.338,39,168,0.232,2025-26,Regular Season
1641842,"Holland II, Ronald",2,73,62,Touch 2-6 Seconds,0.34,84,169,0.497,0.5,0.32,83,159,0.522,0.02,1,10,0.1,2025-26,Regular Season
1641842,"Holland II, Ronald",3,73,18,Touch 6+ Seconds,0.05,11,25,0.44,0.44,0.048,11,24,0.458,0.002,0,1,0.0,2025-26,Regular Season
1626220,"O'Neale, Royce",1,74,73,Touch < 2 Seconds,0.769,194,455,0.426,0.616,0.056,21,33,0.636,0.713,173,422,0.41,2025-26,Regular Season
1626220,"O'Neale, Royce",2,74,57,Touch 2-6 Seconds,0.201,51,119,0.429,0.534,0.098,26,58,0.448,0.103,25,61,0.41,2025-26,Regular Season
1626220,"O'Neale, Royce",3,74,16,Touch 6+ Seconds,0.03,4,18,0.222,0.306,0.014,1,8,0.125,0.017,3,10,0.3,2025-26,Regular Season
203497,"Gobert, Rudy",1,74,73,Touch < 2 Seconds,0.912,303,426,0.711,0.711,0.901,303,421,0.72,0.011,0,5,0.0,2025-26,Regular Season
203497,"Gobert, Rudy",2,74,27,Touch 2-6 Seconds,0.079,14,37,0.378,0.378,0.079,14,37,0.378,0.0,0,0,,2025-26,Regular Season
203497,"Gobert, Rudy",3,74,4,Touch 6+ Seconds,0.009,3,4,0.75,0.75,0.009,3,4,0.75,0.0,0,0,,2025-26,Regular Season
1629060,"Hachimura, Rui",1,63,61,Touch < 2 Seconds,0.647,173,348,0.497,0.641,0.21,73,113,0.646,0.437,100,235,0.426,2025-26,Regular Season
1629060,"Hachimura, Rui",2,63,57,Touch 2-6 Seconds,0.32,90,172,0.523,0.535,0.307,86,165,0.521,0.013,4,7,0.571,2025-26,Regular Season
1629060,"Hachimura, Rui",3,63,15,Touch 6+ Seconds,0.033,8,18,0.444,0.444,0.032,8,17,0.471,0.002,0,1,0.0,2025-26,Regular Season
201566,"Westbrook, Russell",1,64,63,Touch < 2 Seconds,0.426,139,357,0.389,0.527,0.077,41,65,0.631,0.348,98,292,0.336,2025-26,Regular Season
201566,"Westbrook, Russell",2,64,62,Touch 2-6 Seconds,0.294,112,247,0.453,0.492,0.231,93,194,0.479,0.063,19,53,0.358,2025-26,Regular Season
201566,"Westbrook, Russell",3,64,63,Touch 6+ Seconds,0.28,107,235,0.455,0.479,0.24,96,201,0.478,0.041,11,34,0.324,2025-26,Regular Season
1642346,"Dunn, Ryan",1,66,64,Touch < 2 Seconds,0.816,130,275,0.473,0.571,0.359,76,121,0.628,0.457,54,154,0.351,2025-26,Regular Season
1642346,"Dunn, Ryan",2,66,37,Touch 2-6 Seconds,0.157,19,53,0.358,0.358,0.148,19,50,0.38,0.009,0,3,0.0,2025-26,Regular Season
1642346,"Dunn, Ryan",3,66,8,Touch 6+ Seconds,0.027,3,9,0.333,0.333,0.021,3,7,0.429,0.006,0,2,0.0,2025-26,Regular Season
1641750,"Kalkbrenner, Ryan",1,65,64,Touch < 2 Seconds,0.915,198,259,0.764,0.764,0.908,198,257,0.77,0.007,0,2,0.0,2025-26,Regular Season
1641750,"Kalkbrenner, Ryan",2,65,19,Touch 2-6 Seconds,0.074,12,21,0.571,0.571,0.067,12,19,0.632,0.007,0,2,0.0,2025-26,Regular Season
1641750,"Kalkbrenner, Ryan",3,65,2,Touch 6+ Seconds,0.011,1,3,0.333,0.333,0.007,1,2,0.5,0.004,0,1,0.0,2025-26,Regular Season
1642948,"Nembhard, Ryan",1,56,41,Touch < 2 Seconds,0.299,41,103,0.398,0.549,0.052,10,18,0.556,0.246,31,85,0.365,2025-26,Regular Season
1642948,"Nembhard, Ryan",2,56,44,Touch 2-6 Seconds,0.319,45,110,0.409,0.441,0.258,38,89,0.427,0.061,7,21,0.333,2025-26,Regular Season
1642948,"Nembhard, Ryan",3,56,47,Touch 6+ Seconds,0.383,55,132,0.417,0.447,0.325,47,112,0.42,0.058,8,20,0.4,2025-26,Regular Season
1631157,"Rollins, Ryan",1,72,72,Touch < 2 Seconds,0.284,130,283,0.459,0.647,0.035,24,35,0.686,0.249,106,248,0.427,2025-26,Regular Season
1631157,"Rollins, Ryan",2,72,72,Touch 2-6 Seconds,0.41,186,408,0.456,0.51,0.29,142,289,0.491,0.12,44,119,0.37,2025-26,Regular Season
1631157,"Rollins, Ryan",3,72,71,Touch 6+ Seconds,0.306,152,304,0.5,0.548,0.232,123,231,0.532,0.073,29,73,0.397,2025-26,Regular Season
1630180,"Bey, Saddiq",1,71,71,Touch < 2 Seconds,0.513,220,484,0.455,0.592,0.147,87,139,0.626,0.366,133,345,0.386,2025-26,Regular Season
1630180,"Bey, Saddiq",2,71,70,Touch 2-6 Seconds,0.384,160,362,0.442,0.463,0.329,145,310,0.468,0.055,15,52,0.288,2025-26,Regular Season
1630180,"Bey, Saddiq",3,71,55,Touch 6+ Seconds,0.103,46,97,0.474,0.474,0.095,46,90,0.511,0.007,0,7,0.0,2025-26,Regular Season
1630573,"Hauser, Sam",1,74,74,Touch < 2 Seconds,0.85,200,482,0.415,0.596,0.074,25,42,0.595,0.776,175,440,0.398,2025-26,Regular Season
1630573,"Hauser, Sam",2,74,52,Touch 2-6 Seconds,0.143,36,81,0.444,0.506,0.085,26,48,0.542,0.058,10,33,0.303,2025-26,Regular Season
1630573,"Hauser, Sam",3,74,4,Touch 6+ Seconds,0.007,1,4,0.25,0.375,0.0,0,0,,0.007,1,4,0.25,2025-26,Regular Season
1630241,"Merrill, Sam",1,50,50,Touch < 2 Seconds,0.798,173,371,0.466,0.647,0.114,39,53,0.736,0.684,134,318,0.421,2025-26,Regular Season
1630241,"Merrill, Sam",2,50,43,Touch 2-6 Seconds,0.196,40,91,0.44,0.533,0.108,23,50,0.46,0.088,17,41,0.415,2025-26,Regular Season
1630241,"Merrill, Sam",3,50,3,Touch 6+ Seconds,0.006,1,3,0.333,0.5,0.002,0,1,0.0,0.004,1,2,0.5,2025-26,Regular Season
1630572,"Mamukelashvili, Sandro",1,75,74,Touch < 2 Seconds,0.807,247,476,0.519,0.627,0.354,144,209,0.689,0.453,103,267,0.386,2025-26,Regular Season
1630572,"Mamukelashvili, Sandro",2,75,53,Touch 2-6 Seconds,0.181,58,107,0.542,0.551,0.168,56,99,0.566,0.014,2,8,0.25,2025-26,Regular Season
1630572,"Mamukelashvili, Sandro",3,75,7,Touch 6+ Seconds,0.012,3,7,0.429,0.429,0.012,3,7,0.429,0.0,0,0,,2025-26,Regular Season
1630583,"Aldama, Santi",1,43,43,Touch < 2 Seconds,0.655,149,312,0.478,0.582,0.269,84,128,0.656,0.387,65,184,0.353,2025-26,Regular Season
1630583,"Aldama, Santi",2,43,42,Touch 2-6 Seconds,0.338,78,161,0.484,0.5,0.305,73,145,0.503,0.034,5,16,0.313,2025-26,Regular Season
1630583,"Aldama, Santi",3,43,3,Touch 6+ Seconds,0.006,1,3,0.333,0.333,0.006,1,3,0.333,0.0,0,0,,2025-26,Regular Season
1630703,"Henderson, Scoot",1,26,26,Touch < 2 Seconds,0.348,39,101,0.386,0.515,0.079,13,23,0.565,0.269,26,78,0.333,2025-26,Regular Season
1630703,"Henderson, Scoot",2,26,26,Touch 2-6 Seconds,0.414,54,120,0.45,0.508,0.286,40,83,0.482,0.128,14,37,0.378,2025-26,Regular Season
1630703,"Henderson, Scoot",3,26,24,Touch 6+ Seconds,0.238,28,69,0.406,0.457,0.169,21,49,0.429,0.069,7,20,0.35,2025-26,Regular Season
1630567,"Barnes, Scottie",1,75,74,Touch < 2 Seconds,0.464,256,488,0.525,0.58,0.294,202,309,0.654,0.17,54,179,0.302,2025-26,Regular Season
1630567,"Barnes, Scottie",2,75,73,Touch 2-6 Seconds,0.378,194,397,0.489,0.495,0.355,189,373,0.507,0.023,5,24,0.208,2025-26,Regular Season
1630567,"Barnes, Scottie",3,75,63,Touch 6+ Seconds,0.158,79,166,0.476,0.485,0.148,76,156,0.487,0.01,3,10,0.3,2025-26,Regular Season
1630590,"Pippen Jr., Scotty",1,10,10,Touch < 2 Seconds,0.375,17,36,0.472,0.583,0.167,9,16,0.563,0.208,8,20,0.4,2025-26,Regular Season
1630590,"Pippen Jr., Scotty",2,10,10,Touch 2-6 Seconds,0.427,18,41,0.439,0.451,0.344,17,33,0.515,0.083,1,8,0.125,2025-26,Regular Season
1630590,"Pippen Jr., Scotty",3,10,8,Touch 6+ Seconds,0.198,8,19,0.421,0.447,0.156,7,15,0.467,0.042,1,4,0.25,2025-26,Regular Season
1642951,"Pedulla, Sean",1,5,4,Touch < 2 Seconds,0.538,2,7,0.286,0.429,0.0,0,0,,0.538,2,7,0.286,2025-26,Regular Season
1642951,"Pedulla, Sean",2,5,2,Touch 2-6 Seconds,0.308,3,4,0.75,0.875,0.154,2,2,1.0,0.154,1,2,0.5,2025-26,Regular Season
1642951,"Pedulla, Sean",3,5,2,Touch 6+ Seconds,0.154,0,2,0.0,0.0,0.154,0,2,0.0,0.0,0,0,,2025-26,Regular Season
203552,"Curry, Seth",1,6,5,Touch < 2 Seconds,0.615,9,16,0.563,0.75,0.192,3,5,0.6,0.423,6,11,0.545,2025-26,Regular Season
203552,"Curry, Seth",2,6,5,Touch 2-6 Seconds,0.346,6,9,0.667,0.667,0.308,6,8,0.75,0.038,0,1,0.0,2025-26,Regular Season
203552,"Curry, Seth",3,6,1,Touch 6+ Seconds,0.038,0,1,0.0,0.0,0.038,0,1,0.0,0.0,0,0,,2025-26,Regular Season
1631101,"Sharpe, Shaedon",1,48,47,Touch < 2 Seconds,0.274,122,232,0.526,0.603,0.142,86,120,0.717,0.132,36,112,0.321,2025-26,Regular Season
1631101,"Sharpe, Shaedon",2,48,48,Touch 2-6 Seconds,0.446,171,378,0.452,0.515,0.298,124,252,0.492,0.149,47,126,0.373,2025-26,Regular Season
1631101,"Sharpe, Shaedon",3,48,44,Touch 6+ Seconds,0.28,93,237,0.392,0.43,0.21,75,178,0.421,0.07,18,59,0.305,2025-26,Regular Season
1628983,"Gilgeous-Alexander, Shai",1,65,55,Touch < 2 Seconds,0.102,69,130,0.531,0.612,0.055,48,70,0.686,0.047,21,60,0.35,2025-26,Regular Season
1628983,"Gilgeous-Alexander, Shai",2,65,65,Touch 2-6 Seconds,0.355,248,454,0.546,0.583,0.281,215,360,0.597,0.073,33,94,0.351,2025-26,Regular Season
1628983,"Gilgeous-Alexander, Shai",3,65,65,Touch 6+ Seconds,0.543,388,695,0.558,0.598,0.439,333,562,0.593,0.104,55,133,0.414,2025-26,Regular Season
1630536,"Cooper, Sharife",1,36,27,Touch < 2 Seconds,0.267,27,54,0.5,0.602,0.114,16,23,0.696,0.153,11,31,0.355,2025-26,Regular Season
1630536,"Cooper, Sharife",2,36,26,Touch 2-6 Seconds,0.327,30,66,0.455,0.477,0.272,27,55,0.491,0.054,3,11,0.273,2025-26,Regular Season
1630536,"Cooper, Sharife",3,36,26,Touch 6+ Seconds,0.406,40,82,0.488,0.524,0.317,34,64,0.531,0.089,6,18,0.333,2025-26,Regular Season
1631321,"Cissoko, Sidy",1,71,67,Touch < 2 Seconds,0.703,84,232,0.362,0.481,0.142,29,47,0.617,0.561,55,185,0.297,2025-26,Regular Season
1631321,"Cissoko, Sidy",2,71,50,Touch 2-6 Seconds,0.252,43,83,0.518,0.536,0.224,40,74,0.541,0.027,3,9,0.333,2025-26,Regular Season
1631321,"Cissoko, Sidy",3,71,12,Touch 6+ Seconds,0.045,4,15,0.267,0.3,0.039,3,13,0.231,0.006,1,2,0.5,2025-26,Regular Season
1631323,"Fontecchio, Simone",1,69,65,Touch < 2 Seconds,0.79,150,361,0.416,0.561,0.147,45,67,0.672,0.643,105,294,0.357,2025-26,Regular Season
1631323,"Fontecchio, Simone",2,69,47,Touch 2-6 Seconds,0.208,33,95,0.347,0.4,0.158,23,72,0.319,0.05,10,23,0.435,2025-26,Regular Season
1631323,"Fontecchio, Simone",3,69,1,Touch 6+ Seconds,0.002,0,1,0.0,0.0,0.002,0,1,0.0,0.0,0,0,,2025-26,Regular Season
1642883,"James, Sion",1,78,76,Touch < 2 Seconds,0.679,91,235,0.387,0.543,0.107,18,37,0.486,0.572,73,198,0.369,2025-26,Regular Season
1642883,"James, Sion",2,78,43,Touch 2-6 Seconds,0.214,26,74,0.351,0.378,0.171,22,59,0.373,0.043,4,15,0.267,2025-26,Regular Season
1642883,"James, Sion",3,78,28,Touch 6+ Seconds,0.107,14,37,0.378,0.419,0.09,11,31,0.355,0.017,3,6,0.5,2025-26,Regular Season
1627746,"Labissiere, Skal",1,3,2,Touch < 2 Seconds,0.8,5,8,0.625,0.688,0.4,4,4,1.0,0.4,1,4,0.25,2025-26,Regular Season
1627746,"Labissiere, Skal",2,3,2,Touch 2-6 Seconds,0.2,1,2,0.5,0.5,0.1,1,1,1.0,0.1,0,1,0.0,2025-26,Regular Season
1642461,"Jones, Spencer",1,64,55,Touch < 2 Seconds,0.931,120,244,0.492,0.605,0.397,65,104,0.625,0.534,55,140,0.393,2025-26,Regular Season
1642461,"Jones, Spencer",2,64,16,Touch 2-6 Seconds,0.069,12,18,0.667,0.722,0.053,10,14,0.714,0.015,2,4,0.5,2025-26,Regular Season
1630649,"Umude, Stanley",1,2,1,Touch < 2 Seconds,0.5,0,1,0.0,0.0,0.0,0,0,,0.5,0,1,0.0,2025-26,Regular Season
1630649,"Umude, Stanley",2,2,1,Touch 2-6 Seconds,0.5,1,1,1.0,1.0,0.5,1,1,1.0,0.0,0,0,,2025-26,Regular Season
201939,"Curry, Stephen",1,39,39,Touch < 2 Seconds,0.505,174,376,0.463,0.61,0.128,63,95,0.663,0.378,111,281,0.395,2025-26,Regular Season
201939,"Curry, Stephen",2,39,38,Touch 2-6 Seconds,0.25,91,186,0.489,0.57,0.141,61,105,0.581,0.109,30,81,0.37,2025-26,Regular Season
201939,"Curry, Stephen",3,39,39,Touch 6+ Seconds,0.245,83,182,0.456,0.549,0.129,49,96,0.51,0.116,34,86,0.395,2025-26,Regular Season
1642264,"Castle, Stephon",1,65,63,Touch < 2 Seconds,0.394,155,303,0.512,0.632,0.142,82,109,0.752,0.252,73,194,0.376,2025-26,Regular Season
1642264,"Castle, Stephon",2,65,62,Touch 2-6 Seconds,0.364,124,280,0.443,0.448,0.328,121,252,0.48,0.036,3,28,0.107,2025-26,Regular Season
1642264,"Castle, Stephon",3,65,63,Touch 6+ Seconds,0.242,83,186,0.446,0.452,0.225,81,173,0.468,0.017,2,13,0.154,2025-26,Regular Season
203500,"Adams, Steven",1,32,31,Touch < 2 Seconds,0.912,64,125,0.512,0.512,0.912,64,125,0.512,0.0,0,0,,2025-26,Regular Season
203500,"Adams, Steven",2,32,9,Touch 2-6 Seconds,0.08,5,11,0.455,0.455,0.08,5,11,0.455,0.0,0,0,,2025-26,Regular Season
203500,"Adams, Steven",3,32,1,Touch 6+ Seconds,0.007,0,1,0.0,0.0,0.007,0,1,0.0,0.0,0,0,,2025-26,Regular Season
1629004,"Mykhailiuk, Svi",1,49,49,Touch < 2 Seconds,0.668,110,231,0.476,0.645,0.13,32,45,0.711,0.538,78,186,0.419,2025-26,Regular Season
1629004,"Mykhailiuk, Svi",2,49,38,Touch 2-6 Seconds,0.295,49,102,0.48,0.544,0.197,36,68,0.529,0.098,13,34,0.382,2025-26,Regular Season
1629004,"Mykhailiuk, Svi",3,49,11,Touch 6+ Seconds,0.038,8,13,0.615,0.692,0.02,6,7,0.857,0.017,2,6,0.333,2025-26,Regular Season
204456,"McConnell, T.J.",1,56,42,Touch < 2 Seconds,0.196,44,88,0.5,0.58,0.111,30,50,0.6,0.084,14,38,0.368,2025-26,Regular Season
204456,"McConnell, T.J.",2,56,51,Touch 2-6 Seconds,0.402,95,181,0.525,0.528,0.384,94,173,0.543,0.018,1,8,0.125,2025-26,Regular Season
204456,"McConnell, T.J.",3,56,55,Touch 6+ Seconds,0.402,103,181,0.569,0.572,0.393,102,177,0.576,0.009,1,4,0.25,2025-26,Regular Season
1643007,"Peter, Taelon",1,33,26,Touch < 2 Seconds,0.828,39,106,0.368,0.509,0.109,9,14,0.643,0.719,30,92,0.326,2025-26,Regular Season
1643007,"Peter, Taelon",2,33,13,Touch 2-6 Seconds,0.141,8,18,0.444,0.583,0.047,3,6,0.5,0.094,5,12,0.417,2025-26,Regular Season
1643007,"Peter, Taelon",3,33,4,Touch 6+ Seconds,0.031,1,4,0.25,0.25,0.016,1,2,0.5,0.016,0,2,0.0,2025-26,Regular Season
201959,"Gibson, Taj",1,7,6,Touch < 2 Seconds,0.778,8,14,0.571,0.679,0.5,5,9,0.556,0.278,3,5,0.6,2025-26,Regular Season
201959,"Gibson, Taj",2,7,3,Touch 2-6 Seconds,0.222,2,4,0.5,0.5,0.222,2,4,0.5,0.0,0,0,,2025-26,Regular Season
1631106,"Eason, Tari",1,55,54,Touch < 2 Seconds,0.665,149,345,0.432,0.551,0.245,67,127,0.528,0.42,82,218,0.376,2025-26,Regular Season
1631106,"Eason, Tari",2,55,50,Touch 2-6 Seconds,0.277,55,144,0.382,0.399,0.25,50,130,0.385,0.027,5,14,0.357,2025-26,Regular Season
1631106,"Eason, Tari",3,55,22,Touch 6+ Seconds,0.058,12,30,0.4,0.4,0.054,12,28,0.429,0.004,0,2,0.0,2025-26,Regular Season
1627752,"Prince, Taurean",1,21,20,Touch < 2 Seconds,0.656,35,86,0.407,0.599,0.023,2,3,0.667,0.634,33,83,0.398,2025-26,Regular Season
1627752,"Prince, Taurean",2,21,18,Touch 2-6 Seconds,0.328,20,43,0.465,0.512,0.252,16,33,0.485,0.076,4,10,0.4,2025-26,Regular Season
1627752,"Prince, Taurean",3,21,2,Touch 6+ Seconds,0.015,2,2,1.0,1.25,0.008,1,1,1.0,0.008,1,1,1.0,2025-26,Regular Season
1641707,"Hendricks, Taylor",1,57,24,Touch < 2 Seconds,0.688,56,148,0.378,0.49,0.205,23,44,0.523,0.484,33,104,0.317,2025-26,Regular Season
1641707,"Hendricks, Taylor",2,57,23,Touch 2-6 Seconds,0.307,39,66,0.591,0.598,0.293,38,63,0.603,0.014,1,3,0.333,2025-26,Regular Season
1641707,"Hendricks, Taylor",3,57,1,Touch 6+ Seconds,0.005,1,1,1.0,1.0,0.005,1,1,1.0,0.0,0,0,,2025-26,Regular Season
1629611,"Mann, Terance",1,63,61,Touch < 2 Seconds,0.466,77,171,0.45,0.585,0.147,31,54,0.574,0.319,46,117,0.393,2025-26,Regular Season
1629611,"Mann, Terance",2,63,56,Touch 2-6 Seconds,0.411,75,151,0.497,0.526,0.332,66,122,0.541,0.079,9,29,0.31,2025-26,Regular Season
1629611,"Mann, Terance",3,63,34,Touch 6+ Seconds,0.123,16,45,0.356,0.367,0.104,15,38,0.395,0.019,1,7,0.143,2025-26,Regular Season
1630545,"Shannon Jr., Terrence",1,38,30,Touch < 2 Seconds,0.492,22,61,0.361,0.484,0.121,7,15,0.467,0.371,15,46,0.326,2025-26,Regular Season
1630545,"Shannon Jr., Terrence",2,38,22,Touch 2-6 Seconds,0.371,22,46,0.478,0.533,0.306,17,38,0.447,0.065,5,8,0.625,2025-26,Regular Season
1630545,"Shannon Jr., Terrence",3,38,10,Touch 6+ Seconds,0.137,7,17,0.412,0.441,0.129,6,16,0.375,0.008,1,1,1.0,2025-26,Regular Season
203648,"Antetokounmpo, Thanasis",1,31,9,Touch < 2 Seconds,0.458,6,11,0.545,0.545,0.333,6,8,0.75,0.125,0,3,0.0,2025-26,Regular Season
203648,"Antetokounmpo, Thanasis",2,31,9,Touch 2-6 Seconds,0.375,3,9,0.333,0.333,0.375,3,9,0.333,0.0,0,0,,2025-26,Regular Season
203648,"Antetokounmpo, Thanasis",3,31,4,Touch 6+ Seconds,0.167,2,4,0.5,0.5,0.167,2,4,0.5,0.0,0,0,,2025-26,Regular Season
1628418,"Bryant, Thomas",1,59,56,Touch < 2 Seconds,0.926,121,239,0.506,0.598,0.446,77,115,0.67,0.481,44,124,0.355,2025-26,Regular Season
1628418,"Bryant, Thomas",2,59,15,Touch 2-6 Seconds,0.07,8,18,0.444,0.472,0.062,7,16,0.438,0.008,1,2,0.5,2025-26,Regular Season
1628418,"Bryant, Thomas",3,59,1,Touch 6+ Seconds,0.004,0,1,0.0,0.0,0.0,0,0,,0.004,0,1,0.0,2025-26,Regular Season
1642275,"Salaün, Tidjane",1,36,32,Touch < 2 Seconds,0.722,58,114,0.509,0.658,0.215,24,34,0.706,0.506,34,80,0.425,2025-26,Regular Season
1642275,"Salaün, Tidjane",2,36,20,Touch 2-6 Seconds,0.259,22,41,0.537,0.561,0.241,20,38,0.526,0.019,2,3,0.667,2025-26,Regular Season
1642275,"Salaün, Tidjane",3,36,3,Touch 6+ Seconds,0.019,0,3,0.0,0.0,0.019,0,3,0.0,0.0,0,0,,2025-26,Regular Season
203501,"Hardaway Jr., Tim",1,76,76,Touch < 2 Seconds,0.732,248,544,0.456,0.627,0.128,62,95,0.653,0.604,186,449,0.414,2025-26,Regular Season
203501,"Hardaway Jr., Tim",2,76,70,Touch 2-6 Seconds,0.222,73,165,0.442,0.515,0.139,49,103,0.476,0.083,24,62,0.387,2025-26,Regular Season
203501,"Hardaway Jr., Tim",3,76,26,Touch 6+ Seconds,0.046,14,34,0.412,0.485,0.03,9,22,0.409,0.016,5,12,0.417,2025-26,Regular Season
202699,"Harris, Tobias",1,59,59,Touch < 2 Seconds,0.518,141,319,0.442,0.549,0.203,73,125,0.584,0.315,68,194,0.351,2025-26,Regular Season
202699,"Harris, Tobias",2,59,57,Touch 2-6 Seconds,0.357,113,220,0.514,0.525,0.334,108,206,0.524,0.023,5,14,0.357,2025-26,Regular Season
202699,"Harris, Tobias",3,59,42,Touch 6+ Seconds,0.125,31,77,0.403,0.403,0.122,31,75,0.413,0.003,0,2,0.0,2025-26,Regular Season
1643253,"Okani, Toby",1,1,1,Touch < 2 Seconds,0.75,2,6,0.333,0.417,0.5,1,4,0.25,0.25,1,2,0.5,2025-26,Regular Season
1643253,"Okani, Toby",2,1,1,Touch 2-6 Seconds,0.25,1,2,0.5,0.5,0.125,1,1,1.0,0.125,0,1,0.0,2025-26,Regular Season
1642449,"Smith, Tolu",1,12,8,Touch < 2 Seconds,0.75,11,21,0.524,0.524,0.75,11,21,0.524,0.0,0,0,,2025-26,Regular Season
1642449,"Smith, Tolu",2,12,5,Touch 2-6 Seconds,0.25,3,7,0.429,0.429,0.25,3,7,0.429,0.0,0,0,,2025-26,Regular Season
1628396,"Bradley, Tony",1,38,32,Touch < 2 Seconds,0.821,48,87,0.552,0.557,0.802,47,85,0.553,0.019,1,2,0.5,2025-26,Regular Season
1628396,"Bradley, Tony",2,38,13,Touch 2-6 Seconds,0.17,11,18,0.611,0.611,0.17,11,18,0.611,0.0,0,0,,2025-26,Regular Season
1628396,"Bradley, Tony",3,38,1,Touch 6+ Seconds,0.009,0,1,0.0,0.0,0.009,0,1,0.0,0.0,0,0,,2025-26,Regular Season
1641739,"Camara, Toumani",1,78,78,Touch < 2 Seconds,0.704,267,587,0.455,0.599,0.162,98,135,0.726,0.542,169,452,0.374,2025-26,Regular Season
1641739,"Camara, Toumani",2,78,75,Touch 2-6 Seconds,0.266,90,222,0.405,0.477,0.157,58,131,0.443,0.109,32,91,0.352,2025-26,Regular Season
1641739,"Camara, Toumani",3,78,22,Touch 6+ Seconds,0.03,10,25,0.4,0.44,0.018,8,15,0.533,0.012,2,10,0.2,2025-26,Regular Season
1629027,"Young, Trae",1,15,4,Touch < 2 Seconds,0.263,5,10,0.5,0.6,0.105,3,4,0.75,0.158,2,6,0.333,2025-26,Regular Season
1629027,"Young, Trae",2,15,5,Touch 2-6 Seconds,0.526,16,20,0.8,0.95,0.316,10,12,0.833,0.211,6,8,0.75,2025-26,Regular Season
1629027,"Young, Trae",3,15,5,Touch 6+ Seconds,0.211,3,8,0.375,0.438,0.105,2,4,0.5,0.105,1,4,0.25,2025-26,Regular Season
1631218,"Jackson-Davis, Trayce",1,50,9,Touch < 2 Seconds,0.947,9,18,0.5,0.5,0.947,9,18,0.5,0.0,0,0,,2025-26,Regular Season
1631218,"Jackson-Davis, Trayce",2,50,1,Touch 2-6 Seconds,0.053,0,1,0.0,0.0,0.053,0,1,0.0,0.0,0,0,,2025-26,Regular Season
1642848,"Johnson, Tre",1,60,59,Touch < 2 Seconds,0.444,104,280,0.371,0.514,0.076,24,48,0.5,0.368,80,232,0.345,2025-26,Regular Season
1642848,"Johnson, Tre",2,60,59,Touch 2-6 Seconds,0.443,123,279,0.441,0.487,0.34,97,214,0.453,0.103,26,65,0.4,2025-26,Regular Season
1642848,"Johnson, Tre",3,60,35,Touch 6+ Seconds,0.113,37,71,0.521,0.57,0.086,30,54,0.556,0.027,7,17,0.412,2025-26,Regular Season
1630200,"Jones, Tre",1,60,57,Touch < 2 Seconds,0.34,98,181,0.541,0.613,0.173,72,92,0.783,0.167,26,89,0.292,2025-26,Regular Season
1630200,"Jones, Tre",2,60,60,Touch 2-6 Seconds,0.497,150,265,0.566,0.581,0.462,142,246,0.577,0.036,8,19,0.421,2025-26,Regular Season
1630200,"Jones, Tre",3,60,48,Touch 6+ Seconds,0.163,45,87,0.517,0.529,0.156,43,83,0.518,0.008,2,4,0.5,2025-26,Regular Season
1630544,"Mann, Tre",1,51,34,Touch < 2 Seconds,0.302,33,90,0.367,0.533,0.02,3,6,0.5,0.282,30,84,0.357,2025-26,Regular Season
1630544,"Mann, Tre",2,51,39,Touch 2-6 Seconds,0.372,47,111,0.423,0.473,0.255,36,76,0.474,0.117,11,35,0.314,2025-26,Regular Season
1630544,"Mann, Tre",3,51,39,Touch 6+ Seconds,0.326,28,97,0.289,0.335,0.211,19,63,0.302,0.114,9,34,0.265,2025-26,Regular Season
1630570,"Watford, Trendon",1,51,41,Touch < 2 Seconds,0.425,54,113,0.478,0.522,0.256,44,68,0.647,0.169,10,45,0.222,2025-26,Regular Season
1630570,"Watford, Trendon",2,51,42,Touch 2-6 Seconds,0.417,63,111,0.568,0.568,0.398,63,106,0.594,0.019,0,5,0.0,2025-26,Regular Season
1630570,"Watford, Trendon",3,51,27,Touch 6+ Seconds,0.158,19,42,0.452,0.452,0.158,19,42,0.452,0.0,0,0,,2025-26,Regular Season
1642280,"Flowers, Trentyn",1,2,1,Touch < 2 Seconds,0.667,1,2,0.5,0.5,0.333,1,1,1.0,0.333,0,1,0.0,2025-26,Regular Season
1642280,"Flowers, Trentyn",2,2,1,Touch 2-6 Seconds,0.333,1,1,1.0,1.0,0.333,1,1,1.0,0.0,0,0,,2025-26,Regular Season
1630286,"Scott, Trevon",1,1,1,Touch < 2 Seconds,0.667,2,2,1.0,1.25,0.333,1,1,1.0,0.333,1,1,1.0,2025-26,Regular Season
1630286,"Scott, Trevon",2,1,1,Touch 2-6 Seconds,0.333,0,1,0.0,0.0,0.333,0,1,0.0,0.0,0,0,,2025-26,Regular Season
1631211,"Keels, Trevor",1,4,2,Touch < 2 Seconds,0.75,0,3,0.0,0.0,0.0,0,0,,0.75,0,3,0.0,2025-26,Regular Season
1631211,"Keels, Trevor",2,4,1,Touch 2-6 Seconds,0.25,0,1,0.0,0.0,0.25,0,1,0.0,0.0,0,0,,2025-26,Regular Season
1641725,"Alexander, Trey",1,5,3,Touch < 2 Seconds,0.556,4,5,0.8,1.0,0.222,2,2,1.0,0.333,2,3,0.667,2025-26,Regular Season
1641725,"Alexander, Trey",3,5,3,Touch 6+ Seconds,0.444,2,4,0.5,0.5,0.444,2,4,0.5,0.0,0,0,,2025-26,Regular Season
1641998,"Jemison III, Trey",1,11,4,Touch < 2 Seconds,0.857,4,6,0.667,0.667,0.857,4,6,0.667,0.0,0,0,,2025-26,Regular Season
1641998,"Jemison III, Trey",2,11,1,Touch 2-6 Seconds,0.143,0,1,0.0,0.0,0.143,0,1,0.0,0.0,0,0,,2025-26,Regular Season
1630530,"Murphy III, Trey",1,66,66,Touch < 2 Seconds,0.555,307,583,0.527,0.66,0.186,151,195,0.774,0.37,156,388,0.402,2025-26,Regular Season
1630530,"Murphy III, Trey",2,66,66,Touch 2-6 Seconds,0.33,144,346,0.416,0.471,0.218,106,229,0.463,0.111,38,117,0.325,2025-26,Regular Season
1630530,"Murphy III, Trey",3,66,56,Touch 6+ Seconds,0.115,43,121,0.355,0.438,0.058,23,61,0.377,0.057,20,60,0.333,2025-26,Regular Season
1642400,"Enaruna, Tristan",1,6,5,Touch < 2 Seconds,0.813,5,13,0.385,0.423,0.5,4,8,0.5,0.313,1,5,0.2,2025-26,Regular Season
1642400,"Enaruna, Tristan",2,6,2,Touch 2-6 Seconds,0.188,1,3,0.333,0.333,0.188,1,3,0.333,0.0,0,0,,2025-26,Regular Season
1641774,"Vukcevic, Tristan",1,49,44,Touch < 2 Seconds,0.726,103,230,0.448,0.539,0.334,61,106,0.575,0.391,42,124,0.339,2025-26,Regular Season
1641774,"Vukcevic, Tristan",2,49,34,Touch 2-6 Seconds,0.256,44,81,0.543,0.58,0.199,38,63,0.603,0.057,6,18,0.333,2025-26,Regular Season
1641774,"Vukcevic, Tristan",3,49,4,Touch 6+ Seconds,0.019,5,6,0.833,1.0,0.013,3,4,0.75,0.006,2,2,1.0,2025-26,Regular Season
1641783,"da Silva, Tristan",1,72,72,Touch < 2 Seconds,0.659,178,387,0.46,0.589,0.216,78,127,0.614,0.443,100,260,0.385,2025-26,Regular Season
1641783,"da Silva, Tristan",2,72,62,Touch 2-6 Seconds,0.302,75,177,0.424,0.472,0.23,58,135,0.43,0.072,17,42,0.405,2025-26,Regular Season
1641783,"da Silva, Tristan",3,72,17,Touch 6+ Seconds,0.039,11,23,0.478,0.478,0.034,11,20,0.55,0.005,0,3,0.0,2025-26,Regular Season
1629660,"Jerome, Ty",1,15,14,Touch < 2 Seconds,0.153,12,33,0.364,0.455,0.051,6,11,0.545,0.102,6,22,0.273,2025-26,Regular Season
1629660,"Jerome, Ty",2,15,15,Touch 2-6 Seconds,0.419,46,90,0.511,0.606,0.237,29,51,0.569,0.181,17,39,0.436,2025-26,Regular Season
1629660,"Jerome, Ty",3,15,15,Touch 6+ Seconds,0.428,44,92,0.478,0.582,0.247,25,53,0.472,0.181,19,39,0.487,2025-26,Regular Season
1631102,"Washington Jr., TyTy",1,12,5,Touch < 2 Seconds,0.316,2,6,0.333,0.5,0.105,0,2,0.0,0.211,2,4,0.5,2025-26,Regular Season
1631102,"Washington Jr., TyTy",2,12,4,Touch 2-6 Seconds,0.474,6,9,0.667,0.722,0.368,5,7,0.714,0.105,1,2,0.5,2025-26,Regular Season
1631102,"Washington Jr., TyTy",3,12,3,Touch 6+ Seconds,0.211,1,4,0.25,0.25,0.105,1,2,0.5,0.105,0,2,0.0,2025-26,Regular Season
1631174,"Burton, Tyler",1,12,12,Touch < 2 Seconds,0.661,27,74,0.365,0.507,0.134,6,15,0.4,0.527,21,59,0.356,2025-26,Regular Season
1631174,"Burton, Tyler",2,12,11,Touch 2-6 Seconds,0.313,14,35,0.4,0.414,0.25,13,28,0.464,0.063,1,7,0.143,2025-26,Regular Season
1631174,"Burton, Tyler",3,12,3,Touch 6+ Seconds,0.027,1,3,0.333,0.333,0.027,1,3,0.333,0.0,0,0,,2025-26,Regular Season
1629639,"Herro, Tyler",1,30,30,Touch < 2 Seconds,0.313,63,152,0.414,0.563,0.08,18,39,0.462,0.233,45,113,0.398,2025-26,Regular Season
1629639,"Herro, Tyler",2,30,30,Touch 2-6 Seconds,0.529,130,257,0.506,0.558,0.374,103,182,0.566,0.154,27,75,0.36,2025-26,Regular Season
1629639,"Herro, Tyler",3,30,27,Touch 6+ Seconds,0.158,41,77,0.532,0.578,0.119,34,58,0.586,0.039,7,19,0.368,2025-26,Regular Season
1642278,"Kolek, Tyler",1,62,42,Touch < 2 Seconds,0.391,39,97,0.402,0.557,0.073,9,18,0.5,0.319,30,79,0.38,2025-26,Regular Season
1642278,"Kolek, Tyler",2,62,44,Touch 2-6 Seconds,0.315,43,78,0.551,0.615,0.226,33,56,0.589,0.089,10,22,0.455,2025-26,Regular Season
1642278,"Kolek, Tyler",3,62,36,Touch 6+ Seconds,0.294,26,73,0.356,0.384,0.242,22,60,0.367,0.052,4,13,0.308,2025-26,Regular Season
1641890,"Smith, Tyler",1,8,6,Touch < 2 Seconds,0.96,7,24,0.292,0.354,0.32,4,8,0.5,0.64,3,16,0.188,2025-26,Regular Season
1641890,"Smith, Tyler",2,8,1,Touch 2-6 Seconds,0.04,1,1,1.0,1.0,0.04,1,1,1.0,0.0,0,0,,2025-26,Regular Season
1631213,"Martin, Tyrese",1,45,4,Touch < 2 Seconds,0.636,4,14,0.286,0.357,0.091,2,2,1.0,0.545,2,12,0.167,2025-26,Regular Season
1631213,"Martin, Tyrese",2,45,7,Touch 2-6 Seconds,0.364,5,8,0.625,0.625,0.318,5,7,0.714,0.045,0,1,0.0,2025-26,Regular Season
1630178,"Maxey, Tyrese",1,65,65,Touch < 2 Seconds,0.26,183,366,0.5,0.637,0.08,83,112,0.741,0.181,100,254,0.394,2025-26,Regular Season
1630178,"Maxey, Tyrese",2,65,65,Touch 2-6 Seconds,0.439,285,617,0.462,0.513,0.3,222,422,0.526,0.139,63,195,0.323,2025-26,Regular Season
1630178,"Maxey, Tyrese",3,65,65,Touch 6+ Seconds,0.301,184,424,0.434,0.488,0.219,138,308,0.448,0.082,46,116,0.397,2025-26,Regular Season
1642878,"Proctor, Tyrese",1,46,35,Touch < 2 Seconds,0.524,41,100,0.41,0.56,0.105,11,20,0.55,0.419,30,80,0.375,2025-26,Regular Season
1642878,"Proctor, Tyrese",2,46,25,Touch 2-6 Seconds,0.267,21,51,0.412,0.461,0.162,16,31,0.516,0.105,5,20,0.25,2025-26,Regular Season
1642878,"Proctor, Tyrese",3,46,20,Touch 6+ Seconds,0.209,15,40,0.375,0.425,0.136,11,26,0.423,0.073,4,14,0.286,2025-26,Regular Season
1630623,"Etienne, Tyson",1,19,18,Touch < 2 Seconds,0.778,26,63,0.413,0.619,0.012,0,1,0.0,0.765,26,62,0.419,2025-26,Regular Season
1630623,"Etienne, Tyson",2,19,7,Touch 2-6 Seconds,0.16,5,13,0.385,0.462,0.111,3,9,0.333,0.049,2,4,0.5,2025-26,Regular Season
1630623,"Etienne, Tyson",3,19,4,Touch 6+ Seconds,0.062,3,5,0.6,0.8,0.037,1,3,0.333,0.025,2,2,1.0,2025-26,Regular Season
1626145,"Jones, Tyus",1,64,4,Touch < 2 Seconds,0.462,0,6,0.0,0.0,0.077,0,1,0.0,0.385,0,5,0.0,2025-26,Regular Season
1626145,"Jones, Tyus",2,64,3,Touch 2-6 Seconds,0.385,4,5,0.8,1.0,0.154,2,2,1.0,0.231,2,3,0.667,2025-26,Regular Season
1626145,"Jones, Tyus",3,64,2,Touch 6+ Seconds,0.154,0,2,0.0,0.0,0.077,0,1,0.0,0.077,0,1,0.0,2025-26,Regular Season
1642845,"Edgecombe, VJ",1,70,70,Touch < 2 Seconds,0.43,188,411,0.457,0.585,0.138,83,132,0.629,0.292,105,279,0.376,2025-26,Regular Season
1642845,"Edgecombe, VJ",2,70,67,Touch 2-6 Seconds,0.364,151,348,0.434,0.466,0.287,129,274,0.471,0.077,22,74,0.297,2025-26,Regular Season
1642845,"Edgecombe, VJ",3,70,59,Touch 6+ Seconds,0.205,81,196,0.413,0.449,0.165,67,158,0.424,0.04,14,38,0.368,2025-26,Regular Season
1641705,"Wembanyama, Victor",1,61,60,Touch < 2 Seconds,0.554,310,557,0.557,0.631,0.317,227,319,0.712,0.237,83,238,0.349,2025-26,Regular Season
1641705,"Wembanyama, Victor",2,61,61,Touch 2-6 Seconds,0.365,162,367,0.441,0.473,0.3,139,302,0.46,0.065,23,65,0.354,2025-26,Regular Season
1641705,"Wembanyama, Victor",3,61,39,Touch 6+ Seconds,0.082,40,82,0.488,0.53,0.061,33,61,0.541,0.021,7,21,0.333,2025-26,Regular Season
1631246,"Williams Jr., Vince",1,40,5,Touch < 2 Seconds,0.536,6,15,0.4,0.533,0.107,2,3,0.667,0.429,4,12,0.333,2025-26,Regular Season
1631246,"Williams Jr., Vince",2,40,5,Touch 2-6 Seconds,0.357,3,10,0.3,0.35,0.179,2,5,0.4,0.179,1,5,0.2,2025-26,Regular Season
1631246,"Williams Jr., Vince",3,40,2,Touch 6+ Seconds,0.107,1,3,0.333,0.5,0.071,0,2,0.0,0.036,1,1,1.0,2025-26,Regular Season
1642884,"Goldin, Vladislav",1,5,2,Touch < 2 Seconds,1.0,2,3,0.667,0.667,1.0,2,3,0.667,0.0,0,0,,2025-26,Regular Season
1630249,"Krejčí, Vít",1,64,17,Touch < 2 Seconds,0.729,31,86,0.36,0.488,0.102,9,12,0.75,0.627,22,74,0.297,2025-26,Regular Season
1630249,"Krejčí, Vít",2,64,16,Touch 2-6 Seconds,0.263,17,31,0.548,0.629,0.153,12,18,0.667,0.11,5,13,0.385,2025-26,Regular Season
1630249,"Krejčí, Vít",3,64,1,Touch 6+ Seconds,0.008,0,1,0.0,0.0,0.0,0,0,,0.008,0,1,0.0,2025-26,Regular Season
1631117,"Kessler, Walker",1,5,5,Touch < 2 Seconds,0.892,24,33,0.727,0.803,0.73,19,27,0.704,0.162,5,6,0.833,2025-26,Regular Season
1631117,"Kessler, Walker",2,5,2,Touch 2-6 Seconds,0.081,2,3,0.667,0.833,0.027,1,1,1.0,0.054,1,2,0.5,2025-26,Regular Season
1631117,"Kessler, Walker",3,5,1,Touch 6+ Seconds,0.027,0,1,0.0,0.0,0.027,0,1,0.0,0.0,0,0,,2025-26,Regular Season
1642383,"Clayton Jr., Walter",1,66,18,Touch < 2 Seconds,0.379,20,66,0.303,0.417,0.052,5,9,0.556,0.328,15,57,0.263,2025-26,Regular Season
1642383,"Clayton Jr., Walter",2,66,21,Touch 2-6 Seconds,0.414,28,72,0.389,0.424,0.31,23,54,0.426,0.103,5,18,0.278,2025-26,Regular Season
1642383,"Clayton Jr., Walter",3,66,14,Touch 6+ Seconds,0.207,12,36,0.333,0.375,0.149,9,26,0.346,0.057,3,10,0.3,2025-26,Regular Season
1628976,"Carter Jr., Wendell",1,73,73,Touch < 2 Seconds,0.819,257,497,0.517,0.589,0.463,186,281,0.662,0.356,71,216,0.329,2025-26,Regular Season
1628976,"Carter Jr., Wendell",2,73,53,Touch 2-6 Seconds,0.17,53,103,0.515,0.515,0.165,53,100,0.53,0.005,0,3,0.0,2025-26,Regular Season
1628976,"Carter Jr., Wendell",3,73,6,Touch 6+ Seconds,0.012,0,7,0.0,0.0,0.012,0,7,0.0,0.0,0,0,,2025-26,Regular Season
1631111,"Moore Jr., Wendell",1,5,2,Touch < 2 Seconds,0.429,2,3,0.667,0.667,0.286,2,2,1.0,0.143,0,1,0.0,2025-26,Regular Season
1631111,"Moore Jr., Wendell",2,5,2,Touch 2-6 Seconds,0.429,1,3,0.333,0.333,0.429,1,3,0.333,0.0,0,0,,2025-26,Regular Season
1631111,"Moore Jr., Wendell",3,5,1,Touch 6+ Seconds,0.143,1,1,1.0,1.0,0.143,1,1,1.0,0.0,0,0,,2025-26,Regular Season
1642954,"Richard, Will",1,66,64,Touch < 2 Seconds,0.845,138,289,0.478,0.593,0.295,71,101,0.703,0.55,67,188,0.356,2025-26,Regular Season
1642954,"Richard, Will",2,66,27,Touch 2-6 Seconds,0.135,23,46,0.5,0.533,0.094,20,32,0.625,0.041,3,14,0.214,2025-26,Regular Season
1642954,"Richard, Will",3,66,5,Touch 6+ Seconds,0.02,1,7,0.143,0.214,0.003,0,1,0.0,0.018,1,6,0.167,2025-26,Regular Season
1642860,"Riley, Will",1,69,59,Touch < 2 Seconds,0.475,111,247,0.449,0.557,0.162,58,84,0.69,0.313,53,163,0.325,2025-26,Regular Season
1642860,"Riley, Will",2,69,59,Touch 2-6 Seconds,0.392,91,204,0.446,0.483,0.319,76,166,0.458,0.073,15,38,0.395,2025-26,Regular Season
1642860,"Riley, Will",3,69,33,Touch 6+ Seconds,0.133,30,69,0.435,0.449,0.115,28,60,0.467,0.017,2,9,0.222,2025-26,Regular Season
1630214,"Tillman, Xavier",1,28,5,Touch < 2 Seconds,0.667,2,8,0.25,0.25,0.5,2,6,0.333,0.167,0,2,0.0,2025-26,Regular Season
1630214,"Tillman, Xavier",2,28,3,Touch 2-6 Seconds,0.333,1,4,0.25,0.25,0.25,1,3,0.333,0.083,0,1,0.0,2025-26,Regular Season
1642905,Yang Hansen,1,41,31,Touch < 2 Seconds,0.69,22,69,0.319,0.355,0.31,17,31,0.548,0.38,5,38,0.132,2025-26,Regular Season
1642905,Yang Hansen,2,41,19,Touch 2-6 Seconds,0.29,8,29,0.276,0.276,0.26,8,26,0.308,0.03,0,3,0.0,2025-26,Regular Season
1642905,Yang Hansen,3,41,2,Touch 6+ Seconds,0.02,1,2,0.5,0.5,0.01,1,1,1.0,0.01,0,1,0.0,2025-26,Regular Season
1642949,"Niederhäuser, Yanic Konan",1,41,31,Touch < 2 Seconds,0.71,47,71,0.662,0.669,0.66,46,66,0.697,0.05,1,5,0.2,2025-26,Regular Season
1642949,"Niederhäuser, Yanic Konan",2,41,20,Touch 2-6 Seconds,0.26,15,26,0.577,0.577,0.26,15,26,0.577,0.0,0,0,,2025-26,Regular Season
1642949,"Niederhäuser, Yanic Konan",3,41,3,Touch 6+ Seconds,0.03,2,3,0.667,0.667,0.03,2,3,0.667,0.0,0,0,,2025-26,Regular Season
1642530,"Kawamura, Yuki",1,13,6,Touch < 2 Seconds,0.481,5,13,0.385,0.577,0.037,0,1,0.0,0.444,5,12,0.417,2025-26,Regular Season
1642530,"Kawamura, Yuki",2,13,9,Touch 2-6 Seconds,0.37,3,10,0.3,0.35,0.185,2,5,0.4,0.185,1,5,0.2,2025-26,Regular Season
1642530,"Kawamura, Yuki",3,13,4,Touch 6+ Seconds,0.148,1,4,0.25,0.25,0.148,1,4,0.25,0.0,0,0,,2025-26,Regular Season
1642274,"Missi, Yves",1,65,57,Touch < 2 Seconds,0.688,107,196,0.546,0.546,0.684,107,195,0.549,0.004,0,1,0.0,2025-26,Regular Season
1642274,"Missi, Yves",2,65,48,Touch 2-6 Seconds,0.302,44,86,0.512,0.512,0.302,44,86,0.512,0.0,0,0,,2025-26,Regular Season
1642274,"Missi, Yves",3,65,3,Touch 6+ Seconds,0.011,1,3,0.333,0.333,0.011,1,3,0.333,0.0,0,0,,2025-26,Regular Season
1642258,"Risacher, Zaccharie",1,64,63,Touch < 2 Seconds,0.73,181,376,0.481,0.597,0.299,94,154,0.61,0.431,87,222,0.392,2025-26,Regular Season
1642258,"Risacher, Zaccharie",2,64,57,Touch 2-6 Seconds,0.26,53,134,0.396,0.418,0.208,47,107,0.439,0.052,6,27,0.222,2025-26,Regular Season
1642258,"Risacher, Zaccharie",3,64,5,Touch 6+ Seconds,0.01,1,5,0.2,0.2,0.01,1,5,0.2,0.0,0,0,,2025-26,Regular Season
1628380,"Collins, Zach",1,10,10,Touch < 2 Seconds,0.875,31,56,0.554,0.634,0.547,22,35,0.629,0.328,9,21,0.429,2025-26,Regular Season
1628380,"Collins, Zach",2,10,6,Touch 2-6 Seconds,0.125,6,8,0.75,0.75,0.125,6,8,0.75,0.0,0,0,,2025-26,Regular Season
1641744,"Edey, Zach",1,11,10,Touch < 2 Seconds,0.837,52,82,0.634,0.64,0.786,51,77,0.662,0.051,1,5,0.2,2025-26,Regular Season
1641744,"Edey, Zach",2,11,7,Touch 2-6 Seconds,0.163,10,16,0.625,0.625,0.163,10,16,0.625,0.0,0,0,,2025-26,Regular Season
203897,"LaVine, Zach",1,39,39,Touch < 2 Seconds,0.393,105,215,0.488,0.626,0.143,46,78,0.59,0.25,59,137,0.431,2025-26,Regular Season
203897,"LaVine, Zach",2,39,39,Touch 2-6 Seconds,0.442,113,242,0.467,0.527,0.274,84,150,0.56,0.168,29,92,0.315,2025-26,Regular Season
203897,"LaVine, Zach",3,39,30,Touch 6+ Seconds,0.165,44,90,0.489,0.55,0.119,33,65,0.508,0.046,11,25,0.44,2025-26,Regular Season
1630192,"Nnaji, Zeke",1,49,40,Touch < 2 Seconds,0.836,57,117,0.487,0.538,0.5,45,70,0.643,0.336,12,47,0.255,2025-26,Regular Season
1630192,"Nnaji, Zeke",2,49,12,Touch 2-6 Seconds,0.15,7,21,0.333,0.357,0.136,6,19,0.316,0.014,1,2,0.5,2025-26,Regular Season
1630192,"Nnaji, Zeke",3,49,2,Touch 6+ Seconds,0.014,2,2,1.0,1.0,0.014,2,2,1.0,0.0,0,0,,2025-26,Regular Season
1630533,"Williams, Ziaire",1,56,56,Touch < 2 Seconds,0.704,128,305,0.42,0.552,0.15,47,65,0.723,0.554,81,240,0.338,2025-26,Regular Season
1630533,"Williams, Ziaire",2,56,44,Touch 2-6 Seconds,0.268,48,116,0.414,0.435,0.242,43,105,0.41,0.025,5,11,0.455,2025-26,Regular Season
1630533,"Williams, Ziaire",3,56,10,Touch 6+ Seconds,0.028,8,12,0.667,0.667,0.028,8,12,0.667,0.0,0,0,,2025-26,Regular Season
1629627,"Williamson, Zion",1,61,60,Touch < 2 Seconds,0.354,207,282,0.734,0.734,0.354,207,282,0.734,0.0,0,0,,2025-26,Regular Season
1629627,"Williamson, Zion",2,61,59,Touch 2-6 Seconds,0.388,161,309,0.521,0.523,0.384,160,306,0.523,0.004,1,3,0.333,2025-26,Regular Season
1629627,"Williamson, Zion",3,61,54,Touch 6+ Seconds,0.258,111,205,0.541,0.541,0.256,111,204,0.544,0.001,0,1,0.0,2025-26,Regular Season
1642389,"Pullin, Zyon",1,2,1,Touch < 2 Seconds,1.0,1,1,1.0,1.0,1.0,1,1,1.0,0.0,0,0,,2025-26,Regular Season
