PLAYER_ID,PLAYER_NAME_LAST_FIRST,SORT_ORDER,GP,G,CLOSE_DEF_DIST_RANGE,FGA_FREQUENCY,FGM,FGA,FG_PCT,EFG_PCT,FG2A_FREQUENCY,FG2M,FG2A,FG2_PCT,FG3A_FREQUENCY,FG3M,FG3A,FG3_PCT,SEASON,SEASON_TYPE
1630639,"Lawson, A.J.",2,19,4,2-4 Feet - Tight,0.071,2,4,0.5,0.75,0.0,0,0,,0.071,2,4,0.5,2025-26,Regular Season
1630639,"Lawson, A.J.",3,19,7,4-6 Feet - Open,0.196,4,11,0.364,0.545,0.0,0,0,,0.196,4,11,0.364,2025-26,Regular Season
1630639,"Lawson, A.J.",4,19,9,6+ Feet - Wide Open,0.321,9,18,0.5,0.75,0.0,0,0,,0.321,9,18,0.5,2025-26,Regular Season
1631260,"Green, AJ",1,73,4,0-2 Feet - Very Tight,0.007,1,4,0.25,0.375,0.002,0,1,0.0,0.005,1,3,0.333,2025-26,Regular Season
1631260,"Green, AJ",2,73,61,2-4 Feet - Tight,0.288,61,157,0.389,0.561,0.027,7,15,0.467,0.26,54,142,0.38,2025-26,Regular Season
1631260,"Green, AJ",3,73,69,4-6 Feet - Open,0.412,90,225,0.4,0.584,0.033,7,18,0.389,0.379,83,207,0.401,2025-26,Regular Season
1631260,"Green, AJ",4,73,59,6+ Feet - Wide Open,0.253,62,138,0.449,0.67,0.004,1,2,0.5,0.249,61,136,0.449,2025-26,Regular Season
1642358,"Johnson, AJ",3,44,1,4-6 Feet - Open,0.017,1,1,1.0,1.5,0.0,0,0,,0.017,1,1,1.0,2025-26,Regular Season
1642358,"Johnson, AJ",4,44,10,6+ Feet - Wide Open,0.379,3,22,0.136,0.205,0.0,0,0,,0.379,3,22,0.136,2025-26,Regular Season
203932,"Gordon, Aaron",2,33,21,2-4 Feet - Tight,0.12,15,44,0.341,0.432,0.052,7,19,0.368,0.068,8,25,0.32,2025-26,Regular Season
203932,"Gordon, Aaron",3,33,33,4-6 Feet - Open,0.292,45,107,0.421,0.547,0.12,18,44,0.409,0.172,27,63,0.429,2025-26,Regular Season
203932,"Gordon, Aaron",4,33,27,6+ Feet - Wide Open,0.161,21,59,0.356,0.534,0.014,0,5,0.0,0.148,21,54,0.389,2025-26,Regular Season
1628988,"Holiday, Aaron",1,52,3,0-2 Feet - Very Tight,0.013,1,3,0.333,0.333,0.013,1,3,0.333,0.0,0,0,,2025-26,Regular Season
1628988,"Holiday, Aaron",2,52,13,2-4 Feet - Tight,0.087,3,20,0.15,0.15,0.07,3,16,0.188,0.017,0,4,0.0,2025-26,Regular Season
1628988,"Holiday, Aaron",3,52,24,4-6 Feet - Open,0.197,11,45,0.244,0.344,0.031,2,7,0.286,0.166,9,38,0.237,2025-26,Regular Season
1628988,"Holiday, Aaron",4,52,40,6+ Feet - Wide Open,0.502,51,115,0.443,0.657,0.022,2,5,0.4,0.48,49,110,0.445,2025-26,Regular Season
1630174,"Nesmith, Aaron",1,45,2,0-2 Feet - Very Tight,0.004,0,2,0.0,0.0,0.004,0,2,0.0,0.0,0,0,,2025-26,Regular Season
1630174,"Nesmith, Aaron",2,45,24,2-4 Feet - Tight,0.066,12,34,0.353,0.441,0.027,6,14,0.429,0.039,6,20,0.3,2025-26,Regular Season
1630174,"Nesmith, Aaron",3,45,43,4-6 Feet - Open,0.326,61,167,0.365,0.476,0.102,24,52,0.462,0.225,37,115,0.322,2025-26,Regular Season
1630174,"Nesmith, Aaron",4,45,43,6+ Feet - Wide Open,0.301,65,154,0.422,0.623,0.023,3,12,0.25,0.277,62,142,0.437,2025-26,Regular Season
1630598,"Wiggins, Aaron",1,60,3,0-2 Feet - Very Tight,0.006,2,3,0.667,0.667,0.006,2,3,0.667,0.0,0,0,,2025-26,Regular Season
1630598,"Wiggins, Aaron",2,60,17,2-4 Feet - Tight,0.047,7,24,0.292,0.354,0.028,4,14,0.286,0.02,3,10,0.3,2025-26,Regular Season
1630598,"Wiggins, Aaron",3,60,48,4-6 Feet - Open,0.187,28,95,0.295,0.411,0.032,6,16,0.375,0.156,22,79,0.278,2025-26,Regular Season
1630598,"Wiggins, Aaron",4,60,58,6+ Feet - Wide Open,0.333,69,169,0.408,0.604,0.006,3,3,1.0,0.327,66,166,0.398,2025-26,Regular Season
1642846,"Bailey, Ace",1,69,6,0-2 Feet - Very Tight,0.007,0,6,0.0,0.0,0.007,0,6,0.0,0.0,0,0,,2025-26,Regular Season
1642846,"Bailey, Ace",2,69,51,2-4 Feet - Tight,0.123,36,100,0.36,0.38,0.105,32,85,0.376,0.018,4,15,0.267,2025-26,Regular Season
1642846,"Bailey, Ace",3,69,62,4-6 Feet - Open,0.277,85,225,0.378,0.484,0.114,37,93,0.398,0.162,48,132,0.364,2025-26,Regular Season
1642846,"Bailey, Ace",4,69,66,6+ Feet - Wide Open,0.304,87,247,0.352,0.504,0.038,12,31,0.387,0.266,75,216,0.347,2025-26,Regular Season
1642380,"Bal, Adama",2,4,1,2-4 Feet - Tight,0.048,0,1,0.0,0.0,0.0,0,0,,0.048,0,1,0.0,2025-26,Regular Season
1642380,"Bal, Adama",3,4,3,4-6 Feet - Open,0.286,2,6,0.333,0.5,0.048,0,1,0.0,0.238,2,5,0.4,2025-26,Regular Season
1642380,"Bal, Adama",4,4,3,6+ Feet - Wide Open,0.381,3,8,0.375,0.563,0.048,0,1,0.0,0.333,3,7,0.429,2025-26,Regular Season
1641737,"Bona, Adem",2,67,1,2-4 Feet - Tight,0.005,0,1,0.0,0.0,0.005,0,1,0.0,0.0,0,0,,2025-26,Regular Season
1641737,"Bona, Adem",4,67,6,6+ Feet - Wide Open,0.029,2,6,0.333,0.5,0.0,0,0,,0.029,2,6,0.333,2025-26,Regular Season
1642876,"Thiero, Adou",4,21,1,6+ Feet - Wide Open,0.045,0,1,0.0,0.0,0.0,0,0,,0.045,0,1,0.0,2025-26,Regular Season
1642349,"Mitchell, Ajay",1,54,7,0-2 Feet - Very Tight,0.014,5,8,0.625,0.625,0.014,5,8,0.625,0.0,0,0,,2025-26,Regular Season
1642349,"Mitchell, Ajay",2,54,24,2-4 Feet - Tight,0.062,19,35,0.543,0.557,0.055,18,31,0.581,0.007,1,4,0.25,2025-26,Regular Season
1642349,"Mitchell, Ajay",3,54,35,4-6 Feet - Open,0.106,28,60,0.467,0.542,0.06,19,34,0.559,0.046,9,26,0.346,2025-26,Regular Season
1642349,"Mitchell, Ajay",4,54,54,6+ Feet - Wide Open,0.284,57,161,0.354,0.506,0.041,8,23,0.348,0.244,49,138,0.355,2025-26,Regular Season
201143,"Horford, Al",2,43,10,2-4 Feet - Tight,0.033,3,10,0.3,0.4,0.017,1,5,0.2,0.017,2,5,0.4,2025-26,Regular Season
201143,"Horford, Al",3,43,33,4-6 Feet - Open,0.194,23,58,0.397,0.534,0.027,7,8,0.875,0.167,16,50,0.32,2025-26,Regular Season
201143,"Horford, Al",4,43,41,6+ Feet - Wide Open,0.482,53,144,0.368,0.542,0.023,3,7,0.429,0.458,50,137,0.365,2025-26,Regular Season
1630828,"Antetokounmpo, Alex",4,3,1,6+ Feet - Wide Open,1.0,0,1,0.0,0.0,0.0,0,0,,1.0,0,1,0.0,2025-26,Regular Season
1627936,"Caruso, Alex",2,53,5,2-4 Feet - Tight,0.021,0,6,0.0,0.0,0.014,0,4,0.0,0.007,0,2,0.0,2025-26,Regular Season
1627936,"Caruso, Alex",3,53,30,4-6 Feet - Open,0.176,16,51,0.314,0.441,0.017,3,5,0.6,0.159,13,46,0.283,2025-26,Regular Season
1627936,"Caruso, Alex",4,53,47,6+ Feet - Wide Open,0.445,41,129,0.318,0.461,0.014,4,4,1.0,0.431,37,125,0.296,2025-26,Regular Season
1642259,"Sarr, Alex",1,48,1,0-2 Feet - Very Tight,0.002,1,1,1.0,1.5,0.0,0,0,,0.002,1,1,1.0,2025-26,Regular Season
1642259,"Sarr, Alex",2,48,24,2-4 Feet - Tight,0.048,15,31,0.484,0.516,0.045,13,29,0.448,0.003,2,2,1.0,2025-26,Regular Season
1642259,"Sarr, Alex",3,48,40,4-6 Feet - Open,0.143,34,93,0.366,0.441,0.082,20,53,0.377,0.062,14,40,0.35,2025-26,Regular Season
1642259,"Sarr, Alex",4,48,40,6+ Feet - Wide Open,0.177,33,115,0.287,0.426,0.017,1,11,0.091,0.16,32,104,0.308,2025-26,Regular Season
1642918,"Martin, Alijah",2,20,2,2-4 Feet - Tight,0.071,1,3,0.333,0.333,0.048,1,2,0.5,0.024,0,1,0.0,2025-26,Regular Season
1642918,"Martin, Alijah",3,20,6,4-6 Feet - Open,0.167,1,7,0.143,0.143,0.119,1,5,0.2,0.048,0,2,0.0,2025-26,Regular Season
1642918,"Martin, Alijah",4,20,8,6+ Feet - Wide Open,0.381,4,16,0.25,0.375,0.0,0,0,,0.381,4,16,0.25,2025-26,Regular Season
1631214,"Williams, Alondes",2,4,3,2-4 Feet - Tight,0.154,1,4,0.25,0.375,0.038,0,1,0.0,0.115,1,3,0.333,2025-26,Regular Season
1631214,"Williams, Alondes",3,4,4,4-6 Feet - Open,0.346,3,9,0.333,0.5,0.0,0,0,,0.346,3,9,0.333,2025-26,Regular Season
1631214,"Williams, Alondes",4,4,1,6+ Feet - Wide Open,0.077,1,2,0.5,0.75,0.0,0,0,,0.077,1,2,0.5,2025-26,Regular Season
1630578,"Sengun, Alperen",1,68,2,0-2 Feet - Very Tight,0.002,1,2,0.5,0.5,0.001,1,1,1.0,0.001,0,1,0.0,2025-26,Regular Season
1630578,"Sengun, Alperen",2,68,40,2-4 Feet - Tight,0.073,19,76,0.25,0.25,0.07,19,72,0.264,0.004,0,4,0.0,2025-26,Regular Season
1630578,"Sengun, Alperen",3,68,56,4-6 Feet - Open,0.138,64,143,0.448,0.486,0.113,53,117,0.453,0.025,11,26,0.423,2025-26,Regular Season
1630578,"Sengun, Alperen",4,68,48,6+ Feet - Wide Open,0.103,34,107,0.318,0.449,0.018,6,19,0.316,0.085,28,88,0.318,2025-26,Regular Season
1642873,"Williams, Amari",3,21,1,4-6 Feet - Open,0.053,0,1,0.0,0.0,0.053,0,1,0.0,0.0,0,0,,2025-26,Regular Season
1641708,"Thompson, Amen",1,75,1,0-2 Feet - Very Tight,0.002,1,2,0.5,0.5,0.002,1,2,0.5,0.0,0,0,,2025-26,Regular Season
1641708,"Thompson, Amen",2,75,38,2-4 Feet - Tight,0.048,15,46,0.326,0.337,0.044,14,42,0.333,0.004,1,4,0.25,2025-26,Regular Season
1641708,"Thompson, Amen",3,75,60,4-6 Feet - Open,0.111,36,106,0.34,0.358,0.089,32,85,0.376,0.022,4,21,0.19,2025-26,Regular Season
1641708,"Thompson, Amen",4,75,57,6+ Feet - Wide Open,0.125,25,119,0.21,0.29,0.036,6,34,0.176,0.089,19,85,0.224,2025-26,Regular Season
1629599,"Coffey, Amir",2,43,3,2-4 Feet - Tight,0.081,1,3,0.333,0.333,0.081,1,3,0.333,0.0,0,0,,2025-26,Regular Season
1629599,"Coffey, Amir",3,43,6,4-6 Feet - Open,0.351,6,13,0.462,0.538,0.189,4,7,0.571,0.162,2,6,0.333,2025-26,Regular Season
1629599,"Coffey, Amir",4,43,7,6+ Feet - Wide Open,0.27,4,10,0.4,0.6,0.0,0,0,,0.27,4,10,0.4,2025-26,Regular Season
1643158,"Garcia, Andersson",2,5,1,2-4 Feet - Tight,0.034,0,1,0.0,0.0,0.0,0,0,,0.034,0,1,0.0,2025-26,Regular Season
1643158,"Garcia, Andersson",3,5,4,4-6 Feet - Open,0.207,0,6,0.0,0.0,0.0,0,0,,0.207,0,6,0.0,2025-26,Regular Season
1643158,"Garcia, Andersson",4,5,3,6+ Feet - Wide Open,0.207,1,6,0.167,0.25,0.0,0,0,,0.207,1,6,0.167,2025-26,Regular Season
203083,"Drummond, Andre",2,58,2,2-4 Feet - Tight,0.007,0,2,0.0,0.0,0.003,0,1,0.0,0.003,0,1,0.0,2025-26,Regular Season
203083,"Drummond, Andre",3,58,11,4-6 Feet - Open,0.039,4,12,0.333,0.5,0.007,0,2,0.0,0.033,4,10,0.4,2025-26,Regular Season
203083,"Drummond, Andre",4,58,42,6+ Feet - Wide Open,0.239,26,73,0.356,0.534,0.003,0,1,0.0,0.236,26,72,0.361,2025-26,Regular Season
1641748,"Jackson Jr., Andre",1,44,1,0-2 Feet - Very Tight,0.011,0,1,0.0,0.0,0.011,0,1,0.0,0.0,0,0,,2025-26,Regular Season
1641748,"Jackson Jr., Andre",2,44,4,2-4 Feet - Tight,0.053,0,5,0.0,0.0,0.053,0,5,0.0,0.0,0,0,,2025-26,Regular Season
1641748,"Jackson Jr., Andre",3,44,13,4-6 Feet - Open,0.17,7,16,0.438,0.625,0.053,1,5,0.2,0.117,6,11,0.545,2025-26,Regular Season
1641748,"Jackson Jr., Andre",4,44,17,6+ Feet - Wide Open,0.426,8,40,0.2,0.3,0.011,0,1,0.0,0.415,8,39,0.205,2025-26,Regular Season
1629614,"Nembhard, Andrew",1,57,5,0-2 Feet - Very Tight,0.008,0,6,0.0,0.0,0.005,0,4,0.0,0.003,0,2,0.0,2025-26,Regular Season
1629614,"Nembhard, Andrew",2,57,37,2-4 Feet - Tight,0.074,19,56,0.339,0.366,0.057,16,43,0.372,0.017,3,13,0.231,2025-26,Regular Season
1629614,"Nembhard, Andrew",3,57,56,4-6 Feet - Open,0.275,84,207,0.406,0.459,0.191,62,144,0.431,0.084,22,63,0.349,2025-26,Regular Season
1629614,"Nembhard, Andrew",4,57,57,6+ Feet - Wide Open,0.371,112,279,0.401,0.548,0.081,30,61,0.492,0.29,82,218,0.376,2025-26,Regular Season
203952,"Wiggins, Andrew",1,63,1,0-2 Feet - Very Tight,0.001,0,1,0.0,0.0,0.001,0,1,0.0,0.0,0,0,,2025-26,Regular Season
203952,"Wiggins, Andrew",2,63,34,2-4 Feet - Tight,0.068,20,53,0.377,0.434,0.046,14,36,0.389,0.022,6,17,0.353,2025-26,Regular Season
203952,"Wiggins, Andrew",3,63,63,4-6 Feet - Open,0.327,100,254,0.394,0.528,0.106,32,82,0.39,0.222,68,172,0.395,2025-26,Regular Season
203952,"Wiggins, Andrew",4,63,54,6+ Feet - Wide Open,0.169,59,131,0.45,0.653,0.014,6,11,0.545,0.155,53,120,0.442,2025-26,Regular Season
1629014,"Simons, Anfernee",1,55,1,0-2 Feet - Very Tight,0.013,1,1,1.0,1.0,0.013,1,1,1.0,0.0,0,0,,2025-26,Regular Season
1629014,"Simons, Anfernee",2,55,6,2-4 Feet - Tight,0.188,5,15,0.333,0.367,0.088,4,7,0.571,0.1,1,8,0.125,2025-26,Regular Season
1629014,"Simons, Anfernee",3,55,6,4-6 Feet - Open,0.463,13,37,0.351,0.473,0.088,4,7,0.571,0.375,9,30,0.3,2025-26,Regular Season
1629014,"Simons, Anfernee",4,55,5,6+ Feet - Wide Open,0.15,6,12,0.5,0.75,0.0,0,0,,0.15,6,12,0.5,2025-26,Regular Season
1641710,"Black, Anthony",1,60,4,0-2 Feet - Very Tight,0.005,1,4,0.25,0.25,0.005,1,4,0.25,0.0,0,0,,2025-26,Regular Season
1641710,"Black, Anthony",2,60,26,2-4 Feet - Tight,0.053,10,39,0.256,0.269,0.042,9,31,0.29,0.011,1,8,0.125,2025-26,Regular Season
1641710,"Black, Anthony",3,60,43,4-6 Feet - Open,0.15,40,110,0.364,0.468,0.067,17,49,0.347,0.083,23,61,0.377,2025-26,Regular Season
1641710,"Black, Anthony",4,60,58,6+ Feet - Wide Open,0.315,78,230,0.339,0.496,0.022,6,16,0.375,0.293,72,214,0.336,2025-26,Regular Season
1630162,"Edwards, Anthony",1,60,11,0-2 Feet - Very Tight,0.01,5,12,0.417,0.458,0.006,4,7,0.571,0.004,1,5,0.2,2025-26,Regular Season
1630162,"Edwards, Anthony",2,60,55,2-4 Feet - Tight,0.19,92,226,0.407,0.511,0.088,45,105,0.429,0.102,47,121,0.388,2025-26,Regular Season
1630162,"Edwards, Anthony",3,60,58,4-6 Feet - Open,0.37,181,439,0.412,0.524,0.148,83,176,0.472,0.221,98,263,0.373,2025-26,Regular Season
1630162,"Edwards, Anthony",4,60,53,6+ Feet - Wide Open,0.114,66,135,0.489,0.678,0.028,15,33,0.455,0.086,51,102,0.5,2025-26,Regular Season
1630264,"Gill, Anthony",2,49,3,2-4 Feet - Tight,0.023,2,4,0.5,0.5,0.023,2,4,0.5,0.0,0,0,,2025-26,Regular Season
1630264,"Gill, Anthony",3,49,8,4-6 Feet - Open,0.057,3,10,0.3,0.35,0.029,2,5,0.4,0.029,1,5,0.2,2025-26,Regular Season
1630264,"Gill, Anthony",4,49,22,6+ Feet - Wide Open,0.206,13,36,0.361,0.528,0.006,1,1,1.0,0.2,12,35,0.343,2025-26,Regular Season
1641810,"Reeves, Antonio",3,10,2,4-6 Feet - Open,0.1,0,2,0.0,0.0,0.05,0,1,0.0,0.05,0,1,0.0,2025-26,Regular Season
1641810,"Reeves, Antonio",4,10,6,6+ Feet - Wide Open,0.6,7,12,0.583,0.875,0.0,0,0,,0.6,7,12,0.583,2025-26,Regular Season
1630574,"Hukporti, Ariel",2,52,1,2-4 Feet - Tight,0.015,0,1,0.0,0.0,0.015,0,1,0.0,0.0,0,0,,2025-26,Regular Season
1630574,"Hukporti, Ariel",3,52,6,4-6 Feet - Open,0.091,1,6,0.167,0.25,0.061,0,4,0.0,0.03,1,2,0.5,2025-26,Regular Season
1630574,"Hukporti, Ariel",4,52,2,6+ Feet - Wide Open,0.03,0,2,0.0,0.0,0.0,0,0,,0.03,0,2,0.0,2025-26,Regular Season
1642854,"Newell, Asa",2,42,2,2-4 Feet - Tight,0.013,1,2,0.5,0.5,0.013,1,2,0.5,0.0,0,0,,2025-26,Regular Season
1642854,"Newell, Asa",3,42,10,4-6 Feet - Open,0.127,8,19,0.421,0.632,0.007,0,1,0.0,0.12,8,18,0.444,2025-26,Regular Season
1642854,"Newell, Asa",4,42,31,6+ Feet - Wide Open,0.34,19,51,0.373,0.559,0.0,0,0,,0.34,19,51,0.373,2025-26,Regular Season
1641709,"Thompson, Ausar",1,68,1,0-2 Feet - Very Tight,0.002,0,1,0.0,0.0,0.002,0,1,0.0,0.0,0,0,,2025-26,Regular Season
1641709,"Thompson, Ausar",2,68,35,2-4 Feet - Tight,0.077,15,42,0.357,0.357,0.077,15,42,0.357,0.0,0,0,,2025-26,Regular Season
1641709,"Thompson, Ausar",3,68,25,4-6 Feet - Open,0.064,12,35,0.343,0.357,0.055,11,30,0.367,0.009,1,5,0.2,2025-26,Regular Season
1641709,"Thompson, Ausar",4,68,18,6+ Feet - Wide Open,0.05,6,27,0.222,0.315,0.017,1,9,0.111,0.033,5,18,0.278,2025-26,Regular Season
1630559,"Reaves, Austin",1,51,16,0-2 Feet - Very Tight,0.029,10,22,0.455,0.545,0.014,6,11,0.545,0.014,4,11,0.364,2025-26,Regular Season
1630559,"Reaves, Austin",2,51,41,2-4 Feet - Tight,0.13,36,99,0.364,0.414,0.07,26,53,0.491,0.06,10,46,0.217,2025-26,Regular Season
1630559,"Reaves, Austin",3,51,49,4-6 Feet - Open,0.234,59,178,0.331,0.435,0.079,22,60,0.367,0.155,37,118,0.314,2025-26,Regular Season
1630559,"Reaves, Austin",4,51,48,6+ Feet - Wide Open,0.216,72,164,0.439,0.643,0.014,5,11,0.455,0.201,67,153,0.438,2025-26,Regular Season
1630245,"Dosunmu, Ayo",1,66,1,0-2 Feet - Very Tight,0.005,0,1,0.0,0.0,0.0,0,0,,0.005,0,1,0.0,2025-26,Regular Season
1630245,"Dosunmu, Ayo",2,66,7,2-4 Feet - Tight,0.051,6,10,0.6,0.7,0.04,4,8,0.5,0.01,2,2,1.0,2025-26,Regular Season
1630245,"Dosunmu, Ayo",3,66,15,4-6 Feet - Open,0.136,11,27,0.407,0.481,0.066,7,13,0.538,0.071,4,14,0.286,2025-26,Regular Season
1630245,"Dosunmu, Ayo",4,66,18,6+ Feet - Wide Open,0.298,28,59,0.475,0.669,0.03,5,6,0.833,0.268,23,53,0.434,2025-26,Regular Season
1628389,"Adebayo, Bam",1,68,2,0-2 Feet - Very Tight,0.002,0,2,0.0,0.0,0.002,0,2,0.0,0.0,0,0,,2025-26,Regular Season
1628389,"Adebayo, Bam",2,68,45,2-4 Feet - Tight,0.078,23,84,0.274,0.274,0.07,23,75,0.307,0.008,0,9,0.0,2025-26,Regular Season
1628389,"Adebayo, Bam",3,68,66,4-6 Feet - Open,0.23,78,247,0.316,0.356,0.133,58,143,0.406,0.097,20,104,0.192,2025-26,Regular Season
1628389,"Adebayo, Bam",4,68,68,6+ Feet - Wide Open,0.27,116,290,0.4,0.567,0.028,19,30,0.633,0.242,97,260,0.373,2025-26,Regular Season
1631248,"Scheierman, Baylor",1,72,1,0-2 Feet - Very Tight,0.003,0,1,0.0,0.0,0.003,0,1,0.0,0.0,0,0,,2025-26,Regular Season
1631248,"Scheierman, Baylor",2,72,13,2-4 Feet - Tight,0.052,6,15,0.4,0.5,0.031,3,9,0.333,0.021,3,6,0.5,2025-26,Regular Season
1631248,"Scheierman, Baylor",3,72,32,4-6 Feet - Open,0.199,24,57,0.421,0.561,0.052,8,15,0.533,0.147,16,42,0.381,2025-26,Regular Season
1631248,"Scheierman, Baylor",4,72,56,6+ Feet - Wide Open,0.587,68,168,0.405,0.589,0.028,6,8,0.75,0.559,62,160,0.388,2025-26,Regular Season
1642879,"Saraf, Ben",2,40,9,2-4 Feet - Tight,0.041,3,10,0.3,0.35,0.037,2,9,0.222,0.004,1,1,1.0,2025-26,Regular Season
1642879,"Saraf, Ben",3,40,18,4-6 Feet - Open,0.106,5,26,0.192,0.288,0.02,0,5,0.0,0.086,5,21,0.238,2025-26,Regular Season
1642879,"Saraf, Ben",4,40,28,6+ Feet - Wide Open,0.212,10,52,0.192,0.288,0.0,0,0,,0.212,10,52,0.192,2025-26,Regular Season
1641767,"Sheppard, Ben",2,65,12,2-4 Feet - Tight,0.034,3,13,0.231,0.231,0.026,3,10,0.3,0.008,0,3,0.0,2025-26,Regular Season
1641767,"Sheppard, Ben",3,65,40,4-6 Feet - Open,0.182,21,69,0.304,0.42,0.029,5,11,0.455,0.153,16,58,0.276,2025-26,Regular Season
1641767,"Sheppard, Ben",4,65,60,6+ Feet - Wide Open,0.458,69,174,0.397,0.589,0.016,2,6,0.333,0.442,67,168,0.399,2025-26,Regular Season
1631097,"Mathurin, Bennedict",1,49,2,0-2 Feet - Very Tight,0.007,1,2,0.5,0.5,0.007,1,2,0.5,0.0,0,0,,2025-26,Regular Season
1631097,"Mathurin, Bennedict",2,49,18,2-4 Feet - Tight,0.129,14,36,0.389,0.403,0.093,13,26,0.5,0.036,1,10,0.1,2025-26,Regular Season
1631097,"Mathurin, Bennedict",3,49,21,4-6 Feet - Open,0.271,21,76,0.276,0.336,0.121,12,34,0.353,0.15,9,42,0.214,2025-26,Regular Season
1631097,"Mathurin, Bennedict",4,49,17,6+ Feet - Wide Open,0.104,8,29,0.276,0.345,0.043,4,12,0.333,0.061,4,17,0.235,2025-26,Regular Season
203078,"Beal, Bradley",1,6,1,0-2 Feet - Very Tight,0.021,0,1,0.0,0.0,0.021,0,1,0.0,0.0,0,0,,2025-26,Regular Season
203078,"Beal, Bradley",2,6,2,2-4 Feet - Tight,0.146,1,7,0.143,0.143,0.125,1,6,0.167,0.021,0,1,0.0,2025-26,Regular Season
203078,"Beal, Bradley",3,6,5,4-6 Feet - Open,0.25,2,12,0.167,0.25,0.083,0,4,0.0,0.167,2,8,0.25,2025-26,Regular Season
203078,"Beal, Bradley",4,6,6,6+ Feet - Wide Open,0.292,8,14,0.571,0.75,0.083,3,4,0.75,0.208,5,10,0.5,2025-26,Regular Season
1642382,"Carlson, Branden",2,38,2,2-4 Feet - Tight,0.014,0,2,0.0,0.0,0.014,0,2,0.0,0.0,0,0,,2025-26,Regular Season
1642382,"Carlson, Branden",3,38,12,4-6 Feet - Open,0.101,3,14,0.214,0.321,0.022,0,3,0.0,0.08,3,11,0.273,2025-26,Regular Season
1642382,"Carlson, Branden",4,38,27,6+ Feet - Wide Open,0.37,18,51,0.353,0.529,0.0,0,0,,0.37,18,51,0.353,2025-26,Regular Season
1641764,"Podziemski, Brandin",1,77,6,0-2 Feet - Very Tight,0.008,2,6,0.333,0.333,0.008,2,6,0.333,0.0,0,0,,2025-26,Regular Season
1641764,"Podziemski, Brandin",2,77,50,2-4 Feet - Tight,0.128,30,101,0.297,0.327,0.095,24,75,0.32,0.033,6,26,0.231,2025-26,Regular Season
1641764,"Podziemski, Brandin",3,77,69,4-6 Feet - Open,0.255,74,201,0.368,0.478,0.09,30,71,0.423,0.165,44,130,0.338,2025-26,Regular Season
1641764,"Podziemski, Brandin",4,77,73,6+ Feet - Wide Open,0.308,99,243,0.407,0.588,0.03,11,24,0.458,0.278,88,219,0.402,2025-26,Regular Season
1629634,"Clarke, Brandon",3,2,1,4-6 Feet - Open,0.111,0,1,0.0,0.0,0.111,0,1,0.0,0.0,0,0,,2025-26,Regular Season
1627742,"Ingram, Brandon",1,72,5,0-2 Feet - Very Tight,0.005,2,6,0.333,0.417,0.004,1,5,0.2,0.001,1,1,1.0,2025-26,Regular Season
1627742,"Ingram, Brandon",2,72,69,2-4 Feet - Tight,0.341,161,404,0.399,0.425,0.275,140,326,0.429,0.066,21,78,0.269,2025-26,Regular Season
1627742,"Ingram, Brandon",3,72,69,4-6 Feet - Open,0.305,170,361,0.471,0.547,0.18,115,213,0.54,0.125,55,148,0.372,2025-26,Regular Season
1627742,"Ingram, Brandon",4,72,57,6+ Feet - Wide Open,0.11,64,130,0.492,0.677,0.02,16,24,0.667,0.09,48,106,0.453,2025-26,Regular Season
1641706,"Miller, Brandon",1,61,9,0-2 Feet - Very Tight,0.009,4,9,0.444,0.611,0.004,1,4,0.25,0.005,3,5,0.6,2025-26,Regular Season
1641706,"Miller, Brandon",2,61,53,2-4 Feet - Tight,0.169,64,163,0.393,0.475,0.105,37,101,0.366,0.064,27,62,0.435,2025-26,Regular Season
1641706,"Miller, Brandon",3,61,60,4-6 Feet - Open,0.297,105,286,0.367,0.481,0.094,40,91,0.44,0.202,65,195,0.333,2025-26,Regular Season
1641706,"Miller, Brandon",4,61,59,6+ Feet - Wide Open,0.261,107,252,0.425,0.617,0.023,10,22,0.455,0.239,97,230,0.422,2025-26,Regular Season
1630314,"Williams, Brandon",1,65,1,0-2 Feet - Very Tight,0.002,0,1,0.0,0.0,0.002,0,1,0.0,0.0,0,0,,2025-26,Regular Season
1630314,"Williams, Brandon",2,65,24,2-4 Feet - Tight,0.044,12,26,0.462,0.481,0.037,11,22,0.5,0.007,1,4,0.25,2025-26,Regular Season
1630314,"Williams, Brandon",3,65,52,4-6 Feet - Open,0.173,43,103,0.417,0.481,0.096,30,57,0.526,0.077,13,46,0.283,2025-26,Regular Season
1630314,"Williams, Brandon",4,65,55,6+ Feet - Wide Open,0.212,32,126,0.254,0.341,0.042,10,25,0.4,0.17,22,101,0.218,2025-26,Regular Season
1641729,"Sensabaugh, Brice",1,72,1,0-2 Feet - Very Tight,0.001,1,1,1.0,1.0,0.001,1,1,1.0,0.0,0,0,,2025-26,Regular Season
1641729,"Sensabaugh, Brice",2,72,49,2-4 Feet - Tight,0.126,39,100,0.39,0.455,0.079,26,63,0.413,0.047,13,37,0.351,2025-26,Regular Season
1641729,"Sensabaugh, Brice",3,72,68,4-6 Feet - Open,0.382,114,304,0.375,0.51,0.091,32,72,0.444,0.292,82,232,0.353,2025-26,Regular Season
1641729,"Sensabaugh, Brice",4,72,61,6+ Feet - Wide Open,0.194,60,154,0.39,0.565,0.016,6,13,0.462,0.177,54,141,0.383,2025-26,Regular Season
1642355,"James, Bronny",1,37,1,0-2 Feet - Very Tight,0.011,0,1,0.0,0.0,0.011,0,1,0.0,0.0,0,0,,2025-26,Regular Season
1642355,"James, Bronny",2,37,5,2-4 Feet - Tight,0.08,1,7,0.143,0.143,0.08,1,7,0.143,0.0,0,0,,2025-26,Regular Season
1642355,"James, Bronny",3,37,13,4-6 Feet - Open,0.299,9,26,0.346,0.385,0.184,7,16,0.438,0.115,2,10,0.2,2025-26,Regular Season
1642355,"James, Bronny",4,37,21,6+ Feet - Wide Open,0.402,14,35,0.4,0.586,0.057,1,5,0.2,0.345,13,30,0.433,2025-26,Regular Season
201572,"Lopez, Brook",1,70,3,0-2 Feet - Very Tight,0.006,1,3,0.333,0.333,0.006,1,3,0.333,0.0,0,0,,2025-26,Regular Season
201572,"Lopez, Brook",2,70,37,2-4 Feet - Tight,0.103,11,51,0.216,0.255,0.057,7,28,0.25,0.047,4,23,0.174,2025-26,Regular Season
201572,"Lopez, Brook",3,70,55,4-6 Feet - Open,0.251,46,124,0.371,0.476,0.075,20,37,0.541,0.176,26,87,0.299,2025-26,Regular Season
201572,"Lopez, Brook",4,70,61,6+ Feet - Wide Open,0.377,76,186,0.409,0.605,0.01,3,5,0.6,0.366,73,181,0.403,2025-26,Regular Season
1642964,"Barnhizer, Brooks",2,37,3,2-4 Feet - Tight,0.059,0,3,0.0,0.0,0.059,0,3,0.0,0.0,0,0,,2025-26,Regular Season
1642964,"Barnhizer, Brooks",3,37,8,4-6 Feet - Open,0.196,2,10,0.2,0.2,0.137,2,7,0.286,0.059,0,3,0.0,2025-26,Regular Season
1642964,"Barnhizer, Brooks",4,37,6,6+ Feet - Wide Open,0.314,6,16,0.375,0.531,0.039,1,2,0.5,0.275,5,14,0.357,2025-26,Regular Season
1628971,"Brown, Bruce",1,77,1,0-2 Feet - Very Tight,0.002,0,1,0.0,0.0,0.002,0,1,0.0,0.0,0,0,,2025-26,Regular Season
1628971,"Brown, Bruce",2,77,33,2-4 Feet - Tight,0.087,10,42,0.238,0.274,0.072,7,35,0.2,0.014,3,7,0.429,2025-26,Regular Season
1628971,"Brown, Bruce",3,77,50,4-6 Feet - Open,0.155,25,75,0.333,0.447,0.041,8,20,0.4,0.113,17,55,0.309,2025-26,Regular Season
1628971,"Brown, Bruce",4,77,54,6+ Feet - Wide Open,0.165,37,80,0.463,0.675,0.008,3,4,0.75,0.157,34,76,0.447,2025-26,Regular Season
1631121,"McGowens, Bryce",1,42,1,0-2 Feet - Very Tight,0.004,0,1,0.0,0.0,0.004,0,1,0.0,0.0,0,0,,2025-26,Regular Season
1631121,"McGowens, Bryce",2,42,5,2-4 Feet - Tight,0.021,1,5,0.2,0.2,0.017,1,4,0.25,0.004,0,1,0.0,2025-26,Regular Season
1631121,"McGowens, Bryce",3,42,23,4-6 Feet - Open,0.148,12,35,0.343,0.386,0.076,9,18,0.5,0.072,3,17,0.176,2025-26,Regular Season
1631121,"McGowens, Bryce",4,42,31,6+ Feet - Wide Open,0.338,37,80,0.463,0.681,0.021,2,5,0.4,0.316,35,75,0.467,2025-26,Regular Season
1642267,"Carrington, Bub",1,76,5,0-2 Feet - Very Tight,0.009,4,6,0.667,0.75,0.006,3,4,0.75,0.003,1,2,0.5,2025-26,Regular Season
1642267,"Carrington, Bub",2,76,49,2-4 Feet - Tight,0.11,22,73,0.301,0.356,0.066,14,44,0.318,0.044,8,29,0.276,2025-26,Regular Season
1642267,"Carrington, Bub",3,76,74,4-6 Feet - Open,0.443,136,294,0.463,0.594,0.175,59,116,0.509,0.268,77,178,0.433,2025-26,Regular Season
1642267,"Carrington, Bub",4,76,71,6+ Feet - Wide Open,0.297,82,197,0.416,0.576,0.045,19,30,0.633,0.252,63,167,0.377,2025-26,Regular Season
1631205,"Boeheim, Buddy",2,4,1,2-4 Feet - Tight,0.167,0,1,0.0,0.0,0.0,0,0,,0.167,0,1,0.0,2025-26,Regular Season
1631205,"Boeheim, Buddy",3,4,2,4-6 Feet - Open,0.5,1,3,0.333,0.5,0.0,0,0,,0.5,1,3,0.333,2025-26,Regular Season
1631205,"Boeheim, Buddy",4,4,2,6+ Feet - Wide Open,0.333,1,2,0.5,0.75,0.0,0,0,,0.333,1,2,0.5,2025-26,Regular Season
1627741,"Hield, Buddy",2,50,1,2-4 Feet - Tight,0.143,0,1,0.0,0.0,0.0,0,0,,0.143,0,1,0.0,2025-26,Regular Season
1627741,"Hield, Buddy",3,50,2,4-6 Feet - Open,0.429,0,3,0.0,0.0,0.0,0,0,,0.429,0,3,0.0,2025-26,Regular Season
1627741,"Hield, Buddy",4,50,2,6+ Feet - Wide Open,0.286,0,2,0.0,0.0,0.0,0,0,,0.286,0,2,0.0,2025-26,Regular Season
203468,"McCollum, CJ",1,73,6,0-2 Feet - Very Tight,0.011,4,6,0.667,0.917,0.004,1,2,0.5,0.007,3,4,0.75,2025-26,Regular Season
203468,"McCollum, CJ",2,73,34,2-4 Feet - Tight,0.199,44,112,0.393,0.46,0.114,29,64,0.453,0.085,15,48,0.313,2025-26,Regular Season
203468,"McCollum, CJ",3,73,37,4-6 Feet - Open,0.295,68,166,0.41,0.509,0.125,35,70,0.5,0.171,33,96,0.344,2025-26,Regular Season
203468,"McCollum, CJ",4,73,32,6+ Feet - Wide Open,0.174,31,98,0.316,0.474,0.011,0,6,0.0,0.164,31,92,0.337,2025-26,Regular Season
1630595,"Cunningham, Cade",1,61,7,0-2 Feet - Very Tight,0.007,2,8,0.25,0.313,0.005,1,6,0.167,0.002,1,2,0.5,2025-26,Regular Season
1630595,"Cunningham, Cade",2,61,55,2-4 Feet - Tight,0.117,55,132,0.417,0.5,0.067,33,76,0.434,0.05,22,56,0.393,2025-26,Regular Season
1630595,"Cunningham, Cade",3,61,60,4-6 Feet - Open,0.276,129,312,0.413,0.5,0.138,75,156,0.481,0.138,54,156,0.346,2025-26,Regular Season
1630595,"Cunningham, Cade",4,61,54,6+ Feet - Wide Open,0.148,62,167,0.371,0.503,0.027,18,31,0.581,0.12,44,136,0.324,2025-26,Regular Season
1631216,"Houstan, Caleb",2,18,4,2-4 Feet - Tight,0.16,0,4,0.0,0.0,0.0,0,0,,0.16,0,4,0.0,2025-26,Regular Season
1631216,"Houstan, Caleb",3,18,8,4-6 Feet - Open,0.4,7,10,0.7,1.05,0.0,0,0,,0.4,7,10,0.7,2025-26,Regular Season
1631216,"Houstan, Caleb",4,18,5,6+ Feet - Wide Open,0.28,4,7,0.571,0.857,0.0,0,0,,0.28,4,7,0.571,2025-26,Regular Season
1631126,"Love, Caleb",1,47,3,0-2 Feet - Very Tight,0.006,0,3,0.0,0.0,0.006,0,3,0.0,0.0,0,0,,2025-26,Regular Season
1631126,"Love, Caleb",2,47,25,2-4 Feet - Tight,0.074,11,36,0.306,0.347,0.035,8,17,0.471,0.039,3,19,0.158,2025-26,Regular Season
1631126,"Love, Caleb",3,47,44,4-6 Feet - Open,0.338,53,165,0.321,0.455,0.043,9,21,0.429,0.295,44,144,0.306,2025-26,Regular Season
1631126,"Love, Caleb",4,47,42,6+ Feet - Wide Open,0.285,53,139,0.381,0.547,0.025,7,12,0.583,0.26,46,127,0.362,2025-26,Regular Season
1628997,"Martin, Caleb",1,58,1,0-2 Feet - Very Tight,0.005,0,1,0.0,0.0,0.005,0,1,0.0,0.0,0,0,,2025-26,Regular Season
1628997,"Martin, Caleb",2,58,6,2-4 Feet - Tight,0.032,2,6,0.333,0.5,0.011,0,2,0.0,0.021,2,4,0.5,2025-26,Regular Season
1628997,"Martin, Caleb",3,58,26,4-6 Feet - Open,0.213,9,40,0.225,0.25,0.133,7,25,0.28,0.08,2,15,0.133,2025-26,Regular Season
1628997,"Martin, Caleb",4,58,28,6+ Feet - Wide Open,0.271,21,51,0.412,0.569,0.074,5,14,0.357,0.197,16,37,0.432,2025-26,Regular Season
1642353,"Christie, Cam",2,51,8,2-4 Feet - Tight,0.061,1,8,0.125,0.125,0.045,1,6,0.167,0.015,0,2,0.0,2025-26,Regular Season
1642353,"Christie, Cam",3,51,22,4-6 Feet - Open,0.22,8,29,0.276,0.31,0.068,6,9,0.667,0.152,2,20,0.1,2025-26,Regular Season
1642353,"Christie, Cam",4,51,21,6+ Feet - Wide Open,0.212,10,28,0.357,0.536,0.008,0,1,0.0,0.205,10,27,0.37,2025-26,Regular Season
1642285,"Spencer, Cam",1,71,12,0-2 Feet - Very Tight,0.022,3,12,0.25,0.25,0.018,3,10,0.3,0.004,0,2,0.0,2025-26,Regular Season
1642285,"Spencer, Cam",2,71,46,2-4 Feet - Tight,0.169,40,93,0.43,0.538,0.084,20,46,0.435,0.085,20,47,0.426,2025-26,Regular Season
1642285,"Spencer, Cam",3,71,70,4-6 Feet - Open,0.407,95,224,0.424,0.538,0.144,44,79,0.557,0.264,51,145,0.352,2025-26,Regular Season
1642285,"Spencer, Cam",4,71,60,6+ Feet - Wide Open,0.264,81,145,0.559,0.81,0.029,8,16,0.5,0.235,73,129,0.566,2025-26,Regular Season
1630560,"Thomas, Cam",2,42,14,2-4 Feet - Tight,0.248,9,38,0.237,0.25,0.157,8,24,0.333,0.092,1,14,0.071,2025-26,Regular Season
1630560,"Thomas, Cam",3,42,16,4-6 Feet - Open,0.32,22,49,0.449,0.531,0.17,14,26,0.538,0.15,8,23,0.348,2025-26,Regular Season
1630560,"Thomas, Cam",4,42,10,6+ Feet - Wide Open,0.105,5,16,0.313,0.469,0.013,0,2,0.0,0.092,5,14,0.357,2025-26,Regular Season
1641715,"Whitmore, Cam",2,21,11,2-4 Feet - Tight,0.089,3,15,0.2,0.233,0.041,2,7,0.286,0.047,1,8,0.125,2025-26,Regular Season
1641715,"Whitmore, Cam",3,21,15,4-6 Feet - Open,0.225,11,38,0.289,0.408,0.024,2,4,0.5,0.201,9,34,0.265,2025-26,Regular Season
1641715,"Whitmore, Cam",4,21,14,6+ Feet - Wide Open,0.101,6,17,0.353,0.529,0.018,0,3,0.0,0.083,6,14,0.429,2025-26,Regular Season
1629661,"Johnson, Cameron",1,51,4,0-2 Feet - Very Tight,0.014,0,6,0.0,0.0,0.014,0,6,0.0,0.0,0,0,,2025-26,Regular Season
1629661,"Johnson, Cameron",2,51,20,2-4 Feet - Tight,0.052,7,23,0.304,0.304,0.048,7,21,0.333,0.005,0,2,0.0,2025-26,Regular Season
1629661,"Johnson, Cameron",3,51,47,4-6 Feet - Open,0.165,26,73,0.356,0.5,0.034,5,15,0.333,0.131,21,58,0.362,2025-26,Regular Season
1629661,"Johnson, Cameron",4,51,50,6+ Feet - Wide Open,0.434,87,192,0.453,0.667,0.027,5,12,0.417,0.407,82,180,0.456,2025-26,Regular Season
1626166,"Payne, Cameron",2,21,13,2-4 Feet - Tight,0.144,7,21,0.333,0.381,0.082,5,12,0.417,0.062,2,9,0.222,2025-26,Regular Season
1626166,"Payne, Cameron",3,21,18,4-6 Feet - Open,0.39,23,57,0.404,0.57,0.034,4,5,0.8,0.356,19,52,0.365,2025-26,Regular Season
1626166,"Payne, Cameron",4,21,16,6+ Feet - Wide Open,0.233,11,34,0.324,0.485,0.0,0,0,,0.233,11,34,0.324,2025-26,Regular Season
1627747,"LeVert, Caris",1,56,5,0-2 Feet - Very Tight,0.014,2,5,0.4,0.4,0.014,2,5,0.4,0.0,0,0,,2025-26,Regular Season
1627747,"LeVert, Caris",2,56,15,2-4 Feet - Tight,0.06,5,22,0.227,0.25,0.038,4,14,0.286,0.022,1,8,0.125,2025-26,Regular Season
1627747,"LeVert, Caris",3,56,48,4-6 Feet - Open,0.284,35,104,0.337,0.438,0.085,14,31,0.452,0.199,21,73,0.288,2025-26,Regular Season
1627747,"LeVert, Caris",4,56,47,6+ Feet - Wide Open,0.273,39,100,0.39,0.565,0.022,4,8,0.5,0.251,35,92,0.38,2025-26,Regular Season
1642868,"Bryant, Carter",2,66,5,2-4 Feet - Tight,0.021,1,5,0.2,0.3,0.013,0,3,0.0,0.009,1,2,0.5,2025-26,Regular Season
1642868,"Bryant, Carter",3,66,34,4-6 Feet - Open,0.219,17,51,0.333,0.471,0.034,3,8,0.375,0.185,14,43,0.326,2025-26,Regular Season
1642868,"Bryant, Carter",4,66,45,6+ Feet - Wide Open,0.395,28,92,0.304,0.451,0.009,1,2,0.5,0.386,27,90,0.3,2025-26,Regular Season
1641717,"Wallace, Cason",1,74,1,0-2 Feet - Very Tight,0.002,0,1,0.0,0.0,0.0,0,0,,0.002,0,1,0.0,2025-26,Regular Season
1641717,"Wallace, Cason",2,74,19,2-4 Feet - Tight,0.036,5,20,0.25,0.25,0.027,5,15,0.333,0.009,0,5,0.0,2025-26,Regular Season
1641717,"Wallace, Cason",3,74,57,4-6 Feet - Open,0.199,44,112,0.393,0.558,0.03,7,17,0.412,0.169,37,95,0.389,2025-26,Regular Season
1641717,"Wallace, Cason",4,74,67,6+ Feet - Wide Open,0.32,60,180,0.333,0.494,0.011,2,6,0.333,0.309,58,174,0.333,2025-26,Regular Season
1642907,"Coward, Cedric",1,60,4,0-2 Feet - Very Tight,0.007,1,4,0.25,0.25,0.005,1,3,0.333,0.002,0,1,0.0,2025-26,Regular Season
1642907,"Coward, Cedric",2,60,45,2-4 Feet - Tight,0.109,19,67,0.284,0.306,0.075,16,46,0.348,0.034,3,21,0.143,2025-26,Regular Season
1642907,"Coward, Cedric",3,60,52,4-6 Feet - Open,0.223,49,137,0.358,0.489,0.049,13,30,0.433,0.175,36,107,0.336,2025-26,Regular Season
1642907,"Coward, Cedric",4,60,54,6+ Feet - Wide Open,0.22,50,135,0.37,0.541,0.011,4,7,0.571,0.209,46,128,0.359,2025-26,Regular Season
1643052,"Johnson, Chaney",2,14,1,2-4 Feet - Tight,0.015,1,1,1.0,1.0,0.015,1,1,1.0,0.0,0,0,,2025-26,Regular Season
1643052,"Johnson, Chaney",3,14,5,4-6 Feet - Open,0.108,2,7,0.286,0.286,0.046,2,3,0.667,0.062,0,4,0.0,2025-26,Regular Season
1643052,"Johnson, Chaney",4,14,9,6+ Feet - Wide Open,0.323,7,21,0.333,0.5,0.0,0,0,,0.323,7,21,0.333,2025-26,Regular Season
1642404,"Lanier, Chaz",2,29,6,2-4 Feet - Tight,0.091,3,7,0.429,0.5,0.065,2,5,0.4,0.026,1,2,0.5,2025-26,Regular Season
1642404,"Lanier, Chaz",3,29,12,4-6 Feet - Open,0.221,6,17,0.353,0.412,0.104,4,8,0.5,0.117,2,9,0.222,2025-26,Regular Season
1642404,"Lanier, Chaz",4,29,21,6+ Feet - Wide Open,0.636,15,49,0.306,0.459,0.013,0,1,0.0,0.623,15,48,0.313,2025-26,Regular Season
1631096,"Holmgren, Chet",1,66,1,0-2 Feet - Very Tight,0.001,1,1,1.0,1.0,0.001,1,1,1.0,0.0,0,0,,2025-26,Regular Season
1631096,"Holmgren, Chet",2,66,45,2-4 Feet - Tight,0.093,27,69,0.391,0.42,0.067,23,50,0.46,0.026,4,19,0.211,2025-26,Regular Season
1631096,"Holmgren, Chet",3,66,61,4-6 Feet - Open,0.215,67,160,0.419,0.525,0.096,33,71,0.465,0.12,34,89,0.382,2025-26,Regular Season
1631096,"Holmgren, Chet",4,66,60,6+ Feet - Wide Open,0.18,48,134,0.358,0.511,0.016,7,12,0.583,0.164,41,122,0.336,2025-26,Regular Season
1629632,"White, Coby",1,47,2,0-2 Feet - Very Tight,0.01,1,2,0.5,0.5,0.005,1,1,1.0,0.005,0,1,0.0,2025-26,Regular Season
1629632,"White, Coby",2,47,12,2-4 Feet - Tight,0.077,4,15,0.267,0.333,0.036,2,7,0.286,0.041,2,8,0.25,2025-26,Regular Season
1629632,"White, Coby",3,47,17,4-6 Feet - Open,0.344,26,67,0.388,0.507,0.128,10,25,0.4,0.215,16,42,0.381,2025-26,Regular Season
1629632,"White, Coby",4,47,17,6+ Feet - Wide Open,0.236,19,46,0.413,0.587,0.015,3,3,1.0,0.221,16,43,0.372,2025-26,Regular Season
1628998,"Martin, Cody",2,4,1,2-4 Feet - Tight,0.1,0,1,0.0,0.0,0.1,0,1,0.0,0.0,0,0,,2025-26,Regular Season
1628998,"Martin, Cody",3,4,1,4-6 Feet - Open,0.1,0,1,0.0,0.0,0.0,0,0,,0.1,0,1,0.0,2025-26,Regular Season
1628998,"Martin, Cody",4,4,3,6+ Feet - Wide Open,0.4,0,4,0.0,0.0,0.0,0,0,,0.4,0,4,0.0,2025-26,Regular Season
1642262,"Williams, Cody",1,63,1,0-2 Feet - Very Tight,0.002,0,1,0.0,0.0,0.002,0,1,0.0,0.0,0,0,,2025-26,Regular Season
1642262,"Williams, Cody",2,63,13,2-4 Feet - Tight,0.055,12,24,0.5,0.521,0.051,11,22,0.5,0.005,1,2,0.5,2025-26,Regular Season
1642262,"Williams, Cody",3,63,31,4-6 Feet - Open,0.152,19,66,0.288,0.356,0.071,10,31,0.323,0.081,9,35,0.257,2025-26,Regular Season
1642262,"Williams, Cody",4,63,45,6+ Feet - Wide Open,0.205,24,89,0.27,0.36,0.028,8,12,0.667,0.177,16,77,0.208,2025-26,Regular Season
1641732,"Jones, Colby",4,1,1,6+ Feet - Wide Open,0.667,0,2,0.0,0.0,0.0,0,0,,0.667,0,2,0.0,2025-26,Regular Season
1630175,"Anthony, Cole",1,35,1,0-2 Feet - Very Tight,0.004,0,1,0.0,0.0,0.004,0,1,0.0,0.0,0,0,,2025-26,Regular Season
1630175,"Anthony, Cole",2,35,15,2-4 Feet - Tight,0.108,9,25,0.36,0.36,0.095,9,22,0.409,0.013,0,3,0.0,2025-26,Regular Season
1630175,"Anthony, Cole",3,35,27,4-6 Feet - Open,0.286,28,66,0.424,0.492,0.186,19,43,0.442,0.1,9,23,0.391,2025-26,Regular Season
1630175,"Anthony, Cole",4,35,24,6+ Feet - Wide Open,0.225,18,52,0.346,0.471,0.03,5,7,0.714,0.195,13,45,0.289,2025-26,Regular Season
1631221,"Gillespie, Collin",1,76,6,0-2 Feet - Very Tight,0.007,3,6,0.5,0.667,0.001,1,1,1.0,0.006,2,5,0.4,2025-26,Regular Season
1631221,"Gillespie, Collin",2,76,42,2-4 Feet - Tight,0.102,21,82,0.256,0.335,0.037,8,30,0.267,0.065,13,52,0.25,2025-26,Regular Season
1631221,"Gillespie, Collin",3,76,71,4-6 Feet - Open,0.338,124,271,0.458,0.605,0.105,44,84,0.524,0.233,80,187,0.428,2025-26,Regular Season
1631221,"Gillespie, Collin",4,76,73,6+ Feet - Wide Open,0.423,145,339,0.428,0.619,0.042,15,34,0.441,0.381,130,305,0.426,2025-26,Regular Season
1642867,"Murray-Boyles, Collin",2,53,5,2-4 Feet - Tight,0.016,2,5,0.4,0.5,0.013,1,4,0.25,0.003,1,1,1.0,2025-26,Regular Season
1642867,"Murray-Boyles, Collin",3,53,5,4-6 Feet - Open,0.019,1,6,0.167,0.167,0.013,1,4,0.25,0.006,0,2,0.0,2025-26,Regular Season
1642867,"Murray-Boyles, Collin",4,53,31,6+ Feet - Wide Open,0.19,19,59,0.322,0.458,0.039,3,12,0.25,0.152,16,47,0.34,2025-26,Regular Season
1629012,"Sexton, Collin",2,63,12,2-4 Feet - Tight,0.059,4,13,0.308,0.423,0.027,1,6,0.167,0.032,3,7,0.429,2025-26,Regular Season
1629012,"Sexton, Collin",3,63,19,4-6 Feet - Open,0.308,34,68,0.5,0.669,0.068,11,15,0.733,0.24,23,53,0.434,2025-26,Regular Season
1629012,"Sexton, Collin",4,63,18,6+ Feet - Wide Open,0.199,18,44,0.409,0.602,0.005,1,1,1.0,0.195,17,43,0.395,2025-26,Regular Season
1642843,"Flagg, Cooper",1,65,8,0-2 Feet - Very Tight,0.009,2,9,0.222,0.222,0.007,2,7,0.286,0.002,0,2,0.0,2025-26,Regular Season
1642843,"Flagg, Cooper",2,65,58,2-4 Feet - Tight,0.189,71,200,0.355,0.378,0.154,62,163,0.38,0.035,9,37,0.243,2025-26,Regular Season
1642843,"Flagg, Cooper",3,65,61,4-6 Feet - Open,0.166,63,175,0.36,0.426,0.096,40,101,0.396,0.07,23,74,0.311,2025-26,Regular Season
1642843,"Flagg, Cooper",4,65,58,6+ Feet - Wide Open,0.116,35,123,0.285,0.398,0.019,7,20,0.35,0.098,28,103,0.272,2025-26,Regular Season
1630557,"Kispert, Corey",1,55,1,0-2 Feet - Very Tight,0.004,1,1,1.0,1.5,0.0,0,0,,0.004,1,1,1.0,2025-26,Regular Season
1630557,"Kispert, Corey",2,55,18,2-4 Feet - Tight,0.099,11,25,0.44,0.64,0.024,1,6,0.167,0.075,10,19,0.526,2025-26,Regular Season
1630557,"Kispert, Corey",3,55,32,4-6 Feet - Open,0.241,17,61,0.279,0.393,0.016,3,4,0.75,0.225,14,57,0.246,2025-26,Regular Season
1630557,"Kispert, Corey",4,55,33,6+ Feet - Wide Open,0.265,22,67,0.328,0.493,0.0,0,0,,0.265,22,67,0.328,2025-26,Regular Season
1642504,"Ryan, Cormac",2,6,1,2-4 Feet - Tight,0.034,0,1,0.0,0.0,0.0,0,0,,0.034,0,1,0.0,2025-26,Regular Season
1642504,"Ryan, Cormac",3,6,4,4-6 Feet - Open,0.207,4,6,0.667,1.0,0.069,0,2,0.0,0.138,4,4,1.0,2025-26,Regular Season
1642504,"Ryan, Cormac",4,6,5,6+ Feet - Wide Open,0.448,4,13,0.308,0.462,0.0,0,0,,0.448,4,13,0.308,2025-26,Regular Season
1641854,"Porter Jr., Craig",2,60,11,2-4 Feet - Tight,0.063,6,15,0.4,0.433,0.046,5,11,0.455,0.017,1,4,0.25,2025-26,Regular Season
1641854,"Porter Jr., Craig",3,60,41,4-6 Feet - Open,0.247,20,59,0.339,0.432,0.1,9,24,0.375,0.146,11,35,0.314,2025-26,Regular Season
1641854,"Porter Jr., Craig",4,60,32,6+ Feet - Wide Open,0.218,21,52,0.404,0.577,0.017,3,4,0.75,0.201,18,48,0.375,2025-26,Regular Season
1642938,"Jones, Curtis",3,7,3,4-6 Feet - Open,0.286,0,4,0.0,0.0,0.0,0,0,,0.286,0,4,0.0,2025-26,Regular Season
1642938,"Jones, Curtis",4,7,4,6+ Feet - Wide Open,0.429,2,6,0.333,0.417,0.071,1,1,1.0,0.357,1,5,0.2,2025-26,Regular Season
1629610,"Jeffries, DaQuan",2,3,1,2-4 Feet - Tight,0.053,1,1,1.0,1.5,0.0,0,0,,0.053,1,1,1.0,2025-26,Regular Season
1629610,"Jeffries, DaQuan",3,3,2,4-6 Feet - Open,0.316,2,6,0.333,0.5,0.0,0,0,,0.316,2,6,0.333,2025-26,Regular Season
1629610,"Jeffries, DaQuan",4,3,2,6+ Feet - Wide Open,0.105,1,2,0.5,0.75,0.0,0,0,,0.105,1,2,0.5,2025-26,Regular Season
1641747,"Holmes II, DaRon",2,22,1,2-4 Feet - Tight,0.017,1,1,1.0,1.5,0.0,0,0,,0.017,1,1,1.0,2025-26,Regular Season
1641747,"Holmes II, DaRon",3,22,5,4-6 Feet - Open,0.103,2,6,0.333,0.5,0.0,0,0,,0.103,2,6,0.333,2025-26,Regular Season
1641747,"Holmes II, DaRon",4,22,15,6+ Feet - Wide Open,0.638,18,37,0.486,0.703,0.034,2,2,1.0,0.603,16,35,0.457,2025-26,Regular Season
1631342,"Plowden, Daeqwon",2,28,15,2-4 Feet - Tight,0.071,4,16,0.25,0.375,0.004,0,1,0.0,0.066,4,15,0.267,2025-26,Regular Season
1631342,"Plowden, Daeqwon",3,28,24,4-6 Feet - Open,0.389,31,88,0.352,0.511,0.013,3,3,1.0,0.376,28,85,0.329,2025-26,Regular Season
1631342,"Plowden, Daeqwon",4,28,21,6+ Feet - Wide Open,0.221,18,50,0.36,0.54,0.0,0,0,,0.221,18,50,0.36,2025-26,Regular Season
1631207,"Terry, Dalen",2,47,2,2-4 Feet - Tight,0.038,1,2,0.5,0.5,0.019,1,1,1.0,0.019,0,1,0.0,2025-26,Regular Season
1631207,"Terry, Dalen",3,47,9,4-6 Feet - Open,0.231,4,12,0.333,0.458,0.038,1,2,0.5,0.192,3,10,0.3,2025-26,Regular Season
1631207,"Terry, Dalen",4,47,7,6+ Feet - Wide Open,0.173,2,9,0.222,0.333,0.0,0,0,,0.173,2,9,0.222,2025-26,Regular Season
1642261,"Knecht, Dalton",1,50,2,0-2 Feet - Very Tight,0.012,1,2,0.5,0.5,0.012,1,2,0.5,0.0,0,0,,2025-26,Regular Season
1642261,"Knecht, Dalton",2,50,13,2-4 Feet - Tight,0.127,10,22,0.455,0.523,0.069,7,12,0.583,0.058,3,10,0.3,2025-26,Regular Season
1642261,"Knecht, Dalton",3,50,31,4-6 Feet - Open,0.387,22,67,0.328,0.44,0.069,7,12,0.583,0.318,15,55,0.273,2025-26,Regular Season
1642261,"Knecht, Dalton",4,50,23,6+ Feet - Wide Open,0.214,14,37,0.378,0.554,0.006,1,1,1.0,0.208,13,36,0.361,2025-26,Regular Season
1629655,"Gafford, Daniel",2,54,4,2-4 Feet - Tight,0.013,3,4,0.75,0.75,0.013,3,4,0.75,0.0,0,0,,2025-26,Regular Season
1629655,"Gafford, Daniel",3,54,3,4-6 Feet - Open,0.01,1,3,0.333,0.333,0.01,1,3,0.333,0.0,0,0,,2025-26,Regular Season
1629655,"Gafford, Daniel",4,54,2,6+ Feet - Wide Open,0.006,0,2,0.0,0.0,0.006,0,2,0.0,0.0,0,0,,2025-26,Regular Season
1642450,"Jenkins, Daniss",1,67,2,0-2 Feet - Very Tight,0.004,0,2,0.0,0.0,0.004,0,2,0.0,0.0,0,0,,2025-26,Regular Season
1642450,"Jenkins, Daniss",2,67,35,2-4 Feet - Tight,0.097,21,50,0.42,0.48,0.068,15,35,0.429,0.029,6,15,0.4,2025-26,Regular Season
1642450,"Jenkins, Daniss",3,67,49,4-6 Feet - Open,0.259,45,134,0.336,0.422,0.124,22,64,0.344,0.135,23,70,0.329,2025-26,Regular Season
1642450,"Jenkins, Daniss",4,67,49,6+ Feet - Wide Open,0.218,52,113,0.46,0.637,0.039,12,20,0.6,0.18,40,93,0.43,2025-26,Regular Season
1642874,"Wolf, Danny",2,57,12,2-4 Feet - Tight,0.027,4,12,0.333,0.417,0.014,2,6,0.333,0.014,2,6,0.333,2025-26,Regular Season
1642874,"Wolf, Danny",3,57,37,4-6 Feet - Open,0.141,14,62,0.226,0.315,0.03,3,13,0.231,0.111,11,49,0.224,2025-26,Regular Season
1642874,"Wolf, Danny",4,57,48,6+ Feet - Wide Open,0.359,55,158,0.348,0.522,0.005,0,2,0.0,0.355,55,156,0.353,2025-26,Regular Season
203967,"Saric, Dario",2,5,1,2-4 Feet - Tight,0.167,0,1,0.0,0.0,0.167,0,1,0.0,0.0,0,0,,2025-26,Regular Season
203967,"Saric, Dario",4,5,2,6+ Feet - Wide Open,0.5,1,3,0.333,0.5,0.0,0,0,,0.5,1,3,0.333,2025-26,Regular Season
1642468,"Brown, Darius",3,1,1,4-6 Feet - Open,1.0,0,1,0.0,0.0,1.0,0,1,0.0,0.0,0,0,,2025-26,Regular Season
1629636,"Garland, Darius",1,41,5,0-2 Feet - Very Tight,0.022,1,5,0.2,0.2,0.013,1,3,0.333,0.009,0,2,0.0,2025-26,Regular Season
1629636,"Garland, Darius",2,41,12,2-4 Feet - Tight,0.1,8,23,0.348,0.478,0.057,2,13,0.154,0.043,6,10,0.6,2025-26,Regular Season
1629636,"Garland, Darius",3,41,15,4-6 Feet - Open,0.278,29,64,0.453,0.617,0.074,8,17,0.471,0.204,21,47,0.447,2025-26,Regular Season
1629636,"Garland, Darius",4,41,15,6+ Feet - Wide Open,0.287,33,66,0.5,0.72,0.03,4,7,0.571,0.257,29,59,0.492,2025-26,Regular Season
1642357,"Jones Garcia, David",3,11,1,4-6 Feet - Open,0.08,0,2,0.0,0.0,0.04,0,1,0.0,0.04,0,1,0.0,2025-26,Regular Season
1642357,"Jones Garcia, David",4,11,2,6+ Feet - Wide Open,0.16,3,4,0.75,1.125,0.0,0,0,,0.16,3,4,0.75,2025-26,Regular Season
1631223,"Roddy, David",3,3,3,4-6 Feet - Open,0.6,0,3,0.0,0.0,0.0,0,0,,0.6,0,3,0.0,2025-26,Regular Season
1631223,"Roddy, David",4,3,1,6+ Feet - Wide Open,0.2,0,1,0.0,0.0,0.0,0,0,,0.2,0,1,0.0,2025-26,Regular Season
1630558,"Mitchell, Davion",2,66,6,2-4 Feet - Tight,0.012,4,6,0.667,0.75,0.01,3,5,0.6,0.002,1,1,1.0,2025-26,Regular Season
1630558,"Mitchell, Davion",3,66,49,4-6 Feet - Open,0.157,30,78,0.385,0.474,0.08,16,40,0.4,0.076,14,38,0.368,2025-26,Regular Season
1630558,"Mitchell, Davion",4,66,61,6+ Feet - Wide Open,0.376,77,187,0.412,0.599,0.024,7,12,0.583,0.352,70,175,0.4,2025-26,Regular Season
1630549,"Sharpe, Day'Ron",2,62,2,2-4 Feet - Tight,0.006,0,2,0.0,0.0,0.003,0,1,0.0,0.003,0,1,0.0,2025-26,Regular Season
1630549,"Sharpe, Day'Ron",3,62,7,4-6 Feet - Open,0.022,1,8,0.125,0.188,0.0,0,0,,0.022,1,8,0.125,2025-26,Regular Season
1630549,"Sharpe, Day'Ron",4,62,26,6+ Feet - Wide Open,0.09,8,32,0.25,0.375,0.006,0,2,0.0,0.084,8,30,0.267,2025-26,Regular Season
1628368,"Fox, De'Aaron",1,67,8,0-2 Feet - Very Tight,0.01,5,9,0.556,0.556,0.01,5,9,0.556,0.0,0,0,,2025-26,Regular Season
1628368,"Fox, De'Aaron",2,67,46,2-4 Feet - Tight,0.093,38,88,0.432,0.46,0.069,33,65,0.508,0.024,5,23,0.217,2025-26,Regular Season
1628368,"Fox, De'Aaron",3,67,66,4-6 Feet - Open,0.337,128,318,0.403,0.491,0.158,72,149,0.483,0.179,56,169,0.331,2025-26,Regular Season
1628368,"Fox, De'Aaron",4,67,63,6+ Feet - Wide Open,0.196,71,185,0.384,0.538,0.027,14,25,0.56,0.17,57,160,0.356,2025-26,Regular Season
1629631,"Hunter, De'Andre",2,45,2,2-4 Feet - Tight,0.316,0,6,0.0,0.0,0.263,0,5,0.0,0.053,0,1,0.0,2025-26,Regular Season
1629631,"Hunter, De'Andre",3,45,2,4-6 Feet - Open,0.421,2,8,0.25,0.313,0.053,1,1,1.0,0.368,1,7,0.143,2025-26,Regular Season
1629631,"Hunter, De'Andre",4,45,1,6+ Feet - Wide Open,0.105,2,2,1.0,1.25,0.053,1,1,1.0,0.053,1,1,1.0,2025-26,Regular Season
1629001,"Melton, De'Anthony",2,44,23,2-4 Feet - Tight,0.068,7,32,0.219,0.266,0.025,4,12,0.333,0.042,3,20,0.15,2025-26,Regular Season
1629001,"Melton, De'Anthony",3,44,40,4-6 Feet - Open,0.216,29,102,0.284,0.392,0.042,7,20,0.35,0.173,22,82,0.268,2025-26,Regular Season
1629001,"Melton, De'Anthony",4,44,42,6+ Feet - Wide Open,0.254,39,120,0.325,0.475,0.011,3,5,0.6,0.243,36,115,0.313,2025-26,Regular Season
1630610,"Jarreau, DeJon",2,11,3,2-4 Feet - Tight,0.036,1,3,0.333,0.333,0.036,1,3,0.333,0.0,0,0,,2025-26,Regular Season
1630610,"Jarreau, DeJon",3,11,8,4-6 Feet - Open,0.145,1,12,0.083,0.083,0.06,1,5,0.2,0.084,0,7,0.0,2025-26,Regular Season
1630610,"Jarreau, DeJon",4,11,9,6+ Feet - Wide Open,0.349,8,29,0.276,0.345,0.072,4,6,0.667,0.277,4,23,0.174,2025-26,Regular Season
201942,"DeRozan, DeMar",1,76,15,0-2 Feet - Very Tight,0.018,8,18,0.444,0.444,0.017,8,17,0.471,0.001,0,1,0.0,2025-26,Regular Season
201942,"DeRozan, DeMar",2,76,75,2-4 Feet - Tight,0.429,188,424,0.443,0.456,0.395,177,391,0.453,0.033,11,33,0.333,2025-26,Regular Season
201942,"DeRozan, DeMar",3,76,69,4-6 Feet - Open,0.238,104,235,0.443,0.487,0.167,83,165,0.503,0.071,21,70,0.3,2025-26,Regular Season
201942,"DeRozan, DeMar",4,76,40,6+ Feet - Wide Open,0.068,28,67,0.418,0.522,0.025,14,25,0.56,0.042,14,42,0.333,2025-26,Regular Season
1629731,"Wade, Dean",2,57,10,2-4 Feet - Tight,0.044,3,12,0.25,0.292,0.022,2,6,0.333,0.022,1,6,0.167,2025-26,Regular Season
1629731,"Wade, Dean",3,57,41,4-6 Feet - Open,0.267,24,73,0.329,0.486,0.007,1,2,0.5,0.26,23,71,0.324,2025-26,Regular Season
1629731,"Wade, Dean",4,57,48,6+ Feet - Wide Open,0.429,45,117,0.385,0.573,0.007,1,2,0.5,0.421,44,115,0.383,2025-26,Regular Season
1629028,"Ayton, Deandre",2,67,21,2-4 Feet - Tight,0.047,7,26,0.269,0.269,0.047,7,26,0.269,0.0,0,0,,2025-26,Regular Season
1629028,"Ayton, Deandre",3,67,34,4-6 Feet - Open,0.109,30,60,0.5,0.5,0.109,30,60,0.5,0.0,0,0,,2025-26,Regular Season
1629028,"Ayton, Deandre",4,67,9,6+ Feet - Wide Open,0.016,5,9,0.556,0.556,0.016,5,9,0.556,0.0,0,0,,2025-26,Regular Season
1627749,"Murray, Dejounte",1,14,1,0-2 Feet - Very Tight,0.005,1,1,1.0,1.5,0.0,0,0,,0.005,1,1,1.0,2025-26,Regular Season
1627749,"Murray, Dejounte",2,14,11,2-4 Feet - Tight,0.192,14,35,0.4,0.443,0.115,11,21,0.524,0.077,3,14,0.214,2025-26,Regular Season
1627749,"Murray, Dejounte",3,14,13,4-6 Feet - Open,0.335,27,61,0.443,0.508,0.154,19,28,0.679,0.181,8,33,0.242,2025-26,Regular Season
1627749,"Murray, Dejounte",4,14,10,6+ Feet - Wide Open,0.082,7,15,0.467,0.7,0.005,0,1,0.0,0.077,7,14,0.5,2025-26,Regular Season
1630166,"Avdija, Deni",1,62,6,0-2 Feet - Very Tight,0.006,2,6,0.333,0.333,0.006,2,6,0.333,0.0,0,0,,2025-26,Regular Season
1630166,"Avdija, Deni",2,62,36,2-4 Feet - Tight,0.057,22,56,0.393,0.42,0.043,19,42,0.452,0.014,3,14,0.214,2025-26,Regular Season
1630166,"Avdija, Deni",3,62,61,4-6 Feet - Open,0.201,59,199,0.296,0.397,0.039,19,39,0.487,0.162,40,160,0.25,2025-26,Regular Season
1630166,"Avdija, Deni",4,62,56,6+ Feet - Wide Open,0.204,78,202,0.386,0.569,0.008,4,8,0.5,0.196,74,194,0.381,2025-26,Regular Season
203471,"Schröder, Dennis",2,66,13,2-4 Feet - Tight,0.085,4,15,0.267,0.267,0.073,4,13,0.308,0.011,0,2,0.0,2025-26,Regular Season
203471,"Schröder, Dennis",3,66,23,4-6 Feet - Open,0.26,14,46,0.304,0.38,0.113,7,20,0.35,0.147,7,26,0.269,2025-26,Regular Season
203471,"Schröder, Dennis",4,66,21,6+ Feet - Wide Open,0.175,11,31,0.355,0.5,0.017,2,3,0.667,0.158,9,28,0.321,2025-26,Regular Season
1642852,"Queen, Derik",1,77,2,0-2 Feet - Very Tight,0.003,0,2,0.0,0.0,0.003,0,2,0.0,0.0,0,0,,2025-26,Regular Season
1642852,"Queen, Derik",2,77,31,2-4 Feet - Tight,0.051,7,35,0.2,0.2,0.045,7,31,0.226,0.006,0,4,0.0,2025-26,Regular Season
1642852,"Queen, Derik",3,77,51,4-6 Feet - Open,0.124,34,85,0.4,0.429,0.105,29,72,0.403,0.019,5,13,0.385,2025-26,Regular Season
1642852,"Queen, Derik",4,77,53,6+ Feet - Wide Open,0.151,32,103,0.311,0.393,0.057,15,39,0.385,0.094,17,64,0.266,2025-26,Regular Season
1627884,"Jones Jr., Derrick",1,45,1,0-2 Feet - Very Tight,0.003,0,1,0.0,0.0,0.003,0,1,0.0,0.0,0,0,,2025-26,Regular Season
1627884,"Jones Jr., Derrick",2,45,10,2-4 Feet - Tight,0.04,3,14,0.214,0.25,0.026,2,9,0.222,0.014,1,5,0.2,2025-26,Regular Season
1627884,"Jones Jr., Derrick",3,45,33,4-6 Feet - Open,0.173,25,60,0.417,0.608,0.017,2,6,0.333,0.156,23,54,0.426,2025-26,Regular Season
1627884,"Jones Jr., Derrick",4,45,37,6+ Feet - Wide Open,0.242,27,84,0.321,0.476,0.003,1,1,1.0,0.239,26,83,0.313,2025-26,Regular Season
1628401,"White, Derrick",1,73,12,0-2 Feet - Very Tight,0.012,3,13,0.231,0.269,0.009,2,10,0.2,0.003,1,3,0.333,2025-26,Regular Season
1628401,"White, Derrick",2,73,64,2-4 Feet - Tight,0.144,47,154,0.305,0.344,0.089,35,95,0.368,0.055,12,59,0.203,2025-26,Regular Season
1628401,"White, Derrick",3,73,71,4-6 Feet - Open,0.364,135,388,0.348,0.463,0.093,46,99,0.465,0.271,89,289,0.308,2025-26,Regular Season
1628401,"White, Derrick",4,73,72,6+ Feet - Wide Open,0.262,105,279,0.376,0.543,0.021,12,22,0.545,0.241,93,257,0.362,2025-26,Regular Season
1630217,"Bane, Desmond",1,77,9,0-2 Feet - Very Tight,0.008,5,9,0.556,0.556,0.007,5,8,0.625,0.001,0,1,0.0,2025-26,Regular Season
1630217,"Bane, Desmond",2,77,61,2-4 Feet - Tight,0.117,52,132,0.394,0.443,0.083,39,94,0.415,0.034,13,38,0.342,2025-26,Regular Season
1630217,"Bane, Desmond",3,77,72,4-6 Feet - Open,0.248,105,279,0.376,0.513,0.066,29,74,0.392,0.182,76,205,0.371,2025-26,Regular Season
1630217,"Bane, Desmond",4,77,69,6+ Feet - Wide Open,0.148,73,167,0.437,0.635,0.011,7,12,0.583,0.138,66,155,0.426,2025-26,Regular Season
1626164,"Booker, Devin",1,61,11,0-2 Feet - Very Tight,0.014,7,16,0.438,0.5,0.009,5,10,0.5,0.005,2,6,0.333,2025-26,Regular Season
1626164,"Booker, Devin",2,61,59,2-4 Feet - Tight,0.238,117,266,0.44,0.494,0.167,88,186,0.473,0.072,29,80,0.363,2025-26,Regular Season
1626164,"Booker, Devin",3,61,60,4-6 Feet - Open,0.346,153,387,0.395,0.464,0.193,100,216,0.463,0.153,53,171,0.31,2025-26,Regular Season
1626164,"Booker, Devin",4,61,50,6+ Feet - Wide Open,0.113,48,126,0.381,0.5,0.032,18,36,0.5,0.081,30,90,0.333,2025-26,Regular Season
1642269,"Carter, Devin",1,34,1,0-2 Feet - Very Tight,0.004,1,1,1.0,1.0,0.004,1,1,1.0,0.0,0,0,,2025-26,Regular Season
1642269,"Carter, Devin",2,34,11,2-4 Feet - Tight,0.056,2,13,0.154,0.154,0.043,2,10,0.2,0.013,0,3,0.0,2025-26,Regular Season
1642269,"Carter, Devin",3,34,22,4-6 Feet - Open,0.273,15,63,0.238,0.357,0.035,0,8,0.0,0.238,15,55,0.273,2025-26,Regular Season
1642269,"Carter, Devin",4,34,16,6+ Feet - Wide Open,0.139,7,32,0.219,0.328,0.004,0,1,0.0,0.134,7,31,0.226,2025-26,Regular Season
1630170,"Vassell, Devin",1,62,4,0-2 Feet - Very Tight,0.006,2,4,0.5,0.5,0.004,2,3,0.667,0.001,0,1,0.0,2025-26,Regular Season
1630170,"Vassell, Devin",2,62,56,2-4 Feet - Tight,0.253,71,175,0.406,0.486,0.134,43,93,0.462,0.118,28,82,0.341,2025-26,Regular Season
1630170,"Vassell, Devin",3,62,61,4-6 Feet - Open,0.425,122,294,0.415,0.541,0.13,48,90,0.533,0.295,74,204,0.363,2025-26,Regular Season
1630170,"Vassell, Devin",4,62,53,6+ Feet - Wide Open,0.189,62,131,0.473,0.676,0.03,9,21,0.429,0.159,53,110,0.482,2025-26,Regular Season
1628415,"Brooks, Dillon",1,52,2,0-2 Feet - Very Tight,0.002,0,2,0.0,0.0,0.002,0,2,0.0,0.0,0,0,,2025-26,Regular Season
1628415,"Brooks, Dillon",2,52,46,2-4 Feet - Tight,0.144,45,129,0.349,0.368,0.124,40,111,0.36,0.02,5,18,0.278,2025-26,Regular Season
1628415,"Brooks, Dillon",3,52,52,4-6 Feet - Open,0.404,169,362,0.467,0.544,0.233,113,209,0.541,0.171,56,153,0.366,2025-26,Regular Season
1628415,"Brooks, Dillon",4,52,49,6+ Feet - Wide Open,0.223,69,200,0.345,0.495,0.025,9,22,0.409,0.199,60,178,0.337,2025-26,Regular Season
1641794,"Jones, Dillon",2,6,1,2-4 Feet - Tight,0.167,0,1,0.0,0.0,0.167,0,1,0.0,0.0,0,0,,2025-26,Regular Season
1641794,"Jones, Dillon",3,6,4,4-6 Feet - Open,0.667,1,4,0.25,0.375,0.167,0,1,0.0,0.5,1,3,0.333,2025-26,Regular Season
1641794,"Jones, Dillon",4,6,1,6+ Feet - Wide Open,0.167,0,1,0.0,0.0,0.0,0,0,,0.167,0,1,0.0,2025-26,Regular Season
1627734,"Sabonis, Domantas",2,19,2,2-4 Feet - Tight,0.009,1,2,0.5,0.5,0.009,1,2,0.5,0.0,0,0,,2025-26,Regular Season
1627734,"Sabonis, Domantas",3,19,8,4-6 Feet - Open,0.045,6,10,0.6,0.65,0.036,5,8,0.625,0.009,1,2,0.5,2025-26,Regular Season
1627734,"Sabonis, Domantas",4,19,16,6+ Feet - Wide Open,0.149,9,33,0.273,0.333,0.036,5,8,0.625,0.113,4,25,0.16,2025-26,Regular Season
1631230,"Barlow, Dominick",2,66,6,2-4 Feet - Tight,0.019,1,7,0.143,0.143,0.016,1,6,0.167,0.003,0,1,0.0,2025-26,Regular Season
1631230,"Barlow, Dominick",3,66,28,4-6 Feet - Open,0.102,10,38,0.263,0.329,0.048,5,18,0.278,0.054,5,20,0.25,2025-26,Regular Season
1631230,"Barlow, Dominick",4,66,43,6+ Feet - Wide Open,0.172,17,64,0.266,0.391,0.019,1,7,0.143,0.153,16,57,0.281,2025-26,Regular Season
1642270,"Clingan, Donovan",2,73,3,2-4 Feet - Tight,0.005,0,3,0.0,0.0,0.002,0,1,0.0,0.003,0,2,0.0,2025-26,Regular Season
1642270,"Clingan, Donovan",3,73,38,4-6 Feet - Open,0.09,19,58,0.328,0.474,0.003,2,2,1.0,0.087,17,56,0.304,2025-26,Regular Season
1642270,"Clingan, Donovan",4,73,66,6+ Feet - Wide Open,0.268,59,172,0.343,0.509,0.006,2,4,0.5,0.262,57,168,0.339,2025-26,Regular Season
1628378,"Mitchell, Donovan",1,68,13,0-2 Feet - Very Tight,0.011,7,15,0.467,0.567,0.006,4,8,0.5,0.005,3,7,0.429,2025-26,Regular Season
1628378,"Mitchell, Donovan",2,68,63,2-4 Feet - Tight,0.14,77,190,0.405,0.466,0.078,54,106,0.509,0.062,23,84,0.274,2025-26,Regular Season
1628378,"Mitchell, Donovan",3,68,68,4-6 Feet - Open,0.354,171,480,0.356,0.475,0.094,57,128,0.445,0.259,114,352,0.324,2025-26,Regular Season
1628378,"Mitchell, Donovan",4,68,63,6+ Feet - Wide Open,0.136,94,184,0.511,0.731,0.016,13,22,0.591,0.119,81,162,0.5,2025-26,Regular Season
1628978,"DiVincenzo, Donte",1,77,7,0-2 Feet - Very Tight,0.009,5,7,0.714,1.0,0.003,1,2,0.5,0.006,4,5,0.8,2025-26,Regular Season
1628978,"DiVincenzo, Donte",2,77,52,2-4 Feet - Tight,0.095,19,74,0.257,0.365,0.017,3,13,0.231,0.078,16,61,0.262,2025-26,Regular Season
1628978,"DiVincenzo, Donte",3,77,73,4-6 Feet - Open,0.301,91,235,0.387,0.555,0.026,12,20,0.6,0.275,79,215,0.367,2025-26,Regular Season
1628978,"DiVincenzo, Donte",4,77,75,6+ Feet - Wide Open,0.407,127,318,0.399,0.599,0.001,0,1,0.0,0.406,127,317,0.401,2025-26,Regular Season
1627827,"Finney-Smith, Dorian",2,36,5,2-4 Feet - Tight,0.04,0,5,0.0,0.0,0.0,0,0,,0.04,0,5,0.0,2025-26,Regular Season
1627827,"Finney-Smith, Dorian",3,36,17,4-6 Feet - Open,0.153,3,19,0.158,0.237,0.0,0,0,,0.153,3,19,0.158,2025-26,Regular Season
1627827,"Finney-Smith, Dorian",4,36,31,6+ Feet - Wide Open,0.581,23,72,0.319,0.479,0.008,0,1,0.0,0.573,23,71,0.324,2025-26,Regular Season
203926,"McDermott, Doug",2,25,11,2-4 Feet - Tight,0.115,5,13,0.385,0.577,0.018,0,2,0.0,0.097,5,11,0.455,2025-26,Regular Season
203926,"McDermott, Doug",3,25,17,4-6 Feet - Open,0.389,20,44,0.455,0.67,0.009,1,1,1.0,0.381,19,43,0.442,2025-26,Regular Season
203926,"McDermott, Doug",4,25,22,6+ Feet - Wide Open,0.434,17,49,0.347,0.52,0.0,0,0,,0.434,17,49,0.347,2025-26,Regular Season
1642962,"Powell, Drake",1,59,2,0-2 Feet - Very Tight,0.006,1,2,0.5,0.5,0.003,1,1,1.0,0.003,0,1,0.0,2025-26,Regular Season
1642962,"Powell, Drake",2,59,26,2-4 Feet - Tight,0.117,13,37,0.351,0.378,0.073,11,23,0.478,0.044,2,14,0.143,2025-26,Regular Season
1642962,"Powell, Drake",3,59,45,4-6 Feet - Open,0.295,32,93,0.344,0.441,0.086,14,27,0.519,0.21,18,66,0.273,2025-26,Regular Season
1642962,"Powell, Drake",4,59,41,6+ Feet - Wide Open,0.279,30,88,0.341,0.506,0.013,1,4,0.25,0.267,29,84,0.345,2025-26,Regular Season
203110,"Green, Draymond",2,64,10,2-4 Feet - Tight,0.023,3,11,0.273,0.318,0.015,2,7,0.286,0.008,1,4,0.25,2025-26,Regular Season
203110,"Green, Draymond",3,64,40,4-6 Feet - Open,0.148,16,70,0.229,0.314,0.03,4,14,0.286,0.118,12,56,0.214,2025-26,Regular Season
203110,"Green, Draymond",4,64,59,6+ Feet - Wide Open,0.519,88,246,0.358,0.53,0.013,3,6,0.5,0.506,85,240,0.354,2025-26,Regular Season
1629234,"Eubanks, Drew",2,42,8,2-4 Feet - Tight,0.051,4,8,0.5,0.5,0.051,4,8,0.5,0.0,0,0,,2025-26,Regular Season
1629234,"Eubanks, Drew",3,42,13,4-6 Feet - Open,0.096,10,15,0.667,0.667,0.096,10,15,0.667,0.0,0,0,,2025-26,Regular Season
1629234,"Eubanks, Drew",4,42,12,6+ Feet - Wide Open,0.083,3,13,0.231,0.269,0.038,2,6,0.333,0.045,1,7,0.143,2025-26,Regular Season
1641809,"Peterson, Drew",3,6,5,4-6 Feet - Open,0.438,0,7,0.0,0.0,0.063,0,1,0.0,0.375,0,6,0.0,2025-26,Regular Season
1641809,"Peterson, Drew",4,6,5,6+ Feet - Wide Open,0.375,0,6,0.0,0.0,0.0,0,0,,0.375,0,6,0.0,2025-26,Regular Season
1631166,"Timme, Drew",2,23,3,2-4 Feet - Tight,0.059,1,3,0.333,0.333,0.059,1,3,0.333,0.0,0,0,,2025-26,Regular Season
1631166,"Timme, Drew",3,23,4,4-6 Feet - Open,0.118,4,6,0.667,0.833,0.059,2,3,0.667,0.059,2,3,0.667,2025-26,Regular Season
1631166,"Timme, Drew",4,23,12,6+ Feet - Wide Open,0.353,7,18,0.389,0.556,0.039,1,2,0.5,0.314,6,16,0.375,2025-26,Regular Season
1630696,"Smith, Dru",1,70,3,0-2 Feet - Very Tight,0.009,2,3,0.667,0.667,0.009,2,3,0.667,0.0,0,0,,2025-26,Regular Season
1630696,"Smith, Dru",2,70,12,2-4 Feet - Tight,0.044,8,14,0.571,0.571,0.041,8,13,0.615,0.003,0,1,0.0,2025-26,Regular Season
1630696,"Smith, Dru",3,70,27,4-6 Feet - Open,0.097,5,31,0.161,0.242,0.009,0,3,0.0,0.088,5,28,0.179,2025-26,Regular Season
1630696,"Smith, Dru",4,70,52,6+ Feet - Wide Open,0.309,34,99,0.343,0.51,0.006,1,2,0.5,0.303,33,97,0.34,2025-26,Regular Season
1629130,"Robinson, Duncan",1,73,8,0-2 Feet - Very Tight,0.012,0,8,0.0,0.0,0.0,0,0,,0.012,0,8,0.0,2025-26,Regular Season
1629130,"Robinson, Duncan",2,73,58,2-4 Feet - Tight,0.22,53,144,0.368,0.545,0.012,2,8,0.25,0.207,51,136,0.375,2025-26,Regular Season
1629130,"Robinson, Duncan",3,73,68,4-6 Feet - Open,0.309,80,203,0.394,0.571,0.015,8,10,0.8,0.294,72,193,0.373,2025-26,Regular Season
1629130,"Robinson, Duncan",4,73,63,6+ Feet - Wide Open,0.271,86,178,0.483,0.719,0.009,2,6,0.333,0.262,84,172,0.488,2025-26,Regular Season
1641871,"Reath, Duop",2,32,2,2-4 Feet - Tight,0.027,1,2,0.5,0.75,0.0,0,0,,0.027,1,2,0.5,2025-26,Regular Season
1641871,"Reath, Duop",3,32,9,4-6 Feet - Open,0.122,5,9,0.556,0.833,0.0,0,0,,0.122,5,9,0.556,2025-26,Regular Season
1641871,"Reath, Duop",4,32,20,6+ Feet - Wide Open,0.595,17,44,0.386,0.58,0.0,0,0,,0.595,17,44,0.386,2025-26,Regular Season
203939,"Powell, Dwight",3,58,1,4-6 Feet - Open,0.012,0,1,0.0,0.0,0.012,0,1,0.0,0.0,0,0,,2025-26,Regular Season
203939,"Powell, Dwight",4,58,4,6+ Feet - Wide Open,0.047,2,4,0.5,0.625,0.012,1,1,1.0,0.035,1,3,0.333,2025-26,Regular Season
1642928,"Cardwell, Dylan",2,40,2,2-4 Feet - Tight,0.013,0,2,0.0,0.0,0.013,0,2,0.0,0.0,0,0,,2025-26,Regular Season
1642928,"Cardwell, Dylan",3,40,6,4-6 Feet - Open,0.039,3,6,0.5,0.5,0.039,3,6,0.5,0.0,0,0,,2025-26,Regular Season
1642928,"Cardwell, Dylan",4,40,2,6+ Feet - Wide Open,0.013,0,2,0.0,0.0,0.006,0,1,0.0,0.006,0,1,0.0,2025-26,Regular Season
1642844,"Harper, Dylan",1,64,3,0-2 Feet - Very Tight,0.005,1,3,0.333,0.333,0.005,1,3,0.333,0.0,0,0,,2025-26,Regular Season
1642844,"Harper, Dylan",2,64,15,2-4 Feet - Tight,0.032,7,19,0.368,0.395,0.028,6,17,0.353,0.003,1,2,0.5,2025-26,Regular Season
1642844,"Harper, Dylan",3,64,44,4-6 Feet - Open,0.128,36,77,0.468,0.545,0.072,24,43,0.558,0.057,12,34,0.353,2025-26,Regular Season
1642844,"Harper, Dylan",4,64,54,6+ Feet - Wide Open,0.255,53,153,0.346,0.48,0.038,12,23,0.522,0.216,41,130,0.315,2025-26,Regular Season
1630700,"Daniels, Dyson",1,73,1,0-2 Feet - Very Tight,0.001,0,1,0.0,0.0,0.001,0,1,0.0,0.0,0,0,,2025-26,Regular Season
1630700,"Daniels, Dyson",2,73,15,2-4 Feet - Tight,0.024,9,18,0.5,0.5,0.024,9,18,0.5,0.0,0,0,,2025-26,Regular Season
1630700,"Daniels, Dyson",3,73,25,4-6 Feet - Open,0.042,17,31,0.548,0.565,0.034,16,25,0.64,0.008,1,6,0.167,2025-26,Regular Season
1630700,"Daniels, Dyson",4,73,57,6+ Feet - Wide Open,0.15,24,112,0.214,0.299,0.011,5,8,0.625,0.14,19,104,0.183,2025-26,Regular Season
1630604,"Liddell, E.J.",2,21,3,2-4 Feet - Tight,0.053,0,3,0.0,0.0,0.035,0,2,0.0,0.018,0,1,0.0,2025-26,Regular Season
1630604,"Liddell, E.J.",3,21,10,4-6 Feet - Open,0.193,3,11,0.273,0.409,0.018,0,1,0.0,0.175,3,10,0.3,2025-26,Regular Season
1630604,"Liddell, E.J.",4,21,12,6+ Feet - Wide Open,0.404,5,23,0.217,0.304,0.018,1,1,1.0,0.386,4,22,0.182,2025-26,Regular Season
1642856,"Dëmin, Egor",1,52,4,0-2 Feet - Very Tight,0.009,0,4,0.0,0.0,0.004,0,2,0.0,0.004,0,2,0.0,2025-26,Regular Season
1642856,"Dëmin, Egor",2,52,31,2-4 Feet - Tight,0.131,19,59,0.322,0.432,0.042,6,19,0.316,0.089,13,40,0.325,2025-26,Regular Season
1642856,"Dëmin, Egor",3,52,52,4-6 Feet - Open,0.405,67,182,0.368,0.544,0.029,3,13,0.231,0.376,64,169,0.379,2025-26,Regular Season
1642856,"Dëmin, Egor",4,52,48,6+ Feet - Wide Open,0.256,49,115,0.426,0.63,0.009,2,4,0.5,0.247,47,111,0.423,2025-26,Regular Season
1641989,"Harkless, Elijah",1,26,1,0-2 Feet - Very Tight,0.006,1,1,1.0,1.0,0.006,1,1,1.0,0.0,0,0,,2025-26,Regular Season
1641989,"Harkless, Elijah",2,26,8,2-4 Feet - Tight,0.05,1,8,0.125,0.188,0.019,0,3,0.0,0.031,1,5,0.2,2025-26,Regular Season
1641989,"Harkless, Elijah",3,26,17,4-6 Feet - Open,0.248,9,40,0.225,0.3,0.056,3,9,0.333,0.193,6,31,0.194,2025-26,Regular Season
1641989,"Harkless, Elijah",4,26,19,6+ Feet - Wide Open,0.335,15,54,0.278,0.407,0.012,1,2,0.5,0.323,14,52,0.269,2025-26,Regular Season
201569,"Gordon, Eric",3,6,2,4-6 Feet - Open,0.143,1,3,0.333,0.5,0.0,0,0,,0.143,1,3,0.333,2025-26,Regular Season
201569,"Gordon, Eric",4,6,4,6+ Feet - Wide Open,0.524,7,11,0.636,0.955,0.0,0,0,,0.524,7,11,0.636,2025-26,Regular Season
1630679,"Thompson, Ethan",1,27,1,0-2 Feet - Very Tight,0.007,0,1,0.0,0.0,0.007,0,1,0.0,0.0,0,0,,2025-26,Regular Season
1630679,"Thompson, Ethan",2,27,6,2-4 Feet - Tight,0.043,2,6,0.333,0.417,0.029,1,4,0.25,0.014,1,2,0.5,2025-26,Regular Season
1630679,"Thompson, Ethan",3,27,19,4-6 Feet - Open,0.371,14,52,0.269,0.385,0.05,2,7,0.286,0.321,12,45,0.267,2025-26,Regular Season
1630679,"Thompson, Ethan",4,27,17,6+ Feet - Wide Open,0.321,18,45,0.4,0.589,0.036,1,5,0.2,0.286,17,40,0.425,2025-26,Regular Season
1630596,"Mobley, Evan",2,62,31,2-4 Feet - Tight,0.062,19,51,0.373,0.382,0.051,18,42,0.429,0.011,1,9,0.111,2025-26,Regular Season
1630596,"Mobley, Evan",3,62,47,4-6 Feet - Open,0.151,40,124,0.323,0.448,0.026,9,21,0.429,0.125,31,103,0.301,2025-26,Regular Season
1630596,"Mobley, Evan",4,62,44,6+ Feet - Wide Open,0.118,30,97,0.309,0.459,0.006,1,5,0.2,0.112,29,92,0.315,2025-26,Regular Season
1630532,"Wagner, Franz",1,30,2,0-2 Feet - Very Tight,0.004,1,2,0.5,0.5,0.004,1,2,0.5,0.0,0,0,,2025-26,Regular Season
1630532,"Wagner, Franz",2,30,22,2-4 Feet - Tight,0.078,14,35,0.4,0.4,0.071,14,32,0.438,0.007,0,3,0.0,2025-26,Regular Season
1630532,"Wagner, Franz",3,30,28,4-6 Feet - Open,0.231,39,104,0.375,0.495,0.064,14,29,0.483,0.166,25,75,0.333,2025-26,Regular Season
1630532,"Wagner, Franz",4,30,26,6+ Feet - Wide Open,0.115,21,52,0.404,0.567,0.016,4,7,0.571,0.1,17,45,0.378,2025-26,Regular Season
1641713,"Jackson, GG",2,54,13,2-4 Feet - Tight,0.034,6,17,0.353,0.382,0.024,5,12,0.417,0.01,1,5,0.2,2025-26,Regular Season
1641713,"Jackson, GG",3,54,44,4-6 Feet - Open,0.172,27,87,0.31,0.431,0.03,6,15,0.4,0.143,21,72,0.292,2025-26,Regular Season
1641713,"Jackson, GG",4,54,42,6+ Feet - Wide Open,0.228,43,115,0.374,0.552,0.004,2,2,1.0,0.224,41,113,0.363,2025-26,Regular Season
1629216,"Vincent, Gabe",1,50,1,0-2 Feet - Very Tight,0.013,0,1,0.0,0.0,0.0,0,0,,0.013,0,1,0.0,2025-26,Regular Season
1629216,"Vincent, Gabe",2,50,7,2-4 Feet - Tight,0.101,3,8,0.375,0.5,0.013,1,1,1.0,0.089,2,7,0.286,2025-26,Regular Season
1629216,"Vincent, Gabe",3,50,18,4-6 Feet - Open,0.494,9,39,0.231,0.333,0.038,1,3,0.333,0.456,8,36,0.222,2025-26,Regular Season
1629216,"Vincent, Gabe",4,50,11,6+ Feet - Wide Open,0.241,7,19,0.368,0.553,0.0,0,0,,0.241,7,19,0.368,2025-26,Regular Season
202066,"Temple, Garrett",2,21,1,2-4 Feet - Tight,0.071,0,1,0.0,0.0,0.0,0,0,,0.071,0,1,0.0,2025-26,Regular Season
202066,"Temple, Garrett",3,21,5,4-6 Feet - Open,0.357,2,5,0.4,0.5,0.071,1,1,1.0,0.286,1,4,0.25,2025-26,Regular Season
202066,"Temple, Garrett",4,21,6,6+ Feet - Wide Open,0.429,1,6,0.167,0.25,0.0,0,0,,0.429,1,6,0.167,2025-26,Regular Season
1629726,"Mathews, Garrison",2,15,9,2-4 Feet - Tight,0.288,7,15,0.467,0.667,0.019,1,1,1.0,0.269,6,14,0.429,2025-26,Regular Season
1629726,"Mathews, Garrison",3,15,8,4-6 Feet - Open,0.308,6,16,0.375,0.563,0.0,0,0,,0.308,6,16,0.375,2025-26,Regular Season
1629726,"Mathews, Garrison",4,15,9,6+ Feet - Wide Open,0.308,5,16,0.313,0.469,0.0,0,0,,0.308,5,16,0.313,2025-26,Regular Season
203914,"Harris, Gary",2,46,7,2-4 Feet - Tight,0.084,3,8,0.375,0.563,0.021,0,2,0.0,0.063,3,6,0.5,2025-26,Regular Season
203914,"Harris, Gary",3,46,23,4-6 Feet - Open,0.316,11,30,0.367,0.517,0.053,2,5,0.4,0.263,9,25,0.36,2025-26,Regular Season
203914,"Harris, Gary",4,46,23,6+ Feet - Wide Open,0.358,15,34,0.441,0.662,0.011,0,1,0.0,0.347,15,33,0.455,2025-26,Regular Season
1627780,"Payton II, Gary",2,68,3,2-4 Feet - Tight,0.008,1,3,0.333,0.333,0.008,1,3,0.333,0.0,0,0,,2025-26,Regular Season
1627780,"Payton II, Gary",3,68,13,4-6 Feet - Open,0.042,2,16,0.125,0.188,0.003,0,1,0.0,0.039,2,15,0.133,2025-26,Regular Season
1627780,"Payton II, Gary",4,68,49,6+ Feet - Wide Open,0.278,35,107,0.327,0.491,0.0,0,0,,0.278,35,107,0.327,2025-26,Regular Season
1629018,"Trent Jr., Gary",1,64,4,0-2 Feet - Very Tight,0.009,2,4,0.5,0.5,0.007,2,3,0.667,0.002,0,1,0.0,2025-26,Regular Season
1629018,"Trent Jr., Gary",2,64,39,2-4 Feet - Tight,0.148,21,68,0.309,0.375,0.069,12,32,0.375,0.078,9,36,0.25,2025-26,Regular Season
1629018,"Trent Jr., Gary",3,64,59,4-6 Feet - Open,0.41,79,189,0.418,0.585,0.065,16,30,0.533,0.345,63,159,0.396,2025-26,Regular Season
1629018,"Trent Jr., Gary",4,64,54,6+ Feet - Wide Open,0.31,53,143,0.371,0.549,0.011,2,5,0.4,0.299,51,138,0.37,2025-26,Regular Season
203507,"Antetokounmpo, Giannis",2,36,9,2-4 Feet - Tight,0.015,1,9,0.111,0.111,0.013,1,8,0.125,0.002,0,1,0.0,2025-26,Regular Season
203507,"Antetokounmpo, Giannis",3,36,31,4-6 Feet - Open,0.144,23,86,0.267,0.279,0.124,21,74,0.284,0.02,2,12,0.167,2025-26,Regular Season
203507,"Antetokounmpo, Giannis",4,36,27,6+ Feet - Wide Open,0.074,17,44,0.386,0.534,0.02,4,12,0.333,0.054,13,32,0.406,2025-26,Regular Season
1629048,"Bitadze, Goga",3,59,6,4-6 Feet - Open,0.036,3,7,0.429,0.5,0.026,2,5,0.4,0.01,1,2,0.5,2025-26,Regular Season
1629048,"Bitadze, Goga",4,59,10,6+ Feet - Wide Open,0.052,1,10,0.1,0.15,0.005,0,1,0.0,0.047,1,9,0.111,2025-26,Regular Season
1641711,"Dick, Gradey",1,71,1,0-2 Feet - Very Tight,0.003,0,1,0.0,0.0,0.003,0,1,0.0,0.0,0,0,,2025-26,Regular Season
1641711,"Dick, Gradey",2,71,24,2-4 Feet - Tight,0.086,16,32,0.5,0.609,0.048,9,18,0.5,0.038,7,14,0.5,2025-26,Regular Season
1641711,"Dick, Gradey",3,71,53,4-6 Feet - Open,0.247,21,92,0.228,0.304,0.07,7,26,0.269,0.177,14,66,0.212,2025-26,Regular Season
1641711,"Dick, Gradey",4,71,56,6+ Feet - Wide Open,0.306,40,114,0.351,0.5,0.027,6,10,0.6,0.279,34,104,0.327,2025-26,Regular Season
1641761,"Nelson, Grant",4,4,1,6+ Feet - Wide Open,0.111,0,1,0.0,0.0,0.111,0,1,0.0,0.0,0,0,,2025-26,Regular Season
1629684,"Williams, Grant",2,32,9,2-4 Feet - Tight,0.08,3,13,0.231,0.231,0.037,3,6,0.5,0.043,0,7,0.0,2025-26,Regular Season
1629684,"Williams, Grant",3,32,25,4-6 Feet - Open,0.313,20,51,0.392,0.539,0.061,5,10,0.5,0.252,15,41,0.366,2025-26,Regular Season
1629684,"Williams, Grant",4,32,29,6+ Feet - Wide Open,0.454,33,74,0.446,0.649,0.025,3,4,0.75,0.429,30,70,0.429,2025-26,Regular Season
1628960,"Allen, Grayson",2,48,26,2-4 Feet - Tight,0.058,5,37,0.135,0.176,0.016,2,10,0.2,0.042,3,27,0.111,2025-26,Regular Season
1628960,"Allen, Grayson",3,48,48,4-6 Feet - Open,0.289,62,184,0.337,0.484,0.027,8,17,0.471,0.263,54,167,0.323,2025-26,Regular Season
1628960,"Allen, Grayson",4,48,46,6+ Feet - Wide Open,0.377,98,240,0.408,0.608,0.005,2,3,0.667,0.373,96,237,0.405,2025-26,Regular Season
1627824,"Yabusele, Guerschon",2,64,9,2-4 Feet - Tight,0.064,2,11,0.182,0.227,0.012,1,2,0.5,0.052,1,9,0.111,2025-26,Regular Season
1627824,"Yabusele, Guerschon",3,64,23,4-6 Feet - Open,0.308,19,53,0.358,0.538,0.029,0,5,0.0,0.279,19,48,0.396,2025-26,Regular Season
1627824,"Yabusele, Guerschon",4,64,18,6+ Feet - Wide Open,0.308,24,53,0.453,0.67,0.006,1,1,1.0,0.302,23,52,0.442,2025-26,Regular Season
1630611,"Santos, Gui",2,65,9,2-4 Feet - Tight,0.022,2,9,0.222,0.278,0.005,1,2,0.5,0.017,1,7,0.143,2025-26,Regular Season
1630611,"Santos, Gui",3,65,33,4-6 Feet - Open,0.158,20,66,0.303,0.455,0.002,0,1,0.0,0.156,20,65,0.308,2025-26,Regular Season
1630611,"Santos, Gui",4,65,53,6+ Feet - Wide Open,0.328,55,137,0.401,0.599,0.005,1,2,0.5,0.323,54,135,0.4,2025-26,Regular Season
203084,"Barnes, Harrison",2,72,21,2-4 Feet - Tight,0.048,9,26,0.346,0.462,0.022,3,12,0.25,0.026,6,14,0.429,2025-26,Regular Season
203084,"Barnes, Harrison",3,72,57,4-6 Feet - Open,0.237,47,129,0.364,0.527,0.033,5,18,0.278,0.204,42,111,0.378,2025-26,Regular Season
203084,"Barnes, Harrison",4,72,71,6+ Feet - Wide Open,0.398,85,217,0.392,0.588,0.0,0,0,,0.398,85,217,0.392,2025-26,Regular Season
1631127,"Ingram, Harrison",4,6,1,6+ Feet - Wide Open,0.167,1,1,1.0,1.5,0.0,0,0,,0.167,1,1,1.0,2025-26,Regular Season
1629312,"Highsmith, Haywood",2,6,2,2-4 Feet - Tight,0.1,0,2,0.0,0.0,0.05,0,1,0.0,0.05,0,1,0.0,2025-26,Regular Season
1629312,"Highsmith, Haywood",3,6,2,4-6 Feet - Open,0.2,3,4,0.75,1.0,0.05,1,1,1.0,0.15,2,3,0.667,2025-26,Regular Season
1629312,"Highsmith, Haywood",4,6,5,6+ Feet - Wide Open,0.45,6,9,0.667,1.0,0.0,0,0,,0.45,6,9,0.667,2025-26,Regular Season
1630529,"Jones, Herbert",1,55,2,0-2 Feet - Very Tight,0.004,0,2,0.0,0.0,0.0,0,0,,0.004,0,2,0.0,2025-26,Regular Season
1630529,"Jones, Herbert",2,55,16,2-4 Feet - Tight,0.038,3,18,0.167,0.194,0.023,2,11,0.182,0.015,1,7,0.143,2025-26,Regular Season
1630529,"Jones, Herbert",3,55,50,4-6 Feet - Open,0.213,33,101,0.327,0.446,0.044,9,21,0.429,0.169,24,80,0.3,2025-26,Regular Season
1630529,"Jones, Herbert",4,55,48,6+ Feet - Wide Open,0.378,58,179,0.324,0.475,0.025,4,12,0.333,0.352,54,167,0.323,2025-26,Regular Season
1642864,"González, Hugo",1,72,1,0-2 Feet - Very Tight,0.004,0,1,0.0,0.0,0.0,0,0,,0.004,0,1,0.0,2025-26,Regular Season
1642864,"González, Hugo",2,72,6,2-4 Feet - Tight,0.025,3,6,0.5,0.583,0.013,2,3,0.667,0.013,1,3,0.333,2025-26,Regular Season
1642864,"González, Hugo",3,72,20,4-6 Feet - Open,0.109,5,26,0.192,0.269,0.013,1,3,0.333,0.096,4,23,0.174,2025-26,Regular Season
1642864,"González, Hugo",4,72,47,6+ Feet - Wide Open,0.364,35,87,0.402,0.603,0.008,0,2,0.0,0.356,35,85,0.412,2025-26,Regular Season
1630621,"Dickinson, Hunter",3,1,1,4-6 Feet - Open,0.5,1,1,1.0,1.0,0.5,1,1,1.0,0.0,0,0,,2025-26,Regular Season
1630621,"Dickinson, Hunter",4,1,1,6+ Feet - Wide Open,0.5,0,1,0.0,0.0,0.5,0,1,0.0,0.0,0,0,,2025-26,Regular Season
1642282,"Sallis, Hunter",2,7,1,2-4 Feet - Tight,0.2,0,1,0.0,0.0,0.2,0,1,0.0,0.0,0,0,,2025-26,Regular Season
1641816,"Tyson, Hunter",2,21,5,2-4 Feet - Tight,0.096,2,5,0.4,0.6,0.019,0,1,0.0,0.077,2,4,0.5,2025-26,Regular Season
1641816,"Tyson, Hunter",3,21,11,4-6 Feet - Open,0.327,4,17,0.235,0.353,0.038,0,2,0.0,0.288,4,15,0.267,2025-26,Regular Season
1641816,"Tyson, Hunter",4,21,8,6+ Feet - Wide Open,0.288,2,15,0.133,0.167,0.019,1,1,1.0,0.269,1,14,0.071,2025-26,Regular Season
1630193,"Quickley, Immanuel",1,67,5,0-2 Feet - Very Tight,0.006,4,5,0.8,0.9,0.005,3,4,0.75,0.001,1,1,1.0,2025-26,Regular Season
1630193,"Quickley, Immanuel",2,67,50,2-4 Feet - Tight,0.116,43,102,0.422,0.446,0.094,38,82,0.463,0.023,5,20,0.25,2025-26,Regular Season
1630193,"Quickley, Immanuel",3,67,59,4-6 Feet - Open,0.2,74,175,0.423,0.537,0.084,34,74,0.459,0.115,40,101,0.396,2025-26,Regular Season
1630193,"Quickley, Immanuel",4,67,66,6+ Feet - Wide Open,0.424,140,371,0.377,0.547,0.037,14,32,0.438,0.387,126,339,0.372,2025-26,Regular Season
1642403,"Jones, Isaac",4,6,1,6+ Feet - Wide Open,0.25,0,1,0.0,0.0,0.0,0,0,,0.25,0,1,0.0,2025-26,Regular Season
1630171,"Okoro, Isaac",2,61,1,2-4 Feet - Tight,0.002,0,1,0.0,0.0,0.0,0,0,,0.002,0,1,0.0,2025-26,Regular Season
1630171,"Okoro, Isaac",3,61,18,4-6 Feet - Open,0.055,5,24,0.208,0.292,0.002,1,1,1.0,0.053,4,23,0.174,2025-26,Regular Season
1630171,"Okoro, Isaac",4,61,57,6+ Feet - Wide Open,0.431,68,187,0.364,0.545,0.0,0,0,,0.431,68,187,0.364,2025-26,Regular Season
1642268,"Collier, Isaiah",2,59,22,2-4 Feet - Tight,0.067,11,34,0.324,0.368,0.045,8,23,0.348,0.022,3,11,0.273,2025-26,Regular Season
1642268,"Collier, Isaiah",3,59,36,4-6 Feet - Open,0.133,21,68,0.309,0.324,0.088,19,45,0.422,0.045,2,23,0.087,2025-26,Regular Season
1642268,"Collier, Isaiah",4,59,42,6+ Feet - Wide Open,0.145,26,74,0.351,0.5,0.018,4,9,0.444,0.127,22,65,0.338,2025-26,Regular Season
1642384,"Crawford, Isaiah",2,13,1,2-4 Feet - Tight,0.056,0,1,0.0,0.0,0.056,0,1,0.0,0.0,0,0,,2025-26,Regular Season
1642384,"Crawford, Isaiah",3,13,2,4-6 Feet - Open,0.167,1,3,0.333,0.333,0.056,1,1,1.0,0.111,0,2,0.0,2025-26,Regular Season
1642384,"Crawford, Isaiah",4,13,6,6+ Feet - Wide Open,0.444,2,8,0.25,0.375,0.0,0,0,,0.444,2,8,0.25,2025-26,Regular Season
1628392,"Hartenstein, Isaiah",2,44,10,2-4 Feet - Tight,0.042,3,12,0.25,0.25,0.039,3,11,0.273,0.004,0,1,0.0,2025-26,Regular Season
1628392,"Hartenstein, Isaiah",3,44,26,4-6 Feet - Open,0.126,19,36,0.528,0.528,0.123,19,35,0.543,0.004,0,1,0.0,2025-26,Regular Season
1628392,"Hartenstein, Isaiah",4,44,11,6+ Feet - Wide Open,0.049,6,14,0.429,0.429,0.032,6,9,0.667,0.018,0,5,0.0,2025-26,Regular Season
1630543,"Jackson, Isaiah",3,55,2,4-6 Feet - Open,0.028,0,2,0.0,0.0,0.028,0,2,0.0,0.0,0,0,,2025-26,Regular Season
1630543,"Jackson, Isaiah",4,55,1,6+ Feet - Wide Open,0.028,0,2,0.0,0.0,0.0,0,0,,0.028,0,2,0.0,2025-26,Regular Season
1630198,"Joe, Isaiah",1,68,2,0-2 Feet - Very Tight,0.004,1,2,0.5,0.5,0.002,1,1,1.0,0.002,0,1,0.0,2025-26,Regular Season
1630198,"Joe, Isaiah",2,68,32,2-4 Feet - Tight,0.085,17,44,0.386,0.5,0.023,7,12,0.583,0.062,10,32,0.313,2025-26,Regular Season
1630198,"Joe, Isaiah",3,68,65,4-6 Feet - Open,0.396,80,206,0.388,0.551,0.052,13,27,0.481,0.344,67,179,0.374,2025-26,Regular Season
1630198,"Joe, Isaiah",4,68,60,6+ Feet - Wide Open,0.39,96,203,0.473,0.7,0.013,4,7,0.571,0.377,92,196,0.469,2025-26,Regular Season
1630587,"Livers, Isaiah",2,36,4,2-4 Feet - Tight,0.063,1,4,0.25,0.375,0.031,0,2,0.0,0.031,1,2,0.5,2025-26,Regular Season
1630587,"Livers, Isaiah",3,36,9,4-6 Feet - Open,0.172,2,11,0.182,0.227,0.031,1,2,0.5,0.141,1,9,0.111,2025-26,Regular Season
1630587,"Livers, Isaiah",4,36,18,6+ Feet - Wide Open,0.469,10,30,0.333,0.5,0.016,0,1,0.0,0.453,10,29,0.345,2025-26,Regular Season
1641815,"Stevens, Isaiah",2,3,1,2-4 Feet - Tight,0.143,0,1,0.0,0.0,0.143,0,1,0.0,0.0,0,0,,2025-26,Regular Season
1641815,"Stevens, Isaiah",3,3,1,4-6 Feet - Open,0.143,0,1,0.0,0.0,0.0,0,0,,0.143,0,1,0.0,2025-26,Regular Season
1641815,"Stevens, Isaiah",4,3,1,6+ Feet - Wide Open,0.143,0,1,0.0,0.0,0.143,0,1,0.0,0.0,0,0,,2025-26,Regular Season
1630191,"Stewart, Isaiah",2,55,2,2-4 Feet - Tight,0.005,0,2,0.0,0.0,0.0,0,0,,0.005,0,2,0.0,2025-26,Regular Season
1630191,"Stewart, Isaiah",3,55,13,4-6 Feet - Open,0.037,2,14,0.143,0.214,0.003,0,1,0.0,0.034,2,13,0.154,2025-26,Regular Season
1630191,"Stewart, Isaiah",4,55,44,6+ Feet - Wide Open,0.267,36,101,0.356,0.525,0.011,2,4,0.5,0.257,34,97,0.351,2025-26,Regular Season
1627826,"Zubac, Ivica",2,48,1,2-4 Feet - Tight,0.019,0,1,0.0,0.0,0.019,0,1,0.0,0.0,0,0,,2025-26,Regular Season
1627826,"Zubac, Ivica",3,48,3,4-6 Feet - Open,0.094,4,5,0.8,0.8,0.094,4,5,0.8,0.0,0,0,,2025-26,Regular Season
1631120,"Davison, JD",2,27,4,2-4 Feet - Tight,0.073,1,4,0.25,0.25,0.073,1,4,0.25,0.0,0,0,,2025-26,Regular Season
1631120,"Davison, JD",3,27,7,4-6 Feet - Open,0.218,4,12,0.333,0.375,0.109,3,6,0.5,0.109,1,6,0.167,2025-26,Regular Season
1631120,"Davison, JD",4,27,16,6+ Feet - Wide Open,0.455,9,25,0.36,0.5,0.055,2,3,0.667,0.4,7,22,0.318,2025-26,Regular Season
1629630,"Morant, Ja",1,20,1,0-2 Feet - Very Tight,0.003,0,1,0.0,0.0,0.003,0,1,0.0,0.0,0,0,,2025-26,Regular Season
1629630,"Morant, Ja",2,20,12,2-4 Feet - Tight,0.084,11,27,0.407,0.407,0.081,11,26,0.423,0.003,0,1,0.0,2025-26,Regular Season
1629630,"Morant, Ja",3,20,20,4-6 Feet - Open,0.264,25,85,0.294,0.324,0.155,20,50,0.4,0.109,5,35,0.143,2025-26,Regular Season
1629630,"Morant, Ja",4,20,18,6+ Feet - Wide Open,0.196,20,63,0.317,0.437,0.043,5,14,0.357,0.152,15,49,0.306,2025-26,Regular Season
1642266,"Walter, Ja'Kobe",1,67,1,0-2 Feet - Very Tight,0.003,0,1,0.0,0.0,0.003,0,1,0.0,0.0,0,0,,2025-26,Regular Season
1642266,"Walter, Ja'Kobe",2,67,7,2-4 Feet - Tight,0.022,2,8,0.25,0.375,0.011,0,4,0.0,0.011,2,4,0.5,2025-26,Regular Season
1642266,"Walter, Ja'Kobe",3,67,46,4-6 Feet - Open,0.251,33,92,0.359,0.522,0.014,3,5,0.6,0.238,30,87,0.345,2025-26,Regular Season
1642266,"Walter, Ja'Kobe",4,67,61,6+ Feet - Wide Open,0.41,63,150,0.42,0.627,0.008,1,3,0.333,0.402,62,147,0.422,2025-26,Regular Season
1631095,"Smith Jr., Jabari",1,73,4,0-2 Feet - Very Tight,0.005,3,5,0.6,0.7,0.004,2,4,0.5,0.001,1,1,1.0,2025-26,Regular Season
1631095,"Smith Jr., Jabari",2,73,64,2-4 Feet - Tight,0.203,82,185,0.443,0.503,0.136,60,124,0.484,0.067,22,61,0.361,2025-26,Regular Season
1631095,"Smith Jr., Jabari",3,73,71,4-6 Feet - Open,0.338,114,308,0.37,0.498,0.093,35,85,0.412,0.245,79,223,0.354,2025-26,Regular Season
1631095,"Smith Jr., Jabari",4,73,64,6+ Feet - Wide Open,0.199,69,181,0.381,0.552,0.014,7,13,0.538,0.185,62,168,0.369,2025-26,Regular Season
1631133,"Walker, Jabari",2,61,8,2-4 Feet - Tight,0.048,1,10,0.1,0.15,0.01,0,2,0.0,0.038,1,8,0.125,2025-26,Regular Season
1631133,"Walker, Jabari",3,61,21,4-6 Feet - Open,0.138,10,29,0.345,0.5,0.01,1,2,0.5,0.129,9,27,0.333,2025-26,Regular Season
1631133,"Walker, Jabari",4,61,32,6+ Feet - Wide Open,0.286,21,60,0.35,0.525,0.005,0,1,0.0,0.281,21,59,0.356,2025-26,Regular Season
1631210,"Toppin, Jacob",3,5,1,4-6 Feet - Open,0.333,1,2,0.5,0.5,0.333,1,2,0.5,0.0,0,0,,2025-26,Regular Season
1630702,"Hardy, Jaden",1,55,1,0-2 Feet - Very Tight,0.005,1,1,1.0,1.0,0.005,1,1,1.0,0.0,0,0,,2025-26,Regular Season
1630702,"Hardy, Jaden",2,55,11,2-4 Feet - Tight,0.068,6,14,0.429,0.571,0.034,2,7,0.286,0.034,4,7,0.571,2025-26,Regular Season
1630702,"Hardy, Jaden",3,55,19,4-6 Feet - Open,0.422,39,87,0.448,0.609,0.087,11,18,0.611,0.335,28,69,0.406,2025-26,Regular Season
1630702,"Hardy, Jaden",4,55,19,6+ Feet - Wide Open,0.228,20,47,0.426,0.617,0.015,2,3,0.667,0.214,18,44,0.409,2025-26,Regular Season
1631093,"Ivey, Jaden",1,37,1,0-2 Feet - Very Tight,0.028,0,1,0.0,0.0,0.028,0,1,0.0,0.0,0,0,,2025-26,Regular Season
1631093,"Ivey, Jaden",2,37,1,2-4 Feet - Tight,0.028,0,1,0.0,0.0,0.0,0,0,,0.028,0,1,0.0,2025-26,Regular Season
1631093,"Ivey, Jaden",3,37,4,4-6 Feet - Open,0.25,3,9,0.333,0.389,0.111,2,4,0.5,0.139,1,5,0.2,2025-26,Regular Season
1631093,"Ivey, Jaden",4,37,4,6+ Feet - Wide Open,0.417,7,15,0.467,0.7,0.0,0,0,,0.417,7,15,0.467,2025-26,Regular Season
1630183,"McDaniels, Jaden",1,71,3,0-2 Feet - Very Tight,0.004,1,3,0.333,0.333,0.004,1,3,0.333,0.0,0,0,,2025-26,Regular Season
1630183,"McDaniels, Jaden",2,71,42,2-4 Feet - Tight,0.092,34,70,0.486,0.5,0.082,32,63,0.508,0.009,2,7,0.286,2025-26,Regular Season
1630183,"McDaniels, Jaden",3,71,63,4-6 Feet - Open,0.217,70,166,0.422,0.503,0.122,43,93,0.462,0.095,27,73,0.37,2025-26,Regular Season
1630183,"McDaniels, Jaden",4,71,61,6+ Feet - Wide Open,0.238,84,182,0.462,0.659,0.031,12,24,0.5,0.207,72,158,0.456,2025-26,Regular Season
1630256,"Tate, Jae'Sean",2,42,2,2-4 Feet - Tight,0.021,0,2,0.0,0.0,0.01,0,1,0.0,0.01,0,1,0.0,2025-26,Regular Season
1630256,"Tate, Jae'Sean",3,42,4,4-6 Feet - Open,0.063,2,6,0.333,0.417,0.031,1,3,0.333,0.031,1,3,0.333,2025-26,Regular Season
1630256,"Tate, Jae'Sean",4,42,17,6+ Feet - Wide Open,0.271,8,26,0.308,0.462,0.0,0,0,,0.271,8,26,0.308,2025-26,Regular Season
1642942,"Mashack, Jahmai",2,28,9,2-4 Feet - Tight,0.057,1,9,0.111,0.111,0.038,1,6,0.167,0.019,0,3,0.0,2025-26,Regular Season
1642942,"Mashack, Jahmai",3,28,13,4-6 Feet - Open,0.089,2,14,0.143,0.179,0.025,1,4,0.25,0.063,1,10,0.1,2025-26,Regular Season
1642942,"Mashack, Jahmai",4,28,20,6+ Feet - Wide Open,0.304,15,48,0.313,0.469,0.006,0,1,0.0,0.297,15,47,0.319,2025-26,Regular Season
1642443,"Young, Jahmir",1,11,1,0-2 Feet - Very Tight,0.045,0,1,0.0,0.0,0.045,0,1,0.0,0.0,0,0,,2025-26,Regular Season
1642443,"Young, Jahmir",2,11,1,2-4 Feet - Tight,0.045,0,1,0.0,0.0,0.045,0,1,0.0,0.0,0,0,,2025-26,Regular Season
1642443,"Young, Jahmir",3,11,2,4-6 Feet - Open,0.091,1,2,0.5,0.75,0.0,0,0,,0.091,1,2,0.5,2025-26,Regular Season
1642443,"Young, Jahmir",4,11,7,6+ Feet - Wide Open,0.318,1,7,0.143,0.214,0.045,0,1,0.0,0.273,1,6,0.167,2025-26,Regular Season
1643141,"Telfort, Jahmyl",3,8,3,4-6 Feet - Open,0.75,0,3,0.0,0.0,0.0,0,0,,0.75,0,3,0.0,2025-26,Regular Season
1643141,"Telfort, Jahmyl",4,8,1,6+ Feet - Wide Open,0.25,0,1,0.0,0.0,0.0,0,0,,0.25,0,1,0.0,2025-26,Regular Season
1631170,"Jaquez Jr., Jaime",1,71,2,0-2 Feet - Very Tight,0.002,1,2,0.5,0.5,0.002,1,2,0.5,0.0,0,0,,2025-26,Regular Season
1631170,"Jaquez Jr., Jaime",2,71,32,2-4 Feet - Tight,0.056,13,47,0.277,0.277,0.051,13,43,0.302,0.005,0,4,0.0,2025-26,Regular Season
1631170,"Jaquez Jr., Jaime",3,71,59,4-6 Feet - Open,0.126,39,106,0.368,0.42,0.075,28,63,0.444,0.051,11,43,0.256,2025-26,Regular Season
1631170,"Jaquez Jr., Jaime",4,71,55,6+ Feet - Wide Open,0.152,44,128,0.344,0.496,0.012,5,10,0.5,0.14,39,118,0.331,2025-26,Regular Season
1631222,"LaRavia, Jake",1,77,3,0-2 Feet - Very Tight,0.006,1,3,0.333,0.333,0.004,1,2,0.5,0.002,0,1,0.0,2025-26,Regular Season
1631222,"LaRavia, Jake",2,77,11,2-4 Feet - Tight,0.024,3,12,0.25,0.375,0.006,0,3,0.0,0.018,3,9,0.333,2025-26,Regular Season
1631222,"LaRavia, Jake",3,77,38,4-6 Feet - Open,0.113,20,56,0.357,0.482,0.036,6,18,0.333,0.077,14,38,0.368,2025-26,Regular Season
1631222,"LaRavia, Jake",4,77,61,6+ Feet - Wide Open,0.37,57,183,0.311,0.464,0.006,1,3,0.333,0.364,56,180,0.311,2025-26,Regular Season
1627751,"Poeltl, Jakob",2,41,4,2-4 Feet - Tight,0.015,1,4,0.25,0.25,0.015,1,4,0.25,0.0,0,0,,2025-26,Regular Season
1627751,"Poeltl, Jakob",3,41,18,4-6 Feet - Open,0.089,11,24,0.458,0.458,0.089,11,24,0.458,0.0,0,0,,2025-26,Regular Season
1627751,"Poeltl, Jakob",4,41,10,6+ Feet - Wide Open,0.044,6,12,0.5,0.5,0.044,6,12,0.5,0.0,0,0,,2025-26,Regular Season
1628973,"Brunson, Jalen",1,71,22,0-2 Feet - Very Tight,0.019,11,27,0.407,0.426,0.017,10,24,0.417,0.002,1,3,0.333,2025-26,Regular Season
1628973,"Brunson, Jalen",2,71,69,2-4 Feet - Tight,0.213,130,301,0.432,0.493,0.144,93,203,0.458,0.069,37,98,0.378,2025-26,Regular Season
1628973,"Brunson, Jalen",3,71,71,4-6 Feet - Open,0.37,226,522,0.433,0.533,0.166,122,234,0.521,0.204,104,288,0.361,2025-26,Regular Season
1628973,"Brunson, Jalen",4,71,64,6+ Feet - Wide Open,0.102,64,144,0.444,0.604,0.018,18,25,0.72,0.084,46,119,0.387,2025-26,Regular Season
1631105,"Duren, Jalen",2,66,13,2-4 Feet - Tight,0.018,7,14,0.5,0.5,0.018,7,14,0.5,0.0,0,0,,2025-26,Regular Season
1631105,"Duren, Jalen",3,66,15,4-6 Feet - Open,0.025,7,19,0.368,0.368,0.025,7,19,0.368,0.0,0,0,,2025-26,Regular Season
1631105,"Duren, Jalen",4,66,11,6+ Feet - Wide Open,0.017,5,13,0.385,0.385,0.017,5,13,0.385,0.0,0,0,,2025-26,Regular Season
1630224,"Green, Jalen",1,29,3,0-2 Feet - Very Tight,0.006,1,3,0.333,0.333,0.002,1,1,1.0,0.004,0,2,0.0,2025-26,Regular Season
1630224,"Green, Jalen",2,29,20,2-4 Feet - Tight,0.08,13,37,0.351,0.419,0.037,8,17,0.471,0.043,5,20,0.25,2025-26,Regular Season
1630224,"Green, Jalen",3,29,27,4-6 Feet - Open,0.387,67,179,0.374,0.472,0.143,32,66,0.485,0.245,35,113,0.31,2025-26,Regular Season
1630224,"Green, Jalen",4,29,26,6+ Feet - Wide Open,0.184,34,85,0.4,0.565,0.024,6,11,0.545,0.16,28,74,0.378,2025-26,Regular Season
1630552,"Johnson, Jalen",1,69,5,0-2 Feet - Very Tight,0.004,0,5,0.0,0.0,0.004,0,5,0.0,0.0,0,0,,2025-26,Regular Season
1630552,"Johnson, Jalen",2,69,48,2-4 Feet - Tight,0.075,34,89,0.382,0.399,0.062,31,73,0.425,0.014,3,16,0.188,2025-26,Regular Season
1630552,"Johnson, Jalen",3,69,67,4-6 Feet - Open,0.247,114,292,0.39,0.469,0.13,68,154,0.442,0.117,46,138,0.333,2025-26,Regular Season
1630552,"Johnson, Jalen",4,69,65,6+ Feet - Wide Open,0.168,81,198,0.409,0.576,0.02,15,24,0.625,0.147,66,174,0.379,2025-26,Regular Season
1629618,"Pickett, Jalen",2,47,10,2-4 Feet - Tight,0.083,7,17,0.412,0.471,0.049,5,10,0.5,0.034,2,7,0.286,2025-26,Regular Season
1629618,"Pickett, Jalen",3,47,27,4-6 Feet - Open,0.268,21,55,0.382,0.509,0.102,7,21,0.333,0.166,14,34,0.412,2025-26,Regular Season
1629618,"Pickett, Jalen",4,47,32,6+ Feet - Wide Open,0.415,31,85,0.365,0.529,0.059,3,12,0.25,0.356,28,73,0.384,2025-26,Regular Season
1641771,"Slawson, Jalen",1,8,1,0-2 Feet - Very Tight,0.023,0,1,0.0,0.0,0.023,0,1,0.0,0.0,0,0,,2025-26,Regular Season
1641771,"Slawson, Jalen",2,8,1,2-4 Feet - Tight,0.023,1,1,1.0,1.5,0.0,0,0,,0.023,1,1,1.0,2025-26,Regular Season
1641771,"Slawson, Jalen",3,8,6,4-6 Feet - Open,0.256,3,11,0.273,0.364,0.023,1,1,1.0,0.233,2,10,0.2,2025-26,Regular Season
1641771,"Slawson, Jalen",4,8,6,6+ Feet - Wide Open,0.326,5,14,0.357,0.536,0.023,0,1,0.0,0.302,5,13,0.385,2025-26,Regular Season
1630188,"Smith, Jalen",2,53,9,2-4 Feet - Tight,0.022,3,9,0.333,0.444,0.002,1,1,1.0,0.02,2,8,0.25,2025-26,Regular Season
1630188,"Smith, Jalen",3,53,41,4-6 Feet - Open,0.168,22,68,0.324,0.478,0.007,1,3,0.333,0.161,21,65,0.323,2025-26,Regular Season
1630188,"Smith, Jalen",4,53,49,6+ Feet - Wide Open,0.384,61,155,0.394,0.584,0.02,2,8,0.25,0.364,59,147,0.401,2025-26,Regular Season
1630591,"Suggs, Jalen",1,52,3,0-2 Feet - Very Tight,0.005,2,3,0.667,0.833,0.003,1,2,0.5,0.002,1,1,1.0,2025-26,Regular Season
1630591,"Suggs, Jalen",2,52,36,2-4 Feet - Tight,0.096,20,56,0.357,0.42,0.055,13,32,0.406,0.041,7,24,0.292,2025-26,Regular Season
1630591,"Suggs, Jalen",3,52,48,4-6 Feet - Open,0.272,53,159,0.333,0.425,0.096,24,56,0.429,0.176,29,103,0.282,2025-26,Regular Season
1630591,"Suggs, Jalen",4,52,51,6+ Feet - Wide Open,0.354,75,207,0.362,0.522,0.034,9,20,0.45,0.32,66,187,0.353,2025-26,Regular Season
1631114,"Williams, Jalen",1,31,1,0-2 Feet - Very Tight,0.002,0,1,0.0,0.0,0.002,0,1,0.0,0.0,0,0,,2025-26,Regular Season
1631114,"Williams, Jalen",2,31,25,2-4 Feet - Tight,0.121,16,51,0.314,0.333,0.107,14,45,0.311,0.014,2,6,0.333,2025-26,Regular Season
1631114,"Williams, Jalen",3,31,31,4-6 Feet - Open,0.213,38,90,0.422,0.45,0.159,33,67,0.493,0.055,5,23,0.217,2025-26,Regular Season
1631114,"Williams, Jalen",4,31,28,6+ Feet - Wide Open,0.128,18,54,0.333,0.472,0.024,3,10,0.3,0.104,15,44,0.341,2025-26,Regular Season
1630592,"Wilson, Jalen",2,49,6,2-4 Feet - Tight,0.034,2,8,0.25,0.25,0.034,2,8,0.25,0.0,0,0,,2025-26,Regular Season
1630592,"Wilson, Jalen",3,49,36,4-6 Feet - Open,0.232,18,54,0.333,0.491,0.013,1,3,0.333,0.219,17,51,0.333,2025-26,Regular Season
1630592,"Wilson, Jalen",4,49,38,6+ Feet - Wide Open,0.373,32,87,0.368,0.552,0.0,0,0,,0.373,32,87,0.368,2025-26,Regular Season
1631288,"Cain, Jamal",2,35,6,2-4 Feet - Tight,0.056,2,7,0.286,0.286,0.048,2,6,0.333,0.008,0,1,0.0,2025-26,Regular Season
1631288,"Cain, Jamal",3,35,17,4-6 Feet - Open,0.218,14,27,0.519,0.685,0.056,5,7,0.714,0.161,9,20,0.45,2025-26,Regular Season
1631288,"Cain, Jamal",4,35,20,6+ Feet - Wide Open,0.331,15,41,0.366,0.549,0.008,0,1,0.0,0.323,15,40,0.375,2025-26,Regular Season
1627750,"Murray, Jamal",1,72,8,0-2 Feet - Very Tight,0.007,5,9,0.556,0.611,0.005,4,6,0.667,0.002,1,3,0.333,2025-26,Regular Season
1627750,"Murray, Jamal",2,72,63,2-4 Feet - Tight,0.108,59,142,0.415,0.511,0.067,32,88,0.364,0.041,27,54,0.5,2025-26,Regular Season
1627750,"Murray, Jamal",3,72,72,4-6 Feet - Open,0.369,208,484,0.43,0.535,0.168,106,220,0.482,0.201,102,264,0.386,2025-26,Regular Season
1627750,"Murray, Jamal",4,72,68,6+ Feet - Wide Open,0.191,122,250,0.488,0.692,0.027,20,36,0.556,0.163,102,214,0.477,2025-26,Regular Season
1642347,"Shead, Jamal",1,77,7,0-2 Feet - Very Tight,0.015,0,7,0.0,0.0,0.013,0,6,0.0,0.002,0,1,0.0,2025-26,Regular Season
1642347,"Shead, Jamal",2,77,37,2-4 Feet - Tight,0.107,17,50,0.34,0.35,0.092,16,43,0.372,0.015,1,7,0.143,2025-26,Regular Season
1642347,"Shead, Jamal",3,77,42,4-6 Feet - Open,0.118,17,55,0.309,0.436,0.019,3,9,0.333,0.099,14,46,0.304,2025-26,Regular Season
1642347,"Shead, Jamal",4,77,72,6+ Feet - Wide Open,0.422,65,197,0.33,0.492,0.011,1,5,0.2,0.411,64,192,0.333,2025-26,Regular Season
1631123,"Bouyea, Jamaree",1,42,1,0-2 Feet - Very Tight,0.005,0,1,0.0,0.0,0.005,0,1,0.0,0.0,0,0,,2025-26,Regular Season
1631123,"Bouyea, Jamaree",2,42,14,2-4 Feet - Tight,0.098,6,20,0.3,0.325,0.059,5,12,0.417,0.039,1,8,0.125,2025-26,Regular Season
1631123,"Bouyea, Jamaree",3,42,29,4-6 Feet - Open,0.235,16,48,0.333,0.396,0.147,10,30,0.333,0.088,6,18,0.333,2025-26,Regular Season
1631123,"Bouyea, Jamaree",4,42,29,6+ Feet - Wide Open,0.23,15,47,0.319,0.457,0.029,2,6,0.333,0.201,13,41,0.317,2025-26,Regular Season
201935,"Harden, James",1,67,2,0-2 Feet - Very Tight,0.007,1,2,0.5,0.75,0.003,0,1,0.0,0.003,1,1,1.0,2025-26,Regular Season
201935,"Harden, James",2,67,22,2-4 Feet - Tight,0.254,30,76,0.395,0.533,0.077,9,23,0.391,0.177,21,53,0.396,2025-26,Regular Season
201935,"Harden, James",3,67,23,4-6 Feet - Open,0.284,39,85,0.459,0.653,0.037,6,11,0.545,0.247,33,74,0.446,2025-26,Regular Season
201935,"Harden, James",4,67,16,6+ Feet - Wide Open,0.11,17,33,0.515,0.727,0.013,3,4,0.75,0.097,14,29,0.483,2025-26,Regular Season
1630164,"Wiseman, James",4,4,1,6+ Feet - Wide Open,0.1,0,1,0.0,0.0,0.1,0,1,0.0,0.0,0,0,,2025-26,Regular Season
1642364,"Watkins, Jamir",2,45,1,2-4 Feet - Tight,0.004,0,1,0.0,0.0,0.004,0,1,0.0,0.0,0,0,,2025-26,Regular Season
1642364,"Watkins, Jamir",3,45,21,4-6 Feet - Open,0.172,13,40,0.325,0.475,0.009,1,2,0.5,0.163,12,38,0.316,2025-26,Regular Season
1642364,"Watkins, Jamir",4,45,33,6+ Feet - Wide Open,0.373,24,87,0.276,0.408,0.013,1,3,0.333,0.361,23,84,0.274,2025-26,Regular Season
1642419,"Battle, Jamison",2,56,4,2-4 Feet - Tight,0.044,0,6,0.0,0.0,0.007,0,1,0.0,0.037,0,5,0.0,2025-26,Regular Season
1642419,"Battle, Jamison",3,56,24,4-6 Feet - Open,0.243,13,33,0.394,0.561,0.044,2,6,0.333,0.199,11,27,0.407,2025-26,Regular Season
1642419,"Battle, Jamison",4,56,32,6+ Feet - Wide Open,0.382,25,52,0.481,0.712,0.015,1,2,0.5,0.368,24,50,0.48,2025-26,Regular Season
1641716,"Walker, Jarace",1,73,2,0-2 Feet - Very Tight,0.003,1,2,0.5,0.5,0.003,1,2,0.5,0.0,0,0,,2025-26,Regular Season
1641716,"Walker, Jarace",2,73,35,2-4 Feet - Tight,0.076,16,53,0.302,0.349,0.052,11,36,0.306,0.025,5,17,0.294,2025-26,Regular Season
1641716,"Walker, Jarace",3,73,67,4-6 Feet - Open,0.333,79,231,0.342,0.472,0.076,19,53,0.358,0.257,60,178,0.337,2025-26,Regular Season
1641716,"Walker, Jarace",4,73,61,6+ Feet - Wide Open,0.227,71,157,0.452,0.65,0.02,9,14,0.643,0.206,62,143,0.434,2025-26,Regular Season
1642272,"McCain, Jared",1,62,1,0-2 Feet - Very Tight,0.005,0,1,0.0,0.0,0.005,0,1,0.0,0.0,0,0,,2025-26,Regular Season
1642272,"McCain, Jared",2,62,8,2-4 Feet - Tight,0.057,4,12,0.333,0.375,0.033,3,7,0.429,0.024,1,5,0.2,2025-26,Regular Season
1642272,"McCain, Jared",3,62,24,4-6 Feet - Open,0.31,34,65,0.523,0.654,0.119,17,25,0.68,0.19,17,40,0.425,2025-26,Regular Season
1642272,"McCain, Jared",4,62,24,6+ Feet - Wide Open,0.395,35,83,0.422,0.596,0.052,6,11,0.545,0.343,29,72,0.403,2025-26,Regular Season
1628991,"Jackson Jr., Jaren",2,48,3,2-4 Feet - Tight,0.143,3,7,0.429,0.429,0.143,3,7,0.429,0.0,0,0,,2025-26,Regular Season
1628991,"Jackson Jr., Jaren",3,48,3,4-6 Feet - Open,0.163,3,8,0.375,0.5,0.02,1,1,1.0,0.143,2,7,0.286,2025-26,Regular Season
1628991,"Jackson Jr., Jaren",4,48,3,6+ Feet - Wide Open,0.163,3,8,0.375,0.563,0.0,0,0,,0.163,3,8,0.375,2025-26,Regular Season
1629020,"Vanderbilt, Jarred",3,60,7,4-6 Feet - Open,0.031,1,7,0.143,0.214,0.0,0,0,,0.031,1,7,0.143,2025-26,Regular Season
1629020,"Vanderbilt, Jarred",4,60,44,6+ Feet - Wide Open,0.386,27,86,0.314,0.465,0.009,1,2,0.5,0.377,26,84,0.31,2025-26,Regular Season
1628386,"Allen, Jarrett",2,54,8,2-4 Feet - Tight,0.018,3,9,0.333,0.333,0.016,3,8,0.375,0.002,0,1,0.0,2025-26,Regular Season
1628386,"Allen, Jarrett",3,54,22,4-6 Feet - Open,0.077,15,39,0.385,0.385,0.075,15,38,0.395,0.002,0,1,0.0,2025-26,Regular Season
1628386,"Allen, Jarrett",4,54,19,6+ Feet - Wide Open,0.053,10,27,0.37,0.389,0.037,9,19,0.474,0.016,1,8,0.125,2025-26,Regular Season
1642859,"Richardson, Jase",1,51,1,0-2 Feet - Very Tight,0.006,1,1,1.0,1.0,0.006,1,1,1.0,0.0,0,0,,2025-26,Regular Season
1642859,"Richardson, Jase",2,51,8,2-4 Feet - Tight,0.044,4,8,0.5,0.5,0.044,4,8,0.5,0.0,0,0,,2025-26,Regular Season
1642859,"Richardson, Jase",3,51,20,4-6 Feet - Open,0.144,9,26,0.346,0.423,0.066,5,12,0.417,0.077,4,14,0.286,2025-26,Regular Season
1642859,"Richardson, Jase",4,51,28,6+ Feet - Wide Open,0.37,27,67,0.403,0.582,0.017,3,3,1.0,0.354,24,64,0.375,2025-26,Regular Season
1642914,"Small, Javon",1,40,6,0-2 Feet - Very Tight,0.022,2,6,0.333,0.333,0.015,2,4,0.5,0.007,0,2,0.0,2025-26,Regular Season
1642914,"Small, Javon",2,40,16,2-4 Feet - Tight,0.071,6,19,0.316,0.342,0.048,5,13,0.385,0.022,1,6,0.167,2025-26,Regular Season
1642914,"Small, Javon",3,40,26,4-6 Feet - Open,0.156,21,42,0.5,0.726,0.026,2,7,0.286,0.13,19,35,0.543,2025-26,Regular Season
1642914,"Small, Javon",4,40,37,6+ Feet - Wide Open,0.357,41,96,0.427,0.625,0.026,3,7,0.429,0.331,38,89,0.427,2025-26,Regular Season
1631451,"Cooke, Javonte",2,19,1,2-4 Feet - Tight,0.024,0,1,0.0,0.0,0.024,0,1,0.0,0.0,0,0,,2025-26,Regular Season
1631451,"Cooke, Javonte",3,19,9,4-6 Feet - Open,0.341,2,14,0.143,0.214,0.0,0,0,,0.341,2,14,0.143,2025-26,Regular Season
1631451,"Cooke, Javonte",4,19,5,6+ Feet - Wide Open,0.22,1,9,0.111,0.167,0.0,0,0,,0.22,1,9,0.111,2025-26,Regular Season
1629750,"Green, Javonte",2,77,10,2-4 Feet - Tight,0.026,2,10,0.2,0.3,0.01,0,4,0.0,0.015,2,6,0.333,2025-26,Regular Season
1629750,"Green, Javonte",3,77,49,4-6 Feet - Open,0.18,27,70,0.386,0.571,0.005,1,2,0.5,0.175,26,68,0.382,2025-26,Regular Season
1629750,"Green, Javonte",4,77,66,6+ Feet - Wide Open,0.41,59,159,0.371,0.553,0.005,1,2,0.5,0.405,58,157,0.369,2025-26,Regular Season
1629637,"Hayes, Jaxson",3,65,2,4-6 Feet - Open,0.008,2,2,1.0,1.0,0.008,2,2,1.0,0.0,0,0,,2025-26,Regular Season
1629637,"Hayes, Jaxson",4,65,4,6+ Feet - Wide Open,0.016,3,4,0.75,1.125,0.004,0,1,0.0,0.012,3,3,1.0,2025-26,Regular Season
1630643,"Huff, Jay",1,77,1,0-2 Feet - Very Tight,0.002,0,1,0.0,0.0,0.002,0,1,0.0,0.0,0,0,,2025-26,Regular Season
1630643,"Huff, Jay",2,77,6,2-4 Feet - Tight,0.012,1,7,0.143,0.214,0.002,0,1,0.0,0.01,1,6,0.167,2025-26,Regular Season
1630643,"Huff, Jay",3,77,43,4-6 Feet - Open,0.126,22,72,0.306,0.451,0.007,1,4,0.25,0.119,21,68,0.309,2025-26,Regular Season
1630643,"Huff, Jay",4,77,74,6+ Feet - Wide Open,0.501,96,287,0.334,0.493,0.009,5,5,1.0,0.492,91,282,0.323,2025-26,Regular Season
1627759,"Brown, Jaylen",1,68,13,0-2 Feet - Very Tight,0.011,3,17,0.176,0.206,0.009,2,14,0.143,0.002,1,3,0.333,2025-26,Regular Season
1627759,"Brown, Jaylen",2,68,65,2-4 Feet - Tight,0.144,84,214,0.393,0.444,0.097,62,144,0.431,0.047,22,70,0.314,2025-26,Regular Season
1627759,"Brown, Jaylen",3,68,68,4-6 Feet - Open,0.348,215,515,0.417,0.497,0.188,133,278,0.478,0.16,82,237,0.346,2025-26,Regular Season
1627759,"Brown, Jaylen",4,68,58,6+ Feet - Wide Open,0.09,57,134,0.425,0.534,0.038,28,56,0.5,0.053,29,78,0.372,2025-26,Regular Season
1641740,"Clark, Jaylen",2,63,7,2-4 Feet - Tight,0.04,2,8,0.25,0.25,0.03,2,6,0.333,0.01,0,2,0.0,2025-26,Regular Season
1641740,"Clark, Jaylen",3,63,14,4-6 Feet - Open,0.091,3,18,0.167,0.25,0.015,0,3,0.0,0.076,3,15,0.2,2025-26,Regular Season
1641740,"Clark, Jaylen",4,63,41,6+ Feet - Wide Open,0.338,23,67,0.343,0.515,0.005,0,1,0.0,0.333,23,66,0.348,2025-26,Regular Season
1642377,"Wells, Jaylen",1,69,1,0-2 Feet - Very Tight,0.001,0,1,0.0,0.0,0.001,0,1,0.0,0.0,0,0,,2025-26,Regular Season
1642377,"Wells, Jaylen",2,69,38,2-4 Feet - Tight,0.086,24,60,0.4,0.467,0.047,16,33,0.485,0.039,8,27,0.296,2025-26,Regular Season
1642377,"Wells, Jaylen",3,69,69,4-6 Feet - Open,0.35,99,244,0.406,0.529,0.115,39,80,0.488,0.235,60,164,0.366,2025-26,Regular Season
1642377,"Wells, Jaylen",4,69,66,6+ Feet - Wide Open,0.281,73,196,0.372,0.528,0.032,12,22,0.545,0.249,61,174,0.351,2025-26,Regular Season
1631119,"Williams, Jaylin",2,62,6,2-4 Feet - Tight,0.023,2,8,0.25,0.313,0.012,1,4,0.25,0.012,1,4,0.25,2025-26,Regular Season
1631119,"Williams, Jaylin",3,62,38,4-6 Feet - Open,0.178,25,61,0.41,0.549,0.05,8,17,0.471,0.128,17,44,0.386,2025-26,Regular Season
1631119,"Williams, Jaylin",4,62,58,6+ Feet - Wide Open,0.612,82,210,0.39,0.574,0.026,5,9,0.556,0.586,77,201,0.383,2025-26,Regular Season
1642281,"Tyson, Jaylon",1,64,3,0-2 Feet - Very Tight,0.005,0,3,0.0,0.0,0.005,0,3,0.0,0.0,0,0,,2025-26,Regular Season
1642281,"Tyson, Jaylon",2,64,23,2-4 Feet - Tight,0.042,13,27,0.481,0.556,0.025,9,16,0.563,0.017,4,11,0.364,2025-26,Regular Season
1642281,"Tyson, Jaylon",3,64,55,4-6 Feet - Open,0.224,62,143,0.434,0.619,0.031,9,20,0.45,0.192,53,123,0.431,2025-26,Regular Season
1642281,"Tyson, Jaylon",4,64,59,6+ Feet - Wide Open,0.25,76,160,0.475,0.703,0.013,3,8,0.375,0.238,73,152,0.48,2025-26,Regular Season
1643257,"Kent, Jayson",3,3,1,4-6 Feet - Open,0.167,0,1,0.0,0.0,0.0,0,0,,0.167,0,1,0.0,2025-26,Regular Season
1643257,"Kent, Jayson",4,3,1,6+ Feet - Wide Open,0.333,1,2,0.5,0.75,0.0,0,0,,0.333,1,2,0.5,2025-26,Regular Season
1628369,"Tatum, Jayson",1,13,2,0-2 Feet - Very Tight,0.009,1,2,0.5,0.75,0.004,0,1,0.0,0.004,1,1,1.0,2025-26,Regular Season
1628369,"Tatum, Jayson",2,13,12,2-4 Feet - Tight,0.243,21,57,0.368,0.474,0.089,9,21,0.429,0.153,12,36,0.333,2025-26,Regular Season
1628369,"Tatum, Jayson",3,13,13,4-6 Feet - Open,0.357,29,84,0.345,0.476,0.085,7,20,0.35,0.272,22,64,0.344,2025-26,Regular Season
1628369,"Tatum, Jayson",4,13,12,6+ Feet - Wide Open,0.089,6,21,0.286,0.405,0.009,1,2,0.5,0.081,5,19,0.263,2025-26,Regular Season
201145,"Green, Jeff",2,29,5,2-4 Feet - Tight,0.1,2,6,0.333,0.333,0.083,2,5,0.4,0.017,0,1,0.0,2025-26,Regular Season
201145,"Green, Jeff",3,29,14,4-6 Feet - Open,0.317,6,19,0.316,0.447,0.033,1,2,0.5,0.283,5,17,0.294,2025-26,Regular Season
201145,"Green, Jeff",4,29,18,6+ Feet - Wide Open,0.383,7,23,0.304,0.457,0.017,0,1,0.0,0.367,7,22,0.318,2025-26,Regular Season
203924,"Grant, Jerami",2,57,36,2-4 Feet - Tight,0.087,22,63,0.349,0.46,0.037,8,27,0.296,0.049,14,36,0.389,2025-26,Regular Season
203924,"Grant, Jerami",3,57,52,4-6 Feet - Open,0.273,67,199,0.337,0.485,0.045,8,33,0.242,0.228,59,166,0.355,2025-26,Regular Season
203924,"Grant, Jerami",4,57,51,6+ Feet - Wide Open,0.209,66,152,0.434,0.641,0.005,3,4,0.75,0.203,63,148,0.426,2025-26,Regular Season
1642847,"Fears, Jeremiah",1,78,4,0-2 Feet - Very Tight,0.004,1,4,0.25,0.25,0.003,1,3,0.333,0.001,0,1,0.0,2025-26,Regular Season
1642847,"Fears, Jeremiah",2,78,45,2-4 Feet - Tight,0.072,21,65,0.323,0.331,0.06,20,54,0.37,0.012,1,11,0.091,2025-26,Regular Season
1642847,"Fears, Jeremiah",3,78,69,4-6 Feet - Open,0.187,57,169,0.337,0.417,0.093,30,84,0.357,0.094,27,85,0.318,2025-26,Regular Season
1642847,"Fears, Jeremiah",4,78,73,6+ Feet - Wide Open,0.23,78,208,0.375,0.536,0.031,11,28,0.393,0.199,67,180,0.372,2025-26,Regular Season
1630526,"Robinson-Earl, Jeremiah",3,22,1,4-6 Feet - Open,0.059,0,1,0.0,0.0,0.059,0,1,0.0,0.0,0,0,,2025-26,Regular Season
1630526,"Robinson-Earl, Jeremiah",4,22,4,6+ Feet - Wide Open,0.471,2,8,0.25,0.375,0.0,0,0,,0.471,2,8,0.25,2025-26,Regular Season
1631110,"Sochan, Jeremy",3,42,1,4-6 Feet - Open,0.048,1,1,1.0,1.0,0.048,1,1,1.0,0.0,0,0,,2025-26,Regular Season
1631110,"Sochan, Jeremy",4,42,3,6+ Feet - Wide Open,0.238,0,5,0.0,0.0,0.048,0,1,0.0,0.19,0,4,0.0,2025-26,Regular Season
1630579,"Sims, Jericho",2,62,1,2-4 Feet - Tight,0.007,0,1,0.0,0.0,0.007,0,1,0.0,0.0,0,0,,2025-26,Regular Season
1630579,"Sims, Jericho",3,62,4,4-6 Feet - Open,0.027,1,4,0.25,0.25,0.027,1,4,0.25,0.0,0,0,,2025-26,Regular Season
1630579,"Sims, Jericho",4,62,1,6+ Feet - Wide Open,0.007,1,1,1.0,1.0,0.007,1,1,1.0,0.0,0,0,,2025-26,Regular Season
1641724,"Howard, Jett",1,55,1,0-2 Feet - Very Tight,0.004,1,1,1.0,1.5,0.0,0,0,,0.004,1,1,1.0,2025-26,Regular Season
1641724,"Howard, Jett",2,55,16,2-4 Feet - Tight,0.088,10,22,0.455,0.591,0.048,4,12,0.333,0.04,6,10,0.6,2025-26,Regular Season
1641724,"Howard, Jett",3,55,44,4-6 Feet - Open,0.291,22,73,0.301,0.445,0.024,1,6,0.167,0.267,21,67,0.313,2025-26,Regular Season
1641724,"Howard, Jett",4,55,43,6+ Feet - Wide Open,0.275,27,69,0.391,0.58,0.008,1,2,0.5,0.267,26,67,0.388,2025-26,Regular Season
1628975,"Carter, Jevon",1,48,1,0-2 Feet - Very Tight,0.006,0,1,0.0,0.0,0.006,0,1,0.0,0.0,0,0,,2025-26,Regular Season
1628975,"Carter, Jevon",2,48,14,2-4 Feet - Tight,0.124,7,22,0.318,0.318,0.079,7,14,0.5,0.045,0,8,0.0,2025-26,Regular Season
1628975,"Carter, Jevon",3,48,23,4-6 Feet - Open,0.384,22,68,0.324,0.397,0.124,12,22,0.545,0.26,10,46,0.217,2025-26,Regular Season
1628975,"Carter, Jevon",4,48,23,6+ Feet - Wide Open,0.418,32,74,0.432,0.628,0.034,3,6,0.5,0.384,29,68,0.426,2025-26,Regular Season
202710,"Butler III, Jimmy",1,38,1,0-2 Feet - Very Tight,0.002,1,1,1.0,1.0,0.002,1,1,1.0,0.0,0,0,,2025-26,Regular Season
202710,"Butler III, Jimmy",2,38,31,2-4 Feet - Tight,0.111,14,51,0.275,0.294,0.082,12,38,0.316,0.028,2,13,0.154,2025-26,Regular Season
202710,"Butler III, Jimmy",3,38,35,4-6 Feet - Open,0.165,29,76,0.382,0.48,0.091,14,42,0.333,0.074,15,34,0.441,2025-26,Regular Season
202710,"Butler III, Jimmy",4,38,24,6+ Feet - Wide Open,0.093,16,43,0.372,0.547,0.011,1,5,0.2,0.082,15,38,0.395,2025-26,Regular Season
1629111,"Landale, Jock",2,68,3,2-4 Feet - Tight,0.019,1,3,0.333,0.5,0.0,0,0,,0.019,1,3,0.333,2025-26,Regular Season
1629111,"Landale, Jock",3,68,19,4-6 Feet - Open,0.201,13,32,0.406,0.594,0.025,1,4,0.25,0.176,12,28,0.429,2025-26,Regular Season
1629111,"Landale, Jock",4,68,17,6+ Feet - Wide Open,0.226,12,36,0.333,0.5,0.019,0,3,0.0,0.208,12,33,0.364,2025-26,Regular Season
204060,"Ingles, Joe",3,25,4,4-6 Feet - Open,0.385,3,5,0.6,0.8,0.077,1,1,1.0,0.308,2,4,0.5,2025-26,Regular Season
204060,"Ingles, Joe",4,25,4,6+ Feet - Wide Open,0.385,2,5,0.4,0.5,0.077,1,1,1.0,0.308,1,4,0.25,2025-26,Regular Season
203954,"Embiid, Joel",1,37,4,0-2 Feet - Very Tight,0.006,2,4,0.5,0.5,0.004,2,3,0.667,0.001,0,1,0.0,2025-26,Regular Season
203954,"Embiid, Joel",2,37,34,2-4 Feet - Tight,0.106,29,72,0.403,0.403,0.097,29,66,0.439,0.009,0,6,0.0,2025-26,Regular Season
203954,"Embiid, Joel",3,37,37,4-6 Feet - Open,0.361,116,245,0.473,0.518,0.26,94,176,0.534,0.102,22,69,0.319,2025-26,Regular Season
203954,"Embiid, Joel",4,37,35,6+ Feet - Wide Open,0.177,49,120,0.408,0.529,0.063,20,43,0.465,0.114,29,77,0.377,2025-26,Regular Season
1628381,"Collins, John",2,64,27,2-4 Feet - Tight,0.063,17,38,0.447,0.474,0.048,15,29,0.517,0.015,2,9,0.222,2025-26,Regular Season
1628381,"Collins, John",3,64,52,4-6 Feet - Open,0.158,50,95,0.526,0.674,0.061,22,37,0.595,0.096,28,58,0.483,2025-26,Regular Season
1628381,"Collins, John",4,64,57,6+ Feet - Wide Open,0.233,54,140,0.386,0.575,0.008,1,5,0.2,0.224,53,135,0.393,2025-26,Regular Season
1629723,"Konchar, John",1,52,1,0-2 Feet - Very Tight,0.01,0,1,0.0,0.0,0.01,0,1,0.0,0.0,0,0,,2025-26,Regular Season
1629723,"Konchar, John",2,52,2,2-4 Feet - Tight,0.02,1,2,0.5,0.5,0.02,1,2,0.5,0.0,0,0,,2025-26,Regular Season
1629723,"Konchar, John",3,52,9,4-6 Feet - Open,0.1,1,10,0.1,0.15,0.0,0,0,,0.1,1,10,0.1,2025-26,Regular Season
1629723,"Konchar, John",4,52,20,6+ Feet - Wide Open,0.43,13,43,0.302,0.43,0.03,2,3,0.667,0.4,11,40,0.275,2025-26,Regular Season
1642967,"Poulakidas, John",2,8,1,2-4 Feet - Tight,0.05,1,2,0.5,0.75,0.025,0,1,0.0,0.025,1,1,1.0,2025-26,Regular Season
1642967,"Poulakidas, John",3,8,7,4-6 Feet - Open,0.45,9,18,0.5,0.694,0.075,2,3,0.667,0.375,7,15,0.467,2025-26,Regular Season
1642967,"Poulakidas, John",4,8,5,6+ Feet - Wide Open,0.5,5,20,0.25,0.35,0.025,1,1,1.0,0.475,4,19,0.211,2025-26,Regular Season
1642910,"Tonje, John",2,5,1,2-4 Feet - Tight,0.5,0,1,0.0,0.0,0.0,0,0,,0.5,0,1,0.0,2025-26,Regular Season
1642910,"Tonje, John",3,5,1,4-6 Feet - Open,0.5,0,1,0.0,0.0,0.0,0,0,,0.5,0,1,0.0,2025-26,Regular Season
1641780,"Broome, Johni",2,11,4,2-4 Feet - Tight,0.167,0,4,0.0,0.0,0.125,0,3,0.0,0.042,0,1,0.0,2025-26,Regular Season
1641780,"Broome, Johni",3,11,2,4-6 Feet - Open,0.125,0,3,0.0,0.0,0.042,0,1,0.0,0.083,0,2,0.0,2025-26,Regular Season
1641780,"Broome, Johni",4,11,2,6+ Feet - Wide Open,0.083,0,2,0.0,0.0,0.0,0,0,,0.083,0,2,0.0,2025-26,Regular Season
1642277,"Furphy, Johnny",1,35,1,0-2 Feet - Very Tight,0.013,1,2,0.5,0.75,0.007,0,1,0.0,0.007,1,1,1.0,2025-26,Regular Season
1642277,"Furphy, Johnny",2,35,3,2-4 Feet - Tight,0.02,0,3,0.0,0.0,0.007,0,1,0.0,0.013,0,2,0.0,2025-26,Regular Season
1642277,"Furphy, Johnny",3,35,22,4-6 Feet - Open,0.201,10,30,0.333,0.5,0.007,0,1,0.0,0.195,10,29,0.345,2025-26,Regular Season
1642277,"Furphy, Johnny",4,35,23,6+ Feet - Wide Open,0.262,12,39,0.308,0.462,0.0,0,0,,0.262,12,39,0.308,2025-26,Regular Season
1630548,"Juzang, Johnny",2,21,4,2-4 Feet - Tight,0.132,3,5,0.6,0.6,0.105,3,4,0.75,0.026,0,1,0.0,2025-26,Regular Season
1630548,"Juzang, Johnny",3,21,11,4-6 Feet - Open,0.395,5,15,0.333,0.467,0.053,1,2,0.5,0.342,4,13,0.308,2025-26,Regular Season
1630548,"Juzang, Johnny",4,21,8,6+ Feet - Wide Open,0.263,2,10,0.2,0.3,0.0,0,0,,0.263,2,10,0.2,2025-26,Regular Season
202685,"Valančiūnas, Jonas",2,60,14,2-4 Feet - Tight,0.05,7,17,0.412,0.412,0.05,7,17,0.412,0.0,0,0,,2025-26,Regular Season
202685,"Valančiūnas, Jonas",3,60,30,4-6 Feet - Open,0.141,19,48,0.396,0.396,0.129,19,44,0.432,0.012,0,4,0.0,2025-26,Regular Season
202685,"Valančiūnas, Jonas",4,60,29,6+ Feet - Wide Open,0.109,20,37,0.541,0.622,0.062,14,21,0.667,0.047,6,16,0.375,2025-26,Regular Season
1628371,"Isaac, Jonathan",2,52,1,2-4 Feet - Tight,0.009,0,1,0.0,0.0,0.0,0,0,,0.009,0,1,0.0,2025-26,Regular Season
1628371,"Isaac, Jonathan",3,52,14,4-6 Feet - Open,0.147,2,16,0.125,0.188,0.064,0,7,0.0,0.083,2,9,0.222,2025-26,Regular Season
1628371,"Isaac, Jonathan",4,52,25,6+ Feet - Wide Open,0.294,7,32,0.219,0.297,0.037,2,4,0.5,0.257,5,28,0.179,2025-26,Regular Season
1630228,"Kuminga, Jonathan",2,33,6,2-4 Feet - Tight,0.075,3,8,0.375,0.5,0.056,1,6,0.167,0.019,2,2,1.0,2025-26,Regular Season
1630228,"Kuminga, Jonathan",3,33,13,4-6 Feet - Open,0.28,13,30,0.433,0.567,0.103,5,11,0.455,0.178,8,19,0.421,2025-26,Regular Season
1630228,"Kuminga, Jonathan",4,33,10,6+ Feet - Wide Open,0.14,6,15,0.4,0.6,0.009,0,1,0.0,0.131,6,14,0.429,2025-26,Regular Season
1642367,"Mogbo, Jonathan",2,35,1,2-4 Feet - Tight,0.024,0,1,0.0,0.0,0.024,0,1,0.0,0.0,0,0,,2025-26,Regular Season
1642367,"Mogbo, Jonathan",3,35,1,4-6 Feet - Open,0.024,1,1,1.0,1.0,0.024,1,1,1.0,0.0,0,0,,2025-26,Regular Season
1642367,"Mogbo, Jonathan",4,35,1,6+ Feet - Wide Open,0.024,0,1,0.0,0.0,0.0,0,0,,0.024,0,1,0.0,2025-26,Regular Season
203903,"Clarkson, Jordan",1,68,3,0-2 Feet - Very Tight,0.006,0,3,0.0,0.0,0.002,0,1,0.0,0.004,0,2,0.0,2025-26,Regular Season
203903,"Clarkson, Jordan",2,68,41,2-4 Feet - Tight,0.137,21,69,0.304,0.377,0.062,11,31,0.355,0.075,10,38,0.263,2025-26,Regular Season
203903,"Clarkson, Jordan",3,68,56,4-6 Feet - Open,0.232,42,117,0.359,0.474,0.071,15,36,0.417,0.161,27,81,0.333,2025-26,Regular Season
203903,"Clarkson, Jordan",4,68,49,6+ Feet - Wide Open,0.192,37,97,0.381,0.552,0.016,4,8,0.5,0.177,33,89,0.371,2025-26,Regular Season
1630692,"Goodwin, Jordan",2,67,25,2-4 Feet - Tight,0.065,6,35,0.171,0.214,0.037,3,20,0.15,0.028,3,15,0.2,2025-26,Regular Season
1630692,"Goodwin, Jordan",3,67,57,4-6 Feet - Open,0.239,40,128,0.313,0.422,0.05,12,27,0.444,0.188,28,101,0.277,2025-26,Regular Season
1630692,"Goodwin, Jordan",4,67,62,6+ Feet - Wide Open,0.336,75,180,0.417,0.619,0.011,2,6,0.333,0.325,73,174,0.42,2025-26,Regular Season
1641722,"Hawkins, Jordan",1,47,3,0-2 Feet - Very Tight,0.015,1,3,0.333,0.5,0.005,0,1,0.0,0.01,1,2,0.5,2025-26,Regular Season
1641722,"Hawkins, Jordan",2,47,30,2-4 Feet - Tight,0.308,17,62,0.274,0.323,0.184,11,37,0.297,0.124,6,25,0.24,2025-26,Regular Season
1641722,"Hawkins, Jordan",3,47,38,4-6 Feet - Open,0.333,23,67,0.343,0.463,0.085,7,17,0.412,0.249,16,50,0.32,2025-26,Regular Season
1641722,"Hawkins, Jordan",4,47,29,6+ Feet - Wide Open,0.219,18,44,0.409,0.591,0.025,2,5,0.4,0.194,16,39,0.41,2025-26,Regular Season
1629162,"McLaughlin, Jordan",3,41,9,4-6 Feet - Open,0.133,1,10,0.1,0.1,0.08,1,6,0.167,0.053,0,4,0.0,2025-26,Regular Season
1629162,"McLaughlin, Jordan",4,41,21,6+ Feet - Wide Open,0.48,16,36,0.444,0.667,0.013,0,1,0.0,0.467,16,35,0.457,2025-26,Regular Season
1641757,"Miller, Jordan",1,55,1,0-2 Feet - Very Tight,0.003,0,1,0.0,0.0,0.003,0,1,0.0,0.0,0,0,,2025-26,Regular Season
1641757,"Miller, Jordan",2,55,11,2-4 Feet - Tight,0.036,5,13,0.385,0.385,0.03,5,11,0.455,0.005,0,2,0.0,2025-26,Regular Season
1641757,"Miller, Jordan",3,55,30,4-6 Feet - Open,0.167,22,61,0.361,0.443,0.066,12,24,0.5,0.101,10,37,0.27,2025-26,Regular Season
1641757,"Miller, Jordan",4,55,33,6+ Feet - Wide Open,0.161,22,59,0.373,0.551,0.003,1,1,1.0,0.158,21,58,0.362,2025-26,Regular Season
1629673,"Poole, Jordan",1,37,6,0-2 Feet - Very Tight,0.015,3,6,0.5,0.583,0.01,2,4,0.5,0.005,1,2,0.5,2025-26,Regular Season
1629673,"Poole, Jordan",2,37,26,2-4 Feet - Tight,0.112,12,46,0.261,0.348,0.029,4,12,0.333,0.083,8,34,0.235,2025-26,Regular Season
1629673,"Poole, Jordan",3,37,35,4-6 Feet - Open,0.307,33,126,0.262,0.373,0.034,5,14,0.357,0.273,28,112,0.25,2025-26,Regular Season
1629673,"Poole, Jordan",4,37,34,6+ Feet - Wide Open,0.302,51,124,0.411,0.613,0.012,1,5,0.2,0.29,50,119,0.42,2025-26,Regular Season
1641775,"Walsh, Jordan",2,63,2,2-4 Feet - Tight,0.008,0,2,0.0,0.0,0.0,0,0,,0.008,0,2,0.0,2025-26,Regular Season
1641775,"Walsh, Jordan",3,63,19,4-6 Feet - Open,0.112,10,27,0.37,0.556,0.012,0,3,0.0,0.099,10,24,0.417,2025-26,Regular Season
1641775,"Walsh, Jordan",4,63,40,6+ Feet - Wide Open,0.351,33,85,0.388,0.582,0.004,0,1,0.0,0.347,33,84,0.393,2025-26,Regular Season
1630631,"Alvarado, Jose",1,67,2,0-2 Feet - Very Tight,0.014,2,2,1.0,1.0,0.014,2,2,1.0,0.0,0,0,,2025-26,Regular Season
1630631,"Alvarado, Jose",2,67,6,2-4 Feet - Tight,0.054,3,8,0.375,0.375,0.041,3,6,0.5,0.014,0,2,0.0,2025-26,Regular Season
1630631,"Alvarado, Jose",3,67,15,4-6 Feet - Open,0.17,7,25,0.28,0.38,0.041,2,6,0.333,0.129,5,19,0.263,2025-26,Regular Season
1630631,"Alvarado, Jose",4,67,20,6+ Feet - Wide Open,0.449,22,66,0.333,0.492,0.034,1,5,0.2,0.415,21,61,0.344,2025-26,Regular Season
1630581,"Giddey, Josh",1,54,5,0-2 Feet - Very Tight,0.007,3,5,0.6,0.7,0.006,2,4,0.5,0.001,1,1,1.0,2025-26,Regular Season
1630581,"Giddey, Josh",2,54,37,2-4 Feet - Tight,0.085,21,61,0.344,0.369,0.068,18,49,0.367,0.017,3,12,0.25,2025-26,Regular Season
1630581,"Giddey, Josh",3,54,51,4-6 Feet - Open,0.169,39,121,0.322,0.434,0.049,12,35,0.343,0.12,27,86,0.314,2025-26,Regular Season
1630581,"Giddey, Josh",4,54,52,6+ Feet - Wide Open,0.275,77,197,0.391,0.574,0.018,5,13,0.385,0.257,72,184,0.391,2025-26,Regular Season
1630182,"Green, Josh",2,54,9,2-4 Feet - Tight,0.057,1,10,0.1,0.15,0.017,0,3,0.0,0.04,1,7,0.143,2025-26,Regular Season
1630182,"Green, Josh",3,54,29,4-6 Feet - Open,0.227,17,40,0.425,0.625,0.006,1,1,1.0,0.222,16,39,0.41,2025-26,Regular Season
1630182,"Green, Josh",4,54,42,6+ Feet - Wide Open,0.5,40,88,0.455,0.676,0.006,1,1,1.0,0.494,39,87,0.448,2025-26,Regular Season
1628404,"Hart, Josh",1,63,1,0-2 Feet - Very Tight,0.002,0,1,0.0,0.0,0.002,0,1,0.0,0.0,0,0,,2025-26,Regular Season
1628404,"Hart, Josh",2,63,19,2-4 Feet - Tight,0.037,6,21,0.286,0.31,0.026,5,15,0.333,0.01,1,6,0.167,2025-26,Regular Season
1628404,"Hart, Josh",3,63,55,4-6 Feet - Open,0.234,60,134,0.448,0.552,0.112,32,64,0.5,0.122,28,70,0.4,2025-26,Regular Season
1628404,"Hart, Josh",4,63,55,6+ Feet - Wide Open,0.299,73,171,0.427,0.62,0.026,7,15,0.467,0.273,66,156,0.423,2025-26,Regular Season
1631169,"Minott, Josh",2,48,5,2-4 Feet - Tight,0.105,3,11,0.273,0.409,0.019,0,2,0.0,0.086,3,9,0.333,2025-26,Regular Season
1631169,"Minott, Josh",3,48,13,4-6 Feet - Open,0.343,16,36,0.444,0.667,0.0,0,0,,0.343,16,36,0.444,2025-26,Regular Season
1631169,"Minott, Josh",4,48,12,6+ Feet - Wide Open,0.248,10,26,0.385,0.577,0.0,0,0,,0.248,10,26,0.385,2025-26,Regular Season
1629006,"Okogie, Josh",2,73,1,2-4 Feet - Tight,0.004,1,1,1.0,1.0,0.004,1,1,1.0,0.0,0,0,,2025-26,Regular Season
1629006,"Okogie, Josh",3,73,16,4-6 Feet - Open,0.079,8,21,0.381,0.524,0.022,2,6,0.333,0.056,6,15,0.4,2025-26,Regular Season
1629006,"Okogie, Josh",4,73,58,6+ Feet - Wide Open,0.502,52,134,0.388,0.578,0.011,1,3,0.333,0.491,51,131,0.389,2025-26,Regular Season
201950,"Holiday, Jrue",1,49,1,0-2 Feet - Very Tight,0.002,1,1,1.0,1.0,0.002,1,1,1.0,0.0,0,0,,2025-26,Regular Season
201950,"Holiday, Jrue",2,49,29,2-4 Feet - Tight,0.06,12,39,0.308,0.385,0.039,6,25,0.24,0.022,6,14,0.429,2025-26,Regular Season
201950,"Holiday, Jrue",3,49,49,4-6 Feet - Open,0.393,94,254,0.37,0.506,0.091,25,59,0.424,0.301,69,195,0.354,2025-26,Regular Season
201950,"Holiday, Jrue",4,49,45,6+ Feet - Wide Open,0.201,61,130,0.469,0.677,0.012,7,8,0.875,0.189,54,122,0.443,2025-26,Regular Season
1630577,"Champagnie, Julian",1,77,6,0-2 Feet - Very Tight,0.011,3,7,0.429,0.643,0.003,0,2,0.0,0.008,3,5,0.6,2025-26,Regular Season
1630577,"Champagnie, Julian",2,77,52,2-4 Feet - Tight,0.16,32,103,0.311,0.442,0.017,5,11,0.455,0.143,27,92,0.293,2025-26,Regular Season
1630577,"Champagnie, Julian",3,77,71,4-6 Feet - Open,0.321,66,207,0.319,0.476,0.008,1,5,0.2,0.314,65,202,0.322,2025-26,Regular Season
1630577,"Champagnie, Julian",4,77,74,6+ Feet - Wide Open,0.29,91,187,0.487,0.727,0.002,1,1,1.0,0.289,90,186,0.484,2025-26,Regular Season
1641763,"Phillips, Julian",3,44,1,4-6 Feet - Open,0.091,0,1,0.0,0.0,0.0,0,0,,0.091,0,1,0.0,2025-26,Regular Season
1641763,"Phillips, Julian",4,44,3,6+ Feet - Wide Open,0.455,1,5,0.2,0.3,0.091,0,1,0.0,0.364,1,4,0.25,2025-26,Regular Season
1642882,"Reese, Julian",2,8,1,2-4 Feet - Tight,0.018,0,1,0.0,0.0,0.018,0,1,0.0,0.0,0,0,,2025-26,Regular Season
1642882,"Reese, Julian",3,8,2,4-6 Feet - Open,0.073,0,4,0.0,0.0,0.073,0,4,0.0,0.0,0,0,,2025-26,Regular Season
1642882,"Reese, Julian",4,8,2,6+ Feet - Wide Open,0.036,0,2,0.0,0.0,0.036,0,2,0.0,0.0,0,0,,2025-26,Regular Season
1631124,"Strawther, Julian",1,52,2,0-2 Feet - Very Tight,0.011,1,3,0.333,0.333,0.011,1,3,0.333,0.0,0,0,,2025-26,Regular Season
1631124,"Strawther, Julian",2,52,19,2-4 Feet - Tight,0.086,11,23,0.478,0.5,0.067,10,18,0.556,0.019,1,5,0.2,2025-26,Regular Season
1631124,"Strawther, Julian",3,52,26,4-6 Feet - Open,0.18,18,48,0.375,0.469,0.075,9,20,0.45,0.105,9,28,0.321,2025-26,Regular Season
1631124,"Strawther, Julian",4,52,34,6+ Feet - Wide Open,0.352,35,94,0.372,0.559,0.004,0,1,0.0,0.348,35,93,0.376,2025-26,Regular Season
203944,"Randle, Julius",1,77,2,0-2 Feet - Very Tight,0.002,0,2,0.0,0.0,0.002,0,2,0.0,0.0,0,0,,2025-26,Regular Season
203944,"Randle, Julius",2,77,46,2-4 Feet - Tight,0.052,26,61,0.426,0.451,0.042,23,49,0.469,0.01,3,12,0.25,2025-26,Regular Season
203944,"Randle, Julius",3,77,76,4-6 Feet - Open,0.315,133,367,0.362,0.428,0.174,85,203,0.419,0.141,48,164,0.293,2025-26,Regular Season
203944,"Randle, Julius",4,77,72,6+ Feet - Wide Open,0.162,70,189,0.37,0.513,0.029,16,34,0.471,0.133,54,155,0.348,2025-26,Regular Season
1630551,"Champagnie, Justin",2,66,8,2-4 Feet - Tight,0.024,1,10,0.1,0.15,0.01,0,4,0.0,0.014,1,6,0.167,2025-26,Regular Season
1630551,"Champagnie, Justin",3,66,44,4-6 Feet - Open,0.168,25,70,0.357,0.536,0.005,0,2,0.0,0.163,25,68,0.368,2025-26,Regular Season
1630551,"Champagnie, Justin",4,66,41,6+ Feet - Wide Open,0.17,21,71,0.296,0.444,0.0,0,0,,0.17,21,71,0.296,2025-26,Regular Season
1642348,"Edwards, Justin",2,59,22,2-4 Feet - Tight,0.102,8,30,0.267,0.3,0.061,6,18,0.333,0.041,2,12,0.167,2025-26,Regular Season
1642348,"Edwards, Justin",3,59,39,4-6 Feet - Open,0.327,37,96,0.385,0.526,0.065,10,19,0.526,0.262,27,77,0.351,2025-26,Regular Season
1642348,"Edwards, Justin",4,59,44,6+ Feet - Wide Open,0.293,36,86,0.419,0.61,0.024,3,7,0.429,0.269,33,79,0.418,2025-26,Regular Season
203994,"Nurkić, Jusuf",2,41,10,2-4 Feet - Tight,0.031,6,11,0.545,0.545,0.028,6,10,0.6,0.003,0,1,0.0,2025-26,Regular Season
203994,"Nurkić, Jusuf",3,41,13,4-6 Feet - Open,0.045,9,16,0.563,0.594,0.028,8,10,0.8,0.017,1,6,0.167,2025-26,Regular Season
203994,"Nurkić, Jusuf",4,41,37,6+ Feet - Wide Open,0.196,27,70,0.386,0.557,0.017,3,6,0.5,0.179,24,64,0.375,2025-26,Regular Season
1642354,"Simpson, KJ",2,18,1,2-4 Feet - Tight,0.125,0,1,0.0,0.0,0.125,0,1,0.0,0.0,0,0,,2025-26,Regular Season
1642354,"Simpson, KJ",3,18,2,4-6 Feet - Open,0.25,0,2,0.0,0.0,0.125,0,1,0.0,0.125,0,1,0.0,2025-26,Regular Season
1642955,"Richmond, Kadary",3,3,1,4-6 Feet - Open,0.125,1,2,0.5,0.75,0.0,0,0,,0.125,1,2,0.5,2025-26,Regular Season
1642955,"Richmond, Kadary",4,3,2,6+ Feet - Wide Open,0.125,1,2,0.5,0.75,0.0,0,0,,0.125,1,2,0.5,2025-26,Regular Season
1642880,"Jones, Kam",2,32,5,2-4 Feet - Tight,0.037,2,5,0.4,0.4,0.015,2,2,1.0,0.022,0,3,0.0,2025-26,Regular Season
1642880,"Jones, Kam",3,32,19,4-6 Feet - Open,0.294,9,40,0.225,0.325,0.037,1,5,0.2,0.257,8,35,0.229,2025-26,Regular Season
1642880,"Jones, Kam",4,32,16,6+ Feet - Wide Open,0.176,12,24,0.5,0.729,0.007,1,1,1.0,0.169,11,23,0.478,2025-26,Regular Season
1626157,"Towns, Karl-Anthony",1,72,1,0-2 Feet - Very Tight,0.001,0,1,0.0,0.0,0.0,0,0,,0.001,0,1,0.0,2025-26,Regular Season
1626157,"Towns, Karl-Anthony",2,72,22,2-4 Feet - Tight,0.032,8,32,0.25,0.297,0.018,5,18,0.278,0.014,3,14,0.214,2025-26,Regular Season
1626157,"Towns, Karl-Anthony",3,72,67,4-6 Feet - Open,0.183,62,182,0.341,0.478,0.037,12,37,0.324,0.146,50,145,0.345,2025-26,Regular Season
1626157,"Towns, Karl-Anthony",4,72,62,6+ Feet - Wide Open,0.154,61,153,0.399,0.582,0.017,5,17,0.294,0.137,56,136,0.412,2025-26,Regular Season
1631255,"Matković, Karlo",2,62,2,2-4 Feet - Tight,0.009,1,2,0.5,0.75,0.0,0,0,,0.009,1,2,0.5,2025-26,Regular Season
1631255,"Matković, Karlo",3,62,18,4-6 Feet - Open,0.115,10,27,0.37,0.519,0.021,2,5,0.4,0.094,8,22,0.364,2025-26,Regular Season
1631255,"Matković, Karlo",4,62,41,6+ Feet - Wide Open,0.281,29,66,0.439,0.659,0.0,0,0,,0.281,29,66,0.439,2025-26,Regular Season
1642857,"Jakučionis, Kasparas",2,49,10,2-4 Feet - Tight,0.06,2,13,0.154,0.231,0.009,0,2,0.0,0.051,2,11,0.182,2025-26,Regular Season
1642857,"Jakučionis, Kasparas",3,49,35,4-6 Feet - Open,0.321,25,69,0.362,0.543,0.019,0,4,0.0,0.302,25,65,0.385,2025-26,Regular Season
1642857,"Jakučionis, Kasparas",4,49,33,6+ Feet - Wide Open,0.302,32,65,0.492,0.738,0.0,0,0,,0.302,32,65,0.492,2025-26,Regular Season
202695,"Leonard, Kawhi",1,61,4,0-2 Feet - Very Tight,0.003,3,4,0.75,0.75,0.003,3,4,0.75,0.0,0,0,,2025-26,Regular Season
202695,"Leonard, Kawhi",2,61,60,2-4 Feet - Tight,0.259,133,306,0.435,0.497,0.172,95,204,0.466,0.086,38,102,0.373,2025-26,Regular Season
202695,"Leonard, Kawhi",3,61,61,4-6 Feet - Open,0.385,203,455,0.446,0.545,0.183,113,216,0.523,0.202,90,239,0.377,2025-26,Regular Season
202695,"Leonard, Kawhi",4,61,44,6+ Feet - Wide Open,0.074,40,87,0.46,0.644,0.01,8,12,0.667,0.063,32,75,0.427,2025-26,Regular Season
1630811,"Wallace, Keaton",1,51,1,0-2 Feet - Very Tight,0.006,0,1,0.0,0.0,0.006,0,1,0.0,0.0,0,0,,2025-26,Regular Season
1630811,"Wallace, Keaton",2,51,6,2-4 Feet - Tight,0.051,3,8,0.375,0.375,0.045,3,7,0.429,0.006,0,1,0.0,2025-26,Regular Season
1630811,"Wallace, Keaton",3,51,25,4-6 Feet - Open,0.299,20,47,0.426,0.521,0.172,11,27,0.407,0.127,9,20,0.45,2025-26,Regular Season
1630811,"Wallace, Keaton",4,51,35,6+ Feet - Wide Open,0.497,32,78,0.41,0.59,0.038,4,6,0.667,0.459,28,72,0.389,2025-26,Regular Season
1631099,"Murray, Keegan",1,23,4,0-2 Feet - Very Tight,0.013,3,4,0.75,0.75,0.013,3,4,0.75,0.0,0,0,,2025-26,Regular Season
1631099,"Murray, Keegan",2,23,21,2-4 Feet - Tight,0.18,20,54,0.37,0.38,0.153,19,46,0.413,0.027,1,8,0.125,2025-26,Regular Season
1631099,"Murray, Keegan",3,23,21,4-6 Feet - Open,0.317,34,95,0.358,0.442,0.14,18,42,0.429,0.177,16,53,0.302,2025-26,Regular Season
1631099,"Murray, Keegan",4,23,21,6+ Feet - Wide Open,0.2,17,60,0.283,0.4,0.03,3,9,0.333,0.17,14,51,0.275,2025-26,Regular Season
1642276,"Ware, Kel'el",2,73,21,2-4 Feet - Tight,0.043,4,26,0.154,0.212,0.017,1,10,0.1,0.026,3,16,0.188,2025-26,Regular Season
1642276,"Ware, Kel'el",3,73,54,4-6 Feet - Open,0.169,37,102,0.363,0.534,0.01,2,6,0.333,0.159,35,96,0.365,2025-26,Regular Season
1642276,"Ware, Kel'el",4,73,52,6+ Feet - Wide Open,0.174,45,105,0.429,0.633,0.007,2,4,0.5,0.167,43,101,0.426,2025-26,Regular Season
1629640,"Johnson, Keldon",2,77,15,2-4 Feet - Tight,0.022,8,16,0.5,0.625,0.008,4,6,0.667,0.014,4,10,0.4,2025-26,Regular Season
1629640,"Johnson, Keldon",3,77,57,4-6 Feet - Open,0.141,38,103,0.369,0.549,0.008,1,6,0.167,0.133,37,97,0.381,2025-26,Regular Season
1629640,"Johnson, Keldon",4,77,62,6+ Feet - Wide Open,0.195,55,142,0.387,0.577,0.003,1,2,0.5,0.192,54,140,0.386,2025-26,Regular Season
203482,"Olynyk, Kelly",1,42,1,0-2 Feet - Very Tight,0.01,0,1,0.0,0.0,0.01,0,1,0.0,0.0,0,0,,2025-26,Regular Season
203482,"Olynyk, Kelly",2,42,1,2-4 Feet - Tight,0.01,0,1,0.0,0.0,0.01,0,1,0.0,0.0,0,0,,2025-26,Regular Season
203482,"Olynyk, Kelly",3,42,7,4-6 Feet - Open,0.083,2,8,0.25,0.25,0.031,2,3,0.667,0.052,0,5,0.0,2025-26,Regular Season
203482,"Olynyk, Kelly",4,42,27,6+ Feet - Wide Open,0.458,13,44,0.295,0.432,0.021,1,2,0.5,0.438,12,42,0.286,2025-26,Regular Season
1626162,"Oubre Jr., Kelly",2,45,22,2-4 Feet - Tight,0.088,17,44,0.386,0.455,0.048,11,24,0.458,0.04,6,20,0.3,2025-26,Regular Season
1626162,"Oubre Jr., Kelly",3,45,41,4-6 Feet - Open,0.244,43,122,0.352,0.516,0.022,3,11,0.273,0.222,40,111,0.36,2025-26,Regular Season
1626162,"Oubre Jr., Kelly",4,45,38,6+ Feet - Wide Open,0.184,36,92,0.391,0.587,0.002,0,1,0.0,0.182,36,91,0.396,2025-26,Regular Season
1631113,"Chandler, Kennedy",2,8,5,2-4 Feet - Tight,0.095,5,9,0.556,0.556,0.095,5,9,0.556,0.0,0,0,,2025-26,Regular Season
1631113,"Chandler, Kennedy",3,8,8,4-6 Feet - Open,0.242,6,23,0.261,0.37,0.074,1,7,0.143,0.168,5,16,0.313,2025-26,Regular Season
1631113,"Chandler, Kennedy",4,8,7,6+ Feet - Wide Open,0.147,4,14,0.286,0.393,0.032,1,3,0.333,0.116,3,11,0.273,2025-26,Regular Season
1629026,"Williams, Kenrich",1,51,1,0-2 Feet - Very Tight,0.004,0,1,0.0,0.0,0.0,0,0,,0.004,0,1,0.0,2025-26,Regular Season
1629026,"Williams, Kenrich",2,51,14,2-4 Feet - Tight,0.063,9,16,0.563,0.625,0.048,7,12,0.583,0.016,2,4,0.5,2025-26,Regular Season
1629026,"Williams, Kenrich",3,51,28,4-6 Feet - Open,0.206,22,52,0.423,0.538,0.087,10,22,0.455,0.119,12,30,0.4,2025-26,Regular Season
1629026,"Williams, Kenrich",4,51,40,6+ Feet - Wide Open,0.333,34,84,0.405,0.589,0.028,3,7,0.429,0.306,31,77,0.403,2025-26,Regular Season
203484,"Caldwell-Pope, Kentavious",1,51,5,0-2 Feet - Very Tight,0.014,1,5,0.2,0.2,0.011,1,4,0.25,0.003,0,1,0.0,2025-26,Regular Season
203484,"Caldwell-Pope, Kentavious",2,51,28,2-4 Feet - Tight,0.134,20,49,0.408,0.469,0.09,14,33,0.424,0.044,6,16,0.375,2025-26,Regular Season
203484,"Caldwell-Pope, Kentavious",3,51,49,4-6 Feet - Open,0.348,48,127,0.378,0.476,0.126,23,46,0.5,0.222,25,81,0.309,2025-26,Regular Season
203484,"Caldwell-Pope, Kentavious",4,51,41,6+ Feet - Wide Open,0.255,31,93,0.333,0.462,0.049,7,18,0.389,0.205,24,75,0.32,2025-26,Regular Season
1631165,"Ellis, Keon",1,68,1,0-2 Feet - Very Tight,0.007,0,1,0.0,0.0,0.007,0,1,0.0,0.0,0,0,,2025-26,Regular Season
1631165,"Ellis, Keon",2,68,5,2-4 Feet - Tight,0.041,4,6,0.667,0.75,0.02,3,3,1.0,0.02,1,3,0.333,2025-26,Regular Season
1631165,"Ellis, Keon",3,68,18,4-6 Feet - Open,0.245,10,36,0.278,0.375,0.027,3,4,0.75,0.218,7,32,0.219,2025-26,Regular Season
1631165,"Ellis, Keon",4,68,20,6+ Feet - Wide Open,0.367,23,54,0.426,0.639,0.0,0,0,,0.367,23,54,0.426,2025-26,Regular Season
1642352,"Johnson, Keshad",2,28,1,2-4 Feet - Tight,0.012,0,1,0.0,0.0,0.0,0,0,,0.012,0,1,0.0,2025-26,Regular Season
1642352,"Johnson, Keshad",3,28,8,4-6 Feet - Open,0.16,7,13,0.538,0.769,0.012,1,1,1.0,0.148,6,12,0.5,2025-26,Regular Season
1642352,"Johnson, Keshad",4,28,13,6+ Feet - Wide Open,0.321,7,26,0.269,0.385,0.012,1,1,1.0,0.309,6,25,0.24,2025-26,Regular Season
201142,"Durant, Kevin",1,74,19,0-2 Feet - Very Tight,0.018,9,23,0.391,0.413,0.017,8,22,0.364,0.001,1,1,1.0,2025-26,Regular Season
201142,"Durant, Kevin",2,74,74,2-4 Feet - Tight,0.445,267,572,0.467,0.514,0.327,213,420,0.507,0.118,54,152,0.355,2025-26,Regular Season
201142,"Durant, Kevin",3,74,71,4-6 Feet - Open,0.284,182,365,0.499,0.61,0.13,101,167,0.605,0.154,81,198,0.409,2025-26,Regular Season
201142,"Durant, Kevin",4,74,53,6+ Feet - Wide Open,0.072,50,92,0.543,0.745,0.016,13,21,0.619,0.055,37,71,0.521,2025-26,Regular Season
1628989,"Huerter, Kevin",2,65,12,2-4 Feet - Tight,0.106,5,16,0.313,0.406,0.046,2,7,0.286,0.06,3,9,0.333,2025-26,Regular Season
1628989,"Huerter, Kevin",3,65,17,4-6 Feet - Open,0.318,13,48,0.271,0.385,0.033,2,5,0.4,0.285,11,43,0.256,2025-26,Regular Season
1628989,"Huerter, Kevin",4,65,16,6+ Feet - Wide Open,0.185,9,28,0.321,0.446,0.02,2,3,0.667,0.166,7,25,0.28,2025-26,Regular Season
201567,"Love, Kevin",2,37,11,2-4 Feet - Tight,0.055,2,11,0.182,0.227,0.005,1,1,1.0,0.05,1,10,0.1,2025-26,Regular Season
201567,"Love, Kevin",3,37,30,4-6 Feet - Open,0.302,22,60,0.367,0.533,0.03,2,6,0.333,0.271,20,54,0.37,2025-26,Regular Season
201567,"Love, Kevin",4,37,33,6+ Feet - Wide Open,0.407,35,81,0.432,0.63,0.015,3,3,1.0,0.392,32,78,0.41,2025-26,Regular Season
1641755,"McCullar Jr., Kevin",2,20,2,2-4 Feet - Tight,0.056,0,2,0.0,0.0,0.056,0,2,0.0,0.0,0,0,,2025-26,Regular Season
1641755,"McCullar Jr., Kevin",3,20,8,4-6 Feet - Open,0.306,2,11,0.182,0.273,0.028,0,1,0.0,0.278,2,10,0.2,2025-26,Regular Season
1641755,"McCullar Jr., Kevin",4,20,6,6+ Feet - Wide Open,0.222,4,8,0.5,0.75,0.0,0,0,,0.222,4,8,0.5,2025-26,Regular Season
1629645,"Porter Jr., Kevin",1,38,2,0-2 Feet - Very Tight,0.004,1,2,0.5,0.5,0.004,1,2,0.5,0.0,0,0,,2025-26,Regular Season
1629645,"Porter Jr., Kevin",2,38,29,2-4 Feet - Tight,0.089,17,46,0.37,0.435,0.043,11,22,0.5,0.047,6,24,0.25,2025-26,Regular Season
1629645,"Porter Jr., Kevin",3,38,37,4-6 Feet - Open,0.313,68,161,0.422,0.484,0.195,48,100,0.48,0.119,20,61,0.328,2025-26,Regular Season
1629645,"Porter Jr., Kevin",4,38,35,6+ Feet - Wide Open,0.148,30,76,0.395,0.526,0.035,10,18,0.556,0.113,20,58,0.345,2025-26,Regular Season
1626172,"Looney, Kevon",2,19,2,2-4 Feet - Tight,0.037,0,2,0.0,0.0,0.019,0,1,0.0,0.019,0,1,0.0,2025-26,Regular Season
1626172,"Looney, Kevon",3,19,6,4-6 Feet - Open,0.111,0,6,0.0,0.0,0.074,0,4,0.0,0.037,0,2,0.0,2025-26,Regular Season
1626172,"Looney, Kevon",4,19,8,6+ Feet - Wide Open,0.148,2,8,0.25,0.313,0.037,1,2,0.5,0.111,1,6,0.167,2025-26,Regular Season
1641718,"George, Keyonte",1,54,13,0-2 Feet - Very Tight,0.018,6,16,0.375,0.375,0.016,6,14,0.429,0.002,0,2,0.0,2025-26,Regular Season
1641718,"George, Keyonte",2,54,52,2-4 Feet - Tight,0.202,58,178,0.326,0.396,0.102,33,90,0.367,0.1,25,88,0.284,2025-26,Regular Season
1641718,"George, Keyonte",3,54,54,4-6 Feet - Open,0.312,105,275,0.382,0.502,0.101,39,89,0.438,0.211,66,186,0.355,2025-26,Regular Season
1641718,"George, Keyonte",4,54,44,6+ Feet - Wide Open,0.109,50,96,0.521,0.745,0.012,7,11,0.636,0.096,43,85,0.506,2025-26,Regular Season
1642863,"Maluach, Khaman",2,42,2,2-4 Feet - Tight,0.025,1,2,0.5,0.5,0.025,1,2,0.5,0.0,0,0,,2025-26,Regular Season
1642863,"Maluach, Khaman",3,42,2,4-6 Feet - Open,0.025,0,2,0.0,0.0,0.0,0,0,,0.025,0,2,0.0,2025-26,Regular Season
1642863,"Maluach, Khaman",4,42,12,6+ Feet - Wide Open,0.16,3,13,0.231,0.346,0.0,0,0,,0.16,3,13,0.231,2025-26,Regular Season
203114,"Middleton, Khris",1,58,2,0-2 Feet - Very Tight,0.01,1,2,0.5,0.5,0.01,1,2,0.5,0.0,0,0,,2025-26,Regular Season
203114,"Middleton, Khris",2,58,21,2-4 Feet - Tight,0.233,15,49,0.306,0.347,0.171,11,36,0.306,0.062,4,13,0.308,2025-26,Regular Season
203114,"Middleton, Khris",3,58,24,4-6 Feet - Open,0.39,38,82,0.463,0.543,0.224,25,47,0.532,0.167,13,35,0.371,2025-26,Regular Season
203114,"Middleton, Khris",4,58,21,6+ Feet - Wide Open,0.176,13,37,0.351,0.486,0.052,3,11,0.273,0.124,10,26,0.385,2025-26,Regular Season
1630165,"Hayes, Killian",1,19,1,0-2 Feet - Very Tight,0.009,1,1,1.0,1.0,0.009,1,1,1.0,0.0,0,0,,2025-26,Regular Season
1630165,"Hayes, Killian",2,19,10,2-4 Feet - Tight,0.099,2,11,0.182,0.182,0.09,2,10,0.2,0.009,0,1,0.0,2025-26,Regular Season
1630165,"Hayes, Killian",3,19,17,4-6 Feet - Open,0.396,16,44,0.364,0.466,0.171,7,19,0.368,0.225,9,25,0.36,2025-26,Regular Season
1630165,"Hayes, Killian",4,19,13,6+ Feet - Wide Open,0.252,4,28,0.143,0.214,0.027,0,3,0.0,0.225,4,25,0.16,2025-26,Regular Season
202691,"Thompson, Klay",1,66,8,0-2 Feet - Very Tight,0.013,2,9,0.222,0.333,0.003,0,2,0.0,0.01,2,7,0.286,2025-26,Regular Season
202691,"Thompson, Klay",2,66,62,2-4 Feet - Tight,0.271,57,187,0.305,0.439,0.062,7,43,0.163,0.209,50,144,0.347,2025-26,Regular Season
202691,"Thompson, Klay",3,66,63,4-6 Feet - Open,0.412,123,284,0.433,0.592,0.101,33,70,0.471,0.31,90,214,0.421,2025-26,Regular Season
202691,"Thompson, Klay",4,66,56,6+ Feet - Wide Open,0.21,57,145,0.393,0.569,0.016,6,11,0.545,0.194,51,134,0.381,2025-26,Regular Season
1641738,"Brown, Kobe",2,57,3,2-4 Feet - Tight,0.019,0,3,0.0,0.0,0.006,0,1,0.0,0.013,0,2,0.0,2025-26,Regular Season
1641738,"Brown, Kobe",3,57,17,4-6 Feet - Open,0.161,8,25,0.32,0.48,0.019,0,3,0.0,0.142,8,22,0.364,2025-26,Regular Season
1641738,"Brown, Kobe",4,57,22,6+ Feet - Wide Open,0.323,24,50,0.48,0.71,0.019,1,3,0.333,0.303,23,47,0.489,2025-26,Regular Season
1641723,"Bufkin, Kobe",2,13,3,2-4 Feet - Tight,0.098,1,4,0.25,0.25,0.049,1,2,0.5,0.049,0,2,0.0,2025-26,Regular Season
1641723,"Bufkin, Kobe",3,13,9,4-6 Feet - Open,0.366,2,15,0.133,0.2,0.098,0,4,0.0,0.268,2,11,0.182,2025-26,Regular Season
1641723,"Bufkin, Kobe",4,13,8,6+ Feet - Wide Open,0.268,2,11,0.182,0.227,0.049,1,2,0.5,0.22,1,9,0.111,2025-26,Regular Season
1642920,"Sanders, Kobe",1,63,1,0-2 Feet - Very Tight,0.003,0,1,0.0,0.0,0.003,0,1,0.0,0.0,0,0,,2025-26,Regular Season
1642920,"Sanders, Kobe",2,63,15,2-4 Feet - Tight,0.063,9,22,0.409,0.409,0.057,9,20,0.45,0.006,0,2,0.0,2025-26,Regular Season
1642920,"Sanders, Kobe",3,63,44,4-6 Feet - Open,0.282,37,98,0.378,0.459,0.132,21,46,0.457,0.149,16,52,0.308,2025-26,Regular Season
1642920,"Sanders, Kobe",4,63,55,6+ Feet - Wide Open,0.385,59,134,0.44,0.642,0.04,5,14,0.357,0.345,54,120,0.45,2025-26,Regular Season
1642886,"Brea, Koby",1,9,1,0-2 Feet - Very Tight,0.059,0,1,0.0,0.0,0.059,0,1,0.0,0.0,0,0,,2025-26,Regular Season
1642886,"Brea, Koby",2,9,1,2-4 Feet - Tight,0.059,0,1,0.0,0.0,0.0,0,0,,0.059,0,1,0.0,2025-26,Regular Season
1642886,"Brea, Koby",3,9,5,4-6 Feet - Open,0.471,2,8,0.25,0.375,0.0,0,0,,0.471,2,8,0.25,2025-26,Regular Season
1642886,"Brea, Koby",4,9,4,6+ Feet - Wide Open,0.294,4,5,0.8,1.2,0.0,0,0,,0.294,4,5,0.8,2025-26,Regular Season
1642851,"Knueppel, Kon",1,77,6,0-2 Feet - Very Tight,0.006,4,6,0.667,1.0,0.001,0,1,0.0,0.005,4,5,0.8,2025-26,Regular Season
1642851,"Knueppel, Kon",2,77,65,2-4 Feet - Tight,0.163,60,168,0.357,0.455,0.057,27,59,0.458,0.106,33,109,0.303,2025-26,Regular Season
1642851,"Knueppel, Kon",3,77,76,4-6 Feet - Open,0.287,137,295,0.464,0.637,0.061,35,63,0.556,0.226,102,232,0.44,2025-26,Regular Season
1642851,"Knueppel, Kon",4,77,75,6+ Feet - Wide Open,0.269,130,277,0.469,0.695,0.011,5,11,0.455,0.259,125,266,0.47,2025-26,Regular Season
1627739,"Dunn, Kris",1,77,1,0-2 Feet - Very Tight,0.002,0,1,0.0,0.0,0.002,0,1,0.0,0.0,0,0,,2025-26,Regular Season
1627739,"Dunn, Kris",2,77,13,2-4 Feet - Tight,0.029,1,13,0.077,0.077,0.022,1,10,0.1,0.007,0,3,0.0,2025-26,Regular Season
1627739,"Dunn, Kris",3,77,37,4-6 Feet - Open,0.108,19,49,0.388,0.48,0.042,10,19,0.526,0.066,9,30,0.3,2025-26,Regular Season
1627739,"Dunn, Kris",4,77,60,6+ Feet - Wide Open,0.387,70,175,0.4,0.589,0.018,4,8,0.5,0.369,66,167,0.395,2025-26,Regular Season
1631200,"Murray, Kris",3,53,13,4-6 Feet - Open,0.061,5,16,0.313,0.469,0.0,0,0,,0.061,5,16,0.313,2025-26,Regular Season
1631200,"Murray, Kris",4,53,48,6+ Feet - Wide Open,0.382,26,100,0.26,0.39,0.0,0,0,,0.382,26,100,0.26,2025-26,Regular Season
204001,"Porziņģis, Kristaps",1,29,2,0-2 Feet - Very Tight,0.013,0,2,0.0,0.0,0.013,0,2,0.0,0.0,0,0,,2025-26,Regular Season
204001,"Porziņģis, Kristaps",2,29,12,2-4 Feet - Tight,0.141,13,21,0.619,0.643,0.128,12,19,0.632,0.013,1,2,0.5,2025-26,Regular Season
204001,"Porziņģis, Kristaps",3,29,12,4-6 Feet - Open,0.262,14,39,0.359,0.474,0.087,5,13,0.385,0.174,9,26,0.346,2025-26,Regular Season
204001,"Porziņģis, Kristaps",4,29,12,6+ Feet - Wide Open,0.255,12,38,0.316,0.474,0.013,0,2,0.0,0.242,12,36,0.333,2025-26,Regular Season
203937,"Anderson, Kyle",2,39,6,2-4 Feet - Tight,0.156,3,7,0.429,0.429,0.111,3,5,0.6,0.044,0,2,0.0,2025-26,Regular Season
203937,"Anderson, Kyle",3,39,4,4-6 Feet - Open,0.089,1,4,0.25,0.25,0.089,1,4,0.25,0.0,0,0,,2025-26,Regular Season
203937,"Anderson, Kyle",4,39,2,6+ Feet - Wide Open,0.044,0,2,0.0,0.0,0.0,0,0,,0.044,0,2,0.0,2025-26,Regular Season
1642271,"Filipowski, Kyle",2,75,14,2-4 Feet - Tight,0.024,4,15,0.267,0.267,0.018,4,11,0.364,0.006,0,4,0.0,2025-26,Regular Season
1642271,"Filipowski, Kyle",3,75,46,4-6 Feet - Open,0.125,22,77,0.286,0.403,0.024,4,15,0.267,0.1,18,62,0.29,2025-26,Regular Season
1642271,"Filipowski, Kyle",4,75,64,6+ Feet - Wide Open,0.249,55,154,0.357,0.532,0.003,1,2,0.5,0.246,54,152,0.355,2025-26,Regular Season
1628398,"Kuzma, Kyle",2,67,18,2-4 Feet - Tight,0.029,5,20,0.25,0.25,0.021,5,14,0.357,0.009,0,6,0.0,2025-26,Regular Season
1628398,"Kuzma, Kyle",3,67,54,4-6 Feet - Open,0.18,29,123,0.236,0.317,0.053,9,36,0.25,0.128,20,87,0.23,2025-26,Regular Season
1628398,"Kuzma, Kyle",4,67,53,6+ Feet - Wide Open,0.226,69,154,0.448,0.649,0.013,7,9,0.778,0.213,62,145,0.428,2025-26,Regular Season
200768,"Lowry, Kyle",2,13,1,2-4 Feet - Tight,0.05,0,1,0.0,0.0,0.0,0,0,,0.05,0,1,0.0,2025-26,Regular Season
200768,"Lowry, Kyle",3,13,4,4-6 Feet - Open,0.35,1,7,0.143,0.214,0.0,0,0,,0.35,1,7,0.143,2025-26,Regular Season
200768,"Lowry, Kyle",4,13,8,6+ Feet - Wide Open,0.6,3,12,0.25,0.375,0.0,0,0,,0.6,3,12,0.25,2025-26,Regular Season
1642273,"George, Kyshawn",1,48,2,0-2 Feet - Very Tight,0.003,0,2,0.0,0.0,0.003,0,2,0.0,0.0,0,0,,2025-26,Regular Season
1642273,"George, Kyshawn",2,48,34,2-4 Feet - Tight,0.088,16,51,0.314,0.392,0.064,8,37,0.216,0.024,8,14,0.571,2025-26,Regular Season
1642273,"George, Kyshawn",3,48,48,4-6 Feet - Open,0.291,67,168,0.399,0.482,0.133,39,77,0.506,0.158,28,91,0.308,2025-26,Regular Season
1642273,"George, Kyshawn",4,48,45,6+ Feet - Wide Open,0.298,70,172,0.407,0.59,0.029,7,17,0.412,0.269,63,155,0.406,2025-26,Regular Season
1643018,"Cryer, LJ",1,17,1,0-2 Feet - Very Tight,0.01,0,1,0.0,0.0,0.01,0,1,0.0,0.0,0,0,,2025-26,Regular Season
1643018,"Cryer, LJ",2,17,2,2-4 Feet - Tight,0.058,4,6,0.667,0.917,0.019,1,2,0.5,0.039,3,4,0.75,2025-26,Regular Season
1643018,"Cryer, LJ",3,17,14,4-6 Feet - Open,0.311,11,32,0.344,0.469,0.078,3,8,0.375,0.233,8,24,0.333,2025-26,Regular Season
1643018,"Cryer, LJ",4,17,14,6+ Feet - Wide Open,0.544,22,56,0.393,0.58,0.019,1,2,0.5,0.524,21,54,0.389,2025-26,Regular Season
1630163,"Ball, LaMelo",1,68,8,0-2 Feet - Very Tight,0.008,0,9,0.0,0.0,0.005,0,6,0.0,0.003,0,3,0.0,2025-26,Regular Season
1630163,"Ball, LaMelo",2,68,52,2-4 Feet - Tight,0.082,38,95,0.4,0.442,0.054,30,63,0.476,0.028,8,32,0.25,2025-26,Regular Season
1630163,"Ball, LaMelo",3,68,68,4-6 Feet - Open,0.331,126,384,0.328,0.465,0.063,21,73,0.288,0.268,105,311,0.338,2025-26,Regular Season
1630163,"Ball, LaMelo",4,68,68,6+ Feet - Wide Open,0.299,142,347,0.409,0.604,0.012,7,14,0.5,0.287,135,333,0.405,2025-26,Regular Season
1642950,"Olbrich, Lachlan",3,32,3,4-6 Feet - Open,0.114,0,5,0.0,0.0,0.023,0,1,0.0,0.091,0,4,0.0,2025-26,Regular Season
1642950,"Olbrich, Lachlan",4,32,8,6+ Feet - Wide Open,0.205,3,9,0.333,0.444,0.023,1,1,1.0,0.182,2,8,0.25,2025-26,Regular Season
1629013,"Shamet, Landry",1,48,1,0-2 Feet - Very Tight,0.003,1,1,1.0,1.5,0.0,0,0,,0.003,1,1,1.0,2025-26,Regular Season
1629013,"Shamet, Landry",2,48,25,2-4 Feet - Tight,0.108,10,38,0.263,0.368,0.02,2,7,0.286,0.088,8,31,0.258,2025-26,Regular Season
1629013,"Shamet, Landry",3,48,40,4-6 Feet - Open,0.268,35,94,0.372,0.511,0.048,9,17,0.529,0.219,26,77,0.338,2025-26,Regular Season
1629013,"Shamet, Landry",4,48,45,6+ Feet - Wide Open,0.43,67,151,0.444,0.659,0.017,2,6,0.333,0.413,65,145,0.448,2025-26,Regular Season
1626204,"Nance Jr., Larry",2,31,1,2-4 Feet - Tight,0.02,1,2,0.5,0.75,0.0,0,0,,0.02,1,2,0.5,2025-26,Regular Season
1626204,"Nance Jr., Larry",3,31,9,4-6 Feet - Open,0.127,1,13,0.077,0.115,0.039,0,4,0.0,0.088,1,9,0.111,2025-26,Regular Season
1626204,"Nance Jr., Larry",4,31,27,6+ Feet - Wide Open,0.451,18,46,0.391,0.576,0.02,1,2,0.5,0.431,17,44,0.386,2025-26,Regular Season
1628374,"Markkanen, Lauri",1,42,1,0-2 Feet - Very Tight,0.001,0,1,0.0,0.0,0.0,0,0,,0.001,0,1,0.0,2025-26,Regular Season
1628374,"Markkanen, Lauri",2,42,35,2-4 Feet - Tight,0.104,20,84,0.238,0.298,0.06,10,48,0.208,0.045,10,36,0.278,2025-26,Regular Season
1628374,"Markkanen, Lauri",3,42,42,4-6 Feet - Open,0.262,66,211,0.313,0.417,0.068,22,55,0.4,0.194,44,156,0.282,2025-26,Regular Season
1628374,"Markkanen, Lauri",4,42,41,6+ Feet - Wide Open,0.175,68,141,0.482,0.699,0.012,7,10,0.7,0.163,61,131,0.466,2025-26,Regular Season
2544,"James, LeBron",1,56,4,0-2 Feet - Very Tight,0.005,1,4,0.25,0.25,0.004,1,3,0.333,0.001,0,1,0.0,2025-26,Regular Season
2544,"James, LeBron",2,56,30,2-4 Feet - Tight,0.069,21,59,0.356,0.407,0.044,15,37,0.405,0.026,6,22,0.273,2025-26,Regular Season
2544,"James, LeBron",3,56,56,4-6 Feet - Open,0.29,85,246,0.346,0.419,0.145,49,123,0.398,0.145,36,123,0.293,2025-26,Regular Season
2544,"James, LeBron",4,56,53,6+ Feet - Wide Open,0.125,41,106,0.387,0.524,0.029,12,25,0.48,0.095,29,81,0.358,2025-26,Regular Season
1641778,"Black, Leaky",1,10,1,0-2 Feet - Very Tight,0.019,0,1,0.0,0.0,0.019,0,1,0.0,0.0,0,0,,2025-26,Regular Season
1641778,"Black, Leaky",2,10,5,2-4 Feet - Tight,0.111,4,6,0.667,0.667,0.111,4,6,0.667,0.0,0,0,,2025-26,Regular Season
1641778,"Black, Leaky",3,10,8,4-6 Feet - Open,0.333,6,18,0.333,0.389,0.185,4,10,0.4,0.148,2,8,0.25,2025-26,Regular Season
1641778,"Black, Leaky",4,10,6,6+ Feet - Wide Open,0.296,8,16,0.5,0.75,0.019,0,1,0.0,0.278,8,15,0.533,2025-26,Regular Season
1631159,"Miller, Leonard",3,41,11,4-6 Feet - Open,0.125,8,20,0.4,0.55,0.019,2,3,0.667,0.106,6,17,0.353,2025-26,Regular Season
1631159,"Miller, Leonard",4,41,17,6+ Feet - Wide Open,0.3,18,48,0.375,0.552,0.019,1,3,0.333,0.281,17,45,0.378,2025-26,Regular Season
1642862,"McNeeley, Liam",2,30,3,2-4 Feet - Tight,0.043,2,4,0.5,0.625,0.021,1,2,0.5,0.021,1,2,0.5,2025-26,Regular Season
1642862,"McNeeley, Liam",3,30,8,4-6 Feet - Open,0.117,5,11,0.455,0.682,0.011,0,1,0.0,0.106,5,10,0.5,2025-26,Regular Season
1642862,"McNeeley, Liam",4,30,22,6+ Feet - Wide Open,0.511,18,48,0.375,0.563,0.0,0,0,,0.511,18,48,0.375,2025-26,Regular Season
1630322,"Waters III, Lindy",2,39,5,2-4 Feet - Tight,0.07,0,6,0.0,0.0,0.0,0,0,,0.07,0,6,0.0,2025-26,Regular Season
1630322,"Waters III, Lindy",3,39,22,4-6 Feet - Open,0.384,12,33,0.364,0.53,0.012,1,1,1.0,0.372,11,32,0.344,2025-26,Regular Season
1630322,"Waters III, Lindy",4,39,19,6+ Feet - Wide Open,0.477,17,41,0.415,0.598,0.023,2,2,1.0,0.453,15,39,0.385,2025-26,Regular Season
1628366,"Ball, Lonzo",1,35,1,0-2 Feet - Very Tight,0.006,0,1,0.0,0.0,0.006,0,1,0.0,0.0,0,0,,2025-26,Regular Season
1628366,"Ball, Lonzo",2,35,12,2-4 Feet - Tight,0.074,0,13,0.0,0.0,0.011,0,2,0.0,0.063,0,11,0.0,2025-26,Regular Season
1628366,"Ball, Lonzo",3,35,29,4-6 Feet - Open,0.417,20,73,0.274,0.39,0.023,3,4,0.75,0.394,17,69,0.246,2025-26,Regular Season
1628366,"Ball, Lonzo",4,35,26,6+ Feet - Wide Open,0.383,23,67,0.343,0.515,0.006,0,1,0.0,0.377,23,66,0.348,2025-26,Regular Season
1631351,"Williamson, Lucas",3,2,1,4-6 Feet - Open,0.167,0,1,0.0,0.0,0.0,0,0,,0.167,0,1,0.0,2025-26,Regular Season
1631351,"Williamson, Lucas",4,2,2,6+ Feet - Wide Open,0.5,1,3,0.333,0.5,0.0,0,0,,0.5,1,3,0.333,2025-26,Regular Season
1629652,"Dort, Luguentz",1,64,1,0-2 Feet - Very Tight,0.002,0,1,0.0,0.0,0.002,0,1,0.0,0.0,0,0,,2025-26,Regular Season
1629652,"Dort, Luguentz",2,64,15,2-4 Feet - Tight,0.034,5,17,0.294,0.324,0.024,4,12,0.333,0.01,1,5,0.2,2025-26,Regular Season
1629652,"Dort, Luguentz",3,64,61,4-6 Feet - Open,0.383,61,189,0.323,0.437,0.071,18,35,0.514,0.312,43,154,0.279,2025-26,Regular Season
1629652,"Dort, Luguentz",4,64,59,6+ Feet - Wide Open,0.419,81,207,0.391,0.57,0.034,7,17,0.412,0.385,74,190,0.389,2025-26,Regular Season
1629029,"Dončić, Luka",1,64,22,0-2 Feet - Very Tight,0.019,15,27,0.556,0.574,0.016,14,24,0.583,0.002,1,3,0.333,2025-26,Regular Season
1629029,"Dončić, Luka",2,64,63,2-4 Feet - Tight,0.197,132,287,0.46,0.547,0.109,82,158,0.519,0.089,50,129,0.388,2025-26,Regular Season
1629029,"Dončić, Luka",3,64,64,4-6 Feet - Open,0.459,267,668,0.4,0.516,0.149,112,217,0.516,0.31,155,451,0.344,2025-26,Regular Season
1629029,"Dončić, Luka",4,64,55,6+ Feet - Wide Open,0.089,57,130,0.438,0.623,0.014,9,20,0.45,0.076,48,110,0.436,2025-26,Regular Season
1630568,"Garza, Luka",2,67,5,2-4 Feet - Tight,0.015,2,5,0.4,0.4,0.009,2,3,0.667,0.006,0,2,0.0,2025-26,Regular Season
1630568,"Garza, Luka",3,67,23,4-6 Feet - Open,0.104,15,34,0.441,0.588,0.034,5,11,0.455,0.071,10,23,0.435,2025-26,Regular Season
1630568,"Garza, Luka",4,67,50,6+ Feet - Wide Open,0.301,45,98,0.459,0.673,0.015,3,5,0.6,0.285,42,93,0.452,2025-26,Regular Season
1628379,"Kennard, Luke",1,73,1,0-2 Feet - Very Tight,0.006,0,1,0.0,0.0,0.006,0,1,0.0,0.0,0,0,,2025-26,Regular Season
1628379,"Kennard, Luke",2,73,10,2-4 Feet - Tight,0.077,6,12,0.5,0.542,0.058,5,9,0.556,0.019,1,3,0.333,2025-26,Regular Season
1628379,"Kennard, Luke",3,73,22,4-6 Feet - Open,0.271,21,42,0.5,0.619,0.142,11,22,0.5,0.129,10,20,0.5,2025-26,Regular Season
1628379,"Kennard, Luke",4,73,22,6+ Feet - Wide Open,0.439,33,68,0.485,0.691,0.052,5,8,0.625,0.387,28,60,0.467,2025-26,Regular Season
1628436,"Kornet, Luke",2,64,2,2-4 Feet - Tight,0.008,1,2,0.5,0.5,0.008,1,2,0.5,0.0,0,0,,2025-26,Regular Season
1628436,"Kornet, Luke",3,64,5,4-6 Feet - Open,0.019,2,5,0.4,0.4,0.019,2,5,0.4,0.0,0,0,,2025-26,Regular Season
1628436,"Kornet, Luke",4,64,2,6+ Feet - Wide Open,0.008,1,2,0.5,0.5,0.008,1,2,0.5,0.0,0,0,,2025-26,Regular Season
1631247,"Travers, Luke",3,12,6,4-6 Feet - Open,0.194,0,7,0.0,0.0,0.028,0,1,0.0,0.167,0,6,0.0,2025-26,Regular Season
1631247,"Travers, Luke",4,12,6,6+ Feet - Wide Open,0.278,1,10,0.1,0.15,0.0,0,0,,0.278,1,10,0.1,2025-26,Regular Season
1630644,"McClung, Mac",3,6,3,4-6 Feet - Open,0.286,0,4,0.0,0.0,0.0,0,0,,0.286,0,4,0.0,2025-26,Regular Season
1641869,"Smith, Malachi",2,10,3,2-4 Feet - Tight,0.073,1,4,0.25,0.25,0.036,1,2,0.5,0.036,0,2,0.0,2025-26,Regular Season
1641869,"Smith, Malachi",3,10,5,4-6 Feet - Open,0.091,2,5,0.4,0.6,0.018,0,1,0.0,0.073,2,4,0.5,2025-26,Regular Season
1641869,"Smith, Malachi",4,10,8,6+ Feet - Wide Open,0.309,10,17,0.588,0.882,0.018,0,1,0.0,0.291,10,16,0.625,2025-26,Regular Season
1631103,"Branham, Malaki",1,28,1,0-2 Feet - Very Tight,0.011,0,1,0.0,0.0,0.011,0,1,0.0,0.0,0,0,,2025-26,Regular Season
1631103,"Branham, Malaki",2,28,1,2-4 Feet - Tight,0.011,1,1,1.0,1.0,0.011,1,1,1.0,0.0,0,0,,2025-26,Regular Season
1631103,"Branham, Malaki",3,28,14,4-6 Feet - Open,0.231,8,21,0.381,0.571,0.0,0,0,,0.231,8,21,0.381,2025-26,Regular Season
1631103,"Branham, Malaki",4,28,14,6+ Feet - Wide Open,0.187,7,17,0.412,0.588,0.011,1,1,1.0,0.176,6,16,0.375,2025-26,Regular Season
1642502,"Leons, Malevy",2,21,3,2-4 Feet - Tight,0.058,0,3,0.0,0.0,0.019,0,1,0.0,0.038,0,2,0.0,2025-26,Regular Season
1642502,"Leons, Malevy",3,21,5,4-6 Feet - Open,0.115,0,6,0.0,0.0,0.038,0,2,0.0,0.077,0,4,0.0,2025-26,Regular Season
1642502,"Leons, Malevy",4,21,7,6+ Feet - Wide Open,0.135,3,7,0.429,0.643,0.0,0,0,,0.135,3,7,0.429,2025-26,Regular Season
1628370,"Monk, Malik",1,59,12,0-2 Feet - Very Tight,0.019,7,12,0.583,0.708,0.01,4,6,0.667,0.01,3,6,0.5,2025-26,Regular Season
1628370,"Monk, Malik",2,59,32,2-4 Feet - Tight,0.086,19,53,0.358,0.462,0.034,8,21,0.381,0.052,11,32,0.344,2025-26,Regular Season
1628370,"Monk, Malik",3,59,57,4-6 Feet - Open,0.33,73,204,0.358,0.468,0.125,28,77,0.364,0.206,45,127,0.354,2025-26,Regular Season
1628370,"Monk, Malik",4,59,52,6+ Feet - Wide Open,0.251,68,155,0.439,0.635,0.023,7,14,0.5,0.228,61,141,0.433,2025-26,Regular Season
1630699,"Beauchamp, MarJon",2,12,4,2-4 Feet - Tight,0.068,1,5,0.2,0.3,0.027,0,2,0.0,0.041,1,3,0.333,2025-26,Regular Season
1630699,"Beauchamp, MarJon",3,12,9,4-6 Feet - Open,0.324,8,24,0.333,0.458,0.054,2,4,0.5,0.27,6,20,0.3,2025-26,Regular Season
1630699,"Beauchamp, MarJon",4,12,7,6+ Feet - Wide Open,0.311,9,23,0.391,0.587,0.0,0,0,,0.311,9,23,0.391,2025-26,Regular Season
1631204,"Sasser, Marcus",1,33,2,0-2 Feet - Very Tight,0.013,1,2,0.5,0.5,0.013,1,2,0.5,0.0,0,0,,2025-26,Regular Season
1631204,"Sasser, Marcus",2,33,4,2-4 Feet - Tight,0.025,0,4,0.0,0.0,0.019,0,3,0.0,0.006,0,1,0.0,2025-26,Regular Season
1631204,"Sasser, Marcus",3,33,23,4-6 Feet - Open,0.312,15,49,0.306,0.429,0.127,3,20,0.15,0.185,12,29,0.414,2025-26,Regular Season
1631204,"Sasser, Marcus",4,33,25,6+ Feet - Wide Open,0.459,32,72,0.444,0.646,0.038,3,6,0.5,0.42,29,66,0.439,2025-26,Regular Season
203935,"Smart, Marcus",1,60,2,0-2 Feet - Very Tight,0.004,0,2,0.0,0.0,0.004,0,2,0.0,0.0,0,0,,2025-26,Regular Season
203935,"Smart, Marcus",2,60,27,2-4 Feet - Tight,0.071,13,33,0.394,0.424,0.043,11,20,0.55,0.028,2,13,0.154,2025-26,Regular Season
203935,"Smart, Marcus",3,60,42,4-6 Feet - Open,0.218,37,101,0.366,0.49,0.045,12,21,0.571,0.172,25,80,0.313,2025-26,Regular Season
203935,"Smart, Marcus",4,60,59,6+ Feet - Wide Open,0.429,72,199,0.362,0.535,0.013,3,6,0.5,0.416,69,193,0.358,2025-26,Regular Season
1641813,"Sears, Mark",3,7,4,4-6 Feet - Open,0.462,3,6,0.5,0.667,0.154,1,2,0.5,0.308,2,4,0.5,2025-26,Regular Season
1641813,"Sears, Mark",4,7,3,6+ Feet - Wide Open,0.308,2,4,0.5,0.75,0.0,0,0,,0.308,2,4,0.5,2025-26,Regular Season
1631109,"Williams, Mark",2,57,9,2-4 Feet - Tight,0.026,5,11,0.455,0.455,0.026,5,11,0.455,0.0,0,0,,2025-26,Regular Season
1631109,"Williams, Mark",3,57,14,4-6 Feet - Open,0.033,5,14,0.357,0.357,0.033,5,14,0.357,0.0,0,0,,2025-26,Regular Season
1631109,"Williams, Mark",4,57,6,6+ Feet - Wide Open,0.014,4,6,0.667,0.75,0.012,3,5,0.6,0.002,1,1,1.0,2025-26,Regular Season
1628365,"Fultz, Markelle",2,5,4,2-4 Feet - Tight,0.455,1,5,0.2,0.2,0.455,1,5,0.2,0.0,0,0,,2025-26,Regular Season
1628365,"Fultz, Markelle",3,5,1,4-6 Feet - Open,0.091,0,1,0.0,0.0,0.091,0,1,0.0,0.0,0,0,,2025-26,Regular Season
1628365,"Fultz, Markelle",4,5,1,6+ Feet - Wide Open,0.091,0,1,0.0,0.0,0.091,0,1,0.0,0.0,0,0,,2025-26,Regular Season
1628963,"Bagley III, Marvin",2,56,3,2-4 Feet - Tight,0.023,2,3,0.667,0.667,0.023,2,3,0.667,0.0,0,0,,2025-26,Regular Season
1628963,"Bagley III, Marvin",3,56,4,4-6 Feet - Open,0.03,2,4,0.5,0.625,0.015,1,2,0.5,0.015,1,2,0.5,2025-26,Regular Season
1628963,"Bagley III, Marvin",4,56,12,6+ Feet - Wide Open,0.159,10,21,0.476,0.714,0.0,0,0,,0.159,10,21,0.476,2025-26,Regular Season
1641824,"Buzelis, Matas",2,76,40,2-4 Feet - Tight,0.066,14,62,0.226,0.323,0.013,2,12,0.167,0.053,12,50,0.24,2025-26,Regular Season
1641824,"Buzelis, Matas",3,76,73,4-6 Feet - Open,0.291,95,275,0.345,0.507,0.014,6,13,0.462,0.277,89,262,0.34,2025-26,Regular Season
1641824,"Buzelis, Matas",4,76,71,6+ Feet - Wide Open,0.185,73,175,0.417,0.623,0.001,1,1,1.0,0.184,72,174,0.414,2025-26,Regular Season
1629680,"Thybulle, Matisse",2,26,2,2-4 Feet - Tight,0.018,1,2,0.5,0.5,0.009,1,1,1.0,0.009,0,1,0.0,2025-26,Regular Season
1629680,"Thybulle, Matisse",3,26,14,4-6 Feet - Open,0.204,8,23,0.348,0.522,0.0,0,0,,0.204,8,23,0.348,2025-26,Regular Season
1629680,"Thybulle, Matisse",4,26,21,6+ Feet - Wide Open,0.496,23,56,0.411,0.616,0.009,0,1,0.0,0.487,23,55,0.418,2025-26,Regular Season
1631108,"Christie, Max",1,72,2,0-2 Feet - Very Tight,0.003,0,2,0.0,0.0,0.001,0,1,0.0,0.001,0,1,0.0,2025-26,Regular Season
1631108,"Christie, Max",2,72,50,2-4 Feet - Tight,0.119,27,81,0.333,0.432,0.038,11,26,0.423,0.081,16,55,0.291,2025-26,Regular Season
1631108,"Christie, Max",3,72,68,4-6 Feet - Open,0.369,98,250,0.392,0.556,0.069,16,47,0.34,0.299,82,203,0.404,2025-26,Regular Season
1631108,"Christie, Max",4,72,63,6+ Feet - Wide Open,0.236,73,160,0.456,0.669,0.01,5,7,0.714,0.226,68,153,0.444,2025-26,Regular Season
1642917,"Shulga, Max",2,9,1,2-4 Feet - Tight,0.25,0,1,0.0,0.0,0.25,0,1,0.0,0.0,0,0,,2025-26,Regular Season
1642917,"Shulga, Max",3,9,2,4-6 Feet - Open,0.5,0,2,0.0,0.0,0.25,0,1,0.0,0.25,0,1,0.0,2025-26,Regular Season
1629622,"Strus, Max",2,8,7,2-4 Feet - Tight,0.197,7,14,0.5,0.75,0.014,0,1,0.0,0.183,7,13,0.538,2025-26,Regular Season
1629622,"Strus, Max",3,8,8,4-6 Feet - Open,0.352,14,25,0.56,0.84,0.0,0,0,,0.352,14,25,0.56,2025-26,Regular Season
1629622,"Strus, Max",4,8,6,6+ Feet - Wide Open,0.282,8,20,0.4,0.6,0.0,0,0,,0.282,8,20,0.4,2025-26,Regular Season
1628467,"Kleber, Maxi",2,38,3,2-4 Feet - Tight,0.048,1,3,0.333,0.333,0.048,1,3,0.333,0.0,0,0,,2025-26,Regular Season
1628467,"Kleber, Maxi",3,38,7,4-6 Feet - Open,0.111,2,7,0.286,0.357,0.079,1,5,0.2,0.032,1,2,0.5,2025-26,Regular Season
1628467,"Kleber, Maxi",4,38,16,6+ Feet - Wide Open,0.349,6,22,0.273,0.386,0.016,1,1,1.0,0.333,5,21,0.238,2025-26,Regular Season
1642875,"Raynaud, Maxime",1,70,2,0-2 Feet - Very Tight,0.003,2,2,1.0,1.0,0.003,2,2,1.0,0.0,0,0,,2025-26,Regular Season
1642875,"Raynaud, Maxime",2,70,18,2-4 Feet - Tight,0.039,7,24,0.292,0.292,0.037,7,23,0.304,0.002,0,1,0.0,2025-26,Regular Season
1642875,"Raynaud, Maxime",3,70,44,4-6 Feet - Open,0.124,35,77,0.455,0.468,0.096,33,60,0.55,0.027,2,17,0.118,2025-26,Regular Season
1642875,"Raynaud, Maxime",4,70,40,6+ Feet - Wide Open,0.093,22,58,0.379,0.526,0.019,5,12,0.417,0.074,17,46,0.37,2025-26,Regular Season
1642877,"Peavy, Micah",2,57,6,2-4 Feet - Tight,0.025,0,6,0.0,0.0,0.021,0,5,0.0,0.004,0,1,0.0,2025-26,Regular Season
1642877,"Peavy, Micah",3,57,23,4-6 Feet - Open,0.143,9,34,0.265,0.324,0.068,5,16,0.313,0.076,4,18,0.222,2025-26,Regular Season
1642877,"Peavy, Micah",4,57,39,6+ Feet - Wide Open,0.342,22,81,0.272,0.389,0.025,3,6,0.5,0.316,19,75,0.253,2025-26,Regular Season
1630695,"Potter, Micah",2,42,1,2-4 Feet - Tight,0.004,0,1,0.0,0.0,0.004,0,1,0.0,0.0,0,0,,2025-26,Regular Season
1630695,"Potter, Micah",3,42,27,4-6 Feet - Open,0.2,19,48,0.396,0.583,0.008,1,2,0.5,0.192,18,46,0.391,2025-26,Regular Season
1630695,"Potter, Micah",4,42,35,6+ Feet - Wide Open,0.413,44,99,0.444,0.657,0.021,2,5,0.4,0.392,42,94,0.447,2025-26,Regular Season
1629008,"Porter Jr., Michael",1,52,12,0-2 Feet - Very Tight,0.016,7,15,0.467,0.633,0.002,2,2,1.0,0.014,5,13,0.385,2025-26,Regular Season
1629008,"Porter Jr., Michael",2,52,52,2-4 Feet - Tight,0.355,113,340,0.332,0.459,0.077,27,74,0.365,0.278,86,266,0.323,2025-26,Regular Season
1629008,"Porter Jr., Michael",3,52,48,4-6 Feet - Open,0.256,95,245,0.388,0.514,0.09,33,86,0.384,0.166,62,159,0.39,2025-26,Regular Season
1629008,"Porter Jr., Michael",4,52,34,6+ Feet - Wide Open,0.061,26,58,0.448,0.647,0.011,3,11,0.273,0.049,23,47,0.489,2025-26,Regular Season
1628969,"Bridges, Mikal",2,78,65,2-4 Feet - Tight,0.14,50,131,0.382,0.481,0.058,24,54,0.444,0.082,26,77,0.338,2025-26,Regular Season
1628969,"Bridges, Mikal",3,78,76,4-6 Feet - Open,0.399,151,373,0.405,0.503,0.185,78,173,0.451,0.214,73,200,0.365,2025-26,Regular Season
1628969,"Bridges, Mikal",4,78,72,6+ Feet - Wide Open,0.186,80,174,0.46,0.612,0.044,27,41,0.659,0.142,53,133,0.398,2025-26,Regular Season
201144,"Conley, Mike",2,51,12,2-4 Feet - Tight,0.065,2,13,0.154,0.154,0.035,2,7,0.286,0.03,0,6,0.0,2025-26,Regular Season
201144,"Conley, Mike",3,51,31,4-6 Feet - Open,0.245,12,49,0.245,0.306,0.055,6,11,0.545,0.19,6,38,0.158,2025-26,Regular Season
201144,"Conley, Mike",4,51,46,6+ Feet - Wide Open,0.57,42,114,0.368,0.553,0.02,0,4,0.0,0.55,42,110,0.382,2025-26,Regular Season
1628970,"Bridges, Miles",1,73,5,0-2 Feet - Very Tight,0.005,2,5,0.4,0.5,0.004,1,4,0.25,0.001,1,1,1.0,2025-26,Regular Season
1628970,"Bridges, Miles",2,73,30,2-4 Feet - Tight,0.038,9,38,0.237,0.263,0.017,7,17,0.412,0.021,2,21,0.095,2025-26,Regular Season
1628970,"Bridges, Miles",3,73,67,4-6 Feet - Open,0.212,69,213,0.324,0.462,0.033,10,33,0.303,0.179,59,180,0.328,2025-26,Regular Season
1628970,"Bridges, Miles",4,73,68,6+ Feet - Wide Open,0.236,83,237,0.35,0.519,0.008,3,8,0.375,0.228,80,229,0.349,2025-26,Regular Season
1642939,"Kelly, Miles",2,14,2,2-4 Feet - Tight,0.045,1,2,0.5,0.5,0.023,1,1,1.0,0.023,0,1,0.0,2025-26,Regular Season
1642939,"Kelly, Miles",3,14,6,4-6 Feet - Open,0.227,3,10,0.3,0.4,0.045,1,2,0.5,0.182,2,8,0.25,2025-26,Regular Season
1642939,"Kelly, Miles",4,14,8,6+ Feet - Wide Open,0.568,9,25,0.36,0.52,0.023,1,1,1.0,0.545,8,24,0.333,2025-26,Regular Season
1630540,"McBride, Miles",1,38,2,0-2 Feet - Very Tight,0.011,2,4,0.5,0.625,0.003,1,1,1.0,0.008,1,3,0.333,2025-26,Regular Season
1630540,"McBride, Miles",2,38,34,2-4 Feet - Tight,0.291,46,110,0.418,0.55,0.111,17,42,0.405,0.18,29,68,0.426,2025-26,Regular Season
1630540,"McBride, Miles",3,38,36,4-6 Feet - Open,0.373,57,141,0.404,0.571,0.066,10,25,0.4,0.307,47,116,0.405,2025-26,Regular Season
1630540,"McBride, Miles",4,38,35,6+ Feet - Wide Open,0.193,30,73,0.411,0.603,0.013,2,5,0.4,0.18,28,68,0.412,2025-26,Regular Season
1628964,"Bamba, Mo",3,4,1,4-6 Feet - Open,0.111,1,1,1.0,1.0,0.111,1,1,1.0,0.0,0,0,,2025-26,Regular Season
1642885,"Diawara, Mohamed",2,67,4,2-4 Feet - Tight,0.02,3,4,0.75,1.0,0.01,1,2,0.5,0.01,2,2,1.0,2025-26,Regular Season
1642885,"Diawara, Mohamed",3,67,18,4-6 Feet - Open,0.119,8,24,0.333,0.458,0.025,2,5,0.4,0.094,6,19,0.316,2025-26,Regular Season
1642885,"Diawara, Mohamed",4,67,42,6+ Feet - Wide Open,0.55,47,111,0.423,0.604,0.045,7,9,0.778,0.505,40,102,0.392,2025-26,Regular Season
1628420,"Morris, Monte",2,6,1,2-4 Feet - Tight,0.05,1,1,1.0,1.0,0.05,1,1,1.0,0.0,0,0,,2025-26,Regular Season
1628420,"Morris, Monte",3,6,3,4-6 Feet - Open,0.25,0,5,0.0,0.0,0.05,0,1,0.0,0.2,0,4,0.0,2025-26,Regular Season
1628420,"Morris, Monte",4,6,2,6+ Feet - Wide Open,0.2,2,4,0.5,0.75,0.0,0,0,,0.2,2,4,0.5,2025-26,Regular Season
1629021,"Wagner, Moritz",2,34,3,2-4 Feet - Tight,0.016,0,3,0.0,0.0,0.011,0,2,0.0,0.005,0,1,0.0,2025-26,Regular Season
1629021,"Wagner, Moritz",3,34,11,4-6 Feet - Open,0.091,6,17,0.353,0.529,0.005,0,1,0.0,0.086,6,16,0.375,2025-26,Regular Season
1629021,"Wagner, Moritz",4,34,26,6+ Feet - Wide Open,0.274,16,51,0.314,0.461,0.005,1,1,1.0,0.269,15,50,0.3,2025-26,Regular Season
1630541,"Moody, Moses",1,60,3,0-2 Feet - Very Tight,0.005,1,3,0.333,0.333,0.004,1,2,0.5,0.002,0,1,0.0,2025-26,Regular Season
1630541,"Moody, Moses",2,60,46,2-4 Feet - Tight,0.176,32,98,0.327,0.459,0.045,6,25,0.24,0.131,26,73,0.356,2025-26,Regular Season
1630541,"Moody, Moses",3,60,59,4-6 Feet - Open,0.327,77,182,0.423,0.607,0.038,10,21,0.476,0.289,67,161,0.416,2025-26,Regular Season
1630541,"Moody, Moses",4,60,56,6+ Feet - Wide Open,0.26,59,145,0.407,0.607,0.005,1,3,0.333,0.255,58,142,0.408,2025-26,Regular Season
1631243,"Gueye, Mouhamed",2,74,6,2-4 Feet - Tight,0.021,0,6,0.0,0.0,0.014,0,4,0.0,0.007,0,2,0.0,2025-26,Regular Season
1631243,"Gueye, Mouhamed",3,74,21,4-6 Feet - Open,0.121,7,34,0.206,0.265,0.05,3,14,0.214,0.071,4,20,0.2,2025-26,Regular Season
1631243,"Gueye, Mouhamed",4,74,51,6+ Feet - Wide Open,0.387,37,109,0.339,0.495,0.025,3,7,0.429,0.362,34,102,0.333,2025-26,Regular Season
1631217,"Diabaté, Moussa",2,69,2,2-4 Feet - Tight,0.006,0,2,0.0,0.0,0.006,0,2,0.0,0.0,0,0,,2025-26,Regular Season
1631217,"Diabaté, Moussa",3,69,10,4-6 Feet - Open,0.032,5,11,0.455,0.455,0.029,5,10,0.5,0.003,0,1,0.0,2025-26,Regular Season
1631217,"Diabaté, Moussa",4,69,3,6+ Feet - Wide Open,0.009,3,3,1.0,1.167,0.006,2,2,1.0,0.003,1,1,1.0,2025-26,Regular Season
1626167,"Turner, Myles",1,69,1,0-2 Feet - Very Tight,0.002,0,1,0.0,0.0,0.002,0,1,0.0,0.0,0,0,,2025-26,Regular Season
1626167,"Turner, Myles",2,69,21,2-4 Feet - Tight,0.048,10,30,0.333,0.383,0.024,7,15,0.467,0.024,3,15,0.2,2025-26,Regular Season
1626167,"Turner, Myles",3,69,58,4-6 Feet - Open,0.224,49,139,0.353,0.478,0.06,14,37,0.378,0.164,35,102,0.343,2025-26,Regular Season
1626167,"Turner, Myles",4,69,68,6+ Feet - Wide Open,0.446,117,277,0.422,0.616,0.031,10,19,0.526,0.415,107,258,0.415,2025-26,Regular Season
1642066,"Gardner, Myron",1,41,1,0-2 Feet - Very Tight,0.008,0,1,0.0,0.0,0.008,0,1,0.0,0.0,0,0,,2025-26,Regular Season
1642066,"Gardner, Myron",3,41,15,4-6 Feet - Open,0.143,4,17,0.235,0.324,0.042,1,5,0.2,0.101,3,12,0.25,2025-26,Regular Season
1642066,"Gardner, Myron",4,41,28,6+ Feet - Wide Open,0.445,23,53,0.434,0.651,0.008,0,1,0.0,0.437,23,52,0.442,2025-26,Regular Season
1642368,"Dante, N'Faly",3,4,1,4-6 Feet - Open,0.25,0,1,0.0,0.0,0.25,0,1,0.0,0.0,0,0,,2025-26,Regular Season
1641772,"Tomlin, Nae'Qwan",2,60,2,2-4 Feet - Tight,0.007,0,2,0.0,0.0,0.004,0,1,0.0,0.004,0,1,0.0,2025-26,Regular Season
1641772,"Tomlin, Nae'Qwan",3,60,15,4-6 Feet - Open,0.084,5,24,0.208,0.313,0.004,0,1,0.0,0.081,5,23,0.217,2025-26,Regular Season
1641772,"Tomlin, Nae'Qwan",4,60,42,6+ Feet - Wide Open,0.277,16,79,0.203,0.304,0.0,0,0,,0.277,16,79,0.203,2025-26,Regular Season
1630230,"Marshall, Naji",1,72,6,0-2 Feet - Very Tight,0.008,2,6,0.333,0.333,0.005,2,4,0.5,0.003,0,2,0.0,2025-26,Regular Season
1630230,"Marshall, Naji",2,72,46,2-4 Feet - Tight,0.106,37,85,0.435,0.441,0.091,36,73,0.493,0.015,1,12,0.083,2025-26,Regular Season
1630230,"Marshall, Naji",3,72,58,4-6 Feet - Open,0.176,46,141,0.326,0.39,0.079,28,63,0.444,0.098,18,78,0.231,2025-26,Regular Season
1630230,"Marshall, Naji",4,72,56,6+ Feet - Wide Open,0.154,46,123,0.374,0.549,0.008,3,6,0.5,0.146,43,117,0.368,2025-26,Regular Season
1631466,"Williams, Nate",2,12,1,2-4 Feet - Tight,0.016,0,1,0.0,0.0,0.016,0,1,0.0,0.0,0,0,,2025-26,Regular Season
1631466,"Williams, Nate",3,12,3,4-6 Feet - Open,0.047,2,3,0.667,1.0,0.0,0,0,,0.047,2,3,0.667,2025-26,Regular Season
1631466,"Williams, Nate",4,12,9,6+ Feet - Wide Open,0.281,7,18,0.389,0.583,0.0,0,0,,0.281,7,18,0.389,2025-26,Regular Season
1629675,"Reid, Naz",1,74,2,0-2 Feet - Very Tight,0.002,1,2,0.5,0.5,0.002,1,2,0.5,0.0,0,0,,2025-26,Regular Season
1629675,"Reid, Naz",2,74,40,2-4 Feet - Tight,0.089,24,73,0.329,0.363,0.062,19,51,0.373,0.027,5,22,0.227,2025-26,Regular Season
1629675,"Reid, Naz",3,74,66,4-6 Feet - Open,0.209,70,172,0.407,0.561,0.039,17,32,0.531,0.17,53,140,0.379,2025-26,Regular Season
1629675,"Reid, Naz",4,74,71,6+ Feet - Wide Open,0.33,101,272,0.371,0.553,0.006,2,5,0.4,0.324,99,267,0.371,2025-26,Regular Season
1629674,"Queta, Neemias",2,72,4,2-4 Feet - Tight,0.011,1,5,0.2,0.2,0.011,1,5,0.2,0.0,0,0,,2025-26,Regular Season
1629674,"Queta, Neemias",3,72,19,4-6 Feet - Open,0.044,5,21,0.238,0.238,0.042,5,20,0.25,0.002,0,1,0.0,2025-26,Regular Season
1629674,"Queta, Neemias",4,72,8,6+ Feet - Wide Open,0.017,1,8,0.125,0.125,0.004,1,2,0.5,0.013,0,6,0.0,2025-26,Regular Season
1629651,"Claxton, Nic",2,69,10,2-4 Feet - Tight,0.019,3,11,0.273,0.273,0.019,3,11,0.273,0.0,0,0,,2025-26,Regular Season
1629651,"Claxton, Nic",3,69,25,4-6 Feet - Open,0.053,8,31,0.258,0.258,0.045,8,26,0.308,0.009,0,5,0.0,2025-26,Regular Season
1629651,"Claxton, Nic",4,69,21,6+ Feet - Wide Open,0.039,5,23,0.217,0.283,0.015,2,9,0.222,0.024,3,14,0.214,2025-26,Regular Season
1630208,"Richards, Nick",2,48,4,2-4 Feet - Tight,0.039,0,5,0.0,0.0,0.031,0,4,0.0,0.008,0,1,0.0,2025-26,Regular Season
1630208,"Richards, Nick",3,48,5,4-6 Feet - Open,0.047,3,6,0.5,0.583,0.023,2,3,0.667,0.023,1,3,0.333,2025-26,Regular Season
1630208,"Richards, Nick",4,48,11,6+ Feet - Wide Open,0.117,4,15,0.267,0.4,0.008,0,1,0.0,0.109,4,14,0.286,2025-26,Regular Season
1641733,"Smith Jr., Nick",1,25,1,0-2 Feet - Very Tight,0.008,1,1,1.0,1.0,0.008,1,1,1.0,0.0,0,0,,2025-26,Regular Season
1641733,"Smith Jr., Nick",2,25,11,2-4 Feet - Tight,0.154,9,20,0.45,0.475,0.138,8,18,0.444,0.015,1,2,0.5,2025-26,Regular Season
1641733,"Smith Jr., Nick",3,25,21,4-6 Feet - Open,0.3,14,39,0.359,0.449,0.154,7,20,0.35,0.146,7,19,0.368,2025-26,Regular Season
1641733,"Smith Jr., Nick",4,25,20,6+ Feet - Wide Open,0.4,21,52,0.404,0.567,0.046,4,6,0.667,0.354,17,46,0.37,2025-26,Regular Season
1629638,"Alexander-Walker, Nickeil",1,75,4,0-2 Feet - Very Tight,0.003,1,4,0.25,0.25,0.003,1,3,0.333,0.001,0,1,0.0,2025-26,Regular Season
1629638,"Alexander-Walker, Nickeil",2,75,56,2-4 Feet - Tight,0.108,44,123,0.358,0.451,0.043,21,49,0.429,0.065,23,74,0.311,2025-26,Regular Season
1629638,"Alexander-Walker, Nickeil",3,75,75,4-6 Feet - Open,0.343,141,392,0.36,0.496,0.075,34,86,0.395,0.267,107,306,0.35,2025-26,Regular Season
1629638,"Alexander-Walker, Nickeil",4,75,71,6+ Feet - Wide Open,0.216,123,247,0.498,0.715,0.024,16,27,0.593,0.192,107,220,0.486,2025-26,Regular Season
201587,"Batum, Nicolas",2,71,10,2-4 Feet - Tight,0.052,3,12,0.25,0.375,0.004,0,1,0.0,0.048,3,11,0.273,2025-26,Regular Season
201587,"Batum, Nicolas",3,71,40,4-6 Feet - Open,0.247,16,57,0.281,0.421,0.009,0,2,0.0,0.238,16,55,0.291,2025-26,Regular Season
201587,"Batum, Nicolas",4,71,58,6+ Feet - Wide Open,0.688,72,159,0.453,0.67,0.017,3,4,0.75,0.671,69,155,0.445,2025-26,Regular Season
1628502,"Hayes-Davis, Nigel",2,27,6,2-4 Feet - Tight,0.13,2,6,0.333,0.333,0.13,2,6,0.333,0.0,0,0,,2025-26,Regular Season
1628502,"Hayes-Davis, Nigel",3,27,9,4-6 Feet - Open,0.304,5,14,0.357,0.393,0.174,4,8,0.5,0.13,1,6,0.167,2025-26,Regular Season
1628502,"Hayes-Davis, Nigel",4,27,8,6+ Feet - Wide Open,0.217,1,10,0.1,0.15,0.0,0,0,,0.217,1,10,0.1,2025-26,Regular Season
203999,"Jokić, Nikola",1,61,7,0-2 Feet - Very Tight,0.007,3,7,0.429,0.429,0.006,3,6,0.5,0.001,0,1,0.0,2025-26,Regular Season
203999,"Jokić, Nikola",2,61,47,2-4 Feet - Tight,0.114,53,120,0.442,0.488,0.07,42,74,0.568,0.044,11,46,0.239,2025-26,Regular Season
203999,"Jokić, Nikola",3,61,54,4-6 Feet - Open,0.208,100,219,0.457,0.584,0.068,44,71,0.62,0.141,56,148,0.378,2025-26,Regular Season
203999,"Jokić, Nikola",4,61,45,6+ Feet - Wide Open,0.097,49,102,0.48,0.686,0.015,7,16,0.438,0.082,42,86,0.488,2025-26,Regular Season
1631107,"Jović, Nikola",2,47,4,2-4 Feet - Tight,0.013,0,4,0.0,0.0,0.013,0,4,0.0,0.0,0,0,,2025-26,Regular Season
1631107,"Jović, Nikola",3,47,34,4-6 Feet - Open,0.224,15,69,0.217,0.319,0.029,1,9,0.111,0.195,14,60,0.233,2025-26,Regular Season
1631107,"Jović, Nikola",4,47,37,6+ Feet - Wide Open,0.347,31,107,0.29,0.43,0.013,1,4,0.25,0.334,30,103,0.291,2025-26,Regular Season
1642260,"Topić, Nikola",1,6,1,0-2 Feet - Very Tight,0.056,0,1,0.0,0.0,0.0,0,0,,0.056,0,1,0.0,2025-26,Regular Season
1642260,"Topić, Nikola",3,6,2,4-6 Feet - Open,0.167,2,3,0.667,0.833,0.111,1,2,0.5,0.056,1,1,1.0,2025-26,Regular Season
1642260,"Topić, Nikola",4,6,3,6+ Feet - Wide Open,0.222,1,4,0.25,0.375,0.0,0,0,,0.222,1,4,0.25,2025-26,Regular Season
202696,"Vučević, Nikola",1,60,2,0-2 Feet - Very Tight,0.018,1,2,0.5,0.5,0.018,1,2,0.5,0.0,0,0,,2025-26,Regular Season
202696,"Vučević, Nikola",2,60,4,2-4 Feet - Tight,0.036,2,4,0.5,0.5,0.036,2,4,0.5,0.0,0,0,,2025-26,Regular Season
202696,"Vučević, Nikola",3,60,9,4-6 Feet - Open,0.145,5,16,0.313,0.438,0.036,1,4,0.25,0.109,4,12,0.333,2025-26,Regular Season
202696,"Vučević, Nikola",4,60,9,6+ Feet - Wide Open,0.255,11,28,0.393,0.554,0.027,2,3,0.667,0.227,9,25,0.36,2025-26,Regular Season
1642363,"Clifford, Nique",1,71,3,0-2 Feet - Very Tight,0.006,1,3,0.333,0.333,0.006,1,3,0.333,0.0,0,0,,2025-26,Regular Season
1642363,"Clifford, Nique",2,71,30,2-4 Feet - Tight,0.078,12,42,0.286,0.31,0.065,10,35,0.286,0.013,2,7,0.286,2025-26,Regular Season
1642363,"Clifford, Nique",3,71,53,4-6 Feet - Open,0.26,53,140,0.379,0.475,0.126,26,68,0.382,0.134,27,72,0.375,2025-26,Regular Season
1642363,"Clifford, Nique",4,71,59,6+ Feet - Wide Open,0.284,50,153,0.327,0.467,0.035,7,19,0.368,0.249,43,134,0.321,2025-26,Regular Season
1642855,"Essengue, Noa",4,2,2,6+ Feet - Wide Open,0.667,0,2,0.0,0.0,0.0,0,0,,0.667,0,2,0.0,2025-26,Regular Season
1641730,"Clowney, Noah",1,66,1,0-2 Feet - Very Tight,0.002,0,1,0.0,0.0,0.002,0,1,0.0,0.0,0,0,,2025-26,Regular Season
1641730,"Clowney, Noah",2,66,35,2-4 Feet - Tight,0.089,12,56,0.214,0.277,0.033,5,21,0.238,0.055,7,35,0.2,2025-26,Regular Season
1641730,"Clowney, Noah",3,66,63,4-6 Feet - Open,0.29,52,183,0.284,0.415,0.021,4,13,0.308,0.269,48,170,0.282,2025-26,Regular Season
1641730,"Clowney, Noah",4,66,60,6+ Feet - Wide Open,0.303,78,191,0.408,0.602,0.006,4,4,1.0,0.296,74,187,0.396,2025-26,Regular Season
1642869,"Penda, Noah",1,56,1,0-2 Feet - Very Tight,0.005,0,1,0.0,0.0,0.0,0,0,,0.005,0,1,0.0,2025-26,Regular Season
1642869,"Penda, Noah",2,56,10,2-4 Feet - Tight,0.06,2,12,0.167,0.208,0.035,1,7,0.143,0.025,1,5,0.2,2025-26,Regular Season
1642869,"Penda, Noah",3,56,21,4-6 Feet - Open,0.141,7,28,0.25,0.357,0.015,1,3,0.333,0.126,6,25,0.24,2025-26,Regular Season
1642869,"Penda, Noah",4,56,30,6+ Feet - Wide Open,0.307,25,61,0.41,0.598,0.01,2,2,1.0,0.296,23,59,0.39,2025-26,Regular Season
1642849,"Traore, Nolan",1,53,2,0-2 Feet - Very Tight,0.004,1,2,0.5,0.5,0.002,1,1,1.0,0.002,0,1,0.0,2025-26,Regular Season
1642849,"Traore, Nolan",2,53,31,2-4 Feet - Tight,0.092,9,41,0.22,0.28,0.047,4,21,0.19,0.045,5,20,0.25,2025-26,Regular Season
1642849,"Traore, Nolan",3,53,48,4-6 Feet - Open,0.229,27,102,0.265,0.358,0.061,8,27,0.296,0.169,19,75,0.253,2025-26,Regular Season
1642849,"Traore, Nolan",4,53,40,6+ Feet - Wide Open,0.175,31,78,0.397,0.59,0.007,1,3,0.333,0.169,30,75,0.4,2025-26,Regular Season
1641807,"Omier, Norchad",3,3,1,4-6 Feet - Open,0.2,0,1,0.0,0.0,0.0,0,0,,0.2,0,1,0.0,2025-26,Regular Season
1626181,"Powell, Norman",1,55,9,0-2 Feet - Very Tight,0.01,3,9,0.333,0.333,0.006,3,5,0.6,0.005,0,4,0.0,2025-26,Regular Season
1626181,"Powell, Norman",2,55,52,2-4 Feet - Tight,0.215,73,185,0.395,0.497,0.074,35,64,0.547,0.141,38,121,0.314,2025-26,Regular Season
1626181,"Powell, Norman",3,55,55,4-6 Feet - Open,0.266,87,229,0.38,0.526,0.063,20,54,0.37,0.203,67,175,0.383,2025-26,Regular Season
1626181,"Powell, Norman",4,55,45,6+ Feet - Wide Open,0.117,50,101,0.495,0.723,0.009,4,8,0.5,0.108,46,93,0.495,2025-26,Regular Season
1628384,"Anunoby, OG",1,64,1,0-2 Feet - Very Tight,0.001,0,1,0.0,0.0,0.001,0,1,0.0,0.0,0,0,,2025-26,Regular Season
1628384,"Anunoby, OG",2,64,38,2-4 Feet - Tight,0.082,16,64,0.25,0.344,0.03,4,23,0.174,0.053,12,41,0.293,2025-26,Regular Season
1628384,"Anunoby, OG",3,64,62,4-6 Feet - Open,0.29,87,225,0.387,0.547,0.05,15,39,0.385,0.24,72,186,0.387,2025-26,Regular Season
1628384,"Anunoby, OG",4,64,55,6+ Feet - Wide Open,0.216,68,168,0.405,0.601,0.01,2,8,0.25,0.206,66,160,0.413,2025-26,Regular Season
1630167,"Toppin, Obi",1,19,1,0-2 Feet - Very Tight,0.007,0,1,0.0,0.0,0.007,0,1,0.0,0.0,0,0,,2025-26,Regular Season
1630167,"Toppin, Obi",2,19,8,2-4 Feet - Tight,0.07,3,10,0.3,0.3,0.035,3,5,0.6,0.035,0,5,0.0,2025-26,Regular Season
1630167,"Toppin, Obi",3,19,17,4-6 Feet - Open,0.218,8,31,0.258,0.323,0.042,4,6,0.667,0.176,4,25,0.16,2025-26,Regular Season
1630167,"Toppin, Obi",4,19,16,6+ Feet - Wide Open,0.359,22,51,0.431,0.637,0.021,1,3,0.333,0.338,21,48,0.438,2025-26,Regular Season
1630534,"Agbaji, Ochai",2,61,4,2-4 Feet - Tight,0.04,0,4,0.0,0.0,0.01,0,1,0.0,0.03,0,3,0.0,2025-26,Regular Season
1630534,"Agbaji, Ochai",3,61,12,4-6 Feet - Open,0.182,4,18,0.222,0.25,0.061,3,6,0.5,0.121,1,12,0.083,2025-26,Regular Season
1630534,"Agbaji, Ochai",4,61,15,6+ Feet - Wide Open,0.465,20,46,0.435,0.641,0.02,1,2,0.5,0.444,19,44,0.432,2025-26,Regular Season
1641765,"Prosper, Olivier-Maxence",2,51,3,2-4 Feet - Tight,0.009,0,3,0.0,0.0,0.006,0,2,0.0,0.003,0,1,0.0,2025-26,Regular Season
1641765,"Prosper, Olivier-Maxence",3,51,20,4-6 Feet - Open,0.079,6,26,0.231,0.346,0.015,0,5,0.0,0.064,6,21,0.286,2025-26,Regular Season
1641765,"Prosper, Olivier-Maxence",4,51,39,6+ Feet - Wide Open,0.372,50,122,0.41,0.611,0.018,1,6,0.167,0.354,49,116,0.422,2025-26,Regular Season
1630209,"Yurtseven, Omer",2,9,1,2-4 Feet - Tight,0.038,0,1,0.0,0.0,0.038,0,1,0.0,0.0,0,0,,2025-26,Regular Season
1630209,"Yurtseven, Omer",3,9,2,4-6 Feet - Open,0.077,0,2,0.0,0.0,0.0,0,0,,0.077,0,2,0.0,2025-26,Regular Season
1630209,"Yurtseven, Omer",4,9,2,6+ Feet - Wide Open,0.154,2,4,0.5,0.5,0.077,2,2,1.0,0.077,0,2,0.0,2025-26,Regular Season
1630168,"Okongwu, Onyeka",2,71,29,2-4 Feet - Tight,0.047,14,39,0.359,0.41,0.032,10,27,0.37,0.014,4,12,0.333,2025-26,Regular Season
1630168,"Okongwu, Onyeka",3,71,53,4-6 Feet - Open,0.111,29,92,0.315,0.457,0.01,3,8,0.375,0.101,26,84,0.31,2025-26,Regular Season
1630168,"Okongwu, Onyeka",4,71,71,6+ Feet - Wide Open,0.339,114,282,0.404,0.601,0.007,3,6,0.5,0.332,111,276,0.402,2025-26,Regular Season
1631115,"Robinson, Orlando",4,4,2,6+ Feet - Wide Open,0.4,1,2,0.5,0.75,0.0,0,0,,0.4,1,2,0.5,2025-26,Regular Season
1631131,"Tshiebwe, Oscar",2,23,1,2-4 Feet - Tight,0.01,0,1,0.0,0.0,0.01,0,1,0.0,0.0,0,0,,2025-26,Regular Season
1631131,"Tshiebwe, Oscar",3,23,6,4-6 Feet - Open,0.068,4,7,0.571,0.571,0.068,4,7,0.571,0.0,0,0,,2025-26,Regular Season
1642345,"Ighodaro, Oso",2,77,12,2-4 Feet - Tight,0.035,4,12,0.333,0.333,0.035,4,12,0.333,0.0,0,0,,2025-26,Regular Season
1642345,"Ighodaro, Oso",3,77,23,4-6 Feet - Open,0.088,15,30,0.5,0.5,0.085,15,29,0.517,0.003,0,1,0.0,2025-26,Regular Season
1642345,"Ighodaro, Oso",4,77,2,6+ Feet - Wide Open,0.006,0,2,0.0,0.0,0.006,0,2,0.0,0.0,0,0,,2025-26,Regular Season
1631172,"Dieng, Ousmane",1,52,1,0-2 Feet - Very Tight,0.004,0,1,0.0,0.0,0.004,0,1,0.0,0.0,0,0,,2025-26,Regular Season
1631172,"Dieng, Ousmane",2,52,16,2-4 Feet - Tight,0.107,5,26,0.192,0.192,0.082,5,20,0.25,0.025,0,6,0.0,2025-26,Regular Season
1631172,"Dieng, Ousmane",3,52,23,4-6 Feet - Open,0.329,30,80,0.375,0.444,0.177,19,43,0.442,0.152,11,37,0.297,2025-26,Regular Season
1631172,"Dieng, Ousmane",4,52,25,6+ Feet - Wide Open,0.317,34,77,0.442,0.63,0.045,5,11,0.455,0.272,29,66,0.439,2025-26,Regular Season
1629023,"Washington, P.J.",2,55,25,2-4 Feet - Tight,0.043,7,28,0.25,0.321,0.022,3,14,0.214,0.022,4,14,0.286,2025-26,Regular Season
1629023,"Washington, P.J.",3,55,45,4-6 Feet - Open,0.181,39,117,0.333,0.453,0.032,11,21,0.524,0.148,28,96,0.292,2025-26,Regular Season
1629023,"Washington, P.J.",4,55,52,6+ Feet - Wide Open,0.192,42,124,0.339,0.5,0.011,2,7,0.286,0.181,40,117,0.342,2025-26,Regular Season
1641790,"Hall, PJ",2,19,1,2-4 Feet - Tight,0.02,0,1,0.0,0.0,0.02,0,1,0.0,0.0,0,0,,2025-26,Regular Season
1641790,"Hall, PJ",3,19,1,4-6 Feet - Open,0.02,0,1,0.0,0.0,0.02,0,1,0.0,0.0,0,0,,2025-26,Regular Season
1641790,"Hall, PJ",4,19,2,6+ Feet - Wide Open,0.04,2,2,1.0,1.5,0.0,0,0,,0.04,2,2,1.0,2025-26,Regular Season
1642359,"Dadiet, Pacôme",2,27,2,2-4 Feet - Tight,0.057,1,2,0.5,0.75,0.0,0,0,,0.057,1,2,0.5,2025-26,Regular Season
1642359,"Dadiet, Pacôme",3,27,10,4-6 Feet - Open,0.371,2,13,0.154,0.231,0.086,0,3,0.0,0.286,2,10,0.2,2025-26,Regular Season
1642359,"Dadiet, Pacôme",4,27,9,6+ Feet - Wide Open,0.4,3,14,0.214,0.321,0.029,0,1,0.0,0.371,3,13,0.231,2025-26,Regular Season
1631094,"Banchero, Paolo",1,67,3,0-2 Feet - Very Tight,0.003,1,3,0.333,0.333,0.003,1,3,0.333,0.0,0,0,,2025-26,Regular Season
1631094,"Banchero, Paolo",2,67,49,2-4 Feet - Tight,0.098,34,105,0.324,0.352,0.076,28,82,0.341,0.021,6,23,0.261,2025-26,Regular Season
1631094,"Banchero, Paolo",3,67,66,4-6 Feet - Open,0.249,86,268,0.321,0.375,0.14,57,151,0.377,0.109,29,117,0.248,2025-26,Regular Season
1631094,"Banchero, Paolo",4,67,53,6+ Feet - Wide Open,0.121,51,130,0.392,0.569,0.009,5,10,0.5,0.112,46,120,0.383,2025-26,Regular Season
1627783,"Siakam, Pascal",1,62,3,0-2 Feet - Very Tight,0.003,2,3,0.667,0.667,0.003,2,3,0.667,0.0,0,0,,2025-26,Regular Season
1627783,"Siakam, Pascal",2,62,51,2-4 Feet - Tight,0.089,41,103,0.398,0.408,0.075,39,87,0.448,0.014,2,16,0.125,2025-26,Regular Season
1627783,"Siakam, Pascal",3,62,61,4-6 Feet - Open,0.284,128,328,0.39,0.459,0.176,83,203,0.409,0.108,45,125,0.36,2025-26,Regular Season
1627783,"Siakam, Pascal",4,62,61,6+ Feet - Wide Open,0.165,71,190,0.374,0.526,0.033,13,38,0.342,0.132,58,152,0.382,2025-26,Regular Season
1626192,"Connaughton, Pat",2,39,2,2-4 Feet - Tight,0.024,0,2,0.0,0.0,0.0,0,0,,0.024,0,2,0.0,2025-26,Regular Season
1626192,"Connaughton, Pat",3,39,13,4-6 Feet - Open,0.229,4,19,0.211,0.289,0.024,1,2,0.5,0.205,3,17,0.176,2025-26,Regular Season
1626192,"Connaughton, Pat",4,39,19,6+ Feet - Wide Open,0.386,18,32,0.563,0.844,0.0,0,0,,0.386,18,32,0.563,2025-26,Regular Season
1630311,"Spencer, Pat",1,61,1,0-2 Feet - Very Tight,0.003,1,1,1.0,1.0,0.003,1,1,1.0,0.0,0,0,,2025-26,Regular Season
1630311,"Spencer, Pat",2,61,29,2-4 Feet - Tight,0.124,15,48,0.313,0.313,0.116,15,45,0.333,0.008,0,3,0.0,2025-26,Regular Season
1630311,"Spencer, Pat",3,61,37,4-6 Feet - Open,0.209,28,81,0.346,0.401,0.116,19,45,0.422,0.093,9,36,0.25,2025-26,Regular Season
1630311,"Spencer, Pat",4,61,43,6+ Feet - Wide Open,0.3,48,116,0.414,0.603,0.023,4,9,0.444,0.276,44,107,0.411,2025-26,Regular Season
1631116,"Baldwin Jr., Patrick",2,9,1,2-4 Feet - Tight,0.043,1,1,1.0,1.0,0.043,1,1,1.0,0.0,0,0,,2025-26,Regular Season
1631116,"Baldwin Jr., Patrick",3,9,4,4-6 Feet - Open,0.174,2,4,0.5,0.75,0.0,0,0,,0.174,2,4,0.5,2025-26,Regular Season
1631116,"Baldwin Jr., Patrick",4,9,4,6+ Feet - Wide Open,0.304,2,7,0.286,0.429,0.0,0,0,,0.304,2,7,0.286,2025-26,Regular Season
1630172,"Williams, Patrick",1,67,1,0-2 Feet - Very Tight,0.002,0,1,0.0,0.0,0.002,0,1,0.0,0.0,0,0,,2025-26,Regular Season
1630172,"Williams, Patrick",2,67,23,2-4 Feet - Tight,0.056,10,24,0.417,0.417,0.042,10,18,0.556,0.014,0,6,0.0,2025-26,Regular Season
1630172,"Williams, Patrick",3,67,54,4-6 Feet - Open,0.268,38,114,0.333,0.461,0.042,9,18,0.5,0.225,29,96,0.302,2025-26,Regular Season
1630172,"Williams, Patrick",4,67,62,6+ Feet - Wide Open,0.343,56,146,0.384,0.572,0.014,1,6,0.167,0.329,55,140,0.393,2025-26,Regular Season
202331,"George, Paul",1,32,3,0-2 Feet - Very Tight,0.007,1,3,0.333,0.333,0.004,1,2,0.5,0.002,0,1,0.0,2025-26,Regular Season
202331,"George, Paul",2,32,28,2-4 Feet - Tight,0.209,34,94,0.362,0.426,0.107,22,48,0.458,0.102,12,46,0.261,2025-26,Regular Season
202331,"George, Paul",3,32,32,4-6 Feet - Open,0.449,85,202,0.421,0.547,0.164,34,74,0.459,0.284,51,128,0.398,2025-26,Regular Season
202331,"George, Paul",4,32,26,6+ Feet - Wide Open,0.133,28,60,0.467,0.683,0.018,2,8,0.25,0.116,26,52,0.5,2025-26,Regular Season
1630194,"Reed, Paul",2,60,5,2-4 Feet - Tight,0.016,1,5,0.2,0.2,0.013,1,4,0.25,0.003,0,1,0.0,2025-26,Regular Season
1630194,"Reed, Paul",3,60,26,4-6 Feet - Open,0.122,13,37,0.351,0.405,0.079,9,24,0.375,0.043,4,13,0.308,2025-26,Regular Season
1630194,"Reed, Paul",4,60,23,6+ Feet - Wide Open,0.099,13,30,0.433,0.567,0.026,5,8,0.625,0.072,8,22,0.364,2025-26,Regular Season
1630202,"Pritchard, Payton",1,75,9,0-2 Feet - Very Tight,0.009,2,9,0.222,0.222,0.008,2,8,0.25,0.001,0,1,0.0,2025-26,Regular Season
1630202,"Pritchard, Payton",2,75,34,2-4 Feet - Tight,0.053,20,55,0.364,0.4,0.032,16,33,0.485,0.021,4,22,0.182,2025-26,Regular Season
1630202,"Pritchard, Payton",3,75,75,4-6 Feet - Open,0.365,160,379,0.422,0.513,0.167,91,173,0.526,0.199,69,206,0.335,2025-26,Regular Season
1630202,"Pritchard, Payton",4,75,74,6+ Feet - Wide Open,0.342,154,355,0.434,0.611,0.047,28,49,0.571,0.295,126,306,0.412,2025-26,Regular Season
1642362,"Sandfort, Payton",2,2,1,2-4 Feet - Tight,0.2,0,1,0.0,0.0,0.0,0,0,,0.2,0,1,0.0,2025-26,Regular Season
1642362,"Sandfort, Payton",3,2,1,4-6 Feet - Open,0.2,0,1,0.0,0.0,0.0,0,0,,0.2,0,1,0.0,2025-26,Regular Season
1642362,"Sandfort, Payton",4,2,2,6+ Feet - Wide Open,0.4,1,2,0.5,0.75,0.0,0,0,,0.4,1,2,0.5,2025-26,Regular Season
1641796,"Larsson, Pelle",1,67,2,0-2 Feet - Very Tight,0.004,0,2,0.0,0.0,0.004,0,2,0.0,0.0,0,0,,2025-26,Regular Season
1641796,"Larsson, Pelle",2,67,17,2-4 Feet - Tight,0.033,6,17,0.353,0.353,0.025,6,13,0.462,0.008,0,4,0.0,2025-26,Regular Season
1641796,"Larsson, Pelle",3,67,31,4-6 Feet - Open,0.078,12,40,0.3,0.413,0.01,3,5,0.6,0.068,9,35,0.257,2025-26,Regular Season
1641796,"Larsson, Pelle",4,67,56,6+ Feet - Wide Open,0.276,49,142,0.345,0.518,0.006,0,3,0.0,0.27,49,139,0.353,2025-26,Regular Season
1631250,"Nance, Pete",2,44,5,2-4 Feet - Tight,0.034,2,6,0.333,0.5,0.017,0,3,0.0,0.017,2,3,0.667,2025-26,Regular Season
1631250,"Nance, Pete",3,44,16,4-6 Feet - Open,0.146,14,26,0.538,0.808,0.006,0,1,0.0,0.14,14,25,0.56,2025-26,Regular Season
1631250,"Nance, Pete",4,44,33,6+ Feet - Wide Open,0.466,33,83,0.398,0.596,0.0,0,0,,0.466,33,83,0.398,2025-26,Regular Season
1631212,"Watson, Peyton",1,54,2,0-2 Feet - Very Tight,0.003,1,2,0.5,0.5,0.003,1,2,0.5,0.0,0,0,,2025-26,Regular Season
1631212,"Watson, Peyton",2,54,17,2-4 Feet - Tight,0.064,10,37,0.27,0.284,0.055,9,32,0.281,0.009,1,5,0.2,2025-26,Regular Season
1631212,"Watson, Peyton",3,54,35,4-6 Feet - Open,0.231,53,134,0.396,0.489,0.108,28,63,0.444,0.122,25,71,0.352,2025-26,Regular Season
1631212,"Watson, Peyton",4,54,47,6+ Feet - Wide Open,0.229,62,133,0.466,0.673,0.021,7,12,0.583,0.208,55,121,0.455,2025-26,Regular Season
1630173,"Achiuwa, Precious",2,69,16,2-4 Feet - Tight,0.038,7,21,0.333,0.333,0.035,7,19,0.368,0.004,0,2,0.0,2025-26,Regular Season
1630173,"Achiuwa, Precious",3,69,31,4-6 Feet - Open,0.091,15,50,0.3,0.37,0.044,8,24,0.333,0.047,7,26,0.269,2025-26,Regular Season
1630173,"Achiuwa, Precious",4,69,44,6+ Feet - Wide Open,0.111,20,61,0.328,0.492,0.002,0,1,0.0,0.109,20,60,0.333,2025-26,Regular Season
1629656,"Grimes, Quentin",1,70,3,0-2 Feet - Very Tight,0.004,0,3,0.0,0.0,0.001,0,1,0.0,0.003,0,2,0.0,2025-26,Regular Season
1629656,"Grimes, Quentin",2,70,45,2-4 Feet - Tight,0.121,26,86,0.302,0.407,0.027,8,19,0.421,0.094,18,67,0.269,2025-26,Regular Season
1629656,"Grimes, Quentin",3,70,69,4-6 Feet - Open,0.308,66,219,0.301,0.427,0.056,11,40,0.275,0.252,55,179,0.307,2025-26,Regular Season
1629656,"Grimes, Quentin",4,70,56,6+ Feet - Wide Open,0.177,53,126,0.421,0.611,0.015,5,11,0.455,0.162,48,115,0.417,2025-26,Regular Season
1631245,"Jackson, Quenton",2,44,13,2-4 Feet - Tight,0.049,2,13,0.154,0.154,0.03,2,8,0.25,0.019,0,5,0.0,2025-26,Regular Season
1631245,"Jackson, Quenton",3,44,27,4-6 Feet - Open,0.173,20,46,0.435,0.62,0.045,3,12,0.25,0.128,17,34,0.5,2025-26,Regular Season
1631245,"Jackson, Quenton",4,44,30,6+ Feet - Wide Open,0.244,22,65,0.338,0.5,0.015,1,4,0.25,0.229,21,61,0.344,2025-26,Regular Season
1642366,"Post, Quinten",2,67,16,2-4 Feet - Tight,0.046,10,20,0.5,0.6,0.023,6,10,0.6,0.023,4,10,0.4,2025-26,Regular Season
1642366,"Post, Quinten",3,67,46,4-6 Feet - Open,0.195,23,85,0.271,0.376,0.018,5,8,0.625,0.176,18,77,0.234,2025-26,Regular Season
1642366,"Post, Quinten",4,67,58,6+ Feet - Wide Open,0.451,74,197,0.376,0.556,0.018,3,8,0.375,0.432,71,189,0.376,2025-26,Regular Season
1629628,"Barrett, RJ",1,53,3,0-2 Feet - Very Tight,0.004,1,3,0.333,0.333,0.004,1,3,0.333,0.0,0,0,,2025-26,Regular Season
1629628,"Barrett, RJ",2,53,25,2-4 Feet - Tight,0.042,9,31,0.29,0.29,0.039,9,29,0.31,0.003,0,2,0.0,2025-26,Regular Season
1629628,"Barrett, RJ",3,53,45,4-6 Feet - Open,0.169,44,125,0.352,0.484,0.035,11,26,0.423,0.134,33,99,0.333,2025-26,Regular Season
1629628,"Barrett, RJ",4,53,52,6+ Feet - Wide Open,0.222,56,164,0.341,0.509,0.005,1,4,0.25,0.217,55,160,0.344,2025-26,Regular Season
1642853,"Fleming, Rasheer",2,51,4,2-4 Feet - Tight,0.021,1,4,0.25,0.375,0.005,0,1,0.0,0.016,1,3,0.333,2025-26,Regular Season
1642853,"Fleming, Rasheer",3,51,32,4-6 Feet - Open,0.291,14,55,0.255,0.382,0.016,0,3,0.0,0.275,14,52,0.269,2025-26,Regular Season
1642853,"Fleming, Rasheer",4,51,30,6+ Feet - Wide Open,0.328,24,62,0.387,0.581,0.011,0,2,0.0,0.317,24,60,0.4,2025-26,Regular Season
1642484,"Dennis, RayJ",3,16,1,4-6 Feet - Open,1.0,0,1,0.0,0.0,0.0,0,0,,1.0,0,1,0.0,2025-26,Regular Season
1641712,"Rupert, Rayan",2,61,5,2-4 Feet - Tight,0.047,2,5,0.4,0.5,0.037,1,4,0.25,0.009,1,1,1.0,2025-26,Regular Season
1641712,"Rupert, Rayan",3,61,11,4-6 Feet - Open,0.206,9,22,0.409,0.545,0.065,3,7,0.429,0.14,6,15,0.4,2025-26,Regular Season
1641712,"Rupert, Rayan",4,61,11,6+ Feet - Wide Open,0.252,10,27,0.37,0.556,0.0,0,0,,0.252,10,27,0.37,2025-26,Regular Season
1642263,"Sheppard, Reed",1,77,14,0-2 Feet - Very Tight,0.017,2,15,0.133,0.167,0.009,1,8,0.125,0.008,1,7,0.143,2025-26,Regular Season
1642263,"Sheppard, Reed",2,77,66,2-4 Feet - Tight,0.179,52,156,0.333,0.413,0.09,27,79,0.342,0.088,25,77,0.325,2025-26,Regular Season
1642263,"Sheppard, Reed",3,77,74,4-6 Feet - Open,0.286,91,250,0.364,0.482,0.071,32,62,0.516,0.215,59,188,0.314,2025-26,Regular Season
1642263,"Sheppard, Reed",4,77,74,6+ Feet - Wide Open,0.312,132,272,0.485,0.715,0.014,7,12,0.583,0.298,125,260,0.481,2025-26,Regular Season
1642434,"Minix, Riley",3,6,2,4-6 Feet - Open,0.667,3,4,0.75,1.0,0.167,1,1,1.0,0.5,2,3,0.667,2025-26,Regular Season
1642265,"Dillingham, Rob",1,60,1,0-2 Feet - Very Tight,0.005,0,1,0.0,0.0,0.005,0,1,0.0,0.0,0,0,,2025-26,Regular Season
1642265,"Dillingham, Rob",2,60,9,2-4 Feet - Tight,0.051,3,10,0.3,0.3,0.045,3,9,0.333,0.005,0,1,0.0,2025-26,Regular Season
1642265,"Dillingham, Rob",3,60,21,4-6 Feet - Open,0.237,21,47,0.447,0.553,0.091,11,18,0.611,0.146,10,29,0.345,2025-26,Regular Season
1642265,"Dillingham, Rob",4,60,22,6+ Feet - Wide Open,0.217,13,43,0.302,0.419,0.02,3,4,0.75,0.197,10,39,0.256,2025-26,Regular Season
1629057,"Williams III, Robert",1,55,1,0-2 Feet - Very Tight,0.004,0,1,0.0,0.0,0.004,0,1,0.0,0.0,0,0,,2025-26,Regular Season
1629057,"Williams III, Robert",2,55,1,2-4 Feet - Tight,0.004,0,1,0.0,0.0,0.004,0,1,0.0,0.0,0,0,,2025-26,Regular Season
1629057,"Williams III, Robert",3,55,9,4-6 Feet - Open,0.039,5,9,0.556,0.722,0.009,2,2,1.0,0.03,3,7,0.429,2025-26,Regular Season
1629057,"Williams III, Robert",4,55,17,6+ Feet - Wide Open,0.091,7,21,0.333,0.429,0.03,3,7,0.429,0.061,4,14,0.286,2025-26,Regular Season
1642911,"Zikarsky, Rocco",2,4,1,2-4 Feet - Tight,0.2,0,1,0.0,0.0,0.2,0,1,0.0,0.0,0,0,,2025-26,Regular Season
1631199,"Harper Jr., Ron",2,26,2,2-4 Feet - Tight,0.024,2,2,1.0,1.0,0.024,2,2,1.0,0.0,0,0,,2025-26,Regular Season
1631199,"Harper Jr., Ron",3,26,7,4-6 Feet - Open,0.145,4,12,0.333,0.5,0.0,0,0,,0.145,4,12,0.333,2025-26,Regular Season
1631199,"Harper Jr., Ron",4,26,21,6+ Feet - Wide Open,0.627,18,52,0.346,0.519,0.0,0,0,,0.627,18,52,0.346,2025-26,Regular Season
1641842,"Holland II, Ronald",1,73,1,0-2 Feet - Very Tight,0.002,0,1,0.0,0.0,0.002,0,1,0.0,0.0,0,0,,2025-26,Regular Season
1641842,"Holland II, Ronald",2,73,7,2-4 Feet - Tight,0.016,0,8,0.0,0.0,0.016,0,8,0.0,0.0,0,0,,2025-26,Regular Season
1641842,"Holland II, Ronald",3,73,37,4-6 Feet - Open,0.103,8,51,0.157,0.206,0.03,3,15,0.2,0.072,5,36,0.139,2025-26,Regular Season
1641842,"Holland II, Ronald",4,73,57,6+ Feet - Wide Open,0.294,35,146,0.24,0.36,0.006,0,3,0.0,0.288,35,143,0.245,2025-26,Regular Season
1626220,"O'Neale, Royce",1,74,2,0-2 Feet - Very Tight,0.003,2,2,1.0,1.25,0.002,1,1,1.0,0.002,1,1,1.0,2025-26,Regular Season
1626220,"O'Neale, Royce",2,74,21,2-4 Feet - Tight,0.046,9,27,0.333,0.426,0.015,4,9,0.444,0.03,5,18,0.278,2025-26,Regular Season
1626220,"O'Neale, Royce",3,74,52,4-6 Feet - Open,0.171,43,101,0.426,0.624,0.012,3,7,0.429,0.159,40,94,0.426,2025-26,Regular Season
1626220,"O'Neale, Royce",4,74,73,6+ Feet - Wide Open,0.642,155,380,0.408,0.612,0.0,0,0,,0.642,155,380,0.408,2025-26,Regular Season
203497,"Gobert, Rudy",1,74,1,0-2 Feet - Very Tight,0.002,0,1,0.0,0.0,0.002,0,1,0.0,0.0,0,0,,2025-26,Regular Season
203497,"Gobert, Rudy",3,74,5,4-6 Feet - Open,0.011,2,5,0.4,0.4,0.011,2,5,0.4,0.0,0,0,,2025-26,Regular Season
203497,"Gobert, Rudy",4,74,10,6+ Feet - Wide Open,0.021,2,10,0.2,0.2,0.011,2,5,0.4,0.011,0,5,0.0,2025-26,Regular Season
1629060,"Hachimura, Rui",2,63,33,2-4 Feet - Tight,0.086,18,46,0.391,0.402,0.071,17,38,0.447,0.015,1,8,0.125,2025-26,Regular Season
1629060,"Hachimura, Rui",3,63,58,4-6 Feet - Open,0.329,90,177,0.508,0.588,0.195,62,105,0.59,0.134,28,72,0.389,2025-26,Regular Season
1629060,"Hachimura, Rui",4,63,58,6+ Feet - Wide Open,0.338,86,182,0.473,0.679,0.035,11,19,0.579,0.303,75,163,0.46,2025-26,Regular Season
201566,"Westbrook, Russell",2,64,25,2-4 Feet - Tight,0.049,13,41,0.317,0.341,0.037,11,31,0.355,0.012,2,10,0.2,2025-26,Regular Season
201566,"Westbrook, Russell",3,64,64,4-6 Feet - Open,0.281,78,236,0.331,0.405,0.125,43,105,0.41,0.156,35,131,0.267,2025-26,Regular Season
201566,"Westbrook, Russell",4,64,62,6+ Feet - Wide Open,0.316,101,265,0.381,0.553,0.032,10,27,0.37,0.284,91,238,0.382,2025-26,Regular Season
1642346,"Dunn, Ryan",2,66,9,2-4 Feet - Tight,0.027,3,9,0.333,0.444,0.015,1,5,0.2,0.012,2,4,0.5,2025-26,Regular Season
1642346,"Dunn, Ryan",3,66,35,4-6 Feet - Open,0.128,9,43,0.209,0.314,0.009,0,3,0.0,0.119,9,40,0.225,2025-26,Regular Season
1642346,"Dunn, Ryan",4,66,55,6+ Feet - Wide Open,0.344,43,116,0.371,0.556,0.003,0,1,0.0,0.341,43,115,0.374,2025-26,Regular Season
1641750,"Kalkbrenner, Ryan",2,65,2,2-4 Feet - Tight,0.007,1,2,0.5,0.5,0.004,1,1,1.0,0.004,0,1,0.0,2025-26,Regular Season
1641750,"Kalkbrenner, Ryan",3,65,7,4-6 Feet - Open,0.025,2,7,0.286,0.286,0.011,2,3,0.667,0.014,0,4,0.0,2025-26,Regular Season
1641750,"Kalkbrenner, Ryan",4,65,1,6+ Feet - Wide Open,0.004,0,1,0.0,0.0,0.004,0,1,0.0,0.0,0,0,,2025-26,Regular Season
1642948,"Nembhard, Ryan",2,56,25,2-4 Feet - Tight,0.084,7,29,0.241,0.259,0.075,6,26,0.231,0.009,1,3,0.333,2025-26,Regular Season
1642948,"Nembhard, Ryan",3,56,51,4-6 Feet - Open,0.4,53,138,0.384,0.435,0.29,39,100,0.39,0.11,14,38,0.368,2025-26,Regular Season
1642948,"Nembhard, Ryan",4,56,42,6+ Feet - Wide Open,0.316,43,109,0.394,0.537,0.07,12,24,0.5,0.246,31,85,0.365,2025-26,Regular Season
1631157,"Rollins, Ryan",1,72,8,0-2 Feet - Very Tight,0.008,5,8,0.625,0.625,0.008,5,8,0.625,0.0,0,0,,2025-26,Regular Season
1631157,"Rollins, Ryan",2,72,47,2-4 Feet - Tight,0.083,18,83,0.217,0.223,0.058,17,58,0.293,0.025,1,25,0.04,2025-26,Regular Season
1631157,"Rollins, Ryan",3,72,72,4-6 Feet - Open,0.299,131,298,0.44,0.559,0.117,60,116,0.517,0.183,71,182,0.39,2025-26,Regular Season
1631157,"Rollins, Ryan",4,72,72,6+ Feet - Wide Open,0.262,122,261,0.467,0.672,0.028,15,28,0.536,0.234,107,233,0.459,2025-26,Regular Season
1630180,"Bey, Saddiq",1,71,2,0-2 Feet - Very Tight,0.002,0,2,0.0,0.0,0.002,0,2,0.0,0.0,0,0,,2025-26,Regular Season
1630180,"Bey, Saddiq",2,71,30,2-4 Feet - Tight,0.041,12,39,0.308,0.397,0.023,5,22,0.227,0.018,7,17,0.412,2025-26,Regular Season
1630180,"Bey, Saddiq",3,71,69,4-6 Feet - Open,0.235,83,222,0.374,0.5,0.07,27,66,0.409,0.165,56,156,0.359,2025-26,Regular Season
1630180,"Bey, Saddiq",4,71,70,6+ Feet - Wide Open,0.264,89,249,0.357,0.528,0.019,4,18,0.222,0.245,85,231,0.368,2025-26,Regular Season
1630573,"Hauser, Sam",1,74,2,0-2 Feet - Very Tight,0.004,0,2,0.0,0.0,0.0,0,0,,0.004,0,2,0.0,2025-26,Regular Season
1630573,"Hauser, Sam",2,74,50,2-4 Feet - Tight,0.148,28,84,0.333,0.452,0.034,8,19,0.421,0.115,20,65,0.308,2025-26,Regular Season
1630573,"Hauser, Sam",3,74,68,4-6 Feet - Open,0.347,81,197,0.411,0.579,0.039,15,22,0.682,0.309,66,175,0.377,2025-26,Regular Season
1630573,"Hauser, Sam",4,74,71,6+ Feet - Wide Open,0.429,101,243,0.416,0.621,0.014,1,8,0.125,0.414,100,235,0.426,2025-26,Regular Season
1630241,"Merrill, Sam",1,50,7,0-2 Feet - Very Tight,0.015,1,7,0.143,0.214,0.009,0,4,0.0,0.006,1,3,0.333,2025-26,Regular Season
1630241,"Merrill, Sam",2,50,38,2-4 Feet - Tight,0.161,29,75,0.387,0.533,0.039,7,18,0.389,0.123,22,57,0.386,2025-26,Regular Season
1630241,"Merrill, Sam",3,50,49,4-6 Feet - Open,0.374,66,174,0.379,0.56,0.019,3,9,0.333,0.355,63,165,0.382,2025-26,Regular Season
1630241,"Merrill, Sam",4,50,48,6+ Feet - Wide Open,0.312,69,145,0.476,0.703,0.019,3,9,0.333,0.292,66,136,0.485,2025-26,Regular Season
1630572,"Mamukelashvili, Sandro",1,75,1,0-2 Feet - Very Tight,0.002,1,1,1.0,1.5,0.0,0,0,,0.002,1,1,1.0,2025-26,Regular Season
1630572,"Mamukelashvili, Sandro",2,75,18,2-4 Feet - Tight,0.031,4,18,0.222,0.222,0.029,4,17,0.235,0.002,0,1,0.0,2025-26,Regular Season
1630572,"Mamukelashvili, Sandro",3,75,36,4-6 Feet - Open,0.083,22,49,0.449,0.673,0.007,0,4,0.0,0.076,22,45,0.489,2025-26,Regular Season
1630572,"Mamukelashvili, Sandro",4,75,71,6+ Feet - Wide Open,0.39,84,230,0.365,0.543,0.003,2,2,1.0,0.386,82,228,0.36,2025-26,Regular Season
1630583,"Aldama, Santi",1,43,3,0-2 Feet - Very Tight,0.006,1,3,0.333,0.333,0.004,1,2,0.5,0.002,0,1,0.0,2025-26,Regular Season
1630583,"Aldama, Santi",2,43,23,2-4 Feet - Tight,0.069,10,33,0.303,0.333,0.05,8,24,0.333,0.019,2,9,0.222,2025-26,Regular Season
1630583,"Aldama, Santi",3,43,43,4-6 Feet - Open,0.282,45,134,0.336,0.448,0.067,15,32,0.469,0.214,30,102,0.294,2025-26,Regular Season
1630583,"Aldama, Santi",4,43,33,6+ Feet - Wide Open,0.193,39,92,0.424,0.63,0.008,1,4,0.25,0.185,38,88,0.432,2025-26,Regular Season
1630703,"Henderson, Scoot",1,26,1,0-2 Feet - Very Tight,0.003,0,1,0.0,0.0,0.003,0,1,0.0,0.0,0,0,,2025-26,Regular Season
1630703,"Henderson, Scoot",2,26,16,2-4 Feet - Tight,0.093,8,27,0.296,0.389,0.045,3,13,0.231,0.048,5,14,0.357,2025-26,Regular Season
1630703,"Henderson, Scoot",3,26,26,4-6 Feet - Open,0.279,37,81,0.457,0.593,0.083,15,24,0.625,0.197,22,57,0.386,2025-26,Regular Season
1630703,"Henderson, Scoot",4,26,23,6+ Feet - Wide Open,0.241,22,70,0.314,0.457,0.021,2,6,0.333,0.221,20,64,0.313,2025-26,Regular Season
1630567,"Barnes, Scottie",1,75,6,0-2 Feet - Very Tight,0.006,1,6,0.167,0.167,0.006,1,6,0.167,0.0,0,0,,2025-26,Regular Season
1630567,"Barnes, Scottie",2,75,60,2-4 Feet - Tight,0.107,45,112,0.402,0.402,0.098,45,103,0.437,0.009,0,9,0.0,2025-26,Regular Season
1630567,"Barnes, Scottie",3,75,70,4-6 Feet - Open,0.244,102,256,0.398,0.461,0.146,70,153,0.458,0.098,32,103,0.311,2025-26,Regular Season
1630567,"Barnes, Scottie",4,75,55,6+ Feet - Wide Open,0.117,48,123,0.39,0.512,0.021,18,22,0.818,0.096,30,101,0.297,2025-26,Regular Season
1630590,"Pippen Jr., Scotty",1,10,1,0-2 Feet - Very Tight,0.01,0,1,0.0,0.0,0.0,0,0,,0.01,0,1,0.0,2025-26,Regular Season
1630590,"Pippen Jr., Scotty",2,10,5,2-4 Feet - Tight,0.104,6,10,0.6,0.6,0.094,6,9,0.667,0.01,0,1,0.0,2025-26,Regular Season
1630590,"Pippen Jr., Scotty",3,10,10,4-6 Feet - Open,0.323,10,31,0.323,0.419,0.125,4,12,0.333,0.198,6,19,0.316,2025-26,Regular Season
1630590,"Pippen Jr., Scotty",4,10,8,6+ Feet - Wide Open,0.115,4,11,0.364,0.545,0.0,0,0,,0.115,4,11,0.364,2025-26,Regular Season
1642951,"Pedulla, Sean",3,5,4,4-6 Feet - Open,0.385,1,5,0.2,0.3,0.077,0,1,0.0,0.308,1,4,0.25,2025-26,Regular Season
1642951,"Pedulla, Sean",4,5,4,6+ Feet - Wide Open,0.385,2,5,0.4,0.6,0.0,0,0,,0.385,2,5,0.4,2025-26,Regular Season
203552,"Curry, Seth",2,6,3,2-4 Feet - Tight,0.192,3,5,0.6,0.7,0.154,2,4,0.5,0.038,1,1,1.0,2025-26,Regular Season
203552,"Curry, Seth",3,6,6,4-6 Feet - Open,0.423,5,11,0.455,0.591,0.115,2,3,0.667,0.308,3,8,0.375,2025-26,Regular Season
203552,"Curry, Seth",4,6,2,6+ Feet - Wide Open,0.192,3,5,0.6,0.8,0.077,1,2,0.5,0.115,2,3,0.667,2025-26,Regular Season
1631101,"Sharpe, Shaedon",1,48,12,0-2 Feet - Very Tight,0.015,6,13,0.462,0.538,0.007,4,6,0.667,0.008,2,7,0.286,2025-26,Regular Season
1631101,"Sharpe, Shaedon",2,48,38,2-4 Feet - Tight,0.1,24,85,0.282,0.341,0.066,14,56,0.25,0.034,10,29,0.345,2025-26,Regular Season
1631101,"Sharpe, Shaedon",3,48,47,4-6 Feet - Open,0.305,85,258,0.329,0.417,0.129,40,109,0.367,0.176,45,149,0.302,2025-26,Regular Season
1631101,"Sharpe, Shaedon",4,48,44,6+ Feet - Wide Open,0.155,54,131,0.412,0.58,0.022,10,19,0.526,0.132,44,112,0.393,2025-26,Regular Season
1628983,"Gilgeous-Alexander, Shai",1,65,7,0-2 Feet - Very Tight,0.006,3,8,0.375,0.375,0.006,3,8,0.375,0.0,0,0,,2025-26,Regular Season
1628983,"Gilgeous-Alexander, Shai",2,65,60,2-4 Feet - Tight,0.152,90,195,0.462,0.492,0.125,78,160,0.488,0.027,12,35,0.343,2025-26,Regular Season
1628983,"Gilgeous-Alexander, Shai",3,65,65,4-6 Feet - Open,0.36,247,461,0.536,0.613,0.233,176,298,0.591,0.127,71,163,0.436,2025-26,Regular Season
1628983,"Gilgeous-Alexander, Shai",4,65,52,6+ Feet - Wide Open,0.111,56,142,0.394,0.486,0.041,30,53,0.566,0.07,26,89,0.292,2025-26,Regular Season
1630536,"Cooper, Sharife",1,36,1,0-2 Feet - Very Tight,0.005,0,1,0.0,0.0,0.005,0,1,0.0,0.0,0,0,,2025-26,Regular Season
1630536,"Cooper, Sharife",2,36,5,2-4 Feet - Tight,0.025,3,5,0.6,0.6,0.025,3,5,0.6,0.0,0,0,,2025-26,Regular Season
1630536,"Cooper, Sharife",3,36,24,4-6 Feet - Open,0.203,14,41,0.341,0.378,0.119,11,24,0.458,0.084,3,17,0.176,2025-26,Regular Season
1630536,"Cooper, Sharife",4,36,29,6+ Feet - Wide Open,0.272,22,55,0.4,0.555,0.059,5,12,0.417,0.213,17,43,0.395,2025-26,Regular Season
1631321,"Cissoko, Sidy",2,71,11,2-4 Feet - Tight,0.033,2,11,0.182,0.227,0.009,1,3,0.333,0.024,1,8,0.125,2025-26,Regular Season
1631321,"Cissoko, Sidy",3,71,45,4-6 Feet - Open,0.215,14,71,0.197,0.296,0.018,0,6,0.0,0.197,14,65,0.215,2025-26,Regular Season
1631321,"Cissoko, Sidy",4,71,54,6+ Feet - Wide Open,0.382,45,126,0.357,0.532,0.009,1,3,0.333,0.373,44,123,0.358,2025-26,Regular Season
1631323,"Fontecchio, Simone",1,69,2,0-2 Feet - Very Tight,0.004,1,2,0.5,0.75,0.0,0,0,,0.004,1,2,0.5,2025-26,Regular Season
1631323,"Fontecchio, Simone",2,69,37,2-4 Feet - Tight,0.127,16,58,0.276,0.397,0.007,2,3,0.667,0.12,14,55,0.255,2025-26,Regular Season
1631323,"Fontecchio, Simone",3,69,57,4-6 Feet - Open,0.361,55,165,0.333,0.497,0.013,1,6,0.167,0.348,54,159,0.34,2025-26,Regular Season
1631323,"Fontecchio, Simone",4,69,54,6+ Feet - Wide Open,0.221,46,101,0.455,0.683,0.0,0,0,,0.221,46,101,0.455,2025-26,Regular Season
1642883,"James, Sion",2,78,9,2-4 Feet - Tight,0.026,2,9,0.222,0.333,0.009,0,3,0.0,0.017,2,6,0.333,2025-26,Regular Season
1642883,"James, Sion",3,78,38,4-6 Feet - Open,0.136,15,47,0.319,0.468,0.017,1,6,0.167,0.118,14,41,0.341,2025-26,Regular Season
1642883,"James, Sion",4,78,73,6+ Feet - Wide Open,0.5,64,173,0.37,0.555,0.003,0,1,0.0,0.497,64,172,0.372,2025-26,Regular Season
1627746,"Labissiere, Skal",2,3,1,2-4 Feet - Tight,0.2,2,2,1.0,1.0,0.2,2,2,1.0,0.0,0,0,,2025-26,Regular Season
1627746,"Labissiere, Skal",3,3,1,4-6 Feet - Open,0.1,0,1,0.0,0.0,0.0,0,0,,0.1,0,1,0.0,2025-26,Regular Season
1627746,"Labissiere, Skal",4,3,2,6+ Feet - Wide Open,0.4,1,4,0.25,0.375,0.0,0,0,,0.4,1,4,0.25,2025-26,Regular Season
1642461,"Jones, Spencer",2,64,6,2-4 Feet - Tight,0.023,3,6,0.5,0.583,0.011,2,3,0.667,0.011,1,3,0.333,2025-26,Regular Season
1642461,"Jones, Spencer",3,64,27,4-6 Feet - Open,0.149,14,39,0.359,0.526,0.015,1,4,0.25,0.134,13,35,0.371,2025-26,Regular Season
1642461,"Jones, Spencer",4,64,47,6+ Feet - Wide Open,0.416,44,109,0.404,0.601,0.011,1,3,0.333,0.405,43,106,0.406,2025-26,Regular Season
1630649,"Umude, Stanley",3,2,1,4-6 Feet - Open,1.0,1,2,0.5,0.5,0.5,1,1,1.0,0.5,0,1,0.0,2025-26,Regular Season
201939,"Curry, Stephen",1,39,18,0-2 Feet - Very Tight,0.031,10,23,0.435,0.478,0.019,8,14,0.571,0.012,2,9,0.222,2025-26,Regular Season
201939,"Curry, Stephen",2,39,35,2-4 Feet - Tight,0.165,47,123,0.382,0.512,0.039,15,29,0.517,0.126,32,94,0.34,2025-26,Regular Season
201939,"Curry, Stephen",3,39,39,4-6 Feet - Open,0.359,102,267,0.382,0.532,0.063,22,47,0.468,0.296,80,220,0.364,2025-26,Regular Season
201939,"Curry, Stephen",4,39,36,6+ Feet - Wide Open,0.176,65,131,0.496,0.729,0.008,4,6,0.667,0.168,61,125,0.488,2025-26,Regular Season
1642264,"Castle, Stephon",1,65,1,0-2 Feet - Very Tight,0.001,0,1,0.0,0.0,0.001,0,1,0.0,0.0,0,0,,2025-26,Regular Season
1642264,"Castle, Stephon",2,65,27,2-4 Feet - Tight,0.053,9,41,0.22,0.22,0.051,9,39,0.231,0.003,0,2,0.0,2025-26,Regular Season
1642264,"Castle, Stephon",3,65,52,4-6 Feet - Open,0.151,45,116,0.388,0.453,0.083,30,64,0.469,0.068,15,52,0.288,2025-26,Regular Season
1642264,"Castle, Stephon",4,65,60,6+ Feet - Wide Open,0.259,73,199,0.367,0.525,0.023,10,18,0.556,0.235,63,181,0.348,2025-26,Regular Season
203500,"Adams, Steven",2,32,1,2-4 Feet - Tight,0.007,1,1,1.0,1.0,0.007,1,1,1.0,0.0,0,0,,2025-26,Regular Season
203500,"Adams, Steven",3,32,4,4-6 Feet - Open,0.036,2,5,0.4,0.4,0.036,2,5,0.4,0.0,0,0,,2025-26,Regular Season
1629004,"Mykhailiuk, Svi",1,49,1,0-2 Feet - Very Tight,0.003,0,1,0.0,0.0,0.0,0,0,,0.003,0,1,0.0,2025-26,Regular Season
1629004,"Mykhailiuk, Svi",2,49,20,2-4 Feet - Tight,0.078,10,27,0.37,0.519,0.012,2,4,0.5,0.066,8,23,0.348,2025-26,Regular Season
1629004,"Mykhailiuk, Svi",3,49,42,4-6 Feet - Open,0.367,52,127,0.409,0.579,0.049,9,17,0.529,0.318,43,110,0.391,2025-26,Regular Season
1629004,"Mykhailiuk, Svi",4,49,41,6+ Feet - Wide Open,0.272,43,94,0.457,0.681,0.006,1,2,0.5,0.266,42,92,0.457,2025-26,Regular Season
204456,"McConnell, T.J.",1,56,2,0-2 Feet - Very Tight,0.004,1,2,0.5,0.5,0.004,1,2,0.5,0.0,0,0,,2025-26,Regular Season
204456,"McConnell, T.J.",2,56,40,2-4 Feet - Tight,0.164,38,74,0.514,0.514,0.164,38,74,0.514,0.0,0,0,,2025-26,Regular Season
204456,"McConnell, T.J.",3,56,51,4-6 Feet - Open,0.338,76,152,0.5,0.51,0.309,73,139,0.525,0.029,3,13,0.231,2025-26,Regular Season
204456,"McConnell, T.J.",4,56,34,6+ Feet - Wide Open,0.131,28,59,0.475,0.585,0.049,15,22,0.682,0.082,13,37,0.351,2025-26,Regular Season
1643007,"Peter, Taelon",1,33,1,0-2 Feet - Very Tight,0.008,0,1,0.0,0.0,0.0,0,0,,0.008,0,1,0.0,2025-26,Regular Season
1643007,"Peter, Taelon",2,33,6,2-4 Feet - Tight,0.094,3,12,0.25,0.375,0.0,0,0,,0.094,3,12,0.25,2025-26,Regular Season
1643007,"Peter, Taelon",3,33,20,4-6 Feet - Open,0.273,8,35,0.229,0.343,0.016,0,2,0.0,0.258,8,33,0.242,2025-26,Regular Season
1643007,"Peter, Taelon",4,33,21,6+ Feet - Wide Open,0.469,24,60,0.4,0.6,0.0,0,0,,0.469,24,60,0.4,2025-26,Regular Season
201959,"Gibson, Taj",2,7,1,2-4 Feet - Tight,0.056,1,1,1.0,1.0,0.056,1,1,1.0,0.0,0,0,,2025-26,Regular Season
201959,"Gibson, Taj",3,7,1,4-6 Feet - Open,0.056,1,1,1.0,1.5,0.0,0,0,,0.056,1,1,1.0,2025-26,Regular Season
201959,"Gibson, Taj",4,7,4,6+ Feet - Wide Open,0.278,2,5,0.4,0.6,0.056,0,1,0.0,0.222,2,4,0.5,2025-26,Regular Season
1631106,"Eason, Tari",1,55,5,0-2 Feet - Very Tight,0.01,1,5,0.2,0.3,0.006,0,3,0.0,0.004,1,2,0.5,2025-26,Regular Season
1631106,"Eason, Tari",2,55,22,2-4 Feet - Tight,0.058,3,30,0.1,0.117,0.044,2,23,0.087,0.013,1,7,0.143,2025-26,Regular Season
1631106,"Eason, Tari",3,55,46,4-6 Feet - Open,0.216,34,112,0.304,0.406,0.064,11,33,0.333,0.152,23,79,0.291,2025-26,Regular Season
1631106,"Eason, Tari",4,55,49,6+ Feet - Wide Open,0.301,64,156,0.41,0.609,0.019,2,10,0.2,0.281,62,146,0.425,2025-26,Regular Season
1627752,"Prince, Taurean",2,21,14,2-4 Feet - Tight,0.137,7,18,0.389,0.583,0.0,0,0,,0.137,7,18,0.389,2025-26,Regular Season
1627752,"Prince, Taurean",3,21,18,4-6 Feet - Open,0.382,21,50,0.42,0.58,0.069,5,9,0.556,0.313,16,41,0.39,2025-26,Regular Season
1627752,"Prince, Taurean",4,21,18,6+ Feet - Wide Open,0.275,16,36,0.444,0.653,0.008,1,1,1.0,0.267,15,35,0.429,2025-26,Regular Season
1641707,"Hendricks, Taylor",2,57,10,2-4 Feet - Tight,0.047,5,10,0.5,0.6,0.014,3,3,1.0,0.033,2,7,0.286,2025-26,Regular Season
1641707,"Hendricks, Taylor",3,57,20,4-6 Feet - Open,0.191,15,41,0.366,0.537,0.014,1,3,0.333,0.177,14,38,0.368,2025-26,Regular Season
1641707,"Hendricks, Taylor",4,57,24,6+ Feet - Wide Open,0.293,18,63,0.286,0.429,0.005,0,1,0.0,0.288,18,62,0.29,2025-26,Regular Season
1629611,"Mann, Terance",1,63,1,0-2 Feet - Very Tight,0.003,0,1,0.0,0.0,0.003,0,1,0.0,0.0,0,0,,2025-26,Regular Season
1629611,"Mann, Terance",2,63,17,2-4 Feet - Tight,0.052,4,19,0.211,0.237,0.038,3,14,0.214,0.014,1,5,0.2,2025-26,Regular Season
1629611,"Mann, Terance",3,63,43,4-6 Feet - Open,0.226,29,83,0.349,0.422,0.109,17,40,0.425,0.117,12,43,0.279,2025-26,Regular Season
1629611,"Mann, Terance",4,63,52,6+ Feet - Wide Open,0.319,49,117,0.419,0.603,0.033,6,12,0.5,0.286,43,105,0.41,2025-26,Regular Season
1630545,"Shannon Jr., Terrence",1,38,1,0-2 Feet - Very Tight,0.016,0,2,0.0,0.0,0.016,0,2,0.0,0.0,0,0,,2025-26,Regular Season
1630545,"Shannon Jr., Terrence",2,38,2,2-4 Feet - Tight,0.032,2,4,0.5,0.5,0.032,2,4,0.5,0.0,0,0,,2025-26,Regular Season
1630545,"Shannon Jr., Terrence",3,38,15,4-6 Feet - Open,0.169,4,21,0.19,0.286,0.056,0,7,0.0,0.113,4,14,0.286,2025-26,Regular Season
1630545,"Shannon Jr., Terrence",4,38,23,6+ Feet - Wide Open,0.331,17,41,0.415,0.622,0.0,0,0,,0.331,17,41,0.415,2025-26,Regular Season
203648,"Antetokounmpo, Thanasis",3,31,1,4-6 Feet - Open,0.042,0,1,0.0,0.0,0.0,0,0,,0.042,0,1,0.0,2025-26,Regular Season
203648,"Antetokounmpo, Thanasis",4,31,2,6+ Feet - Wide Open,0.083,0,2,0.0,0.0,0.0,0,0,,0.083,0,2,0.0,2025-26,Regular Season
1628418,"Bryant, Thomas",2,59,8,2-4 Feet - Tight,0.031,4,8,0.5,0.563,0.023,3,6,0.5,0.008,1,2,0.5,2025-26,Regular Season
1628418,"Bryant, Thomas",3,59,26,4-6 Feet - Open,0.143,10,37,0.27,0.365,0.027,3,7,0.429,0.116,7,30,0.233,2025-26,Regular Season
1628418,"Bryant, Thomas",4,59,45,6+ Feet - Wide Open,0.376,38,97,0.392,0.582,0.008,1,2,0.5,0.368,37,95,0.389,2025-26,Regular Season
1642275,"Salaün, Tidjane",2,36,1,2-4 Feet - Tight,0.006,0,1,0.0,0.0,0.0,0,0,,0.006,0,1,0.0,2025-26,Regular Season
1642275,"Salaün, Tidjane",3,36,15,4-6 Feet - Open,0.114,6,18,0.333,0.5,0.0,0,0,,0.114,6,18,0.333,2025-26,Regular Season
1642275,"Salaün, Tidjane",4,36,28,6+ Feet - Wide Open,0.405,30,64,0.469,0.703,0.0,0,0,,0.405,30,64,0.469,2025-26,Regular Season
203501,"Hardaway Jr., Tim",1,76,11,0-2 Feet - Very Tight,0.017,6,13,0.462,0.538,0.012,4,9,0.444,0.005,2,4,0.5,2025-26,Regular Season
203501,"Hardaway Jr., Tim",2,76,62,2-4 Feet - Tight,0.202,54,150,0.36,0.477,0.052,19,39,0.487,0.149,35,111,0.315,2025-26,Regular Season
203501,"Hardaway Jr., Tim",3,76,72,4-6 Feet - Open,0.353,108,262,0.412,0.571,0.058,25,43,0.581,0.295,83,219,0.379,2025-26,Regular Season
203501,"Hardaway Jr., Tim",4,76,67,6+ Feet - Wide Open,0.268,100,199,0.503,0.741,0.013,5,10,0.5,0.254,95,189,0.503,2025-26,Regular Season
202699,"Harris, Tobias",1,59,2,0-2 Feet - Very Tight,0.003,1,2,0.5,0.5,0.003,1,2,0.5,0.0,0,0,,2025-26,Regular Season
202699,"Harris, Tobias",2,59,45,2-4 Feet - Tight,0.148,46,91,0.505,0.522,0.127,43,78,0.551,0.021,3,13,0.231,2025-26,Regular Season
202699,"Harris, Tobias",3,59,51,4-6 Feet - Open,0.214,46,132,0.348,0.432,0.117,24,72,0.333,0.097,22,60,0.367,2025-26,Regular Season
202699,"Harris, Tobias",4,59,52,6+ Feet - Wide Open,0.235,54,145,0.372,0.538,0.013,6,8,0.75,0.222,48,137,0.35,2025-26,Regular Season
1643253,"Okani, Toby",3,1,1,4-6 Feet - Open,0.25,1,2,0.5,0.75,0.0,0,0,,0.25,1,2,0.5,2025-26,Regular Season
1643253,"Okani, Toby",4,1,1,6+ Feet - Wide Open,0.125,0,1,0.0,0.0,0.0,0,0,,0.125,0,1,0.0,2025-26,Regular Season
1628396,"Bradley, Tony",2,38,1,2-4 Feet - Tight,0.009,0,1,0.0,0.0,0.009,0,1,0.0,0.0,0,0,,2025-26,Regular Season
1628396,"Bradley, Tony",3,38,1,4-6 Feet - Open,0.009,1,1,1.0,1.5,0.0,0,0,,0.009,1,1,1.0,2025-26,Regular Season
1628396,"Bradley, Tony",4,38,6,6+ Feet - Wide Open,0.075,4,8,0.5,0.5,0.066,4,7,0.571,0.009,0,1,0.0,2025-26,Regular Season
1641739,"Camara, Toumani",2,78,14,2-4 Feet - Tight,0.018,3,15,0.2,0.267,0.006,1,5,0.2,0.012,2,10,0.2,2025-26,Regular Season
1641739,"Camara, Toumani",3,78,69,4-6 Feet - Open,0.206,61,172,0.355,0.523,0.007,3,6,0.5,0.199,58,166,0.349,2025-26,Regular Season
1641739,"Camara, Toumani",4,78,78,6+ Feet - Wide Open,0.453,143,378,0.378,0.567,0.001,0,1,0.0,0.452,143,377,0.379,2025-26,Regular Season
1629027,"Young, Trae",1,15,1,0-2 Feet - Very Tight,0.026,1,1,1.0,1.0,0.026,1,1,1.0,0.0,0,0,,2025-26,Regular Season
1629027,"Young, Trae",2,15,3,2-4 Feet - Tight,0.184,5,7,0.714,0.714,0.184,5,7,0.714,0.0,0,0,,2025-26,Regular Season
1629027,"Young, Trae",3,15,5,4-6 Feet - Open,0.289,6,11,0.545,0.727,0.079,2,3,0.667,0.211,4,8,0.5,2025-26,Regular Season
1629027,"Young, Trae",4,15,5,6+ Feet - Wide Open,0.263,5,10,0.5,0.75,0.0,0,0,,0.263,5,10,0.5,2025-26,Regular Season
1642848,"Johnson, Tre",1,60,4,0-2 Feet - Very Tight,0.008,4,5,0.8,0.8,0.008,4,5,0.8,0.0,0,0,,2025-26,Regular Season
1642848,"Johnson, Tre",2,60,48,2-4 Feet - Tight,0.171,32,108,0.296,0.329,0.122,25,77,0.325,0.049,7,31,0.226,2025-26,Regular Season
1642848,"Johnson, Tre",3,60,55,4-6 Feet - Open,0.322,88,203,0.433,0.525,0.135,51,85,0.6,0.187,37,118,0.314,2025-26,Regular Season
1642848,"Johnson, Tre",4,60,56,6+ Feet - Wide Open,0.295,81,186,0.435,0.621,0.033,12,21,0.571,0.262,69,165,0.418,2025-26,Regular Season
1630200,"Jones, Tre",1,60,2,0-2 Feet - Very Tight,0.004,2,2,1.0,1.0,0.004,2,2,1.0,0.0,0,0,,2025-26,Regular Season
1630200,"Jones, Tre",2,60,22,2-4 Feet - Tight,0.051,12,27,0.444,0.463,0.043,11,23,0.478,0.008,1,4,0.25,2025-26,Regular Season
1630200,"Jones, Tre",3,60,32,4-6 Feet - Open,0.096,18,51,0.353,0.431,0.043,10,23,0.435,0.053,8,28,0.286,2025-26,Regular Season
1630200,"Jones, Tre",4,60,45,6+ Feet - Wide Open,0.159,30,85,0.353,0.512,0.009,3,5,0.6,0.15,27,80,0.338,2025-26,Regular Season
1630544,"Mann, Tre",1,51,5,0-2 Feet - Very Tight,0.02,1,6,0.167,0.167,0.013,1,4,0.25,0.007,0,2,0.0,2025-26,Regular Season
1630544,"Mann, Tre",2,51,20,2-4 Feet - Tight,0.087,5,26,0.192,0.192,0.077,5,23,0.217,0.01,0,3,0.0,2025-26,Regular Season
1630544,"Mann, Tre",3,51,39,4-6 Feet - Open,0.248,28,74,0.378,0.466,0.111,15,33,0.455,0.138,13,41,0.317,2025-26,Regular Season
1630544,"Mann, Tre",4,51,39,6+ Feet - Wide Open,0.383,39,114,0.342,0.504,0.023,2,7,0.286,0.359,37,107,0.346,2025-26,Regular Season
1630570,"Watford, Trendon",1,51,1,0-2 Feet - Very Tight,0.004,1,1,1.0,1.0,0.004,1,1,1.0,0.0,0,0,,2025-26,Regular Season
1630570,"Watford, Trendon",2,51,13,2-4 Feet - Tight,0.064,5,17,0.294,0.294,0.064,5,17,0.294,0.0,0,0,,2025-26,Regular Season
1630570,"Watford, Trendon",3,51,18,4-6 Feet - Open,0.079,3,21,0.143,0.19,0.019,1,5,0.2,0.06,2,16,0.125,2025-26,Regular Season
1630570,"Watford, Trendon",4,51,19,6+ Feet - Wide Open,0.128,8,34,0.235,0.353,0.0,0,0,,0.128,8,34,0.235,2025-26,Regular Season
1642280,"Flowers, Trentyn",3,2,1,4-6 Feet - Open,0.333,0,1,0.0,0.0,0.0,0,0,,0.333,0,1,0.0,2025-26,Regular Season
1630286,"Scott, Trevon",3,1,1,4-6 Feet - Open,0.333,1,1,1.0,1.5,0.0,0,0,,0.333,1,1,1.0,2025-26,Regular Season
1631211,"Keels, Trevor",3,4,2,4-6 Feet - Open,0.5,0,2,0.0,0.0,0.0,0,0,,0.5,0,2,0.0,2025-26,Regular Season
1631211,"Keels, Trevor",4,4,1,6+ Feet - Wide Open,0.25,0,1,0.0,0.0,0.0,0,0,,0.25,0,1,0.0,2025-26,Regular Season
1641725,"Alexander, Trey",3,5,2,4-6 Feet - Open,0.222,2,2,1.0,1.25,0.111,1,1,1.0,0.111,1,1,1.0,2025-26,Regular Season
1641725,"Alexander, Trey",4,5,3,6+ Feet - Wide Open,0.333,2,3,0.667,0.833,0.111,1,1,1.0,0.222,1,2,0.5,2025-26,Regular Season
1630530,"Murphy III, Trey",1,66,3,0-2 Feet - Very Tight,0.003,1,3,0.333,0.333,0.003,1,3,0.333,0.0,0,0,,2025-26,Regular Season
1630530,"Murphy III, Trey",2,66,46,2-4 Feet - Tight,0.084,17,88,0.193,0.239,0.043,9,45,0.2,0.041,8,43,0.186,2025-26,Regular Season
1630530,"Murphy III, Trey",3,66,64,4-6 Feet - Open,0.315,125,331,0.378,0.526,0.058,27,61,0.443,0.257,98,270,0.363,2025-26,Regular Season
1630530,"Murphy III, Trey",4,66,63,6+ Feet - Wide Open,0.252,116,265,0.438,0.642,0.012,8,13,0.615,0.24,108,252,0.429,2025-26,Regular Season
1642400,"Enaruna, Tristan",2,6,1,2-4 Feet - Tight,0.063,0,1,0.0,0.0,0.063,0,1,0.0,0.0,0,0,,2025-26,Regular Season
1642400,"Enaruna, Tristan",3,6,3,4-6 Feet - Open,0.25,1,4,0.25,0.375,0.0,0,0,,0.25,1,4,0.25,2025-26,Regular Season
1642400,"Enaruna, Tristan",4,6,1,6+ Feet - Wide Open,0.063,0,1,0.0,0.0,0.0,0,0,,0.063,0,1,0.0,2025-26,Regular Season
1641774,"Vukcevic, Tristan",1,49,1,0-2 Feet - Very Tight,0.003,0,1,0.0,0.0,0.003,0,1,0.0,0.0,0,0,,2025-26,Regular Season
1641774,"Vukcevic, Tristan",2,49,16,2-4 Feet - Tight,0.076,6,24,0.25,0.25,0.06,6,19,0.316,0.016,0,5,0.0,2025-26,Regular Season
1641774,"Vukcevic, Tristan",3,49,41,4-6 Feet - Open,0.315,40,100,0.4,0.5,0.129,20,41,0.488,0.186,20,59,0.339,2025-26,Regular Season
1641774,"Vukcevic, Tristan",4,49,34,6+ Feet - Wide Open,0.297,35,94,0.372,0.532,0.044,5,14,0.357,0.252,30,80,0.375,2025-26,Regular Season
1641783,"da Silva, Tristan",2,72,28,2-4 Feet - Tight,0.07,11,41,0.268,0.293,0.053,9,31,0.29,0.017,2,10,0.2,2025-26,Regular Season
1641783,"da Silva, Tristan",3,72,59,4-6 Feet - Open,0.23,49,135,0.363,0.493,0.058,14,34,0.412,0.172,35,101,0.347,2025-26,Regular Season
1641783,"da Silva, Tristan",4,72,70,6+ Feet - Wide Open,0.348,86,204,0.422,0.618,0.017,6,10,0.6,0.33,80,194,0.412,2025-26,Regular Season
1629660,"Jerome, Ty",1,15,5,0-2 Feet - Very Tight,0.023,3,5,0.6,0.7,0.019,2,4,0.5,0.005,1,1,1.0,2025-26,Regular Season
1629660,"Jerome, Ty",2,15,15,2-4 Feet - Tight,0.195,19,42,0.452,0.512,0.135,14,29,0.483,0.06,5,13,0.385,2025-26,Regular Season
1629660,"Jerome, Ty",3,15,15,4-6 Feet - Open,0.349,38,75,0.507,0.693,0.084,10,18,0.556,0.265,28,57,0.491,2025-26,Regular Season
1629660,"Jerome, Ty",4,15,15,6+ Feet - Wide Open,0.149,10,32,0.313,0.438,0.014,2,3,0.667,0.135,8,29,0.276,2025-26,Regular Season
1631102,"Washington Jr., TyTy",2,12,3,2-4 Feet - Tight,0.158,2,3,0.667,0.667,0.158,2,3,0.667,0.0,0,0,,2025-26,Regular Season
1631102,"Washington Jr., TyTy",3,12,2,4-6 Feet - Open,0.158,1,3,0.333,0.5,0.053,0,1,0.0,0.105,1,2,0.5,2025-26,Regular Season
1631102,"Washington Jr., TyTy",4,12,5,6+ Feet - Wide Open,0.316,2,6,0.333,0.5,0.0,0,0,,0.316,2,6,0.333,2025-26,Regular Season
1631174,"Burton, Tyler",2,12,7,2-4 Feet - Tight,0.08,4,9,0.444,0.556,0.045,2,5,0.4,0.036,2,4,0.5,2025-26,Regular Season
1631174,"Burton, Tyler",3,12,12,4-6 Feet - Open,0.259,10,29,0.345,0.517,0.018,0,2,0.0,0.241,10,27,0.37,2025-26,Regular Season
1631174,"Burton, Tyler",4,12,12,6+ Feet - Wide Open,0.321,11,36,0.306,0.444,0.009,1,1,1.0,0.313,10,35,0.286,2025-26,Regular Season
1629639,"Herro, Tyler",1,30,6,0-2 Feet - Very Tight,0.012,3,6,0.5,0.583,0.006,2,3,0.667,0.006,1,3,0.333,2025-26,Regular Season
1629639,"Herro, Tyler",2,30,28,2-4 Feet - Tight,0.198,36,96,0.375,0.432,0.117,25,57,0.439,0.08,11,39,0.282,2025-26,Regular Season
1629639,"Herro, Tyler",3,30,30,4-6 Feet - Open,0.313,68,152,0.447,0.586,0.111,26,54,0.481,0.202,42,98,0.429,2025-26,Regular Season
1629639,"Herro, Tyler",4,30,28,6+ Feet - Wide Open,0.154,31,75,0.413,0.58,0.016,6,8,0.75,0.138,25,67,0.373,2025-26,Regular Season
1642278,"Kolek, Tyler",2,62,20,2-4 Feet - Tight,0.113,8,28,0.286,0.339,0.081,5,20,0.25,0.032,3,8,0.375,2025-26,Regular Season
1642278,"Kolek, Tyler",3,62,33,4-6 Feet - Open,0.218,22,54,0.407,0.519,0.085,10,21,0.476,0.133,12,33,0.364,2025-26,Regular Season
1642278,"Kolek, Tyler",4,62,40,6+ Feet - Wide Open,0.302,30,75,0.4,0.593,0.008,1,2,0.5,0.294,29,73,0.397,2025-26,Regular Season
1641890,"Smith, Tyler",3,8,4,4-6 Feet - Open,0.16,0,4,0.0,0.0,0.04,0,1,0.0,0.12,0,3,0.0,2025-26,Regular Season
1641890,"Smith, Tyler",4,8,6,6+ Feet - Wide Open,0.52,3,13,0.231,0.346,0.0,0,0,,0.52,3,13,0.231,2025-26,Regular Season
1631213,"Martin, Tyrese",3,45,5,4-6 Feet - Open,0.409,1,9,0.111,0.111,0.091,1,2,0.5,0.318,0,7,0.0,2025-26,Regular Season
1631213,"Martin, Tyrese",4,45,4,6+ Feet - Wide Open,0.273,2,6,0.333,0.5,0.0,0,0,,0.273,2,6,0.333,2025-26,Regular Season
1630178,"Maxey, Tyrese",1,65,5,0-2 Feet - Very Tight,0.004,2,5,0.4,0.4,0.004,2,5,0.4,0.0,0,0,,2025-26,Regular Season
1630178,"Maxey, Tyrese",2,65,47,2-4 Feet - Tight,0.083,41,117,0.35,0.41,0.051,27,72,0.375,0.032,14,45,0.311,2025-26,Regular Season
1630178,"Maxey, Tyrese",3,65,64,4-6 Feet - Open,0.252,129,355,0.363,0.451,0.111,67,156,0.429,0.141,62,199,0.312,2025-26,Regular Season
1630178,"Maxey, Tyrese",4,65,65,6+ Feet - Wide Open,0.274,165,386,0.427,0.6,0.046,32,65,0.492,0.228,133,321,0.414,2025-26,Regular Season
1642878,"Proctor, Tyrese",2,46,13,2-4 Feet - Tight,0.084,4,16,0.25,0.25,0.058,4,11,0.364,0.026,0,5,0.0,2025-26,Regular Season
1642878,"Proctor, Tyrese",3,46,24,4-6 Feet - Open,0.215,10,41,0.244,0.305,0.052,5,10,0.5,0.162,5,31,0.161,2025-26,Regular Season
1642878,"Proctor, Tyrese",4,46,33,6+ Feet - Wide Open,0.429,36,82,0.439,0.646,0.021,2,4,0.5,0.408,34,78,0.436,2025-26,Regular Season
1630623,"Etienne, Tyson",1,19,1,0-2 Feet - Very Tight,0.012,0,1,0.0,0.0,0.0,0,0,,0.012,0,1,0.0,2025-26,Regular Season
1630623,"Etienne, Tyson",2,19,5,2-4 Feet - Tight,0.111,5,9,0.556,0.722,0.025,2,2,1.0,0.086,3,7,0.429,2025-26,Regular Season
1630623,"Etienne, Tyson",3,19,15,4-6 Feet - Open,0.358,12,29,0.414,0.621,0.025,0,2,0.0,0.333,12,27,0.444,2025-26,Regular Season
1630623,"Etienne, Tyson",4,19,15,6+ Feet - Wide Open,0.42,16,34,0.471,0.691,0.012,1,1,1.0,0.407,15,33,0.455,2025-26,Regular Season
1626145,"Jones, Tyus",3,64,4,4-6 Feet - Open,0.385,1,5,0.2,0.2,0.154,1,2,0.5,0.231,0,3,0.0,2025-26,Regular Season
1626145,"Jones, Tyus",4,64,3,6+ Feet - Wide Open,0.462,2,6,0.333,0.5,0.0,0,0,,0.462,2,6,0.333,2025-26,Regular Season
1642845,"Edgecombe, VJ",1,70,9,0-2 Feet - Very Tight,0.009,5,9,0.556,0.556,0.008,5,8,0.625,0.001,0,1,0.0,2025-26,Regular Season
1642845,"Edgecombe, VJ",2,70,48,2-4 Feet - Tight,0.116,41,111,0.369,0.423,0.082,29,78,0.372,0.035,12,33,0.364,2025-26,Regular Season
1642845,"Edgecombe, VJ",3,70,70,4-6 Feet - Open,0.341,115,326,0.353,0.466,0.102,41,97,0.423,0.24,74,229,0.323,2025-26,Regular Season
1642845,"Edgecombe, VJ",4,70,61,6+ Feet - Wide Open,0.149,63,142,0.444,0.637,0.015,8,14,0.571,0.134,55,128,0.43,2025-26,Regular Season
1641705,"Wembanyama, Victor",1,61,7,0-2 Feet - Very Tight,0.008,0,8,0.0,0.0,0.007,0,7,0.0,0.001,0,1,0.0,2025-26,Regular Season
1641705,"Wembanyama, Victor",2,61,44,2-4 Feet - Tight,0.133,49,134,0.366,0.407,0.103,38,104,0.365,0.03,11,30,0.367,2025-26,Regular Season
1641705,"Wembanyama, Victor",3,61,60,4-6 Feet - Open,0.261,105,263,0.399,0.502,0.105,51,106,0.481,0.156,54,157,0.344,2025-26,Regular Season
1641705,"Wembanyama, Victor",4,61,54,6+ Feet - Wide Open,0.149,55,150,0.367,0.527,0.014,7,14,0.5,0.135,48,136,0.353,2025-26,Regular Season
1631246,"Williams Jr., Vince",2,40,2,2-4 Feet - Tight,0.107,1,3,0.333,0.333,0.036,1,1,1.0,0.071,0,2,0.0,2025-26,Regular Season
1631246,"Williams Jr., Vince",3,40,5,4-6 Feet - Open,0.464,4,13,0.308,0.423,0.107,1,3,0.333,0.357,3,10,0.3,2025-26,Regular Season
1631246,"Williams Jr., Vince",4,40,3,6+ Feet - Wide Open,0.214,3,6,0.5,0.75,0.0,0,0,,0.214,3,6,0.5,2025-26,Regular Season
1630249,"Krejčí, Vít",1,64,1,0-2 Feet - Very Tight,0.008,1,1,1.0,1.0,0.008,1,1,1.0,0.0,0,0,,2025-26,Regular Season
1630249,"Krejčí, Vít",2,64,14,2-4 Feet - Tight,0.203,7,24,0.292,0.438,0.0,0,0,,0.203,7,24,0.292,2025-26,Regular Season
1630249,"Krejčí, Vít",3,64,14,4-6 Feet - Open,0.339,12,40,0.3,0.413,0.051,3,6,0.5,0.288,9,34,0.265,2025-26,Regular Season
1630249,"Krejčí, Vít",4,64,15,6+ Feet - Wide Open,0.263,12,31,0.387,0.565,0.008,1,1,1.0,0.254,11,30,0.367,2025-26,Regular Season
1631117,"Kessler, Walker",2,5,1,2-4 Feet - Tight,0.027,0,1,0.0,0.0,0.027,0,1,0.0,0.0,0,0,,2025-26,Regular Season
1631117,"Kessler, Walker",4,5,3,6+ Feet - Wide Open,0.216,6,8,0.75,1.125,0.0,0,0,,0.216,6,8,0.75,2025-26,Regular Season
1642383,"Clayton Jr., Walter",2,66,13,2-4 Feet - Tight,0.115,5,20,0.25,0.275,0.08,4,14,0.286,0.034,1,6,0.167,2025-26,Regular Season
1642383,"Clayton Jr., Walter",3,66,20,4-6 Feet - Open,0.316,15,55,0.273,0.364,0.08,5,14,0.357,0.236,10,41,0.244,2025-26,Regular Season
1642383,"Clayton Jr., Walter",4,66,18,6+ Feet - Wide Open,0.224,12,39,0.308,0.462,0.006,0,1,0.0,0.218,12,38,0.316,2025-26,Regular Season
1628976,"Carter Jr., Wendell",1,73,1,0-2 Feet - Very Tight,0.002,0,1,0.0,0.0,0.002,0,1,0.0,0.0,0,0,,2025-26,Regular Season
1628976,"Carter Jr., Wendell",2,73,19,2-4 Feet - Tight,0.035,9,21,0.429,0.452,0.025,8,15,0.533,0.01,1,6,0.167,2025-26,Regular Season
1628976,"Carter Jr., Wendell",3,73,50,4-6 Feet - Open,0.14,28,85,0.329,0.371,0.084,21,51,0.412,0.056,7,34,0.206,2025-26,Regular Season
1628976,"Carter Jr., Wendell",4,73,69,6+ Feet - Wide Open,0.336,75,204,0.368,0.522,0.041,12,25,0.48,0.295,63,179,0.352,2025-26,Regular Season
1631111,"Moore Jr., Wendell",4,5,1,6+ Feet - Wide Open,0.143,0,1,0.0,0.0,0.0,0,0,,0.143,0,1,0.0,2025-26,Regular Season
1642954,"Richard, Will",1,66,2,0-2 Feet - Very Tight,0.006,1,2,0.5,0.5,0.006,1,2,0.5,0.0,0,0,,2025-26,Regular Season
1642954,"Richard, Will",2,66,6,2-4 Feet - Tight,0.018,1,6,0.167,0.167,0.009,1,3,0.333,0.009,0,3,0.0,2025-26,Regular Season
1642954,"Richard, Will",3,66,39,4-6 Feet - Open,0.178,13,61,0.213,0.287,0.032,4,11,0.364,0.146,9,50,0.18,2025-26,Regular Season
1642954,"Richard, Will",4,66,58,6+ Feet - Wide Open,0.468,65,160,0.406,0.6,0.015,3,5,0.6,0.453,62,155,0.4,2025-26,Regular Season
1642860,"Riley, Will",1,69,2,0-2 Feet - Very Tight,0.004,1,2,0.5,0.5,0.004,1,2,0.5,0.0,0,0,,2025-26,Regular Season
1642860,"Riley, Will",2,69,32,2-4 Feet - Tight,0.096,13,50,0.26,0.3,0.063,9,33,0.273,0.033,4,17,0.235,2025-26,Regular Season
1642860,"Riley, Will",3,69,57,4-6 Feet - Open,0.246,36,128,0.281,0.371,0.088,13,46,0.283,0.158,23,82,0.28,2025-26,Regular Season
1642860,"Riley, Will",4,69,49,6+ Feet - Wide Open,0.229,48,119,0.403,0.584,0.015,5,8,0.625,0.213,43,111,0.387,2025-26,Regular Season
1630214,"Tillman, Xavier",4,28,2,6+ Feet - Wide Open,0.25,0,3,0.0,0.0,0.0,0,0,,0.25,0,3,0.0,2025-26,Regular Season
1642905,Yang Hansen,2,41,2,2-4 Feet - Tight,0.02,0,2,0.0,0.0,0.01,0,1,0.0,0.01,0,1,0.0,2025-26,Regular Season
1642905,Yang Hansen,3,41,8,4-6 Feet - Open,0.12,1,12,0.083,0.125,0.02,0,2,0.0,0.1,1,10,0.1,2025-26,Regular Season
1642905,Yang Hansen,4,41,21,6+ Feet - Wide Open,0.33,4,33,0.121,0.182,0.02,0,2,0.0,0.31,4,31,0.129,2025-26,Regular Season
1642949,"Niederhäuser, Yanic Konan",2,41,2,2-4 Feet - Tight,0.02,1,2,0.5,0.5,0.02,1,2,0.5,0.0,0,0,,2025-26,Regular Season
1642949,"Niederhäuser, Yanic Konan",3,41,1,4-6 Feet - Open,0.01,0,1,0.0,0.0,0.0,0,0,,0.01,0,1,0.0,2025-26,Regular Season
1642949,"Niederhäuser, Yanic Konan",4,41,4,6+ Feet - Wide Open,0.05,1,5,0.2,0.3,0.01,0,1,0.0,0.04,1,4,0.25,2025-26,Regular Season
1642530,"Kawamura, Yuki",2,13,3,2-4 Feet - Tight,0.111,1,3,0.333,0.333,0.111,1,3,0.333,0.0,0,0,,2025-26,Regular Season
1642530,"Kawamura, Yuki",3,13,7,4-6 Feet - Open,0.333,3,9,0.333,0.444,0.074,1,2,0.5,0.259,2,7,0.286,2025-26,Regular Season
1642530,"Kawamura, Yuki",4,13,6,6+ Feet - Wide Open,0.37,4,10,0.4,0.6,0.0,0,0,,0.37,4,10,0.4,2025-26,Regular Season
1642274,"Missi, Yves",2,65,1,2-4 Feet - Tight,0.004,0,1,0.0,0.0,0.004,0,1,0.0,0.0,0,0,,2025-26,Regular Season
1642274,"Missi, Yves",3,65,9,4-6 Feet - Open,0.035,2,10,0.2,0.2,0.032,2,9,0.222,0.004,0,1,0.0,2025-26,Regular Season
1642274,"Missi, Yves",4,65,2,6+ Feet - Wide Open,0.007,1,2,0.5,0.5,0.007,1,2,0.5,0.0,0,0,,2025-26,Regular Season
1642258,"Risacher, Zaccharie",1,64,3,0-2 Feet - Very Tight,0.006,0,3,0.0,0.0,0.002,0,1,0.0,0.004,0,2,0.0,2025-26,Regular Season
1642258,"Risacher, Zaccharie",2,64,20,2-4 Feet - Tight,0.047,9,24,0.375,0.5,0.016,3,8,0.375,0.031,6,16,0.375,2025-26,Regular Season
1642258,"Risacher, Zaccharie",3,64,49,4-6 Feet - Open,0.217,40,112,0.357,0.496,0.056,9,29,0.31,0.161,31,83,0.373,2025-26,Regular Season
1642258,"Risacher, Zaccharie",4,64,55,6+ Feet - Wide Open,0.318,62,164,0.378,0.549,0.031,6,16,0.375,0.287,56,148,0.378,2025-26,Regular Season
1628380,"Collins, Zach",2,10,1,2-4 Feet - Tight,0.016,0,1,0.0,0.0,0.016,0,1,0.0,0.0,0,0,,2025-26,Regular Season
1628380,"Collins, Zach",3,10,5,4-6 Feet - Open,0.109,3,7,0.429,0.429,0.094,3,6,0.5,0.016,0,1,0.0,2025-26,Regular Season
1628380,"Collins, Zach",4,10,9,6+ Feet - Wide Open,0.328,10,21,0.476,0.69,0.016,1,1,1.0,0.313,9,20,0.45,2025-26,Regular Season
1641744,"Edey, Zach",2,11,4,2-4 Feet - Tight,0.051,3,5,0.6,0.6,0.051,3,5,0.6,0.0,0,0,,2025-26,Regular Season
1641744,"Edey, Zach",3,11,3,4-6 Feet - Open,0.031,1,3,0.333,0.5,0.01,0,1,0.0,0.02,1,2,0.5,2025-26,Regular Season
1641744,"Edey, Zach",4,11,3,6+ Feet - Wide Open,0.031,0,3,0.0,0.0,0.0,0,0,,0.031,0,3,0.0,2025-26,Regular Season
203897,"LaVine, Zach",1,39,1,0-2 Feet - Very Tight,0.002,1,1,1.0,1.0,0.002,1,1,1.0,0.0,0,0,,2025-26,Regular Season
203897,"LaVine, Zach",2,39,29,2-4 Feet - Tight,0.122,22,67,0.328,0.41,0.062,11,34,0.324,0.06,11,33,0.333,2025-26,Regular Season
203897,"LaVine, Zach",3,39,39,4-6 Feet - Open,0.362,80,198,0.404,0.525,0.115,32,63,0.508,0.247,48,135,0.356,2025-26,Regular Season
203897,"LaVine, Zach",4,39,34,6+ Feet - Wide Open,0.172,41,94,0.436,0.649,0.015,1,8,0.125,0.157,40,86,0.465,2025-26,Regular Season
1630192,"Nnaji, Zeke",2,49,3,2-4 Feet - Tight,0.021,1,3,0.333,0.5,0.014,0,2,0.0,0.007,1,1,1.0,2025-26,Regular Season
1630192,"Nnaji, Zeke",3,49,13,4-6 Feet - Open,0.114,4,16,0.25,0.375,0.014,0,2,0.0,0.1,4,14,0.286,2025-26,Regular Season
1630192,"Nnaji, Zeke",4,49,23,6+ Feet - Wide Open,0.279,10,39,0.256,0.359,0.036,2,5,0.4,0.243,8,34,0.235,2025-26,Regular Season
1630533,"Williams, Ziaire",1,56,1,0-2 Feet - Very Tight,0.002,1,1,1.0,1.0,0.002,1,1,1.0,0.0,0,0,,2025-26,Regular Season
1630533,"Williams, Ziaire",2,56,28,2-4 Feet - Tight,0.102,10,44,0.227,0.318,0.025,2,11,0.182,0.076,8,33,0.242,2025-26,Regular Season
1630533,"Williams, Ziaire",3,56,51,4-6 Feet - Open,0.321,44,139,0.317,0.457,0.023,5,10,0.5,0.298,39,129,0.302,2025-26,Regular Season
1630533,"Williams, Ziaire",4,56,43,6+ Feet - Wide Open,0.212,41,92,0.446,0.658,0.007,2,3,0.667,0.206,39,89,0.438,2025-26,Regular Season
1629627,"Williamson, Zion",2,61,10,2-4 Feet - Tight,0.015,4,12,0.333,0.333,0.015,4,12,0.333,0.0,0,0,,2025-26,Regular Season
1629627,"Williamson, Zion",3,61,13,4-6 Feet - Open,0.02,5,16,0.313,0.313,0.019,5,15,0.333,0.001,0,1,0.0,2025-26,Regular Season
1629627,"Williamson, Zion",4,61,7,6+ Feet - Wide Open,0.013,5,10,0.5,0.55,0.009,4,7,0.571,0.004,1,3,0.333,2025-26,Regular Season
