PLAYER_ID,PLAYER_NAME,PLAYER_LAST_TEAM_ID,PLAYER_LAST_TEAM_ABBREVIATION,AGE,GP,G,FGA_FREQUENCY,FGM,FGA,FG_PCT,EFG_PCT,FG2A_FREQUENCY,FG2M,FG2A,FG2_PCT,FG3A_FREQUENCY,FG3M,FG3A,FG3_PCT,SEASON,SEASON_TYPE,RANGE_LABEL
202696,Nikola Vučević,1610612741,CHI,30.0,70,70,1.0,666,1397,0.477,0.54,0.684,490,956,0.513,0.316,176,441,0.399,2020-21,Regular Season,Overall
203078,Bradley Beal,1610612764,WAS,28.0,60,60,1.0,670,1382,0.485,0.532,0.73,540,1009,0.535,0.27,130,373,0.349,2020-21,Regular Season,Overall
201939,Stephen Curry,1610612744,GSW,33.0,63,63,1.0,655,1357,0.483,0.606,0.415,320,563,0.568,0.585,335,794,0.422,2020-21,Regular Season,Overall
1629029,Luka Dončić,1610612742,DAL,22.0,66,66,1.0,647,1345,0.481,0.552,0.594,455,799,0.569,0.406,192,546,0.352,2020-21,Regular Season,Overall
203081,Damian Lillard,1610612757,POR,30.0,67,67,1.0,602,1334,0.451,0.554,0.472,327,630,0.519,0.528,275,704,0.391,2020-21,Regular Season,Overall
1628369,Jayson Tatum,1610612738,BOS,23.0,64,64,1.0,605,1319,0.459,0.53,0.632,418,834,0.501,0.368,187,485,0.386,2020-21,Regular Season,Overall
203944,Julius Randle,1610612752,NYK,26.0,71,71,1.0,601,1319,0.456,0.516,0.705,441,930,0.474,0.295,160,389,0.411,2020-21,Regular Season,Overall
203999,Nikola Jokić,1610612743,DEN,26.0,72,72,1.0,723,1275,0.567,0.603,0.815,631,1039,0.607,0.185,92,236,0.39,2020-21,Regular Season,Overall
1626164,Devin Booker,1610612756,PHX,24.0,67,67,1.0,615,1273,0.483,0.532,0.712,491,907,0.541,0.288,124,366,0.339,2020-21,Regular Season,Overall
201566,Russell Westbrook,1610612764,WAS,32.0,65,65,1.0,544,1238,0.439,0.474,0.779,458,965,0.475,0.221,86,273,0.315,2020-21,Regular Season,Overall
1630162,Anthony Edwards,1610612750,MIN,19.0,72,72,1.0,505,1209,0.418,0.488,0.57,334,689,0.485,0.43,171,520,0.329,2020-21,Regular Season,Overall
1626179,Terry Rozier,1610612766,CHA,27.0,69,69,1.0,510,1132,0.451,0.549,0.496,288,562,0.512,0.504,222,570,0.389,2020-21,Regular Season,Overall
203897,Zach LaVine,1610612741,CHI,26.0,58,58,1.0,569,1123,0.507,0.596,0.575,369,646,0.571,0.425,200,477,0.419,2020-21,Regular Season,Overall
1629027,Trae Young,1610612737,ATL,22.0,63,63,1.0,486,1111,0.437,0.498,0.644,351,715,0.491,0.356,135,396,0.341,2020-21,Regular Season,Overall
1627759,Jaylen Brown,1610612738,BOS,24.0,58,58,1.0,538,1110,0.485,0.558,0.631,375,700,0.536,0.369,163,410,0.398,2020-21,Regular Season,Overall
1628368,De'Aaron Fox,1610612758,SAC,23.0,58,58,1.0,529,1110,0.477,0.523,0.712,426,790,0.539,0.288,103,320,0.322,2020-21,Regular Season,Overall
203507,Giannis Antetokounmpo,1610612749,MIL,26.0,61,60,1.0,626,1100,0.569,0.6,0.799,559,879,0.636,0.201,67,221,0.303,2020-21,Regular Season,Overall
1627742,Brandon Ingram,1610612740,NOP,23.0,61,61,1.0,513,1100,0.466,0.531,0.659,370,725,0.51,0.341,143,375,0.381,2020-21,Regular Season,Overall
1628378,Donovan Mitchell,1610612762,UTA,24.0,53,53,1.0,478,1090,0.439,0.52,0.578,300,630,0.476,0.422,178,460,0.387,2020-21,Regular Season,Overall
1629012,Collin Sexton,1610612739,CLE,22.0,60,59,1.0,519,1088,0.477,0.521,0.761,423,828,0.511,0.239,96,260,0.369,2020-21,Regular Season,Overall
202681,Kyrie Irving,1610612751,BKN,29.0,54,54,1.0,549,1086,0.506,0.576,0.652,397,708,0.561,0.348,152,378,0.402,2020-21,Regular Season,Overall
203114,Khris Middleton,1610612749,MIL,29.0,68,68,1.0,511,1074,0.476,0.546,0.66,360,709,0.508,0.34,151,365,0.414,2020-21,Regular Season,Overall
203903,Jordan Clarkson,1610612762,UTA,29.0,68,68,1.0,457,1072,0.426,0.523,0.443,249,475,0.524,0.557,208,597,0.348,2020-21,Regular Season,Overall
203952,Andrew Wiggins,1610612744,GSW,26.0,71,71,1.0,504,1050,0.48,0.547,0.651,364,684,0.532,0.349,140,366,0.383,2020-21,Regular Season,Overall
1629628,RJ Barrett,1610612752,NYK,21.0,72,72,1.0,462,1049,0.44,0.5,0.706,338,741,0.456,0.294,124,308,0.403,2020-21,Regular Season,Overall
1629627,Zion Williamson,1610612740,NOP,20.0,61,61,1.0,634,1037,0.611,0.616,0.967,624,1003,0.622,0.033,10,34,0.294,2020-21,Regular Season,Overall
1628415,Dillon Brooks,1610612763,MEM,25.0,67,67,1.0,432,1031,0.419,0.481,0.639,304,659,0.461,0.361,128,372,0.344,2020-21,Regular Season,Overall
1627741,Buddy Hield,1610612758,SAC,28.0,71,71,1.0,403,992,0.406,0.548,0.273,121,271,0.446,0.727,282,721,0.391,2020-21,Regular Season,Overall
1627763,Malcolm Brogdon,1610612754,IND,28.0,56,56,1.0,444,979,0.454,0.528,0.618,299,605,0.494,0.382,145,374,0.388,2020-21,Regular Season,Overall
1627749,Dejounte Murray,1610612759,SAS,24.0,67,66,1.0,440,973,0.452,0.485,0.795,377,774,0.487,0.205,63,199,0.317,2020-21,Regular Season,Overall
1627783,Pascal Siakam,1610612761,TOR,27.0,56,56,1.0,437,961,0.455,0.493,0.744,364,715,0.509,0.256,73,246,0.297,2020-21,Regular Season,Overall
1629630,Ja Morant,1610612763,MEM,21.0,63,63,1.0,430,957,0.449,0.487,0.748,357,716,0.499,0.252,73,241,0.303,2020-21,Regular Season,Overall
202331,Paul George,1610612746,LAC,31.0,54,54,1.0,445,953,0.467,0.557,0.563,274,537,0.51,0.437,171,416,0.411,2020-21,Regular Season,Overall
202699,Tobias Harris,1610612755,PHI,28.0,62,62,1.0,473,924,0.512,0.556,0.775,391,716,0.546,0.225,82,208,0.394,2020-21,Regular Season,Overall
202711,Bojan Bogdanovic,1610612762,UTA,32.0,72,72,1.0,405,923,0.439,0.536,0.502,226,463,0.488,0.498,179,460,0.389,2020-21,Regular Season,Overall
203924,Jerami Grant,1610612765,DET,27.0,54,54,1.0,398,922,0.432,0.493,0.649,285,598,0.477,0.351,113,324,0.349,2020-21,Regular Season,Overall
1626181,Norman Powell,1610612757,POR,28.0,69,69,1.0,438,918,0.477,0.57,0.547,267,502,0.532,0.453,171,416,0.411,2020-21,Regular Season,Overall
201942,DeMar DeRozan,1610612759,SAS,31.0,61,61,1.0,454,917,0.495,0.505,0.919,435,843,0.516,0.081,19,74,0.257,2020-21,Regular Season,Overall
203501,Tim Hardaway Jr.,1610612742,DAL,29.0,70,70,1.0,407,909,0.448,0.562,0.419,200,381,0.525,0.581,207,528,0.392,2020-21,Regular Season,Overall
202695,Kawhi Leonard,1610612746,LAC,30.0,52,52,1.0,465,907,0.513,0.568,0.72,364,653,0.557,0.28,101,254,0.398,2020-21,Regular Season,Overall
1627734,Domantas Sabonis,1610612754,IND,25.0,62,62,1.0,484,904,0.535,0.564,0.821,432,742,0.582,0.179,52,162,0.321,2020-21,Regular Season,Overall
1629632,Coby White,1610612741,CHI,21.0,69,69,1.0,375,902,0.416,0.506,0.497,212,448,0.473,0.503,163,454,0.359,2020-21,Regular Season,Overall
203954,Joel Embiid,1610612755,PHI,27.0,51,51,1.0,461,900,0.512,0.544,0.828,403,745,0.541,0.172,58,155,0.374,2020-21,Regular Season,Overall
203468,CJ McCollum,1610612757,POR,29.0,47,47,1.0,405,884,0.458,0.554,0.525,236,464,0.509,0.475,169,420,0.402,2020-21,Regular Season,Overall
1626157,Karl-Anthony Towns,1610612750,MIN,25.0,50,50,1.0,425,875,0.486,0.555,0.64,303,560,0.541,0.36,122,315,0.387,2020-21,Regular Season,Overall
101108,Chris Paul,1610612756,PHX,36.0,70,70,1.0,434,870,0.499,0.557,0.708,333,616,0.541,0.292,101,254,0.398,2020-21,Regular Season,Overall
1627832,Fred VanVleet,1610612761,TOR,27.0,52,52,1.0,338,870,0.389,0.489,0.453,164,394,0.416,0.547,174,476,0.366,2020-21,Regular Season,Overall
201950,Jrue Holiday,1610612749,MIL,31.0,59,59,1.0,414,824,0.502,0.57,0.655,303,540,0.561,0.345,111,284,0.391,2020-21,Regular Season,Overall
1627747,Caris LeVert,1610612754,IND,26.0,47,47,1.0,359,814,0.441,0.493,0.683,275,556,0.495,0.317,84,258,0.326,2020-21,Regular Season,Overall
1629008,Michael Porter Jr.,1610612743,DEN,23.0,61,61,1.0,440,812,0.542,0.646,0.532,271,432,0.627,0.468,169,380,0.445,2020-21,Regular Season,Overall
1628389,Bam Adebayo,1610612748,MIA,23.0,64,64,1.0,456,799,0.571,0.572,0.99,454,791,0.574,0.01,2,8,0.25,2020-21,Regular Season,Overall
2544,LeBron James,1610612747,LAL,36.0,45,44,1.0,403,796,0.506,0.567,0.656,306,522,0.586,0.344,97,274,0.354,2020-21,Regular Season,Overall
1629636,Darius Garland,1610612739,CLE,21.0,54,53,1.0,357,792,0.451,0.517,0.664,252,526,0.479,0.336,105,266,0.395,2020-21,Regular Season,Overall
1627750,Jamal Murray,1610612743,DEN,24.0,48,48,1.0,375,785,0.478,0.56,0.599,246,470,0.523,0.401,129,315,0.41,2020-21,Regular Season,Overall
1629018,Gary Trent Jr.,1610612761,TOR,22.0,58,58,1.0,320,785,0.408,0.513,0.454,155,356,0.435,0.546,165,429,0.385,2020-21,Regular Season,Overall
2546,Carmelo Anthony,1610612757,POR,37.0,69,69,1.0,327,777,0.421,0.506,0.582,194,452,0.429,0.418,133,325,0.409,2020-21,Regular Season,Overall
1628381,John Collins,1610612737,ATL,23.0,63,63,1.0,429,771,0.556,0.61,0.73,346,563,0.615,0.27,83,208,0.399,2020-21,Regular Season,Overall
1628398,Kyle Kuzma,1610612747,LAL,25.0,68,67,1.0,333,752,0.443,0.534,0.496,196,373,0.525,0.504,137,379,0.361,2020-21,Regular Season,Overall
203471,Dennis Schröder,1610612747,LAL,27.0,61,60,1.0,328,751,0.437,0.484,0.719,257,540,0.476,0.281,71,211,0.336,2020-21,Regular Season,Overall
202685,Jonas Valančiūnas,1610612763,MEM,29.0,62,62,1.0,440,742,0.593,0.607,0.923,419,685,0.612,0.077,21,57,0.368,2020-21,Regular Season,Overall
202710,Jimmy Butler III,1610612748,MIA,31.0,52,52,1.0,366,737,0.497,0.514,0.862,341,635,0.537,0.138,25,102,0.245,2020-21,Regular Season,Overall
201935,James Harden,1610612751,BKN,31.0,44,44,1.0,342,735,0.465,0.548,0.544,221,400,0.553,0.456,121,335,0.361,2020-21,Regular Season,Overall
1628989,Kevin Huerter,1610612737,ATL,22.0,69,69,1.0,316,731,0.432,0.528,0.472,176,345,0.51,0.528,140,386,0.363,2020-21,Regular Season,Overall
202339,Eric Bledsoe,1610612740,NOP,31.0,71,71,1.0,307,730,0.421,0.503,0.515,186,376,0.495,0.485,121,354,0.342,2020-21,Regular Season,Overall
202322,John Wall,1610612745,HOU,30.0,40,40,1.0,293,725,0.404,0.459,0.657,214,476,0.45,0.343,79,249,0.317,2020-21,Regular Season,Overall
1628407,Dwayne Bacon,1610612753,ORL,25.0,72,71,1.0,292,724,0.403,0.444,0.715,233,518,0.45,0.285,59,206,0.286,2020-21,Regular Season,Overall
1626162,Kelly Oubre Jr.,1610612744,GSW,25.0,55,55,1.0,317,718,0.442,0.504,0.606,227,435,0.522,0.394,90,283,0.318,2020-21,Regular Season,Overall
1629130,Duncan Robinson,1610612748,MIA,27.0,72,72,1.0,315,717,0.439,0.614,0.145,65,104,0.625,0.855,250,613,0.408,2020-21,Regular Season,Overall
203925,Joe Harris,1610612751,BKN,29.0,69,69,1.0,357,706,0.506,0.655,0.371,146,262,0.557,0.629,211,444,0.475,2020-21,Regular Season,Overall
1629640,Keldon Johnson,1610612759,SAS,21.0,69,69,1.0,338,705,0.479,0.522,0.743,278,524,0.531,0.257,60,181,0.331,2020-21,Regular Season,Overall
1628367,Josh Jackson,1610612765,DET,24.0,62,62,1.0,295,702,0.42,0.474,0.638,219,448,0.489,0.362,76,254,0.299,2020-21,Regular Season,Overall
1629639,Tyler Herro,1610612748,MIA,21.0,54,54,1.0,307,699,0.439,0.516,0.575,200,402,0.498,0.425,107,297,0.36,2020-21,Regular Season,Overall
1628366,Lonzo Ball,1610612740,NOP,23.0,55,55,1.0,289,698,0.414,0.537,0.348,117,243,0.481,0.652,172,455,0.378,2020-21,Regular Season,Overall
203482,Kelly Olynyk,1610612745,HOU,30.0,70,70,1.0,336,696,0.483,0.573,0.473,210,329,0.638,0.527,126,367,0.343,2020-21,Regular Season,Overall
203991,Clint Capela,1610612737,ATL,27.0,63,63,1.0,413,695,0.594,0.594,1.0,413,695,0.594,0.0,0,0,,2020-21,Regular Season,Overall
1629647,Darius Bazley,1610612760,OKC,21.0,55,55,1.0,273,690,0.396,0.456,0.586,190,404,0.47,0.414,83,286,0.29,2020-21,Regular Season,Overall
1630180,Saddiq Bey,1610612765,DET,22.0,70,69,1.0,279,688,0.406,0.533,0.337,104,232,0.448,0.663,175,456,0.384,2020-21,Regular Season,Overall
1629023,P.J. Washington,1610612766,CHA,22.0,64,64,1.0,301,686,0.439,0.52,0.579,190,397,0.479,0.421,111,289,0.384,2020-21,Regular Season,Overall
204001,Kristaps Porziņģis,1610612742,DAL,25.0,43,43,1.0,325,683,0.476,0.547,0.622,228,425,0.536,0.378,97,258,0.376,2020-21,Regular Season,Overall
1629028,Deandre Ayton,1610612756,PHX,22.0,69,69,1.0,424,680,0.624,0.626,0.972,420,661,0.635,0.028,4,19,0.211,2020-21,Regular Season,Overall
202689,Kemba Walker,1610612760,OKC,31.0,43,43,1.0,284,676,0.42,0.514,0.478,157,323,0.486,0.522,127,353,0.36,2020-21,Regular Season,Overall
1630163,LaMelo Ball,1610612766,CHA,19.0,51,51,1.0,294,673,0.437,0.506,0.611,201,411,0.489,0.389,93,262,0.355,2020-21,Regular Season,Overall
1628984,Devonte' Graham,1610612766,CHA,26.0,55,55,1.0,251,668,0.376,0.509,0.287,73,192,0.38,0.713,178,476,0.374,2020-21,Regular Season,Overall
1629003,Shake Milton,1610612755,PHI,24.0,63,63,1.0,300,667,0.45,0.503,0.696,229,464,0.494,0.304,71,203,0.35,2020-21,Regular Season,Overall
203926,Doug McDermott,1610612754,IND,29.0,66,66,1.0,354,665,0.532,0.616,0.57,243,379,0.641,0.43,111,286,0.388,2020-21,Regular Season,Overall
201152,Thaddeus Young,1610612741,CHI,33.0,68,68,1.0,370,663,0.558,0.567,0.932,358,618,0.579,0.068,12,45,0.267,2020-21,Regular Season,Overall
1629134,Kendrick Nunn,1610612748,MIA,25.0,56,56,1.0,319,658,0.485,0.578,0.514,197,338,0.583,0.486,122,320,0.381,2020-21,Regular Season,Overall
202330,Gordon Hayward,1610612766,CHA,31.0,44,44,1.0,311,658,0.473,0.537,0.688,226,453,0.499,0.312,85,205,0.415,2020-21,Regular Season,Overall
203937,Kyle Anderson,1610612763,MEM,27.0,69,69,1.0,308,658,0.468,0.54,0.603,214,397,0.539,0.397,94,261,0.36,2020-21,Regular Season,Overall
1628969,Mikal Bridges,1610612756,PHX,24.0,72,72,1.0,356,657,0.542,0.64,0.528,227,347,0.654,0.472,129,310,0.416,2020-21,Regular Season,Overall
1626156,D'Angelo Russell,1610612750,MIN,25.0,42,42,1.0,281,652,0.431,0.523,0.525,161,342,0.471,0.475,120,310,0.387,2020-21,Regular Season,Overall
1629060,Rui Hachimura,1610612764,WAS,23.0,57,57,1.0,310,648,0.478,0.513,0.789,265,511,0.519,0.211,45,137,0.328,2020-21,Regular Season,Overall
101150,Lou Williams,1610612737,ATL,34.0,66,66,1.0,265,647,0.41,0.463,0.733,196,474,0.414,0.267,69,173,0.399,2020-21,Regular Season,Overall
203084,Harrison Barnes,1610612758,SAC,29.0,58,58,1.0,319,642,0.497,0.575,0.601,219,386,0.567,0.399,100,256,0.391,2020-21,Regular Season,Overall
1626174,Christian Wood,1610612745,HOU,25.0,41,41,1.0,329,640,0.514,0.574,0.678,252,434,0.581,0.322,77,206,0.374,2020-21,Regular Season,Overall
201572,Brook Lopez,1610612749,MIL,33.0,70,70,1.0,322,640,0.503,0.577,0.561,227,359,0.632,0.439,95,281,0.338,2020-21,Regular Season,Overall
201144,Mike Conley,1610612762,UTA,33.0,51,51,1.0,282,638,0.442,0.549,0.476,145,304,0.477,0.524,137,334,0.41,2020-21,Regular Season,Overall
1629652,Luguentz Dort,1610612760,OKC,22.0,52,52,1.0,247,638,0.387,0.476,0.484,134,309,0.434,0.516,113,329,0.343,2020-21,Regular Season,Overall
200752,Rudy Gay,1610612759,SAS,34.0,63,63,1.0,264,628,0.42,0.505,0.557,158,350,0.451,0.443,106,278,0.381,2020-21,Regular Season,Overall
1628973,Jalen Brunson,1610612742,DAL,24.0,68,68,1.0,328,627,0.523,0.588,0.681,247,427,0.578,0.319,81,200,0.405,2020-21,Regular Season,Overall
203200,Justin Holiday,1610612754,IND,32.0,72,72,1.0,258,624,0.413,0.552,0.274,85,171,0.497,0.726,173,453,0.382,2020-21,Regular Season,Overall
1628970,Miles Bridges,1610612766,CHA,23.0,66,65,1.0,313,622,0.503,0.596,0.534,197,332,0.593,0.466,116,290,0.4,2020-21,Regular Season,Overall
1630256,Jae'Sean Tate,1610612745,HOU,25.0,70,70,1.0,313,620,0.505,0.552,0.69,254,428,0.593,0.31,59,192,0.307,2020-21,Regular Season,Overall
1630169,Tyrese Haliburton,1610612758,SAC,21.0,58,58,1.0,292,619,0.472,0.569,0.522,171,323,0.529,0.478,121,296,0.409,2020-21,Regular Season,Overall
1626196,Josh Richardson,1610612742,DAL,27.0,59,59,1.0,264,618,0.427,0.498,0.568,176,351,0.501,0.432,88,267,0.33,2020-21,Regular Season,Overall
203082,Terrence Ross,1610612753,ORL,30.0,46,46,1.0,254,616,0.412,0.485,0.571,165,352,0.469,0.429,89,264,0.337,2020-21,Regular Season,Overall
203901,Elfrid Payton,1610612752,NYK,27.0,63,63,1.0,267,615,0.434,0.457,0.842,239,518,0.461,0.158,28,97,0.289,2020-21,Regular Season,Overall
201988,Patty Mills,1610612759,SAS,32.0,68,68,1.0,252,612,0.412,0.543,0.297,91,182,0.5,0.703,161,430,0.374,2020-21,Regular Season,Overall
1630177,Theo Maledon,1610612760,OKC,20.0,65,65,1.0,225,612,0.368,0.453,0.492,121,301,0.402,0.508,104,311,0.334,2020-21,Regular Season,Overall
1629022,Lonnie Walker IV,1610612759,SAS,22.0,60,60,1.0,256,609,0.42,0.502,0.537,156,327,0.477,0.463,100,282,0.355,2020-21,Regular Season,Overall
201565,Derrick Rose,1610612752,NYK,32.0,50,50,1.0,285,604,0.472,0.513,0.786,235,475,0.495,0.214,50,129,0.388,2020-21,Regular Season,Overall
203115,Will Barton,1610612743,DEN,30.0,56,55,1.0,257,604,0.425,0.506,0.578,160,349,0.458,0.422,97,255,0.38,2020-21,Regular Season,Overall
201142,Kevin Durant,1610612751,BKN,32.0,35,35,1.0,324,603,0.537,0.608,0.687,239,414,0.577,0.313,85,189,0.45,2020-21,Regular Season,Overall
1628978,Donte DiVincenzo,1610612749,MIL,24.0,66,66,1.0,253,603,0.42,0.528,0.426,122,257,0.475,0.574,131,346,0.379,2020-21,Regular Season,Overall
1627736,Malik Beasley,1610612750,MIN,24.0,37,37,1.0,264,600,0.44,0.547,0.465,136,279,0.487,0.535,128,321,0.399,2020-21,Regular Season,Overall
1626171,Bobby Portis,1610612749,MIL,26.0,66,66,1.0,313,599,0.523,0.584,0.738,239,442,0.541,0.262,74,157,0.471,2020-21,Regular Season,Overall
203076,Anthony Davis,1610612747,LAL,28.0,36,35,1.0,296,597,0.496,0.518,0.838,270,500,0.54,0.162,26,97,0.268,2020-21,Regular Season,Overall
200768,Kyle Lowry,1610612761,TOR,35.0,46,46,1.0,260,596,0.436,0.546,0.445,129,265,0.487,0.555,131,331,0.396,2020-21,Regular Season,Overall
1626149,Montrezl Harrell,1610612747,LAL,27.0,69,67,1.0,369,594,0.621,0.621,0.983,369,584,0.632,0.017,0,10,0.0,2020-21,Regular Season,Overall
202694,Marcus Morris Sr.,1610612746,LAC,31.0,57,57,1.0,276,584,0.473,0.592,0.493,136,288,0.472,0.507,140,296,0.473,2020-21,Regular Season,Overall
1627732,Ben Simmons,1610612755,PHI,24.0,58,58,1.0,325,583,0.557,0.56,0.983,322,573,0.562,0.017,3,10,0.3,2020-21,Regular Season,Overall
1629675,Naz Reid,1610612750,MIN,21.0,70,69,1.0,304,581,0.523,0.576,0.701,243,407,0.597,0.299,61,174,0.351,2020-21,Regular Season,Overall
202704,Reggie Jackson,1610612746,LAC,31.0,67,63,1.0,261,580,0.45,0.553,0.521,141,302,0.467,0.479,120,278,0.432,2020-21,Regular Season,Overall
203497,Rudy Gobert,1610612762,UTA,29.0,71,71,1.0,390,578,0.675,0.675,0.993,390,574,0.679,0.007,0,4,0.0,2020-21,Regular Season,Overall
1630193,Immanuel Quickley,1610612752,NYK,22.0,64,64,1.0,228,577,0.395,0.497,0.48,111,277,0.401,0.52,117,300,0.39,2020-21,Regular Season,Overall
1626158,Richaun Holmes,1610612758,SAC,27.0,61,61,1.0,366,575,0.637,0.638,0.981,364,564,0.645,0.019,2,11,0.182,2020-21,Regular Season,Overall
1626224,Cedi Osman,1610612739,CLE,26.0,59,57,1.0,213,575,0.37,0.452,0.45,119,259,0.459,0.55,94,316,0.297,2020-21,Regular Season,Overall
203992,Bogdan Bogdanović,1610612737,ATL,28.0,44,44,1.0,267,565,0.473,0.602,0.411,121,232,0.522,0.589,146,333,0.438,2020-21,Regular Season,Overall
1628983,Shai Gilgeous-Alexander,1610612760,OKC,22.0,35,35,1.0,286,564,0.507,0.57,0.699,215,394,0.546,0.301,71,170,0.418,2020-21,Regular Season,Overall
203506,Victor Oladipo,1610612748,MIA,29.0,33,33,1.0,233,564,0.413,0.482,0.585,155,330,0.47,0.415,78,234,0.333,2020-21,Regular Season,Overall
204060,Joe Ingles,1610612762,UTA,33.0,67,67,1.0,275,562,0.489,0.652,0.278,92,156,0.59,0.722,183,406,0.451,2020-21,Regular Season,Overall
202683,Enes Freedom,1610612757,POR,29.0,72,72,1.0,339,561,0.604,0.605,0.993,338,557,0.607,0.007,1,4,0.25,2020-21,Regular Season,Overall
1628449,Chris Boucher,1610612761,TOR,28.0,60,60,1.0,288,560,0.514,0.595,0.58,198,325,0.609,0.42,90,235,0.383,2020-21,Regular Season,Overall
203493,Reggie Bullock Jr.,1610612752,NYK,30.0,65,65,1.0,247,557,0.443,0.589,0.289,85,161,0.528,0.711,162,396,0.409,2020-21,Regular Season,Overall
201609,Goran Dragic,1610612748,MIA,35.0,50,50,1.0,240,554,0.433,0.515,0.56,149,310,0.481,0.44,91,244,0.373,2020-21,Regular Season,Overall
203083,Andre Drummond,1610612747,LAL,27.0,46,45,1.0,271,552,0.491,0.491,0.986,271,544,0.498,0.014,0,8,0.0,2020-21,Regular Season,Overall
203552,Seth Curry,1610612755,PHI,30.0,57,57,1.0,258,552,0.467,0.582,0.493,132,272,0.485,0.507,126,280,0.45,2020-21,Regular Season,Overall
1630175,Cole Anthony,1610612753,ORL,21.0,47,47,1.0,219,552,0.397,0.449,0.688,161,380,0.424,0.312,58,172,0.337,2020-21,Regular Season,Overall
1630171,Isaac Okoro,1610612739,CLE,20.0,67,66,1.0,232,550,0.422,0.477,0.616,171,339,0.504,0.384,61,211,0.289,2020-21,Regular Season,Overall
201980,Danny Green,1610612755,PHI,34.0,69,69,1.0,224,545,0.411,0.572,0.207,49,113,0.434,0.793,175,432,0.405,2020-21,Regular Season,Overall
203095,Evan Fournier,1610612738,BOS,28.0,42,42,1.0,247,541,0.457,0.565,0.477,130,258,0.504,0.523,117,283,0.413,2020-21,Regular Season,Overall
201145,Jeff Green,1610612751,BKN,34.0,68,67,1.0,261,530,0.492,0.59,0.528,158,280,0.564,0.472,103,250,0.412,2020-21,Regular Season,Overall
1627854,Bryn Forbes,1610612749,MIL,27.0,70,70,1.0,250,529,0.473,0.618,0.355,96,188,0.511,0.645,154,341,0.452,2020-21,Regular Season,Overall
1630172,Patrick Williams,1610612741,CHI,19.0,71,71,1.0,255,528,0.483,0.534,0.739,201,390,0.515,0.261,54,138,0.391,2020-21,Regular Season,Overall
1628374,Lauri Markkanen,1610612741,CHI,24.0,51,51,1.0,250,520,0.481,0.595,0.431,131,224,0.585,0.569,119,296,0.402,2020-21,Regular Season,Overall
1628384,OG Anunoby,1610612761,TOR,23.0,43,43,1.0,249,518,0.481,0.581,0.496,145,257,0.564,0.504,104,261,0.398,2020-21,Regular Season,Overall
203935,Marcus Smart,1610612738,BOS,27.0,48,48,1.0,203,510,0.398,0.489,0.447,110,228,0.482,0.553,93,282,0.33,2020-21,Regular Season,Overall
203496,Robert Covington,1610612757,POR,30.0,70,70,1.0,204,509,0.401,0.533,0.301,69,153,0.451,0.699,135,356,0.379,2020-21,Regular Season,Overall
1626153,Delon Wright,1610612758,SAC,29.0,63,62,1.0,232,507,0.458,0.519,0.667,170,338,0.503,0.333,62,169,0.367,2020-21,Regular Season,Overall
1629004,Svi Mykhailiuk,1610612760,OKC,24.0,66,65,1.0,208,506,0.411,0.515,0.379,103,192,0.536,0.621,105,314,0.334,2020-21,Regular Season,Overall
1630217,Desmond Bane,1610612763,MEM,23.0,68,68,1.0,234,499,0.469,0.586,0.457,117,228,0.513,0.543,117,271,0.432,2020-21,Regular Season,Overall
203932,Aaron Gordon,1610612743,DEN,25.0,50,50,1.0,231,499,0.463,0.522,0.647,172,323,0.533,0.353,59,176,0.335,2020-21,Regular Season,Overall
201937,Ricky Rubio,1610612750,MIN,30.0,68,68,1.0,193,498,0.388,0.454,0.57,127,284,0.447,0.43,66,214,0.308,2020-21,Regular Season,Overall
1629634,Brandon Clarke,1610612763,MEM,24.0,59,59,1.0,256,494,0.518,0.538,0.844,236,417,0.566,0.156,20,77,0.26,2020-21,Regular Season,Overall
203484,Kentavious Caldwell-Pope,1610612747,LAL,28.0,67,66,1.0,215,494,0.435,0.556,0.423,96,209,0.459,0.577,119,285,0.418,2020-21,Regular Season,Overall
202692,Alec Burks,1610612752,NYK,29.0,49,49,1.0,209,494,0.423,0.525,0.508,108,251,0.43,0.492,101,243,0.416,2020-21,Regular Season,Overall
204456,T.J. McConnell,1610612754,IND,29.0,69,69,1.0,274,490,0.559,0.574,0.902,259,442,0.586,0.098,15,48,0.313,2020-21,Regular Season,Overall
1628963,Marvin Bagley III,1610612758,SAC,22.0,43,43,1.0,247,489,0.505,0.543,0.779,210,381,0.551,0.221,37,108,0.343,2020-21,Regular Season,Overall
203109,Jae Crowder,1610612756,PHX,30.0,60,60,1.0,198,489,0.405,0.555,0.229,51,112,0.455,0.771,147,377,0.39,2020-21,Regular Season,Overall
1629659,Talen Horton-Tucker,1610612747,LAL,20.0,65,65,1.0,224,488,0.459,0.497,0.732,187,357,0.524,0.268,37,131,0.282,2020-21,Regular Season,Overall
1628386,Jarrett Allen,1610612739,CLE,23.0,63,62,1.0,296,479,0.618,0.624,0.96,290,460,0.63,0.04,6,19,0.316,2020-21,Regular Season,Overall
1629661,Cameron Johnson,1610612756,PHX,25.0,60,60,1.0,202,479,0.422,0.544,0.305,85,146,0.582,0.695,117,333,0.351,2020-21,Regular Season,Overall
202722,Davis Bertans,1610612764,WAS,28.0,57,57,1.0,193,478,0.404,0.581,0.105,24,50,0.48,0.895,169,428,0.395,2020-21,Regular Season,Overall
1629673,Jordan Poole,1610612744,GSW,22.0,51,50,1.0,205,474,0.432,0.535,0.418,108,198,0.545,0.582,97,276,0.351,2020-21,Regular Season,Overall
201568,Danilo Gallinari,1610612737,ATL,32.0,51,51,1.0,206,472,0.436,0.546,0.462,103,218,0.472,0.538,103,254,0.406,2020-21,Regular Season,Overall
1628977,Hamidou Diallo,1610612765,DET,22.0,52,52,1.0,224,470,0.477,0.506,0.826,196,388,0.505,0.174,28,82,0.341,2020-21,Regular Season,Overall
1628464,Daniel Theis,1610612741,CHI,29.0,65,63,1.0,252,466,0.541,0.593,0.674,203,314,0.646,0.326,49,152,0.322,2020-21,Regular Season,Overall
1627827,Dorian Finney-Smith,1610612742,DAL,28.0,60,60,1.0,219,465,0.471,0.598,0.353,101,164,0.616,0.647,118,301,0.392,2020-21,Regular Season,Overall
1628976,Wendell Carter Jr.,1610612753,ORL,22.0,54,54,1.0,230,457,0.503,0.52,0.888,215,406,0.53,0.112,15,51,0.294,2020-21,Regular Season,Overall
1629056,Terence Davis,1610612758,SAC,24.0,61,58,1.0,195,456,0.428,0.535,0.414,97,189,0.513,0.586,98,267,0.367,2020-21,Regular Season,Overall
1629638,Nickeil Alexander-Walker,1610612740,NOP,22.0,46,46,1.0,192,456,0.421,0.504,0.522,116,238,0.487,0.478,76,218,0.349,2020-21,Regular Season,Overall
1629013,Landry Shamet,1610612751,BKN,24.0,61,61,1.0,186,456,0.408,0.549,0.27,57,123,0.463,0.73,129,333,0.387,2020-21,Regular Season,Overall
1628401,Derrick White,1610612759,SAS,26.0,36,36,1.0,186,452,0.412,0.504,0.465,102,210,0.486,0.535,84,242,0.347,2020-21,Regular Season,Overall
203526,Raul Neto,1610612764,WAS,29.0,64,63,1.0,209,447,0.468,0.539,0.633,145,283,0.512,0.367,64,164,0.39,2020-21,Regular Season,Overall
1628988,Aaron Holiday,1610612754,IND,24.0,66,64,1.0,170,437,0.389,0.466,0.584,103,255,0.404,0.416,67,182,0.368,2020-21,Regular Season,Overall
1626167,Myles Turner,1610612754,IND,25.0,47,47,1.0,206,432,0.477,0.557,0.523,137,226,0.606,0.477,69,206,0.335,2020-21,Regular Season,Overall
1627751,Jakob Poeltl,1610612759,SAS,25.0,69,69,1.0,265,431,0.615,0.615,1.0,265,431,0.615,0.0,0,0,,2020-21,Regular Season,Overall
1630178,Tyrese Maxey,1610612755,PHI,20.0,61,58,1.0,198,429,0.462,0.498,0.76,167,326,0.512,0.24,31,103,0.301,2020-21,Regular Season,Overall
202709,Cory Joseph,1610612765,DET,29.0,63,63,1.0,200,426,0.469,0.522,0.69,155,294,0.527,0.31,45,132,0.341,2020-21,Regular Season,Overall
201577,Robin Lopez,1610612764,WAS,33.0,71,67,1.0,269,424,0.634,0.64,0.958,264,406,0.65,0.042,5,18,0.278,2020-21,Regular Season,Overall
1629676,Isaiah Roby,1610612760,OKC,23.0,61,60,1.0,205,424,0.483,0.521,0.745,173,316,0.547,0.255,32,108,0.296,2020-21,Regular Season,Overall
1627788,Furkan Korkmaz,1610612755,PHI,23.0,55,55,1.0,170,424,0.401,0.52,0.366,69,155,0.445,0.634,101,269,0.375,2020-21,Regular Season,Overall
1628971,Bruce Brown,1610612751,BKN,24.0,65,60,1.0,235,423,0.556,0.576,0.861,218,364,0.599,0.139,17,59,0.288,2020-21,Regular Season,Overall
1630202,Payton Pritchard,1610612738,BOS,23.0,66,65,1.0,184,418,0.44,0.562,0.407,82,170,0.482,0.593,102,248,0.411,2020-21,Regular Season,Overall
1627756,Denzel Valentine,1610612741,CHI,27.0,62,60,1.0,155,416,0.373,0.469,0.418,75,174,0.431,0.582,80,242,0.331,2020-21,Regular Season,Overall
1628960,Grayson Allen,1610612763,MEM,25.0,50,49,1.0,173,414,0.418,0.547,0.338,66,140,0.471,0.662,107,274,0.391,2020-21,Regular Season,Overall
1626145,Tyus Jones,1610612763,MEM,25.0,70,70,1.0,178,413,0.431,0.485,0.661,133,273,0.487,0.339,45,140,0.321,2020-21,Regular Season,Overall
201587,Nicolas Batum,1610612746,LAC,32.0,67,67,1.0,191,412,0.464,0.597,0.342,81,141,0.574,0.658,110,271,0.406,2020-21,Regular Season,Overall
1629026,Kenrich Williams,1610612760,OKC,26.0,66,63,1.0,219,411,0.533,0.596,0.715,167,294,0.568,0.285,52,117,0.444,2020-21,Regular Season,Overall
1628379,Luke Kennard,1610612746,LAC,25.0,63,61,1.0,195,407,0.479,0.602,0.462,95,188,0.505,0.538,100,219,0.457,2020-21,Regular Season,Overall
201933,Blake Griffin,1610612751,BKN,32.0,46,46,1.0,173,406,0.426,0.511,0.502,104,204,0.51,0.498,69,202,0.342,2020-21,Regular Season,Overall
1630191,Isaiah Stewart,1610612765,DET,20.0,68,67,1.0,223,405,0.551,0.577,0.844,202,342,0.591,0.156,21,63,0.333,2020-21,Regular Season,Overall
1627777,Georges Niang,1610612762,UTA,28.0,72,68,1.0,177,404,0.438,0.592,0.277,53,112,0.473,0.723,124,292,0.425,2020-21,Regular Season,Overall
1629014,Anfernee Simons,1610612757,POR,22.0,64,63,1.0,168,401,0.419,0.569,0.297,48,119,0.403,0.703,120,282,0.426,2020-21,Regular Season,Overall
1630197,Aleksej Pokusevski,1610612760,OKC,19.0,45,45,1.0,133,400,0.333,0.401,0.49,78,196,0.398,0.51,55,204,0.27,2020-21,Regular Season,Overall
1628370,Malik Monk,1610612766,CHA,23.0,42,41,1.0,173,399,0.434,0.54,0.469,88,187,0.471,0.531,85,212,0.401,2020-21,Regular Season,Overall
200794,Paul Millsap,1610612743,DEN,36.0,56,56,1.0,189,396,0.477,0.539,0.641,140,254,0.551,0.359,49,142,0.345,2020-21,Regular Season,Overall
1627826,Ivica Zubac,1610612746,LAC,24.0,72,71,1.0,257,394,0.652,0.654,0.99,256,390,0.656,0.01,1,4,0.25,2020-21,Regular Season,Overall
1626166,Cameron Payne,1610612756,PHX,26.0,60,59,1.0,191,394,0.485,0.577,0.581,118,229,0.515,0.419,73,165,0.442,2020-21,Regular Season,Overall
1626220,Royce O'Neale,1610612762,UTA,28.0,71,71,1.0,175,394,0.444,0.58,0.294,68,116,0.586,0.706,107,278,0.385,2020-21,Regular Season,Overall
1629001,De'Anthony Melton,1610612763,MEM,23.0,52,52,1.0,172,393,0.438,0.548,0.463,85,182,0.467,0.537,87,211,0.412,2020-21,Regular Season,Overall
203145,Kent Bazemore,1610612744,GSW,31.0,67,66,1.0,175,389,0.45,0.546,0.527,100,205,0.488,0.473,75,184,0.408,2020-21,Regular Season,Overall
1626192,Pat Connaughton,1610612749,MIL,28.0,69,69,1.0,168,387,0.434,0.565,0.297,67,115,0.583,0.703,101,272,0.371,2020-21,Regular Season,Overall
1628420,Monte Morris,1610612743,DEN,26.0,47,47,1.0,183,382,0.479,0.546,0.652,132,249,0.53,0.348,51,133,0.383,2020-21,Regular Season,Overall
202066,Garrett Temple,1610612741,CHI,35.0,56,55,1.0,158,381,0.415,0.503,0.475,91,181,0.503,0.525,67,200,0.335,2020-21,Regular Season,Overall
203920,Khem Birch,1610612761,TOR,28.0,67,66,1.0,189,380,0.497,0.514,0.863,176,328,0.537,0.137,13,52,0.25,2020-21,Regular Season,Overall
203110,Draymond Green,1610612744,GSW,31.0,63,62,1.0,170,380,0.447,0.492,0.668,136,254,0.535,0.332,34,126,0.27,2020-21,Regular Season,Overall
203486,Mason Plumlee,1610612765,DET,31.0,56,56,1.0,233,379,0.615,0.615,0.982,233,372,0.626,0.018,0,7,0.0,2020-21,Regular Season,Overall
202693,Markieff Morris,1610612747,LAL,31.0,61,57,1.0,151,376,0.402,0.487,0.447,87,168,0.518,0.553,64,208,0.308,2020-21,Regular Season,Overall
203210,JaMychal Green,1610612743,DEN,31.0,58,58,1.0,173,372,0.465,0.571,0.47,94,175,0.537,0.53,79,197,0.401,2020-21,Regular Season,Overall
1630183,Jaden McDaniels,1610612750,MIN,20.0,63,63,1.0,164,367,0.447,0.545,0.46,92,169,0.544,0.54,72,198,0.364,2020-21,Regular Season,Overall
1629645,Kevin Porter Jr.,1610612745,HOU,21.0,26,26,1.0,156,367,0.425,0.493,0.561,106,206,0.515,0.439,50,161,0.311,2020-21,Regular Season,Overall
1630164,James Wiseman,1610612744,GSW,20.0,39,39,1.0,186,361,0.515,0.532,0.895,174,323,0.539,0.105,12,38,0.316,2020-21,Regular Season,Overall
201143,Al Horford,1610612738,BOS,35.0,28,28,1.0,162,360,0.45,0.528,0.578,106,208,0.51,0.422,56,152,0.368,2020-21,Regular Season,Overall
201569,Eric Gordon,1610612745,HOU,32.0,27,27,1.0,156,357,0.437,0.532,0.423,88,151,0.583,0.577,68,206,0.33,2020-21,Regular Season,Overall
201586,Serge Ibaka,1610612746,LAC,31.0,41,41,1.0,182,356,0.511,0.565,0.691,144,246,0.585,0.309,38,110,0.345,2020-21,Regular Season,Overall
203463,Ben McLemore,1610612747,LAL,28.0,53,51,1.0,131,356,0.368,0.501,0.228,36,81,0.444,0.772,95,275,0.345,2020-21,Regular Season,Overall
1627789,Timothe Luwawu-Cabarrot,1610612751,BKN,26.0,58,56,1.0,130,356,0.365,0.471,0.329,55,117,0.47,0.671,75,239,0.314,2020-21,Regular Season,Overall
203504,Trey Burke,1610612742,DAL,28.0,62,60,1.0,151,353,0.428,0.51,0.535,93,189,0.492,0.465,58,164,0.354,2020-21,Regular Season,Overall
1628408,PJ Dozier,1610612743,DEN,24.0,50,50,1.0,146,351,0.416,0.483,0.578,99,203,0.488,0.422,47,148,0.318,2020-21,Regular Season,Overall
1629611,Terance Mann,1610612746,LAC,24.0,67,62,1.0,172,344,0.5,0.554,0.738,135,254,0.531,0.262,37,90,0.411,2020-21,Regular Season,Overall
1628404,Josh Hart,1610612740,NOP,26.0,47,47,1.0,151,344,0.439,0.531,0.439,88,151,0.583,0.561,63,193,0.326,2020-21,Regular Season,Overall
201571,D.J. Augustin,1610612745,HOU,33.0,57,56,1.0,135,343,0.394,0.515,0.37,52,127,0.409,0.63,83,216,0.384,2020-21,Regular Season,Overall
203967,Dario Saric,1610612756,PHX,27.0,50,50,1.0,153,342,0.447,0.516,0.605,106,207,0.512,0.395,47,135,0.348,2020-21,Regular Season,Overall
1630201,Malachi Flynn,1610612761,TOR,23.0,47,44,1.0,127,341,0.372,0.452,0.507,73,173,0.422,0.493,54,168,0.321,2020-21,Regular Season,Overall
203914,Gary Harris,1610612753,ORL,26.0,39,38,1.0,135,337,0.401,0.472,0.588,87,198,0.439,0.412,48,139,0.345,2020-21,Regular Season,Overall
1630184,Kira Lewis Jr.,1610612740,NOP,20.0,54,50,1.0,130,337,0.386,0.445,0.644,90,217,0.415,0.356,40,120,0.333,2020-21,Regular Season,Overall
1629669,Jaylen Nowell,1610612750,MIN,21.0,42,42,1.0,142,335,0.424,0.499,0.552,92,185,0.497,0.448,50,150,0.333,2020-21,Regular Season,Overall
203994,Jusuf Nurkić,1610612757,POR,26.0,37,37,1.0,171,333,0.514,0.532,0.91,159,303,0.525,0.09,12,30,0.4,2020-21,Regular Season,Overall
201961,Wayne Ellington,1610612765,DET,33.0,46,45,1.0,145,330,0.439,0.609,0.191,33,63,0.524,0.809,112,267,0.419,2020-21,Regular Season,Overall
1628425,Sterling Brown,1610612745,HOU,26.0,51,50,1.0,148,329,0.45,0.585,0.359,59,118,0.5,0.641,89,211,0.422,2020-21,Regular Season,Overall
203107,Tomas Satoransky,1610612741,CHI,29.0,58,58,1.0,169,327,0.517,0.581,0.642,127,210,0.605,0.358,42,117,0.359,2020-21,Regular Season,Overall
201949,James Johnson,1610612740,NOP,34.0,51,47,1.0,146,327,0.446,0.494,0.633,115,207,0.556,0.367,31,120,0.258,2020-21,Regular Season,Overall
202684,Tristan Thompson,1610612738,BOS,30.0,54,53,1.0,169,326,0.518,0.518,0.991,169,323,0.523,0.009,0,3,0.0,2020-21,Regular Season,Overall
203469,Cody Zeller,1610612766,CHA,28.0,48,48,1.0,181,324,0.559,0.565,0.914,177,296,0.598,0.086,4,28,0.143,2020-21,Regular Season,Overall
1629643,Chuma Okeke,1610612753,ORL,22.0,45,44,1.0,135,324,0.417,0.492,0.565,86,183,0.47,0.435,49,141,0.348,2020-21,Regular Season,Overall
1627752,Taurean Prince,1610612739,CLE,27.0,41,40,1.0,129,321,0.402,0.497,0.526,68,169,0.402,0.474,61,152,0.401,2020-21,Regular Season,Overall
1630231,KJ Martin,1610612745,HOU,20.0,45,44,1.0,162,318,0.509,0.564,0.698,127,222,0.572,0.302,35,96,0.365,2020-21,Regular Season,Overall
1630267,Facundo Campazzo,1610612743,DEN,30.0,65,61,1.0,120,315,0.381,0.502,0.314,44,99,0.444,0.686,76,216,0.352,2020-21,Regular Season,Overall
1630181,R.J. Hampton,1610612753,ORL,20.0,51,46,1.0,136,313,0.435,0.478,0.722,109,226,0.482,0.278,27,87,0.31,2020-21,Regular Season,Overall
1630166,Deni Avdija,1610612764,WAS,20.0,54,53,1.0,130,312,0.417,0.502,0.462,77,144,0.535,0.538,53,168,0.315,2020-21,Regular Season,Overall
1629731,Dean Wade,1610612739,CLE,24.0,63,57,1.0,134,311,0.431,0.556,0.315,56,98,0.571,0.685,78,213,0.366,2020-21,Regular Season,Overall
203500,Steven Adams,1610612740,NOP,27.0,58,58,1.0,188,307,0.612,0.612,0.99,188,304,0.618,0.01,0,3,0.0,2020-21,Regular Season,Overall
1627884,Derrick Jones Jr.,1610612757,POR,24.0,58,56,1.0,147,304,0.484,0.554,0.553,104,168,0.619,0.447,43,136,0.316,2020-21,Regular Season,Overall
2730,Dwight Howard,1610612755,PHI,35.0,69,66,1.0,178,303,0.587,0.596,0.934,173,283,0.611,0.066,5,20,0.25,2020-21,Regular Season,Overall
203382,Aron Baynes,1610612761,TOR,34.0,53,52,1.0,134,303,0.442,0.487,0.66,107,200,0.535,0.34,27,103,0.262,2020-21,Regular Season,Overall
1630170,Devin Vassell,1610612759,SAS,20.0,62,61,1.0,123,303,0.406,0.492,0.505,71,153,0.464,0.495,52,150,0.347,2020-21,Regular Season,Overall
1628964,Mo Bamba,1610612753,ORL,23.0,46,43,1.0,142,301,0.472,0.535,0.608,104,183,0.568,0.392,38,118,0.322,2020-21,Regular Season,Overall
1630214,Xavier Tillman,1610612763,MEM,22.0,59,58,1.0,167,299,0.559,0.595,0.783,145,234,0.62,0.217,22,65,0.338,2020-21,Regular Season,Overall
1627936,Alex Caruso,1610612747,LAL,27.0,58,57,1.0,132,299,0.441,0.532,0.552,78,165,0.473,0.448,54,134,0.403,2020-21,Regular Season,Overall
1627823,Juancho Hernangomez,1610612750,MIN,25.0,52,50,1.0,130,298,0.436,0.529,0.44,75,131,0.573,0.56,55,167,0.329,2020-21,Regular Season,Overall
202397,Ish Smith,1610612764,WAS,32.0,44,42,1.0,129,297,0.434,0.465,0.835,111,248,0.448,0.165,18,49,0.367,2020-21,Regular Season,Overall
203524,Solomon Hill,1610612737,ATL,30.0,71,69,1.0,106,297,0.357,0.471,0.286,38,85,0.447,0.714,68,212,0.321,2020-21,Regular Season,Overall
200746,LaMarcus Aldridge,1610612751,BKN,35.0,26,26,1.0,140,296,0.473,0.525,0.73,109,216,0.505,0.27,31,80,0.388,2020-21,Regular Season,Overall
202954,Brad Wanamaker,1610612766,CHA,31.0,61,60,1.0,114,295,0.386,0.414,0.715,98,211,0.464,0.285,16,84,0.19,2020-21,Regular Season,Overall
1628402,Frank Jackson,1610612765,DET,23.0,40,39,1.0,134,293,0.457,0.561,0.488,73,143,0.51,0.512,61,150,0.407,2020-21,Regular Season,Overall
1629672,Eric Paschall,1610612744,GSW,24.0,40,40,1.0,146,292,0.5,0.531,0.818,128,239,0.536,0.182,18,53,0.34,2020-21,Regular Season,Overall
202326,DeMarcus Cousins,1610612746,LAC,30.0,41,41,1.0,128,292,0.438,0.517,0.551,82,161,0.509,0.449,46,131,0.351,2020-21,Regular Season,Overall
1628422,Damyean Dotson,1610612739,CLE,27.0,46,45,1.0,119,291,0.409,0.488,0.46,73,134,0.545,0.54,46,157,0.293,2020-21,Regular Season,Overall
1629660,Ty Jerome,1610612760,OKC,23.0,33,33,1.0,128,287,0.446,0.57,0.415,57,119,0.479,0.585,71,168,0.423,2020-21,Regular Season,Overall
1628410,Edmond Sumner,1610612754,IND,25.0,53,50,1.0,148,283,0.523,0.585,0.689,113,195,0.579,0.311,35,88,0.398,2020-21,Regular Season,Overall
1629667,Jalen McDaniels,1610612766,CHA,23.0,47,46,1.0,133,283,0.47,0.532,0.629,98,178,0.551,0.371,35,105,0.333,2020-21,Regular Season,Overall
201952,Jeff Teague,1610612749,MIL,33.0,55,53,1.0,123,283,0.435,0.498,0.71,87,201,0.433,0.29,36,82,0.439,2020-21,Regular Season,Overall
1629637,Jaxson Hayes,1610612740,NOP,21.0,60,56,1.0,175,280,0.625,0.636,0.95,169,266,0.635,0.05,6,14,0.429,2020-21,Regular Season,Overall
1629635,Sekou Doumbouya,1610612765,DET,20.0,56,52,1.0,107,280,0.382,0.429,0.593,81,166,0.488,0.407,26,114,0.228,2020-21,Regular Season,Overall
203458,Alex Len,1610612764,WAS,28.0,64,59,1.0,171,278,0.615,0.629,0.91,163,253,0.644,0.09,8,25,0.32,2020-21,Regular Season,Overall
201580,JaVale McGee,1610612743,DEN,33.0,46,45,1.0,141,276,0.511,0.52,0.917,136,253,0.538,0.083,5,23,0.217,2020-21,Regular Season,Overall
203087,Jeremy Lamb,1610612754,IND,29.0,36,36,1.0,120,276,0.435,0.529,0.536,68,148,0.459,0.464,52,128,0.406,2020-21,Regular Season,Overall
1628467,Maxi Kleber,1610612742,DAL,29.0,50,50,1.0,116,275,0.422,0.58,0.229,29,63,0.46,0.771,87,212,0.41,2020-21,Regular Season,Overall
1627814,Damion Lee,1610612744,GSW,28.0,57,57,1.0,128,273,0.469,0.61,0.293,51,80,0.638,0.707,77,193,0.399,2020-21,Regular Season,Overall
1626204,Larry Nance Jr.,1610612739,CLE,28.0,35,35,1.0,128,272,0.471,0.546,0.581,87,158,0.551,0.419,41,114,0.36,2020-21,Regular Season,Overall
1627863,Danuel House Jr.,1610612745,HOU,28.0,36,36,1.0,110,272,0.404,0.504,0.426,56,116,0.483,0.574,54,156,0.346,2020-21,Regular Season,Overall
203487,Michael Carter-Williams,1610612753,ORL,29.0,31,31,1.0,105,270,0.389,0.417,0.774,90,209,0.431,0.226,15,61,0.246,2020-21,Regular Season,Overall
1626195,Willy Hernangomez,1610612740,NOP,27.0,47,43,1.0,150,267,0.562,0.564,0.963,149,257,0.58,0.037,1,10,0.1,2020-21,Regular Season,Overall
203488,Mike Muscala,1610612760,OKC,29.0,35,35,1.0,119,267,0.446,0.573,0.311,51,83,0.614,0.689,68,184,0.37,2020-21,Regular Season,Overall
200755,JJ Redick,1610612742,DAL,37.0,44,44,1.0,106,267,0.397,0.521,0.333,40,89,0.449,0.667,66,178,0.371,2020-21,Regular Season,Overall
1628539,Mychal Mulder,1610612744,GSW,27.0,60,52,1.0,118,264,0.447,0.606,0.193,34,51,0.667,0.807,84,213,0.394,2020-21,Regular Season,Overall
1629629,Cam Reddish,1610612737,ATL,21.0,26,26,1.0,96,263,0.365,0.428,0.521,63,137,0.46,0.479,33,126,0.262,2020-21,Regular Season,Overall
1629650,Moses Brown,1610612738,BOS,21.0,43,42,1.0,141,260,0.542,0.542,1.0,141,260,0.542,0.0,0,0,,2020-21,Regular Season,Overall
203918,Rodney Hood,1610612761,TOR,28.0,55,53,1.0,94,260,0.362,0.427,0.565,60,147,0.408,0.435,34,113,0.301,2020-21,Regular Season,Overall
1629057,Robert Williams III,1610612738,BOS,23.0,52,52,1.0,186,258,0.721,0.721,0.992,186,256,0.727,0.008,0,2,0.0,2020-21,Regular Season,Overall
1628997,Caleb Martin,1610612766,CHA,25.0,53,49,1.0,96,256,0.375,0.436,0.512,65,131,0.496,0.488,31,125,0.248,2020-21,Regular Season,Overall
1629006,Josh Okogie,1610612750,MIN,22.0,59,56,1.0,102,254,0.402,0.459,0.575,73,146,0.5,0.425,29,108,0.269,2020-21,Regular Season,Overall
1626163,Frank Kaminsky,1610612756,PHX,28.0,47,45,1.0,119,253,0.47,0.528,0.68,90,172,0.523,0.32,29,81,0.358,2020-21,Regular Season,Overall
201567,Kevin Love,1610612739,CLE,32.0,25,23,1.0,103,252,0.409,0.522,0.381,46,96,0.479,0.619,57,156,0.365,2020-21,Regular Season,Overall
1629631,De'Andre Hunter,1610612737,ATL,23.0,23,23,1.0,120,250,0.48,0.542,0.616,89,154,0.578,0.384,31,96,0.323,2020-21,Regular Season,Overall
201599,DeAndre Jordan,1610612751,BKN,32.0,57,56,1.0,189,249,0.759,0.759,0.996,189,248,0.762,0.004,0,1,0.0,2020-21,Regular Season,Overall
2738,Andre Iguodala,1610612748,MIA,37.0,63,62,1.0,95,249,0.382,0.502,0.265,35,66,0.53,0.735,60,183,0.328,2020-21,Regular Season,Overall
202083,Wesley Matthews,1610612747,LAL,34.0,58,57,1.0,89,249,0.357,0.49,0.221,23,55,0.418,0.779,66,194,0.34,2020-21,Regular Season,Overall
1629684,Grant Williams,1610612738,BOS,22.0,63,59,1.0,108,248,0.435,0.532,0.48,60,119,0.504,0.52,48,129,0.372,2020-21,Regular Season,Overall
203085,Austin Rivers,1610612743,DEN,28.0,36,34,1.0,104,245,0.424,0.537,0.392,49,96,0.51,0.608,55,149,0.369,2020-21,Regular Season,Overall
202324,Derrick Favors,1610612762,UTA,29.0,68,67,1.0,155,243,0.638,0.638,0.992,155,241,0.643,0.008,0,2,0.0,2020-21,Regular Season,Overall
203516,James Ennis III,1610612753,ORL,30.0,41,41,1.0,115,243,0.473,0.566,0.572,70,139,0.504,0.428,45,104,0.433,2020-21,Regular Season,Overall
1629680,Matisse Thybulle,1610612755,PHI,24.0,65,62,1.0,102,243,0.42,0.508,0.412,59,100,0.59,0.588,43,143,0.301,2020-21,Regular Season,Overall
202687,Bismack Biyombo,1610612766,CHA,28.0,66,62,1.0,142,242,0.587,0.587,0.996,142,241,0.589,0.004,0,1,0.0,2020-21,Regular Season,Overall
1629162,Jordan McLaughlin,1610612750,MIN,25.0,51,49,1.0,100,242,0.413,0.481,0.62,67,150,0.447,0.38,33,92,0.359,2020-21,Regular Season,Overall
2772,Trevor Ariza,1610612748,MIA,36.0,30,30,1.0,99,241,0.411,0.515,0.407,49,98,0.5,0.593,50,143,0.35,2020-21,Regular Season,Overall
1629726,Garrison Mathews,1610612764,WAS,24.0,64,58,1.0,97,237,0.409,0.57,0.165,21,39,0.538,0.835,76,198,0.384,2020-21,Regular Season,Overall
1626184,Chasson Randle,1610612753,ORL,28.0,41,39,1.0,92,237,0.388,0.481,0.451,48,107,0.449,0.549,44,130,0.338,2020-21,Regular Season,Overall
1629020,Jarred Vanderbilt,1610612750,MIN,22.0,64,59,1.0,143,236,0.606,0.608,0.979,142,231,0.615,0.021,1,5,0.2,2020-21,Regular Season,Overall
1629216,Gabe Vincent,1610612748,MIA,25.0,50,44,1.0,88,233,0.378,0.476,0.361,42,84,0.5,0.639,46,149,0.309,2020-21,Regular Season,Overall
1626169,Stanley Johnson,1610612761,TOR,25.0,61,57,1.0,89,232,0.384,0.481,0.409,44,95,0.463,0.591,45,137,0.328,2020-21,Regular Season,Overall
1629021,Moritz Wagner,1610612753,ORL,24.0,45,38,1.0,104,229,0.454,0.522,0.603,73,138,0.529,0.397,31,91,0.341,2020-21,Regular Season,Overall
1630173,Precious Achiuwa,1610612748,MIA,21.0,61,56,1.0,124,228,0.544,0.544,0.996,124,227,0.546,0.004,0,1,0.0,2020-21,Regular Season,Overall
1627761,DeAndre' Bembry,1610612761,TOR,26.0,51,44,1.0,117,228,0.513,0.544,0.768,103,175,0.589,0.232,14,53,0.264,2020-21,Regular Season,Overall
1628470,Torrey Craig,1610612756,PHX,30.0,50,49,1.0,109,227,0.48,0.566,0.533,70,121,0.579,0.467,39,106,0.368,2020-21,Regular Season,Overall
203490,Otto Porter Jr.,1610612753,ORL,28.0,28,28,1.0,98,227,0.432,0.518,0.542,59,123,0.48,0.458,39,104,0.375,2020-21,Regular Season,Overall
1629655,Daniel Gafford,1610612764,WAS,22.0,54,52,1.0,154,224,0.688,0.688,1.0,154,224,0.688,0.0,0,0,,2020-21,Regular Season,Overall
203457,Nerlens Noel,1610612752,NYK,27.0,64,62,1.0,137,224,0.612,0.612,0.987,137,221,0.62,0.013,0,3,0.0,2020-21,Regular Season,Overall
202355,Hassan Whiteside,1610612758,SAC,32.0,36,34,1.0,126,224,0.563,0.563,0.996,126,223,0.565,0.004,0,1,0.0,2020-21,Regular Season,Overall
1629164,Brandon Goodwin,1610612737,ATL,25.0,47,43,1.0,84,222,0.378,0.45,0.536,52,119,0.437,0.464,32,103,0.311,2020-21,Regular Season,Overall
1628975,Jevon Carter,1610612756,PHX,25.0,60,52,1.0,93,221,0.421,0.545,0.326,38,72,0.528,0.674,55,149,0.369,2020-21,Regular Season,Overall
1628400,Semi Ojeleye,1610612738,BOS,26.0,56,50,1.0,89,221,0.403,0.534,0.285,31,63,0.492,0.715,58,158,0.367,2020-21,Regular Season,Overall
1628382,Justin Jackson,1610612749,MIL,26.0,34,34,1.0,89,221,0.403,0.484,0.471,53,104,0.51,0.529,36,117,0.308,2020-21,Regular Season,Overall
201976,Patrick Beverley,1610612746,LAC,32.0,37,37,1.0,91,216,0.421,0.551,0.356,35,77,0.455,0.644,56,139,0.403,2020-21,Regular Season,Overall
200765,Rajon Rondo,1610612746,LAC,35.0,45,45,1.0,95,215,0.442,0.526,0.586,59,126,0.468,0.414,36,89,0.404,2020-21,Regular Season,Overall
203118,Mike Scott,1610612755,PHI,32.0,51,47,1.0,76,211,0.36,0.486,0.265,23,56,0.411,0.735,53,155,0.342,2020-21,Regular Season,Overall
1630240,Saben Lee,1610612765,DET,22.0,48,43,1.0,99,210,0.471,0.49,0.89,91,187,0.487,0.11,8,23,0.348,2020-21,Regular Season,Overall
1626159,Justise Winslow,1610612763,MEM,25.0,26,25,1.0,74,210,0.352,0.376,0.743,64,156,0.41,0.257,10,54,0.185,2020-21,Regular Season,Overall
1629308,Juan Toscano-Anderson,1610612744,GSW,28.0,53,44,1.0,121,209,0.579,0.667,0.56,84,117,0.718,0.44,37,92,0.402,2020-21,Regular Season,Overall
1628021,David Nwaba,1610612745,HOU,28.0,30,29,1.0,101,208,0.486,0.526,0.697,84,145,0.579,0.303,17,63,0.27,2020-21,Regular Season,Overall
1630230,Naji Marshall,1610612740,NOP,23.0,32,28,1.0,82,208,0.394,0.464,0.601,53,125,0.424,0.399,29,83,0.349,2020-21,Regular Season,Overall
1630167,Obi Toppin,1610612752,NYK,23.0,62,57,1.0,102,207,0.493,0.556,0.589,76,122,0.623,0.411,26,85,0.306,2020-21,Regular Season,Overall
1629234,Drew Eubanks,1610612759,SAS,24.0,54,51,1.0,116,205,0.566,0.571,0.99,114,203,0.562,0.01,2,2,1.0,2020-21,Regular Season,Overall
1630165,Killian Hayes,1610612765,DET,19.0,26,26,1.0,71,198,0.359,0.409,0.641,51,127,0.402,0.359,20,71,0.282,2020-21,Regular Season,Overall
201588,George Hill,1610612755,PHI,35.0,30,30,1.0,95,197,0.482,0.561,0.594,64,117,0.547,0.406,31,80,0.388,2020-21,Regular Season,Overall
1626172,Kevon Looney,1610612744,GSW,25.0,61,59,1.0,107,196,0.546,0.556,0.913,103,179,0.575,0.087,4,17,0.235,2020-21,Regular Season,Overall
202357,Nemanja Bjelica,1610612748,MIA,33.0,37,33,1.0,89,196,0.454,0.523,0.566,62,111,0.559,0.434,27,85,0.318,2020-21,Regular Season,Overall
1628396,Tony Bradley,1610612760,OKC,23.0,42,41,1.0,129,194,0.665,0.665,0.985,129,191,0.675,0.015,0,3,0.0,2020-21,Regular Season,Overall
1629048,Goga Bitadze,1610612754,IND,21.0,45,40,1.0,83,194,0.428,0.479,0.593,63,115,0.548,0.407,20,79,0.253,2020-21,Regular Season,Overall
203939,Dwight Powell,1610612742,DAL,29.0,58,53,1.0,120,193,0.622,0.635,0.891,115,172,0.669,0.109,5,21,0.238,2020-21,Regular Season,Overall
201188,Marc Gasol,1610612747,LAL,36.0,52,46,1.0,88,193,0.456,0.585,0.373,38,72,0.528,0.627,50,121,0.413,2020-21,Regular Season,Overall
1629717,Armoni Brooks,1610612745,HOU,23.0,20,20,1.0,78,192,0.406,0.563,0.182,18,35,0.514,0.818,60,157,0.382,2020-21,Regular Season,Overall
1628998,Cody Martin,1610612766,CHA,25.0,52,44,1.0,83,188,0.441,0.484,0.691,67,130,0.515,0.309,16,58,0.276,2020-21,Regular Season,Overall
1629622,Max Strus,1610612748,MIA,25.0,39,34,1.0,85,186,0.457,0.591,0.21,35,39,0.897,0.79,50,147,0.34,2020-21,Regular Season,Overall
1627774,Jake Layman,1610612750,MIN,27.0,45,38,1.0,91,184,0.495,0.557,0.576,68,106,0.642,0.424,23,78,0.295,2020-21,Regular Season,Overall
204020,Tyler Johnson,1610612751,BKN,29.0,39,37,1.0,72,183,0.393,0.525,0.279,24,51,0.471,0.721,48,132,0.364,2020-21,Regular Season,Overall
1626161,Willie Cauley-Stein,1610612742,DAL,27.0,53,50,1.0,115,182,0.632,0.635,0.94,114,171,0.667,0.06,1,11,0.091,2020-21,Regular Season,Overall
1629139,Yuta Watanabe,1610612761,TOR,26.0,50,44,1.0,79,180,0.439,0.539,0.5,43,90,0.478,0.5,36,90,0.4,2020-21,Regular Season,Overall
1629002,Chimezie Metu,1610612758,SAC,24.0,36,33,1.0,91,179,0.508,0.545,0.793,78,142,0.549,0.207,13,37,0.351,2020-21,Regular Season,Overall
1630174,Aaron Nesmith,1610612738,BOS,21.0,46,44,1.0,78,178,0.438,0.551,0.393,38,70,0.543,0.607,40,108,0.37,2020-21,Regular Season,Overall
200782,P.J. Tucker,1610612749,MIL,36.0,52,48,1.0,63,173,0.364,0.471,0.335,26,58,0.448,0.665,37,115,0.322,2020-21,Regular Season,Overall
1628392,Isaiah Hartenstein,1610612739,CLE,23.0,46,40,1.0,94,171,0.55,0.556,0.965,92,165,0.558,0.035,2,6,0.333,2020-21,Regular Season,Overall
202340,Avery Bradley,1610612745,HOU,30.0,27,27,1.0,64,171,0.374,0.471,0.409,31,70,0.443,0.591,33,101,0.327,2020-21,Regular Season,Overall
203503,Tony Snell,1610612737,ATL,29.0,47,46,1.0,88,170,0.518,0.7,0.365,26,62,0.419,0.635,62,108,0.574,2020-21,Regular Season,Overall
1629633,Jarrett Culver,1610612750,MIN,22.0,34,33,1.0,69,168,0.411,0.449,0.685,56,115,0.487,0.315,13,53,0.245,2020-21,Regular Season,Overall
1628391,D.J. Wilson,1610612745,HOU,25.0,35,34,1.0,68,168,0.405,0.494,0.482,38,81,0.469,0.518,30,87,0.345,2020-21,Regular Season,Overall
1629642,Nassir Little,1610612757,POR,21.0,48,43,1.0,78,167,0.467,0.551,0.521,50,87,0.575,0.479,28,80,0.35,2020-21,Regular Season,Overall
1629011,Mitchell Robinson,1610612752,NYK,23.0,31,31,1.0,107,166,0.645,0.645,1.0,107,166,0.645,0.0,0,0,,2020-21,Regular Season,Overall
203090,Maurice Harkless,1610612758,SAC,28.0,37,32,1.0,69,165,0.418,0.488,0.491,46,81,0.568,0.509,23,84,0.274,2020-21,Regular Season,Overall
203476,Gorgui Dieng,1610612759,SAS,31.0,38,32,1.0,85,162,0.525,0.617,0.568,55,92,0.598,0.432,30,70,0.429,2020-21,Regular Season,Overall
202335,Patrick Patterson,1610612746,LAC,32.0,38,37,1.0,71,159,0.447,0.569,0.333,32,53,0.604,0.667,39,106,0.368,2020-21,Regular Season,Overall
201959,Taj Gibson,1610612752,NYK,36.0,45,42,1.0,99,158,0.627,0.636,0.905,96,143,0.671,0.095,3,15,0.2,2020-21,Regular Season,Overall
1629052,Oshae Brissett,1610612754,IND,23.0,21,20,1.0,73,151,0.483,0.593,0.483,40,73,0.548,0.517,33,78,0.423,2020-21,Regular Season,Overall
1630168,Onyeka Okongwu,1610612737,ATL,20.0,50,44,1.0,96,149,0.644,0.644,0.973,96,145,0.662,0.027,0,4,0.0,2020-21,Regular Season,Overall
204038,Langston Galloway,1610612756,PHX,29.0,40,38,1.0,66,147,0.449,0.571,0.422,30,62,0.484,0.578,36,85,0.424,2020-21,Regular Season,Overall
1629651,Nic Claxton,1610612751,BKN,22.0,32,31,1.0,90,145,0.621,0.624,0.966,89,140,0.636,0.034,1,5,0.2,2020-21,Regular Season,Overall
1628372,Dennis Smith Jr.,1610612765,DET,23.0,23,23,1.0,58,145,0.4,0.466,0.593,39,86,0.453,0.407,19,59,0.322,2020-21,Regular Season,Overall
1628972,Troy Brown Jr.,1610612741,CHI,21.0,34,32,1.0,62,144,0.431,0.507,0.514,40,74,0.541,0.486,22,70,0.314,2020-21,Regular Season,Overall
1628995,Kevin Knox II,1610612752,NYK,21.0,42,34,1.0,56,142,0.394,0.518,0.373,21,53,0.396,0.627,35,89,0.393,2020-21,Regular Season,Overall
1629740,Nicolo Melli,1610612742,DAL,30.0,45,38,1.0,46,141,0.326,0.408,0.397,23,56,0.411,0.603,23,85,0.271,2020-21,Regular Season,Overall
1629723,John Konchar,1610612763,MEM,25.0,43,39,1.0,69,138,0.5,0.576,0.594,48,82,0.585,0.406,21,56,0.375,2020-21,Regular Season,Overall
1629103,Kelan Martin,1610612754,IND,25.0,35,29,1.0,62,138,0.449,0.536,0.565,38,78,0.487,0.435,24,60,0.4,2020-21,Regular Season,Overall
203648,Thanasis Antetokounmpo,1610612749,MIL,28.0,57,38,1.0,67,137,0.489,0.515,0.788,60,108,0.556,0.212,7,29,0.241,2020-21,Regular Season,Overall
1630205,Lamar Stevens,1610612739,CLE,23.0,40,33,1.0,62,136,0.456,0.471,0.816,58,111,0.523,0.184,4,25,0.16,2020-21,Regular Season,Overall
1629670,Jordan Nwora,1610612749,MIL,22.0,30,23,1.0,62,135,0.459,0.563,0.541,34,73,0.466,0.459,28,62,0.452,2020-21,Regular Season,Overall
1630198,Isaiah Joe,1610612755,PHI,21.0,41,35,1.0,48,133,0.361,0.508,0.203,9,27,0.333,0.797,39,106,0.368,2020-21,Regular Season,Overall
1629109,Gary Clark,1610612755,PHI,26.0,39,32,1.0,40,132,0.303,0.42,0.182,9,24,0.375,0.818,31,108,0.287,2020-21,Regular Season,Overall
1629685,Dylan Windler,1610612739,CLE,24.0,31,29,1.0,55,129,0.426,0.527,0.395,29,51,0.569,0.605,26,78,0.333,2020-21,Regular Season,Overall
1629744,Matt Thomas,1610612762,UTA,26.0,45,38,1.0,50,127,0.394,0.5,0.37,23,47,0.489,0.63,27,80,0.338,2020-21,Regular Season,Overall
1628991,Jaren Jackson Jr.,1610612763,MEM,21.0,11,11,1.0,53,125,0.424,0.492,0.52,36,65,0.554,0.48,17,60,0.283,2020-21,Regular Season,Overall
1626246,Boban Marjanovic,1610612742,DAL,32.0,33,30,1.0,62,122,0.508,0.512,0.934,61,114,0.535,0.066,1,8,0.125,2020-21,Regular Season,Overall
1630222,Mason Jones,1610612755,PHI,22.0,32,29,1.0,52,122,0.426,0.525,0.459,28,56,0.5,0.541,24,66,0.364,2020-21,Regular Season,Overall
202734,E'Twaun Moore,1610612756,PHX,32.0,27,26,1.0,55,121,0.455,0.5,0.711,44,86,0.512,0.289,11,35,0.314,2020-21,Regular Season,Overall
1629610,DaQuan Jeffries,1610612759,SAS,23.0,31,26,1.0,50,120,0.417,0.5,0.442,30,53,0.566,0.558,20,67,0.299,2020-21,Regular Season,Overall
1630237,Anthony Lamb,1610612745,HOU,23.0,24,23,1.0,46,118,0.39,0.487,0.398,23,47,0.489,0.602,23,71,0.324,2020-21,Regular Season,Overall
1627853,Ryan Arcidiacono,1610612741,CHI,27.0,44,34,1.0,49,117,0.419,0.526,0.427,24,50,0.48,0.573,25,67,0.373,2020-21,Regular Season,Overall
203960,JaKarr Sampson,1610612754,IND,28.0,29,26,1.0,56,113,0.496,0.509,0.867,53,98,0.541,0.133,3,15,0.2,2020-21,Regular Season,Overall
1627846,Abdel Nader,1610612756,PHX,27.0,24,22,1.0,55,113,0.487,0.566,0.619,37,70,0.529,0.381,18,43,0.419,2020-21,Regular Season,Overall
1629713,Justin James,1610612758,SAC,24.0,36,26,1.0,52,111,0.468,0.532,0.658,38,73,0.521,0.342,14,38,0.368,2020-21,Regular Season,Overall
1629035,Carsen Edwards,1610612738,BOS,23.0,31,26,1.0,47,111,0.423,0.505,0.432,29,48,0.604,0.568,18,63,0.286,2020-21,Regular Season,Overall
1630185,Nico Mannion,1610612744,GSW,20.0,30,20,1.0,39,111,0.351,0.45,0.477,17,53,0.321,0.523,22,58,0.379,2020-21,Regular Season,Overall
1630271,Brodric Thomas,1610612739,CLE,24.0,32,28,1.0,39,108,0.361,0.435,0.454,23,49,0.469,0.546,16,59,0.271,2020-21,Regular Season,Overall
1630210,Markus Howard,1610612743,DEN,22.0,37,27,1.0,40,106,0.377,0.462,0.387,22,41,0.537,0.613,18,65,0.277,2020-21,Regular Season,Overall
1629677,Luka Samanic,1610612759,SAS,21.0,33,24,1.0,47,105,0.448,0.505,0.59,35,62,0.565,0.41,12,43,0.279,2020-21,Regular Season,Overall
1630192,Zeke Nnaji,1610612743,DEN,20.0,42,34,1.0,50,104,0.481,0.596,0.433,26,45,0.578,0.567,24,59,0.407,2020-21,Regular Season,Overall
1628365,Markelle Fultz,1610612753,ORL,23.0,8,8,1.0,41,104,0.394,0.413,0.846,37,88,0.42,0.154,4,16,0.25,2020-21,Regular Season,Overall
1627745,Damian Jones,1610612758,SAC,26.0,39,31,1.0,70,103,0.68,0.684,0.951,69,98,0.704,0.049,1,5,0.2,2020-21,Regular Season,Overall
1629599,Amir Coffey,1610612746,LAC,24.0,44,28,1.0,45,103,0.437,0.549,0.456,22,47,0.468,0.544,23,56,0.411,2020-21,Regular Season,Overall
1628990,Chandler Hutchison,1610612764,WAS,25.0,25,23,1.0,39,103,0.379,0.417,0.786,31,81,0.383,0.214,8,22,0.364,2020-21,Regular Season,Overall
1629750,Javonte Green,1610612741,CHI,27.0,41,32,1.0,53,102,0.52,0.569,0.706,43,72,0.597,0.294,10,30,0.333,2020-21,Regular Season,Overall
1628411,Wes Iwundu,1610612740,NOP,26.0,41,33,1.0,34,102,0.333,0.358,0.598,29,61,0.475,0.402,5,41,0.122,2020-21,Regular Season,Overall
1626143,Jahlil Okafor,1610612765,DET,25.0,27,26,1.0,63,101,0.624,0.634,0.911,61,92,0.663,0.089,2,9,0.222,2020-21,Regular Season,Overall
1628436,Luke Kornet,1610612738,BOS,25.0,31,26,1.0,44,101,0.436,0.51,0.416,29,42,0.69,0.584,15,59,0.254,2020-21,Regular Season,Overall
203922,Glenn Robinson III,1610612758,SAC,27.0,23,23,1.0,42,99,0.424,0.505,0.556,26,55,0.473,0.444,16,44,0.364,2020-21,Regular Season,Overall
202329,Al-Farouq Aminu,1610612741,CHI,30.0,23,22,1.0,38,99,0.384,0.424,0.626,30,62,0.484,0.374,8,37,0.216,2020-21,Regular Season,Overall
1630233,Nathan Knight,1610612737,ATL,23.0,33,29,1.0,37,99,0.374,0.404,0.667,31,66,0.47,0.333,6,33,0.182,2020-21,Regular Season,Overall
1629671,Miye Oni,1610612762,UTA,23.0,54,39,1.0,35,99,0.354,0.505,0.111,5,11,0.455,0.889,30,88,0.341,2020-21,Regular Season,Overall
1629076,Tyler Cook,1610612765,DET,23.0,32,22,1.0,67,98,0.684,0.689,0.98,66,96,0.688,0.02,1,2,0.5,2020-21,Regular Season,Overall
1630219,Skylar Mays,1610612737,ATL,23.0,33,28,1.0,44,98,0.449,0.52,0.592,30,58,0.517,0.408,14,40,0.35,2020-21,Regular Season,Overall
1628385,Harry Giles III,1610612757,POR,23.0,38,32,1.0,42,97,0.433,0.474,0.763,34,74,0.459,0.237,8,23,0.348,2020-21,Regular Season,Overall
1629644,KZ Okpala,1610612748,MIA,22.0,37,23,1.0,36,96,0.375,0.438,0.479,24,46,0.522,0.521,12,50,0.24,2020-21,Regular Season,Overall
1629010,Jerome Robinson,1610612764,WAS,24.0,17,14,1.0,28,95,0.295,0.353,0.558,17,53,0.321,0.442,11,42,0.262,2020-21,Regular Season,Overall
1628035,Alfonzo McKinnie,1610612747,LAL,28.0,39,30,1.0,48,93,0.516,0.602,0.581,32,54,0.593,0.419,16,39,0.41,2020-21,Regular Season,Overall
1630182,Josh Green,1610612742,DAL,20.0,39,31,1.0,42,93,0.452,0.473,0.731,38,68,0.559,0.269,4,25,0.16,2020-21,Regular Season,Overall
1630221,Josh Hall,1610612760,OKC,20.0,21,19,1.0,28,93,0.301,0.323,0.624,24,58,0.414,0.376,4,35,0.114,2020-21,Regular Season,Overall
1628455,Mike James,1610612751,BKN,30.0,13,13,1.0,34,92,0.37,0.429,0.663,23,61,0.377,0.337,11,31,0.355,2020-21,Regular Season,Overall
1628418,Thomas Bryant,1610612764,WAS,23.0,10,9,1.0,59,91,0.648,0.698,0.769,50,70,0.714,0.231,9,21,0.429,2020-21,Regular Season,Overall
1626168,Trey Lyles,1610612759,SAS,25.0,23,18,1.0,43,90,0.478,0.556,0.556,29,50,0.58,0.444,14,40,0.35,2020-21,Regular Season,Overall
1629662,Mfiondu Kabengele,1610612739,CLE,23.0,39,30,1.0,33,89,0.371,0.444,0.438,20,39,0.513,0.562,13,50,0.26,2020-21,Regular Season,Overall
1629185,Chris Chiozza,1610612751,BKN,25.0,22,19,1.0,31,89,0.348,0.421,0.528,18,47,0.383,0.472,13,42,0.31,2020-21,Regular Season,Overall
1629657,Kyle Guy,1610612758,SAC,23.0,31,26,1.0,29,88,0.33,0.403,0.477,16,42,0.381,0.523,13,46,0.283,2020-21,Regular Season,Overall
1629658,Jaylen Hoard,1610612760,OKC,22.0,19,17,1.0,43,86,0.5,0.5,0.872,43,75,0.573,0.128,0,11,0.0,2020-21,Regular Season,Overall
1630273,Freddie Gillespie,1610612761,TOR,24.0,20,20,1.0,44,84,0.524,0.524,1.0,44,84,0.524,0.0,0,0,,2020-21,Regular Season,Overall
1629682,Tremont Waters,1610612738,BOS,23.0,26,20,1.0,34,84,0.405,0.494,0.548,19,46,0.413,0.452,15,38,0.395,2020-21,Regular Season,Overall
1629649,Ignas Brazdeikis,1610612753,ORL,22.0,13,10,1.0,35,83,0.422,0.488,0.663,24,55,0.436,0.337,11,28,0.393,2020-21,Regular Season,Overall
1628778,Paul Watson,1610612761,TOR,26.0,27,23,1.0,38,82,0.463,0.646,0.22,8,18,0.444,0.78,30,64,0.469,2020-21,Regular Season,Overall
1629067,Isaac Bonga,1610612764,WAS,21.0,40,30,1.0,30,81,0.37,0.451,0.42,17,34,0.5,0.58,13,47,0.277,2020-21,Regular Season,Overall
1628373,Frank Ntilikina,1610612752,NYK,22.0,33,22,1.0,29,79,0.367,0.513,0.392,6,31,0.194,0.608,23,48,0.479,2020-21,Regular Season,Overall
1630194,Paul Reed,1610612755,PHI,22.0,26,22,1.0,42,78,0.538,0.538,0.923,42,72,0.583,0.077,0,6,0.0,2020-21,Regular Season,Overall
1630200,Tre Jones,1610612759,SAS,21.0,37,28,1.0,37,78,0.474,0.494,0.936,34,73,0.466,0.064,3,5,0.6,2020-21,Regular Season,Overall
1629617,Reggie Perry,1610612751,BKN,21.0,26,22,1.0,32,77,0.416,0.442,0.727,28,56,0.5,0.273,4,21,0.19,2020-21,Regular Season,Overall
1627885,Shaquille Harrison,1610612743,DEN,27.0,34,25,1.0,26,75,0.347,0.367,0.787,23,59,0.39,0.213,3,16,0.188,2020-21,Regular Season,Overall
1628427,Vlatko Čančar,1610612743,DEN,24.0,41,32,1.0,33,73,0.452,0.514,0.548,24,40,0.6,0.452,9,33,0.273,2020-21,Regular Season,Overall
1630223,Jalen Harris,1610612761,TOR,22.0,13,11,1.0,36,72,0.5,0.618,0.5,19,36,0.528,0.5,17,36,0.472,2020-21,Regular Season,Overall
1630241,Sam Merrill,1610612749,MIL,25.0,30,21,1.0,32,72,0.444,0.59,0.347,11,25,0.44,0.653,21,47,0.447,2020-21,Regular Season,Overall
1630235,Trent Forrest,1610612762,UTA,23.0,30,23,1.0,32,71,0.451,0.486,0.634,27,45,0.6,0.366,5,26,0.192,2020-21,Regular Season,Overall
203585,Rodney McGruder,1610612765,DET,29.0,16,13,1.0,37,70,0.529,0.607,0.657,26,46,0.565,0.343,11,24,0.458,2020-21,Regular Season,Overall
1628383,Justin Patton,1610612745,HOU,24.0,13,13,1.0,29,70,0.414,0.479,0.514,20,36,0.556,0.486,9,34,0.265,2020-21,Regular Season,Overall
1628993,Alize Johnson,1610612751,BKN,25.0,18,15,1.0,40,68,0.588,0.596,0.912,39,62,0.629,0.088,1,6,0.167,2020-21,Regular Season,Overall
1626188,Quinn Cook,1610612739,CLE,28.0,23,19,1.0,29,68,0.426,0.507,0.618,18,42,0.429,0.382,11,26,0.423,2020-21,Regular Season,Overall
1629017,Khyri Thomas,1610612745,HOU,25.0,5,5,1.0,32,66,0.485,0.553,0.591,23,39,0.59,0.409,9,27,0.333,2020-21,Regular Season,Overall
1628966,Keita Bates-Diop,1610612759,SAS,25.0,30,20,1.0,30,66,0.455,0.492,0.742,25,49,0.51,0.258,5,17,0.294,2020-21,Regular Season,Overall
1629604,CJ Elleby,1610612757,POR,21.0,30,24,1.0,25,66,0.379,0.432,0.485,18,32,0.563,0.515,7,34,0.206,2020-21,Regular Season,Overall
203473,Dewayne Dedmon,1610612748,MIA,31.0,16,16,1.0,46,65,0.708,0.715,0.923,45,60,0.75,0.077,1,5,0.2,2020-21,Regular Season,Overall
1630466,Gabriel Deck,1610612760,OKC,26.0,10,10,1.0,30,65,0.462,0.477,0.769,28,50,0.56,0.231,2,15,0.133,2020-21,Regular Season,Overall
1630264,Anthony Gill,1610612764,WAS,28.0,26,17,1.0,30,60,0.5,0.558,0.6,23,36,0.639,0.4,7,24,0.292,2020-21,Regular Season,Overall
1629117,Wenyen Gabriel,1610612740,NOP,24.0,21,15,1.0,24,60,0.4,0.508,0.467,11,28,0.393,0.533,13,32,0.406,2020-21,Regular Season,Overall
1629641,Romeo Langford,1610612738,BOS,21.0,18,17,1.0,21,59,0.356,0.398,0.695,16,41,0.39,0.305,5,18,0.278,2020-21,Regular Season,Overall
1629626,Bol Bol,1610612743,DEN,21.0,32,25,1.0,25,58,0.431,0.509,0.586,16,34,0.471,0.414,9,24,0.375,2020-21,Regular Season,Overall
1629681,Killian Tillie,1610612763,MEM,23.0,18,15,1.0,19,57,0.333,0.421,0.421,9,24,0.375,0.579,10,33,0.303,2020-21,Regular Season,Overall
203521,Matthew Dellavedova,1610612739,CLE,30.0,13,13,1.0,14,56,0.25,0.286,0.554,10,31,0.323,0.446,4,25,0.16,2020-21,Regular Season,Overall
203953,Jabari Parker,1610612738,BOS,26.0,13,11,1.0,30,55,0.545,0.564,0.8,28,44,0.636,0.2,2,11,0.182,2020-21,Regular Season,Overall
1629648,Jordan Bone,1610612753,ORL,23.0,14,14,1.0,23,54,0.426,0.519,0.407,13,22,0.591,0.593,10,32,0.313,2020-21,Regular Season,Overall
101141,Ersan Ilyasova,1610612762,UTA,34.0,17,16,1.0,21,54,0.389,0.556,0.241,3,13,0.231,0.759,18,41,0.439,2020-21,Regular Season,Overall
1627812,Yogi Ferrell,1610612746,LAC,28.0,10,9,1.0,19,53,0.358,0.443,0.509,10,27,0.37,0.491,9,26,0.346,2020-21,Regular Season,Overall
1629714,Jarrell Brantley,1610612762,UTA,25.0,28,20,1.0,25,52,0.481,0.596,0.462,13,24,0.542,0.538,12,28,0.429,2020-21,Regular Season,Overall
203933,T.J. Warren,1610612754,IND,27.0,4,4,1.0,27,51,0.529,0.529,0.863,27,44,0.614,0.137,0,7,0.0,2020-21,Regular Season,Overall
1630188,Jalen Smith,1610612756,PHX,21.0,27,20,1.0,22,50,0.44,0.48,0.66,18,33,0.545,0.34,4,17,0.235,2020-21,Regular Season,Overall
203121,Darius Miller,1610612760,OKC,31.0,18,15,1.0,22,48,0.458,0.635,0.125,5,6,0.833,0.875,17,42,0.405,2020-21,Regular Season,Overall
1629751,Dakota Mathias,1610612755,PHI,25.0,8,8,1.0,19,48,0.396,0.479,0.458,11,22,0.5,0.542,8,26,0.308,2020-21,Regular Season,Overall
1630187,Daniel Oturu,1610612746,LAC,21.0,30,18,1.0,21,45,0.467,0.478,0.933,20,42,0.476,0.067,1,3,0.333,2020-21,Regular Season,Overall
1628414,Sindarius Thornwell,1610612753,ORL,26.0,21,17,1.0,14,45,0.311,0.378,0.511,8,23,0.348,0.489,6,22,0.273,2020-21,Regular Season,Overall
202334,Ed Davis,1610612750,MIN,32.0,23,17,1.0,19,44,0.432,0.432,1.0,19,44,0.432,0.0,0,0,,2020-21,Regular Season,Overall
1628981,Bruno Fernando,1610612737,ATL,22.0,33,19,1.0,18,44,0.409,0.409,0.955,18,42,0.429,0.045,0,2,0.0,2020-21,Regular Season,Overall
1630199,Cassius Stanley,1610612754,IND,21.0,24,19,1.0,13,43,0.302,0.337,0.698,10,30,0.333,0.302,3,13,0.231,2020-21,Regular Season,Overall
1630207,Nate Hinton,1610612742,DAL,22.0,21,14,1.0,15,42,0.357,0.405,0.548,11,23,0.478,0.452,4,19,0.211,2020-21,Regular Season,Overall
1629603,Mamadi Diakite,1610612749,MIL,24.0,14,11,1.0,16,40,0.4,0.413,0.8,15,32,0.469,0.2,1,8,0.125,2020-21,Regular Season,Overall
1629686,Deividas Sirvydis,1610612765,DET,21.0,20,15,1.0,14,40,0.35,0.475,0.3,4,12,0.333,0.7,10,28,0.357,2020-21,Regular Season,Overall
1629718,Charlie Brown Jr.,1610612760,OKC,24.0,9,9,1.0,12,39,0.308,0.372,0.462,7,18,0.389,0.538,5,21,0.238,2020-21,Regular Season,Overall
1630186,Jahmi'us Ramsey,1610612758,SAC,20.0,13,11,1.0,15,38,0.395,0.461,0.5,10,19,0.526,0.5,5,19,0.263,2020-21,Regular Season,Overall
1630176,Vernon Carey Jr.,1610612766,CHA,20.0,19,12,1.0,18,36,0.5,0.514,0.806,17,29,0.586,0.194,1,7,0.143,2020-21,Regular Season,Overall
1629743,Donta Hall,1610612753,ORL,23.0,13,11,1.0,25,35,0.714,0.714,1.0,25,35,0.714,0.0,0,0,,2020-21,Regular Season,Overall
1629683,Quinndary Weatherspoon,1610612759,SAS,24.0,20,12,1.0,16,35,0.457,0.471,0.829,15,29,0.517,0.171,1,6,0.167,2020-21,Regular Season,Overall
1629663,Louis King,1610612758,SAC,22.0,6,5,1.0,17,34,0.5,0.559,0.676,13,23,0.565,0.324,4,11,0.364,2020-21,Regular Season,Overall
1628419,Cameron Oliver,1610612745,HOU,24.0,4,4,1.0,19,33,0.576,0.636,0.606,15,20,0.75,0.394,4,13,0.308,2020-21,Regular Season,Overall
1630216,Cassius Winston,1610612764,WAS,23.0,22,13,1.0,14,33,0.424,0.545,0.485,6,16,0.375,0.515,8,17,0.471,2020-21,Regular Season,Overall
1630253,Sean McDermott,1610612763,MEM,24.0,18,11,1.0,13,33,0.394,0.47,0.333,8,11,0.727,0.667,5,22,0.227,2020-21,Regular Season,Overall
1629725,Jeremiah Martin,1610612739,CLE,25.0,9,9,1.0,9,33,0.273,0.318,0.636,6,21,0.286,0.364,3,12,0.25,2020-21,Regular Season,Overall
1629066,Rodions Kurucs,1610612749,MIL,23.0,21,17,1.0,11,32,0.344,0.438,0.344,5,11,0.455,0.656,6,21,0.286,2020-21,Regular Season,Overall
1629752,Juwan Morgan,1610612762,UTA,24.0,29,14,1.0,14,30,0.467,0.533,0.567,10,17,0.588,0.433,4,13,0.308,2020-21,Regular Season,Overall
1629605,Tacko Fall,1610612738,BOS,25.0,19,16,1.0,21,29,0.724,0.724,1.0,21,29,0.724,0.0,0,0,,2020-21,Regular Season,Overall
1629719,Devontae Cacok,1610612747,LAL,24.0,20,14,1.0,17,29,0.586,0.586,1.0,17,29,0.586,0.0,0,0,,2020-21,Regular Season,Overall
1630190,Elijah Hughes,1610612762,UTA,23.0,18,15,1.0,10,29,0.345,0.483,0.207,2,6,0.333,0.793,8,23,0.348,2020-21,Regular Season,Overall
1629606,Robert Franks,1610612753,ORL,24.0,7,7,1.0,13,28,0.464,0.554,0.464,8,13,0.615,0.536,5,15,0.333,2020-21,Regular Season,Overall
1629962,Devin Cannady,1610612753,ORL,25.0,8,6,1.0,11,28,0.393,0.5,0.429,5,12,0.417,0.571,6,16,0.375,2020-21,Regular Season,Overall
1629346,Alen Smailagic,1610612744,GSW,20.0,15,9,1.0,11,27,0.407,0.481,0.63,7,17,0.412,0.37,4,10,0.4,2020-21,Regular Season,Overall
202738,Isaiah Thomas,1610612740,NOP,32.0,3,3,1.0,9,27,0.333,0.389,0.556,6,15,0.4,0.444,3,12,0.25,2020-21,Regular Season,Overall
203957,Dante Exum,1610612745,HOU,25.0,6,5,1.0,10,26,0.385,0.423,0.577,8,15,0.533,0.423,2,11,0.182,2020-21,Regular Season,Overall
1630206,Jay Scrubb,1610612746,LAC,20.0,4,4,1.0,9,25,0.36,0.4,0.76,7,19,0.368,0.24,2,6,0.333,2020-21,Regular Season,Overall
1628412,Frank Mason III,1610612753,ORL,27.0,4,3,1.0,9,24,0.375,0.417,0.792,7,19,0.368,0.208,2,5,0.4,2020-21,Regular Season,Overall
1630189,Tyler Bey,1610612742,DAL,23.0,18,12,1.0,7,22,0.318,0.341,0.818,6,18,0.333,0.182,1,4,0.25,2020-21,Regular Season,Overall
1628395,Jordan Bell,1610612744,GSW,26.0,6,6,1.0,7,22,0.318,0.318,0.909,7,20,0.35,0.091,0,2,0.0,2020-21,Regular Season,Overall
1629653,Devon Dotson,1610612741,CHI,21.0,11,7,1.0,11,21,0.524,0.548,0.667,10,14,0.714,0.333,1,7,0.143,2020-21,Regular Season,Overall
1629620,Justin Robinson,1610612760,OKC,23.0,9,7,1.0,7,21,0.333,0.429,0.333,3,7,0.429,0.667,4,14,0.286,2020-21,Regular Season,Overall
1629833,Keljin Blevins,1610612757,POR,25.0,17,12,1.0,5,20,0.25,0.3,0.6,3,12,0.25,0.4,2,8,0.25,2020-21,Regular Season,Overall
204025,Tim Frazier,1610612763,MEM,30.0,5,5,1.0,3,20,0.15,0.15,0.6,3,12,0.25,0.4,0,8,0.0,2020-21,Regular Season,Overall
1630218,Robert Woodard II,1610612758,SAC,21.0,13,10,1.0,8,19,0.421,0.447,0.684,7,13,0.538,0.316,1,6,0.167,2020-21,Regular Season,Overall
1629690,Adam Mokoka,1610612741,CHI,22.0,14,8,1.0,7,19,0.368,0.395,0.474,6,9,0.667,0.526,1,10,0.1,2020-21,Regular Season,Overall
1627748,Thon Maker,1610612739,CLE,24.0,8,6,1.0,10,18,0.556,0.556,0.889,10,16,0.625,0.111,0,2,0.0,2020-21,Regular Season,Overall
1629730,Rayjon Tucker,1610612755,PHI,23.0,14,8,1.0,9,18,0.5,0.556,0.611,7,11,0.636,0.389,2,7,0.286,2020-21,Regular Season,Overall
1626178,Rondae Hollis-Jefferson,1610612757,POR,26.0,11,8,1.0,9,18,0.5,0.5,0.944,9,17,0.529,0.056,0,1,0.0,2020-21,Regular Season,Overall
1629244,Cam Reynolds,1610612745,HOU,26.0,5,4,1.0,6,18,0.333,0.417,0.333,3,6,0.5,0.667,3,12,0.25,2020-21,Regular Season,Overall
203998,Bruno Caboclo,1610612745,HOU,25.0,6,5,1.0,8,17,0.471,0.471,0.706,8,12,0.667,0.294,0,5,0.0,2020-21,Regular Season,Overall
201229,Anthony Tolliver,1610612755,PHI,36.0,11,8,1.0,4,17,0.235,0.353,0.176,0,3,0.0,0.824,4,14,0.286,2020-21,Regular Season,Overall
1629735,Chris Silva,1610612758,SAC,24.0,15,9,1.0,10,16,0.625,0.656,0.938,9,15,0.6,0.063,1,1,1.0,2020-21,Regular Season,Overall
203915,Spencer Dinwiddie,1610612751,BKN,28.0,3,3,1.0,6,16,0.375,0.438,0.563,4,9,0.444,0.438,2,7,0.286,2020-21,Regular Season,Overall
1630179,Tyrell Terry,1610612742,DAL,20.0,11,9,1.0,5,16,0.313,0.313,0.563,5,9,0.556,0.438,0,7,0.0,2020-21,Regular Season,Overall
2760,Anderson Varejao,1610612739,CLE,38.0,5,5,1.0,4,16,0.25,0.25,0.938,4,15,0.267,0.063,0,1,0.0,2020-21,Regular Season,Overall
1629007,Jontay Porter,1610612763,MEM,21.0,11,9,1.0,8,15,0.533,0.633,0.467,5,7,0.714,0.533,3,8,0.375,2020-21,Regular Season,Overall
203658,Norvel Pelle,1610612752,NYK,28.0,13,9,1.0,8,15,0.533,0.533,1.0,8,15,0.533,0.0,0,0,,2020-21,Regular Season,Overall
1627737,Marquese Chriss,1610612744,GSW,23.0,2,2,1.0,5,14,0.357,0.393,0.643,4,9,0.444,0.357,1,5,0.2,2020-21,Regular Season,Overall
1627740,Henry Ellenson,1610612761,TOR,24.0,2,2,1.0,5,14,0.357,0.429,0.357,3,5,0.6,0.643,2,9,0.222,2020-21,Regular Season,Overall
203460,Andre Roberson,1610612751,BKN,29.0,5,4,1.0,2,14,0.143,0.179,0.429,1,6,0.167,0.571,1,8,0.125,2020-21,Regular Season,Overall
1627780,Gary Payton II,1610612744,GSW,28.0,10,6,1.0,10,13,0.769,0.846,0.692,8,9,0.889,0.308,2,4,0.5,2020-21,Regular Season,Overall
1626245,Cristiano Felicio,1610612741,CHI,28.0,18,7,1.0,7,13,0.538,0.538,0.846,7,11,0.636,0.154,0,2,0.0,2020-21,Regular Season,Overall
1629091,Elijah Bryant,1610612749,MIL,26.0,1,1,1.0,6,13,0.462,0.5,0.615,5,8,0.625,0.385,1,5,0.2,2020-21,Regular Season,Overall
203263,James Nunnally,1610612740,NOP,30.0,9,6,1.0,5,13,0.385,0.538,0.077,1,1,1.0,0.923,4,12,0.333,2020-21,Regular Season,Overall
1630211,Karim Mane,1610612753,ORL,21.0,10,6,1.0,3,13,0.231,0.269,0.846,2,11,0.182,0.154,1,2,0.5,2020-21,Regular Season,Overall
1629712,Didi Louzada,1610612740,NOP,21.0,3,3,1.0,3,13,0.231,0.308,0.385,1,5,0.2,0.615,2,8,0.25,2020-21,Regular Season,Overall
1630203,Grant Riller,1610612766,CHA,24.0,7,6,1.0,8,12,0.667,0.75,0.667,6,8,0.75,0.333,2,4,0.5,2020-21,Regular Season,Overall
1630234,Ty-Shon Alexander,1610612756,PHX,22.0,15,10,1.0,3,12,0.25,0.333,0.25,1,3,0.333,0.75,2,9,0.222,2020-21,Regular Season,Overall
1629738,Vincent Poirier,1610612755,PHI,27.0,10,6,1.0,3,12,0.25,0.25,0.917,3,11,0.273,0.083,0,1,0.0,2020-21,Regular Season,Overall
1627739,Kris Dunn,1610612737,ATL,27.0,4,3,1.0,1,12,0.083,0.083,0.833,1,10,0.1,0.167,0,2,0.0,2020-21,Regular Season,Overall
1626253,Axel Toupane,1610612749,MIL,28.0,8,5,1.0,4,11,0.364,0.409,0.818,3,9,0.333,0.182,1,2,0.5,2020-21,Regular Season,Overall
1628388,T.J. Leaf,1610612757,POR,24.0,7,7,1.0,5,10,0.5,0.5,1.0,5,10,0.5,0.0,0,0,,2020-21,Regular Season,Overall
1628961,Kostas Antetokounmpo,1610612747,LAL,23.0,15,7,1.0,3,10,0.3,0.3,1.0,3,10,0.3,0.0,0,0,,2020-21,Regular Season,Overall
1628962,Udoka Azubuike,1610612762,UTA,21.0,15,6,1.0,4,9,0.444,0.444,1.0,4,9,0.444,0.0,0,0,,2020-21,Regular Season,Overall
1630208,Nick Richards,1610612766,CHA,23.0,18,7,1.0,4,9,0.444,0.444,0.889,4,8,0.5,0.111,0,1,0.0,2020-21,Regular Season,Overall
201162,Jared Dudley,1610612747,LAL,35.0,12,5,1.0,2,9,0.222,0.333,0.333,0,3,0.0,0.667,2,6,0.333,2020-21,Regular Season,Overall
1629665,Jalen Lecque,1610612754,IND,21.0,4,4,1.0,1,9,0.111,0.111,0.889,1,8,0.125,0.111,0,1,0.0,2020-21,Regular Season,Overall
1629033,Theo Pinson,1610612752,NYK,25.0,17,8,1.0,1,9,0.111,0.111,0.111,1,1,1.0,0.889,0,8,0.0,2020-21,Regular Season,Overall
1628578,Amida Brimah,1610612754,IND,27.0,5,3,1.0,5,8,0.625,0.625,1.0,5,8,0.625,0.0,0,0,,2020-21,Regular Season,Overall
1629121,Jaylen Adams,1610612749,MIL,25.0,7,3,1.0,1,8,0.125,0.125,0.75,1,6,0.167,0.25,0,2,0.0,2020-21,Regular Season,Overall
203086,Meyers Leonard,1610612748,MIA,29.0,3,3,1.0,3,7,0.429,0.643,0.0,0,0,,1.0,3,7,0.429,2020-21,Regular Season,Overall
1630268,Nate Darling,1610612766,CHA,22.0,7,4,1.0,2,7,0.286,0.429,0.0,0,0,,1.0,2,7,0.286,2020-21,Regular Season,Overall
1628390,Terrance Ferguson,1610612755,PHI,23.0,13,6,1.0,1,7,0.143,0.143,0.286,1,2,0.5,0.714,0,5,0.0,2020-21,Regular Season,Overall
1629034,Ray Spalding,1610612745,HOU,24.0,2,2,1.0,2,4,0.5,0.5,0.75,2,3,0.667,0.25,0,1,0.0,2020-21,Regular Season,Overall
1628968,Brian Bowen II,1610612754,IND,22.0,6,3,1.0,1,4,0.25,0.25,0.75,1,3,0.333,0.25,0,1,0.0,2020-21,Regular Season,Overall
202697,Iman Shumpert,1610612751,BKN,31.0,2,2,1.0,1,4,0.25,0.25,0.25,1,1,1.0,0.75,0,3,0.0,2020-21,Regular Season,Overall
1629607,Jared Harper,1610612752,NYK,23.0,8,4,1.0,0,4,0.0,0.0,0.75,0,3,0.0,0.25,0,1,0.0,2020-21,Regular Season,Overall
1629716,Marques Bolden,1610612739,CLE,23.0,6,3,1.0,1,3,0.333,0.333,1.0,1,3,0.333,0.0,0,0,,2020-21,Regular Season,Overall
1630238,Malik Fitts,1610612746,LAC,23.0,3,2,1.0,1,3,0.333,0.5,0.333,0,1,0.0,0.667,1,2,0.5,2020-21,Regular Season,Overall
203943,Noah Vonleh,1610612751,BKN,25.0,4,2,1.0,0,3,0.0,0.0,0.333,0,1,0.0,0.667,0,2,0.0,2020-21,Regular Season,Overall
204222,Greg Whittington,1610612743,DEN,28.0,4,2,1.0,0,3,0.0,0.0,0.333,0,1,0.0,0.667,0,2,0.0,2020-21,Regular Season,Overall
2617,Udonis Haslem,1610612748,MIA,41.0,1,1,1.0,2,2,1.0,1.0,1.0,2,2,1.0,0.0,0,0,,2020-21,Regular Season,Overall
1627775,Patrick McCaw,1610612761,TOR,25.0,5,1,1.0,1,1,1.0,1.0,1.0,1,1,1.0,0.0,0,0,,2020-21,Regular Season,Overall
1630266,Will Magnay,1610612740,NOP,23.0,1,1,1.0,0,1,0.0,0.0,0.0,0,0,,1.0,0,1,0.0,2020-21,Regular Season,Overall
1628394,Anžejs Pasečņiks,1610612764,WAS,25.0,1,1,1.0,0,1,0.0,0.0,0.0,0,0,,1.0,0,1,0.0,2020-21,Regular Season,Overall
202696,Nikola Vucevic,1610612741,CHI,30.0,70,70,0.484,286,676,0.423,0.553,0.17,111,237,0.468,0.314,175,439,0.399,2020-21,Regular Season,Catch and Shoot
1629130,Duncan Robinson,1610612748,MIA,27.0,72,72,0.643,192,461,0.416,0.624,0.004,1,3,0.333,0.639,191,458,0.417,2020-21,Regular Season,Catch and Shoot
1627741,Buddy Hield,1610612758,SAC,28.0,71,71,0.457,177,453,0.391,0.586,0.006,0,6,0.0,0.451,177,447,0.396,2020-21,Regular Season,Catch and Shoot
202722,Davis Bertans,1610612764,WAS,28.0,57,56,0.818,159,391,0.407,0.609,0.008,1,4,0.25,0.81,158,387,0.408,2020-21,Regular Season,Catch and Shoot
1626179,Terry Rozier,1610612766,CHA,27.0,69,69,0.341,166,386,0.43,0.64,0.011,4,12,0.333,0.33,162,374,0.433,2020-21,Regular Season,Catch and Shoot
203501,Tim Hardaway Jr.,1610612742,DAL,29.0,70,69,0.416,154,378,0.407,0.607,0.01,3,9,0.333,0.406,151,369,0.409,2020-21,Regular Season,Catch and Shoot
1630180,Saddiq Bey,1610612765,DET,22.0,70,68,0.549,152,378,0.402,0.598,0.015,4,10,0.4,0.535,148,368,0.402,2020-21,Regular Season,Catch and Shoot
203200,Justin Holiday,1610612754,IND,32.0,72,71,0.603,142,376,0.378,0.565,0.005,1,3,0.333,0.598,141,373,0.378,2020-21,Regular Season,Catch and Shoot
203925,Joe Harris,1610612751,BKN,29.0,69,68,0.531,195,375,0.52,0.764,0.028,12,20,0.6,0.503,183,355,0.515,2020-21,Regular Season,Catch and Shoot
203493,Reggie Bullock Jr.,1610612752,NYK,30.0,65,64,0.67,161,373,0.432,0.638,0.02,7,11,0.636,0.65,154,362,0.425,2020-21,Regular Season,Catch and Shoot
201980,Danny Green,1610612755,PHI,34.0,69,67,0.673,154,367,0.42,0.627,0.007,2,4,0.5,0.666,152,363,0.419,2020-21,Regular Season,Catch and Shoot
203109,Jae Crowder,1610612756,PHX,30.0,60,60,0.73,144,357,0.403,0.585,0.059,14,29,0.483,0.671,130,328,0.396,2020-21,Regular Season,Catch and Shoot
202711,Bojan Bogdanovic,1610612762,UTA,32.0,72,72,0.387,141,357,0.395,0.587,0.007,4,6,0.667,0.38,137,351,0.39,2020-21,Regular Season,Catch and Shoot
201939,Stephen Curry,1610612744,GSW,33.0,63,63,0.259,157,352,0.446,0.656,0.01,9,13,0.692,0.25,148,339,0.437,2020-21,Regular Season,Catch and Shoot
1629632,Coby White,1610612741,CHI,21.0,69,68,0.376,124,339,0.366,0.544,0.007,3,6,0.5,0.369,121,333,0.363,2020-21,Regular Season,Catch and Shoot
1628398,Kyle Kuzma,1610612747,LAL,25.0,68,64,0.447,128,336,0.381,0.558,0.025,9,19,0.474,0.422,119,317,0.375,2020-21,Regular Season,Catch and Shoot
1628366,Lonzo Ball,1610612740,NOP,23.0,55,55,0.473,134,330,0.406,0.603,0.01,4,7,0.571,0.463,130,323,0.402,2020-21,Regular Season,Catch and Shoot
1629008,Michael Porter Jr.,1610612743,DEN,23.0,61,61,0.401,150,326,0.46,0.664,0.049,17,40,0.425,0.352,133,286,0.465,2020-21,Regular Season,Catch and Shoot
203482,Kelly Olynyk,1610612745,HOU,30.0,70,70,0.458,112,319,0.351,0.517,0.014,6,10,0.6,0.444,106,309,0.343,2020-21,Regular Season,Catch and Shoot
1629661,Cameron Johnson,1610612756,PHX,25.0,60,60,0.664,115,318,0.362,0.539,0.013,2,6,0.333,0.651,113,312,0.362,2020-21,Regular Season,Catch and Shoot
203944,Julius Randle,1610612752,NYK,26.0,71,71,0.24,134,317,0.423,0.601,0.035,21,46,0.457,0.205,113,271,0.417,2020-21,Regular Season,Catch and Shoot
203496,Robert Covington,1610612757,POR,30.0,70,69,0.621,118,316,0.373,0.56,0.01,0,5,0.0,0.611,118,311,0.379,2020-21,Regular Season,Catch and Shoot
203999,Nikola Jokić,1610612743,DEN,26.0,72,68,0.246,142,314,0.452,0.588,0.078,57,100,0.57,0.168,85,214,0.397,2020-21,Regular Season,Catch and Shoot
1628969,Mikal Bridges,1610612756,PHX,24.0,72,70,0.469,126,308,0.409,0.604,0.018,6,12,0.5,0.451,120,296,0.405,2020-21,Regular Season,Catch and Shoot
1629628,RJ Barrett,1610612752,NYK,21.0,72,71,0.286,120,300,0.4,0.597,0.011,2,12,0.167,0.275,118,288,0.41,2020-21,Regular Season,Catch and Shoot
1628984,Devonte' Graham,1610612766,CHA,26.0,55,54,0.445,126,297,0.424,0.633,0.006,2,4,0.5,0.439,124,293,0.423,2020-21,Regular Season,Catch and Shoot
1628374,Lauri Markkanen,1610612741,CHI,24.0,51,51,0.569,119,296,0.402,0.601,0.01,1,5,0.2,0.56,118,291,0.405,2020-21,Regular Season,Catch and Shoot
204001,Kristaps Porziņģis,1610612742,DAL,25.0,43,43,0.433,116,296,0.392,0.542,0.092,27,63,0.429,0.341,89,233,0.382,2020-21,Regular Season,Catch and Shoot
1627854,Bryn Forbes,1610612749,MIL,27.0,70,68,0.556,136,294,0.463,0.689,0.013,3,7,0.429,0.543,133,287,0.463,2020-21,Regular Season,Catch and Shoot
203924,Jerami Grant,1610612765,DET,27.0,54,54,0.317,109,292,0.373,0.541,0.027,11,25,0.44,0.29,98,267,0.367,2020-21,Regular Season,Catch and Shoot
1628989,Kevin Huerter,1610612737,ATL,22.0,69,68,0.398,110,291,0.378,0.564,0.007,2,5,0.4,0.391,108,286,0.378,2020-21,Regular Season,Catch and Shoot
1627759,Jaylen Brown,1610612738,BOS,24.0,58,58,0.258,123,286,0.43,0.633,0.015,7,17,0.412,0.242,116,269,0.431,2020-21,Regular Season,Catch and Shoot
202339,Eric Bledsoe,1610612740,NOP,31.0,71,68,0.385,101,281,0.359,0.527,0.015,7,11,0.636,0.37,94,270,0.348,2020-21,Regular Season,Catch and Shoot
1626181,Norman Powell,1610612757,POR,28.0,69,68,0.301,118,276,0.428,0.639,0.005,1,5,0.2,0.295,117,271,0.432,2020-21,Regular Season,Catch and Shoot
1628415,Dillon Brooks,1610612763,MEM,25.0,67,67,0.268,108,276,0.391,0.572,0.016,8,17,0.471,0.251,100,259,0.386,2020-21,Regular Season,Catch and Shoot
203903,Jordan Clarkson,1610612762,UTA,29.0,68,67,0.257,102,276,0.37,0.553,0.006,1,6,0.167,0.252,101,270,0.374,2020-21,Regular Season,Catch and Shoot
201587,Nicolas Batum,1610612746,LAC,32.0,67,65,0.665,113,274,0.412,0.6,0.046,10,19,0.526,0.619,103,255,0.404,2020-21,Regular Season,Catch and Shoot
1626157,Karl-Anthony Towns,1610612750,MIN,25.0,50,50,0.313,113,274,0.412,0.602,0.026,9,23,0.391,0.287,104,251,0.414,2020-21,Regular Season,Catch and Shoot
201572,Brook Lopez,1610612749,MIL,33.0,70,70,0.428,97,274,0.354,0.513,0.025,10,16,0.625,0.403,87,258,0.337,2020-21,Regular Season,Catch and Shoot
202694,Marcus Morris Sr.,1610612746,LAC,31.0,57,56,0.466,135,272,0.496,0.73,0.029,8,17,0.471,0.437,127,255,0.498,2020-21,Regular Season,Catch and Shoot
1627742,Brandon Ingram,1610612740,NOP,23.0,61,59,0.247,115,272,0.423,0.608,0.035,14,38,0.368,0.213,101,234,0.432,2020-21,Regular Season,Catch and Shoot
1627827,Dorian Finney-Smith,1610612742,DAL,28.0,60,60,0.585,108,272,0.397,0.594,0.002,1,1,1.0,0.583,107,271,0.395,2020-21,Regular Season,Catch and Shoot
1627777,Georges Niang,1610612762,UTA,28.0,72,67,0.666,119,269,0.442,0.662,0.007,1,3,0.333,0.658,118,266,0.444,2020-21,Regular Season,Catch and Shoot
203952,Andrew Wiggins,1610612744,GSW,26.0,71,69,0.254,104,267,0.39,0.579,0.006,3,6,0.5,0.249,101,261,0.387,2020-21,Regular Season,Catch and Shoot
1629013,Landry Shamet,1610612751,BKN,24.0,61,61,0.581,111,265,0.419,0.626,0.011,1,5,0.2,0.57,110,260,0.423,2020-21,Regular Season,Catch and Shoot
201988,Patty Mills,1610612759,SAS,32.0,68,65,0.433,109,265,0.411,0.617,0.002,0,1,0.0,0.431,109,264,0.413,2020-21,Regular Season,Catch and Shoot
1629652,Luguentz Dort,1610612760,OKC,22.0,52,52,0.415,99,265,0.374,0.557,0.003,2,2,1.0,0.412,97,263,0.369,2020-21,Regular Season,Catch and Shoot
1626192,Pat Connaughton,1610612749,MIL,28.0,69,67,0.68,101,263,0.384,0.574,0.008,1,3,0.333,0.672,100,260,0.385,2020-21,Regular Season,Catch and Shoot
1627832,Fred VanVleet,1610612761,TOR,27.0,52,52,0.302,100,263,0.38,0.567,0.007,2,6,0.333,0.295,98,257,0.381,2020-21,Regular Season,Catch and Shoot
203992,Bogdan Bogdanović,1610612737,ATL,28.0,44,44,0.462,121,261,0.464,0.674,0.032,11,18,0.611,0.43,110,243,0.453,2020-21,Regular Season,Catch and Shoot
1628381,John Collins,1610612737,ATL,23.0,63,62,0.339,107,261,0.41,0.565,0.078,26,60,0.433,0.261,81,201,0.403,2020-21,Regular Season,Catch and Shoot
1629023,P.J. Washington,1610612766,CHA,22.0,64,63,0.379,103,260,0.396,0.587,0.015,4,10,0.4,0.364,99,250,0.396,2020-21,Regular Season,Catch and Shoot
203484,Kentavious Caldwell-Pope,1610612747,LAL,28.0,67,65,0.516,107,255,0.42,0.622,0.02,4,10,0.4,0.496,103,245,0.42,2020-21,Regular Season,Catch and Shoot
1626220,Royce O'Neale,1610612762,UTA,28.0,71,70,0.645,99,254,0.39,0.585,0.005,0,2,0.0,0.64,99,252,0.393,2020-21,Regular Season,Catch and Shoot
1629018,Gary Trent Jr.,1610612761,TOR,22.0,58,58,0.32,100,251,0.398,0.594,0.01,2,8,0.25,0.31,98,243,0.403,2020-21,Regular Season,Catch and Shoot
200752,Rudy Gay,1610612759,SAS,34.0,63,62,0.398,99,250,0.396,0.576,0.035,9,22,0.409,0.363,90,228,0.395,2020-21,Regular Season,Catch and Shoot
202331,Paul George,1610612746,LAC,31.0,54,54,0.26,109,248,0.44,0.637,0.021,11,20,0.55,0.239,98,228,0.43,2020-21,Regular Season,Catch and Shoot
201145,Jeff Green,1610612751,BKN,34.0,68,63,0.466,109,247,0.441,0.644,0.038,9,20,0.45,0.428,100,227,0.441,2020-21,Regular Season,Catch and Shoot
1630162,Anthony Edwards,1610612750,MIN,19.0,72,72,0.204,82,247,0.332,0.496,0.004,1,5,0.2,0.2,81,242,0.335,2020-21,Regular Season,Catch and Shoot
1628978,Donte DiVincenzo,1610612749,MIL,24.0,66,65,0.408,94,246,0.382,0.571,0.003,1,2,0.5,0.405,93,244,0.381,2020-21,Regular Season,Catch and Shoot
203078,Bradley Beal,1610612764,WAS,28.0,60,59,0.176,96,243,0.395,0.553,0.032,19,44,0.432,0.144,77,199,0.387,2020-21,Regular Season,Catch and Shoot
1626224,Cedi Osman,1610612739,CLE,26.0,59,56,0.419,73,241,0.303,0.454,0.005,0,3,0.0,0.414,73,238,0.307,2020-21,Regular Season,Catch and Shoot
1626162,Kelly Oubre Jr.,1610612744,GSW,25.0,55,55,0.334,80,240,0.333,0.498,0.006,1,4,0.25,0.329,79,236,0.335,2020-21,Regular Season,Catch and Shoot
1627736,Malik Beasley,1610612750,MIN,24.0,37,37,0.398,99,239,0.414,0.613,0.015,4,9,0.444,0.383,95,230,0.413,2020-21,Regular Season,Catch and Shoot
1629134,Kendrick Nunn,1610612748,MIA,25.0,56,53,0.362,99,238,0.416,0.622,0.008,1,5,0.2,0.354,98,233,0.421,2020-21,Regular Season,Catch and Shoot
201568,Danilo Gallinari,1610612737,ATL,32.0,51,51,0.502,98,237,0.414,0.584,0.072,17,34,0.5,0.43,81,203,0.399,2020-21,Regular Season,Catch and Shoot
1628384,OG Anunoby,1610612761,TOR,23.0,43,43,0.452,99,234,0.423,0.632,0.006,1,3,0.333,0.446,98,231,0.424,2020-21,Regular Season,Catch and Shoot
1628449,Chris Boucher,1610612761,TOR,28.0,60,59,0.414,86,232,0.371,0.554,0.013,1,7,0.143,0.402,85,225,0.378,2020-21,Regular Season,Catch and Shoot
1626164,Devin Booker,1610612756,PHX,24.0,67,65,0.181,97,231,0.42,0.561,0.046,32,59,0.542,0.135,65,172,0.378,2020-21,Regular Season,Catch and Shoot
2546,Carmelo Anthony,1610612757,POR,37.0,69,67,0.296,88,230,0.383,0.565,0.023,4,18,0.222,0.273,84,212,0.396,2020-21,Regular Season,Catch and Shoot
1629004,Svi Mykhailiuk,1610612760,OKC,24.0,66,61,0.455,79,230,0.343,0.504,0.014,5,7,0.714,0.441,74,223,0.332,2020-21,Regular Season,Catch and Shoot
1626196,Josh Richardson,1610612742,DAL,27.0,59,59,0.364,76,225,0.338,0.493,0.013,6,8,0.75,0.351,70,217,0.323,2020-21,Regular Season,Catch and Shoot
1627789,Timothe Luwawu-Cabarrot,1610612751,BKN,26.0,58,54,0.632,73,225,0.324,0.484,0.011,1,4,0.25,0.621,72,221,0.326,2020-21,Regular Season,Catch and Shoot
203463,Ben McLemore,1610612747,LAL,28.0,53,51,0.629,83,224,0.371,0.545,0.034,5,12,0.417,0.596,78,212,0.368,2020-21,Regular Season,Catch and Shoot
1628464,Daniel Theis,1610612741,CHI,29.0,65,63,0.479,90,223,0.404,0.507,0.187,44,87,0.506,0.292,46,136,0.338,2020-21,Regular Season,Catch and Shoot
204060,Joe Ingles,1610612762,UTA,33.0,67,65,0.393,109,221,0.493,0.735,0.004,2,2,1.0,0.39,107,219,0.489,2020-21,Regular Season,Catch and Shoot
203926,Doug McDermott,1610612754,IND,29.0,66,63,0.331,83,220,0.377,0.564,0.005,1,3,0.333,0.326,82,217,0.378,2020-21,Regular Season,Catch and Shoot
1629022,Lonnie Walker IV,1610612759,SAS,22.0,60,60,0.36,84,219,0.384,0.568,0.013,3,8,0.375,0.346,81,211,0.384,2020-21,Regular Season,Catch and Shoot
203937,Kyle Anderson,1610612763,MEM,27.0,69,61,0.333,80,219,0.365,0.523,0.024,11,16,0.688,0.309,69,203,0.34,2020-21,Regular Season,Catch and Shoot
203114,Khris Middleton,1610612749,MIL,29.0,68,67,0.201,93,216,0.431,0.611,0.033,15,35,0.429,0.169,78,181,0.431,2020-21,Regular Season,Catch and Shoot
1630217,Desmond Bane,1610612763,MEM,23.0,68,66,0.427,98,213,0.46,0.678,0.014,5,7,0.714,0.413,93,206,0.451,2020-21,Regular Season,Catch and Shoot
1628467,Maxi Kleber,1610612742,DAL,29.0,50,47,0.775,89,213,0.418,0.617,0.04,4,11,0.364,0.735,85,202,0.421,2020-21,Regular Season,Catch and Shoot
1628970,Miles Bridges,1610612766,CHA,23.0,66,62,0.342,80,213,0.376,0.559,0.019,2,12,0.167,0.323,78,201,0.388,2020-21,Regular Season,Catch and Shoot
1628367,Josh Jackson,1610612765,DET,24.0,62,61,0.303,67,213,0.315,0.467,0.009,2,6,0.333,0.295,65,207,0.314,2020-21,Regular Season,Catch and Shoot
1629731,Dean Wade,1610612739,CLE,24.0,63,55,0.675,78,210,0.371,0.55,0.019,3,6,0.5,0.656,75,204,0.368,2020-21,Regular Season,Catch and Shoot
1627783,Pascal Siakam,1610612761,TOR,27.0,56,55,0.214,68,206,0.33,0.468,0.025,11,24,0.458,0.189,57,182,0.313,2020-21,Regular Season,Catch and Shoot
1628960,Grayson Allen,1610612763,MEM,25.0,50,47,0.495,81,205,0.395,0.593,0.005,0,2,0.0,0.49,81,203,0.399,2020-21,Regular Season,Catch and Shoot
202693,Markieff Morris,1610612747,LAL,31.0,61,54,0.545,69,205,0.337,0.485,0.037,8,14,0.571,0.508,61,191,0.319,2020-21,Regular Season,Catch and Shoot
1629647,Darius Bazley,1610612760,OKC,21.0,55,55,0.297,59,205,0.288,0.424,0.009,3,6,0.5,0.288,56,199,0.281,2020-21,Regular Season,Catch and Shoot
203935,Marcus Smart,1610612738,BOS,27.0,48,47,0.4,67,204,0.328,0.49,0.002,1,1,1.0,0.398,66,203,0.325,2020-21,Regular Season,Catch and Shoot
1627788,Furkan Korkmaz,1610612755,PHI,23.0,55,53,0.479,80,203,0.394,0.586,0.012,2,5,0.4,0.467,78,198,0.394,2020-21,Regular Season,Catch and Shoot
1630177,Theo Maledon,1610612760,OKC,20.0,65,63,0.332,69,203,0.34,0.51,0.005,0,3,0.0,0.327,69,200,0.345,2020-21,Regular Season,Catch and Shoot
203524,Solomon Hill,1610612737,ATL,30.0,71,68,0.684,64,203,0.315,0.47,0.01,1,3,0.333,0.673,63,200,0.315,2020-21,Regular Season,Catch and Shoot
1629673,Jordan Poole,1610612744,GSW,22.0,51,46,0.426,76,202,0.376,0.564,0.002,0,1,0.0,0.424,76,201,0.378,2020-21,Regular Season,Catch and Shoot
1626167,Myles Turner,1610612754,IND,25.0,47,46,0.465,69,201,0.343,0.51,0.009,2,4,0.5,0.456,67,197,0.34,2020-21,Regular Season,Catch and Shoot
203210,JaMychal Green,1610612743,DEN,31.0,58,56,0.535,81,199,0.407,0.603,0.032,3,12,0.25,0.503,78,187,0.417,2020-21,Regular Season,Catch and Shoot
203488,Mike Muscala,1610612760,OKC,29.0,35,35,0.742,74,198,0.374,0.538,0.075,9,20,0.45,0.667,65,178,0.365,2020-21,Regular Season,Catch and Shoot
203552,Seth Curry,1610612755,PHI,30.0,57,56,0.357,96,197,0.487,0.716,0.022,6,12,0.5,0.335,90,185,0.486,2020-21,Regular Season,Catch and Shoot
1628539,Mychal Mulder,1610612744,GSW,27.0,60,51,0.746,75,197,0.381,0.571,0.0,0,0,,0.746,75,197,0.381,2020-21,Regular Season,Catch and Shoot
202704,Reggie Jackson,1610612746,LAC,31.0,67,59,0.338,89,196,0.454,0.676,0.007,2,4,0.5,0.331,87,192,0.453,2020-21,Regular Season,Catch and Shoot
1627734,Domantas Sabonis,1610612754,IND,25.0,62,60,0.216,66,195,0.338,0.464,0.048,17,43,0.395,0.168,49,152,0.322,2020-21,Regular Season,Catch and Shoot
1627756,Denzel Valentine,1610612741,CHI,27.0,62,55,0.466,67,194,0.345,0.51,0.017,3,7,0.429,0.45,64,187,0.342,2020-21,Regular Season,Catch and Shoot
1629060,Rui Hachimura,1610612764,WAS,23.0,57,55,0.295,75,191,0.393,0.51,0.086,30,56,0.536,0.208,45,135,0.333,2020-21,Regular Season,Catch and Shoot
1628401,Derrick White,1610612759,SAS,26.0,36,36,0.418,70,189,0.37,0.55,0.011,2,5,0.4,0.407,68,184,0.37,2020-21,Regular Season,Catch and Shoot
1630256,Jae'Sean Tate,1610612745,HOU,25.0,70,64,0.303,60,188,0.319,0.468,0.011,4,7,0.571,0.292,56,181,0.309,2020-21,Regular Season,Catch and Shoot
1626158,Richaun Holmes,1610612758,SAC,27.0,61,57,0.325,110,187,0.588,0.594,0.308,108,177,0.61,0.017,2,10,0.2,2020-21,Regular Season,Catch and Shoot
1626171,Bobby Portis,1610612749,MIL,26.0,66,60,0.309,89,185,0.481,0.673,0.055,18,33,0.545,0.254,71,152,0.467,2020-21,Regular Season,Catch and Shoot
202330,Gordon Hayward,1610612766,CHA,31.0,44,43,0.281,83,185,0.449,0.619,0.07,20,46,0.435,0.211,63,139,0.453,2020-21,Regular Season,Catch and Shoot
203082,Terrence Ross,1610612753,ORL,30.0,46,43,0.3,70,185,0.378,0.538,0.039,11,24,0.458,0.261,59,161,0.366,2020-21,Regular Season,Catch and Shoot
1626174,Christian Wood,1610612745,HOU,25.0,41,40,0.289,65,185,0.351,0.519,0.027,3,17,0.176,0.263,62,168,0.369,2020-21,Regular Season,Catch and Shoot
1629638,Nickeil Alexander-Walker,1610612740,NOP,22.0,46,44,0.406,64,185,0.346,0.519,0.007,0,3,0.0,0.399,64,182,0.352,2020-21,Regular Season,Catch and Shoot
1629056,Terence Davis,1610612758,SAC,24.0,61,54,0.404,77,184,0.418,0.625,0.004,1,2,0.5,0.399,76,182,0.418,2020-21,Regular Season,Catch and Shoot
1630183,Jaden McDaniels,1610612750,MIN,20.0,63,58,0.501,69,184,0.375,0.557,0.005,2,2,1.0,0.496,67,182,0.368,2020-21,Regular Season,Catch and Shoot
1628404,Josh Hart,1610612740,NOP,26.0,47,45,0.535,60,184,0.326,0.484,0.015,2,5,0.4,0.52,58,179,0.324,2020-21,Regular Season,Catch and Shoot
1628379,Luke Kennard,1610612746,LAC,25.0,63,55,0.445,85,181,0.47,0.674,0.042,11,17,0.647,0.403,74,164,0.451,2020-21,Regular Season,Catch and Shoot
201961,Wayne Ellington,1610612765,DET,33.0,46,45,0.548,69,181,0.381,0.566,0.015,2,5,0.4,0.533,67,176,0.381,2020-21,Regular Season,Catch and Shoot
1627749,Dejounte Murray,1610612759,SAS,24.0,67,63,0.186,58,181,0.32,0.47,0.009,4,9,0.444,0.177,54,172,0.314,2020-21,Regular Season,Catch and Shoot
1627814,Damion Lee,1610612744,GSW,28.0,57,55,0.659,72,180,0.4,0.594,0.026,2,7,0.286,0.634,70,173,0.405,2020-21,Regular Season,Catch and Shoot
202681,Kyrie Irving,1610612751,BKN,29.0,54,53,0.165,80,179,0.447,0.648,0.012,8,13,0.615,0.153,72,166,0.434,2020-21,Regular Season,Catch and Shoot
201937,Ricky Rubio,1610612750,MIN,30.0,68,63,0.357,58,178,0.326,0.472,0.026,6,13,0.462,0.331,52,165,0.315,2020-21,Regular Season,Catch and Shoot
202066,Garrett Temple,1610612741,CHI,35.0,56,53,0.467,58,178,0.326,0.486,0.024,1,9,0.111,0.444,57,169,0.337,2020-21,Regular Season,Catch and Shoot
1628425,Sterling Brown,1610612745,HOU,26.0,51,47,0.538,73,177,0.412,0.616,0.009,1,3,0.333,0.529,72,174,0.414,2020-21,Regular Season,Catch and Shoot
203084,Harrison Barnes,1610612758,SAC,29.0,58,57,0.269,73,173,0.422,0.63,0.003,1,2,0.5,0.266,72,171,0.421,2020-21,Regular Season,Catch and Shoot
1627763,Malcolm Brogdon,1610612754,IND,28.0,56,51,0.175,76,171,0.444,0.667,0.0,0,0,,0.175,76,171,0.444,2020-21,Regular Season,Catch and Shoot
1628378,Donovan Mitchell,1610612762,UTA,24.0,53,50,0.157,74,171,0.433,0.643,0.003,2,3,0.667,0.154,72,168,0.429,2020-21,Regular Season,Catch and Shoot
1629726,Garrison Mathews,1610612764,WAS,24.0,64,50,0.722,66,171,0.386,0.576,0.017,1,4,0.25,0.705,65,167,0.389,2020-21,Regular Season,Catch and Shoot
203471,Dennis Schröder,1610612747,LAL,27.0,61,57,0.228,64,171,0.374,0.544,0.015,6,11,0.545,0.213,58,160,0.363,2020-21,Regular Season,Catch and Shoot
1629675,Naz Reid,1610612750,MIN,21.0,70,61,0.294,61,171,0.357,0.532,0.005,1,3,0.333,0.289,60,168,0.357,2020-21,Regular Season,Catch and Shoot
1630202,Payton Pritchard,1610612738,BOS,23.0,66,60,0.407,80,170,0.471,0.697,0.012,3,5,0.6,0.395,77,165,0.467,2020-21,Regular Season,Catch and Shoot
203468,CJ McCollum,1610612757,POR,29.0,47,46,0.191,83,169,0.491,0.698,0.025,13,22,0.591,0.166,70,147,0.476,2020-21,Regular Season,Catch and Shoot
1630169,Tyrese Haliburton,1610612758,SAC,21.0,58,56,0.273,73,169,0.432,0.642,0.011,2,7,0.286,0.262,71,162,0.438,2020-21,Regular Season,Catch and Shoot
203954,Joel Embiid,1610612755,PHI,27.0,51,50,0.188,69,169,0.408,0.536,0.056,26,50,0.52,0.132,43,119,0.361,2020-21,Regular Season,Catch and Shoot
202083,Wesley Matthews,1610612747,LAL,34.0,58,55,0.675,58,168,0.345,0.518,0.004,0,1,0.0,0.671,58,167,0.347,2020-21,Regular Season,Catch and Shoot
1630171,Isaac Okoro,1610612739,CLE,20.0,67,58,0.304,49,167,0.293,0.44,0.004,0,2,0.0,0.3,49,165,0.297,2020-21,Regular Season,Catch and Shoot
1630197,Aleksej Pokusevski,1610612760,OKC,19.0,45,44,0.418,48,167,0.287,0.428,0.01,1,4,0.25,0.408,47,163,0.288,2020-21,Regular Season,Catch and Shoot
203115,Will Barton,1610612743,DEN,30.0,56,52,0.275,65,166,0.392,0.581,0.008,2,5,0.4,0.267,63,161,0.391,2020-21,Regular Season,Catch and Shoot
203897,Zach LaVine,1610612741,CHI,26.0,58,54,0.147,77,165,0.467,0.685,0.015,5,17,0.294,0.132,72,148,0.486,2020-21,Regular Season,Catch and Shoot
200746,LaMarcus Aldridge,1610612751,BKN,35.0,26,26,0.557,75,165,0.455,0.542,0.304,46,90,0.511,0.253,29,75,0.387,2020-21,Regular Season,Catch and Shoot
203145,Kent Bazemore,1610612744,GSW,31.0,67,56,0.424,69,165,0.418,0.624,0.01,1,4,0.25,0.414,68,161,0.422,2020-21,Regular Season,Catch and Shoot
201609,Goran Dragic,1610612748,MIA,35.0,50,46,0.298,68,165,0.412,0.603,0.016,5,9,0.556,0.282,63,156,0.404,2020-21,Regular Season,Catch and Shoot
1626156,D'Angelo Russell,1610612750,MIN,25.0,42,41,0.252,64,164,0.39,0.57,0.02,5,13,0.385,0.232,59,151,0.391,2020-21,Regular Season,Catch and Shoot
1630166,Deni Avdija,1610612764,WAS,20.0,54,47,0.526,53,164,0.323,0.479,0.01,2,3,0.667,0.516,51,161,0.317,2020-21,Regular Season,Catch and Shoot
203081,Damian Lillard,1610612757,POR,30.0,67,58,0.121,74,161,0.46,0.674,0.007,5,9,0.556,0.114,69,152,0.454,2020-21,Regular Season,Catch and Shoot
202699,Tobias Harris,1610612755,PHI,28.0,62,54,0.173,68,160,0.425,0.625,0.013,4,12,0.333,0.16,64,148,0.432,2020-21,Regular Season,Catch and Shoot
1627823,Juancho Hernangomez,1610612750,MIN,25.0,52,49,0.537,54,160,0.338,0.506,0.003,0,1,0.0,0.534,54,159,0.34,2020-21,Regular Season,Catch and Shoot
1629639,Tyler Herro,1610612748,MIA,21.0,54,51,0.227,63,159,0.396,0.582,0.014,4,10,0.4,0.213,59,149,0.396,2020-21,Regular Season,Catch and Shoot
201143,Al Horford,1610612738,BOS,35.0,28,28,0.439,57,158,0.361,0.513,0.075,9,27,0.333,0.364,48,131,0.366,2020-21,Regular Season,Catch and Shoot
202695,Kawhi Leonard,1610612746,LAC,30.0,52,50,0.173,75,157,0.478,0.669,0.033,15,30,0.5,0.14,60,127,0.472,2020-21,Regular Season,Catch and Shoot
1629012,Collin Sexton,1610612739,CLE,22.0,60,54,0.144,66,157,0.42,0.605,0.012,8,13,0.615,0.132,58,144,0.403,2020-21,Regular Season,Catch and Shoot
1629640,Keldon Johnson,1610612759,SAS,21.0,69,64,0.221,53,156,0.34,0.506,0.011,1,8,0.125,0.21,52,148,0.351,2020-21,Regular Season,Catch and Shoot
200768,Kyle Lowry,1610612761,TOR,35.0,46,43,0.26,65,155,0.419,0.626,0.002,1,1,1.0,0.258,64,154,0.416,2020-21,Regular Season,Catch and Shoot
203095,Evan Fournier,1610612738,BOS,28.0,42,41,0.287,64,155,0.413,0.616,0.007,1,4,0.25,0.279,63,151,0.417,2020-21,Regular Season,Catch and Shoot
203118,Mike Scott,1610612755,PHI,32.0,51,41,0.735,54,155,0.348,0.519,0.014,1,3,0.333,0.72,53,152,0.349,2020-21,Regular Season,Catch and Shoot
1630163,LaMelo Ball,1610612766,CHA,19.0,51,48,0.229,61,154,0.396,0.588,0.006,2,4,0.5,0.223,59,150,0.393,2020-21,Regular Season,Catch and Shoot
2738,Andre Iguodala,1610612748,MIA,37.0,63,54,0.618,51,154,0.331,0.494,0.012,1,3,0.333,0.606,50,151,0.331,2020-21,Regular Season,Catch and Shoot
201142,Kevin Durant,1610612751,BKN,32.0,35,34,0.252,72,152,0.474,0.635,0.07,23,42,0.548,0.182,49,110,0.445,2020-21,Regular Season,Catch and Shoot
1630267,Facundo Campazzo,1610612743,DEN,30.0,65,54,0.479,60,151,0.397,0.589,0.006,2,2,1.0,0.473,58,149,0.389,2020-21,Regular Season,Catch and Shoot
1629001,De'Anthony Melton,1610612763,MEM,23.0,52,47,0.382,65,150,0.433,0.647,0.005,1,2,0.5,0.377,64,148,0.432,2020-21,Regular Season,Catch and Shoot
203967,Dario Saric,1610612756,PHX,27.0,50,48,0.433,56,148,0.378,0.53,0.058,11,20,0.55,0.374,45,128,0.352,2020-21,Regular Season,Catch and Shoot
202692,Alec Burks,1610612752,NYK,29.0,49,45,0.298,56,147,0.381,0.568,0.006,1,3,0.333,0.291,55,144,0.382,2020-21,Regular Season,Catch and Shoot
1628400,Semi Ojeleye,1610612738,BOS,26.0,56,48,0.665,55,147,0.374,0.554,0.027,2,6,0.333,0.638,53,141,0.376,2020-21,Regular Season,Catch and Shoot
1630170,Devin Vassell,1610612759,SAS,20.0,62,58,0.485,50,147,0.34,0.503,0.03,2,9,0.222,0.455,48,138,0.348,2020-21,Regular Season,Catch and Shoot
1628369,Jayson Tatum,1610612738,BOS,23.0,64,56,0.111,67,146,0.459,0.644,0.019,13,25,0.52,0.092,54,121,0.446,2020-21,Regular Season,Catch and Shoot
201586,Serge Ibaka,1610612746,LAC,31.0,41,39,0.41,62,146,0.425,0.551,0.115,25,41,0.61,0.295,37,105,0.352,2020-21,Regular Season,Catch and Shoot
201567,Kevin Love,1610612739,CLE,32.0,25,23,0.575,50,145,0.345,0.493,0.067,7,17,0.412,0.508,43,128,0.336,2020-21,Regular Season,Catch and Shoot
200794,Paul Millsap,1610612743,DEN,36.0,56,52,0.364,50,144,0.347,0.507,0.023,4,9,0.444,0.341,46,135,0.341,2020-21,Regular Season,Catch and Shoot
1629003,Shake Milton,1610612755,PHI,24.0,63,53,0.214,55,143,0.385,0.566,0.013,3,9,0.333,0.201,52,134,0.388,2020-21,Regular Season,Catch and Shoot
1628973,Jalen Brunson,1610612742,DAL,24.0,68,61,0.226,63,142,0.444,0.658,0.003,2,2,1.0,0.223,61,140,0.436,2020-21,Regular Season,Catch and Shoot
1629014,Anfernee Simons,1610612757,POR,22.0,64,53,0.349,72,140,0.514,0.771,0.0,0,0,,0.349,72,140,0.514,2020-21,Regular Season,Catch and Shoot
203504,Trey Burke,1610612742,DAL,28.0,62,54,0.397,52,140,0.371,0.539,0.014,5,5,1.0,0.382,47,135,0.348,2020-21,Regular Season,Catch and Shoot
201569,Eric Gordon,1610612745,HOU,32.0,27,27,0.392,48,140,0.343,0.504,0.008,3,3,1.0,0.384,45,137,0.328,2020-21,Regular Season,Catch and Shoot
1629636,Darius Garland,1610612739,CLE,21.0,54,50,0.176,60,139,0.432,0.637,0.009,3,7,0.429,0.167,57,132,0.432,2020-21,Regular Season,Catch and Shoot
201566,Russell Westbrook,1610612764,WAS,32.0,65,60,0.111,48,138,0.348,0.518,0.005,1,6,0.167,0.107,47,132,0.356,2020-21,Regular Season,Catch and Shoot
1630172,Patrick Williams,1610612741,CHI,19.0,71,65,0.259,55,137,0.401,0.58,0.027,6,14,0.429,0.233,49,123,0.398,2020-21,Regular Season,Catch and Shoot
1628988,Aaron Holiday,1610612754,IND,24.0,66,55,0.314,53,137,0.387,0.58,0.005,0,2,0.0,0.309,53,135,0.393,2020-21,Regular Season,Catch and Shoot
1629680,Matisse Thybulle,1610612755,PHI,24.0,65,55,0.564,41,137,0.299,0.449,0.004,0,1,0.0,0.56,41,136,0.301,2020-21,Regular Season,Catch and Shoot
1628976,Wendell Carter Jr.,1610612753,ORL,22.0,54,47,0.298,53,136,0.39,0.445,0.186,38,85,0.447,0.112,15,51,0.294,2020-21,Regular Season,Catch and Shoot
1627750,Jamal Murray,1610612743,DEN,24.0,48,43,0.169,59,133,0.444,0.647,0.013,5,10,0.5,0.157,54,123,0.439,2020-21,Regular Season,Catch and Shoot
203526,Raul Neto,1610612764,WAS,29.0,64,54,0.298,55,133,0.414,0.617,0.004,1,2,0.5,0.293,54,131,0.412,2020-21,Regular Season,Catch and Shoot
200755,JJ Redick,1610612742,DAL,37.0,44,39,0.498,52,133,0.391,0.556,0.06,8,16,0.5,0.438,44,117,0.376,2020-21,Regular Season,Catch and Shoot
202326,DeMarcus Cousins,1610612746,LAC,30.0,41,36,0.455,46,133,0.346,0.511,0.017,2,5,0.4,0.438,44,128,0.344,2020-21,Regular Season,Catch and Shoot
1629622,Max Strus,1610612748,MIA,25.0,39,34,0.71,48,132,0.364,0.545,0.0,0,0,,0.71,48,132,0.364,2020-21,Regular Season,Catch and Shoot
201188,Marc Gasol,1610612747,LAL,36.0,52,44,0.674,55,130,0.423,0.608,0.078,7,15,0.467,0.596,48,115,0.417,2020-21,Regular Season,Catch and Shoot
201144,Mike Conley,1610612762,UTA,33.0,51,49,0.204,53,130,0.408,0.608,0.003,1,2,0.5,0.201,52,128,0.406,2020-21,Regular Season,Catch and Shoot
203110,Draymond Green,1610612744,GSW,31.0,63,54,0.342,41,130,0.315,0.442,0.042,8,16,0.5,0.3,33,114,0.289,2020-21,Regular Season,Catch and Shoot
1628402,Frank Jackson,1610612765,DET,23.0,40,36,0.44,57,129,0.442,0.655,0.017,2,5,0.4,0.423,55,124,0.444,2020-21,Regular Season,Catch and Shoot
202322,John Wall,1610612745,HOU,30.0,40,38,0.174,48,126,0.381,0.571,0.001,0,1,0.0,0.172,48,125,0.384,2020-21,Regular Season,Catch and Shoot
203506,Victor Oladipo,1610612748,MIA,29.0,33,33,0.223,47,126,0.373,0.552,0.011,2,6,0.333,0.213,45,120,0.375,2020-21,Regular Season,Catch and Shoot
1627884,Derrick Jones Jr.,1610612757,POR,24.0,58,50,0.414,40,126,0.317,0.476,0.003,0,1,0.0,0.411,40,125,0.32,2020-21,Regular Season,Catch and Shoot
1628370,Malik Monk,1610612766,CHA,23.0,42,39,0.313,52,125,0.416,0.624,0.0,0,0,,0.313,52,125,0.416,2020-21,Regular Season,Catch and Shoot
1627936,Alex Caruso,1610612747,LAL,27.0,58,54,0.418,51,125,0.408,0.608,0.027,1,8,0.125,0.391,50,117,0.427,2020-21,Regular Season,Catch and Shoot
1628975,Jevon Carter,1610612756,PHX,25.0,60,44,0.566,50,125,0.4,0.592,0.009,2,2,1.0,0.557,48,123,0.39,2020-21,Regular Season,Catch and Shoot
203382,Aron Baynes,1610612761,TOR,34.0,53,47,0.413,41,125,0.328,0.436,0.083,14,25,0.56,0.33,27,100,0.27,2020-21,Regular Season,Catch and Shoot
203076,Anthony Davis,1610612747,LAL,28.0,36,34,0.209,40,125,0.32,0.416,0.069,16,41,0.39,0.141,24,84,0.286,2020-21,Regular Season,Catch and Shoot
201571,D.J. Augustin,1610612745,HOU,33.0,57,50,0.362,51,124,0.411,0.617,0.009,0,3,0.0,0.353,51,121,0.421,2020-21,Regular Season,Catch and Shoot
1629684,Grant Williams,1610612738,BOS,22.0,63,56,0.5,47,124,0.379,0.56,0.016,2,4,0.5,0.484,45,120,0.375,2020-21,Regular Season,Catch and Shoot
203932,Aaron Gordon,1610612743,DEN,25.0,50,47,0.246,48,123,0.39,0.557,0.028,7,14,0.5,0.218,41,109,0.376,2020-21,Regular Season,Catch and Shoot
201950,Jrue Holiday,1610612749,MIL,31.0,59,50,0.149,46,123,0.374,0.553,0.008,2,7,0.286,0.141,44,116,0.379,2020-21,Regular Season,Catch and Shoot
1628964,Mo Bamba,1610612753,ORL,23.0,46,39,0.405,41,122,0.336,0.492,0.023,3,7,0.429,0.382,38,115,0.33,2020-21,Regular Season,Catch and Shoot
1629643,Chuma Okeke,1610612753,ORL,22.0,45,43,0.373,50,121,0.413,0.599,0.025,5,8,0.625,0.349,45,113,0.398,2020-21,Regular Season,Catch and Shoot
2772,Trevor Ariza,1610612748,MIA,36.0,30,30,0.502,45,121,0.372,0.558,0.0,0,0,,0.502,45,121,0.372,2020-21,Regular Season,Catch and Shoot
204020,Tyler Johnson,1610612751,BKN,29.0,39,34,0.661,45,121,0.372,0.545,0.022,3,4,0.75,0.639,42,117,0.359,2020-21,Regular Season,Catch and Shoot
1628422,Damyean Dotson,1610612739,CLE,27.0,46,37,0.416,42,121,0.347,0.5,0.038,5,11,0.455,0.378,37,110,0.336,2020-21,Regular Season,Catch and Shoot
1630193,Immanuel Quickley,1610612752,NYK,22.0,64,56,0.208,56,120,0.467,0.696,0.003,1,2,0.5,0.205,55,118,0.466,2020-21,Regular Season,Catch and Shoot
1626204,Larry Nance Jr.,1610612739,CLE,28.0,35,33,0.441,42,120,0.35,0.508,0.055,4,15,0.267,0.386,38,105,0.362,2020-21,Regular Season,Catch and Shoot
200782,P.J. Tucker,1610612749,MIL,36.0,52,46,0.694,40,120,0.333,0.488,0.029,3,5,0.6,0.665,37,115,0.322,2020-21,Regular Season,Catch and Shoot
201942,DeMar DeRozan,1610612759,SAS,31.0,61,52,0.131,39,120,0.325,0.4,0.062,21,57,0.368,0.069,18,63,0.286,2020-21,Regular Season,Catch and Shoot
1628408,PJ Dozier,1610612743,DEN,24.0,50,46,0.339,38,119,0.319,0.475,0.014,1,5,0.2,0.325,37,114,0.325,2020-21,Regular Season,Catch and Shoot
1629660,Ty Jerome,1610612760,OKC,23.0,33,31,0.411,49,118,0.415,0.614,0.014,2,4,0.5,0.397,47,114,0.412,2020-21,Regular Season,Catch and Shoot
202709,Cory Joseph,1610612765,DET,29.0,63,55,0.277,38,118,0.322,0.483,0.007,0,3,0.0,0.27,38,115,0.33,2020-21,Regular Season,Catch and Shoot
1628997,Caleb Martin,1610612766,CHA,25.0,53,44,0.461,32,118,0.271,0.386,0.047,5,12,0.417,0.414,27,106,0.255,2020-21,Regular Season,Catch and Shoot
1629717,Armoni Brooks,1610612745,HOU,23.0,20,20,0.609,47,117,0.402,0.603,0.0,0,0,,0.609,47,117,0.402,2020-21,Regular Season,Catch and Shoot
202689,Kemba Walker,1610612760,OKC,31.0,43,39,0.17,46,115,0.4,0.591,0.004,2,3,0.667,0.166,44,112,0.393,2020-21,Regular Season,Catch and Shoot
201976,Patrick Beverley,1610612746,LAC,32.0,37,35,0.528,48,114,0.421,0.623,0.014,2,3,0.667,0.514,46,111,0.414,2020-21,Regular Season,Catch and Shoot
1629630,Ja Morant,1610612763,MEM,21.0,63,52,0.119,33,114,0.289,0.425,0.007,2,7,0.286,0.112,31,107,0.29,2020-21,Regular Season,Catch and Shoot
201933,Blake Griffin,1610612751,BKN,32.0,46,42,0.278,44,113,0.389,0.58,0.015,1,6,0.167,0.264,43,107,0.402,2020-21,Regular Season,Catch and Shoot
202335,Patrick Patterson,1610612746,LAC,32.0,38,35,0.711,44,113,0.389,0.562,0.044,5,7,0.714,0.667,39,106,0.368,2020-21,Regular Season,Catch and Shoot
1626145,Tyus Jones,1610612763,MEM,25.0,70,58,0.274,38,113,0.336,0.491,0.017,3,7,0.429,0.257,35,106,0.33,2020-21,Regular Season,Catch and Shoot
1629216,Gabe Vincent,1610612748,MIA,25.0,50,40,0.485,33,113,0.292,0.438,0.004,0,1,0.0,0.481,33,112,0.295,2020-21,Regular Season,Catch and Shoot
1629635,Sekou Doumbouya,1610612765,DET,20.0,56,47,0.4,26,112,0.232,0.344,0.014,1,4,0.25,0.386,25,108,0.231,2020-21,Regular Season,Catch and Shoot
1626169,Stanley Johnson,1610612761,TOR,25.0,61,49,0.478,37,111,0.333,0.495,0.009,1,2,0.5,0.47,36,109,0.33,2020-21,Regular Season,Catch and Shoot
1628407,Dwayne Bacon,1610612753,ORL,25.0,72,56,0.153,31,111,0.279,0.414,0.006,1,4,0.25,0.148,30,107,0.28,2020-21,Regular Season,Catch and Shoot
203503,Tony Snell,1610612737,ATL,29.0,47,41,0.647,63,110,0.573,0.85,0.041,2,7,0.286,0.606,61,103,0.592,2020-21,Regular Season,Catch and Shoot
1627752,Taurean Prince,1610612739,CLE,27.0,41,37,0.343,42,110,0.382,0.568,0.016,1,5,0.2,0.327,41,105,0.39,2020-21,Regular Season,Catch and Shoot
1629669,Jaylen Nowell,1610612750,MIN,21.0,42,39,0.328,37,110,0.336,0.5,0.009,1,3,0.333,0.319,36,107,0.336,2020-21,Regular Season,Catch and Shoot
1626153,Delon Wright,1610612758,SAC,29.0,63,52,0.215,47,109,0.431,0.642,0.008,1,4,0.25,0.207,46,105,0.438,2020-21,Regular Season,Catch and Shoot
1629028,Deandre Ayton,1610612756,PHX,22.0,69,53,0.159,43,108,0.398,0.417,0.132,39,90,0.433,0.026,4,18,0.222,2020-21,Regular Season,Catch and Shoot
1628963,Marvin Bagley III,1610612758,SAC,22.0,43,41,0.219,36,107,0.336,0.486,0.022,4,11,0.364,0.196,32,96,0.333,2020-21,Regular Season,Catch and Shoot
1627863,Danuel House Jr.,1610612745,HOU,28.0,36,35,0.393,36,107,0.336,0.505,0.011,0,3,0.0,0.382,36,104,0.346,2020-21,Regular Season,Catch and Shoot
2544,LeBron James,1610612747,LAL,36.0,45,39,0.133,38,106,0.358,0.519,0.013,4,10,0.4,0.121,34,96,0.354,2020-21,Regular Season,Catch and Shoot
1627747,Caris LeVert,1610612754,IND,26.0,47,44,0.13,36,106,0.34,0.5,0.004,2,3,0.667,0.127,34,103,0.33,2020-21,Regular Season,Catch and Shoot
203490,Otto Porter Jr.,1610612753,ORL,28.0,28,26,0.463,40,105,0.381,0.562,0.048,2,11,0.182,0.414,38,94,0.404,2020-21,Regular Season,Catch and Shoot
203107,Tomas Satoransky,1610612741,CHI,29.0,58,51,0.321,39,105,0.371,0.557,0.009,0,3,0.0,0.312,39,102,0.382,2020-21,Regular Season,Catch and Shoot
1629109,Gary Clark,1610612755,PHI,26.0,39,32,0.795,30,105,0.286,0.429,0.015,0,2,0.0,0.78,30,103,0.291,2020-21,Regular Season,Catch and Shoot
1629026,Kenrich Williams,1610612760,OKC,26.0,66,55,0.253,47,104,0.452,0.663,0.015,3,6,0.5,0.238,44,98,0.449,2020-21,Regular Season,Catch and Shoot
203914,Gary Harris,1610612753,ORL,26.0,39,36,0.309,37,104,0.356,0.524,0.027,2,9,0.222,0.282,35,95,0.368,2020-21,Regular Season,Catch and Shoot
203920,Khem Birch,1610612761,TOR,28.0,67,48,0.274,35,104,0.337,0.399,0.142,22,54,0.407,0.132,13,50,0.26,2020-21,Regular Season,Catch and Shoot
1628420,Monte Morris,1610612743,DEN,26.0,47,41,0.27,42,103,0.408,0.592,0.016,4,6,0.667,0.254,38,97,0.392,2020-21,Regular Season,Catch and Shoot
201949,James Johnson,1610612740,NOP,34.0,51,41,0.315,29,103,0.282,0.417,0.009,1,3,0.333,0.306,28,100,0.28,2020-21,Regular Season,Catch and Shoot
1629667,Jalen McDaniels,1610612766,CHA,23.0,47,37,0.36,36,102,0.353,0.525,0.007,1,2,0.5,0.353,35,100,0.35,2020-21,Regular Season,Catch and Shoot
1628389,Bam Adebayo,1610612748,MIA,23.0,64,48,0.126,47,101,0.465,0.475,0.124,45,99,0.455,0.003,2,2,1.0,2020-21,Regular Season,Catch and Shoot
1630175,Cole Anthony,1610612753,ORL,21.0,47,41,0.183,33,101,0.327,0.48,0.011,2,6,0.333,0.172,31,95,0.326,2020-21,Regular Season,Catch and Shoot
202685,Jonas Valančiūnas,1610612763,MEM,29.0,62,50,0.135,41,100,0.41,0.485,0.067,26,50,0.52,0.067,15,50,0.3,2020-21,Regular Season,Catch and Shoot
1629634,Brandon Clarke,1610612763,MEM,24.0,59,48,0.2,32,99,0.323,0.424,0.045,12,22,0.545,0.156,20,77,0.26,2020-21,Regular Season,Catch and Shoot
1626166,Cameron Payne,1610612756,PHX,26.0,60,44,0.246,47,97,0.485,0.722,0.008,1,3,0.333,0.239,46,94,0.489,2020-21,Regular Season,Catch and Shoot
1630214,Xavier Tillman,1610612763,MEM,22.0,59,42,0.324,40,97,0.412,0.526,0.114,18,34,0.529,0.211,22,63,0.349,2020-21,Regular Season,Catch and Shoot
203085,Austin Rivers,1610612743,DEN,28.0,36,30,0.392,38,96,0.396,0.594,0.0,0,0,,0.392,38,96,0.396,2020-21,Regular Season,Catch and Shoot
1628470,Torrey Craig,1610612756,PHX,30.0,50,41,0.423,34,96,0.354,0.521,0.013,2,3,0.667,0.41,32,93,0.344,2020-21,Regular Season,Catch and Shoot
1630198,Isaiah Joe,1610612755,PHI,21.0,41,34,0.722,33,96,0.344,0.516,0.015,0,2,0.0,0.707,33,94,0.351,2020-21,Regular Season,Catch and Shoot
1628368,De'Aaron Fox,1610612758,SAC,23.0,58,47,0.086,38,95,0.4,0.584,0.005,3,6,0.5,0.08,35,89,0.393,2020-21,Regular Season,Catch and Shoot
1626163,Frank Kaminsky,1610612756,PHX,28.0,47,39,0.375,34,95,0.358,0.505,0.071,6,18,0.333,0.304,28,77,0.364,2020-21,Regular Season,Catch and Shoot
1629006,Josh Okogie,1610612750,MIN,22.0,59,44,0.374,25,95,0.263,0.389,0.012,1,3,0.333,0.362,24,92,0.261,2020-21,Regular Season,Catch and Shoot
1629629,Cam Reddish,1610612737,ATL,21.0,26,25,0.357,26,94,0.277,0.41,0.004,1,1,1.0,0.354,25,93,0.269,2020-21,Regular Season,Catch and Shoot
101150,Lou Williams,1610612737,ATL,34.0,66,46,0.144,37,93,0.398,0.548,0.028,9,18,0.5,0.116,28,75,0.373,2020-21,Regular Season,Catch and Shoot
1630174,Aaron Nesmith,1610612738,BOS,21.0,46,40,0.522,37,93,0.398,0.597,0.0,0,0,,0.522,37,93,0.398,2020-21,Regular Season,Catch and Shoot
203901,Elfrid Payton,1610612752,NYK,27.0,63,50,0.151,28,93,0.301,0.446,0.007,1,4,0.25,0.145,27,89,0.303,2020-21,Regular Season,Catch and Shoot
1630191,Isaiah Stewart,1610612765,DET,20.0,68,40,0.227,37,92,0.402,0.511,0.084,17,34,0.5,0.143,20,58,0.345,2020-21,Regular Season,Catch and Shoot
201565,Derrick Rose,1610612752,NYK,32.0,50,43,0.152,36,92,0.391,0.571,0.02,3,12,0.25,0.132,33,80,0.413,2020-21,Regular Season,Catch and Shoot
1629021,Moritz Wagner,1610612753,ORL,24.0,45,34,0.402,32,92,0.348,0.511,0.013,2,3,0.667,0.389,30,89,0.337,2020-21,Regular Season,Catch and Shoot
1628382,Justin Jackson,1610612749,MIL,26.0,34,32,0.412,29,91,0.319,0.467,0.009,2,2,1.0,0.403,27,89,0.303,2020-21,Regular Season,Catch and Shoot
1629029,Luka Doncic,1610612742,DAL,22.0,66,49,0.067,30,90,0.333,0.494,0.004,1,5,0.2,0.063,29,85,0.341,2020-21,Regular Season,Catch and Shoot
1630231,KJ Martin,1610612745,HOU,20.0,45,34,0.277,33,88,0.375,0.563,0.0,0,0,,0.277,33,88,0.375,2020-21,Regular Season,Catch and Shoot
1630167,Obi Toppin,1610612752,NYK,23.0,62,48,0.425,28,88,0.318,0.466,0.019,2,4,0.5,0.406,26,84,0.31,2020-21,Regular Season,Catch and Shoot
1629139,Yuta Watanabe,1610612761,TOR,26.0,50,40,0.483,36,87,0.414,0.609,0.011,2,2,1.0,0.472,34,85,0.4,2020-21,Regular Season,Catch and Shoot
203087,Jeremy Lamb,1610612754,IND,29.0,36,35,0.312,36,86,0.419,0.622,0.007,1,2,0.5,0.304,35,84,0.417,2020-21,Regular Season,Catch and Shoot
1630184,Kira Lewis Jr.,1610612740,NOP,20.0,54,39,0.255,31,86,0.36,0.541,0.003,0,1,0.0,0.252,31,85,0.365,2020-21,Regular Season,Catch and Shoot
1629740,Nicolo Melli,1610612742,DAL,30.0,45,36,0.61,26,86,0.302,0.43,0.043,4,6,0.667,0.567,22,80,0.275,2020-21,Regular Season,Catch and Shoot
202340,Avery Bradley,1610612745,HOU,30.0,27,27,0.503,26,86,0.302,0.453,0.035,0,6,0.0,0.468,26,80,0.325,2020-21,Regular Season,Catch and Shoot
1629027,Trae Young,1610612737,ATL,22.0,63,46,0.077,31,85,0.365,0.547,0.002,0,2,0.0,0.075,31,83,0.373,2020-21,Regular Season,Catch and Shoot
203516,James Ennis III,1610612753,ORL,30.0,41,38,0.346,39,84,0.464,0.69,0.016,1,4,0.25,0.329,38,80,0.475,2020-21,Regular Season,Catch and Shoot
204038,Langston Galloway,1610612756,PHX,29.0,40,34,0.571,37,84,0.44,0.649,0.027,2,4,0.5,0.544,35,80,0.438,2020-21,Regular Season,Catch and Shoot
1629631,De'Andre Hunter,1610612737,ATL,23.0,23,23,0.332,31,83,0.373,0.53,0.028,5,7,0.714,0.304,26,76,0.342,2020-21,Regular Season,Catch and Shoot
1628391,D.J. Wilson,1610612745,HOU,25.0,35,31,0.494,30,83,0.361,0.512,0.065,5,11,0.455,0.429,25,72,0.347,2020-21,Regular Season,Catch and Shoot
1629671,Miye Oni,1610612762,UTA,23.0,54,37,0.838,29,83,0.349,0.524,0.0,0,0,,0.838,29,83,0.349,2020-21,Regular Season,Catch and Shoot
1629676,Isaiah Roby,1610612760,OKC,23.0,61,46,0.196,25,83,0.301,0.44,0.012,2,5,0.4,0.184,23,78,0.295,2020-21,Regular Season,Catch and Shoot
1629308,Juan Toscano-Anderson,1610612744,GSW,28.0,53,36,0.392,37,82,0.451,0.665,0.01,2,2,1.0,0.383,35,80,0.438,2020-21,Regular Season,Catch and Shoot
1628995,Kevin Knox II,1610612752,NYK,21.0,42,30,0.577,34,82,0.415,0.616,0.014,1,2,0.5,0.563,33,80,0.413,2020-21,Regular Season,Catch and Shoot
1630201,Malachi Flynn,1610612761,TOR,23.0,47,34,0.24,28,82,0.341,0.512,0.003,0,1,0.0,0.238,28,81,0.346,2020-21,Regular Season,Catch and Shoot
1629048,Goga Bitadze,1610612754,IND,21.0,45,35,0.423,23,82,0.28,0.402,0.036,3,7,0.429,0.387,20,75,0.267,2020-21,Regular Season,Catch and Shoot
203090,Maurice Harkless,1610612758,SAC,28.0,37,30,0.479,22,79,0.278,0.411,0.006,1,1,1.0,0.473,21,78,0.269,2020-21,Regular Season,Catch and Shoot
1628410,Edmond Sumner,1610612754,IND,25.0,53,38,0.276,30,78,0.385,0.577,0.004,0,1,0.0,0.272,30,77,0.39,2020-21,Regular Season,Catch and Shoot
1630164,James Wiseman,1610612744,GSW,20.0,39,33,0.211,25,76,0.329,0.388,0.133,16,48,0.333,0.078,9,28,0.321,2020-21,Regular Season,Catch and Shoot
1629659,Talen Horton-Tucker,1610612747,LAL,20.0,65,46,0.156,21,76,0.276,0.414,0.0,0,0,,0.156,21,76,0.276,2020-21,Regular Season,Catch and Shoot
1629052,Oshae Brissett,1610612754,IND,23.0,21,16,0.497,31,75,0.413,0.62,0.0,0,0,,0.497,31,75,0.413,2020-21,Regular Season,Catch and Shoot
1629685,Dylan Windler,1610612739,CLE,24.0,31,27,0.581,24,75,0.32,0.48,0.0,0,0,,0.581,24,75,0.32,2020-21,Regular Season,Catch and Shoot
202710,Jimmy Butler III,1610612748,MIA,31.0,52,39,0.102,24,75,0.32,0.433,0.03,7,22,0.318,0.072,17,53,0.321,2020-21,Regular Season,Catch and Shoot
202357,Nemanja Bjelica,1610612748,MIA,33.0,37,31,0.383,23,75,0.307,0.453,0.02,1,4,0.25,0.362,22,71,0.31,2020-21,Regular Season,Catch and Shoot
1626184,Chasson Randle,1610612753,ORL,28.0,41,30,0.312,26,74,0.351,0.52,0.013,1,3,0.333,0.3,25,71,0.352,2020-21,Regular Season,Catch and Shoot
203918,Rodney Hood,1610612761,TOR,28.0,55,39,0.285,18,74,0.243,0.365,0.004,0,1,0.0,0.281,18,73,0.247,2020-21,Regular Season,Catch and Shoot
101108,Chris Paul,1610612756,PHX,36.0,70,41,0.084,36,73,0.493,0.705,0.008,5,7,0.714,0.076,31,66,0.47,2020-21,Regular Season,Catch and Shoot
1630230,Naji Marshall,1610612740,NOP,23.0,32,22,0.351,28,73,0.384,0.575,0.005,0,1,0.0,0.346,28,72,0.389,2020-21,Regular Season,Catch and Shoot
1629611,Terance Mann,1610612746,LAC,24.0,67,38,0.209,30,72,0.417,0.611,0.009,2,3,0.667,0.201,28,69,0.406,2020-21,Regular Season,Catch and Shoot
203476,Gorgui Dieng,1610612759,SAS,31.0,38,30,0.438,33,71,0.465,0.655,0.049,6,8,0.75,0.389,27,63,0.429,2020-21,Regular Season,Catch and Shoot
1630181,R.J. Hampton,1610612753,ORL,20.0,51,32,0.22,27,69,0.391,0.572,0.016,2,5,0.4,0.204,25,64,0.391,2020-21,Regular Season,Catch and Shoot
1630178,Tyrese Maxey,1610612755,PHI,20.0,61,39,0.161,22,69,0.319,0.471,0.009,1,4,0.25,0.152,21,65,0.323,2020-21,Regular Season,Catch and Shoot
1628971,Bruce Brown,1610612751,BKN,24.0,65,41,0.158,20,67,0.299,0.425,0.019,3,8,0.375,0.139,17,59,0.288,2020-21,Regular Season,Catch and Shoot
1629164,Brandon Goodwin,1610612737,ATL,25.0,47,27,0.302,20,67,0.299,0.44,0.014,1,3,0.333,0.288,19,64,0.297,2020-21,Regular Season,Catch and Shoot
1628972,Troy Brown Jr.,1610612741,CHI,21.0,34,29,0.465,19,67,0.284,0.425,0.042,0,6,0.0,0.424,19,61,0.311,2020-21,Regular Season,Catch and Shoot
1629162,Jordan McLaughlin,1610612750,MIN,25.0,51,35,0.273,26,66,0.394,0.591,0.008,0,2,0.0,0.264,26,64,0.406,2020-21,Regular Season,Catch and Shoot
1627774,Jake Layman,1610612750,MIN,27.0,45,30,0.353,20,65,0.308,0.462,0.005,0,1,0.0,0.348,20,64,0.313,2020-21,Regular Season,Catch and Shoot
1630192,Zeke Nnaji,1610612743,DEN,20.0,42,31,0.615,26,64,0.406,0.586,0.058,3,6,0.5,0.558,23,58,0.397,2020-21,Regular Season,Catch and Shoot
1628977,Hamidou Diallo,1610612765,DET,22.0,52,35,0.136,21,64,0.328,0.492,0.002,0,1,0.0,0.134,21,63,0.333,2020-21,Regular Season,Catch and Shoot
1629672,Eric Paschall,1610612744,GSW,24.0,40,32,0.219,21,64,0.328,0.453,0.048,5,14,0.357,0.171,16,50,0.32,2020-21,Regular Season,Catch and Shoot
1630237,Anthony Lamb,1610612745,HOU,23.0,24,21,0.525,20,62,0.323,0.484,0.0,0,0,,0.525,20,62,0.323,2020-21,Regular Season,Catch and Shoot
1628436,Luke Kornet,1610612738,BOS,25.0,31,26,0.614,17,62,0.274,0.395,0.03,2,3,0.667,0.584,15,59,0.254,2020-21,Regular Season,Catch and Shoot
1628021,David Nwaba,1610612745,HOU,28.0,30,26,0.288,18,60,0.3,0.442,0.005,1,1,1.0,0.284,17,59,0.288,2020-21,Regular Season,Catch and Shoot
1628998,Cody Martin,1610612766,CHA,25.0,52,33,0.314,14,59,0.237,0.356,0.032,0,6,0.0,0.282,14,53,0.264,2020-21,Regular Season,Catch and Shoot
1629642,Nassir Little,1610612757,POR,21.0,48,32,0.347,21,58,0.362,0.543,0.012,0,2,0.0,0.335,21,56,0.375,2020-21,Regular Season,Catch and Shoot
1629723,John Konchar,1610612763,MEM,25.0,43,32,0.42,20,58,0.345,0.509,0.029,1,4,0.25,0.391,19,54,0.352,2020-21,Regular Season,Catch and Shoot
1629645,Kevin Porter Jr.,1610612745,HOU,21.0,26,22,0.158,20,58,0.345,0.509,0.003,1,1,1.0,0.155,19,57,0.333,2020-21,Regular Season,Catch and Shoot
201152,Thaddeus Young,1610612741,CHI,33.0,68,42,0.087,19,58,0.328,0.431,0.024,7,16,0.438,0.063,12,42,0.286,2020-21,Regular Season,Catch and Shoot
1629610,DaQuan Jeffries,1610612759,SAS,23.0,31,23,0.483,18,58,0.31,0.466,0.0,0,0,,0.483,18,58,0.31,2020-21,Regular Season,Catch and Shoot
1627853,Ryan Arcidiacono,1610612741,CHI,27.0,44,31,0.487,22,57,0.386,0.579,0.017,0,2,0.0,0.47,22,55,0.4,2020-21,Regular Season,Catch and Shoot
201588,George Hill,1610612755,PHI,35.0,30,21,0.284,25,56,0.446,0.661,0.005,1,1,1.0,0.279,24,55,0.436,2020-21,Regular Season,Catch and Shoot
1628991,Jaren Jackson Jr.,1610612763,MEM,21.0,11,11,0.448,17,56,0.304,0.455,0.008,0,1,0.0,0.44,17,55,0.309,2020-21,Regular Season,Catch and Shoot
1626159,Justise Winslow,1610612763,MEM,25.0,26,23,0.262,10,55,0.182,0.273,0.014,0,3,0.0,0.248,10,52,0.192,2020-21,Regular Season,Catch and Shoot
1628778,Paul Watson,1610612761,TOR,26.0,27,19,0.659,25,54,0.463,0.694,0.0,0,0,,0.659,25,54,0.463,2020-21,Regular Season,Catch and Shoot
1629599,Amir Coffey,1610612746,LAC,24.0,44,23,0.495,19,51,0.373,0.559,0.0,0,0,,0.495,19,51,0.373,2020-21,Regular Season,Catch and Shoot
1629662,Mfiondu Kabengele,1610612739,CLE,23.0,39,24,0.573,13,51,0.255,0.373,0.056,1,5,0.2,0.517,12,46,0.261,2020-21,Regular Season,Catch and Shoot
203487,Michael Carter-Williams,1610612753,ORL,29.0,31,23,0.189,13,51,0.255,0.382,0.004,0,1,0.0,0.185,13,50,0.26,2020-21,Regular Season,Catch and Shoot
204456,T.J. McConnell,1610612754,IND,29.0,69,37,0.102,20,50,0.4,0.51,0.029,9,14,0.643,0.073,11,36,0.306,2020-21,Regular Season,Catch and Shoot
1629103,Kelan Martin,1610612754,IND,25.0,35,20,0.362,17,50,0.34,0.51,0.007,0,1,0.0,0.355,17,49,0.347,2020-21,Regular Season,Catch and Shoot
1629744,Matt Thomas,1610612762,UTA,26.0,45,26,0.394,17,50,0.34,0.51,0.008,0,1,0.0,0.386,17,49,0.347,2020-21,Regular Season,Catch and Shoot
202954,Brad Wanamaker,1610612766,CHA,31.0,61,35,0.169,11,50,0.22,0.33,0.003,0,1,0.0,0.166,11,49,0.224,2020-21,Regular Season,Catch and Shoot
1630165,Killian Hayes,1610612765,DET,19.0,26,22,0.247,17,49,0.347,0.5,0.01,2,2,1.0,0.237,15,47,0.319,2020-21,Regular Season,Catch and Shoot
1627761,DeAndre' Bembry,1610612761,TOR,26.0,51,26,0.211,12,48,0.25,0.375,0.013,0,3,0.0,0.197,12,45,0.267,2020-21,Regular Season,Catch and Shoot
1629644,KZ Okpala,1610612748,MIA,22.0,37,22,0.5,10,48,0.208,0.313,0.01,0,1,0.0,0.49,10,47,0.213,2020-21,Regular Season,Catch and Shoot
1629002,Chimezie Metu,1610612758,SAC,24.0,36,23,0.263,21,47,0.447,0.574,0.084,9,15,0.6,0.179,12,32,0.375,2020-21,Regular Season,Catch and Shoot
1628386,Jarrett Allen,1610612739,CLE,23.0,63,32,0.098,19,47,0.404,0.468,0.063,13,30,0.433,0.035,6,17,0.353,2020-21,Regular Season,Catch and Shoot
1630271,Brodric Thomas,1610612739,CLE,24.0,32,24,0.435,14,47,0.298,0.436,0.009,1,1,1.0,0.426,13,46,0.283,2020-21,Regular Season,Catch and Shoot
1629067,Isaac Bonga,1610612764,WAS,21.0,40,25,0.568,12,46,0.261,0.391,0.0,0,0,,0.568,12,46,0.261,2020-21,Regular Season,Catch and Shoot
202324,Derrick Favors,1610612762,UTA,29.0,68,32,0.185,19,45,0.422,0.422,0.177,19,43,0.442,0.008,0,2,0.0,2020-21,Regular Season,Catch and Shoot
1629035,Carsen Edwards,1610612738,BOS,23.0,31,21,0.405,10,45,0.222,0.333,0.018,0,2,0.0,0.387,10,43,0.233,2020-21,Regular Season,Catch and Shoot
202397,Ish Smith,1610612764,WAS,32.0,44,31,0.148,19,44,0.432,0.625,0.01,2,3,0.667,0.138,17,41,0.415,2020-21,Regular Season,Catch and Shoot
200765,Rajon Rondo,1610612746,LAC,35.0,45,28,0.2,16,43,0.372,0.558,0.005,0,1,0.0,0.195,16,42,0.381,2020-21,Regular Season,Catch and Shoot
1627751,Jakob Poeltl,1610612759,SAS,25.0,69,33,0.097,20,42,0.476,0.476,0.097,20,42,0.476,0.0,0,0,,2020-21,Regular Season,Catch and Shoot
1627846,Abdel Nader,1610612756,PHX,27.0,24,18,0.372,18,42,0.429,0.643,0.009,0,1,0.0,0.363,18,41,0.439,2020-21,Regular Season,Catch and Shoot
201952,Jeff Teague,1610612749,MIL,33.0,55,29,0.148,18,42,0.429,0.643,0.0,0,0,,0.148,18,42,0.429,2020-21,Regular Season,Catch and Shoot
1629633,Jarrett Culver,1610612750,MIN,22.0,34,23,0.25,12,42,0.286,0.429,0.0,0,0,,0.25,12,42,0.286,2020-21,Regular Season,Catch and Shoot
203507,Giannis Antetokounmpo,1610612749,MIL,26.0,61,31,0.038,10,42,0.238,0.345,0.003,1,3,0.333,0.035,9,39,0.231,2020-21,Regular Season,Catch and Shoot
203922,Glenn Robinson III,1610612758,SAC,27.0,23,19,0.414,16,41,0.39,0.573,0.02,1,2,0.5,0.394,15,39,0.385,2020-21,Regular Season,Catch and Shoot
201935,James Harden,1610612751,BKN,31.0,44,27,0.056,16,41,0.39,0.573,0.001,1,1,1.0,0.054,15,40,0.375,2020-21,Regular Season,Catch and Shoot
1629670,Jordan Nwora,1610612749,MIL,22.0,30,19,0.304,13,41,0.317,0.476,0.007,0,1,0.0,0.296,13,40,0.325,2020-21,Regular Season,Catch and Shoot
1628373,Frank Ntilikina,1610612752,NYK,22.0,33,18,0.494,17,39,0.436,0.654,0.051,0,4,0.0,0.443,17,35,0.486,2020-21,Regular Season,Catch and Shoot
1629677,Luka Samanic,1610612759,SAS,21.0,33,19,0.371,12,39,0.308,0.462,0.0,0,0,,0.371,12,39,0.308,2020-21,Regular Season,Catch and Shoot
1629010,Jerome Robinson,1610612764,WAS,24.0,17,13,0.411,10,39,0.256,0.372,0.032,1,3,0.333,0.379,9,36,0.25,2020-21,Regular Season,Catch and Shoot
1628411,Wes Iwundu,1610612740,NOP,26.0,41,22,0.382,5,39,0.128,0.192,0.01,0,1,0.0,0.373,5,38,0.132,2020-21,Regular Season,Catch and Shoot
203994,Jusuf Nurkić,1610612757,POR,26.0,37,24,0.114,16,38,0.421,0.553,0.042,6,14,0.429,0.072,10,24,0.417,2020-21,Regular Season,Catch and Shoot
1628035,Alfonzo McKinnie,1610612747,LAL,28.0,39,20,0.398,16,37,0.432,0.649,0.0,0,0,,0.398,16,37,0.432,2020-21,Regular Season,Catch and Shoot
1628983,Shai Gilgeous-Alexander,1610612760,OKC,22.0,35,23,0.066,16,37,0.432,0.649,0.0,0,0,,0.066,16,37,0.432,2020-21,Regular Season,Catch and Shoot
1629713,Justin James,1610612758,SAC,24.0,36,19,0.333,14,37,0.378,0.568,0.018,0,2,0.0,0.315,14,35,0.4,2020-21,Regular Season,Catch and Shoot
1628383,Justin Patton,1610612745,HOU,24.0,13,12,0.529,12,37,0.324,0.446,0.071,3,5,0.6,0.457,9,32,0.281,2020-21,Regular Season,Catch and Shoot
1630210,Markus Howard,1610612743,DEN,22.0,37,18,0.349,10,37,0.27,0.392,0.009,1,1,1.0,0.34,9,36,0.25,2020-21,Regular Season,Catch and Shoot
101141,Ersan Ilyasova,1610612762,UTA,34.0,17,16,0.667,17,36,0.472,0.694,0.074,1,4,0.25,0.593,16,32,0.5,2020-21,Regular Season,Catch and Shoot
1630241,Sam Merrill,1610612749,MIL,25.0,30,15,0.5,16,36,0.444,0.667,0.0,0,0,,0.5,16,36,0.444,2020-21,Regular Season,Catch and Shoot
1629657,Kyle Guy,1610612758,SAC,23.0,31,23,0.409,9,36,0.25,0.375,0.0,0,0,,0.409,9,36,0.25,2020-21,Regular Season,Catch and Shoot
1630221,Josh Hall,1610612760,OKC,20.0,21,17,0.387,7,36,0.194,0.236,0.065,4,6,0.667,0.323,3,30,0.1,2020-21,Regular Season,Catch and Shoot
1626168,Trey Lyles,1610612759,SAS,25.0,23,13,0.389,13,35,0.371,0.557,0.022,0,2,0.0,0.367,13,33,0.394,2020-21,Regular Season,Catch and Shoot
1630185,Nico Mannion,1610612744,GSW,20.0,30,16,0.315,11,35,0.314,0.471,0.0,0,0,,0.315,11,35,0.314,2020-21,Regular Season,Catch and Shoot
203458,Alex Len,1610612764,WAS,28.0,64,24,0.126,9,35,0.257,0.371,0.04,1,11,0.091,0.086,8,24,0.333,2020-21,Regular Season,Catch and Shoot
202329,Al-Farouq Aminu,1610612741,CHI,30.0,23,16,0.354,9,35,0.257,0.371,0.01,1,1,1.0,0.343,8,34,0.235,2020-21,Regular Season,Catch and Shoot
1628372,Dennis Smith Jr.,1610612765,DET,23.0,23,15,0.234,9,34,0.265,0.397,0.007,0,1,0.0,0.228,9,33,0.273,2020-21,Regular Season,Catch and Shoot
1630219,Skylar Mays,1610612737,ATL,23.0,33,18,0.337,12,33,0.364,0.53,0.02,1,2,0.5,0.316,11,31,0.355,2020-21,Regular Season,Catch and Shoot
201580,JaVale McGee,1610612743,DEN,33.0,46,24,0.12,10,33,0.303,0.379,0.054,5,15,0.333,0.065,5,18,0.278,2020-21,Regular Season,Catch and Shoot
1629681,Killian Tillie,1610612763,MEM,23.0,18,12,0.579,9,33,0.273,0.409,0.018,0,1,0.0,0.561,9,32,0.281,2020-21,Regular Season,Catch and Shoot
1626172,Kevon Looney,1610612744,GSW,25.0,61,26,0.168,9,33,0.273,0.333,0.082,5,16,0.313,0.087,4,17,0.235,2020-21,Regular Season,Catch and Shoot
1630222,Mason Jones,1610612755,PHI,22.0,32,16,0.262,13,32,0.406,0.594,0.008,1,1,1.0,0.254,12,31,0.387,2020-21,Regular Season,Catch and Shoot
203469,Cody Zeller,1610612766,CHA,28.0,48,24,0.099,4,32,0.125,0.156,0.022,2,7,0.286,0.077,2,25,0.08,2020-21,Regular Season,Catch and Shoot
202355,Hassan Whiteside,1610612758,SAC,32.0,36,19,0.138,17,31,0.548,0.548,0.138,17,31,0.548,0.0,0,0,,2020-21,Regular Season,Catch and Shoot
202734,E'Twaun Moore,1610612756,PHX,32.0,27,19,0.256,10,31,0.323,0.452,0.017,2,2,1.0,0.24,8,29,0.276,2020-21,Regular Season,Catch and Shoot
1630223,Jalen Harris,1610612761,TOR,22.0,13,11,0.417,15,30,0.5,0.75,0.014,0,1,0.0,0.403,15,29,0.517,2020-21,Regular Season,Catch and Shoot
1629117,Wenyen Gabriel,1610612740,NOP,24.0,21,12,0.5,13,30,0.433,0.65,0.0,0,0,,0.5,13,30,0.433,2020-21,Regular Season,Catch and Shoot
1628418,Thomas Bryant,1610612764,WAS,23.0,10,9,0.33,10,30,0.333,0.483,0.099,1,9,0.111,0.231,9,21,0.429,2020-21,Regular Season,Catch and Shoot
1629750,Javonte Green,1610612741,CHI,27.0,41,20,0.294,10,30,0.333,0.5,0.0,0,0,,0.294,10,30,0.333,2020-21,Regular Season,Catch and Shoot
1628427,Vlatko Čančar,1610612743,DEN,24.0,41,22,0.411,9,30,0.3,0.45,0.014,0,1,0.0,0.397,9,29,0.31,2020-21,Regular Season,Catch and Shoot
1630205,Lamar Stevens,1610612739,CLE,23.0,40,19,0.213,7,29,0.241,0.31,0.044,3,6,0.5,0.169,4,23,0.174,2020-21,Regular Season,Catch and Shoot
203121,Darius Miller,1610612760,OKC,31.0,18,14,0.583,13,28,0.464,0.661,0.042,2,2,1.0,0.542,11,26,0.423,2020-21,Regular Season,Catch and Shoot
1629637,Jaxson Hayes,1610612740,NOP,21.0,60,20,0.1,11,28,0.393,0.482,0.061,6,17,0.353,0.039,5,11,0.455,2020-21,Regular Season,Catch and Shoot
1629627,Zion Williamson,1610612740,NOP,20.0,61,22,0.027,10,28,0.357,0.518,0.004,1,4,0.25,0.023,9,24,0.375,2020-21,Regular Season,Catch and Shoot
2730,Dwight Howard,1610612755,PHI,35.0,69,19,0.092,9,28,0.321,0.375,0.036,6,11,0.545,0.056,3,17,0.176,2020-21,Regular Season,Catch and Shoot
201959,Taj Gibson,1610612752,NYK,36.0,45,16,0.177,9,28,0.321,0.375,0.089,6,14,0.429,0.089,3,14,0.214,2020-21,Regular Season,Catch and Shoot
203457,Nerlens Noel,1610612752,NYK,27.0,64,21,0.121,9,27,0.333,0.333,0.112,9,25,0.36,0.009,0,2,0.0,2020-21,Regular Season,Catch and Shoot
1630233,Nathan Knight,1610612737,ATL,23.0,33,17,0.273,6,27,0.222,0.333,0.01,0,1,0.0,0.263,6,26,0.231,2020-21,Regular Season,Catch and Shoot
1629649,Ignas Brazdeikis,1610612753,ORL,22.0,13,9,0.313,11,26,0.423,0.615,0.036,1,3,0.333,0.277,10,23,0.435,2020-21,Regular Season,Catch and Shoot
1629714,Jarrell Brantley,1610612762,UTA,25.0,28,16,0.5,11,26,0.423,0.635,0.0,0,0,,0.5,11,26,0.423,2020-21,Regular Season,Catch and Shoot
203585,Rodney McGruder,1610612765,DET,29.0,16,10,0.357,11,25,0.44,0.66,0.029,0,2,0.0,0.329,11,23,0.478,2020-21,Regular Season,Catch and Shoot
203486,Mason Plumlee,1610612765,DET,31.0,56,21,0.066,4,25,0.16,0.16,0.047,4,18,0.222,0.018,0,7,0.0,2020-21,Regular Season,Catch and Shoot
1630182,Josh Green,1610612742,DAL,20.0,39,17,0.258,4,24,0.167,0.25,0.011,0,1,0.0,0.247,4,23,0.174,2020-21,Regular Season,Catch and Shoot
1629751,Dakota Mathias,1610612755,PHI,25.0,8,8,0.479,9,23,0.391,0.543,0.063,2,3,0.667,0.417,7,20,0.35,2020-21,Regular Season,Catch and Shoot
1628414,Sindarius Thornwell,1610612753,ORL,26.0,21,12,0.511,7,23,0.304,0.435,0.022,1,1,1.0,0.489,6,22,0.273,2020-21,Regular Season,Catch and Shoot
1629604,CJ Elleby,1610612757,POR,21.0,30,14,0.348,6,23,0.261,0.37,0.015,1,1,1.0,0.333,5,22,0.227,2020-21,Regular Season,Catch and Shoot
1629648,Jordan Bone,1610612753,ORL,23.0,14,9,0.426,6,23,0.261,0.37,0.037,1,2,0.5,0.389,5,21,0.238,2020-21,Regular Season,Catch and Shoot
1626149,Montrezl Harrell,1610612747,LAL,27.0,69,19,0.037,10,22,0.455,0.455,0.027,10,16,0.625,0.01,0,6,0.0,2020-21,Regular Season,Catch and Shoot
1628990,Chandler Hutchison,1610612764,WAS,25.0,25,15,0.214,9,22,0.409,0.568,0.029,2,3,0.667,0.184,7,19,0.368,2020-21,Regular Season,Catch and Shoot
1629057,Robert Williams III,1610612738,BOS,23.0,52,17,0.085,9,22,0.409,0.409,0.081,9,21,0.429,0.004,0,1,0.0,2020-21,Regular Season,Catch and Shoot
201577,Robin Lopez,1610612764,WAS,33.0,71,20,0.052,7,22,0.318,0.432,0.009,2,4,0.5,0.042,5,18,0.278,2020-21,Regular Season,Catch and Shoot
1630253,Sean McDermott,1610612763,MEM,24.0,18,11,0.667,6,22,0.273,0.386,0.03,1,1,1.0,0.636,5,21,0.238,2020-21,Regular Season,Catch and Shoot
1630235,Trent Forrest,1610612762,UTA,23.0,30,12,0.31,5,22,0.227,0.341,0.0,0,0,,0.31,5,22,0.227,2020-21,Regular Season,Catch and Shoot
1629686,Deividas Sirvydis,1610612765,DET,21.0,20,13,0.55,5,22,0.227,0.341,0.0,0,0,,0.55,5,22,0.227,2020-21,Regular Season,Catch and Shoot
203083,Andre Drummond,1610612747,LAL,27.0,46,18,0.04,1,22,0.045,0.045,0.025,1,14,0.071,0.014,0,8,0.0,2020-21,Regular Season,Catch and Shoot
1628385,Harry Giles III,1610612757,POR,23.0,38,14,0.216,7,21,0.333,0.476,0.041,1,4,0.25,0.175,6,17,0.353,2020-21,Regular Season,Catch and Shoot
203960,JaKarr Sampson,1610612754,IND,28.0,29,16,0.186,7,21,0.333,0.405,0.053,4,6,0.667,0.133,3,15,0.2,2020-21,Regular Season,Catch and Shoot
1629066,Rodions Kurucs,1610612749,MIL,23.0,21,15,0.656,5,21,0.238,0.357,0.031,0,1,0.0,0.625,5,20,0.25,2020-21,Regular Season,Catch and Shoot
1630264,Anthony Gill,1610612764,WAS,28.0,26,13,0.35,5,21,0.238,0.357,0.0,0,0,,0.35,5,21,0.238,2020-21,Regular Season,Catch and Shoot
1630188,Jalen Smith,1610612756,PHX,21.0,27,14,0.42,5,21,0.238,0.333,0.08,1,4,0.25,0.34,4,17,0.235,2020-21,Regular Season,Catch and Shoot
203939,Dwight Powell,1610612742,DAL,29.0,58,18,0.109,4,21,0.19,0.286,0.005,0,1,0.0,0.104,4,20,0.2,2020-21,Regular Season,Catch and Shoot
1629017,Khyri Thomas,1610612745,HOU,25.0,5,4,0.303,7,20,0.35,0.5,0.03,1,2,0.5,0.273,6,18,0.333,2020-21,Regular Season,Catch and Shoot
1629617,Reggie Perry,1610612751,BKN,21.0,26,14,0.26,4,20,0.2,0.3,0.0,0,0,,0.26,4,20,0.2,2020-21,Regular Season,Catch and Shoot
1627745,Damian Jones,1610612758,SAC,26.0,39,11,0.184,7,19,0.368,0.395,0.136,6,14,0.429,0.049,1,5,0.2,2020-21,Regular Season,Catch and Shoot
1629718,Charlie Brown Jr.,1610612760,OKC,24.0,9,8,0.487,6,19,0.316,0.447,0.051,1,2,0.5,0.436,5,17,0.294,2020-21,Regular Season,Catch and Shoot
1626161,Willie Cauley-Stein,1610612742,DAL,27.0,53,16,0.099,5,18,0.278,0.306,0.038,4,7,0.571,0.06,1,11,0.091,2020-21,Regular Season,Catch and Shoot
1626246,Boban Marjanovic,1610612742,DAL,32.0,33,11,0.148,5,18,0.278,0.306,0.09,4,11,0.364,0.057,1,7,0.143,2020-21,Regular Season,Catch and Shoot
1629185,Chris Chiozza,1610612751,BKN,25.0,22,10,0.202,4,18,0.222,0.333,0.011,0,1,0.0,0.191,4,17,0.235,2020-21,Regular Season,Catch and Shoot
1629234,Drew Eubanks,1610612759,SAS,24.0,54,11,0.083,11,17,0.647,0.706,0.073,9,15,0.6,0.01,2,2,1.0,2020-21,Regular Season,Catch and Shoot
1628392,Isaiah Hartenstein,1610612739,CLE,23.0,46,10,0.099,6,17,0.353,0.382,0.07,5,12,0.417,0.029,1,5,0.2,2020-21,Regular Season,Catch and Shoot
1628396,Tony Bradley,1610612760,OKC,23.0,42,14,0.088,5,17,0.294,0.294,0.072,5,14,0.357,0.015,0,3,0.0,2020-21,Regular Season,Catch and Shoot
1626195,Willy Hernangomez,1610612740,NOP,27.0,47,14,0.064,5,17,0.294,0.324,0.034,4,9,0.444,0.03,1,8,0.125,2020-21,Regular Season,Catch and Shoot
203521,Matthew Dellavedova,1610612739,CLE,30.0,13,10,0.304,3,17,0.176,0.265,0.0,0,0,,0.304,3,17,0.176,2020-21,Regular Season,Catch and Shoot
1629641,Romeo Langford,1610612738,BOS,21.0,18,11,0.288,3,17,0.176,0.265,0.034,0,2,0.0,0.254,3,15,0.2,2020-21,Regular Season,Catch and Shoot
1628419,Cameron Oliver,1610612745,HOU,24.0,4,4,0.485,6,16,0.375,0.5,0.091,2,3,0.667,0.394,4,13,0.308,2020-21,Regular Season,Catch and Shoot
1628966,Keita Bates-Diop,1610612759,SAS,25.0,30,10,0.242,4,16,0.25,0.375,0.015,0,1,0.0,0.227,4,15,0.267,2020-21,Regular Season,Catch and Shoot
203648,Thanasis Antetokounmpo,1610612749,MIL,28.0,57,11,0.117,2,16,0.125,0.188,0.0,0,0,,0.117,2,16,0.125,2020-21,Regular Season,Catch and Shoot
1630240,Saben Lee,1610612765,DET,22.0,48,11,0.071,8,15,0.533,0.8,0.0,0,0,,0.071,8,15,0.533,2020-21,Regular Season,Catch and Shoot
1630190,Elijah Hughes,1610612762,UTA,23.0,18,10,0.517,8,15,0.533,0.767,0.034,1,1,1.0,0.483,7,14,0.5,2020-21,Regular Season,Catch and Shoot
203500,Steven Adams,1610612740,NOP,27.0,58,14,0.049,6,15,0.4,0.4,0.042,6,13,0.462,0.007,0,2,0.0,2020-21,Regular Season,Catch and Shoot
1629606,Robert Franks,1610612753,ORL,24.0,7,6,0.536,5,15,0.333,0.5,0.036,0,1,0.0,0.5,5,14,0.357,2020-21,Regular Season,Catch and Shoot
1627812,Yogi Ferrell,1610612746,LAC,28.0,10,8,0.264,7,14,0.5,0.714,0.057,1,3,0.333,0.208,6,11,0.545,2020-21,Regular Season,Catch and Shoot
201229,Anthony Tolliver,1610612755,PHI,36.0,11,8,0.824,4,14,0.286,0.429,0.059,0,1,0.0,0.765,4,13,0.308,2020-21,Regular Season,Catch and Shoot
1630186,Jahmi'us Ramsey,1610612758,SAC,20.0,13,7,0.368,4,14,0.286,0.429,0.0,0,0,,0.368,4,14,0.286,2020-21,Regular Season,Catch and Shoot
1629626,Bol Bol,1610612743,DEN,21.0,32,9,0.241,4,14,0.286,0.429,0.0,0,0,,0.241,4,14,0.286,2020-21,Regular Season,Catch and Shoot
1630207,Nate Hinton,1610612742,DAL,22.0,21,8,0.333,4,14,0.286,0.429,0.0,0,0,,0.333,4,14,0.286,2020-21,Regular Season,Catch and Shoot
1627885,Shaquille Harrison,1610612743,DEN,27.0,34,10,0.187,3,14,0.214,0.321,0.013,0,1,0.0,0.173,3,13,0.231,2020-21,Regular Season,Catch and Shoot
1630216,Cassius Winston,1610612764,WAS,23.0,22,8,0.394,7,13,0.538,0.808,0.0,0,0,,0.394,7,13,0.538,2020-21,Regular Season,Catch and Shoot
203953,Jabari Parker,1610612738,BOS,26.0,13,9,0.236,5,13,0.385,0.462,0.091,3,5,0.6,0.145,2,8,0.25,2020-21,Regular Season,Catch and Shoot
1629682,Tremont Waters,1610612738,BOS,23.0,26,10,0.155,4,13,0.308,0.462,0.012,0,1,0.0,0.143,4,12,0.333,2020-21,Regular Season,Catch and Shoot
1626188,Quinn Cook,1610612739,CLE,28.0,23,9,0.191,4,13,0.308,0.462,0.015,0,1,0.0,0.176,4,12,0.333,2020-21,Regular Season,Catch and Shoot
1630466,Gabriel Deck,1610612760,OKC,26.0,10,7,0.2,3,13,0.231,0.308,0.031,1,2,0.5,0.169,2,11,0.182,2020-21,Regular Season,Catch and Shoot
1629244,Cam Reynolds,1610612745,HOU,26.0,5,3,0.722,3,13,0.231,0.308,0.111,1,2,0.5,0.611,2,11,0.182,2020-21,Regular Season,Catch and Shoot
1629752,Juwan Morgan,1610612762,UTA,24.0,29,9,0.433,3,13,0.231,0.346,0.033,0,1,0.0,0.4,3,12,0.25,2020-21,Regular Season,Catch and Shoot
1629962,Devin Cannady,1610612753,ORL,25.0,8,5,0.429,6,12,0.5,0.708,0.036,1,1,1.0,0.393,5,11,0.455,2020-21,Regular Season,Catch and Shoot
1629620,Justin Robinson,1610612760,OKC,23.0,9,4,0.571,3,12,0.25,0.375,0.0,0,0,,0.571,3,12,0.25,2020-21,Regular Season,Catch and Shoot
1630199,Cassius Stanley,1610612754,IND,21.0,24,10,0.279,3,12,0.25,0.375,0.0,0,0,,0.279,3,12,0.25,2020-21,Regular Season,Catch and Shoot
203263,James Nunnally,1610612740,NOP,30.0,9,5,0.846,4,11,0.364,0.5,0.077,1,1,1.0,0.769,3,10,0.3,2020-21,Regular Season,Catch and Shoot
1630176,Vernon Carey Jr.,1610612766,CHA,20.0,19,6,0.306,4,11,0.364,0.409,0.111,3,4,0.75,0.194,1,7,0.143,2020-21,Regular Season,Catch and Shoot
202738,Isaiah Thomas,1610612740,NOP,32.0,3,3,0.407,3,11,0.273,0.364,0.074,1,2,0.5,0.333,2,9,0.222,2020-21,Regular Season,Catch and Shoot
1629658,Jaylen Hoard,1610612760,OKC,22.0,19,6,0.128,3,11,0.273,0.273,0.035,3,3,1.0,0.093,0,8,0.0,2020-21,Regular Season,Catch and Shoot
1627732,Ben Simmons,1610612755,PHI,24.0,58,9,0.017,5,10,0.5,0.6,0.007,3,4,0.75,0.01,2,6,0.333,2020-21,Regular Season,Catch and Shoot
1628455,Mike James,1610612751,BKN,30.0,13,6,0.109,5,10,0.5,0.75,0.0,0,0,,0.109,5,10,0.5,2020-21,Regular Season,Catch and Shoot
1630206,Jay Scrubb,1610612746,LAC,20.0,4,2,0.4,3,10,0.3,0.4,0.2,1,5,0.2,0.2,2,5,0.4,2020-21,Regular Season,Catch and Shoot
1628993,Alize Johnson,1610612751,BKN,25.0,18,7,0.147,3,10,0.3,0.35,0.059,2,4,0.5,0.088,1,6,0.167,2020-21,Regular Season,Catch and Shoot
1627826,Ivica Zubac,1610612746,LAC,24.0,72,10,0.025,3,10,0.3,0.35,0.015,2,6,0.333,0.01,1,4,0.25,2020-21,Regular Season,Catch and Shoot
1630273,Freddie Gillespie,1610612761,TOR,24.0,20,8,0.119,2,10,0.2,0.2,0.119,2,10,0.2,0.0,0,0,,2020-21,Regular Season,Catch and Shoot
1629007,Jontay Porter,1610612763,MEM,21.0,11,8,0.6,4,9,0.444,0.611,0.067,1,1,1.0,0.533,3,8,0.375,2020-21,Regular Season,Catch and Shoot
203473,Dewayne Dedmon,1610612748,MIA,31.0,16,8,0.138,3,9,0.333,0.389,0.062,2,4,0.5,0.077,1,5,0.2,2020-21,Regular Season,Catch and Shoot
1630187,Daniel Oturu,1610612746,LAC,21.0,30,4,0.2,3,9,0.333,0.389,0.133,2,6,0.333,0.067,1,3,0.333,2020-21,Regular Season,Catch and Shoot
203497,Rudy Gobert,1610612762,UTA,29.0,71,9,0.016,2,9,0.222,0.222,0.012,2,7,0.286,0.003,0,2,0.0,2020-21,Regular Season,Catch and Shoot
203957,Dante Exum,1610612745,HOU,25.0,6,5,0.346,1,9,0.111,0.167,0.0,0,0,,0.346,1,9,0.111,2020-21,Regular Season,Catch and Shoot
1629346,Alen Smailagic,1610612744,GSW,20.0,15,3,0.296,3,8,0.375,0.563,0.0,0,0,,0.296,3,8,0.375,2020-21,Regular Season,Catch and Shoot
1626143,Jahlil Okafor,1610612765,DET,25.0,27,7,0.079,2,8,0.25,0.375,0.02,0,2,0.0,0.059,2,6,0.333,2020-21,Regular Season,Catch and Shoot
1629663,Louis King,1610612758,SAC,22.0,6,4,0.235,2,8,0.25,0.375,0.0,0,0,,0.235,2,8,0.25,2020-21,Regular Season,Catch and Shoot
1629712,Didi Louzada,1610612740,NOP,21.0,3,3,0.615,2,8,0.25,0.375,0.0,0,0,,0.615,2,8,0.25,2020-21,Regular Season,Catch and Shoot
1630194,Paul Reed,1610612755,PHI,22.0,26,6,0.103,1,8,0.125,0.125,0.026,1,2,0.5,0.077,0,6,0.0,2020-21,Regular Season,Catch and Shoot
1629690,Adam Mokoka,1610612741,CHI,22.0,14,4,0.421,1,8,0.125,0.188,0.0,0,0,,0.421,1,8,0.125,2020-21,Regular Season,Catch and Shoot
203460,Andre Roberson,1610612751,BKN,29.0,5,4,0.571,1,8,0.125,0.188,0.0,0,0,,0.571,1,8,0.125,2020-21,Regular Season,Catch and Shoot
202683,Enes Freedom,1610612757,POR,29.0,72,5,0.014,1,8,0.125,0.188,0.009,0,5,0.0,0.005,1,3,0.333,2020-21,Regular Season,Catch and Shoot
203086,Meyers Leonard,1610612748,MIA,29.0,3,3,1.0,3,7,0.429,0.643,0.0,0,0,,1.0,3,7,0.429,2020-21,Regular Season,Catch and Shoot
1629725,Jeremiah Martin,1610612739,CLE,25.0,9,4,0.212,2,7,0.286,0.429,0.0,0,0,,0.212,2,7,0.286,2020-21,Regular Season,Catch and Shoot
1629603,Mamadi Diakite,1610612749,MIL,24.0,14,6,0.175,2,7,0.286,0.357,0.025,1,1,1.0,0.15,1,6,0.167,2020-21,Regular Season,Catch and Shoot
1630268,Nate Darling,1610612766,CHA,22.0,7,4,1.0,2,7,0.286,0.429,0.0,0,0,,1.0,2,7,0.286,2020-21,Regular Season,Catch and Shoot
1627740,Henry Ellenson,1610612761,TOR,24.0,2,2,0.5,1,7,0.143,0.214,0.0,0,0,,0.5,1,7,0.143,2020-21,Regular Season,Catch and Shoot
1630234,Ty-Shon Alexander,1610612756,PHX,22.0,15,7,0.583,1,7,0.143,0.214,0.0,0,0,,0.583,1,7,0.143,2020-21,Regular Season,Catch and Shoot
1630168,Onyeka Okongwu,1610612737,ATL,20.0,50,6,0.047,1,7,0.143,0.143,0.027,1,4,0.25,0.02,0,3,0.0,2020-21,Regular Season,Catch and Shoot
202687,Bismack Biyombo,1610612766,CHA,28.0,66,6,0.029,1,7,0.143,0.143,0.025,1,6,0.167,0.004,0,1,0.0,2020-21,Regular Season,Catch and Shoot
203933,T.J. Warren,1610612754,IND,27.0,4,4,0.137,0,7,0.0,0.0,0.0,0,0,,0.137,0,7,0.0,2020-21,Regular Season,Catch and Shoot
1629655,Daniel Gafford,1610612764,WAS,22.0,54,6,0.027,3,6,0.5,0.5,0.027,3,6,0.5,0.0,0,0,,2020-21,Regular Season,Catch and Shoot
1628365,Markelle Fultz,1610612753,ORL,23.0,8,4,0.058,2,6,0.333,0.5,0.0,0,0,,0.058,2,6,0.333,2020-21,Regular Season,Catch and Shoot
1629651,Nic Claxton,1610612751,BKN,22.0,32,5,0.041,1,6,0.167,0.25,0.007,0,1,0.0,0.034,1,5,0.2,2020-21,Regular Season,Catch and Shoot
1629033,Theo Pinson,1610612752,NYK,25.0,17,5,0.667,0,6,0.0,0.0,0.0,0,0,,0.667,0,6,0.0,2020-21,Regular Season,Catch and Shoot
2760,Anderson Varejao,1610612739,CLE,38.0,5,3,0.313,2,5,0.4,0.4,0.25,2,4,0.5,0.063,0,1,0.0,2020-21,Regular Season,Catch and Shoot
203915,Spencer Dinwiddie,1610612751,BKN,28.0,3,3,0.313,2,5,0.4,0.6,0.0,0,0,,0.313,2,5,0.4,2020-21,Regular Season,Catch and Shoot
1629833,Keljin Blevins,1610612757,POR,25.0,17,5,0.25,1,5,0.2,0.3,0.0,0,0,,0.25,1,5,0.2,2020-21,Regular Season,Catch and Shoot
1627737,Marquese Chriss,1610612744,GSW,23.0,2,2,0.357,1,5,0.2,0.3,0.0,0,0,,0.357,1,5,0.2,2020-21,Regular Season,Catch and Shoot
201162,Jared Dudley,1610612747,LAL,35.0,12,4,0.556,1,5,0.2,0.3,0.111,0,1,0.0,0.444,1,4,0.25,2020-21,Regular Season,Catch and Shoot
1630173,Precious Achiuwa,1610612748,MIA,21.0,61,5,0.022,0,5,0.0,0.0,0.018,0,4,0.0,0.004,0,1,0.0,2020-21,Regular Season,Catch and Shoot
1628390,Terrance Ferguson,1610612755,PHI,23.0,13,4,0.714,0,5,0.0,0.0,0.0,0,0,,0.714,0,5,0.0,2020-21,Regular Season,Catch and Shoot
203991,Clint Capela,1610612737,ATL,27.0,63,4,0.007,0,5,0.0,0.0,0.007,0,5,0.0,0.0,0,0,,2020-21,Regular Season,Catch and Shoot
1627780,Gary Payton II,1610612744,GSW,28.0,10,3,0.308,2,4,0.5,0.75,0.0,0,0,,0.308,2,4,0.5,2020-21,Regular Season,Catch and Shoot
1629020,Jarred Vanderbilt,1610612750,MIN,22.0,64,3,0.017,1,4,0.25,0.375,0.004,0,1,0.0,0.013,1,3,0.333,2020-21,Regular Season,Catch and Shoot
1629730,Rayjon Tucker,1610612755,PHI,23.0,14,3,0.222,1,4,0.25,0.375,0.0,0,0,,0.222,1,4,0.25,2020-21,Regular Season,Catch and Shoot
1630218,Robert Woodard II,1610612758,SAC,21.0,13,3,0.211,1,4,0.25,0.25,0.053,1,1,1.0,0.158,0,3,0.0,2020-21,Regular Season,Catch and Shoot
204025,Tim Frazier,1610612763,MEM,30.0,5,3,0.2,0,4,0.0,0.0,0.0,0,0,,0.2,0,4,0.0,2020-21,Regular Season,Catch and Shoot
1628981,Bruno Fernando,1610612737,ATL,22.0,33,4,0.091,0,4,0.0,0.0,0.045,0,2,0.0,0.045,0,2,0.0,2020-21,Regular Season,Catch and Shoot
203998,Bruno Caboclo,1610612745,HOU,25.0,6,3,0.235,0,4,0.0,0.0,0.0,0,0,,0.235,0,4,0.0,2020-21,Regular Season,Catch and Shoot
1630203,Grant Riller,1610612766,CHA,24.0,7,3,0.25,2,3,0.667,1.0,0.0,0,0,,0.25,2,3,0.667,2020-21,Regular Season,Catch and Shoot
1628412,Frank Mason III,1610612753,ORL,27.0,4,2,0.125,2,3,0.667,1.0,0.0,0,0,,0.125,2,3,0.667,2020-21,Regular Season,Catch and Shoot
1629650,Moses Brown,1610612738,BOS,21.0,43,1,0.012,2,3,0.667,0.667,0.012,2,3,0.667,0.0,0,0,,2020-21,Regular Season,Catch and Shoot
1629735,Chris Silva,1610612758,SAC,24.0,15,3,0.188,2,3,0.667,0.833,0.125,1,2,0.5,0.063,1,1,1.0,2020-21,Regular Season,Catch and Shoot
202684,Tristan Thompson,1610612738,BOS,30.0,54,3,0.009,1,3,0.333,0.333,0.006,1,2,0.5,0.003,0,1,0.0,2020-21,Regular Season,Catch and Shoot
1629091,Elijah Bryant,1610612749,MIL,26.0,1,1,0.231,1,3,0.333,0.5,0.0,0,0,,0.231,1,3,0.333,2020-21,Regular Season,Catch and Shoot
1630200,Tre Jones,1610612759,SAS,21.0,37,3,0.038,1,3,0.333,0.5,0.0,0,0,,0.038,1,3,0.333,2020-21,Regular Season,Catch and Shoot
1629653,Devon Dotson,1610612741,CHI,21.0,11,1,0.143,1,3,0.333,0.5,0.0,0,0,,0.143,1,3,0.333,2020-21,Regular Season,Catch and Shoot
1629738,Vincent Poirier,1610612755,PHI,27.0,10,3,0.25,1,3,0.333,0.333,0.167,1,2,0.5,0.083,0,1,0.0,2020-21,Regular Season,Catch and Shoot
1626253,Axel Toupane,1610612749,MIL,28.0,8,2,0.273,0,3,0.0,0.0,0.182,0,2,0.0,0.091,0,1,0.0,2020-21,Regular Season,Catch and Shoot
1629683,Quinndary Weatherspoon,1610612759,SAS,24.0,20,2,0.086,0,3,0.0,0.0,0.0,0,0,,0.086,0,3,0.0,2020-21,Regular Season,Catch and Shoot
1630189,Tyler Bey,1610612742,DAL,23.0,18,2,0.136,0,3,0.0,0.0,0.045,0,1,0.0,0.091,0,2,0.0,2020-21,Regular Season,Catch and Shoot
1630179,Tyrell Terry,1610612742,DAL,20.0,11,3,0.188,0,3,0.0,0.0,0.0,0,0,,0.188,0,3,0.0,2020-21,Regular Season,Catch and Shoot
1629743,Donta Hall,1610612753,ORL,23.0,13,2,0.057,1,2,0.5,0.5,0.057,1,2,0.5,0.0,0,0,,2020-21,Regular Season,Catch and Shoot
1629076,Tyler Cook,1610612765,DET,23.0,32,2,0.02,1,2,0.5,0.75,0.0,0,0,,0.02,1,2,0.5,2020-21,Regular Season,Catch and Shoot
1630238,Malik Fitts,1610612746,LAC,23.0,3,2,0.667,1,2,0.5,0.75,0.0,0,0,,0.667,1,2,0.5,2020-21,Regular Season,Catch and Shoot
201599,DeAndre Jordan,1610612751,BKN,32.0,57,2,0.008,0,2,0.0,0.0,0.004,0,1,0.0,0.004,0,1,0.0,2020-21,Regular Season,Catch and Shoot
1627739,Kris Dunn,1610612737,ATL,27.0,4,2,0.167,0,2,0.0,0.0,0.0,0,0,,0.167,0,2,0.0,2020-21,Regular Season,Catch and Shoot
1626245,Cristiano Felicio,1610612741,CHI,28.0,18,1,0.154,0,2,0.0,0.0,0.077,0,1,0.0,0.077,0,1,0.0,2020-21,Regular Season,Catch and Shoot
204222,Greg Whittington,1610612743,DEN,28.0,4,1,0.667,0,2,0.0,0.0,0.0,0,0,,0.667,0,2,0.0,2020-21,Regular Season,Catch and Shoot
1628395,Jordan Bell,1610612744,GSW,26.0,6,2,0.091,0,2,0.0,0.0,0.0,0,0,,0.091,0,2,0.0,2020-21,Regular Season,Catch and Shoot
1628968,Brian Bowen II,1610612754,IND,22.0,6,2,0.5,0,2,0.0,0.0,0.25,0,1,0.0,0.25,0,1,0.0,2020-21,Regular Season,Catch and Shoot
1629605,Tacko Fall,1610612738,BOS,25.0,19,1,0.034,1,1,1.0,1.0,0.034,1,1,1.0,0.0,0,0,,2020-21,Regular Season,Catch and Shoot
2617,Udonis Haslem,1610612748,MIA,41.0,1,1,0.5,1,1,1.0,1.0,0.5,1,1,1.0,0.0,0,0,,2020-21,Regular Season,Catch and Shoot
1630211,Karim Mane,1610612753,ORL,21.0,10,1,0.077,1,1,1.0,1.5,0.0,0,0,,0.077,1,1,1.0,2020-21,Regular Season,Catch and Shoot
1626178,Rondae Hollis-Jefferson,1610612757,POR,26.0,11,1,0.056,0,1,0.0,0.0,0.0,0,0,,0.056,0,1,0.0,2020-21,Regular Season,Catch and Shoot
1629121,Jaylen Adams,1610612749,MIL,25.0,7,1,0.125,0,1,0.0,0.0,0.0,0,0,,0.125,0,1,0.0,2020-21,Regular Season,Catch and Shoot
1629034,Ray Spalding,1610612745,HOU,24.0,2,1,0.25,0,1,0.0,0.0,0.0,0,0,,0.25,0,1,0.0,2020-21,Regular Season,Catch and Shoot
1630208,Nick Richards,1610612766,CHA,23.0,18,1,0.111,0,1,0.0,0.0,0.0,0,0,,0.111,0,1,0.0,2020-21,Regular Season,Catch and Shoot
1627748,Thon Maker,1610612739,CLE,24.0,8,1,0.056,0,1,0.0,0.0,0.0,0,0,,0.056,0,1,0.0,2020-21,Regular Season,Catch and Shoot
1628961,Kostas Antetokounmpo,1610612747,LAL,23.0,15,1,0.1,0,1,0.0,0.0,0.1,0,1,0.0,0.0,0,0,,2020-21,Regular Season,Catch and Shoot
203943,Noah Vonleh,1610612751,BKN,25.0,4,1,0.333,0,1,0.0,0.0,0.0,0,0,,0.333,0,1,0.0,2020-21,Regular Season,Catch and Shoot
202697,Iman Shumpert,1610612751,BKN,31.0,2,1,0.25,0,1,0.0,0.0,0.0,0,0,,0.25,0,1,0.0,2020-21,Regular Season,Catch and Shoot
1628394,Anžejs Pasečņiks,1610612764,WAS,25.0,1,1,1.0,0,1,0.0,0.0,0.0,0,0,,1.0,0,1,0.0,2020-21,Regular Season,Catch and Shoot
1630266,Will Magnay,1610612740,NOP,23.0,1,1,1.0,0,1,0.0,0.0,0.0,0,0,,1.0,0,1,0.0,2020-21,Regular Season,Catch and Shoot
1629029,Luka Doncic,1610612742,DAL,22.0,66,66,0.572,324,769,0.421,0.525,0.237,164,319,0.514,0.335,160,450,0.356,2020-21,Regular Season,Pullups
203081,Damian Lillard,1610612757,POR,30.0,67,67,0.546,280,728,0.385,0.523,0.139,79,186,0.425,0.406,201,542,0.371,2020-21,Regular Season,Pullups
101108,Chris Paul,1610612756,PHX,36.0,70,70,0.762,320,663,0.483,0.534,0.552,252,480,0.525,0.21,68,183,0.372,2020-21,Regular Season,Pullups
1626164,Devin Booker,1610612756,PHX,24.0,67,67,0.485,273,618,0.442,0.488,0.34,216,433,0.499,0.145,57,185,0.308,2020-21,Regular Season,Pullups
201939,Stephen Curry,1610612744,GSW,33.0,63,63,0.453,260,615,0.423,0.573,0.12,75,163,0.46,0.333,185,452,0.409,2020-21,Regular Season,Pullups
1628369,Jayson Tatum,1610612738,BOS,23.0,64,64,0.466,220,615,0.358,0.459,0.205,95,271,0.351,0.261,125,344,0.363,2020-21,Regular Season,Pullups
1629027,Trae Young,1610612737,ATL,22.0,63,63,0.545,236,605,0.39,0.476,0.266,132,295,0.447,0.279,104,310,0.335,2020-21,Regular Season,Pullups
1627742,Brandon Ingram,1610612740,NOP,23.0,61,61,0.522,248,574,0.432,0.469,0.395,206,435,0.474,0.126,42,139,0.302,2020-21,Regular Season,Pullups
203944,Julius Randle,1610612752,NYK,26.0,71,71,0.434,238,573,0.415,0.454,0.351,194,463,0.419,0.083,44,110,0.4,2020-21,Regular Season,Pullups
203078,Bradley Beal,1610612764,WAS,28.0,60,60,0.391,226,541,0.418,0.467,0.267,173,369,0.469,0.124,53,172,0.308,2020-21,Regular Season,Pullups
203114,Khris Middleton,1610612749,MIL,29.0,68,68,0.499,240,536,0.448,0.516,0.334,167,359,0.465,0.165,73,177,0.412,2020-21,Regular Season,Pullups
201566,Russell Westbrook,1610612764,WAS,32.0,65,65,0.426,195,527,0.37,0.404,0.323,159,400,0.398,0.103,36,127,0.283,2020-21,Regular Season,Pullups
1628378,Donovan Mitchell,1610612762,UTA,24.0,53,53,0.478,207,521,0.397,0.498,0.213,102,232,0.44,0.265,105,289,0.363,2020-21,Regular Season,Pullups
203468,CJ McCollum,1610612757,POR,29.0,47,47,0.578,214,511,0.419,0.516,0.273,115,241,0.477,0.305,99,270,0.367,2020-21,Regular Season,Pullups
1628368,De'Aaron Fox,1610612758,SAC,23.0,58,58,0.457,194,507,0.383,0.449,0.256,127,284,0.447,0.201,67,223,0.3,2020-21,Regular Season,Pullups
202681,Kyrie Irving,1610612751,BKN,29.0,54,54,0.457,235,496,0.474,0.545,0.281,164,305,0.538,0.176,71,191,0.372,2020-21,Regular Season,Pullups
203897,Zach LaVine,1610612741,CHI,26.0,58,58,0.442,209,496,0.421,0.545,0.161,86,181,0.475,0.28,123,315,0.39,2020-21,Regular Season,Pullups
1627750,Jamal Murray,1610612743,DEN,24.0,48,48,0.575,186,451,0.412,0.496,0.33,111,259,0.429,0.245,75,192,0.391,2020-21,Regular Season,Pullups
202695,Kawhi Leonard,1610612746,LAC,30.0,52,52,0.494,194,448,0.433,0.475,0.366,156,332,0.47,0.128,38,116,0.328,2020-21,Regular Season,Pullups
1627749,Dejounte Murray,1610612759,SAS,24.0,67,66,0.455,202,443,0.456,0.466,0.428,193,416,0.464,0.028,9,27,0.333,2020-21,Regular Season,Pullups
1628415,Dillon Brooks,1610612763,MEM,25.0,67,67,0.421,165,434,0.38,0.412,0.312,137,322,0.425,0.109,28,112,0.25,2020-21,Regular Season,Pullups
203903,Jordan Clarkson,1610612762,UTA,29.0,68,68,0.403,153,432,0.354,0.478,0.104,46,111,0.414,0.299,107,321,0.333,2020-21,Regular Season,Pullups
2546,Carmelo Anthony,1610612757,POR,37.0,69,68,0.555,182,431,0.422,0.468,0.427,143,332,0.431,0.127,39,99,0.394,2020-21,Regular Season,Pullups
1629012,Collin Sexton,1610612739,CLE,22.0,60,59,0.385,170,419,0.406,0.447,0.282,135,307,0.44,0.103,35,112,0.313,2020-21,Regular Season,Pullups
1627763,Malcolm Brogdon,1610612754,IND,28.0,56,56,0.414,163,405,0.402,0.488,0.209,94,205,0.459,0.204,69,200,0.345,2020-21,Regular Season,Pullups
1627741,Buddy Hield,1610612758,SAC,28.0,71,71,0.406,159,403,0.395,0.524,0.133,55,132,0.417,0.273,104,271,0.384,2020-21,Regular Season,Pullups
201942,DeMar DeRozan,1610612759,SAS,31.0,61,61,0.433,195,397,0.491,0.492,0.421,194,386,0.503,0.012,1,11,0.091,2020-21,Regular Season,Pullups
1630162,Anthony Edwards,1610612750,MIN,19.0,72,70,0.326,122,394,0.31,0.414,0.12,40,145,0.276,0.206,82,249,0.329,2020-21,Regular Season,Pullups
1626179,Terry Rozier,1610612766,CHA,27.0,69,69,0.345,162,391,0.414,0.49,0.177,103,200,0.515,0.169,59,191,0.309,2020-21,Regular Season,Pullups
202331,Paul George,1610612746,LAC,31.0,54,54,0.404,161,385,0.418,0.51,0.219,90,209,0.431,0.185,71,176,0.403,2020-21,Regular Season,Pullups
1627747,Caris LeVert,1610612754,IND,26.0,47,47,0.467,149,380,0.392,0.458,0.278,99,226,0.438,0.189,50,154,0.325,2020-21,Regular Season,Pullups
1629018,Gary Trent Jr.,1610612761,TOR,22.0,58,55,0.483,143,379,0.377,0.463,0.25,78,196,0.398,0.233,65,183,0.355,2020-21,Regular Season,Pullups
1627759,Jaylen Brown,1610612738,BOS,24.0,58,58,0.335,158,372,0.425,0.481,0.214,116,238,0.487,0.121,42,134,0.313,2020-21,Regular Season,Pullups
202689,Kemba Walker,1610612760,OKC,31.0,43,43,0.543,133,367,0.362,0.474,0.194,51,131,0.389,0.349,82,236,0.347,2020-21,Regular Season,Pullups
203507,Giannis Antetokounmpo,1610612749,MIL,26.0,61,58,0.325,121,358,0.338,0.416,0.164,65,180,0.361,0.162,56,178,0.315,2020-21,Regular Season,Pullups
101150,Lou Williams,1610612737,ATL,34.0,66,65,0.543,133,351,0.379,0.432,0.406,96,263,0.365,0.136,37,88,0.42,2020-21,Regular Season,Pullups
1627832,Fred VanVleet,1610612761,TOR,27.0,52,51,0.403,130,351,0.37,0.479,0.156,54,136,0.397,0.247,76,215,0.353,2020-21,Regular Season,Pullups
201935,James Harden,1610612751,BKN,31.0,44,44,0.457,125,336,0.372,0.528,0.061,20,45,0.444,0.396,105,291,0.361,2020-21,Regular Season,Pullups
1630193,Immanuel Quickley,1610612752,NYK,22.0,64,62,0.575,112,332,0.337,0.426,0.267,53,154,0.344,0.308,59,178,0.331,2020-21,Regular Season,Pullups
203952,Andrew Wiggins,1610612744,GSW,26.0,71,69,0.315,128,331,0.387,0.441,0.228,92,239,0.385,0.088,36,92,0.391,2020-21,Regular Season,Pullups
1626156,D'Angelo Russell,1610612750,MIN,25.0,42,41,0.503,127,328,0.387,0.473,0.275,71,179,0.397,0.229,56,149,0.376,2020-21,Regular Season,Pullups
203082,Terrence Ross,1610612753,ORL,30.0,46,46,0.531,128,327,0.391,0.437,0.364,98,224,0.438,0.167,30,103,0.291,2020-21,Regular Season,Pullups
1629639,Tyler Herro,1610612748,MIA,21.0,54,53,0.456,121,319,0.379,0.453,0.252,74,176,0.42,0.205,47,143,0.329,2020-21,Regular Season,Pullups
201144,Mike Conley,1610612762,UTA,33.0,51,51,0.494,134,315,0.425,0.56,0.172,49,110,0.445,0.321,85,205,0.415,2020-21,Regular Season,Pullups
202699,Tobias Harris,1610612755,PHI,28.0,62,61,0.334,137,309,0.443,0.472,0.271,119,250,0.476,0.064,18,59,0.305,2020-21,Regular Season,Pullups
203501,Tim Hardaway Jr.,1610612742,DAL,29.0,70,69,0.338,115,307,0.375,0.461,0.168,62,153,0.405,0.169,53,154,0.344,2020-21,Regular Season,Pullups
2544,LeBron James,1610612747,LAL,36.0,45,44,0.384,115,306,0.376,0.471,0.191,57,152,0.375,0.193,58,154,0.377,2020-21,Regular Season,Pullups
1629636,Darius Garland,1610612739,CLE,21.0,54,53,0.378,111,299,0.371,0.448,0.215,65,170,0.382,0.163,46,129,0.357,2020-21,Regular Season,Pullups
201950,Jrue Holiday,1610612749,MIL,31.0,59,59,0.362,136,298,0.456,0.567,0.161,70,133,0.526,0.2,66,165,0.4,2020-21,Regular Season,Pullups
1628984,Devonte' Graham,1610612766,CHA,26.0,55,55,0.44,96,294,0.327,0.417,0.171,43,114,0.377,0.269,53,180,0.294,2020-21,Regular Season,Pullups
201142,Kevin Durant,1610612751,BKN,32.0,35,34,0.473,138,285,0.484,0.546,0.347,103,209,0.493,0.126,35,76,0.461,2020-21,Regular Season,Pullups
203954,Joel Embiid,1610612755,PHI,27.0,51,49,0.314,129,283,0.456,0.481,0.278,115,250,0.46,0.037,14,33,0.424,2020-21,Regular Season,Pullups
1630169,Tyrese Haliburton,1610612758,SAC,21.0,58,56,0.452,118,280,0.421,0.507,0.246,70,152,0.461,0.207,48,128,0.375,2020-21,Regular Season,Pullups
1628407,Dwayne Bacon,1610612753,ORL,25.0,72,68,0.385,99,279,0.355,0.405,0.258,71,187,0.38,0.127,28,92,0.304,2020-21,Regular Season,Pullups
200768,Kyle Lowry,1610612761,TOR,35.0,46,46,0.466,104,278,0.374,0.493,0.173,38,103,0.369,0.294,66,175,0.377,2020-21,Regular Season,Pullups
1629632,Coby White,1610612741,CHI,21.0,69,68,0.307,105,277,0.379,0.455,0.173,63,156,0.404,0.134,42,121,0.347,2020-21,Regular Season,Pullups
202322,John Wall,1610612745,HOU,30.0,40,40,0.37,80,268,0.299,0.351,0.221,52,160,0.325,0.149,28,108,0.259,2020-21,Regular Season,Pullups
1629003,Shake Milton,1610612755,PHI,24.0,63,61,0.396,110,264,0.417,0.451,0.294,92,196,0.469,0.102,18,68,0.265,2020-21,Regular Season,Pullups
1629630,Ja Morant,1610612763,MEM,21.0,63,62,0.276,92,264,0.348,0.42,0.144,54,138,0.391,0.132,38,126,0.302,2020-21,Regular Season,Pullups
203924,Jerami Grant,1610612765,DET,27.0,54,53,0.284,89,262,0.34,0.366,0.228,75,210,0.357,0.056,14,52,0.269,2020-21,Regular Season,Pullups
203552,Seth Curry,1610612755,PHI,30.0,57,56,0.458,111,253,0.439,0.51,0.286,75,158,0.475,0.172,36,95,0.379,2020-21,Regular Season,Pullups
201988,Patty Mills,1610612759,SAS,32.0,68,64,0.41,91,251,0.363,0.466,0.139,39,85,0.459,0.271,52,166,0.313,2020-21,Regular Season,Pullups
201565,Derrick Rose,1610612752,NYK,32.0,50,49,0.411,118,248,0.476,0.506,0.336,103,203,0.507,0.075,15,45,0.333,2020-21,Regular Season,Pullups
203471,Dennis Schröder,1610612747,LAL,27.0,61,57,0.322,94,242,0.388,0.405,0.269,86,202,0.426,0.053,8,40,0.2,2020-21,Regular Season,Pullups
203095,Evan Fournier,1610612738,BOS,28.0,42,41,0.436,100,236,0.424,0.534,0.198,48,107,0.449,0.238,52,129,0.403,2020-21,Regular Season,Pullups
1626181,Norman Powell,1610612757,POR,28.0,69,63,0.255,90,234,0.385,0.498,0.098,37,90,0.411,0.157,53,144,0.368,2020-21,Regular Season,Pullups
1628366,Lonzo Ball,1610612740,NOP,23.0,55,55,0.335,80,234,0.342,0.429,0.148,39,103,0.379,0.188,41,131,0.313,2020-21,Regular Season,Pullups
200752,Rudy Gay,1610612759,SAS,34.0,63,62,0.368,89,231,0.385,0.418,0.295,74,185,0.4,0.073,15,46,0.326,2020-21,Regular Season,Pullups
202330,Gordon Hayward,1610612766,CHA,31.0,44,44,0.347,97,228,0.425,0.469,0.251,77,165,0.467,0.096,20,63,0.317,2020-21,Regular Season,Pullups
1628983,Shai Gilgeous-Alexander,1610612760,OKC,22.0,35,35,0.404,95,228,0.417,0.535,0.17,41,96,0.427,0.234,54,132,0.409,2020-21,Regular Season,Pullups
1628989,Kevin Huerter,1610612737,ATL,22.0,69,65,0.309,98,226,0.434,0.504,0.175,66,128,0.516,0.134,32,98,0.327,2020-21,Regular Season,Pullups
203506,Victor Oladipo,1610612748,MIA,29.0,33,31,0.401,67,226,0.296,0.367,0.2,35,113,0.31,0.2,32,113,0.283,2020-21,Regular Season,Pullups
1627783,Pascal Siakam,1610612761,TOR,27.0,56,52,0.229,75,220,0.341,0.373,0.168,61,161,0.379,0.061,14,59,0.237,2020-21,Regular Season,Pullups
202339,Eric Bledsoe,1610612740,NOP,31.0,71,66,0.3,80,219,0.365,0.418,0.195,57,142,0.401,0.105,23,77,0.299,2020-21,Regular Season,Pullups
202711,Bojan Bogdanovic,1610612762,UTA,32.0,72,68,0.236,80,218,0.367,0.456,0.126,41,116,0.353,0.111,39,102,0.382,2020-21,Regular Season,Pullups
202692,Alec Burks,1610612752,NYK,29.0,49,48,0.435,92,215,0.428,0.535,0.235,46,116,0.397,0.2,46,99,0.465,2020-21,Regular Season,Pullups
1630163,LaMelo Ball,1610612766,CHA,19.0,51,48,0.319,81,215,0.377,0.456,0.162,47,109,0.431,0.158,34,106,0.321,2020-21,Regular Season,Pullups
1628973,Jalen Brunson,1610612742,DAL,24.0,68,63,0.338,98,212,0.462,0.507,0.247,79,155,0.51,0.091,19,57,0.333,2020-21,Regular Season,Pullups
1630177,Theo Maledon,1610612760,OKC,20.0,65,62,0.343,74,210,0.352,0.433,0.167,40,102,0.392,0.176,34,108,0.315,2020-21,Regular Season,Pullups
202694,Marcus Morris Sr.,1610612746,LAC,31.0,57,57,0.354,89,207,0.43,0.449,0.293,81,171,0.474,0.062,8,36,0.222,2020-21,Regular Season,Pullups
202710,Jimmy Butler III,1610612748,MIA,31.0,52,49,0.278,78,205,0.38,0.398,0.223,71,164,0.433,0.056,7,41,0.171,2020-21,Regular Season,Pullups
1626196,Josh Richardson,1610612742,DAL,27.0,59,59,0.33,88,204,0.431,0.463,0.262,75,162,0.463,0.068,13,42,0.31,2020-21,Regular Season,Pullups
204060,Joe Ingles,1610612762,UTA,33.0,67,59,0.358,84,201,0.418,0.604,0.034,9,19,0.474,0.324,75,182,0.412,2020-21,Regular Season,Pullups
1630175,Cole Anthony,1610612753,ORL,21.0,47,46,0.357,75,197,0.381,0.444,0.226,50,125,0.4,0.13,25,72,0.347,2020-21,Regular Season,Pullups
1629628,RJ Barrett,1610612752,NYK,21.0,72,67,0.183,64,192,0.333,0.349,0.164,58,172,0.337,0.019,6,20,0.3,2020-21,Regular Season,Pullups
201609,Goran Dragic,1610612748,MIA,35.0,50,50,0.343,72,190,0.379,0.447,0.195,46,108,0.426,0.148,26,82,0.317,2020-21,Regular Season,Pullups
1629014,Anfernee Simons,1610612757,POR,22.0,64,61,0.466,68,187,0.364,0.487,0.125,22,50,0.44,0.342,46,137,0.336,2020-21,Regular Season,Pullups
1629022,Lonnie Walker IV,1610612759,SAS,22.0,60,59,0.307,66,187,0.353,0.404,0.19,47,116,0.405,0.117,19,71,0.268,2020-21,Regular Season,Pullups
203937,Kyle Anderson,1610612763,MEM,27.0,69,66,0.28,85,184,0.462,0.516,0.208,65,137,0.474,0.071,20,47,0.426,2020-21,Regular Season,Pullups
1629008,Michael Porter Jr.,1610612743,DEN,23.0,61,58,0.227,81,184,0.44,0.524,0.122,50,99,0.505,0.105,31,85,0.365,2020-21,Regular Season,Pullups
203076,Anthony Davis,1610612747,LAL,28.0,36,35,0.308,72,184,0.391,0.397,0.288,70,172,0.407,0.02,2,12,0.167,2020-21,Regular Season,Pullups
1629134,Kendrick Nunn,1610612748,MIA,25.0,56,51,0.28,70,184,0.38,0.44,0.153,48,101,0.475,0.126,22,83,0.265,2020-21,Regular Season,Pullups
202704,Reggie Jackson,1610612746,LAC,31.0,67,61,0.316,67,183,0.366,0.44,0.181,40,105,0.381,0.134,27,78,0.346,2020-21,Regular Season,Pullups
1626145,Tyus Jones,1610612763,MEM,25.0,70,64,0.436,80,180,0.444,0.469,0.361,71,149,0.477,0.075,9,31,0.29,2020-21,Regular Season,Pullups
202696,Nikola Vucevic,1610612741,CHI,30.0,70,65,0.127,70,177,0.395,0.398,0.126,69,176,0.392,0.001,1,1,1.0,2020-21,Regular Season,Pullups
1629130,Duncan Robinson,1610612748,MIA,27.0,72,66,0.247,68,177,0.384,0.548,0.033,10,24,0.417,0.213,58,153,0.379,2020-21,Regular Season,Pullups
1628389,Bam Adebayo,1610612748,MIA,23.0,64,62,0.22,72,176,0.409,0.409,0.213,72,170,0.424,0.008,0,6,0.0,2020-21,Regular Season,Pullups
203115,Will Barton,1610612743,DEN,30.0,56,52,0.291,66,176,0.375,0.466,0.139,34,84,0.405,0.152,32,92,0.348,2020-21,Regular Season,Pullups
1627854,Bryn Forbes,1610612749,MIL,27.0,70,61,0.327,84,173,0.486,0.546,0.227,63,120,0.525,0.1,21,53,0.396,2020-21,Regular Season,Pullups
203992,Bogdan Bogdanović,1610612737,ATL,28.0,44,40,0.303,73,171,0.427,0.512,0.172,44,97,0.454,0.131,29,74,0.392,2020-21,Regular Season,Pullups
1630201,Malachi Flynn,1610612761,TOR,23.0,47,40,0.49,53,167,0.317,0.395,0.243,27,83,0.325,0.246,26,84,0.31,2020-21,Regular Season,Pullups
1629060,Rui Hachimura,1610612764,WAS,23.0,57,55,0.255,65,165,0.394,0.394,0.252,65,163,0.399,0.003,0,2,0.0,2020-21,Regular Season,Pullups
203925,Joe Harris,1610612751,BKN,29.0,69,64,0.234,64,165,0.388,0.473,0.108,36,76,0.474,0.126,28,89,0.315,2020-21,Regular Season,Pullups
1630178,Tyrese Maxey,1610612755,PHI,20.0,61,49,0.38,72,163,0.442,0.469,0.298,63,128,0.492,0.082,9,35,0.257,2020-21,Regular Season,Pullups
1627736,Malik Beasley,1610612750,MIN,24.0,37,37,0.263,63,158,0.399,0.5,0.123,31,74,0.419,0.14,32,84,0.381,2020-21,Regular Season,Pullups
203932,Aaron Gordon,1610612743,DEN,25.0,50,46,0.317,51,158,0.323,0.38,0.184,33,92,0.359,0.132,18,66,0.273,2020-21,Regular Season,Pullups
1628398,Kyle Kuzma,1610612747,LAL,25.0,68,60,0.206,45,155,0.29,0.345,0.128,28,96,0.292,0.078,17,59,0.288,2020-21,Regular Season,Pullups
203935,Marcus Smart,1610612738,BOS,27.0,48,46,0.3,57,153,0.373,0.458,0.147,31,75,0.413,0.153,26,78,0.333,2020-21,Regular Season,Pullups
203999,Nikola Jokić,1610612743,DEN,26.0,72,62,0.119,71,152,0.467,0.487,0.107,65,136,0.478,0.013,6,16,0.375,2020-21,Regular Season,Pullups
1629645,Kevin Porter Jr.,1610612745,HOU,21.0,26,25,0.414,53,152,0.349,0.444,0.147,24,54,0.444,0.267,29,98,0.296,2020-21,Regular Season,Pullups
201937,Ricky Rubio,1610612750,MIN,30.0,68,63,0.305,50,152,0.329,0.372,0.213,37,106,0.349,0.092,13,46,0.283,2020-21,Regular Season,Pullups
1628367,Josh Jackson,1610612765,DET,24.0,62,50,0.214,59,150,0.393,0.43,0.152,48,107,0.449,0.061,11,43,0.256,2020-21,Regular Season,Pullups
1628379,Luke Kennard,1610612746,LAC,25.0,63,53,0.366,67,149,0.45,0.53,0.241,43,98,0.439,0.125,24,51,0.471,2020-21,Regular Season,Pullups
1628978,Donte DiVincenzo,1610612749,MIL,24.0,66,57,0.247,54,149,0.362,0.487,0.083,17,50,0.34,0.164,37,99,0.374,2020-21,Regular Season,Pullups
1630172,Patrick Williams,1610612741,CHI,19.0,71,61,0.28,63,148,0.426,0.439,0.258,59,136,0.434,0.023,4,12,0.333,2020-21,Regular Season,Pullups
204456,T.J. McConnell,1610612754,IND,29.0,69,58,0.292,79,143,0.552,0.566,0.269,75,132,0.568,0.022,4,11,0.364,2020-21,Regular Season,Pullups
202397,Ish Smith,1610612764,WAS,32.0,44,40,0.478,52,142,0.366,0.37,0.451,51,134,0.381,0.027,1,8,0.125,2020-21,Regular Season,Pullups
1627756,Denzel Valentine,1610612741,CHI,27.0,62,54,0.339,50,141,0.355,0.411,0.209,34,87,0.391,0.13,16,54,0.296,2020-21,Regular Season,Pullups
1629673,Jordan Poole,1610612744,GSW,22.0,51,40,0.291,51,138,0.37,0.446,0.139,30,66,0.455,0.152,21,72,0.292,2020-21,Regular Season,Pullups
1628370,Malik Monk,1610612766,CHA,23.0,42,41,0.341,48,136,0.353,0.471,0.125,16,50,0.32,0.216,32,86,0.372,2020-21,Regular Season,Pullups
1630180,Saddiq Bey,1610612765,DET,22.0,70,57,0.196,40,135,0.296,0.389,0.074,15,51,0.294,0.122,25,84,0.298,2020-21,Regular Season,Pullups
201568,Danilo Gallinari,1610612737,ATL,32.0,51,47,0.278,61,131,0.466,0.531,0.191,44,90,0.489,0.087,17,41,0.415,2020-21,Regular Season,Pullups
1629004,Svi Mykhailiuk,1610612760,OKC,24.0,66,49,0.257,48,130,0.369,0.488,0.081,17,41,0.415,0.176,31,89,0.348,2020-21,Regular Season,Pullups
203918,Rodney Hood,1610612761,TOR,28.0,55,47,0.496,50,129,0.388,0.45,0.35,34,91,0.374,0.146,16,38,0.421,2020-21,Regular Season,Pullups
201571,D.J. Augustin,1610612745,HOU,33.0,57,50,0.376,45,129,0.349,0.469,0.105,14,36,0.389,0.271,31,93,0.333,2020-21,Regular Season,Pullups
1627788,Furkan Korkmaz,1610612755,PHI,23.0,55,49,0.302,43,128,0.336,0.422,0.137,21,58,0.362,0.165,22,70,0.314,2020-21,Regular Season,Pullups
1629647,Darius Bazley,1610612760,OKC,21.0,55,52,0.186,40,128,0.313,0.414,0.07,14,48,0.292,0.116,26,80,0.325,2020-21,Regular Season,Pullups
1626166,Cameron Payne,1610612756,PHX,26.0,60,50,0.322,55,127,0.433,0.531,0.152,30,60,0.5,0.17,25,67,0.373,2020-21,Regular Season,Pullups
1630217,Desmond Bane,1610612763,MEM,23.0,68,55,0.255,46,127,0.362,0.441,0.14,26,70,0.371,0.114,20,57,0.351,2020-21,Regular Season,Pullups
1626224,Cedi Osman,1610612739,CLE,26.0,59,46,0.221,36,127,0.283,0.35,0.096,19,55,0.345,0.125,17,72,0.236,2020-21,Regular Season,Pullups
203504,Trey Burke,1610612742,DAL,28.0,62,50,0.357,57,126,0.452,0.496,0.275,46,97,0.474,0.082,11,29,0.379,2020-21,Regular Season,Pullups
1628420,Monte Morris,1610612743,DEN,26.0,47,46,0.33,55,126,0.437,0.488,0.241,42,92,0.457,0.089,13,34,0.382,2020-21,Regular Season,Pullups
200755,JJ Redick,1610612742,DAL,37.0,44,40,0.468,49,125,0.392,0.48,0.24,27,64,0.422,0.228,22,61,0.361,2020-21,Regular Season,Pullups
1630197,Aleksej Pokusevski,1610612760,OKC,19.0,45,41,0.313,38,125,0.304,0.324,0.218,33,87,0.379,0.095,5,38,0.132,2020-21,Regular Season,Pullups
1630202,Payton Pritchard,1610612738,BOS,23.0,66,54,0.297,42,124,0.339,0.44,0.103,17,43,0.395,0.194,25,81,0.309,2020-21,Regular Season,Pullups
203200,Justin Holiday,1610612754,IND,32.0,72,60,0.197,49,123,0.398,0.528,0.069,17,43,0.395,0.128,32,80,0.4,2020-21,Regular Season,Pullups
204001,Kristaps Porziņģis,1610612742,DAL,25.0,43,41,0.18,47,123,0.382,0.415,0.146,39,100,0.39,0.034,8,23,0.348,2020-21,Regular Season,Pullups
1626162,Kelly Oubre Jr.,1610612744,GSW,25.0,55,47,0.16,36,115,0.313,0.361,0.099,25,71,0.352,0.061,11,44,0.25,2020-21,Regular Season,Pullups
201961,Wayne Ellington,1610612765,DET,33.0,46,39,0.345,54,114,0.474,0.671,0.07,9,23,0.391,0.276,45,91,0.495,2020-21,Regular Season,Pullups
1629013,Landry Shamet,1610612751,BKN,24.0,61,50,0.25,35,114,0.307,0.39,0.09,16,41,0.39,0.16,19,73,0.26,2020-21,Regular Season,Pullups
202709,Cory Joseph,1610612765,DET,29.0,63,51,0.265,45,113,0.398,0.429,0.228,38,97,0.392,0.038,7,16,0.438,2020-21,Regular Season,Pullups
203493,Reggie Bullock Jr.,1610612752,NYK,30.0,65,52,0.201,48,112,0.429,0.464,0.144,40,80,0.5,0.057,8,32,0.25,2020-21,Regular Season,Pullups
1626171,Bobby Portis,1610612749,MIL,26.0,66,54,0.187,48,112,0.429,0.442,0.179,45,107,0.421,0.008,3,5,0.6,2020-21,Regular Season,Pullups
1628960,Grayson Allen,1610612763,MEM,25.0,50,43,0.271,42,112,0.375,0.482,0.109,18,45,0.4,0.162,24,67,0.358,2020-21,Regular Season,Pullups
1629669,Jaylen Nowell,1610612750,MIN,21.0,42,37,0.331,47,111,0.423,0.486,0.203,33,68,0.485,0.128,14,43,0.326,2020-21,Regular Season,Pullups
1628401,Derrick White,1610612759,SAS,26.0,36,33,0.246,33,111,0.297,0.365,0.119,18,54,0.333,0.126,15,57,0.263,2020-21,Regular Season,Pullups
201933,Blake Griffin,1610612751,BKN,32.0,46,37,0.273,27,111,0.243,0.356,0.054,2,22,0.091,0.219,25,89,0.281,2020-21,Regular Season,Pullups
1629659,Talen Horton-Tucker,1610612747,LAL,20.0,65,43,0.225,40,110,0.364,0.436,0.115,24,56,0.429,0.111,16,54,0.296,2020-21,Regular Season,Pullups
203087,Jeremy Lamb,1610612754,IND,29.0,36,34,0.388,49,107,0.458,0.537,0.232,32,64,0.5,0.156,17,43,0.395,2020-21,Regular Season,Pullups
1628988,Aaron Holiday,1610612754,IND,24.0,66,50,0.245,40,107,0.374,0.439,0.14,26,61,0.426,0.105,14,46,0.304,2020-21,Regular Season,Pullups
1629001,De'Anthony Melton,1610612763,MEM,23.0,52,49,0.27,44,106,0.415,0.514,0.122,23,48,0.479,0.148,21,58,0.362,2020-21,Regular Season,Pullups
203084,Harrison Barnes,1610612758,SAC,29.0,58,49,0.165,36,106,0.34,0.467,0.045,9,29,0.31,0.12,27,77,0.351,2020-21,Regular Season,Pullups
1629056,Terence Davis,1610612758,SAC,24.0,61,45,0.232,30,106,0.283,0.387,0.048,8,22,0.364,0.184,22,84,0.262,2020-21,Regular Season,Pullups
1628970,Miles Bridges,1610612766,CHA,23.0,66,54,0.167,40,104,0.385,0.553,0.037,5,23,0.217,0.13,35,81,0.432,2020-21,Regular Season,Pullups
1628977,Hamidou Diallo,1610612765,DET,22.0,52,44,0.221,34,104,0.327,0.361,0.187,27,88,0.307,0.034,7,16,0.438,2020-21,Regular Season,Pullups
203901,Elfrid Payton,1610612752,NYK,27.0,63,47,0.166,35,102,0.343,0.348,0.153,34,94,0.362,0.013,1,8,0.125,2020-21,Regular Season,Pullups
1626153,Delon Wright,1610612758,SAC,29.0,63,48,0.201,29,102,0.284,0.363,0.081,13,41,0.317,0.12,16,61,0.262,2020-21,Regular Season,Pullups
1626157,Karl-Anthony Towns,1610612750,MIN,25.0,50,42,0.117,28,102,0.275,0.328,0.067,17,59,0.288,0.049,11,43,0.256,2020-21,Regular Season,Pullups
1629643,Chuma Okeke,1610612753,ORL,22.0,45,35,0.312,38,101,0.376,0.396,0.231,34,75,0.453,0.08,4,26,0.154,2020-21,Regular Season,Pullups
201980,Danny Green,1610612755,PHI,34.0,69,53,0.185,37,101,0.366,0.46,0.072,18,39,0.462,0.114,19,62,0.306,2020-21,Regular Season,Pullups
203484,Kentavious Caldwell-Pope,1610612747,LAL,28.0,67,54,0.204,34,101,0.337,0.416,0.128,18,63,0.286,0.077,16,38,0.421,2020-21,Regular Season,Pullups
1629652,Luguentz Dort,1610612760,OKC,22.0,52,42,0.157,30,100,0.3,0.38,0.055,14,35,0.4,0.102,16,65,0.246,2020-21,Regular Season,Pullups
203526,Raul Neto,1610612764,WAS,29.0,64,45,0.219,41,98,0.418,0.469,0.145,31,65,0.477,0.074,10,33,0.303,2020-21,Regular Season,Pullups
1630170,Devin Vassell,1610612759,SAS,20.0,62,46,0.323,40,98,0.408,0.429,0.287,36,87,0.414,0.036,4,11,0.364,2020-21,Regular Season,Pullups
1628422,Damyean Dotson,1610612739,CLE,27.0,46,40,0.337,31,98,0.316,0.362,0.179,22,52,0.423,0.158,9,46,0.196,2020-21,Regular Season,Pullups
1627752,Taurean Prince,1610612739,CLE,27.0,41,37,0.302,40,97,0.412,0.515,0.162,20,52,0.385,0.14,20,45,0.444,2020-21,Regular Season,Pullups
1629638,Nickeil Alexander-Walker,1610612740,NOP,22.0,46,35,0.213,40,97,0.412,0.474,0.134,28,61,0.459,0.079,12,36,0.333,2020-21,Regular Season,Pullups
201952,Jeff Teague,1610612749,MIL,33.0,55,45,0.339,37,96,0.385,0.479,0.198,19,56,0.339,0.141,18,40,0.45,2020-21,Regular Season,Pullups
1628969,Mikal Bridges,1610612756,PHX,24.0,72,50,0.142,48,93,0.516,0.565,0.12,39,79,0.494,0.021,9,14,0.643,2020-21,Regular Season,Pullups
1629026,Kenrich Williams,1610612760,OKC,26.0,66,46,0.226,41,93,0.441,0.478,0.185,34,76,0.447,0.041,7,17,0.412,2020-21,Regular Season,Pullups
1626174,Christian Wood,1610612745,HOU,25.0,41,34,0.145,38,93,0.409,0.484,0.092,24,59,0.407,0.053,14,34,0.412,2020-21,Regular Season,Pullups
203914,Gary Harris,1610612753,ORL,26.0,39,32,0.276,29,93,0.312,0.371,0.154,18,52,0.346,0.122,11,41,0.268,2020-21,Regular Season,Pullups
1630267,Facundo Campazzo,1610612743,DEN,30.0,65,49,0.295,22,93,0.237,0.333,0.086,4,27,0.148,0.21,18,66,0.273,2020-21,Regular Season,Pullups
1629660,Ty Jerome,1610612760,OKC,23.0,33,30,0.321,39,92,0.424,0.549,0.136,16,39,0.41,0.185,23,53,0.434,2020-21,Regular Season,Pullups
1626184,Chasson Randle,1610612753,ORL,28.0,41,37,0.388,28,92,0.304,0.408,0.139,9,33,0.273,0.249,19,59,0.322,2020-21,Regular Season,Pullups
202954,Brad Wanamaker,1610612766,CHA,31.0,61,43,0.305,25,90,0.278,0.306,0.186,20,55,0.364,0.119,5,35,0.143,2020-21,Regular Season,Pullups
203926,Doug McDermott,1610612754,IND,29.0,66,47,0.134,37,89,0.416,0.579,0.03,8,20,0.4,0.104,29,69,0.42,2020-21,Regular Season,Pullups
1627734,Domantas Sabonis,1610612754,IND,25.0,62,45,0.095,31,86,0.36,0.378,0.084,28,76,0.368,0.011,3,10,0.3,2020-21,Regular Season,Pullups
1630181,R.J. Hampton,1610612753,ORL,20.0,51,33,0.268,28,84,0.333,0.345,0.198,26,62,0.419,0.07,2,22,0.091,2020-21,Regular Season,Pullups
1628408,PJ Dozier,1610612743,DEN,24.0,50,39,0.239,28,84,0.333,0.393,0.145,18,51,0.353,0.094,10,33,0.303,2020-21,Regular Season,Pullups
1629640,Keldon Johnson,1610612759,SAS,21.0,69,40,0.118,33,83,0.398,0.446,0.075,25,53,0.472,0.043,8,30,0.267,2020-21,Regular Season,Pullups
202066,Garrett Temple,1610612741,CHI,35.0,56,43,0.218,32,83,0.386,0.44,0.142,23,54,0.426,0.076,9,29,0.31,2020-21,Regular Season,Pullups
1630165,Killian Hayes,1610612765,DET,19.0,26,25,0.419,28,83,0.337,0.367,0.298,23,59,0.39,0.121,5,24,0.208,2020-21,Regular Season,Pullups
1630184,Kira Lewis Jr.,1610612740,NOP,20.0,54,41,0.246,18,83,0.217,0.271,0.142,9,48,0.188,0.104,9,35,0.257,2020-21,Regular Season,Pullups
203482,Kelly Olynyk,1610612745,HOU,30.0,70,45,0.112,22,78,0.282,0.404,0.033,3,23,0.13,0.079,19,55,0.345,2020-21,Regular Season,Pullups
203463,Ben McLemore,1610612747,LAL,28.0,53,40,0.219,18,78,0.231,0.321,0.056,4,20,0.2,0.163,14,58,0.241,2020-21,Regular Season,Pullups
1629672,Eric Paschall,1610612744,GSW,24.0,40,33,0.257,39,75,0.52,0.533,0.247,37,72,0.514,0.01,2,3,0.667,2020-21,Regular Season,Pullups
1629164,Brandon Goodwin,1610612737,ATL,25.0,47,32,0.333,26,74,0.351,0.432,0.162,14,36,0.389,0.171,12,38,0.316,2020-21,Regular Season,Pullups
203145,Kent Bazemore,1610612744,GSW,31.0,67,46,0.19,20,74,0.27,0.318,0.134,13,52,0.25,0.057,7,22,0.318,2020-21,Regular Season,Pullups
1629611,Terance Mann,1610612746,LAC,24.0,67,39,0.212,25,73,0.342,0.404,0.151,16,52,0.308,0.061,9,21,0.429,2020-21,Regular Season,Pullups
201569,Eric Gordon,1610612745,HOU,32.0,27,25,0.204,24,73,0.329,0.479,0.025,2,9,0.222,0.179,22,64,0.344,2020-21,Regular Season,Pullups
203107,Tomas Satoransky,1610612741,CHI,29.0,58,39,0.22,35,72,0.486,0.507,0.177,32,58,0.552,0.043,3,14,0.214,2020-21,Regular Season,Pullups
1629631,De'Andre Hunter,1610612737,ATL,23.0,23,22,0.284,29,71,0.408,0.444,0.208,24,52,0.462,0.076,5,19,0.263,2020-21,Regular Season,Pullups
1627863,Danuel House Jr.,1610612745,HOU,28.0,36,30,0.261,26,71,0.366,0.486,0.081,9,22,0.409,0.18,17,49,0.347,2020-21,Regular Season,Pullups
202693,Markieff Morris,1610612747,LAL,31.0,61,40,0.184,23,69,0.333,0.355,0.141,20,53,0.377,0.043,3,16,0.188,2020-21,Regular Season,Pullups
203109,Jae Crowder,1610612756,PHX,30.0,60,39,0.141,21,69,0.304,0.42,0.049,5,24,0.208,0.092,16,45,0.356,2020-21,Regular Season,Pullups
1630171,Isaac Okoro,1610612739,CLE,20.0,67,43,0.125,15,69,0.217,0.297,0.049,4,27,0.148,0.076,11,42,0.262,2020-21,Regular Season,Pullups
203490,Otto Porter Jr.,1610612753,ORL,28.0,28,25,0.3,27,68,0.397,0.404,0.256,26,58,0.448,0.044,1,10,0.1,2020-21,Regular Season,Pullups
1626149,Montrezl Harrell,1610612747,LAL,27.0,69,42,0.114,24,68,0.353,0.353,0.108,24,64,0.375,0.007,0,4,0.0,2020-21,Regular Season,Pullups
1628384,OG Anunoby,1610612761,TOR,23.0,43,33,0.131,19,68,0.279,0.324,0.073,13,38,0.342,0.058,6,30,0.2,2020-21,Regular Season,Pullups
1629023,P.J. Washington,1610612766,CHA,22.0,64,43,0.098,19,67,0.284,0.366,0.044,8,30,0.267,0.054,11,37,0.297,2020-21,Regular Season,Pullups
1628381,John Collins,1610612737,ATL,23.0,63,38,0.086,36,66,0.545,0.553,0.079,35,61,0.574,0.006,1,5,0.2,2020-21,Regular Season,Pullups
1628975,Jevon Carter,1610612756,PHX,25.0,60,35,0.299,29,66,0.439,0.492,0.19,22,42,0.524,0.109,7,24,0.292,2020-21,Regular Season,Pullups
1628382,Justin Jackson,1610612749,MIL,26.0,34,29,0.299,25,66,0.379,0.447,0.186,16,41,0.39,0.113,9,25,0.36,2020-21,Regular Season,Pullups
201572,Brook Lopez,1610612749,MIL,33.0,70,40,0.1,28,64,0.438,0.492,0.072,21,46,0.457,0.028,7,18,0.389,2020-21,Regular Season,Pullups
201588,George Hill,1610612755,PHI,35.0,30,28,0.325,27,64,0.422,0.477,0.203,20,40,0.5,0.122,7,24,0.292,2020-21,Regular Season,Pullups
1629629,Cam Reddish,1610612737,ATL,21.0,26,24,0.24,13,63,0.206,0.254,0.125,7,33,0.212,0.114,6,30,0.2,2020-21,Regular Season,Pullups
200765,Rajon Rondo,1610612746,LAC,35.0,45,32,0.284,24,61,0.393,0.525,0.093,8,20,0.4,0.191,16,41,0.39,2020-21,Regular Season,Pullups
201145,Jeff Green,1610612751,BKN,34.0,68,41,0.115,19,61,0.311,0.336,0.079,16,42,0.381,0.036,3,19,0.158,2020-21,Regular Season,Pullups
1628402,Frank Jackson,1610612765,DET,23.0,40,29,0.205,18,60,0.3,0.342,0.119,13,35,0.371,0.085,5,25,0.2,2020-21,Regular Season,Pullups
1629744,Matt Thomas,1610612762,UTA,26.0,45,27,0.465,26,59,0.441,0.525,0.244,16,31,0.516,0.22,10,28,0.357,2020-21,Regular Season,Pullups
203496,Robert Covington,1610612757,POR,30.0,70,40,0.116,24,59,0.407,0.542,0.039,8,20,0.4,0.077,16,39,0.41,2020-21,Regular Season,Pullups
1629661,Cameron Johnson,1610612756,PHX,25.0,60,42,0.123,20,59,0.339,0.373,0.081,16,39,0.41,0.042,4,20,0.2,2020-21,Regular Season,Pullups
203085,Austin Rivers,1610612743,DEN,28.0,36,29,0.241,15,59,0.254,0.356,0.061,3,15,0.2,0.18,12,44,0.273,2020-21,Regular Season,Pullups
1627936,Alex Caruso,1610612747,LAL,27.0,58,32,0.194,18,58,0.31,0.345,0.137,14,41,0.341,0.057,4,17,0.235,2020-21,Regular Season,Pullups
1627777,Georges Niang,1610612762,UTA,28.0,72,39,0.141,16,57,0.281,0.333,0.077,10,31,0.323,0.064,6,26,0.231,2020-21,Regular Season,Pullups
1628372,Dennis Smith Jr.,1610612765,DET,23.0,23,22,0.379,20,55,0.364,0.445,0.221,11,32,0.344,0.159,9,23,0.391,2020-21,Regular Season,Pullups
201587,Nicolas Batum,1610612746,LAC,32.0,67,37,0.131,22,54,0.407,0.472,0.095,15,39,0.385,0.036,7,15,0.467,2020-21,Regular Season,Pullups
1629216,Gabe Vincent,1610612748,MIA,25.0,50,25,0.232,18,54,0.333,0.454,0.073,5,17,0.294,0.159,13,37,0.351,2020-21,Regular Season,Pullups
1630183,Jaden McDaniels,1610612750,MIN,20.0,63,32,0.144,20,53,0.377,0.425,0.101,15,37,0.405,0.044,5,16,0.313,2020-21,Regular Season,Pullups
203487,Michael Carter-Williams,1610612753,ORL,29.0,31,25,0.196,14,53,0.264,0.283,0.159,12,43,0.279,0.037,2,10,0.2,2020-21,Regular Season,Pullups
1629670,Jordan Nwora,1610612749,MIL,22.0,30,15,0.385,27,52,0.519,0.663,0.222,12,30,0.4,0.163,15,22,0.682,2020-21,Regular Season,Pullups
1626159,Justise Winslow,1610612763,MEM,25.0,26,22,0.248,15,52,0.288,0.288,0.238,15,50,0.3,0.01,0,2,0.0,2020-21,Regular Season,Pullups
200746,LaMarcus Aldridge,1610612751,BKN,35.0,26,21,0.172,22,51,0.431,0.451,0.155,20,46,0.435,0.017,2,5,0.4,2020-21,Regular Season,Pullups
1630222,Mason Jones,1610612755,PHI,22.0,32,22,0.418,19,51,0.373,0.49,0.131,7,16,0.438,0.287,12,35,0.343,2020-21,Regular Season,Pullups
202722,Davis Bertans,1610612764,WAS,28.0,57,29,0.105,13,50,0.26,0.37,0.023,2,11,0.182,0.082,11,39,0.282,2020-21,Regular Season,Pullups
1630185,Nico Mannion,1610612744,GSW,20.0,30,18,0.432,14,48,0.292,0.396,0.234,4,26,0.154,0.198,10,22,0.455,2020-21,Regular Season,Pullups
203516,James Ennis III,1610612753,ORL,30.0,41,26,0.193,20,47,0.426,0.5,0.099,13,24,0.542,0.095,7,23,0.304,2020-21,Regular Season,Pullups
1630210,Markus Howard,1610612743,DEN,22.0,37,19,0.434,19,46,0.413,0.5,0.17,11,18,0.611,0.264,8,28,0.286,2020-21,Regular Season,Pullups
1629717,Armoni Brooks,1610612745,HOU,23.0,20,18,0.24,15,46,0.326,0.467,0.031,2,6,0.333,0.208,13,40,0.325,2020-21,Regular Season,Pullups
202083,Wesley Matthews,1610612747,LAL,34.0,58,32,0.185,13,46,0.283,0.37,0.076,5,19,0.263,0.108,8,27,0.296,2020-21,Regular Season,Pullups
1628425,Sterling Brown,1610612745,HOU,26.0,51,30,0.137,18,45,0.4,0.567,0.04,3,13,0.231,0.097,15,32,0.469,2020-21,Regular Season,Pullups
1629676,Isaiah Roby,1610612760,OKC,23.0,61,30,0.106,16,45,0.356,0.456,0.045,7,19,0.368,0.061,9,26,0.346,2020-21,Regular Season,Pullups
1628455,Mike James,1610612751,BKN,30.0,13,12,0.489,15,45,0.333,0.4,0.283,9,26,0.346,0.207,6,19,0.316,2020-21,Regular Season,Pullups
1627814,Damion Lee,1610612744,GSW,28.0,57,31,0.158,19,43,0.442,0.523,0.088,12,24,0.5,0.07,7,19,0.368,2020-21,Regular Season,Pullups
1629642,Nassir Little,1610612757,POR,21.0,48,27,0.257,14,43,0.326,0.384,0.138,9,23,0.391,0.12,5,20,0.25,2020-21,Regular Season,Pullups
201567,Kevin Love,1610612739,CLE,32.0,25,18,0.167,18,42,0.429,0.583,0.071,5,18,0.278,0.095,13,24,0.542,2020-21,Regular Season,Pullups
1628365,Markelle Fultz,1610612753,ORL,23.0,8,8,0.404,9,42,0.214,0.238,0.317,7,33,0.212,0.087,2,9,0.222,2020-21,Regular Season,Pullups
1629726,Garrison Mathews,1610612764,WAS,24.0,64,30,0.173,17,41,0.415,0.549,0.046,6,11,0.545,0.127,11,30,0.367,2020-21,Regular Season,Pullups
1629185,Chris Chiozza,1610612751,BKN,25.0,22,15,0.461,13,41,0.317,0.415,0.202,5,18,0.278,0.258,8,23,0.348,2020-21,Regular Season,Pullups
1630205,Lamar Stevens,1610612739,CLE,23.0,40,23,0.301,13,41,0.317,0.317,0.287,13,39,0.333,0.015,0,2,0.0,2020-21,Regular Season,Pullups
2738,Andre Iguodala,1610612748,MIA,37.0,63,33,0.165,11,41,0.268,0.378,0.044,2,11,0.182,0.12,9,30,0.3,2020-21,Regular Season,Pullups
200794,Paul Millsap,1610612743,DEN,36.0,56,28,0.101,15,40,0.375,0.413,0.086,12,34,0.353,0.015,3,6,0.5,2020-21,Regular Season,Pullups
1629634,Brandon Clarke,1610612763,MEM,24.0,59,31,0.081,14,40,0.35,0.35,0.081,14,40,0.35,0.0,0,0,,2020-21,Regular Season,Pullups
1627732,Ben Simmons,1610612755,PHI,24.0,58,28,0.069,13,40,0.325,0.338,0.062,12,36,0.333,0.007,1,4,0.25,2020-21,Regular Season,Pullups
1627827,Dorian Finney-Smith,1610612742,DAL,28.0,60,26,0.086,12,40,0.3,0.413,0.03,3,14,0.214,0.056,9,26,0.346,2020-21,Regular Season,Pullups
201949,James Johnson,1610612740,NOP,34.0,51,27,0.122,12,40,0.3,0.338,0.064,9,21,0.429,0.058,3,19,0.158,2020-21,Regular Season,Pullups
202340,Avery Bradley,1610612745,HOU,30.0,27,21,0.234,11,40,0.275,0.35,0.123,5,21,0.238,0.111,6,19,0.316,2020-21,Regular Season,Pullups
204038,Langston Galloway,1610612756,PHX,29.0,40,26,0.265,17,39,0.436,0.449,0.231,16,34,0.471,0.034,1,5,0.2,2020-21,Regular Season,Pullups
1628997,Caleb Martin,1610612766,CHA,25.0,53,23,0.152,13,39,0.333,0.385,0.078,9,20,0.45,0.074,4,19,0.211,2020-21,Regular Season,Pullups
1629162,Jordan McLaughlin,1610612750,MIN,25.0,51,23,0.161,10,39,0.256,0.333,0.05,4,12,0.333,0.112,6,27,0.222,2020-21,Regular Season,Pullups
1629682,Tremont Waters,1610612738,BOS,23.0,26,17,0.452,15,38,0.395,0.526,0.167,5,14,0.357,0.286,10,24,0.417,2020-21,Regular Season,Pullups
204020,Tyler Johnson,1610612751,BKN,29.0,39,25,0.202,14,37,0.378,0.459,0.12,8,22,0.364,0.082,6,15,0.4,2020-21,Regular Season,Pullups
1627789,Timothe Luwawu-Cabarrot,1610612751,BKN,26.0,58,21,0.104,9,37,0.243,0.284,0.053,6,19,0.316,0.051,3,18,0.167,2020-21,Regular Season,Pullups
1629035,Carsen Edwards,1610612738,BOS,23.0,31,18,0.324,15,36,0.417,0.514,0.153,8,17,0.471,0.171,7,19,0.368,2020-21,Regular Season,Pullups
1627853,Ryan Arcidiacono,1610612741,CHI,27.0,44,18,0.308,13,36,0.361,0.403,0.205,10,24,0.417,0.103,3,12,0.25,2020-21,Regular Season,Pullups
201976,Patrick Beverley,1610612746,LAC,32.0,37,23,0.167,12,36,0.333,0.472,0.042,2,9,0.222,0.125,10,27,0.37,2020-21,Regular Season,Pullups
203110,Draymond Green,1610612744,GSW,31.0,63,26,0.095,4,36,0.111,0.111,0.071,4,27,0.148,0.024,0,9,0.0,2020-21,Regular Season,Pullups
1626169,Stanley Johnson,1610612761,TOR,25.0,61,16,0.151,11,35,0.314,0.429,0.047,3,11,0.273,0.103,8,24,0.333,2020-21,Regular Season,Pullups
1629028,Deandre Ayton,1610612756,PHX,22.0,69,28,0.051,11,35,0.314,0.314,0.051,11,35,0.314,0.0,0,0,,2020-21,Regular Season,Pullups
1630230,Naji Marshall,1610612740,NOP,23.0,32,22,0.168,6,35,0.171,0.186,0.115,5,24,0.208,0.053,1,11,0.091,2020-21,Regular Season,Pullups
201143,Al Horford,1610612738,BOS,35.0,28,17,0.094,14,34,0.412,0.426,0.078,13,28,0.464,0.017,1,6,0.167,2020-21,Regular Season,Pullups
1629010,Jerome Robinson,1610612764,WAS,24.0,17,12,0.358,12,34,0.353,0.382,0.295,10,28,0.357,0.063,2,6,0.333,2020-21,Regular Season,Pullups
1628373,Frank Ntilikina,1610612752,NYK,22.0,33,18,0.43,10,34,0.294,0.382,0.266,4,21,0.19,0.165,6,13,0.462,2020-21,Regular Season,Pullups
202734,E'Twaun Moore,1610612756,PHX,32.0,27,17,0.273,19,33,0.576,0.621,0.223,16,27,0.593,0.05,3,6,0.5,2020-21,Regular Season,Pullups
1626188,Quinn Cook,1610612739,CLE,28.0,23,16,0.485,16,33,0.485,0.591,0.279,9,19,0.474,0.206,7,14,0.5,2020-21,Regular Season,Pullups
1626220,Royce O'Neale,1610612762,UTA,28.0,71,26,0.084,10,33,0.303,0.424,0.02,2,8,0.25,0.063,8,25,0.32,2020-21,Regular Season,Pullups
1630164,James Wiseman,1610612744,GSW,20.0,39,23,0.091,8,33,0.242,0.273,0.069,6,25,0.24,0.022,2,8,0.25,2020-21,Regular Season,Pullups
201580,JaVale McGee,1610612743,DEN,33.0,46,21,0.12,7,33,0.212,0.212,0.105,7,29,0.241,0.014,0,4,0.0,2020-21,Regular Season,Pullups
1629103,Kelan Martin,1610612754,IND,25.0,35,18,0.232,16,32,0.5,0.609,0.152,9,21,0.429,0.08,7,11,0.636,2020-21,Regular Season,Pullups
1628972,Troy Brown Jr.,1610612741,CHI,21.0,34,22,0.222,13,32,0.406,0.438,0.167,11,24,0.458,0.056,2,8,0.25,2020-21,Regular Season,Pullups
1628404,Josh Hart,1610612740,NOP,26.0,47,20,0.093,13,32,0.406,0.469,0.061,9,21,0.429,0.032,4,11,0.364,2020-21,Regular Season,Pullups
1629002,Chimezie Metu,1610612758,SAC,24.0,36,18,0.179,12,32,0.375,0.391,0.156,11,28,0.393,0.022,1,4,0.25,2020-21,Regular Season,Pullups
1628470,Torrey Craig,1610612756,PHX,30.0,50,22,0.137,14,31,0.452,0.548,0.088,8,20,0.4,0.048,6,11,0.545,2020-21,Regular Season,Pullups
1630174,Aaron Nesmith,1610612738,BOS,21.0,46,23,0.174,11,31,0.355,0.403,0.09,8,16,0.5,0.084,3,15,0.2,2020-21,Regular Season,Pullups
1627812,Yogi Ferrell,1610612746,LAC,28.0,10,8,0.585,9,31,0.29,0.339,0.302,6,16,0.375,0.283,3,15,0.2,2020-21,Regular Season,Pullups
1630198,Isaiah Joe,1610612755,PHI,21.0,41,16,0.226,13,30,0.433,0.533,0.135,7,18,0.389,0.09,6,12,0.5,2020-21,Regular Season,Pullups
1629667,Jalen McDaniels,1610612766,CHA,23.0,47,22,0.102,11,29,0.379,0.379,0.085,11,24,0.458,0.018,0,5,0.0,2020-21,Regular Season,Pullups
1630166,Deni Avdija,1610612764,WAS,20.0,54,20,0.093,9,29,0.31,0.345,0.071,7,22,0.318,0.022,2,7,0.286,2020-21,Regular Season,Pullups
2772,Trevor Ariza,1610612748,MIA,36.0,30,19,0.12,7,29,0.241,0.328,0.037,2,9,0.222,0.083,5,20,0.25,2020-21,Regular Season,Pullups
1630240,Saben Lee,1610612765,DET,22.0,48,20,0.138,7,29,0.241,0.241,0.105,7,22,0.318,0.033,0,7,0.0,2020-21,Regular Season,Pullups
1630271,Brodric Thomas,1610612739,CLE,24.0,32,16,0.269,6,29,0.207,0.259,0.148,3,16,0.188,0.12,3,13,0.231,2020-21,Regular Season,Pullups
1628449,Chris Boucher,1610612761,TOR,28.0,60,17,0.05,14,28,0.5,0.571,0.034,10,19,0.526,0.016,4,9,0.444,2020-21,Regular Season,Pullups
202685,Jonas Valančiūnas,1610612763,MEM,29.0,62,22,0.038,12,28,0.429,0.446,0.036,11,27,0.407,0.001,1,1,1.0,2020-21,Regular Season,Pullups
1629139,Yuta Watanabe,1610612761,TOR,26.0,50,16,0.156,7,28,0.25,0.286,0.128,5,23,0.217,0.028,2,5,0.4,2020-21,Regular Season,Pullups
1628998,Cody Martin,1610612766,CHA,25.0,52,18,0.144,11,27,0.407,0.444,0.122,9,23,0.391,0.021,2,4,0.5,2020-21,Regular Season,Pullups
1628374,Lauri Markkanen,1610612741,CHI,24.0,51,22,0.052,10,27,0.37,0.389,0.042,9,22,0.409,0.01,1,5,0.2,2020-21,Regular Season,Pullups
203118,Mike Scott,1610612755,PHI,32.0,51,20,0.128,8,27,0.296,0.296,0.114,8,24,0.333,0.014,0,3,0.0,2020-21,Regular Season,Pullups
1629626,Bol Bol,1610612743,DEN,21.0,32,16,0.448,9,26,0.346,0.442,0.276,4,16,0.25,0.172,5,10,0.5,2020-21,Regular Season,Pullups
1628467,Maxi Kleber,1610612742,DAL,29.0,50,18,0.095,7,26,0.269,0.288,0.062,6,17,0.353,0.033,1,9,0.111,2020-21,Regular Season,Pullups
201152,Thaddeus Young,1610612741,CHI,33.0,68,21,0.039,5,26,0.192,0.192,0.035,5,23,0.217,0.005,0,3,0.0,2020-21,Regular Season,Pullups
1630256,Jae'Sean Tate,1610612745,HOU,25.0,70,22,0.042,3,26,0.115,0.154,0.026,1,16,0.063,0.016,2,10,0.2,2020-21,Regular Season,Pullups
1629648,Jordan Bone,1610612753,ORL,23.0,14,13,0.463,12,25,0.48,0.58,0.259,7,14,0.5,0.204,5,11,0.455,2020-21,Regular Season,Pullups
1626167,Myles Turner,1610612754,IND,25.0,47,18,0.058,5,25,0.2,0.24,0.037,3,16,0.188,0.021,2,9,0.222,2020-21,Regular Season,Pullups
1628400,Semi Ojeleye,1610612738,BOS,26.0,56,19,0.113,3,25,0.12,0.16,0.054,1,12,0.083,0.059,2,13,0.154,2020-21,Regular Season,Pullups
1628464,Daniel Theis,1610612741,CHI,29.0,65,17,0.052,11,24,0.458,0.521,0.024,8,11,0.727,0.028,3,13,0.231,2020-21,Regular Season,Pullups
203476,Gorgui Dieng,1610612759,SAS,31.0,38,15,0.148,10,24,0.417,0.479,0.111,7,18,0.389,0.037,3,6,0.5,2020-21,Regular Season,Pullups
1628391,D.J. Wilson,1610612745,HOU,25.0,35,19,0.143,9,24,0.375,0.458,0.083,5,14,0.357,0.06,4,10,0.4,2020-21,Regular Season,Pullups
1628971,Bruce Brown,1610612751,BKN,24.0,65,21,0.057,9,24,0.375,0.375,0.057,9,24,0.375,0.0,0,0,,2020-21,Regular Season,Pullups
1628410,Edmond Sumner,1610612754,IND,25.0,53,18,0.085,8,24,0.333,0.438,0.046,3,13,0.231,0.039,5,11,0.455,2020-21,Regular Season,Pullups
1629684,Grant Williams,1610612738,BOS,22.0,63,16,0.097,7,24,0.292,0.354,0.069,4,17,0.235,0.028,3,7,0.429,2020-21,Regular Season,Pullups
1630214,Xavier Tillman,1610612763,MEM,22.0,59,20,0.074,13,22,0.591,0.591,0.067,13,20,0.65,0.007,0,2,0.0,2020-21,Regular Season,Pullups
1629657,Kyle Guy,1610612758,SAC,23.0,31,13,0.25,10,22,0.455,0.545,0.148,6,13,0.462,0.102,4,9,0.444,2020-21,Regular Season,Pullups
1629751,Dakota Mathias,1610612755,PHI,25.0,8,5,0.458,9,22,0.409,0.432,0.333,8,16,0.5,0.125,1,6,0.167,2020-21,Regular Season,Pullups
1628964,Mo Bamba,1610612753,ORL,23.0,46,19,0.073,9,22,0.409,0.409,0.066,9,20,0.45,0.007,0,2,0.0,2020-21,Regular Season,Pullups
1628963,Marvin Bagley III,1610612758,SAC,22.0,43,15,0.045,9,22,0.409,0.523,0.027,4,13,0.308,0.018,5,9,0.556,2020-21,Regular Season,Pullups
1629731,Dean Wade,1610612739,CLE,24.0,63,16,0.071,8,22,0.364,0.409,0.045,6,14,0.429,0.026,2,8,0.25,2020-21,Regular Season,Pullups
1629006,Josh Okogie,1610612750,MIN,22.0,59,17,0.087,5,22,0.227,0.341,0.028,0,7,0.0,0.059,5,15,0.333,2020-21,Regular Season,Pullups
1629627,Zion Williamson,1610612740,NOP,20.0,61,15,0.021,5,22,0.227,0.227,0.016,5,17,0.294,0.005,0,5,0.0,2020-21,Regular Season,Pullups
1628995,Kevin Knox II,1610612752,NYK,21.0,42,16,0.155,4,22,0.182,0.205,0.099,3,14,0.214,0.056,1,8,0.125,2020-21,Regular Season,Pullups
1629713,Justin James,1610612758,SAC,24.0,36,11,0.189,10,21,0.476,0.476,0.162,10,18,0.556,0.027,0,3,0.0,2020-21,Regular Season,Pullups
203524,Solomon Hill,1610612737,ATL,30.0,71,18,0.071,8,21,0.381,0.5,0.03,3,9,0.333,0.04,5,12,0.417,2020-21,Regular Season,Pullups
1629740,Nicolo Melli,1610612742,DAL,30.0,45,16,0.149,7,21,0.333,0.357,0.113,6,16,0.375,0.035,1,5,0.2,2020-21,Regular Season,Pullups
1629604,CJ Elleby,1610612757,POR,21.0,30,15,0.318,7,21,0.333,0.381,0.167,5,11,0.455,0.152,2,10,0.2,2020-21,Regular Season,Pullups
203486,Mason Plumlee,1610612765,DET,31.0,56,18,0.055,6,21,0.286,0.286,0.055,6,21,0.286,0.0,0,0,,2020-21,Regular Season,Pullups
1627774,Jake Layman,1610612750,MIN,27.0,45,15,0.114,6,21,0.286,0.357,0.038,3,7,0.429,0.076,3,14,0.214,2020-21,Regular Season,Pullups
1630241,Sam Merrill,1610612749,MIL,25.0,30,14,0.278,10,20,0.5,0.625,0.125,5,9,0.556,0.153,5,11,0.455,2020-21,Regular Season,Pullups
203933,T.J. Warren,1610612754,IND,27.0,4,4,0.392,9,20,0.45,0.45,0.392,9,20,0.45,0.0,0,0,,2020-21,Regular Season,Pullups
1629017,Khyri Thomas,1610612745,HOU,25.0,5,5,0.303,7,20,0.35,0.425,0.167,4,11,0.364,0.136,3,9,0.333,2020-21,Regular Season,Pullups
203503,Tony Snell,1610612737,ATL,29.0,47,16,0.118,7,20,0.35,0.35,0.1,7,17,0.412,0.018,0,3,0.0,2020-21,Regular Season,Pullups
1628976,Wendell Carter Jr.,1610612753,ORL,22.0,54,14,0.044,4,20,0.2,0.2,0.044,4,20,0.2,0.0,0,0,,2020-21,Regular Season,Pullups
1630200,Tre Jones,1610612759,SAS,21.0,37,14,0.244,8,19,0.421,0.474,0.218,6,17,0.353,0.026,2,2,1.0,2020-21,Regular Season,Pullups
203920,Khem Birch,1610612761,TOR,28.0,67,14,0.05,7,19,0.368,0.368,0.045,7,17,0.412,0.005,0,2,0.0,2020-21,Regular Season,Pullups
1626168,Trey Lyles,1610612759,SAS,25.0,23,9,0.211,4,19,0.211,0.237,0.133,3,12,0.25,0.078,1,7,0.143,2020-21,Regular Season,Pullups
203521,Matthew Dellavedova,1610612739,CLE,30.0,13,10,0.339,3,19,0.158,0.184,0.196,2,11,0.182,0.143,1,8,0.125,2020-21,Regular Season,Pullups
1628539,Mychal Mulder,1610612744,GSW,27.0,60,15,0.068,9,18,0.5,0.75,0.008,0,2,0.0,0.061,9,16,0.563,2020-21,Regular Season,Pullups
203121,Darius Miller,1610612760,OKC,31.0,18,10,0.375,8,18,0.444,0.583,0.083,3,4,0.75,0.292,5,14,0.357,2020-21,Regular Season,Pullups
1629610,DaQuan Jeffries,1610612759,SAS,23.0,31,12,0.15,7,18,0.389,0.444,0.075,5,9,0.556,0.075,2,9,0.222,2020-21,Regular Season,Pullups
1630466,Gabriel Deck,1610612760,OKC,26.0,10,8,0.262,9,17,0.529,0.529,0.215,9,14,0.643,0.046,0,3,0.0,2020-21,Regular Season,Pullups
1630207,Nate Hinton,1610612742,DAL,22.0,21,9,0.405,7,17,0.412,0.412,0.286,7,12,0.583,0.119,0,5,0.0,2020-21,Regular Season,Pullups
1630219,Skylar Mays,1610612737,ATL,23.0,33,12,0.173,6,17,0.353,0.441,0.092,3,9,0.333,0.082,3,8,0.375,2020-21,Regular Season,Pullups
203648,Thanasis Antetokounmpo,1610612749,MIL,28.0,57,14,0.124,6,17,0.353,0.5,0.029,1,4,0.25,0.095,5,13,0.385,2020-21,Regular Season,Pullups
202357,Nemanja Bjelica,1610612748,MIA,33.0,37,12,0.087,5,17,0.294,0.353,0.041,3,8,0.375,0.046,2,9,0.222,2020-21,Regular Season,Pullups
1630221,Josh Hall,1610612760,OKC,20.0,21,13,0.183,4,17,0.235,0.265,0.129,3,12,0.25,0.054,1,5,0.2,2020-21,Regular Season,Pullups
201188,Marc Gasol,1610612747,LAL,36.0,52,15,0.088,4,17,0.235,0.235,0.083,4,16,0.25,0.005,0,1,0.0,2020-21,Regular Season,Pullups
1627761,DeAndre' Bembry,1610612761,TOR,26.0,51,11,0.075,4,17,0.235,0.294,0.039,2,9,0.222,0.035,2,8,0.25,2020-21,Regular Season,Pullups
203210,JaMychal Green,1610612743,DEN,31.0,58,14,0.046,2,17,0.118,0.118,0.024,2,9,0.222,0.022,0,8,0.0,2020-21,Regular Season,Pullups
1626192,Pat Connaughton,1610612749,MIL,28.0,69,16,0.044,1,17,0.059,0.088,0.016,0,6,0.0,0.028,1,11,0.091,2020-21,Regular Season,Pullups
1628385,Harry Giles III,1610612757,POR,23.0,38,13,0.165,7,16,0.438,0.5,0.113,5,11,0.455,0.052,2,5,0.4,2020-21,Regular Season,Pullups
203922,Glenn Robinson III,1610612758,SAC,27.0,23,11,0.162,6,16,0.375,0.406,0.111,5,11,0.455,0.051,1,5,0.2,2020-21,Regular Season,Pullups
1630216,Cassius Winston,1610612764,WAS,23.0,22,11,0.485,5,16,0.313,0.344,0.364,4,12,0.333,0.121,1,4,0.25,2020-21,Regular Season,Pullups
201586,Serge Ibaka,1610612746,LAC,31.0,41,14,0.045,4,16,0.25,0.281,0.031,3,11,0.273,0.014,1,5,0.2,2020-21,Regular Season,Pullups
1629633,Jarrett Culver,1610612750,MIN,22.0,34,10,0.095,3,16,0.188,0.219,0.036,2,6,0.333,0.06,1,10,0.1,2020-21,Regular Season,Pullups
1626158,Richaun Holmes,1610612758,SAC,27.0,61,12,0.026,8,15,0.533,0.533,0.024,8,14,0.571,0.002,0,1,0.0,2020-21,Regular Season,Pullups
203090,Maurice Harkless,1610612758,SAC,28.0,37,9,0.091,7,15,0.467,0.533,0.067,5,11,0.455,0.024,2,4,0.5,2020-21,Regular Season,Pullups
1630182,Josh Green,1610612742,DAL,20.0,39,13,0.161,6,15,0.4,0.4,0.14,6,13,0.462,0.022,0,2,0.0,2020-21,Regular Season,Pullups
1626204,Larry Nance Jr.,1610612739,CLE,28.0,35,10,0.055,6,15,0.4,0.467,0.04,4,11,0.364,0.015,2,4,0.5,2020-21,Regular Season,Pullups
1630223,Jalen Harris,1610612761,TOR,22.0,13,6,0.208,6,15,0.4,0.467,0.111,4,8,0.5,0.097,2,7,0.286,2020-21,Regular Season,Pullups
203967,Dario Saric,1610612756,PHX,27.0,50,14,0.044,3,15,0.2,0.233,0.032,2,11,0.182,0.012,1,4,0.25,2020-21,Regular Season,Pullups
1629675,Naz Reid,1610612750,MIN,21.0,70,14,0.026,2,15,0.133,0.133,0.021,2,12,0.167,0.005,0,3,0.0,2020-21,Regular Season,Pullups
1629635,Sekou Doumbouya,1610612765,DET,20.0,56,13,0.054,1,15,0.067,0.1,0.036,0,10,0.0,0.018,1,5,0.2,2020-21,Regular Season,Pullups
203488,Mike Muscala,1610612760,OKC,29.0,35,13,0.052,11,14,0.786,0.893,0.037,8,10,0.8,0.015,3,4,0.75,2020-21,Regular Season,Pullups
1629599,Amir Coffey,1610612746,LAC,24.0,44,10,0.136,7,14,0.5,0.607,0.097,4,10,0.4,0.039,3,4,0.75,2020-21,Regular Season,Pullups
1628990,Chandler Hutchison,1610612764,WAS,25.0,25,12,0.136,3,14,0.214,0.25,0.117,2,12,0.167,0.019,1,2,0.5,2020-21,Regular Season,Pullups
1629622,Max Strus,1610612748,MIA,25.0,39,11,0.075,2,14,0.143,0.214,0.005,0,1,0.0,0.07,2,13,0.154,2020-21,Regular Season,Pullups
1626163,Frank Kaminsky,1610612756,PHX,28.0,47,12,0.055,2,14,0.143,0.179,0.04,1,10,0.1,0.016,1,4,0.25,2020-21,Regular Season,Pullups
1630235,Trent Forrest,1610612762,UTA,23.0,30,10,0.183,7,13,0.538,0.538,0.127,7,9,0.778,0.056,0,4,0.0,2020-21,Regular Season,Pullups
1628035,Alfonzo McKinnie,1610612747,LAL,28.0,39,9,0.14,5,13,0.385,0.385,0.118,5,11,0.455,0.022,0,2,0.0,2020-21,Regular Season,Pullups
1629637,Jaxson Hayes,1610612740,NOP,21.0,60,8,0.046,4,13,0.308,0.346,0.036,3,10,0.3,0.011,1,3,0.333,2020-21,Regular Season,Pullups
1629680,Matisse Thybulle,1610612755,PHI,24.0,65,11,0.053,4,13,0.308,0.385,0.029,2,7,0.286,0.025,2,6,0.333,2020-21,Regular Season,Pullups
1629649,Ignas Brazdeikis,1610612753,ORL,22.0,13,8,0.157,3,13,0.231,0.269,0.096,2,8,0.25,0.06,1,5,0.2,2020-21,Regular Season,Pullups
203953,Jabari Parker,1610612738,BOS,26.0,13,7,0.236,3,13,0.231,0.231,0.182,3,10,0.3,0.055,0,3,0.0,2020-21,Regular Season,Pullups
1630167,Obi Toppin,1610612752,NYK,23.0,62,10,0.058,5,12,0.417,0.417,0.053,5,11,0.455,0.005,0,1,0.0,2020-21,Regular Season,Pullups
1628778,Paul Watson,1610612761,TOR,26.0,27,8,0.146,5,12,0.417,0.625,0.024,0,2,0.0,0.122,5,10,0.5,2020-21,Regular Season,Pullups
1630231,KJ Martin,1610612745,HOU,20.0,45,10,0.038,3,12,0.25,0.333,0.016,1,5,0.2,0.022,2,7,0.286,2020-21,Regular Season,Pullups
202355,Hassan Whiteside,1610612758,SAC,32.0,36,10,0.054,2,12,0.167,0.167,0.049,2,11,0.182,0.004,0,1,0.0,2020-21,Regular Season,Pullups
101141,Ersan Ilyasova,1610612762,UTA,34.0,17,7,0.222,2,12,0.167,0.25,0.056,0,3,0.0,0.167,2,9,0.222,2020-21,Regular Season,Pullups
1630190,Elijah Hughes,1610612762,UTA,23.0,18,9,0.414,2,12,0.167,0.208,0.103,1,3,0.333,0.31,1,9,0.111,2020-21,Regular Season,Pullups
203083,Andre Drummond,1610612747,LAL,27.0,46,9,0.02,7,11,0.636,0.636,0.02,7,11,0.636,0.0,0,0,,2020-21,Regular Season,Pullups
201577,Robin Lopez,1610612764,WAS,33.0,71,9,0.026,7,11,0.636,0.636,0.026,7,11,0.636,0.0,0,0,,2020-21,Regular Season,Pullups
1630173,Precious Achiuwa,1610612748,MIA,21.0,61,8,0.048,5,11,0.455,0.455,0.048,5,11,0.455,0.0,0,0,,2020-21,Regular Season,Pullups
1629962,Devin Cannady,1610612753,ORL,25.0,8,5,0.393,4,11,0.364,0.409,0.214,3,6,0.5,0.179,1,5,0.2,2020-21,Regular Season,Pullups
1629663,Louis King,1610612758,SAC,22.0,6,2,0.324,4,11,0.364,0.455,0.235,2,8,0.25,0.088,2,3,0.667,2020-21,Regular Season,Pullups
1629683,Quinndary Weatherspoon,1610612759,SAS,24.0,20,7,0.314,3,11,0.273,0.318,0.229,2,8,0.25,0.086,1,3,0.333,2020-21,Regular Season,Pullups
1627884,Derrick Jones Jr.,1610612757,POR,24.0,58,11,0.036,3,11,0.273,0.409,0.0,0,0,,0.036,3,11,0.273,2020-21,Regular Season,Pullups
1629308,Juan Toscano-Anderson,1610612744,GSW,28.0,53,9,0.053,2,11,0.182,0.273,0.005,0,1,0.0,0.048,2,10,0.2,2020-21,Regular Season,Pullups
204025,Tim Frazier,1610612763,MEM,30.0,5,5,0.55,1,11,0.091,0.091,0.35,1,7,0.143,0.2,0,4,0.0,2020-21,Regular Season,Pullups
203469,Cody Zeller,1610612766,CHA,28.0,48,9,0.031,5,10,0.5,0.55,0.025,4,8,0.5,0.006,1,2,0.5,2020-21,Regular Season,Pullups
202738,Isaiah Thomas,1610612740,NOP,32.0,3,3,0.37,4,10,0.4,0.45,0.259,3,7,0.429,0.111,1,3,0.333,2020-21,Regular Season,Pullups
203585,Rodney McGruder,1610612765,DET,29.0,16,7,0.143,3,10,0.3,0.3,0.129,3,9,0.333,0.014,0,1,0.0,2020-21,Regular Season,Pullups
202684,Tristan Thompson,1610612738,BOS,30.0,54,10,0.031,3,10,0.3,0.3,0.025,3,8,0.375,0.006,0,2,0.0,2020-21,Regular Season,Pullups
1629641,Romeo Langford,1610612738,BOS,21.0,18,9,0.169,2,10,0.2,0.3,0.119,0,7,0.0,0.051,2,3,0.667,2020-21,Regular Season,Pullups
1628991,Jaren Jackson Jr.,1610612763,MEM,21.0,11,7,0.08,0,10,0.0,0.0,0.04,0,5,0.0,0.04,0,5,0.0,2020-21,Regular Season,Pullups
202329,Al-Farouq Aminu,1610612741,CHI,30.0,23,7,0.091,4,9,0.444,0.444,0.061,4,6,0.667,0.03,0,3,0.0,2020-21,Regular Season,Pullups
1626172,Kevon Looney,1610612744,GSW,25.0,61,9,0.046,4,9,0.444,0.444,0.046,4,9,0.444,0.0,0,0,,2020-21,Regular Season,Pullups
1629725,Jeremiah Martin,1610612739,CLE,25.0,9,6,0.273,3,9,0.333,0.389,0.121,2,4,0.5,0.152,1,5,0.2,2020-21,Regular Season,Pullups
1627885,Shaquille Harrison,1610612743,DEN,27.0,34,9,0.12,3,9,0.333,0.333,0.08,3,6,0.5,0.04,0,3,0.0,2020-21,Regular Season,Pullups
1630237,Anthony Lamb,1610612745,HOU,23.0,24,5,0.076,3,9,0.333,0.5,0.008,0,1,0.0,0.068,3,8,0.375,2020-21,Regular Season,Pullups
1629677,Luka Samanic,1610612759,SAS,21.0,33,6,0.086,2,9,0.222,0.222,0.048,2,5,0.4,0.038,0,4,0.0,2020-21,Regular Season,Pullups
1629718,Charlie Brown Jr.,1610612760,OKC,24.0,9,6,0.231,2,9,0.222,0.222,0.128,2,5,0.4,0.103,0,4,0.0,2020-21,Regular Season,Pullups
1630186,Jahmi'us Ramsey,1610612758,SAC,20.0,13,5,0.237,1,9,0.111,0.167,0.105,0,4,0.0,0.132,1,5,0.2,2020-21,Regular Season,Pullups
1629109,Gary Clark,1610612755,PHI,26.0,39,7,0.068,1,9,0.111,0.167,0.03,0,4,0.0,0.038,1,5,0.2,2020-21,Regular Season,Pullups
1629686,Deividas Sirvydis,1610612765,DET,21.0,20,6,0.2,5,8,0.625,0.938,0.05,0,2,0.0,0.15,5,6,0.833,2020-21,Regular Season,Pullups
1626143,Jahlil Okafor,1610612765,DET,25.0,27,8,0.079,4,8,0.5,0.5,0.069,4,7,0.571,0.01,0,1,0.0,2020-21,Regular Season,Pullups
1628411,Wes Iwundu,1610612740,NOP,26.0,41,8,0.078,2,8,0.25,0.25,0.049,2,5,0.4,0.029,0,3,0.0,2020-21,Regular Season,Pullups
1628966,Keita Bates-Diop,1610612759,SAS,25.0,30,6,0.121,2,8,0.25,0.313,0.091,1,6,0.167,0.03,1,2,0.5,2020-21,Regular Season,Pullups
1629723,John Konchar,1610612763,MEM,25.0,43,7,0.051,6,7,0.857,1.0,0.036,4,5,0.8,0.014,2,2,1.0,2020-21,Regular Season,Pullups
1630191,Isaiah Stewart,1610612765,DET,20.0,68,7,0.017,3,7,0.429,0.429,0.015,3,6,0.5,0.002,0,1,0.0,2020-21,Regular Season,Pullups
1629685,Dylan Windler,1610612739,CLE,24.0,31,5,0.054,3,7,0.429,0.5,0.047,2,6,0.333,0.008,1,1,1.0,2020-21,Regular Season,Pullups
1626246,Boban Marjanovic,1610612742,DAL,32.0,33,6,0.057,3,7,0.429,0.429,0.049,3,6,0.5,0.008,0,1,0.0,2020-21,Regular Season,Pullups
1629653,Devon Dotson,1610612741,CHI,21.0,11,5,0.333,2,7,0.286,0.286,0.143,2,3,0.667,0.19,0,4,0.0,2020-21,Regular Season,Pullups
203500,Steven Adams,1610612740,NOP,27.0,58,7,0.023,2,7,0.286,0.286,0.02,2,6,0.333,0.003,0,1,0.0,2020-21,Regular Season,Pullups
1629057,Robert Williams III,1610612738,BOS,23.0,52,7,0.027,2,7,0.286,0.286,0.023,2,6,0.333,0.004,0,1,0.0,2020-21,Regular Season,Pullups
203994,Jusuf Nurkić,1610612757,POR,26.0,37,7,0.021,2,7,0.286,0.429,0.012,0,4,0.0,0.009,2,3,0.667,2020-21,Regular Season,Pullups
203457,Nerlens Noel,1610612752,NYK,27.0,64,7,0.031,1,7,0.143,0.143,0.027,1,6,0.167,0.004,0,1,0.0,2020-21,Regular Season,Pullups
1628021,David Nwaba,1610612745,HOU,28.0,30,5,0.034,0,7,0.0,0.0,0.014,0,3,0.0,0.019,0,4,0.0,2020-21,Regular Season,Pullups
1630233,Nathan Knight,1610612737,ATL,23.0,33,7,0.071,0,7,0.0,0.0,0.01,0,1,0.0,0.061,0,6,0.0,2020-21,Regular Season,Pullups
1630203,Grant Riller,1610612766,CHA,24.0,7,5,0.5,3,6,0.5,0.5,0.417,3,5,0.6,0.083,0,1,0.0,2020-21,Regular Season,Pullups
1629750,Javonte Green,1610612741,CHI,27.0,41,6,0.059,3,6,0.5,0.5,0.059,3,6,0.5,0.0,0,0,,2020-21,Regular Season,Pullups
202335,Patrick Patterson,1610612746,LAC,32.0,38,6,0.038,3,6,0.5,0.5,0.038,3,6,0.5,0.0,0,0,,2020-21,Regular Season,Pullups
1626161,Willie Cauley-Stein,1610612742,DAL,27.0,53,6,0.033,3,6,0.5,0.5,0.033,3,6,0.5,0.0,0,0,,2020-21,Regular Season,Pullups
1628993,Alize Johnson,1610612751,BKN,25.0,18,4,0.088,3,6,0.5,0.5,0.088,3,6,0.5,0.0,0,0,,2020-21,Regular Season,Pullups
203991,Clint Capela,1610612737,ATL,27.0,63,5,0.009,2,6,0.333,0.333,0.009,2,6,0.333,0.0,0,0,,2020-21,Regular Season,Pullups
1630194,Paul Reed,1610612755,PHI,22.0,26,4,0.077,2,6,0.333,0.333,0.077,2,6,0.333,0.0,0,0,,2020-21,Regular Season,Pullups
201959,Taj Gibson,1610612752,NYK,36.0,45,6,0.038,2,6,0.333,0.333,0.032,2,5,0.4,0.006,0,1,0.0,2020-21,Regular Season,Pullups
1627846,Abdel Nader,1610612756,PHX,27.0,24,4,0.053,2,6,0.333,0.333,0.035,2,4,0.5,0.018,0,2,0.0,2020-21,Regular Season,Pullups
1629052,Oshae Brissett,1610612754,IND,23.0,21,5,0.04,2,6,0.333,0.5,0.026,0,4,0.0,0.013,2,2,1.0,2020-21,Regular Season,Pullups
1630218,Robert Woodard II,1610612758,SAC,21.0,13,6,0.316,2,6,0.333,0.417,0.158,1,3,0.333,0.158,1,3,0.333,2020-21,Regular Season,Pullups
1630179,Tyrell Terry,1610612742,DAL,20.0,11,5,0.375,0,6,0.0,0.0,0.125,0,2,0.0,0.25,0,4,0.0,2020-21,Regular Season,Pullups
1629603,Mamadi Diakite,1610612749,MIL,24.0,14,4,0.15,0,6,0.0,0.0,0.1,0,4,0.0,0.05,0,2,0.0,2020-21,Regular Season,Pullups
1629681,Killian Tillie,1610612763,MEM,23.0,18,4,0.088,4,5,0.8,0.9,0.07,3,4,0.75,0.018,1,1,1.0,2020-21,Regular Season,Pullups
202326,DeMarcus Cousins,1610612746,LAC,30.0,41,5,0.017,3,5,0.6,0.8,0.01,1,3,0.333,0.007,2,2,1.0,2020-21,Regular Season,Pullups
1629644,KZ Okpala,1610612748,MIA,22.0,37,5,0.052,2,5,0.4,0.6,0.021,0,2,0.0,0.031,2,3,0.667,2020-21,Regular Season,Pullups
203957,Dante Exum,1610612745,HOU,25.0,6,4,0.192,2,5,0.4,0.5,0.115,1,3,0.333,0.077,1,2,0.5,2020-21,Regular Season,Pullups
1628418,Thomas Bryant,1610612764,WAS,23.0,10,4,0.055,2,5,0.4,0.4,0.055,2,5,0.4,0.0,0,0,,2020-21,Regular Season,Pullups
1630168,Onyeka Okongwu,1610612737,ATL,20.0,50,4,0.034,2,5,0.4,0.4,0.027,2,4,0.5,0.007,0,1,0.0,2020-21,Regular Season,Pullups
1630192,Zeke Nnaji,1610612743,DEN,20.0,42,4,0.048,2,5,0.4,0.5,0.038,1,4,0.25,0.01,1,1,1.0,2020-21,Regular Season,Pullups
1630206,Jay Scrubb,1610612746,LAC,20.0,4,1,0.2,1,5,0.2,0.2,0.16,1,4,0.25,0.04,0,1,0.0,2020-21,Regular Season,Pullups
1629671,Miye Oni,1610612762,UTA,23.0,54,5,0.051,1,5,0.2,0.3,0.0,0,0,,0.051,1,5,0.2,2020-21,Regular Season,Pullups
1630189,Tyler Bey,1610612742,DAL,23.0,18,5,0.227,1,5,0.2,0.3,0.136,0,3,0.0,0.091,1,2,0.5,2020-21,Regular Season,Pullups
1629620,Justin Robinson,1610612760,OKC,23.0,9,5,0.238,1,5,0.2,0.3,0.143,0,3,0.0,0.095,1,2,0.5,2020-21,Regular Season,Pullups
1629048,Goga Bitadze,1610612754,IND,21.0,45,5,0.026,1,5,0.2,0.2,0.015,1,3,0.333,0.01,0,2,0.0,2020-21,Regular Season,Pullups
1628427,Vlatko Čančar,1610612743,DEN,24.0,41,5,0.068,1,5,0.2,0.2,0.027,1,2,0.5,0.041,0,3,0.0,2020-21,Regular Season,Pullups
1630187,Daniel Oturu,1610612746,LAC,21.0,30,3,0.111,1,5,0.2,0.2,0.111,1,5,0.2,0.0,0,0,,2020-21,Regular Season,Pullups
1627751,Jakob Poeltl,1610612759,SAS,25.0,69,5,0.012,1,5,0.2,0.2,0.012,1,5,0.2,0.0,0,0,,2020-21,Regular Season,Pullups
202683,Enes Freedom,1610612757,POR,29.0,72,4,0.009,1,5,0.2,0.2,0.009,1,5,0.2,0.0,0,0,,2020-21,Regular Season,Pullups
203382,Aron Baynes,1610612761,TOR,34.0,53,5,0.017,0,5,0.0,0.0,0.01,0,3,0.0,0.007,0,2,0.0,2020-21,Regular Season,Pullups
1630264,Anthony Gill,1610612764,WAS,28.0,26,4,0.067,2,4,0.5,0.75,0.017,0,1,0.0,0.05,2,3,0.667,2020-21,Regular Season,Pullups
1630234,Ty-Shon Alexander,1610612756,PHX,22.0,15,4,0.333,1,4,0.25,0.375,0.167,0,2,0.0,0.167,1,2,0.5,2020-21,Regular Season,Pullups
1629021,Moritz Wagner,1610612753,ORL,24.0,45,4,0.017,1,4,0.25,0.375,0.009,0,2,0.0,0.009,1,2,0.5,2020-21,Regular Season,Pullups
1626195,Willy Hernangomez,1610612740,NOP,27.0,47,4,0.015,1,4,0.25,0.25,0.007,1,2,0.5,0.007,0,2,0.0,2020-21,Regular Season,Pullups
1628392,Isaiah Hartenstein,1610612739,CLE,23.0,46,4,0.023,1,4,0.25,0.375,0.018,0,3,0.0,0.006,1,1,1.0,2020-21,Regular Season,Pullups
1630273,Freddie Gillespie,1610612761,TOR,24.0,20,4,0.048,1,4,0.25,0.25,0.048,1,4,0.25,0.0,0,0,,2020-21,Regular Season,Pullups
1629658,Jaylen Hoard,1610612760,OKC,22.0,19,3,0.047,0,4,0.0,0.0,0.012,0,1,0.0,0.035,0,3,0.0,2020-21,Regular Season,Pullups
1629665,Jalen Lecque,1610612754,IND,21.0,4,2,0.444,0,4,0.0,0.0,0.333,0,3,0.0,0.111,0,1,0.0,2020-21,Regular Season,Pullups
202687,Bismack Biyombo,1610612766,CHA,28.0,66,4,0.017,0,4,0.0,0.0,0.017,0,4,0.0,0.0,0,0,,2020-21,Regular Season,Pullups
1627823,Juancho Hernangomez,1610612750,MIN,25.0,52,4,0.013,0,4,0.0,0.0,0.0,0,0,,0.013,0,4,0.0,2020-21,Regular Season,Pullups
1628383,Justin Patton,1610612745,HOU,24.0,13,4,0.057,0,4,0.0,0.0,0.029,0,2,0.0,0.029,0,2,0.0,2020-21,Regular Season,Pullups
1629607,Jared Harper,1610612752,NYK,23.0,8,4,1.0,0,4,0.0,0.0,0.75,0,3,0.0,0.25,0,1,0.0,2020-21,Regular Season,Pullups
1629020,Jarred Vanderbilt,1610612750,MIN,22.0,64,3,0.017,0,4,0.0,0.0,0.008,0,2,0.0,0.008,0,2,0.0,2020-21,Regular Season,Pullups
1629714,Jarrell Brantley,1610612762,UTA,25.0,28,3,0.058,2,3,0.667,0.833,0.019,1,1,1.0,0.038,1,2,0.5,2020-21,Regular Season,Pullups
1629234,Drew Eubanks,1610612759,SAS,24.0,54,3,0.015,2,3,0.667,0.667,0.015,2,3,0.667,0.0,0,0,,2020-21,Regular Season,Pullups
1629117,Wenyen Gabriel,1610612740,NOP,24.0,21,3,0.05,1,3,0.333,0.333,0.017,1,1,1.0,0.033,0,2,0.0,2020-21,Regular Season,Pullups
1626253,Axel Toupane,1610612749,MIL,28.0,8,3,0.273,1,3,0.333,0.5,0.182,0,2,0.0,0.091,1,1,1.0,2020-21,Regular Season,Pullups
1628981,Bruno Fernando,1610612737,ATL,22.0,33,2,0.068,1,3,0.333,0.333,0.068,1,3,0.333,0.0,0,0,,2020-21,Regular Season,Pullups
201162,Jared Dudley,1610612747,LAL,35.0,12,2,0.333,1,3,0.333,0.5,0.111,0,1,0.0,0.222,1,2,0.5,2020-21,Regular Season,Pullups
200782,P.J. Tucker,1610612749,MIL,36.0,52,3,0.017,1,3,0.333,0.333,0.017,1,3,0.333,0.0,0,0,,2020-21,Regular Season,Pullups
1629730,Rayjon Tucker,1610612755,PHI,23.0,14,3,0.167,1,3,0.333,0.5,0.056,0,1,0.0,0.111,1,2,0.5,2020-21,Regular Season,Pullups
1629121,Jaylen Adams,1610612749,MIL,25.0,7,2,0.375,1,3,0.333,0.333,0.25,1,2,0.5,0.125,0,1,0.0,2020-21,Regular Season,Pullups
202697,Iman Shumpert,1610612751,BKN,31.0,2,2,0.75,1,3,0.333,0.333,0.25,1,1,1.0,0.5,0,2,0.0,2020-21,Regular Season,Pullups
1628386,Jarrett Allen,1610612739,CLE,23.0,63,3,0.006,0,3,0.0,0.0,0.006,0,3,0.0,0.0,0,0,,2020-21,Regular Season,Pullups
1628412,Frank Mason III,1610612753,ORL,27.0,4,3,0.125,0,3,0.0,0.0,0.042,0,1,0.0,0.083,0,2,0.0,2020-21,Regular Season,Pullups
203497,Rudy Gobert,1610612762,UTA,29.0,71,3,0.005,0,3,0.0,0.0,0.002,0,1,0.0,0.003,0,2,0.0,2020-21,Regular Season,Pullups
1629617,Reggie Perry,1610612751,BKN,21.0,26,3,0.039,0,3,0.0,0.0,0.026,0,2,0.0,0.013,0,1,0.0,2020-21,Regular Season,Pullups
203960,JaKarr Sampson,1610612754,IND,28.0,29,3,0.027,0,3,0.0,0.0,0.027,0,3,0.0,0.0,0,0,,2020-21,Regular Season,Pullups
1629833,Keljin Blevins,1610612757,POR,25.0,17,3,0.15,0,3,0.0,0.0,0.05,0,1,0.0,0.1,0,2,0.0,2020-21,Regular Season,Pullups
1628414,Sindarius Thornwell,1610612753,ORL,26.0,21,2,0.067,0,3,0.0,0.0,0.067,0,3,0.0,0.0,0,0,,2020-21,Regular Season,Pullups
1628395,Jordan Bell,1610612744,GSW,26.0,6,2,0.091,1,2,0.5,0.5,0.091,1,2,0.5,0.0,0,0,,2020-21,Regular Season,Pullups
1627748,Thon Maker,1610612739,CLE,24.0,8,2,0.111,1,2,0.5,0.5,0.111,1,2,0.5,0.0,0,0,,2020-21,Regular Season,Pullups
1629346,Alen Smailagic,1610612744,GSW,20.0,15,2,0.074,1,2,0.5,0.5,0.074,1,2,0.5,0.0,0,0,,2020-21,Regular Season,Pullups
1629067,Isaac Bonga,1610612764,WAS,21.0,40,2,0.025,1,2,0.5,0.75,0.012,0,1,0.0,0.012,1,1,1.0,2020-21,Regular Season,Pullups
203458,Alex Len,1610612764,WAS,28.0,64,1,0.007,1,2,0.5,0.5,0.004,1,1,1.0,0.004,0,1,0.0,2020-21,Regular Season,Pullups
1629033,Theo Pinson,1610612752,NYK,25.0,17,2,0.222,1,2,0.5,0.5,0.111,1,1,1.0,0.111,0,1,0.0,2020-21,Regular Season,Pullups
1629007,Jontay Porter,1610612763,MEM,21.0,11,2,0.133,1,2,0.5,0.5,0.133,1,2,0.5,0.0,0,0,,2020-21,Regular Season,Pullups
1627740,Henry Ellenson,1610612761,TOR,24.0,2,2,0.143,1,2,0.5,0.75,0.0,0,0,,0.143,1,2,0.5,2020-21,Regular Season,Pullups
1629091,Elijah Bryant,1610612749,MIL,26.0,1,1,0.154,1,2,0.5,0.5,0.077,1,1,1.0,0.077,0,1,0.0,2020-21,Regular Season,Pullups
1629244,Cam Reynolds,1610612745,HOU,26.0,5,1,0.111,1,2,0.5,0.75,0.056,0,1,0.0,0.056,1,1,1.0,2020-21,Regular Season,Pullups
203915,Spencer Dinwiddie,1610612751,BKN,28.0,3,2,0.125,0,2,0.0,0.0,0.0,0,0,,0.125,0,2,0.0,2020-21,Regular Season,Pullups
1629662,Mfiondu Kabengele,1610612739,CLE,23.0,39,2,0.022,0,2,0.0,0.0,0.0,0,0,,0.022,0,2,0.0,2020-21,Regular Season,Pullups
1630253,Sean McDermott,1610612763,MEM,24.0,18,2,0.061,0,2,0.0,0.0,0.03,0,1,0.0,0.03,0,1,0.0,2020-21,Regular Season,Pullups
201229,Anthony Tolliver,1610612755,PHI,36.0,11,2,0.118,0,2,0.0,0.0,0.059,0,1,0.0,0.059,0,1,0.0,2020-21,Regular Season,Pullups
1629690,Adam Mokoka,1610612741,CHI,22.0,14,2,0.105,0,2,0.0,0.0,0.0,0,0,,0.105,0,2,0.0,2020-21,Regular Season,Pullups
2760,Anderson Varejao,1610612739,CLE,38.0,5,2,0.125,0,2,0.0,0.0,0.125,0,2,0.0,0.0,0,0,,2020-21,Regular Season,Pullups
1630211,Karim Mane,1610612753,ORL,21.0,10,2,0.154,0,2,0.0,0.0,0.077,0,1,0.0,0.077,0,1,0.0,2020-21,Regular Season,Pullups
2730,Dwight Howard,1610612755,PHI,35.0,69,2,0.007,0,2,0.0,0.0,0.003,0,1,0.0,0.003,0,1,0.0,2020-21,Regular Season,Pullups
1629738,Vincent Poirier,1610612755,PHI,27.0,10,2,0.167,0,2,0.0,0.0,0.167,0,2,0.0,0.0,0,0,,2020-21,Regular Season,Pullups
1630199,Cassius Stanley,1610612754,IND,21.0,24,2,0.047,0,2,0.0,0.0,0.023,0,1,0.0,0.023,0,1,0.0,2020-21,Regular Season,Pullups
1629606,Robert Franks,1610612753,ORL,24.0,7,2,0.071,0,2,0.0,0.0,0.036,0,1,0.0,0.036,0,1,0.0,2020-21,Regular Season,Pullups
1627826,Ivica Zubac,1610612746,LAC,24.0,72,1,0.003,1,1,1.0,1.0,0.003,1,1,1.0,0.0,0,0,,2020-21,Regular Season,Pullups
1626178,Rondae Hollis-Jefferson,1610612757,POR,26.0,11,1,0.056,1,1,1.0,1.0,0.056,1,1,1.0,0.0,0,0,,2020-21,Regular Season,Pullups
203939,Dwight Powell,1610612742,DAL,29.0,58,1,0.005,1,1,1.0,1.5,0.0,0,0,,0.005,1,1,1.0,2020-21,Regular Season,Pullups
1629752,Juwan Morgan,1610612762,UTA,24.0,29,1,0.033,1,1,1.0,1.5,0.0,0,0,,0.033,1,1,1.0,2020-21,Regular Season,Pullups
1629651,Nic Claxton,1610612751,BKN,22.0,32,1,0.007,0,1,0.0,0.0,0.007,0,1,0.0,0.0,0,0,,2020-21,Regular Season,Pullups
1629735,Chris Silva,1610612758,SAC,24.0,15,1,0.063,0,1,0.0,0.0,0.063,0,1,0.0,0.0,0,0,,2020-21,Regular Season,Pullups
201599,DeAndre Jordan,1610612751,BKN,32.0,57,1,0.004,0,1,0.0,0.0,0.004,0,1,0.0,0.0,0,0,,2020-21,Regular Season,Pullups
1629066,Rodions Kurucs,1610612749,MIL,23.0,21,1,0.031,0,1,0.0,0.0,0.031,0,1,0.0,0.0,0,0,,2020-21,Regular Season,Pullups
1629076,Tyler Cook,1610612765,DET,23.0,32,1,0.01,0,1,0.0,0.0,0.01,0,1,0.0,0.0,0,0,,2020-21,Regular Season,Pullups
1628388,T.J. Leaf,1610612757,POR,24.0,7,1,0.1,0,1,0.0,0.0,0.1,0,1,0.0,0.0,0,0,,2020-21,Regular Season,Pullups
1629712,Didi Louzada,1610612740,NOP,21.0,3,1,0.077,0,1,0.0,0.0,0.077,0,1,0.0,0.0,0,0,,2020-21,Regular Season,Pullups
1628968,Brian Bowen II,1610612754,IND,22.0,6,1,0.25,0,1,0.0,0.0,0.25,0,1,0.0,0.0,0,0,,2020-21,Regular Season,Pullups
1628390,Terrance Ferguson,1610612755,PHI,23.0,13,1,0.143,0,1,0.0,0.0,0.143,0,1,0.0,0.0,0,0,,2020-21,Regular Season,Pullups
1630176,Vernon Carey Jr.,1610612766,CHA,20.0,19,1,0.028,0,1,0.0,0.0,0.028,0,1,0.0,0.0,0,0,,2020-21,Regular Season,Pullups
203943,Noah Vonleh,1610612751,BKN,25.0,4,1,0.333,0,1,0.0,0.0,0.0,0,0,,0.333,0,1,0.0,2020-21,Regular Season,Pullups
1627739,Kris Dunn,1610612737,ATL,27.0,4,1,0.083,0,1,0.0,0.0,0.083,0,1,0.0,0.0,0,0,,2020-21,Regular Season,Pullups
1628419,Cameron Oliver,1610612745,HOU,24.0,4,1,0.03,0,1,0.0,0.0,0.03,0,1,0.0,0.0,0,0,,2020-21,Regular Season,Pullups
204222,Greg Whittington,1610612743,DEN,28.0,4,1,0.333,0,1,0.0,0.0,0.333,0,1,0.0,0.0,0,0,,2020-21,Regular Season,Pullups
1628396,Tony Bradley,1610612760,OKC,23.0,42,1,0.005,0,1,0.0,0.0,0.005,0,1,0.0,0.0,0,0,,2020-21,Regular Season,Pullups
1626245,Cristiano Felicio,1610612741,CHI,28.0,18,1,0.077,0,1,0.0,0.0,0.0,0,0,,0.077,0,1,0.0,2020-21,Regular Season,Pullups
203263,James Nunnally,1610612740,NOP,30.0,9,1,0.077,0,1,0.0,0.0,0.0,0,0,,0.077,0,1,0.0,2020-21,Regular Season,Pullups
203998,Bruno Caboclo,1610612745,HOU,25.0,6,1,0.059,0,1,0.0,0.0,0.0,0,0,,0.059,0,1,0.0,2020-21,Regular Season,Pullups
