PLAYER_ID,PLAYER_NAME,PLAYER_LAST_TEAM_ID,PLAYER_LAST_TEAM_ABBREVIATION,AGE,GP,G,FGA_FREQUENCY,FGM,FGA,FG_PCT,EFG_PCT,FG2A_FREQUENCY,FG2M,FG2A,FG2_PCT,FG3A_FREQUENCY,FG3M,FG3A,FG3_PCT,SEASON,SEASON_TYPE,RANGE_LABEL
202696,Nikola Vucevic,1610612741,CHI,30.0,70,70,0.694,461,970,0.475,0.565,0.38,286,531,0.539,0.314,175,439,0.399,2020-21,Regular Season,Touch < 2 Seconds
203999,Nikola Jokić,1610612743,DEN,26.0,72,72,0.533,393,680,0.578,0.641,0.363,307,463,0.663,0.17,86,217,0.396,2020-21,Regular Season,Touch < 2 Seconds
1629130,Duncan Robinson,1610612748,MIA,27.0,72,72,0.852,276,611,0.452,0.64,0.082,46,59,0.78,0.77,230,552,0.417,2020-21,Regular Season,Touch < 2 Seconds
1627741,Buddy Hield,1610612758,SAC,28.0,71,71,0.613,249,608,0.41,0.594,0.049,25,49,0.51,0.564,224,559,0.401,2020-21,Regular Season,Touch < 2 Seconds
1629008,Michael Porter Jr.,1610612743,DEN,23.0,61,61,0.702,322,570,0.565,0.689,0.329,180,267,0.674,0.373,142,303,0.469,2020-21,Regular Season,Touch < 2 Seconds
203991,Clint Capela,1610612737,ATL,27.0,63,63,0.819,352,569,0.619,0.619,0.819,352,569,0.619,0.0,0,0,,2020-21,Regular Season,Touch < 2 Seconds
201939,Stephen Curry,1610612744,GSW,33.0,63,63,0.415,262,563,0.465,0.627,0.096,80,130,0.615,0.319,182,433,0.42,2020-21,Regular Season,Touch < 2 Seconds
1628381,John Collins,1610612737,ATL,23.0,63,63,0.711,318,548,0.58,0.655,0.447,236,345,0.684,0.263,82,203,0.404,2020-21,Regular Season,Touch < 2 Seconds
203925,Joe Harris,1610612751,BKN,29.0,69,69,0.752,276,531,0.52,0.713,0.16,71,113,0.628,0.592,205,418,0.49,2020-21,Regular Season,Touch < 2 Seconds
1629028,Deandre Ayton,1610612756,PHX,22.0,69,69,0.778,349,529,0.66,0.664,0.751,345,511,0.675,0.026,4,18,0.222,2020-21,Regular Season,Touch < 2 Seconds
203482,Kelly Olynyk,1610612745,HOU,30.0,70,70,0.756,258,526,0.49,0.597,0.287,146,200,0.73,0.468,112,326,0.344,2020-21,Regular Season,Touch < 2 Seconds
1626179,Terry Rozier,1610612766,CHA,27.0,69,69,0.46,230,521,0.441,0.609,0.088,55,100,0.55,0.372,175,421,0.416,2020-21,Regular Season,Touch < 2 Seconds
1628969,Mikal Bridges,1610612756,PHX,24.0,72,72,0.791,284,520,0.546,0.669,0.326,156,214,0.729,0.466,128,306,0.418,2020-21,Regular Season,Touch < 2 Seconds
203497,Rudy Gobert,1610612762,UTA,29.0,71,71,0.889,364,514,0.708,0.708,0.884,364,511,0.712,0.005,0,3,0.0,2020-21,Regular Season,Touch < 2 Seconds
202685,Jonas Valančiūnas,1610612763,MEM,29.0,62,62,0.693,313,514,0.609,0.625,0.624,297,463,0.641,0.069,16,51,0.314,2020-21,Regular Season,Touch < 2 Seconds
203926,Doug McDermott,1610612754,IND,29.0,66,66,0.767,278,510,0.545,0.653,0.343,168,228,0.737,0.424,110,282,0.39,2020-21,Regular Season,Touch < 2 Seconds
203200,Justin Holiday,1610612754,IND,32.0,72,72,0.816,210,509,0.413,0.577,0.125,43,78,0.551,0.691,167,431,0.387,2020-21,Regular Season,Touch < 2 Seconds
1629023,P.J. Washington,1610612766,CHA,22.0,64,64,0.727,226,499,0.453,0.558,0.332,121,228,0.531,0.395,105,271,0.387,2020-21,Regular Season,Touch < 2 Seconds
203078,Bradley Beal,1610612764,WAS,28.0,60,60,0.36,248,498,0.498,0.582,0.199,164,275,0.596,0.161,84,223,0.377,2020-21,Regular Season,Touch < 2 Seconds
1628398,Kyle Kuzma,1610612747,LAL,25.0,68,67,0.661,223,497,0.449,0.573,0.218,99,164,0.604,0.443,124,333,0.372,2020-21,Regular Season,Touch < 2 Seconds
203501,Tim Hardaway Jr.,1610612742,DAL,29.0,70,70,0.543,214,494,0.433,0.601,0.092,48,84,0.571,0.451,166,410,0.405,2020-21,Regular Season,Touch < 2 Seconds
1627734,Domantas Sabonis,1610612754,IND,25.0,62,62,0.543,278,491,0.566,0.617,0.372,228,336,0.679,0.171,50,155,0.323,2020-21,Regular Season,Touch < 2 Seconds
1626158,Richaun Holmes,1610612758,SAC,27.0,61,61,0.849,314,488,0.643,0.645,0.831,312,478,0.653,0.017,2,10,0.2,2020-21,Regular Season,Touch < 2 Seconds
1628449,Chris Boucher,1610612761,TOR,28.0,60,60,0.871,250,488,0.512,0.6,0.463,164,259,0.633,0.409,86,229,0.376,2020-21,Regular Season,Touch < 2 Seconds
202711,Bojan Bogdanovic,1610612762,UTA,32.0,72,72,0.529,207,488,0.424,0.585,0.1,50,92,0.543,0.429,157,396,0.396,2020-21,Regular Season,Touch < 2 Seconds
203493,Reggie Bullock Jr.,1610612752,NYK,30.0,65,65,0.871,214,485,0.441,0.606,0.181,54,101,0.535,0.689,160,384,0.417,2020-21,Regular Season,Touch < 2 Seconds
1629627,Zion Williamson,1610612740,NOP,20.0,61,61,0.456,319,473,0.674,0.684,0.432,310,448,0.692,0.024,9,25,0.36,2020-21,Regular Season,Touch < 2 Seconds
204001,Kristaps Porziņģis,1610612742,DAL,25.0,43,43,0.693,232,473,0.49,0.587,0.343,141,234,0.603,0.35,91,239,0.381,2020-21,Regular Season,Touch < 2 Seconds
201572,Brook Lopez,1610612749,MIL,33.0,70,70,0.736,235,471,0.499,0.594,0.322,145,206,0.704,0.414,90,265,0.34,2020-21,Regular Season,Touch < 2 Seconds
1630180,Saddiq Bey,1610612765,DET,22.0,70,69,0.685,204,471,0.433,0.603,0.097,44,67,0.657,0.587,160,404,0.396,2020-21,Regular Season,Touch < 2 Seconds
1626157,Karl-Anthony Towns,1610612750,MIN,25.0,50,50,0.528,237,462,0.513,0.629,0.231,130,202,0.644,0.297,107,260,0.412,2020-21,Regular Season,Touch < 2 Seconds
203952,Andrew Wiggins,1610612744,GSW,26.0,71,71,0.439,228,461,0.495,0.608,0.178,123,187,0.658,0.261,105,274,0.383,2020-21,Regular Season,Touch < 2 Seconds
1627759,Jaylen Brown,1610612738,BOS,24.0,58,58,0.414,217,460,0.472,0.602,0.149,97,165,0.588,0.266,120,295,0.407,2020-21,Regular Season,Touch < 2 Seconds
203944,Julius Randle,1610612752,NYK,26.0,71,71,0.34,204,449,0.454,0.589,0.122,83,161,0.516,0.218,121,288,0.42,2020-21,Regular Season,Touch < 2 Seconds
1626181,Norman Powell,1610612757,POR,28.0,69,68,0.488,212,448,0.473,0.627,0.144,74,132,0.561,0.344,138,316,0.437,2020-21,Regular Season,Touch < 2 Seconds
1628389,Bam Adebayo,1610612748,MIA,23.0,64,64,0.557,291,445,0.654,0.656,0.553,289,442,0.654,0.004,2,3,0.667,2020-21,Regular Season,Touch < 2 Seconds
202722,Davis Bertans,1610612764,WAS,28.0,57,57,0.931,184,445,0.413,0.598,0.073,20,35,0.571,0.858,164,410,0.4,2020-21,Regular Season,Touch < 2 Seconds
1626162,Kelly Oubre Jr.,1610612744,GSW,25.0,55,55,0.614,211,441,0.478,0.574,0.263,127,189,0.672,0.351,84,252,0.333,2020-21,Regular Season,Touch < 2 Seconds
1629628,RJ Barrett,1610612752,NYK,21.0,72,72,0.42,201,441,0.456,0.591,0.144,82,151,0.543,0.276,119,290,0.41,2020-21,Regular Season,Touch < 2 Seconds
1626164,Devin Booker,1610612756,PHX,24.0,67,67,0.343,206,437,0.471,0.557,0.175,131,223,0.587,0.168,75,214,0.35,2020-21,Regular Season,Touch < 2 Seconds
1628415,Dillon Brooks,1610612763,MEM,25.0,67,67,0.415,180,428,0.421,0.543,0.133,75,137,0.547,0.282,105,291,0.361,2020-21,Regular Season,Touch < 2 Seconds
1628464,Daniel Theis,1610612741,CHI,29.0,65,63,0.91,237,424,0.559,0.617,0.605,188,282,0.667,0.305,49,142,0.345,2020-21,Regular Season,Touch < 2 Seconds
203109,Jae Crowder,1610612756,PHX,30.0,60,60,0.863,175,422,0.415,0.575,0.155,40,76,0.526,0.708,135,346,0.39,2020-21,Regular Season,Touch < 2 Seconds
201980,Danny Green,1610612755,PHI,34.0,69,68,0.769,175,419,0.418,0.606,0.068,17,37,0.459,0.701,158,382,0.414,2020-21,Regular Season,Touch < 2 Seconds
1628366,Lonzo Ball,1610612740,NOP,23.0,55,55,0.596,175,416,0.421,0.588,0.082,36,57,0.632,0.514,139,359,0.387,2020-21,Regular Season,Touch < 2 Seconds
1630162,Anthony Edwards,1610612750,MIN,19.0,72,72,0.343,180,415,0.434,0.542,0.125,90,151,0.596,0.218,90,264,0.341,2020-21,Regular Season,Touch < 2 Seconds
203924,Jerami Grant,1610612765,DET,27.0,54,54,0.447,168,412,0.408,0.53,0.14,67,129,0.519,0.307,101,283,0.357,2020-21,Regular Season,Touch < 2 Seconds
1628374,Lauri Markkanen,1610612741,CHI,24.0,51,51,0.788,195,410,0.476,0.621,0.223,76,116,0.655,0.565,119,294,0.405,2020-21,Regular Season,Touch < 2 Seconds
1629632,Coby White,1610612741,CHI,21.0,69,69,0.445,155,401,0.387,0.544,0.055,29,50,0.58,0.389,126,351,0.359,2020-21,Regular Season,Touch < 2 Seconds
203496,Robert Covington,1610612757,POR,30.0,70,69,0.786,162,400,0.405,0.563,0.149,36,76,0.474,0.637,126,324,0.389,2020-21,Regular Season,Touch < 2 Seconds
1627751,Jakob Poeltl,1610612759,SAS,25.0,69,68,0.921,248,397,0.625,0.625,0.921,248,397,0.625,0.0,0,0,,2020-21,Regular Season,Touch < 2 Seconds
1629661,Cameron Johnson,1610612756,PHX,25.0,60,60,0.829,166,397,0.418,0.564,0.152,50,73,0.685,0.676,116,324,0.358,2020-21,Regular Season,Touch < 2 Seconds
1629675,Naz Reid,1610612750,MIN,21.0,70,67,0.673,218,391,0.558,0.634,0.38,158,221,0.715,0.293,60,170,0.353,2020-21,Regular Season,Touch < 2 Seconds
1628989,Kevin Huerter,1610612737,ATL,22.0,69,69,0.535,162,391,0.414,0.561,0.116,47,85,0.553,0.419,115,306,0.376,2020-21,Regular Season,Touch < 2 Seconds
1626174,Christian Wood,1610612745,HOU,25.0,41,41,0.609,215,390,0.551,0.632,0.341,152,218,0.697,0.269,63,172,0.366,2020-21,Regular Season,Touch < 2 Seconds
1628970,Miles Bridges,1610612766,CHA,23.0,66,65,0.625,210,389,0.54,0.652,0.267,123,166,0.741,0.359,87,223,0.39,2020-21,Regular Season,Touch < 2 Seconds
202683,Enes Freedom,1610612757,POR,29.0,72,71,0.69,254,387,0.656,0.658,0.684,253,384,0.659,0.005,1,3,0.333,2020-21,Regular Season,Touch < 2 Seconds
203903,Jordan Clarkson,1610612762,UTA,29.0,68,68,0.355,142,381,0.373,0.526,0.047,25,50,0.5,0.309,117,331,0.353,2020-21,Regular Season,Touch < 2 Seconds
1627736,Malik Beasley,1610612750,MIN,24.0,37,37,0.625,171,375,0.456,0.593,0.205,68,123,0.553,0.42,103,252,0.409,2020-21,Regular Season,Touch < 2 Seconds
1628978,Donte DiVincenzo,1610612749,MIL,24.0,66,66,0.62,162,374,0.433,0.561,0.196,66,118,0.559,0.425,96,256,0.375,2020-21,Regular Season,Touch < 2 Seconds
1628386,Jarrett Allen,1610612739,CLE,23.0,63,62,0.777,255,372,0.685,0.694,0.741,249,355,0.701,0.035,6,17,0.353,2020-21,Regular Season,Touch < 2 Seconds
201145,Jeff Green,1610612751,BKN,34.0,68,66,0.702,192,372,0.516,0.651,0.268,92,142,0.648,0.434,100,230,0.435,2020-21,Regular Season,Touch < 2 Seconds
1629012,Collin Sexton,1610612739,CLE,22.0,60,59,0.341,195,371,0.526,0.609,0.199,133,217,0.613,0.142,62,154,0.403,2020-21,Regular Season,Touch < 2 Seconds
201988,Patty Mills,1610612759,SAS,32.0,68,68,0.606,161,371,0.434,0.601,0.105,37,64,0.578,0.502,124,307,0.404,2020-21,Regular Season,Touch < 2 Seconds
1626171,Bobby Portis,1610612749,MIL,26.0,66,65,0.618,204,370,0.551,0.647,0.362,133,217,0.613,0.255,71,153,0.464,2020-21,Regular Season,Touch < 2 Seconds
1629060,Rui Hachimura,1610612764,WAS,23.0,57,57,0.571,195,370,0.527,0.588,0.363,150,235,0.638,0.208,45,135,0.333,2020-21,Regular Season,Touch < 2 Seconds
203114,Khris Middleton,1610612749,MIL,29.0,68,68,0.343,179,368,0.486,0.607,0.152,90,163,0.552,0.191,89,205,0.434,2020-21,Regular Season,Touch < 2 Seconds
1627827,Dorian Finney-Smith,1610612742,DAL,28.0,60,60,0.785,169,365,0.463,0.612,0.191,60,89,0.674,0.594,109,276,0.395,2020-21,Regular Season,Touch < 2 Seconds
1627854,Bryn Forbes,1610612749,MIL,27.0,70,69,0.69,168,365,0.46,0.656,0.096,25,51,0.49,0.594,143,314,0.455,2020-21,Regular Season,Touch < 2 Seconds
203484,Kentavious Caldwell-Pope,1610612747,LAL,28.0,67,66,0.733,162,362,0.448,0.597,0.213,54,105,0.514,0.52,108,257,0.42,2020-21,Regular Season,Touch < 2 Seconds
1629018,Gary Trent Jr.,1610612761,TOR,22.0,58,58,0.461,145,362,0.401,0.562,0.087,28,68,0.412,0.375,117,294,0.398,2020-21,Regular Season,Touch < 2 Seconds
1630256,Jae'Sean Tate,1610612745,HOU,25.0,70,70,0.582,174,361,0.482,0.56,0.282,118,175,0.674,0.3,56,186,0.301,2020-21,Regular Season,Touch < 2 Seconds
201587,Nicolas Batum,1610612746,LAC,32.0,67,66,0.869,168,358,0.469,0.622,0.228,59,94,0.628,0.641,109,264,0.413,2020-21,Regular Season,Touch < 2 Seconds
1629634,Brandon Clarke,1610612763,MEM,24.0,59,59,0.723,190,357,0.532,0.56,0.567,170,280,0.607,0.156,20,77,0.26,2020-21,Regular Season,Touch < 2 Seconds
1627742,Brandon Ingram,1610612740,NOP,23.0,61,61,0.323,159,355,0.448,0.596,0.093,54,102,0.529,0.23,105,253,0.415,2020-21,Regular Season,Touch < 2 Seconds
201152,Thaddeus Young,1610612741,CHI,33.0,68,68,0.531,206,352,0.585,0.602,0.466,194,309,0.628,0.065,12,43,0.279,2020-21,Regular Season,Touch < 2 Seconds
1626167,Myles Turner,1610612754,IND,25.0,47,47,0.815,170,352,0.483,0.578,0.352,103,152,0.678,0.463,67,200,0.335,2020-21,Regular Season,Touch < 2 Seconds
1626224,Cedi Osman,1610612739,CLE,26.0,59,56,0.612,131,352,0.372,0.483,0.174,53,100,0.53,0.438,78,252,0.31,2020-21,Regular Season,Touch < 2 Seconds
1628971,Bruce Brown,1610612751,BKN,24.0,65,60,0.827,198,350,0.566,0.59,0.688,181,291,0.622,0.139,17,59,0.288,2020-21,Regular Season,Touch < 2 Seconds
1629640,Keldon Johnson,1610612759,SAS,21.0,69,68,0.495,175,349,0.501,0.577,0.272,122,192,0.635,0.223,53,157,0.338,2020-21,Regular Season,Touch < 2 Seconds
1626149,Montrezl Harrell,1610612747,LAL,27.0,69,66,0.584,249,347,0.718,0.718,0.572,249,340,0.732,0.012,0,7,0.0,2020-21,Regular Season,Touch < 2 Seconds
1626192,Pat Connaughton,1610612749,MIL,28.0,69,67,0.884,152,342,0.444,0.591,0.207,52,80,0.65,0.677,100,262,0.382,2020-21,Regular Season,Touch < 2 Seconds
202339,Eric Bledsoe,1610612740,NOP,31.0,71,70,0.464,137,339,0.404,0.553,0.074,36,54,0.667,0.39,101,285,0.354,2020-21,Regular Season,Touch < 2 Seconds
1628984,Devonte' Graham,1610612766,CHA,26.0,55,54,0.503,140,336,0.417,0.607,0.033,12,22,0.545,0.47,128,314,0.408,2020-21,Regular Season,Touch < 2 Seconds
200752,Rudy Gay,1610612759,SAS,34.0,63,63,0.533,142,335,0.424,0.563,0.148,49,93,0.527,0.385,93,242,0.384,2020-21,Regular Season,Touch < 2 Seconds
203954,Joel Embiid,1610612755,PHI,27.0,51,51,0.371,172,334,0.515,0.581,0.232,128,209,0.612,0.139,44,125,0.352,2020-21,Regular Season,Touch < 2 Seconds
1627783,Pascal Siakam,1610612761,TOR,27.0,56,56,0.348,148,334,0.443,0.531,0.149,89,143,0.622,0.199,59,191,0.309,2020-21,Regular Season,Touch < 2 Seconds
1629013,Landry Shamet,1610612751,BKN,24.0,61,61,0.732,140,334,0.419,0.605,0.077,16,35,0.457,0.656,124,299,0.415,2020-21,Regular Season,Touch < 2 Seconds
1630191,Isaiah Stewart,1610612765,DET,20.0,68,67,0.822,184,333,0.553,0.583,0.677,164,274,0.599,0.146,20,59,0.339,2020-21,Regular Season,Touch < 2 Seconds
1627832,Fred VanVleet,1610612761,TOR,27.0,52,52,0.38,130,331,0.393,0.556,0.049,22,43,0.512,0.331,108,288,0.375,2020-21,Regular Season,Touch < 2 Seconds
1628976,Wendell Carter Jr.,1610612753,ORL,22.0,54,53,0.713,171,326,0.525,0.548,0.602,156,275,0.567,0.112,15,51,0.294,2020-21,Regular Season,Touch < 2 Seconds
1629652,Luguentz Dort,1610612760,OKC,22.0,52,52,0.509,126,325,0.388,0.54,0.08,27,51,0.529,0.429,99,274,0.361,2020-21,Regular Season,Touch < 2 Seconds
1628384,OG Anunoby,1610612761,TOR,23.0,43,43,0.625,157,324,0.485,0.639,0.158,57,82,0.695,0.467,100,242,0.413,2020-21,Regular Season,Touch < 2 Seconds
1628963,Marvin Bagley III,1610612758,SAC,22.0,43,43,0.661,173,323,0.536,0.588,0.456,139,223,0.623,0.204,34,100,0.34,2020-21,Regular Season,Touch < 2 Seconds
203920,Khem Birch,1610612761,TOR,28.0,67,65,0.85,166,323,0.514,0.534,0.718,153,273,0.56,0.132,13,50,0.26,2020-21,Regular Season,Touch < 2 Seconds
1629134,Kendrick Nunn,1610612748,MIA,25.0,56,54,0.489,151,322,0.469,0.621,0.122,53,80,0.663,0.368,98,242,0.405,2020-21,Regular Season,Touch < 2 Seconds
202694,Marcus Morris Sr.,1610612746,LAC,31.0,57,57,0.546,162,319,0.508,0.71,0.094,33,55,0.6,0.452,129,264,0.489,2020-21,Regular Season,Touch < 2 Seconds
203210,JaMychal Green,1610612743,DEN,31.0,58,58,0.858,152,319,0.476,0.599,0.339,74,126,0.587,0.519,78,193,0.404,2020-21,Regular Season,Touch < 2 Seconds
1630217,Desmond Bane,1610612763,MEM,23.0,68,67,0.633,148,316,0.468,0.628,0.17,47,85,0.553,0.463,101,231,0.437,2020-21,Regular Season,Touch < 2 Seconds
1626220,Royce O'Neale,1610612762,UTA,28.0,71,71,0.802,136,316,0.43,0.592,0.142,34,56,0.607,0.66,102,260,0.392,2020-21,Regular Season,Touch < 2 Seconds
1627826,Ivica Zubac,1610612746,LAC,24.0,72,70,0.797,209,314,0.666,0.667,0.787,208,310,0.671,0.01,1,4,0.25,2020-21,Regular Season,Touch < 2 Seconds
202331,Paul George,1610612746,LAC,31.0,54,54,0.329,147,314,0.468,0.631,0.077,45,73,0.616,0.253,102,241,0.423,2020-21,Regular Season,Touch < 2 Seconds
1627777,Georges Niang,1610612762,UTA,28.0,72,68,0.777,140,314,0.446,0.64,0.084,18,34,0.529,0.693,122,280,0.436,2020-21,Regular Season,Touch < 2 Seconds
1628367,Josh Jackson,1610612765,DET,24.0,62,62,0.447,125,314,0.398,0.505,0.142,58,100,0.58,0.305,67,214,0.313,2020-21,Regular Season,Touch < 2 Seconds
1629647,Darius Bazley,1610612760,OKC,21.0,55,55,0.455,122,314,0.389,0.484,0.146,62,101,0.614,0.309,60,213,0.282,2020-21,Regular Season,Touch < 2 Seconds
203084,Harrison Barnes,1610612758,SAC,29.0,58,58,0.486,157,312,0.503,0.627,0.188,80,121,0.661,0.298,77,191,0.403,2020-21,Regular Season,Touch < 2 Seconds
203992,Bogdan Bogdanović,1610612737,ATL,28.0,44,44,0.552,152,312,0.487,0.671,0.101,37,57,0.649,0.451,115,255,0.451,2020-21,Regular Season,Touch < 2 Seconds
1630172,Patrick Williams,1610612741,CHI,19.0,71,71,0.583,163,308,0.529,0.612,0.343,112,181,0.619,0.241,51,127,0.402,2020-21,Regular Season,Touch < 2 Seconds
202330,Gordon Hayward,1610612766,CHA,31.0,44,44,0.46,162,303,0.535,0.647,0.231,94,152,0.618,0.229,68,151,0.45,2020-21,Regular Season,Touch < 2 Seconds
203937,Kyle Anderson,1610612763,MEM,27.0,69,67,0.46,128,303,0.422,0.541,0.14,56,92,0.609,0.321,72,211,0.341,2020-21,Regular Season,Touch < 2 Seconds
1629004,Svi Mykhailiuk,1610612760,OKC,24.0,66,63,0.599,126,303,0.416,0.559,0.101,39,51,0.765,0.498,87,252,0.345,2020-21,Regular Season,Touch < 2 Seconds
1629022,Lonnie Walker IV,1610612759,SAS,22.0,60,60,0.496,122,302,0.404,0.543,0.122,38,74,0.514,0.374,84,228,0.368,2020-21,Regular Season,Touch < 2 Seconds
203507,Giannis Antetokounmpo,1610612749,MIL,26.0,61,60,0.273,204,300,0.68,0.7,0.222,192,244,0.787,0.051,12,56,0.214,2020-21,Regular Season,Touch < 2 Seconds
202699,Tobias Harris,1610612755,PHI,28.0,62,60,0.325,155,300,0.517,0.628,0.155,88,143,0.615,0.17,67,157,0.427,2020-21,Regular Season,Touch < 2 Seconds
203897,Zach LaVine,1610612741,CHI,26.0,58,58,0.265,175,298,0.587,0.728,0.114,91,128,0.711,0.151,84,170,0.494,2020-21,Regular Season,Touch < 2 Seconds
2546,Carmelo Anthony,1610612757,POR,37.0,69,69,0.384,122,298,0.409,0.567,0.085,28,66,0.424,0.299,94,232,0.405,2020-21,Regular Season,Touch < 2 Seconds
203083,Andre Drummond,1610612747,LAL,27.0,46,45,0.536,164,296,0.554,0.554,0.522,164,288,0.569,0.014,0,8,0.0,2020-21,Regular Season,Touch < 2 Seconds
203463,Ben McLemore,1610612747,LAL,28.0,53,51,0.82,113,292,0.387,0.536,0.138,26,49,0.531,0.683,87,243,0.358,2020-21,Regular Season,Touch < 2 Seconds
1630183,Jaden McDaniels,1610612750,MIN,20.0,63,62,0.785,129,288,0.448,0.566,0.27,61,99,0.616,0.515,68,189,0.36,2020-21,Regular Season,Touch < 2 Seconds
1626196,Josh Richardson,1610612742,DAL,27.0,59,59,0.466,109,288,0.378,0.5,0.11,39,68,0.574,0.356,70,220,0.318,2020-21,Regular Season,Touch < 2 Seconds
1627789,Timothe Luwawu-Cabarrot,1610612751,BKN,26.0,58,55,0.803,101,286,0.353,0.483,0.149,27,53,0.509,0.654,74,233,0.318,2020-21,Regular Season,Touch < 2 Seconds
203081,Damian Lillard,1610612757,POR,30.0,67,66,0.213,145,284,0.511,0.68,0.058,49,78,0.628,0.154,96,206,0.466,2020-21,Regular Season,Touch < 2 Seconds
1627763,Malcolm Brogdon,1610612754,IND,28.0,56,55,0.289,126,283,0.445,0.597,0.082,40,80,0.5,0.207,86,203,0.424,2020-21,Regular Season,Touch < 2 Seconds
203076,Anthony Davis,1610612747,LAL,28.0,36,35,0.472,154,282,0.546,0.59,0.325,129,194,0.665,0.147,25,88,0.284,2020-21,Regular Season,Touch < 2 Seconds
1630171,Isaac Okoro,1610612739,CLE,20.0,67,65,0.507,119,279,0.427,0.518,0.2,68,110,0.618,0.307,51,169,0.302,2020-21,Regular Season,Touch < 2 Seconds
1628369,Jayson Tatum,1610612738,BOS,23.0,64,64,0.211,161,278,0.579,0.698,0.102,95,134,0.709,0.109,66,144,0.458,2020-21,Regular Season,Touch < 2 Seconds
202681,Kyrie Irving,1610612751,BKN,29.0,54,54,0.256,131,278,0.471,0.612,0.087,53,95,0.558,0.169,78,183,0.426,2020-21,Regular Season,Touch < 2 Seconds
203382,Aron Baynes,1610612761,TOR,34.0,53,52,0.914,124,277,0.448,0.496,0.584,97,177,0.548,0.33,27,100,0.27,2020-21,Regular Season,Touch < 2 Seconds
203115,Will Barton,1610612743,DEN,30.0,56,54,0.457,126,276,0.457,0.578,0.167,59,101,0.584,0.29,67,175,0.383,2020-21,Regular Season,Touch < 2 Seconds
1627749,Dejounte Murray,1610612759,SAS,24.0,67,64,0.284,111,276,0.402,0.5,0.105,57,102,0.559,0.179,54,174,0.31,2020-21,Regular Season,Touch < 2 Seconds
203468,CJ McCollum,1610612757,POR,29.0,47,47,0.311,134,275,0.487,0.655,0.081,42,72,0.583,0.23,92,203,0.453,2020-21,Regular Season,Touch < 2 Seconds
201950,Jrue Holiday,1610612749,MIL,31.0,59,59,0.329,131,271,0.483,0.579,0.152,79,125,0.632,0.177,52,146,0.356,2020-21,Regular Season,Touch < 2 Seconds
203082,Terrence Ross,1610612753,ORL,30.0,46,45,0.44,123,271,0.454,0.572,0.151,59,93,0.634,0.289,64,178,0.36,2020-21,Regular Season,Touch < 2 Seconds
201568,Danilo Gallinari,1610612737,ATL,32.0,51,51,0.57,121,269,0.45,0.612,0.121,34,57,0.596,0.449,87,212,0.41,2020-21,Regular Season,Touch < 2 Seconds
1627788,Furkan Korkmaz,1610612755,PHI,23.0,55,53,0.634,115,269,0.428,0.597,0.097,24,41,0.585,0.538,91,228,0.399,2020-21,Regular Season,Touch < 2 Seconds
203935,Marcus Smart,1610612738,BOS,27.0,48,48,0.527,95,269,0.353,0.491,0.088,21,45,0.467,0.439,74,224,0.33,2020-21,Regular Season,Touch < 2 Seconds
201586,Serge Ibaka,1610612746,LAC,31.0,41,40,0.753,138,268,0.515,0.584,0.458,101,163,0.62,0.295,37,105,0.352,2020-21,Regular Season,Touch < 2 Seconds
203552,Seth Curry,1610612755,PHI,30.0,57,56,0.482,127,266,0.477,0.667,0.094,26,52,0.5,0.388,101,214,0.472,2020-21,Regular Season,Touch < 2 Seconds
1629673,Jordan Poole,1610612744,GSW,22.0,51,48,0.561,116,266,0.436,0.586,0.105,36,50,0.72,0.456,80,216,0.37,2020-21,Regular Season,Touch < 2 Seconds
1628960,Grayson Allen,1610612763,MEM,25.0,50,48,0.64,105,265,0.396,0.566,0.075,15,31,0.484,0.565,90,234,0.385,2020-21,Regular Season,Touch < 2 Seconds
1629731,Dean Wade,1610612739,CLE,24.0,63,57,0.849,111,264,0.42,0.563,0.18,36,56,0.643,0.669,75,208,0.361,2020-21,Regular Season,Touch < 2 Seconds
1629639,Tyler Herro,1610612748,MIA,21.0,54,53,0.376,119,263,0.452,0.586,0.119,49,83,0.59,0.258,70,180,0.389,2020-21,Regular Season,Touch < 2 Seconds
2730,Dwight Howard,1610612755,PHI,35.0,69,63,0.861,156,261,0.598,0.603,0.805,153,244,0.627,0.056,3,17,0.176,2020-21,Regular Season,Touch < 2 Seconds
201961,Wayne Ellington,1610612765,DET,33.0,46,45,0.791,108,261,0.414,0.598,0.079,12,26,0.462,0.712,96,235,0.409,2020-21,Regular Season,Touch < 2 Seconds
202693,Markieff Morris,1610612747,LAL,31.0,61,55,0.686,99,258,0.384,0.504,0.162,37,61,0.607,0.524,62,197,0.315,2020-21,Regular Season,Touch < 2 Seconds
1629056,Terence Davis,1610612758,SAC,24.0,61,56,0.564,115,257,0.447,0.605,0.114,34,52,0.654,0.45,81,205,0.395,2020-21,Regular Season,Touch < 2 Seconds
202066,Garrett Temple,1610612741,CHI,35.0,56,54,0.672,101,256,0.395,0.514,0.199,40,76,0.526,0.472,61,180,0.339,2020-21,Regular Season,Touch < 2 Seconds
203145,Kent Bazemore,1610612744,GSW,31.0,67,61,0.656,117,255,0.459,0.594,0.226,48,88,0.545,0.429,69,167,0.413,2020-21,Regular Season,Touch < 2 Seconds
203967,Dario Saric,1610612756,PHX,27.0,50,50,0.743,115,254,0.453,0.541,0.365,70,125,0.56,0.377,45,129,0.349,2020-21,Regular Season,Touch < 2 Seconds
203932,Aaron Gordon,1610612743,DEN,25.0,50,50,0.507,138,253,0.545,0.638,0.265,91,132,0.689,0.242,47,121,0.388,2020-21,Regular Season,Touch < 2 Seconds
201566,Russell Westbrook,1610612764,WAS,32.0,65,63,0.204,119,252,0.472,0.573,0.086,68,106,0.642,0.118,51,146,0.349,2020-21,Regular Season,Touch < 2 Seconds
200794,Paul Millsap,1610612743,DEN,36.0,56,56,0.636,118,252,0.468,0.562,0.288,71,114,0.623,0.348,47,138,0.341,2020-21,Regular Season,Touch < 2 Seconds
1628467,Maxi Kleber,1610612742,DAL,29.0,50,50,0.916,107,252,0.425,0.595,0.16,21,44,0.477,0.756,86,208,0.413,2020-21,Regular Season,Touch < 2 Seconds
203110,Draymond Green,1610612744,GSW,31.0,63,62,0.661,109,251,0.434,0.5,0.35,76,133,0.571,0.311,33,118,0.28,2020-21,Regular Season,Touch < 2 Seconds
1630214,Xavier Tillman,1610612763,MEM,22.0,59,57,0.833,137,249,0.55,0.594,0.615,115,184,0.625,0.217,22,65,0.338,2020-21,Regular Season,Touch < 2 Seconds
1627884,Derrick Jones Jr.,1610612757,POR,24.0,58,56,0.819,119,249,0.478,0.562,0.385,77,117,0.658,0.434,42,132,0.318,2020-21,Regular Season,Touch < 2 Seconds
1630164,James Wiseman,1610612744,GSW,20.0,39,39,0.687,144,248,0.581,0.601,0.604,134,218,0.615,0.083,10,30,0.333,2020-21,Regular Season,Touch < 2 Seconds
1630169,Tyrese Haliburton,1610612758,SAC,21.0,58,56,0.401,107,248,0.431,0.599,0.084,24,52,0.462,0.317,83,196,0.423,2020-21,Regular Season,Touch < 2 Seconds
1627756,Denzel Valentine,1610612741,CHI,27.0,62,57,0.596,90,248,0.363,0.5,0.106,22,44,0.5,0.49,68,204,0.333,2020-21,Regular Season,Touch < 2 Seconds
204060,Joe Ingles,1610612762,UTA,33.0,67,66,0.44,127,247,0.514,0.751,0.021,10,12,0.833,0.418,117,235,0.498,2020-21,Regular Season,Touch < 2 Seconds
203486,Mason Plumlee,1610612765,DET,31.0,56,55,0.646,167,245,0.682,0.682,0.628,167,238,0.702,0.018,0,7,0.0,2020-21,Regular Season,Touch < 2 Seconds
203488,Mike Muscala,1610612760,OKC,29.0,35,35,0.918,109,245,0.445,0.582,0.24,42,64,0.656,0.678,67,181,0.37,2020-21,Regular Season,Touch < 2 Seconds
203095,Evan Fournier,1610612738,BOS,28.0,42,42,0.453,105,245,0.429,0.59,0.102,26,55,0.473,0.351,79,190,0.416,2020-21,Regular Season,Touch < 2 Seconds
201599,DeAndre Jordan,1610612751,BKN,32.0,57,56,0.98,187,244,0.766,0.766,0.976,187,243,0.77,0.004,0,1,0.0,2020-21,Regular Season,Touch < 2 Seconds
1629637,Jaxson Hayes,1610612740,NOP,21.0,60,56,0.868,157,243,0.646,0.658,0.825,151,231,0.654,0.043,6,12,0.5,2020-21,Regular Season,Touch < 2 Seconds
1627823,Juancho Hernangomez,1610612750,MIN,25.0,52,50,0.815,106,243,0.436,0.547,0.272,52,81,0.642,0.544,54,162,0.333,2020-21,Regular Season,Touch < 2 Seconds
1630177,Theo Maledon,1610612760,OKC,20.0,65,63,0.397,87,243,0.358,0.516,0.031,10,19,0.526,0.366,77,224,0.344,2020-21,Regular Season,Touch < 2 Seconds
1630231,KJ Martin,1610612745,HOU,20.0,45,44,0.761,137,242,0.566,0.638,0.472,102,150,0.68,0.289,35,92,0.38,2020-21,Regular Season,Touch < 2 Seconds
202695,Kawhi Leonard,1610612746,LAC,30.0,52,51,0.265,135,240,0.563,0.694,0.115,72,104,0.692,0.15,63,136,0.463,2020-21,Regular Season,Touch < 2 Seconds
1630166,Deni Avdija,1610612764,WAS,20.0,54,52,0.769,100,240,0.417,0.523,0.24,49,75,0.653,0.529,51,165,0.309,2020-21,Regular Season,Touch < 2 Seconds
201577,Robin Lopez,1610612764,WAS,33.0,71,64,0.561,152,238,0.639,0.649,0.519,147,220,0.668,0.042,5,18,0.278,2020-21,Regular Season,Touch < 2 Seconds
203469,Cody Zeller,1610612766,CHA,28.0,48,48,0.735,134,238,0.563,0.567,0.657,132,213,0.62,0.077,2,25,0.08,2020-21,Regular Season,Touch < 2 Seconds
1628378,Donovan Mitchell,1610612762,UTA,24.0,53,52,0.218,110,238,0.462,0.634,0.038,28,41,0.683,0.181,82,197,0.416,2020-21,Regular Season,Touch < 2 Seconds
1629057,Robert Williams III,1610612738,BOS,23.0,52,52,0.919,174,237,0.734,0.734,0.911,174,235,0.74,0.008,0,2,0.0,2020-21,Regular Season,Touch < 2 Seconds
1627750,Jamal Murray,1610612743,DEN,24.0,48,46,0.302,118,237,0.498,0.637,0.113,52,89,0.584,0.189,66,148,0.446,2020-21,Regular Season,Touch < 2 Seconds
1628539,Mychal Mulder,1610612744,GSW,27.0,60,52,0.898,102,237,0.43,0.605,0.098,19,26,0.731,0.799,83,211,0.393,2020-21,Regular Season,Touch < 2 Seconds
201937,Ricky Rubio,1610612750,MIN,30.0,68,67,0.476,84,237,0.354,0.475,0.114,27,57,0.474,0.361,57,180,0.317,2020-21,Regular Season,Touch < 2 Seconds
203524,Solomon Hill,1610612737,ATL,30.0,71,69,0.798,81,237,0.342,0.479,0.108,16,32,0.5,0.69,65,205,0.317,2020-21,Regular Season,Touch < 2 Seconds
202704,Reggie Jackson,1610612746,LAC,31.0,67,60,0.407,111,236,0.47,0.661,0.062,21,36,0.583,0.345,90,200,0.45,2020-21,Regular Season,Touch < 2 Seconds
1628404,Josh Hart,1610612740,NOP,26.0,47,46,0.686,96,236,0.407,0.536,0.142,35,49,0.714,0.544,61,187,0.326,2020-21,Regular Season,Touch < 2 Seconds
202324,Derrick Favors,1610612762,UTA,29.0,68,67,0.963,150,234,0.641,0.641,0.955,150,232,0.647,0.008,0,2,0.0,2020-21,Regular Season,Touch < 2 Seconds
1628379,Luke Kennard,1610612746,LAC,25.0,63,57,0.575,114,234,0.487,0.654,0.14,36,57,0.632,0.435,78,177,0.441,2020-21,Regular Season,Touch < 2 Seconds
1629630,Ja Morant,1610612763,MEM,21.0,63,60,0.245,104,234,0.444,0.513,0.115,72,110,0.655,0.13,32,124,0.258,2020-21,Regular Season,Touch < 2 Seconds
1630163,LaMelo Ball,1610612766,CHA,19.0,51,50,0.346,96,233,0.412,0.547,0.097,33,65,0.508,0.25,63,168,0.375,2020-21,Regular Season,Touch < 2 Seconds
203471,Dennis Schröder,1610612747,LAL,27.0,61,60,0.309,97,232,0.418,0.543,0.092,39,69,0.565,0.217,58,163,0.356,2020-21,Regular Season,Touch < 2 Seconds
1628964,Mo Bamba,1610612753,ORL,23.0,46,43,0.767,114,231,0.494,0.576,0.382,76,115,0.661,0.385,38,116,0.328,2020-21,Regular Season,Touch < 2 Seconds
200768,Kyle Lowry,1610612761,TOR,35.0,46,45,0.388,105,231,0.455,0.636,0.052,21,31,0.677,0.336,84,200,0.42,2020-21,Regular Season,Touch < 2 Seconds
203458,Alex Len,1610612764,WAS,28.0,64,54,0.827,142,230,0.617,0.635,0.737,134,205,0.654,0.09,8,25,0.32,2020-21,Regular Season,Touch < 2 Seconds
203500,Steven Adams,1610612740,NOP,27.0,58,57,0.746,149,229,0.651,0.651,0.739,149,227,0.656,0.007,0,2,0.0,2020-21,Regular Season,Touch < 2 Seconds
1627814,Damion Lee,1610612744,GSW,28.0,57,57,0.839,109,229,0.476,0.64,0.168,34,46,0.739,0.67,75,183,0.41,2020-21,Regular Season,Touch < 2 Seconds
203994,Jusuf Nurkić,1610612757,POR,26.0,37,37,0.682,129,227,0.568,0.59,0.607,119,202,0.589,0.075,10,25,0.4,2020-21,Regular Season,Touch < 2 Seconds
200746,LaMarcus Aldridge,1610612751,BKN,35.0,26,26,0.76,109,225,0.484,0.551,0.497,79,147,0.537,0.264,30,78,0.385,2020-21,Regular Season,Touch < 2 Seconds
201142,Kevin Durant,1610612751,BKN,32.0,35,35,0.37,118,223,0.529,0.646,0.171,66,103,0.641,0.199,52,120,0.433,2020-21,Regular Season,Touch < 2 Seconds
1629676,Isaiah Roby,1610612760,OKC,23.0,61,59,0.526,114,223,0.511,0.572,0.321,87,136,0.64,0.205,27,87,0.31,2020-21,Regular Season,Touch < 2 Seconds
1626156,D'Angelo Russell,1610612750,MIN,25.0,42,42,0.342,97,223,0.435,0.578,0.089,33,58,0.569,0.253,64,165,0.388,2020-21,Regular Season,Touch < 2 Seconds
201609,Goran Dragic,1610612748,MIA,35.0,50,48,0.403,94,223,0.422,0.574,0.097,26,54,0.481,0.305,68,169,0.402,2020-21,Regular Season,Touch < 2 Seconds
1630197,Aleksej Pokusevski,1610612760,OKC,19.0,45,45,0.558,69,223,0.309,0.419,0.128,20,51,0.392,0.43,49,172,0.285,2020-21,Regular Season,Touch < 2 Seconds
2544,LeBron James,1610612747,LAL,36.0,45,44,0.276,130,220,0.591,0.682,0.141,90,112,0.804,0.136,40,108,0.37,2020-21,Regular Season,Touch < 2 Seconds
1628401,Derrick White,1610612759,SAS,26.0,36,36,0.485,82,219,0.374,0.537,0.051,11,23,0.478,0.434,71,196,0.362,2020-21,Regular Season,Touch < 2 Seconds
1629636,Darius Garland,1610612739,CLE,21.0,54,53,0.275,99,218,0.454,0.599,0.088,36,70,0.514,0.187,63,148,0.426,2020-21,Regular Season,Touch < 2 Seconds
201144,Mike Conley,1610612762,UTA,33.0,51,50,0.339,98,216,0.454,0.618,0.064,27,41,0.659,0.274,71,175,0.406,2020-21,Regular Season,Touch < 2 Seconds
1628425,Sterling Brown,1610612745,HOU,26.0,51,49,0.657,95,216,0.44,0.613,0.094,20,31,0.645,0.562,75,185,0.405,2020-21,Regular Season,Touch < 2 Seconds
202692,Alec Burks,1610612752,NYK,29.0,49,48,0.437,91,216,0.421,0.576,0.095,24,47,0.511,0.342,67,169,0.396,2020-21,Regular Season,Touch < 2 Seconds
1626195,Willy Hernangomez,1610612740,NOP,27.0,47,39,0.805,123,215,0.572,0.574,0.772,122,206,0.592,0.034,1,9,0.111,2020-21,Regular Season,Touch < 2 Seconds
1629638,Nickeil Alexander-Walker,1610612740,NOP,22.0,46,44,0.471,85,215,0.395,0.553,0.057,17,26,0.654,0.414,68,189,0.36,2020-21,Regular Season,Touch < 2 Seconds
1628407,Dwayne Bacon,1610612753,ORL,25.0,72,67,0.297,77,215,0.358,0.433,0.123,45,89,0.506,0.174,32,126,0.254,2020-21,Regular Season,Touch < 2 Seconds
1629026,Kenrich Williams,1610612760,OKC,26.0,66,61,0.521,120,214,0.561,0.671,0.263,73,108,0.676,0.258,47,106,0.443,2020-21,Regular Season,Touch < 2 Seconds
201143,Al Horford,1610612738,BOS,35.0,28,28,0.594,96,214,0.449,0.561,0.231,48,83,0.578,0.364,48,131,0.366,2020-21,Regular Season,Touch < 2 Seconds
202710,Jimmy Butler III,1610612748,MIA,31.0,52,51,0.288,120,212,0.566,0.606,0.212,103,156,0.66,0.076,17,56,0.304,2020-21,Regular Season,Touch < 2 Seconds
202687,Bismack Biyombo,1610612766,CHA,28.0,66,61,0.868,127,210,0.605,0.605,0.864,127,209,0.608,0.004,0,1,0.0,2020-21,Regular Season,Touch < 2 Seconds
1626204,Larry Nance Jr.,1610612739,CLE,28.0,35,35,0.768,101,209,0.483,0.574,0.382,63,104,0.606,0.386,38,105,0.362,2020-21,Regular Season,Touch < 2 Seconds
1630170,Devin Vassell,1610612759,SAS,20.0,62,59,0.69,80,209,0.383,0.498,0.221,32,67,0.478,0.469,48,142,0.338,2020-21,Regular Season,Touch < 2 Seconds
202083,Wesley Matthews,1610612747,LAL,34.0,58,57,0.831,73,207,0.353,0.505,0.084,10,21,0.476,0.747,63,186,0.339,2020-21,Regular Season,Touch < 2 Seconds
1627732,Ben Simmons,1610612755,PHI,24.0,58,56,0.353,130,206,0.631,0.638,0.341,127,199,0.638,0.012,3,7,0.429,2020-21,Regular Season,Touch < 2 Seconds
1629726,Garrison Mathews,1610612764,WAS,24.0,64,54,0.869,83,206,0.403,0.58,0.072,10,17,0.588,0.797,73,189,0.386,2020-21,Regular Season,Touch < 2 Seconds
203457,Nerlens Noel,1610612752,NYK,27.0,64,62,0.911,124,204,0.608,0.608,0.897,124,201,0.617,0.013,0,3,0.0,2020-21,Regular Season,Touch < 2 Seconds
1630202,Payton Pritchard,1610612738,BOS,23.0,66,62,0.486,99,203,0.488,0.692,0.06,16,25,0.64,0.426,83,178,0.466,2020-21,Regular Season,Touch < 2 Seconds
1629001,De'Anthony Melton,1610612763,MEM,23.0,52,50,0.514,88,202,0.436,0.604,0.115,20,45,0.444,0.399,68,157,0.433,2020-21,Regular Season,Touch < 2 Seconds
1629635,Sekou Doumbouya,1610612765,DET,20.0,56,52,0.711,76,199,0.382,0.447,0.314,50,88,0.568,0.396,26,111,0.234,2020-21,Regular Season,Touch < 2 Seconds
1628408,PJ Dozier,1610612743,DEN,24.0,50,50,0.564,87,198,0.439,0.535,0.219,49,77,0.636,0.345,38,121,0.314,2020-21,Regular Season,Touch < 2 Seconds
2738,Andre Iguodala,1610612748,MIA,37.0,63,59,0.795,76,198,0.384,0.52,0.141,22,35,0.629,0.655,54,163,0.331,2020-21,Regular Season,Touch < 2 Seconds
1629650,Moses Brown,1610612738,BOS,21.0,43,40,0.754,119,196,0.607,0.607,0.754,119,196,0.607,0.0,0,0,,2020-21,Regular Season,Touch < 2 Seconds
1629003,Shake Milton,1610612755,PHI,24.0,63,60,0.294,78,196,0.398,0.538,0.069,23,46,0.5,0.225,55,150,0.367,2020-21,Regular Season,Touch < 2 Seconds
200755,JJ Redick,1610612742,DAL,37.0,44,42,0.734,76,196,0.388,0.533,0.15,19,40,0.475,0.584,57,156,0.365,2020-21,Regular Season,Touch < 2 Seconds
1629680,Matisse Thybulle,1610612755,PHI,24.0,65,60,0.798,77,194,0.397,0.508,0.218,34,53,0.642,0.58,43,141,0.305,2020-21,Regular Season,Touch < 2 Seconds
201933,Blake Griffin,1610612751,BKN,32.0,46,45,0.475,94,193,0.487,0.604,0.185,49,75,0.653,0.291,45,118,0.381,2020-21,Regular Season,Touch < 2 Seconds
202326,DeMarcus Cousins,1610612746,LAC,30.0,41,40,0.661,76,193,0.394,0.508,0.223,32,65,0.492,0.438,44,128,0.344,2020-21,Regular Season,Touch < 2 Seconds
202684,Tristan Thompson,1610612738,BOS,30.0,54,52,0.589,104,192,0.542,0.542,0.58,104,189,0.55,0.009,0,3,0.0,2020-21,Regular Season,Touch < 2 Seconds
1628973,Jalen Brunson,1610612742,DAL,24.0,68,64,0.306,88,192,0.458,0.63,0.064,22,40,0.55,0.242,66,152,0.434,2020-21,Regular Season,Touch < 2 Seconds
201567,Kevin Love,1610612739,CLE,32.0,25,23,0.758,76,191,0.398,0.524,0.198,28,50,0.56,0.56,48,141,0.34,2020-21,Regular Season,Touch < 2 Seconds
201942,DeMar DeRozan,1610612759,SAS,31.0,61,58,0.207,81,190,0.426,0.474,0.137,63,126,0.5,0.07,18,64,0.281,2020-21,Regular Season,Touch < 2 Seconds
1627747,Caris LeVert,1610612754,IND,26.0,47,46,0.232,83,189,0.439,0.537,0.087,46,71,0.648,0.145,37,118,0.314,2020-21,Regular Season,Touch < 2 Seconds
202689,Kemba Walker,1610612760,OKC,31.0,43,43,0.278,78,188,0.415,0.574,0.05,18,34,0.529,0.228,60,154,0.39,2020-21,Regular Season,Touch < 2 Seconds
1629020,Jarred Vanderbilt,1610612750,MIN,22.0,64,58,0.788,118,186,0.634,0.637,0.771,117,182,0.643,0.017,1,4,0.25,2020-21,Regular Season,Touch < 2 Seconds
1630193,Immanuel Quickley,1610612752,NYK,22.0,64,60,0.322,82,186,0.441,0.629,0.049,12,28,0.429,0.274,70,158,0.443,2020-21,Regular Season,Touch < 2 Seconds
1628977,Hamidou Diallo,1610612765,DET,22.0,52,50,0.394,93,185,0.503,0.562,0.251,71,118,0.602,0.143,22,67,0.328,2020-21,Regular Season,Touch < 2 Seconds
1629667,Jalen McDaniels,1610612766,CHA,23.0,47,43,0.654,91,185,0.492,0.586,0.297,56,84,0.667,0.357,35,101,0.347,2020-21,Regular Season,Touch < 2 Seconds
203526,Raul Neto,1610612764,WAS,29.0,64,59,0.414,91,185,0.492,0.649,0.107,33,48,0.688,0.306,58,137,0.423,2020-21,Regular Season,Touch < 2 Seconds
203506,Victor Oladipo,1610612748,MIA,29.0,33,33,0.326,79,184,0.429,0.565,0.083,29,47,0.617,0.243,50,137,0.365,2020-21,Regular Season,Touch < 2 Seconds
1626163,Frank Kaminsky,1610612756,PHX,28.0,47,45,0.715,85,181,0.47,0.55,0.403,56,102,0.549,0.312,29,79,0.367,2020-21,Regular Season,Touch < 2 Seconds
1629655,Daniel Gafford,1610612764,WAS,22.0,54,49,0.804,126,180,0.7,0.7,0.804,126,180,0.7,0.0,0,0,,2020-21,Regular Season,Touch < 2 Seconds
1629684,Grant Williams,1610612738,BOS,22.0,63,58,0.726,84,180,0.467,0.594,0.234,38,58,0.655,0.492,46,122,0.377,2020-21,Regular Season,Touch < 2 Seconds
203118,Mike Scott,1610612755,PHI,32.0,51,45,0.853,64,180,0.356,0.503,0.123,11,26,0.423,0.73,53,154,0.344,2020-21,Regular Season,Touch < 2 Seconds
1628370,Malik Monk,1610612766,CHA,23.0,42,40,0.449,73,179,0.408,0.578,0.085,12,34,0.353,0.363,61,145,0.421,2020-21,Regular Season,Touch < 2 Seconds
1626153,Delon Wright,1610612758,SAC,29.0,63,56,0.349,91,177,0.514,0.65,0.124,43,63,0.683,0.225,48,114,0.421,2020-21,Regular Season,Touch < 2 Seconds
1629643,Chuma Okeke,1610612753,ORL,22.0,45,43,0.546,72,177,0.407,0.54,0.164,25,53,0.472,0.383,47,124,0.379,2020-21,Regular Season,Touch < 2 Seconds
1629021,Moritz Wagner,1610612753,ORL,24.0,45,38,0.769,80,176,0.455,0.54,0.38,50,87,0.575,0.389,30,89,0.337,2020-21,Regular Season,Touch < 2 Seconds
1629006,Josh Okogie,1610612750,MIN,22.0,59,54,0.693,75,176,0.426,0.503,0.307,48,78,0.615,0.386,27,98,0.276,2020-21,Regular Season,Touch < 2 Seconds
1628988,Aaron Holiday,1610612754,IND,24.0,66,60,0.403,69,176,0.392,0.554,0.066,12,29,0.414,0.336,57,147,0.388,2020-21,Regular Season,Touch < 2 Seconds
203901,Elfrid Payton,1610612752,NYK,27.0,63,58,0.285,73,175,0.417,0.494,0.137,46,84,0.548,0.148,27,91,0.297,2020-21,Regular Season,Touch < 2 Seconds
201580,JaVale McGee,1610612743,DEN,33.0,46,45,0.63,93,174,0.534,0.549,0.565,88,156,0.564,0.065,5,18,0.278,2020-21,Regular Season,Touch < 2 Seconds
1628402,Frank Jackson,1610612765,DET,23.0,40,39,0.587,82,172,0.477,0.648,0.133,23,39,0.59,0.454,59,133,0.444,2020-21,Regular Season,Touch < 2 Seconds
1630267,Facundo Campazzo,1610612743,DEN,30.0,65,54,0.546,68,172,0.395,0.567,0.057,9,18,0.5,0.489,59,154,0.383,2020-21,Regular Season,Touch < 2 Seconds
1628400,Semi Ojeleye,1610612738,BOS,26.0,56,48,0.774,70,171,0.409,0.564,0.127,17,28,0.607,0.647,53,143,0.371,2020-21,Regular Season,Touch < 2 Seconds
201949,James Johnson,1610612740,NOP,34.0,51,44,0.52,68,170,0.4,0.482,0.202,40,66,0.606,0.318,28,104,0.269,2020-21,Regular Season,Touch < 2 Seconds
1627936,Alex Caruso,1610612747,LAL,27.0,58,55,0.565,83,169,0.491,0.642,0.171,32,51,0.627,0.395,51,118,0.432,2020-21,Regular Season,Touch < 2 Seconds
1626161,Willie Cauley-Stein,1610612742,DAL,27.0,53,49,0.923,107,168,0.637,0.64,0.863,106,157,0.675,0.06,1,11,0.091,2020-21,Regular Season,Touch < 2 Seconds
2772,Trevor Ariza,1610612748,MIA,36.0,30,30,0.697,76,168,0.452,0.589,0.178,30,43,0.698,0.519,46,125,0.368,2020-21,Regular Season,Touch < 2 Seconds
1628396,Tony Bradley,1610612760,OKC,23.0,42,39,0.861,113,167,0.677,0.677,0.845,113,164,0.689,0.015,0,3,0.0,2020-21,Regular Season,Touch < 2 Seconds
1629048,Goga Bitadze,1610612754,IND,21.0,45,39,0.861,75,167,0.449,0.509,0.469,55,91,0.604,0.392,20,76,0.263,2020-21,Regular Season,Touch < 2 Seconds
1630173,Precious Achiuwa,1610612748,MIA,21.0,61,53,0.728,94,166,0.566,0.566,0.724,94,165,0.57,0.004,0,1,0.0,2020-21,Regular Season,Touch < 2 Seconds
1628470,Torrey Craig,1610612756,PHX,30.0,50,47,0.731,80,166,0.482,0.581,0.313,47,71,0.662,0.419,33,95,0.347,2020-21,Regular Season,Touch < 2 Seconds
203504,Trey Burke,1610612742,DAL,28.0,62,54,0.47,68,166,0.41,0.56,0.076,18,27,0.667,0.394,50,139,0.36,2020-21,Regular Season,Touch < 2 Seconds
1629014,Anfernee Simons,1610612757,POR,22.0,64,55,0.411,79,165,0.479,0.712,0.017,2,7,0.286,0.394,77,158,0.487,2020-21,Regular Season,Touch < 2 Seconds
202355,Hassan Whiteside,1610612758,SAC,32.0,36,34,0.732,96,164,0.585,0.585,0.728,96,163,0.589,0.004,0,1,0.0,2020-21,Regular Season,Touch < 2 Seconds
1629611,Terance Mann,1610612746,LAC,24.0,67,53,0.477,89,164,0.543,0.637,0.259,58,89,0.652,0.218,31,75,0.413,2020-21,Regular Season,Touch < 2 Seconds
1628997,Caleb Martin,1610612766,CHA,25.0,53,46,0.637,55,163,0.337,0.42,0.219,28,56,0.5,0.418,27,107,0.252,2020-21,Regular Season,Touch < 2 Seconds
1628420,Monte Morris,1610612743,DEN,26.0,47,46,0.424,76,162,0.469,0.593,0.149,36,57,0.632,0.275,40,105,0.381,2020-21,Regular Season,Touch < 2 Seconds
1629622,Max Strus,1610612748,MIA,25.0,39,34,0.871,72,162,0.444,0.596,0.134,23,25,0.92,0.737,49,137,0.358,2020-21,Regular Season,Touch < 2 Seconds
203107,Tomas Satoransky,1610612741,CHI,29.0,58,57,0.492,80,161,0.497,0.618,0.174,41,57,0.719,0.318,39,104,0.375,2020-21,Regular Season,Touch < 2 Seconds
1629029,Luka Doncic,1610612742,DAL,22.0,66,60,0.12,68,161,0.422,0.531,0.04,33,54,0.611,0.08,35,107,0.327,2020-21,Regular Season,Touch < 2 Seconds
203939,Dwight Powell,1610612742,DAL,29.0,58,52,0.829,101,160,0.631,0.644,0.725,97,140,0.693,0.104,4,20,0.2,2020-21,Regular Season,Touch < 2 Seconds
1629234,Drew Eubanks,1610612759,SAS,24.0,54,49,0.776,97,159,0.61,0.616,0.766,95,157,0.605,0.01,2,2,1.0,2020-21,Regular Season,Touch < 2 Seconds
1629308,Juan Toscano-Anderson,1610612744,GSW,28.0,53,42,0.761,92,159,0.579,0.692,0.354,56,74,0.757,0.407,36,85,0.424,2020-21,Regular Season,Touch < 2 Seconds
202709,Cory Joseph,1610612765,DET,29.0,63,56,0.373,65,159,0.409,0.531,0.099,26,42,0.619,0.275,39,117,0.333,2020-21,Regular Season,Touch < 2 Seconds
201188,Marc Gasol,1610612747,LAL,36.0,52,46,0.819,77,158,0.487,0.639,0.218,29,42,0.69,0.601,48,116,0.414,2020-21,Regular Season,Touch < 2 Seconds
1628368,De'Aaron Fox,1610612758,SAC,23.0,58,55,0.142,65,158,0.411,0.554,0.03,20,33,0.606,0.113,45,125,0.36,2020-21,Regular Season,Touch < 2 Seconds
200782,P.J. Tucker,1610612749,MIL,36.0,52,48,0.913,58,158,0.367,0.484,0.249,21,43,0.488,0.665,37,115,0.322,2020-21,Regular Season,Touch < 2 Seconds
201569,Eric Gordon,1610612745,HOU,32.0,27,27,0.443,55,158,0.348,0.5,0.028,7,10,0.7,0.415,48,148,0.324,2020-21,Regular Season,Touch < 2 Seconds
1627752,Taurean Prince,1610612739,CLE,27.0,41,38,0.489,69,157,0.439,0.592,0.121,21,39,0.538,0.368,48,118,0.407,2020-21,Regular Season,Touch < 2 Seconds
1626145,Tyus Jones,1610612763,MEM,25.0,70,62,0.38,62,157,0.395,0.519,0.107,23,44,0.523,0.274,39,113,0.345,2020-21,Regular Season,Touch < 2 Seconds
1629011,Mitchell Robinson,1610612752,NYK,23.0,31,31,0.94,101,156,0.647,0.647,0.94,101,156,0.647,0.0,0,0,,2020-21,Regular Season,Touch < 2 Seconds
1628410,Edmond Sumner,1610612754,IND,25.0,53,46,0.548,87,155,0.561,0.668,0.265,54,75,0.72,0.283,33,80,0.413,2020-21,Regular Season,Touch < 2 Seconds
203914,Gary Harris,1610612753,ORL,26.0,39,37,0.46,64,155,0.413,0.529,0.148,28,50,0.56,0.312,36,105,0.343,2020-21,Regular Season,Touch < 2 Seconds
1629669,Jaylen Nowell,1610612750,MIN,21.0,42,40,0.463,62,155,0.4,0.516,0.128,26,43,0.605,0.334,36,112,0.321,2020-21,Regular Season,Touch < 2 Seconds
1628422,Damyean Dotson,1610612739,CLE,27.0,46,41,0.533,59,155,0.381,0.506,0.117,20,34,0.588,0.416,39,121,0.322,2020-21,Regular Season,Touch < 2 Seconds
1630167,Obi Toppin,1610612752,NYK,23.0,62,54,0.744,76,154,0.494,0.578,0.333,50,69,0.725,0.411,26,85,0.306,2020-21,Regular Season,Touch < 2 Seconds
101150,Lou Williams,1610612737,ATL,34.0,66,54,0.238,67,154,0.435,0.542,0.107,34,69,0.493,0.131,33,85,0.388,2020-21,Regular Season,Touch < 2 Seconds
203490,Otto Porter Jr.,1610612753,ORL,28.0,28,28,0.674,69,153,0.451,0.575,0.247,31,56,0.554,0.427,38,97,0.392,2020-21,Regular Season,Touch < 2 Seconds
203516,James Ennis III,1610612753,ORL,30.0,41,41,0.621,78,151,0.517,0.656,0.259,36,63,0.571,0.362,42,88,0.477,2020-21,Regular Season,Touch < 2 Seconds
1626172,Kevon Looney,1610612744,GSW,25.0,61,55,0.76,86,149,0.577,0.591,0.673,82,132,0.621,0.087,4,17,0.235,2020-21,Regular Season,Touch < 2 Seconds
202335,Patrick Patterson,1610612746,LAC,32.0,38,37,0.931,67,148,0.453,0.584,0.264,28,42,0.667,0.667,39,106,0.368,2020-21,Regular Season,Touch < 2 Seconds
1628975,Jevon Carter,1610612756,PHX,25.0,60,48,0.67,59,148,0.399,0.578,0.068,6,15,0.4,0.602,53,133,0.398,2020-21,Regular Season,Touch < 2 Seconds
1627863,Danuel House Jr.,1610612745,HOU,28.0,36,35,0.54,61,147,0.415,0.544,0.14,23,38,0.605,0.401,38,109,0.349,2020-21,Regular Season,Touch < 2 Seconds
1629629,Cam Reddish,1610612737,ATL,21.0,26,26,0.555,59,146,0.404,0.5,0.171,31,45,0.689,0.384,28,101,0.277,2020-21,Regular Season,Touch < 2 Seconds
1628392,Isaiah Hartenstein,1610612739,CLE,23.0,46,40,0.848,81,145,0.559,0.562,0.819,80,140,0.571,0.029,1,5,0.2,2020-21,Regular Season,Touch < 2 Seconds
1629660,Ty Jerome,1610612760,OKC,23.0,33,32,0.505,61,145,0.421,0.603,0.059,8,17,0.471,0.446,53,128,0.414,2020-21,Regular Season,Touch < 2 Seconds
202322,John Wall,1610612745,HOU,30.0,40,38,0.2,56,145,0.386,0.552,0.023,8,17,0.471,0.177,48,128,0.375,2020-21,Regular Season,Touch < 2 Seconds
1630184,Kira Lewis Jr.,1610612740,NOP,20.0,54,45,0.43,53,145,0.366,0.476,0.157,21,53,0.396,0.273,32,92,0.348,2020-21,Regular Season,Touch < 2 Seconds
204020,Tyler Johnson,1610612751,BKN,29.0,39,35,0.776,53,142,0.373,0.532,0.093,8,17,0.471,0.683,45,125,0.36,2020-21,Regular Season,Touch < 2 Seconds
1629717,Armoni Brooks,1610612745,HOU,23.0,20,20,0.724,53,139,0.381,0.561,0.052,3,10,0.3,0.672,50,129,0.388,2020-21,Regular Season,Touch < 2 Seconds
1629659,Talen Horton-Tucker,1610612747,LAL,20.0,65,55,0.283,53,138,0.384,0.471,0.102,29,50,0.58,0.18,24,88,0.273,2020-21,Regular Season,Touch < 2 Seconds
201571,D.J. Augustin,1610612745,HOU,33.0,57,52,0.399,58,137,0.423,0.613,0.035,6,12,0.5,0.364,52,125,0.416,2020-21,Regular Season,Touch < 2 Seconds
1629027,Trae Young,1610612737,ATL,22.0,63,55,0.122,54,135,0.4,0.522,0.035,21,39,0.538,0.086,33,96,0.344,2020-21,Regular Season,Touch < 2 Seconds
1630174,Aaron Nesmith,1610612738,BOS,21.0,46,43,0.753,61,134,0.455,0.601,0.197,22,35,0.629,0.556,39,99,0.394,2020-21,Regular Season,Touch < 2 Seconds
1630175,Cole Anthony,1610612753,ORL,21.0,47,44,0.243,48,134,0.358,0.485,0.062,14,34,0.412,0.181,34,100,0.34,2020-21,Regular Season,Touch < 2 Seconds
1626169,Stanley Johnson,1610612761,TOR,25.0,61,51,0.578,47,134,0.351,0.489,0.082,10,19,0.526,0.496,37,115,0.322,2020-21,Regular Season,Touch < 2 Seconds
201565,Derrick Rose,1610612752,NYK,32.0,50,46,0.22,56,133,0.421,0.549,0.081,22,49,0.449,0.139,34,84,0.405,2020-21,Regular Season,Touch < 2 Seconds
1629216,Gabe Vincent,1610612748,MIA,25.0,50,41,0.571,46,133,0.346,0.481,0.056,10,13,0.769,0.515,36,120,0.3,2020-21,Regular Season,Touch < 2 Seconds
1628382,Justin Jackson,1610612749,MIL,26.0,34,33,0.597,56,132,0.424,0.534,0.176,27,39,0.692,0.421,29,93,0.312,2020-21,Regular Season,Touch < 2 Seconds
201976,Patrick Beverley,1610612746,LAC,32.0,37,35,0.606,60,131,0.458,0.641,0.079,12,17,0.706,0.528,48,114,0.421,2020-21,Regular Season,Touch < 2 Seconds
1629139,Yuta Watanabe,1610612761,TOR,26.0,50,43,0.728,59,131,0.45,0.584,0.239,24,43,0.558,0.489,35,88,0.398,2020-21,Regular Season,Touch < 2 Seconds
1626166,Cameron Payne,1610612756,PHX,26.0,60,50,0.332,59,131,0.45,0.63,0.061,12,24,0.5,0.272,47,107,0.439,2020-21,Regular Season,Touch < 2 Seconds
202357,Nemanja Bjelica,1610612748,MIA,33.0,37,32,0.653,54,128,0.422,0.516,0.265,30,52,0.577,0.388,24,76,0.316,2020-21,Regular Season,Touch < 2 Seconds
201959,Taj Gibson,1610612752,NYK,36.0,45,41,0.804,80,127,0.63,0.642,0.709,77,112,0.688,0.095,3,15,0.2,2020-21,Regular Season,Touch < 2 Seconds
203087,Jeremy Lamb,1610612754,IND,29.0,36,35,0.46,61,127,0.48,0.634,0.134,22,37,0.595,0.326,39,90,0.433,2020-21,Regular Season,Touch < 2 Seconds
203503,Tony Snell,1610612737,ATL,29.0,47,44,0.741,69,126,0.548,0.79,0.129,8,22,0.364,0.612,61,104,0.587,2020-21,Regular Season,Touch < 2 Seconds
1627774,Jake Layman,1610612750,MIN,27.0,45,35,0.685,63,126,0.5,0.587,0.299,41,55,0.745,0.386,22,71,0.31,2020-21,Regular Season,Touch < 2 Seconds
1629631,De'Andre Hunter,1610612737,ATL,23.0,23,23,0.504,58,126,0.46,0.567,0.18,31,45,0.689,0.324,27,81,0.333,2020-21,Regular Season,Touch < 2 Seconds
1628021,David Nwaba,1610612745,HOU,28.0,30,29,0.601,60,125,0.48,0.548,0.313,43,65,0.662,0.288,17,60,0.283,2020-21,Regular Season,Touch < 2 Seconds
202340,Avery Bradley,1610612745,HOU,30.0,27,27,0.725,50,124,0.403,0.52,0.222,21,38,0.553,0.503,29,86,0.337,2020-21,Regular Season,Touch < 2 Seconds
1630168,Onyeka Okongwu,1610612737,ATL,20.0,50,43,0.826,83,123,0.675,0.675,0.805,83,120,0.692,0.02,0,3,0.0,2020-21,Regular Season,Touch < 2 Seconds
1629672,Eric Paschall,1610612744,GSW,24.0,40,38,0.421,63,123,0.512,0.581,0.243,46,71,0.648,0.178,17,52,0.327,2020-21,Regular Season,Touch < 2 Seconds
1629002,Chimezie Metu,1610612758,SAC,24.0,36,32,0.682,69,122,0.566,0.615,0.497,57,89,0.64,0.184,12,33,0.364,2020-21,Regular Season,Touch < 2 Seconds
1627761,DeAndre' Bembry,1610612761,TOR,26.0,51,38,0.535,61,122,0.5,0.549,0.338,49,77,0.636,0.197,12,45,0.267,2020-21,Regular Season,Touch < 2 Seconds
1629052,Oshae Brissett,1610612754,IND,23.0,21,20,0.801,62,121,0.512,0.64,0.305,31,46,0.674,0.497,31,75,0.413,2020-21,Regular Season,Touch < 2 Seconds
1630181,R.J. Hampton,1610612753,ORL,20.0,51,38,0.387,54,121,0.446,0.55,0.166,29,52,0.558,0.22,25,69,0.362,2020-21,Regular Season,Touch < 2 Seconds
1630230,Naji Marshall,1610612740,NOP,23.0,32,23,0.572,50,119,0.42,0.538,0.216,22,45,0.489,0.356,28,74,0.378,2020-21,Regular Season,Touch < 2 Seconds
1628391,D.J. Wilson,1610612745,HOU,25.0,35,33,0.708,48,119,0.403,0.513,0.274,22,46,0.478,0.435,26,73,0.356,2020-21,Regular Season,Touch < 2 Seconds
203090,Maurice Harkless,1610612758,SAC,28.0,37,30,0.697,39,115,0.339,0.43,0.218,18,36,0.5,0.479,21,79,0.266,2020-21,Regular Season,Touch < 2 Seconds
202954,Brad Wanamaker,1610612766,CHA,31.0,61,52,0.386,42,114,0.368,0.417,0.197,31,58,0.534,0.19,11,56,0.196,2020-21,Regular Season,Touch < 2 Seconds
1629740,Nicolo Melli,1610612742,DAL,30.0,45,37,0.809,37,114,0.325,0.425,0.22,14,31,0.452,0.589,23,83,0.277,2020-21,Regular Season,Touch < 2 Seconds
1629109,Gary Clark,1610612755,PHI,26.0,39,32,0.864,35,114,0.307,0.439,0.076,5,10,0.5,0.788,30,104,0.288,2020-21,Regular Season,Touch < 2 Seconds
203476,Gorgui Dieng,1610612759,SAS,31.0,38,31,0.698,61,113,0.54,0.659,0.302,34,49,0.694,0.395,27,64,0.422,2020-21,Regular Season,Touch < 2 Seconds
1629723,John Konchar,1610612763,MEM,25.0,43,38,0.819,57,113,0.504,0.597,0.413,36,57,0.632,0.406,21,56,0.375,2020-21,Regular Season,Touch < 2 Seconds
203085,Austin Rivers,1610612743,DEN,28.0,36,31,0.445,45,109,0.413,0.596,0.02,5,5,1.0,0.424,40,104,0.385,2020-21,Regular Season,Touch < 2 Seconds
1628998,Cody Martin,1610612766,CHA,25.0,52,42,0.574,48,108,0.444,0.514,0.282,33,53,0.623,0.293,15,55,0.273,2020-21,Regular Season,Touch < 2 Seconds
1628995,Kevin Knox II,1610612752,NYK,21.0,42,33,0.754,46,107,0.43,0.584,0.162,13,23,0.565,0.592,33,84,0.393,2020-21,Regular Season,Touch < 2 Seconds
1630178,Tyrese Maxey,1610612755,PHI,20.0,61,43,0.249,41,107,0.383,0.491,0.082,18,35,0.514,0.168,23,72,0.319,2020-21,Regular Season,Touch < 2 Seconds
101108,Chris Paul,1610612756,PHX,36.0,70,48,0.122,49,106,0.462,0.627,0.028,14,24,0.583,0.094,35,82,0.427,2020-21,Regular Season,Touch < 2 Seconds
204038,Langston Galloway,1610612756,PHX,29.0,40,35,0.721,48,106,0.453,0.623,0.156,12,23,0.522,0.565,36,83,0.434,2020-21,Regular Season,Touch < 2 Seconds
1630198,Isaiah Joe,1610612755,PHI,21.0,41,34,0.797,37,106,0.349,0.514,0.06,2,8,0.25,0.737,35,98,0.357,2020-21,Regular Season,Touch < 2 Seconds
1629685,Dylan Windler,1610612739,CLE,24.0,31,29,0.798,41,103,0.398,0.515,0.217,17,28,0.607,0.581,24,75,0.32,2020-21,Regular Season,Touch < 2 Seconds
1629162,Jordan McLaughlin,1610612750,MIN,25.0,51,43,0.421,43,102,0.422,0.559,0.128,15,31,0.484,0.293,28,71,0.394,2020-21,Regular Season,Touch < 2 Seconds
1629651,Nic Claxton,1610612751,BKN,22.0,32,27,0.697,72,101,0.713,0.718,0.662,71,96,0.74,0.034,1,5,0.2,2020-21,Regular Season,Touch < 2 Seconds
203487,Michael Carter-Williams,1610612753,ORL,29.0,31,30,0.374,40,101,0.396,0.46,0.181,27,49,0.551,0.193,13,52,0.25,2020-21,Regular Season,Touch < 2 Seconds
1630201,Malachi Flynn,1610612761,TOR,23.0,47,37,0.296,33,101,0.327,0.485,0.015,1,5,0.2,0.282,32,96,0.333,2020-21,Regular Season,Touch < 2 Seconds
1628436,Luke Kornet,1610612738,BOS,25.0,31,26,0.97,44,98,0.449,0.526,0.386,29,39,0.744,0.584,15,59,0.254,2020-21,Regular Season,Touch < 2 Seconds
1626184,Chasson Randle,1610612753,ORL,28.0,41,33,0.414,39,98,0.398,0.551,0.063,9,15,0.6,0.35,30,83,0.361,2020-21,Regular Season,Touch < 2 Seconds
1626159,Justise Winslow,1610612763,MEM,25.0,26,25,0.467,33,98,0.337,0.388,0.219,23,46,0.5,0.248,10,52,0.192,2020-21,Regular Season,Touch < 2 Seconds
203918,Rodney Hood,1610612761,TOR,28.0,55,44,0.377,30,98,0.306,0.418,0.062,8,16,0.5,0.315,22,82,0.268,2020-21,Regular Season,Touch < 2 Seconds
1627745,Damian Jones,1610612758,SAC,26.0,39,30,0.942,66,97,0.68,0.686,0.893,65,92,0.707,0.049,1,5,0.2,2020-21,Regular Season,Touch < 2 Seconds
204456,T.J. McConnell,1610612754,IND,29.0,69,54,0.198,52,97,0.536,0.593,0.124,41,61,0.672,0.073,11,36,0.306,2020-21,Regular Season,Touch < 2 Seconds
1626246,Boban Marjanovic,1610612742,DAL,32.0,33,27,0.795,52,97,0.536,0.541,0.738,51,90,0.567,0.057,1,7,0.143,2020-21,Regular Season,Touch < 2 Seconds
1630192,Zeke Nnaji,1610612743,DEN,20.0,42,32,0.913,49,95,0.516,0.642,0.346,25,36,0.694,0.567,24,59,0.407,2020-21,Regular Season,Touch < 2 Seconds
1629642,Nassir Little,1610612757,POR,21.0,48,35,0.569,44,95,0.463,0.584,0.204,21,34,0.618,0.365,23,61,0.377,2020-21,Regular Season,Touch < 2 Seconds
1628972,Troy Brown Jr.,1610612741,CHI,21.0,34,30,0.66,40,95,0.421,0.532,0.201,19,29,0.655,0.458,21,66,0.318,2020-21,Regular Season,Touch < 2 Seconds
1629671,Miye Oni,1610612762,UTA,23.0,54,39,0.919,32,91,0.352,0.516,0.051,2,5,0.4,0.869,30,86,0.349,2020-21,Regular Season,Touch < 2 Seconds
1629633,Jarrett Culver,1610612750,MIN,22.0,34,28,0.536,40,90,0.444,0.517,0.274,27,46,0.587,0.262,13,44,0.295,2020-21,Regular Season,Touch < 2 Seconds
201935,James Harden,1610612751,BKN,31.0,44,38,0.121,45,89,0.506,0.635,0.042,22,31,0.71,0.079,23,58,0.397,2020-21,Regular Season,Touch < 2 Seconds
1628991,Jaren Jackson Jr.,1610612763,MEM,21.0,11,11,0.712,41,89,0.461,0.556,0.248,24,31,0.774,0.464,17,58,0.293,2020-21,Regular Season,Touch < 2 Seconds
1629645,Kevin Porter Jr.,1610612745,HOU,21.0,26,24,0.243,37,89,0.416,0.539,0.054,15,20,0.75,0.188,22,69,0.319,2020-21,Regular Season,Touch < 2 Seconds
1629610,DaQuan Jeffries,1610612759,SAS,23.0,31,26,0.733,35,88,0.398,0.506,0.225,16,27,0.593,0.508,19,61,0.311,2020-21,Regular Season,Touch < 2 Seconds
1630237,Anthony Lamb,1610612745,HOU,23.0,24,22,0.737,34,87,0.391,0.511,0.203,13,24,0.542,0.534,21,63,0.333,2020-21,Regular Season,Touch < 2 Seconds
1627853,Ryan Arcidiacono,1610612741,CHI,27.0,44,33,0.726,38,85,0.447,0.594,0.205,13,24,0.542,0.521,25,61,0.41,2020-21,Regular Season,Touch < 2 Seconds
1629164,Brandon Goodwin,1610612737,ATL,25.0,47,28,0.378,28,84,0.333,0.446,0.068,9,15,0.6,0.311,19,69,0.275,2020-21,Regular Season,Touch < 2 Seconds
1628418,Thomas Bryant,1610612764,WAS,23.0,10,9,0.879,51,80,0.638,0.694,0.648,42,59,0.712,0.231,9,21,0.429,2020-21,Regular Season,Touch < 2 Seconds
1629744,Matt Thomas,1610612762,UTA,26.0,45,31,0.622,33,79,0.418,0.557,0.142,11,18,0.611,0.48,22,61,0.361,2020-21,Regular Season,Touch < 2 Seconds
1629103,Kelan Martin,1610612754,IND,25.0,35,23,0.572,31,79,0.392,0.5,0.203,14,28,0.5,0.37,17,51,0.333,2020-21,Regular Season,Touch < 2 Seconds
1628035,Alfonzo McKinnie,1610612747,LAL,28.0,39,29,0.828,40,77,0.519,0.623,0.43,24,40,0.6,0.398,16,37,0.432,2020-21,Regular Season,Touch < 2 Seconds
203648,Thanasis Antetokounmpo,1610612749,MIL,28.0,57,34,0.562,39,77,0.506,0.519,0.431,37,59,0.627,0.131,2,18,0.111,2020-21,Regular Season,Touch < 2 Seconds
201588,George Hill,1610612755,PHI,35.0,30,24,0.391,37,77,0.481,0.636,0.096,13,19,0.684,0.294,24,58,0.414,2020-21,Regular Season,Touch < 2 Seconds
203960,JaKarr Sampson,1610612754,IND,28.0,29,22,0.664,39,75,0.52,0.54,0.531,36,60,0.6,0.133,3,15,0.2,2020-21,Regular Season,Touch < 2 Seconds
202397,Ish Smith,1610612764,WAS,32.0,44,37,0.249,35,74,0.473,0.588,0.098,18,29,0.621,0.152,17,45,0.378,2020-21,Regular Season,Touch < 2 Seconds
1629662,Mfiondu Kabengele,1610612739,CLE,23.0,39,28,0.809,28,72,0.389,0.472,0.281,16,25,0.64,0.528,12,47,0.255,2020-21,Regular Season,Touch < 2 Seconds
1628411,Wes Iwundu,1610612740,NOP,26.0,41,28,0.706,22,72,0.306,0.34,0.314,17,32,0.531,0.392,5,40,0.125,2020-21,Regular Season,Touch < 2 Seconds
1629750,Javonte Green,1610612741,CHI,27.0,41,29,0.696,33,71,0.465,0.535,0.402,23,41,0.561,0.294,10,30,0.333,2020-21,Regular Season,Touch < 2 Seconds
1629035,Carsen Edwards,1610612738,BOS,23.0,31,22,0.64,24,71,0.338,0.415,0.198,13,22,0.591,0.441,11,49,0.224,2020-21,Regular Season,Touch < 2 Seconds
1630205,Lamar Stevens,1610612739,CLE,23.0,40,31,0.515,35,70,0.5,0.529,0.338,31,46,0.674,0.176,4,24,0.167,2020-21,Regular Season,Touch < 2 Seconds
1629644,KZ Okpala,1610612748,MIA,22.0,37,23,0.729,21,70,0.3,0.379,0.229,10,22,0.455,0.5,11,48,0.229,2020-21,Regular Season,Touch < 2 Seconds
1629670,Jordan Nwora,1610612749,MIL,22.0,30,19,0.511,26,69,0.377,0.493,0.178,10,24,0.417,0.333,16,45,0.356,2020-21,Regular Season,Touch < 2 Seconds
1630233,Nathan Knight,1610612737,ATL,23.0,33,26,0.697,25,69,0.362,0.406,0.414,19,41,0.463,0.283,6,28,0.214,2020-21,Regular Season,Touch < 2 Seconds
1629713,Justin James,1610612758,SAC,24.0,36,24,0.613,31,68,0.456,0.559,0.279,17,31,0.548,0.333,14,37,0.378,2020-21,Regular Season,Touch < 2 Seconds
1629677,Luka Samanic,1610612759,SAS,21.0,33,23,0.648,31,68,0.456,0.544,0.257,19,27,0.704,0.39,12,41,0.293,2020-21,Regular Season,Touch < 2 Seconds
1627846,Abdel Nader,1610612756,PHX,27.0,24,20,0.584,32,66,0.485,0.621,0.212,14,24,0.583,0.372,18,42,0.429,2020-21,Regular Season,Touch < 2 Seconds
1629067,Isaac Bonga,1610612764,WAS,21.0,40,27,0.802,25,65,0.385,0.485,0.222,12,18,0.667,0.58,13,47,0.277,2020-21,Regular Season,Touch < 2 Seconds
1629076,Tyler Cook,1610612765,DET,23.0,32,21,0.653,51,64,0.797,0.805,0.633,50,62,0.806,0.02,1,2,0.5,2020-21,Regular Season,Touch < 2 Seconds
1630273,Freddie Gillespie,1610612761,TOR,24.0,20,20,0.762,35,64,0.547,0.547,0.762,35,64,0.547,0.0,0,0,,2020-21,Regular Season,Touch < 2 Seconds
1628383,Justin Patton,1610612745,HOU,24.0,13,13,0.914,26,64,0.406,0.477,0.443,17,31,0.548,0.471,9,33,0.273,2020-21,Regular Season,Touch < 2 Seconds
1630165,Killian Hayes,1610612765,DET,19.0,26,22,0.323,24,64,0.375,0.492,0.066,9,13,0.692,0.258,15,51,0.294,2020-21,Regular Season,Touch < 2 Seconds
1630271,Brodric Thomas,1610612739,CLE,24.0,32,26,0.583,23,63,0.365,0.468,0.139,10,15,0.667,0.444,13,48,0.271,2020-21,Regular Season,Touch < 2 Seconds
1630182,Josh Green,1610612742,DAL,20.0,39,28,0.667,24,62,0.387,0.419,0.398,20,37,0.541,0.269,4,25,0.16,2020-21,Regular Season,Touch < 2 Seconds
201952,Jeff Teague,1610612749,MIL,33.0,55,35,0.216,26,61,0.426,0.59,0.053,6,15,0.4,0.163,20,46,0.435,2020-21,Regular Season,Touch < 2 Seconds
203473,Dewayne Dedmon,1610612748,MIA,31.0,16,16,0.923,42,60,0.7,0.708,0.846,41,55,0.745,0.077,1,5,0.2,2020-21,Regular Season,Touch < 2 Seconds
1628778,Paul Watson,1610612761,TOR,26.0,27,21,0.732,27,60,0.45,0.667,0.061,1,5,0.2,0.671,26,55,0.473,2020-21,Regular Season,Touch < 2 Seconds
1629599,Amir Coffey,1610612746,LAC,24.0,44,23,0.583,25,60,0.417,0.583,0.078,5,8,0.625,0.505,20,52,0.385,2020-21,Regular Season,Touch < 2 Seconds
1629617,Reggie Perry,1610612751,BKN,21.0,26,21,0.766,26,59,0.441,0.475,0.494,22,38,0.579,0.273,4,21,0.19,2020-21,Regular Season,Touch < 2 Seconds
1628385,Harry Giles III,1610612757,POR,23.0,38,29,0.598,26,58,0.448,0.517,0.371,18,36,0.5,0.227,8,22,0.364,2020-21,Regular Season,Touch < 2 Seconds
202329,Al-Farouq Aminu,1610612741,CHI,30.0,23,20,0.586,20,58,0.345,0.414,0.242,12,24,0.5,0.343,8,34,0.235,2020-21,Regular Season,Touch < 2 Seconds
1628990,Chandler Hutchison,1610612764,WAS,25.0,25,21,0.553,25,57,0.439,0.5,0.369,18,38,0.474,0.184,7,19,0.368,2020-21,Regular Season,Touch < 2 Seconds
203922,Glenn Robinson III,1610612758,SAC,27.0,23,20,0.576,25,57,0.439,0.57,0.172,10,17,0.588,0.404,15,40,0.375,2020-21,Regular Season,Touch < 2 Seconds
1628427,Vlatko Čančar,1610612743,DEN,24.0,41,27,0.767,25,56,0.446,0.527,0.356,16,26,0.615,0.411,9,30,0.3,2020-21,Regular Season,Touch < 2 Seconds
1630222,Mason Jones,1610612755,PHI,22.0,32,23,0.443,25,54,0.463,0.602,0.115,10,14,0.714,0.328,15,40,0.375,2020-21,Regular Season,Touch < 2 Seconds
1630240,Saben Lee,1610612765,DET,22.0,48,28,0.252,34,53,0.642,0.717,0.176,26,37,0.703,0.076,8,16,0.5,2020-21,Regular Season,Touch < 2 Seconds
1626143,Jahlil Okafor,1610612765,DET,25.0,27,22,0.495,34,50,0.68,0.7,0.436,32,44,0.727,0.059,2,6,0.333,2020-21,Regular Season,Touch < 2 Seconds
202734,E'Twaun Moore,1610612756,PHX,32.0,27,23,0.413,19,50,0.38,0.47,0.165,10,20,0.5,0.248,9,30,0.3,2020-21,Regular Season,Touch < 2 Seconds
1630210,Markus Howard,1610612743,DEN,22.0,37,22,0.472,18,50,0.36,0.47,0.075,7,8,0.875,0.396,11,42,0.262,2020-21,Regular Season,Touch < 2 Seconds
1629010,Jerome Robinson,1610612764,WAS,24.0,17,13,0.526,15,50,0.3,0.41,0.116,4,11,0.364,0.411,11,39,0.282,2020-21,Regular Season,Touch < 2 Seconds
1626168,Trey Lyles,1610612759,SAS,25.0,23,16,0.544,21,49,0.429,0.561,0.144,8,13,0.615,0.4,13,36,0.361,2020-21,Regular Season,Touch < 2 Seconds
200765,Rajon Rondo,1610612746,LAC,35.0,45,28,0.228,20,49,0.408,0.571,0.033,4,7,0.571,0.195,16,42,0.381,2020-21,Regular Season,Touch < 2 Seconds
1628983,Shai Gilgeous-Alexander,1610612760,OKC,22.0,35,27,0.085,25,48,0.521,0.698,0.016,8,9,0.889,0.069,17,39,0.436,2020-21,Regular Season,Touch < 2 Seconds
1630264,Anthony Gill,1610612764,WAS,28.0,26,14,0.8,23,48,0.479,0.542,0.433,17,26,0.654,0.367,6,22,0.273,2020-21,Regular Season,Touch < 2 Seconds
1629657,Kyle Guy,1610612758,SAC,23.0,31,25,0.545,13,48,0.271,0.375,0.114,3,10,0.3,0.432,10,38,0.263,2020-21,Regular Season,Touch < 2 Seconds
1630219,Skylar Mays,1610612737,ATL,23.0,33,19,0.48,22,47,0.468,0.596,0.143,10,14,0.714,0.337,12,33,0.364,2020-21,Regular Season,Touch < 2 Seconds
1630241,Sam Merrill,1610612749,MIL,25.0,30,18,0.653,20,47,0.426,0.617,0.097,2,7,0.286,0.556,18,40,0.45,2020-21,Regular Season,Touch < 2 Seconds
1630194,Paul Reed,1610612755,PHI,22.0,26,16,0.59,25,46,0.543,0.543,0.513,25,40,0.625,0.077,0,6,0.0,2020-21,Regular Season,Touch < 2 Seconds
1629117,Wenyen Gabriel,1610612740,NOP,24.0,21,13,0.767,21,46,0.457,0.598,0.25,8,15,0.533,0.517,13,31,0.419,2020-21,Regular Season,Touch < 2 Seconds
1630185,Nico Mannion,1610612744,GSW,20.0,30,17,0.414,16,46,0.348,0.489,0.054,3,6,0.5,0.36,13,40,0.325,2020-21,Regular Season,Touch < 2 Seconds
101141,Ersan Ilyasova,1610612762,UTA,34.0,17,16,0.833,20,45,0.444,0.633,0.185,3,10,0.3,0.648,17,35,0.486,2020-21,Regular Season,Touch < 2 Seconds
1628373,Frank Ntilikina,1610612752,NYK,22.0,33,20,0.57,18,45,0.4,0.6,0.076,0,6,0.0,0.494,18,39,0.462,2020-21,Regular Season,Touch < 2 Seconds
203585,Rodney McGruder,1610612765,DET,29.0,16,11,0.614,25,43,0.581,0.709,0.271,14,19,0.737,0.343,11,24,0.458,2020-21,Regular Season,Touch < 2 Seconds
1629658,Jaylen Hoard,1610612760,OKC,22.0,19,14,0.5,22,43,0.512,0.512,0.395,22,34,0.647,0.105,0,9,0.0,2020-21,Regular Season,Touch < 2 Seconds
1628372,Dennis Smith Jr.,1610612765,DET,23.0,23,18,0.297,16,43,0.372,0.477,0.062,7,9,0.778,0.234,9,34,0.265,2020-21,Regular Season,Touch < 2 Seconds
1630221,Josh Hall,1610612760,OKC,20.0,21,17,0.452,12,42,0.286,0.321,0.118,9,11,0.818,0.333,3,31,0.097,2020-21,Regular Season,Touch < 2 Seconds
1628993,Alize Johnson,1610612751,BKN,25.0,18,12,0.588,26,40,0.65,0.663,0.5,25,34,0.735,0.088,1,6,0.167,2020-21,Regular Season,Touch < 2 Seconds
1629681,Killian Tillie,1610612763,MEM,23.0,18,14,0.702,12,40,0.3,0.425,0.123,2,7,0.286,0.579,10,33,0.303,2020-21,Regular Season,Touch < 2 Seconds
1630188,Jalen Smith,1610612756,PHX,21.0,27,17,0.78,18,39,0.462,0.513,0.44,14,22,0.636,0.34,4,17,0.235,2020-21,Regular Season,Touch < 2 Seconds
1629649,Ignas Brazdeikis,1610612753,ORL,22.0,13,9,0.47,16,39,0.41,0.538,0.181,6,15,0.4,0.289,10,24,0.417,2020-21,Regular Season,Touch < 2 Seconds
1630223,Jalen Harris,1610612761,TOR,22.0,13,11,0.5,18,36,0.5,0.708,0.083,3,6,0.5,0.417,15,30,0.5,2020-21,Regular Season,Touch < 2 Seconds
202334,Ed Davis,1610612750,MIN,32.0,23,15,0.818,17,36,0.472,0.472,0.818,17,36,0.472,0.0,0,0,,2020-21,Regular Season,Touch < 2 Seconds
1629743,Donta Hall,1610612753,ORL,23.0,13,11,1.0,25,35,0.714,0.714,1.0,25,35,0.714,0.0,0,0,,2020-21,Regular Season,Touch < 2 Seconds
1630466,Gabriel Deck,1610612760,OKC,26.0,10,10,0.538,12,35,0.343,0.371,0.323,10,21,0.476,0.215,2,14,0.143,2020-21,Regular Season,Touch < 2 Seconds
1629604,CJ Elleby,1610612757,POR,21.0,30,18,0.515,14,34,0.412,0.485,0.167,9,11,0.818,0.348,5,23,0.217,2020-21,Regular Season,Touch < 2 Seconds
1629641,Romeo Langford,1610612738,BOS,21.0,18,14,0.576,13,34,0.382,0.456,0.288,8,17,0.471,0.288,5,17,0.294,2020-21,Regular Season,Touch < 2 Seconds
1628966,Keita Bates-Diop,1610612759,SAS,25.0,30,14,0.5,18,33,0.545,0.621,0.258,13,17,0.765,0.242,5,16,0.313,2020-21,Regular Season,Touch < 2 Seconds
1628981,Bruno Fernando,1610612737,ATL,22.0,33,16,0.727,15,32,0.469,0.469,0.682,15,30,0.5,0.045,0,2,0.0,2020-21,Regular Season,Touch < 2 Seconds
1629714,Jarrell Brantley,1610612762,UTA,25.0,28,17,0.615,14,32,0.438,0.609,0.096,3,5,0.6,0.519,11,27,0.407,2020-21,Regular Season,Touch < 2 Seconds
203953,Jabari Parker,1610612738,BOS,26.0,13,10,0.564,20,31,0.645,0.677,0.418,18,23,0.783,0.145,2,8,0.25,2020-21,Regular Season,Touch < 2 Seconds
1629017,Khyri Thomas,1610612745,HOU,25.0,5,5,0.47,14,31,0.452,0.548,0.182,8,12,0.667,0.288,6,19,0.316,2020-21,Regular Season,Touch < 2 Seconds
203121,Darius Miller,1610612760,OKC,31.0,18,14,0.625,13,30,0.433,0.617,0.042,2,2,1.0,0.583,11,28,0.393,2020-21,Regular Season,Touch < 2 Seconds
1628414,Sindarius Thornwell,1610612753,ORL,26.0,21,14,0.667,11,30,0.367,0.467,0.178,5,8,0.625,0.489,6,22,0.273,2020-21,Regular Season,Touch < 2 Seconds
1628419,Cameron Oliver,1610612745,HOU,24.0,4,4,0.879,16,29,0.552,0.621,0.485,12,16,0.75,0.394,4,13,0.308,2020-21,Regular Season,Touch < 2 Seconds
1630187,Daniel Oturu,1610612746,LAC,21.0,30,14,0.644,13,29,0.448,0.466,0.578,12,26,0.462,0.067,1,3,0.333,2020-21,Regular Season,Touch < 2 Seconds
1630253,Sean McDermott,1610612763,MEM,24.0,18,11,0.848,10,28,0.357,0.446,0.212,5,7,0.714,0.636,5,21,0.238,2020-21,Regular Season,Touch < 2 Seconds
1629686,Deividas Sirvydis,1610612765,DET,21.0,20,14,0.7,8,28,0.286,0.375,0.15,3,6,0.5,0.55,5,22,0.227,2020-21,Regular Season,Touch < 2 Seconds
1629648,Jordan Bone,1610612753,ORL,23.0,14,10,0.519,8,28,0.286,0.375,0.111,3,6,0.5,0.407,5,22,0.227,2020-21,Regular Season,Touch < 2 Seconds
1629751,Dakota Mathias,1610612755,PHI,25.0,8,8,0.563,11,27,0.407,0.537,0.146,4,7,0.571,0.417,7,20,0.35,2020-21,Regular Season,Touch < 2 Seconds
1629626,Bol Bol,1610612743,DEN,21.0,32,15,0.466,11,27,0.407,0.5,0.172,6,10,0.6,0.293,5,17,0.294,2020-21,Regular Season,Touch < 2 Seconds
1629752,Juwan Morgan,1610612762,UTA,24.0,29,14,0.9,11,27,0.407,0.463,0.5,8,15,0.533,0.4,3,12,0.25,2020-21,Regular Season,Touch < 2 Seconds
1629066,Rodions Kurucs,1610612749,MIL,23.0,21,16,0.844,10,27,0.37,0.463,0.219,5,7,0.714,0.625,5,20,0.25,2020-21,Regular Season,Touch < 2 Seconds
1630235,Trent Forrest,1610612762,UTA,23.0,30,12,0.38,5,27,0.185,0.278,0.056,0,4,0.0,0.324,5,23,0.217,2020-21,Regular Season,Touch < 2 Seconds
1627885,Shaquille Harrison,1610612743,DEN,27.0,34,14,0.347,8,26,0.308,0.365,0.173,5,13,0.385,0.173,3,13,0.231,2020-21,Regular Season,Touch < 2 Seconds
203521,Matthew Dellavedova,1610612739,CLE,30.0,13,12,0.464,6,26,0.231,0.288,0.143,3,8,0.375,0.321,3,18,0.167,2020-21,Regular Season,Touch < 2 Seconds
1629185,Chris Chiozza,1610612751,BKN,25.0,22,13,0.281,8,25,0.32,0.44,0.056,2,5,0.4,0.225,6,20,0.3,2020-21,Regular Season,Touch < 2 Seconds
1630176,Vernon Carey Jr.,1610612766,CHA,20.0,19,11,0.667,14,24,0.583,0.604,0.472,13,17,0.765,0.194,1,7,0.143,2020-21,Regular Season,Touch < 2 Seconds
1629718,Charlie Brown Jr.,1610612760,OKC,24.0,9,8,0.615,8,24,0.333,0.438,0.179,3,7,0.429,0.436,5,17,0.294,2020-21,Regular Season,Touch < 2 Seconds
1629719,Devontae Cacok,1610612747,LAL,24.0,20,12,0.793,15,23,0.652,0.652,0.793,15,23,0.652,0.0,0,0,,2020-21,Regular Season,Touch < 2 Seconds
203933,T.J. Warren,1610612754,IND,27.0,4,4,0.451,11,23,0.478,0.478,0.314,11,16,0.688,0.137,0,7,0.0,2020-21,Regular Season,Touch < 2 Seconds
1629603,Mamadi Diakite,1610612749,MIL,24.0,14,9,0.575,11,23,0.478,0.5,0.4,10,16,0.625,0.175,1,7,0.143,2020-21,Regular Season,Touch < 2 Seconds
1630186,Jahmi'us Ramsey,1610612758,SAC,20.0,13,9,0.605,10,23,0.435,0.543,0.158,5,6,0.833,0.447,5,17,0.294,2020-21,Regular Season,Touch < 2 Seconds
1630199,Cassius Stanley,1610612754,IND,21.0,24,14,0.535,7,23,0.304,0.37,0.233,4,10,0.4,0.302,3,13,0.231,2020-21,Regular Season,Touch < 2 Seconds
1626188,Quinn Cook,1610612739,CLE,28.0,23,10,0.324,8,22,0.364,0.477,0.088,3,6,0.5,0.235,5,16,0.313,2020-21,Regular Season,Touch < 2 Seconds
1630200,Tre Jones,1610612759,SAS,21.0,37,14,0.269,12,21,0.571,0.595,0.231,11,18,0.611,0.038,1,3,0.333,2020-21,Regular Season,Touch < 2 Seconds
1627812,Yogi Ferrell,1610612746,LAC,28.0,10,8,0.396,10,21,0.476,0.643,0.132,3,7,0.429,0.264,7,14,0.5,2020-21,Regular Season,Touch < 2 Seconds
1629606,Robert Franks,1610612753,ORL,24.0,7,7,0.75,10,21,0.476,0.595,0.25,5,7,0.714,0.5,5,14,0.357,2020-21,Regular Season,Touch < 2 Seconds
1629605,Tacko Fall,1610612738,BOS,25.0,19,11,0.655,15,19,0.789,0.789,0.655,15,19,0.789,0.0,0,0,,2020-21,Regular Season,Touch < 2 Seconds
1630190,Elijah Hughes,1610612762,UTA,23.0,18,12,0.655,8,19,0.421,0.605,0.069,1,2,0.5,0.586,7,17,0.412,2020-21,Regular Season,Touch < 2 Seconds
1630207,Nate Hinton,1610612742,DAL,22.0,21,11,0.429,6,18,0.333,0.444,0.071,2,3,0.667,0.357,4,15,0.267,2020-21,Regular Season,Touch < 2 Seconds
1629682,Tremont Waters,1610612738,BOS,23.0,26,10,0.202,5,17,0.294,0.412,0.036,1,3,0.333,0.167,4,14,0.286,2020-21,Regular Season,Touch < 2 Seconds
1629346,Alen Smailagic,1610612744,GSW,20.0,15,8,0.593,8,16,0.5,0.594,0.296,5,8,0.625,0.296,3,8,0.375,2020-21,Regular Season,Touch < 2 Seconds
203957,Dante Exum,1610612745,HOU,25.0,6,5,0.615,7,16,0.438,0.5,0.231,5,6,0.833,0.385,2,10,0.2,2020-21,Regular Season,Touch < 2 Seconds
1628395,Jordan Bell,1610612744,GSW,26.0,6,4,0.727,6,16,0.375,0.375,0.636,6,14,0.429,0.091,0,2,0.0,2020-21,Regular Season,Touch < 2 Seconds
202738,Isaiah Thomas,1610612740,NOP,32.0,3,3,0.593,6,16,0.375,0.438,0.185,4,5,0.8,0.407,2,11,0.182,2020-21,Regular Season,Touch < 2 Seconds
201229,Anthony Tolliver,1610612755,PHI,36.0,11,8,0.941,4,16,0.25,0.375,0.118,0,2,0.0,0.824,4,14,0.286,2020-21,Regular Season,Touch < 2 Seconds
1630206,Jay Scrubb,1610612746,LAC,20.0,4,4,0.6,6,15,0.4,0.467,0.4,4,10,0.4,0.2,2,5,0.4,2020-21,Regular Season,Touch < 2 Seconds
1629962,Devin Cannady,1610612753,ORL,25.0,8,5,0.536,6,15,0.4,0.567,0.071,1,2,0.5,0.464,5,13,0.385,2020-21,Regular Season,Touch < 2 Seconds
1629620,Justin Robinson,1610612760,OKC,23.0,9,6,0.714,5,15,0.333,0.467,0.095,1,2,0.5,0.619,4,13,0.308,2020-21,Regular Season,Touch < 2 Seconds
1629244,Cam Reynolds,1610612745,HOU,26.0,5,3,0.833,4,15,0.267,0.333,0.222,2,4,0.5,0.611,2,11,0.182,2020-21,Regular Season,Touch < 2 Seconds
1630216,Cassius Winston,1610612764,WAS,23.0,22,8,0.424,7,14,0.5,0.75,0.0,0,0,,0.424,7,14,0.5,2020-21,Regular Season,Touch < 2 Seconds
1628365,Markelle Fultz,1610612753,ORL,23.0,8,6,0.135,5,14,0.357,0.429,0.067,3,7,0.429,0.067,2,7,0.286,2020-21,Regular Season,Touch < 2 Seconds
203460,Andre Roberson,1610612751,BKN,29.0,5,4,1.0,2,14,0.143,0.179,0.429,1,6,0.167,0.571,1,8,0.125,2020-21,Regular Season,Touch < 2 Seconds
1629663,Louis King,1610612758,SAC,22.0,6,5,0.382,7,13,0.538,0.615,0.147,5,5,1.0,0.235,2,8,0.25,2020-21,Regular Season,Touch < 2 Seconds
1628455,Mike James,1610612751,BKN,30.0,13,8,0.141,6,13,0.462,0.654,0.022,1,2,0.5,0.12,5,11,0.455,2020-21,Regular Season,Touch < 2 Seconds
1630189,Tyler Bey,1610612742,DAL,23.0,18,9,0.591,4,13,0.308,0.308,0.455,4,10,0.4,0.136,0,3,0.0,2020-21,Regular Season,Touch < 2 Seconds
203998,Bruno Caboclo,1610612745,HOU,25.0,6,5,0.765,4,13,0.308,0.308,0.471,4,8,0.5,0.294,0,5,0.0,2020-21,Regular Season,Touch < 2 Seconds
1627780,Gary Payton II,1610612744,GSW,28.0,10,6,0.923,9,12,0.75,0.833,0.615,7,8,0.875,0.308,2,4,0.5,2020-21,Regular Season,Touch < 2 Seconds
1629735,Chris Silva,1610612758,SAC,24.0,15,8,0.75,7,12,0.583,0.625,0.688,6,11,0.545,0.063,1,1,1.0,2020-21,Regular Season,Touch < 2 Seconds
1629007,Jontay Porter,1610612763,MEM,21.0,11,8,0.8,7,12,0.583,0.708,0.267,4,4,1.0,0.533,3,8,0.375,2020-21,Regular Season,Touch < 2 Seconds
1629690,Adam Mokoka,1610612741,CHI,22.0,14,6,0.632,4,12,0.333,0.375,0.211,3,4,0.75,0.421,1,8,0.125,2020-21,Regular Season,Touch < 2 Seconds
1627740,Henry Ellenson,1610612761,TOR,24.0,2,2,0.857,3,12,0.25,0.292,0.286,2,4,0.5,0.571,1,8,0.125,2020-21,Regular Season,Touch < 2 Seconds
1626245,Cristiano Felicio,1610612741,CHI,28.0,18,7,0.846,7,11,0.636,0.636,0.769,7,10,0.7,0.077,0,1,0.0,2020-21,Regular Season,Touch < 2 Seconds
203658,Norvel Pelle,1610612752,NYK,28.0,13,6,0.733,7,11,0.636,0.636,0.733,7,11,0.636,0.0,0,0,,2020-21,Regular Season,Touch < 2 Seconds
1629725,Jeremiah Martin,1610612739,CLE,25.0,9,5,0.333,4,11,0.364,0.455,0.121,2,4,0.5,0.212,2,7,0.286,2020-21,Regular Season,Touch < 2 Seconds
203263,James Nunnally,1610612740,NOP,30.0,9,5,0.846,4,11,0.364,0.5,0.077,1,1,1.0,0.769,3,10,0.3,2020-21,Regular Season,Touch < 2 Seconds
1629683,Quinndary Weatherspoon,1610612759,SAS,24.0,20,5,0.286,6,10,0.6,0.6,0.171,6,6,1.0,0.114,0,4,0.0,2020-21,Regular Season,Touch < 2 Seconds
1627737,Marquese Chriss,1610612744,GSW,23.0,2,2,0.714,4,10,0.4,0.45,0.357,3,5,0.6,0.357,1,5,0.2,2020-21,Regular Season,Touch < 2 Seconds
1630218,Robert Woodard II,1610612758,SAC,21.0,13,6,0.474,4,9,0.444,0.444,0.316,4,6,0.667,0.158,0,3,0.0,2020-21,Regular Season,Touch < 2 Seconds
2760,Anderson Varejao,1610612739,CLE,38.0,5,5,0.563,3,9,0.333,0.333,0.5,3,8,0.375,0.063,0,1,0.0,2020-21,Regular Season,Touch < 2 Seconds
1629738,Vincent Poirier,1610612755,PHI,27.0,10,6,0.75,3,9,0.333,0.333,0.667,3,8,0.375,0.083,0,1,0.0,2020-21,Regular Season,Touch < 2 Seconds
1629833,Keljin Blevins,1610612757,POR,25.0,17,9,0.45,2,9,0.222,0.278,0.2,1,4,0.25,0.25,1,5,0.2,2020-21,Regular Season,Touch < 2 Seconds
1629730,Rayjon Tucker,1610612755,PHI,23.0,14,5,0.444,5,8,0.625,0.688,0.222,4,4,1.0,0.222,1,4,0.25,2020-21,Regular Season,Touch < 2 Seconds
203915,Spencer Dinwiddie,1610612751,BKN,28.0,3,3,0.5,4,8,0.5,0.625,0.188,2,3,0.667,0.313,2,5,0.4,2020-21,Regular Season,Touch < 2 Seconds
1630208,Nick Richards,1610612766,CHA,23.0,18,7,0.889,4,8,0.5,0.5,0.778,4,7,0.571,0.111,0,1,0.0,2020-21,Regular Season,Touch < 2 Seconds
1627748,Thon Maker,1610612739,CLE,24.0,8,5,0.444,4,8,0.5,0.5,0.389,4,7,0.571,0.056,0,1,0.0,2020-21,Regular Season,Touch < 2 Seconds
1628962,Udoka Azubuike,1610612762,UTA,21.0,15,6,0.889,4,8,0.5,0.5,0.889,4,8,0.5,0.0,0,0,,2020-21,Regular Season,Touch < 2 Seconds
1626178,Rondae Hollis-Jefferson,1610612757,POR,26.0,11,4,0.444,3,8,0.375,0.375,0.389,3,7,0.429,0.056,0,1,0.0,2020-21,Regular Season,Touch < 2 Seconds
1629712,Didi Louzada,1610612740,NOP,21.0,3,3,0.615,2,8,0.25,0.375,0.0,0,0,,0.615,2,8,0.25,2020-21,Regular Season,Touch < 2 Seconds
1626253,Axel Toupane,1610612749,MIL,28.0,8,3,0.636,3,7,0.429,0.429,0.545,3,6,0.5,0.091,0,1,0.0,2020-21,Regular Season,Touch < 2 Seconds
1628961,Kostas Antetokounmpo,1610612747,LAL,23.0,15,6,0.7,3,7,0.429,0.429,0.7,3,7,0.429,0.0,0,0,,2020-21,Regular Season,Touch < 2 Seconds
203086,Meyers Leonard,1610612748,MIA,29.0,3,3,1.0,3,7,0.429,0.643,0.0,0,0,,1.0,3,7,0.429,2020-21,Regular Season,Touch < 2 Seconds
1630268,Nate Darling,1610612766,CHA,22.0,7,4,1.0,2,7,0.286,0.429,0.0,0,0,,1.0,2,7,0.286,2020-21,Regular Season,Touch < 2 Seconds
1630234,Ty-Shon Alexander,1610612756,PHX,22.0,15,7,0.583,1,7,0.143,0.214,0.0,0,0,,0.583,1,7,0.143,2020-21,Regular Season,Touch < 2 Seconds
1628578,Amida Brimah,1610612754,IND,27.0,5,2,0.75,5,6,0.833,0.833,0.75,5,6,0.833,0.0,0,0,,2020-21,Regular Season,Touch < 2 Seconds
1629091,Elijah Bryant,1610612749,MIL,26.0,1,1,0.462,2,6,0.333,0.417,0.231,1,3,0.333,0.231,1,3,0.333,2020-21,Regular Season,Touch < 2 Seconds
1628390,Terrance Ferguson,1610612755,PHI,23.0,13,5,0.857,1,6,0.167,0.167,0.143,1,1,1.0,0.714,0,5,0.0,2020-21,Regular Season,Touch < 2 Seconds
204025,Tim Frazier,1610612763,MEM,30.0,5,4,0.3,1,6,0.167,0.167,0.1,1,2,0.5,0.2,0,4,0.0,2020-21,Regular Season,Touch < 2 Seconds
1629033,Theo Pinson,1610612752,NYK,25.0,17,5,0.667,0,6,0.0,0.0,0.0,0,0,,0.667,0,6,0.0,2020-21,Regular Season,Touch < 2 Seconds
1629653,Devon Dotson,1610612741,CHI,21.0,11,3,0.238,3,5,0.6,0.7,0.095,2,2,1.0,0.143,1,3,0.333,2020-21,Regular Season,Touch < 2 Seconds
201162,Jared Dudley,1610612747,LAL,35.0,12,4,0.556,1,5,0.2,0.3,0.111,0,1,0.0,0.444,1,4,0.25,2020-21,Regular Season,Touch < 2 Seconds
1628388,T.J. Leaf,1610612757,POR,24.0,7,3,0.4,2,4,0.5,0.5,0.4,2,4,0.5,0.0,0,0,,2020-21,Regular Season,Touch < 2 Seconds
1630211,Karim Mane,1610612753,ORL,21.0,10,3,0.308,2,4,0.5,0.625,0.231,1,3,0.333,0.077,1,1,1.0,2020-21,Regular Season,Touch < 2 Seconds
1627739,Kris Dunn,1610612737,ATL,27.0,4,2,0.333,0,4,0.0,0.0,0.167,0,2,0.0,0.167,0,2,0.0,2020-21,Regular Season,Touch < 2 Seconds
1630179,Tyrell Terry,1610612742,DAL,20.0,11,4,0.25,0,4,0.0,0.0,0.0,0,0,,0.25,0,4,0.0,2020-21,Regular Season,Touch < 2 Seconds
1628412,Frank Mason III,1610612753,ORL,27.0,4,2,0.125,2,3,0.667,1.0,0.0,0,0,,0.125,2,3,0.667,2020-21,Regular Season,Touch < 2 Seconds
1630203,Grant Riller,1610612766,CHA,24.0,7,3,0.25,2,3,0.667,1.0,0.0,0,0,,0.25,2,3,0.667,2020-21,Regular Season,Touch < 2 Seconds
1630238,Malik Fitts,1610612746,LAC,23.0,3,2,1.0,1,3,0.333,0.5,0.333,0,1,0.0,0.667,1,2,0.5,2020-21,Regular Season,Touch < 2 Seconds
1628968,Brian Bowen II,1610612754,IND,22.0,6,3,0.75,0,3,0.0,0.0,0.5,0,2,0.0,0.25,0,1,0.0,2020-21,Regular Season,Touch < 2 Seconds
2617,Udonis Haslem,1610612748,MIA,41.0,1,1,1.0,2,2,1.0,1.0,1.0,2,2,1.0,0.0,0,0,,2020-21,Regular Season,Touch < 2 Seconds
1629034,Ray Spalding,1610612745,HOU,24.0,2,1,0.5,1,2,0.5,0.5,0.25,1,1,1.0,0.25,0,1,0.0,2020-21,Regular Season,Touch < 2 Seconds
203943,Noah Vonleh,1610612751,BKN,25.0,4,1,0.667,0,2,0.0,0.0,0.333,0,1,0.0,0.333,0,1,0.0,2020-21,Regular Season,Touch < 2 Seconds
204222,Greg Whittington,1610612743,DEN,28.0,4,1,0.667,0,2,0.0,0.0,0.0,0,0,,0.667,0,2,0.0,2020-21,Regular Season,Touch < 2 Seconds
1629121,Jaylen Adams,1610612749,MIL,25.0,7,1,0.25,0,2,0.0,0.0,0.125,0,1,0.0,0.125,0,1,0.0,2020-21,Regular Season,Touch < 2 Seconds
202697,Iman Shumpert,1610612751,BKN,31.0,2,2,0.5,0,2,0.0,0.0,0.0,0,0,,0.5,0,2,0.0,2020-21,Regular Season,Touch < 2 Seconds
1630266,Will Magnay,1610612740,NOP,23.0,1,1,1.0,0,1,0.0,0.0,0.0,0,0,,1.0,0,1,0.0,2020-21,Regular Season,Touch < 2 Seconds
1629607,Jared Harper,1610612752,NYK,23.0,8,1,0.25,0,1,0.0,0.0,0.0,0,0,,0.25,0,1,0.0,2020-21,Regular Season,Touch < 2 Seconds
1628394,Anžejs Pasečņiks,1610612764,WAS,25.0,1,1,1.0,0,1,0.0,0.0,0.0,0,0,,1.0,0,1,0.0,2020-21,Regular Season,Touch < 2 Seconds
1628369,Jayson Tatum,1610612738,BOS,23.0,64,64,0.501,293,661,0.443,0.493,0.359,227,473,0.48,0.143,66,188,0.351,2020-21,Regular Season,Touch 2-6 Seconds
203078,Bradley Beal,1610612764,WAS,28.0,60,60,0.452,301,624,0.482,0.509,0.375,268,518,0.517,0.077,33,106,0.311,2020-21,Regular Season,Touch 2-6 Seconds
203944,Julius Randle,1610612752,NYK,26.0,71,71,0.471,291,621,0.469,0.494,0.409,260,540,0.481,0.061,31,81,0.383,2020-21,Regular Season,Touch 2-6 Seconds
1628368,De'Aaron Fox,1610612758,SAC,23.0,58,58,0.5,272,555,0.49,0.527,0.384,231,426,0.542,0.116,41,129,0.318,2020-21,Regular Season,Touch 2-6 Seconds
1627759,Jaylen Brown,1610612738,BOS,24.0,58,58,0.489,269,543,0.495,0.526,0.408,236,453,0.521,0.081,33,90,0.367,2020-21,Regular Season,Touch 2-6 Seconds
1630162,Anthony Edwards,1610612750,MIN,19.0,72,72,0.435,207,526,0.394,0.44,0.296,158,358,0.441,0.139,49,168,0.292,2020-21,Regular Season,Touch 2-6 Seconds
1626164,Devin Booker,1610612756,PHX,24.0,67,66,0.412,250,524,0.477,0.508,0.328,218,417,0.523,0.084,32,107,0.299,2020-21,Regular Season,Touch 2-6 Seconds
203507,Giannis Antetokounmpo,1610612749,MIL,26.0,61,60,0.474,275,521,0.528,0.558,0.376,244,414,0.589,0.097,31,107,0.29,2020-21,Regular Season,Touch 2-6 Seconds
1628415,Dillon Brooks,1610612763,MEM,25.0,67,67,0.492,216,507,0.426,0.444,0.424,198,437,0.453,0.068,18,70,0.257,2020-21,Regular Season,Touch 2-6 Seconds
201566,Russell Westbrook,1610612764,WAS,32.0,65,65,0.385,219,477,0.459,0.475,0.33,204,408,0.5,0.056,15,69,0.217,2020-21,Regular Season,Touch 2-6 Seconds
203954,Joel Embiid,1610612755,PHI,27.0,51,51,0.528,243,475,0.512,0.526,0.498,229,448,0.511,0.03,14,27,0.519,2020-21,Regular Season,Touch 2-6 Seconds
1626179,Terry Rozier,1610612766,CHA,27.0,69,69,0.413,218,467,0.467,0.504,0.312,183,353,0.518,0.101,35,114,0.307,2020-21,Regular Season,Touch 2-6 Seconds
1627742,Brandon Ingram,1610612740,NOP,23.0,61,61,0.422,216,464,0.466,0.486,0.353,197,388,0.508,0.069,19,76,0.25,2020-21,Regular Season,Touch 2-6 Seconds
203897,Zach LaVine,1610612741,CHI,26.0,58,58,0.408,219,458,0.478,0.562,0.247,142,277,0.513,0.161,77,181,0.425,2020-21,Regular Season,Touch 2-6 Seconds
201939,Stephen Curry,1610612744,GSW,33.0,63,63,0.333,214,452,0.473,0.549,0.189,146,256,0.57,0.144,68,196,0.347,2020-21,Regular Season,Touch 2-6 Seconds
203999,Nikola Jokić,1610612743,DEN,26.0,72,72,0.353,249,450,0.553,0.559,0.34,244,433,0.564,0.013,5,17,0.294,2020-21,Regular Season,Touch 2-6 Seconds
202699,Tobias Harris,1610612755,PHI,28.0,62,62,0.481,229,444,0.516,0.524,0.442,222,408,0.544,0.039,7,36,0.194,2020-21,Regular Season,Touch 2-6 Seconds
203924,Jerami Grant,1610612765,DET,27.0,54,53,0.477,206,440,0.468,0.482,0.436,194,402,0.483,0.041,12,38,0.316,2020-21,Regular Season,Touch 2-6 Seconds
203952,Andrew Wiggins,1610612744,GSW,26.0,71,71,0.416,206,437,0.471,0.503,0.348,178,365,0.488,0.069,28,72,0.389,2020-21,Regular Season,Touch 2-6 Seconds
203114,Khris Middleton,1610612749,MIL,29.0,68,68,0.399,202,428,0.472,0.519,0.305,162,328,0.494,0.093,40,100,0.4,2020-21,Regular Season,Touch 2-6 Seconds
1628378,Donovan Mitchell,1610612762,UTA,24.0,53,53,0.393,183,428,0.428,0.495,0.256,125,279,0.448,0.137,58,149,0.389,2020-21,Regular Season,Touch 2-6 Seconds
1629628,RJ Barrett,1610612752,NYK,21.0,72,72,0.406,186,426,0.437,0.439,0.395,184,414,0.444,0.011,2,12,0.167,2020-21,Regular Season,Touch 2-6 Seconds
203903,Jordan Clarkson,1610612762,UTA,29.0,68,68,0.388,179,416,0.43,0.507,0.207,115,222,0.518,0.181,64,194,0.33,2020-21,Regular Season,Touch 2-6 Seconds
1629012,Collin Sexton,1610612739,CLE,22.0,60,58,0.378,181,411,0.44,0.464,0.321,162,349,0.464,0.057,19,62,0.306,2020-21,Regular Season,Touch 2-6 Seconds
1627747,Caris LeVert,1610612754,IND,26.0,47,47,0.501,188,408,0.461,0.502,0.392,154,319,0.483,0.109,34,89,0.382,2020-21,Regular Season,Touch 2-6 Seconds
1629027,Trae Young,1610612737,ATL,22.0,63,63,0.367,180,408,0.441,0.484,0.254,145,282,0.514,0.113,35,126,0.278,2020-21,Regular Season,Touch 2-6 Seconds
202695,Kawhi Leonard,1610612746,LAC,30.0,52,52,0.447,195,405,0.481,0.517,0.357,166,324,0.512,0.089,29,81,0.358,2020-21,Regular Season,Touch 2-6 Seconds
1628407,Dwayne Bacon,1610612753,ORL,25.0,72,71,0.555,166,402,0.413,0.433,0.472,150,342,0.439,0.083,16,60,0.267,2020-21,Regular Season,Touch 2-6 Seconds
1626181,Norman Powell,1610612757,POR,28.0,69,69,0.435,195,399,0.489,0.52,0.346,170,318,0.535,0.088,25,81,0.309,2020-21,Regular Season,Touch 2-6 Seconds
1629029,Luka Doncic,1610612742,DAL,22.0,66,65,0.297,190,399,0.476,0.541,0.185,138,249,0.554,0.112,52,150,0.347,2020-21,Regular Season,Touch 2-6 Seconds
1627763,Malcolm Brogdon,1610612754,IND,28.0,56,56,0.397,176,389,0.452,0.49,0.296,147,290,0.507,0.101,29,99,0.293,2020-21,Regular Season,Touch 2-6 Seconds
1629627,Zion Williamson,1610612740,NOP,20.0,61,61,0.372,214,386,0.554,0.556,0.365,213,378,0.563,0.008,1,8,0.125,2020-21,Regular Season,Touch 2-6 Seconds
202681,Kyrie Irving,1610612751,BKN,29.0,54,54,0.348,206,378,0.545,0.597,0.248,167,269,0.621,0.1,39,109,0.358,2020-21,Regular Season,Touch 2-6 Seconds
201942,DeMar DeRozan,1610612759,SAS,31.0,61,61,0.409,192,375,0.512,0.513,0.4,191,367,0.52,0.009,1,8,0.125,2020-21,Regular Season,Touch 2-6 Seconds
202696,Nikola Vucevic,1610612741,CHI,30.0,70,70,0.268,180,375,0.48,0.481,0.267,179,373,0.48,0.001,1,2,0.5,2020-21,Regular Season,Touch 2-6 Seconds
202331,Paul George,1610612746,LAC,31.0,54,54,0.391,174,373,0.466,0.519,0.28,135,267,0.506,0.111,39,106,0.368,2020-21,Regular Season,Touch 2-6 Seconds
1627783,Pascal Siakam,1610612761,TOR,27.0,56,56,0.383,172,368,0.467,0.48,0.345,163,332,0.491,0.037,9,36,0.25,2020-21,Regular Season,Touch 2-6 Seconds
1627749,Dejounte Murray,1610612759,SAS,24.0,67,66,0.374,179,364,0.492,0.497,0.362,175,352,0.497,0.012,4,12,0.333,2020-21,Regular Season,Touch 2-6 Seconds
1626157,Karl-Anthony Towns,1610612750,MIN,25.0,50,49,0.415,171,363,0.471,0.49,0.357,157,312,0.503,0.058,14,51,0.275,2020-21,Regular Season,Touch 2-6 Seconds
1629636,Darius Garland,1610612739,CLE,21.0,54,53,0.448,163,355,0.459,0.508,0.338,128,268,0.478,0.11,35,87,0.402,2020-21,Regular Season,Touch 2-6 Seconds
203081,Damian Lillard,1610612757,POR,30.0,67,67,0.266,146,355,0.411,0.496,0.133,86,178,0.483,0.133,60,177,0.339,2020-21,Regular Season,Touch 2-6 Seconds
203501,Tim Hardaway Jr.,1610612742,DAL,29.0,70,70,0.388,165,353,0.467,0.514,0.281,132,255,0.518,0.108,33,98,0.337,2020-21,Regular Season,Touch 2-6 Seconds
202711,Bojan Bogdanovic,1610612762,UTA,32.0,72,72,0.376,154,347,0.444,0.473,0.317,134,293,0.457,0.059,20,54,0.37,2020-21,Regular Season,Touch 2-6 Seconds
1629003,Shake Milton,1610612755,PHI,24.0,63,63,0.504,160,336,0.476,0.494,0.436,148,291,0.509,0.067,12,45,0.267,2020-21,Regular Season,Touch 2-6 Seconds
1629018,Gary Trent Jr.,1610612761,TOR,22.0,58,56,0.425,143,334,0.428,0.485,0.294,105,231,0.455,0.131,38,103,0.369,2020-21,Regular Season,Touch 2-6 Seconds
1629630,Ja Morant,1610612763,MEM,21.0,63,63,0.346,158,331,0.477,0.512,0.284,135,272,0.496,0.062,23,59,0.39,2020-21,Regular Season,Touch 2-6 Seconds
2546,Carmelo Anthony,1610612757,POR,37.0,69,66,0.426,149,331,0.45,0.495,0.337,119,262,0.454,0.089,30,69,0.435,2020-21,Regular Season,Touch 2-6 Seconds
1627832,Fred VanVleet,1610612761,TOR,27.0,52,52,0.376,124,327,0.379,0.436,0.233,87,203,0.429,0.143,37,124,0.298,2020-21,Regular Season,Touch 2-6 Seconds
101108,Chris Paul,1610612756,PHX,36.0,70,70,0.374,168,325,0.517,0.582,0.249,126,217,0.581,0.124,42,108,0.389,2020-21,Regular Season,Touch 2-6 Seconds
1629640,Keldon Johnson,1610612759,SAS,21.0,69,68,0.458,151,323,0.467,0.477,0.428,145,302,0.48,0.03,6,21,0.286,2020-21,Regular Season,Touch 2-6 Seconds
1628367,Josh Jackson,1610612765,DET,24.0,62,61,0.459,142,322,0.441,0.455,0.406,133,285,0.467,0.053,9,37,0.243,2020-21,Regular Season,Touch 2-6 Seconds
1627734,Domantas Sabonis,1610612754,IND,25.0,62,62,0.354,155,320,0.484,0.488,0.347,153,314,0.487,0.007,2,6,0.333,2020-21,Regular Season,Touch 2-6 Seconds
1627750,Jamal Murray,1610612743,DEN,24.0,48,48,0.403,146,316,0.462,0.513,0.284,114,223,0.511,0.118,32,93,0.344,2020-21,Regular Season,Touch 2-6 Seconds
203471,Dennis Schröder,1610612747,LAL,27.0,61,59,0.421,134,316,0.424,0.44,0.372,124,279,0.444,0.049,10,37,0.27,2020-21,Regular Season,Touch 2-6 Seconds
203468,CJ McCollum,1610612757,POR,29.0,47,47,0.356,139,315,0.441,0.511,0.225,95,199,0.477,0.131,44,116,0.379,2020-21,Regular Season,Touch 2-6 Seconds
1629647,Darius Bazley,1610612760,OKC,21.0,55,55,0.438,121,302,0.401,0.434,0.351,101,242,0.417,0.087,20,60,0.333,2020-21,Regular Season,Touch 2-6 Seconds
1629639,Tyler Herro,1610612748,MIA,21.0,54,53,0.422,119,295,0.403,0.436,0.316,100,221,0.452,0.106,19,74,0.257,2020-21,Regular Season,Touch 2-6 Seconds
201950,Jrue Holiday,1610612749,MIL,31.0,59,58,0.354,142,292,0.486,0.545,0.248,108,204,0.529,0.107,34,88,0.386,2020-21,Regular Season,Touch 2-6 Seconds
203082,Terrence Ross,1610612753,ORL,30.0,46,46,0.464,114,286,0.399,0.441,0.338,90,208,0.433,0.127,24,78,0.308,2020-21,Regular Season,Touch 2-6 Seconds
1628973,Jalen Brunson,1610612742,DAL,24.0,68,66,0.453,149,284,0.525,0.548,0.389,136,244,0.557,0.064,13,40,0.325,2020-21,Regular Season,Touch 2-6 Seconds
201152,Thaddeus Young,1610612741,CHI,33.0,68,67,0.416,145,276,0.525,0.525,0.413,145,274,0.529,0.003,0,2,0.0,2020-21,Regular Season,Touch 2-6 Seconds
1628989,Kevin Huerter,1610612737,ATL,22.0,69,69,0.375,126,274,0.46,0.5,0.289,104,211,0.493,0.086,22,63,0.349,2020-21,Regular Season,Touch 2-6 Seconds
203937,Kyle Anderson,1610612763,MEM,27.0,69,69,0.415,138,273,0.505,0.54,0.353,119,232,0.513,0.062,19,41,0.463,2020-21,Regular Season,Touch 2-6 Seconds
1627741,Buddy Hield,1610612758,SAC,28.0,71,70,0.273,106,271,0.391,0.463,0.161,67,160,0.419,0.112,39,111,0.351,2020-21,Regular Season,Touch 2-6 Seconds
202330,Gordon Hayward,1610612766,CHA,31.0,44,44,0.41,120,270,0.444,0.472,0.35,105,230,0.457,0.061,15,40,0.375,2020-21,Regular Season,Touch 2-6 Seconds
1629632,Coby White,1610612741,CHI,21.0,69,67,0.297,111,268,0.414,0.437,0.243,99,219,0.452,0.054,12,49,0.245,2020-21,Regular Season,Touch 2-6 Seconds
203084,Harrison Barnes,1610612758,SAC,29.0,58,57,0.414,135,266,0.508,0.547,0.326,114,209,0.545,0.089,21,57,0.368,2020-21,Regular Season,Touch 2-6 Seconds
202710,Jimmy Butler III,1610612748,MIA,31.0,52,51,0.357,137,263,0.521,0.534,0.311,130,229,0.568,0.046,7,34,0.206,2020-21,Regular Season,Touch 2-6 Seconds
1628389,Bam Adebayo,1610612748,MIA,23.0,64,63,0.328,120,262,0.458,0.458,0.323,120,258,0.465,0.005,0,4,0.0,2020-21,Regular Season,Touch 2-6 Seconds
1629022,Lonnie Walker IV,1610612759,SAS,22.0,60,60,0.429,114,261,0.437,0.466,0.356,99,217,0.456,0.072,15,44,0.341,2020-21,Regular Season,Touch 2-6 Seconds
203506,Victor Oladipo,1610612748,MIA,29.0,33,32,0.463,107,261,0.41,0.444,0.349,89,197,0.452,0.113,18,64,0.281,2020-21,Regular Season,Touch 2-6 Seconds
1626196,Josh Richardson,1610612742,DAL,27.0,59,59,0.417,124,258,0.481,0.512,0.354,108,219,0.493,0.063,16,39,0.41,2020-21,Regular Season,Touch 2-6 Seconds
204456,T.J. McConnell,1610612754,IND,29.0,69,67,0.524,146,257,0.568,0.572,0.508,144,249,0.578,0.016,2,8,0.25,2020-21,Regular Season,Touch 2-6 Seconds
1630163,LaMelo Ball,1610612766,CHA,19.0,51,50,0.382,115,257,0.447,0.481,0.3,98,202,0.485,0.082,17,55,0.309,2020-21,Regular Season,Touch 2-6 Seconds
202322,John Wall,1610612745,HOU,30.0,40,40,0.35,103,254,0.406,0.449,0.244,81,177,0.458,0.106,22,77,0.286,2020-21,Regular Season,Touch 2-6 Seconds
202339,Eric Bledsoe,1610612740,NOP,31.0,71,69,0.347,108,253,0.427,0.449,0.3,97,219,0.443,0.047,11,34,0.324,2020-21,Regular Season,Touch 2-6 Seconds
101150,Lou Williams,1610612737,ATL,34.0,66,64,0.389,99,252,0.393,0.435,0.308,78,199,0.392,0.082,21,53,0.396,2020-21,Regular Season,Touch 2-6 Seconds
1626162,Kelly Oubre Jr.,1610612744,GSW,25.0,55,54,0.351,97,252,0.385,0.395,0.313,92,225,0.409,0.038,5,27,0.185,2020-21,Regular Season,Touch 2-6 Seconds
201142,Kevin Durant,1610612751,BKN,32.0,35,35,0.415,137,250,0.548,0.594,0.338,114,204,0.559,0.076,23,46,0.5,2020-21,Regular Season,Touch 2-6 Seconds
202689,Kemba Walker,1610612760,OKC,31.0,43,43,0.368,116,249,0.466,0.536,0.228,81,154,0.526,0.141,35,95,0.368,2020-21,Regular Season,Touch 2-6 Seconds
1627732,Ben Simmons,1610612755,PHI,24.0,58,58,0.425,130,248,0.524,0.524,0.42,130,245,0.531,0.005,0,3,0.0,2020-21,Regular Season,Touch 2-6 Seconds
1629060,Rui Hachimura,1610612764,WAS,23.0,57,57,0.38,99,246,0.402,0.402,0.377,99,244,0.406,0.003,0,2,0.0,2020-21,Regular Season,Touch 2-6 Seconds
201565,Derrick Rose,1610612752,NYK,32.0,50,49,0.406,121,245,0.494,0.52,0.354,108,214,0.505,0.051,13,31,0.419,2020-21,Regular Season,Touch 2-6 Seconds
203552,Seth Curry,1610612755,PHI,30.0,57,56,0.442,114,244,0.467,0.506,0.346,95,191,0.497,0.096,19,53,0.358,2020-21,Regular Season,Touch 2-6 Seconds
1626156,D'Angelo Russell,1610612750,MIN,25.0,42,41,0.37,105,241,0.436,0.515,0.224,67,146,0.459,0.146,38,95,0.4,2020-21,Regular Season,Touch 2-6 Seconds
200768,Kyle Lowry,1610612761,TOR,35.0,46,46,0.401,110,239,0.46,0.531,0.245,76,146,0.521,0.156,34,93,0.366,2020-21,Regular Season,Touch 2-6 Seconds
1630177,Theo Maledon,1610612760,OKC,20.0,65,63,0.389,94,238,0.395,0.431,0.297,77,182,0.423,0.092,17,56,0.304,2020-21,Regular Season,Touch 2-6 Seconds
203095,Evan Fournier,1610612738,BOS,28.0,42,41,0.438,124,237,0.523,0.597,0.296,89,160,0.556,0.142,35,77,0.455,2020-21,Regular Season,Touch 2-6 Seconds
1629652,Luguentz Dort,1610612760,OKC,22.0,52,52,0.371,92,237,0.388,0.407,0.309,83,197,0.421,0.063,9,40,0.225,2020-21,Regular Season,Touch 2-6 Seconds
201144,Mike Conley,1610612762,UTA,33.0,51,50,0.37,102,236,0.432,0.513,0.238,64,152,0.421,0.132,38,84,0.452,2020-21,Regular Season,Touch 2-6 Seconds
1630169,Tyrese Haliburton,1610612758,SAC,21.0,58,57,0.38,117,235,0.498,0.549,0.276,93,171,0.544,0.103,24,64,0.375,2020-21,Regular Season,Touch 2-6 Seconds
2544,LeBron James,1610612747,LAL,36.0,45,43,0.295,110,235,0.468,0.532,0.19,80,151,0.53,0.106,30,84,0.357,2020-21,Regular Season,Touch 2-6 Seconds
1630171,Isaac Okoro,1610612739,CLE,20.0,67,64,0.424,106,233,0.455,0.476,0.362,96,199,0.482,0.062,10,34,0.294,2020-21,Regular Season,Touch 2-6 Seconds
203115,Will Barton,1610612743,DEN,30.0,56,53,0.386,100,233,0.429,0.479,0.283,77,171,0.45,0.103,23,62,0.371,2020-21,Regular Season,Touch 2-6 Seconds
203901,Elfrid Payton,1610612752,NYK,27.0,63,60,0.379,94,233,0.403,0.406,0.371,93,228,0.408,0.008,1,5,0.2,2020-21,Regular Season,Touch 2-6 Seconds
1630193,Immanuel Quickley,1610612752,NYK,22.0,64,63,0.4,88,231,0.381,0.446,0.251,58,145,0.4,0.149,30,86,0.349,2020-21,Regular Season,Touch 2-6 Seconds
1629659,Talen Horton-Tucker,1610612747,LAL,20.0,65,62,0.467,110,228,0.482,0.504,0.404,100,197,0.508,0.064,10,31,0.323,2020-21,Regular Season,Touch 2-6 Seconds
200752,Rudy Gay,1610612759,SAS,34.0,63,62,0.363,90,228,0.395,0.417,0.314,80,197,0.406,0.049,10,31,0.323,2020-21,Regular Season,Touch 2-6 Seconds
1630178,Tyrese Maxey,1610612755,PHI,20.0,61,54,0.524,109,225,0.484,0.5,0.462,102,198,0.515,0.063,7,27,0.259,2020-21,Regular Season,Touch 2-6 Seconds
201935,James Harden,1610612751,BKN,31.0,44,43,0.306,104,225,0.462,0.536,0.178,71,131,0.542,0.128,33,94,0.351,2020-21,Regular Season,Touch 2-6 Seconds
203083,Andre Drummond,1610612747,LAL,27.0,46,45,0.408,95,225,0.422,0.422,0.408,95,225,0.422,0.0,0,0,,2020-21,Regular Season,Touch 2-6 Seconds
1628988,Aaron Holiday,1610612754,IND,24.0,66,62,0.515,91,225,0.404,0.424,0.455,82,199,0.412,0.059,9,26,0.346,2020-21,Regular Season,Touch 2-6 Seconds
1628381,John Collins,1610612737,ATL,23.0,63,59,0.289,111,223,0.498,0.5,0.283,110,218,0.505,0.006,1,5,0.2,2020-21,Regular Season,Touch 2-6 Seconds
1629134,Kendrick Nunn,1610612748,MIA,25.0,56,54,0.337,111,222,0.5,0.541,0.255,93,168,0.554,0.082,18,54,0.333,2020-21,Regular Season,Touch 2-6 Seconds
1628977,Hamidou Diallo,1610612765,DET,22.0,52,51,0.464,103,218,0.472,0.486,0.432,97,203,0.478,0.032,6,15,0.4,2020-21,Regular Season,Touch 2-6 Seconds
202694,Marcus Morris Sr.,1610612746,LAC,31.0,57,56,0.372,101,217,0.465,0.491,0.322,90,188,0.479,0.05,11,29,0.379,2020-21,Regular Season,Touch 2-6 Seconds
1626171,Bobby Portis,1610612749,MIL,26.0,66,65,0.357,106,214,0.495,0.502,0.351,103,210,0.49,0.007,3,4,0.75,2020-21,Regular Season,Touch 2-6 Seconds
203076,Anthony Davis,1610612747,LAL,28.0,36,35,0.358,101,214,0.472,0.472,0.345,101,206,0.49,0.013,0,8,0.0,2020-21,Regular Season,Touch 2-6 Seconds
1630256,Jae'Sean Tate,1610612745,HOU,25.0,70,65,0.344,121,213,0.568,0.573,0.335,119,208,0.572,0.008,2,5,0.4,2020-21,Regular Season,Touch 2-6 Seconds
1629008,Michael Porter Jr.,1610612743,DEN,23.0,61,56,0.259,106,210,0.505,0.56,0.177,83,144,0.576,0.081,23,66,0.348,2020-21,Regular Season,Touch 2-6 Seconds
1630172,Patrick Williams,1610612741,CHI,19.0,71,69,0.396,86,209,0.411,0.419,0.375,83,198,0.419,0.021,3,11,0.273,2020-21,Regular Season,Touch 2-6 Seconds
1628984,Devonte' Graham,1610612766,CHA,26.0,55,52,0.311,73,208,0.351,0.421,0.172,44,115,0.383,0.139,29,93,0.312,2020-21,Regular Season,Touch 2-6 Seconds
1628970,Miles Bridges,1610612766,CHA,23.0,66,64,0.333,92,207,0.444,0.507,0.243,66,151,0.437,0.09,26,56,0.464,2020-21,Regular Season,Touch 2-6 Seconds
1627736,Malik Beasley,1610612750,MIN,24.0,37,37,0.345,87,207,0.42,0.478,0.233,63,140,0.45,0.112,24,67,0.358,2020-21,Regular Season,Touch 2-6 Seconds
202685,Jonas Valančiūnas,1610612763,MEM,29.0,62,57,0.274,116,203,0.571,0.584,0.265,111,197,0.563,0.008,5,6,0.833,2020-21,Regular Season,Touch 2-6 Seconds
1626174,Christian Wood,1610612745,HOU,25.0,41,39,0.317,90,203,0.443,0.473,0.273,78,175,0.446,0.044,12,28,0.429,2020-21,Regular Season,Touch 2-6 Seconds
1628983,Shai Gilgeous-Alexander,1610612760,OKC,22.0,35,35,0.356,99,201,0.493,0.567,0.246,69,139,0.496,0.11,30,62,0.484,2020-21,Regular Season,Touch 2-6 Seconds
204001,Kristaps Porziņģis,1610612742,DAL,25.0,43,43,0.294,88,201,0.438,0.453,0.266,82,182,0.451,0.028,6,19,0.316,2020-21,Regular Season,Touch 2-6 Seconds
203992,Bogdan Bogdanović,1610612737,ATL,28.0,44,42,0.343,93,194,0.479,0.552,0.232,65,131,0.496,0.112,28,63,0.444,2020-21,Regular Season,Touch 2-6 Seconds
1628398,Kyle Kuzma,1610612747,LAL,25.0,68,62,0.258,86,194,0.443,0.466,0.21,77,158,0.487,0.048,9,36,0.25,2020-21,Regular Season,Touch 2-6 Seconds
203526,Raul Neto,1610612764,WAS,29.0,64,58,0.427,82,191,0.429,0.44,0.383,78,171,0.456,0.045,4,20,0.2,2020-21,Regular Season,Touch 2-6 Seconds
1630180,Saddiq Bey,1610612765,DET,22.0,70,61,0.278,69,191,0.361,0.398,0.206,55,142,0.387,0.071,14,49,0.286,2020-21,Regular Season,Touch 2-6 Seconds
202704,Reggie Jackson,1610612746,LAC,31.0,67,61,0.328,88,190,0.463,0.524,0.236,65,137,0.474,0.091,23,53,0.434,2020-21,Regular Season,Touch 2-6 Seconds
1626149,Montrezl Harrell,1610612747,LAL,27.0,69,63,0.315,97,187,0.519,0.519,0.31,97,184,0.527,0.005,0,3,0.0,2020-21,Regular Season,Touch 2-6 Seconds
201609,Goran Dragic,1610612748,MIA,35.0,50,48,0.338,87,187,0.465,0.503,0.258,73,143,0.51,0.079,14,44,0.318,2020-21,Regular Season,Touch 2-6 Seconds
202692,Alec Burks,1610612752,NYK,29.0,49,44,0.37,75,183,0.41,0.456,0.279,58,138,0.42,0.091,17,45,0.378,2020-21,Regular Season,Touch 2-6 Seconds
1628366,Lonzo Ball,1610612740,NOP,23.0,55,51,0.261,71,182,0.39,0.437,0.17,54,119,0.454,0.09,17,63,0.27,2020-21,Regular Season,Touch 2-6 Seconds
1629675,Naz Reid,1610612750,MIN,21.0,70,61,0.31,81,180,0.45,0.453,0.303,80,176,0.455,0.007,1,4,0.25,2020-21,Regular Season,Touch 2-6 Seconds
1629023,P.J. Washington,1610612766,CHA,22.0,64,62,0.262,72,180,0.4,0.414,0.238,67,163,0.411,0.025,5,17,0.294,2020-21,Regular Season,Touch 2-6 Seconds
1628370,Malik Monk,1610612766,CHA,23.0,42,40,0.449,83,179,0.464,0.517,0.313,64,125,0.512,0.135,19,54,0.352,2020-21,Regular Season,Touch 2-6 Seconds
203925,Joe Harris,1610612751,BKN,29.0,69,64,0.246,80,174,0.46,0.477,0.21,74,148,0.5,0.037,6,26,0.231,2020-21,Regular Season,Touch 2-6 Seconds
1629676,Isaiah Roby,1610612760,OKC,23.0,61,57,0.408,82,173,0.474,0.488,0.366,77,155,0.497,0.042,5,18,0.278,2020-21,Regular Season,Touch 2-6 Seconds
204060,Joe Ingles,1610612762,UTA,33.0,67,60,0.306,90,172,0.523,0.66,0.125,43,70,0.614,0.181,47,102,0.461,2020-21,Regular Season,Touch 2-6 Seconds
1628978,Donte DiVincenzo,1610612749,MIL,24.0,66,59,0.285,73,172,0.424,0.491,0.186,50,112,0.446,0.1,23,60,0.383,2020-21,Regular Season,Touch 2-6 Seconds
1626224,Cedi Osman,1610612739,CLE,26.0,59,54,0.299,68,172,0.395,0.436,0.205,54,118,0.458,0.094,14,54,0.259,2020-21,Regular Season,Touch 2-6 Seconds
203935,Marcus Smart,1610612738,BOS,27.0,48,47,0.335,74,171,0.433,0.482,0.237,57,121,0.471,0.098,17,50,0.34,2020-21,Regular Season,Touch 2-6 Seconds
203932,Aaron Gordon,1610612743,DEN,25.0,50,45,0.343,62,171,0.363,0.386,0.265,54,132,0.409,0.078,8,39,0.205,2020-21,Regular Season,Touch 2-6 Seconds
201577,Robin Lopez,1610612764,WAS,33.0,71,60,0.399,106,169,0.627,0.627,0.399,106,169,0.627,0.0,0,0,,2020-21,Regular Season,Touch 2-6 Seconds
201937,Ricky Rubio,1610612750,MIN,30.0,68,61,0.335,73,167,0.437,0.458,0.283,66,141,0.468,0.052,7,26,0.269,2020-21,Regular Season,Touch 2-6 Seconds
1629056,Terence Davis,1610612758,SAC,24.0,61,51,0.36,67,164,0.409,0.451,0.252,53,115,0.461,0.107,14,49,0.286,2020-21,Regular Season,Touch 2-6 Seconds
1630217,Desmond Bane,1610612763,MEM,23.0,68,62,0.327,77,163,0.472,0.515,0.253,63,126,0.5,0.074,14,37,0.378,2020-21,Regular Season,Touch 2-6 Seconds
201572,Brook Lopez,1610612749,MIL,33.0,70,64,0.253,85,162,0.525,0.54,0.228,80,146,0.548,0.025,5,16,0.313,2020-21,Regular Season,Touch 2-6 Seconds
1626153,Delon Wright,1610612758,SAC,29.0,63,56,0.318,70,161,0.435,0.469,0.241,59,122,0.484,0.077,11,39,0.282,2020-21,Regular Season,Touch 2-6 Seconds
1629004,Svi Mykhailiuk,1610612760,OKC,24.0,66,55,0.318,63,161,0.391,0.435,0.215,49,109,0.45,0.103,14,52,0.269,2020-21,Regular Season,Touch 2-6 Seconds
1627854,Bryn Forbes,1610612749,MIL,27.0,70,65,0.302,82,160,0.513,0.547,0.253,71,134,0.53,0.049,11,26,0.423,2020-21,Regular Season,Touch 2-6 Seconds
1629673,Jordan Poole,1610612744,GSW,22.0,51,46,0.338,67,160,0.419,0.459,0.232,54,110,0.491,0.105,13,50,0.26,2020-21,Regular Season,Touch 2-6 Seconds
203914,Gary Harris,1610612753,ORL,26.0,39,38,0.472,64,159,0.403,0.44,0.38,52,128,0.406,0.092,12,31,0.387,2020-21,Regular Season,Touch 2-6 Seconds
201568,Danilo Gallinari,1610612737,ATL,32.0,51,48,0.333,66,157,0.42,0.462,0.261,53,123,0.431,0.072,13,34,0.382,2020-21,Regular Season,Touch 2-6 Seconds
1629026,Kenrich Williams,1610612760,OKC,26.0,66,56,0.377,79,155,0.51,0.526,0.353,74,145,0.51,0.024,5,10,0.5,2020-21,Regular Season,Touch 2-6 Seconds
202709,Cory Joseph,1610612765,DET,29.0,63,53,0.362,78,154,0.506,0.516,0.336,75,143,0.524,0.026,3,11,0.273,2020-21,Regular Season,Touch 2-6 Seconds
203926,Doug McDermott,1610612754,IND,29.0,66,56,0.232,76,154,0.494,0.497,0.226,75,150,0.5,0.006,1,4,0.25,2020-21,Regular Season,Touch 2-6 Seconds
201933,Blake Griffin,1610612751,BKN,32.0,46,41,0.379,56,154,0.364,0.425,0.209,37,85,0.435,0.17,19,69,0.275,2020-21,Regular Season,Touch 2-6 Seconds
202683,Enes Freedom,1610612757,POR,29.0,72,60,0.273,75,153,0.49,0.49,0.271,75,152,0.493,0.002,0,1,0.0,2020-21,Regular Season,Touch 2-6 Seconds
1628384,OG Anunoby,1610612761,TOR,23.0,43,42,0.295,74,153,0.484,0.493,0.263,71,136,0.522,0.033,3,17,0.176,2020-21,Regular Season,Touch 2-6 Seconds
1630175,Cole Anthony,1610612753,ORL,21.0,47,47,0.275,56,152,0.368,0.391,0.226,49,125,0.392,0.049,7,27,0.259,2020-21,Regular Season,Touch 2-6 Seconds
1628401,Derrick White,1610612759,SAS,26.0,36,36,0.334,75,151,0.497,0.523,0.277,67,125,0.536,0.058,8,26,0.308,2020-21,Regular Season,Touch 2-6 Seconds
203482,Kelly Olynyk,1610612745,HOU,30.0,70,57,0.217,73,151,0.483,0.53,0.158,59,110,0.536,0.059,14,41,0.341,2020-21,Regular Season,Touch 2-6 Seconds
1626166,Cameron Payne,1610612756,PHX,26.0,60,54,0.383,72,151,0.477,0.536,0.287,54,113,0.478,0.096,18,38,0.474,2020-21,Regular Season,Touch 2-6 Seconds
1628420,Monte Morris,1610612743,DEN,26.0,47,44,0.395,65,151,0.43,0.457,0.346,57,132,0.432,0.05,8,19,0.421,2020-21,Regular Season,Touch 2-6 Seconds
1627752,Taurean Prince,1610612739,CLE,27.0,41,35,0.47,56,151,0.371,0.407,0.383,45,123,0.366,0.087,11,28,0.393,2020-21,Regular Season,Touch 2-6 Seconds
1629028,Deandre Ayton,1610612756,PHX,22.0,69,63,0.216,72,147,0.49,0.49,0.215,72,146,0.493,0.001,0,1,0.0,2020-21,Regular Season,Touch 2-6 Seconds
1630181,R.J. Hampton,1610612753,ORL,20.0,51,40,0.46,60,144,0.417,0.424,0.409,58,128,0.453,0.051,2,16,0.125,2020-21,Regular Season,Touch 2-6 Seconds
1629638,Nickeil Alexander-Walker,1610612740,NOP,22.0,46,39,0.316,59,144,0.41,0.431,0.265,53,121,0.438,0.05,6,23,0.261,2020-21,Regular Season,Touch 2-6 Seconds
1628963,Marvin Bagley III,1610612758,SAC,22.0,43,41,0.292,69,143,0.483,0.493,0.276,66,135,0.489,0.016,3,8,0.375,2020-21,Regular Season,Touch 2-6 Seconds
202397,Ish Smith,1610612764,WAS,32.0,44,42,0.481,63,143,0.441,0.444,0.468,62,139,0.446,0.013,1,4,0.25,2020-21,Regular Season,Touch 2-6 Seconds
1626145,Tyus Jones,1610612763,MEM,25.0,70,60,0.346,60,143,0.42,0.437,0.3,55,124,0.444,0.046,5,19,0.263,2020-21,Regular Season,Touch 2-6 Seconds
1630201,Malachi Flynn,1610612761,TOR,23.0,47,39,0.413,54,141,0.383,0.433,0.273,40,93,0.43,0.141,14,48,0.292,2020-21,Regular Season,Touch 2-6 Seconds
201569,Eric Gordon,1610612745,HOU,32.0,27,26,0.392,75,140,0.536,0.586,0.269,61,96,0.635,0.123,14,44,0.318,2020-21,Regular Season,Touch 2-6 Seconds
1630202,Payton Pritchard,1610612738,BOS,23.0,66,56,0.335,56,140,0.4,0.457,0.208,40,87,0.46,0.127,16,53,0.302,2020-21,Regular Season,Touch 2-6 Seconds
1629669,Jaylen Nowell,1610612750,MIN,21.0,42,40,0.415,58,139,0.417,0.442,0.352,51,118,0.432,0.063,7,21,0.333,2020-21,Regular Season,Touch 2-6 Seconds
1629645,Kevin Porter Jr.,1610612745,HOU,21.0,26,26,0.376,68,138,0.493,0.543,0.267,54,98,0.551,0.109,14,40,0.35,2020-21,Regular Season,Touch 2-6 Seconds
1629672,Eric Paschall,1610612744,GSW,24.0,40,40,0.469,63,137,0.46,0.464,0.466,62,136,0.456,0.003,1,1,1.0,2020-21,Regular Season,Touch 2-6 Seconds
1627756,Denzel Valentine,1610612741,CHI,27.0,62,53,0.329,53,137,0.387,0.416,0.26,45,108,0.417,0.07,8,29,0.276,2020-21,Regular Season,Touch 2-6 Seconds
1629634,Brandon Clarke,1610612763,MEM,24.0,59,54,0.275,66,136,0.485,0.485,0.275,66,136,0.485,0.0,0,0,,2020-21,Regular Season,Touch 2-6 Seconds
201988,Patty Mills,1610612759,SAS,32.0,68,58,0.222,46,136,0.338,0.408,0.109,27,67,0.403,0.113,19,69,0.275,2020-21,Regular Season,Touch 2-6 Seconds
1630197,Aleksej Pokusevski,1610612760,OKC,19.0,45,40,0.338,53,135,0.393,0.415,0.27,47,108,0.435,0.068,6,27,0.222,2020-21,Regular Season,Touch 2-6 Seconds
1629001,De'Anthony Melton,1610612763,MEM,23.0,52,50,0.338,53,133,0.398,0.444,0.244,41,96,0.427,0.094,12,37,0.324,2020-21,Regular Season,Touch 2-6 Seconds
201145,Jeff Green,1610612751,BKN,34.0,68,51,0.249,59,132,0.447,0.455,0.219,57,116,0.491,0.03,2,16,0.125,2020-21,Regular Season,Touch 2-6 Seconds
1628379,Luke Kennard,1610612746,LAC,25.0,63,49,0.319,63,130,0.485,0.542,0.238,48,97,0.495,0.081,15,33,0.455,2020-21,Regular Season,Touch 2-6 Seconds
202954,Brad Wanamaker,1610612766,CHA,31.0,61,56,0.437,52,129,0.403,0.419,0.363,48,107,0.449,0.075,4,22,0.182,2020-21,Regular Season,Touch 2-6 Seconds
1628976,Wendell Carter Jr.,1610612753,ORL,22.0,54,49,0.28,57,128,0.445,0.445,0.28,57,128,0.445,0.0,0,0,,2020-21,Regular Season,Touch 2-6 Seconds
203484,Kentavious Caldwell-Pope,1610612747,LAL,28.0,67,53,0.259,52,128,0.406,0.449,0.204,41,101,0.406,0.055,11,27,0.407,2020-21,Regular Season,Touch 2-6 Seconds
201949,James Johnson,1610612740,NOP,34.0,51,44,0.388,62,127,0.488,0.496,0.343,60,112,0.536,0.046,2,15,0.133,2020-21,Regular Season,Touch 2-6 Seconds
203504,Trey Burke,1610612742,DAL,28.0,62,51,0.36,48,127,0.378,0.402,0.297,42,105,0.4,0.062,6,22,0.273,2020-21,Regular Season,Touch 2-6 Seconds
1627788,Furkan Korkmaz,1610612755,PHI,23.0,55,52,0.3,48,127,0.378,0.413,0.222,39,94,0.415,0.078,9,33,0.273,2020-21,Regular Season,Touch 2-6 Seconds
1628969,Mikal Bridges,1610612756,PHX,24.0,72,58,0.19,65,125,0.52,0.52,0.186,65,122,0.533,0.005,0,3,0.0,2020-21,Regular Season,Touch 2-6 Seconds
1629611,Terance Mann,1610612746,LAC,24.0,67,46,0.363,60,125,0.48,0.492,0.334,57,115,0.496,0.029,3,10,0.3,2020-21,Regular Season,Touch 2-6 Seconds
201952,Jeff Teague,1610612749,MIL,33.0,55,45,0.442,56,125,0.448,0.504,0.339,42,96,0.438,0.102,14,29,0.483,2020-21,Regular Season,Touch 2-6 Seconds
203991,Clint Capela,1610612737,ATL,27.0,63,57,0.178,60,124,0.484,0.484,0.178,60,124,0.484,0.0,0,0,,2020-21,Regular Season,Touch 2-6 Seconds
1628960,Grayson Allen,1610612763,MEM,25.0,50,44,0.3,59,124,0.476,0.54,0.213,43,88,0.489,0.087,16,36,0.444,2020-21,Regular Season,Touch 2-6 Seconds
203918,Rodney Hood,1610612761,TOR,28.0,55,46,0.469,49,122,0.402,0.434,0.385,41,100,0.41,0.085,8,22,0.364,2020-21,Regular Season,Touch 2-6 Seconds
201980,Danny Green,1610612755,PHI,34.0,69,54,0.222,48,121,0.397,0.467,0.132,31,72,0.431,0.09,17,49,0.347,2020-21,Regular Season,Touch 2-6 Seconds
201571,D.J. Augustin,1610612745,HOU,33.0,57,49,0.353,45,121,0.372,0.455,0.181,25,62,0.403,0.172,20,59,0.339,2020-21,Regular Season,Touch 2-6 Seconds
200794,Paul Millsap,1610612743,DEN,36.0,56,47,0.303,57,120,0.475,0.483,0.293,55,116,0.474,0.01,2,4,0.5,2020-21,Regular Season,Touch 2-6 Seconds
1629643,Chuma Okeke,1610612753,ORL,22.0,45,34,0.361,49,117,0.419,0.423,0.318,48,103,0.466,0.043,1,14,0.071,2020-21,Regular Season,Touch 2-6 Seconds
202684,Tristan Thompson,1610612738,BOS,30.0,54,45,0.35,56,114,0.491,0.491,0.35,56,114,0.491,0.0,0,0,,2020-21,Regular Season,Touch 2-6 Seconds
1630184,Kira Lewis Jr.,1610612740,NOP,20.0,54,44,0.338,44,114,0.386,0.399,0.294,41,99,0.414,0.045,3,15,0.2,2020-21,Regular Season,Touch 2-6 Seconds
1630164,James Wiseman,1610612744,GSW,20.0,39,32,0.313,42,113,0.372,0.381,0.291,40,105,0.381,0.022,2,8,0.25,2020-21,Regular Season,Touch 2-6 Seconds
203486,Mason Plumlee,1610612765,DET,31.0,56,45,0.296,56,112,0.5,0.5,0.296,56,112,0.5,0.0,0,0,,2020-21,Regular Season,Touch 2-6 Seconds
1628410,Edmond Sumner,1610612754,IND,25.0,53,43,0.396,55,112,0.491,0.5,0.371,53,105,0.505,0.025,2,7,0.286,2020-21,Regular Season,Touch 2-6 Seconds
203145,Kent Bazemore,1610612744,GSW,31.0,67,51,0.288,49,112,0.438,0.46,0.252,44,98,0.449,0.036,5,14,0.357,2020-21,Regular Season,Touch 2-6 Seconds
203107,Tomas Satoransky,1610612741,CHI,29.0,58,47,0.339,60,111,0.541,0.554,0.312,57,102,0.559,0.028,3,9,0.333,2020-21,Regular Season,Touch 2-6 Seconds
201143,Al Horford,1610612738,BOS,35.0,28,26,0.308,52,111,0.468,0.5,0.256,45,92,0.489,0.053,7,19,0.368,2020-21,Regular Season,Touch 2-6 Seconds
202066,Garrett Temple,1610612741,CHI,35.0,56,48,0.291,51,111,0.459,0.477,0.249,47,95,0.495,0.042,4,16,0.25,2020-21,Regular Season,Touch 2-6 Seconds
202693,Markieff Morris,1610612747,LAL,31.0,61,48,0.295,49,111,0.441,0.45,0.266,47,100,0.47,0.029,2,11,0.182,2020-21,Regular Season,Touch 2-6 Seconds
203087,Jeremy Lamb,1610612754,IND,29.0,36,35,0.402,43,111,0.387,0.441,0.286,31,79,0.392,0.116,12,32,0.375,2020-21,Regular Season,Touch 2-6 Seconds
1629631,De'Andre Hunter,1610612737,ATL,23.0,23,23,0.44,57,110,0.518,0.536,0.384,53,96,0.552,0.056,4,14,0.286,2020-21,Regular Season,Touch 2-6 Seconds
203200,Justin Holiday,1610612754,IND,32.0,72,63,0.173,44,108,0.407,0.431,0.143,39,89,0.438,0.03,5,19,0.263,2020-21,Regular Season,Touch 2-6 Seconds
1627863,Danuel House Jr.,1610612745,HOU,28.0,36,33,0.39,42,106,0.396,0.458,0.254,29,69,0.42,0.136,13,37,0.351,2020-21,Regular Season,Touch 2-6 Seconds
203496,Robert Covington,1610612757,POR,30.0,70,55,0.208,41,106,0.387,0.429,0.147,32,75,0.427,0.061,9,31,0.29,2020-21,Regular Season,Touch 2-6 Seconds
1628374,Lauri Markkanen,1610612741,CHI,24.0,51,43,0.202,53,105,0.505,0.505,0.2,53,104,0.51,0.002,0,1,0.0,2020-21,Regular Season,Touch 2-6 Seconds
1629629,Cam Reddish,1610612737,ATL,21.0,26,26,0.395,35,104,0.337,0.356,0.312,31,82,0.378,0.084,4,22,0.182,2020-21,Regular Season,Touch 2-6 Seconds
1629014,Anfernee Simons,1610612757,POR,22.0,64,46,0.257,40,103,0.388,0.485,0.102,20,41,0.488,0.155,20,62,0.323,2020-21,Regular Season,Touch 2-6 Seconds
1628402,Frank Jackson,1610612765,DET,23.0,40,30,0.348,50,102,0.49,0.5,0.3,48,88,0.545,0.048,2,14,0.143,2020-21,Regular Season,Touch 2-6 Seconds
1628386,Jarrett Allen,1610612739,CLE,23.0,63,51,0.213,41,102,0.402,0.402,0.209,41,100,0.41,0.004,0,2,0.0,2020-21,Regular Season,Touch 2-6 Seconds
1628408,PJ Dozier,1610612743,DEN,24.0,50,43,0.291,37,102,0.363,0.397,0.231,30,81,0.37,0.06,7,21,0.333,2020-21,Regular Season,Touch 2-6 Seconds
203110,Draymond Green,1610612744,GSW,31.0,63,52,0.266,48,101,0.475,0.48,0.25,47,95,0.495,0.016,1,6,0.167,2020-21,Regular Season,Touch 2-6 Seconds
1629013,Landry Shamet,1610612751,BKN,24.0,61,47,0.219,37,100,0.37,0.385,0.164,34,75,0.453,0.055,3,25,0.12,2020-21,Regular Season,Touch 2-6 Seconds
1629130,Duncan Robinson,1610612748,MIA,27.0,72,57,0.139,37,100,0.37,0.465,0.059,18,42,0.429,0.081,19,58,0.328,2020-21,Regular Season,Touch 2-6 Seconds
1628425,Sterling Brown,1610612745,HOU,26.0,51,42,0.298,49,98,0.5,0.566,0.231,36,76,0.474,0.067,13,22,0.591,2020-21,Regular Season,Touch 2-6 Seconds
1629162,Jordan McLaughlin,1610612750,MIN,25.0,51,41,0.401,37,97,0.381,0.397,0.335,34,81,0.42,0.066,3,16,0.188,2020-21,Regular Season,Touch 2-6 Seconds
1628404,Josh Hart,1610612740,NOP,26.0,47,40,0.279,50,96,0.521,0.531,0.262,48,90,0.533,0.017,2,6,0.333,2020-21,Regular Season,Touch 2-6 Seconds
1627827,Dorian Finney-Smith,1610612742,DAL,28.0,60,48,0.206,47,96,0.49,0.536,0.153,38,71,0.535,0.054,9,25,0.36,2020-21,Regular Season,Touch 2-6 Seconds
203994,Jusuf Nurkić,1610612757,POR,26.0,37,33,0.288,41,96,0.427,0.438,0.273,39,91,0.429,0.015,2,5,0.4,2020-21,Regular Season,Touch 2-6 Seconds
203487,Michael Carter-Williams,1610612753,ORL,29.0,31,28,0.348,35,94,0.372,0.378,0.322,34,87,0.391,0.026,1,7,0.143,2020-21,Regular Season,Touch 2-6 Seconds
1629667,Jalen McDaniels,1610612766,CHA,23.0,47,39,0.329,38,93,0.409,0.409,0.314,38,89,0.427,0.014,0,4,0.0,2020-21,Regular Season,Touch 2-6 Seconds
1630267,Facundo Campazzo,1610612743,DEN,30.0,65,47,0.295,33,93,0.355,0.409,0.168,23,53,0.434,0.127,10,40,0.25,2020-21,Regular Season,Touch 2-6 Seconds
1628422,Damyean Dotson,1610612739,CLE,27.0,46,36,0.309,42,90,0.467,0.494,0.227,37,66,0.561,0.082,5,24,0.208,2020-21,Regular Season,Touch 2-6 Seconds
201580,JaVale McGee,1610612743,DEN,33.0,46,38,0.322,40,89,0.449,0.449,0.304,40,84,0.476,0.018,0,5,0.0,2020-21,Regular Season,Touch 2-6 Seconds
1627936,Alex Caruso,1610612747,LAL,27.0,58,39,0.294,31,88,0.352,0.369,0.247,28,74,0.378,0.047,3,14,0.214,2020-21,Regular Season,Touch 2-6 Seconds
1627761,DeAndre' Bembry,1610612761,TOR,26.0,51,37,0.382,45,87,0.517,0.523,0.351,44,80,0.55,0.031,1,7,0.143,2020-21,Regular Season,Touch 2-6 Seconds
201586,Serge Ibaka,1610612746,LAC,31.0,41,36,0.244,44,87,0.506,0.511,0.23,43,82,0.524,0.014,1,5,0.2,2020-21,Regular Season,Touch 2-6 Seconds
1626159,Justise Winslow,1610612763,MEM,25.0,26,25,0.414,36,87,0.414,0.414,0.405,36,85,0.424,0.01,0,2,0.0,2020-21,Regular Season,Touch 2-6 Seconds
202326,DeMarcus Cousins,1610612746,LAC,30.0,41,35,0.295,46,86,0.535,0.547,0.284,44,83,0.53,0.01,2,3,0.667,2020-21,Regular Season,Touch 2-6 Seconds
203085,Austin Rivers,1610612743,DEN,28.0,36,31,0.351,38,86,0.442,0.483,0.241,31,59,0.525,0.11,7,27,0.259,2020-21,Regular Season,Touch 2-6 Seconds
1626158,Richaun Holmes,1610612758,SAC,27.0,61,45,0.148,51,85,0.6,0.6,0.146,51,84,0.607,0.002,0,1,0.0,2020-21,Regular Season,Touch 2-6 Seconds
201588,George Hill,1610612755,PHI,35.0,30,29,0.431,45,85,0.529,0.565,0.34,39,67,0.582,0.091,6,18,0.333,2020-21,Regular Season,Touch 2-6 Seconds
1626169,Stanley Johnson,1610612761,TOR,25.0,61,34,0.366,41,85,0.482,0.529,0.276,33,64,0.516,0.091,8,21,0.381,2020-21,Regular Season,Touch 2-6 Seconds
1627777,Georges Niang,1610612762,UTA,28.0,72,42,0.21,36,85,0.424,0.435,0.181,34,73,0.466,0.03,2,12,0.167,2020-21,Regular Season,Touch 2-6 Seconds
203469,Cody Zeller,1610612766,CHA,28.0,48,37,0.259,46,84,0.548,0.56,0.25,44,81,0.543,0.009,2,3,0.667,2020-21,Regular Season,Touch 2-6 Seconds
200765,Rajon Rondo,1610612746,LAC,35.0,45,37,0.391,40,84,0.476,0.554,0.274,27,59,0.458,0.116,13,25,0.52,2020-21,Regular Season,Touch 2-6 Seconds
1630170,Devin Vassell,1610612759,SAS,20.0,62,40,0.277,39,84,0.464,0.488,0.251,35,76,0.461,0.026,4,8,0.5,2020-21,Regular Season,Touch 2-6 Seconds
1629164,Brandon Goodwin,1610612737,ATL,25.0,47,35,0.378,35,84,0.417,0.47,0.261,26,58,0.448,0.117,9,26,0.346,2020-21,Regular Season,Touch 2-6 Seconds
203516,James Ennis III,1610612753,ORL,30.0,41,34,0.346,33,84,0.393,0.405,0.288,31,70,0.443,0.058,2,14,0.143,2020-21,Regular Season,Touch 2-6 Seconds
1629660,Ty Jerome,1610612760,OKC,23.0,33,28,0.289,40,83,0.482,0.566,0.206,26,59,0.441,0.084,14,24,0.583,2020-21,Regular Season,Touch 2-6 Seconds
203967,Dario Saric,1610612756,PHX,27.0,50,40,0.24,36,82,0.439,0.451,0.222,34,76,0.447,0.018,2,6,0.333,2020-21,Regular Season,Touch 2-6 Seconds
1628997,Caleb Martin,1610612766,CHA,25.0,53,36,0.316,36,81,0.444,0.469,0.246,32,63,0.508,0.07,4,18,0.222,2020-21,Regular Season,Touch 2-6 Seconds
1628382,Justin Jackson,1610612749,MIL,26.0,34,31,0.362,29,80,0.363,0.388,0.276,25,61,0.41,0.086,4,19,0.211,2020-21,Regular Season,Touch 2-6 Seconds
1627826,Ivica Zubac,1610612746,LAC,24.0,72,44,0.201,48,79,0.608,0.608,0.201,48,79,0.608,0.0,0,0,,2020-21,Regular Season,Touch 2-6 Seconds
1628021,David Nwaba,1610612745,HOU,28.0,30,24,0.38,40,79,0.506,0.506,0.365,40,76,0.526,0.014,0,3,0.0,2020-21,Regular Season,Touch 2-6 Seconds
1629661,Cameron Johnson,1610612756,PHX,25.0,60,44,0.163,35,78,0.449,0.455,0.144,34,69,0.493,0.019,1,9,0.111,2020-21,Regular Season,Touch 2-6 Seconds
1629635,Sekou Doumbouya,1610612765,DET,20.0,56,36,0.275,30,77,0.39,0.39,0.264,30,74,0.405,0.011,0,3,0.0,2020-21,Regular Season,Touch 2-6 Seconds
1626220,Royce O'Neale,1610612762,UTA,28.0,71,43,0.193,39,76,0.513,0.546,0.147,34,58,0.586,0.046,5,18,0.278,2020-21,Regular Season,Touch 2-6 Seconds
1630183,Jaden McDaniels,1610612750,MIN,20.0,63,41,0.207,33,76,0.434,0.461,0.183,29,67,0.433,0.025,4,9,0.444,2020-21,Regular Season,Touch 2-6 Seconds
1630240,Saben Lee,1610612765,DET,22.0,48,33,0.357,30,75,0.4,0.4,0.329,30,69,0.435,0.029,0,6,0.0,2020-21,Regular Season,Touch 2-6 Seconds
1630231,KJ Martin,1610612745,HOU,20.0,45,33,0.233,25,74,0.338,0.338,0.22,25,70,0.357,0.013,0,4,0.0,2020-21,Regular Season,Touch 2-6 Seconds
1626167,Myles Turner,1610612754,IND,25.0,47,40,0.169,33,73,0.452,0.466,0.155,31,67,0.463,0.014,2,6,0.333,2020-21,Regular Season,Touch 2-6 Seconds
1626184,Chasson Randle,1610612753,ORL,28.0,41,36,0.304,27,72,0.375,0.417,0.211,21,50,0.42,0.093,6,22,0.273,2020-21,Regular Season,Touch 2-6 Seconds
1630230,Naji Marshall,1610612740,NOP,23.0,32,27,0.346,26,72,0.361,0.368,0.303,25,63,0.397,0.043,1,9,0.111,2020-21,Regular Season,Touch 2-6 Seconds
1628449,Chris Boucher,1610612761,TOR,28.0,60,39,0.127,37,71,0.521,0.549,0.116,33,65,0.508,0.011,4,6,0.667,2020-21,Regular Season,Touch 2-6 Seconds
203500,Steven Adams,1610612740,NOP,27.0,58,44,0.231,36,71,0.507,0.507,0.228,36,70,0.514,0.003,0,1,0.0,2020-21,Regular Season,Touch 2-6 Seconds
1630191,Isaiah Stewart,1610612765,DET,20.0,68,41,0.173,38,70,0.543,0.55,0.163,37,66,0.561,0.01,1,4,0.25,2020-21,Regular Season,Touch 2-6 Seconds
203493,Reggie Bullock Jr.,1610612752,NYK,30.0,65,38,0.126,33,70,0.471,0.486,0.104,31,58,0.534,0.022,2,12,0.167,2020-21,Regular Season,Touch 2-6 Seconds
1629006,Josh Okogie,1610612750,MIN,22.0,59,42,0.276,24,70,0.343,0.357,0.236,22,60,0.367,0.039,2,10,0.2,2020-21,Regular Season,Touch 2-6 Seconds
2772,Trevor Ariza,1610612748,MIA,36.0,30,25,0.286,22,69,0.319,0.341,0.22,19,53,0.358,0.066,3,16,0.188,2020-21,Regular Season,Touch 2-6 Seconds
1628964,Mo Bamba,1610612753,ORL,23.0,46,33,0.226,27,68,0.397,0.397,0.219,27,66,0.409,0.007,0,2,0.0,2020-21,Regular Season,Touch 2-6 Seconds
201961,Wayne Ellington,1610612765,DET,33.0,46,31,0.203,37,67,0.552,0.672,0.112,21,37,0.568,0.091,16,30,0.533,2020-21,Regular Season,Touch 2-6 Seconds
1626163,Frank Kaminsky,1610612756,PHX,28.0,47,35,0.265,32,67,0.478,0.478,0.257,32,65,0.492,0.008,0,2,0.0,2020-21,Regular Season,Touch 2-6 Seconds
200755,JJ Redick,1610612742,DAL,37.0,44,35,0.251,27,67,0.403,0.463,0.176,19,47,0.404,0.075,8,20,0.4,2020-21,Regular Season,Touch 2-6 Seconds
200746,LaMarcus Aldridge,1610612751,BKN,35.0,26,24,0.223,28,66,0.424,0.432,0.216,27,64,0.422,0.007,1,2,0.5,2020-21,Regular Season,Touch 2-6 Seconds
201976,Patrick Beverley,1610612746,LAC,32.0,37,32,0.306,25,66,0.379,0.432,0.208,18,45,0.4,0.097,7,21,0.333,2020-21,Regular Season,Touch 2-6 Seconds
203490,Otto Porter Jr.,1610612753,ORL,28.0,28,23,0.291,25,66,0.379,0.386,0.264,24,60,0.4,0.026,1,6,0.167,2020-21,Regular Season,Touch 2-6 Seconds
1628998,Cody Martin,1610612766,CHA,25.0,52,31,0.346,29,65,0.446,0.454,0.335,28,63,0.444,0.011,1,2,0.5,2020-21,Regular Season,Touch 2-6 Seconds
203109,Jae Crowder,1610612756,PHX,30.0,60,36,0.131,23,64,0.359,0.453,0.067,11,33,0.333,0.063,12,31,0.387,2020-21,Regular Season,Touch 2-6 Seconds
1629650,Moses Brown,1610612738,BOS,21.0,43,32,0.246,22,64,0.344,0.344,0.246,22,64,0.344,0.0,0,0,,2020-21,Regular Season,Touch 2-6 Seconds
202357,Nemanja Bjelica,1610612748,MIA,33.0,37,25,0.321,33,63,0.524,0.548,0.276,30,54,0.556,0.046,3,9,0.333,2020-21,Regular Season,Touch 2-6 Seconds
203497,Rudy Gobert,1610612762,UTA,29.0,71,40,0.109,26,63,0.413,0.413,0.107,26,62,0.419,0.002,0,1,0.0,2020-21,Regular Season,Touch 2-6 Seconds
1630205,Lamar Stevens,1610612739,CLE,23.0,40,25,0.456,26,62,0.419,0.419,0.449,26,61,0.426,0.007,0,1,0.0,2020-21,Regular Season,Touch 2-6 Seconds
1630166,Deni Avdija,1610612764,WAS,20.0,54,35,0.199,25,62,0.403,0.419,0.189,23,59,0.39,0.01,2,3,0.667,2020-21,Regular Season,Touch 2-6 Seconds
1629633,Jarrett Culver,1610612750,MIN,22.0,34,26,0.369,25,62,0.403,0.403,0.321,25,54,0.463,0.048,0,8,0.0,2020-21,Regular Season,Touch 2-6 Seconds
1628971,Bruce Brown,1610612751,BKN,24.0,65,36,0.144,33,61,0.541,0.541,0.144,33,61,0.541,0.0,0,0,,2020-21,Regular Season,Touch 2-6 Seconds
1630173,Precious Achiuwa,1610612748,MIA,21.0,61,37,0.268,30,61,0.492,0.492,0.268,30,61,0.492,0.0,0,0,,2020-21,Regular Season,Touch 2-6 Seconds
1629684,Grant Williams,1610612738,BOS,22.0,63,34,0.246,22,61,0.361,0.377,0.218,20,54,0.37,0.028,2,7,0.286,2020-21,Regular Season,Touch 2-6 Seconds
1628975,Jevon Carter,1610612756,PHX,25.0,60,28,0.271,29,60,0.483,0.5,0.208,27,46,0.587,0.063,2,14,0.143,2020-21,Regular Season,Touch 2-6 Seconds
1627789,Timothe Luwawu-Cabarrot,1610612751,BKN,26.0,58,34,0.169,25,60,0.417,0.425,0.154,24,55,0.436,0.014,1,5,0.2,2020-21,Regular Season,Touch 2-6 Seconds
1629642,Nassir Little,1610612757,POR,21.0,48,31,0.353,30,59,0.508,0.534,0.275,27,46,0.587,0.078,3,13,0.231,2020-21,Regular Season,Touch 2-6 Seconds
203463,Ben McLemore,1610612747,LAL,28.0,53,27,0.166,17,59,0.288,0.356,0.079,9,28,0.321,0.087,8,31,0.258,2020-21,Regular Season,Touch 2-6 Seconds
202734,E'Twaun Moore,1610612756,PHX,32.0,27,22,0.471,30,57,0.526,0.544,0.438,28,53,0.528,0.033,2,4,0.5,2020-21,Regular Season,Touch 2-6 Seconds
202355,Hassan Whiteside,1610612758,SAC,32.0,36,28,0.254,28,57,0.491,0.491,0.254,28,57,0.491,0.0,0,0,,2020-21,Regular Season,Touch 2-6 Seconds
201567,Kevin Love,1610612739,CLE,32.0,25,21,0.226,26,57,0.456,0.526,0.171,18,43,0.419,0.056,8,14,0.571,2020-21,Regular Season,Touch 2-6 Seconds
1629216,Gabe Vincent,1610612748,MIA,25.0,50,30,0.245,25,57,0.439,0.482,0.185,20,43,0.465,0.06,5,14,0.357,2020-21,Regular Season,Touch 2-6 Seconds
1626204,Larry Nance Jr.,1610612739,CLE,28.0,35,26,0.21,25,57,0.439,0.456,0.18,23,49,0.469,0.029,2,8,0.25,2020-21,Regular Season,Touch 2-6 Seconds
203524,Solomon Hill,1610612737,ATL,30.0,71,32,0.192,24,57,0.421,0.447,0.168,21,50,0.42,0.024,3,7,0.429,2020-21,Regular Season,Touch 2-6 Seconds
1627823,Juancho Hernangomez,1610612750,MIN,25.0,52,36,0.181,23,54,0.426,0.435,0.164,22,49,0.449,0.017,1,5,0.2,2020-21,Regular Season,Touch 2-6 Seconds
203920,Khem Birch,1610612761,TOR,28.0,67,33,0.142,22,54,0.407,0.407,0.139,22,53,0.415,0.003,0,1,0.0,2020-21,Regular Season,Touch 2-6 Seconds
1630165,Killian Hayes,1610612765,DET,19.0,26,22,0.273,16,54,0.296,0.324,0.212,13,42,0.31,0.061,3,12,0.25,2020-21,Regular Season,Touch 2-6 Seconds
1627774,Jake Layman,1610612750,MIN,27.0,45,30,0.288,27,53,0.509,0.519,0.255,26,47,0.553,0.033,1,6,0.167,2020-21,Regular Season,Touch 2-6 Seconds
1627884,Derrick Jones Jr.,1610612757,POR,24.0,58,37,0.174,27,53,0.509,0.519,0.161,26,49,0.531,0.013,1,4,0.25,2020-21,Regular Season,Touch 2-6 Seconds
201587,Nicolas Batum,1610612746,LAC,32.0,67,38,0.129,23,53,0.434,0.443,0.112,22,46,0.478,0.017,1,7,0.143,2020-21,Regular Season,Touch 2-6 Seconds
1629002,Chimezie Metu,1610612758,SAC,24.0,36,22,0.296,21,53,0.396,0.406,0.279,20,50,0.4,0.017,1,3,0.333,2020-21,Regular Season,Touch 2-6 Seconds
1629670,Jordan Nwora,1610612749,MIL,22.0,30,18,0.385,31,52,0.596,0.692,0.281,21,38,0.553,0.104,10,14,0.714,2020-21,Regular Season,Touch 2-6 Seconds
1629103,Kelan Martin,1610612754,IND,25.0,35,27,0.377,28,52,0.538,0.596,0.319,22,44,0.5,0.058,6,8,0.75,2020-21,Regular Season,Touch 2-6 Seconds
1626195,Willy Hernangomez,1610612740,NOP,27.0,47,30,0.195,27,52,0.519,0.519,0.191,27,51,0.529,0.004,0,1,0.0,2020-21,Regular Season,Touch 2-6 Seconds
1628470,Torrey Craig,1610612756,PHX,30.0,50,30,0.229,25,52,0.481,0.538,0.181,19,41,0.463,0.048,6,11,0.545,2020-21,Regular Season,Touch 2-6 Seconds
1629021,Moritz Wagner,1610612753,ORL,24.0,45,25,0.227,24,52,0.462,0.471,0.218,23,50,0.46,0.009,1,2,0.5,2020-21,Regular Season,Touch 2-6 Seconds
203210,JaMychal Green,1610612743,DEN,31.0,58,36,0.137,20,51,0.392,0.402,0.126,19,47,0.404,0.011,1,4,0.25,2020-21,Regular Season,Touch 2-6 Seconds
1628372,Dennis Smith Jr.,1610612765,DET,23.0,23,21,0.352,19,51,0.373,0.402,0.269,16,39,0.41,0.083,3,12,0.25,2020-21,Regular Season,Touch 2-6 Seconds
1630214,Xavier Tillman,1610612763,MEM,22.0,59,31,0.164,30,49,0.612,0.612,0.164,30,49,0.612,0.0,0,0,,2020-21,Regular Season,Touch 2-6 Seconds
203090,Maurice Harkless,1610612758,SAC,28.0,37,21,0.297,29,49,0.592,0.602,0.273,28,45,0.622,0.024,1,4,0.25,2020-21,Regular Season,Touch 2-6 Seconds
1629020,Jarred Vanderbilt,1610612750,MIN,22.0,64,34,0.208,25,49,0.51,0.51,0.203,25,48,0.521,0.004,0,1,0.0,2020-21,Regular Season,Touch 2-6 Seconds
1630185,Nico Mannion,1610612744,GSW,20.0,30,16,0.441,19,49,0.388,0.48,0.306,10,34,0.294,0.135,9,15,0.6,2020-21,Regular Season,Touch 2-6 Seconds
203458,Alex Len,1610612764,WAS,28.0,64,34,0.173,29,48,0.604,0.604,0.173,29,48,0.604,0.0,0,0,,2020-21,Regular Season,Touch 2-6 Seconds
1629680,Matisse Thybulle,1610612755,PHI,24.0,65,35,0.198,25,48,0.521,0.521,0.189,25,46,0.543,0.008,0,2,0.0,2020-21,Regular Season,Touch 2-6 Seconds
1629308,Juan Toscano-Anderson,1610612744,GSW,28.0,53,30,0.225,27,47,0.574,0.585,0.191,26,40,0.65,0.033,1,7,0.143,2020-21,Regular Season,Touch 2-6 Seconds
1629717,Armoni Brooks,1610612745,HOU,23.0,20,17,0.245,24,47,0.511,0.606,0.125,15,24,0.625,0.12,9,23,0.391,2020-21,Regular Season,Touch 2-6 Seconds
1630222,Mason Jones,1610612755,PHI,22.0,32,24,0.385,21,47,0.447,0.532,0.238,13,29,0.448,0.148,8,18,0.444,2020-21,Regular Season,Touch 2-6 Seconds
1628400,Semi Ojeleye,1610612738,BOS,26.0,56,30,0.213,19,47,0.404,0.457,0.145,14,32,0.438,0.068,5,15,0.333,2020-21,Regular Season,Touch 2-6 Seconds
1628391,D.J. Wilson,1610612745,HOU,25.0,35,23,0.28,19,47,0.404,0.436,0.208,16,35,0.457,0.071,3,12,0.25,2020-21,Regular Season,Touch 2-6 Seconds
1630221,Josh Hall,1610612760,OKC,20.0,21,19,0.505,15,47,0.319,0.33,0.462,14,43,0.326,0.043,1,4,0.25,2020-21,Regular Season,Touch 2-6 Seconds
1627846,Abdel Nader,1610612756,PHX,27.0,24,18,0.407,23,46,0.5,0.5,0.398,23,45,0.511,0.009,0,1,0.0,2020-21,Regular Season,Touch 2-6 Seconds
1626172,Kevon Looney,1610612744,GSW,25.0,61,33,0.235,21,46,0.457,0.457,0.235,21,46,0.457,0.0,0,0,,2020-21,Regular Season,Touch 2-6 Seconds
2738,Andre Iguodala,1610612748,MIA,37.0,63,31,0.185,16,46,0.348,0.402,0.108,11,27,0.407,0.076,5,19,0.263,2020-21,Regular Season,Touch 2-6 Seconds
1629731,Dean Wade,1610612739,CLE,24.0,63,28,0.145,23,45,0.511,0.544,0.129,20,40,0.5,0.016,3,5,0.6,2020-21,Regular Season,Touch 2-6 Seconds
1630167,Obi Toppin,1610612752,NYK,23.0,62,32,0.217,21,45,0.467,0.467,0.217,21,45,0.467,0.0,0,0,,2020-21,Regular Season,Touch 2-6 Seconds
1629139,Yuta Watanabe,1610612761,TOR,26.0,50,27,0.25,16,45,0.356,0.367,0.239,15,43,0.349,0.011,1,2,0.5,2020-21,Regular Season,Touch 2-6 Seconds
1629655,Daniel Gafford,1610612764,WAS,22.0,54,28,0.196,28,44,0.636,0.636,0.196,28,44,0.636,0.0,0,0,,2020-21,Regular Season,Touch 2-6 Seconds
203648,Thanasis Antetokounmpo,1610612749,MIL,28.0,57,26,0.321,21,44,0.477,0.523,0.255,17,35,0.486,0.066,4,9,0.444,2020-21,Regular Season,Touch 2-6 Seconds
1628972,Troy Brown Jr.,1610612741,CHI,21.0,34,29,0.306,21,44,0.477,0.489,0.292,20,42,0.476,0.014,1,2,0.5,2020-21,Regular Season,Touch 2-6 Seconds
1629234,Drew Eubanks,1610612759,SAS,24.0,54,30,0.215,19,44,0.432,0.432,0.215,19,44,0.432,0.0,0,0,,2020-21,Regular Season,Touch 2-6 Seconds
1629744,Matt Thomas,1610612762,UTA,26.0,45,22,0.346,14,44,0.318,0.375,0.205,9,26,0.346,0.142,5,18,0.278,2020-21,Regular Season,Touch 2-6 Seconds
1629658,Jaylen Hoard,1610612760,OKC,22.0,19,16,0.5,21,43,0.488,0.488,0.477,21,41,0.512,0.023,0,2,0.0,2020-21,Regular Season,Touch 2-6 Seconds
203476,Gorgui Dieng,1610612759,SAS,31.0,38,23,0.265,21,43,0.488,0.523,0.228,18,37,0.486,0.037,3,6,0.5,2020-21,Regular Season,Touch 2-6 Seconds
1629651,Nic Claxton,1610612751,BKN,22.0,32,20,0.297,18,43,0.419,0.419,0.297,18,43,0.419,0.0,0,0,,2020-21,Regular Season,Touch 2-6 Seconds
1628464,Daniel Theis,1610612741,CHI,29.0,65,29,0.09,15,42,0.357,0.357,0.069,15,32,0.469,0.021,0,10,0.0,2020-21,Regular Season,Touch 2-6 Seconds
1626192,Pat Connaughton,1610612749,MIL,28.0,69,33,0.109,15,42,0.357,0.369,0.083,14,32,0.438,0.026,1,10,0.1,2020-21,Regular Season,Touch 2-6 Seconds
1628990,Chandler Hutchison,1610612764,WAS,25.0,25,18,0.408,12,42,0.286,0.298,0.379,11,39,0.282,0.029,1,3,0.333,2020-21,Regular Season,Touch 2-6 Seconds
1627814,Damion Lee,1610612744,GSW,28.0,57,33,0.15,19,41,0.463,0.488,0.121,17,33,0.515,0.029,2,8,0.25,2020-21,Regular Season,Touch 2-6 Seconds
203922,Glenn Robinson III,1610612758,SAC,27.0,23,20,0.414,17,41,0.415,0.427,0.374,16,37,0.432,0.04,1,4,0.25,2020-21,Regular Season,Touch 2-6 Seconds
1626143,Jahlil Okafor,1610612765,DET,25.0,27,21,0.396,25,40,0.625,0.625,0.366,25,37,0.676,0.03,0,3,0.0,2020-21,Regular Season,Touch 2-6 Seconds
1626168,Trey Lyles,1610612759,SAS,25.0,23,16,0.444,22,40,0.55,0.563,0.4,21,36,0.583,0.044,1,4,0.25,2020-21,Regular Season,Touch 2-6 Seconds
204038,Langston Galloway,1610612756,PHX,29.0,40,26,0.272,18,40,0.45,0.45,0.259,18,38,0.474,0.014,0,2,0.0,2020-21,Regular Season,Touch 2-6 Seconds
1630174,Aaron Nesmith,1610612738,BOS,21.0,46,25,0.225,14,40,0.35,0.363,0.174,13,31,0.419,0.051,1,9,0.111,2020-21,Regular Season,Touch 2-6 Seconds
2730,Dwight Howard,1610612755,PHI,35.0,69,28,0.125,20,38,0.526,0.553,0.116,18,35,0.514,0.01,2,3,0.667,2020-21,Regular Season,Touch 2-6 Seconds
1629649,Ignas Brazdeikis,1610612753,ORL,22.0,13,10,0.458,17,38,0.447,0.461,0.41,16,34,0.471,0.048,1,4,0.25,2020-21,Regular Season,Touch 2-6 Seconds
1629682,Tremont Waters,1610612738,BOS,23.0,26,15,0.452,17,38,0.447,0.5,0.298,13,25,0.52,0.155,4,13,0.308,2020-21,Regular Season,Touch 2-6 Seconds
202083,Wesley Matthews,1610612747,LAL,34.0,58,26,0.153,15,38,0.395,0.434,0.12,12,30,0.4,0.032,3,8,0.375,2020-21,Regular Season,Touch 2-6 Seconds
1629010,Jerome Robinson,1610612764,WAS,24.0,17,14,0.4,10,38,0.263,0.263,0.368,10,35,0.286,0.032,0,3,0.0,2020-21,Regular Season,Touch 2-6 Seconds
1629637,Jaxson Hayes,1610612740,NOP,21.0,60,23,0.132,18,37,0.486,0.486,0.125,18,35,0.514,0.007,0,2,0.0,2020-21,Regular Season,Touch 2-6 Seconds
1629599,Amir Coffey,1610612746,LAC,24.0,44,21,0.359,16,37,0.432,0.446,0.34,15,35,0.429,0.019,1,2,0.5,2020-21,Regular Season,Touch 2-6 Seconds
1630219,Skylar Mays,1610612737,ATL,23.0,33,19,0.378,13,37,0.351,0.378,0.306,11,30,0.367,0.071,2,7,0.286,2020-21,Regular Season,Touch 2-6 Seconds
1628455,Mike James,1610612751,BKN,30.0,13,12,0.402,13,37,0.351,0.378,0.293,11,27,0.407,0.109,2,10,0.2,2020-21,Regular Season,Touch 2-6 Seconds
202340,Avery Bradley,1610612745,HOU,30.0,27,21,0.216,10,37,0.27,0.311,0.152,7,26,0.269,0.064,3,11,0.273,2020-21,Regular Season,Touch 2-6 Seconds
1629713,Justin James,1610612758,SAC,24.0,36,16,0.324,20,36,0.556,0.556,0.315,20,35,0.571,0.009,0,1,0.0,2020-21,Regular Season,Touch 2-6 Seconds
203960,JaKarr Sampson,1610612754,IND,28.0,29,23,0.319,17,36,0.472,0.472,0.319,17,36,0.472,0.0,0,0,,2020-21,Regular Season,Touch 2-6 Seconds
1629185,Chris Chiozza,1610612751,BKN,25.0,22,13,0.404,16,36,0.444,0.486,0.281,13,25,0.52,0.124,3,11,0.273,2020-21,Regular Season,Touch 2-6 Seconds
203503,Tony Snell,1610612737,ATL,29.0,47,26,0.212,16,36,0.444,0.458,0.188,15,32,0.469,0.024,1,4,0.25,2020-21,Regular Season,Touch 2-6 Seconds
1627885,Shaquille Harrison,1610612743,DEN,27.0,34,22,0.48,14,36,0.389,0.389,0.467,14,35,0.4,0.013,0,1,0.0,2020-21,Regular Season,Touch 2-6 Seconds
1628365,Markelle Fultz,1610612753,ORL,23.0,8,8,0.346,13,36,0.361,0.361,0.337,13,35,0.371,0.01,0,1,0.0,2020-21,Regular Season,Touch 2-6 Seconds
204020,Tyler Johnson,1610612751,BKN,29.0,39,24,0.191,16,35,0.457,0.5,0.158,13,29,0.448,0.033,3,6,0.5,2020-21,Regular Season,Touch 2-6 Seconds
1628991,Jaren Jackson Jr.,1610612763,MEM,21.0,11,10,0.28,12,35,0.343,0.343,0.264,12,33,0.364,0.016,0,2,0.0,2020-21,Regular Season,Touch 2-6 Seconds
1627751,Jakob Poeltl,1610612759,SAS,25.0,69,29,0.079,17,34,0.5,0.5,0.079,17,34,0.5,0.0,0,0,,2020-21,Regular Season,Touch 2-6 Seconds
1630200,Tre Jones,1610612759,SAS,21.0,37,20,0.423,16,33,0.485,0.5,0.41,15,32,0.469,0.013,1,1,1.0,2020-21,Regular Season,Touch 2-6 Seconds
202329,Al-Farouq Aminu,1610612741,CHI,30.0,23,15,0.333,15,33,0.455,0.455,0.303,15,30,0.5,0.03,0,3,0.0,2020-21,Regular Season,Touch 2-6 Seconds
1630271,Brodric Thomas,1610612739,CLE,24.0,32,16,0.306,14,33,0.424,0.47,0.241,11,26,0.423,0.065,3,7,0.429,2020-21,Regular Season,Touch 2-6 Seconds
203939,Dwight Powell,1610612742,DAL,29.0,58,26,0.166,19,32,0.594,0.609,0.161,18,31,0.581,0.005,1,1,1.0,2020-21,Regular Season,Touch 2-6 Seconds
202687,Bismack Biyombo,1610612766,CHA,28.0,66,24,0.132,15,32,0.469,0.469,0.132,15,32,0.469,0.0,0,0,,2020-21,Regular Season,Touch 2-6 Seconds
1628995,Kevin Knox II,1610612752,NYK,21.0,42,18,0.225,10,32,0.313,0.344,0.19,8,27,0.296,0.035,2,5,0.4,2020-21,Regular Season,Touch 2-6 Seconds
202722,Davis Bertans,1610612764,WAS,28.0,57,21,0.067,9,32,0.281,0.359,0.029,4,14,0.286,0.038,5,18,0.278,2020-21,Regular Season,Touch 2-6 Seconds
1630182,Josh Green,1610612742,DAL,20.0,39,21,0.333,18,31,0.581,0.581,0.333,18,31,0.581,0.0,0,0,,2020-21,Regular Season,Touch 2-6 Seconds
1629726,Garrison Mathews,1610612764,WAS,24.0,64,23,0.131,14,31,0.452,0.5,0.093,11,22,0.5,0.038,3,9,0.333,2020-21,Regular Season,Touch 2-6 Seconds
203118,Mike Scott,1610612755,PHI,32.0,51,18,0.147,12,31,0.387,0.387,0.142,12,30,0.4,0.005,0,1,0.0,2020-21,Regular Season,Touch 2-6 Seconds
201188,Marc Gasol,1610612747,LAL,36.0,52,23,0.161,9,31,0.29,0.323,0.135,7,26,0.269,0.026,2,5,0.4,2020-21,Regular Season,Touch 2-6 Seconds
1629750,Javonte Green,1610612741,CHI,27.0,41,22,0.294,19,30,0.633,0.633,0.294,19,30,0.633,0.0,0,0,,2020-21,Regular Season,Touch 2-6 Seconds
201959,Taj Gibson,1610612752,NYK,36.0,45,25,0.19,18,30,0.6,0.6,0.19,18,30,0.6,0.0,0,0,,2020-21,Regular Season,Touch 2-6 Seconds
1630194,Paul Reed,1610612755,PHI,22.0,26,16,0.385,17,30,0.567,0.567,0.385,17,30,0.567,0.0,0,0,,2020-21,Regular Season,Touch 2-6 Seconds
1629657,Kyle Guy,1610612758,SAC,23.0,31,16,0.341,15,30,0.5,0.55,0.273,12,24,0.5,0.068,3,6,0.5,2020-21,Regular Season,Touch 2-6 Seconds
1630210,Markus Howard,1610612743,DEN,22.0,37,14,0.283,13,30,0.433,0.517,0.189,8,20,0.4,0.094,5,10,0.5,2020-21,Regular Season,Touch 2-6 Seconds
1628385,Harry Giles III,1610612757,POR,23.0,38,20,0.309,12,30,0.4,0.4,0.299,12,29,0.414,0.01,0,1,0.0,2020-21,Regular Season,Touch 2-6 Seconds
1629677,Luka Samanic,1610612759,SAS,21.0,33,14,0.286,11,30,0.367,0.367,0.267,11,28,0.393,0.019,0,2,0.0,2020-21,Regular Season,Touch 2-6 Seconds
1629052,Oshae Brissett,1610612754,IND,23.0,21,15,0.199,11,30,0.367,0.4,0.179,9,27,0.333,0.02,2,3,0.667,2020-21,Regular Season,Touch 2-6 Seconds
1628966,Keita Bates-Diop,1610612759,SAS,25.0,30,16,0.455,11,30,0.367,0.367,0.439,11,29,0.379,0.015,0,1,0.0,2020-21,Regular Season,Touch 2-6 Seconds
1629035,Carsen Edwards,1610612738,BOS,23.0,31,14,0.261,17,29,0.586,0.672,0.162,12,18,0.667,0.099,5,11,0.455,2020-21,Regular Season,Touch 2-6 Seconds
1629076,Tyler Cook,1610612765,DET,23.0,32,14,0.296,14,29,0.483,0.483,0.296,14,29,0.483,0.0,0,0,,2020-21,Regular Season,Touch 2-6 Seconds
1629610,DaQuan Jeffries,1610612759,SAS,23.0,31,15,0.233,13,28,0.464,0.482,0.192,12,23,0.522,0.042,1,5,0.2,2020-21,Regular Season,Touch 2-6 Seconds
1630223,Jalen Harris,1610612761,TOR,22.0,13,8,0.389,13,28,0.464,0.482,0.333,12,24,0.5,0.056,1,4,0.25,2020-21,Regular Season,Touch 2-6 Seconds
1628411,Wes Iwundu,1610612740,NOP,26.0,41,18,0.275,12,28,0.429,0.429,0.265,12,27,0.444,0.01,0,1,0.0,2020-21,Regular Season,Touch 2-6 Seconds
1630233,Nathan Knight,1610612737,ATL,23.0,33,17,0.283,11,28,0.393,0.393,0.232,11,23,0.478,0.051,0,5,0.0,2020-21,Regular Season,Touch 2-6 Seconds
1627853,Ryan Arcidiacono,1610612741,CHI,27.0,44,18,0.231,10,27,0.37,0.37,0.179,10,21,0.476,0.051,0,6,0.0,2020-21,Regular Season,Touch 2-6 Seconds
1629048,Goga Bitadze,1610612754,IND,21.0,45,20,0.139,8,27,0.296,0.296,0.124,8,24,0.333,0.015,0,3,0.0,2020-21,Regular Season,Touch 2-6 Seconds
1629017,Khyri Thomas,1610612745,HOU,25.0,5,5,0.394,15,26,0.577,0.635,0.318,12,21,0.571,0.076,3,5,0.6,2020-21,Regular Season,Touch 2-6 Seconds
1629644,KZ Okpala,1610612748,MIA,22.0,37,17,0.271,15,26,0.577,0.596,0.25,14,24,0.583,0.021,1,2,0.5,2020-21,Regular Season,Touch 2-6 Seconds
1630168,Onyeka Okongwu,1610612737,ATL,20.0,50,18,0.174,13,26,0.5,0.5,0.168,13,25,0.52,0.007,0,1,0.0,2020-21,Regular Season,Touch 2-6 Seconds
1629626,Bol Bol,1610612743,DEN,21.0,32,17,0.448,9,26,0.346,0.385,0.362,7,21,0.333,0.086,2,5,0.4,2020-21,Regular Season,Touch 2-6 Seconds
1629604,CJ Elleby,1610612757,POR,21.0,30,18,0.394,9,26,0.346,0.385,0.258,7,17,0.412,0.136,2,9,0.222,2020-21,Regular Season,Touch 2-6 Seconds
1628539,Mychal Mulder,1610612744,GSW,27.0,60,16,0.095,15,25,0.6,0.62,0.087,14,23,0.609,0.008,1,2,0.5,2020-21,Regular Season,Touch 2-6 Seconds
203933,T.J. Warren,1610612754,IND,27.0,4,4,0.49,14,25,0.56,0.56,0.49,14,25,0.56,0.0,0,0,,2020-21,Regular Season,Touch 2-6 Seconds
1629685,Dylan Windler,1610612739,CLE,24.0,31,16,0.194,13,25,0.52,0.56,0.171,11,22,0.5,0.023,2,3,0.667,2020-21,Regular Season,Touch 2-6 Seconds
1628392,Isaiah Hartenstein,1610612739,CLE,23.0,46,19,0.146,12,25,0.48,0.5,0.14,11,24,0.458,0.006,1,1,1.0,2020-21,Regular Season,Touch 2-6 Seconds
1630237,Anthony Lamb,1610612745,HOU,23.0,24,12,0.212,12,25,0.48,0.52,0.161,10,19,0.526,0.051,2,6,0.333,2020-21,Regular Season,Touch 2-6 Seconds
1630198,Isaiah Joe,1610612755,PHI,21.0,41,14,0.188,10,25,0.4,0.48,0.128,6,17,0.353,0.06,4,8,0.5,2020-21,Regular Season,Touch 2-6 Seconds
1629740,Nicolo Melli,1610612742,DAL,30.0,45,17,0.177,9,25,0.36,0.36,0.163,9,23,0.391,0.014,0,2,0.0,2020-21,Regular Season,Touch 2-6 Seconds
1628373,Frank Ntilikina,1610612752,NYK,22.0,33,14,0.316,7,25,0.28,0.36,0.215,3,17,0.176,0.101,4,8,0.5,2020-21,Regular Season,Touch 2-6 Seconds
1629723,John Konchar,1610612763,MEM,25.0,43,19,0.174,12,24,0.5,0.5,0.174,12,24,0.5,0.0,0,0,,2020-21,Regular Season,Touch 2-6 Seconds
203382,Aron Baynes,1610612761,TOR,34.0,53,17,0.079,10,24,0.417,0.417,0.069,10,21,0.476,0.01,0,3,0.0,2020-21,Regular Season,Touch 2-6 Seconds
203585,Rodney McGruder,1610612765,DET,29.0,16,11,0.343,10,24,0.417,0.417,0.343,10,24,0.417,0.0,0,0,,2020-21,Regular Season,Touch 2-6 Seconds
1626246,Boban Marjanovic,1610612742,DAL,32.0,33,18,0.197,10,24,0.417,0.417,0.197,10,24,0.417,0.0,0,0,,2020-21,Regular Season,Touch 2-6 Seconds
203521,Matthew Dellavedova,1610612739,CLE,30.0,13,10,0.429,7,24,0.292,0.313,0.321,6,18,0.333,0.107,1,6,0.167,2020-21,Regular Season,Touch 2-6 Seconds
1628396,Tony Bradley,1610612760,OKC,23.0,42,15,0.119,14,23,0.609,0.609,0.119,14,23,0.609,0.0,0,0,,2020-21,Regular Season,Touch 2-6 Seconds
1629622,Max Strus,1610612748,MIA,25.0,39,15,0.124,12,23,0.522,0.543,0.07,11,13,0.846,0.054,1,10,0.1,2020-21,Regular Season,Touch 2-6 Seconds
1630466,Gabriel Deck,1610612760,OKC,26.0,10,10,0.354,12,23,0.522,0.522,0.338,12,22,0.545,0.015,0,1,0.0,2020-21,Regular Season,Touch 2-6 Seconds
1628467,Maxi Kleber,1610612742,DAL,29.0,50,17,0.084,9,23,0.391,0.413,0.069,8,19,0.421,0.015,1,4,0.25,2020-21,Regular Season,Touch 2-6 Seconds
1629641,Romeo Langford,1610612738,BOS,21.0,18,12,0.39,8,23,0.348,0.348,0.373,8,22,0.364,0.017,0,1,0.0,2020-21,Regular Season,Touch 2-6 Seconds
1628993,Alize Johnson,1610612751,BKN,25.0,18,10,0.324,12,22,0.545,0.545,0.324,12,22,0.545,0.0,0,0,,2020-21,Regular Season,Touch 2-6 Seconds
203488,Mike Muscala,1610612760,OKC,29.0,35,14,0.082,10,22,0.455,0.477,0.071,9,19,0.474,0.011,1,3,0.333,2020-21,Regular Season,Touch 2-6 Seconds
1629683,Quinndary Weatherspoon,1610612759,SAS,24.0,20,11,0.629,9,22,0.409,0.432,0.571,8,20,0.4,0.057,1,2,0.5,2020-21,Regular Season,Touch 2-6 Seconds
1630235,Trent Forrest,1610612762,UTA,23.0,30,14,0.296,12,21,0.571,0.571,0.282,12,20,0.6,0.014,0,1,0.0,2020-21,Regular Season,Touch 2-6 Seconds
1629057,Robert Williams III,1610612738,BOS,23.0,52,17,0.081,12,21,0.571,0.571,0.081,12,21,0.571,0.0,0,0,,2020-21,Regular Season,Touch 2-6 Seconds
203953,Jabari Parker,1610612738,BOS,26.0,13,9,0.382,8,21,0.381,0.381,0.327,8,18,0.444,0.055,0,3,0.0,2020-21,Regular Season,Touch 2-6 Seconds
203457,Nerlens Noel,1610612752,NYK,27.0,64,17,0.089,13,20,0.65,0.65,0.089,13,20,0.65,0.0,0,0,,2020-21,Regular Season,Touch 2-6 Seconds
1630273,Freddie Gillespie,1610612761,TOR,24.0,20,11,0.238,9,20,0.45,0.45,0.238,9,20,0.45,0.0,0,0,,2020-21,Regular Season,Touch 2-6 Seconds
1628778,Paul Watson,1610612761,TOR,26.0,27,12,0.232,10,19,0.526,0.632,0.134,6,11,0.545,0.098,4,8,0.5,2020-21,Regular Season,Touch 2-6 Seconds
1630207,Nate Hinton,1610612742,DAL,22.0,21,9,0.452,8,19,0.421,0.421,0.357,8,15,0.533,0.095,0,4,0.0,2020-21,Regular Season,Touch 2-6 Seconds
1629751,Dakota Mathias,1610612755,PHI,25.0,8,6,0.396,6,19,0.316,0.342,0.271,5,13,0.385,0.125,1,6,0.167,2020-21,Regular Season,Touch 2-6 Seconds
1627812,Yogi Ferrell,1610612746,LAC,28.0,10,6,0.358,5,19,0.263,0.289,0.208,4,11,0.364,0.151,1,8,0.125,2020-21,Regular Season,Touch 2-6 Seconds
1630241,Sam Merrill,1610612749,MIL,25.0,30,11,0.25,9,18,0.5,0.556,0.167,7,12,0.583,0.083,2,6,0.333,2020-21,Regular Season,Touch 2-6 Seconds
1629617,Reggie Perry,1610612751,BKN,21.0,26,12,0.234,6,18,0.333,0.333,0.234,6,18,0.333,0.0,0,0,,2020-21,Regular Season,Touch 2-6 Seconds
1629109,Gary Clark,1610612755,PHI,26.0,39,14,0.136,5,18,0.278,0.306,0.106,4,14,0.286,0.03,1,4,0.25,2020-21,Regular Season,Touch 2-6 Seconds
1628427,Vlatko Čančar,1610612743,DEN,24.0,41,15,0.233,8,17,0.471,0.471,0.192,8,14,0.571,0.041,0,3,0.0,2020-21,Regular Season,Touch 2-6 Seconds
1626188,Quinn Cook,1610612739,CLE,28.0,23,11,0.25,7,17,0.412,0.471,0.206,5,14,0.357,0.044,2,3,0.667,2020-21,Regular Season,Touch 2-6 Seconds
1629662,Mfiondu Kabengele,1610612739,CLE,23.0,39,14,0.191,5,17,0.294,0.324,0.157,4,14,0.286,0.034,1,3,0.333,2020-21,Regular Season,Touch 2-6 Seconds
1629714,Jarrell Brantley,1610612762,UTA,25.0,28,11,0.308,10,16,0.625,0.625,0.308,10,16,0.625,0.0,0,0,,2020-21,Regular Season,Touch 2-6 Seconds
1629648,Jordan Bone,1610612753,ORL,23.0,14,11,0.296,9,16,0.563,0.688,0.167,5,9,0.556,0.13,4,7,0.571,2020-21,Regular Season,Touch 2-6 Seconds
1628035,Alfonzo McKinnie,1610612747,LAL,28.0,39,14,0.172,8,16,0.5,0.5,0.151,8,14,0.571,0.022,0,2,0.0,2020-21,Regular Season,Touch 2-6 Seconds
1629681,Killian Tillie,1610612763,MEM,23.0,18,12,0.281,7,16,0.438,0.438,0.281,7,16,0.438,0.0,0,0,,2020-21,Regular Season,Touch 2-6 Seconds
1629067,Isaac Bonga,1610612764,WAS,21.0,40,13,0.198,5,16,0.313,0.313,0.198,5,16,0.313,0.0,0,0,,2020-21,Regular Season,Touch 2-6 Seconds
203121,Darius Miller,1610612760,OKC,31.0,18,9,0.313,7,15,0.467,0.633,0.063,2,3,0.667,0.25,5,12,0.417,2020-21,Regular Season,Touch 2-6 Seconds
200782,P.J. Tucker,1610612749,MIL,36.0,52,12,0.087,5,15,0.333,0.333,0.087,5,15,0.333,0.0,0,0,,2020-21,Regular Season,Touch 2-6 Seconds
1626161,Willie Cauley-Stein,1610612742,DAL,27.0,53,13,0.077,8,14,0.571,0.571,0.077,8,14,0.571,0.0,0,0,,2020-21,Regular Season,Touch 2-6 Seconds
1630186,Jahmi'us Ramsey,1610612758,SAC,20.0,13,7,0.368,5,14,0.357,0.357,0.342,5,13,0.385,0.026,0,1,0.0,2020-21,Regular Season,Touch 2-6 Seconds
1629117,Wenyen Gabriel,1610612740,NOP,24.0,21,10,0.233,3,14,0.214,0.214,0.217,3,13,0.231,0.017,0,1,0.0,2020-21,Regular Season,Touch 2-6 Seconds
1630187,Daniel Oturu,1610612746,LAC,21.0,30,11,0.289,7,13,0.538,0.538,0.289,7,13,0.538,0.0,0,0,,2020-21,Regular Season,Touch 2-6 Seconds
1629663,Louis King,1610612758,SAC,22.0,6,3,0.382,6,13,0.462,0.5,0.353,5,12,0.417,0.029,1,1,1.0,2020-21,Regular Season,Touch 2-6 Seconds
1629962,Devin Cannady,1610612753,ORL,25.0,8,5,0.464,5,13,0.385,0.423,0.357,4,10,0.4,0.107,1,3,0.333,2020-21,Regular Season,Touch 2-6 Seconds
1630199,Cassius Stanley,1610612754,IND,21.0,24,9,0.302,5,13,0.385,0.385,0.302,5,13,0.385,0.0,0,0,,2020-21,Regular Season,Touch 2-6 Seconds
1628414,Sindarius Thornwell,1610612753,ORL,26.0,21,10,0.289,3,13,0.231,0.231,0.289,3,13,0.231,0.0,0,0,,2020-21,Regular Season,Touch 2-6 Seconds
1629603,Mamadi Diakite,1610612749,MIL,24.0,14,7,0.325,3,13,0.231,0.231,0.3,3,12,0.25,0.025,0,1,0.0,2020-21,Regular Season,Touch 2-6 Seconds
1630264,Anthony Gill,1610612764,WAS,28.0,26,10,0.2,7,12,0.583,0.625,0.167,6,10,0.6,0.033,1,2,0.5,2020-21,Regular Season,Touch 2-6 Seconds
1629653,Devon Dotson,1610612741,CHI,21.0,11,6,0.571,7,12,0.583,0.583,0.429,7,9,0.778,0.143,0,3,0.0,2020-21,Regular Season,Touch 2-6 Seconds
1630176,Vernon Carey Jr.,1610612766,CHA,20.0,19,4,0.333,4,12,0.333,0.333,0.333,4,12,0.333,0.0,0,0,,2020-21,Regular Season,Touch 2-6 Seconds
1629718,Charlie Brown Jr.,1610612760,OKC,24.0,9,6,0.308,2,12,0.167,0.167,0.231,2,9,0.222,0.077,0,3,0.0,2020-21,Regular Season,Touch 2-6 Seconds
1628418,Thomas Bryant,1610612764,WAS,23.0,10,6,0.121,8,11,0.727,0.727,0.121,8,11,0.727,0.0,0,0,,2020-21,Regular Season,Touch 2-6 Seconds
1630216,Cassius Winston,1610612764,WAS,23.0,22,8,0.333,5,11,0.455,0.5,0.273,4,9,0.444,0.061,1,2,0.5,2020-21,Regular Season,Touch 2-6 Seconds
1629686,Deividas Sirvydis,1610612765,DET,21.0,20,6,0.275,5,11,0.455,0.636,0.15,1,6,0.167,0.125,4,5,0.8,2020-21,Regular Season,Touch 2-6 Seconds
1628412,Frank Mason III,1610612753,ORL,27.0,4,3,0.458,4,11,0.364,0.364,0.458,4,11,0.364,0.0,0,0,,2020-21,Regular Season,Touch 2-6 Seconds
1630188,Jalen Smith,1610612756,PHX,21.0,27,9,0.22,4,11,0.364,0.364,0.22,4,11,0.364,0.0,0,0,,2020-21,Regular Season,Touch 2-6 Seconds
1628981,Bruno Fernando,1610612737,ATL,22.0,33,8,0.25,3,11,0.273,0.273,0.25,3,11,0.273,0.0,0,0,,2020-21,Regular Season,Touch 2-6 Seconds
1629346,Alen Smailagic,1610612744,GSW,20.0,15,7,0.407,3,11,0.273,0.318,0.333,2,9,0.222,0.074,1,2,0.5,2020-21,Regular Season,Touch 2-6 Seconds
1629725,Jeremiah Martin,1610612739,CLE,25.0,9,8,0.333,2,11,0.182,0.182,0.303,2,10,0.2,0.03,0,1,0.0,2020-21,Regular Season,Touch 2-6 Seconds
1629011,Mitchell Robinson,1610612752,NYK,23.0,31,10,0.06,6,10,0.6,0.6,0.06,6,10,0.6,0.0,0,0,,2020-21,Regular Season,Touch 2-6 Seconds
1626178,Rondae Hollis-Jefferson,1610612757,POR,26.0,11,6,0.556,6,10,0.6,0.6,0.556,6,10,0.6,0.0,0,0,,2020-21,Regular Season,Touch 2-6 Seconds
202335,Patrick Patterson,1610612746,LAC,32.0,38,10,0.063,4,10,0.4,0.4,0.063,4,10,0.4,0.0,0,0,,2020-21,Regular Season,Touch 2-6 Seconds
1630179,Tyrell Terry,1610612742,DAL,20.0,11,6,0.625,4,10,0.4,0.4,0.438,4,7,0.571,0.188,0,3,0.0,2020-21,Regular Season,Touch 2-6 Seconds
1630218,Robert Woodard II,1610612758,SAC,21.0,13,7,0.526,4,10,0.4,0.45,0.368,3,7,0.429,0.158,1,3,0.333,2020-21,Regular Season,Touch 2-6 Seconds
202324,Derrick Favors,1610612762,UTA,29.0,68,8,0.037,5,9,0.556,0.556,0.037,5,9,0.556,0.0,0,0,,2020-21,Regular Season,Touch 2-6 Seconds
1630189,Tyler Bey,1610612742,DAL,23.0,18,8,0.409,3,9,0.333,0.389,0.364,2,8,0.25,0.045,1,1,1.0,2020-21,Regular Season,Touch 2-6 Seconds
1629833,Keljin Blevins,1610612757,POR,25.0,17,7,0.45,3,9,0.333,0.389,0.35,2,7,0.286,0.1,1,2,0.5,2020-21,Regular Season,Touch 2-6 Seconds
1629665,Jalen Lecque,1610612754,IND,21.0,4,4,1.0,1,9,0.111,0.111,0.889,1,8,0.125,0.111,0,1,0.0,2020-21,Regular Season,Touch 2-6 Seconds
101141,Ersan Ilyasova,1610612762,UTA,34.0,17,8,0.167,1,9,0.111,0.167,0.056,0,3,0.0,0.111,1,6,0.167,2020-21,Regular Season,Touch 2-6 Seconds
1627748,Thon Maker,1610612739,CLE,24.0,8,6,0.444,5,8,0.625,0.625,0.389,5,7,0.714,0.056,0,1,0.0,2020-21,Regular Season,Touch 2-6 Seconds
1629671,Miye Oni,1610612762,UTA,23.0,54,6,0.081,3,8,0.375,0.375,0.061,3,6,0.5,0.02,0,2,0.0,2020-21,Regular Season,Touch 2-6 Seconds
202334,Ed Davis,1610612750,MIN,32.0,23,6,0.182,2,8,0.25,0.25,0.182,2,8,0.25,0.0,0,0,,2020-21,Regular Season,Touch 2-6 Seconds
1630190,Elijah Hughes,1610612762,UTA,23.0,18,8,0.276,2,8,0.25,0.313,0.103,1,3,0.333,0.172,1,5,0.2,2020-21,Regular Season,Touch 2-6 Seconds
1630192,Zeke Nnaji,1610612743,DEN,20.0,42,6,0.077,1,8,0.125,0.125,0.077,1,8,0.125,0.0,0,0,,2020-21,Regular Season,Touch 2-6 Seconds
1629605,Tacko Fall,1610612738,BOS,25.0,19,7,0.241,4,7,0.571,0.571,0.241,4,7,0.571,0.0,0,0,,2020-21,Regular Season,Touch 2-6 Seconds
1629690,Adam Mokoka,1610612741,CHI,22.0,14,5,0.368,3,7,0.429,0.429,0.263,3,5,0.6,0.105,0,2,0.0,2020-21,Regular Season,Touch 2-6 Seconds
203957,Dante Exum,1610612745,HOU,25.0,6,4,0.269,3,7,0.429,0.429,0.231,3,6,0.5,0.038,0,1,0.0,2020-21,Regular Season,Touch 2-6 Seconds
1629606,Robert Franks,1610612753,ORL,24.0,7,5,0.25,3,7,0.429,0.429,0.214,3,6,0.5,0.036,0,1,0.0,2020-21,Regular Season,Touch 2-6 Seconds
203915,Spencer Dinwiddie,1610612751,BKN,28.0,3,3,0.438,2,7,0.286,0.286,0.313,2,5,0.4,0.125,0,2,0.0,2020-21,Regular Season,Touch 2-6 Seconds
1630206,Jay Scrubb,1610612746,LAC,20.0,4,2,0.28,2,7,0.286,0.286,0.24,2,6,0.333,0.04,0,1,0.0,2020-21,Regular Season,Touch 2-6 Seconds
204025,Tim Frazier,1610612763,MEM,30.0,5,4,0.35,0,7,0.0,0.0,0.2,0,4,0.0,0.15,0,3,0.0,2020-21,Regular Season,Touch 2-6 Seconds
1627745,Damian Jones,1610612758,SAC,26.0,39,6,0.058,4,6,0.667,0.667,0.058,4,6,0.667,0.0,0,0,,2020-21,Regular Season,Touch 2-6 Seconds
1629730,Rayjon Tucker,1610612755,PHI,23.0,14,4,0.333,3,6,0.5,0.583,0.167,2,3,0.667,0.167,1,3,0.333,2020-21,Regular Season,Touch 2-6 Seconds
1629091,Elijah Bryant,1610612749,MIL,26.0,1,1,0.462,3,6,0.5,0.5,0.308,3,4,0.75,0.154,0,2,0.0,2020-21,Regular Season,Touch 2-6 Seconds
1629620,Justin Robinson,1610612760,OKC,23.0,9,6,0.286,2,6,0.333,0.333,0.238,2,5,0.4,0.048,0,1,0.0,2020-21,Regular Season,Touch 2-6 Seconds
202738,Isaiah Thomas,1610612740,NOP,32.0,3,2,0.222,2,6,0.333,0.417,0.185,1,5,0.2,0.037,1,1,1.0,2020-21,Regular Season,Touch 2-6 Seconds
1629719,Devontae Cacok,1610612747,LAL,24.0,20,5,0.207,2,6,0.333,0.333,0.207,2,6,0.333,0.0,0,0,,2020-21,Regular Season,Touch 2-6 Seconds
2760,Anderson Varejao,1610612739,CLE,38.0,5,4,0.375,1,6,0.167,0.167,0.375,1,6,0.167,0.0,0,0,,2020-21,Regular Season,Touch 2-6 Seconds
1628395,Jordan Bell,1610612744,GSW,26.0,6,5,0.273,1,6,0.167,0.167,0.273,1,6,0.167,0.0,0,0,,2020-21,Regular Season,Touch 2-6 Seconds
1627739,Kris Dunn,1610612737,ATL,27.0,4,3,0.5,1,6,0.167,0.167,0.5,1,6,0.167,0.0,0,0,,2020-21,Regular Season,Touch 2-6 Seconds
1630211,Karim Mane,1610612753,ORL,21.0,10,5,0.462,1,6,0.167,0.167,0.385,1,5,0.2,0.077,0,1,0.0,2020-21,Regular Season,Touch 2-6 Seconds
203473,Dewayne Dedmon,1610612748,MIA,31.0,16,4,0.077,4,5,0.8,0.8,0.077,4,5,0.8,0.0,0,0,,2020-21,Regular Season,Touch 2-6 Seconds
1630253,Sean McDermott,1610612763,MEM,24.0,18,5,0.152,3,5,0.6,0.6,0.121,3,4,0.75,0.03,0,1,0.0,2020-21,Regular Season,Touch 2-6 Seconds
1628388,T.J. Leaf,1610612757,POR,24.0,7,3,0.5,3,5,0.6,0.6,0.5,3,5,0.6,0.0,0,0,,2020-21,Regular Season,Touch 2-6 Seconds
1628383,Justin Patton,1610612745,HOU,24.0,13,4,0.071,3,5,0.6,0.6,0.057,3,4,0.75,0.014,0,1,0.0,2020-21,Regular Season,Touch 2-6 Seconds
1629066,Rodions Kurucs,1610612749,MIL,23.0,21,5,0.156,1,5,0.2,0.3,0.125,0,4,0.0,0.031,1,1,1.0,2020-21,Regular Season,Touch 2-6 Seconds
203998,Bruno Caboclo,1610612745,HOU,25.0,6,3,0.235,4,4,1.0,1.0,0.235,4,4,1.0,0.0,0,0,,2020-21,Regular Season,Touch 2-6 Seconds
1629735,Chris Silva,1610612758,SAC,24.0,15,3,0.25,3,4,0.75,0.75,0.25,3,4,0.75,0.0,0,0,,2020-21,Regular Season,Touch 2-6 Seconds
1628419,Cameron Oliver,1610612745,HOU,24.0,4,3,0.121,3,4,0.75,0.75,0.121,3,4,0.75,0.0,0,0,,2020-21,Regular Season,Touch 2-6 Seconds
1630234,Ty-Shon Alexander,1610612756,PHX,22.0,15,4,0.333,2,4,0.5,0.625,0.25,1,3,0.333,0.083,1,1,1.0,2020-21,Regular Season,Touch 2-6 Seconds
201599,DeAndre Jordan,1610612751,BKN,32.0,57,3,0.016,1,4,0.25,0.25,0.016,1,4,0.25,0.0,0,0,,2020-21,Regular Season,Touch 2-6 Seconds
1626253,Axel Toupane,1610612749,MIL,28.0,8,3,0.364,1,4,0.25,0.375,0.273,0,3,0.0,0.091,1,1,1.0,2020-21,Regular Season,Touch 2-6 Seconds
201162,Jared Dudley,1610612747,LAL,35.0,12,3,0.444,1,4,0.25,0.375,0.222,0,2,0.0,0.222,1,2,0.5,2020-21,Regular Season,Touch 2-6 Seconds
1629121,Jaylen Adams,1610612749,MIL,25.0,7,2,0.5,1,4,0.25,0.25,0.5,1,4,0.25,0.0,0,0,,2020-21,Regular Season,Touch 2-6 Seconds
203658,Norvel Pelle,1610612752,NYK,28.0,13,4,0.267,1,4,0.25,0.25,0.267,1,4,0.25,0.0,0,0,,2020-21,Regular Season,Touch 2-6 Seconds
1627737,Marquese Chriss,1610612744,GSW,23.0,2,2,0.286,1,4,0.25,0.25,0.286,1,4,0.25,0.0,0,0,,2020-21,Regular Season,Touch 2-6 Seconds
1629752,Juwan Morgan,1610612762,UTA,24.0,29,1,0.1,3,3,1.0,1.167,0.067,2,2,1.0,0.033,1,1,1.0,2020-21,Regular Season,Touch 2-6 Seconds
1630203,Grant Riller,1610612766,CHA,24.0,7,3,0.25,2,3,0.667,0.667,0.25,2,3,0.667,0.0,0,0,,2020-21,Regular Season,Touch 2-6 Seconds
1629244,Cam Reynolds,1610612745,HOU,26.0,5,2,0.167,2,3,0.667,0.833,0.111,1,2,0.5,0.056,1,1,1.0,2020-21,Regular Season,Touch 2-6 Seconds
1629716,Marques Bolden,1610612739,CLE,23.0,6,3,1.0,1,3,0.333,0.333,1.0,1,3,0.333,0.0,0,0,,2020-21,Regular Season,Touch 2-6 Seconds
1629712,Didi Louzada,1610612740,NOP,21.0,3,3,0.231,1,3,0.333,0.333,0.231,1,3,0.333,0.0,0,0,,2020-21,Regular Season,Touch 2-6 Seconds
1629007,Jontay Porter,1610612763,MEM,21.0,11,3,0.2,1,3,0.333,0.333,0.2,1,3,0.333,0.0,0,0,,2020-21,Regular Season,Touch 2-6 Seconds
1628961,Kostas Antetokounmpo,1610612747,LAL,23.0,15,2,0.3,0,3,0.0,0.0,0.3,0,3,0.0,0.0,0,0,,2020-21,Regular Season,Touch 2-6 Seconds
1629607,Jared Harper,1610612752,NYK,23.0,8,3,0.75,0,3,0.0,0.0,0.75,0,3,0.0,0.0,0,0,,2020-21,Regular Season,Touch 2-6 Seconds
1628436,Luke Kornet,1610612738,BOS,25.0,31,3,0.03,0,3,0.0,0.0,0.03,0,3,0.0,0.0,0,0,,2020-21,Regular Season,Touch 2-6 Seconds
1627740,Henry Ellenson,1610612761,TOR,24.0,2,1,0.143,2,2,1.0,1.25,0.071,1,1,1.0,0.071,1,1,1.0,2020-21,Regular Season,Touch 2-6 Seconds
1629034,Ray Spalding,1610612745,HOU,24.0,2,1,0.5,1,2,0.5,0.5,0.5,1,2,0.5,0.0,0,0,,2020-21,Regular Season,Touch 2-6 Seconds
1629033,Theo Pinson,1610612752,NYK,25.0,17,2,0.222,1,2,0.5,0.5,0.111,1,1,1.0,0.111,0,1,0.0,2020-21,Regular Season,Touch 2-6 Seconds
202697,Iman Shumpert,1610612751,BKN,31.0,2,2,0.5,1,2,0.5,0.5,0.25,1,1,1.0,0.25,0,1,0.0,2020-21,Regular Season,Touch 2-6 Seconds
1628578,Amida Brimah,1610612754,IND,27.0,5,2,0.25,0,2,0.0,0.0,0.25,0,2,0.0,0.0,0,0,,2020-21,Regular Season,Touch 2-6 Seconds
1626245,Cristiano Felicio,1610612741,CHI,28.0,18,2,0.154,0,2,0.0,0.0,0.077,0,1,0.0,0.077,0,1,0.0,2020-21,Regular Season,Touch 2-6 Seconds
1627780,Gary Payton II,1610612744,GSW,28.0,10,1,0.077,1,1,1.0,1.0,0.077,1,1,1.0,0.0,0,0,,2020-21,Regular Season,Touch 2-6 Seconds
1628968,Brian Bowen II,1610612754,IND,22.0,6,1,0.25,1,1,1.0,1.0,0.25,1,1,1.0,0.0,0,0,,2020-21,Regular Season,Touch 2-6 Seconds
1627775,Patrick McCaw,1610612761,TOR,25.0,5,1,1.0,1,1,1.0,1.0,1.0,1,1,1.0,0.0,0,0,,2020-21,Regular Season,Touch 2-6 Seconds
203263,James Nunnally,1610612740,NOP,30.0,9,1,0.077,1,1,1.0,1.5,0.0,0,0,,0.077,1,1,1.0,2020-21,Regular Season,Touch 2-6 Seconds
201229,Anthony Tolliver,1610612755,PHI,36.0,11,1,0.059,0,1,0.0,0.0,0.059,0,1,0.0,0.0,0,0,,2020-21,Regular Season,Touch 2-6 Seconds
1630208,Nick Richards,1610612766,CHA,23.0,18,1,0.111,0,1,0.0,0.0,0.111,0,1,0.0,0.0,0,0,,2020-21,Regular Season,Touch 2-6 Seconds
1628390,Terrance Ferguson,1610612755,PHI,23.0,13,1,0.143,0,1,0.0,0.0,0.143,0,1,0.0,0.0,0,0,,2020-21,Regular Season,Touch 2-6 Seconds
204222,Greg Whittington,1610612743,DEN,28.0,4,1,0.333,0,1,0.0,0.0,0.333,0,1,0.0,0.0,0,0,,2020-21,Regular Season,Touch 2-6 Seconds
1628962,Udoka Azubuike,1610612762,UTA,21.0,15,1,0.111,0,1,0.0,0.0,0.111,0,1,0.0,0.0,0,0,,2020-21,Regular Season,Touch 2-6 Seconds
1629738,Vincent Poirier,1610612755,PHI,27.0,10,1,0.083,0,1,0.0,0.0,0.083,0,1,0.0,0.0,0,0,,2020-21,Regular Season,Touch 2-6 Seconds
1629029,Luka Doncic,1610612742,DAL,22.0,66,66,0.584,389,785,0.496,0.562,0.369,284,496,0.573,0.215,105,289,0.363,2020-21,Regular Season,Touch 6+ Seconds
203081,Damian Lillard,1610612757,POR,30.0,67,67,0.521,311,695,0.447,0.533,0.28,192,374,0.513,0.241,119,321,0.371,2020-21,Regular Season,Touch 6+ Seconds
1629027,Trae Young,1610612737,ATL,22.0,63,63,0.511,252,568,0.444,0.503,0.355,185,394,0.47,0.157,67,174,0.385,2020-21,Regular Season,Touch 6+ Seconds
201566,Russell Westbrook,1610612764,WAS,32.0,65,65,0.411,206,509,0.405,0.424,0.364,186,451,0.412,0.047,20,58,0.345,2020-21,Regular Season,Touch 6+ Seconds
101108,Chris Paul,1610612756,PHX,36.0,70,69,0.505,217,439,0.494,0.522,0.431,193,375,0.515,0.074,24,64,0.375,2020-21,Regular Season,Touch 6+ Seconds
202681,Kyrie Irving,1610612751,BKN,29.0,54,54,0.396,212,430,0.493,0.534,0.317,177,344,0.515,0.079,35,86,0.407,2020-21,Regular Season,Touch 6+ Seconds
1628378,Donovan Mitchell,1610612762,UTA,24.0,53,53,0.389,185,424,0.436,0.481,0.284,147,310,0.474,0.105,38,114,0.333,2020-21,Regular Season,Touch 6+ Seconds
201935,James Harden,1610612751,BKN,31.0,44,44,0.573,193,421,0.458,0.536,0.324,128,238,0.538,0.249,65,183,0.355,2020-21,Regular Season,Touch 6+ Seconds
1628368,De'Aaron Fox,1610612758,SAC,23.0,58,57,0.358,192,397,0.484,0.505,0.298,175,331,0.529,0.059,17,66,0.258,2020-21,Regular Season,Touch 6+ Seconds
1629630,Ja Morant,1610612763,MEM,21.0,63,63,0.41,168,392,0.429,0.452,0.349,150,334,0.449,0.061,18,58,0.31,2020-21,Regular Season,Touch 6+ Seconds
1628369,Jayson Tatum,1610612738,BOS,23.0,64,64,0.288,151,380,0.397,0.47,0.172,96,227,0.423,0.116,55,153,0.359,2020-21,Regular Season,Touch 6+ Seconds
203897,Zach LaVine,1610612741,CHI,26.0,58,58,0.327,175,367,0.477,0.53,0.215,136,241,0.564,0.112,39,126,0.31,2020-21,Regular Season,Touch 6+ Seconds
201942,DeMar DeRozan,1610612759,SAS,31.0,61,59,0.384,181,352,0.514,0.514,0.382,181,350,0.517,0.002,0,2,0.0,2020-21,Regular Season,Touch 6+ Seconds
201939,Stephen Curry,1610612744,GSW,33.0,63,62,0.252,179,342,0.523,0.648,0.13,94,177,0.531,0.122,85,165,0.515,2020-21,Regular Season,Touch 6+ Seconds
2544,LeBron James,1610612747,LAL,36.0,45,43,0.428,163,341,0.478,0.518,0.325,136,259,0.525,0.103,27,82,0.329,2020-21,Regular Season,Touch 6+ Seconds
1627749,Dejounte Murray,1610612759,SAS,24.0,67,66,0.342,150,333,0.45,0.458,0.329,145,320,0.453,0.013,5,13,0.385,2020-21,Regular Season,Touch 6+ Seconds
202322,John Wall,1610612745,HOU,30.0,40,40,0.45,134,326,0.411,0.425,0.389,125,282,0.443,0.061,9,44,0.205,2020-21,Regular Season,Touch 6+ Seconds
1628983,Shai Gilgeous-Alexander,1610612760,OKC,22.0,35,35,0.559,162,315,0.514,0.552,0.436,138,246,0.561,0.122,24,69,0.348,2020-21,Regular Season,Touch 6+ Seconds
1626164,Devin Booker,1610612756,PHX,24.0,67,67,0.245,159,312,0.51,0.537,0.21,142,267,0.532,0.035,17,45,0.378,2020-21,Regular Season,Touch 6+ Seconds
1627763,Malcolm Brogdon,1610612754,IND,28.0,56,55,0.314,142,307,0.463,0.511,0.24,112,235,0.477,0.074,30,72,0.417,2020-21,Regular Season,Touch 6+ Seconds
1629012,Collin Sexton,1610612739,CLE,22.0,60,57,0.281,143,306,0.467,0.492,0.241,128,262,0.489,0.04,15,44,0.341,2020-21,Regular Season,Touch 6+ Seconds
203468,CJ McCollum,1610612757,POR,29.0,47,47,0.333,132,294,0.449,0.505,0.218,99,193,0.513,0.114,33,101,0.327,2020-21,Regular Season,Touch 6+ Seconds
1627742,Brandon Ingram,1610612740,NOP,23.0,61,58,0.255,138,281,0.491,0.525,0.214,119,235,0.506,0.042,19,46,0.413,2020-21,Regular Season,Touch 6+ Seconds
203507,Giannis Antetokounmpo,1610612749,MIL,26.0,61,60,0.254,147,279,0.527,0.57,0.201,123,221,0.557,0.053,24,58,0.414,2020-21,Regular Season,Touch 6+ Seconds
203114,Khris Middleton,1610612749,MIL,29.0,68,66,0.259,130,278,0.468,0.507,0.203,108,218,0.495,0.056,22,60,0.367,2020-21,Regular Season,Touch 6+ Seconds
203903,Jordan Clarkson,1610612762,UTA,29.0,68,65,0.257,136,275,0.495,0.544,0.189,109,203,0.537,0.067,27,72,0.375,2020-21,Regular Season,Touch 6+ Seconds
1630162,Anthony Edwards,1610612750,MIN,19.0,72,70,0.222,118,268,0.44,0.5,0.149,86,180,0.478,0.073,32,88,0.364,2020-21,Regular Season,Touch 6+ Seconds
202331,Paul George,1610612746,LAC,31.0,54,54,0.279,124,266,0.466,0.523,0.207,94,197,0.477,0.072,30,69,0.435,2020-21,Regular Season,Touch 6+ Seconds
1630175,Cole Anthony,1610612753,ORL,21.0,47,47,0.482,115,266,0.432,0.464,0.4,98,221,0.443,0.082,17,45,0.378,2020-21,Regular Season,Touch 6+ Seconds
202695,Kawhi Leonard,1610612746,LAC,30.0,52,51,0.289,135,262,0.515,0.532,0.248,126,225,0.56,0.041,9,37,0.243,2020-21,Regular Season,Touch 6+ Seconds
202710,Jimmy Butler III,1610612748,MIA,31.0,52,52,0.355,109,262,0.416,0.418,0.339,108,250,0.432,0.016,1,12,0.083,2020-21,Regular Season,Touch 6+ Seconds
201950,Jrue Holiday,1610612749,MIL,31.0,59,57,0.317,141,261,0.54,0.588,0.256,116,211,0.55,0.061,25,50,0.5,2020-21,Regular Season,Touch 6+ Seconds
203078,Bradley Beal,1610612764,WAS,28.0,60,59,0.188,121,260,0.465,0.49,0.156,108,216,0.5,0.032,13,44,0.295,2020-21,Regular Season,Touch 6+ Seconds
1627783,Pascal Siakam,1610612761,TOR,27.0,56,56,0.27,117,259,0.452,0.461,0.25,112,240,0.467,0.02,5,19,0.263,2020-21,Regular Season,Touch 6+ Seconds
203944,Julius Randle,1610612752,NYK,26.0,71,67,0.189,106,249,0.426,0.442,0.174,98,229,0.428,0.015,8,20,0.4,2020-21,Regular Season,Touch 6+ Seconds
101150,Lou Williams,1610612737,ATL,34.0,66,62,0.372,99,241,0.411,0.442,0.318,84,206,0.408,0.054,15,35,0.429,2020-21,Regular Season,Touch 6+ Seconds
202689,Kemba Walker,1610612760,OKC,31.0,43,43,0.354,90,239,0.377,0.444,0.2,58,135,0.43,0.154,32,104,0.308,2020-21,Regular Season,Touch 6+ Seconds
1629632,Coby White,1610612741,CHI,21.0,69,67,0.258,109,233,0.468,0.521,0.198,84,179,0.469,0.06,25,54,0.463,2020-21,Regular Season,Touch 6+ Seconds
1627750,Jamal Murray,1610612743,DEN,24.0,48,47,0.296,111,232,0.478,0.545,0.201,80,158,0.506,0.094,31,74,0.419,2020-21,Regular Season,Touch 6+ Seconds
201565,Derrick Rose,1610612752,NYK,32.0,50,48,0.374,108,226,0.478,0.485,0.351,105,212,0.495,0.023,3,14,0.214,2020-21,Regular Season,Touch 6+ Seconds
1629636,Darius Garland,1610612739,CLE,21.0,54,53,0.277,95,219,0.434,0.45,0.237,88,188,0.468,0.039,7,31,0.226,2020-21,Regular Season,Touch 6+ Seconds
1627747,Caris LeVert,1610612754,IND,26.0,47,45,0.267,88,217,0.406,0.435,0.204,75,166,0.452,0.063,13,51,0.255,2020-21,Regular Season,Touch 6+ Seconds
1627832,Fred VanVleet,1610612761,TOR,27.0,52,50,0.244,84,212,0.396,0.465,0.17,55,148,0.372,0.074,29,64,0.453,2020-21,Regular Season,Touch 6+ Seconds
203901,Elfrid Payton,1610612752,NYK,27.0,63,61,0.337,100,207,0.483,0.483,0.335,100,206,0.485,0.002,0,1,0.0,2020-21,Regular Season,Touch 6+ Seconds
203471,Dennis Schröder,1610612747,LAL,27.0,61,57,0.27,97,203,0.478,0.485,0.256,94,192,0.49,0.015,3,11,0.273,2020-21,Regular Season,Touch 6+ Seconds
1626156,D'Angelo Russell,1610612750,MIN,25.0,42,40,0.288,79,188,0.42,0.468,0.212,61,138,0.442,0.077,18,50,0.36,2020-21,Regular Season,Touch 6+ Seconds
201144,Mike Conley,1610612762,UTA,33.0,51,48,0.292,82,186,0.441,0.516,0.174,54,111,0.486,0.118,28,75,0.373,2020-21,Regular Season,Touch 6+ Seconds
1630163,LaMelo Ball,1610612766,CHA,19.0,51,44,0.272,83,183,0.454,0.489,0.214,70,144,0.486,0.058,13,39,0.333,2020-21,Regular Season,Touch 6+ Seconds
1629628,RJ Barrett,1610612752,NYK,21.0,72,63,0.173,75,182,0.412,0.42,0.168,72,176,0.409,0.006,3,6,0.5,2020-21,Regular Season,Touch 6+ Seconds
202699,Tobias Harris,1610612755,PHI,28.0,62,57,0.195,89,180,0.494,0.517,0.179,81,165,0.491,0.016,8,15,0.533,2020-21,Regular Season,Touch 6+ Seconds
1629627,Zion Williamson,1610612740,NOP,20.0,61,48,0.172,101,178,0.567,0.567,0.171,101,177,0.571,0.001,0,1,0.0,2020-21,Regular Season,Touch 6+ Seconds
1626153,Delon Wright,1610612758,SAC,29.0,63,57,0.333,71,169,0.42,0.429,0.302,68,153,0.444,0.032,3,16,0.188,2020-21,Regular Season,Touch 6+ Seconds
1630193,Immanuel Quickley,1610612752,NYK,22.0,64,55,0.277,58,160,0.363,0.416,0.18,41,104,0.394,0.097,17,56,0.304,2020-21,Regular Season,Touch 6+ Seconds
202704,Reggie Jackson,1610612746,LAC,31.0,67,53,0.266,62,154,0.403,0.425,0.222,55,129,0.426,0.043,7,25,0.28,2020-21,Regular Season,Touch 6+ Seconds
203952,Andrew Wiggins,1610612744,GSW,26.0,71,61,0.145,70,152,0.461,0.484,0.126,63,132,0.477,0.019,7,20,0.35,2020-21,Regular Season,Touch 6+ Seconds
1628973,Jalen Brunson,1610612742,DAL,24.0,68,60,0.241,91,151,0.603,0.609,0.228,89,143,0.622,0.013,2,8,0.25,2020-21,Regular Season,Touch 6+ Seconds
2546,Carmelo Anthony,1610612757,POR,37.0,69,61,0.19,56,148,0.378,0.409,0.16,47,124,0.379,0.031,9,24,0.375,2020-21,Regular Season,Touch 6+ Seconds
203999,Nikola Jokić,1610612743,DEN,26.0,72,55,0.114,81,145,0.559,0.562,0.112,80,143,0.559,0.002,1,2,0.5,2020-21,Regular Season,Touch 6+ Seconds
1626179,Terry Rozier,1610612766,CHA,27.0,69,58,0.127,62,144,0.431,0.472,0.096,50,109,0.459,0.031,12,35,0.343,2020-21,Regular Season,Touch 6+ Seconds
201609,Goran Dragic,1610612748,MIA,35.0,50,45,0.26,59,144,0.41,0.441,0.204,50,113,0.442,0.056,9,31,0.29,2020-21,Regular Season,Touch 6+ Seconds
204060,Joe Ingles,1610612762,UTA,33.0,67,53,0.254,58,143,0.406,0.472,0.132,39,74,0.527,0.123,19,69,0.275,2020-21,Regular Season,Touch 6+ Seconds
1629639,Tyler Herro,1610612748,MIA,21.0,54,44,0.202,69,141,0.489,0.553,0.14,51,98,0.52,0.062,18,43,0.419,2020-21,Regular Season,Touch 6+ Seconds
1629645,Kevin Porter Jr.,1610612745,HOU,21.0,26,26,0.381,51,140,0.364,0.414,0.24,37,88,0.42,0.142,14,52,0.269,2020-21,Regular Season,Touch 6+ Seconds
202339,Eric Bledsoe,1610612740,NOP,31.0,71,48,0.189,62,138,0.449,0.482,0.141,53,103,0.515,0.048,9,35,0.257,2020-21,Regular Season,Touch 6+ Seconds
204456,T.J. McConnell,1610612754,IND,29.0,69,59,0.278,76,136,0.559,0.566,0.269,74,132,0.561,0.008,2,4,0.5,2020-21,Regular Season,Touch 6+ Seconds
1630169,Tyrese Haliburton,1610612758,SAC,21.0,58,47,0.22,68,136,0.5,0.551,0.162,54,100,0.54,0.058,14,36,0.389,2020-21,Regular Season,Touch 6+ Seconds
1629003,Shake Milton,1610612755,PHI,24.0,63,56,0.202,62,135,0.459,0.474,0.19,58,127,0.457,0.012,4,8,0.5,2020-21,Regular Season,Touch 6+ Seconds
1629014,Anfernee Simons,1610612757,POR,22.0,64,58,0.332,49,133,0.368,0.455,0.177,26,71,0.366,0.155,23,62,0.371,2020-21,Regular Season,Touch 6+ Seconds
1630177,Theo Maledon,1610612760,OKC,20.0,65,44,0.214,44,131,0.336,0.374,0.163,34,100,0.34,0.051,10,31,0.323,2020-21,Regular Season,Touch 6+ Seconds
201142,Kevin Durant,1610612751,BKN,32.0,35,30,0.216,69,130,0.531,0.569,0.177,59,107,0.551,0.038,10,23,0.435,2020-21,Regular Season,Touch 6+ Seconds
1627732,Ben Simmons,1610612755,PHI,24.0,58,49,0.221,65,129,0.504,0.504,0.221,65,129,0.504,0.0,0,0,,2020-21,Regular Season,Touch 6+ Seconds
200768,Kyle Lowry,1610612761,TOR,35.0,46,42,0.211,45,126,0.357,0.409,0.148,32,88,0.364,0.064,13,38,0.342,2020-21,Regular Season,Touch 6+ Seconds
1628984,Devonte' Graham,1610612766,CHA,26.0,55,49,0.186,38,124,0.306,0.391,0.082,17,55,0.309,0.103,21,69,0.304,2020-21,Regular Season,Touch 6+ Seconds
1629659,Talen Horton-Tucker,1610612747,LAL,20.0,65,47,0.25,61,122,0.5,0.512,0.225,58,110,0.527,0.025,3,12,0.25,2020-21,Regular Season,Touch 6+ Seconds
203506,Victor Oladipo,1610612748,MIA,29.0,33,27,0.211,47,119,0.395,0.437,0.152,37,86,0.43,0.059,10,33,0.303,2020-21,Regular Season,Touch 6+ Seconds
1629134,Kendrick Nunn,1610612748,MIA,25.0,56,45,0.173,57,114,0.5,0.526,0.137,51,90,0.567,0.036,6,24,0.25,2020-21,Regular Season,Touch 6+ Seconds
202709,Cory Joseph,1610612765,DET,29.0,63,47,0.265,57,113,0.504,0.518,0.256,54,109,0.495,0.009,3,4,0.75,2020-21,Regular Season,Touch 6+ Seconds
1626145,Tyus Jones,1610612763,MEM,25.0,70,54,0.274,56,113,0.496,0.5,0.254,55,105,0.524,0.019,1,8,0.125,2020-21,Regular Season,Touch 6+ Seconds
1627741,Buddy Hield,1610612758,SAC,28.0,71,55,0.114,48,113,0.425,0.509,0.063,29,62,0.468,0.051,19,51,0.373,2020-21,Regular Season,Touch 6+ Seconds
1626166,Cameron Payne,1610612756,PHX,26.0,60,49,0.284,60,112,0.536,0.571,0.234,52,92,0.565,0.051,8,20,0.4,2020-21,Regular Season,Touch 6+ Seconds
1627759,Jaylen Brown,1610612738,BOS,24.0,58,49,0.096,52,107,0.486,0.533,0.074,42,82,0.512,0.023,10,25,0.4,2020-21,Regular Season,Touch 6+ Seconds
1628407,Dwayne Bacon,1610612753,ORL,25.0,72,52,0.148,49,107,0.458,0.509,0.12,38,87,0.437,0.028,11,20,0.55,2020-21,Regular Season,Touch 6+ Seconds
201988,Patty Mills,1610612759,SAS,32.0,68,48,0.172,45,105,0.429,0.514,0.083,27,51,0.529,0.088,18,54,0.333,2020-21,Regular Season,Touch 6+ Seconds
203076,Anthony Davis,1610612747,LAL,28.0,36,33,0.169,41,101,0.406,0.411,0.168,40,100,0.4,0.002,1,1,1.0,2020-21,Regular Season,Touch 6+ Seconds
1628366,Lonzo Ball,1610612740,NOP,23.0,55,44,0.143,43,100,0.43,0.51,0.096,27,67,0.403,0.047,16,33,0.485,2020-21,Regular Season,Touch 6+ Seconds
1630201,Malachi Flynn,1610612761,TOR,23.0,47,32,0.29,40,99,0.404,0.444,0.22,32,75,0.427,0.07,8,24,0.333,2020-21,Regular Season,Touch 6+ Seconds
1630178,Tyrese Maxey,1610612755,PHI,20.0,61,43,0.226,48,97,0.495,0.5,0.217,47,93,0.505,0.009,1,4,0.25,2020-21,Regular Season,Touch 6+ Seconds
1629638,Nickeil Alexander-Walker,1610612740,NOP,22.0,46,33,0.213,48,97,0.495,0.505,0.2,46,91,0.505,0.013,2,6,0.333,2020-21,Regular Season,Touch 6+ Seconds
201952,Jeff Teague,1610612749,MIL,33.0,55,44,0.343,41,97,0.423,0.433,0.318,39,90,0.433,0.025,2,7,0.286,2020-21,Regular Season,Touch 6+ Seconds
1628415,Dillon Brooks,1610612763,MEM,25.0,67,50,0.093,36,96,0.375,0.401,0.082,31,85,0.365,0.011,5,11,0.455,2020-21,Regular Season,Touch 6+ Seconds
202692,Alec Burks,1610612752,NYK,29.0,49,33,0.192,43,95,0.453,0.542,0.134,26,66,0.394,0.059,17,29,0.586,2020-21,Regular Season,Touch 6+ Seconds
203115,Will Barton,1610612743,DEN,30.0,56,44,0.157,31,95,0.326,0.363,0.127,24,77,0.312,0.03,7,18,0.389,2020-21,Regular Season,Touch 6+ Seconds
201937,Ricky Rubio,1610612750,MIN,30.0,68,53,0.189,36,94,0.383,0.394,0.173,34,86,0.395,0.016,2,8,0.25,2020-21,Regular Season,Touch 6+ Seconds
1627734,Domantas Sabonis,1610612754,IND,25.0,62,49,0.103,51,93,0.548,0.548,0.102,51,92,0.554,0.001,0,1,0.0,2020-21,Regular Season,Touch 6+ Seconds
1628389,Bam Adebayo,1610612748,MIA,23.0,64,45,0.115,45,92,0.489,0.489,0.114,45,91,0.495,0.001,0,1,0.0,2020-21,Regular Season,Touch 6+ Seconds
203954,Joel Embiid,1610612755,PHI,27.0,51,39,0.101,46,91,0.505,0.505,0.098,46,88,0.523,0.003,0,3,0.0,2020-21,Regular Season,Touch 6+ Seconds
1629018,Gary Trent Jr.,1610612761,TOR,22.0,58,41,0.113,32,89,0.36,0.416,0.073,22,57,0.386,0.041,10,32,0.313,2020-21,Regular Season,Touch 6+ Seconds
202711,Bojan Bogdanovic,1610612762,UTA,32.0,72,50,0.095,44,88,0.5,0.511,0.085,42,78,0.538,0.011,2,10,0.2,2020-21,Regular Season,Touch 6+ Seconds
201571,D.J. Augustin,1610612745,HOU,33.0,57,45,0.248,32,85,0.376,0.441,0.155,21,53,0.396,0.093,11,32,0.344,2020-21,Regular Season,Touch 6+ Seconds
202330,Gordon Hayward,1610612766,CHA,31.0,44,40,0.129,29,85,0.341,0.353,0.108,27,71,0.38,0.021,2,14,0.143,2020-21,Regular Season,Touch 6+ Seconds
203937,Kyle Anderson,1610612763,MEM,27.0,69,47,0.125,42,82,0.512,0.53,0.111,39,73,0.534,0.014,3,9,0.333,2020-21,Regular Season,Touch 6+ Seconds
200765,Rajon Rondo,1610612746,LAC,35.0,45,35,0.381,35,82,0.427,0.47,0.279,28,60,0.467,0.102,7,22,0.318,2020-21,Regular Season,Touch 6+ Seconds
1630240,Saben Lee,1610612765,DET,22.0,48,35,0.39,35,82,0.427,0.427,0.386,35,81,0.432,0.005,0,1,0.0,2020-21,Regular Season,Touch 6+ Seconds
1628401,Derrick White,1610612759,SAS,26.0,36,28,0.181,29,82,0.354,0.384,0.137,24,62,0.387,0.044,5,20,0.25,2020-21,Regular Season,Touch 6+ Seconds
202397,Ish Smith,1610612764,WAS,32.0,44,34,0.269,31,80,0.388,0.388,0.269,31,80,0.388,0.0,0,0,,2020-21,Regular Season,Touch 6+ Seconds
1630165,Killian Hayes,1610612765,DET,19.0,26,24,0.404,31,80,0.388,0.4,0.364,29,72,0.403,0.04,2,8,0.25,2020-21,Regular Season,Touch 6+ Seconds
1630184,Kira Lewis Jr.,1610612740,NOP,20.0,54,41,0.231,33,78,0.423,0.455,0.193,28,65,0.431,0.039,5,13,0.385,2020-21,Regular Season,Touch 6+ Seconds
1629652,Luguentz Dort,1610612760,OKC,22.0,52,31,0.119,29,76,0.382,0.414,0.096,24,61,0.393,0.024,5,15,0.333,2020-21,Regular Season,Touch 6+ Seconds
203932,Aaron Gordon,1610612743,DEN,25.0,50,35,0.15,31,75,0.413,0.44,0.118,27,59,0.458,0.032,4,16,0.25,2020-21,Regular Season,Touch 6+ Seconds
203487,Michael Carter-Williams,1610612753,ORL,29.0,31,26,0.278,30,75,0.4,0.407,0.27,29,73,0.397,0.007,1,2,0.5,2020-21,Regular Season,Touch 6+ Seconds
1630202,Payton Pritchard,1610612738,BOS,23.0,66,39,0.179,29,75,0.387,0.407,0.139,26,58,0.448,0.041,3,17,0.176,2020-21,Regular Season,Touch 6+ Seconds
1629647,Darius Bazley,1610612760,OKC,21.0,55,42,0.107,30,74,0.405,0.426,0.088,27,61,0.443,0.019,3,13,0.231,2020-21,Regular Season,Touch 6+ Seconds
1626196,Josh Richardson,1610612742,DAL,27.0,59,41,0.117,31,72,0.431,0.444,0.104,29,64,0.453,0.013,2,8,0.25,2020-21,Regular Season,Touch 6+ Seconds
203526,Raul Neto,1610612764,WAS,29.0,64,41,0.159,36,71,0.507,0.521,0.143,34,64,0.531,0.016,2,7,0.286,2020-21,Regular Season,Touch 6+ Seconds
1626181,Norman Powell,1610612757,POR,28.0,69,39,0.077,31,71,0.437,0.493,0.057,23,52,0.442,0.021,8,19,0.421,2020-21,Regular Season,Touch 6+ Seconds
203935,Marcus Smart,1610612738,BOS,27.0,48,33,0.137,34,70,0.486,0.5,0.122,32,62,0.516,0.016,2,8,0.25,2020-21,Regular Season,Touch 6+ Seconds
203924,Jerami Grant,1610612765,DET,27.0,54,40,0.076,24,70,0.343,0.343,0.073,24,67,0.358,0.003,0,3,0.0,2020-21,Regular Season,Touch 6+ Seconds
1628420,Monte Morris,1610612743,DEN,26.0,47,35,0.181,42,69,0.609,0.63,0.157,39,60,0.65,0.024,3,9,0.333,2020-21,Regular Season,Touch 6+ Seconds
1628977,Hamidou Diallo,1610612765,DET,22.0,52,36,0.143,28,67,0.418,0.418,0.143,28,67,0.418,0.0,0,0,,2020-21,Regular Season,Touch 6+ Seconds
1626184,Chasson Randle,1610612753,ORL,28.0,41,33,0.283,26,67,0.388,0.448,0.177,18,42,0.429,0.105,8,25,0.32,2020-21,Regular Season,Touch 6+ Seconds
1628989,Kevin Huerter,1610612737,ATL,22.0,69,35,0.09,28,66,0.424,0.447,0.067,25,49,0.51,0.023,3,17,0.176,2020-21,Regular Season,Touch 6+ Seconds
1628367,Josh Jackson,1610612765,DET,24.0,62,39,0.094,28,66,0.424,0.424,0.09,28,63,0.444,0.004,0,3,0.0,2020-21,Regular Season,Touch 6+ Seconds
200752,Rudy Gay,1610612759,SAS,34.0,63,38,0.104,32,65,0.492,0.515,0.096,29,60,0.483,0.008,3,5,0.6,2020-21,Regular Season,Touch 6+ Seconds
203084,Harrison Barnes,1610612758,SAC,29.0,58,34,0.1,27,64,0.422,0.438,0.087,25,56,0.446,0.012,2,8,0.25,2020-21,Regular Season,Touch 6+ Seconds
203501,Tim Hardaway Jr.,1610612742,DAL,29.0,70,37,0.068,28,62,0.452,0.516,0.046,20,42,0.476,0.022,8,20,0.4,2020-21,Regular Season,Touch 6+ Seconds
1628398,Kyle Kuzma,1610612747,LAL,25.0,68,35,0.081,24,61,0.393,0.426,0.068,20,51,0.392,0.013,4,10,0.4,2020-21,Regular Season,Touch 6+ Seconds
203504,Trey Burke,1610612742,DAL,28.0,62,27,0.17,35,60,0.583,0.6,0.161,33,57,0.579,0.008,2,3,0.667,2020-21,Regular Season,Touch 6+ Seconds
1626149,Montrezl Harrell,1610612747,LAL,27.0,69,36,0.101,23,60,0.383,0.383,0.101,23,60,0.383,0.0,0,0,,2020-21,Regular Season,Touch 6+ Seconds
1629660,Ty Jerome,1610612760,OKC,23.0,33,26,0.206,27,59,0.458,0.492,0.15,23,43,0.535,0.056,4,16,0.25,2020-21,Regular Season,Touch 6+ Seconds
201569,Eric Gordon,1610612745,HOU,32.0,27,22,0.165,26,59,0.441,0.492,0.126,20,45,0.444,0.039,6,14,0.429,2020-21,Regular Season,Touch 6+ Seconds
201933,Blake Griffin,1610612751,BKN,32.0,46,28,0.145,23,59,0.39,0.432,0.108,18,44,0.409,0.037,5,15,0.333,2020-21,Regular Season,Touch 6+ Seconds
203992,Bogdan Bogdanović,1610612737,ATL,28.0,44,31,0.104,22,59,0.373,0.398,0.078,19,44,0.432,0.027,3,15,0.2,2020-21,Regular Season,Touch 6+ Seconds
203095,Evan Fournier,1610612738,BOS,28.0,42,25,0.109,18,59,0.305,0.331,0.079,15,43,0.349,0.03,3,16,0.188,2020-21,Regular Season,Touch 6+ Seconds
203082,Terrence Ross,1610612753,ORL,30.0,46,30,0.096,17,59,0.288,0.297,0.083,16,51,0.314,0.013,1,8,0.125,2020-21,Regular Season,Touch 6+ Seconds
1629001,De'Anthony Melton,1610612763,MEM,23.0,52,37,0.148,31,58,0.534,0.595,0.104,24,41,0.585,0.043,7,17,0.412,2020-21,Regular Season,Touch 6+ Seconds
1628978,Donte DiVincenzo,1610612749,MIL,24.0,66,34,0.095,18,57,0.316,0.421,0.045,6,27,0.222,0.05,12,30,0.4,2020-21,Regular Season,Touch 6+ Seconds
203107,Tomas Satoransky,1610612741,CHI,29.0,58,32,0.168,29,55,0.527,0.527,0.156,29,51,0.569,0.012,0,4,0.0,2020-21,Regular Season,Touch 6+ Seconds
1629611,Terance Mann,1610612746,LAC,24.0,67,33,0.16,23,55,0.418,0.445,0.145,20,50,0.4,0.015,3,5,0.6,2020-21,Regular Season,Touch 6+ Seconds
1628365,Markelle Fultz,1610612753,ORL,23.0,8,7,0.519,23,54,0.426,0.444,0.442,21,46,0.457,0.077,2,8,0.25,2020-21,Regular Season,Touch 6+ Seconds
1629164,Brandon Goodwin,1610612737,ATL,25.0,47,30,0.243,21,54,0.389,0.426,0.207,17,46,0.37,0.036,4,8,0.5,2020-21,Regular Season,Touch 6+ Seconds
202696,Nikola Vucevic,1610612741,CHI,30.0,70,35,0.037,25,52,0.481,0.481,0.037,25,52,0.481,0.0,0,0,,2020-21,Regular Season,Touch 6+ Seconds
202954,Brad Wanamaker,1610612766,CHA,31.0,61,32,0.176,20,52,0.385,0.394,0.156,19,46,0.413,0.02,1,6,0.167,2020-21,Regular Season,Touch 6+ Seconds
1628372,Dennis Smith Jr.,1610612765,DET,23.0,23,21,0.352,23,51,0.451,0.52,0.262,16,38,0.421,0.09,7,13,0.538,2020-21,Regular Season,Touch 6+ Seconds
1628408,PJ Dozier,1610612743,DEN,24.0,50,32,0.145,22,51,0.431,0.451,0.128,20,45,0.444,0.017,2,6,0.333,2020-21,Regular Season,Touch 6+ Seconds
1626224,Cedi Osman,1610612739,CLE,26.0,59,28,0.089,14,51,0.275,0.294,0.071,12,41,0.293,0.017,2,10,0.2,2020-21,Regular Season,Touch 6+ Seconds
203085,Austin Rivers,1610612743,DEN,28.0,36,24,0.204,21,50,0.42,0.5,0.131,13,32,0.406,0.073,8,18,0.444,2020-21,Regular Season,Touch 6+ Seconds
1630267,Facundo Campazzo,1610612743,DEN,30.0,65,28,0.159,19,50,0.38,0.45,0.089,12,28,0.429,0.07,7,22,0.318,2020-21,Regular Season,Touch 6+ Seconds
1626157,Karl-Anthony Towns,1610612750,MIN,25.0,50,31,0.057,17,50,0.34,0.35,0.053,16,46,0.348,0.005,1,4,0.25,2020-21,Regular Season,Touch 6+ Seconds
1630181,R.J. Hampton,1610612753,ORL,20.0,51,24,0.153,22,48,0.458,0.458,0.147,22,46,0.478,0.006,0,2,0.0,2020-21,Regular Season,Touch 6+ Seconds
1629673,Jordan Poole,1610612744,GSW,22.0,51,32,0.101,22,48,0.458,0.5,0.08,18,38,0.474,0.021,4,10,0.4,2020-21,Regular Season,Touch 6+ Seconds
202694,Marcus Morris Sr.,1610612746,LAC,31.0,57,36,0.082,13,48,0.271,0.271,0.077,13,45,0.289,0.005,0,3,0.0,2020-21,Regular Season,Touch 6+ Seconds
1626174,Christian Wood,1610612745,HOU,25.0,41,27,0.073,24,47,0.511,0.532,0.064,22,41,0.537,0.009,2,6,0.333,2020-21,Regular Season,Touch 6+ Seconds
1629022,Lonnie Walker IV,1610612759,SAS,22.0,60,29,0.076,20,46,0.435,0.446,0.059,19,36,0.528,0.016,1,10,0.1,2020-21,Regular Season,Touch 6+ Seconds
201568,Danilo Gallinari,1610612737,ATL,32.0,51,28,0.097,19,46,0.413,0.446,0.081,16,38,0.421,0.017,3,8,0.375,2020-21,Regular Season,Touch 6+ Seconds
1630256,Jae'Sean Tate,1610612745,HOU,25.0,70,28,0.074,18,46,0.391,0.402,0.073,17,45,0.378,0.002,1,1,1.0,2020-21,Regular Season,Touch 6+ Seconds
1628422,Damyean Dotson,1610612739,CLE,27.0,46,24,0.158,18,46,0.391,0.413,0.117,16,34,0.471,0.041,2,12,0.167,2020-21,Regular Season,Touch 6+ Seconds
1629162,Jordan McLaughlin,1610612750,MIN,25.0,51,27,0.178,20,43,0.465,0.488,0.157,18,38,0.474,0.021,2,5,0.4,2020-21,Regular Season,Touch 6+ Seconds
1628379,Luke Kennard,1610612746,LAC,25.0,63,29,0.106,18,43,0.419,0.5,0.084,11,34,0.324,0.022,7,9,0.778,2020-21,Regular Season,Touch 6+ Seconds
1629216,Gabe Vincent,1610612748,MIA,25.0,50,17,0.185,17,43,0.395,0.453,0.12,12,28,0.429,0.064,5,15,0.333,2020-21,Regular Season,Touch 6+ Seconds
1629026,Kenrich Williams,1610612760,OKC,26.0,66,33,0.102,20,42,0.476,0.476,0.1,20,41,0.488,0.002,0,1,0.0,2020-21,Regular Season,Touch 6+ Seconds
1629004,Svi Mykhailiuk,1610612760,OKC,24.0,66,27,0.083,19,42,0.452,0.5,0.063,15,32,0.469,0.02,4,10,0.4,2020-21,Regular Season,Touch 6+ Seconds
1627936,Alex Caruso,1610612747,LAL,27.0,58,26,0.14,18,42,0.429,0.429,0.134,18,40,0.45,0.007,0,2,0.0,2020-21,Regular Season,Touch 6+ Seconds
203552,Seth Curry,1610612755,PHI,30.0,57,30,0.076,17,42,0.405,0.476,0.053,11,29,0.379,0.024,6,13,0.462,2020-21,Regular Season,Touch 6+ Seconds
1628455,Mike James,1610612751,BKN,30.0,13,11,0.457,15,42,0.357,0.405,0.348,11,32,0.344,0.109,4,10,0.4,2020-21,Regular Season,Touch 6+ Seconds
1630197,Aleksej Pokusevski,1610612760,OKC,19.0,45,23,0.105,11,42,0.262,0.262,0.093,11,37,0.297,0.013,0,5,0.0,2020-21,Regular Season,Touch 6+ Seconds
1629669,Jaylen Nowell,1610612750,MIN,21.0,42,21,0.122,22,41,0.537,0.622,0.072,15,24,0.625,0.051,7,17,0.412,2020-21,Regular Season,Touch 6+ Seconds
1628384,OG Anunoby,1610612761,TOR,23.0,43,27,0.079,18,41,0.439,0.451,0.075,17,39,0.436,0.004,1,2,0.5,2020-21,Regular Season,Touch 6+ Seconds
1628370,Malik Monk,1610612766,CHA,23.0,42,23,0.103,17,41,0.415,0.476,0.07,12,28,0.429,0.033,5,13,0.385,2020-21,Regular Season,Touch 6+ Seconds
203918,Rodney Hood,1610612761,TOR,28.0,55,23,0.154,15,40,0.375,0.425,0.119,11,31,0.355,0.035,4,9,0.444,2020-21,Regular Season,Touch 6+ Seconds
203087,Jeremy Lamb,1610612754,IND,29.0,36,25,0.138,16,38,0.421,0.434,0.116,15,32,0.469,0.022,1,6,0.167,2020-21,Regular Season,Touch 6+ Seconds
1630171,Isaac Okoro,1610612739,CLE,20.0,67,21,0.069,7,38,0.184,0.184,0.055,7,30,0.233,0.015,0,8,0.0,2020-21,Regular Season,Touch 6+ Seconds
1628988,Aaron Holiday,1610612754,IND,24.0,66,25,0.082,10,36,0.278,0.292,0.062,9,27,0.333,0.021,1,9,0.111,2020-21,Regular Season,Touch 6+ Seconds
201152,Thaddeus Young,1610612741,CHI,33.0,68,29,0.053,19,35,0.543,0.543,0.053,19,35,0.543,0.0,0,0,,2020-21,Regular Season,Touch 6+ Seconds
201143,Al Horford,1610612738,BOS,35.0,28,21,0.097,14,35,0.4,0.414,0.092,13,33,0.394,0.006,1,2,0.5,2020-21,Regular Season,Touch 6+ Seconds
1629056,Terence Davis,1610612758,SAC,24.0,61,25,0.077,13,35,0.371,0.414,0.048,10,22,0.455,0.029,3,13,0.231,2020-21,Regular Season,Touch 6+ Seconds
201588,George Hill,1610612755,PHI,35.0,30,19,0.178,13,35,0.371,0.386,0.157,12,31,0.387,0.02,1,4,0.25,2020-21,Regular Season,Touch 6+ Seconds
1629640,Keldon Johnson,1610612759,SAS,21.0,69,20,0.047,12,33,0.364,0.379,0.043,11,30,0.367,0.004,1,3,0.333,2020-21,Regular Season,Touch 6+ Seconds
1629672,Eric Paschall,1610612744,GSW,24.0,40,24,0.11,20,32,0.625,0.625,0.11,20,32,0.625,0.0,0,0,,2020-21,Regular Season,Touch 6+ Seconds
1629060,Rui Hachimura,1610612764,WAS,23.0,57,20,0.049,16,32,0.5,0.5,0.049,16,32,0.5,0.0,0,0,,2020-21,Regular Season,Touch 6+ Seconds
1629008,Michael Porter Jr.,1610612743,DEN,23.0,61,25,0.039,12,32,0.375,0.438,0.026,8,21,0.381,0.014,4,11,0.364,2020-21,Regular Season,Touch 6+ Seconds
203083,Andre Drummond,1610612747,LAL,27.0,46,18,0.056,12,31,0.387,0.387,0.056,12,31,0.387,0.0,0,0,,2020-21,Regular Season,Touch 6+ Seconds
1627756,Denzel Valentine,1610612741,CHI,27.0,62,21,0.075,12,31,0.387,0.452,0.053,8,22,0.364,0.022,4,9,0.444,2020-21,Regular Season,Touch 6+ Seconds
201949,James Johnson,1610612740,NOP,34.0,51,19,0.092,16,30,0.533,0.55,0.089,15,29,0.517,0.003,1,1,1.0,2020-21,Regular Season,Touch 6+ Seconds
1629643,Chuma Okeke,1610612753,ORL,22.0,45,20,0.093,14,30,0.467,0.483,0.083,13,27,0.481,0.009,1,3,0.333,2020-21,Regular Season,Touch 6+ Seconds
1626188,Quinn Cook,1610612739,CLE,28.0,23,14,0.426,14,29,0.483,0.552,0.324,10,22,0.455,0.103,4,7,0.571,2020-21,Regular Season,Touch 6+ Seconds
1629682,Tremont Waters,1610612738,BOS,23.0,26,15,0.345,12,29,0.414,0.534,0.214,5,18,0.278,0.131,7,11,0.636,2020-21,Regular Season,Touch 6+ Seconds
203110,Draymond Green,1610612744,GSW,31.0,63,24,0.074,13,28,0.464,0.464,0.068,13,26,0.5,0.005,0,2,0.0,2020-21,Regular Season,Touch 6+ Seconds
1629676,Isaiah Roby,1610612760,OKC,23.0,61,21,0.066,9,28,0.321,0.321,0.059,9,25,0.36,0.007,0,3,0.0,2020-21,Regular Season,Touch 6+ Seconds
1629185,Chris Chiozza,1610612751,BKN,25.0,22,11,0.315,7,28,0.25,0.321,0.191,3,17,0.176,0.124,4,11,0.364,2020-21,Regular Season,Touch 6+ Seconds
1627788,Furkan Korkmaz,1610612755,PHI,23.0,55,21,0.066,7,28,0.25,0.268,0.047,6,20,0.3,0.019,1,8,0.125,2020-21,Regular Season,Touch 6+ Seconds
1628970,Miles Bridges,1610612766,CHA,23.0,66,14,0.042,11,26,0.423,0.481,0.024,8,15,0.533,0.018,3,11,0.273,2020-21,Regular Season,Touch 6+ Seconds
201145,Jeff Green,1610612751,BKN,34.0,68,21,0.049,10,26,0.385,0.404,0.042,9,22,0.409,0.008,1,4,0.25,2020-21,Regular Season,Touch 6+ Seconds
1630210,Markus Howard,1610612743,DEN,22.0,37,15,0.245,9,26,0.346,0.385,0.123,7,13,0.538,0.123,2,13,0.154,2020-21,Regular Season,Touch 6+ Seconds
1630180,Saddiq Bey,1610612765,DET,22.0,70,20,0.038,6,26,0.231,0.25,0.033,5,23,0.217,0.004,1,3,0.333,2020-21,Regular Season,Touch 6+ Seconds
202685,Jonas Valančiūnas,1610612763,MEM,29.0,62,18,0.034,11,25,0.44,0.44,0.034,11,25,0.44,0.0,0,0,,2020-21,Regular Season,Touch 6+ Seconds
1628960,Grayson Allen,1610612763,MEM,25.0,50,21,0.06,9,25,0.36,0.38,0.051,8,21,0.381,0.01,1,4,0.25,2020-21,Regular Season,Touch 6+ Seconds
1626162,Kelly Oubre Jr.,1610612744,GSW,25.0,55,17,0.035,9,25,0.36,0.38,0.029,8,21,0.381,0.006,1,4,0.25,2020-21,Regular Season,Touch 6+ Seconds
1626159,Justise Winslow,1610612763,MEM,25.0,26,14,0.119,5,25,0.2,0.2,0.119,5,25,0.2,0.0,0,0,,2020-21,Regular Season,Touch 6+ Seconds
200794,Paul Millsap,1610612743,DEN,36.0,56,20,0.061,14,24,0.583,0.583,0.061,14,24,0.583,0.0,0,0,,2020-21,Regular Season,Touch 6+ Seconds
1630200,Tre Jones,1610612759,SAS,21.0,37,14,0.308,9,24,0.375,0.396,0.295,8,23,0.348,0.013,1,1,1.0,2020-21,Regular Season,Touch 6+ Seconds
1630235,Trent Forrest,1610612762,UTA,23.0,30,16,0.324,15,23,0.652,0.652,0.296,15,21,0.714,0.028,0,2,0.0,2020-21,Regular Season,Touch 6+ Seconds
203914,Gary Harris,1610612753,ORL,26.0,39,16,0.068,7,23,0.304,0.304,0.059,7,20,0.35,0.009,0,3,0.0,2020-21,Regular Season,Touch 6+ Seconds
1628963,Marvin Bagley III,1610612758,SAC,22.0,43,20,0.047,5,23,0.217,0.217,0.047,5,23,0.217,0.0,0,0,,2020-21,Regular Season,Touch 6+ Seconds
203486,Mason Plumlee,1610612765,DET,31.0,56,19,0.058,10,22,0.455,0.455,0.058,10,22,0.455,0.0,0,0,,2020-21,Regular Season,Touch 6+ Seconds
1629013,Landry Shamet,1610612751,BKN,24.0,61,18,0.048,9,22,0.409,0.455,0.029,7,13,0.538,0.02,2,9,0.222,2020-21,Regular Season,Touch 6+ Seconds
203145,Kent Bazemore,1610612744,GSW,31.0,67,19,0.057,9,22,0.409,0.432,0.049,8,19,0.421,0.008,1,3,0.333,2020-21,Regular Season,Touch 6+ Seconds
202683,Enes Freedom,1610612757,POR,29.0,72,20,0.037,10,21,0.476,0.476,0.037,10,21,0.476,0.0,0,0,,2020-21,Regular Season,Touch 6+ Seconds
1630222,Mason Jones,1610612755,PHI,22.0,32,13,0.172,6,21,0.286,0.31,0.107,5,13,0.385,0.066,1,8,0.125,2020-21,Regular Season,Touch 6+ Seconds
1630217,Desmond Bane,1610612763,MEM,23.0,68,18,0.04,9,20,0.45,0.5,0.034,7,17,0.412,0.006,2,3,0.667,2020-21,Regular Season,Touch 6+ Seconds
202684,Tristan Thompson,1610612738,BOS,30.0,54,17,0.061,9,20,0.45,0.45,0.061,9,20,0.45,0.0,0,0,,2020-21,Regular Season,Touch 6+ Seconds
1627761,DeAndre' Bembry,1610612761,TOR,26.0,51,11,0.083,11,19,0.579,0.605,0.079,10,18,0.556,0.004,1,1,1.0,2020-21,Regular Season,Touch 6+ Seconds
1627863,Danuel House Jr.,1610612745,HOU,28.0,36,15,0.07,7,19,0.368,0.447,0.033,4,9,0.444,0.037,3,10,0.3,2020-21,Regular Season,Touch 6+ Seconds
201976,Patrick Beverley,1610612746,LAC,32.0,37,15,0.088,6,19,0.316,0.342,0.069,5,15,0.333,0.019,1,4,0.25,2020-21,Regular Season,Touch 6+ Seconds
203482,Kelly Olynyk,1610612745,HOU,30.0,70,15,0.027,5,19,0.263,0.263,0.027,5,19,0.263,0.0,0,0,,2020-21,Regular Season,Touch 6+ Seconds
1628402,Frank Jackson,1610612765,DET,23.0,40,17,0.065,2,19,0.105,0.105,0.055,2,16,0.125,0.01,0,3,0.0,2020-21,Regular Season,Touch 6+ Seconds
1627736,Malik Beasley,1610612750,MIN,24.0,37,15,0.03,6,18,0.333,0.361,0.027,5,16,0.313,0.003,1,2,0.5,2020-21,Regular Season,Touch 6+ Seconds
201577,Robin Lopez,1610612764,WAS,33.0,71,15,0.04,11,17,0.647,0.647,0.04,11,17,0.647,0.0,0,0,,2020-21,Regular Season,Touch 6+ Seconds
1630230,Naji Marshall,1610612740,NOP,23.0,32,12,0.082,6,17,0.353,0.353,0.082,6,17,0.353,0.0,0,0,,2020-21,Regular Season,Touch 6+ Seconds
203648,Thanasis Antetokounmpo,1610612749,MIL,28.0,57,9,0.117,7,16,0.438,0.469,0.102,6,14,0.429,0.015,1,2,0.5,2020-21,Regular Season,Touch 6+ Seconds
1628410,Edmond Sumner,1610612754,IND,25.0,53,15,0.057,6,16,0.375,0.375,0.053,6,15,0.4,0.004,0,1,0.0,2020-21,Regular Season,Touch 6+ Seconds
1630185,Nico Mannion,1610612744,GSW,20.0,30,10,0.144,4,16,0.25,0.25,0.117,4,13,0.308,0.027,0,3,0.0,2020-21,Regular Season,Touch 6+ Seconds
1629633,Jarrett Culver,1610612750,MIN,22.0,34,13,0.095,4,16,0.25,0.25,0.089,4,15,0.267,0.006,0,1,0.0,2020-21,Regular Season,Touch 6+ Seconds
1628998,Cody Martin,1610612766,CHA,25.0,52,13,0.08,6,15,0.4,0.4,0.074,6,14,0.429,0.005,0,1,0.0,2020-21,Regular Season,Touch 6+ Seconds
1628425,Sterling Brown,1610612745,HOU,26.0,51,13,0.046,4,15,0.267,0.3,0.033,3,11,0.273,0.012,1,4,0.25,2020-21,Regular Season,Touch 6+ Seconds
1626171,Bobby Portis,1610612749,MIL,26.0,66,15,0.025,3,15,0.2,0.2,0.025,3,15,0.2,0.0,0,0,,2020-21,Regular Season,Touch 6+ Seconds
1630219,Skylar Mays,1610612737,ATL,23.0,33,10,0.143,9,14,0.643,0.643,0.143,9,14,0.643,0.0,0,0,,2020-21,Regular Season,Touch 6+ Seconds
202734,E'Twaun Moore,1610612756,PHX,32.0,27,10,0.116,6,14,0.429,0.429,0.107,6,13,0.462,0.008,0,1,0.0,2020-21,Regular Season,Touch 6+ Seconds
202066,Garrett Temple,1610612741,CHI,35.0,56,13,0.037,6,14,0.429,0.5,0.026,4,10,0.4,0.01,2,4,0.5,2020-21,Regular Season,Touch 6+ Seconds
1629670,Jordan Nwora,1610612749,MIL,22.0,30,9,0.104,5,14,0.357,0.429,0.081,3,11,0.273,0.022,2,3,0.667,2020-21,Regular Season,Touch 6+ Seconds
1629631,De'Andre Hunter,1610612737,ATL,23.0,23,11,0.056,5,14,0.357,0.357,0.052,5,13,0.385,0.004,0,1,0.0,2020-21,Regular Season,Touch 6+ Seconds
201580,JaVale McGee,1610612743,DEN,33.0,46,13,0.047,8,13,0.615,0.615,0.047,8,13,0.615,0.0,0,0,,2020-21,Regular Season,Touch 6+ Seconds
202326,DeMarcus Cousins,1610612746,LAC,30.0,41,11,0.045,6,13,0.462,0.462,0.045,6,13,0.462,0.0,0,0,,2020-21,Regular Season,Touch 6+ Seconds
1628975,Jevon Carter,1610612756,PHX,25.0,60,10,0.059,5,13,0.385,0.385,0.05,5,11,0.455,0.009,0,2,0.0,2020-21,Regular Season,Touch 6+ Seconds
1627812,Yogi Ferrell,1610612746,LAC,28.0,10,5,0.245,4,13,0.308,0.346,0.17,3,9,0.333,0.075,1,4,0.25,2020-21,Regular Season,Touch 6+ Seconds
1627885,Shaquille Harrison,1610612743,DEN,27.0,34,11,0.173,4,13,0.308,0.308,0.147,4,11,0.364,0.027,0,2,0.0,2020-21,Regular Season,Touch 6+ Seconds
1627752,Taurean Prince,1610612739,CLE,27.0,41,9,0.04,4,13,0.308,0.385,0.022,2,7,0.286,0.019,2,6,0.333,2020-21,Regular Season,Touch 6+ Seconds
1629642,Nassir Little,1610612757,POR,21.0,48,8,0.078,4,13,0.308,0.385,0.042,2,7,0.286,0.036,2,6,0.333,2020-21,Regular Season,Touch 6+ Seconds
1629629,Cam Reddish,1610612737,ATL,21.0,26,11,0.049,2,13,0.154,0.192,0.038,1,10,0.1,0.011,1,3,0.333,2020-21,Regular Season,Touch 6+ Seconds
1626169,Stanley Johnson,1610612761,TOR,25.0,61,7,0.056,1,13,0.077,0.077,0.052,1,12,0.083,0.004,0,1,0.0,2020-21,Regular Season,Touch 6+ Seconds
1628969,Mikal Bridges,1610612756,PHX,24.0,72,12,0.018,7,12,0.583,0.625,0.017,6,11,0.545,0.002,1,1,1.0,2020-21,Regular Season,Touch 6+ Seconds
1628997,Caleb Martin,1610612766,CHA,25.0,53,12,0.047,5,12,0.417,0.417,0.047,5,12,0.417,0.0,0,0,,2020-21,Regular Season,Touch 6+ Seconds
1628404,Josh Hart,1610612740,NOP,26.0,47,12,0.035,5,12,0.417,0.417,0.035,5,12,0.417,0.0,0,0,,2020-21,Regular Season,Touch 6+ Seconds
1628971,Bruce Brown,1610612751,BKN,24.0,65,9,0.028,4,12,0.333,0.333,0.028,4,12,0.333,0.0,0,0,,2020-21,Regular Season,Touch 6+ Seconds
1630271,Brodric Thomas,1610612739,CLE,24.0,32,11,0.111,2,12,0.167,0.167,0.074,2,8,0.25,0.037,0,4,0.0,2020-21,Regular Season,Touch 6+ Seconds
1629035,Carsen Edwards,1610612738,BOS,23.0,31,9,0.099,6,11,0.545,0.636,0.072,4,8,0.5,0.027,2,3,0.667,2020-21,Regular Season,Touch 6+ Seconds
1630172,Patrick Williams,1610612741,CHI,19.0,71,10,0.021,6,11,0.545,0.545,0.021,6,11,0.545,0.0,0,0,,2020-21,Regular Season,Touch 6+ Seconds
1626143,Jahlil Okafor,1610612765,DET,25.0,27,8,0.109,4,11,0.364,0.364,0.109,4,11,0.364,0.0,0,0,,2020-21,Regular Season,Touch 6+ Seconds
1629725,Jeremiah Martin,1610612739,CLE,25.0,9,5,0.333,3,11,0.273,0.318,0.212,2,7,0.286,0.121,1,4,0.25,2020-21,Regular Season,Touch 6+ Seconds
1629648,Jordan Bone,1610612753,ORL,23.0,14,6,0.185,6,10,0.6,0.65,0.13,5,7,0.714,0.056,1,3,0.333,2020-21,Regular Season,Touch 6+ Seconds
1630166,Deni Avdija,1610612764,WAS,20.0,54,9,0.032,5,10,0.5,0.5,0.032,5,10,0.5,0.0,0,0,,2020-21,Regular Season,Touch 6+ Seconds
1629675,Naz Reid,1610612750,MIN,21.0,70,9,0.017,5,10,0.5,0.5,0.017,5,10,0.5,0.0,0,0,,2020-21,Regular Season,Touch 6+ Seconds
202340,Avery Bradley,1610612745,HOU,30.0,27,7,0.058,4,10,0.4,0.45,0.035,3,6,0.5,0.023,1,4,0.25,2020-21,Regular Season,Touch 6+ Seconds
1627789,Timothe Luwawu-Cabarrot,1610612751,BKN,26.0,58,8,0.028,4,10,0.4,0.4,0.025,4,9,0.444,0.003,0,1,0.0,2020-21,Regular Season,Touch 6+ Seconds
1630170,Devin Vassell,1610612759,SAS,20.0,62,8,0.033,4,10,0.4,0.4,0.033,4,10,0.4,0.0,0,0,,2020-21,Regular Season,Touch 6+ Seconds
1628412,Frank Mason III,1610612753,ORL,27.0,4,3,0.417,3,10,0.3,0.3,0.333,3,8,0.375,0.083,0,2,0.0,2020-21,Regular Season,Touch 6+ Seconds
1629657,Kyle Guy,1610612758,SAC,23.0,31,7,0.114,1,10,0.1,0.1,0.091,1,8,0.125,0.023,0,2,0.0,2020-21,Regular Season,Touch 6+ Seconds
203994,Jusuf Nurkić,1610612757,POR,26.0,37,7,0.03,1,10,0.1,0.1,0.03,1,10,0.1,0.0,0,0,,2020-21,Regular Season,Touch 6+ Seconds
204001,Kristaps Porziņģis,1610612742,DAL,25.0,43,7,0.013,5,9,0.556,0.556,0.013,5,9,0.556,0.0,0,0,,2020-21,Regular Season,Touch 6+ Seconds
1628385,Harry Giles III,1610612757,POR,23.0,38,9,0.093,4,9,0.444,0.444,0.093,4,9,0.444,0.0,0,0,,2020-21,Regular Season,Touch 6+ Seconds
1628373,Frank Ntilikina,1610612752,NYK,22.0,33,8,0.114,4,9,0.444,0.5,0.101,3,8,0.375,0.013,1,1,1.0,2020-21,Regular Season,Touch 6+ Seconds
1628470,Torrey Craig,1610612756,PHX,30.0,50,8,0.04,4,9,0.444,0.444,0.04,4,9,0.444,0.0,0,0,,2020-21,Regular Season,Touch 6+ Seconds
1628382,Justin Jackson,1610612749,MIL,26.0,34,8,0.041,4,9,0.444,0.611,0.018,1,4,0.25,0.023,3,5,0.6,2020-21,Regular Season,Touch 6+ Seconds
1629017,Khyri Thomas,1610612745,HOU,25.0,5,2,0.136,3,9,0.333,0.333,0.091,3,6,0.5,0.045,0,3,0.0,2020-21,Regular Season,Touch 6+ Seconds
1630167,Obi Toppin,1610612752,NYK,23.0,62,6,0.039,5,8,0.625,0.625,0.039,5,8,0.625,0.0,0,0,,2020-21,Regular Season,Touch 6+ Seconds
1630223,Jalen Harris,1610612761,TOR,22.0,13,4,0.111,5,8,0.625,0.688,0.083,4,6,0.667,0.028,1,2,0.5,2020-21,Regular Season,Touch 6+ Seconds
203516,James Ennis III,1610612753,ORL,30.0,41,8,0.033,4,8,0.5,0.563,0.025,3,6,0.5,0.008,1,2,0.5,2020-21,Regular Season,Touch 6+ Seconds
1629663,Louis King,1610612758,SAC,22.0,6,2,0.235,4,8,0.5,0.563,0.176,3,6,0.5,0.059,1,2,0.5,2020-21,Regular Season,Touch 6+ Seconds
203490,Otto Porter Jr.,1610612753,ORL,28.0,28,6,0.035,4,8,0.5,0.5,0.031,4,7,0.571,0.004,0,1,0.0,2020-21,Regular Season,Touch 6+ Seconds
1629006,Josh Okogie,1610612750,MIN,22.0,59,8,0.031,3,8,0.375,0.375,0.031,3,8,0.375,0.0,0,0,,2020-21,Regular Season,Touch 6+ Seconds
202329,Al-Farouq Aminu,1610612741,CHI,30.0,23,7,0.081,3,8,0.375,0.375,0.081,3,8,0.375,0.0,0,0,,2020-21,Regular Season,Touch 6+ Seconds
203503,Tony Snell,1610612737,ATL,29.0,47,7,0.047,3,8,0.375,0.375,0.047,3,8,0.375,0.0,0,0,,2020-21,Regular Season,Touch 6+ Seconds
1630216,Cassius Winston,1610612764,WAS,23.0,22,7,0.242,2,8,0.25,0.25,0.212,2,7,0.286,0.03,0,1,0.0,2020-21,Regular Season,Touch 6+ Seconds
1630466,Gabriel Deck,1610612760,OKC,26.0,10,6,0.108,6,7,0.857,0.857,0.108,6,7,0.857,0.0,0,0,,2020-21,Regular Season,Touch 6+ Seconds
1629677,Luka Samanic,1610612759,SAS,21.0,33,7,0.067,5,7,0.714,0.714,0.067,5,7,0.714,0.0,0,0,,2020-21,Regular Season,Touch 6+ Seconds
203200,Justin Holiday,1610612754,IND,32.0,72,7,0.011,4,7,0.571,0.643,0.006,3,4,0.75,0.005,1,3,0.333,2020-21,Regular Season,Touch 6+ Seconds
1629023,P.J. Washington,1610612766,CHA,22.0,64,7,0.01,3,7,0.429,0.5,0.009,2,6,0.333,0.001,1,1,1.0,2020-21,Regular Season,Touch 6+ Seconds
1626167,Myles Turner,1610612754,IND,25.0,47,6,0.016,3,7,0.429,0.429,0.016,3,7,0.429,0.0,0,0,,2020-21,Regular Season,Touch 6+ Seconds
1629010,Jerome Robinson,1610612764,WAS,24.0,17,4,0.074,3,7,0.429,0.429,0.074,3,7,0.429,0.0,0,0,,2020-21,Regular Season,Touch 6+ Seconds
1630241,Sam Merrill,1610612749,MIL,25.0,30,5,0.097,3,7,0.429,0.5,0.083,2,6,0.333,0.014,1,1,1.0,2020-21,Regular Season,Touch 6+ Seconds
203500,Steven Adams,1610612740,NOP,27.0,58,7,0.023,3,7,0.429,0.429,0.023,3,7,0.429,0.0,0,0,,2020-21,Regular Season,Touch 6+ Seconds
202693,Markieff Morris,1610612747,LAL,31.0,61,7,0.019,3,7,0.429,0.429,0.019,3,7,0.429,0.0,0,0,,2020-21,Regular Season,Touch 6+ Seconds
1629103,Kelan Martin,1610612754,IND,25.0,35,6,0.051,3,7,0.429,0.5,0.043,2,6,0.333,0.007,1,1,1.0,2020-21,Regular Season,Touch 6+ Seconds
1629684,Grant Williams,1610612738,BOS,22.0,63,7,0.028,2,7,0.286,0.286,0.028,2,7,0.286,0.0,0,0,,2020-21,Regular Season,Touch 6+ Seconds
201572,Brook Lopez,1610612749,MIL,33.0,70,5,0.011,2,7,0.286,0.286,0.011,2,7,0.286,0.0,0,0,,2020-21,Regular Season,Touch 6+ Seconds
204025,Tim Frazier,1610612763,MEM,30.0,5,3,0.35,2,7,0.286,0.286,0.3,2,6,0.333,0.05,0,1,0.0,2020-21,Regular Season,Touch 6+ Seconds
1629713,Justin James,1610612758,SAC,24.0,36,5,0.063,1,7,0.143,0.143,0.063,1,7,0.143,0.0,0,0,,2020-21,Regular Season,Touch 6+ Seconds
1630199,Cassius Stanley,1610612754,IND,21.0,24,6,0.163,1,7,0.143,0.143,0.163,1,7,0.143,0.0,0,0,,2020-21,Regular Season,Touch 6+ Seconds
1630203,Grant Riller,1610612766,CHA,24.0,7,4,0.5,4,6,0.667,0.667,0.417,4,5,0.8,0.083,0,1,0.0,2020-21,Regular Season,Touch 6+ Seconds
1629599,Amir Coffey,1610612746,LAC,24.0,44,6,0.058,4,6,0.667,0.833,0.039,2,4,0.5,0.019,2,2,1.0,2020-21,Regular Season,Touch 6+ Seconds
203476,Gorgui Dieng,1610612759,SAS,31.0,38,5,0.037,3,6,0.5,0.5,0.037,3,6,0.5,0.0,0,0,,2020-21,Regular Season,Touch 6+ Seconds
204020,Tyler Johnson,1610612751,BKN,29.0,39,6,0.033,3,6,0.5,0.5,0.027,3,5,0.6,0.005,0,1,0.0,2020-21,Regular Season,Touch 6+ Seconds
1629649,Ignas Brazdeikis,1610612753,ORL,22.0,13,3,0.072,2,6,0.333,0.333,0.072,2,6,0.333,0.0,0,0,,2020-21,Regular Season,Touch 6+ Seconds
203967,Dario Saric,1610612756,PHX,27.0,50,6,0.018,2,6,0.333,0.333,0.018,2,6,0.333,0.0,0,0,,2020-21,Regular Season,Touch 6+ Seconds
1629130,Duncan Robinson,1610612748,MIA,27.0,72,5,0.008,2,6,0.333,0.417,0.004,1,3,0.333,0.004,1,3,0.333,2020-21,Regular Season,Touch 6+ Seconds
1629604,CJ Elleby,1610612757,POR,21.0,30,6,0.091,2,6,0.333,0.333,0.061,2,4,0.5,0.03,0,2,0.0,2020-21,Regular Season,Touch 6+ Seconds
1626204,Larry Nance Jr.,1610612739,CLE,28.0,35,4,0.022,2,6,0.333,0.417,0.018,1,5,0.2,0.004,1,1,1.0,2020-21,Regular Season,Touch 6+ Seconds
1628993,Alize Johnson,1610612751,BKN,25.0,18,6,0.088,2,6,0.333,0.333,0.088,2,6,0.333,0.0,0,0,,2020-21,Regular Season,Touch 6+ Seconds
1629717,Armoni Brooks,1610612745,HOU,23.0,20,5,0.031,1,6,0.167,0.25,0.005,0,1,0.0,0.026,1,5,0.2,2020-21,Regular Season,Touch 6+ Seconds
203521,Matthew Dellavedova,1610612739,CLE,30.0,13,6,0.107,1,6,0.167,0.167,0.089,1,5,0.2,0.018,0,1,0.0,2020-21,Regular Season,Touch 6+ Seconds
1630237,Anthony Lamb,1610612745,HOU,23.0,24,4,0.051,0,6,0.0,0.0,0.034,0,4,0.0,0.017,0,2,0.0,2020-21,Regular Season,Touch 6+ Seconds
1629626,Bol Bol,1610612743,DEN,21.0,32,5,0.086,5,5,1.0,1.2,0.052,3,3,1.0,0.034,2,2,1.0,2020-21,Regular Season,Touch 6+ Seconds
1629667,Jalen McDaniels,1610612766,CHA,23.0,47,4,0.018,4,5,0.8,0.8,0.018,4,5,0.8,0.0,0,0,,2020-21,Regular Season,Touch 6+ Seconds
2738,Andre Iguodala,1610612748,MIA,37.0,63,4,0.02,3,5,0.6,0.7,0.016,2,4,0.5,0.004,1,1,1.0,2020-21,Regular Season,Touch 6+ Seconds
200746,LaMarcus Aldridge,1610612751,BKN,35.0,26,4,0.017,3,5,0.6,0.6,0.017,3,5,0.6,0.0,0,0,,2020-21,Regular Season,Touch 6+ Seconds
1626163,Frank Kaminsky,1610612756,PHX,28.0,47,5,0.02,2,5,0.4,0.4,0.02,2,5,0.4,0.0,0,0,,2020-21,Regular Season,Touch 6+ Seconds
1629076,Tyler Cook,1610612765,DET,23.0,32,4,0.051,2,5,0.4,0.4,0.051,2,5,0.4,0.0,0,0,,2020-21,Regular Season,Touch 6+ Seconds
202357,Nemanja Bjelica,1610612748,MIA,33.0,37,5,0.026,2,5,0.4,0.4,0.026,2,5,0.4,0.0,0,0,,2020-21,Regular Season,Touch 6+ Seconds
1628374,Lauri Markkanen,1610612741,CHI,24.0,51,5,0.01,2,5,0.4,0.4,0.008,2,4,0.5,0.002,0,1,0.0,2020-21,Regular Season,Touch 6+ Seconds
1627853,Ryan Arcidiacono,1610612741,CHI,27.0,44,4,0.043,1,5,0.2,0.2,0.043,1,5,0.2,0.0,0,0,,2020-21,Regular Season,Touch 6+ Seconds
203463,Ben McLemore,1610612747,LAL,28.0,53,3,0.014,1,5,0.2,0.2,0.011,1,4,0.25,0.003,0,1,0.0,2020-21,Regular Season,Touch 6+ Seconds
1627774,Jake Layman,1610612750,MIN,27.0,45,5,0.027,1,5,0.2,0.2,0.022,1,4,0.25,0.005,0,1,0.0,2020-21,Regular Season,Touch 6+ Seconds
202738,Isaiah Thomas,1610612740,NOP,32.0,3,2,0.185,1,5,0.2,0.2,0.185,1,5,0.2,0.0,0,0,,2020-21,Regular Season,Touch 6+ Seconds
1628972,Troy Brown Jr.,1610612741,CHI,21.0,34,5,0.035,1,5,0.2,0.2,0.021,1,3,0.333,0.014,0,2,0.0,2020-21,Regular Season,Touch 6+ Seconds
1627777,Georges Niang,1610612762,UTA,28.0,72,5,0.012,1,5,0.2,0.2,0.012,1,5,0.2,0.0,0,0,,2020-21,Regular Season,Touch 6+ Seconds
1630207,Nate Hinton,1610612742,DAL,22.0,21,3,0.119,1,5,0.2,0.2,0.119,1,5,0.2,0.0,0,0,,2020-21,Regular Season,Touch 6+ Seconds
201980,Danny Green,1610612755,PHI,34.0,69,4,0.009,1,5,0.2,0.2,0.007,1,4,0.25,0.002,0,1,0.0,2020-21,Regular Season,Touch 6+ Seconds
1628386,Jarrett Allen,1610612739,CLE,23.0,63,4,0.01,0,5,0.0,0.0,0.01,0,5,0.0,0.0,0,0,,2020-21,Regular Season,Touch 6+ Seconds
1629139,Yuta Watanabe,1610612761,TOR,26.0,50,3,0.022,4,4,1.0,1.0,0.022,4,4,1.0,0.0,0,0,,2020-21,Regular Season,Touch 6+ Seconds
1629744,Matt Thomas,1610612762,UTA,26.0,45,4,0.031,3,4,0.75,0.75,0.024,3,3,1.0,0.008,0,1,0.0,2020-21,Regular Season,Touch 6+ Seconds
1627827,Dorian Finney-Smith,1610612742,DAL,28.0,60,4,0.009,3,4,0.75,0.75,0.009,3,4,0.75,0.0,0,0,,2020-21,Regular Season,Touch 6+ Seconds
1629028,Deandre Ayton,1610612756,PHX,22.0,69,3,0.006,3,4,0.75,0.75,0.006,3,4,0.75,0.0,0,0,,2020-21,Regular Season,Touch 6+ Seconds
200755,JJ Redick,1610612742,DAL,37.0,44,4,0.015,3,4,0.75,0.875,0.007,2,2,1.0,0.007,1,2,0.5,2020-21,Regular Season,Touch 6+ Seconds
1630174,Aaron Nesmith,1610612738,BOS,21.0,46,4,0.022,3,4,0.75,0.75,0.022,3,4,0.75,0.0,0,0,,2020-21,Regular Season,Touch 6+ Seconds
1628990,Chandler Hutchison,1610612764,WAS,25.0,25,4,0.039,2,4,0.5,0.5,0.039,2,4,0.5,0.0,0,0,,2020-21,Regular Season,Touch 6+ Seconds
1629610,DaQuan Jeffries,1610612759,SAS,23.0,31,4,0.033,2,4,0.5,0.5,0.025,2,3,0.667,0.008,0,1,0.0,2020-21,Regular Season,Touch 6+ Seconds
1628396,Tony Bradley,1610612760,OKC,23.0,42,3,0.021,2,4,0.5,0.5,0.021,2,4,0.5,0.0,0,0,,2020-21,Regular Season,Touch 6+ Seconds
2730,Dwight Howard,1610612755,PHI,35.0,69,3,0.013,2,4,0.5,0.5,0.013,2,4,0.5,0.0,0,0,,2020-21,Regular Season,Touch 6+ Seconds
201188,Marc Gasol,1610612747,LAL,36.0,52,4,0.021,2,4,0.5,0.5,0.021,2,4,0.5,0.0,0,0,,2020-21,Regular Season,Touch 6+ Seconds
1629603,Mamadi Diakite,1610612749,MIL,24.0,14,3,0.1,2,4,0.5,0.5,0.1,2,4,0.5,0.0,0,0,,2020-21,Regular Season,Touch 6+ Seconds
203484,Kentavious Caldwell-Pope,1610612747,LAL,28.0,67,4,0.008,1,4,0.25,0.25,0.006,1,3,0.333,0.002,0,1,0.0,2020-21,Regular Season,Touch 6+ Seconds
1629661,Cameron Johnson,1610612756,PHX,25.0,60,4,0.008,1,4,0.25,0.25,0.008,1,4,0.25,0.0,0,0,,2020-21,Regular Season,Touch 6+ Seconds
1628021,David Nwaba,1610612745,HOU,28.0,30,4,0.019,1,4,0.25,0.25,0.019,1,4,0.25,0.0,0,0,,2020-21,Regular Season,Touch 6+ Seconds
202083,Wesley Matthews,1610612747,LAL,34.0,58,4,0.016,1,4,0.25,0.25,0.016,1,4,0.25,0.0,0,0,,2020-21,Regular Season,Touch 6+ Seconds
1629653,Devon Dotson,1610612741,CHI,21.0,11,3,0.19,1,4,0.25,0.25,0.143,1,3,0.333,0.048,0,1,0.0,2020-21,Regular Season,Touch 6+ Seconds
1629002,Chimezie Metu,1610612758,SAC,24.0,36,4,0.022,1,4,0.25,0.25,0.017,1,3,0.333,0.006,0,1,0.0,2020-21,Regular Season,Touch 6+ Seconds
2772,Trevor Ariza,1610612748,MIA,36.0,30,4,0.017,1,4,0.25,0.375,0.008,0,2,0.0,0.008,1,2,0.5,2020-21,Regular Season,Touch 6+ Seconds
1630221,Josh Hall,1610612760,OKC,20.0,21,4,0.043,1,4,0.25,0.25,0.043,1,4,0.25,0.0,0,0,,2020-21,Regular Season,Touch 6+ Seconds
1629714,Jarrell Brantley,1610612762,UTA,25.0,28,3,0.077,1,4,0.25,0.375,0.058,0,3,0.0,0.019,1,1,1.0,2020-21,Regular Season,Touch 6+ Seconds
201567,Kevin Love,1610612739,CLE,32.0,25,4,0.016,1,4,0.25,0.375,0.012,0,3,0.0,0.004,1,1,1.0,2020-21,Regular Season,Touch 6+ Seconds
1630205,Lamar Stevens,1610612739,CLE,23.0,40,4,0.029,1,4,0.25,0.25,0.029,1,4,0.25,0.0,0,0,,2020-21,Regular Season,Touch 6+ Seconds
1629730,Rayjon Tucker,1610612755,PHI,23.0,14,3,0.222,1,4,0.25,0.25,0.222,1,4,0.25,0.0,0,0,,2020-21,Regular Season,Touch 6+ Seconds
1629635,Sekou Doumbouya,1610612765,DET,20.0,56,4,0.014,1,4,0.25,0.25,0.014,1,4,0.25,0.0,0,0,,2020-21,Regular Season,Touch 6+ Seconds
1627854,Bryn Forbes,1610612749,MIL,27.0,70,4,0.008,0,4,0.0,0.0,0.006,0,3,0.0,0.002,0,1,0.0,2020-21,Regular Season,Touch 6+ Seconds
1629605,Tacko Fall,1610612738,BOS,25.0,19,3,0.103,2,3,0.667,0.667,0.103,2,3,0.667,0.0,0,0,,2020-21,Regular Season,Touch 6+ Seconds
1630183,Jaden McDaniels,1610612750,MIN,20.0,63,3,0.008,2,3,0.667,0.667,0.008,2,3,0.667,0.0,0,0,,2020-21,Regular Season,Touch 6+ Seconds
1629308,Juan Toscano-Anderson,1610612744,GSW,28.0,53,3,0.014,2,3,0.667,0.667,0.014,2,3,0.667,0.0,0,0,,2020-21,Regular Season,Touch 6+ Seconds
202355,Hassan Whiteside,1610612758,SAC,32.0,36,3,0.013,2,3,0.667,0.667,0.013,2,3,0.667,0.0,0,0,,2020-21,Regular Season,Touch 6+ Seconds
203933,T.J. Warren,1610612754,IND,27.0,4,2,0.059,2,3,0.667,0.667,0.059,2,3,0.667,0.0,0,0,,2020-21,Regular Season,Touch 6+ Seconds
203585,Rodney McGruder,1610612765,DET,29.0,16,3,0.043,2,3,0.667,0.667,0.043,2,3,0.667,0.0,0,0,,2020-21,Regular Season,Touch 6+ Seconds
1629718,Charlie Brown Jr.,1610612760,OKC,24.0,9,3,0.077,2,3,0.667,0.667,0.051,2,2,1.0,0.026,0,1,0.0,2020-21,Regular Season,Touch 6+ Seconds
1628976,Wendell Carter Jr.,1610612753,ORL,22.0,54,3,0.007,2,3,0.667,0.667,0.007,2,3,0.667,0.0,0,0,,2020-21,Regular Season,Touch 6+ Seconds
203953,Jabari Parker,1610612738,BOS,26.0,13,3,0.055,2,3,0.667,0.667,0.055,2,3,0.667,0.0,0,0,,2020-21,Regular Season,Touch 6+ Seconds
203121,Darius Miller,1610612760,OKC,31.0,18,2,0.063,2,3,0.667,0.833,0.021,1,1,1.0,0.042,1,2,0.5,2020-21,Regular Season,Touch 6+ Seconds
1630206,Jay Scrubb,1610612746,LAC,20.0,4,1,0.12,1,3,0.333,0.333,0.12,1,3,0.333,0.0,0,0,,2020-21,Regular Season,Touch 6+ Seconds
1629683,Quinndary Weatherspoon,1610612759,SAS,24.0,20,2,0.086,1,3,0.333,0.333,0.086,1,3,0.333,0.0,0,0,,2020-21,Regular Season,Touch 6+ Seconds
1628778,Paul Watson,1610612761,TOR,26.0,27,3,0.037,1,3,0.333,0.333,0.024,1,2,0.5,0.012,0,1,0.0,2020-21,Regular Season,Touch 6+ Seconds
1626192,Pat Connaughton,1610612749,MIL,28.0,69,3,0.008,1,3,0.333,0.333,0.008,1,3,0.333,0.0,0,0,,2020-21,Regular Season,Touch 6+ Seconds
203524,Solomon Hill,1610612737,ATL,30.0,71,3,0.01,1,3,0.333,0.333,0.01,1,3,0.333,0.0,0,0,,2020-21,Regular Season,Touch 6+ Seconds
203496,Robert Covington,1610612757,POR,30.0,70,2,0.006,1,3,0.333,0.333,0.004,1,2,0.5,0.002,0,1,0.0,2020-21,Regular Season,Touch 6+ Seconds
203920,Khem Birch,1610612761,TOR,28.0,67,3,0.008,1,3,0.333,0.333,0.005,1,2,0.5,0.003,0,1,0.0,2020-21,Regular Season,Touch 6+ Seconds
1628966,Keita Bates-Diop,1610612759,SAS,25.0,30,3,0.045,1,3,0.333,0.333,0.045,1,3,0.333,0.0,0,0,,2020-21,Regular Season,Touch 6+ Seconds
1630187,Daniel Oturu,1610612746,LAC,21.0,30,3,0.067,1,3,0.333,0.333,0.067,1,3,0.333,0.0,0,0,,2020-21,Regular Season,Touch 6+ Seconds
1627814,Damion Lee,1610612744,GSW,28.0,57,3,0.011,0,3,0.0,0.0,0.004,0,1,0.0,0.007,0,2,0.0,2020-21,Regular Season,Touch 6+ Seconds
1628400,Semi Ojeleye,1610612738,BOS,26.0,56,3,0.014,0,3,0.0,0.0,0.014,0,3,0.0,0.0,0,0,,2020-21,Regular Season,Touch 6+ Seconds
203109,Jae Crowder,1610612756,PHX,30.0,60,3,0.006,0,3,0.0,0.0,0.006,0,3,0.0,0.0,0,0,,2020-21,Regular Season,Touch 6+ Seconds
1628995,Kevin Knox II,1610612752,NYK,21.0,42,3,0.021,0,3,0.0,0.0,0.021,0,3,0.0,0.0,0,0,,2020-21,Regular Season,Touch 6+ Seconds
203957,Dante Exum,1610612745,HOU,25.0,6,3,0.115,0,3,0.0,0.0,0.115,0,3,0.0,0.0,0,0,,2020-21,Regular Season,Touch 6+ Seconds
1630211,Karim Mane,1610612753,ORL,21.0,10,3,0.231,0,3,0.0,0.0,0.231,0,3,0.0,0.0,0,0,,2020-21,Regular Season,Touch 6+ Seconds
1629751,Dakota Mathias,1610612755,PHI,25.0,8,2,0.042,2,2,1.0,1.0,0.042,2,2,1.0,0.0,0,0,,2020-21,Regular Season,Touch 6+ Seconds
203991,Clint Capela,1610612737,ATL,27.0,63,2,0.003,1,2,0.5,0.5,0.003,1,2,0.5,0.0,0,0,,2020-21,Regular Season,Touch 6+ Seconds
1630198,Isaiah Joe,1610612755,PHI,21.0,41,2,0.015,1,2,0.5,0.5,0.015,1,2,0.5,0.0,0,0,,2020-21,Regular Season,Touch 6+ Seconds
1628539,Mychal Mulder,1610612744,GSW,27.0,60,2,0.008,1,2,0.5,0.5,0.008,1,2,0.5,0.0,0,0,,2020-21,Regular Season,Touch 6+ Seconds
1630191,Isaiah Stewart,1610612765,DET,20.0,68,2,0.005,1,2,0.5,0.5,0.005,1,2,0.5,0.0,0,0,,2020-21,Regular Season,Touch 6+ Seconds
1626158,Richaun Holmes,1610612758,SAC,27.0,61,2,0.003,1,2,0.5,0.5,0.003,1,2,0.5,0.0,0,0,,2020-21,Regular Season,Touch 6+ Seconds
1628391,D.J. Wilson,1610612745,HOU,25.0,35,2,0.012,1,2,0.5,0.75,0.0,0,0,,0.012,1,2,0.5,2020-21,Regular Season,Touch 6+ Seconds
1630233,Nathan Knight,1610612737,ATL,23.0,33,2,0.02,1,2,0.5,0.5,0.02,1,2,0.5,0.0,0,0,,2020-21,Regular Season,Touch 6+ Seconds
1627748,Thon Maker,1610612739,CLE,24.0,8,2,0.111,1,2,0.5,0.5,0.111,1,2,0.5,0.0,0,0,,2020-21,Regular Season,Touch 6+ Seconds
1628964,Mo Bamba,1610612753,ORL,23.0,46,2,0.007,1,2,0.5,0.5,0.007,1,2,0.5,0.0,0,0,,2020-21,Regular Season,Touch 6+ Seconds
203210,JaMychal Green,1610612743,DEN,31.0,58,2,0.005,1,2,0.5,0.5,0.005,1,2,0.5,0.0,0,0,,2020-21,Regular Season,Touch 6+ Seconds
203469,Cody Zeller,1610612766,CHA,28.0,48,1,0.006,1,2,0.5,0.5,0.006,1,2,0.5,0.0,0,0,,2020-21,Regular Season,Touch 6+ Seconds
1630179,Tyrell Terry,1610612742,DAL,20.0,11,2,0.125,1,2,0.5,0.5,0.125,1,2,0.5,0.0,0,0,,2020-21,Regular Season,Touch 6+ Seconds
1627884,Derrick Jones Jr.,1610612757,POR,24.0,58,2,0.007,1,2,0.5,0.5,0.007,1,2,0.5,0.0,0,0,,2020-21,Regular Season,Touch 6+ Seconds
1629731,Dean Wade,1610612739,CLE,24.0,63,2,0.006,0,2,0.0,0.0,0.006,0,2,0.0,0.0,0,0,,2020-21,Regular Season,Touch 6+ Seconds
1630194,Paul Reed,1610612755,PHI,22.0,26,2,0.026,0,2,0.0,0.0,0.026,0,2,0.0,0.0,0,0,,2020-21,Regular Season,Touch 6+ Seconds
1629740,Nicolo Melli,1610612742,DAL,30.0,45,2,0.014,0,2,0.0,0.0,0.014,0,2,0.0,0.0,0,0,,2020-21,Regular Season,Touch 6+ Seconds
203960,JaKarr Sampson,1610612754,IND,28.0,29,2,0.018,0,2,0.0,0.0,0.018,0,2,0.0,0.0,0,0,,2020-21,Regular Season,Touch 6+ Seconds
201961,Wayne Ellington,1610612765,DET,33.0,46,2,0.006,0,2,0.0,0.0,0.0,0,0,,0.006,0,2,0.0,2020-21,Regular Season,Touch 6+ Seconds
203382,Aron Baynes,1610612761,TOR,34.0,53,2,0.007,0,2,0.0,0.0,0.007,0,2,0.0,0.0,0,0,,2020-21,Regular Season,Touch 6+ Seconds
1629712,Didi Louzada,1610612740,NOP,21.0,3,1,0.154,0,2,0.0,0.0,0.154,0,2,0.0,0.0,0,0,,2020-21,Regular Season,Touch 6+ Seconds
1626220,Royce O'Neale,1610612762,UTA,28.0,71,2,0.005,0,2,0.0,0.0,0.005,0,2,0.0,0.0,0,0,,2020-21,Regular Season,Touch 6+ Seconds
1629833,Keljin Blevins,1610612757,POR,25.0,17,2,0.1,0,2,0.0,0.0,0.05,0,1,0.0,0.05,0,1,0.0,2020-21,Regular Season,Touch 6+ Seconds
1628411,Wes Iwundu,1610612740,NOP,26.0,41,2,0.02,0,2,0.0,0.0,0.02,0,2,0.0,0.0,0,0,,2020-21,Regular Season,Touch 6+ Seconds
1630231,KJ Martin,1610612745,HOU,20.0,45,1,0.006,0,2,0.0,0.0,0.006,0,2,0.0,0.0,0,0,,2020-21,Regular Season,Touch 6+ Seconds
1627739,Kris Dunn,1610612737,ATL,27.0,4,2,0.167,0,2,0.0,0.0,0.167,0,2,0.0,0.0,0,0,,2020-21,Regular Season,Touch 6+ Seconds
1628414,Sindarius Thornwell,1610612753,ORL,26.0,21,2,0.044,0,2,0.0,0.0,0.044,0,2,0.0,0.0,0,0,,2020-21,Regular Season,Touch 6+ Seconds
203493,Reggie Bullock Jr.,1610612752,NYK,30.0,65,2,0.004,0,2,0.0,0.0,0.004,0,2,0.0,0.0,0,0,,2020-21,Regular Season,Touch 6+ Seconds
1629641,Romeo Langford,1610612738,BOS,21.0,18,2,0.034,0,2,0.0,0.0,0.034,0,2,0.0,0.0,0,0,,2020-21,Regular Season,Touch 6+ Seconds
1629738,Vincent Poirier,1610612755,PHI,27.0,10,2,0.167,0,2,0.0,0.0,0.167,0,2,0.0,0.0,0,0,,2020-21,Regular Season,Touch 6+ Seconds
1630190,Elijah Hughes,1610612762,UTA,23.0,18,2,0.069,0,2,0.0,0.0,0.034,0,1,0.0,0.034,0,1,0.0,2020-21,Regular Season,Touch 6+ Seconds
1629121,Jaylen Adams,1610612749,MIL,25.0,7,2,0.25,0,2,0.0,0.0,0.125,0,1,0.0,0.125,0,1,0.0,2020-21,Regular Season,Touch 6+ Seconds
1629234,Drew Eubanks,1610612759,SAS,24.0,54,2,0.01,0,2,0.0,0.0,0.01,0,2,0.0,0.0,0,0,,2020-21,Regular Season,Touch 6+ Seconds
1629622,Max Strus,1610612748,MIA,25.0,39,1,0.005,1,1,1.0,1.0,0.005,1,1,1.0,0.0,0,0,,2020-21,Regular Season,Touch 6+ Seconds
1628449,Chris Boucher,1610612761,TOR,28.0,60,1,0.002,1,1,1.0,1.0,0.002,1,1,1.0,0.0,0,0,,2020-21,Regular Season,Touch 6+ Seconds
201599,DeAndre Jordan,1610612751,BKN,32.0,57,1,0.004,1,1,1.0,1.0,0.004,1,1,1.0,0.0,0,0,,2020-21,Regular Season,Touch 6+ Seconds
1629686,Deividas Sirvydis,1610612765,DET,21.0,20,1,0.025,1,1,1.0,1.5,0.0,0,0,,0.025,1,1,1.0,2020-21,Regular Season,Touch 6+ Seconds
1629750,Javonte Green,1610612741,CHI,27.0,41,1,0.01,1,1,1.0,1.0,0.01,1,1,1.0,0.0,0,0,,2020-21,Regular Season,Touch 6+ Seconds
1627823,Juancho Hernangomez,1610612750,MIN,25.0,52,1,0.003,1,1,1.0,1.0,0.003,1,1,1.0,0.0,0,0,,2020-21,Regular Season,Touch 6+ Seconds
1628392,Isaiah Hartenstein,1610612739,CLE,23.0,46,1,0.006,1,1,1.0,1.0,0.006,1,1,1.0,0.0,0,0,,2020-21,Regular Season,Touch 6+ Seconds
201959,Taj Gibson,1610612752,NYK,36.0,45,1,0.006,1,1,1.0,1.0,0.006,1,1,1.0,0.0,0,0,,2020-21,Regular Season,Touch 6+ Seconds
1629685,Dylan Windler,1610612739,CLE,24.0,31,1,0.008,1,1,1.0,1.0,0.008,1,1,1.0,0.0,0,0,,2020-21,Regular Season,Touch 6+ Seconds
203090,Maurice Harkless,1610612758,SAC,28.0,37,1,0.006,1,1,1.0,1.5,0.0,0,0,,0.006,1,1,1.0,2020-21,Regular Season,Touch 6+ Seconds
203925,Joe Harris,1610612751,BKN,29.0,69,1,0.001,1,1,1.0,1.0,0.001,1,1,1.0,0.0,0,0,,2020-21,Regular Season,Touch 6+ Seconds
1629091,Elijah Bryant,1610612749,MIL,26.0,1,1,0.077,1,1,1.0,1.0,0.077,1,1,1.0,0.0,0,0,,2020-21,Regular Season,Touch 6+ Seconds
1630234,Ty-Shon Alexander,1610612756,PHX,22.0,15,1,0.083,0,1,0.0,0.0,0.0,0,0,,0.083,0,1,0.0,2020-21,Regular Season,Touch 6+ Seconds
204038,Langston Galloway,1610612756,PHX,29.0,40,1,0.007,0,1,0.0,0.0,0.007,0,1,0.0,0.0,0,0,,2020-21,Regular Season,Touch 6+ Seconds
203915,Spencer Dinwiddie,1610612751,BKN,28.0,3,1,0.063,0,1,0.0,0.0,0.063,0,1,0.0,0.0,0,0,,2020-21,Regular Season,Touch 6+ Seconds
1629651,Nic Claxton,1610612751,BKN,22.0,32,1,0.007,0,1,0.0,0.0,0.007,0,1,0.0,0.0,0,0,,2020-21,Regular Season,Touch 6+ Seconds
203926,Doug McDermott,1610612754,IND,29.0,66,1,0.002,0,1,0.0,0.0,0.002,0,1,0.0,0.0,0,0,,2020-21,Regular Season,Touch 6+ Seconds
1629021,Moritz Wagner,1610612753,ORL,24.0,45,1,0.004,0,1,0.0,0.0,0.004,0,1,0.0,0.0,0,0,,2020-21,Regular Season,Touch 6+ Seconds
203497,Rudy Gobert,1610612762,UTA,29.0,71,1,0.002,0,1,0.0,0.0,0.002,0,1,0.0,0.0,0,0,,2020-21,Regular Season,Touch 6+ Seconds
1627826,Ivica Zubac,1610612746,LAC,24.0,72,1,0.003,0,1,0.0,0.0,0.003,0,1,0.0,0.0,0,0,,2020-21,Regular Season,Touch 6+ Seconds
1629681,Killian Tillie,1610612763,MEM,23.0,18,1,0.018,0,1,0.0,0.0,0.018,0,1,0.0,0.0,0,0,,2020-21,Regular Season,Touch 6+ Seconds
1626168,Trey Lyles,1610612759,SAS,25.0,23,1,0.011,0,1,0.0,0.0,0.011,0,1,0.0,0.0,0,0,,2020-21,Regular Season,Touch 6+ Seconds
1628981,Bruno Fernando,1610612737,ATL,22.0,33,1,0.023,0,1,0.0,0.0,0.023,0,1,0.0,0.0,0,0,,2020-21,Regular Season,Touch 6+ Seconds
1628991,Jaren Jackson Jr.,1610612763,MEM,21.0,11,1,0.008,0,1,0.0,0.0,0.008,0,1,0.0,0.0,0,0,,2020-21,Regular Season,Touch 6+ Seconds
1629634,Brandon Clarke,1610612763,MEM,24.0,59,1,0.002,0,1,0.0,0.0,0.002,0,1,0.0,0.0,0,0,,2020-21,Regular Season,Touch 6+ Seconds
1628388,T.J. Leaf,1610612757,POR,24.0,7,1,0.1,0,1,0.0,0.0,0.1,0,1,0.0,0.0,0,0,,2020-21,Regular Season,Touch 6+ Seconds
1630186,Jahmi'us Ramsey,1610612758,SAC,20.0,13,1,0.026,0,1,0.0,0.0,0.0,0,0,,0.026,0,1,0.0,2020-21,Regular Season,Touch 6+ Seconds
2760,Anderson Varejao,1610612739,CLE,38.0,5,1,0.063,0,1,0.0,0.0,0.063,0,1,0.0,0.0,0,0,,2020-21,Regular Season,Touch 6+ Seconds
202335,Patrick Patterson,1610612746,LAC,32.0,38,1,0.006,0,1,0.0,0.0,0.006,0,1,0.0,0.0,0,0,,2020-21,Regular Season,Touch 6+ Seconds
1627846,Abdel Nader,1610612756,PHX,27.0,24,1,0.009,0,1,0.0,0.0,0.009,0,1,0.0,0.0,0,0,,2020-21,Regular Season,Touch 6+ Seconds
203943,Noah Vonleh,1610612751,BKN,25.0,4,1,0.333,0,1,0.0,0.0,0.0,0,0,,0.333,0,1,0.0,2020-21,Regular Season,Touch 6+ Seconds
1628383,Justin Patton,1610612745,HOU,24.0,13,1,0.014,0,1,0.0,0.0,0.014,0,1,0.0,0.0,0,0,,2020-21,Regular Season,Touch 6+ Seconds
1629680,Matisse Thybulle,1610612755,PHI,24.0,65,1,0.004,0,1,0.0,0.0,0.004,0,1,0.0,0.0,0,0,,2020-21,Regular Season,Touch 6+ Seconds
1626246,Boban Marjanovic,1610612742,DAL,32.0,33,1,0.008,0,1,0.0,0.0,0.0,0,0,,0.008,0,1,0.0,2020-21,Regular Season,Touch 6+ Seconds
1630214,Xavier Tillman,1610612763,MEM,22.0,59,1,0.003,0,1,0.0,0.0,0.003,0,1,0.0,0.0,0,0,,2020-21,Regular Season,Touch 6+ Seconds
202722,Davis Bertans,1610612764,WAS,28.0,57,1,0.002,0,1,0.0,0.0,0.002,0,1,0.0,0.0,0,0,,2020-21,Regular Season,Touch 6+ Seconds
203922,Glenn Robinson III,1610612758,SAC,27.0,23,1,0.01,0,1,0.0,0.0,0.01,0,1,0.0,0.0,0,0,,2020-21,Regular Season,Touch 6+ Seconds
201587,Nicolas Batum,1610612746,LAC,32.0,67,1,0.002,0,1,0.0,0.0,0.002,0,1,0.0,0.0,0,0,,2020-21,Regular Season,Touch 6+ Seconds
1630173,Precious Achiuwa,1610612748,MIA,21.0,61,1,0.004,0,1,0.0,0.0,0.004,0,1,0.0,0.0,0,0,,2020-21,Regular Season,Touch 6+ Seconds
1629723,John Konchar,1610612763,MEM,25.0,43,1,0.007,0,1,0.0,0.0,0.007,0,1,0.0,0.0,0,0,,2020-21,Regular Season,Touch 6+ Seconds
1629033,Theo Pinson,1610612752,NYK,25.0,17,1,0.111,0,1,0.0,0.0,0.0,0,0,,0.111,0,1,0.0,2020-21,Regular Season,Touch 6+ Seconds
1629020,Jarred Vanderbilt,1610612750,MIN,22.0,64,1,0.004,0,1,0.0,0.0,0.004,0,1,0.0,0.0,0,0,,2020-21,Regular Season,Touch 6+ Seconds
1626172,Kevon Looney,1610612744,GSW,25.0,61,1,0.005,0,1,0.0,0.0,0.005,0,1,0.0,0.0,0,0,,2020-21,Regular Season,Touch 6+ Seconds
203263,James Nunnally,1610612740,NOP,30.0,9,1,0.077,0,1,0.0,0.0,0.0,0,0,,0.077,0,1,0.0,2020-21,Regular Season,Touch 6+ Seconds
1630192,Zeke Nnaji,1610612743,DEN,20.0,42,1,0.01,0,1,0.0,0.0,0.01,0,1,0.0,0.0,0,0,,2020-21,Regular Season,Touch 6+ Seconds
203939,Dwight Powell,1610612742,DAL,29.0,58,1,0.005,0,1,0.0,0.0,0.005,0,1,0.0,0.0,0,0,,2020-21,Regular Season,Touch 6+ Seconds
201586,Serge Ibaka,1610612746,LAC,31.0,41,1,0.003,0,1,0.0,0.0,0.003,0,1,0.0,0.0,0,0,,2020-21,Regular Season,Touch 6+ Seconds
